date,open,high,low,close,volume,adj_close,fetched_at
2020-07-29,450.0,492.0,450.0,492.0,80,492.0,2026-09-03T19:34:57.920753+00:00
2020-07-30,501.0,541.0,501.0,541.0,90,541.0,2026-09-03T19:34:57.920753+00:00
2020-08-02,551.0,595.0,551.0,595.0,230,595.0,2026-09-03T19:34:57.920753+00:00
2020-08-03,606.0,654.0,606.0,654.0,776,654.0,2026-09-03T19:34:57.920753+00:00
2020-08-05,667.0,719.0,667.0,719.0,4522,719.0,2026-09-03T19:34:57.920753+00:00
2020-08-06,754.0,790.0,715.0,719.0,31854,719.0,2026-09-03T19:34:57.920753+00:00
2020-08-09,754.0,754.0,669.0,692.0,9707,692.0,2026-09-03T19:34:57.920753+00:00
2020-08-10,687.0,761.0,685.0,746.0,11652,746.0,2026-09-03T19:34:57.920753+00:00
2020-08-11,732.0,746.0,690.0,718.0,5870,718.0,2026-09-03T19:34:57.920753+00:00
2020-08-12,705.0,729.0,700.0,705.0,3541,705.0,2026-09-03T19:34:57.920753+00:00
2020-08-13,692.0,751.0,692.0,720.0,7146,720.0,2026-09-03T19:34:57.920753+00:00
2020-08-16,706.0,710.0,680.0,695.0,5753,695.0,2026-09-03T19:34:57.920753+00:00
2020-08-17,708.0,732.0,683.0,718.0,4011,718.0,2026-09-03T19:34:57.920753+00:00
2020-08-18,704.0,710.0,696.0,710.0,2177,710.0,2026-09-03T19:34:57.920753+00:00
2020-08-19,697.0,697.0,687.0,690.0,4465,690.0,2026-09-03T19:34:57.920753+00:00
2020-08-20,703.0,703.0,680.0,694.0,2401,694.0,2026-09-03T19:34:57.920753+00:00
2020-08-23,694.0,714.0,681.0,714.0,4104,714.0,2026-09-03T19:34:57.920753+00:00
2020-08-24,708.0,722.0,701.0,719.0,5291,719.0,2026-09-03T19:34:57.920753+00:00
2020-08-25,720.0,745.0,705.0,717.0,3897,717.0,2026-09-03T19:34:57.920753+00:00
2020-08-26,705.0,722.0,705.0,714.0,4609,714.0,2026-09-03T19:34:57.920753+00:00
2020-08-27,710.0,719.0,702.0,709.0,2704,709.0,2026-09-03T19:34:57.920753+00:00
2020-08-30,681.0,709.0,681.0,703.0,1698,703.0,2026-09-03T19:34:57.920753+00:00
2020-08-31,705.0,711.0,700.0,704.0,5805,704.0,2026-09-03T19:34:57.920753+00:00
2020-09-02,712.0,724.0,701.0,706.0,4545,706.0,2026-09-03T19:34:57.920753+00:00
2020-09-03,697.0,705.0,695.0,704.0,4522,704.0,2026-09-03T19:34:57.920753+00:00
2020-09-06,739.0,739.0,697.0,702.0,5536,702.0,2026-09-03T19:34:57.920753+00:00
2020-09-07,700.0,709.0,691.0,709.0,4312,709.0,2026-09-03T19:34:57.920753+00:00
2020-09-08,710.0,717.0,701.0,709.0,5292,709.0,2026-09-03T19:34:57.920753+00:00
2020-09-09,723.0,779.0,713.0,775.0,24756,775.0,2026-09-03T19:34:57.920753+00:00
2020-09-10,813.0,813.0,761.0,782.0,11276,782.0,2026-09-03T19:34:57.920753+00:00
2020-09-13,782.0,782.0,753.0,773.0,12187,773.0,2026-09-03T19:34:57.920753+00:00
2020-09-14,760.0,770.0,737.0,760.0,12613,760.0,2026-09-03T19:34:57.920753+00:00
2020-09-15,750.0,765.0,735.0,748.0,5209,748.0,2026-09-03T19:34:57.920753+00:00
2020-09-16,762.0,777.0,735.0,745.0,5457,745.0,2026-09-03T19:34:57.920753+00:00
2020-09-17,745.0,770.0,740.0,754.0,8523,754.0,2026-09-03T19:34:57.920753+00:00
2020-09-20,769.0,770.0,740.0,741.0,3455,741.0,2026-09-03T19:34:57.920753+00:00
2020-09-21,741.0,745.0,736.0,741.0,2758,741.0,2026-09-03T19:34:57.920753+00:00
2020-09-22,741.0,741.0,725.0,734.0,5813,734.0,2026-09-03T19:34:57.920753+00:00
2020-09-23,721.0,747.0,721.0,740.0,2153,740.0,2026-09-03T19:34:57.920753+00:00
2020-09-24,728.0,740.0,728.0,738.0,3241,738.0,2026-09-03T19:34:57.920753+00:00
2021-01-10,752.0,811.0,752.0,811.0,635,811.0,2026-09-03T19:34:57.920753+00:00
2021-01-11,827.0,892.0,827.0,892.0,380,892.0,2026-09-03T19:34:57.920753+00:00
2021-01-12,909.0,981.0,909.0,981.0,406,981.0,2026-09-03T19:34:57.920753+00:00
2021-01-13,1030.0,1079.0,1030.0,1079.0,6886,1079.0,2026-09-03T19:34:57.920753+00:00
2021-01-17,1132.0,1186.0,1132.0,1186.0,3217,1186.0,2026-09-03T19:34:57.920753+00:00
2021-01-18,1245.0,1304.0,1245.0,1304.0,50962,1304.0,2026-09-03T19:34:57.920753+00:00
2021-01-19,1369.0,1434.0,1317.0,1351.0,25761,1351.0,2026-09-03T19:34:57.920753+00:00
2021-01-20,1352.0,1382.0,1304.0,1332.0,12093,1332.0,2026-09-03T19:34:57.920753+00:00
2021-01-21,1350.0,1359.0,1325.0,1356.0,13447,1356.0,2026-09-03T19:34:57.920753+00:00
2021-01-24,1370.0,1380.0,1345.0,1369.0,14177,1369.0,2026-09-03T19:34:57.920753+00:00
2021-01-25,1369.0,1382.0,1342.0,1344.0,9187,1344.0,2026-09-03T19:34:57.920753+00:00
2021-01-26,1370.0,1370.0,1321.0,1323.0,8353,1323.0,2026-09-03T19:34:57.920753+00:00
2021-01-27,1389.0,1455.0,1373.0,1455.0,30426,1455.0,2026-09-03T19:34:57.920753+00:00
2021-01-28,1527.0,1600.0,1527.0,1600.0,10623,1600.0,2026-09-03T19:34:57.920753+00:00
2021-01-31,1680.0,1720.0,1568.0,1579.0,25667,1579.0,2026-09-03T19:34:57.920753+00:00
2021-02-01,1610.0,1610.0,1537.0,1546.0,17175,1546.0,2026-09-03T19:34:57.920753+00:00
2021-02-02,1600.0,1611.0,1517.0,1597.0,15467,1597.0,2026-09-03T19:34:57.920753+00:00
2021-02-03,1619.0,1637.0,1551.0,1575.0,12145,1575.0,2026-09-03T19:34:57.920753+00:00
2021-02-04,1600.0,1614.0,1544.0,1602.0,17021,1602.0,2026-09-03T19:34:57.920753+00:00
2021-02-07,1682.0,1762.0,1641.0,1762.0,18899,1762.0,2026-09-03T19:34:57.920753+00:00
2021-02-08,1850.0,1938.0,1802.0,1857.0,27982,1857.0,2026-09-03T19:34:57.920753+00:00
2021-02-09,1850.0,1879.0,1750.0,1793.0,11479,1793.0,2026-09-03T19:34:57.920753+00:00
2021-02-10,1793.0,1799.0,1728.0,1765.0,8092,1765.0,2026-09-03T19:34:57.920753+00:00
2021-02-11,1800.0,1800.0,1650.0,1680.0,10266,1680.0,2026-09-03T19:34:57.920753+00:00
2021-02-14,1655.0,1664.0,1541.0,1595.0,11501,1595.0,2026-09-03T19:34:57.920753+00:00
2021-02-15,1626.0,1754.0,1626.0,1754.0,6306,1754.0,2026-09-03T19:34:57.920753+00:00
2021-02-16,1800.0,1872.0,1730.0,1750.0,9207,1750.0,2026-09-03T19:34:57.920753+00:00
2021-02-17,1750.0,1750.0,1690.0,1713.0,7176,1713.0,2026-09-03T19:34:57.920753+00:00
2021-02-18,1700.0,1700.0,1670.0,1694.0,4514,1694.0,2026-09-03T19:34:57.920753+00:00
2021-02-21,1661.0,1700.0,1640.0,1660.0,4992,1660.0,2026-09-03T19:34:57.920753+00:00
2021-02-22,1641.0,1700.0,1630.0,1683.0,5037,1683.0,2026-09-03T19:34:57.920753+00:00
2021-02-23,1650.0,1700.0,1587.0,1695.0,8640,1695.0,2026-09-03T19:34:57.920753+00:00
2021-02-24,1700.0,1700.0,1600.0,1620.0,16519,1620.0,2026-09-03T19:34:57.920753+00:00
2021-02-25,1701.0,1701.0,1531.0,1575.0,10947,1575.0,2026-09-03T19:34:57.920753+00:00
2021-02-28,1545.0,1560.0,1490.0,1495.0,8552,1495.0,2026-09-03T19:34:57.920753+00:00
2021-03-01,1470.0,1585.0,1437.0,1545.0,7835,1545.0,2026-09-03T19:34:57.920753+00:00
2021-03-02,1545.0,1590.0,1487.0,1490.0,4294,1490.0,2026-09-03T19:34:57.920753+00:00
2021-03-03,1461.0,1480.0,1432.0,1464.0,6086,1464.0,2026-09-03T19:34:57.920753+00:00
2021-03-04,1489.0,1549.0,1470.0,1534.0,4716,1534.0,2026-09-03T19:34:57.920753+00:00
2021-03-07,1550.0,1550.0,1502.0,1525.0,2128,1525.0,2026-09-03T19:34:57.920753+00:00
2021-03-09,1525.0,1525.0,1485.0,1490.0,3833,1490.0,2026-09-03T19:34:57.920753+00:00
2021-03-10,1470.0,1540.0,1460.0,1540.0,3480,1540.0,2026-09-03T19:34:57.920753+00:00
2021-03-14,1510.0,1530.0,1460.0,1479.0,2244,1479.0,2026-09-03T19:34:57.920753+00:00
2021-03-15,1507.0,1507.0,1430.0,1445.0,2860,1445.0,2026-09-03T19:34:57.920753+00:00
2021-03-16,1417.0,1500.0,1417.0,1444.0,5082,1444.0,2026-09-03T19:34:57.920753+00:00
2021-03-17,1435.0,1475.0,1423.0,1475.0,3673,1475.0,2026-09-03T19:34:57.920753+00:00
2021-03-18,1500.0,1540.0,1471.0,1540.0,7926,1540.0,2026-09-03T19:34:57.920753+00:00
2021-03-21,1540.0,1650.0,1539.0,1642.0,10490,1642.0,2026-09-03T19:34:57.920753+00:00
2021-03-22,1650.0,1674.0,1580.0,1580.0,7852,1580.0,2026-09-03T19:34:57.920753+00:00
2021-03-23,1600.0,1618.0,1575.0,1615.0,7096,1615.0,2026-09-03T19:34:57.920753+00:00
2021-03-24,1626.0,1650.0,1602.0,1646.0,7179,1646.0,2026-09-03T19:34:57.920753+00:00
2021-03-25,1728.0,1728.0,1621.0,1621.0,10156,1621.0,2026-09-03T19:34:57.920753+00:00
2021-03-29,1645.0,1651.0,1605.0,1617.0,8869,1617.0,2026-09-03T19:34:57.920753+00:00
2021-03-30,1617.0,1677.0,1617.0,1667.0,21024,1667.0,2026-09-03T19:34:57.920753+00:00
2021-03-31,1607.0,1610.0,1575.0,1576.0,11215,1576.0,2026-09-03T19:34:57.920753+00:00
2021-04-01,1580.0,1599.0,1555.0,1564.0,3773,1564.0,2026-09-03T19:34:57.920753+00:00
2021-04-04,1566.0,1575.0,1530.0,1543.0,5901,1543.0,2026-09-03T19:34:57.920753+00:00
2021-04-05,1543.0,1573.0,1530.0,1560.0,3330,1560.0,2026-09-03T19:34:57.920753+00:00
2021-04-06,1550.0,1591.0,1535.0,1565.0,4465,1565.0,2026-09-03T19:34:57.920753+00:00
2021-04-07,1585.0,1615.0,1570.0,1575.0,7135,1575.0,2026-09-03T19:34:57.920753+00:00
2021-04-08,1599.0,1620.0,1581.0,1617.0,11080,1617.0,2026-09-03T19:34:57.920753+00:00
2021-04-12,1625.0,1700.0,1620.0,1675.0,12581,1675.0,2026-09-03T19:34:57.920753+00:00
2021-04-13,1700.0,1700.0,1645.0,1660.0,11203,1660.0,2026-09-03T19:34:57.920753+00:00
2021-04-15,1644.0,1660.0,1637.0,1639.0,6484,1639.0,2026-09-03T19:34:57.920753+00:00
2021-04-18,1650.0,1650.0,1605.0,1605.0,5525,1605.0,2026-09-03T19:34:57.920753+00:00
2021-04-19,1585.0,1630.0,1574.0,1579.0,4012,1579.0,2026-09-03T19:34:57.920753+00:00
2021-04-20,1548.0,1645.0,1531.0,1582.0,7240,1582.0,2026-09-03T19:34:57.920753+00:00
2021-04-21,1590.0,1600.0,1570.0,1571.0,4153,1571.0,2026-09-03T19:34:57.920753+00:00
2021-04-22,1571.0,1604.0,1555.0,1600.0,6445,1600.0,2026-09-03T19:34:57.920753+00:00
2021-04-25,1620.0,1659.0,1539.0,1562.0,15888,1562.0,2026-09-03T19:34:57.920753+00:00
2021-04-26,1531.0,1595.0,1472.0,1534.0,6235,1534.0,2026-09-03T19:34:57.920753+00:00
2021-04-27,1550.0,1600.0,1540.0,1595.0,5004,1595.0,2026-09-03T19:34:57.920753+00:00
2021-04-28,1625.0,1625.0,1555.0,1580.0,3183,1580.0,2026-09-03T19:34:57.920753+00:00
2021-04-29,1580.0,1594.0,1563.0,1583.0,1419,1583.0,2026-09-03T19:34:57.920753+00:00
2021-05-02,1606.0,1608.0,1580.0,1605.0,7610,1605.0,2026-09-03T19:34:57.920753+00:00
2021-05-03,1632.0,1632.0,1600.0,1605.0,7444,1605.0,2026-09-03T19:34:57.920753+00:00
2021-05-04,1580.0,1649.0,1580.0,1649.0,11581,1649.0,2026-09-03T19:34:57.920753+00:00
2021-05-05,1731.0,1731.0,1641.0,1670.0,13725,1670.0,2026-09-03T19:34:57.920753+00:00
2021-05-06,1670.0,1675.0,1629.0,1642.0,9289,1642.0,2026-09-03T19:34:57.920753+00:00
2021-05-09,1642.0,1642.0,1595.0,1612.0,4566,1612.0,2026-09-03T19:34:57.920753+00:00
2021-05-10,1610.0,1636.0,1590.0,1620.0,4006,1620.0,2026-09-03T19:34:57.920753+00:00
2021-05-11,1610.0,1650.0,1610.0,1635.0,5683,1635.0,2026-09-03T19:34:57.920753+00:00
2021-05-12,1630.0,1636.0,1610.0,1618.0,2373,1618.0,2026-09-03T19:34:57.920753+00:00
2021-05-13,1610.0,1665.0,1600.0,1630.0,3323,1630.0,2026-09-03T19:34:57.920753+00:00
2021-05-16,1660.0,1677.0,1631.0,1677.0,17984,1677.0,2026-09-03T19:34:57.920753+00:00
2021-05-17,1683.0,1705.0,1660.0,1680.0,10379,1680.0,2026-09-03T19:34:57.920753+00:00
2021-05-18,1695.0,1785.0,1675.0,1780.0,37400,1780.0,2026-09-03T19:34:57.920753+00:00
2021-05-19,1790.0,1820.0,1766.0,1800.0,18484,1800.0,2026-09-03T19:34:57.920753+00:00
2021-05-20,1766.0,1799.0,1751.0,1799.0,18965,1799.0,2026-09-03T19:34:57.920753+00:00
2021-05-23,1710.0,1790.0,1710.0,1760.0,11244,1760.0,2026-09-03T19:34:57.920753+00:00
2021-05-24,1788.0,1790.0,1706.0,1730.0,17969,1730.0,2026-09-03T19:34:57.920753+00:00
2021-05-25,1730.0,1750.0,1709.0,1710.0,6141,1710.0,2026-09-03T19:34:57.920753+00:00
2021-05-27,1625.0,1664.0,1565.0,1633.0,28630,1633.0,2026-09-03T19:34:57.920753+00:00
2021-05-30,1650.0,1650.0,1590.0,1605.0,11100,1605.0,2026-09-03T19:34:57.920753+00:00
2021-05-31,1606.0,1624.0,1591.0,1594.0,7007,1594.0,2026-09-03T19:34:57.920753+00:00
2021-06-01,1600.0,1600.0,1586.0,1597.0,3534,1597.0,2026-09-03T19:34:57.920753+00:00
2021-06-02,1600.0,1610.0,1586.0,1607.0,7333,1607.0,2026-09-03T19:34:57.920753+00:00
2021-06-03,1595.0,1665.0,1595.0,1630.0,7348,1630.0,2026-09-03T19:34:57.920753+00:00
2021-06-06,1655.0,1670.0,1637.0,1640.0,7444,1640.0,2026-09-03T19:34:57.920753+00:00
2021-06-07,1620.0,1650.0,1615.0,1615.0,3200,1615.0,2026-09-03T19:34:57.920753+00:00
2021-06-08,1602.0,1625.0,1602.0,1606.0,4469,1606.0,2026-09-03T19:34:57.920753+00:00
2021-06-09,1602.0,1630.0,1602.0,1608.0,4443,1608.0,2026-09-03T19:34:57.920753+00:00
2021-06-10,1600.0,1625.0,1585.0,1600.0,6794,1600.0,2026-09-03T19:34:57.920753+00:00
2021-06-13,1569.0,1632.0,1569.0,1586.0,3569,1586.0,2026-09-03T19:34:57.920753+00:00
2021-06-14,1586.0,1600.0,1568.0,1570.0,5057,1570.0,2026-09-03T19:34:57.920753+00:00
2021-06-15,1585.0,1600.0,1558.0,1560.0,6820,1560.0,2026-09-03T19:34:57.920753+00:00
2021-06-16,1532.0,1681.0,1532.0,1612.0,10167,1612.0,2026-09-03T19:34:57.920753+00:00
2021-06-17,1634.0,1634.0,1585.0,1590.0,2894,1590.0,2026-09-03T19:34:57.920753+00:00
2021-06-20,1590.0,1615.0,1549.0,1555.0,5174,1555.0,2026-09-03T19:34:57.920753+00:00
2021-06-21,1535.0,1571.0,1533.0,1533.0,3923,1533.0,2026-09-03T19:34:57.920753+00:00
2021-06-22,1535.0,1560.0,1520.0,1530.0,6308,1530.0,2026-09-03T19:34:57.920753+00:00
2021-06-23,1530.0,1540.0,1501.0,1513.0,3715,1513.0,2026-09-03T19:34:57.920753+00:00
2021-06-24,1513.0,1515.0,1480.0,1492.0,2946,1492.0,2026-09-03T19:34:57.920753+00:00
2021-06-27,1472.0,1495.0,1472.0,1485.0,1930,1485.0,2026-09-03T19:34:57.920753+00:00
2021-06-28,1499.0,1573.0,1476.0,1540.0,4564,1540.0,2026-09-03T19:34:57.920753+00:00
2021-06-29,1570.0,1610.0,1540.0,1541.0,5281,1541.0,2026-09-03T19:34:57.920753+00:00
2021-06-30,1540.0,1545.0,1515.0,1530.0,1843,1530.0,2026-09-03T19:34:57.920753+00:00
2021-07-01,1530.0,1560.0,1526.0,1531.0,1206,1531.0,2026-09-03T19:34:57.920753+00:00
2021-07-04,1520.0,1545.0,1515.0,1530.0,1586,1530.0,2026-09-03T19:34:57.920753+00:00
2021-07-05,1510.0,1530.0,1510.0,1516.0,4028,1516.0,2026-09-03T19:34:57.920753+00:00
2021-07-06,1516.0,1529.0,1500.0,1510.0,1215,1510.0,2026-09-03T19:34:57.920753+00:00
2021-07-07,1481.0,1541.0,1481.0,1500.0,3199,1500.0,2026-09-03T19:34:57.920753+00:00
2021-07-08,1500.0,1540.0,1490.0,1522.0,1734,1522.0,2026-09-03T19:34:57.920753+00:00
2021-07-11,1552.0,1582.0,1541.0,1570.0,2522,1570.0,2026-09-03T19:34:57.920753+00:00
2021-07-12,1600.0,1600.0,1539.0,1539.0,2946,1539.0,2026-09-03T19:34:57.920753+00:00
2021-07-13,1539.0,1575.0,1539.0,1552.0,1558,1552.0,2026-09-03T19:34:57.920753+00:00
2021-07-14,1530.0,1580.0,1530.0,1569.0,1983,1569.0,2026-09-03T19:34:57.920753+00:00
2021-07-15,1569.0,1580.0,1551.0,1574.0,890,1574.0,2026-09-03T19:34:57.920753+00:00
2021-07-18,1600.0,1635.0,1600.0,1630.0,5852,1630.0,2026-09-03T19:34:57.920753+00:00
2021-07-19,1662.6,1670.0,1607.0,1650.0,5609,1650.0,2026-09-03T19:34:57.920753+00:00
2021-07-20,1683.0,1683.0,1630.0,1645.0,2144,1645.0,2026-09-03T19:34:57.920753+00:00
2021-07-22,1625.0,1650.0,1621.0,1642.0,3876,1642.0,2026-09-03T19:34:57.920753+00:00
2021-07-25,1630.0,1734.0,1630.0,1734.0,20928,1734.0,2026-09-03T19:34:57.920753+00:00
2021-07-26,1700.0,1745.0,1700.0,1731.0,10572,1731.0,2026-09-03T19:34:57.920753+00:00
2021-07-27,1700.0,1708.0,1648.0,1690.0,10109,1690.0,2026-09-03T19:34:57.920753+00:00
2021-07-28,1707.0,1735.0,1681.0,1697.0,9621,1697.0,2026-09-03T19:34:57.920753+00:00
2021-07-29,1695.0,1705.0,1665.0,1670.0,8029,1670.0,2026-09-03T19:34:57.920753+00:00
2021-08-01,1700.0,1703.4,1655.0,1665.0,9190,1665.0,2026-09-03T19:34:57.920753+00:00
2021-08-02,1698.0,1698.0,1667.0,1675.1,5226,1675.1,2026-09-03T19:34:57.920753+00:00
2021-08-03,1700.0,1750.0,1690.0,1728.0,17950,1728.0,2026-09-03T19:34:57.920753+00:00
2021-08-04,1762.0,1870.0,1730.0,1732.0,22833,1732.0,2026-09-03T19:34:57.920753+00:00
2021-08-05,1697.4,1770.0,1697.4,1721.0,11249,1721.0,2026-09-03T19:34:57.920753+00:00
2021-08-08,1721.0,1729.0,1696.0,1697.0,5075,1697.0,2026-09-03T19:34:57.920753+00:00
2021-08-09,1730.0,1730.0,1651.0,1651.0,5028,1651.0,2026-09-03T19:34:57.920753+00:00
2021-08-10,1618.0,1700.0,1618.0,1684.0,5564,1684.0,2026-09-03T19:34:57.920753+00:00
2021-08-11,1680.0,1699.0,1670.0,1670.3,2601,1670.3,2026-09-03T19:34:57.920753+00:00
2021-08-12,1670.0,1670.0,1647.0,1655.0,4889,1655.0,2026-09-03T19:34:57.920753+00:00
2021-08-15,1665.0,1714.9,1650.0,1690.0,6338,1690.0,2026-09-03T19:34:57.920753+00:00
2021-08-16,1660.0,1709.9,1657.1,1692.0,7443,1692.0,2026-09-03T19:34:57.920753+00:00
2021-08-17,1667.0,1680.0,1667.0,1668.0,2280,1668.0,2026-09-03T19:34:57.920753+00:00
2021-08-18,1640.0,1675.0,1640.0,1666.0,2530,1666.0,2026-09-03T19:34:57.920753+00:00
2021-08-19,1660.0,1705.0,1653.2,1672.3,5752,1672.3,2026-09-03T19:34:57.920753+00:00
2021-08-24,1650.0,1700.0,1650.0,1663.0,3851,1663.0,2026-09-03T19:34:57.920753+00:00
2021-08-25,1660.0,1675.0,1650.0,1650.1,3469,1650.1,2026-09-03T19:34:57.920753+00:00
2021-08-26,1650.0,1672.0,1621.0,1639.0,2814,1639.0,2026-09-03T19:34:57.920753+00:00
2021-08-29,1640.0,1672.0,1612.0,1621.0,7040,1621.0,2026-09-03T19:34:57.920753+00:00
2021-08-31,1600.0,1605.0,1570.0,1580.0,3501,1580.0,2026-09-03T19:34:57.920753+00:00
2021-09-01,1570.0,1615.0,1570.0,1581.0,2650,1581.0,2026-09-03T19:34:57.920753+00:00
2021-09-02,1581.0,1613.5,1540.0,1545.0,3189,1545.0,2026-09-03T19:34:57.920753+00:00
2021-09-05,1530.0,1530.0,1484.0,1500.0,4265,1500.0,2026-09-03T19:34:57.920753+00:00
2021-09-06,1500.0,1550.0,1490.0,1540.0,3350,1540.0,2026-09-03T19:34:57.920753+00:00
2021-09-07,1540.0,1540.0,1495.0,1510.0,2040,1510.0,2026-09-03T19:34:57.920753+00:00
2021-09-08,1490.0,1529.9,1490.0,1510.0,2919,1510.0,2026-09-03T19:34:57.920753+00:00
2021-09-09,1515.0,1540.0,1500.0,1501.0,3672,1501.0,2026-09-03T19:34:57.920753+00:00
2021-09-12,1515.0,1540.0,1501.0,1526.0,1624,1526.0,2026-09-03T19:34:57.920753+00:00
2021-09-13,1530.0,1556.5,1510.0,1520.0,1240,1520.0,2026-09-03T19:34:57.920753+00:00
2021-09-14,1548.9,1548.9,1505.0,1519.0,1702,1519.0,2026-09-03T19:34:57.920753+00:00
2021-09-15,1500.0,1515.0,1500.0,1503.0,855,1503.0,2026-09-03T19:34:57.920753+00:00
2021-09-16,1475.0,1499.0,1470.0,1499.0,2298,1499.0,2026-09-03T19:34:57.920753+00:00
2021-09-20,1470.0,1503.0,1402.1,1427.0,3437,1427.0,2026-09-03T19:34:57.920753+00:00
2021-09-21,1399.0,1452.0,1372.0,1429.0,1514,1429.0,2026-09-03T19:34:57.920753+00:00
2021-09-22,1457.5,1490.0,1455.0,1463.0,1440,1463.0,2026-09-03T19:34:57.920753+00:00
2021-09-23,1492.0,1522.0,1423.0,1425.1,2128,1425.1,2026-09-03T19:34:57.920753+00:00
2021-09-26,1430.1,1430.6,1397.0,1397.0,2435,1397.0,2026-09-03T19:34:57.920753+00:00
2021-09-27,1400.0,1400.0,1350.0,1357.0,1740,1357.0,2026-09-03T19:34:57.920753+00:00
2021-09-28,1330.0,1356.0,1323.1,1329.0,1611,1329.0,2026-09-03T19:34:57.920753+00:00
2021-09-29,1310.0,1387.2,1310.0,1349.0,1429,1349.0,2026-09-03T19:34:57.920753+00:00
2021-09-30,1375.0,1400.0,1350.0,1355.0,2923,1355.0,2026-09-03T19:34:57.920753+00:00
2021-10-03,1335.1,1365.0,1335.1,1351.0,792,1351.0,2026-09-03T19:34:57.920753+00:00
2021-10-04,1326.0,1395.0,1326.0,1385.0,1324,1385.0,2026-09-03T19:34:57.920753+00:00
2021-10-05,1412.0,1440.0,1410.0,1438.9,2016,1438.9,2026-09-03T19:34:57.920753+00:00
2021-10-06,1466.9,1549.0,1466.9,1535.0,5858,1535.0,2026-09-03T19:34:57.920753+00:00
2021-10-10,1565.0,1565.0,1470.0,1485.0,1887,1485.0,2026-09-03T19:34:57.920753+00:00
2021-10-11,1457.0,1457.0,1410.0,1448.0,1391,1448.0,2026-09-03T19:34:57.920753+00:00
2021-10-17,1476.9,1500.0,1460.1,1490.0,541,1490.0,2026-09-03T19:34:57.920753+00:00
2021-10-18,1465.1,1475.0,1425.0,1440.0,1634,1440.0,2026-09-03T19:34:57.920753+00:00
2021-10-19,1415.0,1418.0,1360.0,1375.0,2773,1375.0,2026-09-03T19:34:57.920753+00:00
2021-10-20,1400.0,1420.0,1374.0,1399.0,998,1399.0,2026-09-03T19:34:57.920753+00:00
2021-10-21,1381.0,1405.0,1381.0,1396.1,736,1396.1,2026-09-03T19:34:57.920753+00:00
2021-10-24,1400.0,1428.0,1395.0,1428.0,723,1428.0,2026-09-03T19:34:57.920753+00:00
2021-10-25,1440.0,1554.2,1439.0,1519.0,3358,1519.0,2026-09-03T19:34:57.920753+00:00
2021-10-26,1490.0,1574.0,1490.0,1542.6,2116,1542.6,2026-09-03T19:34:57.920753+00:00
2021-10-27,1540.0,1540.0,1494.5,1502.0,2262,1502.0,2026-09-03T19:34:57.920753+00:00
2021-10-28,1531.9,1540.0,1501.0,1525.0,1481,1525.0,2026-09-03T19:34:57.920753+00:00
2021-10-31,1530.0,1636.0,1510.0,1636.0,7264,1636.0,2026-09-03T19:34:57.920753+00:00
2021-11-01,1660.0,1660.0,1515.0,1620.0,4947,1620.0,2026-09-03T19:34:57.920753+00:00
2021-11-02,1600.0,1600.0,1568.0,1600.0,1442,1600.0,2026-09-03T19:34:57.920753+00:00
2021-11-03,1575.0,1630.0,1575.0,1575.1,2440,1575.1,2026-09-03T19:34:57.920753+00:00
2021-11-08,1570.0,1589.0,1540.0,1540.0,1528,1540.0,2026-09-03T19:34:57.920753+00:00
2021-11-09,1540.0,1570.0,1450.4,1465.0,2826,1465.0,2026-09-03T19:34:57.920753+00:00
2021-11-11,1465.0,1494.0,1380.0,1445.0,1437,1445.0,2026-09-03T19:34:57.920753+00:00
2021-11-14,1470.0,1470.0,1418.2,1430.0,1080,1430.0,2026-09-03T19:34:57.920753+00:00
2021-11-15,1441.0,1448.0,1424.1,1448.0,2338,1448.0,2026-09-03T19:34:57.920753+00:00
2021-11-16,1476.0,1476.0,1425.0,1438.1,1102,1438.1,2026-09-03T19:34:57.920753+00:00
2021-11-17,1466.8,1490.0,1433.0,1453.9,2445,1453.9,2026-09-03T19:34:57.920753+00:00
2021-11-18,1482.9,1510.0,1414.0,1431.0,1321,1431.0,2026-09-03T19:34:57.920753+00:00
2021-11-21,1432.0,1432.0,1415.0,1421.0,570,1421.0,2026-09-03T19:34:57.920753+00:00
2021-11-22,1421.0,1430.0,1405.0,1430.0,965,1430.0,2026-09-03T19:34:57.920753+00:00
2021-11-23,1420.0,1422.0,1405.1,1411.0,783,1411.0,2026-09-03T19:34:57.920753+00:00
2021-11-24,1400.0,1425.0,1400.0,1424.9,2059,1424.9,2026-09-03T19:34:57.920753+00:00
2021-11-25,1453.0,1453.0,1396.5,1400.0,768,1400.0,2026-09-03T19:34:57.920753+00:00
2021-11-28,1398.0,1398.0,1347.0,1360.0,1014,1360.0,2026-09-03T19:34:57.920753+00:00
2021-11-29,1385.0,1385.0,1340.1,1360.0,1861,1360.0,2026-09-03T19:34:57.920753+00:00
2021-11-30,1360.0,1386.0,1333.0,1381.0,911,1381.0,2026-09-03T19:34:57.920753+00:00
2021-12-01,1360.0,1375.0,1360.0,1362.0,200,1362.0,2026-09-03T19:34:57.920753+00:00
2021-12-02,1350.0,1350.0,1320.0,1330.0,1594,1330.0,2026-09-03T19:34:57.920753+00:00
2021-12-05,1305.0,1330.0,1280.0,1290.0,1799,1290.0,2026-09-03T19:34:57.920753+00:00
2021-12-06,1290.0,1326.0,1221.0,1326.0,1550,1326.0,2026-09-03T19:34:57.920753+00:00
2021-12-07,1352.0,1352.0,1312.0,1312.0,1053,1312.0,2026-09-03T19:34:57.920753+00:00
2021-12-08,1300.0,1300.0,1265.0,1267.0,1474,1267.0,2026-09-03T19:34:57.920753+00:00
2021-12-09,1242.0,1242.0,1217.2,1241.9,780,1241.9,2026-09-03T19:34:57.920753+00:00
2021-12-12,1220.0,1220.0,1182.2,1183.0,465,1183.0,2026-09-03T19:34:57.920753+00:00
2021-12-13,1183.0,1183.0,1077.0,1101.1,1827,1101.1,2026-09-03T19:34:57.920753+00:00
2021-12-14,1100.0,1199.0,1100.0,1199.0,518,1199.0,2026-09-03T19:34:57.920753+00:00
2021-12-15,1222.9,1240.0,1165.0,1165.0,1547,1165.0,2026-09-03T19:34:57.920753+00:00
2021-12-16,1143.5,1165.0,1143.5,1156.0,595,1156.0,2026-09-03T19:34:57.920753+00:00
2021-12-20,1156.0,1156.0,1125.0,1125.0,470,1125.0,2026-09-03T19:34:57.920753+00:00
2021-12-21,1110.0,1149.0,1110.0,1148.0,1325,1148.0,2026-09-03T19:34:57.920753+00:00
2021-12-22,1170.9,1215.8,1170.0,1200.0,1929,1200.0,2026-09-03T19:34:57.920753+00:00
2021-12-23,1199.9,1221.0,1181.1,1200.0,1153,1200.0,2026-09-03T19:34:57.920753+00:00
2021-12-26,1223.0,1239.8,1194.2,1238.8,2051,1238.8,2026-09-03T19:34:57.920753+00:00
2021-12-27,1230.0,1285.2,1204.0,1204.0,1023,1204.0,2026-09-03T19:34:57.920753+00:00
2021-12-28,1200.0,1227.0,1180.1,1227.0,1322,1227.0,2026-09-03T19:34:57.920753+00:00
2021-12-29,1205.0,1227.0,1205.0,1227.0,696,1227.0,2026-09-03T19:34:57.920753+00:00
2022-01-02,1250.0,1300.0,1226.0,1256.0,2065,1256.0,2026-09-03T19:34:57.920753+00:00
2022-01-03,1281.0,1354.0,1280.0,1302.0,12969,1302.0,2026-09-03T19:34:57.920753+00:00
2022-01-04,1325.0,1409.1,1304.0,1390.0,1979,1390.0,2026-09-03T19:34:57.920753+00:00
2022-01-05,1395.0,1395.0,1353.0,1370.0,1975,1370.0,2026-09-03T19:34:57.920753+00:00
2022-01-06,1355.0,1400.0,1355.0,1399.0,2275,1399.0,2026-09-03T19:34:57.920753+00:00
2022-01-09,1400.0,1430.0,1380.0,1420.0,4547,1420.0,2026-09-03T19:34:57.920753+00:00
2022-01-10,1393.0,1430.0,1392.1,1410.0,2474,1410.0,2026-09-03T19:34:57.920753+00:00
2022-01-11,1391.0,1490.0,1391.0,1451.0,4901,1451.0,2026-09-03T19:34:57.920753+00:00
2022-01-12,1452.0,1523.0,1422.0,1448.0,5817,1448.0,2026-09-03T19:34:57.920753+00:00
2022-01-13,1432.0,1529.0,1432.0,1528.0,29455,1528.0,2026-09-03T19:34:57.920753+00:00
2022-01-16,1558.5,1566.0,1515.0,1550.0,11565,1550.0,2026-09-03T19:34:57.920753+00:00
2022-01-17,1557.0,1558.0,1505.0,1535.0,8458,1535.0,2026-09-03T19:34:57.920753+00:00
2022-01-18,1521.0,1545.0,1494.2,1521.0,4530,1521.0,2026-09-03T19:34:57.920753+00:00
2022-01-19,1517.0,1520.0,1490.0,1509.9,4552,1509.9,2026-09-03T19:34:57.920753+00:00
2022-01-20,1509.0,1518.0,1491.0,1511.0,4808,1511.0,2026-09-03T19:34:57.920753+00:00
2022-01-23,1540.0,1540.0,1485.0,1490.2,4439,1490.2,2026-09-03T19:34:57.920753+00:00
2022-01-24,1481.0,1485.0,1430.0,1445.0,3915,1445.0,2026-09-03T19:34:57.920753+00:00
2022-01-25,1417.0,1460.0,1404.0,1415.0,9463,1415.0,2026-09-03T19:34:57.920753+00:00
2022-01-26,1393.0,1415.0,1388.0,1392.0,4686,1392.0,2026-09-03T19:34:57.920753+00:00
2022-01-27,1392.0,1427.0,1392.0,1415.0,1928,1415.0,2026-09-03T19:34:57.920753+00:00
2022-01-30,1443.0,1469.0,1425.1,1460.0,4823,1460.0,2026-09-03T19:34:57.920753+00:00
2022-01-31,1489.0,1489.0,1430.0,1450.0,2757,1450.0,2026-09-03T19:34:57.920753+00:00
2022-02-01,1433.0,1455.0,1432.0,1445.0,1227,1445.0,2026-09-03T19:34:57.920753+00:00
2022-02-03,1451.0,1468.0,1425.0,1433.0,3807,1433.0,2026-09-03T19:34:57.920753+00:00
2022-02-06,1425.0,1425.0,1400.1,1409.0,1756,1409.0,2026-09-03T19:34:57.920753+00:00
2022-02-07,1409.0,1430.0,1407.0,1430.0,1798,1430.0,2026-09-03T19:34:57.920753+00:00
2022-02-08,1458.6,1487.6,1402.0,1430.0,2803,1430.0,2026-09-03T19:34:57.920753+00:00
2022-02-09,1458.6,1515.0,1449.0,1470.0,21117,1470.0,2026-09-03T19:34:57.920753+00:00
2022-02-10,1475.0,1485.0,1450.7,1460.0,4192,1460.0,2026-09-03T19:34:57.920753+00:00
2022-02-13,1434.4,1434.4,1396.5,1401.0,4803,1401.0,2026-09-03T19:34:57.920753+00:00
2022-02-14,1420.0,1441.0,1405.0,1407.0,1333,1407.0,2026-09-03T19:34:57.920753+00:00
2022-02-15,1400.1,1425.0,1400.0,1425.0,3632,1425.0,2026-09-03T19:34:57.920753+00:00
2022-02-16,1421.1,1425.0,1409.0,1425.0,1733,1425.0,2026-09-03T19:34:57.920753+00:00
2022-02-17,1400.0,1425.0,1400.0,1420.0,666,1420.0,2026-09-03T19:34:57.920753+00:00
2022-02-20,1392.0,1413.0,1365.0,1413.0,2557,1413.0,2026-09-03T19:34:57.920753+00:00
2022-02-21,1413.0,1413.0,1390.0,1399.0,2242,1399.0,2026-09-03T19:34:57.920753+00:00
2022-02-22,1400.0,1426.0,1396.2,1399.2,1546,1399.2,2026-09-03T19:34:57.920753+00:00
2022-02-23,1390.0,1407.0,1390.0,1398.0,1308,1398.0,2026-09-03T19:34:57.920753+00:00
2022-02-24,1371.0,1394.0,1344.0,1370.0,2096,1370.0,2026-09-03T19:34:57.920753+00:00
2022-02-27,1360.0,1370.0,1347.0,1367.0,1380,1367.0,2026-09-03T19:34:57.920753+00:00
2022-02-28,1385.0,1387.9,1350.0,1354.0,1576,1354.0,2026-09-03T19:34:57.920753+00:00
2022-03-02,1330.0,1340.0,1321.0,1335.0,863,1335.0,2026-09-03T19:34:57.920753+00:00
2022-03-06,1360.0,1360.0,1310.0,1310.0,2305,1310.0,2026-09-03T19:34:57.920753+00:00
2022-03-07,1310.0,1336.2,1300.0,1315.0,1146,1315.0,2026-09-03T19:34:57.920753+00:00
2022-03-09,1300.0,1317.0,1300.0,1310.3,1493,1310.3,2026-09-03T19:34:57.920753+00:00
2022-03-10,1334.0,1336.2,1307.4,1336.2,1266,1336.2,2026-09-03T19:34:57.920753+00:00
2022-03-13,1332.0,1388.0,1332.0,1374.0,1173,1374.0,2026-09-03T19:34:57.920753+00:00
2022-03-14,1399.0,1399.0,1361.0,1370.0,359,1370.0,2026-09-03T19:34:57.920753+00:00
2022-03-15,1375.0,1375.0,1355.0,1369.9,1234,1369.9,2026-09-03T19:34:57.920753+00:00
2022-03-16,1380.0,1380.0,1350.0,1351.0,1299,1351.0,2026-09-03T19:34:57.920753+00:00
2022-03-20,1357.0,1378.0,1356.1,1365.0,2694,1365.0,2026-09-03T19:34:57.920753+00:00
2022-03-21,1370.1,1375.0,1350.0,1367.1,1791,1367.1,2026-09-03T19:34:57.920753+00:00
2022-03-22,1388.0,1392.0,1380.0,1380.0,2140,1380.0,2026-09-03T19:34:57.920753+00:00
2022-03-23,1407.0,1407.0,1371.3,1376.0,3178,1376.0,2026-09-03T19:34:57.920753+00:00
2022-03-24,1376.0,1390.0,1366.0,1366.0,1257,1366.0,2026-09-03T19:34:57.920753+00:00
2022-03-27,1393.3,1393.3,1336.0,1345.0,3239,1345.0,2026-09-03T19:34:57.920753+00:00
2022-03-28,1369.9,1371.9,1321.0,1325.0,1865,1325.0,2026-09-03T19:34:57.920753+00:00
2022-03-29,1322.0,1322.0,1305.0,1310.0,1896,1310.0,2026-09-03T19:34:57.920753+00:00
2022-03-30,1311.1,1340.0,1311.1,1336.0,9292,1336.0,2026-09-03T19:34:57.920753+00:00
2022-03-31,1139.1,1139.1,1100.0,1101.1,2477,1101.1,2026-09-03T19:34:57.920753+00:00
2022-04-03,1120.0,1120.0,1087.0,1090.0,1744,1090.0,2026-09-03T19:34:57.920753+00:00
2022-04-04,1085.0,1085.0,1058.4,1058.4,1208,1058.4,2026-09-03T19:34:57.920753+00:00
2022-04-05,1048.7,1048.7,1018.0,1018.0,2996,1018.0,2026-09-03T19:34:57.920753+00:00
2022-04-06,1015.9,1018.0,998.0,1002.0,750,1002.0,2026-09-03T19:34:57.920753+00:00
2022-04-07,995.0,1027.0,980.0,1010.0,1758,1010.0,2026-09-03T19:34:57.920753+00:00
2022-04-11,1010.0,1022.0,990.0,995.0,1254,995.0,2026-09-03T19:34:57.920753+00:00
2022-04-12,980.1,1003.0,970.0,970.0,645,970.0,2026-09-03T19:34:57.920753+00:00
2022-04-13,970.0,988.0,952.0,983.0,1165,983.0,2026-09-03T19:34:57.920753+00:00
2022-04-17,970.0,991.0,955.0,961.5,495,961.5,2026-09-03T19:34:57.920753+00:00
2022-04-18,960.0,962.0,955.0,960.0,635,960.0,2026-09-03T19:34:57.920753+00:00
2022-04-19,979.0,979.0,941.0,973.0,635,973.0,2026-09-03T19:34:57.920753+00:00
2022-04-20,954.0,975.0,935.0,960.0,249,960.0,2026-09-03T19:34:57.920753+00:00
2022-04-21,960.0,960.0,932.0,950.0,1012,950.0,2026-09-03T19:34:57.920753+00:00
2022-04-24,968.9,989.0,953.1,973.0,885,973.0,2026-09-03T19:34:57.920753+00:00
2022-04-25,980.0,980.0,930.0,949.0,1789,949.0,2026-09-03T19:34:57.920753+00:00
2022-04-26,949.0,949.0,927.0,928.0,1199,928.0,2026-09-03T19:34:57.920753+00:00
2022-04-27,928.0,946.0,910.0,940.0,849,940.0,2026-09-03T19:34:57.920753+00:00
2022-04-28,940.0,952.0,921.2,932.0,624,932.0,2026-09-03T19:34:57.920753+00:00
2022-05-02,932.0,932.0,900.0,905.5,857,905.5,2026-09-03T19:34:57.920753+00:00
2022-05-04,900.0,903.8,892.0,903.8,495,903.8,2026-09-03T19:34:57.920753+00:00
2022-05-05,911.0,911.0,875.0,875.0,1177,875.0,2026-09-03T19:34:57.920753+00:00
2022-05-08,872.0,888.9,850.0,888.9,1048,888.9,2026-09-03T19:34:57.920753+00:00
2022-05-09,888.0,920.0,888.0,910.0,558,910.0,2026-09-03T19:34:57.920753+00:00
2022-05-10,927.0,927.0,915.0,926.0,518,926.0,2026-09-03T19:34:57.920753+00:00
2022-05-11,930.0,962.8,930.0,962.8,1322,962.8,2026-09-03T19:34:57.920753+00:00
2022-05-12,980.0,982.0,952.0,970.0,1039,970.0,2026-09-03T19:34:57.920753+00:00
2022-05-17,980.9,980.9,942.8,942.8,535,942.8,2026-09-03T19:34:57.920753+00:00
2022-05-18,924.0,939.9,924.0,937.0,364,937.0,2026-09-03T19:34:57.920753+00:00
2022-05-19,919.0,937.0,905.0,910.0,138,910.0,2026-09-03T19:34:57.920753+00:00
2022-05-20,900.0,946.5,900.0,915.0,179,915.0,2026-09-03T19:34:57.920753+00:00
2022-05-23,898.0,910.0,881.0,887.0,391,887.0,2026-09-03T19:34:57.920753+00:00
2022-05-24,887.0,915.0,887.0,913.8,549,913.8,2026-09-03T19:34:57.920753+00:00
2022-05-25,932.0,932.0,897.2,905.0,692,905.0,2026-09-03T19:34:57.920753+00:00
2022-05-26,887.0,920.0,887.0,909.0,327,909.0,2026-09-03T19:34:57.920753+00:00
2022-05-27,901.0,909.0,896.0,897.5,734,897.5,2026-09-03T19:34:57.920753+00:00
2022-05-30,880.1,904.7,870.0,890.0,598,890.0,2026-09-03T19:34:57.920753+00:00
2022-05-31,873.0,890.0,873.0,874.0,429,874.0,2026-09-03T19:34:57.920753+00:00
2022-06-01,875.1,875.1,850.0,858.0,962,858.0,2026-09-03T19:34:57.920753+00:00
2022-06-02,875.0,875.0,840.4,845.0,595,845.0,2026-09-03T19:34:57.920753+00:00
2022-06-03,832.0,833.0,820.0,830.0,721,830.0,2026-09-03T19:34:57.920753+00:00
2022-06-06,840.0,840.0,830.2,830.2,230,830.2,2026-09-03T19:34:57.920753+00:00
2022-06-07,820.0,838.2,820.0,838.0,523,838.0,2026-09-03T19:34:57.920753+00:00
2022-06-08,850.0,866.0,835.0,865.0,308,865.0,2026-09-03T19:34:57.920753+00:00
2022-06-09,865.0,892.9,855.0,865.0,1497,865.0,2026-09-03T19:34:57.920753+00:00
2022-06-10,848.5,850.0,840.0,845.0,145,845.0,2026-09-03T19:34:57.920753+00:00
2022-06-13,840.0,871.0,840.0,853.6,284,853.6,2026-09-03T19:34:57.920753+00:00
2022-06-14,840.0,840.0,825.0,840.0,672,840.0,2026-09-03T19:34:57.920753+00:00
2022-06-15,856.7,856.7,806.6,838.0,612,838.0,2026-09-03T19:34:57.920753+00:00
2022-06-16,822.1,849.9,822.1,844.9,123,844.9,2026-09-03T19:34:57.920753+00:00
2022-06-17,861.7,870.0,845.1,847.2,264,847.2,2026-09-03T19:34:57.920753+00:00
2022-06-19,830.3,831.0,815.0,816.0,165,816.0,2026-09-03T19:34:57.920753+00:00
2022-06-20,800.1,805.0,782.0,795.0,1507,795.0,2026-09-03T19:34:57.920753+00:00
2022-06-21,810.9,810.9,790.1,800.0,1106,800.0,2026-09-03T19:34:57.920753+00:00
2022-06-22,809.0,810.0,790.0,790.0,931,790.0,2026-09-03T19:34:57.920753+00:00
2022-06-23,775.0,780.0,759.0,759.0,438,759.0,2026-09-03T19:34:57.920753+00:00
2022-06-24,759.0,789.0,744.0,774.0,264,774.0,2026-09-03T19:34:57.920753+00:00
2022-06-26,760.0,851.4,760.0,810.0,1379,810.0,2026-09-03T19:34:57.920753+00:00
2022-06-27,826.2,842.7,809.9,809.9,885,809.9,2026-09-03T19:34:57.920753+00:00
2022-06-28,794.0,794.0,775.0,794.0,321,794.0,2026-09-03T19:34:57.920753+00:00
2022-06-29,809.8,825.5,809.8,820.0,345,820.0,2026-09-03T19:34:57.920753+00:00
2022-06-30,820.0,872.0,820.0,870.0,1729,870.0,2026-09-03T19:34:57.920753+00:00
2022-07-01,870.0,895.0,870.0,876.0,891,876.0,2026-09-03T19:34:57.920753+00:00
2022-07-03,890.0,899.0,859.0,888.8,1640,888.8,2026-09-03T19:34:57.920753+00:00
2022-07-04,888.0,922.9,888.0,890.0,2151,890.0,2026-09-03T19:34:57.920753+00:00
2022-07-05,905.0,905.0,864.0,865.1,602,865.1,2026-09-03T19:34:57.920753+00:00
2022-07-06,850.0,862.0,833.0,862.0,1110,862.0,2026-09-03T19:34:57.920753+00:00
2022-07-07,879.0,888.0,853.0,860.9,548,860.9,2026-09-03T19:34:57.920753+00:00
2022-07-08,860.0,860.0,830.0,837.0,148,837.0,2026-09-03T19:34:57.920753+00:00
2022-07-11,853.7,853.7,788.0,796.5,1455,796.5,2026-09-03T19:34:57.920753+00:00
2022-07-12,783.0,825.0,783.0,816.0,798,816.0,2026-09-03T19:34:57.920753+00:00
2022-07-13,832.2,848.8,808.0,840.0,478,840.0,2026-09-03T19:34:57.920753+00:00
2022-07-14,840.0,841.0,839.0,839.0,128,839.0,2026-09-03T19:34:57.920753+00:00
2022-07-15,822.3,826.0,822.3,825.1,292,825.1,2026-09-03T19:34:57.920753+00:00
2022-07-17,838.0,842.0,826.0,842.0,930,842.0,2026-09-03T19:34:57.920753+00:00
2022-07-18,843.0,855.0,825.2,848.0,940,848.0,2026-09-03T19:34:57.920753+00:00
2022-07-19,855.0,872.0,840.2,860.0,655,860.0,2026-09-03T19:34:57.920753+00:00
2022-07-20,876.0,876.0,855.0,857.0,1075,857.0,2026-09-03T19:34:57.920753+00:00
2022-07-21,850.0,860.0,843.0,850.0,580,850.0,2026-09-03T19:34:57.920753+00:00
2022-07-22,867.0,867.0,833.0,835.2,230,835.2,2026-09-03T19:34:57.920753+00:00
2022-07-24,851.0,868.0,833.0,867.9,1722,867.9,2026-09-03T19:34:57.920753+00:00
2022-07-25,885.0,914.0,870.0,914.0,2782,914.0,2026-09-03T19:34:57.920753+00:00
2022-07-26,896.0,915.0,881.0,893.0,1959,893.0,2026-09-03T19:34:57.920753+00:00
2022-07-27,910.0,910.0,884.9,898.0,996,898.0,2026-09-03T19:34:57.920753+00:00
2022-07-28,880.2,955.0,880.2,950.0,5330,950.0,2026-09-03T19:34:57.920753+00:00
2022-07-29,969.0,969.0,949.0,958.0,1726,958.0,2026-09-03T19:34:57.920753+00:00
2022-07-31,977.1,977.1,950.0,950.0,3313,950.0,2026-09-03T19:34:57.920753+00:00
2022-08-01,950.0,969.0,940.0,940.0,2961,940.0,2026-09-03T19:34:57.920753+00:00
2022-08-02,940.0,975.0,933.0,968.0,2595,968.0,2026-09-03T19:34:57.920753+00:00
2022-08-03,950.0,958.0,925.0,948.0,4655,948.0,2026-09-03T19:34:57.920753+00:00
2022-08-04,950.0,959.9,922.2,925.0,1159,925.0,2026-09-03T19:34:57.920753+00:00
2022-08-05,925.0,925.0,905.0,905.0,821,905.0,2026-09-03T19:34:57.920753+00:00
2022-08-07,900.0,910.0,895.0,898.0,850,898.0,2026-09-03T19:34:57.920753+00:00
2022-08-08,900.0,914.5,895.0,895.0,1018,895.0,2026-09-03T19:34:57.920753+00:00
2022-08-09,890.0,895.0,876.0,876.0,1132,876.0,2026-09-03T19:34:57.920753+00:00
2022-08-10,870.0,886.8,861.0,875.0,628,875.0,2026-09-03T19:34:57.920753+00:00
2022-08-11,888.0,891.0,865.0,870.0,897,870.0,2026-09-03T19:34:57.920753+00:00
2022-08-14,865.0,870.0,840.0,840.0,868,840.0,2026-09-03T19:34:57.920753+00:00
2022-08-15,840.0,860.0,832.0,859.0,777,859.0,2026-09-03T19:34:57.920753+00:00
2022-08-16,859.0,889.9,836.0,838.0,1065,838.0,2026-09-03T19:34:57.920753+00:00
2022-08-17,840.0,852.0,821.3,827.0,713,827.0,2026-09-03T19:34:57.920753+00:00
2022-08-18,827.0,859.8,827.0,859.8,2061,859.8,2026-09-03T19:34:57.920753+00:00
2022-08-21,860.0,865.0,847.0,848.0,1691,848.0,2026-09-03T19:34:57.920753+00:00
2022-08-22,831.2,855.0,821.0,840.0,1809,840.0,2026-09-03T19:34:57.920753+00:00
2022-08-23,855.0,855.0,811.0,828.0,1764,828.0,2026-09-03T19:34:57.920753+00:00
2022-08-24,840.0,840.0,825.0,826.0,442,826.0,2026-09-03T19:34:57.920753+00:00
2022-08-25,820.1,834.0,818.1,818.1,1448,818.1,2026-09-03T19:34:57.920753+00:00
2022-08-26,815.0,816.0,806.1,815.0,287,815.0,2026-09-03T19:34:57.920753+00:00
2022-08-28,800.0,830.0,790.4,796.0,883,796.0,2026-09-03T19:34:57.920753+00:00
2022-08-29,781.1,799.0,781.1,787.0,656,787.0,2026-09-03T19:34:57.920753+00:00
2022-08-30,802.7,818.7,789.9,789.9,1424,789.9,2026-09-03T19:34:57.920753+00:00
2022-08-31,785.0,791.9,778.0,785.1,650,785.1,2026-09-03T19:34:57.920753+00:00
2022-09-01,785.0,799.9,776.1,798.0,894,798.0,2026-09-03T19:34:57.920753+00:00
2022-09-02,813.0,815.0,796.8,800.0,388,800.0,2026-09-03T19:34:57.920753+00:00
2022-09-04,790.0,814.0,790.0,814.0,303,814.0,2026-09-03T19:34:57.920753+00:00
2022-09-05,814.0,814.0,800.0,800.0,406,800.0,2026-09-03T19:34:57.920753+00:00
2022-09-06,784.5,794.0,772.0,782.0,553,782.0,2026-09-03T19:34:57.920753+00:00
2022-09-07,770.0,797.5,767.0,775.0,1247,775.0,2026-09-03T19:34:57.920753+00:00
2022-09-08,790.0,800.0,759.6,772.0,359,772.0,2026-09-03T19:34:57.920753+00:00
2022-09-11,780.0,784.0,765.3,769.0,370,769.0,2026-09-03T19:34:57.920753+00:00
2022-09-12,760.1,775.0,760.1,762.1,211,762.1,2026-09-03T19:34:57.920753+00:00
2022-09-13,760.0,777.3,755.0,766.0,747,766.0,2026-09-03T19:34:57.920753+00:00
2022-09-14,781.0,812.0,772.0,787.0,936,787.0,2026-09-03T19:34:57.920753+00:00
2022-09-15,788.0,800.0,755.0,763.0,1058,763.0,2026-09-03T19:34:57.920753+00:00
2022-09-16,747.8,765.0,745.0,752.0,450,752.0,2026-09-03T19:34:57.920753+00:00
2022-09-18,752.0,752.0,735.0,737.0,986,737.0,2026-09-03T19:34:57.920753+00:00
2022-09-20,722.3,723.9,707.0,708.0,1324,708.0,2026-09-03T19:34:57.920753+00:00
2022-09-21,715.1,729.4,710.1,715.0,387,715.0,2026-09-03T19:34:57.920753+00:00
2022-09-22,700.7,715.0,688.2,705.0,740,705.0,2026-09-03T19:34:57.920753+00:00
2022-09-25,691.0,702.0,691.0,701.9,753,701.9,2026-09-03T19:34:57.920753+00:00
2022-09-27,702.0,715.0,696.0,697.0,614,697.0,2026-09-03T19:34:57.920753+00:00
2022-09-28,710.0,718.0,705.0,710.1,828,710.1,2026-09-03T19:34:57.920753+00:00
2022-09-29,715.0,719.0,702.0,708.0,994,708.0,2026-09-03T19:34:57.920753+00:00
2022-10-09,720.0,736.5,720.0,721.0,457,721.0,2026-09-03T19:34:57.920753+00:00
2022-10-10,722.0,735.0,707.6,707.6,995,707.6,2026-09-03T19:34:57.920753+00:00
2022-10-11,712.0,716.0,712.0,716.0,65,716.0,2026-09-03T19:34:57.920753+00:00
2022-10-12,716.0,719.4,708.1,714.5,305,714.5,2026-09-03T19:34:57.920753+00:00
2022-10-13,725.0,725.0,712.6,724.0,256,724.0,2026-09-03T19:34:57.920753+00:00
2022-10-16,735.0,735.0,713.5,715.0,274,715.0,2026-09-03T19:34:57.920753+00:00
2022-10-17,705.0,719.0,705.0,712.0,438,712.0,2026-09-03T19:34:57.920753+00:00
2022-10-19,712.1,718.9,698.4,698.4,1252,698.4,2026-09-03T19:34:57.920753+00:00
2022-10-20,711.0,711.0,698.0,698.0,243,698.0,2026-09-03T19:34:57.920753+00:00
2022-10-23,711.9,720.0,699.1,720.0,800,720.0,2026-09-03T19:34:57.920753+00:00
2022-10-31,707.0,720.0,707.0,719.0,519,719.0,2026-09-03T19:34:57.920753+00:00
2022-11-01,718.0,735.0,710.1,731.0,681,731.0,2026-09-03T19:34:57.920753+00:00
2022-11-02,740.0,740.0,727.0,730.0,1073,730.0,2026-09-03T19:34:57.920753+00:00
2022-11-03,740.0,744.0,720.0,720.0,245,720.0,2026-09-03T19:34:57.920753+00:00
2022-11-06,720.0,782.0,720.0,766.4,2184,766.4,2026-09-03T19:34:57.920753+00:00
2022-11-07,757.0,785.0,726.0,759.0,1506,759.0,2026-09-03T19:34:57.920753+00:00
2022-11-08,745.0,758.0,740.0,740.0,486,740.0,2026-09-03T19:34:57.920753+00:00
2022-11-09,725.2,725.2,711.0,713.0,1389,713.0,2026-09-03T19:34:57.920753+00:00
2022-11-10,710.0,715.0,700.0,700.1,1114,700.1,2026-09-03T19:34:57.920753+00:00
2022-11-13,710.0,710.0,697.4,698.1,231,698.1,2026-09-03T19:34:57.920753+00:00
2022-11-14,710.0,710.0,690.0,695.0,580,695.0,2026-09-03T19:34:57.920753+00:00
2022-11-15,708.9,708.9,696.0,697.1,264,697.1,2026-09-03T19:34:57.920753+00:00
2022-11-16,697.0,711.0,697.0,706.0,133,706.0,2026-09-03T19:34:57.920753+00:00
2022-11-17,720.0,734.5,707.0,710.0,1199,710.0,2026-09-03T19:34:57.920753+00:00
2022-11-22,710.0,720.0,705.0,705.0,656,705.0,2026-09-03T19:34:57.920753+00:00
2022-11-23,705.0,705.0,692.1,705.0,190,705.0,2026-09-03T19:34:57.920753+00:00
2022-11-24,695.0,725.0,695.0,695.0,625,695.0,2026-09-03T19:34:57.920753+00:00
2022-11-27,708.0,729.0,706.1,727.0,1406,727.0,2026-09-03T19:34:57.920753+00:00
2022-11-28,740.0,740.0,715.0,726.9,548,726.9,2026-09-03T19:34:57.920753+00:00
2022-11-29,716.1,728.0,715.0,726.0,1093,726.0,2026-09-03T19:34:57.920753+00:00
2022-11-30,721.0,725.0,712.0,712.0,149,712.0,2026-09-03T19:34:57.920753+00:00
2022-12-01,720.0,725.0,715.0,725.0,760,725.0,2026-09-03T19:34:57.920753+00:00
2022-12-04,713.0,727.9,713.0,721.0,395,721.0,2026-09-03T19:34:57.920753+00:00
2022-12-05,711.0,720.0,710.0,711.0,315,711.0,2026-09-03T19:34:57.920753+00:00
2022-12-06,700.1,722.0,700.1,720.0,247,720.0,2026-09-03T19:34:57.920753+00:00
2022-12-07,709.0,715.0,709.0,715.0,189,715.0,2026-09-03T19:34:57.920753+00:00
2022-12-11,701.0,713.9,700.9,701.0,473,701.0,2026-09-03T19:34:57.920753+00:00
2022-12-12,691.0,710.0,691.0,709.0,225,709.0,2026-09-03T19:34:57.920753+00:00
2022-12-13,723.0,725.0,709.0,709.1,506,709.1,2026-09-03T19:34:57.920753+00:00
2022-12-14,710.0,721.0,709.0,710.0,177,710.0,2026-09-03T19:34:57.920753+00:00
2022-12-15,724.0,724.0,696.0,701.5,285,701.5,2026-09-03T19:34:57.920753+00:00
2022-12-18,690.0,695.0,687.5,688.0,1091,688.0,2026-09-03T19:34:57.920753+00:00
2022-12-19,675.0,700.0,675.0,700.0,143,700.0,2026-09-03T19:34:57.920753+00:00
2022-12-20,700.0,708.0,695.0,696.0,315,696.0,2026-09-03T19:34:57.920753+00:00
2022-12-21,696.0,720.0,696.0,701.0,406,701.0,2026-09-03T19:34:57.920753+00:00
2022-12-22,701.0,702.0,692.0,702.0,554,702.0,2026-09-03T19:34:57.920753+00:00
2022-12-26,715.5,726.0,702.0,726.0,2196,726.0,2026-09-03T19:34:57.920753+00:00
2022-12-27,740.0,754.0,712.0,740.0,1539,740.0,2026-09-03T19:34:57.920753+00:00
2022-12-28,754.0,754.0,725.2,732.0,897,732.0,2026-09-03T19:34:57.920753+00:00
2022-12-29,735.1,750.0,730.0,740.0,1142,740.0,2026-09-03T19:34:57.920753+00:00
2023-01-01,750.0,775.0,750.0,760.0,2113,760.0,2026-09-03T19:34:57.920753+00:00
2023-01-02,746.0,830.0,746.0,795.0,1171,795.0,2026-09-03T19:34:57.920753+00:00
2023-01-03,788.0,820.0,788.0,802.0,2178,802.0,2026-09-03T19:34:57.920753+00:00
2023-01-04,803.0,882.2,803.0,880.0,3921,880.0,2026-09-03T19:34:57.920753+00:00
2023-01-05,890.0,900.0,863.0,878.0,2718,878.0,2026-09-03T19:34:57.920753+00:00
2023-01-08,861.0,899.0,861.0,887.0,2453,887.0,2026-09-03T19:34:57.920753+00:00
2023-01-09,900.0,900.0,875.0,890.8,2271,890.8,2026-09-03T19:34:57.920753+00:00
2023-01-10,889.0,906.7,870.0,870.0,4876,870.0,2026-09-03T19:34:57.920753+00:00
2023-01-12,854.0,870.0,824.0,824.0,2147,824.0,2026-09-03T19:34:57.920753+00:00
2023-01-17,830.0,867.0,830.0,867.0,1714,867.0,2026-09-03T19:34:57.920753+00:00
2023-01-18,860.0,875.0,846.1,850.0,1435,850.0,2026-09-03T19:34:57.920753+00:00
2023-01-19,850.0,869.0,840.0,853.0,2066,853.0,2026-09-03T19:34:57.920753+00:00
2023-01-23,853.0,868.0,837.0,845.0,905,845.0,2026-09-03T19:34:57.920753+00:00
2023-01-24,860.0,861.9,800.0,831.0,1127,831.0,2026-09-03T19:34:57.920753+00:00
2023-01-25,847.6,852.7,820.0,848.0,620,848.0,2026-09-03T19:34:57.920753+00:00
2023-01-26,850.1,864.0,841.0,841.0,430,841.0,2026-09-03T19:34:57.920753+00:00
2023-01-29,854.0,854.0,824.2,833.0,1126,833.0,2026-09-03T19:34:57.920753+00:00
2023-01-30,816.5,830.0,814.0,814.0,677,814.0,2026-09-03T19:34:57.920753+00:00
2023-01-31,797.8,822.0,785.0,800.0,617,800.0,2026-09-03T19:34:57.920753+00:00
2023-02-01,785.0,805.0,780.0,800.0,1101,800.0,2026-09-03T19:34:57.920753+00:00
2023-02-02,800.0,801.9,770.0,770.0,1617,770.0,2026-09-03T19:34:57.920753+00:00
2023-02-05,760.0,790.0,760.0,780.0,825,780.0,2026-09-03T19:34:57.920753+00:00
2023-02-06,781.0,795.0,777.1,792.0,558,792.0,2026-09-03T19:34:57.920753+00:00
2023-02-07,790.0,815.0,790.0,810.0,966,810.0,2026-09-03T19:34:57.920753+00:00
2023-02-08,826.0,830.0,809.0,810.0,617,810.0,2026-09-03T19:34:57.920753+00:00
2023-02-09,826.0,826.0,794.1,805.0,680,805.0,2026-09-03T19:34:57.920753+00:00
2023-02-12,804.0,804.0,780.0,794.0,1070,794.0,2026-09-03T19:34:57.920753+00:00
2023-02-14,778.4,795.0,778.2,778.2,820,778.2,2026-09-03T19:34:57.920753+00:00
2023-02-15,778.1,783.0,765.0,776.0,1314,776.0,2026-09-03T19:34:57.920753+00:00
2023-02-16,775.0,777.0,760.0,765.0,761,765.0,2026-09-03T19:34:57.920753+00:00
2023-02-20,755.0,755.0,744.5,745.0,672,745.0,2026-09-03T19:34:57.920753+00:00
2023-02-22,745.0,745.0,722.0,725.2,1220,725.2,2026-09-03T19:34:57.920753+00:00
2023-02-23,711.0,711.0,652.7,652.7,4553,652.7,2026-09-03T19:34:57.920753+00:00
2023-02-26,650.0,702.0,600.0,698.0,3524,698.0,2026-09-03T19:34:57.920753+00:00
2023-02-27,711.0,719.9,680.0,680.0,1492,680.0,2026-09-03T19:34:57.920753+00:00
2023-02-28,675.1,685.0,669.0,672.0,1076,672.0,2026-09-03T19:34:57.920753+00:00
2023-03-01,685.0,685.0,652.0,663.5,1023,663.5,2026-09-03T19:34:57.920753+00:00
2023-03-02,651.0,663.0,641.0,641.0,593,641.0,2026-09-03T19:34:57.920753+00:00
2023-03-05,640.0,649.7,630.0,638.0,759,638.0,2026-09-03T19:34:57.920753+00:00
2023-03-07,635.0,658.5,615.0,630.1,789,630.1,2026-09-03T19:34:57.920753+00:00
2023-03-09,620.0,635.0,614.1,635.0,4436,635.0,2026-09-03T19:34:57.920753+00:00
2023-03-12,636.0,644.0,619.6,620.1,2283,620.1,2026-09-03T19:34:57.920753+00:00
2023-03-13,615.0,615.0,593.0,597.0,2110,597.0,2026-09-03T19:34:57.920753+00:00
2023-03-14,592.0,623.0,592.0,610.0,839,610.0,2026-09-03T19:34:57.920753+00:00
2023-03-15,610.0,610.0,580.0,596.7,2156,596.7,2026-09-03T19:34:57.920753+00:00
2023-03-16,588.0,599.0,580.0,591.6,2612,591.6,2026-09-03T19:34:57.920753+00:00
2023-03-19,580.0,585.0,575.0,585.0,1219,585.0,2026-09-03T19:34:57.920753+00:00
2023-03-20,575.0,589.0,572.0,587.8,1279,587.8,2026-09-03T19:34:57.920753+00:00
2023-03-22,587.5,587.5,577.1,578.0,643,578.0,2026-09-03T19:34:57.920753+00:00
2023-03-23,577.0,577.0,570.0,577.0,511,577.0,2026-09-03T19:34:57.920753+00:00
2023-03-26,577.0,577.0,550.0,570.0,1966,570.0,2026-09-03T19:34:57.920753+00:00
2023-03-27,558.6,564.9,547.5,564.9,748,564.9,2026-09-03T19:34:57.920753+00:00
2023-03-28,564.0,604.0,564.0,598.0,1830,598.0,2026-09-03T19:34:57.920753+00:00
2023-03-29,590.0,600.0,580.0,580.0,846,580.0,2026-09-03T19:34:57.920753+00:00
2023-03-30,575.0,586.0,575.0,575.0,750,575.0,2026-09-03T19:34:57.920753+00:00
2023-04-02,575.0,586.5,571.0,580.0,288,580.0,2026-09-03T19:34:57.920753+00:00
2023-04-03,590.0,590.0,567.0,570.0,463,570.0,2026-09-03T19:34:57.920753+00:00
2023-04-04,580.5,581.0,570.0,570.0,197,570.0,2026-09-03T19:34:57.920753+00:00
2023-04-05,579.0,582.0,570.4,575.0,675,575.0,2026-09-03T19:34:57.920753+00:00
2023-04-06,575.0,586.5,575.0,580.0,248,580.0,2026-09-03T19:34:57.920753+00:00
2023-04-09,590.0,592.0,575.0,575.0,464,575.0,2026-09-03T19:34:57.920753+00:00
2023-04-10,565.0,584.9,564.1,580.0,1884,580.0,2026-09-03T19:34:57.920753+00:00
2023-04-11,590.0,590.0,574.4,575.0,651,575.0,2026-09-03T19:34:57.920753+00:00
2023-04-12,586.5,609.0,586.5,605.0,1126,605.0,2026-09-03T19:34:57.920753+00:00
2023-04-13,615.0,615.0,602.7,602.7,1522,602.7,2026-09-03T19:34:57.920753+00:00
2023-04-16,600.0,600.0,582.0,589.0,313,589.0,2026-09-03T19:34:57.920753+00:00
2023-04-17,580.0,600.7,580.0,588.0,1229,588.0,2026-09-03T19:34:57.920753+00:00
2023-04-18,595.0,595.0,584.0,585.0,376,585.0,2026-09-03T19:34:57.920753+00:00
2023-04-19,581.0,592.0,581.0,585.0,127,585.0,2026-09-03T19:34:57.920753+00:00
2023-04-20,585.0,600.0,585.0,587.5,563,587.5,2026-09-03T19:34:57.920753+00:00
2023-04-23,576.1,587.0,575.8,575.8,246,575.8,2026-09-03T19:34:57.920753+00:00
2023-04-24,565.0,583.7,555.2,575.0,171,575.0,2026-09-03T19:34:57.920753+00:00
2023-04-25,586.0,586.0,570.0,571.0,152,571.0,2026-09-03T19:34:57.920753+00:00
2023-04-26,565.0,579.3,565.0,571.2,99,571.2,2026-09-03T19:34:57.920753+00:00
2023-04-27,562.0,571.0,562.0,571.0,141,571.0,2026-09-03T19:34:57.920753+00:00
2023-04-30,560.1,563.0,560.1,563.0,105,563.0,2026-09-03T19:34:57.920753+00:00
2023-05-02,563.0,574.2,562.0,562.0,295,562.0,2026-09-03T19:34:57.920753+00:00
2023-05-03,569.0,569.0,559.0,562.0,141,562.0,2026-09-03T19:34:57.920753+00:00
2023-05-04,562.0,584.4,558.2,580.0,524,580.0,2026-09-03T19:34:57.920753+00:00
2023-05-07,580.0,580.0,550.0,550.0,397,550.0,2026-09-03T19:34:57.920753+00:00
2023-05-08,555.0,555.5,550.0,552.0,295,552.0,2026-09-03T19:34:57.920753+00:00
2023-05-09,563.0,565.0,550.0,555.1,202,555.1,2026-09-03T19:34:57.920753+00:00
2023-05-10,566.2,566.2,546.5,546.5,192,546.5,2026-09-03T19:34:57.920753+00:00
2023-05-11,550.0,550.0,548.0,549.0,163,549.0,2026-09-03T19:34:57.920753+00:00
2023-05-14,540.0,541.0,531.0,534.5,531,534.5,2026-09-03T19:34:57.920753+00:00
2023-05-15,540.0,542.0,530.0,535.0,756,535.0,2026-09-03T19:34:57.920753+00:00
2023-05-16,531.0,536.0,531.0,536.0,72,536.0,2026-09-03T19:34:57.920753+00:00
2023-05-17,535.0,557.0,535.0,536.0,1200,536.0,2026-09-03T19:34:57.920753+00:00
2023-05-18,536.0,554.0,536.0,540.0,780,540.0,2026-09-03T19:34:57.920753+00:00
2023-05-21,545.0,566.1,537.0,547.0,740,547.0,2026-09-03T19:34:57.920753+00:00
2023-05-22,540.0,560.0,540.0,560.0,1872,560.0,2026-09-03T19:34:57.920753+00:00
2023-05-23,568.0,575.0,562.3,570.0,3547,570.0,2026-09-03T19:34:57.920753+00:00
2023-05-24,579.0,603.8,579.0,603.8,2432,603.8,2026-09-03T19:34:57.920753+00:00
2023-05-28,614.9,624.0,605.1,605.1,4384,605.1,2026-09-03T19:34:57.920753+00:00
2023-05-30,595.0,605.0,560.2,575.0,1342,575.0,2026-09-03T19:34:57.920753+00:00
2023-05-31,570.0,570.0,544.1,556.0,2967,556.0,2026-09-03T19:34:57.920753+00:00
2023-06-01,545.1,566.0,545.0,561.0,521,561.0,2026-09-03T19:34:57.920753+00:00
2023-06-04,572.2,582.0,570.2,582.0,3884,582.0,2026-09-03T19:34:57.920753+00:00
2023-06-05,580.1,591.0,571.5,583.0,872,583.0,2026-09-03T19:34:57.920753+00:00
2023-06-06,573.0,581.0,573.0,581.0,2001,581.0,2026-09-03T19:34:57.920753+00:00
2023-06-07,592.6,602.0,579.0,580.1,1819,580.1,2026-09-03T19:34:57.920753+00:00
2023-06-08,572.0,581.6,570.0,580.0,1721,580.0,2026-09-03T19:34:57.920753+00:00
2023-06-11,588.0,589.0,583.0,587.9,1317,587.9,2026-09-03T19:34:57.920753+00:00
2023-06-12,588.0,595.0,588.0,593.0,1407,593.0,2026-09-03T19:34:57.920753+00:00
2023-06-13,582.4,616.0,582.4,605.5,7089,605.5,2026-09-03T19:34:57.920753+00:00
2023-06-14,610.0,634.0,610.0,622.0,3566,622.0,2026-09-03T19:34:57.920753+00:00
2023-06-15,630.0,630.0,610.0,614.0,986,614.0,2026-09-03T19:34:57.920753+00:00
2023-06-18,620.0,626.1,615.0,624.0,4011,624.0,2026-09-03T19:34:57.920753+00:00
2023-06-19,616.1,640.0,616.1,630.0,2640,630.0,2026-09-03T19:34:57.920753+00:00
2023-06-20,628.0,630.0,612.5,612.5,2923,612.5,2026-09-03T19:34:57.920753+00:00
2023-06-21,601.0,607.0,590.0,590.1,4349,590.1,2026-09-03T19:34:57.920753+00:00
2023-06-22,590.0,607.0,590.0,594.0,1040,594.0,2026-09-03T19:34:57.920753+00:00
2023-06-25,602.0,615.0,600.0,615.0,2930,615.0,2026-09-03T19:34:57.920753+00:00
2023-06-26,627.0,638.5,618.0,638.5,4860,638.5,2026-09-03T19:34:57.920753+00:00
2023-06-27,651.1,702.3,640.0,702.3,12853,702.3,2026-09-03T19:34:57.920753+00:00
2023-06-28,716.3,716.3,675.0,691.0,5031,691.0,2026-09-03T19:34:57.920753+00:00
2023-07-02,699.0,699.0,648.0,653.0,5194,653.0,2026-09-03T19:34:57.920753+00:00
2023-07-03,640.0,660.0,640.0,640.0,1645,640.0,2026-09-03T19:34:57.920753+00:00
2023-07-04,650.0,650.0,636.0,636.0,1843,636.0,2026-09-03T19:34:57.920753+00:00
2023-07-05,636.0,658.0,627.1,627.1,2362,627.1,2026-09-03T19:34:57.920753+00:00
2023-07-06,630.0,634.0,615.0,618.0,1363,618.0,2026-09-03T19:34:57.920753+00:00
2023-07-09,630.3,642.5,617.4,625.0,2119,625.0,2026-09-03T19:34:57.920753+00:00
2023-07-10,630.0,645.0,630.0,637.0,1721,637.0,2026-09-03T19:34:57.920753+00:00
2023-07-11,640.0,640.0,617.5,637.4,1982,637.4,2026-09-03T19:34:57.920753+00:00
2023-07-12,640.0,655.0,630.1,654.5,2397,654.5,2026-09-03T19:34:57.920753+00:00
2023-07-13,667.3,680.0,650.0,650.0,3376,650.0,2026-09-03T19:34:57.920753+00:00
2023-07-16,641.0,656.0,638.5,647.0,588,647.0,2026-09-03T19:34:57.920753+00:00
2023-07-17,647.0,676.0,647.0,673.9,2473,673.9,2026-09-03T19:34:57.920753+00:00
2023-07-18,661.0,695.0,661.0,674.0,1967,674.0,2026-09-03T19:34:57.920753+00:00
2023-07-19,687.0,687.0,667.1,667.1,726,667.1,2026-09-03T19:34:57.920753+00:00
2023-07-20,679.9,679.9,653.8,670.0,1425,670.0,2026-09-03T19:34:57.920753+00:00
2023-07-23,683.4,683.4,658.0,675.0,1570,675.0,2026-09-03T19:34:57.920753+00:00
2023-07-24,679.9,693.0,665.0,672.9,3773,672.9,2026-09-03T19:34:57.920753+00:00
2023-07-25,686.0,686.0,656.0,667.0,782,667.0,2026-09-03T19:34:57.920753+00:00
2023-07-26,666.0,680.0,655.0,662.0,1930,662.0,2026-09-03T19:34:57.920753+00:00
2023-07-27,650.0,660.0,640.1,644.0,1679,644.0,2026-09-03T19:34:57.920753+00:00
2023-07-30,644.0,653.0,620.4,637.0,2122,637.0,2026-09-03T19:34:57.920753+00:00
2023-07-31,624.3,641.0,624.3,624.5,747,624.5,2026-09-03T19:34:57.920753+00:00
2023-08-01,636.9,636.9,607.6,619.0,1495,619.0,2026-09-03T19:34:57.920753+00:00
2023-08-02,631.0,631.0,596.1,624.0,485,624.0,2026-09-03T19:34:57.920753+00:00
2023-08-03,636.0,644.0,620.0,634.0,476,634.0,2026-09-03T19:34:57.920753+00:00
2023-08-06,646.0,646.6,604.2,620.0,707,620.0,2026-09-03T19:34:57.920753+00:00
2023-08-07,619.9,625.0,610.0,621.9,480,621.9,2026-09-03T19:34:57.920753+00:00
2023-08-08,610.0,613.0,600.8,600.8,902,600.8,2026-09-03T19:34:57.920753+00:00
2023-08-09,590.0,611.0,588.8,611.0,982,611.0,2026-09-03T19:34:57.920753+00:00
2023-08-10,623.0,623.0,601.0,607.1,509,607.1,2026-09-03T19:34:57.920753+00:00
2023-08-13,607.0,615.0,601.0,614.0,607,614.0,2026-09-03T19:34:57.920753+00:00
2023-08-14,610.0,610.0,598.1,598.2,3049,598.2,2026-09-03T19:34:57.920753+00:00
2023-08-15,589.0,595.0,580.0,585.0,1056,585.0,2026-09-03T19:34:57.920753+00:00
2023-08-16,580.0,585.0,569.0,569.0,1632,569.0,2026-09-03T19:34:57.920753+00:00
2023-08-17,580.0,580.0,569.0,574.0,397,574.0,2026-09-03T19:34:57.920753+00:00
2023-08-20,584.0,584.0,562.6,574.0,673,574.0,2026-09-03T19:34:57.920753+00:00
2023-08-21,585.4,585.4,568.4,570.0,499,570.0,2026-09-03T19:34:57.920753+00:00
2023-08-22,581.4,581.4,560.0,571.0,868,571.0,2026-09-03T19:34:57.920753+00:00
2023-08-23,582.0,582.0,572.0,575.0,456,575.0,2026-09-03T19:34:57.920753+00:00
2023-08-24,567.0,572.0,560.0,563.0,1128,563.0,2026-09-03T19:34:57.920753+00:00
2023-08-27,553.0,558.0,550.0,552.0,856,552.0,2026-09-03T19:34:57.920753+00:00
2023-08-28,542.0,555.0,542.0,555.0,309,555.0,2026-09-03T19:34:57.920753+00:00
2023-08-29,546.0,559.0,546.0,547.0,431,547.0,2026-09-03T19:34:57.920753+00:00
2023-08-30,557.0,557.0,544.1,555.0,1362,555.0,2026-09-03T19:34:57.920753+00:00
2023-09-03,544.0,552.0,534.0,540.2,615,540.2,2026-09-03T19:34:57.920753+00:00
2023-09-04,551.0,551.0,536.1,540.0,668,540.0,2026-09-03T19:34:57.920753+00:00
2023-09-05,540.0,540.0,532.1,533.1,447,533.1,2026-09-03T19:34:57.920753+00:00
2023-09-07,543.7,552.0,535.0,535.0,1601,535.0,2026-09-03T19:34:57.920753+00:00
2023-09-10,530.0,535.0,529.0,532.0,343,532.0,2026-09-03T19:34:57.920753+00:00
2023-09-11,530.0,538.0,530.0,536.0,443,536.0,2026-09-03T19:34:57.920753+00:00
2023-09-12,536.0,540.0,528.1,532.0,419,532.0,2026-09-03T19:34:57.920753+00:00
2023-09-13,540.0,548.0,535.0,548.0,661,548.0,2026-09-03T19:34:57.920753+00:00
2023-09-17,548.0,549.9,530.0,534.1,686,534.1,2026-09-03T19:34:57.920753+00:00
2023-09-18,532.1,544.6,532.0,540.0,708,540.0,2026-09-03T19:34:57.920753+00:00
2023-09-19,535.0,540.0,534.5,540.0,523,540.0,2026-09-03T19:34:57.920753+00:00
2023-09-21,532.0,562.0,532.0,559.0,1121,559.0,2026-09-03T19:34:57.920753+00:00
2023-09-24,559.0,567.0,551.0,565.0,1159,565.0,2026-09-03T19:34:57.920753+00:00
2023-09-25,554.0,564.7,543.0,552.0,828,552.0,2026-09-03T19:34:57.920753+00:00
2023-09-26,563.0,566.0,552.0,565.0,1438,565.0,2026-09-03T19:34:57.920753+00:00
2023-09-27,554.0,583.0,554.0,562.0,1422,562.0,2026-09-03T19:34:57.920753+00:00
2023-10-01,550.8,572.9,540.1,550.0,887,550.0,2026-09-03T19:34:57.920753+00:00
2023-10-02,561.0,564.0,550.0,564.0,551,564.0,2026-09-03T19:34:57.920753+00:00
2023-10-03,560.0,569.9,553.0,553.0,509,553.0,2026-09-03T19:34:57.920753+00:00
2023-10-04,564.0,570.0,555.0,565.0,784,565.0,2026-09-03T19:34:57.920753+00:00
2023-10-05,555.2,571.2,550.0,550.0,455,550.0,2026-09-03T19:34:57.920753+00:00
2023-10-08,546.0,549.0,540.0,545.9,391,545.9,2026-09-03T19:34:57.920753+00:00
2023-10-09,540.0,555.9,537.2,550.0,202,550.0,2026-09-03T19:34:57.920753+00:00
2023-10-10,541.0,541.0,531.0,535.0,906,535.0,2026-09-03T19:34:57.920753+00:00
2023-10-11,545.0,545.0,527.1,536.0,447,536.0,2026-09-03T19:34:57.920753+00:00
2023-10-12,530.0,539.0,525.0,539.0,1544,539.0,2026-09-03T19:34:57.920753+00:00
2023-10-16,529.0,535.0,520.1,530.0,471,530.0,2026-09-03T19:34:57.920753+00:00
2023-10-17,523.0,551.4,523.0,535.0,322,535.0,2026-09-03T19:34:57.920753+00:00
2023-10-18,545.0,555.0,544.0,545.0,362,545.0,2026-09-03T19:34:57.920753+00:00
2023-10-19,553.0,555.0,545.0,555.0,476,555.0,2026-09-03T19:34:57.920753+00:00
2023-10-29,555.0,555.0,544.0,553.0,125,553.0,2026-09-03T19:34:57.920753+00:00
2023-10-30,542.0,545.0,532.0,545.0,542,545.0,2026-09-03T19:34:57.920753+00:00
2023-10-31,534.2,534.2,523.5,530.0,648,530.0,2026-09-03T19:34:57.920753+00:00
2023-11-01,535.0,535.0,520.0,525.0,1375,525.0,2026-09-03T19:34:57.920753+00:00
2023-11-02,525.0,525.0,520.0,524.0,419,524.0,2026-09-03T19:34:57.920753+00:00
2023-11-05,513.6,516.0,511.0,511.0,722,511.0,2026-09-03T19:34:57.920753+00:00
2023-11-06,510.0,520.0,502.2,520.0,426,520.0,2026-09-03T19:34:57.920753+00:00
2023-11-07,522.0,525.0,520.0,520.0,209,520.0,2026-09-03T19:34:57.920753+00:00
2023-11-08,520.0,520.0,513.0,520.0,392,520.0,2026-09-03T19:34:57.920753+00:00
2023-11-09,510.5,530.4,510.5,530.0,138,530.0,2026-09-03T19:34:57.920753+00:00
2023-11-20,520.0,525.0,519.4,525.0,292,525.0,2026-09-03T19:34:57.920753+00:00
2023-11-21,515.0,520.0,505.0,520.0,689,520.0,2026-09-03T19:34:57.920753+00:00
2023-11-22,515.0,541.0,515.0,541.0,632,541.0,2026-09-03T19:34:57.920753+00:00
2023-11-23,540.0,540.0,520.0,539.0,291,539.0,2026-09-03T19:34:57.920753+00:00
2023-11-26,528.5,545.0,528.5,535.0,537,535.0,2026-09-03T19:34:57.920753+00:00
2023-11-27,544.0,544.0,524.0,543.0,218,543.0,2026-09-03T19:34:57.920753+00:00
2023-11-28,533.0,542.0,515.0,520.3,940,520.3,2026-09-03T19:34:57.920753+00:00
2023-11-29,520.0,525.0,520.0,521.0,147,521.0,2026-09-03T19:34:57.920753+00:00
2023-11-30,515.1,521.0,515.0,521.0,564,521.0,2026-09-03T19:34:57.920753+00:00
2023-12-03,520.0,521.0,508.0,508.0,721,508.0,2026-09-03T19:34:57.920753+00:00
2023-12-04,508.0,518.0,508.0,516.0,378,516.0,2026-09-03T19:34:57.920753+00:00
2023-12-05,516.0,526.3,508.1,510.0,296,510.0,2026-09-03T19:34:57.920753+00:00
2023-12-06,501.0,514.0,501.0,506.0,461,506.0,2026-09-03T19:34:57.920753+00:00
2023-12-07,500.1,510.0,500.1,510.0,525,510.0,2026-09-03T19:34:57.920753+00:00
2023-12-11,520.2,540.6,519.9,538.7,4183,538.7,2026-09-03T19:34:57.920753+00:00
2023-12-12,537.0,565.0,529.0,565.0,1677,565.0,2026-09-03T19:34:57.920753+00:00
2023-12-13,575.0,575.9,544.0,545.0,2028,545.0,2026-09-03T19:34:57.920753+00:00
2023-12-14,555.0,563.8,540.1,544.0,1000,544.0,2026-09-03T19:34:57.920753+00:00
2023-12-17,534.0,560.0,534.0,559.0,1021,559.0,2026-09-03T19:34:57.920753+00:00
2023-12-18,570.0,604.0,551.3,603.9,5279,603.9,2026-09-03T19:34:57.920753+00:00
2023-12-19,601.0,640.0,596.0,616.0,4653,616.0,2026-09-03T19:34:57.920753+00:00
2023-12-20,621.0,621.0,596.0,617.0,1692,617.0,2026-09-03T19:34:57.920753+00:00
2023-12-21,615.0,615.0,582.0,598.0,3257,598.0,2026-09-03T19:34:57.920753+00:00
2023-12-24,589.0,600.5,580.0,588.0,2980,588.0,2026-09-03T19:34:57.920753+00:00
2023-12-27,580.1,582.0,566.3,570.0,3169,570.0,2026-09-03T19:34:57.920753+00:00
2023-12-28,558.6,581.4,558.6,580.0,1130,580.0,2026-09-03T19:34:57.920753+00:00
2024-01-01,572.0,595.0,572.0,573.2,2209,573.2,2026-09-03T19:34:57.920753+00:00
2024-01-02,565.0,584.6,554.0,561.0,1375,561.0,2026-09-03T19:34:57.920753+00:00
2024-01-03,551.0,568.0,550.1,565.0,1046,565.0,2026-09-03T19:34:57.920753+00:00
2024-01-04,557.0,585.0,556.0,570.2,3281,570.2,2026-09-03T19:34:57.920753+00:00
2024-01-07,559.0,570.0,559.0,570.0,1028,570.0,2026-09-03T19:34:57.920753+00:00
2024-01-08,565.1,576.0,565.1,576.0,705,576.0,2026-09-03T19:34:57.920753+00:00
2024-01-09,587.0,597.9,573.1,582.0,2358,582.0,2026-09-03T19:34:57.920753+00:00
2024-01-10,593.6,612.0,583.1,595.3,4367,595.3,2026-09-03T19:34:57.920753+00:00
2024-01-11,585.1,600.0,585.0,594.0,1809,594.0,2026-09-03T19:34:57.920753+00:00
2024-01-14,600.0,628.7,600.0,601.0,2009,601.0,2026-09-03T19:34:57.920753+00:00
2024-01-16,608.0,620.0,608.0,619.0,4702,619.0,2026-09-03T19:34:57.920753+00:00
2024-01-17,611.0,655.0,611.0,613.0,6662,613.0,2026-09-03T19:34:57.920753+00:00
2024-01-18,602.3,638.0,602.2,620.0,8564,620.0,2026-09-03T19:34:57.920753+00:00
2024-01-21,620.0,636.0,608.2,613.5,2160,613.5,2026-09-03T19:34:57.920753+00:00
2024-01-22,613.5,623.0,598.6,617.0,6321,617.0,2026-09-03T19:34:57.920753+00:00
2024-01-23,606.0,618.0,605.7,606.0,982,606.0,2026-09-03T19:34:57.920753+00:00
2024-01-24,595.1,609.0,595.1,597.1,1506,597.1,2026-09-03T19:34:57.920753+00:00
2024-01-25,600.0,656.0,600.0,607.0,2157,607.0,2026-09-03T19:34:57.920753+00:00
2024-01-28,610.0,634.5,603.0,630.0,2351,630.0,2026-09-03T19:34:57.920753+00:00
2024-01-29,625.5,638.0,617.5,620.0,1260,620.0,2026-09-03T19:34:57.920753+00:00
2024-01-30,631.9,631.9,613.1,614.9,706,614.9,2026-09-03T19:34:57.920753+00:00
2024-01-31,620.0,624.9,605.1,605.2,2167,605.2,2026-09-03T19:34:57.920753+00:00
2024-02-01,595.1,605.0,593.1,594.0,4064,594.0,2026-09-03T19:34:57.920753+00:00
2024-02-04,599.0,604.0,590.1,600.0,2516,600.0,2026-09-03T19:34:57.920753+00:00
2024-02-05,600.0,619.8,595.0,619.8,2753,619.8,2026-09-03T19:34:57.920753+00:00
2024-02-06,619.0,621.0,607.7,620.0,1846,620.0,2026-09-03T19:34:57.920753+00:00
2024-02-07,620.0,640.0,618.0,625.1,4179,625.1,2026-09-03T19:34:57.920753+00:00
2024-02-08,637.4,637.6,624.9,627.0,1708,627.0,2026-09-03T19:34:57.920753+00:00
2024-02-11,621.3,635.0,621.3,625.7,1617,625.7,2026-09-03T19:34:57.920753+00:00
2024-02-12,618.0,640.0,618.0,626.0,3717,626.0,2026-09-03T19:34:57.920753+00:00
2024-02-13,620.0,632.0,610.0,610.0,2681,610.0,2026-09-03T19:34:57.920753+00:00
2024-02-14,622.2,626.0,612.0,621.0,2017,621.0,2026-09-03T19:34:57.920753+00:00
2024-02-15,611.0,629.8,611.0,626.5,1778,626.5,2026-09-03T19:34:57.920753+00:00
2024-02-18,626.0,628.0,616.2,618.9,1718,618.9,2026-09-03T19:34:57.920753+00:00
2024-02-20,613.0,625.0,613.0,618.0,1293,618.0,2026-09-03T19:34:57.920753+00:00
2024-02-21,614.2,622.0,614.0,617.2,1633,617.2,2026-09-03T19:34:57.920753+00:00
2024-02-22,618.0,622.0,616.5,616.5,3114,616.5,2026-09-03T19:34:57.920753+00:00
2024-02-25,606.0,616.0,601.0,607.0,1868,607.0,2026-09-03T19:34:57.920753+00:00
2024-02-26,607.0,610.0,600.0,605.0,1618,605.0,2026-09-03T19:34:57.920753+00:00
2024-02-27,605.0,610.1,597.0,605.0,512,605.0,2026-09-03T19:34:57.920753+00:00
2024-02-28,617.1,617.1,605.0,610.0,1230,610.0,2026-09-03T19:34:57.920753+00:00
2024-02-29,600.1,613.0,600.1,602.5,1019,602.5,2026-09-03T19:34:57.920753+00:00
2024-03-03,614.5,614.5,585.0,600.0,842,600.0,2026-09-03T19:34:57.920753+00:00
2024-03-05,612.0,636.0,605.1,608.0,2391,608.0,2026-09-03T19:34:57.920753+00:00
2024-03-06,610.0,619.0,607.0,609.5,1356,609.5,2026-09-03T19:34:57.920753+00:00
2024-03-07,620.0,620.0,605.0,612.0,443,612.0,2026-09-03T19:34:57.920753+00:00
2024-03-10,606.1,650.9,606.1,640.0,6603,640.0,2026-09-03T19:34:57.920753+00:00
2024-03-12,630.0,683.0,628.1,680.0,9573,680.0,2026-09-03T19:34:57.920753+00:00
2024-03-13,671.0,693.0,655.0,690.0,4900,690.0,2026-09-03T19:34:57.920753+00:00
2024-03-14,679.0,693.7,657.0,688.5,7938,688.5,2026-09-03T19:34:57.920753+00:00
2024-03-17,675.0,690.1,675.0,677.1,5640,677.1,2026-09-03T19:34:57.920753+00:00
2024-03-18,670.0,683.0,670.0,675.0,4208,675.0,2026-09-03T19:34:57.920753+00:00
2024-03-19,688.5,724.0,688.5,712.0,10681,712.0,2026-09-03T19:34:57.920753+00:00
2024-03-20,724.0,783.2,724.0,765.0,18807,765.0,2026-09-03T19:34:57.920753+00:00
2024-03-21,765.0,778.0,715.5,747.0,3915,747.0,2026-09-03T19:34:57.920753+00:00
2024-03-25,745.0,747.0,707.0,716.5,5710,716.5,2026-09-03T19:34:57.920753+00:00
2024-03-26,708.0,764.9,708.0,739.5,8187,739.5,2026-09-03T19:34:57.920753+00:00
2024-03-27,740.0,740.0,712.0,720.0,3266,720.0,2026-09-03T19:34:57.920753+00:00
2024-03-28,708.1,722.0,703.0,721.9,7137,721.9,2026-09-03T19:34:57.920753+00:00
2024-03-31,730.0,744.0,690.9,690.9,4250,690.9,2026-09-03T19:34:57.920753+00:00
2024-04-01,699.0,715.0,692.0,715.0,5198,715.0,2026-09-03T19:34:57.920753+00:00
2024-04-02,701.0,751.0,701.0,739.0,11154,739.0,2026-09-03T19:34:57.920753+00:00
2024-04-03,739.0,775.2,739.0,759.0,12646,759.0,2026-09-03T19:34:57.920753+00:00
2024-04-04,748.0,802.0,748.0,784.0,14758,784.0,2026-09-03T19:34:57.920753+00:00
2024-04-07,781.0,831.1,770.0,781.0,8197,781.0,2026-09-03T19:34:57.920753+00:00
2024-04-09,790.1,818.9,769.1,787.0,3912,787.0,2026-09-03T19:34:57.920753+00:00
2024-04-10,776.0,776.0,757.1,763.0,3204,763.0,2026-09-03T19:34:57.920753+00:00
2024-04-14,776.9,800.0,747.8,785.0,15436,785.0,2026-09-03T19:34:57.920753+00:00
2024-04-15,800.0,800.7,770.0,770.0,5388,770.0,2026-09-03T19:34:57.920753+00:00
2024-04-16,757.0,774.9,757.0,762.0,4314,762.0,2026-09-03T19:34:57.920753+00:00
2024-04-18,746.8,760.0,745.1,745.1,6812,745.1,2026-09-03T19:34:57.920753+00:00
2024-04-21,745.0,768.9,730.4,768.9,2058,768.9,2026-09-03T19:34:57.920753+00:00
2024-04-22,768.0,770.0,756.0,756.7,1107,756.7,2026-09-03T19:34:57.920753+00:00
2024-04-24,757.0,760.0,747.0,756.0,2625,756.0,2026-09-03T19:34:57.920753+00:00
2024-04-25,746.0,760.0,746.0,755.0,2440,755.0,2026-09-03T19:34:57.920753+00:00
2024-04-28,742.1,774.0,742.1,774.0,4863,774.0,2026-09-03T19:34:57.920753+00:00
2024-04-29,770.0,780.0,767.1,767.2,6577,767.2,2026-09-03T19:34:57.920753+00:00
2024-04-30,770.0,802.0,766.0,800.0,8514,800.0,2026-09-03T19:34:57.920753+00:00
2024-05-02,800.0,848.0,787.0,837.0,13546,837.0,2026-09-03T19:34:57.920753+00:00
2024-05-05,821.0,874.0,804.6,820.0,26761,820.0,2026-09-03T19:34:57.920753+00:00
2024-05-06,803.8,825.0,803.8,813.5,10816,813.5,2026-09-03T19:34:57.920753+00:00
2024-05-07,829.7,867.0,815.0,867.0,12850,867.0,2026-09-03T19:34:57.920753+00:00
2024-05-08,883.0,902.7,851.0,902.7,21090,902.7,2026-09-03T19:34:57.920753+00:00
2024-05-09,890.0,919.9,873.9,916.6,14299,916.6,2026-09-03T19:34:57.920753+00:00
2024-05-12,898.3,933.0,862.8,896.0,21320,896.0,2026-09-03T19:34:57.920753+00:00
2024-05-13,878.1,944.4,845.0,866.0,47974,866.0,2026-09-03T19:34:57.920753+00:00
2024-05-14,849.1,895.0,826.0,874.1,19823,874.1,2026-09-03T19:34:57.920753+00:00
2024-05-15,879.0,900.0,860.1,900.0,26123,900.0,2026-09-03T19:34:57.920753+00:00
2024-05-16,882.1,955.0,866.0,945.0,37972,945.0,2026-09-03T19:34:57.920753+00:00
2024-05-19,963.9,963.9,926.2,935.6,17960,935.6,2026-09-03T19:34:57.920753+00:00
2024-05-20,954.0,954.0,901.2,905.0,12686,905.0,2026-09-03T19:34:57.920753+00:00
2024-05-21,886.9,960.0,886.9,946.0,25058,946.0,2026-09-03T19:34:57.920753+00:00
2024-05-22,959.9,960.0,930.0,930.0,8162,930.0,2026-09-03T19:34:57.920753+00:00
2024-05-26,914.0,939.0,914.0,915.5,10378,915.5,2026-09-03T19:34:57.920753+00:00
2024-05-27,897.2,951.0,880.0,936.0,8904,936.0,2026-09-03T19:34:57.920753+00:00
2024-05-29,949.9,960.0,920.0,926.0,10140,926.0,2026-09-03T19:34:57.920753+00:00
2024-05-30,911.2,948.5,911.0,911.0,7719,911.0,2026-09-03T19:34:57.920753+00:00
2024-06-02,912.0,947.5,894.1,917.0,4824,917.0,2026-09-03T19:34:57.920753+00:00
2024-06-03,906.1,950.0,906.0,943.0,9296,943.0,2026-09-03T19:34:57.920753+00:00
2024-06-04,955.0,1007.7,938.0,960.0,20895,960.0,2026-09-03T19:34:57.920753+00:00
2024-06-05,975.0,1022.0,961.0,990.0,32007,990.0,2026-09-03T19:34:57.920753+00:00
2024-06-06,1009.8,1028.0,999.0,1010.0,22232,1010.0,2026-09-03T19:34:57.920753+00:00
2024-06-09,1011.0,1028.0,965.0,974.0,12926,974.0,2026-09-03T19:34:57.920753+00:00
2024-06-10,961.0,993.4,938.0,992.0,13203,992.0,2026-09-03T19:34:57.920753+00:00
2024-06-11,1011.8,1020.0,976.0,1015.0,9997,1015.0,2026-09-03T19:34:57.920753+00:00
2024-06-12,1027.9,1035.0,999.1,1030.0,13866,1030.0,2026-09-03T19:34:57.920753+00:00
2024-06-13,1043.0,1043.0,1011.0,1022.0,8814,1022.0,2026-09-03T19:34:57.920753+00:00
2024-06-16,1004.0,1015.0,995.0,1000.0,5756,1000.0,2026-09-03T19:34:57.920753+00:00
2024-06-18,983.1,998.0,970.0,986.0,5844,986.0,2026-09-03T19:34:57.920753+00:00
2024-06-19,967.0,1005.6,967.0,975.0,4784,975.0,2026-09-03T19:34:57.920753+00:00
2024-06-20,971.0,980.0,964.0,970.0,4418,970.0,2026-09-03T19:34:57.920753+00:00
2024-06-23,989.0,989.0,951.0,955.0,7738,955.0,2026-09-03T19:34:57.920753+00:00
2024-06-24,955.0,1020.0,955.0,1016.0,23312,1016.0,2026-09-03T19:34:57.920753+00:00
2024-06-25,1020.0,1050.0,1020.0,1048.5,28885,1048.5,2026-09-03T19:34:57.920753+00:00
2024-06-26,1069.4,1094.3,1060.0,1080.0,42048,1080.0,2026-09-03T19:34:57.920753+00:00
2024-06-27,1085.0,1085.0,1050.0,1057.9,13028,1057.9,2026-09-03T19:34:57.920753+00:00
2024-06-30,1045.0,1055.0,1026.0,1050.0,10882,1050.0,2026-09-03T19:34:57.920753+00:00
2024-07-01,1070.0,1070.0,1040.1,1060.0,7539,1060.0,2026-09-03T19:34:57.920753+00:00
2024-07-02,1081.2,1166.0,1056.0,1099.9,27455,1099.9,2026-09-03T19:34:57.920753+00:00
2024-07-03,1100.0,1120.0,1081.0,1119.0,18672,1119.0,2026-09-03T19:34:57.920753+00:00
2024-07-04,1100.0,1229.0,1096.7,1201.0,23184,1201.0,2026-09-03T19:34:57.920753+00:00
2024-07-07,1177.0,1295.0,1177.0,1206.0,26472,1206.0,2026-09-03T19:34:57.920753+00:00
2024-07-08,1181.9,1256.0,1181.9,1224.0,19917,1224.0,2026-09-03T19:34:57.920753+00:00
2024-07-09,1199.6,1271.0,1199.6,1256.0,18842,1256.0,2026-09-03T19:34:57.920753+00:00
2024-07-10,1281.1,1281.1,1208.0,1216.0,17816,1216.0,2026-09-03T19:34:57.920753+00:00
2024-07-11,1235.0,1235.0,1190.0,1192.5,17703,1192.5,2026-09-03T19:34:57.920753+00:00
2024-07-14,1216.0,1260.0,1196.5,1245.0,20008,1245.0,2026-09-03T19:34:57.920753+00:00
2024-07-15,1269.9,1269.9,1201.0,1230.0,20085,1230.0,2026-09-03T19:34:57.920753+00:00
2024-07-16,1215.0,1320.0,1210.0,1289.0,23615,1289.0,2026-09-03T19:34:57.920753+00:00
2024-07-17,1263.3,1417.9,1240.0,1415.0,27969,1415.0,2026-09-03T19:34:57.920753+00:00
2024-07-18,1386.7,1491.0,1308.0,1400.0,29077,1400.0,2026-09-03T19:34:57.920753+00:00
2024-07-21,1372.0,1479.0,1321.0,1396.0,15203,1396.0,2026-09-03T19:34:57.920753+00:00
2024-07-22,1370.0,1370.2,1330.0,1365.0,16122,1365.0,2026-09-03T19:34:57.920753+00:00
2024-07-23,1392.0,1440.0,1301.4,1320.9,21663,1320.9,2026-09-03T19:34:57.920753+00:00
2024-07-24,1305.0,1442.0,1295.0,1442.0,21169,1442.0,2026-09-03T19:34:57.920753+00:00
2024-07-25,1413.2,1413.2,1304.4,1390.0,26159,1390.0,2026-09-03T19:34:57.920753+00:00
2024-07-28,1362.2,1468.0,1310.0,1360.6,15097,1360.6,2026-09-03T19:34:57.920753+00:00
2024-07-29,1333.4,1333.5,1239.7,1247.0,23308,1247.0,2026-09-03T19:34:57.920753+00:00
2024-07-30,1222.1,1309.6,1210.3,1284.0,19338,1284.0,2026-09-03T19:34:57.920753+00:00
2024-07-31,1270.0,1280.0,1245.0,1250.0,12988,1250.0,2026-09-03T19:34:57.920753+00:00
2024-08-01,1275.0,1300.0,1219.0,1224.0,16822,1224.0,2026-09-03T19:34:57.920753+00:00
2024-08-05,1224.0,1224.0,1167.1,1193.0,18032,1193.0,2026-09-03T19:34:57.920753+00:00
2024-08-06,1170.0,1200.0,1098.6,1200.0,15826,1200.0,2026-09-03T19:34:57.920753+00:00
2024-08-07,1176.0,1294.0,1151.5,1294.0,15271,1294.0,2026-09-03T19:34:57.920753+00:00
2024-08-08,1295.0,1295.0,1221.0,1230.2,10751,1230.2,2026-09-03T19:34:57.920753+00:00
2024-08-11,1250.0,1324.0,1231.0,1270.0,14328,1270.0,2026-09-03T19:34:57.920753+00:00
2024-08-12,1244.6,1319.0,1230.0,1250.0,14944,1250.0,2026-09-03T19:34:57.920753+00:00
2024-08-13,1225.0,1345.0,1188.0,1269.0,21374,1269.0,2026-09-03T19:34:57.920753+00:00
2024-08-14,1243.7,1243.7,1201.0,1225.0,4480,1225.0,2026-09-03T19:34:57.920753+00:00
2024-08-15,1220.0,1220.0,1185.0,1189.9,15602,1189.9,2026-09-03T19:34:57.920753+00:00
2024-08-18,1189.9,1189.9,1145.0,1145.1,13029,1145.1,2026-09-03T19:34:57.920753+00:00
2024-08-21,1131.0,1144.0,1090.0,1109.6,13020,1109.6,2026-09-03T19:34:57.920753+00:00
2024-08-22,1100.0,1130.0,1080.0,1130.0,13447,1130.0,2026-09-03T19:34:57.920753+00:00
2024-08-25,1131.0,1220.0,1110.0,1170.1,14424,1170.1,2026-09-03T19:34:57.920753+00:00
2024-08-27,1193.5,1200.0,1127.0,1170.0,10522,1170.0,2026-09-03T19:34:57.920753+00:00
2024-08-28,1170.0,1175.0,1111.1,1144.9,5482,1144.9,2026-09-03T19:34:57.920753+00:00
2024-08-29,1130.0,1138.0,1103.0,1138.0,7154,1138.0,2026-09-03T19:34:57.920753+00:00
2024-09-01,1117.0,1134.4,1080.0,1081.0,11424,1081.0,2026-09-03T19:34:57.920753+00:00
2024-09-02,1100.0,1134.2,1075.0,1134.2,7886,1134.2,2026-09-03T19:34:57.920753+00:00
2024-09-03,1134.0,1140.0,1111.0,1116.0,3903,1116.0,2026-09-03T19:34:57.920753+00:00
2024-09-04,1120.1,1150.0,1090.0,1095.0,8224,1095.0,2026-09-03T19:34:57.920753+00:00
2024-09-05,1080.0,1144.4,1080.0,1115.0,9512,1115.0,2026-09-03T19:34:57.920753+00:00
2024-09-08,1137.0,1181.9,1115.0,1143.0,12485,1143.0,2026-09-03T19:34:57.920753+00:00
2024-09-09,1155.0,1165.0,1103.7,1104.0,5094,1104.0,2026-09-03T19:34:57.920753+00:00
2024-09-10,1120.0,1125.0,1078.0,1081.0,5292,1081.0,2026-09-03T19:34:57.920753+00:00
2024-09-11,1075.1,1100.0,1075.1,1077.1,4988,1077.1,2026-09-03T19:34:57.920753+00:00
2024-09-12,1077.4,1106.0,1055.0,1089.0,5989,1089.0,2026-09-03T19:34:57.920753+00:00
2024-09-15,1110.0,1110.0,1065.4,1066.0,5008,1066.0,2026-09-03T19:34:57.920753+00:00
2024-09-16,1066.0,1070.0,1031.0,1031.1,6402,1031.1,2026-09-03T19:34:57.920753+00:00
2024-09-18,1021.0,1031.0,1011.0,1011.0,3796,1011.0,2026-09-03T19:34:57.920753+00:00
2024-09-22,1025.1,1046.0,1015.0,1018.2,2592,1018.2,2026-09-03T19:34:57.920753+00:00
2024-09-23,1012.0,1012.0,986.0,988.1,4591,988.1,2026-09-03T19:34:57.920753+00:00
2024-09-24,988.1,995.0,982.0,982.0,3868,982.0,2026-09-03T19:34:57.920753+00:00
2024-09-25,965.0,999.0,965.0,999.0,3890,999.0,2026-09-03T19:34:57.920753+00:00
2024-09-26,1018.0,1037.0,980.0,999.0,3400,999.0,2026-09-03T19:34:57.920753+00:00
2024-09-29,999.0,1039.0,981.1,985.0,4249,985.0,2026-09-03T19:34:57.920753+00:00
2024-09-30,967.2,1004.0,967.0,1000.0,1255,1000.0,2026-09-03T19:34:57.920753+00:00
2024-10-01,1011.0,1033.0,1000.0,1030.0,4519,1030.0,2026-09-03T19:34:57.920753+00:00
2024-10-02,1050.0,1050.0,1007.0,1011.0,5324,1011.0,2026-09-03T19:34:57.920753+00:00
2024-10-06,1011.0,1050.8,1010.0,1037.5,2047,1037.5,2026-09-03T19:34:57.920753+00:00
2024-10-07,1017.0,1058.2,1017.0,1046.0,2281,1046.0,2026-09-03T19:34:57.920753+00:00
2024-10-08,1066.9,1066.9,1035.1,1039.7,1081,1039.7,2026-09-03T19:34:57.920753+00:00
2024-10-09,1055.0,1059.0,1017.2,1040.1,716,1040.1,2026-09-03T19:34:57.920753+00:00
2024-10-15,1025.0,1054.0,1025.0,1052.9,259,1052.9,2026-09-03T19:34:57.920753+00:00
2024-10-16,1071.0,1080.0,1045.0,1080.0,5744,1080.0,2026-09-03T19:34:57.920753+00:00
2024-10-17,1100.0,1100.0,1061.0,1079.0,1765,1079.0,2026-09-03T19:34:57.920753+00:00
2024-10-20,1058.0,1079.0,1040.0,1045.0,2758,1045.0,2026-09-03T19:34:57.920753+00:00
2024-10-21,1025.5,1035.0,1020.0,1028.0,1129,1028.0,2026-09-03T19:34:57.920753+00:00
2024-10-22,1030.1,1042.0,1020.3,1035.0,904,1035.0,2026-09-03T19:34:57.920753+00:00
2024-10-23,1040.0,1050.0,1035.0,1035.0,779,1035.0,2026-09-03T19:34:57.920753+00:00
2024-10-24,1025.1,1033.8,1016.0,1033.8,1089,1033.8,2026-09-03T19:34:57.920753+00:00
2024-10-27,1033.0,1040.0,1015.5,1015.5,1354,1015.5,2026-09-03T19:34:57.920753+00:00
2024-10-28,1025.0,1045.0,1013.0,1016.0,1775,1016.0,2026-09-03T19:34:57.920753+00:00
2024-10-29,1019.1,1050.0,1019.1,1042.9,2508,1042.9,2026-09-03T19:34:57.920753+00:00
2024-10-30,1026.3,1048.0,1026.3,1048.0,1339,1048.0,2026-09-03T19:34:57.920753+00:00
2024-11-05,1068.9,1088.9,1028.0,1034.2,1733,1034.2,2026-09-03T19:34:57.920753+00:00
2024-11-06,1025.3,1062.0,1025.3,1056.0,1533,1056.0,2026-09-03T19:34:57.920753+00:00
2024-11-10,1057.0,1075.0,1057.0,1067.0,4425,1067.0,2026-09-03T19:34:57.920753+00:00
2024-11-11,1088.0,1160.0,1080.3,1131.5,17280,1131.5,2026-09-03T19:34:57.920753+00:00
2024-11-12,1108.9,1167.6,1108.9,1131.0,5453,1131.0,2026-09-03T19:34:57.920753+00:00
2024-11-13,1132.1,1150.0,1110.0,1125.0,4379,1125.0,2026-09-03T19:34:57.920753+00:00
2024-11-14,1130.0,1143.0,1112.0,1120.0,6913,1120.0,2026-09-03T19:34:57.920753+00:00
2024-11-17,1142.4,1185.0,1142.4,1154.0,9296,1154.0,2026-09-03T19:34:57.920753+00:00
2024-11-19,1175.0,1177.0,1127.0,1127.0,6871,1127.0,2026-09-03T19:34:57.920753+00:00
2024-11-20,1115.0,1142.0,1104.5,1130.0,3784,1130.0,2026-09-03T19:34:57.920753+00:00
2024-11-21,1144.0,1155.6,1133.0,1138.0,6369,1138.0,2026-09-03T19:34:57.920753+00:00
2024-11-24,1120.0,1142.0,1110.0,1129.9,3138,1129.9,2026-09-03T19:34:57.920753+00:00
2024-11-25,1113.0,1130.0,1113.0,1116.0,1180,1116.0,2026-09-03T19:34:57.920753+00:00
2024-11-26,1137.8,1149.9,1120.0,1140.0,1607,1140.0,2026-09-03T19:34:57.920753+00:00
2024-11-27,1145.0,1155.0,1135.0,1140.0,3049,1140.0,2026-09-03T19:34:57.920753+00:00
2024-11-28,1160.0,1160.0,1127.0,1131.0,3696,1131.0,2026-09-03T19:34:57.920753+00:00
2024-12-01,1119.0,1125.1,1109.0,1125.0,2283,1125.0,2026-09-03T19:34:57.920753+00:00
2024-12-02,1124.0,1148.0,1123.1,1130.0,8250,1130.0,2026-09-03T19:34:57.920753+00:00
2024-12-03,1139.0,1139.0,1115.0,1129.0,2438,1129.0,2026-09-03T19:34:57.920753+00:00
2024-12-04,1117.1,1140.0,1116.0,1124.0,2587,1124.0,2026-09-03T19:34:57.920753+00:00
2024-12-05,1115.0,1138.9,1101.2,1103.1,2414,1103.1,2026-09-03T19:34:57.920753+00:00
2024-12-08,1085.0,1129.0,1070.0,1070.0,3583,1070.0,2026-09-03T19:34:57.920753+00:00
2024-12-09,1070.0,1080.1,1050.1,1071.9,2220,1071.9,2026-09-03T19:34:57.920753+00:00
2024-12-10,1072.0,1085.0,1060.1,1061.0,2206,1061.0,2026-09-03T19:34:57.920753+00:00
2024-12-11,1060.0,1070.0,1060.0,1067.0,1908,1067.0,2026-09-03T19:34:57.920753+00:00
2024-12-12,1045.7,1068.5,1025.0,1030.0,6640,1030.0,2026-09-03T19:34:57.920753+00:00
2024-12-16,1010.0,1017.0,1000.0,1002.0,1965,1002.0,2026-09-03T19:34:57.920753+00:00
2024-12-17,991.0,1009.9,991.0,1000.0,1370,1000.0,2026-09-03T19:34:57.920753+00:00
2024-12-18,1000.0,1040.0,1000.0,1010.0,3861,1010.0,2026-09-03T19:34:57.920753+00:00
2024-12-19,1030.2,1048.9,1000.2,1010.0,1209,1010.0,2026-09-03T19:34:57.920753+00:00
2024-12-22,1002.0,1007.9,991.0,1000.0,2674,1000.0,2026-09-03T19:34:57.920753+00:00
2024-12-23,1000.0,1000.0,986.0,1000.0,2203,1000.0,2026-09-03T19:34:57.920753+00:00
2024-12-24,1008.0,1014.9,988.0,1014.9,4298,1014.9,2026-09-03T19:34:57.920753+00:00
2024-12-26,1020.0,1040.0,1015.0,1026.0,2188,1026.0,2026-09-03T19:34:57.920753+00:00
2024-12-29,1007.0,1064.8,1007.0,1022.0,3436,1022.0,2026-09-03T19:34:57.920753+00:00
2024-12-31,1011.0,1033.5,1000.0,1017.0,3222,1017.0,2026-09-03T19:34:57.920753+00:00
2025-01-01,1001.0,1039.5,1001.0,1024.0,2066,1024.0,2026-09-03T19:34:57.920753+00:00
2025-01-02,1005.0,1034.3,1005.0,1025.0,1845,1025.0,2026-09-03T19:34:57.920753+00:00
2025-01-05,1020.1,1035.0,1020.1,1024.0,2741,1024.0,2026-09-03T19:34:57.920753+00:00
2025-01-06,1029.0,1029.0,1011.0,1022.0,4447,1022.0,2026-09-03T19:34:57.920753+00:00
2025-01-07,1023.0,1028.0,1012.0,1028.0,3935,1028.0,2026-09-03T19:34:57.920753+00:00
2025-01-08,1048.0,1050.0,1030.0,1038.7,3947,1038.7,2026-09-03T19:34:57.920753+00:00
2025-01-09,1020.0,1045.0,1010.0,1022.0,2537,1022.0,2026-09-03T19:34:57.920753+00:00
2025-01-12,1040.0,1040.0,1018.0,1025.0,2522,1025.0,2026-09-03T19:34:57.920753+00:00
2025-01-13,1035.0,1035.0,1014.3,1021.2,1490,1021.2,2026-09-03T19:34:57.920753+00:00
2025-01-15,1040.0,1040.0,1013.2,1015.0,2100,1015.0,2026-09-03T19:34:57.920753+00:00
2025-01-16,1002.0,1020.0,1002.0,1010.0,4321,1010.0,2026-09-03T19:34:57.920753+00:00
2025-01-19,1001.0,1014.0,1000.0,1008.0,5294,1008.0,2026-09-03T19:34:57.920753+00:00
2025-01-20,1012.0,1035.0,1011.0,1025.0,3330,1025.0,2026-09-03T19:34:57.920753+00:00
2025-01-21,1010.0,1035.0,1007.2,1024.9,2342,1024.9,2026-09-03T19:34:57.920753+00:00
2025-01-22,1020.0,1040.0,1019.0,1037.0,5468,1037.0,2026-09-03T19:34:57.920753+00:00
2025-01-23,1024.0,1044.0,1024.0,1043.9,6823,1043.9,2026-09-03T19:34:57.920753+00:00
2025-01-26,1058.0,1147.0,1057.0,1145.0,29999,1145.0,2026-09-03T19:34:57.920753+00:00
2025-01-27,1145.0,1162.1,1117.0,1117.0,21208,1117.0,2026-09-03T19:34:57.920753+00:00
2025-01-28,1139.0,1162.0,1117.0,1135.0,5850,1135.0,2026-09-03T19:34:57.920753+00:00
2025-02-02,1157.7,1230.0,1121.0,1215.0,28875,1215.0,2026-09-03T19:34:57.920753+00:00
2025-02-03,1195.0,1232.0,1195.0,1205.5,16338,1205.5,2026-09-03T19:34:57.920753+00:00
2025-02-04,1210.0,1214.0,1172.0,1191.0,11535,1191.0,2026-09-03T19:34:57.920753+00:00
2025-02-05,1175.0,1195.0,1160.0,1190.0,16045,1190.0,2026-09-03T19:34:57.920753+00:00
2025-02-06,1170.0,1200.0,1170.0,1181.1,3530,1181.1,2026-09-03T19:34:57.920753+00:00
2025-02-09,1181.1,1200.0,1158.0,1168.5,6593,1168.5,2026-09-03T19:34:57.920753+00:00
2025-02-10,1170.0,1170.0,1140.0,1150.0,7484,1150.0,2026-09-03T19:34:57.920753+00:00
2025-02-11,1169.0,1169.0,1154.0,1161.0,6982,1161.0,2026-09-03T19:34:57.920753+00:00
2025-02-12,1179.0,1193.4,1170.0,1187.9,6375,1187.9,2026-09-03T19:34:57.920753+00:00
2025-02-13,1177.0,1195.0,1177.0,1180.0,4041,1180.0,2026-09-03T19:34:57.920753+00:00
2025-02-16,1203.0,1216.2,1176.1,1213.0,11747,1213.0,2026-09-03T19:34:57.920753+00:00
2025-02-17,1218.0,1275.0,1218.0,1264.0,24237,1264.0,2026-09-03T19:34:57.920753+00:00
2025-02-18,1260.0,1284.9,1240.0,1255.0,12313,1255.0,2026-09-03T19:34:57.920753+00:00
2025-02-20,1245.1,1280.0,1240.0,1268.0,13624,1268.0,2026-09-03T19:34:57.920753+00:00
2025-02-23,1245.0,1269.0,1225.0,1255.0,17354,1255.0,2026-09-03T19:34:57.920753+00:00
2025-02-24,1256.0,1280.0,1231.0,1231.0,14253,1231.0,2026-09-03T19:34:57.920753+00:00
2025-02-25,1239.0,1250.0,1222.0,1245.0,7403,1245.0,2026-09-03T19:34:57.920753+00:00
2025-02-27,1250.0,1269.0,1224.0,1230.0,6513,1230.0,2026-09-03T19:34:57.920753+00:00
2025-03-02,1230.1,1243.9,1224.0,1237.9,5035,1237.9,2026-09-03T19:34:57.920753+00:00
2025-03-03,1245.0,1245.0,1211.1,1224.0,7462,1224.0,2026-09-03T19:34:57.920753+00:00
2025-03-04,1207.1,1210.0,1160.0,1166.0,12012,1166.0,2026-09-03T19:34:57.920753+00:00
2025-03-05,1148.0,1170.0,1148.0,1160.0,4592,1160.0,2026-09-03T19:34:57.920753+00:00
2025-03-06,1151.0,1199.0,1151.0,1179.0,4686,1179.0,2026-09-03T19:34:57.920753+00:00
2025-03-09,1170.0,1175.0,1140.0,1149.0,4799,1149.0,2026-09-03T19:34:57.920753+00:00
2025-03-10,1145.0,1169.0,1140.0,1140.0,2786,1140.0,2026-09-03T19:34:57.920753+00:00
2025-03-11,1121.1,1136.0,1099.7,1100.0,5643,1100.0,2026-09-03T19:34:57.920753+00:00
2025-03-12,1089.0,1122.0,1089.0,1120.0,2775,1120.0,2026-09-03T19:34:57.920753+00:00
2025-03-16,1142.4,1142.4,1098.0,1105.0,2385,1105.0,2026-09-03T19:34:57.920753+00:00
2025-03-17,1114.0,1126.9,1112.0,1115.0,925,1115.0,2026-09-03T19:34:57.920753+00:00
2025-03-18,1115.0,1137.3,1105.1,1110.0,2129,1110.0,2026-09-03T19:34:57.920753+00:00
2025-03-19,1110.0,1131.5,1095.2,1100.0,3826,1100.0,2026-09-03T19:34:57.920753+00:00
2025-03-20,1101.0,1115.0,1095.4,1097.6,1301,1097.6,2026-09-03T19:34:57.920753+00:00
2025-03-23,1077.3,1080.0,1030.0,1049.94,6343,1049.94,2026-09-03T19:34:57.920753+00:00
2025-03-24,1031.0,1075.0,1031.0,1060.1,2327,1060.1,2026-09-03T19:34:57.920753+00:00
2025-03-25,1060.0,1060.0,1039.0,1039.38,2092,1039.38,2026-09-03T19:34:57.920753+00:00
2025-03-26,1021.0,1050.0,1021.0,1048.0,2042,1048.0,2026-09-03T19:34:57.920753+00:00
2025-03-27,1055.0,1097.6,1050.0,1089.65,4730,1089.65,2026-09-03T19:34:57.920753+00:00
2025-03-30,1089.65,1125.0,1068.0,1105.0,3473,1105.0,2026-09-03T19:34:57.920753+00:00
2025-04-01,1085.0,1090.0,1070.0,1083.49,3625,1083.49,2026-09-03T19:34:57.920753+00:00
2025-04-02,1104.0,1117.9,1083.0,1097.34,1613,1097.34,2026-09-03T19:34:57.920753+00:00
2025-04-03,1077.0,1108.9,1077.0,1080.24,2976,1080.24,2026-09-03T19:34:57.920753+00:00
2025-04-07,1101.8,1101.8,1053.0,1055.24,4073,1055.24,2026-09-03T19:34:57.920753+00:00
2025-04-08,1045.0,1060.0,1036.0,1050.76,2869,1050.76,2026-09-03T19:34:57.920753+00:00
2025-04-09,1051.0,1088.9,1051.0,1055.9,1701,1055.9,2026-09-03T19:34:57.920753+00:00
2025-04-10,1070.0,1076.1,1046.6,1073.5,3117,1073.5,2026-09-03T19:34:57.920753+00:00
2025-04-13,1080.0,1094.0,1055.2,1067.03,2684,1067.03,2026-09-03T19:34:57.920753+00:00
2025-04-15,1060.0,1088.3,1057.1,1066.0,769,1066.0,2026-09-03T19:34:57.920753+00:00
2025-04-16,1087.0,1087.3,1060.0,1067.98,993,1067.98,2026-09-03T19:34:57.920753+00:00
2025-04-17,1052.0,1087.0,1052.0,1079.0,3268,1079.0,2026-09-03T19:34:57.920753+00:00
2025-04-20,1061.0,1095.0,1060.0,1073.71,773,1073.71,2026-09-03T19:34:57.920753+00:00
2025-04-21,1089.9,1089.9,1059.0,1078.54,4108,1078.54,2026-09-03T19:34:57.920753+00:00
2025-04-22,1061.0,1080.0,1061.0,1074.8,1821,1074.8,2026-09-03T19:34:57.920753+00:00
2025-04-23,1063.5,1064.0,1060.0,1060.0,748,1060.0,2026-09-03T19:34:57.920753+00:00
2025-04-24,1045.1,1059.0,1045.1,1054.72,597,1054.72,2026-09-03T19:34:57.920753+00:00
2025-04-27,1060.0,1080.0,1035.0,1046.21,2281,1046.21,2026-09-03T19:34:57.920753+00:00
2025-04-28,1035.0,1070.0,1030.0,1039.22,1330,1039.22,2026-09-03T19:34:57.920753+00:00
2025-04-29,1020.1,1045.0,1020.1,1026.23,1516,1026.23,2026-09-03T19:34:57.920753+00:00
2025-04-30,1026.0,1040.9,1000.0,1010.1,3103,1010.1,2026-09-03T19:34:57.920753+00:00
2025-05-04,1020.0,1020.0,1000.0,1009.44,2215,1009.44,2026-09-03T19:34:57.920753+00:00
2025-05-05,1020.0,1040.0,1010.0,1013.91,1890,1013.91,2026-09-03T19:34:57.920753+00:00
2025-05-06,1014.0,1020.0,1013.9,1015.41,2201,1015.41,2026-09-03T19:34:57.920753+00:00
2025-05-07,1011.0,1045.0,1001.0,1043.97,2188,1043.97,2026-09-03T19:34:57.920753+00:00
2025-05-08,1064.0,1084.0,1024.0,1046.02,1464,1046.02,2026-09-03T19:34:57.920753+00:00
2025-05-11,1066.0,1091.0,1036.0,1040.0,2470,1040.0,2026-09-03T19:34:57.920753+00:00
2025-05-13,1040.0,1050.0,1031.0,1033.03,710,1033.03,2026-09-03T19:34:57.920753+00:00
2025-05-14,1020.1,1031.0,1020.1,1025.71,1685,1025.71,2026-09-03T19:34:57.920753+00:00
2025-05-15,1014.1,1046.2,1013.0,1016.72,2629,1016.72,2026-09-03T19:34:57.920753+00:00
2025-05-18,1015.0,1052.0,1015.0,1033.95,1667,1033.95,2026-09-03T19:34:57.920753+00:00
2025-05-19,1049.0,1049.0,1034.0,1036.2,2160,1036.2,2026-09-03T19:34:57.920753+00:00
2025-05-20,1056.0,1056.0,1035.0,1054.94,2696,1054.94,2026-09-03T19:34:57.920753+00:00
2025-05-21,1076.0,1096.0,1050.0,1050.0,1783,1050.0,2026-09-03T19:34:57.920753+00:00
2025-05-22,1050.0,1084.0,1034.0,1080.33,3580,1080.33,2026-09-03T19:34:57.920753+00:00
2025-05-25,1080.33,1123.0,1080.0,1108.15,6336,1108.15,2026-09-03T19:34:57.920753+00:00
2025-05-26,1130.0,1152.0,1100.0,1100.0,3991,1100.0,2026-09-03T19:34:57.920753+00:00
2025-05-27,1100.0,1100.0,1078.0,1078.91,2166,1078.91,2026-09-03T19:34:57.920753+00:00
2025-05-28,1057.4,1080.0,1040.2,1075.19,1787,1075.19,2026-09-03T19:34:57.920753+00:00
2025-06-02,1096.6,1096.6,1064.5,1075.66,1236,1075.66,2026-09-03T19:34:57.920753+00:00
2025-06-03,1075.66,1075.66,1043.0,1049.88,1737,1049.88,2026-09-03T19:34:57.920753+00:00
2025-06-04,1029.0,1065.0,1029.0,1050.0,634,1050.0,2026-09-03T19:34:57.920753+00:00
2025-06-05,1032.0,1070.0,1029.1,1043.14,1219,1043.14,2026-09-03T19:34:57.920753+00:00
2025-06-08,1025.2,1045.0,1025.0,1040.06,1294,1040.06,2026-09-03T19:34:57.920753+00:00
2025-06-09,1040.7,1050.0,1035.0,1040.39,685,1040.39,2026-09-03T19:34:57.920753+00:00
2025-06-10,1040.0,1060.0,1040.0,1053.74,1229,1053.74,2026-09-03T19:34:57.920753+00:00
2025-06-11,1073.0,1073.0,1035.0,1036.0,2326,1036.0,2026-09-03T19:34:57.920753+00:00
2025-06-12,1026.5,1047.6,1026.5,1029.52,3274,1029.52,2026-09-03T19:34:57.920753+00:00
2025-06-15,1010.3,1040.2,1010.3,1024.2,1421,1024.2,2026-09-03T19:34:57.920753+00:00
2025-06-16,1010.0,1050.0,1010.0,1040.54,4120,1040.54,2026-09-03T19:34:57.920753+00:00
2025-06-17,1030.1,1062.9,1030.1,1057.85,2431,1057.85,2026-09-03T19:34:57.920753+00:00
2025-06-18,1057.85,1060.0,1041.0,1044.31,723,1044.31,2026-09-03T19:34:57.920753+00:00
2025-06-19,1030.0,1049.0,1021.0,1025.93,1973,1025.93,2026-09-03T19:34:57.920753+00:00
2025-06-22,1011.1,1031.3,1011.1,1020.38,1909,1020.38,2026-09-03T19:34:57.920753+00:00
2025-06-23,1021.0,1021.0,1005.0,1010.7,2649,1010.7,2026-09-03T19:34:57.920753+00:00
2025-06-24,1030.9,1032.0,1017.0,1018.0,475,1018.0,2026-09-03T19:34:57.920753+00:00
2025-06-25,1010.0,1020.0,1010.0,1018.89,507,1018.89,2026-09-03T19:34:57.920753+00:00
2025-06-26,1015.0,1022.0,1011.2,1013.19,1372,1013.19,2026-09-03T19:34:57.920753+00:00
2025-06-29,1015.0,1030.0,1011.4,1025.58,2290,1025.58,2026-09-03T19:34:57.920753+00:00
2025-06-30,1045.0,1048.9,1031.4,1035.0,1394,1035.0,2026-09-03T19:34:57.920753+00:00
2025-07-01,1040.0,1071.0,1033.0,1063.91,4389,1063.91,2026-09-03T19:34:57.920753+00:00
2025-07-02,1079.9,1079.9,1061.0,1061.3,2827,1061.3,2026-09-03T19:34:57.920753+00:00
2025-07-03,1060.0,1065.0,1043.0,1049.9,3985,1049.9,2026-09-03T19:34:57.920753+00:00
2025-07-06,1035.0,1057.9,1035.0,1048.12,1676,1048.12,2026-09-03T19:34:57.920753+00:00
2025-07-07,1040.0,1050.0,1040.0,1043.96,2618,1043.96,2026-09-03T19:34:57.920753+00:00
2025-07-08,1040.0,1045.0,1036.0,1037.99,1402,1037.99,2026-09-03T19:34:57.920753+00:00
2025-07-09,1036.0,1050.0,1036.0,1045.42,1407,1045.42,2026-09-03T19:34:57.920753+00:00
2025-07-10,1066.0,1134.0,1047.0,1092.49,4591,1092.49,2026-09-03T19:34:57.920753+00:00
2025-07-13,1114.3,1140.0,1097.0,1111.54,5652,1111.54,2026-09-03T19:34:57.920753+00:00
2025-07-14,1095.0,1099.0,1071.2,1079.59,3929,1079.59,2026-09-03T19:34:57.920753+00:00
2025-07-15,1099.0,1105.0,1077.1,1100.18,2302,1100.18,2026-09-03T19:34:57.920753+00:00
2025-07-16,1080.2,1110.0,1080.2,1087.41,3215,1087.41,2026-09-03T19:34:57.920753+00:00
2025-07-17,1095.0,1153.0,1091.0,1109.86,7112,1109.86,2026-09-03T19:34:57.920753+00:00
2025-07-20,1092.0,1145.0,1091.0,1113.27,7136,1113.27,2026-09-03T19:34:57.920753+00:00
2025-07-21,1113.27,1135.0,1101.0,1126.37,3985,1126.37,2026-09-03T19:34:57.920753+00:00
2025-07-22,1127.0,1177.0,1126.0,1164.18,10029,1164.18,2026-09-03T19:34:57.920753+00:00
2025-07-23,1164.18,1164.18,1130.3,1144.89,8029,1144.89,2026-09-03T19:34:57.920753+00:00
2025-07-24,1150.0,1218.9,1150.0,1207.8,18153,1207.8,2026-09-03T19:34:57.920753+00:00
2025-07-27,1200.0,1233.8,1180.0,1188.0,12730,1188.0,2026-09-03T19:34:57.920753+00:00
2025-07-28,1200.0,1201.0,1140.1,1168.99,8993,1168.99,2026-09-03T19:34:57.920753+00:00
2025-07-29,1192.3,1235.0,1175.0,1204.17,12750,1204.17,2026-09-03T19:34:57.920753+00:00
2025-07-30,1228.0,1240.0,1178.1,1182.39,17636,1182.39,2026-09-03T19:34:57.920753+00:00
2025-07-31,1202.0,1202.0,1160.0,1161.15,6197,1161.15,2026-09-03T19:34:57.920753+00:00
2025-08-03,1161.5,1161.5,1112.2,1118.47,5839,1118.47,2026-09-03T19:34:57.920753+00:00
2025-08-04,1118.0,1139.0,1100.0,1118.73,2441,1118.73,2026-09-03T19:34:57.920753+00:00
2025-08-05,1100.0,1141.0,1100.0,1114.58,5011,1114.58,2026-09-03T19:34:57.920753+00:00
2025-08-06,1135.0,1150.0,1116.0,1141.12,3695,1141.12,2026-09-03T19:34:57.920753+00:00
2025-08-07,1143.2,1172.0,1143.0,1159.23,3769,1159.23,2026-09-03T19:34:57.920753+00:00
2025-08-11,1175.0,1175.0,1118.0,1119.27,2022,1119.27,2026-09-03T19:34:57.920753+00:00
2025-08-12,1140.0,1140.0,1103.0,1111.05,1776,1111.05,2026-09-03T19:34:57.920753+00:00
2025-08-13,1111.05,1116.0,1095.0,1113.01,1613,1113.01,2026-09-03T19:34:57.920753+00:00
2025-08-14,1113.01,1123.0,1101.0,1108.04,824,1108.04,2026-09-03T19:34:57.920753+00:00
2025-08-17,1100.0,1115.0,1087.0,1088.94,1074,1088.94,2026-09-03T19:34:57.920753+00:00
2025-08-18,1105.0,1105.0,1083.0,1083.0,2082,1083.0,2026-09-03T19:34:57.920753+00:00
2025-08-19,1083.0,1100.0,1080.1,1088.33,1353,1088.33,2026-09-03T19:34:57.920753+00:00
2025-08-20,1088.33,1088.33,1081.0,1081.57,681,1081.57,2026-09-03T19:34:57.920753+00:00
2025-08-21,1081.0,1085.0,1065.0,1070.26,1211,1070.26,2026-09-03T19:34:57.920753+00:00
2025-08-24,1070.0,1157.0,1070.0,1086.97,1212,1086.97,2026-09-03T19:34:57.920753+00:00
2025-08-25,1108.7,1130.0,1087.0,1094.5,995,1094.5,2026-09-03T19:34:57.920753+00:00
2025-08-26,1100.0,1100.0,1082.0,1083.33,579,1083.33,2026-09-03T19:34:57.920753+00:00
2025-08-27,1083.33,1100.0,1070.0,1093.78,2201,1093.78,2026-09-03T19:34:57.920753+00:00
2025-08-28,1075.0,1094.0,1072.0,1078.55,1785,1078.55,2026-09-03T19:34:57.920753+00:00
2025-08-31,1077.0,1098.0,1061.0,1070.0,1135,1070.0,2026-09-03T19:34:57.920753+00:00
2025-09-01,1070.0,1084.0,1061.1,1061.4,1364,1061.4,2026-09-03T19:34:57.920753+00:00
2025-09-02,1061.4,1079.0,1051.1,1051.68,2035,1051.68,2026-09-03T19:34:57.920753+00:00
2025-09-03,1051.68,1055.0,1044.0,1045.09,1332,1045.09,2026-09-03T19:34:57.920753+00:00
2025-09-04,1030.0,1050.6,1030.0,1035.0,949,1035.0,2026-09-03T19:34:57.920753+00:00
2025-09-07,1020.0,1045.5,1020.0,1028.1,840,1028.1,2026-09-03T19:34:57.920753+00:00
2025-09-08,1024.0,1044.4,1010.0,1016.64,1761,1016.64,2026-09-03T19:34:57.920753+00:00
2025-09-18,996.4,997.0,970.0,970.0,175,970.0,2026-09-03T19:34:57.920753+00:00
2025-09-21,955.0,1041.0,950.0,1029.09,4204,1029.09,2026-09-03T19:34:57.920753+00:00
2025-09-23,1044.0,1058.0,1038.0,1057.9,1481,1057.9,2026-09-03T19:34:57.920753+00:00
2025-09-24,1037.1,1057.0,1031.0,1032.0,857,1032.0,2026-09-03T19:34:57.920753+00:00
2025-09-25,1025.0,1036.0,1023.1,1024.0,483,1024.0,2026-09-03T19:34:57.920753+00:00
2025-09-28,1021.0,1045.0,1021.0,1045.0,448,1045.0,2026-09-03T19:34:57.920753+00:00
2025-10-07,1028.1,1045.0,1007.5,1008.1,1253,1008.1,2026-09-03T19:34:57.920753+00:00
2025-10-08,1008.1,1010.0,988.0,1008.0,2668,1008.0,2026-09-03T19:34:57.920753+00:00
2025-10-09,1028.0,1059.0,1010.0,1010.3,2574,1010.3,2026-09-03T19:34:57.920753+00:00
2025-10-12,994.0,1010.0,977.3,982.0,2334,982.0,2026-09-03T19:34:57.920753+00:00
2025-10-13,982.0,1000.0,970.0,1000.0,2112,1000.0,2026-09-03T19:34:57.920753+00:00
2025-10-14,1000.0,1000.0,980.0,980.1,892,980.1,2026-09-03T19:34:57.920753+00:00
2025-10-15,998.0,998.0,978.1,984.0,754,984.0,2026-09-03T19:34:57.920753+00:00
2025-10-16,970.0,986.0,968.1,970.0,912,970.0,2026-09-03T19:34:57.920753+00:00
2025-10-19,970.0,970.1,965.0,970.0,2231,970.0,2026-09-03T19:34:57.920753+00:00
2025-10-26,960.0,979.0,960.0,975.0,944,975.0,2026-09-03T19:34:57.920753+00:00
2025-10-28,965.0,999.0,951.0,999.0,1579,999.0,2026-09-03T19:34:57.920753+00:00
2025-10-29,990.0,1020.0,980.0,994.0,3024,994.0,2026-09-03T19:34:57.920753+00:00
2025-10-30,994.0,1010.0,980.0,1008.0,828,1008.0,2026-09-03T19:34:57.920753+00:00
2025-11-02,1009.0,1049.5,1009.0,1035.0,2431,1035.0,2026-09-03T19:34:57.920753+00:00
2025-11-03,1055.0,1055.0,1015.0,1020.0,923,1020.0,2026-09-03T19:34:57.920753+00:00
2025-11-04,1039.0,1040.0,1007.0,1007.0,801,1007.0,2026-09-03T19:34:57.920753+00:00
2025-11-05,1026.0,1026.0,998.3,1011.0,1985,1011.0,2026-09-03T19:34:57.920753+00:00
2025-11-06,1030.0,1030.0,996.0,1020.0,904,1020.0,2026-09-03T19:34:57.920753+00:00
2025-11-09,1020.0,1020.0,999.0,999.0,906,999.0,2026-09-03T19:34:57.920753+00:00
2025-11-10,990.5,1010.0,990.4,1005.0,690,1005.0,2026-09-03T19:34:57.920753+00:00
2025-11-11,1005.0,1005.0,988.8,995.1,319,995.1,2026-09-03T19:34:57.920753+00:00
2025-11-12,976.2,1019.8,976.2,995.0,739,995.0,2026-09-03T19:34:57.920753+00:00
2025-11-13,979.2,995.0,979.2,994.0,618,994.0,2026-09-03T19:34:57.920753+00:00
2025-11-16,975.3,990.0,975.3,979.0,1853,979.0,2026-09-03T19:34:57.920753+00:00
2025-11-17,971.0,989.0,971.0,989.0,1572,989.0,2026-09-03T19:34:57.920753+00:00
2025-11-18,972.3,1001.0,972.3,985.0,1197,985.0,2026-09-03T19:34:57.920753+00:00
2025-11-19,982.0,1001.0,975.7,978.5,792,978.5,2026-09-03T19:34:57.920753+00:00
2025-11-20,996.0,996.0,975.2,989.0,444,989.0,2026-09-03T19:34:57.920753+00:00
2025-11-23,1008.0,1008.0,989.0,1006.0,1533,1006.0,2026-09-03T19:34:57.920753+00:00
2025-11-24,1020.0,1030.0,1005.0,1010.2,1550,1010.2,2026-09-03T19:34:57.920753+00:00
2025-11-25,1020.0,1028.0,1010.0,1011.1,987,1011.1,2026-09-03T19:34:57.920753+00:00
2025-11-26,1011.1,1024.0,1007.0,1011.0,1739,1011.0,2026-09-03T19:34:57.920753+00:00
2025-11-27,1017.0,1025.0,1016.0,1018.0,1706,1018.0,2026-09-03T19:34:57.920753+00:00
2025-11-30,1037.9,1038.3,1005.0,1010.0,1629,1010.0,2026-09-03T19:34:57.920753+00:00
2025-12-01,1010.0,1024.9,996.0,1024.9,1541,1024.9,2026-09-03T19:34:57.920753+00:00
2025-12-02,1011.0,1030.0,1011.0,1015.5,738,1015.5,2026-09-03T19:34:57.920753+00:00
2025-12-03,1017.0,1025.0,1010.0,1010.0,2479,1010.0,2026-09-03T19:34:57.920753+00:00
2025-12-07,1000.0,1000.0,985.6,990.0,4511,990.0,2026-09-03T19:34:57.920753+00:00
2025-12-08,990.0,990.0,981.0,990.0,1482,990.0,2026-09-03T19:34:57.920753+00:00
2025-12-09,1009.0,1009.0,990.0,991.5,261,991.5,2026-09-03T19:34:57.920753+00:00
2025-12-10,991.5,991.5,980.2,982.0,1598,982.0,2026-09-03T19:34:57.920753+00:00
2025-12-11,980.0,999.6,980.0,991.0,738,991.0,2026-09-03T19:34:57.920753+00:00
2025-12-14,971.2,971.2,934.0,948.0,6407,948.0,2026-09-03T19:34:57.920753+00:00
2025-12-15,948.0,951.5,935.1,939.0,1438,939.0,2026-09-03T19:34:57.920753+00:00
2025-12-16,939.0,949.0,935.1,948.9,2262,948.9,2026-09-03T19:34:57.920753+00:00
2025-12-17,949.0,949.0,939.0,939.0,3990,939.0,2026-09-03T19:34:57.920753+00:00
2025-12-18,925.0,938.0,923.0,930.0,2822,930.0,2026-09-03T19:34:57.920753+00:00
2025-12-21,930.0,930.0,910.0,911.0,3201,911.0,2026-09-03T19:34:57.920753+00:00
2025-12-22,903.1,911.0,903.1,911.0,2095,911.0,2026-09-03T19:34:57.920753+00:00
2025-12-23,911.0,911.0,900.0,905.0,437,905.0,2026-09-03T19:34:57.920753+00:00
2025-12-24,905.0,916.0,900.2,907.3,1271,907.3,2026-09-03T19:34:57.920753+00:00
2025-12-28,905.0,935.9,905.0,935.9,5237,935.9,2026-09-03T19:34:57.920753+00:00
2025-12-29,926.0,933.0,926.0,930.0,2161,930.0,2026-09-03T19:34:57.920753+00:00
2025-12-31,930.0,944.5,925.2,943.0,1093,943.0,2026-09-03T19:34:57.920753+00:00
2026-01-01,945.0,945.0,912.1,925.0,2106,925.0,2026-09-03T19:34:57.920753+00:00
2026-01-04,930.0,930.0,915.0,920.0,591,920.0,2026-09-03T19:34:57.920753+00:00
2026-01-05,908.0,937.0,908.0,931.0,639,931.0,2026-09-03T19:34:57.920753+00:00
2026-01-06,931.0,944.0,917.1,930.0,1124,930.0,2026-09-03T19:34:57.920753+00:00
2026-01-07,920.0,935.0,920.0,935.0,1399,935.0,2026-09-03T19:34:57.920753+00:00
2026-01-08,944.0,944.0,918.0,936.0,775,936.0,2026-09-03T19:34:57.920753+00:00
2026-01-12,921.0,965.0,921.0,965.0,4566,965.0,2026-09-03T19:34:57.920753+00:00
2026-01-13,945.7,960.0,910.0,960.0,2421,960.0,2026-09-03T19:34:57.920753+00:00
2026-01-14,940.8,990.0,940.8,969.2,1028,969.2,2026-09-03T19:34:57.920753+00:00
2026-01-18,950.0,987.9,949.9,958.0,6822,958.0,2026-09-03T19:34:57.920753+00:00
2026-01-20,965.0,980.0,960.1,970.0,1783,970.0,2026-09-03T19:34:57.920753+00:00
2026-01-21,970.0,970.0,956.1,960.0,1392,960.0,2026-09-03T19:34:57.920753+00:00
2026-01-22,951.0,956.9,947.0,951.5,3238,951.5,2026-09-03T19:34:57.920753+00:00
2026-01-25,970.0,1028.0,947.3,980.0,5507,980.0,2026-09-03T19:34:57.920753+00:00
2026-01-26,980.0,980.0,967.3,980.0,849,980.0,2026-09-03T19:34:57.920753+00:00
2026-01-27,966.0,981.0,955.0,955.0,4030,955.0,2026-09-03T19:34:57.920753+00:00
2026-01-28,940.0,974.0,940.0,958.0,1919,958.0,2026-09-03T19:34:57.920753+00:00
2026-01-29,965.0,965.0,947.2,951.0,2466,951.0,2026-09-03T19:34:57.920753+00:00
2026-02-01,940.2,1008.0,940.0,950.0,3320,950.0,2026-09-03T19:34:57.920753+00:00
2026-02-02,968.0,1006.0,950.0,950.0,2323,950.0,2026-09-03T19:34:57.920753+00:00
2026-02-03,968.0,969.0,943.0,943.0,3235,943.0,2026-09-03T19:34:57.920753+00:00
2026-02-04,961.8,961.8,944.1,954.5,372,954.5,2026-09-03T19:34:57.920753+00:00
2026-02-05,970.0,1049.9,945.2,960.0,7503,960.0,2026-09-03T19:34:57.920753+00:00
2026-02-08,979.2,998.0,965.0,987.0,8893,987.0,2026-09-03T19:34:57.920753+00:00
2026-02-09,1004.0,1024.0,960.2,994.0,1203,994.0,2026-09-03T19:34:57.920753+00:00
2026-02-10,1013.8,1013.8,960.1,979.0,2134,979.0,2026-09-03T19:34:57.920753+00:00
2026-02-11,968.0,986.0,955.0,986.0,2727,986.0,2026-09-03T19:34:57.920753+00:00
2026-02-12,968.2,980.0,951.0,970.0,1332,970.0,2026-09-03T19:34:57.920753+00:00
2026-02-16,980.0,980.0,942.1,959.9,1416,959.9,2026-09-03T19:34:57.920753+00:00
2026-02-17,943.0,1017.0,943.0,1017.0,3683,1017.0,2026-09-03T19:34:57.920753+00:00
2026-02-22,996.7,999.0,966.1,994.0,3320,994.0,2026-09-03T19:34:57.920753+00:00
2026-02-23,974.2,994.9,957.0,979.9,1479,979.9,2026-09-03T19:34:57.920753+00:00
2026-02-24,961.0,1050.0,945.0,978.0,4144,978.0,2026-09-03T19:34:57.920753+00:00
2026-02-25,958.5,977.0,958.5,977.0,370,977.0,2026-09-03T19:34:57.920753+00:00
2026-02-26,970.0,980.0,960.4,970.0,531,970.0,2026-09-03T19:34:57.920753+00:00
2026-03-01,970.0,970.0,955.2,960.0,863,960.0,2026-09-03T19:34:57.920753+00:00
2026-03-03,960.0,1045.0,956.0,969.0,4000,969.0,2026-09-03T19:34:57.920753+00:00
2026-03-10,988.0,1023.0,988.0,997.0,9390,997.0,2026-09-03T19:34:57.920753+00:00
2026-03-11,1016.0,1016.0,980.0,981.1,3897,981.1,2026-09-03T19:34:57.920753+00:00
2026-03-12,1000.0,1000.0,978.3,985.2,5413,985.2,2026-09-03T19:34:57.920753+00:00
2026-03-15,985.2,1000.0,985.2,1000.0,3830,1000.0,2026-09-03T19:34:57.920753+00:00
2026-03-16,1000.0,1000.0,981.2,985.0,1117,985.0,2026-09-03T19:34:57.920753+00:00
2026-03-17,975.0,991.0,975.0,990.0,817,990.0,2026-09-03T19:34:57.920753+00:00
2026-03-19,990.0,1004.0,990.0,998.5,5849,998.5,2026-09-03T19:34:57.920753+00:00
2026-03-22,1017.0,1095.0,996.7,1068.0,13491,1068.0,2026-09-03T19:34:57.920753+00:00
2026-03-23,1068.0,1081.0,1050.0,1074.0,7988,1074.0,2026-09-03T19:34:57.920753+00:00
2026-03-24,1092.9,1092.9,1053.0,1073.0,2156,1073.0,2026-09-03T19:34:57.920753+00:00
2026-03-25,1089.5,1090.0,1048.0,1053.0,1858,1053.0,2026-09-03T19:34:57.920753+00:00
2026-03-26,1040.0,1043.0,1025.0,1040.0,2970,1040.0,2026-09-03T19:34:57.920753+00:00
2026-03-29,1060.8,1060.8,1022.0,1023.0,11783,1023.0,2026-09-03T19:34:57.920753+00:00
2026-03-30,1002.6,1046.0,1002.6,1020.0,7010,1020.0,2026-09-03T19:34:57.920753+00:00
2026-03-31,1020.0,1050.0,1002.1,1050.0,4580,1050.0,2026-09-03T19:34:57.920753+00:00
2026-04-01,1029.0,1067.4,1001.1,1045.0,7363,1045.0,2026-09-03T19:34:57.920753+00:00
2026-04-02,1040.0,1040.0,971.2,1021.2,7060,1021.2,2026-09-03T19:34:57.920753+00:00
2026-04-05,1041.0,1041.0,920.1,935.0,7057,935.0,2026-09-03T19:34:57.920753+00:00
2026-04-06,950.0,972.0,931.0,959.1,11343,959.1,2026-09-03T19:34:57.920753+00:00
2026-04-07,978.2,997.0,957.0,970.0,1913,970.0,2026-09-03T19:34:57.920753+00:00
2026-04-08,960.0,988.0,960.0,988.0,2729,988.0,2026-09-03T19:34:57.920753+00:00
2026-04-09,995.0,1007.0,993.0,1002.0,2665,1002.0,2026-09-03T19:34:57.920753+00:00
2026-04-10,1021.0,1050.0,988.0,998.0,3050,998.0,2026-09-03T19:34:57.920753+00:00
2026-04-13,980.0,1000.0,980.0,996.9,1637,996.9,2026-09-03T19:34:57.920753+00:00
2026-04-15,996.9,996.9,980.0,993.9,3124,993.9,2026-09-03T19:34:57.920753+00:00
2026-04-16,1013.7,1013.7,958.1,977.0,831,977.0,2026-09-03T19:34:57.920753+00:00
2026-04-17,958.0,1015.0,958.0,977.0,1545,977.0,2026-09-03T19:34:57.920753+00:00
2026-04-20,1001.0,1001.0,950.1,978.0,2267,978.0,2026-09-03T19:34:57.920753+00:00
2026-04-21,953.0,979.0,953.0,979.0,198,979.0,2026-09-03T19:34:57.920753+00:00
2026-04-22,979.0,979.0,945.0,956.0,1822,956.0,2026-09-03T19:34:57.920753+00:00
2026-04-23,945.0,972.8,945.0,964.9,452,964.9,2026-09-03T19:34:57.920753+00:00
2026-04-24,987.0,987.0,940.0,974.0,667,974.0,2026-09-03T19:34:57.920753+00:00
2026-04-27,974.0,979.9,827.9,979.9,1703,979.9,2026-09-03T19:34:57.920753+00:00
2026-04-28,979.9,995.0,955.0,960.1,747,960.1,2026-09-03T19:34:57.920753+00:00
2026-04-29,960.1,960.1,941.3,941.3,1093,941.3,2026-09-03T19:34:57.920753+00:00
2026-04-30,941.3,956.0,937.1,941.1,932,941.1,2026-09-03T19:34:57.920753+00:00
2026-05-04,950.0,957.5,925.1,957.5,386,957.5,2026-09-03T19:34:57.920753+00:00
2026-05-05,950.0,968.0,922.0,940.0,1364,940.0,2026-09-03T19:34:57.920753+00:00
2026-05-06,950.0,950.0,940.0,949.8,170,949.8,2026-09-03T19:34:57.920753+00:00
2026-05-07,949.8,950.0,940.0,950.0,92,950.0,2026-09-03T19:34:57.920753+00:00
2026-05-08,930.0,950.0,930.0,950.0,1775,950.0,2026-09-03T19:34:57.920753+00:00
2026-05-11,977.0,977.0,941.3,959.5,748,959.5,2026-09-03T19:34:57.920753+00:00
2026-05-12,961.0,965.0,950.0,951.0,432,951.0,2026-09-03T19:34:57.920753+00:00
2026-05-13,950.0,954.0,925.2,954.0,984,954.0,2026-09-03T19:34:57.920753+00:00
2026-05-14,954.0,955.0,933.0,952.0,826,952.0,2026-09-03T19:34:57.920753+00:00
2026-05-15,925.0,950.0,925.0,949.9,1225,949.9,2026-09-03T19:34:57.920753+00:00
2026-05-18,997.3,997.3,946.1,950.0,662,950.0,2026-09-03T19:34:57.920753+00:00
2026-05-19,964.0,964.0,941.5,955.0,422,955.0,2026-09-03T19:34:57.920753+00:00
2026-05-20,960.0,964.0,946.0,956.0,1142,956.0,2026-09-03T19:34:57.920753+00:00
2026-05-21,950.0,968.9,947.3,947.3,863,947.3,2026-09-03T19:34:57.920753+00:00
2026-05-22,947.3,975.7,929.0,949.0,1325,949.0,2026-09-03T19:34:57.920753+00:00
2026-05-25,977.4,977.4,954.0,960.0,740,960.0,2026-09-03T19:34:57.920753+00:00
2026-05-26,979.0,979.0,950.0,950.0,1549,950.0,2026-09-03T19:34:57.920753+00:00
2026-05-27,945.1,966.6,945.1,966.6,279,966.6,2026-09-03T19:34:57.920753+00:00
2026-06-01,975.0,975.0,950.0,950.0,663,950.0,2026-09-03T19:34:57.920753+00:00
2026-06-02,969.0,970.0,945.0,955.0,881,955.0,2026-09-03T19:34:57.920753+00:00
2026-06-03,950.0,976.0,947.1,955.0,752,955.0,2026-09-03T19:34:57.920753+00:00
2026-06-04,955.1,974.0,955.0,957.1,1617,957.1,2026-09-03T19:34:57.920753+00:00
2026-06-05,950.0,964.0,945.2,960.0,1177,960.0,2026-09-03T19:34:57.920753+00:00
2026-06-08,955.0,960.0,947.5,957.0,1135,957.0,2026-09-03T19:34:57.920753+00:00
2026-06-09,950.0,958.0,949.0,951.0,1256,951.0,2026-09-03T19:34:57.920753+00:00
2026-06-10,950.0,959.0,950.0,959.0,972,959.0,2026-09-03T19:34:57.920753+00:00
2026-06-11,953.1,965.8,953.1,955.0,1426,955.0,2026-09-03T19:34:57.920753+00:00
2026-06-12,955.0,956.0,940.0,945.0,364,945.0,2026-09-03T19:34:57.920753+00:00
2026-06-15,955.0,955.0,940.0,948.0,547,948.0,2026-09-03T19:34:57.920753+00:00
2026-06-16,945.0,950.0,940.0,950.0,359,950.0,2026-09-03T19:34:57.920753+00:00
2026-06-17,965.0,965.0,940.0,958.9,814,958.9,2026-09-03T19:34:57.920753+00:00
2026-06-18,944.2,957.9,944.2,957.7,350,957.7,2026-09-03T19:34:57.920753+00:00
2026-06-19,938.0,960.0,938.0,950.6,688,950.6,2026-09-03T19:34:57.920753+00:00
2026-06-22,953.0,970.0,952.0,964.9,712,964.9,2026-09-03T19:34:57.920753+00:00
2026-06-23,950.0,950.1,941.2,945.2,880,945.2,2026-09-03T19:34:57.920753+00:00
2026-06-24,940.0,956.0,940.0,955.0,1035,955.0,2026-09-03T19:34:57.920753+00:00
2026-06-25,937.0,955.0,935.0,955.0,1120,955.0,2026-09-03T19:34:57.920753+00:00
2026-06-26,945.0,952.0,935.0,939.0,1611,939.0,2026-09-03T19:34:57.920753+00:00
2026-06-29,939.0,939.0,916.0,938.0,4085,938.0,2026-09-03T19:34:57.920753+00:00
2026-06-30,938.0,938.0,915.0,930.0,1013,930.0,2026-09-03T19:34:57.920753+00:00
2026-07-01,952.0,952.0,920.6,941.0,366,941.0,2026-09-03T19:34:57.920753+00:00
2026-07-02,930.0,942.2,920.0,942.2,432,942.2,2026-09-03T19:34:57.920753+00:00
2026-07-03,916.0,942.9,916.0,925.0,512,925.0,2026-09-03T19:34:57.920753+00:00
2026-07-06,922.1,925.0,912.0,916.0,1645,916.0,2026-09-03T19:34:57.920753+00:00
2026-07-07,920.0,927.0,915.0,925.0,584,925.0,2026-09-03T19:34:57.920753+00:00
2026-07-08,900.0,946.0,885.1,925.0,954,925.0,2026-09-03T19:34:57.920753+00:00
2026-07-09,925.0,936.8,901.0,920.0,477,920.0,2026-09-03T19:34:57.920753+00:00
2026-07-10,920.5,920.5,903.0,905.0,667,905.0,2026-09-03T19:34:57.920753+00:00
2026-07-13,893.0,932.0,880.1,908.9,615,908.9,2026-09-03T19:34:57.920753+00:00
2026-07-14,900.0,924.0,886.0,910.0,2303,910.0,2026-09-03T19:34:57.920753+00:00
2026-07-15,905.0,929.8,905.0,905.0,127,905.0,2026-09-03T19:34:57.920753+00:00
2026-07-16,905.0,932.0,893.2,932.0,609,932.0,2026-09-03T19:34:57.920753+00:00
2026-07-17,932.0,944.0,930.0,935.0,611,935.0,2026-09-03T19:34:57.920753+00:00
2026-07-20,930.0,955.0,930.0,945.0,618,945.0,2026-09-03T19:34:57.920753+00:00
2026-07-21,920.0,968.0,920.0,966.8,786,966.8,2026-09-03T19:34:57.920753+00:00
2026-07-22,960.9,960.9,940.2,952.0,541,952.0,2026-09-03T19:34:57.920753+00:00
2026-07-23,930.1,950.0,925.5,950.0,442,950.0,2026-09-03T19:34:57.920753+00:00
2026-07-24,967.0,970.0,942.0,945.0,670,945.0,2026-09-03T19:34:57.920753+00:00
2026-07-27,950.0,950.0,935.1,949.9,295,949.9,2026-09-03T19:34:57.920753+00:00
2026-07-28,922.0,948.0,922.0,945.7,1404,945.7,2026-09-03T19:34:57.920753+00:00
2026-07-29,945.7,945.7,925.0,926.2,2437,926.2,2026-09-03T19:34:57.920753+00:00
2026-07-30,900.1,940.0,900.1,930.0,632,930.0,2026-09-03T19:34:57.920753+00:00
2026-07-31,930.0,935.0,910.3,934.0,502,934.0,2026-09-03T19:34:57.920753+00:00
2026-08-03,921.1,940.0,921.1,939.9,572,939.9,2026-09-03T19:34:57.920753+00:00
2026-08-04,916.1,938.9,912.1,938.9,831,938.9,2026-09-03T19:34:57.920753+00:00
2026-08-05,915.0,937.0,915.0,930.0,1642,930.0,2026-09-03T19:34:57.920753+00:00
2026-08-06,930.0,930.0,918.0,920.0,423,920.0,2026-09-03T19:34:57.920753+00:00
2026-08-07,920.0,930.0,916.1,917.0,393,917.0,2026-09-03T19:34:57.920753+00:00
2026-08-10,917.0,920.0,915.0,915.0,912,915.0,2026-09-03T19:34:57.920753+00:00
2026-08-11,915.0,927.9,914.0,927.9,433,927.9,2026-09-03T19:34:57.920753+00:00
2026-08-12,927.9,943.0,906.3,943.0,628,943.0,2026-09-03T19:34:57.920753+00:00
2026-08-13,915.1,945.0,915.1,943.0,182,943.0,2026-09-03T19:34:57.920753+00:00
2026-08-14,943.0,943.0,918.5,937.0,26,937.0,2026-09-03T19:34:57.920753+00:00
2026-08-17,915.2,919.0,911.1,919.0,357,919.0,2026-09-03T19:34:57.920753+00:00
2026-08-18,915.0,915.0,901.2,901.2,1334,901.2,2026-09-03T19:34:57.920753+00:00
2026-08-19,898.0,921.6,894.4,900.0,842,900.0,2026-09-03T19:34:57.920753+00:00
2026-08-20,900.0,909.0,897.5,909.0,562,909.0,2026-09-03T19:34:57.920753+00:00
2026-08-21,892.0,918.0,892.0,911.0,803,911.0,2026-09-03T19:34:57.920753+00:00
2026-08-24,911.0,911.0,895.0,909.0,500,909.0,2026-09-03T19:34:57.920753+00:00
2026-08-25,901.0,901.0,890.1,892.0,397,892.0,2026-09-03T19:34:57.920753+00:00
2026-08-26,892.0,892.0,866.1,880.0,757,880.0,2026-09-03T19:34:57.920753+00:00
2026-08-27,880.0,900.0,860.0,900.0,389,900.0,2026-09-03T19:34:57.920753+00:00
2026-08-31,900.0,900.0,871.0,892.4,650,892.4,2026-09-03T19:34:57.920753+00:00
2026-09-01,892.0,900.0,871.1,888.9,272,888.9,2026-09-03T19:34:57.920753+00:00
2026-09-02,865.0,913.0,865.0,894.8,243,894.8,2026-09-03T19:34:57.920753+00:00
2026-09-03,900.0,900.0,880.0,894.9,804,894.9,2026-09-03T19:34:57.920753+00:00
