date,open,high,low,close,volume,adj_close,fetched_at
2019-03-11,300.0,306.0,300.0,306.0,20,306.0,2026-09-03T19:35:00.940942+00:00
2019-03-12,321.0,321.0,321.0,321.0,10,321.0,2026-09-03T19:35:00.940942+00:00
2019-03-13,337.0,349.0,337.0,349.0,30,349.0,2026-09-03T19:35:00.940942+00:00
2019-03-14,366.0,366.0,366.0,366.0,10,366.0,2026-09-03T19:35:00.940942+00:00
2019-03-17,384.0,402.0,384.0,402.0,50,402.0,2026-09-03T19:35:00.940942+00:00
2019-03-18,422.0,422.0,422.0,422.0,10,422.0,2026-09-03T19:35:00.940942+00:00
2019-03-19,443.0,464.0,443.0,464.0,40,464.0,2026-09-03T19:35:00.940942+00:00
2019-03-21,487.0,510.0,487.0,510.0,500,510.0,2026-09-03T19:35:00.940942+00:00
2019-03-24,535.0,555.0,486.0,492.0,31231,492.0,2026-09-03T19:35:00.940942+00:00
2019-03-25,492.0,496.0,484.0,490.0,10094,490.0,2026-09-03T19:35:00.940942+00:00
2019-03-26,490.0,490.0,481.0,489.0,5200,489.0,2026-09-03T19:35:00.940942+00:00
2019-03-27,482.0,494.0,480.0,489.0,5701,489.0,2026-09-03T19:35:00.940942+00:00
2019-03-28,498.0,498.0,481.0,485.0,3750,485.0,2026-09-03T19:35:00.940942+00:00
2019-03-31,489.0,498.0,480.0,483.0,4030,483.0,2026-09-03T19:35:00.940942+00:00
2019-04-01,481.0,484.0,476.0,479.0,3680,479.0,2026-09-03T19:35:00.940942+00:00
2019-04-02,478.0,483.0,477.0,477.0,4050,477.0,2026-09-03T19:35:00.940942+00:00
2019-04-03,475.0,481.0,473.0,480.0,3700,480.0,2026-09-03T19:35:00.940942+00:00
2019-04-04,479.0,480.0,474.0,477.0,1730,477.0,2026-09-03T19:35:00.940942+00:00
2019-04-07,472.0,473.0,463.0,466.0,3250,466.0,2026-09-03T19:35:00.940942+00:00
2019-04-08,466.0,490.0,459.0,482.0,3120,482.0,2026-09-03T19:35:00.940942+00:00
2019-04-09,487.0,487.0,474.0,474.0,2260,474.0,2026-09-03T19:35:00.940942+00:00
2019-04-10,473.0,477.0,465.0,468.0,2020,468.0,2026-09-03T19:35:00.940942+00:00
2019-04-11,459.0,473.0,459.0,471.0,2100,471.0,2026-09-03T19:35:00.940942+00:00
2019-04-15,462.0,473.0,462.0,466.0,1710,466.0,2026-09-03T19:35:00.940942+00:00
2019-04-16,463.0,480.0,463.0,469.0,990,469.0,2026-09-03T19:35:00.940942+00:00
2019-04-17,470.0,487.0,469.0,471.0,2230,471.0,2026-09-03T19:35:00.940942+00:00
2019-04-18,475.0,479.0,464.0,464.0,1670,464.0,2026-09-03T19:35:00.940942+00:00
2019-04-21,464.0,479.0,464.0,474.0,1430,474.0,2026-09-03T19:35:00.940942+00:00
2019-04-22,465.0,475.0,465.0,470.0,1350,470.0,2026-09-03T19:35:00.940942+00:00
2019-04-23,465.0,466.0,457.0,466.0,2434,466.0,2026-09-03T19:35:00.940942+00:00
2019-04-24,460.0,468.0,452.0,468.0,1655,468.0,2026-09-03T19:35:00.940942+00:00
2019-04-25,474.0,474.0,462.0,462.0,1980,462.0,2026-09-03T19:35:00.940942+00:00
2019-04-28,465.0,500.0,460.0,485.0,5761,485.0,2026-09-03T19:35:00.940942+00:00
2019-04-29,485.0,488.0,467.0,472.0,3909,472.0,2026-09-03T19:35:00.940942+00:00
2019-04-30,472.0,475.0,465.0,471.0,1290,471.0,2026-09-03T19:35:00.940942+00:00
2019-05-02,471.0,471.0,464.0,464.0,2100,464.0,2026-09-03T19:35:00.940942+00:00
2019-05-05,464.0,470.0,463.0,464.0,1960,464.0,2026-09-03T19:35:00.940942+00:00
2019-05-06,463.0,465.0,460.0,465.0,1420,465.0,2026-09-03T19:35:00.940942+00:00
2019-05-07,456.0,464.0,456.0,464.0,1710,464.0,2026-09-03T19:35:00.940942+00:00
2019-05-08,459.0,473.0,450.0,470.0,4104,470.0,2026-09-03T19:35:00.940942+00:00
2019-05-09,468.0,470.0,464.0,469.0,970,469.0,2026-09-03T19:35:00.940942+00:00
2019-05-12,460.0,467.0,456.0,465.0,370,465.0,2026-09-03T19:35:00.940942+00:00
2019-05-13,465.0,471.0,460.0,471.0,1050,471.0,2026-09-03T19:35:00.940942+00:00
2019-05-14,475.0,475.0,459.0,466.0,670,466.0,2026-09-03T19:35:00.940942+00:00
2019-05-15,459.0,471.0,459.0,464.0,1940,464.0,2026-09-03T19:35:00.940942+00:00
2019-05-16,456.0,461.0,450.0,455.0,3019,455.0,2026-09-03T19:35:00.940942+00:00
2019-05-19,451.0,463.0,442.0,442.0,2240,442.0,2026-09-03T19:35:00.940942+00:00
2019-05-20,442.0,459.0,435.0,449.0,1790,449.0,2026-09-03T19:35:00.940942+00:00
2019-05-21,449.0,466.0,433.0,450.0,1290,450.0,2026-09-03T19:35:00.940942+00:00
2019-05-22,450.0,463.0,446.0,450.0,1050,450.0,2026-09-03T19:35:00.940942+00:00
2019-05-23,446.0,468.0,445.0,445.0,1140,445.0,2026-09-03T19:35:00.940942+00:00
2019-05-26,445.0,448.0,438.0,441.0,1480,441.0,2026-09-03T19:35:00.940942+00:00
2019-05-27,449.0,449.0,438.0,442.0,915,442.0,2026-09-03T19:35:00.940942+00:00
2019-05-28,440.0,441.0,435.0,440.0,1080,440.0,2026-09-03T19:35:00.940942+00:00
2019-05-29,439.0,444.0,436.0,442.0,1840,442.0,2026-09-03T19:35:00.940942+00:00
2019-05-30,445.0,468.0,430.0,444.0,4693,444.0,2026-09-03T19:35:00.940942+00:00
2019-06-02,436.0,447.0,436.0,447.0,1040,447.0,2026-09-03T19:35:00.940942+00:00
2019-06-03,440.0,441.0,430.0,432.0,1420,432.0,2026-09-03T19:35:00.940942+00:00
2019-06-04,435.0,451.0,430.0,438.0,2140,438.0,2026-09-03T19:35:00.940942+00:00
2019-06-06,438.0,441.0,430.0,441.0,2223,441.0,2026-09-03T19:35:00.940942+00:00
2019-06-10,441.0,441.0,428.0,428.0,1450,428.0,2026-09-03T19:35:00.940942+00:00
2019-06-11,428.0,457.0,420.0,422.0,1090,422.0,2026-09-03T19:35:00.940942+00:00
2019-06-12,430.0,430.0,406.0,417.0,1810,417.0,2026-09-03T19:35:00.940942+00:00
2019-06-13,410.0,421.0,410.0,416.0,910,416.0,2026-09-03T19:35:00.940942+00:00
2019-06-16,416.0,416.0,390.0,399.0,2270,399.0,2026-09-03T19:35:00.940942+00:00
2019-06-17,399.0,409.0,391.0,404.0,1295,404.0,2026-09-03T19:35:00.940942+00:00
2019-06-18,404.0,415.0,396.0,400.0,1840,400.0,2026-09-03T19:35:00.940942+00:00
2019-06-19,395.0,402.0,389.0,402.0,560,402.0,2026-09-03T19:35:00.940942+00:00
2019-06-20,400.0,405.0,394.0,400.0,390,400.0,2026-09-03T19:35:00.940942+00:00
2019-06-23,398.0,404.0,395.0,395.0,620,395.0,2026-09-03T19:35:00.940942+00:00
2019-06-24,398.0,405.0,395.0,400.0,960,400.0,2026-09-03T19:35:00.940942+00:00
2019-06-25,400.0,415.0,392.0,407.0,510,407.0,2026-09-03T19:35:00.940942+00:00
2019-06-26,399.0,399.0,388.0,390.0,1590,390.0,2026-09-03T19:35:00.940942+00:00
2019-06-27,390.0,401.0,388.0,401.0,1009,401.0,2026-09-03T19:35:00.940942+00:00
2019-06-30,408.0,408.0,389.0,395.0,620,395.0,2026-09-03T19:35:00.940942+00:00
2019-07-01,388.0,394.0,382.0,389.0,790,389.0,2026-09-03T19:35:00.940942+00:00
2019-07-02,390.0,397.0,388.0,397.0,640,397.0,2026-09-03T19:35:00.940942+00:00
2019-07-03,390.0,410.0,385.0,397.0,1080,397.0,2026-09-03T19:35:00.940942+00:00
2019-07-04,397.0,405.0,392.0,398.0,740,398.0,2026-09-03T19:35:00.940942+00:00
2019-07-07,395.0,405.0,389.0,392.0,400,392.0,2026-09-03T19:35:00.940942+00:00
2019-07-08,385.0,402.0,385.0,392.0,1725,392.0,2026-09-03T19:35:00.940942+00:00
2019-07-09,398.0,404.0,378.0,404.0,1144,404.0,2026-09-03T19:35:00.940942+00:00
2019-07-10,402.0,409.0,398.0,404.0,610,404.0,2026-09-03T19:35:00.940942+00:00
2019-07-11,396.0,402.0,390.0,390.0,1080,390.0,2026-09-03T19:35:00.940942+00:00
2019-07-14,390.0,400.0,390.0,400.0,420,400.0,2026-09-03T19:35:00.940942+00:00
2019-07-15,392.0,402.0,385.0,399.0,370,399.0,2026-09-03T19:35:00.940942+00:00
2019-07-16,392.0,400.0,392.0,395.0,486,395.0,2026-09-03T19:35:00.940942+00:00
2019-07-17,396.0,400.0,388.0,395.0,280,395.0,2026-09-03T19:35:00.940942+00:00
2019-07-18,396.0,400.0,395.0,395.0,300,395.0,2026-09-03T19:35:00.940942+00:00
2019-07-21,395.0,395.0,389.0,390.0,310,390.0,2026-09-03T19:35:00.940942+00:00
2019-07-22,389.0,399.0,389.0,399.0,400,399.0,2026-09-03T19:35:00.940942+00:00
2019-07-23,404.0,412.0,397.0,403.0,1745,403.0,2026-09-03T19:35:00.940942+00:00
2019-07-24,403.0,414.0,403.0,410.0,950,410.0,2026-09-03T19:35:00.940942+00:00
2019-07-25,402.0,409.0,400.0,402.0,890,402.0,2026-09-03T19:35:00.940942+00:00
2019-07-28,400.0,405.0,399.0,402.0,1530,402.0,2026-09-03T19:35:00.940942+00:00
2019-07-29,405.0,440.0,397.0,427.0,2240,427.0,2026-09-03T19:35:00.940942+00:00
2019-07-30,427.0,446.0,423.0,433.0,7145,433.0,2026-09-03T19:35:00.940942+00:00
2019-07-31,432.0,476.0,432.0,476.0,13290,476.0,2026-09-03T19:35:00.940942+00:00
2019-08-01,478.0,523.0,471.0,515.0,24725,515.0,2026-09-03T19:35:00.940942+00:00
2019-08-04,515.0,531.0,491.0,496.0,13559,496.0,2026-09-03T19:35:00.940942+00:00
2019-08-05,500.0,500.0,465.0,474.0,7870,474.0,2026-09-03T19:35:00.940942+00:00
2019-08-06,470.0,477.0,450.0,477.0,2730,477.0,2026-09-03T19:35:00.940942+00:00
2019-08-07,468.0,491.0,456.0,485.0,2250,485.0,2026-09-03T19:35:00.940942+00:00
2019-08-08,477.0,483.0,468.0,478.0,2210,478.0,2026-09-03T19:35:00.940942+00:00
2019-08-11,469.0,470.0,452.0,461.0,980,461.0,2026-09-03T19:35:00.940942+00:00
2019-08-12,460.0,477.0,456.0,475.0,2805,475.0,2026-09-03T19:35:00.940942+00:00
2019-08-13,475.0,475.0,468.0,475.0,1300,475.0,2026-09-03T19:35:00.940942+00:00
2019-08-14,480.0,482.0,467.0,474.0,980,474.0,2026-09-03T19:35:00.940942+00:00
2019-08-15,465.0,470.0,456.0,467.0,1230,467.0,2026-09-03T19:35:00.940942+00:00
2019-08-18,467.0,477.0,458.0,466.0,1570,466.0,2026-09-03T19:35:00.940942+00:00
2019-08-19,466.0,480.0,458.0,476.0,2165,476.0,2026-09-03T19:35:00.940942+00:00
2019-08-20,476.0,476.0,462.0,470.0,2274,470.0,2026-09-03T19:35:00.940942+00:00
2019-08-21,463.0,466.0,457.0,466.0,3579,466.0,2026-09-03T19:35:00.940942+00:00
2019-08-22,466.0,471.0,458.0,464.0,1250,464.0,2026-09-03T19:35:00.940942+00:00
2019-08-25,464.0,465.0,447.0,454.0,3810,454.0,2026-09-03T19:35:00.940942+00:00
2019-08-26,458.0,458.0,442.0,447.0,1344,447.0,2026-09-03T19:35:00.940942+00:00
2019-08-27,445.0,458.0,443.0,456.0,1590,456.0,2026-09-03T19:35:00.940942+00:00
2019-08-28,460.0,465.0,445.0,447.0,2235,447.0,2026-09-03T19:35:00.940942+00:00
2019-08-29,444.0,450.0,439.0,441.0,949,441.0,2026-09-03T19:35:00.940942+00:00
2019-09-01,441.0,441.0,435.0,440.0,970,440.0,2026-09-03T19:35:00.940942+00:00
2019-09-02,432.0,445.0,432.0,439.0,1148,439.0,2026-09-03T19:35:00.940942+00:00
2019-09-03,435.0,456.0,431.0,456.0,1665,456.0,2026-09-03T19:35:00.940942+00:00
2019-09-04,456.0,463.0,446.0,454.0,1050,454.0,2026-09-03T19:35:00.940942+00:00
2019-09-05,455.0,462.0,445.0,448.0,1040,448.0,2026-09-03T19:35:00.940942+00:00
2019-09-08,448.0,455.0,442.0,449.0,930,449.0,2026-09-03T19:35:00.940942+00:00
2019-09-09,450.0,450.0,439.0,447.0,550,447.0,2026-09-03T19:35:00.940942+00:00
2019-09-10,447.0,447.0,439.0,439.0,1155,439.0,2026-09-03T19:35:00.940942+00:00
2019-09-11,440.0,440.0,434.0,435.0,480,435.0,2026-09-03T19:35:00.940942+00:00
2019-09-12,434.0,438.0,428.0,431.0,480,431.0,2026-09-03T19:35:00.940942+00:00
2019-09-15,432.0,432.0,419.0,420.0,660,420.0,2026-09-03T19:35:00.940942+00:00
2019-09-16,415.0,433.0,414.0,416.0,736,416.0,2026-09-03T19:35:00.940942+00:00
2019-09-17,412.0,430.0,412.0,428.0,140,428.0,2026-09-03T19:35:00.940942+00:00
2019-09-18,421.0,441.0,421.0,435.0,1720,435.0,2026-09-03T19:35:00.940942+00:00
2019-09-19,431.0,436.0,427.0,432.0,340,432.0,2026-09-03T19:35:00.940942+00:00
2019-09-22,431.0,431.0,423.0,423.0,490,423.0,2026-09-03T19:35:00.940942+00:00
2019-09-23,423.0,425.0,417.0,425.0,310,425.0,2026-09-03T19:35:00.940942+00:00
2019-09-24,417.0,425.0,417.0,418.0,270,418.0,2026-09-03T19:35:00.940942+00:00
2019-09-25,420.0,420.0,415.0,415.0,290,415.0,2026-09-03T19:35:00.940942+00:00
2019-09-26,422.0,433.0,416.0,416.0,1640,416.0,2026-09-03T19:35:00.940942+00:00
2019-09-29,412.0,425.0,412.0,418.0,950,418.0,2026-09-03T19:35:00.940942+00:00
2019-09-30,415.0,432.0,415.0,432.0,2070,432.0,2026-09-03T19:35:00.940942+00:00
2019-10-01,432.0,434.0,425.0,434.0,1920,434.0,2026-09-03T19:35:00.940942+00:00
2019-10-02,395.0,395.0,384.0,384.0,1160,384.0,2026-09-03T19:35:00.940942+00:00
2019-10-03,391.0,391.0,387.0,390.0,584,390.0,2026-09-03T19:35:00.940942+00:00
2019-10-10,390.0,390.0,385.0,385.0,50,385.0,2026-09-03T19:35:00.940942+00:00
2019-10-14,387.0,390.0,386.0,387.0,60,387.0,2026-09-03T19:35:00.940942+00:00
2019-10-15,386.0,386.0,386.0,386.0,50,386.0,2026-09-03T19:35:00.940942+00:00
2019-10-16,390.0,393.0,383.0,390.0,280,390.0,2026-09-03T19:35:00.940942+00:00
2019-10-17,385.0,390.0,383.0,383.0,500,383.0,2026-09-03T19:35:00.940942+00:00
2019-10-21,388.0,395.0,376.0,395.0,470,395.0,2026-09-03T19:35:00.940942+00:00
2019-10-22,388.0,388.0,378.0,379.0,595,379.0,2026-09-03T19:35:00.940942+00:00
2019-10-23,380.0,380.0,373.0,373.0,2680,373.0,2026-09-03T19:35:00.940942+00:00
2019-10-24,373.0,382.0,373.0,379.0,325,379.0,2026-09-03T19:35:00.940942+00:00
2019-10-31,379.0,389.0,379.0,388.0,705,388.0,2026-09-03T19:35:00.940942+00:00
2019-11-03,382.0,387.0,382.0,386.0,470,386.0,2026-09-03T19:35:00.940942+00:00
2019-11-04,386.0,389.0,381.0,386.0,748,386.0,2026-09-03T19:35:00.940942+00:00
2019-11-05,385.0,393.0,380.0,390.0,662,390.0,2026-09-03T19:35:00.940942+00:00
2019-11-06,394.0,395.0,386.0,390.0,950,390.0,2026-09-03T19:35:00.940942+00:00
2019-11-07,390.0,399.0,381.0,383.0,540,383.0,2026-09-03T19:35:00.940942+00:00
2019-11-10,376.0,387.0,376.0,385.0,630,385.0,2026-09-03T19:35:00.940942+00:00
2019-11-11,382.0,410.0,382.0,403.0,1665,403.0,2026-09-03T19:35:00.940942+00:00
2019-11-12,400.0,405.0,393.0,398.0,1570,398.0,2026-09-03T19:35:00.940942+00:00
2019-11-13,392.0,408.0,389.0,403.0,1390,403.0,2026-09-03T19:35:00.940942+00:00
2019-11-14,402.0,411.0,400.0,409.0,1323,409.0,2026-09-03T19:35:00.940942+00:00
2019-11-17,403.0,408.0,403.0,407.0,1176,407.0,2026-09-03T19:35:00.940942+00:00
2019-11-18,403.0,406.0,403.0,403.0,780,403.0,2026-09-03T19:35:00.940942+00:00
2019-11-19,407.0,410.0,394.0,399.0,430,399.0,2026-09-03T19:35:00.940942+00:00
2019-11-20,394.0,405.0,394.0,401.0,972,401.0,2026-09-03T19:35:00.940942+00:00
2019-11-21,396.0,397.0,391.0,395.0,510,395.0,2026-09-03T19:35:00.940942+00:00
2019-11-24,395.0,395.0,387.0,390.0,370,390.0,2026-09-03T19:35:00.940942+00:00
2019-11-25,397.0,398.0,383.0,386.0,805,386.0,2026-09-03T19:35:00.940942+00:00
2019-11-26,382.0,393.0,382.0,389.0,390,389.0,2026-09-03T19:35:00.940942+00:00
2019-11-27,389.0,396.0,385.0,395.0,510,395.0,2026-09-03T19:35:00.940942+00:00
2019-11-28,395.0,396.0,389.0,392.0,630,392.0,2026-09-03T19:35:00.940942+00:00
2019-12-01,395.0,395.0,388.0,388.0,560,388.0,2026-09-03T19:35:00.940942+00:00
2019-12-02,386.0,390.0,386.0,387.0,450,387.0,2026-09-03T19:35:00.940942+00:00
2019-12-03,387.0,401.0,387.0,399.0,905,399.0,2026-09-03T19:35:00.940942+00:00
2019-12-04,392.0,415.0,392.0,412.0,4844,412.0,2026-09-03T19:35:00.940942+00:00
2019-12-05,419.0,430.0,413.0,429.0,3860,429.0,2026-09-03T19:35:00.940942+00:00
2019-12-08,432.0,448.0,420.0,443.0,4650,443.0,2026-09-03T19:35:00.940942+00:00
2019-12-09,443.0,475.0,443.0,461.0,6000,461.0,2026-09-03T19:35:00.940942+00:00
2019-12-10,464.0,465.0,446.0,461.0,3980,461.0,2026-09-03T19:35:00.940942+00:00
2019-12-11,455.0,482.0,454.0,470.0,6524,470.0,2026-09-03T19:35:00.940942+00:00
2019-12-12,479.0,479.0,460.0,471.0,2682,471.0,2026-09-03T19:35:00.940942+00:00
2019-12-15,470.0,471.0,445.0,446.0,2354,446.0,2026-09-03T19:35:00.940942+00:00
2019-12-16,450.0,459.0,436.0,450.0,1670,450.0,2026-09-03T19:35:00.940942+00:00
2019-12-17,450.0,469.0,450.0,469.0,4025,469.0,2026-09-03T19:35:00.940942+00:00
2019-12-18,463.0,470.0,455.0,466.0,2095,466.0,2026-09-03T19:35:00.940942+00:00
2019-12-19,470.0,474.0,453.0,461.0,1359,461.0,2026-09-03T19:35:00.940942+00:00
2019-12-22,456.0,477.0,455.0,468.0,4405,468.0,2026-09-03T19:35:00.940942+00:00
2019-12-23,462.0,508.0,462.0,507.0,9570,507.0,2026-09-03T19:35:00.940942+00:00
2019-12-24,508.0,508.0,484.0,490.0,4287,490.0,2026-09-03T19:35:00.940942+00:00
2019-12-25,497.0,498.0,466.0,486.0,4519,486.0,2026-09-03T19:35:00.940942+00:00
2019-12-26,484.0,484.0,474.0,475.0,1719,475.0,2026-09-03T19:35:00.940942+00:00
2019-12-29,468.0,480.0,467.0,478.0,1720,478.0,2026-09-03T19:35:00.940942+00:00
2019-12-30,485.0,486.0,469.0,475.0,1650,475.0,2026-09-03T19:35:00.940942+00:00
2019-12-31,471.0,490.0,471.0,482.0,2370,482.0,2026-09-03T19:35:00.940942+00:00
2020-01-01,474.0,510.0,474.0,496.0,5921,496.0,2026-09-03T19:35:00.940942+00:00
2020-01-02,503.0,514.0,492.0,497.0,4466,497.0,2026-09-03T19:35:00.940942+00:00
2020-01-05,495.0,522.0,491.0,517.0,14607,517.0,2026-09-03T19:35:00.940942+00:00
2020-01-06,527.0,536.0,517.0,532.0,8244,532.0,2026-09-03T19:35:00.940942+00:00
2020-01-07,539.0,539.0,520.0,530.0,10110,530.0,2026-09-03T19:35:00.940942+00:00
2020-01-08,535.0,570.0,525.0,565.0,10610,565.0,2026-09-03T19:35:00.940942+00:00
2020-01-09,554.0,589.0,552.0,580.0,7565,580.0,2026-09-03T19:35:00.940942+00:00
2020-01-12,580.0,635.0,580.0,633.0,8065,633.0,2026-09-03T19:35:00.940942+00:00
2020-01-13,645.0,650.0,599.0,629.0,7255,629.0,2026-09-03T19:35:00.940942+00:00
2020-01-14,617.0,622.0,588.0,596.0,10129,596.0,2026-09-03T19:35:00.940942+00:00
2020-01-15,588.0,618.0,588.0,614.0,5760,614.0,2026-09-03T19:35:00.940942+00:00
2020-01-16,618.0,675.0,618.0,675.0,16092,675.0,2026-09-03T19:35:00.940942+00:00
2020-01-19,688.0,729.0,682.0,690.0,13749,690.0,2026-09-03T19:35:00.940942+00:00
2020-01-20,703.0,716.0,640.0,669.0,4270,669.0,2026-09-03T19:35:00.940942+00:00
2020-01-21,680.0,695.0,633.0,693.0,3993,693.0,2026-09-03T19:35:00.940942+00:00
2020-01-22,680.0,680.0,655.0,670.0,6125,670.0,2026-09-03T19:35:00.940942+00:00
2020-01-23,669.0,670.0,630.0,640.0,8912,640.0,2026-09-03T19:35:00.940942+00:00
2020-01-26,629.0,650.0,608.0,628.0,4020,628.0,2026-09-03T19:35:00.940942+00:00
2020-01-27,625.0,672.0,619.0,672.0,8545,672.0,2026-09-03T19:35:00.940942+00:00
2020-01-28,680.0,694.0,660.0,679.0,6925,679.0,2026-09-03T19:35:00.940942+00:00
2020-01-29,679.0,730.0,679.0,728.0,22061,728.0,2026-09-03T19:35:00.940942+00:00
2020-01-30,742.0,765.0,725.0,738.0,13835,738.0,2026-09-03T19:35:00.940942+00:00
2020-02-02,752.0,765.0,728.0,735.0,14920,735.0,2026-09-03T19:35:00.940942+00:00
2020-02-03,748.0,748.0,697.0,726.0,6740,726.0,2026-09-03T19:35:00.940942+00:00
2020-02-04,713.0,730.0,710.0,730.0,6799,730.0,2026-09-03T19:35:00.940942+00:00
2020-02-05,744.0,744.0,718.0,730.0,2659,730.0,2026-09-03T19:35:00.940942+00:00
2020-02-06,721.0,730.0,715.0,718.0,3797,718.0,2026-09-03T19:35:00.940942+00:00
2020-02-09,704.0,714.0,691.0,691.0,6783,691.0,2026-09-03T19:35:00.940942+00:00
2020-02-10,691.0,711.0,691.0,700.0,2711,700.0,2026-09-03T19:35:00.940942+00:00
2020-02-11,714.0,727.0,707.0,717.0,5387,717.0,2026-09-03T19:35:00.940942+00:00
2020-02-12,714.0,746.0,714.0,740.0,11896,740.0,2026-09-03T19:35:00.940942+00:00
2020-02-13,740.0,778.0,740.0,763.0,10591,763.0,2026-09-03T19:35:00.940942+00:00
2020-02-16,775.0,782.0,756.0,778.0,5413,778.0,2026-09-03T19:35:00.940942+00:00
2020-02-17,793.0,793.0,765.0,768.0,8766,768.0,2026-09-03T19:35:00.940942+00:00
2020-02-18,770.0,783.0,743.0,780.0,10112,780.0,2026-09-03T19:35:00.940942+00:00
2020-02-19,780.0,858.0,768.0,858.0,17925,858.0,2026-09-03T19:35:00.940942+00:00
2020-02-20,875.0,900.0,850.0,886.0,15992,886.0,2026-09-03T19:35:00.940942+00:00
2020-02-23,886.0,911.0,867.0,883.0,19870,883.0,2026-09-03T19:35:00.940942+00:00
2020-02-24,883.0,890.0,850.0,878.0,9570,878.0,2026-09-03T19:35:00.940942+00:00
2020-02-25,865.0,895.0,850.0,885.0,6665,885.0,2026-09-03T19:35:00.940942+00:00
2020-02-26,900.0,936.0,880.0,880.0,3991,880.0,2026-09-03T19:35:00.940942+00:00
2020-02-27,870.0,880.0,840.0,862.0,3045,862.0,2026-09-03T19:35:00.940942+00:00
2020-03-01,860.0,860.0,816.0,818.0,10350,818.0,2026-09-03T19:35:00.940942+00:00
2020-03-02,810.0,816.0,780.0,780.0,2666,780.0,2026-09-03T19:35:00.940942+00:00
2020-03-03,765.0,785.0,702.0,725.0,11429,725.0,2026-09-03T19:35:00.940942+00:00
2020-03-04,711.0,720.0,660.0,670.0,7961,670.0,2026-09-03T19:35:00.940942+00:00
2020-03-05,657.0,737.0,657.0,685.0,5006,685.0,2026-09-03T19:35:00.940942+00:00
2020-03-10,685.0,698.0,646.0,646.0,349,646.0,2026-09-03T19:35:00.940942+00:00
2020-03-11,658.0,710.0,658.0,710.0,5188,710.0,2026-09-03T19:35:00.940942+00:00
2020-03-12,724.0,725.0,679.0,698.0,3549,698.0,2026-09-03T19:35:00.940942+00:00
2020-03-15,685.0,685.0,654.0,664.0,3000,664.0,2026-09-03T19:35:00.940942+00:00
2020-03-16,660.0,688.0,636.0,660.0,3311,660.0,2026-09-03T19:35:00.940942+00:00
2020-03-17,660.0,665.0,630.0,630.0,1894,630.0,2026-09-03T19:35:00.940942+00:00
2020-03-18,618.0,642.0,597.0,622.0,4121,622.0,2026-09-03T19:35:00.940942+00:00
2020-03-19,610.0,630.0,588.0,623.0,2915,623.0,2026-09-03T19:35:00.940942+00:00
2020-03-22,612.0,618.0,588.0,618.0,851,618.0,2026-09-03T19:35:00.940942+00:00
2020-05-12,606.0,606.0,606.0,606.0,10,606.0,2026-09-03T19:35:00.940942+00:00
2020-06-29,594.0,594.0,546.0,546.0,263,546.0,2026-09-03T19:35:00.940942+00:00
2020-06-30,544.0,546.0,536.0,537.0,69,537.0,2026-09-03T19:35:00.940942+00:00
2020-07-01,547.0,560.0,547.0,560.0,31,560.0,2026-09-03T19:35:00.940942+00:00
2020-07-02,565.0,570.0,565.0,566.0,692,566.0,2026-09-03T19:35:00.940942+00:00
2020-07-05,566.0,582.0,564.0,582.0,1415,582.0,2026-09-03T19:35:00.940942+00:00
2020-07-06,575.0,640.0,560.0,636.0,1980,636.0,2026-09-03T19:35:00.940942+00:00
2020-07-07,637.0,699.0,637.0,690.0,3659,690.0,2026-09-03T19:35:00.940942+00:00
2020-07-08,680.0,742.0,656.0,742.0,1379,742.0,2026-09-03T19:35:00.940942+00:00
2020-07-09,728.0,754.0,717.0,735.0,4781,735.0,2026-09-03T19:35:00.940942+00:00
2020-07-12,725.0,765.0,722.0,740.0,3407,740.0,2026-09-03T19:35:00.940942+00:00
2020-07-13,740.0,772.0,731.0,772.0,1676,772.0,2026-09-03T19:35:00.940942+00:00
2020-07-14,773.0,795.0,762.0,771.0,3793,771.0,2026-09-03T19:35:00.940942+00:00
2020-07-15,771.0,783.0,762.0,780.0,2474,780.0,2026-09-03T19:35:00.940942+00:00
2020-07-16,771.0,780.0,756.0,777.0,1945,777.0,2026-09-03T19:35:00.940942+00:00
2020-07-19,777.0,807.0,777.0,807.0,31,807.0,2026-09-03T19:35:00.940942+00:00
2020-07-20,807.0,823.0,735.0,760.0,2584,760.0,2026-09-03T19:35:00.940942+00:00
2020-07-21,760.0,790.0,728.0,732.0,4919,732.0,2026-09-03T19:35:00.940942+00:00
2020-07-22,727.0,746.0,720.0,725.0,3172,725.0,2026-09-03T19:35:00.940942+00:00
2020-07-23,713.0,759.0,711.0,739.0,1272,739.0,2026-09-03T19:35:00.940942+00:00
2020-07-26,729.0,759.0,717.0,748.0,2707,748.0,2026-09-03T19:35:00.940942+00:00
2020-07-27,755.0,762.0,729.0,742.0,2758,742.0,2026-09-03T19:35:00.940942+00:00
2020-07-28,730.0,742.0,729.0,740.0,2485,740.0,2026-09-03T19:35:00.940942+00:00
2020-07-29,750.0,750.0,704.0,704.0,5798,704.0,2026-09-03T19:35:00.940942+00:00
2020-07-30,690.0,716.0,690.0,716.0,2910,716.0,2026-09-03T19:35:00.940942+00:00
2020-08-02,751.0,751.0,693.0,697.0,2201,697.0,2026-09-03T19:35:00.940942+00:00
2020-08-03,684.0,704.0,684.0,697.0,1668,697.0,2026-09-03T19:35:00.940942+00:00
2020-08-05,710.0,710.0,675.0,680.0,1685,680.0,2026-09-03T19:35:00.940942+00:00
2020-08-06,670.0,703.0,670.0,685.0,1583,685.0,2026-09-03T19:35:00.940942+00:00
2020-08-09,697.0,700.0,657.0,700.0,1550,700.0,2026-09-03T19:35:00.940942+00:00
2020-08-10,700.0,706.0,686.0,704.0,2590,704.0,2026-09-03T19:35:00.940942+00:00
2020-08-11,700.0,703.0,687.0,688.0,1737,688.0,2026-09-03T19:35:00.940942+00:00
2020-08-12,677.0,701.0,675.0,677.0,1195,677.0,2026-09-03T19:35:00.940942+00:00
2020-08-13,665.0,680.0,665.0,673.0,1273,673.0,2026-09-03T19:35:00.940942+00:00
2020-08-16,672.0,672.0,640.0,643.0,4003,643.0,2026-09-03T19:35:00.940942+00:00
2020-08-17,655.0,655.0,631.0,644.0,1355,644.0,2026-09-03T19:35:00.940942+00:00
2020-08-18,647.0,648.0,642.0,647.0,1595,647.0,2026-09-03T19:35:00.940942+00:00
2020-08-19,635.0,659.0,635.0,644.0,527,644.0,2026-09-03T19:35:00.940942+00:00
2020-08-20,635.0,656.0,634.0,656.0,1564,656.0,2026-09-03T19:35:00.940942+00:00
2020-08-23,656.0,675.0,654.0,670.0,2870,670.0,2026-09-03T19:35:00.940942+00:00
2020-08-24,670.0,702.0,670.0,695.0,3567,695.0,2026-09-03T19:35:00.940942+00:00
2020-08-25,700.0,738.0,700.0,738.0,15499,738.0,2026-09-03T19:35:00.940942+00:00
2020-08-26,752.0,765.0,745.0,756.0,7978,756.0,2026-09-03T19:35:00.940942+00:00
2020-08-27,759.0,760.0,741.0,760.0,7121,760.0,2026-09-03T19:35:00.940942+00:00
2020-08-30,759.0,775.0,730.0,762.0,3079,762.0,2026-09-03T19:35:00.940942+00:00
2020-08-31,748.0,798.0,748.0,796.0,12168,796.0,2026-09-03T19:35:00.940942+00:00
2020-09-02,796.0,811.0,785.0,809.0,10755,809.0,2026-09-03T19:35:00.940942+00:00
2020-09-03,820.0,859.0,795.0,859.0,13428,859.0,2026-09-03T19:35:00.940942+00:00
2020-09-06,900.0,900.0,826.0,859.0,10324,859.0,2026-09-03T19:35:00.940942+00:00
2020-09-07,842.0,922.0,835.0,922.0,22073,922.0,2026-09-03T19:35:00.940942+00:00
2020-09-08,930.0,978.0,865.0,978.0,20167,978.0,2026-09-03T19:35:00.940942+00:00
2020-09-09,959.0,995.0,940.0,968.0,10988,968.0,2026-09-03T19:35:00.940942+00:00
2020-09-10,955.0,968.0,908.0,928.0,5094,928.0,2026-09-03T19:35:00.940942+00:00
2020-09-13,912.0,915.0,884.0,900.0,8649,900.0,2026-09-03T19:35:00.940942+00:00
2020-09-14,882.0,897.0,850.0,869.0,11031,869.0,2026-09-03T19:35:00.940942+00:00
2020-09-15,860.0,885.0,834.0,840.0,9963,840.0,2026-09-03T19:35:00.940942+00:00
2020-09-16,840.0,892.0,817.0,891.0,5430,891.0,2026-09-03T19:35:00.940942+00:00
2020-09-17,900.0,959.0,878.0,894.0,24297,894.0,2026-09-03T19:35:00.940942+00:00
2020-09-20,938.0,938.0,868.0,873.0,2941,873.0,2026-09-03T19:35:00.940942+00:00
2020-09-21,880.0,880.0,849.0,870.0,6357,870.0,2026-09-03T19:35:00.940942+00:00
2020-09-22,854.0,868.0,847.0,868.0,2594,868.0,2026-09-03T19:35:00.940942+00:00
2020-09-23,868.0,875.0,843.0,867.0,5155,867.0,2026-09-03T19:35:00.940942+00:00
2020-09-24,870.0,875.0,846.0,868.0,1731,868.0,2026-09-03T19:35:00.940942+00:00
2020-09-27,851.0,856.0,839.0,850.0,2554,850.0,2026-09-03T19:35:00.940942+00:00
2020-09-28,845.0,858.0,837.0,850.0,4507,850.0,2026-09-03T19:35:00.940942+00:00
2020-09-29,835.0,842.0,835.0,836.0,2367,836.0,2026-09-03T19:35:00.940942+00:00
2020-09-30,821.0,862.0,821.0,839.0,1696,839.0,2026-09-03T19:35:00.940942+00:00
2020-10-01,830.0,845.0,830.0,840.0,1645,840.0,2026-09-03T19:35:00.940942+00:00
2020-10-04,830.0,860.0,824.0,840.0,4772,840.0,2026-09-03T19:35:00.940942+00:00
2020-10-05,829.0,845.0,829.0,839.0,6121,839.0,2026-09-03T19:35:00.940942+00:00
2020-10-06,830.0,844.0,825.0,829.0,5381,829.0,2026-09-03T19:35:00.940942+00:00
2020-10-07,829.0,835.0,820.0,827.0,3326,827.0,2026-09-03T19:35:00.940942+00:00
2020-10-08,815.0,829.0,815.0,815.0,4577,815.0,2026-09-03T19:35:00.940942+00:00
2020-10-11,804.0,834.0,804.0,818.0,2917,818.0,2026-09-03T19:35:00.940942+00:00
2020-10-12,805.0,823.0,805.0,820.0,2204,820.0,2026-09-03T19:35:00.940942+00:00
2020-10-13,835.0,835.0,801.0,802.0,6672,802.0,2026-09-03T19:35:00.940942+00:00
2020-10-14,795.0,816.0,795.0,802.0,1493,802.0,2026-09-03T19:35:00.940942+00:00
2020-10-15,801.0,810.0,789.0,800.0,3636,800.0,2026-09-03T19:35:00.940942+00:00
2020-10-18,788.0,806.0,788.0,800.0,1105,800.0,2026-09-03T19:35:00.940942+00:00
2020-10-19,789.0,802.0,789.0,800.0,489,800.0,2026-09-03T19:35:00.940942+00:00
2020-10-20,805.0,805.0,795.0,796.0,1978,796.0,2026-09-03T19:35:00.940942+00:00
2020-10-21,794.0,820.0,794.0,804.0,4382,804.0,2026-09-03T19:35:00.940942+00:00
2020-10-22,804.0,806.0,793.0,798.0,2637,798.0,2026-09-03T19:35:00.940942+00:00
2020-10-28,788.0,805.0,788.0,805.0,1503,805.0,2026-09-03T19:35:00.940942+00:00
2020-10-29,800.0,815.0,800.0,805.0,1116,805.0,2026-09-03T19:35:00.940942+00:00
2020-11-01,805.0,835.0,800.0,826.0,1868,826.0,2026-09-03T19:35:00.940942+00:00
2020-11-02,830.0,872.0,830.0,870.0,10075,870.0,2026-09-03T19:35:00.940942+00:00
2020-11-03,886.0,895.0,854.0,863.0,11326,863.0,2026-09-03T19:35:00.940942+00:00
2020-11-04,906.0,906.0,855.0,863.0,4616,863.0,2026-09-03T19:35:00.940942+00:00
2020-11-05,860.0,866.0,851.0,857.0,3892,857.0,2026-09-03T19:35:00.940942+00:00
2020-11-08,850.0,860.0,845.0,860.0,1433,860.0,2026-09-03T19:35:00.940942+00:00
2020-11-09,877.0,890.0,850.0,868.0,6150,868.0,2026-09-03T19:35:00.940942+00:00
2020-11-10,911.0,911.0,850.0,857.0,1278,857.0,2026-09-03T19:35:00.940942+00:00
2020-11-11,851.0,859.0,847.0,859.0,3107,859.0,2026-09-03T19:35:00.940942+00:00
2020-11-12,850.0,893.0,847.0,858.0,1995,858.0,2026-09-03T19:35:00.940942+00:00
2020-11-18,841.0,867.0,840.0,867.0,3297,867.0,2026-09-03T19:35:00.940942+00:00
2020-11-19,867.0,870.0,854.0,864.0,10860,864.0,2026-09-03T19:35:00.940942+00:00
2020-11-22,865.0,872.0,860.0,860.0,6322,860.0,2026-09-03T19:35:00.940942+00:00
2020-11-23,903.0,903.0,846.0,858.0,3050,858.0,2026-09-03T19:35:00.940942+00:00
2020-11-24,842.0,876.0,842.0,860.0,3914,860.0,2026-09-03T19:35:00.940942+00:00
2020-11-25,844.0,882.0,844.0,881.0,10578,881.0,2026-09-03T19:35:00.940942+00:00
2020-11-26,866.0,885.0,866.0,871.0,3219,871.0,2026-09-03T19:35:00.940942+00:00
2020-11-29,888.0,888.0,867.0,870.0,7620,870.0,2026-09-03T19:35:00.940942+00:00
2020-11-30,830.0,900.0,830.0,890.0,8179,890.0,2026-09-03T19:35:00.940942+00:00
2020-12-01,880.0,917.0,880.0,889.0,10333,889.0,2026-09-03T19:35:00.940942+00:00
2020-12-02,906.0,977.0,906.0,965.0,14952,965.0,2026-09-03T19:35:00.940942+00:00
2020-12-03,975.0,975.0,898.0,934.0,13173,934.0,2026-09-03T19:35:00.940942+00:00
2020-12-06,934.0,934.0,850.0,850.0,5581,850.0,2026-09-03T19:35:00.940942+00:00
2020-12-07,850.0,905.0,850.0,905.0,6050,905.0,2026-09-03T19:35:00.940942+00:00
2020-12-08,923.0,959.0,900.0,900.0,8056,900.0,2026-09-03T19:35:00.940942+00:00
2020-12-09,885.0,900.0,882.0,884.0,3978,884.0,2026-09-03T19:35:00.940942+00:00
2020-12-10,867.0,903.0,867.0,899.0,1788,899.0,2026-09-03T19:35:00.940942+00:00
2020-12-13,900.0,912.0,880.0,897.0,4781,897.0,2026-09-03T19:35:00.940942+00:00
2020-12-14,912.0,986.0,901.0,946.0,9433,946.0,2026-09-03T19:35:00.940942+00:00
2020-12-15,910.0,969.0,910.0,964.0,17727,964.0,2026-09-03T19:35:00.940942+00:00
2020-12-16,950.0,1060.0,950.0,1000.0,16456,1000.0,2026-09-03T19:35:00.940942+00:00
2020-12-17,985.0,1055.0,961.0,999.0,8795,999.0,2026-09-03T19:35:00.940942+00:00
2020-12-20,999.0,1000.0,953.0,954.0,11975,954.0,2026-09-03T19:35:00.940942+00:00
2020-12-21,940.0,1000.0,887.0,976.0,5524,976.0,2026-09-03T19:35:00.940942+00:00
2020-12-22,980.0,1073.0,962.0,1009.0,10103,1009.0,2026-09-03T19:35:00.940942+00:00
2020-12-23,1029.0,1040.0,991.0,991.0,10215,991.0,2026-09-03T19:35:00.940942+00:00
2020-12-24,991.0,1010.0,978.0,1000.0,7219,1000.0,2026-09-03T19:35:00.940942+00:00
2020-12-27,887.0,915.0,877.0,914.0,14703,914.0,2026-09-03T19:35:00.940942+00:00
2020-12-28,929.0,929.0,902.0,920.0,7604,920.0,2026-09-03T19:35:00.940942+00:00
2020-12-29,905.0,967.0,905.0,955.0,13649,955.0,2026-09-03T19:35:00.940942+00:00
2020-12-30,936.0,998.0,936.0,979.0,6698,979.0,2026-09-03T19:35:00.940942+00:00
2020-12-31,979.0,1000.0,945.0,985.0,8018,985.0,2026-09-03T19:35:00.940942+00:00
2021-01-03,1004.0,1065.0,985.0,1065.0,25081,1065.0,2026-09-03T19:35:00.940942+00:00
2021-01-04,1086.0,1122.0,1086.0,1100.0,10912,1100.0,2026-09-03T19:35:00.940942+00:00
2021-01-05,1100.0,1155.0,1100.0,1155.0,12008,1155.0,2026-09-03T19:35:00.940942+00:00
2021-01-06,1141.0,1177.0,1141.0,1169.0,7510,1169.0,2026-09-03T19:35:00.940942+00:00
2021-01-07,1169.0,1230.0,1150.0,1224.0,10878,1224.0,2026-09-03T19:35:00.940942+00:00
2021-01-10,1239.0,1308.0,1177.0,1262.0,13769,1262.0,2026-09-03T19:35:00.940942+00:00
2021-01-11,1237.0,1244.0,1213.0,1220.0,5614,1220.0,2026-09-03T19:35:00.940942+00:00
2021-01-12,1220.0,1304.0,1220.0,1260.0,6405,1260.0,2026-09-03T19:35:00.940942+00:00
2021-01-13,1270.0,1300.0,1267.0,1285.0,11552,1285.0,2026-09-03T19:35:00.940942+00:00
2021-01-17,1300.0,1356.0,1300.0,1330.0,12806,1330.0,2026-09-03T19:35:00.940942+00:00
2021-01-18,1356.0,1360.0,1282.0,1305.0,6222,1305.0,2026-09-03T19:35:00.940942+00:00
2021-01-19,1330.0,1334.0,1280.0,1324.0,6456,1324.0,2026-09-03T19:35:00.940942+00:00
2021-01-20,1325.0,1330.0,1281.0,1305.0,5856,1305.0,2026-09-03T19:35:00.940942+00:00
2021-01-21,1320.0,1435.0,1320.0,1435.0,10500,1435.0,2026-09-03T19:35:00.940942+00:00
2021-01-24,1460.0,1578.0,1450.0,1565.0,12690,1565.0,2026-09-03T19:35:00.940942+00:00
2021-01-25,1575.0,1585.0,1494.0,1575.0,12834,1575.0,2026-09-03T19:35:00.940942+00:00
2021-01-26,1590.0,1632.0,1517.0,1570.0,18540,1570.0,2026-09-03T19:35:00.940942+00:00
2021-01-27,1569.0,1630.0,1508.0,1597.0,9024,1597.0,2026-09-03T19:35:00.940942+00:00
2021-01-28,1596.0,1601.0,1541.0,1560.0,6178,1560.0,2026-09-03T19:35:00.940942+00:00
2021-01-31,1638.0,1670.0,1525.0,1558.0,20049,1558.0,2026-09-03T19:35:00.940942+00:00
2021-02-01,1635.0,1635.0,1530.0,1569.0,28216,1569.0,2026-09-03T19:35:00.940942+00:00
2021-02-02,1569.0,1598.0,1539.0,1570.0,5648,1570.0,2026-09-03T19:35:00.940942+00:00
2021-02-03,1570.0,1590.0,1520.0,1527.0,3756,1527.0,2026-09-03T19:35:00.940942+00:00
2021-02-04,1525.0,1665.0,1498.0,1570.0,8820,1570.0,2026-09-03T19:35:00.940942+00:00
2021-02-07,1600.0,1629.0,1586.0,1605.0,24020,1605.0,2026-09-03T19:35:00.940942+00:00
2021-02-08,1685.0,1744.0,1567.0,1600.0,13515,1600.0,2026-09-03T19:35:00.940942+00:00
2021-02-09,1680.0,1680.0,1537.0,1560.0,3952,1560.0,2026-09-03T19:35:00.940942+00:00
2021-02-10,1530.0,1555.0,1512.0,1530.0,5957,1530.0,2026-09-03T19:35:00.940942+00:00
2021-02-11,1530.0,1530.0,1475.0,1485.0,3941,1485.0,2026-09-03T19:35:00.940942+00:00
2021-02-14,1480.0,1490.0,1372.0,1450.0,4393,1450.0,2026-09-03T19:35:00.940942+00:00
2021-02-15,1479.0,1595.0,1479.0,1595.0,10475,1595.0,2026-09-03T19:35:00.940942+00:00
2021-02-16,1605.0,1723.0,1533.0,1546.0,5147,1546.0,2026-09-03T19:35:00.940942+00:00
2021-02-17,1575.0,1575.0,1504.0,1506.0,6555,1506.0,2026-09-03T19:35:00.940942+00:00
2021-02-18,1506.0,1517.0,1487.0,1503.0,2029,1503.0,2026-09-03T19:35:00.940942+00:00
2021-02-21,1495.0,1495.0,1470.0,1470.0,6082,1470.0,2026-09-03T19:35:00.940942+00:00
2021-02-22,1450.0,1470.0,1442.0,1448.0,5206,1448.0,2026-09-03T19:35:00.940942+00:00
2021-02-23,1420.0,1448.0,1410.0,1447.0,2903,1447.0,2026-09-03T19:35:00.940942+00:00
2021-02-24,1450.0,1500.0,1450.0,1467.0,1131,1467.0,2026-09-03T19:35:00.940942+00:00
2021-02-25,1467.0,1480.0,1417.0,1453.0,4032,1453.0,2026-09-03T19:35:00.940942+00:00
2021-02-28,1430.0,1430.0,1373.0,1374.0,7767,1374.0,2026-09-03T19:35:00.940942+00:00
2021-03-01,1351.0,1500.0,1335.0,1458.0,7197,1458.0,2026-09-03T19:35:00.940942+00:00
2021-03-02,1530.0,1530.0,1361.0,1390.0,5454,1390.0,2026-09-03T19:35:00.940942+00:00
2021-03-03,1400.0,1400.0,1350.0,1375.0,5552,1375.0,2026-09-03T19:35:00.940942+00:00
2021-03-04,1400.0,1454.0,1372.0,1430.0,5647,1430.0,2026-09-03T19:35:00.940942+00:00
2021-03-07,1420.0,1440.0,1400.0,1403.0,3326,1403.0,2026-09-03T19:35:00.940942+00:00
2021-03-09,1403.0,1406.0,1380.0,1400.0,1867,1400.0,2026-09-03T19:35:00.940942+00:00
2021-03-10,1400.0,1400.0,1385.0,1392.0,2390,1392.0,2026-09-03T19:35:00.940942+00:00
2021-03-14,1390.0,1390.0,1325.0,1335.0,6245,1335.0,2026-09-03T19:35:00.940942+00:00
2021-03-15,1320.0,1400.0,1305.0,1306.0,10427,1306.0,2026-09-03T19:35:00.940942+00:00
2021-03-16,1315.0,1393.0,1300.0,1300.0,6245,1300.0,2026-09-03T19:35:00.940942+00:00
2021-03-17,1305.0,1335.0,1300.0,1318.0,10028,1318.0,2026-09-03T19:35:00.940942+00:00
2021-03-18,1318.0,1374.0,1318.0,1333.0,10490,1333.0,2026-09-03T19:35:00.940942+00:00
2021-03-21,1359.0,1456.0,1340.0,1444.0,25396,1444.0,2026-09-03T19:35:00.940942+00:00
2021-03-22,1372.0,1490.0,1372.0,1416.0,17093,1416.0,2026-09-03T19:35:00.940942+00:00
2021-03-23,1422.0,1462.0,1392.0,1453.0,15176,1453.0,2026-09-03T19:35:00.940942+00:00
2021-03-24,1480.0,1560.0,1455.0,1529.0,11173,1529.0,2026-09-03T19:35:00.940942+00:00
2021-03-25,1529.0,1556.0,1480.0,1505.0,10225,1505.0,2026-09-03T19:35:00.940942+00:00
2021-03-29,1535.0,1535.0,1492.0,1501.0,9891,1501.0,2026-09-03T19:35:00.940942+00:00
2021-03-30,1504.0,1600.0,1504.0,1560.0,16372,1560.0,2026-09-03T19:35:00.940942+00:00
2021-03-31,1638.0,1638.0,1545.0,1572.0,8118,1572.0,2026-09-03T19:35:00.940942+00:00
2021-04-01,1558.0,1579.0,1542.0,1579.0,15464,1579.0,2026-09-03T19:35:00.940942+00:00
2021-04-04,1590.0,1621.0,1570.0,1600.0,19165,1600.0,2026-09-03T19:35:00.940942+00:00
2021-04-05,1630.0,1630.0,1573.0,1607.0,21727,1607.0,2026-09-03T19:35:00.940942+00:00
2021-04-06,1590.0,1635.0,1590.0,1631.0,8681,1631.0,2026-09-03T19:35:00.940942+00:00
2021-04-07,1645.0,1683.0,1620.0,1683.0,16091,1683.0,2026-09-03T19:35:00.940942+00:00
2021-04-08,1683.0,1765.0,1670.0,1765.0,17975,1765.0,2026-09-03T19:35:00.940942+00:00
2021-04-12,1785.0,1808.0,1730.0,1780.0,17699,1780.0,2026-09-03T19:35:00.940942+00:00
2021-04-13,1745.0,1775.0,1725.0,1730.0,16299,1730.0,2026-09-03T19:35:00.940942+00:00
2021-04-15,1705.0,1736.0,1700.0,1730.0,11282,1730.0,2026-09-03T19:35:00.940942+00:00
2021-04-18,1703.0,1719.0,1680.0,1700.0,12012,1700.0,2026-09-03T19:35:00.940942+00:00
2021-04-19,1697.0,1705.0,1677.0,1685.0,9558,1685.0,2026-09-03T19:35:00.940942+00:00
2021-04-20,1653.0,1700.0,1653.0,1677.0,7192,1677.0,2026-09-03T19:35:00.940942+00:00
2021-04-21,1697.0,1697.0,1663.0,1670.0,4052,1670.0,2026-09-03T19:35:00.940942+00:00
2021-04-22,1638.0,1693.0,1638.0,1677.0,6360,1677.0,2026-09-03T19:35:00.940942+00:00
2021-04-25,1750.0,1750.0,1640.0,1664.0,9507,1664.0,2026-09-03T19:35:00.940942+00:00
2021-04-26,1747.0,1747.0,1600.0,1630.0,10571,1630.0,2026-09-03T19:35:00.940942+00:00
2021-04-27,1650.0,1710.0,1600.0,1695.0,11423,1695.0,2026-09-03T19:35:00.940942+00:00
2021-04-28,1728.0,1728.0,1670.0,1700.0,8388,1700.0,2026-09-03T19:35:00.940942+00:00
2021-04-29,1675.0,1720.0,1675.0,1720.0,5402,1720.0,2026-09-03T19:35:00.940942+00:00
2021-05-02,1729.0,1824.0,1712.0,1824.0,30862,1824.0,2026-09-03T19:35:00.940942+00:00
2021-05-03,1850.0,1853.0,1804.0,1818.0,16485,1818.0,2026-09-03T19:35:00.940942+00:00
2021-05-04,1850.0,1978.0,1821.0,1955.0,38229,1955.0,2026-09-03T19:35:00.940942+00:00
2021-05-05,1900.0,1975.0,1888.0,1888.0,15689,1888.0,2026-09-03T19:35:00.940942+00:00
2021-05-06,1888.0,1888.0,1820.0,1820.0,7004,1820.0,2026-09-03T19:35:00.940942+00:00
2021-05-09,1784.0,1805.0,1749.0,1770.0,6393,1770.0,2026-09-03T19:35:00.940942+00:00
2021-05-10,1767.0,1810.0,1767.0,1796.0,11134,1796.0,2026-09-03T19:35:00.940942+00:00
2021-05-11,1790.0,1865.0,1790.0,1860.0,9196,1860.0,2026-09-03T19:35:00.940942+00:00
2021-05-12,1865.0,1897.0,1823.0,1852.0,8358,1852.0,2026-09-03T19:35:00.940942+00:00
2021-05-13,1840.0,1867.0,1823.0,1836.0,7156,1836.0,2026-09-03T19:35:00.940942+00:00
2021-05-16,1899.0,1899.0,1841.0,1860.0,10800,1860.0,2026-09-03T19:35:00.940942+00:00
2021-05-17,1895.0,1915.0,1862.0,1885.0,8382,1885.0,2026-09-03T19:35:00.940942+00:00
2021-05-18,1900.0,1924.0,1897.0,1905.0,7683,1905.0,2026-09-03T19:35:00.940942+00:00
2021-05-19,1905.0,1943.0,1885.0,1888.0,7910,1888.0,2026-09-03T19:35:00.940942+00:00
2021-05-20,1888.0,1888.0,1868.0,1870.0,3526,1870.0,2026-09-03T19:35:00.940942+00:00
2021-05-23,1838.0,1880.0,1833.0,1870.0,12961,1870.0,2026-09-03T19:35:00.940942+00:00
2021-05-24,1876.0,1910.0,1876.0,1907.0,8106,1907.0,2026-09-03T19:35:00.940942+00:00
2021-05-25,1873.0,1920.0,1873.0,1895.0,5075,1895.0,2026-09-03T19:35:00.940942+00:00
2021-05-27,1801.0,1868.0,1767.0,1823.0,16012,1823.0,2026-09-03T19:35:00.940942+00:00
2021-05-30,1788.0,1823.0,1780.0,1781.0,7952,1781.0,2026-09-03T19:35:00.940942+00:00
2021-05-31,1785.0,1813.0,1780.0,1785.0,5287,1785.0,2026-09-03T19:35:00.940942+00:00
2021-06-01,1757.0,1796.0,1722.0,1773.0,4452,1773.0,2026-09-03T19:35:00.940942+00:00
2021-06-02,1800.0,1813.0,1771.0,1813.0,3962,1813.0,2026-09-03T19:35:00.940942+00:00
2021-06-03,1849.0,1849.0,1801.0,1819.0,4129,1819.0,2026-09-03T19:35:00.940942+00:00
2021-06-06,1855.0,1892.0,1800.0,1800.0,3694,1800.0,2026-09-03T19:35:00.940942+00:00
2021-06-07,1801.0,1819.0,1801.0,1801.0,3466,1801.0,2026-09-03T19:35:00.940942+00:00
2021-06-08,1837.0,1862.0,1770.0,1771.0,6908,1771.0,2026-09-03T19:35:00.940942+00:00
2021-06-09,1775.0,1824.0,1763.0,1770.0,5093,1770.0,2026-09-03T19:35:00.940942+00:00
2021-06-10,1745.0,1814.0,1745.0,1814.0,4714,1814.0,2026-09-03T19:35:00.940942+00:00
2021-06-13,1790.0,1807.0,1770.0,1790.0,5878,1790.0,2026-09-03T19:35:00.940942+00:00
2021-06-14,1790.0,1790.0,1760.0,1775.0,4031,1775.0,2026-09-03T19:35:00.940942+00:00
2021-06-15,1775.0,1780.0,1750.0,1760.0,5776,1760.0,2026-09-03T19:35:00.940942+00:00
2021-06-16,1760.0,1900.0,1755.0,1825.0,7085,1825.0,2026-09-03T19:35:00.940942+00:00
2021-06-17,1861.0,1861.0,1790.0,1795.0,1602,1795.0,2026-09-03T19:35:00.940942+00:00
2021-06-20,1770.0,1795.0,1745.0,1749.0,4083,1749.0,2026-09-03T19:35:00.940942+00:00
2021-06-21,1760.0,1760.0,1729.0,1731.0,4386,1731.0,2026-09-03T19:35:00.940942+00:00
2021-06-22,1716.0,1750.0,1716.0,1744.0,3658,1744.0,2026-09-03T19:35:00.940942+00:00
2021-06-23,1715.0,1758.0,1700.0,1701.0,2936,1701.0,2026-09-03T19:35:00.940942+00:00
2021-06-24,1685.0,1700.0,1668.0,1685.0,3992,1685.0,2026-09-03T19:35:00.940942+00:00
2021-06-27,1675.0,1715.0,1665.0,1665.0,4610,1665.0,2026-09-03T19:35:00.940942+00:00
2021-06-28,1684.0,1800.0,1676.0,1733.0,5757,1733.0,2026-09-03T19:35:00.940942+00:00
2021-06-29,1819.0,1848.0,1721.0,1725.0,3555,1725.0,2026-09-03T19:35:00.940942+00:00
2021-06-30,1692.0,1730.0,1692.0,1708.0,2331,1708.0,2026-09-03T19:35:00.940942+00:00
2021-07-01,1710.0,1742.0,1710.0,1724.0,1948,1724.0,2026-09-03T19:35:00.940942+00:00
2021-07-04,1720.0,1730.0,1700.0,1729.0,1217,1729.0,2026-09-03T19:35:00.940942+00:00
2021-07-05,1702.0,1725.0,1702.0,1725.0,2341,1725.0,2026-09-03T19:35:00.940942+00:00
2021-07-06,1692.0,1725.0,1692.0,1719.0,1211,1719.0,2026-09-03T19:35:00.940942+00:00
2021-07-07,1700.0,1738.0,1695.0,1730.0,1936,1730.0,2026-09-03T19:35:00.940942+00:00
2021-07-08,1740.0,1785.0,1711.0,1784.0,4353,1784.0,2026-09-03T19:35:00.940942+00:00
2021-07-11,1800.0,1872.0,1797.0,1855.0,10973,1855.0,2026-09-03T19:35:00.940942+00:00
2021-07-12,1860.0,1891.0,1800.0,1815.0,7242,1815.0,2026-09-03T19:35:00.940942+00:00
2021-07-13,1781.0,1863.0,1781.0,1825.0,1633,1825.0,2026-09-03T19:35:00.940942+00:00
2021-07-14,1801.0,1845.0,1801.0,1835.0,1912,1835.0,2026-09-03T19:35:00.940942+00:00
2021-07-15,1835.0,1880.0,1801.0,1859.0,4048,1859.0,2026-09-03T19:35:00.940942+00:00
2021-07-18,1885.0,1915.0,1860.0,1895.1,4981,1895.1,2026-09-03T19:35:00.940942+00:00
2021-07-19,1895.1,1951.0,1895.1,1910.0,5510,1910.0,2026-09-03T19:35:00.940942+00:00
2021-07-20,1900.0,1920.0,1893.0,1895.0,1395,1895.0,2026-09-03T19:35:00.940942+00:00
2021-07-22,1895.0,1910.0,1887.0,1900.0,4200,1900.0,2026-09-03T19:35:00.940942+00:00
2021-07-25,1882.0,1950.0,1882.0,1933.0,10021,1933.0,2026-09-03T19:35:00.940942+00:00
2021-07-26,1965.0,2016.0,1965.0,2004.0,8871,2004.0,2026-09-03T19:35:00.940942+00:00
2021-07-27,1964.0,1964.0,1887.0,1950.0,14259,1950.0,2026-09-03T19:35:00.940942+00:00
2021-07-28,1950.0,2001.2,1950.0,1980.0,3692,1980.0,2026-09-03T19:35:00.940942+00:00
2021-07-29,1981.0,2001.0,1962.0,1991.0,4439,1991.0,2026-09-03T19:35:00.940942+00:00
2021-08-01,2030.8,2030.8,1981.0,1984.0,8041,1984.0,2026-09-03T19:35:00.940942+00:00
2021-08-02,2023.0,2028.0,2000.0,2020.0,6714,2020.0,2026-09-03T19:35:00.940942+00:00
2021-08-03,2025.0,2101.2,2025.0,2070.0,8195,2070.0,2026-09-03T19:35:00.940942+00:00
2021-08-04,2050.0,2061.0,1960.0,2000.0,7914,2000.0,2026-09-03T19:35:00.940942+00:00
2021-08-05,1960.0,1990.0,1960.0,1975.0,3631,1975.0,2026-09-03T19:35:00.940942+00:00
2021-08-08,1938.0,1940.0,1902.0,1921.0,1712,1921.0,2026-09-03T19:35:00.940942+00:00
2021-08-09,1906.0,1935.0,1884.0,1899.0,3404,1899.0,2026-09-03T19:35:00.940942+00:00
2021-08-10,1864.0,1944.0,1864.0,1944.0,3200,1944.0,2026-09-03T19:35:00.940942+00:00
2021-08-11,1945.1,1945.1,1908.0,1920.0,1421,1920.0,2026-09-03T19:35:00.940942+00:00
2021-08-12,1900.0,1906.0,1890.0,1900.0,2105,1900.0,2026-09-03T19:35:00.940942+00:00
2021-08-15,1900.0,1988.0,1871.0,1960.0,5508,1960.0,2026-09-03T19:35:00.940942+00:00
2021-08-16,1933.0,2005.0,1933.0,2000.0,4097,2000.0,2026-09-03T19:35:00.940942+00:00
2021-08-17,2000.0,2020.0,1970.0,1995.0,6131,1995.0,2026-09-03T19:35:00.940942+00:00
2021-08-18,1990.0,2005.0,1950.0,1980.0,2545,1980.0,2026-09-03T19:35:00.940942+00:00
2021-08-19,1960.0,2012.0,1960.0,1990.0,3140,1990.0,2026-09-03T19:35:00.940942+00:00
2021-08-24,1951.0,2001.0,1950.0,1990.0,3792,1990.0,2026-09-03T19:35:00.940942+00:00
2021-08-25,1952.0,1956.0,1925.0,1940.0,1396,1940.0,2026-09-03T19:35:00.940942+00:00
2021-08-26,1912.0,1940.0,1902.0,1916.0,2743,1916.0,2026-09-03T19:35:00.940942+00:00
2021-08-29,1885.0,1905.0,1864.0,1865.0,3277,1865.0,2026-09-03T19:35:00.940942+00:00
2021-08-31,1866.0,1866.0,1790.0,1790.0,3553,1790.0,2026-09-03T19:35:00.940942+00:00
2021-09-01,1790.0,1825.0,1760.0,1799.0,4875,1799.0,2026-09-03T19:35:00.940942+00:00
2021-09-02,1770.0,1830.0,1770.0,1790.0,1659,1790.0,2026-09-03T19:35:00.940942+00:00
2021-09-05,1825.8,1825.8,1706.0,1740.0,4225,1740.0,2026-09-03T19:35:00.940942+00:00
2021-09-06,1750.0,1825.0,1717.0,1825.0,3839,1825.0,2026-09-03T19:35:00.940942+00:00
2021-09-07,1861.5,1861.5,1749.3,1780.0,3675,1780.0,2026-09-03T19:35:00.940942+00:00
2021-09-08,1780.0,1800.0,1757.0,1766.0,738,1766.0,2026-09-03T19:35:00.940942+00:00
2021-09-09,1780.0,1780.0,1741.0,1770.0,1254,1770.0,2026-09-03T19:35:00.940942+00:00
2021-09-12,1770.0,1815.0,1770.0,1815.0,2037,1815.0,2026-09-03T19:35:00.940942+00:00
2021-09-13,1820.0,1851.0,1786.1,1793.0,1137,1793.0,2026-09-03T19:35:00.940942+00:00
2021-09-14,1825.0,1825.0,1764.0,1780.0,1223,1780.0,2026-09-03T19:35:00.940942+00:00
2021-09-15,1780.0,1799.0,1751.1,1799.0,144,1799.0,2026-09-03T19:35:00.940942+00:00
2021-09-16,1763.1,1763.1,1722.2,1735.0,1950,1735.0,2026-09-03T19:35:00.940942+00:00
2021-09-20,1701.0,1701.0,1640.0,1650.0,2339,1650.0,2026-09-03T19:35:00.940942+00:00
2021-09-21,1620.0,1693.2,1586.0,1667.0,2627,1667.0,2026-09-03T19:35:00.940942+00:00
2021-09-22,1699.9,1734.0,1675.0,1706.0,960,1706.0,2026-09-03T19:35:00.940942+00:00
2021-09-23,1712.0,1752.3,1662.0,1662.0,2225,1662.0,2026-09-03T19:35:00.940942+00:00
2021-09-26,1650.0,1690.0,1647.0,1675.0,1075,1675.0,2026-09-03T19:35:00.940942+00:00
2021-09-27,1705.0,1705.0,1620.0,1625.0,2262,1625.0,2026-09-03T19:35:00.940942+00:00
2021-09-28,1600.0,1624.0,1517.0,1550.0,4323,1550.0,2026-09-03T19:35:00.940942+00:00
2021-09-29,1521.0,1611.0,1521.0,1608.0,792,1608.0,2026-09-03T19:35:00.940942+00:00
2021-09-30,1640.0,1640.0,1586.0,1586.0,990,1586.0,2026-09-03T19:35:00.940942+00:00
2021-10-03,1556.0,1575.0,1537.0,1545.0,1574,1545.0,2026-09-03T19:35:00.940942+00:00
2021-10-04,1575.9,1699.5,1575.9,1699.5,5632,1699.5,2026-09-03T19:35:00.940942+00:00
2021-10-05,1733.4,1845.0,1680.7,1720.0,7303,1720.0,2026-09-03T19:35:00.940942+00:00
2021-10-06,1754.0,1846.0,1754.0,1825.0,10417,1825.0,2026-09-03T19:35:00.940942+00:00
2021-10-10,1861.5,1900.0,1720.0,1720.0,5562,1720.0,2026-09-03T19:35:00.940942+00:00
2021-10-11,1754.4,1755.0,1717.0,1719.0,3689,1719.0,2026-09-03T19:35:00.940942+00:00
2021-10-17,1721.0,1790.1,1681.0,1681.0,2977,1681.0,2026-09-03T19:35:00.940942+00:00
2021-10-18,1714.6,1760.0,1644.0,1644.0,6121,1644.0,2026-09-03T19:35:00.940942+00:00
2021-10-19,1660.0,1680.0,1613.0,1625.2,3053,1625.2,2026-09-03T19:35:00.940942+00:00
2021-10-20,1657.0,1700.0,1657.0,1662.0,2748,1662.0,2026-09-03T19:35:00.940942+00:00
2021-10-21,1690.0,1715.0,1640.0,1715.0,6647,1715.0,2026-09-03T19:35:00.940942+00:00
2021-10-24,1715.0,1746.0,1700.0,1746.0,3492,1746.0,2026-09-03T19:35:00.940942+00:00
2021-10-25,1778.0,1800.0,1747.1,1780.0,3796,1780.0,2026-09-03T19:35:00.940942+00:00
2021-10-26,1815.0,1848.0,1775.0,1806.9,5543,1806.9,2026-09-03T19:35:00.940942+00:00
2021-10-27,1815.0,1842.9,1770.0,1840.0,6472,1840.0,2026-09-03T19:35:00.940942+00:00
2021-10-28,1845.0,1901.0,1840.0,1899.9,20144,1899.9,2026-09-03T19:35:00.940942+00:00
2021-10-31,1520.0,1580.0,1518.0,1518.0,7125,1518.0,2026-09-03T19:35:00.940942+00:00
2021-11-01,1548.3,1598.0,1501.0,1503.0,9307,1503.0,2026-09-03T19:35:00.940942+00:00
2021-11-02,1492.0,1528.0,1490.0,1514.9,5174,1514.9,2026-09-03T19:35:00.940942+00:00
2021-11-03,1525.0,1525.0,1492.0,1495.0,1216,1495.0,2026-09-03T19:35:00.940942+00:00
2021-11-08,1510.0,1520.0,1489.6,1489.6,811,1489.6,2026-09-03T19:35:00.940942+00:00
2021-11-09,1471.0,1489.0,1450.0,1450.0,1911,1450.0,2026-09-03T19:35:00.940942+00:00
2021-11-11,1421.0,1449.4,1400.0,1425.0,1487,1425.0,2026-09-03T19:35:00.940942+00:00
2021-11-14,1414.0,1440.0,1411.0,1415.0,674,1415.0,2026-09-03T19:35:00.940942+00:00
2021-11-15,1440.0,1460.0,1417.0,1460.0,1048,1460.0,2026-09-03T19:35:00.940942+00:00
2021-11-16,1435.0,1522.0,1435.0,1519.0,2390,1519.0,2026-09-03T19:35:00.940942+00:00
2021-11-17,1547.0,1547.0,1475.1,1480.0,1023,1480.0,2026-09-03T19:35:00.940942+00:00
2021-11-18,1460.0,1495.0,1452.0,1460.0,593,1460.0,2026-09-03T19:35:00.940942+00:00
2021-11-21,1489.0,1489.0,1432.8,1450.0,329,1450.0,2026-09-03T19:35:00.940942+00:00
2021-11-22,1470.0,1478.0,1431.0,1436.1,714,1436.1,2026-09-03T19:35:00.940942+00:00
2021-11-23,1407.5,1466.0,1407.5,1429.9,1156,1429.9,2026-09-03T19:35:00.940942+00:00
2021-11-24,1440.0,1440.0,1400.0,1407.0,1302,1407.0,2026-09-03T19:35:00.940942+00:00
2021-11-25,1408.0,1425.0,1400.2,1412.0,650,1412.0,2026-09-03T19:35:00.940942+00:00
2021-11-28,1400.0,1400.0,1356.0,1356.0,3010,1356.0,2026-09-03T19:35:00.940942+00:00
2021-11-29,1380.0,1380.0,1336.0,1360.0,881,1360.0,2026-09-03T19:35:00.940942+00:00
2021-11-30,1360.0,1360.0,1330.0,1350.0,1683,1350.0,2026-09-03T19:35:00.940942+00:00
2021-12-01,1350.0,1356.0,1332.0,1338.0,1392,1338.0,2026-09-03T19:35:00.940942+00:00
2021-12-02,1337.0,1351.0,1313.0,1325.0,1307,1325.0,2026-09-03T19:35:00.940942+00:00
2021-12-05,1300.0,1300.0,1274.0,1280.0,3500,1280.0,2026-09-03T19:35:00.940942+00:00
2021-12-06,1256.0,1300.0,1235.1,1300.0,1251,1300.0,2026-09-03T19:35:00.940942+00:00
2021-12-07,1326.0,1350.0,1279.0,1279.0,1398,1279.0,2026-09-03T19:35:00.940942+00:00
2021-12-08,1299.0,1299.0,1265.0,1265.0,741,1265.0,2026-09-03T19:35:00.940942+00:00
2021-12-09,1290.0,1290.0,1252.6,1261.0,900,1261.0,2026-09-03T19:35:00.940942+00:00
2021-12-12,1260.0,1280.0,1228.0,1228.0,560,1228.0,2026-09-03T19:35:00.940942+00:00
2021-12-13,1204.0,1204.0,1176.0,1176.0,1445,1176.0,2026-09-03T19:35:00.940942+00:00
2021-12-14,1181.0,1293.6,1181.0,1293.6,297,1293.6,2026-09-03T19:35:00.940942+00:00
2021-12-15,1319.0,1350.0,1291.0,1315.0,2892,1315.0,2026-09-03T19:35:00.940942+00:00
2021-12-16,1289.0,1306.6,1281.0,1306.0,823,1306.0,2026-09-03T19:35:00.940942+00:00
2021-12-20,1306.0,1315.0,1291.0,1315.0,770,1315.0,2026-09-03T19:35:00.940942+00:00
2021-12-21,1320.0,1350.0,1300.0,1325.0,833,1325.0,2026-09-03T19:35:00.940942+00:00
2021-12-22,1310.0,1415.0,1301.1,1405.0,2790,1405.0,2026-09-03T19:35:00.940942+00:00
2021-12-23,1407.0,1420.0,1375.0,1400.0,1610,1400.0,2026-09-03T19:35:00.940942+00:00
2021-12-26,1400.0,1441.0,1400.0,1433.0,2662,1433.0,2026-09-03T19:35:00.940942+00:00
2021-12-27,1433.0,1450.0,1387.0,1390.0,2980,1390.0,2026-09-03T19:35:00.940942+00:00
2021-12-28,1390.0,1417.8,1389.0,1417.8,2178,1417.8,2026-09-03T19:35:00.940942+00:00
2021-12-29,1392.0,1430.0,1392.0,1415.0,967,1415.0,2026-09-03T19:35:00.940942+00:00
2022-01-02,1415.0,1440.0,1400.0,1438.0,4502,1438.0,2026-09-03T19:35:00.940942+00:00
2022-01-03,1417.0,1522.0,1417.0,1518.7,6071,1518.7,2026-09-03T19:35:00.940942+00:00
2022-01-04,1501.0,1520.0,1486.0,1508.0,947,1508.0,2026-09-03T19:35:00.940942+00:00
2022-01-05,1493.0,1504.0,1455.0,1460.0,3593,1460.0,2026-09-03T19:35:00.940942+00:00
2022-01-06,1431.0,1488.0,1431.0,1487.0,1842,1487.0,2026-09-03T19:35:00.940942+00:00
2022-01-09,1510.0,1525.0,1490.0,1519.0,2544,1519.0,2026-09-03T19:35:00.940942+00:00
2022-01-10,1519.0,1548.0,1504.5,1525.0,1700,1525.0,2026-09-03T19:35:00.940942+00:00
2022-01-11,1520.0,1611.6,1520.0,1604.0,10010,1604.0,2026-09-03T19:35:00.940942+00:00
2022-01-12,1600.0,1635.0,1572.1,1572.1,9721,1572.1,2026-09-03T19:35:00.940942+00:00
2022-01-13,1571.0,1650.0,1551.0,1650.0,4355,1650.0,2026-09-03T19:35:00.940942+00:00
2022-01-16,1618.0,1744.0,1618.0,1714.0,8506,1714.0,2026-09-03T19:35:00.940942+00:00
2022-01-17,1730.0,1740.0,1665.0,1720.0,5963,1720.0,2026-09-03T19:35:00.940942+00:00
2022-01-18,1710.0,1730.0,1680.0,1712.0,5001,1712.0,2026-09-03T19:35:00.940942+00:00
2022-01-19,1700.0,1725.0,1678.0,1700.0,2461,1700.0,2026-09-03T19:35:00.940942+00:00
2022-01-20,1670.0,1730.0,1660.0,1730.0,2082,1730.0,2026-09-03T19:35:00.940942+00:00
2022-01-23,1750.0,1750.0,1660.0,1691.0,6565,1691.0,2026-09-03T19:35:00.940942+00:00
2022-01-24,1660.0,1660.0,1571.0,1571.0,8831,1571.0,2026-09-03T19:35:00.940942+00:00
2022-01-25,1572.0,1656.0,1572.0,1610.0,5783,1610.0,2026-09-03T19:35:00.940942+00:00
2022-01-26,1610.0,1610.0,1570.0,1576.0,3449,1576.0,2026-09-03T19:35:00.940942+00:00
2022-01-27,1607.0,1607.0,1581.0,1585.0,3972,1585.0,2026-09-03T19:35:00.940942+00:00
2022-01-30,1616.0,1650.0,1600.0,1613.0,5022,1613.0,2026-09-03T19:35:00.940942+00:00
2022-01-31,1620.0,1629.0,1582.0,1600.0,2435,1600.0,2026-09-03T19:35:00.940942+00:00
2022-02-01,1600.0,1625.0,1576.0,1620.0,10208,1620.0,2026-09-03T19:35:00.940942+00:00
2022-02-03,1652.4,1652.4,1591.0,1620.0,4138,1620.0,2026-09-03T19:35:00.940942+00:00
2022-02-06,1590.0,1594.0,1570.0,1576.0,2197,1576.0,2026-09-03T19:35:00.940942+00:00
2022-02-07,1545.0,1580.0,1520.1,1569.0,8007,1569.0,2026-09-03T19:35:00.940942+00:00
2022-02-08,1600.3,1600.3,1569.0,1587.0,2390,1587.0,2026-09-03T19:35:00.940942+00:00
2022-02-09,1600.0,1600.0,1564.0,1578.9,842,1578.9,2026-09-03T19:35:00.940942+00:00
2022-02-10,1590.0,1590.0,1551.0,1551.0,1245,1551.0,2026-09-03T19:35:00.940942+00:00
2022-02-13,1520.0,1525.0,1480.0,1480.1,2589,1480.1,2026-09-03T19:35:00.940942+00:00
2022-02-14,1480.0,1510.0,1478.0,1510.0,1604,1510.0,2026-09-03T19:35:00.940942+00:00
2022-02-15,1510.0,1540.0,1480.1,1540.0,910,1540.0,2026-09-03T19:35:00.940942+00:00
2022-02-16,1569.9,1569.9,1510.0,1515.0,453,1515.0,2026-09-03T19:35:00.940942+00:00
2022-02-17,1545.0,1545.0,1486.0,1540.0,1166,1540.0,2026-09-03T19:35:00.940942+00:00
2022-02-20,1510.0,1520.0,1470.0,1505.0,1804,1505.0,2026-09-03T19:35:00.940942+00:00
2022-02-21,1490.0,1521.0,1490.0,1520.0,1284,1520.0,2026-09-03T19:35:00.940942+00:00
2022-02-22,1492.0,1525.0,1491.0,1503.0,885,1503.0,2026-09-03T19:35:00.940942+00:00
2022-02-23,1505.0,1517.9,1491.0,1509.0,769,1509.0,2026-09-03T19:35:00.940942+00:00
2022-02-24,1487.0,1500.0,1480.0,1481.0,1116,1481.0,2026-09-03T19:35:00.940942+00:00
2022-02-27,1470.0,1470.0,1451.4,1470.0,939,1470.0,2026-09-03T19:35:00.940942+00:00
2022-02-28,1442.0,1470.0,1426.0,1449.0,1300,1449.0,2026-09-03T19:35:00.940942+00:00
2022-03-02,1460.0,1460.0,1421.0,1440.0,1107,1440.0,2026-09-03T19:35:00.940942+00:00
2022-03-06,1420.0,1468.0,1412.0,1430.0,700,1430.0,2026-09-03T19:35:00.940942+00:00
2022-03-07,1420.0,1439.5,1420.0,1439.5,741,1439.5,2026-09-03T19:35:00.940942+00:00
2022-03-09,1468.2,1468.2,1380.0,1391.0,1582,1391.0,2026-09-03T19:35:00.940942+00:00
2022-03-10,1400.0,1410.0,1372.0,1410.0,2711,1410.0,2026-09-03T19:35:00.940942+00:00
2022-03-13,1420.0,1450.0,1420.0,1450.0,2983,1450.0,2026-09-03T19:35:00.940942+00:00
2022-03-14,1450.0,1450.0,1421.0,1431.0,593,1431.0,2026-09-03T19:35:00.940942+00:00
2022-03-15,1435.0,1459.0,1425.0,1435.0,1437,1435.0,2026-09-03T19:35:00.940942+00:00
2022-03-16,1450.0,1455.0,1412.0,1432.0,492,1432.0,2026-09-03T19:35:00.940942+00:00
2022-03-20,1415.0,1442.0,1406.0,1417.0,739,1417.0,2026-09-03T19:35:00.940942+00:00
2022-03-21,1417.0,1435.0,1395.0,1435.0,1354,1435.0,2026-09-03T19:35:00.940942+00:00
2022-03-22,1450.0,1460.0,1392.0,1440.0,1677,1440.0,2026-09-03T19:35:00.940942+00:00
2022-03-23,1467.0,1467.0,1411.0,1420.0,937,1420.0,2026-09-03T19:35:00.940942+00:00
2022-03-24,1414.0,1430.0,1401.0,1401.0,1744,1401.0,2026-09-03T19:35:00.940942+00:00
2022-03-27,1415.0,1415.0,1393.0,1404.0,470,1404.0,2026-09-03T19:35:00.940942+00:00
2022-03-28,1415.0,1431.5,1380.0,1407.0,1988,1407.0,2026-09-03T19:35:00.940942+00:00
2022-03-29,1382.0,1390.0,1357.1,1357.1,1565,1357.1,2026-09-03T19:35:00.940942+00:00
2022-03-30,1331.0,1385.0,1331.0,1385.0,379,1385.0,2026-09-03T19:35:00.940942+00:00
2022-03-31,1412.7,1412.7,1361.0,1361.0,1386,1361.0,2026-09-03T19:35:00.940942+00:00
2022-04-03,1360.0,1382.0,1334.0,1335.0,353,1335.0,2026-09-03T19:35:00.940942+00:00
2022-04-04,1335.0,1339.0,1320.0,1339.0,439,1339.0,2026-09-03T19:35:00.940942+00:00
2022-04-05,1314.0,1324.0,1300.0,1324.0,1472,1324.0,2026-09-03T19:35:00.940942+00:00
2022-04-06,1324.0,1358.0,1319.5,1330.0,1374,1330.0,2026-09-03T19:35:00.940942+00:00
2022-04-07,1325.0,1355.0,1325.0,1339.9,601,1339.9,2026-09-03T19:35:00.940942+00:00
2022-04-11,1340.0,1373.0,1320.0,1330.0,1226,1330.0,2026-09-03T19:35:00.940942+00:00
2022-04-12,1309.0,1325.0,1300.0,1324.0,429,1324.0,2026-09-03T19:35:00.940942+00:00
2022-04-13,1320.0,1329.8,1315.0,1329.8,770,1329.8,2026-09-03T19:35:00.940942+00:00
2022-04-17,1356.3,1356.3,1303.1,1330.0,572,1330.0,2026-09-03T19:35:00.940942+00:00
2022-04-18,1303.4,1326.1,1286.3,1310.0,218,1310.0,2026-09-03T19:35:00.940942+00:00
2022-04-19,1315.0,1321.0,1300.0,1305.0,493,1305.0,2026-09-03T19:35:00.940942+00:00
2022-04-20,1290.0,1299.8,1290.0,1299.8,375,1299.8,2026-09-03T19:35:00.940942+00:00
2022-04-21,1276.0,1325.7,1276.0,1325.0,802,1325.0,2026-09-03T19:35:00.940942+00:00
2022-04-24,1351.0,1399.0,1326.3,1399.0,814,1399.0,2026-09-03T19:35:00.940942+00:00
2022-04-25,1425.0,1450.0,1386.0,1400.0,531,1400.0,2026-09-03T19:35:00.940942+00:00
2022-04-26,1400.0,1400.0,1324.0,1400.0,1932,1400.0,2026-09-03T19:35:00.940942+00:00
2022-04-27,1428.0,1428.0,1321.0,1375.0,465,1375.0,2026-09-03T19:35:00.940942+00:00
2022-04-28,1402.0,1402.0,1335.0,1342.0,1375,1342.0,2026-09-03T19:35:00.940942+00:00
2022-05-02,1321.0,1321.0,1270.0,1275.0,1794,1275.0,2026-09-03T19:35:00.940942+00:00
2022-05-04,1251.0,1270.0,1226.0,1265.0,1213,1265.0,2026-09-03T19:35:00.940942+00:00
2022-05-05,1241.0,1280.0,1231.0,1231.0,1023,1231.0,2026-09-03T19:35:00.940942+00:00
2022-05-08,1210.0,1247.0,1208.1,1246.9,644,1246.9,2026-09-03T19:35:00.940942+00:00
2022-05-09,1250.0,1294.0,1240.0,1280.0,985,1280.0,2026-09-03T19:35:00.940942+00:00
2022-05-10,1305.0,1355.0,1279.5,1349.0,1206,1349.0,2026-09-03T19:35:00.940942+00:00
2022-05-11,1374.0,1385.0,1324.0,1385.0,1652,1385.0,2026-09-03T19:35:00.940942+00:00
2022-05-12,1400.0,1409.0,1344.6,1384.9,747,1384.9,2026-09-03T19:35:00.940942+00:00
2022-05-17,1358.0,1358.0,1305.1,1329.0,638,1329.0,2026-09-03T19:35:00.940942+00:00
2022-05-18,1329.0,1351.0,1303.0,1343.0,1824,1343.0,2026-09-03T19:35:00.940942+00:00
2022-05-19,1351.0,1363.0,1291.0,1305.0,588,1305.0,2026-09-03T19:35:00.940942+00:00
2022-05-20,1301.0,1324.0,1286.0,1300.0,497,1300.0,2026-09-03T19:35:00.940942+00:00
2022-05-23,1275.0,1299.0,1259.0,1261.0,680,1261.0,2026-09-03T19:35:00.940942+00:00
2022-05-24,1240.0,1300.0,1239.0,1300.0,619,1300.0,2026-09-03T19:35:00.940942+00:00
2022-05-25,1326.0,1350.0,1301.0,1301.0,970,1301.0,2026-09-03T19:35:00.940942+00:00
2022-05-26,1275.0,1327.0,1275.0,1291.0,500,1291.0,2026-09-03T19:35:00.940942+00:00
2022-05-27,1316.8,1350.0,1270.0,1300.0,493,1300.0,2026-09-03T19:35:00.940942+00:00
2022-05-30,1274.0,1290.0,1251.0,1260.0,472,1260.0,2026-09-03T19:35:00.940942+00:00
2022-05-31,1241.0,1274.4,1225.0,1265.8,647,1265.8,2026-09-03T19:35:00.940942+00:00
2022-06-01,1265.0,1265.0,1242.0,1250.0,982,1250.0,2026-09-03T19:35:00.940942+00:00
2022-06-02,1275.0,1300.0,1251.0,1285.0,293,1285.0,2026-09-03T19:35:00.940942+00:00
2022-06-03,1310.7,1310.7,1252.5,1252.5,42,1252.5,2026-09-03T19:35:00.940942+00:00
2022-06-06,1250.0,1277.0,1250.0,1255.0,793,1255.0,2026-09-03T19:35:00.940942+00:00
2022-06-07,1236.0,1245.0,1196.0,1245.0,920,1245.0,2026-09-03T19:35:00.940942+00:00
2022-06-08,1245.0,1287.0,1245.0,1279.0,1603,1279.0,2026-09-03T19:35:00.940942+00:00
2022-06-09,1301.0,1315.0,1245.0,1248.0,1032,1248.0,2026-09-03T19:35:00.940942+00:00
2022-06-10,1230.0,1272.0,1230.0,1271.0,1091,1271.0,2026-09-03T19:35:00.940942+00:00
2022-06-13,1269.0,1280.0,1223.0,1275.0,1347,1275.0,2026-09-03T19:35:00.940942+00:00
2022-06-14,1270.0,1270.0,1215.0,1254.6,408,1254.6,2026-09-03T19:35:00.940942+00:00
2022-06-15,1255.0,1255.0,1200.0,1215.0,1485,1215.0,2026-09-03T19:35:00.940942+00:00
2022-06-16,1192.0,1239.0,1191.1,1234.8,548,1234.8,2026-09-03T19:35:00.940942+00:00
2022-06-17,1259.4,1281.0,1211.0,1255.0,100,1255.0,2026-09-03T19:35:00.940942+00:00
2022-06-19,1255.0,1255.0,1206.0,1229.0,724,1229.0,2026-09-03T19:35:00.940942+00:00
2022-06-20,1205.0,1213.0,1157.0,1190.0,1994,1190.0,2026-09-03T19:35:00.940942+00:00
2022-06-21,1180.0,1247.0,1180.0,1208.5,598,1208.5,2026-09-03T19:35:00.940942+00:00
2022-06-22,1200.0,1224.0,1180.0,1224.0,699,1224.0,2026-09-03T19:35:00.940942+00:00
2022-06-23,1225.0,1225.0,1172.2,1172.5,899,1172.5,2026-09-03T19:35:00.940942+00:00
2022-06-24,1195.0,1235.0,1147.0,1228.0,539,1228.0,2026-09-03T19:35:00.940942+00:00
2022-06-26,1235.0,1255.0,1222.0,1249.0,2586,1249.0,2026-09-03T19:35:00.940942+00:00
2022-06-27,1224.1,1248.0,1200.0,1223.0,1940,1223.0,2026-09-03T19:35:00.940942+00:00
2022-06-28,1201.0,1240.0,1198.6,1224.0,1023,1224.0,2026-09-03T19:35:00.940942+00:00
2022-06-29,1235.0,1244.0,1217.0,1220.0,1910,1220.0,2026-09-03T19:35:00.940942+00:00
2022-06-30,1220.0,1259.0,1215.0,1240.0,3048,1240.0,2026-09-03T19:35:00.940942+00:00
2022-07-01,1240.0,1280.0,1240.0,1260.0,998,1260.0,2026-09-03T19:35:00.940942+00:00
2022-07-03,1285.0,1285.0,1190.9,1269.0,3703,1269.0,2026-09-03T19:35:00.940942+00:00
2022-07-04,1285.0,1300.0,1218.0,1218.0,5213,1218.0,2026-09-03T19:35:00.940942+00:00
2022-07-05,1235.0,1274.9,1216.0,1246.0,2404,1246.0,2026-09-03T19:35:00.940942+00:00
2022-07-06,1225.0,1268.0,1225.0,1240.0,847,1240.0,2026-09-03T19:35:00.940942+00:00
2022-07-07,1261.0,1270.0,1197.0,1250.0,1786,1250.0,2026-09-03T19:35:00.940942+00:00
2022-07-08,1225.1,1225.1,1210.0,1210.0,395,1210.0,2026-09-03T19:35:00.940942+00:00
2022-07-11,1231.0,1231.0,1150.0,1180.0,2320,1180.0,2026-09-03T19:35:00.940942+00:00
2022-07-12,1180.0,1223.0,1161.0,1190.0,584,1190.0,2026-09-03T19:35:00.940942+00:00
2022-07-13,1213.0,1248.0,1210.1,1210.1,590,1210.1,2026-09-03T19:35:00.940942+00:00
2022-07-14,1186.0,1274.0,1186.0,1216.0,1383,1216.0,2026-09-03T19:35:00.940942+00:00
2022-07-15,1195.0,1230.0,1191.7,1200.0,1483,1200.0,2026-09-03T19:35:00.940942+00:00
2022-07-17,1220.0,1268.8,1220.0,1230.0,1443,1230.0,2026-09-03T19:35:00.940942+00:00
2022-07-18,1240.0,1255.0,1228.0,1255.0,1352,1255.0,2026-09-03T19:35:00.940942+00:00
2022-07-19,1261.0,1290.0,1251.1,1280.0,1827,1280.0,2026-09-03T19:35:00.940942+00:00
2022-07-20,1260.1,1299.0,1260.1,1270.0,1044,1270.0,2026-09-03T19:35:00.940942+00:00
2022-07-21,1295.0,1295.0,1264.0,1264.0,1262,1264.0,2026-09-03T19:35:00.940942+00:00
2022-07-22,1264.0,1278.0,1242.1,1242.1,391,1242.1,2026-09-03T19:35:00.940942+00:00
2022-07-24,1266.9,1305.0,1242.0,1300.0,4336,1300.0,2026-09-03T19:35:00.940942+00:00
2022-07-25,1326.0,1354.0,1311.0,1351.0,2490,1351.0,2026-09-03T19:35:00.940942+00:00
2022-07-26,1378.0,1378.0,1285.0,1310.0,3419,1310.0,2026-09-03T19:35:00.940942+00:00
2022-07-27,1285.0,1300.0,1270.0,1300.0,3717,1300.0,2026-09-03T19:35:00.940942+00:00
2022-07-28,1320.0,1392.0,1303.0,1340.0,9029,1340.0,2026-09-03T19:35:00.940942+00:00
2022-07-29,1365.0,1365.0,1280.0,1326.0,2851,1326.0,2026-09-03T19:35:00.940942+00:00
2022-07-31,1300.0,1326.0,1265.0,1290.0,8439,1290.0,2026-09-03T19:35:00.940942+00:00
2022-08-01,1295.0,1295.0,1262.0,1285.0,3701,1285.0,2026-09-03T19:35:00.940942+00:00
2022-08-02,1283.9,1289.0,1255.0,1279.0,2604,1279.0,2026-09-03T19:35:00.940942+00:00
2022-08-03,1256.0,1300.0,1256.0,1280.0,2300,1280.0,2026-09-03T19:35:00.940942+00:00
2022-08-04,1280.0,1286.0,1264.0,1275.1,935,1275.1,2026-09-03T19:35:00.940942+00:00
2022-08-05,1251.0,1255.0,1250.0,1255.0,1078,1255.0,2026-09-03T19:35:00.940942+00:00
2022-08-07,1235.0,1260.0,1235.0,1250.0,891,1250.0,2026-09-03T19:35:00.940942+00:00
2022-08-08,1270.0,1290.0,1225.0,1245.0,3279,1245.0,2026-09-03T19:35:00.940942+00:00
2022-08-09,1226.0,1231.0,1207.0,1224.0,2220,1224.0,2026-09-03T19:35:00.940942+00:00
2022-08-10,1224.0,1224.0,1176.0,1210.0,3444,1210.0,2026-09-03T19:35:00.940942+00:00
2022-08-11,1188.0,1221.0,1171.1,1183.0,2638,1183.0,2026-09-03T19:35:00.940942+00:00
2022-08-14,1167.1,1199.5,1136.8,1136.8,3691,1136.8,2026-09-03T19:35:00.940942+00:00
2022-08-15,1159.5,1190.0,1145.0,1190.0,1605,1190.0,2026-09-03T19:35:00.940942+00:00
2022-08-16,1197.0,1213.8,1150.0,1170.0,1761,1170.0,2026-09-03T19:35:00.940942+00:00
2022-08-17,1180.0,1193.0,1165.0,1171.0,263,1171.0,2026-09-03T19:35:00.940942+00:00
2022-08-18,1194.0,1200.0,1179.0,1197.9,895,1197.9,2026-09-03T19:35:00.940942+00:00
2022-08-21,1221.0,1221.0,1187.0,1220.0,1010,1220.0,2026-09-03T19:35:00.940942+00:00
2022-08-22,1241.0,1241.0,1194.0,1235.0,1136,1235.0,2026-09-03T19:35:00.940942+00:00
2022-08-23,1244.9,1244.9,1194.0,1208.0,670,1208.0,2026-09-03T19:35:00.940942+00:00
2022-08-24,1227.0,1232.1,1183.9,1213.0,767,1213.0,2026-09-03T19:35:00.940942+00:00
2022-08-25,1215.0,1218.9,1172.0,1195.0,619,1195.0,2026-09-03T19:35:00.940942+00:00
2022-08-26,1195.0,1209.9,1172.0,1186.0,99,1186.0,2026-09-03T19:35:00.940942+00:00
2022-08-28,1164.0,1197.0,1164.0,1166.0,648,1166.0,2026-09-03T19:35:00.940942+00:00
2022-08-29,1166.0,1189.0,1145.0,1189.0,1284,1189.0,2026-09-03T19:35:00.940942+00:00
2022-08-30,1200.0,1234.0,1170.0,1200.0,473,1200.0,2026-09-03T19:35:00.940942+00:00
2022-08-31,1224.0,1224.0,1176.0,1177.0,233,1177.0,2026-09-03T19:35:00.940942+00:00
2022-09-01,1173.0,1173.0,1130.0,1163.9,3988,1163.9,2026-09-03T19:35:00.940942+00:00
2022-09-02,1141.0,1180.0,1122.1,1155.0,2609,1155.0,2026-09-03T19:35:00.940942+00:00
2022-09-04,1151.0,1175.0,1134.0,1175.0,1836,1175.0,2026-09-03T19:35:00.940942+00:00
2022-09-05,1180.0,1194.0,1132.0,1132.0,950,1132.0,2026-09-03T19:35:00.940942+00:00
2022-09-06,1153.0,1154.6,1130.0,1130.0,1040,1130.0,2026-09-03T19:35:00.940942+00:00
2022-09-07,1115.0,1130.0,1114.0,1127.0,1233,1127.0,2026-09-03T19:35:00.940942+00:00
2022-09-08,1115.0,1136.0,1101.0,1106.1,831,1106.1,2026-09-03T19:35:00.940942+00:00
2022-09-11,1088.2,1105.0,1060.0,1060.0,2246,1060.0,2026-09-03T19:35:00.940942+00:00
2022-09-12,1070.0,1081.2,1055.0,1060.0,739,1060.0,2026-09-03T19:35:00.940942+00:00
2022-09-13,1060.0,1102.6,1056.0,1060.0,589,1060.0,2026-09-03T19:35:00.940942+00:00
2022-09-14,1060.0,1101.0,1060.0,1090.0,2700,1090.0,2026-09-03T19:35:00.940942+00:00
2022-09-15,1090.0,1090.0,1029.0,1049.5,1901,1049.5,2026-09-03T19:35:00.940942+00:00
2022-09-16,1035.0,1035.0,1008.3,1012.0,1291,1012.0,2026-09-03T19:35:00.940942+00:00
2022-09-18,1032.2,1032.2,995.0,1000.0,943,1000.0,2026-09-03T19:35:00.940942+00:00
2022-09-20,983.0,983.0,946.0,959.0,1365,959.0,2026-09-03T19:35:00.940942+00:00
2022-09-21,975.0,989.0,956.0,980.0,334,980.0,2026-09-03T19:35:00.940942+00:00
2022-09-22,990.0,990.0,946.0,964.0,733,964.0,2026-09-03T19:35:00.940942+00:00
2022-09-25,983.2,983.2,955.0,955.0,1405,955.0,2026-09-03T19:35:00.940942+00:00
2022-09-27,936.1,968.0,936.1,961.9,689,961.9,2026-09-03T19:35:00.940942+00:00
2022-09-28,978.1,985.7,970.0,971.0,327,971.0,2026-09-03T19:35:00.940942+00:00
2022-09-29,989.0,998.0,940.0,980.0,4951,980.0,2026-09-03T19:35:00.940942+00:00
2022-10-09,999.0,1010.0,955.5,1000.0,1210,1000.0,2026-09-03T19:35:00.940942+00:00
2022-10-10,1017.0,1017.0,950.0,950.0,1024,950.0,2026-09-03T19:35:00.940942+00:00
2022-10-11,965.0,969.0,949.7,950.0,285,950.0,2026-09-03T19:35:00.940942+00:00
2022-10-12,933.0,966.0,931.0,950.0,487,950.0,2026-09-03T19:35:00.940942+00:00
2022-10-13,960.1,968.0,946.0,967.8,3530,967.8,2026-09-03T19:35:00.940942+00:00
2022-10-16,964.0,964.0,911.1,911.1,2139,911.1,2026-09-03T19:35:00.940942+00:00
2022-10-17,901.0,935.0,901.0,912.0,1123,912.0,2026-09-03T19:35:00.940942+00:00
2022-10-19,912.0,920.0,900.1,907.0,795,907.0,2026-09-03T19:35:00.940942+00:00
2022-10-20,900.0,925.0,891.0,925.0,971,925.0,2026-09-03T19:35:00.940942+00:00
2022-10-23,915.0,932.0,915.0,932.0,305,932.0,2026-09-03T19:35:00.940942+00:00
2022-10-31,938.0,950.0,914.1,950.0,1174,950.0,2026-09-03T19:35:00.940942+00:00
2022-11-01,932.0,985.0,931.0,985.0,897,985.0,2026-09-03T19:35:00.940942+00:00
2022-11-02,991.0,996.0,957.0,988.0,737,988.0,2026-09-03T19:35:00.940942+00:00
2022-11-03,980.0,980.0,954.0,970.0,642,970.0,2026-09-03T19:35:00.940942+00:00
2022-11-06,989.0,1039.0,988.0,1039.0,2177,1039.0,2026-09-03T19:35:00.940942+00:00
2022-11-07,1051.0,1051.0,980.0,993.0,4609,993.0,2026-09-03T19:35:00.940942+00:00
2022-11-08,985.0,985.0,965.0,978.0,1749,978.0,2026-09-03T19:35:00.940942+00:00
2022-11-09,972.0,972.0,921.2,932.0,1817,932.0,2026-09-03T19:35:00.940942+00:00
2022-11-10,920.0,943.0,905.0,925.0,1693,925.0,2026-09-03T19:35:00.940942+00:00
2022-11-13,920.0,921.0,880.0,880.0,7264,880.0,2026-09-03T19:35:00.940942+00:00
2022-11-14,892.0,892.0,874.3,888.9,1140,888.9,2026-09-03T19:35:00.940942+00:00
2022-11-15,890.0,904.0,885.2,885.2,666,885.2,2026-09-03T19:35:00.940942+00:00
2022-11-16,876.1,900.0,876.1,896.5,346,896.5,2026-09-03T19:35:00.940942+00:00
2022-11-17,914.4,915.0,897.1,905.2,11771,905.2,2026-09-03T19:35:00.940942+00:00
2022-11-22,922.0,925.0,911.0,918.0,480,918.0,2026-09-03T19:35:00.940942+00:00
2022-11-23,934.0,934.0,909.0,910.0,8252,910.0,2026-09-03T19:35:00.940942+00:00
2022-11-24,910.0,915.0,891.8,900.0,711,900.0,2026-09-03T19:35:00.940942+00:00
2022-11-27,910.0,948.9,900.2,948.9,898,948.9,2026-09-03T19:35:00.940942+00:00
2022-11-28,967.8,975.0,932.0,932.0,1127,932.0,2026-09-03T19:35:00.940942+00:00
2022-11-29,920.0,948.0,920.0,944.0,185,944.0,2026-09-03T19:35:00.940942+00:00
2022-11-30,930.0,948.0,923.0,923.0,458,923.0,2026-09-03T19:35:00.940942+00:00
2022-12-01,925.0,938.0,920.0,932.0,337,932.0,2026-09-03T19:35:00.940942+00:00
2022-12-04,949.0,949.0,926.1,927.0,1082,927.0,2026-09-03T19:35:00.940942+00:00
2022-12-05,917.4,920.0,916.0,916.0,383,916.0,2026-09-03T19:35:00.940942+00:00
2022-12-06,916.0,921.0,910.0,910.0,833,910.0,2026-09-03T19:35:00.940942+00:00
2022-12-07,911.0,918.0,901.0,906.0,188,906.0,2026-09-03T19:35:00.940942+00:00
2022-12-11,890.0,900.0,890.0,895.0,447,895.0,2026-09-03T19:35:00.940942+00:00
2022-12-12,885.2,918.0,885.0,918.0,938,918.0,2026-09-03T19:35:00.940942+00:00
2022-12-13,925.0,943.5,909.0,909.0,917,909.0,2026-09-03T19:35:00.940942+00:00
2022-12-14,909.0,945.0,909.0,930.0,729,930.0,2026-09-03T19:35:00.940942+00:00
2022-12-15,948.0,948.0,910.6,928.0,469,928.0,2026-09-03T19:35:00.940942+00:00
2022-12-18,909.6,925.0,893.6,900.0,462,900.0,2026-09-03T19:35:00.940942+00:00
2022-12-19,891.2,909.0,891.2,908.9,842,908.9,2026-09-03T19:35:00.940942+00:00
2022-12-20,922.0,922.0,904.0,917.0,249,917.0,2026-09-03T19:35:00.940942+00:00
2022-12-21,918.0,918.0,905.0,905.2,1147,905.2,2026-09-03T19:35:00.940942+00:00
2022-12-22,923.3,941.7,892.1,900.0,458,900.0,2026-09-03T19:35:00.940942+00:00
2022-12-26,915.0,924.9,900.2,924.0,2400,924.0,2026-09-03T19:35:00.940942+00:00
2022-12-27,942.4,980.0,925.0,965.1,2222,965.1,2026-09-03T19:35:00.940942+00:00
2022-12-28,950.0,970.0,946.2,949.0,2825,949.0,2026-09-03T19:35:00.940942+00:00
2022-12-29,967.9,1001.0,936.1,1001.0,3133,1001.0,2026-09-03T19:35:00.940942+00:00
2023-01-01,1021.0,1021.0,987.2,997.0,2606,997.0,2026-09-03T19:35:00.940942+00:00
2023-01-02,1000.0,1000.0,978.0,990.0,1505,990.0,2026-09-03T19:35:00.940942+00:00
2023-01-03,1009.8,1014.0,980.0,995.1,2513,995.1,2026-09-03T19:35:00.940942+00:00
2023-01-04,1015.0,1094.6,985.0,1094.0,6011,1094.0,2026-09-03T19:35:00.940942+00:00
2023-01-05,1115.8,1144.4,1075.0,1114.0,3488,1114.0,2026-09-03T19:35:00.940942+00:00
2023-01-08,1136.2,1158.9,1083.0,1090.0,3006,1090.0,2026-09-03T19:35:00.940942+00:00
2023-01-09,1111.8,1134.0,1081.1,1081.1,4691,1081.1,2026-09-03T19:35:00.940942+00:00
2023-01-10,1102.7,1105.0,1025.0,1039.9,5995,1039.9,2026-09-03T19:35:00.940942+00:00
2023-01-12,1055.0,1072.9,1010.0,1039.0,5239,1039.0,2026-09-03T19:35:00.940942+00:00
2023-01-17,1059.7,1142.9,1050.0,1060.0,1833,1060.0,2026-09-03T19:35:00.940942+00:00
2023-01-18,1081.0,1100.0,1060.0,1079.0,2280,1079.0,2026-09-03T19:35:00.940942+00:00
2023-01-19,1099.0,1099.0,1039.9,1051.0,1797,1051.0,2026-09-03T19:35:00.940942+00:00
2023-01-23,1030.0,1055.0,1030.0,1033.9,1556,1033.9,2026-09-03T19:35:00.940942+00:00
2023-01-24,1054.5,1060.0,1012.0,1026.0,784,1026.0,2026-09-03T19:35:00.940942+00:00
2023-01-25,1046.0,1066.9,1030.0,1055.0,1591,1055.0,2026-09-03T19:35:00.940942+00:00
2023-01-26,1076.1,1097.0,1040.0,1045.0,1282,1045.0,2026-09-03T19:35:00.940942+00:00
2023-01-29,1024.1,1040.0,1003.7,1037.0,1474,1037.0,2026-09-03T19:35:00.940942+00:00
2023-01-30,1020.0,1025.0,996.0,996.0,1819,996.0,2026-09-03T19:35:00.940942+00:00
2023-01-31,982.1,1000.0,982.1,987.0,1106,987.0,2026-09-03T19:35:00.940942+00:00
2023-02-01,967.3,986.0,967.2,970.0,1315,970.0,2026-09-03T19:35:00.940942+00:00
2023-02-02,951.0,995.0,951.0,973.1,937,973.1,2026-09-03T19:35:00.940942+00:00
2023-02-05,992.5,1014.9,982.0,998.9,984,998.9,2026-09-03T19:35:00.940942+00:00
2023-02-06,1011.0,1011.0,990.8,996.0,308,996.0,2026-09-03T19:35:00.940942+00:00
2023-02-07,1015.9,1056.0,1015.9,1048.8,4078,1048.8,2026-09-03T19:35:00.940942+00:00
2023-02-08,1069.0,1089.0,1049.0,1056.0,3972,1056.0,2026-09-03T19:35:00.940942+00:00
2023-02-09,1058.0,1071.0,1055.1,1071.0,1652,1071.0,2026-09-03T19:35:00.940942+00:00
2023-02-12,1055.0,1055.0,1030.2,1047.0,817,1047.0,2026-09-03T19:35:00.940942+00:00
2023-02-14,1040.0,1040.0,1011.0,1012.0,924,1012.0,2026-09-03T19:35:00.940942+00:00
2023-02-15,1012.0,1028.0,992.0,992.2,579,992.2,2026-09-03T19:35:00.940942+00:00
2023-02-16,980.0,1000.0,973.2,990.0,1074,990.0,2026-09-03T19:35:00.940942+00:00
2023-02-20,1000.0,1000.0,968.0,979.0,1083,979.0,2026-09-03T19:35:00.940942+00:00
2023-02-22,963.2,969.0,940.9,969.0,1740,969.0,2026-09-03T19:35:00.940942+00:00
2023-02-23,950.0,950.0,872.1,884.0,5936,884.0,2026-09-03T19:35:00.940942+00:00
2023-02-26,867.0,899.0,822.0,890.1,2496,890.1,2026-09-03T19:35:00.940942+00:00
2023-02-27,895.0,900.0,856.0,899.0,1586,899.0,2026-09-03T19:35:00.940942+00:00
2023-02-28,881.1,895.9,863.5,875.0,1160,875.0,2026-09-03T19:35:00.940942+00:00
2023-03-01,858.0,875.0,846.0,859.0,1512,859.0,2026-09-03T19:35:00.940942+00:00
2023-03-02,844.0,844.0,828.1,841.0,1249,841.0,2026-09-03T19:35:00.940942+00:00
2023-03-05,841.0,841.0,800.0,824.1,1948,824.1,2026-09-03T19:35:00.940942+00:00
2023-03-07,807.7,836.0,807.7,836.0,1055,836.0,2026-09-03T19:35:00.940942+00:00
2023-03-09,851.0,868.0,845.0,860.0,446,860.0,2026-09-03T19:35:00.940942+00:00
2023-03-12,756.0,756.0,716.0,732.8,2253,732.8,2026-09-03T19:35:00.940942+00:00
2023-03-13,732.0,746.0,718.2,730.0,999,730.0,2026-09-03T19:35:00.940942+00:00
2023-03-14,716.0,744.9,716.0,735.4,495,735.4,2026-09-03T19:35:00.940942+00:00
2023-03-15,721.0,721.0,707.0,718.0,461,718.0,2026-09-03T19:35:00.940942+00:00
2023-03-16,720.0,720.0,707.0,710.0,374,710.0,2026-09-03T19:35:00.940942+00:00
2023-03-19,699.0,712.0,699.0,707.0,303,707.0,2026-09-03T19:35:00.940942+00:00
2023-03-20,721.0,721.0,700.0,715.0,583,715.0,2026-09-03T19:35:00.940942+00:00
2023-03-22,724.0,724.0,690.0,690.0,1285,690.0,2026-09-03T19:35:00.940942+00:00
2023-03-23,677.3,702.0,677.3,700.0,469,700.0,2026-09-03T19:35:00.940942+00:00
2023-03-26,700.0,710.0,680.0,694.9,1072,694.9,2026-09-03T19:35:00.940942+00:00
2023-03-27,696.0,700.0,680.0,700.0,873,700.0,2026-09-03T19:35:00.940942+00:00
2023-03-28,710.0,738.3,701.0,710.0,1693,710.0,2026-09-03T19:35:00.940942+00:00
2023-03-29,696.0,709.9,696.0,709.0,195,709.0,2026-09-03T19:35:00.940942+00:00
2023-03-30,695.2,710.0,695.2,710.0,204,710.0,2026-09-03T19:35:00.940942+00:00
2023-04-02,705.0,705.0,686.1,687.0,597,687.0,2026-09-03T19:35:00.940942+00:00
2023-04-03,675.0,696.6,675.0,696.6,206,696.6,2026-09-03T19:35:00.940942+00:00
2023-04-04,697.0,709.0,670.0,670.1,2056,670.1,2026-09-03T19:35:00.940942+00:00
2023-04-05,670.0,673.2,657.0,673.1,881,673.1,2026-09-03T19:35:00.940942+00:00
2023-04-06,663.0,679.0,663.0,679.0,304,679.0,2026-09-03T19:35:00.940942+00:00
2023-04-09,692.5,692.5,660.0,661.0,777,661.0,2026-09-03T19:35:00.940942+00:00
2023-04-10,660.0,719.1,660.0,679.0,691,679.0,2026-09-03T19:35:00.940942+00:00
2023-04-11,692.5,700.0,690.0,700.0,350,700.0,2026-09-03T19:35:00.940942+00:00
2023-04-12,714.0,764.7,700.0,764.0,1869,764.0,2026-09-03T19:35:00.940942+00:00
2023-04-13,779.0,793.5,735.0,749.7,2652,749.7,2026-09-03T19:35:00.940942+00:00
2023-04-16,735.0,740.0,710.0,730.0,2454,730.0,2026-09-03T19:35:00.940942+00:00
2023-04-17,744.0,773.1,716.0,731.0,352,731.0,2026-09-03T19:35:00.940942+00:00
2023-04-18,731.0,731.0,705.0,705.0,353,705.0,2026-09-03T19:35:00.940942+00:00
2023-04-19,718.0,720.0,706.0,719.0,601,719.0,2026-09-03T19:35:00.940942+00:00
2023-04-20,707.0,719.0,700.1,700.2,844,700.2,2026-09-03T19:35:00.940942+00:00
2023-04-23,686.2,714.0,681.1,710.0,218,710.0,2026-09-03T19:35:00.940942+00:00
2023-04-24,710.0,711.0,697.0,710.0,638,710.0,2026-09-03T19:35:00.940942+00:00
2023-04-25,696.0,713.0,694.0,713.0,1039,713.0,2026-09-03T19:35:00.940942+00:00
2023-04-26,727.1,727.1,697.0,699.0,431,699.0,2026-09-03T19:35:00.940942+00:00
2023-04-27,690.0,700.0,690.0,691.0,767,691.0,2026-09-03T19:35:00.940942+00:00
2023-04-30,690.0,690.8,677.3,690.8,533,690.8,2026-09-03T19:35:00.940942+00:00
2023-05-02,677.2,680.0,663.6,670.0,649,670.0,2026-09-03T19:35:00.940942+00:00
2023-05-03,658.0,675.0,658.0,675.0,122,675.0,2026-09-03T19:35:00.940942+00:00
2023-05-04,680.0,688.5,670.0,681.0,144,681.0,2026-09-03T19:35:00.940942+00:00
2023-05-07,667.4,667.4,656.1,666.6,181,666.6,2026-09-03T19:35:00.940942+00:00
2023-05-08,656.0,681.6,655.2,670.0,332,670.0,2026-09-03T19:35:00.940942+00:00
2023-05-09,657.0,674.2,657.0,665.0,700,665.0,2026-09-03T19:35:00.940942+00:00
2023-05-10,662.0,678.0,661.0,678.0,264,678.0,2026-09-03T19:35:00.940942+00:00
2023-05-11,678.0,678.0,669.0,670.0,281,670.0,2026-09-03T19:35:00.940942+00:00
2023-05-14,657.0,673.0,656.6,670.0,2011,670.0,2026-09-03T19:35:00.940942+00:00
2023-05-15,670.0,670.0,657.0,670.0,490,670.0,2026-09-03T19:35:00.940942+00:00
2023-05-16,670.0,670.0,653.0,662.0,658,662.0,2026-09-03T19:35:00.940942+00:00
2023-05-17,655.0,670.0,655.0,663.0,839,663.0,2026-09-03T19:35:00.940942+00:00
2023-05-18,674.0,679.9,670.0,671.1,1956,671.1,2026-09-03T19:35:00.940942+00:00
2023-05-21,683.0,692.0,660.0,686.0,1206,686.0,2026-09-03T19:35:00.940942+00:00
2023-05-22,675.0,694.0,675.0,692.0,1540,692.0,2026-09-03T19:35:00.940942+00:00
2023-05-23,704.0,713.0,691.1,712.0,1399,712.0,2026-09-03T19:35:00.940942+00:00
2023-05-24,715.0,730.0,714.1,719.1,2239,719.1,2026-09-03T19:35:00.940942+00:00
2023-05-28,733.4,743.0,721.1,729.0,3264,729.0,2026-09-03T19:35:00.940942+00:00
2023-05-30,715.0,720.0,688.4,688.5,1055,688.5,2026-09-03T19:35:00.940942+00:00
2023-05-31,680.0,703.0,649.0,660.0,1855,660.0,2026-09-03T19:35:00.940942+00:00
2023-06-01,651.0,686.0,651.0,685.0,1171,685.0,2026-09-03T19:35:00.940942+00:00
2023-06-04,698.7,712.6,690.0,693.0,641,693.0,2026-09-03T19:35:00.940942+00:00
2023-06-05,686.0,700.0,672.4,685.0,3856,685.0,2026-09-03T19:35:00.940942+00:00
2023-06-06,685.0,693.6,673.0,690.0,954,690.0,2026-09-03T19:35:00.940942+00:00
2023-06-07,695.0,715.0,690.0,700.0,1823,700.0,2026-09-03T19:35:00.940942+00:00
2023-06-08,700.0,704.9,695.0,700.0,2289,700.0,2026-09-03T19:35:00.940942+00:00
2023-06-11,700.0,738.4,692.0,734.0,1930,734.0,2026-09-03T19:35:00.940942+00:00
2023-06-12,733.0,740.0,719.4,719.4,3552,719.4,2026-09-03T19:35:00.940942+00:00
2023-06-13,732.7,743.5,729.0,742.9,1593,742.9,2026-09-03T19:35:00.940942+00:00
2023-06-14,755.0,783.9,744.2,756.0,1991,756.0,2026-09-03T19:35:00.940942+00:00
2023-06-15,765.0,765.0,742.0,754.0,2190,754.0,2026-09-03T19:35:00.940942+00:00
2023-06-18,748.0,778.2,745.2,767.0,1061,767.0,2026-09-03T19:35:00.940942+00:00
2023-06-19,769.0,769.0,738.0,759.0,2228,759.0,2026-09-03T19:35:00.940942+00:00
2023-06-20,773.0,773.0,726.0,731.0,1513,731.0,2026-09-03T19:35:00.940942+00:00
2023-06-21,731.0,735.0,717.0,732.0,1781,732.0,2026-09-03T19:35:00.940942+00:00
2023-06-22,743.0,743.0,710.4,721.0,793,721.0,2026-09-03T19:35:00.940942+00:00
2023-06-25,708.0,753.9,708.0,750.0,786,750.0,2026-09-03T19:35:00.940942+00:00
2023-06-26,760.0,821.0,745.0,821.0,2148,821.0,2026-09-03T19:35:00.940942+00:00
2023-06-27,837.4,903.1,780.0,886.0,12487,886.0,2026-09-03T19:35:00.940942+00:00
2023-06-28,869.0,870.0,835.0,858.0,3638,858.0,2026-09-03T19:35:00.940942+00:00
2023-07-02,841.0,856.9,774.0,795.0,4051,795.0,2026-09-03T19:35:00.940942+00:00
2023-07-03,810.9,810.9,755.0,771.0,5534,771.0,2026-09-03T19:35:00.940942+00:00
2023-07-04,786.0,800.0,742.9,778.0,2011,778.0,2026-09-03T19:35:00.940942+00:00
2023-07-05,793.5,793.5,726.0,742.5,3509,742.5,2026-09-03T19:35:00.940942+00:00
2023-07-06,743.0,744.0,727.7,729.0,1786,729.0,2026-09-03T19:35:00.940942+00:00
2023-07-09,730.0,773.4,730.0,765.0,2922,765.0,2026-09-03T19:35:00.940942+00:00
2023-07-10,780.0,795.0,765.0,775.0,1187,775.0,2026-09-03T19:35:00.940942+00:00
2023-07-11,760.0,774.0,755.0,763.3,636,763.3,2026-09-03T19:35:00.940942+00:00
2023-07-12,778.5,794.0,767.5,774.0,1007,774.0,2026-09-03T19:35:00.940942+00:00
2023-07-13,789.0,802.0,772.2,773.0,2546,773.0,2026-09-03T19:35:00.940942+00:00
2023-07-16,775.0,788.0,770.0,785.0,302,785.0,2026-09-03T19:35:00.940942+00:00
2023-07-17,790.0,800.0,786.0,799.0,1720,799.0,2026-09-03T19:35:00.940942+00:00
2023-07-18,805.0,830.0,795.0,817.8,2010,817.8,2026-09-03T19:35:00.940942+00:00
2023-07-19,818.0,830.0,800.7,818.0,2491,818.0,2026-09-03T19:35:00.940942+00:00
2023-07-20,830.0,830.0,802.0,807.0,1500,807.0,2026-09-03T19:35:00.940942+00:00
2023-07-23,796.0,820.0,796.0,820.0,2212,820.0,2026-09-03T19:35:00.940942+00:00
2023-07-24,805.0,822.0,805.0,820.0,1470,820.0,2026-09-03T19:35:00.940942+00:00
2023-07-25,830.0,830.0,792.0,805.0,901,805.0,2026-09-03T19:35:00.940942+00:00
2023-07-26,800.0,800.0,780.0,781.0,2518,781.0,2026-09-03T19:35:00.940942+00:00
2023-07-27,796.0,798.0,781.0,781.0,1123,781.0,2026-09-03T19:35:00.940942+00:00
2023-07-30,796.0,796.6,749.0,749.0,2658,749.0,2026-09-03T19:35:00.940942+00:00
2023-07-31,736.0,760.0,736.0,760.0,816,760.0,2026-09-03T19:35:00.940942+00:00
2023-08-01,745.0,786.0,745.0,745.4,896,745.4,2026-09-03T19:35:00.940942+00:00
2023-08-02,732.0,745.0,732.0,740.0,526,740.0,2026-09-03T19:35:00.940942+00:00
2023-08-03,726.0,755.0,725.4,755.0,813,755.0,2026-09-03T19:35:00.940942+00:00
2023-08-06,760.0,765.0,742.0,742.0,848,742.0,2026-09-03T19:35:00.940942+00:00
2023-08-07,750.0,750.0,735.0,750.0,1467,750.0,2026-09-03T19:35:00.940942+00:00
2023-08-08,761.0,761.0,740.0,750.0,361,750.0,2026-09-03T19:35:00.940942+00:00
2023-08-09,735.0,750.0,699.0,738.8,3581,738.8,2026-09-03T19:35:00.940942+00:00
2023-08-10,753.5,753.5,716.0,720.0,3358,720.0,2026-09-03T19:35:00.940942+00:00
2023-08-13,724.9,725.0,711.0,712.0,4246,712.0,2026-09-03T19:35:00.940942+00:00
2023-08-14,715.0,730.0,702.4,705.0,2707,705.0,2026-09-03T19:35:00.940942+00:00
2023-08-15,690.9,700.0,678.1,697.0,5136,697.0,2026-09-03T19:35:00.940942+00:00
2023-08-16,684.0,693.0,673.0,681.1,2619,681.1,2026-09-03T19:35:00.940942+00:00
2023-08-17,687.0,715.0,687.0,715.0,3239,715.0,2026-09-03T19:35:00.940942+00:00
2023-08-20,700.7,714.0,687.5,711.0,2801,711.0,2026-09-03T19:35:00.940942+00:00
2023-08-21,710.0,710.0,697.0,709.0,2630,709.0,2026-09-03T19:35:00.940942+00:00
2023-08-22,696.0,719.0,683.0,719.0,4633,719.0,2026-09-03T19:35:00.940942+00:00
2023-08-23,705.0,759.9,690.9,758.0,5397,758.0,2026-09-03T19:35:00.940942+00:00
2023-08-24,750.0,750.0,715.6,724.0,3102,724.0,2026-09-03T19:35:00.940942+00:00
2023-08-27,715.0,715.0,700.0,710.0,2425,710.0,2026-09-03T19:35:00.940942+00:00
2023-08-28,700.1,729.0,700.1,707.8,1781,707.8,2026-09-03T19:35:00.940942+00:00
2023-08-29,695.0,750.0,695.0,750.0,2223,750.0,2026-09-03T19:35:00.940942+00:00
2023-08-30,750.0,750.0,705.0,715.0,1915,715.0,2026-09-03T19:35:00.940942+00:00
2023-09-03,701.0,710.0,690.0,694.0,2876,694.0,2026-09-03T19:35:00.940942+00:00
2023-09-04,694.1,762.0,691.0,762.0,2351,762.0,2026-09-03T19:35:00.940942+00:00
2023-09-05,746.8,746.8,700.0,704.0,1047,704.0,2026-09-03T19:35:00.940942+00:00
2023-09-07,695.1,700.0,685.0,694.0,1993,694.0,2026-09-03T19:35:00.940942+00:00
2023-09-10,685.1,730.0,685.1,730.0,1951,730.0,2026-09-03T19:35:00.940942+00:00
2023-09-11,715.4,715.4,696.0,710.0,1147,710.0,2026-09-03T19:35:00.940942+00:00
2023-09-12,702.0,710.0,696.6,696.6,2663,696.6,2026-09-03T19:35:00.940942+00:00
2023-09-13,696.6,705.9,683.1,700.2,1047,700.2,2026-09-03T19:35:00.940942+00:00
2023-09-17,700.0,700.0,681.0,681.0,2162,681.0,2026-09-03T19:35:00.940942+00:00
2023-09-18,670.0,694.6,670.0,686.0,580,686.0,2026-09-03T19:35:00.940942+00:00
2023-09-19,675.0,685.0,673.0,680.0,3661,680.0,2026-09-03T19:35:00.940942+00:00
2023-09-21,667.1,709.0,667.1,709.0,4663,709.0,2026-09-03T19:35:00.940942+00:00
2023-09-24,723.0,723.0,691.0,700.0,1229,700.0,2026-09-03T19:35:00.940942+00:00
2023-09-25,714.0,742.0,686.1,740.0,3532,740.0,2026-09-03T19:35:00.940942+00:00
2023-09-26,735.0,735.0,700.0,719.0,5103,719.0,2026-09-03T19:35:00.940942+00:00
2023-09-27,733.0,733.0,692.3,705.0,1312,705.0,2026-09-03T19:35:00.940942+00:00
2023-10-01,691.0,699.7,683.0,687.0,1766,687.0,2026-09-03T19:35:00.940942+00:00
2023-10-02,680.1,703.0,680.1,690.0,2668,690.0,2026-09-03T19:35:00.940942+00:00
2023-10-03,678.0,730.0,678.0,730.0,3224,730.0,2026-09-03T19:35:00.940942+00:00
2023-10-04,744.6,744.6,690.1,702.0,1571,702.0,2026-09-03T19:35:00.940942+00:00
2023-10-05,688.0,701.7,674.3,690.0,2537,690.0,2026-09-03T19:35:00.940942+00:00
2023-10-08,680.0,690.0,670.0,674.0,3147,674.0,2026-09-03T19:35:00.940942+00:00
2023-10-09,687.0,715.0,662.0,664.0,1944,664.0,2026-09-03T19:35:00.940942+00:00
2023-10-10,667.0,670.0,660.0,661.1,1173,661.1,2026-09-03T19:35:00.940942+00:00
2023-10-11,660.0,673.0,650.0,665.0,725,665.0,2026-09-03T19:35:00.940942+00:00
2023-10-12,656.0,668.5,656.0,663.0,1324,663.0,2026-09-03T19:35:00.940942+00:00
2023-10-16,655.0,660.0,650.2,651.0,1535,651.0,2026-09-03T19:35:00.940942+00:00
2023-10-17,650.0,666.0,641.0,660.0,1534,660.0,2026-09-03T19:35:00.940942+00:00
2023-10-18,650.0,726.0,650.0,726.0,1355,726.0,2026-09-03T19:35:00.940942+00:00
2023-10-19,711.5,711.5,656.5,678.0,1906,678.0,2026-09-03T19:35:00.940942+00:00
2023-10-29,665.0,670.0,656.0,670.0,890,670.0,2026-09-03T19:35:00.940942+00:00
2023-10-30,656.6,680.0,635.1,680.0,1148,680.0,2026-09-03T19:35:00.940942+00:00
2023-10-31,666.5,679.0,656.3,679.0,975,679.0,2026-09-03T19:35:00.940942+00:00
2023-11-01,665.6,684.4,658.0,660.0,1387,660.0,2026-09-03T19:35:00.940942+00:00
2023-11-02,650.0,650.0,634.0,635.0,3700,635.0,2026-09-03T19:35:00.940942+00:00
2023-11-05,623.0,635.0,611.0,633.0,5777,633.0,2026-09-03T19:35:00.940942+00:00
2023-11-06,626.0,672.0,622.1,672.0,4658,672.0,2026-09-03T19:35:00.940942+00:00
2023-11-07,669.0,670.0,643.1,670.0,3618,670.0,2026-09-03T19:35:00.940942+00:00
2023-11-08,657.0,682.0,646.0,652.2,1355,652.2,2026-09-03T19:35:00.940942+00:00
2023-11-09,664.0,664.0,640.0,660.0,933,660.0,2026-09-03T19:35:00.940942+00:00
2023-11-20,660.0,660.0,615.5,638.5,2176,638.5,2026-09-03T19:35:00.940942+00:00
2023-11-21,625.8,625.8,590.1,614.0,2422,614.0,2026-09-03T19:35:00.940942+00:00
2023-11-22,602.0,645.0,575.0,630.9,4100,630.9,2026-09-03T19:35:00.940942+00:00
2023-11-23,618.3,618.3,593.9,615.0,478,615.0,2026-09-03T19:35:00.940942+00:00
2023-11-26,625.9,626.5,590.1,600.0,3304,600.0,2026-09-03T19:35:00.940942+00:00
2023-11-27,600.0,600.0,587.1,590.0,1444,590.0,2026-09-03T19:35:00.940942+00:00
2023-11-28,582.0,599.0,580.0,596.4,1888,596.4,2026-09-03T19:35:00.940942+00:00
2023-11-29,584.5,600.0,579.0,584.0,1982,584.0,2026-09-03T19:35:00.940942+00:00
2023-11-30,576.0,584.0,570.0,570.0,1588,570.0,2026-09-03T19:35:00.940942+00:00
2023-12-03,559.0,572.0,549.8,560.0,1853,560.0,2026-09-03T19:35:00.940942+00:00
2023-12-04,551.0,561.0,543.0,557.0,1238,557.0,2026-09-03T19:35:00.940942+00:00
2023-12-05,558.0,561.0,546.0,555.0,2078,555.0,2026-09-03T19:35:00.940942+00:00
2023-12-06,564.0,565.0,545.0,563.0,2554,563.0,2026-09-03T19:35:00.940942+00:00
2023-12-07,553.0,619.3,552.0,602.7,2862,602.7,2026-09-03T19:35:00.940942+00:00
2023-12-10,591.0,662.0,590.7,662.0,731,662.0,2026-09-03T19:35:00.940942+00:00
2023-12-11,662.0,662.0,595.8,632.0,10278,632.0,2026-09-03T19:35:00.940942+00:00
2023-12-12,619.4,642.0,596.0,625.0,8521,625.0,2026-09-03T19:35:00.940942+00:00
2023-12-13,612.5,674.0,603.0,635.0,9198,635.0,2026-09-03T19:35:00.940942+00:00
2023-12-14,624.0,644.0,623.0,626.0,2375,626.0,2026-09-03T19:35:00.940942+00:00
2023-12-17,635.0,637.0,599.8,625.0,8885,625.0,2026-09-03T19:35:00.940942+00:00
2023-12-18,616.1,678.0,616.1,668.8,20258,668.8,2026-09-03T19:35:00.940942+00:00
2023-12-19,680.9,680.9,654.0,675.0,6365,675.0,2026-09-03T19:35:00.940942+00:00
2023-12-20,665.0,690.0,662.0,680.0,11416,680.0,2026-09-03T19:35:00.940942+00:00
2023-12-21,666.4,748.0,666.0,748.0,9374,748.0,2026-09-03T19:35:00.940942+00:00
2023-12-24,748.0,748.0,696.0,708.0,21036,708.0,2026-09-03T19:35:00.940942+00:00
2023-12-27,695.1,715.0,682.1,694.0,7757,694.0,2026-09-03T19:35:00.940942+00:00
2023-12-28,681.1,702.0,681.0,697.8,6245,697.8,2026-09-03T19:35:00.940942+00:00
2024-01-01,698.8,711.0,686.7,694.9,5992,694.9,2026-09-03T19:35:00.940942+00:00
2024-01-02,694.8,694.8,675.0,685.0,6467,685.0,2026-09-03T19:35:00.940942+00:00
2024-01-03,680.0,703.0,672.1,703.0,6270,703.0,2026-09-03T19:35:00.940942+00:00
2024-01-04,689.0,700.0,686.0,696.0,3575,696.0,2026-09-03T19:35:00.940942+00:00
2024-01-07,682.2,703.8,682.2,700.0,6943,700.0,2026-09-03T19:35:00.940942+00:00
2024-01-08,710.0,710.0,690.0,707.9,4676,707.9,2026-09-03T19:35:00.940942+00:00
2024-01-09,714.0,730.0,695.0,720.0,7473,720.0,2026-09-03T19:35:00.940942+00:00
2024-01-10,730.0,734.4,716.0,726.0,8648,726.0,2026-09-03T19:35:00.940942+00:00
2024-01-11,713.0,730.0,710.2,728.6,3824,728.6,2026-09-03T19:35:00.940942+00:00
2024-01-14,743.0,759.7,730.1,755.0,6399,755.0,2026-09-03T19:35:00.940942+00:00
2024-01-16,770.1,784.0,756.0,776.0,4383,776.0,2026-09-03T19:35:00.940942+00:00
2024-01-17,760.5,774.0,736.9,754.0,6784,754.0,2026-09-03T19:35:00.940942+00:00
2024-01-18,739.0,746.0,719.1,724.4,4742,724.4,2026-09-03T19:35:00.940942+00:00
2024-01-21,710.0,738.0,700.0,703.0,8141,703.0,2026-09-03T19:35:00.940942+00:00
2024-01-22,690.0,765.0,690.0,750.0,7614,750.0,2026-09-03T19:35:00.940942+00:00
2024-01-23,735.0,735.0,710.0,715.0,3769,715.0,2026-09-03T19:35:00.940942+00:00
2024-01-24,729.0,730.0,702.0,710.0,1225,710.0,2026-09-03T19:35:00.940942+00:00
2024-01-25,724.0,724.0,695.0,699.0,3549,699.0,2026-09-03T19:35:00.940942+00:00
2024-01-28,712.0,741.6,690.0,710.0,1718,710.0,2026-09-03T19:35:00.940942+00:00
2024-01-29,698.0,722.0,691.0,700.0,5948,700.0,2026-09-03T19:35:00.940942+00:00
2024-01-30,690.0,703.0,690.0,702.0,2510,702.0,2026-09-03T19:35:00.940942+00:00
2024-01-31,716.0,725.0,684.0,700.0,2935,700.0,2026-09-03T19:35:00.940942+00:00
2024-02-01,699.9,700.0,685.0,689.2,1797,689.2,2026-09-03T19:35:00.940942+00:00
2024-02-04,679.1,690.0,677.1,681.1,1946,681.1,2026-09-03T19:35:00.940942+00:00
2024-02-05,681.0,694.0,678.0,682.0,2763,682.0,2026-09-03T19:35:00.940942+00:00
2024-02-06,669.0,708.0,669.0,708.0,1428,708.0,2026-09-03T19:35:00.940942+00:00
2024-02-07,695.0,704.0,690.1,703.9,2045,703.9,2026-09-03T19:35:00.940942+00:00
2024-02-08,702.0,705.0,690.1,705.0,2013,705.0,2026-09-03T19:35:00.940942+00:00
2024-02-11,707.8,707.8,681.0,685.0,2253,685.0,2026-09-03T19:35:00.940942+00:00
2024-02-12,672.3,697.0,672.3,694.0,2244,694.0,2026-09-03T19:35:00.940942+00:00
2024-02-13,681.2,684.0,667.6,676.8,1281,676.8,2026-09-03T19:35:00.940942+00:00
2024-02-14,665.0,682.0,665.0,670.0,1140,670.0,2026-09-03T19:35:00.940942+00:00
2024-02-15,663.0,678.2,662.0,670.0,1074,670.0,2026-09-03T19:35:00.940942+00:00
2024-02-18,670.0,725.1,657.1,710.5,2536,710.5,2026-09-03T19:35:00.940942+00:00
2024-02-20,696.3,696.3,664.0,678.0,2253,678.0,2026-09-03T19:35:00.940942+00:00
2024-02-21,665.0,678.3,651.7,664.8,11888,664.8,2026-09-03T19:35:00.940942+00:00
2024-02-22,652.0,664.0,650.0,662.0,2966,662.0,2026-09-03T19:35:00.940942+00:00
2024-02-25,648.8,650.0,639.0,650.0,3327,650.0,2026-09-03T19:35:00.940942+00:00
2024-02-26,650.0,650.2,637.2,639.3,1931,639.3,2026-09-03T19:35:00.940942+00:00
2024-02-27,639.0,643.0,630.1,643.0,841,643.0,2026-09-03T19:35:00.940942+00:00
2024-02-28,645.0,655.7,632.5,640.0,313,640.0,2026-09-03T19:35:00.940942+00:00
2024-02-29,631.0,643.8,627.3,640.0,5437,640.0,2026-09-03T19:35:00.940942+00:00
2024-03-03,627.2,632.4,616.9,632.4,3710,632.4,2026-09-03T19:35:00.940942+00:00
2024-03-04,645.0,657.9,645.0,657.9,20,657.9,2026-09-03T19:35:00.940942+00:00
2024-03-05,670.0,670.0,632.2,644.0,1834,644.0,2026-09-03T19:35:00.940942+00:00
2024-03-06,632.0,649.0,625.0,648.0,2943,648.0,2026-09-03T19:35:00.940942+00:00
2024-03-07,640.0,658.0,637.0,642.0,1111,642.0,2026-09-03T19:35:00.940942+00:00
2024-03-10,642.0,676.0,635.1,660.0,4008,660.0,2026-09-03T19:35:00.940942+00:00
2024-03-12,665.0,700.0,661.0,700.0,7956,700.0,2026-09-03T19:35:00.940942+00:00
2024-03-13,707.0,710.0,687.1,700.0,3750,700.0,2026-09-03T19:35:00.940942+00:00
2024-03-14,700.0,700.0,672.7,690.9,3791,690.9,2026-09-03T19:35:00.940942+00:00
2024-03-17,678.1,688.0,667.0,685.0,4192,685.0,2026-09-03T19:35:00.940942+00:00
2024-03-18,680.0,698.0,680.0,696.6,3173,696.6,2026-09-03T19:35:00.940942+00:00
2024-03-19,683.5,724.0,683.5,720.0,16705,720.0,2026-09-03T19:35:00.940942+00:00
2024-03-20,725.0,763.0,725.0,747.0,38591,747.0,2026-09-03T19:35:00.940942+00:00
2024-03-21,761.9,774.0,750.0,755.0,32667,755.0,2026-09-03T19:35:00.940942+00:00
2024-03-25,759.9,759.9,714.0,715.1,12258,715.1,2026-09-03T19:35:00.940942+00:00
2024-03-26,725.0,739.0,705.0,732.8,6591,732.8,2026-09-03T19:35:00.940942+00:00
2024-03-27,725.0,739.5,711.1,725.0,10056,725.0,2026-09-03T19:35:00.940942+00:00
2024-03-28,711.0,729.0,710.0,712.2,6239,712.2,2026-09-03T19:35:00.940942+00:00
2024-03-31,710.0,719.5,710.0,710.2,3712,710.2,2026-09-03T19:35:00.940942+00:00
2024-04-01,707.5,712.0,707.5,708.3,2495,708.3,2026-09-03T19:35:00.940942+00:00
2024-04-02,694.2,740.0,694.2,726.0,9524,726.0,2026-09-03T19:35:00.940942+00:00
2024-04-03,726.0,748.8,717.5,740.0,6125,740.0,2026-09-03T19:35:00.940942+00:00
2024-04-04,726.0,780.0,726.0,768.9,34038,768.9,2026-09-03T19:35:00.940942+00:00
2024-04-07,762.0,784.0,751.1,751.1,11348,751.1,2026-09-03T19:35:00.940942+00:00
2024-04-09,743.0,752.0,732.6,732.7,5071,732.7,2026-09-03T19:35:00.940942+00:00
2024-04-10,747.3,763.0,708.0,735.0,14205,735.0,2026-09-03T19:35:00.940942+00:00
2024-04-14,721.0,754.8,715.0,740.0,5645,740.0,2026-09-03T19:35:00.940942+00:00
2024-04-15,727.5,754.8,727.5,735.0,6822,735.0,2026-09-03T19:35:00.940942+00:00
2024-04-16,725.0,730.0,711.6,718.0,2654,718.0,2026-09-03T19:35:00.940942+00:00
2024-04-18,728.0,728.0,705.1,710.0,7111,710.0,2026-09-03T19:35:00.940942+00:00
2024-04-21,696.2,724.0,696.2,712.1,6852,712.1,2026-09-03T19:35:00.940942+00:00
2024-04-22,712.0,717.9,703.0,717.9,5023,717.9,2026-09-03T19:35:00.940942+00:00
2024-04-24,714.0,718.0,710.0,717.0,1094,717.0,2026-09-03T19:35:00.940942+00:00
2024-04-25,704.1,730.0,704.1,724.0,5279,724.0,2026-09-03T19:35:00.940942+00:00
2024-04-28,720.0,766.0,720.0,747.0,23007,747.0,2026-09-03T19:35:00.940942+00:00
2024-04-29,733.0,795.9,733.0,785.0,40075,785.0,2026-09-03T19:35:00.940942+00:00
2024-04-30,797.0,841.0,791.0,824.1,33348,824.1,2026-09-03T19:35:00.940942+00:00
2024-05-02,838.9,859.0,818.0,819.0,22635,819.0,2026-09-03T19:35:00.940942+00:00
2024-05-05,835.3,845.0,790.0,790.0,35357,790.0,2026-09-03T19:35:00.940942+00:00
2024-05-06,775.0,803.0,767.0,774.0,17269,774.0,2026-09-03T19:35:00.940942+00:00
2024-05-07,770.0,819.0,770.0,813.0,16178,813.0,2026-09-03T19:35:00.940942+00:00
2024-05-08,829.0,855.0,805.0,845.0,30557,845.0,2026-09-03T19:35:00.940942+00:00
2024-05-09,845.0,856.0,822.0,824.1,13844,824.1,2026-09-03T19:35:00.940942+00:00
2024-05-12,824.1,834.0,815.0,816.0,7533,816.0,2026-09-03T19:35:00.940942+00:00
2024-05-13,810.0,865.0,810.0,865.0,35075,865.0,2026-09-03T19:35:00.940942+00:00
2024-05-14,865.1,915.0,865.1,899.0,24999,899.0,2026-09-03T19:35:00.940942+00:00
2024-05-15,890.0,915.1,870.0,880.0,28406,880.0,2026-09-03T19:35:00.940942+00:00
2024-05-16,879.9,928.2,865.0,900.0,34035,900.0,2026-09-03T19:35:00.940942+00:00
2024-05-19,915.0,935.0,890.0,924.0,37282,924.0,2026-09-03T19:35:00.940942+00:00
2024-05-20,905.6,958.6,905.6,943.0,40098,943.0,2026-09-03T19:35:00.940942+00:00
2024-05-21,924.2,982.0,924.2,974.0,31577,974.0,2026-09-03T19:35:00.940942+00:00
2024-05-22,954.6,989.9,954.6,957.6,27391,957.6,2026-09-03T19:35:00.940942+00:00
2024-05-26,957.0,970.9,939.0,950.0,50320,950.0,2026-09-03T19:35:00.940942+00:00
2024-05-27,945.0,1009.0,945.0,995.0,35317,995.0,2026-09-03T19:35:00.940942+00:00
2024-05-29,977.1,1000.0,963.1,963.2,20233,963.2,2026-09-03T19:35:00.940942+00:00
2024-05-30,950.0,981.0,945.2,950.0,19661,950.0,2026-09-03T19:35:00.940942+00:00
2024-06-02,950.0,950.0,932.1,942.9,20884,942.9,2026-09-03T19:35:00.940942+00:00
2024-06-03,940.0,980.0,933.1,948.0,26494,948.0,2026-09-03T19:35:00.940942+00:00
2024-06-04,945.0,1004.0,945.0,996.0,36174,996.0,2026-09-03T19:35:00.940942+00:00
2024-06-05,1010.0,1040.0,995.0,1028.0,36061,1028.0,2026-09-03T19:35:00.940942+00:00
2024-06-06,1030.0,1035.0,995.1,1001.0,27215,1001.0,2026-09-03T19:35:00.940942+00:00
2024-06-09,1021.0,1021.0,981.0,990.2,22459,990.2,2026-09-03T19:35:00.940942+00:00
2024-06-10,972.0,1007.0,972.0,997.0,9366,997.0,2026-09-03T19:35:00.940942+00:00
2024-06-11,998.1,1025.0,981.3,1025.0,23174,1025.0,2026-09-03T19:35:00.940942+00:00
2024-06-12,1039.0,1045.0,1027.0,1031.1,21817,1031.1,2026-09-03T19:35:00.940942+00:00
2024-06-13,1032.0,1039.9,1009.0,1010.5,11248,1010.5,2026-09-03T19:35:00.940942+00:00
2024-06-16,1010.0,1010.0,980.0,984.0,13892,984.0,2026-09-03T19:35:00.940942+00:00
2024-06-18,970.0,998.0,970.0,978.0,6160,978.0,2026-09-03T19:35:00.940942+00:00
2024-06-19,997.5,997.5,975.2,982.0,7366,982.0,2026-09-03T19:35:00.940942+00:00
2024-06-20,982.0,990.0,966.2,966.4,10212,966.4,2026-09-03T19:35:00.940942+00:00
2024-06-23,960.0,975.0,951.0,953.0,5506,953.0,2026-09-03T19:35:00.940942+00:00
2024-06-24,948.0,1000.0,948.0,973.8,10216,973.8,2026-09-03T19:35:00.940942+00:00
2024-06-25,980.0,998.0,972.2,985.0,11935,985.0,2026-09-03T19:35:00.940942+00:00
2024-06-26,999.0,1001.0,981.0,983.0,9472,983.0,2026-09-03T19:35:00.940942+00:00
2024-06-27,1002.6,1002.6,966.0,967.2,2510,967.2,2026-09-03T19:35:00.940942+00:00
2024-06-30,956.0,986.5,956.0,973.9,3792,973.9,2026-09-03T19:35:00.940942+00:00
2024-07-01,957.0,987.9,957.0,987.9,6866,987.9,2026-09-03T19:35:00.940942+00:00
2024-07-02,1007.6,1047.0,988.2,998.0,6302,998.0,2026-09-03T19:35:00.940942+00:00
2024-07-03,978.1,988.0,978.1,984.0,5256,984.0,2026-09-03T19:35:00.940942+00:00
2024-07-04,985.0,1000.0,974.2,975.0,8792,975.0,2026-09-03T19:35:00.940942+00:00
2024-07-07,990.0,1007.7,964.1,1000.0,10266,1000.0,2026-09-03T19:35:00.940942+00:00
2024-07-08,1010.0,1016.0,1002.1,1014.8,14251,1014.8,2026-09-03T19:35:00.940942+00:00
2024-07-09,1030.0,1097.0,1020.0,1070.0,22930,1070.0,2026-09-03T19:35:00.940942+00:00
2024-07-10,1089.9,1120.0,1049.0,1065.0,13161,1065.0,2026-09-03T19:35:00.940942+00:00
2024-07-11,1045.0,1100.0,1045.0,1057.0,12628,1057.0,2026-09-03T19:35:00.940942+00:00
2024-07-14,1078.1,1121.0,1055.0,1069.0,13920,1069.0,2026-09-03T19:35:00.940942+00:00
2024-07-15,1090.3,1090.3,1025.0,1026.0,18167,1026.0,2026-09-03T19:35:00.940942+00:00
2024-07-16,1040.0,1070.0,1032.0,1065.0,10683,1065.0,2026-09-03T19:35:00.940942+00:00
2024-07-17,1065.0,1097.9,1050.0,1066.0,27671,1066.0,2026-09-03T19:35:00.940942+00:00
2024-07-18,1087.3,1110.0,1075.0,1080.0,21021,1080.0,2026-09-03T19:35:00.940942+00:00
2024-07-21,1068.1,1102.0,1054.0,1099.0,19092,1099.0,2026-09-03T19:35:00.940942+00:00
2024-07-22,1100.0,1122.0,1084.0,1111.0,23216,1111.0,2026-09-03T19:35:00.940942+00:00
2024-07-23,1111.0,1126.0,1110.0,1116.0,28142,1116.0,2026-09-03T19:35:00.940942+00:00
2024-07-24,1111.2,1118.0,1073.1,1084.0,15238,1084.0,2026-09-03T19:35:00.940942+00:00
2024-07-25,1085.0,1143.0,1081.0,1134.0,25298,1134.0,2026-09-03T19:35:00.940942+00:00
2024-07-28,1156.6,1175.0,1081.0,1101.0,24032,1101.0,2026-09-03T19:35:00.940942+00:00
2024-07-29,1123.0,1123.0,1066.0,1066.0,20079,1066.0,2026-09-03T19:35:00.940942+00:00
2024-07-30,1070.0,1113.0,1060.0,1082.0,23125,1082.0,2026-09-03T19:35:00.940942+00:00
2024-07-31,1084.0,1119.9,1080.0,1085.0,21731,1085.0,2026-09-03T19:35:00.940942+00:00
2024-08-01,1090.0,1106.7,1072.4,1077.0,16215,1077.0,2026-09-03T19:35:00.940942+00:00
2024-08-05,1061.0,1142.4,1060.1,1075.0,13401,1075.0,2026-09-03T19:35:00.940942+00:00
2024-08-06,1060.5,1080.0,1050.0,1053.0,12223,1053.0,2026-09-03T19:35:00.940942+00:00
2024-08-07,1050.0,1070.0,1040.0,1060.0,16879,1060.0,2026-09-03T19:35:00.940942+00:00
2024-08-08,1060.0,1104.0,1060.0,1067.0,16329,1067.0,2026-09-03T19:35:00.940942+00:00
2024-08-11,1088.0,1127.1,1088.0,1110.0,27523,1110.0,2026-09-03T19:35:00.940942+00:00
2024-08-12,1132.2,1177.0,1100.0,1121.0,18045,1121.0,2026-09-03T19:35:00.940942+00:00
2024-08-13,1135.0,1143.4,1111.0,1120.0,24773,1120.0,2026-09-03T19:35:00.940942+00:00
2024-08-14,1103.0,1140.0,1095.0,1124.0,19286,1124.0,2026-09-03T19:35:00.940942+00:00
2024-08-15,1140.0,1146.0,1100.0,1102.4,20841,1102.4,2026-09-03T19:35:00.940942+00:00
2024-08-18,1105.0,1123.9,1099.0,1101.0,15458,1101.0,2026-09-03T19:35:00.940942+00:00
2024-08-21,1100.0,1113.0,1080.2,1088.0,7985,1088.0,2026-09-03T19:35:00.940942+00:00
2024-08-22,1099.0,1125.9,1088.0,1125.9,21372,1125.9,2026-09-03T19:35:00.940942+00:00
2024-08-25,1112.0,1175.0,1095.0,1137.0,28636,1137.0,2026-09-03T19:35:00.940942+00:00
2024-08-27,1159.0,1159.7,1095.0,1103.0,20632,1103.0,2026-09-03T19:35:00.940942+00:00
2024-08-28,1124.0,1129.0,1060.1,1086.0,13132,1086.0,2026-09-03T19:35:00.940942+00:00
2024-08-29,1080.0,1080.0,1057.5,1061.1,10329,1061.1,2026-09-03T19:35:00.940942+00:00
2024-09-01,1045.0,1135.0,1030.0,1038.0,8243,1038.0,2026-09-03T19:35:00.940942+00:00
2024-09-02,1030.0,1080.0,1030.0,1066.0,9287,1066.0,2026-09-03T19:35:00.940942+00:00
2024-09-03,1070.0,1087.3,1051.0,1069.0,5079,1069.0,2026-09-03T19:35:00.940942+00:00
2024-09-04,1070.0,1090.0,1045.2,1046.0,7642,1046.0,2026-09-03T19:35:00.940942+00:00
2024-09-05,1047.0,1088.3,1030.1,1069.9,6047,1069.9,2026-09-03T19:35:00.940942+00:00
2024-09-08,1065.0,1131.0,1065.0,1095.0,26197,1095.0,2026-09-03T19:35:00.940942+00:00
2024-09-09,1114.9,1115.0,1060.0,1071.0,7512,1071.0,2026-09-03T19:35:00.940942+00:00
2024-09-10,1075.0,1092.0,1053.0,1064.0,6920,1064.0,2026-09-03T19:35:00.940942+00:00
2024-09-11,1066.0,1075.0,1045.0,1060.0,8315,1060.0,2026-09-03T19:35:00.940942+00:00
2024-09-12,1040.0,1085.0,1040.0,1085.0,6853,1085.0,2026-09-03T19:35:00.940942+00:00
2024-09-15,1084.0,1102.0,1045.1,1045.1,6646,1045.1,2026-09-03T19:35:00.940942+00:00
2024-09-16,1025.0,1045.0,1015.0,1015.0,4861,1015.0,2026-09-03T19:35:00.940942+00:00
2024-09-18,1005.0,1005.0,988.0,1005.0,7967,1005.0,2026-09-03T19:35:00.940942+00:00
2024-09-22,1025.0,1080.0,1025.0,1039.0,12608,1039.0,2026-09-03T19:35:00.940942+00:00
2024-09-23,1039.0,1045.0,1015.0,1020.0,8695,1020.0,2026-09-03T19:35:00.940942+00:00
2024-09-24,1025.0,1025.0,1000.0,1000.0,4104,1000.0,2026-09-03T19:35:00.940942+00:00
2024-09-25,994.0,1035.0,994.0,1020.0,3278,1020.0,2026-09-03T19:35:00.940942+00:00
2024-09-26,1020.0,1029.0,990.0,1000.0,4996,1000.0,2026-09-03T19:35:00.940942+00:00
2024-09-29,993.0,1009.0,974.0,977.0,4374,977.0,2026-09-03T19:35:00.940942+00:00
2024-09-30,977.0,1011.0,970.0,1008.0,3087,1008.0,2026-09-03T19:35:00.940942+00:00
2024-10-01,1000.2,1036.0,1000.2,1031.2,6452,1031.2,2026-09-03T19:35:00.940942+00:00
2024-10-02,1051.8,1051.8,993.0,993.0,4928,993.0,2026-09-03T19:35:00.940942+00:00
2024-10-06,984.0,1030.0,984.0,1030.0,4464,1030.0,2026-09-03T19:35:00.940942+00:00
2024-10-07,1030.0,1065.0,1030.0,1055.0,5469,1055.0,2026-09-03T19:35:00.940942+00:00
2024-10-08,1076.0,1076.0,1050.4,1055.0,3239,1055.0,2026-09-03T19:35:00.940942+00:00
2024-10-09,1036.0,1056.7,1036.0,1048.3,2718,1048.3,2026-09-03T19:35:00.940942+00:00
2024-10-15,1046.0,1081.2,1045.0,1070.0,1863,1070.0,2026-09-03T19:35:00.940942+00:00
2024-10-16,1049.0,1080.0,1049.0,1073.0,1902,1073.0,2026-09-03T19:35:00.940942+00:00
2024-10-17,1084.0,1085.0,1066.0,1072.2,2511,1072.2,2026-09-03T19:35:00.940942+00:00
2024-10-20,1093.6,1093.6,1044.0,1058.0,7251,1058.0,2026-09-03T19:35:00.940942+00:00
2024-10-21,1041.0,1060.0,1037.1,1040.0,3480,1040.0,2026-09-03T19:35:00.940942+00:00
2024-10-22,1027.1,1053.0,1027.1,1044.0,3799,1044.0,2026-09-03T19:35:00.940942+00:00
2024-10-23,1026.0,1087.0,1026.0,1040.0,2202,1040.0,2026-09-03T19:35:00.940942+00:00
2024-10-24,1027.0,1060.8,1027.0,1050.0,4144,1050.0,2026-09-03T19:35:00.940942+00:00
2024-10-27,1071.0,1071.0,1031.6,1040.3,2524,1040.3,2026-09-03T19:35:00.940942+00:00
2024-10-28,1030.0,1052.0,1030.0,1044.8,3660,1044.8,2026-09-03T19:35:00.940942+00:00
2024-10-29,1046.0,1082.0,1046.0,1082.0,7886,1082.0,2026-09-03T19:35:00.940942+00:00
2024-10-30,1085.0,1097.0,1067.0,1077.0,10841,1077.0,2026-09-03T19:35:00.940942+00:00
2024-11-05,1077.0,1080.0,1056.3,1058.0,6126,1058.0,2026-09-03T19:35:00.940942+00:00
2024-11-06,1075.0,1091.0,1058.0,1069.0,48375,1069.0,2026-09-03T19:35:00.940942+00:00
2024-11-10,954.3,979.9,929.7,945.0,15438,945.0,2026-09-03T19:35:00.940942+00:00
2024-11-11,955.0,973.5,928.0,966.5,19368,966.5,2026-09-03T19:35:00.940942+00:00
2024-11-12,985.0,985.0,952.0,963.0,3458,963.0,2026-09-03T19:35:00.940942+00:00
2024-11-13,962.0,979.9,946.3,946.6,1644,946.6,2026-09-03T19:35:00.940942+00:00
2024-11-14,960.0,960.0,941.0,946.0,3531,946.0,2026-09-03T19:35:00.940942+00:00
2024-11-17,944.0,946.0,925.0,925.0,15986,925.0,2026-09-03T19:35:00.940942+00:00
2024-11-19,925.0,926.0,890.0,894.0,10929,894.0,2026-09-03T19:35:00.940942+00:00
2024-11-20,905.0,911.8,860.5,882.0,11286,882.0,2026-09-03T19:35:00.940942+00:00
2024-11-21,894.0,894.0,860.0,864.6,16395,864.6,2026-09-03T19:35:00.940942+00:00
2024-11-24,864.0,871.0,856.0,859.0,6684,859.0,2026-09-03T19:35:00.940942+00:00
2024-11-25,855.5,877.0,850.6,875.0,3282,875.0,2026-09-03T19:35:00.940942+00:00
2024-11-26,890.0,902.0,885.0,892.0,5783,892.0,2026-09-03T19:35:00.940942+00:00
2024-11-27,878.0,909.8,878.0,900.0,3324,900.0,2026-09-03T19:35:00.940942+00:00
2024-11-28,917.0,917.0,885.1,888.0,4074,888.0,2026-09-03T19:35:00.940942+00:00
2024-12-01,875.0,890.0,860.0,870.0,3058,870.0,2026-09-03T19:35:00.940942+00:00
2024-12-02,869.0,887.4,864.0,870.0,4192,870.0,2026-09-03T19:35:00.940942+00:00
2024-12-03,863.0,885.9,858.0,870.0,3197,870.0,2026-09-03T19:35:00.940942+00:00
2024-12-04,854.0,880.0,854.0,874.9,3174,874.9,2026-09-03T19:35:00.940942+00:00
2024-12-05,861.0,876.0,855.0,867.0,5031,867.0,2026-09-03T19:35:00.940942+00:00
2024-12-08,850.0,867.0,850.0,851.0,4627,851.0,2026-09-03T19:35:00.940942+00:00
2024-12-09,850.0,862.0,845.0,850.0,2677,850.0,2026-09-03T19:35:00.940942+00:00
2024-12-10,850.0,854.9,835.0,850.0,3996,850.0,2026-09-03T19:35:00.940942+00:00
2024-12-11,834.3,852.0,834.3,852.0,6425,852.0,2026-09-03T19:35:00.940942+00:00
2024-12-12,852.0,867.9,835.0,842.0,3029,842.0,2026-09-03T19:35:00.940942+00:00
2024-12-16,827.0,842.0,827.0,830.0,5279,830.0,2026-09-03T19:35:00.940942+00:00
2024-12-17,826.0,826.0,814.3,818.0,3732,818.0,2026-09-03T19:35:00.940942+00:00
2024-12-18,818.0,825.0,802.5,805.0,4398,805.0,2026-09-03T19:35:00.940942+00:00
2024-12-19,800.0,810.0,800.0,800.0,1451,800.0,2026-09-03T19:35:00.940942+00:00
2024-12-22,805.0,805.0,795.0,801.0,1031,801.0,2026-09-03T19:35:00.940942+00:00
2024-12-23,801.2,809.0,796.0,802.9,1430,802.9,2026-09-03T19:35:00.940942+00:00
2024-12-24,810.0,820.0,803.0,811.0,2871,811.0,2026-09-03T19:35:00.940942+00:00
2024-12-26,804.1,812.0,800.0,811.0,3836,811.0,2026-09-03T19:35:00.940942+00:00
2024-12-29,800.0,849.9,790.0,816.5,6668,816.5,2026-09-03T19:35:00.940942+00:00
2024-12-31,801.0,805.0,789.0,803.0,4829,803.0,2026-09-03T19:35:00.940942+00:00
2025-01-01,803.0,817.5,803.0,804.0,2274,804.0,2026-09-03T19:35:00.940942+00:00
2025-01-02,791.0,810.0,785.0,791.3,5036,791.3,2026-09-03T19:35:00.940942+00:00
2025-01-05,800.0,800.0,787.0,790.0,2420,790.0,2026-09-03T19:35:00.940942+00:00
2025-01-06,785.2,805.0,785.0,790.0,7629,790.0,2026-09-03T19:35:00.940942+00:00
2025-01-07,781.1,805.0,781.1,793.0,2295,793.0,2026-09-03T19:35:00.940942+00:00
2025-01-08,808.8,822.0,800.0,810.0,6122,810.0,2026-09-03T19:35:00.940942+00:00
2025-01-09,823.0,823.0,801.0,802.3,4683,802.3,2026-09-03T19:35:00.940942+00:00
2025-01-12,791.0,810.0,791.0,808.0,2950,808.0,2026-09-03T19:35:00.940942+00:00
2025-01-13,795.0,824.0,795.0,804.0,3701,804.0,2026-09-03T19:35:00.940942+00:00
2025-01-15,809.0,810.0,794.4,802.9,2009,802.9,2026-09-03T19:35:00.940942+00:00
2025-01-16,791.0,800.0,791.0,793.0,3555,793.0,2026-09-03T19:35:00.940942+00:00
2025-01-19,793.0,858.0,785.0,797.7,3365,797.7,2026-09-03T19:35:00.940942+00:00
2025-01-20,811.0,840.0,806.1,818.2,5522,818.2,2026-09-03T19:35:00.940942+00:00
2025-01-21,818.0,834.0,810.2,832.0,4565,832.0,2026-09-03T19:35:00.940942+00:00
2025-01-22,816.0,859.0,816.0,840.0,7489,840.0,2026-09-03T19:35:00.940942+00:00
2025-01-23,831.0,870.0,823.2,844.9,6372,844.9,2026-09-03T19:35:00.940942+00:00
2025-01-26,850.0,891.9,835.0,879.0,22841,879.0,2026-09-03T19:35:00.940942+00:00
2025-01-27,862.0,940.0,862.0,940.0,41942,940.0,2026-09-03T19:35:00.940942+00:00
2025-01-28,928.0,951.8,927.0,936.0,20158,936.0,2026-09-03T19:35:00.940942+00:00
2025-02-02,917.6,985.0,917.6,975.0,39363,975.0,2026-09-03T19:35:00.940942+00:00
2025-02-03,990.0,990.0,935.0,949.0,22879,949.0,2026-09-03T19:35:00.940942+00:00
2025-02-04,967.0,967.0,920.0,920.0,12819,920.0,2026-09-03T19:35:00.940942+00:00
2025-02-05,920.0,927.0,909.0,918.9,19543,918.9,2026-09-03T19:35:00.940942+00:00
2025-02-06,930.0,930.0,891.8,892.0,14310,892.0,2026-09-03T19:35:00.940942+00:00
2025-02-09,882.1,941.0,882.1,913.8,10531,913.8,2026-09-03T19:35:00.940942+00:00
2025-02-10,900.0,945.0,890.1,901.0,3795,901.0,2026-09-03T19:35:00.940942+00:00
2025-02-11,900.0,917.0,885.0,885.0,3759,885.0,2026-09-03T19:35:00.940942+00:00
2025-02-12,902.0,936.0,882.1,886.2,5488,886.2,2026-09-03T19:35:00.940942+00:00
2025-02-13,882.0,921.0,882.0,891.3,4436,891.3,2026-09-03T19:35:00.940942+00:00
2025-02-16,877.0,942.4,877.0,915.0,7418,915.0,2026-09-03T19:35:00.940942+00:00
2025-02-17,920.0,947.0,920.0,937.0,27372,937.0,2026-09-03T19:35:00.940942+00:00
2025-02-18,955.0,955.0,906.2,929.0,11966,929.0,2026-09-03T19:35:00.940942+00:00
2025-02-20,936.0,945.0,906.0,919.0,4287,919.0,2026-09-03T19:35:00.940942+00:00
2025-02-23,900.7,935.0,900.0,916.0,24567,916.0,2026-09-03T19:35:00.940942+00:00
2025-02-24,910.0,924.0,910.0,911.6,10666,911.6,2026-09-03T19:35:00.940942+00:00
2025-02-25,900.0,928.5,900.0,911.1,16673,911.1,2026-09-03T19:35:00.940942+00:00
2025-02-27,916.0,930.0,911.0,914.0,9723,914.0,2026-09-03T19:35:00.940942+00:00
2025-03-02,911.0,927.9,911.0,918.1,12709,918.1,2026-09-03T19:35:00.940942+00:00
2025-03-03,913.0,934.0,909.9,909.9,19816,909.9,2026-09-03T19:35:00.940942+00:00
2025-03-04,900.0,938.4,900.0,904.1,6904,904.1,2026-09-03T19:35:00.940942+00:00
2025-03-05,895.0,908.5,895.0,902.0,5157,902.0,2026-09-03T19:35:00.940942+00:00
2025-03-06,892.0,910.0,891.1,902.0,4182,902.0,2026-09-03T19:35:00.940942+00:00
2025-03-09,890.0,907.0,882.1,882.1,5269,882.1,2026-09-03T19:35:00.940942+00:00
2025-03-10,883.0,899.0,876.0,890.0,3943,890.0,2026-09-03T19:35:00.940942+00:00
2025-03-11,872.2,888.0,865.4,865.4,3310,865.4,2026-09-03T19:35:00.940942+00:00
2025-03-12,875.0,875.0,858.0,858.0,2778,858.0,2026-09-03T19:35:00.940942+00:00
2025-03-16,870.0,887.4,840.0,850.0,3306,850.0,2026-09-03T19:35:00.940942+00:00
2025-03-17,866.0,878.0,849.1,853.0,7406,853.0,2026-09-03T19:35:00.940942+00:00
2025-03-18,868.0,884.0,849.9,858.0,5388,858.0,2026-09-03T19:35:00.940942+00:00
2025-03-19,841.1,855.0,841.1,850.0,1089,850.0,2026-09-03T19:35:00.940942+00:00
2025-03-20,866.0,866.0,824.0,854.49,2114,854.49,2026-09-03T19:35:00.940942+00:00
2025-03-23,869.0,869.0,825.0,838.62,4541,838.62,2026-09-03T19:35:00.940942+00:00
2025-03-24,822.1,845.0,822.1,836.41,2100,836.41,2026-09-03T19:35:00.940942+00:00
2025-03-25,822.0,830.0,815.0,816.51,2215,816.51,2026-09-03T19:35:00.940942+00:00
2025-03-26,816.0,843.0,781.0,835.65,8276,835.65,2026-09-03T19:35:00.940942+00:00
2025-03-27,840.0,857.8,809.0,850.54,2644,850.54,2026-09-03T19:35:00.940942+00:00
2025-03-30,865.0,872.0,834.0,853.62,3424,853.62,2026-09-03T19:35:00.940942+00:00
2025-04-01,841.0,842.0,828.5,833.43,2171,833.43,2026-09-03T19:35:00.940942+00:00
2025-04-02,821.0,871.1,821.0,825.4,7208,825.4,2026-09-03T19:35:00.940942+00:00
2025-04-03,811.1,850.0,811.1,829.75,5171,829.75,2026-09-03T19:35:00.940942+00:00
2025-04-07,814.0,846.3,813.5,817.29,3146,817.29,2026-09-03T19:35:00.940942+00:00
2025-04-08,812.0,819.0,803.1,814.27,3176,814.27,2026-09-03T19:35:00.940942+00:00
2025-04-09,830.0,830.0,805.0,820.0,1020,820.0,2026-09-03T19:35:00.940942+00:00
2025-04-10,806.1,823.0,806.1,819.78,1543,819.78,2026-09-03T19:35:00.940942+00:00
2025-04-13,820.0,836.0,807.0,811.05,2178,811.05,2026-09-03T19:35:00.940942+00:00
2025-04-15,801.0,860.4,801.0,839.44,2560,839.44,2026-09-03T19:35:00.940942+00:00
2025-04-16,823.0,838.0,823.0,830.95,938,830.95,2026-09-03T19:35:00.940942+00:00
2025-04-17,829.0,848.0,816.0,841.35,3546,841.35,2026-09-03T19:35:00.940942+00:00
2025-04-20,826.0,834.9,805.0,832.7,6825,832.7,2026-09-03T19:35:00.940942+00:00
2025-04-21,817.0,840.0,808.0,821.41,5453,821.41,2026-09-03T19:35:00.940942+00:00
2025-04-22,810.0,837.0,810.0,822.93,3519,822.93,2026-09-03T19:35:00.940942+00:00
2025-04-23,822.0,822.0,810.0,810.66,9468,810.66,2026-09-03T19:35:00.940942+00:00
2025-04-24,808.0,815.0,804.1,808.35,2468,808.35,2026-09-03T19:35:00.940942+00:00
2025-04-27,824.0,824.0,790.0,806.95,3341,806.95,2026-09-03T19:35:00.940942+00:00
2025-04-28,806.95,819.6,793.0,795.43,7554,795.43,2026-09-03T19:35:00.940942+00:00
2025-04-29,786.0,801.0,786.0,791.52,2232,791.52,2026-09-03T19:35:00.940942+00:00
2025-04-30,780.0,803.0,777.0,788.38,3730,788.38,2026-09-03T19:35:00.940942+00:00
2025-05-04,800.0,862.9,771.0,821.29,4019,821.29,2026-09-03T19:35:00.940942+00:00
2025-05-05,804.9,829.0,790.0,820.7,5335,820.7,2026-09-03T19:35:00.940942+00:00
2025-05-06,835.0,835.0,790.0,804.3,3095,804.3,2026-09-03T19:35:00.940942+00:00
2025-05-07,805.0,830.0,792.0,827.83,4034,827.83,2026-09-03T19:35:00.940942+00:00
2025-05-08,811.3,843.0,811.3,818.51,1728,818.51,2026-09-03T19:35:00.940942+00:00
2025-05-11,818.51,818.51,805.0,806.25,3717,806.25,2026-09-03T19:35:00.940942+00:00
2025-05-13,800.0,815.0,796.0,800.06,3938,800.06,2026-09-03T19:35:00.940942+00:00
2025-05-14,790.0,800.0,790.0,791.16,3073,791.16,2026-09-03T19:35:00.940942+00:00
2025-05-15,800.0,806.9,784.0,787.42,5738,787.42,2026-09-03T19:35:00.940942+00:00
2025-05-18,803.1,810.0,790.0,803.2,2324,803.2,2026-09-03T19:35:00.940942+00:00
2025-05-19,801.1,809.0,793.9,800.57,4249,800.57,2026-09-03T19:35:00.940942+00:00
2025-05-20,787.0,816.0,787.0,812.41,1592,812.41,2026-09-03T19:35:00.940942+00:00
2025-05-21,828.0,843.0,804.1,812.0,2681,812.0,2026-09-03T19:35:00.940942+00:00
2025-05-22,820.0,835.0,802.0,829.24,8772,829.24,2026-09-03T19:35:00.940942+00:00
2025-05-25,812.7,880.0,812.7,869.4,18875,869.4,2026-09-03T19:35:00.940942+00:00
2025-05-26,886.0,886.0,840.0,842.32,8284,842.32,2026-09-03T19:35:00.940942+00:00
2025-05-27,825.5,855.0,810.0,817.94,9205,817.94,2026-09-03T19:35:00.940942+00:00
2025-05-28,833.0,833.0,805.1,819.64,5173,819.64,2026-09-03T19:35:00.940942+00:00
2025-06-02,826.0,842.0,806.1,814.3,3609,814.3,2026-09-03T19:35:00.940942+00:00
2025-06-03,828.0,830.5,805.0,813.81,2891,813.81,2026-09-03T19:35:00.940942+00:00
2025-06-04,801.1,816.0,800.0,805.02,1762,805.02,2026-09-03T19:35:00.940942+00:00
2025-06-05,800.0,821.0,800.0,805.04,1744,805.04,2026-09-03T19:35:00.940942+00:00
2025-06-08,800.0,810.0,795.0,795.8,4951,795.8,2026-09-03T19:35:00.940942+00:00
2025-06-09,791.0,810.0,791.0,802.45,994,802.45,2026-09-03T19:35:00.940942+00:00
2025-06-10,804.0,819.0,803.0,813.44,2868,813.44,2026-09-03T19:35:00.940942+00:00
2025-06-11,802.0,817.0,802.0,808.18,1922,808.18,2026-09-03T19:35:00.940942+00:00
2025-06-12,795.0,810.0,795.0,797.2,4628,797.2,2026-09-03T19:35:00.940942+00:00
2025-06-15,783.0,805.8,783.0,793.85,3791,793.85,2026-09-03T19:35:00.940942+00:00
2025-06-16,793.0,805.0,793.0,796.0,1933,796.0,2026-09-03T19:35:00.940942+00:00
2025-06-17,792.0,825.0,792.0,807.58,4650,807.58,2026-09-03T19:35:00.940942+00:00
2025-06-18,823.0,823.0,802.0,806.68,1367,806.68,2026-09-03T19:35:00.940942+00:00
2025-06-19,802.2,806.0,793.0,793.56,1925,793.56,2026-09-03T19:35:00.940942+00:00
2025-06-22,800.0,800.0,780.1,789.24,3831,789.24,2026-09-03T19:35:00.940942+00:00
2025-06-23,780.1,800.0,775.1,792.71,7671,792.71,2026-09-03T19:35:00.940942+00:00
2025-06-24,808.0,808.0,796.2,798.23,9936,798.23,2026-09-03T19:35:00.940942+00:00
2025-06-25,812.2,812.2,790.0,792.26,2895,792.26,2026-09-03T19:35:00.940942+00:00
2025-06-26,807.9,807.9,786.1,791.68,4204,791.68,2026-09-03T19:35:00.940942+00:00
2025-06-29,805.9,805.9,780.1,804.55,4395,804.55,2026-09-03T19:35:00.940942+00:00
2025-06-30,804.0,818.9,804.0,814.39,2501,814.39,2026-09-03T19:35:00.940942+00:00
2025-07-01,810.0,842.0,810.0,837.47,19732,837.47,2026-09-03T19:35:00.940942+00:00
2025-07-02,821.0,855.0,821.0,834.74,6163,834.74,2026-09-03T19:35:00.940942+00:00
2025-07-03,821.2,839.9,821.1,835.96,7658,835.96,2026-09-03T19:35:00.940942+00:00
2025-07-06,826.0,840.9,826.0,833.67,5270,833.67,2026-09-03T19:35:00.940942+00:00
2025-07-07,825.0,833.0,815.1,817.19,4919,817.19,2026-09-03T19:35:00.940942+00:00
2025-07-08,801.1,825.0,801.1,820.72,3032,820.72,2026-09-03T19:35:00.940942+00:00
2025-07-09,820.72,840.0,817.4,829.07,3608,829.07,2026-09-03T19:35:00.940942+00:00
2025-07-10,830.0,855.0,830.0,850.2,9715,850.2,2026-09-03T19:35:00.940942+00:00
2025-07-13,867.0,884.3,860.0,874.69,15486,874.69,2026-09-03T19:35:00.940942+00:00
2025-07-14,870.1,870.1,860.0,860.01,9891,860.01,2026-09-03T19:35:00.940942+00:00
2025-07-15,870.0,888.0,855.0,884.76,10893,884.76,2026-09-03T19:35:00.940942+00:00
2025-07-16,892.0,900.0,890.0,895.81,8891,895.81,2026-09-03T19:35:00.940942+00:00
2025-07-17,895.81,925.0,895.0,912.48,14716,912.48,2026-09-03T19:35:00.940942+00:00
2025-07-20,913.0,930.7,900.0,903.49,14082,903.49,2026-09-03T19:35:00.940942+00:00
2025-07-21,900.0,920.0,886.1,908.5,15050,908.5,2026-09-03T19:35:00.940942+00:00
2025-07-22,906.1,954.9,906.1,945.35,21291,945.35,2026-09-03T19:35:00.940942+00:00
2025-07-23,946.0,950.0,922.1,931.51,15115,931.51,2026-09-03T19:35:00.940942+00:00
2025-07-24,920.0,950.0,920.0,930.05,13099,930.05,2026-09-03T19:35:00.940942+00:00
2025-07-27,937.0,960.0,930.0,934.68,20830,934.68,2026-09-03T19:35:00.940942+00:00
2025-07-28,933.7,982.0,921.5,972.85,24317,972.85,2026-09-03T19:35:00.940942+00:00
2025-07-29,990.0,1030.0,990.0,1008.64,38992,1008.64,2026-09-03T19:35:00.940942+00:00
2025-07-30,1008.0,1009.0,955.5,958.2,30082,958.2,2026-09-03T19:35:00.940942+00:00
2025-07-31,965.0,983.9,950.0,960.78,34159,960.78,2026-09-03T19:35:00.940942+00:00
2025-08-03,960.0,970.0,921.0,925.8,13396,925.8,2026-09-03T19:35:00.940942+00:00
2025-08-04,944.3,984.0,944.0,958.55,46397,958.55,2026-09-03T19:35:00.940942+00:00
2025-08-05,970.0,1000.0,965.0,981.1,38307,981.1,2026-09-03T19:35:00.940942+00:00
2025-08-06,986.0,1026.0,985.0,1012.46,44715,1012.46,2026-09-03T19:35:00.940942+00:00
2025-08-07,1025.0,1028.0,1000.0,1022.0,51064,1022.0,2026-09-03T19:35:00.940942+00:00
2025-08-11,1023.1,1026.0,997.2,1014.23,54878,1014.23,2026-09-03T19:35:00.940942+00:00
2025-08-12,1001.0,1015.0,996.1,1004.74,36053,1004.74,2026-09-03T19:35:00.940942+00:00
2025-08-13,985.0,1009.9,985.0,988.83,17507,988.83,2026-09-03T19:35:00.940942+00:00
2025-08-14,980.0,1002.0,975.0,998.73,20675,998.73,2026-09-03T19:35:00.940942+00:00
2025-08-17,998.0,1009.0,990.0,990.89,12514,990.89,2026-09-03T19:35:00.940942+00:00
2025-08-18,972.4,995.0,972.4,988.35,10389,988.35,2026-09-03T19:35:00.940942+00:00
2025-08-19,983.2,1009.8,983.2,993.43,12415,993.43,2026-09-03T19:35:00.940942+00:00
2025-08-20,977.1,994.7,977.1,984.55,5703,984.55,2026-09-03T19:35:00.940942+00:00
2025-08-21,980.6,985.0,970.0,983.18,18501,983.18,2026-09-03T19:35:00.940942+00:00
2025-08-24,966.3,985.9,966.3,981.58,12971,981.58,2026-09-03T19:35:00.940942+00:00
2025-08-25,1001.2,1020.0,990.0,992.27,22404,992.27,2026-09-03T19:35:00.940942+00:00
2025-08-26,992.0,999.0,987.1,988.79,7644,988.79,2026-09-03T19:35:00.940942+00:00
2025-08-27,978.1,1007.7,978.1,1006.03,14062,1006.03,2026-09-03T19:35:00.940942+00:00
2025-08-28,1000.0,1025.0,992.0,1019.17,42597,1019.17,2026-09-03T19:35:00.940942+00:00
2025-08-31,998.8,1065.0,998.8,1061.56,91392,1061.56,2026-09-03T19:35:00.940942+00:00
2025-09-01,1040.4,1077.0,1040.4,1063.29,37114,1063.29,2026-09-03T19:35:00.940942+00:00
2025-09-02,1042.1,1080.0,1042.1,1052.3,32858,1052.3,2026-09-03T19:35:00.940942+00:00
2025-09-03,1031.3,1060.9,1031.3,1057.72,56708,1057.72,2026-09-03T19:35:00.940942+00:00
2025-09-04,1036.6,1078.0,1036.6,1044.03,21217,1044.03,2026-09-03T19:35:00.940942+00:00
2025-09-07,1023.2,1045.0,1023.2,1034.49,18657,1034.49,2026-09-03T19:35:00.940942+00:00
2025-09-08,1013.9,1053.6,1013.9,1046.39,28748,1046.39,2026-09-03T19:35:00.940942+00:00
2025-09-21,1025.5,1040.0,951.6,1034.61,22277,1034.61,2026-09-03T19:35:00.940942+00:00
2025-09-23,1020.0,1055.0,1017.1,1048.0,8735,1048.0,2026-09-03T19:35:00.940942+00:00
2025-09-24,1030.0,1066.0,1030.0,1052.5,22450,1052.5,2026-09-03T19:35:00.940942+00:00
2025-09-25,1031.5,1051.0,1031.5,1036.0,7497,1036.0,2026-09-03T19:35:00.940942+00:00
2025-09-28,1034.0,1048.0,1025.3,1032.3,2362,1032.3,2026-09-03T19:35:00.940942+00:00
2025-10-07,1044.0,1044.0,998.0,1038.0,11705,1038.0,2026-09-03T19:35:00.940942+00:00
2025-10-08,1017.3,1078.0,980.0,1000.0,13754,1000.0,2026-09-03T19:35:00.940942+00:00
2025-10-09,1020.0,1040.4,1000.0,1020.0,17907,1020.0,2026-09-03T19:35:00.940942+00:00
2025-10-12,999.6,1080.0,938.0,985.0,20010,985.0,2026-09-03T19:35:00.940942+00:00
2025-10-13,966.0,1000.0,950.0,989.0,21565,989.0,2026-09-03T19:35:00.940942+00:00
2025-10-14,969.3,1025.0,930.8,949.4,6311,949.4,2026-09-03T19:35:00.940942+00:00
2025-10-15,930.5,962.0,930.5,955.0,19065,955.0,2026-09-03T19:35:00.940942+00:00
2025-10-16,935.9,970.0,935.9,956.0,16259,956.0,2026-09-03T19:35:00.940942+00:00
2025-10-19,937.0,966.0,937.0,939.3,1568,939.3,2026-09-03T19:35:00.940942+00:00
2025-10-26,930.0,961.0,930.0,961.0,4889,961.0,2026-09-03T19:35:00.940942+00:00
2025-10-28,960.0,990.0,945.5,989.0,15392,989.0,2026-09-03T19:35:00.940942+00:00
2025-10-29,969.3,1065.0,969.3,1065.0,38345,1065.0,2026-09-03T19:35:00.940942+00:00
2025-10-30,1043.7,1043.7,984.6,1014.0,10063,1014.0,2026-09-03T19:35:00.940942+00:00
2025-11-02,993.8,1015.9,985.3,985.3,19690,985.3,2026-09-03T19:35:00.940942+00:00
2025-11-03,965.6,1001.7,960.0,970.0,8476,970.0,2026-09-03T19:35:00.940942+00:00
2025-11-04,970.0,980.0,943.0,971.0,19680,971.0,2026-09-03T19:35:00.940942+00:00
2025-11-05,951.6,1027.0,951.6,982.0,16477,982.0,2026-09-03T19:35:00.940942+00:00
2025-11-06,962.4,980.7,961.0,962.0,5255,962.0,2026-09-03T19:35:00.940942+00:00
2025-11-09,979.0,979.0,962.0,974.0,10425,974.0,2026-09-03T19:35:00.940942+00:00
2025-11-10,974.0,980.9,963.0,976.0,10955,976.0,2026-09-03T19:35:00.940942+00:00
2025-11-11,956.5,995.0,956.5,984.9,10439,984.9,2026-09-03T19:35:00.940942+00:00
2025-11-12,965.3,990.0,965.3,986.0,9419,986.0,2026-09-03T19:35:00.940942+00:00
2025-11-13,966.3,993.0,966.3,993.0,11284,993.0,2026-09-03T19:35:00.940942+00:00
2025-11-16,973.2,985.0,970.0,975.0,12447,975.0,2026-09-03T19:35:00.940942+00:00
2025-11-17,955.5,1020.0,955.5,1012.9,30700,1012.9,2026-09-03T19:35:00.940942+00:00
2025-11-18,992.7,1039.0,992.7,1039.0,32770,1039.0,2026-09-03T19:35:00.940942+00:00
2025-11-19,1018.3,1040.0,1018.0,1038.9,33441,1038.9,2026-09-03T19:35:00.940942+00:00
2025-11-20,1018.2,1079.0,1015.0,1054.0,56681,1054.0,2026-09-03T19:35:00.940942+00:00
2025-11-23,1033.0,1074.0,1033.0,1060.0,35124,1060.0,2026-09-03T19:35:00.940942+00:00
2025-11-24,1038.8,1090.0,1038.8,1088.9,53263,1088.9,2026-09-03T19:35:00.940942+00:00
2025-11-25,1067.2,1106.7,1067.2,1099.9,30856,1099.9,2026-09-03T19:35:00.940942+00:00
2025-11-26,1078.0,1180.0,1078.0,1108.0,34642,1108.0,2026-09-03T19:35:00.940942+00:00
2025-11-27,1085.9,1152.0,1085.9,1120.0,42444,1120.0,2026-09-03T19:35:00.940942+00:00
2025-11-30,1097.6,1127.0,1097.0,1108.8,36697,1108.8,2026-09-03T19:35:00.940942+00:00
2025-12-01,1086.7,1160.0,1086.7,1155.1,68080,1155.1,2026-09-03T19:35:00.940942+00:00
2025-12-02,1132.0,1184.0,1132.0,1179.0,48051,1179.0,2026-09-03T19:35:00.940942+00:00
2025-12-03,1160.0,1220.0,1160.0,1220.0,78038,1220.0,2026-09-03T19:35:00.940942+00:00
2025-12-07,1197.0,1237.9,1188.0,1194.0,101416,1194.0,2026-09-03T19:35:00.940942+00:00
2025-12-08,1090.0,1100.0,1021.7,1055.0,32235,1055.0,2026-09-03T19:35:00.940942+00:00
2025-12-09,1033.9,1075.0,1014.0,1050.0,21708,1050.0,2026-09-03T19:35:00.940942+00:00
2025-12-10,1029.0,1070.0,1029.0,1046.0,13129,1046.0,2026-09-03T19:35:00.940942+00:00
2025-12-11,1025.1,1100.0,1025.1,1079.9,40586,1079.9,2026-09-03T19:35:00.940942+00:00
2025-12-14,1058.4,1120.0,1058.4,1111.0,26583,1111.0,2026-09-03T19:35:00.940942+00:00
2025-12-15,1101.0,1142.0,1090.0,1105.0,41198,1105.0,2026-09-03T19:35:00.940942+00:00
2025-12-16,1082.9,1120.0,1079.0,1095.0,20486,1095.0,2026-09-03T19:35:00.940942+00:00
2025-12-17,1073.1,1097.0,1073.1,1096.6,19527,1096.6,2026-09-03T19:35:00.940942+00:00
2025-12-18,1085.0,1122.0,1085.0,1109.0,36232,1109.0,2026-09-03T19:35:00.940942+00:00
2025-12-21,1086.9,1125.0,1086.9,1111.0,20743,1111.0,2026-09-03T19:35:00.940942+00:00
2025-12-22,1088.8,1115.0,1088.8,1115.0,20438,1115.0,2026-09-03T19:35:00.940942+00:00
2025-12-23,1092.7,1134.0,1092.7,1134.0,18531,1134.0,2026-09-03T19:35:00.940942+00:00
2025-12-24,1115.0,1178.1,1115.0,1176.0,51536,1176.0,2026-09-03T19:35:00.940942+00:00
2025-12-28,1152.5,1210.0,1152.5,1183.0,29013,1183.0,2026-09-03T19:35:00.940942+00:00
2025-12-29,1159.4,1185.0,1159.4,1179.0,14481,1179.0,2026-09-03T19:35:00.940942+00:00
2025-12-31,1160.0,1198.0,1160.0,1186.0,38414,1186.0,2026-09-03T19:35:00.940942+00:00
2026-01-01,1162.3,1199.9,1162.3,1199.9,30682,1199.9,2026-09-03T19:35:00.940942+00:00
2026-01-04,1176.0,1224.0,1176.0,1222.0,27692,1222.0,2026-09-03T19:35:00.940942+00:00
2026-01-05,1197.6,1231.9,1197.6,1224.0,21836,1224.0,2026-09-03T19:35:00.940942+00:00
2026-01-06,1199.6,1242.0,1199.6,1220.0,14427,1220.0,2026-09-03T19:35:00.940942+00:00
2026-01-07,1200.0,1222.0,1200.0,1205.0,27373,1205.0,2026-09-03T19:35:00.940942+00:00
2026-01-08,1180.9,1206.0,1180.9,1196.1,11834,1196.1,2026-09-03T19:35:00.940942+00:00
2026-01-12,1172.2,1198.9,1172.2,1184.1,33387,1184.1,2026-09-03T19:35:00.940942+00:00
2026-01-13,1160.5,1203.4,1160.5,1182.0,11706,1182.0,2026-09-03T19:35:00.940942+00:00
2026-01-14,1158.4,1190.0,1153.0,1165.0,16486,1165.0,2026-09-03T19:35:00.940942+00:00
2026-01-18,1164.5,1189.0,1160.0,1168.0,20631,1168.0,2026-09-03T19:35:00.940942+00:00
2026-01-20,1188.9,1188.9,1160.0,1173.1,11743,1173.1,2026-09-03T19:35:00.940942+00:00
2026-01-21,1149.7,1184.3,1149.7,1178.0,25750,1178.0,2026-09-03T19:35:00.940942+00:00
2026-01-22,1165.0,1209.4,1165.0,1207.9,33812,1207.9,2026-09-03T19:35:00.940942+00:00
2026-01-25,1185.0,1250.0,1185.0,1210.0,20272,1210.0,2026-09-03T19:35:00.940942+00:00
2026-01-26,1210.5,1212.0,1185.0,1209.0,31527,1209.0,2026-09-03T19:35:00.940942+00:00
2026-01-27,1195.0,1209.0,1173.0,1189.0,8729,1189.0,2026-09-03T19:35:00.940942+00:00
2026-01-28,1165.3,1212.0,1147.0,1175.0,27501,1175.0,2026-09-03T19:35:00.940942+00:00
2026-01-29,1151.5,1192.0,1134.0,1155.0,20330,1155.0,2026-09-03T19:35:00.940942+00:00
2026-02-01,1150.0,1169.0,1100.0,1127.0,14362,1127.0,2026-09-03T19:35:00.940942+00:00
2026-02-02,1104.5,1130.0,1098.0,1117.0,12425,1117.0,2026-09-03T19:35:00.940942+00:00
2026-02-03,1111.0,1140.0,1087.0,1135.0,27933,1135.0,2026-09-03T19:35:00.940942+00:00
2026-02-04,1112.3,1176.0,1112.3,1155.0,19822,1155.0,2026-09-03T19:35:00.940942+00:00
2026-02-05,1175.0,1190.0,1134.0,1178.0,14056,1178.0,2026-09-03T19:35:00.940942+00:00
2026-02-08,1154.5,1201.0,1125.0,1158.0,20147,1158.0,2026-09-03T19:35:00.940942+00:00
2026-02-09,1134.9,1180.0,1105.0,1150.0,24593,1150.0,2026-09-03T19:35:00.940942+00:00
2026-02-10,1127.0,1149.5,1110.0,1140.0,9106,1140.0,2026-09-03T19:35:00.940942+00:00
2026-02-11,1117.2,1152.0,1108.0,1121.8,6993,1121.8,2026-09-03T19:35:00.940942+00:00
2026-02-12,1105.0,1126.9,1100.1,1119.0,15536,1119.0,2026-09-03T19:35:00.940942+00:00
2026-02-16,1105.0,1122.0,1100.1,1113.8,29188,1113.8,2026-09-03T19:35:00.940942+00:00
2026-02-17,1101.0,1121.0,1094.1,1114.0,5335,1114.0,2026-09-03T19:35:00.940942+00:00
2026-02-22,1101.0,1101.0,1060.1,1060.1,5786,1060.1,2026-09-03T19:35:00.940942+00:00
2026-02-23,1060.1,1079.8,1045.1,1058.3,7045,1058.3,2026-09-03T19:35:00.940942+00:00
2026-02-24,1065.0,1080.0,1042.2,1070.0,10756,1070.0,2026-09-03T19:35:00.940942+00:00
2026-02-25,1048.6,1101.0,1045.0,1101.0,11701,1101.0,2026-09-03T19:35:00.940942+00:00
2026-02-26,1079.0,1099.9,1061.0,1099.5,7415,1099.5,2026-09-03T19:35:00.940942+00:00
2026-03-01,1077.6,1113.0,1057.0,1095.0,8837,1095.0,2026-09-03T19:35:00.940942+00:00
2026-03-03,1073.1,1133.0,1073.1,1122.0,7491,1122.0,2026-09-03T19:35:00.940942+00:00
2026-03-09,1144.4,1190.5,1144.4,1190.5,1707,1190.5,2026-09-03T19:35:00.940942+00:00
2026-03-10,1191.0,1191.0,1119.2,1167.5,25883,1167.5,2026-09-03T19:35:00.940942+00:00
2026-03-11,1145.0,1190.0,1123.0,1142.0,5939,1142.0,2026-09-03T19:35:00.940942+00:00
2026-03-12,1120.0,1187.0,1120.0,1162.0,31172,1162.0,2026-09-03T19:35:00.940942+00:00
2026-03-15,1140.0,1203.0,1140.0,1154.0,10090,1154.0,2026-09-03T19:35:00.940942+00:00
2026-03-16,1131.0,1190.0,1130.1,1143.9,10529,1143.9,2026-09-03T19:35:00.940942+00:00
2026-03-17,1122.0,1144.4,1118.0,1140.0,13350,1140.0,2026-09-03T19:35:00.940942+00:00
2026-03-19,1117.2,1174.0,1117.2,1160.0,34337,1160.0,2026-09-03T19:35:00.940942+00:00
2026-03-22,1136.8,1198.0,1136.8,1190.0,54012,1190.0,2026-09-03T19:35:00.940942+00:00
2026-03-23,1167.0,1309.0,1167.0,1295.0,62162,1295.0,2026-09-03T19:35:00.940942+00:00
2026-03-24,1270.0,1334.0,1270.0,1290.0,11283,1290.0,2026-09-03T19:35:00.940942+00:00
2026-03-25,1264.2,1321.3,1240.0,1286.0,32287,1286.0,2026-09-03T19:35:00.940942+00:00
2026-03-26,1261.0,1300.0,1240.0,1293.9,22614,1293.9,2026-09-03T19:35:00.940942+00:00
2026-03-29,1269.0,1326.0,1207.0,1248.0,31473,1248.0,2026-09-03T19:35:00.940942+00:00
2026-03-30,1224.0,1272.0,1205.5,1212.9,32363,1212.9,2026-09-03T19:35:00.940942+00:00
2026-03-31,1200.0,1224.0,1185.0,1224.0,26658,1224.0,2026-09-03T19:35:00.940942+00:00
2026-04-01,1200.0,1224.0,1156.1,1181.0,43866,1181.0,2026-09-03T19:35:00.940942+00:00
2026-04-02,1157.4,1207.0,1155.0,1196.8,19895,1196.8,2026-09-03T19:35:00.940942+00:00
2026-04-05,1172.9,1218.0,1109.4,1160.0,25559,1160.0,2026-09-03T19:35:00.940942+00:00
2026-04-06,1136.8,1193.5,1136.6,1187.8,15212,1187.8,2026-09-03T19:35:00.940942+00:00
2026-04-07,1164.1,1210.0,1142.0,1171.0,4793,1171.0,2026-09-03T19:35:00.940942+00:00
2026-04-08,1147.6,1193.3,1147.6,1171.0,23083,1171.0,2026-09-03T19:35:00.940942+00:00
2026-04-09,1147.6,1203.0,1147.6,1177.9,10171,1177.9,2026-09-03T19:35:00.940942+00:00
2026-04-10,1154.4,1197.9,1142.0,1161.9,9656,1161.9,2026-09-03T19:35:00.940942+00:00
2026-04-13,1138.7,1184.6,1128.5,1147.9,16795,1147.9,2026-09-03T19:35:00.940942+00:00
2026-04-15,1125.0,1173.0,1125.0,1161.0,9881,1161.0,2026-09-03T19:35:00.940942+00:00
2026-04-16,1137.8,1203.0,1135.0,1157.7,8209,1157.7,2026-09-03T19:35:00.940942+00:00
2026-04-17,1134.6,1179.0,1134.0,1156.0,9180,1156.0,2026-09-03T19:35:00.940942+00:00
2026-04-20,1213.0,1213.0,1135.9,1150.0,3882,1150.0,2026-09-03T19:35:00.940942+00:00
2026-04-21,1119.0,1148.0,1115.0,1144.9,4583,1144.9,2026-09-03T19:35:00.940942+00:00
2026-04-22,1202.1,1202.1,1118.1,1138.0,6188,1138.0,2026-09-03T19:35:00.940942+00:00
2026-04-23,1194.9,1194.9,1116.1,1137.9,3527,1137.9,2026-09-03T19:35:00.940942+00:00
2026-04-24,1170.0,1170.0,1103.0,1129.0,2154,1129.0,2026-09-03T19:35:00.940942+00:00
2026-04-27,1086.0,1172.0,1086.0,1129.5,34960,1129.5,2026-09-03T19:35:00.940942+00:00
2026-04-28,1100.0,1170.0,1100.0,1124.0,2711,1124.0,2026-09-03T19:35:00.940942+00:00
2026-04-29,1067.8,1135.0,1067.8,1110.0,14645,1110.0,2026-09-03T19:35:00.940942+00:00
2026-04-30,1100.0,1128.0,1095.0,1115.0,14708,1115.0,2026-09-03T19:35:00.940942+00:00
2026-05-04,1070.0,1135.0,1070.0,1109.9,2307,1109.9,2026-09-03T19:35:00.940942+00:00
2026-05-05,1100.0,1110.0,1086.0,1107.0,3103,1107.0,2026-09-03T19:35:00.940942+00:00
2026-05-06,1100.0,1113.0,1081.0,1105.0,6372,1105.0,2026-09-03T19:35:00.940942+00:00
2026-05-07,1088.0,1119.0,1088.0,1106.0,4143,1106.0,2026-09-03T19:35:00.940942+00:00
2026-05-08,1070.0,1169.0,1070.0,1110.0,20892,1110.0,2026-09-03T19:35:00.940942+00:00
2026-05-11,1070.0,1150.0,1070.0,1118.7,2353,1118.7,2026-09-03T19:35:00.940942+00:00
2026-05-12,1141.0,1141.0,1092.1,1112.0,4952,1112.0,2026-09-03T19:35:00.940942+00:00
2026-05-13,1090.0,1110.0,1081.0,1107.4,3108,1107.4,2026-09-03T19:35:00.940942+00:00
2026-05-14,1080.0,1107.4,1080.0,1105.5,3006,1105.5,2026-09-03T19:35:00.940942+00:00
2026-05-15,1070.0,1149.0,1070.0,1100.0,10341,1100.0,2026-09-03T19:35:00.940942+00:00
2026-05-18,1045.0,1115.0,1045.0,1108.0,1076,1108.0,2026-09-03T19:35:00.940942+00:00
2026-05-19,1070.0,1122.0,1070.0,1100.0,2136,1100.0,2026-09-03T19:35:00.940942+00:00
2026-05-20,1085.1,1115.0,1085.1,1114.4,5605,1114.4,2026-09-03T19:35:00.940942+00:00
2026-05-21,1090.0,1122.0,1090.0,1107.0,2687,1107.0,2026-09-03T19:35:00.940942+00:00
2026-05-22,1162.3,1162.3,1085.0,1115.0,3745,1115.0,2026-09-03T19:35:00.940942+00:00
2026-05-25,1086.0,1148.0,1086.0,1148.0,9899,1148.0,2026-09-03T19:35:00.940942+00:00
2026-05-26,1125.0,1155.0,1117.6,1127.0,2556,1127.0,2026-09-03T19:35:00.940942+00:00
2026-05-27,1108.0,1189.0,1100.0,1128.9,6799,1128.9,2026-09-03T19:35:00.940942+00:00
2026-06-01,1100.0,1160.0,1087.0,1093.0,6984,1093.0,2026-09-03T19:35:00.940942+00:00
2026-06-02,1070.0,1120.0,1070.0,1119.0,16412,1119.0,2026-09-03T19:35:00.940942+00:00
2026-06-03,1101.0,1120.0,1095.0,1114.0,1784,1114.0,2026-09-03T19:35:00.940942+00:00
2026-06-04,1101.0,1118.9,1092.1,1107.9,2259,1107.9,2026-09-03T19:35:00.940942+00:00
2026-06-05,1090.0,1108.0,1088.1,1106.0,2039,1106.0,2026-09-03T19:35:00.940942+00:00
2026-06-08,1079.0,1110.0,1079.0,1101.1,2564,1101.1,2026-09-03T19:35:00.940942+00:00
2026-06-09,1081.1,1104.0,1081.0,1100.0,5062,1100.0,2026-09-03T19:35:00.940942+00:00
2026-06-10,1155.0,1155.0,1078.4,1110.0,3122,1110.0,2026-09-03T19:35:00.940942+00:00
2026-06-11,1080.0,1108.0,1080.0,1104.0,14425,1104.0,2026-09-03T19:35:00.940942+00:00
2026-06-12,1082.0,1102.0,1080.1,1081.0,950,1081.0,2026-09-03T19:35:00.940942+00:00
2026-06-15,1081.0,1105.0,1080.0,1105.0,5480,1105.0,2026-09-03T19:35:00.940942+00:00
2026-06-16,1080.0,1120.0,1070.0,1100.0,7350,1100.0,2026-09-03T19:35:00.940942+00:00
2026-06-17,1060.0,1104.0,1060.0,1097.6,5769,1097.6,2026-09-03T19:35:00.940942+00:00
2026-06-18,1043.0,1099.7,1043.0,1097.8,2918,1097.8,2026-09-03T19:35:00.940942+00:00
2026-06-19,1070.0,1101.8,1070.0,1097.9,15624,1097.9,2026-09-03T19:35:00.940942+00:00
2026-06-22,1075.0,1097.8,1075.0,1095.9,3163,1095.9,2026-09-03T19:35:00.940942+00:00
2026-06-23,1071.1,1094.9,1070.0,1085.0,3002,1085.0,2026-09-03T19:35:00.940942+00:00
2026-06-24,1090.0,1090.0,1050.0,1080.0,4470,1080.0,2026-09-03T19:35:00.940942+00:00
2026-06-25,1065.0,1085.0,1065.0,1085.0,1575,1085.0,2026-09-03T19:35:00.940942+00:00
2026-06-26,1067.0,1084.0,1055.0,1070.0,14709,1070.0,2026-09-03T19:35:00.940942+00:00
2026-06-29,1056.0,1080.0,1055.0,1063.0,865,1063.0,2026-09-03T19:35:00.940942+00:00
2026-06-30,1040.0,1150.0,1040.0,1075.0,4809,1075.0,2026-09-03T19:35:00.940942+00:00
2026-07-01,1030.0,1089.9,1030.0,1077.0,3511,1077.0,2026-09-03T19:35:00.940942+00:00
2026-07-02,1040.0,1122.0,1040.0,1099.6,12674,1099.6,2026-09-03T19:35:00.940942+00:00
2026-07-03,1065.0,1158.0,1065.0,1098.0,9852,1098.0,2026-09-03T19:35:00.940942+00:00
2026-07-06,1060.0,1122.19,1060.0,1066.1,1385,1066.1,2026-09-03T19:35:00.940942+00:00
2026-07-07,1060.0,1088.0,1050.0,1069.9,8085,1069.9,2026-09-03T19:35:00.940942+00:00
2026-07-08,1032.0,1100.0,1032.0,1066.9,1748,1066.9,2026-09-03T19:35:00.940942+00:00
2026-07-09,1058.0,1064.8,1041.0,1064.8,1015,1064.8,2026-09-03T19:35:00.940942+00:00
2026-07-10,1031.0,1076.0,1031.0,1061.0,8403,1061.0,2026-09-03T19:35:00.940942+00:00
2026-07-13,1029.0,1060.0,1011.0,1041.0,6282,1041.0,2026-09-03T19:35:00.940942+00:00
2026-07-14,1015.0,1060.0,1010.0,1049.0,8124,1049.0,2026-09-03T19:35:00.940942+00:00
2026-07-15,1015.0,1068.0,1015.0,1052.0,812,1052.0,2026-09-03T19:35:00.940942+00:00
2026-07-16,1020.0,1050.0,1016.1,1050.0,3421,1050.0,2026-09-03T19:35:00.940942+00:00
2026-07-17,1021.0,1078.0,1019.0,1075.0,7868,1075.0,2026-09-03T19:35:00.940942+00:00
2026-07-20,1030.0,1085.0,1030.0,1083.9,2929,1083.9,2026-09-03T19:35:00.940942+00:00
2026-07-21,1045.0,1100.0,1045.0,1099.1,6135,1099.1,2026-09-03T19:35:00.940942+00:00
2026-07-22,1060.0,1163.9,1060.0,1101.0,2604,1101.0,2026-09-03T19:35:00.940942+00:00
2026-07-23,1070.0,1129.0,1070.0,1094.9,3151,1094.9,2026-09-03T19:35:00.940942+00:00
2026-07-24,1045.0,1129.9,1045.0,1087.0,3859,1087.0,2026-09-03T19:35:00.940942+00:00
2026-07-27,1051.0,1145.0,1051.0,1096.9,3280,1096.9,2026-09-03T19:35:00.940942+00:00
2026-07-28,1060.0,1144.0,1060.0,1094.0,1130,1094.0,2026-09-03T19:35:00.940942+00:00
2026-07-29,1050.0,1130.0,1050.0,1084.9,601,1084.9,2026-09-03T19:35:00.940942+00:00
2026-07-30,1051.0,1096.0,1051.0,1087.6,4356,1087.6,2026-09-03T19:35:00.940942+00:00
2026-07-31,1051.0,1114.8,1051.0,1114.8,10020,1114.8,2026-09-03T19:35:00.940942+00:00
2026-08-03,1075.0,1140.0,1075.0,1107.7,18794,1107.7,2026-09-03T19:35:00.940942+00:00
2026-08-04,1076.0,1163.0,1076.0,1089.0,2690,1089.0,2026-09-03T19:35:00.940942+00:00
2026-08-05,1065.0,1114.0,1065.0,1102.0,12601,1102.0,2026-09-03T19:35:00.940942+00:00
2026-08-06,1066.0,1107.0,1066.0,1085.0,4393,1085.0,2026-09-03T19:35:00.940942+00:00
2026-08-07,1050.0,1110.9,1050.0,1091.0,3178,1091.0,2026-09-03T19:35:00.940942+00:00
2026-08-10,1061.0,1092.7,1061.0,1090.0,3254,1090.0,2026-09-03T19:35:00.940942+00:00
2026-08-11,1055.0,1119.0,1055.0,1113.9,33881,1113.9,2026-09-03T19:35:00.940942+00:00
2026-08-12,1070.0,1141.0,1070.0,1114.0,4715,1114.0,2026-09-03T19:35:00.940942+00:00
2026-08-13,1071.0,1165.0,1071.0,1125.0,13675,1125.0,2026-09-03T19:35:00.940942+00:00
2026-08-14,1081.0,1155.0,1081.0,1122.9,6912,1122.9,2026-09-03T19:35:00.940942+00:00
2026-08-17,1080.0,1164.9,1079.0,1094.5,3739,1094.5,2026-09-03T19:35:00.940942+00:00
2026-08-18,1065.0,1126.0,1065.0,1101.9,8104,1101.9,2026-09-03T19:35:00.940942+00:00
2026-08-19,1065.0,1115.0,1065.0,1099.8,9558,1099.8,2026-09-03T19:35:00.940942+00:00
2026-08-20,1065.0,1112.19,1065.0,1105.0,929,1105.0,2026-09-03T19:35:00.940942+00:00
2026-08-21,1067.0,1110.0,1067.0,1079.0,4049,1079.0,2026-09-03T19:35:00.940942+00:00
2026-08-24,1030.0,1103.0,1030.0,1100.0,2261,1100.0,2026-09-03T19:35:00.940942+00:00
2026-08-25,1067.0,1130.0,1067.0,1100.0,10355,1100.0,2026-09-03T19:35:00.940942+00:00
2026-08-26,1065.0,1130.0,1065.0,1086.5,15197,1086.5,2026-09-03T19:35:00.940942+00:00
2026-08-27,1060.0,1108.0,1060.0,1108.0,4224,1108.0,2026-09-03T19:35:00.940942+00:00
2026-08-31,1071.0,1084.0,1060.1,1084.0,1215,1084.0,2026-09-03T19:35:00.940942+00:00
2026-09-01,1065.0,1110.0,1065.0,1110.0,13867,1110.0,2026-09-03T19:35:00.940942+00:00
2026-09-02,1070.0,1100.0,1070.0,1098.9,4295,1098.9,2026-09-03T19:35:00.940942+00:00
2026-09-03,1060.0,1190.0,1060.0,1190.0,13128,1190.0,2026-09-03T19:35:00.940942+00:00
