date,open,high,low,close,volume,adj_close,fetched_at
2012-09-09,690.0,697.0,681.0,695.0,1148,695.0,2026-09-03T19:33:26.081323+00:00
2012-09-10,695.0,691.0,682.0,689.0,1200,689.0,2026-09-03T19:33:26.081323+00:00
2012-09-11,689.0,690.0,677.0,689.0,462,689.0,2026-09-03T19:33:26.081323+00:00
2012-09-12,689.0,690.0,682.0,690.0,1300,690.0,2026-09-03T19:33:26.081323+00:00
2012-09-13,690.0,685.0,680.0,685.0,900,685.0,2026-09-03T19:33:26.081323+00:00
2012-09-16,685.0,696.0,686.0,689.0,750,689.0,2026-09-03T19:33:26.081323+00:00
2012-09-17,689.0,705.0,689.0,705.0,722,705.0,2026-09-03T19:33:26.081323+00:00
2012-09-18,705.0,745.0,707.0,745.0,1016,745.0,2026-09-03T19:33:26.081323+00:00
2012-09-19,745.0,735.0,710.0,710.0,500,710.0,2026-09-03T19:33:26.081323+00:00
2012-09-20,710.0,706.0,706.0,706.0,100,706.0,2026-09-03T19:33:26.081323+00:00
2012-09-23,706.0,710.0,696.0,697.0,4920,697.0,2026-09-03T19:33:26.081323+00:00
2012-09-24,697.0,695.0,690.0,695.0,2649,695.0,2026-09-03T19:33:26.081323+00:00
2012-09-25,695.0,703.0,690.0,703.0,7711,703.0,2026-09-03T19:33:26.081323+00:00
2012-09-26,703.0,714.0,700.0,714.0,4262,714.0,2026-09-03T19:33:26.081323+00:00
2012-09-30,714.0,723.0,705.0,723.0,5331,723.0,2026-09-03T19:33:26.081323+00:00
2012-10-01,723.0,725.0,717.0,725.0,924,725.0,2026-09-03T19:33:26.081323+00:00
2012-10-01,723.0,725.0,717.0,725.0,924,725.0,2026-09-03T19:33:26.081323+00:00
2012-10-02,725.0,735.0,728.0,733.0,2797,733.0,2026-09-03T19:33:26.081323+00:00
2012-10-03,733.0,738.0,730.0,733.0,1761,733.0,2026-09-03T19:33:26.081323+00:00
2012-10-04,733.0,750.0,734.0,748.0,2414,748.0,2026-09-03T19:33:26.081323+00:00
2012-10-07,748.0,792.0,762.0,790.0,2179,790.0,2026-09-03T19:33:26.081323+00:00
2012-10-08,790.0,795.0,770.0,770.0,5090,770.0,2026-09-03T19:33:26.081323+00:00
2012-10-09,770.0,769.0,750.0,750.0,3411,750.0,2026-09-03T19:33:26.081323+00:00
2012-10-10,750.0,755.0,754.0,754.0,400,754.0,2026-09-03T19:33:26.081323+00:00
2012-10-11,754.0,750.0,741.0,750.0,1717,750.0,2026-09-03T19:33:26.081323+00:00
2012-10-14,750.0,755.0,750.0,752.0,450,752.0,2026-09-03T19:33:26.081323+00:00
2012-10-15,752.0,755.0,755.0,755.0,879,755.0,2026-09-03T19:33:26.081323+00:00
2012-10-17,755.0,779.0,770.0,779.0,170,779.0,2026-09-03T19:33:26.081323+00:00
2012-10-18,779.0,770.0,770.0,770.0,300,770.0,2026-09-03T19:33:26.081323+00:00
2012-10-30,770.0,780.0,770.0,780.0,510,780.0,2026-09-03T19:33:26.081323+00:00
2012-10-31,780.0,800.0,780.0,794.0,4950,794.0,2026-09-03T19:33:26.081323+00:00
2012-11-01,794.0,795.0,789.0,795.0,1460,795.0,2026-09-03T19:33:26.081323+00:00
2012-11-04,795.0,792.0,786.0,788.0,3200,788.0,2026-09-03T19:33:26.081323+00:00
2012-11-05,788.0,793.0,777.0,790.0,3757,790.0,2026-09-03T19:33:26.081323+00:00
2012-11-06,790.0,800.0,785.0,788.0,2325,788.0,2026-09-03T19:33:26.081323+00:00
2012-11-07,788.0,810.0,790.0,799.0,5812,799.0,2026-09-03T19:33:26.081323+00:00
2012-11-08,799.0,816.0,795.0,800.0,3628,800.0,2026-09-03T19:33:26.081323+00:00
2012-11-11,800.0,808.0,791.0,795.0,1887,795.0,2026-09-03T19:33:26.081323+00:00
2012-11-12,795.0,800.0,789.0,796.0,2528,796.0,2026-09-03T19:33:26.081323+00:00
2012-11-18,796.0,805.0,785.0,805.0,5288,805.0,2026-09-03T19:33:26.081323+00:00
2012-11-20,805.0,835.0,800.0,835.0,11011,835.0,2026-09-03T19:33:26.081323+00:00
2012-11-21,835.0,832.0,805.0,820.0,8884,820.0,2026-09-03T19:33:26.081323+00:00
2012-11-22,820.0,825.0,813.0,819.0,6384,819.0,2026-09-03T19:33:26.081323+00:00
2012-11-25,819.0,846.0,819.0,819.0,5231,819.0,2026-09-03T19:33:26.081323+00:00
2012-11-26,819.0,807.0,807.0,807.0,186,807.0,2026-09-03T19:33:26.081323+00:00
2012-11-27,807.0,815.0,790.0,790.0,3893,790.0,2026-09-03T19:33:26.081323+00:00
2012-11-28,790.0,791.0,781.0,787.0,2892,787.0,2026-09-03T19:33:26.081323+00:00
2012-11-29,787.0,781.0,780.0,781.0,1235,781.0,2026-09-03T19:33:26.081323+00:00
2012-12-02,781.0,777.0,733.0,733.0,1149,733.0,2026-09-03T19:33:26.081323+00:00
2012-12-03,733.0,719.0,692.0,700.0,1167,700.0,2026-09-03T19:33:26.081323+00:00
2012-12-04,700.0,742.0,714.0,728.0,1633,728.0,2026-09-03T19:33:26.081323+00:00
2012-12-05,728.0,750.0,740.0,740.0,2413,740.0,2026-09-03T19:33:26.081323+00:00
2012-12-09,740.0,735.0,730.0,735.0,213,735.0,2026-09-03T19:33:26.081323+00:00
2012-12-11,735.0,725.0,721.0,725.0,730,725.0,2026-09-03T19:33:26.081323+00:00
2012-12-13,725.0,785.0,739.0,785.0,1570,785.0,2026-09-03T19:33:26.081323+00:00
2012-12-16,785.0,814.0,794.0,800.0,4069,800.0,2026-09-03T19:33:26.081323+00:00
2012-12-17,800.0,820.0,794.0,794.0,2165,794.0,2026-09-03T19:33:26.081323+00:00
2012-12-18,794.0,806.0,800.0,800.0,342,800.0,2026-09-03T19:33:26.081323+00:00
2012-12-19,800.0,802.0,787.0,787.0,1261,787.0,2026-09-03T19:33:26.081323+00:00
2012-12-20,787.0,802.0,783.0,800.0,5471,800.0,2026-09-03T19:33:26.081323+00:00
2012-12-26,800.0,812.0,800.0,800.0,4087,800.0,2026-09-03T19:33:26.081323+00:00
2012-12-27,800.0,805.0,805.0,805.0,100,805.0,2026-09-03T19:33:26.081323+00:00
2012-12-31,805.0,805.0,800.0,805.0,700,805.0,2026-09-03T19:33:26.081323+00:00
2013-01-01,805.0,805.0,805.0,805.0,100,805.0,2026-09-03T19:33:26.081323+00:00
2013-01-07,805.0,805.0,805.0,805.0,347,805.0,2026-09-03T19:33:26.081323+00:00
2013-01-09,805.0,810.0,810.0,810.0,100,810.0,2026-09-03T19:33:26.081323+00:00
2013-01-10,810.0,810.0,800.0,805.0,778,805.0,2026-09-03T19:33:26.081323+00:00
2013-01-13,805.0,808.0,804.0,805.0,872,805.0,2026-09-03T19:33:26.081323+00:00
2013-01-15,805.0,800.0,800.0,800.0,100,800.0,2026-09-03T19:33:26.081323+00:00
2013-01-17,800.0,800.0,800.0,800.0,806,800.0,2026-09-03T19:33:26.081323+00:00
2013-01-20,800.0,784.0,784.0,784.0,536,784.0,2026-09-03T19:33:26.081323+00:00
2013-01-23,784.0,790.0,790.0,790.0,55,790.0,2026-09-03T19:33:26.081323+00:00
2013-01-24,790.0,785.0,780.0,780.0,400,780.0,2026-09-03T19:33:26.081323+00:00
2013-02-05,780.0,770.0,770.0,770.0,121,770.0,2026-09-03T19:33:26.081323+00:00
2013-02-07,770.0,763.0,750.0,763.0,12150,763.0,2026-09-03T19:33:26.081323+00:00
2013-02-10,763.0,750.0,750.0,750.0,200,750.0,2026-09-03T19:33:26.081323+00:00
2013-02-12,750.0,765.0,760.0,760.0,142,760.0,2026-09-03T19:33:26.081323+00:00
2013-02-13,760.0,770.0,765.0,770.0,400,770.0,2026-09-03T19:33:26.081323+00:00
2013-02-17,770.0,790.0,785.0,790.0,210,790.0,2026-09-03T19:33:26.081323+00:00
2013-02-19,790.0,807.0,805.0,805.0,760,805.0,2026-09-03T19:33:26.081323+00:00
2013-02-20,805.0,803.0,803.0,803.0,400,803.0,2026-09-03T19:33:26.081323+00:00
2013-02-21,803.0,799.0,798.0,798.0,700,798.0,2026-09-03T19:33:26.081323+00:00
2013-02-24,798.0,783.0,780.0,780.0,300,780.0,2026-09-03T19:33:26.081323+00:00
2013-02-25,780.0,775.0,775.0,775.0,54,775.0,2026-09-03T19:33:26.081323+00:00
2013-02-26,775.0,805.0,790.0,805.0,537,805.0,2026-09-03T19:33:26.081323+00:00
2013-03-03,805.0,821.0,803.0,803.0,223,803.0,2026-09-03T19:33:26.081323+00:00
2013-03-05,803.0,790.0,790.0,790.0,220,790.0,2026-09-03T19:33:26.081323+00:00
2013-03-06,790.0,789.0,789.0,789.0,180,789.0,2026-09-03T19:33:26.081323+00:00
2013-03-07,789.0,775.0,775.0,775.0,105,775.0,2026-09-03T19:33:26.081323+00:00
2013-03-11,775.0,775.0,760.0,760.0,3451,760.0,2026-09-03T19:33:26.081323+00:00
2013-03-14,760.0,775.0,760.0,775.0,754,775.0,2026-09-03T19:33:26.081323+00:00
2013-03-17,775.0,772.0,760.0,765.0,5968,765.0,2026-09-03T19:33:26.081323+00:00
2013-03-18,765.0,755.0,745.0,755.0,310,755.0,2026-09-03T19:33:26.081323+00:00
2013-03-19,755.0,760.0,735.0,760.0,9566,760.0,2026-09-03T19:33:26.081323+00:00
2013-03-20,760.0,760.0,748.0,760.0,3724,760.0,2026-09-03T19:33:26.081323+00:00
2013-03-21,760.0,770.0,762.0,762.0,543,762.0,2026-09-03T19:33:26.081323+00:00
2013-03-24,762.0,755.0,755.0,755.0,74,755.0,2026-09-03T19:33:26.081323+00:00
2013-03-25,755.0,775.0,760.0,775.0,335,775.0,2026-09-03T19:33:26.081323+00:00
2013-03-27,775.0,765.0,760.0,765.0,150,765.0,2026-09-03T19:33:26.081323+00:00
2013-03-28,765.0,760.0,760.0,760.0,500,760.0,2026-09-03T19:33:26.081323+00:00
2013-04-01,760.0,760.0,760.0,760.0,40,760.0,2026-09-03T19:33:26.081323+00:00
2013-04-02,760.0,772.0,755.0,755.0,250,755.0,2026-09-03T19:33:26.081323+00:00
2013-04-03,755.0,755.0,740.0,755.0,818,755.0,2026-09-03T19:33:26.081323+00:00
2013-04-04,755.0,760.0,740.0,740.0,11097,740.0,2026-09-03T19:33:26.081323+00:00
2013-04-07,740.0,750.0,750.0,750.0,2657,750.0,2026-09-03T19:33:26.081323+00:00
2013-04-08,750.0,764.0,750.0,760.0,564,760.0,2026-09-03T19:33:26.081323+00:00
2013-04-09,760.0,770.0,750.0,770.0,955,770.0,2026-09-03T19:33:26.081323+00:00
2013-04-11,770.0,775.0,775.0,775.0,50,775.0,2026-09-03T19:33:26.081323+00:00
2013-04-15,775.0,769.0,769.0,769.0,200,769.0,2026-09-03T19:33:26.081323+00:00
2013-04-16,769.0,773.0,757.0,757.0,1355,757.0,2026-09-03T19:33:26.081323+00:00
2013-04-17,757.0,770.0,770.0,770.0,50,770.0,2026-09-03T19:33:26.081323+00:00
2013-04-22,770.0,755.0,755.0,755.0,10,755.0,2026-09-03T19:33:26.081323+00:00
2013-04-23,755.0,750.0,750.0,750.0,224,750.0,2026-09-03T19:33:26.081323+00:00
2013-04-25,750.0,750.0,749.0,750.0,2156,750.0,2026-09-03T19:33:26.081323+00:00
2013-04-28,750.0,750.0,750.0,750.0,2786,750.0,2026-09-03T19:33:26.081323+00:00
2013-04-29,750.0,765.0,758.0,765.0,210,765.0,2026-09-03T19:33:26.081323+00:00
2013-04-30,765.0,765.0,750.0,754.0,2099,754.0,2026-09-03T19:33:26.081323+00:00
2013-05-02,754.0,750.0,739.0,750.0,1897,750.0,2026-09-03T19:33:26.081323+00:00
2013-05-07,750.0,745.0,740.0,740.0,500,740.0,2026-09-03T19:33:26.081323+00:00
2013-05-08,740.0,740.0,740.0,740.0,100,740.0,2026-09-03T19:33:26.081323+00:00
2013-05-12,740.0,740.0,740.0,740.0,1080,740.0,2026-09-03T19:33:26.081323+00:00
2013-05-13,740.0,750.0,745.0,750.0,3536,750.0,2026-09-03T19:33:26.081323+00:00
2013-05-14,750.0,765.0,751.0,751.0,1342,751.0,2026-09-03T19:33:26.081323+00:00
2013-05-15,751.0,760.0,751.0,760.0,1630,760.0,2026-09-03T19:33:26.081323+00:00
2013-05-16,760.0,760.0,758.0,758.0,900,758.0,2026-09-03T19:33:26.081323+00:00
2013-05-19,758.0,765.0,765.0,765.0,100,765.0,2026-09-03T19:33:26.081323+00:00
2013-05-20,765.0,765.0,760.0,765.0,1250,765.0,2026-09-03T19:33:26.081323+00:00
2013-05-21,765.0,770.0,770.0,770.0,100,770.0,2026-09-03T19:33:26.081323+00:00
2013-05-22,770.0,760.0,760.0,760.0,632,760.0,2026-09-03T19:33:26.081323+00:00
2013-05-23,760.0,763.0,760.0,763.0,226,763.0,2026-09-03T19:33:26.081323+00:00
2013-05-26,763.0,760.0,760.0,760.0,7600,760.0,2026-09-03T19:33:26.081323+00:00
2013-05-27,760.0,764.0,760.0,760.0,1402,760.0,2026-09-03T19:33:26.081323+00:00
2013-05-28,760.0,765.0,761.0,761.0,800,761.0,2026-09-03T19:33:26.081323+00:00
2013-05-30,761.0,776.0,770.0,770.0,970,770.0,2026-09-03T19:33:26.081323+00:00
2013-06-02,770.0,765.0,765.0,765.0,76,765.0,2026-09-03T19:33:26.081323+00:00
2013-06-04,765.0,770.0,770.0,770.0,83,770.0,2026-09-03T19:33:26.081323+00:00
2013-06-05,770.0,800.0,775.0,800.0,1800,800.0,2026-09-03T19:33:26.081323+00:00
2013-06-06,800.0,795.0,785.0,785.0,1177,785.0,2026-09-03T19:33:26.081323+00:00
2013-06-10,785.0,795.0,775.0,795.0,3467,795.0,2026-09-03T19:33:26.081323+00:00
2013-06-12,795.0,795.0,780.0,795.0,250,795.0,2026-09-03T19:33:26.081323+00:00
2013-06-13,795.0,780.0,780.0,780.0,100,780.0,2026-09-03T19:33:26.081323+00:00
2013-06-16,780.0,765.0,765.0,765.0,14106,765.0,2026-09-03T19:33:26.081323+00:00
2013-06-17,765.0,778.0,778.0,778.0,12,778.0,2026-09-03T19:33:26.081323+00:00
2013-06-18,778.0,789.0,789.0,789.0,100,789.0,2026-09-03T19:33:26.081323+00:00
2013-06-19,789.0,776.0,775.0,775.0,406,775.0,2026-09-03T19:33:26.081323+00:00
2013-06-20,775.0,788.0,780.0,788.0,176,788.0,2026-09-03T19:33:26.081323+00:00
2013-06-25,788.0,790.0,780.0,790.0,399,790.0,2026-09-03T19:33:26.081323+00:00
2013-06-26,790.0,775.0,760.0,760.0,12100,760.0,2026-09-03T19:33:26.081323+00:00
2013-06-27,760.0,790.0,775.0,790.0,1010,790.0,2026-09-03T19:33:26.081323+00:00
2013-06-30,790.0,775.0,775.0,775.0,100,775.0,2026-09-03T19:33:26.081323+00:00
2013-07-01,775.0,789.0,789.0,789.0,26,789.0,2026-09-03T19:33:26.081323+00:00
2013-07-02,789.0,786.0,786.0,786.0,116,786.0,2026-09-03T19:33:26.081323+00:00
2013-07-03,786.0,799.0,790.0,790.0,336,790.0,2026-09-03T19:33:26.081323+00:00
2013-07-04,790.0,786.0,785.0,785.0,204,785.0,2026-09-03T19:33:26.081323+00:00
2013-07-07,785.0,795.0,795.0,795.0,5000,795.0,2026-09-03T19:33:26.081323+00:00
2013-07-08,795.0,795.0,780.0,785.0,840,785.0,2026-09-03T19:33:26.081323+00:00
2013-07-10,785.0,775.0,770.0,775.0,704,775.0,2026-09-03T19:33:26.081323+00:00
2013-07-11,775.0,780.0,760.0,780.0,3591,780.0,2026-09-03T19:33:26.081323+00:00
2013-07-14,780.0,785.0,770.0,785.0,500,785.0,2026-09-03T19:33:26.081323+00:00
2013-07-15,785.0,830.0,775.0,830.0,1106,830.0,2026-09-03T19:33:26.081323+00:00
2013-07-16,830.0,846.0,784.0,785.0,3307,785.0,2026-09-03T19:33:26.081323+00:00
2013-07-17,785.0,799.0,792.0,792.0,40,792.0,2026-09-03T19:33:26.081323+00:00
2013-07-18,792.0,810.0,797.0,797.0,693,797.0,2026-09-03T19:33:26.081323+00:00
2013-07-21,797.0,812.0,797.0,798.0,2590,798.0,2026-09-03T19:33:26.081323+00:00
2013-07-22,798.0,800.0,799.0,799.0,120,799.0,2026-09-03T19:33:26.081323+00:00
2013-07-23,799.0,800.0,798.0,798.0,1624,798.0,2026-09-03T19:33:26.081323+00:00
2013-07-24,798.0,831.0,798.0,820.0,8296,820.0,2026-09-03T19:33:26.081323+00:00
2013-07-25,820.0,852.0,820.0,840.0,5588,840.0,2026-09-03T19:33:26.081323+00:00
2013-07-28,840.0,884.0,840.0,877.0,6670,877.0,2026-09-03T19:33:26.081323+00:00
2013-07-29,877.0,894.0,880.0,880.0,7290,880.0,2026-09-03T19:33:26.081323+00:00
2013-07-30,880.0,915.0,850.0,900.0,7035,900.0,2026-09-03T19:33:26.081323+00:00
2013-07-31,900.0,925.0,912.0,915.0,3376,915.0,2026-09-03T19:33:26.081323+00:00
2013-08-01,915.0,925.0,910.0,919.0,973,919.0,2026-09-03T19:33:26.081323+00:00
2013-08-04,919.0,937.0,917.0,917.0,1020,917.0,2026-09-03T19:33:26.081323+00:00
2013-08-05,917.0,901.0,882.0,882.0,1414,882.0,2026-09-03T19:33:26.081323+00:00
2013-08-06,882.0,890.0,884.0,884.0,118,884.0,2026-09-03T19:33:26.081323+00:00
2013-08-07,884.0,890.0,890.0,890.0,100,890.0,2026-09-03T19:33:26.081323+00:00
2013-08-08,890.0,900.0,882.0,882.0,1400,882.0,2026-09-03T19:33:26.081323+00:00
2013-08-11,882.0,880.0,880.0,880.0,699,880.0,2026-09-03T19:33:26.081323+00:00
2013-08-12,880.0,880.0,880.0,880.0,749,880.0,2026-09-03T19:33:26.081323+00:00
2013-08-13,880.0,884.0,871.0,871.0,219,871.0,2026-09-03T19:33:26.081323+00:00
2013-08-14,871.0,869.0,840.0,840.0,294,840.0,2026-09-03T19:33:26.081323+00:00
2013-08-19,840.0,835.0,835.0,835.0,100,835.0,2026-09-03T19:33:26.081323+00:00
2013-08-20,835.0,819.0,803.0,803.0,250,803.0,2026-09-03T19:33:26.081323+00:00
2013-08-25,803.0,789.0,789.0,789.0,60,789.0,2026-09-03T19:33:26.081323+00:00
2013-08-26,789.0,815.0,780.0,810.0,7921,810.0,2026-09-03T19:33:26.081323+00:00
2013-08-27,810.0,841.0,820.0,841.0,2235,841.0,2026-09-03T19:33:26.081323+00:00
2013-08-29,841.0,840.0,840.0,840.0,431,840.0,2026-09-03T19:33:26.081323+00:00
2013-09-01,840.0,850.0,845.0,845.0,1500,845.0,2026-09-03T19:33:26.081323+00:00
2013-09-02,845.0,853.0,850.0,853.0,600,853.0,2026-09-03T19:33:26.081323+00:00
2013-09-03,853.0,850.0,838.0,840.0,636,840.0,2026-09-03T19:33:26.081323+00:00
2013-09-04,840.0,830.0,830.0,830.0,100,830.0,2026-09-03T19:33:26.081323+00:00
2013-09-08,830.0,814.0,814.0,814.0,250,814.0,2026-09-03T19:33:26.081323+00:00
2013-09-10,814.0,800.0,800.0,800.0,200,800.0,2026-09-03T19:33:26.081323+00:00
2013-09-11,800.0,790.0,790.0,790.0,743,790.0,2026-09-03T19:33:26.081323+00:00
2013-09-12,790.0,810.0,805.0,810.0,280,810.0,2026-09-03T19:33:26.081323+00:00
2013-09-15,810.0,800.0,800.0,800.0,394,800.0,2026-09-03T19:33:26.081323+00:00
2013-09-16,800.0,800.0,800.0,800.0,457,800.0,2026-09-03T19:33:26.081323+00:00
2013-09-17,800.0,805.0,799.0,805.0,186,805.0,2026-09-03T19:33:26.081323+00:00
2013-09-19,805.0,806.0,789.0,789.0,1313,789.0,2026-09-03T19:33:26.081323+00:00
2013-09-22,789.0,790.0,782.0,782.0,512,782.0,2026-09-03T19:33:26.081323+00:00
2013-09-23,782.0,792.0,790.0,791.0,884,791.0,2026-09-03T19:33:26.081323+00:00
2013-09-29,791.0,816.0,800.0,816.0,71,816.0,2026-09-03T19:33:26.081323+00:00
2013-09-30,816.0,800.0,795.0,795.0,250,795.0,2026-09-03T19:33:26.081323+00:00
2013-10-01,795.0,791.0,785.0,790.0,650,790.0,2026-09-03T19:33:26.081323+00:00
2013-10-07,790.0,790.0,780.0,782.0,2265,782.0,2026-09-03T19:33:26.081323+00:00
2013-10-10,782.0,795.0,795.0,795.0,150,795.0,2026-09-03T19:33:26.081323+00:00
2013-10-17,795.0,805.0,799.0,800.0,1036,800.0,2026-09-03T19:33:26.081323+00:00
2013-10-20,800.0,805.0,800.0,805.0,1504,805.0,2026-09-03T19:33:26.081323+00:00
2013-10-21,805.0,810.0,795.0,795.0,3150,795.0,2026-09-03T19:33:26.081323+00:00
2013-10-22,795.0,800.0,793.0,800.0,464,800.0,2026-09-03T19:33:26.081323+00:00
2013-10-23,800.0,800.0,800.0,800.0,500,800.0,2026-09-03T19:33:26.081323+00:00
2013-10-24,800.0,790.0,790.0,790.0,200,790.0,2026-09-03T19:33:26.081323+00:00
2013-10-27,790.0,782.0,780.0,782.0,274,782.0,2026-09-03T19:33:26.081323+00:00
2013-10-30,782.0,780.0,780.0,780.0,221,780.0,2026-09-03T19:33:26.081323+00:00
2013-10-31,780.0,780.0,780.0,780.0,74,780.0,2026-09-03T19:33:26.081323+00:00
2013-11-07,780.0,775.0,775.0,775.0,200,775.0,2026-09-03T19:33:26.081323+00:00
2013-11-13,775.0,800.0,790.0,800.0,200,800.0,2026-09-03T19:33:26.081323+00:00
2013-11-14,800.0,815.0,801.0,801.0,213,801.0,2026-09-03T19:33:26.081323+00:00
2013-11-24,801.0,881.0,817.0,881.0,8008,881.0,2026-09-03T19:33:26.081323+00:00
2013-11-25,881.0,920.0,875.0,907.0,7359,907.0,2026-09-03T19:33:26.081323+00:00
2013-11-26,907.0,927.0,892.0,921.0,4045,921.0,2026-09-03T19:33:26.081323+00:00
2013-11-27,921.0,935.0,905.0,921.0,8002,921.0,2026-09-03T19:33:26.081323+00:00
2013-11-28,921.0,938.0,920.0,926.0,2681,926.0,2026-09-03T19:33:26.081323+00:00
2013-12-01,926.0,982.0,944.0,982.0,5767,982.0,2026-09-03T19:33:26.081323+00:00
2013-12-02,982.0,1010.0,980.0,999.0,9298,999.0,2026-09-03T19:33:26.081323+00:00
2013-12-03,999.0,1050.0,1000.0,1045.0,11632,1045.0,2026-09-03T19:33:26.081323+00:00
2013-12-04,1045.0,1144.0,1065.0,1100.0,4922,1100.0,2026-09-03T19:33:26.081323+00:00
2013-12-05,1100.0,1150.0,1045.0,1045.0,11406,1045.0,2026-09-03T19:33:26.081323+00:00
2013-12-08,1045.0,1096.0,1054.0,1075.0,3739,1075.0,2026-09-03T19:33:26.081323+00:00
2013-12-09,1075.0,1080.0,1050.0,1052.0,8067,1052.0,2026-09-03T19:33:26.081323+00:00
2013-12-10,1052.0,1068.0,1045.0,1055.0,2485,1055.0,2026-09-03T19:33:26.081323+00:00
2013-12-11,1055.0,1065.0,1050.0,1050.0,2994,1050.0,2026-09-03T19:33:26.081323+00:00
2013-12-12,1050.0,1060.0,1030.0,1052.0,7500,1052.0,2026-09-03T19:33:26.081323+00:00
2013-12-15,1052.0,1081.0,1055.0,1081.0,6520,1081.0,2026-09-03T19:33:26.081323+00:00
2013-12-16,1081.0,1146.0,1102.0,1146.0,455,1146.0,2026-09-03T19:33:26.081323+00:00
2013-12-18,1146.0,1214.0,1168.0,1210.0,1823,1210.0,2026-09-03T19:33:26.081323+00:00
2013-12-19,1210.0,1234.0,1141.0,1234.0,4358,1234.0,2026-09-03T19:33:26.081323+00:00
2013-12-22,1234.0,1225.0,1160.0,1180.0,2364,1180.0,2026-09-03T19:33:26.081323+00:00
2013-12-23,1165.0,1178.0,1150.0,1150.0,14998,1150.0,2026-09-03T19:33:26.081323+00:00
2013-12-24,1150.0,1150.0,1110.0,1145.0,4841,1145.0,2026-09-03T19:33:26.081323+00:00
2013-12-26,1145.0,1198.0,1160.0,1170.0,4747,1170.0,2026-09-03T19:33:26.081323+00:00
2013-12-29,1170.0,1170.0,1140.0,1140.0,2177,1140.0,2026-09-03T19:33:26.081323+00:00
2013-12-31,1140.0,1135.0,1130.0,1135.0,2237,1135.0,2026-09-03T19:33:26.081323+00:00
2014-01-01,1135.0,1130.0,1113.0,1120.0,1726,1120.0,2026-09-03T19:33:26.081323+00:00
2014-01-02,1120.0,1120.0,1090.0,1110.0,3104,1110.0,2026-09-03T19:33:26.081323+00:00
2014-01-05,1110.0,1145.0,1115.0,1135.0,2152,1135.0,2026-09-03T19:33:26.081323+00:00
2014-01-06,1135.0,1141.0,1100.0,1110.0,4395,1110.0,2026-09-03T19:33:26.081323+00:00
2014-01-07,1110.0,1130.0,1100.0,1130.0,1661,1130.0,2026-09-03T19:33:26.081323+00:00
2014-01-08,1130.0,1150.0,1140.0,1140.0,600,1140.0,2026-09-03T19:33:26.081323+00:00
2014-01-09,1140.0,1159.0,1145.0,1155.0,2347,1155.0,2026-09-03T19:33:26.081323+00:00
2014-01-12,1155.0,1206.0,1175.0,1192.0,5094,1192.0,2026-09-03T19:33:26.081323+00:00
2014-01-13,1192.0,1200.0,1170.0,1200.0,1805,1200.0,2026-09-03T19:33:26.081323+00:00
2014-01-14,1200.0,1320.0,1205.0,1320.0,13868,1320.0,2026-09-03T19:33:26.081323+00:00
2014-01-16,1320.0,1426.0,1339.0,1346.0,13410,1346.0,2026-09-03T19:33:26.081323+00:00
2014-01-19,1346.0,1400.0,1347.0,1372.0,5221,1372.0,2026-09-03T19:33:26.081323+00:00
2014-01-20,1372.0,1385.0,1352.0,1352.0,1012,1352.0,2026-09-03T19:33:26.081323+00:00
2014-01-21,1352.0,1366.0,1320.0,1325.0,1327,1325.0,2026-09-03T19:33:26.081323+00:00
2014-01-22,1325.0,1365.0,1270.0,1270.0,3699,1270.0,2026-09-03T19:33:26.081323+00:00
2014-01-23,1270.0,1295.0,1270.0,1282.0,1489,1282.0,2026-09-03T19:33:26.081323+00:00
2014-01-26,1282.0,1300.0,1257.0,1265.0,3279,1265.0,2026-09-03T19:33:26.081323+00:00
2014-01-27,1265.0,1269.0,1245.0,1250.0,1641,1250.0,2026-09-03T19:33:26.081323+00:00
2014-01-28,1250.0,1249.0,1225.0,1225.0,1053,1225.0,2026-09-03T19:33:26.081323+00:00
2014-01-29,1225.0,1268.0,1225.0,1250.0,10563,1250.0,2026-09-03T19:33:26.081323+00:00
2014-02-02,1250.0,1304.0,1260.0,1277.0,12980,1277.0,2026-09-03T19:33:26.081323+00:00
2014-02-03,1277.0,1305.0,1270.0,1270.0,6988,1270.0,2026-09-03T19:33:26.081323+00:00
2014-02-04,1270.0,1260.0,1240.0,1245.0,8551,1245.0,2026-09-03T19:33:26.081323+00:00
2014-02-06,787.0,821.0,790.0,821.0,220,821.0,2026-09-03T19:33:26.081323+00:00
2014-02-09,821.0,837.0,837.0,837.0,44,837.0,2026-09-03T19:33:26.081323+00:00
2014-02-10,837.0,904.0,853.0,890.0,705,890.0,2026-09-03T19:33:26.081323+00:00
2014-02-11,890.0,907.0,890.0,890.0,600,890.0,2026-09-03T19:33:26.081323+00:00
2014-02-12,890.0,928.0,895.0,926.0,2101,926.0,2026-09-03T19:33:26.081323+00:00
2014-02-13,926.0,944.0,911.0,930.0,743,930.0,2026-09-03T19:33:26.081323+00:00
2014-02-17,930.0,948.0,931.0,945.0,753,945.0,2026-09-03T19:33:26.081323+00:00
2014-02-18,945.0,963.0,945.0,963.0,998,963.0,2026-09-03T19:33:26.081323+00:00
2014-02-20,963.0,980.0,955.0,980.0,284,980.0,2026-09-03T19:33:26.081323+00:00
2014-02-23,980.0,997.0,966.0,966.0,404,966.0,2026-09-03T19:33:26.081323+00:00
2014-02-24,966.0,948.0,947.0,947.0,350,947.0,2026-09-03T19:33:26.081323+00:00
2014-02-25,947.0,945.0,912.0,912.0,400,912.0,2026-09-03T19:33:26.081323+00:00
2014-03-26,912.0,894.0,877.0,877.0,180,877.0,2026-09-03T19:33:26.081323+00:00
2014-03-27,877.0,860.0,860.0,860.0,400,860.0,2026-09-03T19:33:26.081323+00:00
2014-04-01,860.0,843.0,843.0,843.0,10,843.0,2026-09-03T19:33:26.081323+00:00
2014-04-02,843.0,827.0,759.0,805.0,5501,805.0,2026-09-03T19:33:26.081323+00:00
2014-04-03,805.0,843.0,770.0,800.0,17539,800.0,2026-09-03T19:33:26.081323+00:00
2014-04-06,800.0,814.0,780.0,800.0,10672,800.0,2026-09-03T19:33:26.081323+00:00
2014-04-07,800.0,814.0,794.0,794.0,1583,794.0,2026-09-03T19:33:26.081323+00:00
2014-04-09,794.0,810.0,800.0,800.0,13979,800.0,2026-09-03T19:33:26.081323+00:00
2014-04-10,800.0,810.0,800.0,800.0,1409,800.0,2026-09-03T19:33:26.081323+00:00
2014-04-13,800.0,805.0,786.0,800.0,2579,800.0,2026-09-03T19:33:26.081323+00:00
2014-04-15,800.0,814.0,789.0,789.0,1384,789.0,2026-09-03T19:33:26.081323+00:00
2014-04-16,789.0,804.0,790.0,790.0,1009,790.0,2026-09-03T19:33:26.081323+00:00
2014-04-17,790.0,800.0,795.0,798.0,1000,798.0,2026-09-03T19:33:26.081323+00:00
2014-04-20,798.0,813.0,790.0,791.0,2308,791.0,2026-09-03T19:33:26.081323+00:00
2014-04-21,791.0,789.0,774.0,774.0,2331,774.0,2026-09-03T19:33:26.081323+00:00
2014-04-22,774.0,776.0,775.0,775.0,920,775.0,2026-09-03T19:33:26.081323+00:00
2014-04-23,775.0,780.0,770.0,780.0,3945,780.0,2026-09-03T19:33:26.081323+00:00
2014-04-27,780.0,815.0,795.0,795.0,3845,795.0,2026-09-03T19:33:26.081323+00:00
2014-04-28,795.0,791.0,785.0,785.0,800,785.0,2026-09-03T19:33:26.081323+00:00
2014-04-29,785.0,790.0,785.0,790.0,311,790.0,2026-09-03T19:33:26.081323+00:00
2014-04-30,790.0,790.0,780.0,785.0,1019,785.0,2026-09-03T19:33:26.081323+00:00
2014-05-04,785.0,791.0,780.0,780.0,2518,780.0,2026-09-03T19:33:26.081323+00:00
2014-05-05,780.0,781.0,775.0,781.0,682,781.0,2026-09-03T19:33:26.081323+00:00
2014-05-06,781.0,781.0,771.0,775.0,2410,775.0,2026-09-03T19:33:26.081323+00:00
2014-05-07,775.0,786.0,755.0,775.0,2709,775.0,2026-09-03T19:33:26.081323+00:00
2014-05-11,775.0,766.0,745.0,766.0,1800,766.0,2026-09-03T19:33:26.081323+00:00
2014-05-12,766.0,766.0,740.0,740.0,2752,740.0,2026-09-03T19:33:26.081323+00:00
2014-05-13,740.0,765.0,740.0,755.0,3319,755.0,2026-09-03T19:33:26.081323+00:00
2014-05-15,755.0,760.0,750.0,756.0,1848,756.0,2026-09-03T19:33:26.081323+00:00
2014-05-15,755.0,760.0,750.0,756.0,1848,756.0,2026-09-03T19:33:26.081323+00:00
2014-05-18,756.0,770.0,755.0,770.0,1596,770.0,2026-09-03T19:33:26.081323+00:00
2014-05-19,770.0,772.0,765.0,769.0,2098,769.0,2026-09-03T19:33:26.081323+00:00
2014-05-20,769.0,773.0,758.0,765.0,1671,765.0,2026-09-03T19:33:26.081323+00:00
2014-05-21,765.0,772.0,765.0,772.0,1000,772.0,2026-09-03T19:33:26.081323+00:00
2014-05-22,772.0,776.0,760.0,760.0,3231,760.0,2026-09-03T19:33:26.081323+00:00
2014-05-25,760.0,780.0,775.0,775.0,1400,775.0,2026-09-03T19:33:26.081323+00:00
2014-05-26,775.0,765.0,750.0,760.0,4624,760.0,2026-09-03T19:33:26.081323+00:00
2014-05-27,760.0,766.0,750.0,766.0,14600,766.0,2026-09-03T19:33:26.081323+00:00
2014-05-28,766.0,800.0,770.0,800.0,2646,800.0,2026-09-03T19:33:26.081323+00:00
2014-06-01,800.0,785.0,760.0,760.0,3642,760.0,2026-09-03T19:33:26.081323+00:00
2014-06-02,760.0,798.0,765.0,780.0,4202,780.0,2026-09-03T19:33:26.081323+00:00
2014-06-03,780.0,782.0,770.0,771.0,3656,771.0,2026-09-03T19:33:26.081323+00:00
2014-06-04,771.0,778.0,778.0,778.0,620,778.0,2026-09-03T19:33:26.081323+00:00
2014-06-05,778.0,785.0,770.0,775.0,3118,775.0,2026-09-03T19:33:26.081323+00:00
2014-06-08,775.0,785.0,760.0,760.0,1350,760.0,2026-09-03T19:33:26.081323+00:00
2014-06-09,760.0,770.0,765.0,765.0,1698,765.0,2026-09-03T19:33:26.081323+00:00
2014-06-10,765.0,766.0,760.0,766.0,2116,766.0,2026-09-03T19:33:26.081323+00:00
2014-06-11,766.0,781.0,775.0,775.0,2771,775.0,2026-09-03T19:33:26.081323+00:00
2014-06-12,775.0,770.0,750.0,750.0,1124,750.0,2026-09-03T19:33:26.081323+00:00
2014-06-15,750.0,775.0,765.0,770.0,3596,770.0,2026-09-03T19:33:26.081323+00:00
2014-06-16,770.0,780.0,770.0,774.0,6789,774.0,2026-09-03T19:33:26.081323+00:00
2014-06-17,774.0,795.0,760.0,770.0,5725,770.0,2026-09-03T19:33:26.081323+00:00
2014-06-17,774.0,795.0,760.0,770.0,5725,770.0,2026-09-03T19:33:26.081323+00:00
2014-06-18,770.0,790.0,775.0,778.0,1794,778.0,2026-09-03T19:33:26.081323+00:00
2014-06-19,778.0,777.0,765.0,777.0,1847,777.0,2026-09-03T19:33:26.081323+00:00
2014-06-23,777.0,775.0,760.0,760.0,2060,760.0,2026-09-03T19:33:26.081323+00:00
2014-06-24,760.0,771.0,765.0,770.0,1369,770.0,2026-09-03T19:33:26.081323+00:00
2014-06-25,770.0,778.0,775.0,775.0,871,775.0,2026-09-03T19:33:26.081323+00:00
2014-06-26,775.0,779.0,775.0,775.0,650,775.0,2026-09-03T19:33:26.081323+00:00
2014-06-29,775.0,780.0,770.0,771.0,1600,771.0,2026-09-03T19:33:26.081323+00:00
2014-06-30,771.0,770.0,756.0,756.0,4790,756.0,2026-09-03T19:33:26.081323+00:00
2014-07-01,756.0,759.0,750.0,759.0,2331,759.0,2026-09-03T19:33:26.081323+00:00
2014-07-02,759.0,770.0,757.0,762.0,4668,762.0,2026-09-03T19:33:26.081323+00:00
2014-07-03,762.0,838.0,775.0,838.0,27915,838.0,2026-09-03T19:33:26.081323+00:00
2014-07-06,838.0,900.0,854.0,870.0,37234,870.0,2026-09-03T19:33:26.081323+00:00
2014-07-07,870.0,904.0,868.0,885.0,24973,885.0,2026-09-03T19:33:26.081323+00:00
2014-07-08,885.0,900.0,871.0,880.0,22248,880.0,2026-09-03T19:33:26.081323+00:00
2014-07-09,880.0,880.0,860.0,860.0,5790,860.0,2026-09-03T19:33:26.081323+00:00
2014-07-10,860.0,870.0,858.0,864.0,7501,864.0,2026-09-03T19:33:26.081323+00:00
2014-07-13,864.0,933.0,860.0,860.0,7323,860.0,2026-09-03T19:33:26.081323+00:00
2014-07-14,860.0,860.0,845.0,853.0,5270,853.0,2026-09-03T19:33:26.081323+00:00
2014-07-15,853.0,860.0,839.0,839.0,3759,839.0,2026-09-03T19:33:26.081323+00:00
2014-07-16,839.0,880.0,840.0,859.0,18139,859.0,2026-09-03T19:33:26.081323+00:00
2014-07-17,859.0,897.0,870.0,880.0,13944,880.0,2026-09-03T19:33:26.081323+00:00
2014-07-20,880.0,918.0,882.0,890.0,18314,890.0,2026-09-03T19:33:26.081323+00:00
2014-07-21,890.0,907.0,880.0,885.0,9027,885.0,2026-09-03T19:33:26.081323+00:00
2014-07-22,885.0,888.0,866.0,874.0,6536,874.0,2026-09-03T19:33:26.081323+00:00
2014-07-23,874.0,907.0,879.0,888.0,15685,888.0,2026-09-03T19:33:26.081323+00:00
2014-07-24,888.0,891.0,872.0,875.0,5158,875.0,2026-09-03T19:33:26.081323+00:00
2014-07-27,875.0,895.0,880.0,886.0,4709,886.0,2026-09-03T19:33:26.081323+00:00
2014-07-28,886.0,890.0,875.0,890.0,1566,890.0,2026-09-03T19:33:26.081323+00:00
2014-07-30,890.0,886.0,875.0,880.0,7967,880.0,2026-09-03T19:33:26.081323+00:00
2014-07-31,880.0,890.0,870.0,884.0,12873,884.0,2026-09-03T19:33:26.081323+00:00
2014-08-03,884.0,867.0,815.0,820.0,9880,820.0,2026-09-03T19:33:26.081323+00:00
2014-08-04,820.0,822.0,799.0,800.0,7394,800.0,2026-09-03T19:33:26.081323+00:00
2014-08-05,800.0,832.0,810.0,824.0,8963,824.0,2026-09-03T19:33:26.081323+00:00
2014-08-06,824.0,841.0,825.0,839.0,2929,839.0,2026-09-03T19:33:26.081323+00:00
2014-08-07,839.0,845.0,830.0,845.0,5920,845.0,2026-09-03T19:33:26.081323+00:00
2014-08-12,845.0,845.0,824.0,835.0,2514,835.0,2026-09-03T19:33:26.081323+00:00
2014-08-13,835.0,851.0,821.0,821.0,2962,821.0,2026-09-03T19:33:26.081323+00:00
2014-08-14,821.0,830.0,825.0,830.0,971,830.0,2026-09-03T19:33:26.081323+00:00
2014-08-18,830.0,835.0,820.0,825.0,1667,825.0,2026-09-03T19:33:26.081323+00:00
2014-08-19,825.0,810.0,796.0,796.0,2758,796.0,2026-09-03T19:33:26.081323+00:00
2014-08-20,796.0,805.0,792.0,800.0,475,800.0,2026-09-03T19:33:26.081323+00:00
2014-08-21,800.0,790.0,750.0,769.0,3515,769.0,2026-09-03T19:33:26.081323+00:00
2014-08-24,769.0,758.0,738.0,738.0,2701,738.0,2026-09-03T19:33:26.081323+00:00
2014-08-25,738.0,740.0,716.0,716.0,800,716.0,2026-09-03T19:33:26.081323+00:00
2014-08-26,716.0,740.0,706.0,706.0,3273,706.0,2026-09-03T19:33:26.081323+00:00
2014-08-27,706.0,750.0,715.0,735.0,6247,735.0,2026-09-03T19:33:26.081323+00:00
2014-08-28,735.0,759.0,745.0,759.0,3556,759.0,2026-09-03T19:33:26.081323+00:00
2014-08-31,759.0,761.0,711.0,711.0,3150,711.0,2026-09-03T19:33:26.081323+00:00
2014-09-01,711.0,703.0,675.0,701.0,7690,701.0,2026-09-03T19:33:26.081323+00:00
2014-09-03,701.0,721.0,707.0,720.0,589,720.0,2026-09-03T19:33:26.081323+00:00
2014-09-04,720.0,710.0,692.0,709.0,4093,709.0,2026-09-03T19:33:26.081323+00:00
2014-09-07,709.0,700.0,672.0,672.0,2060,672.0,2026-09-03T19:33:26.081323+00:00
2014-09-09,672.0,700.0,672.0,685.0,8246,685.0,2026-09-03T19:33:26.081323+00:00
2014-09-10,685.0,710.0,671.0,683.0,7017,683.0,2026-09-03T19:33:26.081323+00:00
2014-09-11,683.0,683.0,650.0,660.0,10400,660.0,2026-09-03T19:33:26.081323+00:00
2014-09-14,660.0,673.0,660.0,673.0,2669,673.0,2026-09-03T19:33:26.081323+00:00
2014-09-15,673.0,678.0,670.0,676.0,3064,676.0,2026-09-03T19:33:26.081323+00:00
2014-09-16,676.0,680.0,675.0,676.0,553,676.0,2026-09-03T19:33:26.081323+00:00
2014-09-17,676.0,673.0,655.0,660.0,5178,660.0,2026-09-03T19:33:26.081323+00:00
2014-09-18,660.0,653.0,637.0,640.0,4860,640.0,2026-09-03T19:33:26.081323+00:00
2014-09-21,640.0,655.0,630.0,652.0,4281,652.0,2026-09-03T19:33:26.081323+00:00
2014-09-22,652.0,655.0,645.0,649.0,2195,649.0,2026-09-03T19:33:26.081323+00:00
2014-09-23,649.0,650.0,638.0,650.0,3940,650.0,2026-09-03T19:33:26.081323+00:00
2014-09-24,650.0,650.0,637.0,650.0,2800,650.0,2026-09-03T19:33:26.081323+00:00
2014-09-28,650.0,645.0,644.0,644.0,2121,644.0,2026-09-03T19:33:26.081323+00:00
2014-09-29,644.0,673.0,640.0,660.0,7184,660.0,2026-09-03T19:33:26.081323+00:00
2014-09-30,660.0,700.0,673.0,680.0,3427,680.0,2026-09-03T19:33:26.081323+00:00
2014-10-08,680.0,680.0,644.0,644.0,1024,644.0,2026-09-03T19:33:26.081323+00:00
2014-10-09,644.0,656.0,645.0,656.0,1250,656.0,2026-09-03T19:33:26.081323+00:00
2014-10-12,656.0,654.0,640.0,654.0,3568,654.0,2026-09-03T19:33:26.081323+00:00
2014-10-13,654.0,673.0,660.0,661.0,4475,661.0,2026-09-03T19:33:26.081323+00:00
2014-10-14,661.0,664.0,650.0,650.0,2200,650.0,2026-09-03T19:33:26.081323+00:00
2014-10-15,650.0,665.0,650.0,665.0,7140,665.0,2026-09-03T19:33:26.081323+00:00
2014-10-16,665.0,691.0,678.0,690.0,1193,690.0,2026-09-03T19:33:26.081323+00:00
2014-10-19,690.0,681.0,677.0,681.0,800,681.0,2026-09-03T19:33:26.081323+00:00
2014-10-20,681.0,670.0,650.0,660.0,9532,660.0,2026-09-03T19:33:26.081323+00:00
2014-10-21,660.0,656.0,650.0,650.0,2000,650.0,2026-09-03T19:33:26.081323+00:00
2014-10-22,650.0,665.0,650.0,665.0,11333,665.0,2026-09-03T19:33:26.081323+00:00
2014-10-26,665.0,674.0,638.0,674.0,21580,674.0,2026-09-03T19:33:26.081323+00:00
2014-10-27,674.0,686.0,673.0,679.0,3233,679.0,2026-09-03T19:33:26.081323+00:00
2014-10-28,679.0,679.0,665.0,665.0,1883,665.0,2026-09-03T19:33:26.081323+00:00
2014-10-30,665.0,670.0,660.0,670.0,4184,670.0,2026-09-03T19:33:26.081323+00:00
2014-11-02,670.0,675.0,671.0,674.0,633,674.0,2026-09-03T19:33:26.081323+00:00
2014-11-03,674.0,661.0,636.0,650.0,1977,650.0,2026-09-03T19:33:26.081323+00:00
2014-11-04,650.0,637.0,637.0,637.0,133,637.0,2026-09-03T19:33:26.081323+00:00
2014-11-05,637.0,653.0,645.0,648.0,5601,648.0,2026-09-03T19:33:26.081323+00:00
2014-11-06,648.0,651.0,648.0,650.0,1300,650.0,2026-09-03T19:33:26.081323+00:00
2014-11-09,650.0,656.0,643.0,652.0,2505,652.0,2026-09-03T19:33:26.081323+00:00
2014-11-10,652.0,654.0,645.0,645.0,1298,645.0,2026-09-03T19:33:26.081323+00:00
2014-11-11,645.0,657.0,645.0,654.0,1250,654.0,2026-09-03T19:33:26.081323+00:00
2014-11-12,654.0,641.0,635.0,640.0,2762,640.0,2026-09-03T19:33:26.081323+00:00
2014-11-13,640.0,640.0,630.0,630.0,1446,630.0,2026-09-03T19:33:26.081323+00:00
2014-11-16,630.0,630.0,618.0,630.0,7100,630.0,2026-09-03T19:33:26.081323+00:00
2014-11-17,630.0,618.0,606.0,606.0,518,606.0,2026-09-03T19:33:26.081323+00:00
2014-11-18,606.0,618.0,596.0,600.0,3646,600.0,2026-09-03T19:33:26.081323+00:00
2014-11-19,600.0,612.0,595.0,595.0,759,595.0,2026-09-03T19:33:26.081323+00:00
2014-11-20,595.0,620.0,606.0,620.0,2340,620.0,2026-09-03T19:33:26.081323+00:00
2014-11-23,620.0,651.0,620.0,620.0,2329,620.0,2026-09-03T19:33:26.081323+00:00
2014-11-24,620.0,628.0,616.0,628.0,1872,628.0,2026-09-03T19:33:26.081323+00:00
2014-11-25,628.0,640.0,623.0,623.0,700,623.0,2026-09-03T19:33:26.081323+00:00
2014-11-30,623.0,625.0,625.0,625.0,2217,625.0,2026-09-03T19:33:26.081323+00:00
2014-12-01,625.0,620.0,601.0,601.0,1403,601.0,2026-09-03T19:33:26.081323+00:00
2014-12-02,601.0,602.0,590.0,595.0,3920,595.0,2026-09-03T19:33:26.081323+00:00
2014-12-03,595.0,606.0,591.0,592.0,2183,592.0,2026-09-03T19:33:26.081323+00:00
2014-12-04,592.0,595.0,580.0,588.0,6343,588.0,2026-09-03T19:33:26.081323+00:00
2014-12-07,588.0,585.0,581.0,581.0,4408,581.0,2026-09-03T19:33:26.081323+00:00
2014-12-08,581.0,575.0,540.0,550.0,8417,550.0,2026-09-03T19:33:26.081323+00:00
2014-12-09,550.0,565.0,561.0,565.0,1350,565.0,2026-09-03T19:33:26.081323+00:00
2014-12-10,565.0,576.0,559.0,565.0,2220,565.0,2026-09-03T19:33:26.081323+00:00
2014-12-11,565.0,575.0,570.0,571.0,1513,571.0,2026-09-03T19:33:26.081323+00:00
2014-12-14,571.0,598.0,582.0,598.0,1600,598.0,2026-09-03T19:33:26.081323+00:00
2014-12-15,598.0,590.0,578.0,587.0,953,587.0,2026-09-03T19:33:26.081323+00:00
2014-12-16,587.0,598.0,576.0,598.0,3189,598.0,2026-09-03T19:33:26.081323+00:00
2014-12-17,598.0,595.0,585.0,595.0,1413,595.0,2026-09-03T19:33:26.081323+00:00
2014-12-18,595.0,598.0,588.0,592.0,1740,592.0,2026-09-03T19:33:26.081323+00:00
2014-12-21,592.0,581.0,581.0,581.0,243,581.0,2026-09-03T19:33:26.081323+00:00
2014-12-22,581.0,582.0,572.0,572.0,927,572.0,2026-09-03T19:33:26.081323+00:00
2014-12-23,572.0,562.0,554.0,560.0,2265,560.0,2026-09-03T19:33:26.081323+00:00
2014-12-24,560.0,571.0,560.0,560.0,1450,560.0,2026-09-03T19:33:26.081323+00:00
2014-12-28,560.0,585.0,571.0,585.0,3434,585.0,2026-09-03T19:33:26.081323+00:00
2014-12-28,560.0,585.0,571.0,585.0,3434,585.0,2026-09-03T19:33:26.081323+00:00
2014-12-31,585.0,574.0,574.0,574.0,500,574.0,2026-09-03T19:33:26.081323+00:00
2015-01-01,574.0,563.0,555.0,555.0,1405,555.0,2026-09-03T19:33:26.081323+00:00
2015-01-04,555.0,566.0,562.0,566.0,803,566.0,2026-09-03T19:33:26.081323+00:00
2015-01-07,566.0,617.0,577.0,610.0,1162,610.0,2026-09-03T19:33:26.081323+00:00
2015-01-08,610.0,605.0,605.0,605.0,533,605.0,2026-09-03T19:33:26.081323+00:00
2015-01-11,605.0,610.0,600.0,600.0,483,600.0,2026-09-03T19:33:26.081323+00:00
2015-01-12,600.0,612.0,610.0,610.0,163,610.0,2026-09-03T19:33:26.081323+00:00
2015-01-14,610.0,605.0,605.0,605.0,800,605.0,2026-09-03T19:33:26.081323+00:00
2015-01-18,605.0,606.0,605.0,605.0,293,605.0,2026-09-03T19:33:26.081323+00:00
2015-01-19,605.0,620.0,600.0,616.0,40148,616.0,2026-09-03T19:33:26.081323+00:00
2015-01-20,616.0,664.0,604.0,664.0,1535,664.0,2026-09-03T19:33:26.081323+00:00
2015-01-22,664.0,651.0,621.0,628.0,6600,628.0,2026-09-03T19:33:26.081323+00:00
2015-01-25,628.0,630.0,616.0,626.0,4826,626.0,2026-09-03T19:33:26.081323+00:00
2015-01-26,626.0,626.0,620.0,620.0,4782,620.0,2026-09-03T19:33:26.081323+00:00
2015-01-27,620.0,610.0,600.0,600.0,4201,600.0,2026-09-03T19:33:26.081323+00:00
2015-01-28,600.0,641.0,612.0,635.0,1177,635.0,2026-09-03T19:33:26.081323+00:00
2015-01-29,635.0,647.0,640.0,640.0,315,640.0,2026-09-03T19:33:26.081323+00:00
2015-02-01,640.0,652.0,640.0,648.0,15490,648.0,2026-09-03T19:33:26.081323+00:00
2015-02-02,648.0,678.0,642.0,642.0,4497,642.0,2026-09-03T19:33:26.081323+00:00
2015-02-03,642.0,645.0,640.0,645.0,807,645.0,2026-09-03T19:33:26.081323+00:00
2015-02-04,645.0,650.0,640.0,650.0,4348,650.0,2026-09-03T19:33:26.081323+00:00
2015-02-05,650.0,673.0,637.0,655.0,15497,655.0,2026-09-03T19:33:26.081323+00:00
2015-02-08,655.0,650.0,640.0,650.0,2400,650.0,2026-09-03T19:33:26.081323+00:00
2015-02-10,650.0,662.0,649.0,649.0,155,649.0,2026-09-03T19:33:26.081323+00:00
2015-02-11,649.0,650.0,648.0,648.0,300,648.0,2026-09-03T19:33:26.081323+00:00
2015-02-12,648.0,640.0,621.0,635.0,2124,635.0,2026-09-03T19:33:26.081323+00:00
2015-02-15,635.0,642.0,630.0,630.0,967,630.0,2026-09-03T19:33:26.081323+00:00
2015-02-16,630.0,631.0,620.0,620.0,2323,620.0,2026-09-03T19:33:26.081323+00:00
2015-02-16,630.0,631.0,620.0,620.0,2323,620.0,2026-09-03T19:33:26.081323+00:00
2015-02-18,620.0,611.0,599.0,599.0,4175,599.0,2026-09-03T19:33:26.081323+00:00
2015-02-22,599.0,610.0,600.0,600.0,1210,600.0,2026-09-03T19:33:26.081323+00:00
2015-02-23,600.0,635.0,612.0,635.0,67,635.0,2026-09-03T19:33:26.081323+00:00
2015-02-24,635.0,645.0,645.0,645.0,20,645.0,2026-09-03T19:33:26.081323+00:00
2015-02-25,645.0,633.0,618.0,630.0,11179,630.0,2026-09-03T19:33:26.081323+00:00
2015-03-02,630.0,642.0,628.0,630.0,1931,630.0,2026-09-03T19:33:26.081323+00:00
2015-03-03,630.0,633.0,620.0,633.0,545,633.0,2026-09-03T19:33:26.081323+00:00
2015-03-04,633.0,625.0,615.0,615.0,2556,615.0,2026-09-03T19:33:26.081323+00:00
2015-03-10,615.0,620.0,616.0,616.0,700,616.0,2026-09-03T19:33:26.081323+00:00
2015-03-11,616.0,604.0,604.0,604.0,485,604.0,2026-09-03T19:33:26.081323+00:00
2015-03-12,604.0,608.0,608.0,608.0,200,608.0,2026-09-03T19:33:26.081323+00:00
2015-03-15,608.0,615.0,615.0,615.0,267,615.0,2026-09-03T19:33:26.081323+00:00
2015-03-16,615.0,615.0,607.0,607.0,1735,607.0,2026-09-03T19:33:26.081323+00:00
2015-03-17,607.0,610.0,606.0,610.0,574,610.0,2026-09-03T19:33:26.081323+00:00
2015-03-18,610.0,610.0,605.0,605.0,275,605.0,2026-09-03T19:33:26.081323+00:00
2015-03-19,605.0,605.0,605.0,605.0,133,605.0,2026-09-03T19:33:26.081323+00:00
2015-03-22,605.0,606.0,606.0,606.0,857,606.0,2026-09-03T19:33:26.081323+00:00
2015-03-23,606.0,611.0,606.0,607.0,1020,607.0,2026-09-03T19:33:26.081323+00:00
2015-03-24,607.0,610.0,600.0,600.0,2176,600.0,2026-09-03T19:33:26.081323+00:00
2015-03-25,600.0,600.0,590.0,590.0,1035,590.0,2026-09-03T19:33:26.081323+00:00
2015-03-26,590.0,595.0,588.0,595.0,321,595.0,2026-09-03T19:33:26.081323+00:00
2015-03-29,595.0,606.0,599.0,606.0,895,606.0,2026-09-03T19:33:26.081323+00:00
2015-03-30,606.0,600.0,596.0,600.0,600,600.0,2026-09-03T19:33:26.081323+00:00
2015-03-31,600.0,604.0,593.0,604.0,1874,604.0,2026-09-03T19:33:26.081323+00:00
2015-04-01,604.0,600.0,600.0,600.0,530,600.0,2026-09-03T19:33:26.081323+00:00
2015-04-02,600.0,605.0,605.0,605.0,1000,605.0,2026-09-03T19:33:26.081323+00:00
2015-04-05,605.0,600.0,600.0,600.0,453,600.0,2026-09-03T19:33:26.081323+00:00
2015-04-06,600.0,600.0,595.0,600.0,704,600.0,2026-09-03T19:33:26.081323+00:00
2015-04-07,600.0,612.0,601.0,612.0,1767,612.0,2026-09-03T19:33:26.081323+00:00
2015-04-08,612.0,620.0,594.0,615.0,7628,615.0,2026-09-03T19:33:26.081323+00:00
2015-04-09,615.0,610.0,610.0,610.0,100,610.0,2026-09-03T19:33:26.081323+00:00
2015-04-12,610.0,622.0,600.0,608.0,8110,608.0,2026-09-03T19:33:26.081323+00:00
2015-04-15,608.0,608.0,608.0,608.0,200,608.0,2026-09-03T19:33:26.081323+00:00
2015-04-16,608.0,607.0,605.0,605.0,958,605.0,2026-09-03T19:33:26.081323+00:00
2015-04-19,605.0,610.0,601.0,610.0,5350,610.0,2026-09-03T19:33:26.081323+00:00
2015-04-20,610.0,615.0,607.0,610.0,2426,610.0,2026-09-03T19:33:26.081323+00:00
2015-04-21,610.0,613.0,612.0,613.0,238,613.0,2026-09-03T19:33:26.081323+00:00
2015-04-22,613.0,610.0,600.0,600.0,333,600.0,2026-09-03T19:33:26.081323+00:00
2015-04-23,600.0,601.0,600.0,601.0,700,601.0,2026-09-03T19:33:26.081323+00:00
2015-05-31,601.0,614.0,610.0,610.0,300,610.0,2026-09-03T19:33:26.081323+00:00
2015-06-02,610.0,600.0,600.0,600.0,100,600.0,2026-09-03T19:33:26.081323+00:00
2015-06-07,600.0,591.0,591.0,591.0,119,591.0,2026-09-03T19:33:26.081323+00:00
2015-06-09,591.0,602.0,602.0,602.0,10,602.0,2026-09-03T19:33:26.081323+00:00
2015-06-10,602.0,650.0,614.0,640.0,1580,640.0,2026-09-03T19:33:26.081323+00:00
2015-06-11,640.0,630.0,630.0,630.0,200,630.0,2026-09-03T19:33:26.081323+00:00
2015-06-14,630.0,635.0,625.0,633.0,1500,633.0,2026-09-03T19:33:26.081323+00:00
2015-06-15,633.0,631.0,630.0,630.0,1270,630.0,2026-09-03T19:33:26.081323+00:00
2015-06-16,630.0,625.0,613.0,620.0,1400,620.0,2026-09-03T19:33:26.081323+00:00
2015-06-17,620.0,610.0,601.0,601.0,3463,601.0,2026-09-03T19:33:26.081323+00:00
2015-06-22,601.0,613.0,613.0,613.0,500,613.0,2026-09-03T19:33:26.081323+00:00
2015-06-23,613.0,606.0,606.0,606.0,500,606.0,2026-09-03T19:33:26.081323+00:00
2015-06-24,606.0,632.0,618.0,632.0,1010,632.0,2026-09-03T19:33:26.081323+00:00
2015-06-25,632.0,644.0,644.0,644.0,10,644.0,2026-09-03T19:33:26.081323+00:00
2015-06-28,644.0,632.0,632.0,632.0,100,632.0,2026-09-03T19:33:26.081323+00:00
2015-06-29,632.0,642.0,630.0,630.0,440,630.0,2026-09-03T19:33:26.081323+00:00
2015-07-01,630.0,620.0,610.0,610.0,2600,610.0,2026-09-03T19:33:26.081323+00:00
2015-07-02,610.0,605.0,605.0,605.0,650,605.0,2026-09-03T19:33:26.081323+00:00
2015-07-05,605.0,606.0,600.0,606.0,1200,606.0,2026-09-03T19:33:26.081323+00:00
2015-07-06,606.0,606.0,600.0,600.0,3850,600.0,2026-09-03T19:33:26.081323+00:00
2015-07-07,600.0,613.0,600.0,600.0,5190,600.0,2026-09-03T19:33:26.081323+00:00
2015-07-08,600.0,608.0,601.0,601.0,1920,601.0,2026-09-03T19:33:26.081323+00:00
2015-07-13,601.0,601.0,600.0,600.0,1150,600.0,2026-09-03T19:33:26.081323+00:00
2015-07-14,600.0,601.0,600.0,601.0,1624,601.0,2026-09-03T19:33:26.081323+00:00
2015-07-15,601.0,609.0,600.0,609.0,2150,609.0,2026-09-03T19:33:26.081323+00:00
2015-07-16,609.0,620.0,600.0,617.0,6140,617.0,2026-09-03T19:33:26.081323+00:00
2015-07-22,617.0,612.0,609.0,609.0,787,609.0,2026-09-03T19:33:26.081323+00:00
2015-07-23,609.0,606.0,606.0,606.0,100,606.0,2026-09-03T19:33:26.081323+00:00
2015-07-26,606.0,666.0,618.0,666.0,60,666.0,2026-09-03T19:33:26.081323+00:00
2015-07-27,666.0,679.0,679.0,679.0,166,679.0,2026-09-03T19:33:26.081323+00:00
2015-07-29,679.0,666.0,628.0,628.0,350,628.0,2026-09-03T19:33:26.081323+00:00
2015-07-30,628.0,619.0,619.0,619.0,50,619.0,2026-09-03T19:33:26.081323+00:00
2015-08-02,619.0,619.0,607.0,607.0,886,607.0,2026-09-03T19:33:26.081323+00:00
2015-08-03,607.0,595.0,590.0,595.0,1537,595.0,2026-09-03T19:33:26.081323+00:00
2015-08-04,595.0,591.0,589.0,589.0,1000,589.0,2026-09-03T19:33:26.081323+00:00
2015-08-05,589.0,600.0,600.0,600.0,1000,600.0,2026-09-03T19:33:26.081323+00:00
2015-08-06,600.0,613.0,599.0,600.0,1650,600.0,2026-09-03T19:33:26.081323+00:00
2015-08-09,600.0,592.0,590.0,590.0,682,590.0,2026-09-03T19:33:26.081323+00:00
2015-08-11,590.0,601.0,592.0,592.0,1500,592.0,2026-09-03T19:33:26.081323+00:00
2015-08-12,592.0,600.0,600.0,600.0,500,600.0,2026-09-03T19:33:26.081323+00:00
2015-08-13,600.0,597.0,580.0,582.0,2959,582.0,2026-09-03T19:33:26.081323+00:00
2015-08-16,582.0,640.0,593.0,640.0,23576,640.0,2026-09-03T19:33:26.081323+00:00
2015-08-17,640.0,691.0,650.0,650.0,8435,650.0,2026-09-03T19:33:26.081323+00:00
2015-08-18,650.0,652.0,638.0,645.0,2600,645.0,2026-09-03T19:33:26.081323+00:00
2015-08-18,650.0,652.0,638.0,645.0,2600,645.0,2026-09-03T19:33:26.081323+00:00
2015-08-19,645.0,665.0,636.0,636.0,2407,636.0,2026-09-03T19:33:26.081323+00:00
2015-08-20,636.0,629.0,628.0,629.0,278,629.0,2026-09-03T19:33:26.081323+00:00
2015-08-24,629.0,650.0,635.0,636.0,3610,636.0,2026-09-03T19:33:26.081323+00:00
2015-08-25,636.0,633.0,625.0,633.0,550,633.0,2026-09-03T19:33:26.081323+00:00
2015-08-26,633.0,630.0,622.0,625.0,670,625.0,2026-09-03T19:33:26.081323+00:00
2015-08-27,625.0,634.0,625.0,634.0,1084,634.0,2026-09-03T19:33:26.081323+00:00
2015-08-31,634.0,649.0,635.0,645.0,4873,645.0,2026-09-03T19:33:26.081323+00:00
2015-09-01,645.0,645.0,631.0,631.0,1650,631.0,2026-09-03T19:33:26.081323+00:00
2015-09-02,631.0,630.0,624.0,628.0,3060,628.0,2026-09-03T19:33:26.081323+00:00
2015-09-06,628.0,633.0,628.0,632.0,1642,632.0,2026-09-03T19:33:26.081323+00:00
2015-09-07,632.0,630.0,620.0,628.0,1070,628.0,2026-09-03T19:33:26.081323+00:00
2015-09-08,628.0,621.0,612.0,615.0,3700,615.0,2026-09-03T19:33:26.081323+00:00
2015-09-09,615.0,615.0,610.0,615.0,5264,615.0,2026-09-03T19:33:26.081323+00:00
2015-09-10,615.0,615.0,610.0,615.0,878,615.0,2026-09-03T19:33:26.081323+00:00
2015-09-13,615.0,625.0,621.0,625.0,1434,625.0,2026-09-03T19:33:26.081323+00:00
2015-09-14,625.0,635.0,633.0,635.0,913,635.0,2026-09-03T19:33:26.081323+00:00
2015-09-15,635.0,647.0,628.0,635.0,3350,635.0,2026-09-03T19:33:26.081323+00:00
2015-09-16,635.0,639.0,623.0,639.0,1370,639.0,2026-09-03T19:33:26.081323+00:00
2015-09-17,639.0,651.0,630.0,633.0,1350,633.0,2026-09-03T19:33:26.081323+00:00
2015-09-22,633.0,621.0,621.0,621.0,10,621.0,2026-09-03T19:33:26.081323+00:00
2015-09-23,621.0,633.0,619.0,621.0,5617,621.0,2026-09-03T19:33:26.081323+00:00
2015-09-24,621.0,625.0,618.0,623.0,382,623.0,2026-09-03T19:33:26.081323+00:00
2015-09-28,623.0,612.0,603.0,610.0,930,610.0,2026-09-03T19:33:26.081323+00:00
2015-09-29,610.0,610.0,610.0,610.0,483,610.0,2026-09-03T19:33:26.081323+00:00
2015-09-30,610.0,618.0,615.0,618.0,534,618.0,2026-09-03T19:33:26.081323+00:00
2015-10-01,618.0,619.0,619.0,619.0,158,619.0,2026-09-03T19:33:26.081323+00:00
2015-10-04,619.0,615.0,609.0,609.0,833,609.0,2026-09-03T19:33:26.081323+00:00
2015-10-05,609.0,615.0,611.0,611.0,900,611.0,2026-09-03T19:33:26.081323+00:00
2015-10-06,611.0,600.0,587.0,590.0,14030,590.0,2026-09-03T19:33:26.081323+00:00
2015-10-08,590.0,605.0,600.0,604.0,1232,604.0,2026-09-03T19:33:26.081323+00:00
2015-10-11,604.0,600.0,590.0,590.0,699331,590.0,2026-09-03T19:33:26.081323+00:00
2015-10-14,590.0,605.0,600.0,600.0,835,600.0,2026-09-03T19:33:26.081323+00:00
2015-10-15,600.0,595.0,595.0,595.0,21,595.0,2026-09-03T19:33:26.081323+00:00
2015-10-18,595.0,595.0,595.0,595.0,150,595.0,2026-09-03T19:33:26.081323+00:00
2015-10-19,595.0,604.0,600.0,600.0,160,600.0,2026-09-03T19:33:26.081323+00:00
2015-10-27,600.0,591.0,580.0,580.0,1490,580.0,2026-09-03T19:33:26.081323+00:00
2015-10-28,580.0,591.0,570.0,570.0,3962,570.0,2026-09-03T19:33:26.081323+00:00
2015-10-29,570.0,603.0,581.0,603.0,440,603.0,2026-09-03T19:33:26.081323+00:00
2015-11-01,603.0,615.0,615.0,615.0,20,615.0,2026-09-03T19:33:26.081323+00:00
2015-11-03,615.0,603.0,603.0,603.0,500,603.0,2026-09-03T19:33:26.081323+00:00
2015-11-05,603.0,598.0,598.0,598.0,100,598.0,2026-09-03T19:33:26.081323+00:00
2015-11-08,598.0,587.0,587.0,587.0,400,587.0,2026-09-03T19:33:26.081323+00:00
2015-11-18,587.0,576.0,576.0,576.0,200,576.0,2026-09-03T19:33:26.081323+00:00
2015-11-19,576.0,572.0,550.0,572.0,3564,572.0,2026-09-03T19:33:26.081323+00:00
2015-11-23,572.0,572.0,520.0,540.0,2926,540.0,2026-09-03T19:33:26.081323+00:00
2015-11-24,540.0,540.0,533.0,533.0,2053,533.0,2026-09-03T19:33:26.081323+00:00
2015-11-25,533.0,553.0,538.0,538.0,3015,538.0,2026-09-03T19:33:26.081323+00:00
2015-11-26,538.0,540.0,527.0,527.0,2217,527.0,2026-09-03T19:33:26.081323+00:00
2015-11-29,527.0,518.0,518.0,518.0,56,518.0,2026-09-03T19:33:26.081323+00:00
2015-11-30,518.0,530.0,520.0,530.0,7210,530.0,2026-09-03T19:33:26.081323+00:00
2015-12-01,530.0,545.0,528.0,528.0,1850,528.0,2026-09-03T19:33:26.081323+00:00
2015-12-02,528.0,529.0,529.0,529.0,100,529.0,2026-09-03T19:33:26.081323+00:00
2015-12-03,529.0,539.0,519.0,539.0,1941,539.0,2026-09-03T19:33:26.081323+00:00
2015-12-06,539.0,545.0,540.0,540.0,1710,540.0,2026-09-03T19:33:26.081323+00:00
2015-12-07,540.0,535.0,532.0,535.0,1660,535.0,2026-09-03T19:33:26.081323+00:00
2015-12-08,535.0,525.0,520.0,520.0,775,520.0,2026-09-03T19:33:26.081323+00:00
2015-12-09,520.0,543.0,513.0,543.0,971,543.0,2026-09-03T19:33:26.081323+00:00
2015-12-10,543.0,533.0,533.0,533.0,110,533.0,2026-09-03T19:33:26.081323+00:00
2015-12-13,533.0,543.0,524.0,524.0,1280,524.0,2026-09-03T19:33:26.081323+00:00
2015-12-15,524.0,533.0,533.0,533.0,500,533.0,2026-09-03T19:33:26.081323+00:00
2015-12-16,533.0,530.0,520.0,521.0,1882,521.0,2026-09-03T19:33:26.081323+00:00
2015-12-20,521.0,541.0,524.0,541.0,2648,541.0,2026-09-03T19:33:26.081323+00:00
2015-12-21,541.0,562.0,550.0,560.0,1750,560.0,2026-09-03T19:33:26.081323+00:00
2015-12-22,560.0,561.0,549.0,549.0,1520,549.0,2026-09-03T19:33:26.081323+00:00
2015-12-23,549.0,555.0,555.0,555.0,1400,555.0,2026-09-03T19:33:26.081323+00:00
2015-12-24,555.0,552.0,548.0,552.0,15293,552.0,2026-09-03T19:33:26.081323+00:00
2015-12-27,552.0,542.0,535.0,535.0,520,535.0,2026-09-03T19:33:26.081323+00:00
2015-12-28,535.0,539.0,539.0,539.0,500,539.0,2026-09-03T19:33:26.081323+00:00
2015-12-29,539.0,539.0,539.0,539.0,167,539.0,2026-09-03T19:33:26.081323+00:00
2015-12-31,539.0,540.0,535.0,540.0,1350,540.0,2026-09-03T19:33:26.081323+00:00
2016-01-03,540.0,540.0,540.0,540.0,150,540.0,2026-09-03T19:33:26.081323+00:00
2016-01-04,540.0,540.0,540.0,540.0,700,540.0,2026-09-03T19:33:26.081323+00:00
2016-01-05,540.0,550.0,550.0,550.0,210,550.0,2026-09-03T19:33:26.081323+00:00
2016-01-06,550.0,571.0,545.0,545.0,570,545.0,2026-09-03T19:33:26.081323+00:00
2016-01-07,545.0,555.0,545.0,555.0,700,555.0,2026-09-03T19:33:26.081323+00:00
2016-01-10,555.0,571.0,560.0,560.0,1933,560.0,2026-09-03T19:33:26.081323+00:00
2016-01-11,560.0,581.0,570.0,581.0,550,581.0,2026-09-03T19:33:26.081323+00:00
2016-01-12,581.0,611.0,590.0,592.0,1702,592.0,2026-09-03T19:33:26.081323+00:00
2016-01-12,581.0,611.0,590.0,592.0,1702,592.0,2026-09-03T19:33:26.081323+00:00
2016-01-13,592.0,620.0,596.0,601.0,3227,601.0,2026-09-03T19:33:26.081323+00:00
2016-01-14,601.0,613.0,601.0,601.0,700,601.0,2026-09-03T19:33:26.081323+00:00
2016-01-17,601.0,611.0,601.0,601.0,667,601.0,2026-09-03T19:33:26.081323+00:00
2016-01-18,601.0,613.0,599.0,600.0,1470,600.0,2026-09-03T19:33:26.081323+00:00
2016-01-19,600.0,590.0,583.0,583.0,700,583.0,2026-09-03T19:33:26.081323+00:00
2016-01-20,583.0,599.0,590.0,593.0,1667,593.0,2026-09-03T19:33:26.081323+00:00
2016-01-21,593.0,607.0,595.0,595.0,2121,595.0,2026-09-03T19:33:26.081323+00:00
2016-01-25,595.0,595.0,592.0,592.0,792,592.0,2026-09-03T19:33:26.081323+00:00
2016-01-26,592.0,603.0,585.0,585.0,1176,585.0,2026-09-03T19:33:26.081323+00:00
2016-01-27,585.0,590.0,584.0,584.0,750,584.0,2026-09-03T19:33:26.081323+00:00
2016-01-28,584.0,584.0,573.0,584.0,300,584.0,2026-09-03T19:33:26.081323+00:00
2016-01-31,584.0,590.0,588.0,588.0,407,588.0,2026-09-03T19:33:26.081323+00:00
2016-02-01,588.0,590.0,578.0,589.0,2550,589.0,2026-09-03T19:33:26.081323+00:00
2016-02-02,589.0,587.0,575.0,585.0,1673,585.0,2026-09-03T19:33:26.081323+00:00
2016-02-03,585.0,585.0,574.0,574.0,1500,574.0,2026-09-03T19:33:26.081323+00:00
2016-02-04,574.0,630.0,580.0,615.0,10342,615.0,2026-09-03T19:33:26.081323+00:00
2016-02-07,615.0,613.0,604.0,606.0,5834,606.0,2026-09-03T19:33:26.081323+00:00
2016-02-08,606.0,625.0,615.0,622.0,4917,622.0,2026-09-03T19:33:26.081323+00:00
2016-02-11,622.0,631.0,610.0,610.0,4650,610.0,2026-09-03T19:33:26.081323+00:00
2016-02-14,610.0,602.0,602.0,602.0,100,602.0,2026-09-03T19:33:26.081323+00:00
2016-02-15,602.0,608.0,600.0,608.0,540,608.0,2026-09-03T19:33:26.081323+00:00
2016-02-16,608.0,610.0,610.0,610.0,10,610.0,2026-09-03T19:33:26.081323+00:00
2016-02-17,610.0,605.0,595.0,595.0,2341,595.0,2026-09-03T19:33:26.081323+00:00
2016-02-18,595.0,608.0,599.0,599.0,2540,599.0,2026-09-03T19:33:26.081323+00:00
2016-02-21,599.0,605.0,600.0,600.0,440,600.0,2026-09-03T19:33:26.081323+00:00
2016-02-22,600.0,612.0,590.0,590.0,1700,590.0,2026-09-03T19:33:26.081323+00:00
2016-02-25,590.0,590.0,589.0,589.0,1285,589.0,2026-09-03T19:33:26.081323+00:00
2016-02-28,589.0,600.0,575.0,575.0,19085,575.0,2026-09-03T19:33:26.081323+00:00
2016-02-29,575.0,586.0,579.0,580.0,536,580.0,2026-09-03T19:33:26.081323+00:00
2016-03-01,580.0,580.0,575.0,575.0,724,575.0,2026-09-03T19:33:26.081323+00:00
2016-03-02,575.0,596.0,575.0,596.0,1750,596.0,2026-09-03T19:33:26.081323+00:00
2016-03-03,596.0,595.0,586.0,590.0,811,590.0,2026-09-03T19:33:26.081323+00:00
2016-03-06,590.0,590.0,590.0,590.0,200,590.0,2026-09-03T19:33:26.081323+00:00
2016-03-10,590.0,610.0,590.0,610.0,7269,610.0,2026-09-03T19:33:26.081323+00:00
2016-03-13,610.0,620.0,600.0,605.0,3033,605.0,2026-09-03T19:33:26.081323+00:00
2016-03-14,605.0,608.0,600.0,601.0,1606,601.0,2026-09-03T19:33:26.081323+00:00
2016-03-15,601.0,600.0,591.0,591.0,992,591.0,2026-09-03T19:33:26.081323+00:00
2016-03-16,591.0,591.0,585.0,585.0,1320,585.0,2026-09-03T19:33:26.081323+00:00
2016-03-17,585.0,595.0,590.0,595.0,1338,595.0,2026-09-03T19:33:26.081323+00:00
2016-03-20,595.0,654.0,606.0,654.0,25965,654.0,2026-09-03T19:33:26.081323+00:00
2016-03-21,654.0,688.0,640.0,644.0,15467,644.0,2026-09-03T19:33:26.081323+00:00
2016-03-23,644.0,632.0,621.0,621.0,1371,621.0,2026-09-03T19:33:26.081323+00:00
2016-03-24,621.0,611.0,611.0,611.0,50,611.0,2026-09-03T19:33:26.081323+00:00
2016-03-27,611.0,642.0,615.0,620.0,5337,620.0,2026-09-03T19:33:26.081323+00:00
2016-03-28,620.0,617.0,605.0,617.0,800,617.0,2026-09-03T19:33:26.081323+00:00
2016-03-29,617.0,628.0,605.0,625.0,1667,625.0,2026-09-03T19:33:26.081323+00:00
2016-03-30,625.0,637.0,615.0,616.0,560,616.0,2026-09-03T19:33:26.081323+00:00
2016-03-31,616.0,630.0,616.0,630.0,2918,630.0,2026-09-03T19:33:26.081323+00:00
2016-04-03,630.0,625.0,625.0,625.0,400,625.0,2026-09-03T19:33:26.081323+00:00
2016-04-04,625.0,615.0,605.0,605.0,2100,605.0,2026-09-03T19:33:26.081323+00:00
2016-04-05,605.0,617.0,610.0,612.0,2692,612.0,2026-09-03T19:33:26.081323+00:00
2016-04-06,612.0,624.0,605.0,605.0,3200,605.0,2026-09-03T19:33:26.081323+00:00
2016-04-10,605.0,617.0,617.0,617.0,200,617.0,2026-09-03T19:33:26.081323+00:00
2016-04-11,617.0,608.0,608.0,608.0,212,608.0,2026-09-03T19:33:26.081323+00:00
2016-04-12,608.0,612.0,607.0,610.0,5090,610.0,2026-09-03T19:33:26.081323+00:00
2016-04-14,610.0,616.0,610.0,610.0,3330,610.0,2026-09-03T19:33:26.081323+00:00
2016-04-17,610.0,620.0,608.0,612.0,3920,612.0,2026-09-03T19:33:26.081323+00:00
2016-04-18,612.0,615.0,606.0,614.0,2183,614.0,2026-09-03T19:33:26.081323+00:00
2016-04-19,614.0,615.0,610.0,615.0,2270,615.0,2026-09-03T19:33:26.081323+00:00
2016-04-20,615.0,615.0,603.0,612.0,6304,612.0,2026-09-03T19:33:26.081323+00:00
2016-04-21,612.0,612.0,604.0,608.0,5779,608.0,2026-09-03T19:33:26.081323+00:00
2016-04-24,608.0,612.0,605.0,605.0,3630,605.0,2026-09-03T19:33:26.081323+00:00
2016-04-25,605.0,608.0,600.0,600.0,4900,600.0,2026-09-03T19:33:26.081323+00:00
2016-04-26,600.0,612.0,597.0,610.0,2705,610.0,2026-09-03T19:33:26.081323+00:00
2016-04-27,610.0,601.0,600.0,601.0,500,601.0,2026-09-03T19:33:26.081323+00:00
2016-04-28,601.0,603.0,601.0,602.0,1367,602.0,2026-09-03T19:33:26.081323+00:00
2016-05-02,602.0,608.0,601.0,608.0,2305,608.0,2026-09-03T19:33:26.081323+00:00
2016-05-03,608.0,615.0,603.0,610.0,717,610.0,2026-09-03T19:33:26.081323+00:00
2016-05-04,610.0,610.0,602.0,610.0,4667,610.0,2026-09-03T19:33:26.081323+00:00
2016-05-05,610.0,610.0,600.0,610.0,5355,610.0,2026-09-03T19:33:26.081323+00:00
2016-05-08,610.0,609.0,601.0,601.0,2650,601.0,2026-09-03T19:33:26.081323+00:00
2016-05-09,601.0,605.0,601.0,601.0,2882,601.0,2026-09-03T19:33:26.081323+00:00
2016-05-10,601.0,610.0,600.0,605.0,2889,605.0,2026-09-03T19:33:26.081323+00:00
2016-05-11,605.0,606.0,606.0,606.0,467,606.0,2026-09-03T19:33:26.081323+00:00
2016-05-12,606.0,630.0,611.0,619.0,13538,619.0,2026-09-03T19:33:26.081323+00:00
2016-05-15,619.0,617.0,612.0,613.0,3146,613.0,2026-09-03T19:33:26.081323+00:00
2016-05-16,613.0,610.0,610.0,610.0,1666,610.0,2026-09-03T19:33:26.081323+00:00
2016-05-17,610.0,612.0,600.0,602.0,4487,602.0,2026-09-03T19:33:26.081323+00:00
2016-05-18,602.0,610.0,605.0,610.0,6092,610.0,2026-09-03T19:33:26.081323+00:00
2016-05-19,610.0,621.0,615.0,620.0,3546,620.0,2026-09-03T19:33:26.081323+00:00
2016-05-22,620.0,621.0,612.0,612.0,3565,612.0,2026-09-03T19:33:26.081323+00:00
2016-05-23,612.0,620.0,608.0,608.0,10149,608.0,2026-09-03T19:33:26.081323+00:00
2016-05-24,608.0,610.0,607.0,610.0,3131,610.0,2026-09-03T19:33:26.081323+00:00
2016-05-25,610.0,620.0,612.0,620.0,6166,620.0,2026-09-03T19:33:26.081323+00:00
2016-05-26,620.0,618.0,608.0,618.0,5067,618.0,2026-09-03T19:33:26.081323+00:00
2016-05-29,618.0,640.0,622.0,635.0,13228,635.0,2026-09-03T19:33:26.081323+00:00
2016-05-30,635.0,685.0,640.0,683.0,54576,683.0,2026-09-03T19:33:26.081323+00:00
2016-05-31,683.0,739.0,693.0,738.0,79830,738.0,2026-09-03T19:33:26.081323+00:00
2016-06-01,738.0,811.0,735.0,760.0,63264,760.0,2026-09-03T19:33:26.081323+00:00
2016-06-02,760.0,752.0,728.0,748.0,18582,748.0,2026-09-03T19:33:26.081323+00:00
2016-06-05,748.0,735.0,680.0,685.0,9944,685.0,2026-09-03T19:33:26.081323+00:00
2016-06-06,685.0,711.0,685.0,708.0,11555,708.0,2026-09-03T19:33:26.081323+00:00
2016-06-07,708.0,740.0,700.0,700.0,4305,700.0,2026-09-03T19:33:26.081323+00:00
2016-06-08,700.0,719.0,686.0,704.0,10585,704.0,2026-09-03T19:33:26.081323+00:00
2016-06-09,704.0,710.0,696.0,700.0,10259,700.0,2026-09-03T19:33:26.081323+00:00
2016-06-12,700.0,734.0,707.0,709.0,6642,709.0,2026-09-03T19:33:26.081323+00:00
2016-06-13,709.0,710.0,700.0,703.0,3346,703.0,2026-09-03T19:33:26.081323+00:00
2016-06-14,703.0,773.0,715.0,773.0,4135,773.0,2026-09-03T19:33:26.081323+00:00
2016-06-15,773.0,850.0,788.0,850.0,4650,850.0,2026-09-03T19:33:26.081323+00:00
2016-06-16,850.0,935.0,839.0,849.0,66287,849.0,2026-09-03T19:33:26.081323+00:00
2016-06-19,849.0,850.0,800.0,837.0,27590,837.0,2026-09-03T19:33:26.081323+00:00
2016-06-20,837.0,845.0,800.0,824.0,24524,824.0,2026-09-03T19:33:26.081323+00:00
2016-06-21,824.0,846.0,827.0,845.0,20894,845.0,2026-09-03T19:33:26.081323+00:00
2016-06-22,845.0,889.0,845.0,872.0,27209,872.0,2026-09-03T19:33:26.081323+00:00
2016-06-23,872.0,915.0,880.0,885.0,29770,885.0,2026-09-03T19:33:26.081323+00:00
2016-06-26,885.0,925.0,895.0,924.0,51241,924.0,2026-09-03T19:33:26.081323+00:00
2016-06-27,924.0,944.0,912.0,920.0,15972,920.0,2026-09-03T19:33:26.081323+00:00
2016-06-28,920.0,928.0,900.0,925.0,28411,925.0,2026-09-03T19:33:26.081323+00:00
2016-06-29,925.0,930.0,912.0,930.0,18162,930.0,2026-09-03T19:33:26.081323+00:00
2016-06-30,930.0,929.0,909.0,929.0,9305,929.0,2026-09-03T19:33:26.081323+00:00
2016-07-03,929.0,930.0,910.0,920.0,9163,920.0,2026-09-03T19:33:26.081323+00:00
2016-07-04,920.0,940.0,910.0,910.0,6616,910.0,2026-09-03T19:33:26.081323+00:00
2016-07-05,910.0,925.0,900.0,919.0,8513,919.0,2026-09-03T19:33:26.081323+00:00
2016-07-06,919.0,929.0,915.0,924.0,12033,924.0,2026-09-03T19:33:26.081323+00:00
2016-07-10,924.0,924.0,910.0,910.0,3868,910.0,2026-09-03T19:33:26.081323+00:00
2016-07-11,910.0,914.0,896.0,906.0,3463,906.0,2026-09-03T19:33:26.081323+00:00
2016-07-12,906.0,900.0,855.0,885.0,8765,885.0,2026-09-03T19:33:26.081323+00:00
2016-07-13,885.0,895.0,880.0,885.0,2421,885.0,2026-09-03T19:33:26.081323+00:00
2016-07-14,885.0,900.0,885.0,894.0,8633,894.0,2026-09-03T19:33:26.081323+00:00
2016-07-17,894.0,890.0,871.0,875.0,1949,875.0,2026-09-03T19:33:26.081323+00:00
2016-07-18,875.0,920.0,870.0,920.0,7334,920.0,2026-09-03T19:33:26.081323+00:00
2016-07-19,920.0,926.0,895.0,895.0,7215,895.0,2026-09-03T19:33:26.081323+00:00
2016-07-20,895.0,904.0,881.0,904.0,6108,904.0,2026-09-03T19:33:26.081323+00:00
2016-07-21,904.0,900.0,891.0,898.0,3423,898.0,2026-09-03T19:33:26.081323+00:00
2016-07-25,898.0,900.0,875.0,875.0,5446,875.0,2026-09-03T19:33:26.081323+00:00
2016-07-26,875.0,907.0,880.0,892.0,15696,892.0,2026-09-03T19:33:26.081323+00:00
2016-07-27,892.0,939.0,901.0,921.0,21438,921.0,2026-09-03T19:33:26.081323+00:00
2016-07-28,921.0,939.0,920.0,938.0,40420,938.0,2026-09-03T19:33:26.081323+00:00
2016-07-31,938.0,1008.0,920.0,995.0,49779,995.0,2026-09-03T19:33:26.081323+00:00
2016-08-01,995.0,1030.0,960.0,970.0,15050,970.0,2026-09-03T19:33:26.081323+00:00
2016-08-02,970.0,960.0,930.0,949.0,15360,949.0,2026-09-03T19:33:26.081323+00:00
2016-08-03,949.0,960.0,920.0,940.0,9552,940.0,2026-09-03T19:33:26.081323+00:00
2016-08-04,940.0,941.0,900.0,908.0,16312,908.0,2026-09-03T19:33:26.081323+00:00
2016-08-07,908.0,944.0,910.0,915.0,12421,915.0,2026-09-03T19:33:26.081323+00:00
2016-08-08,915.0,915.0,870.0,870.0,3283,870.0,2026-09-03T19:33:26.081323+00:00
2016-08-09,870.0,922.0,887.0,922.0,110,922.0,2026-09-03T19:33:26.081323+00:00
2016-08-10,922.0,940.0,900.0,922.0,15496,922.0,2026-09-03T19:33:26.081323+00:00
2016-08-11,922.0,930.0,910.0,910.0,4200,910.0,2026-09-03T19:33:26.081323+00:00
2016-08-14,910.0,910.0,880.0,882.0,7795,882.0,2026-09-03T19:33:26.081323+00:00
2016-08-15,882.0,890.0,856.0,875.0,11093,875.0,2026-09-03T19:33:26.081323+00:00
2016-08-16,875.0,895.0,875.0,895.0,6031,895.0,2026-09-03T19:33:26.081323+00:00
2016-08-17,895.0,904.0,880.0,904.0,4700,904.0,2026-09-03T19:33:26.081323+00:00
2016-08-21,904.0,900.0,882.0,882.0,600,882.0,2026-09-03T19:33:26.081323+00:00
2016-08-22,882.0,870.0,840.0,840.0,1210,840.0,2026-09-03T19:33:26.081323+00:00
2016-08-23,840.0,882.0,850.0,865.0,2525,865.0,2026-09-03T19:33:26.081323+00:00
2016-08-24,865.0,878.0,849.0,878.0,2630,878.0,2026-09-03T19:33:26.081323+00:00
2016-08-28,878.0,894.0,862.0,862.0,590,862.0,2026-09-03T19:33:26.081323+00:00
2016-08-29,862.0,879.0,862.0,862.0,378,862.0,2026-09-03T19:33:26.081323+00:00
2016-08-30,862.0,877.0,850.0,877.0,2749,877.0,2026-09-03T19:33:26.081323+00:00
2016-08-31,877.0,860.0,813.0,839.0,13773,839.0,2026-09-03T19:33:26.081323+00:00
2016-09-01,839.0,854.0,824.0,841.0,3967,841.0,2026-09-03T19:33:26.081323+00:00
2016-09-03,841.0,850.0,837.0,845.0,1374,845.0,2026-09-03T19:33:26.081323+00:00
2016-09-04,841.0,850.0,837.0,845.0,1374,845.0,2026-09-03T19:33:26.081323+00:00
2016-09-05,845.0,852.0,840.0,840.0,3623,840.0,2026-09-03T19:33:26.081323+00:00
2016-09-06,840.0,856.0,830.0,835.0,11024,835.0,2026-09-03T19:33:26.081323+00:00
2016-09-07,835.0,845.0,825.0,840.0,2200,840.0,2026-09-03T19:33:26.081323+00:00
2016-09-08,840.0,850.0,833.0,833.0,2964,833.0,2026-09-03T19:33:26.081323+00:00
2016-09-11,833.0,840.0,828.0,830.0,4717,830.0,2026-09-03T19:33:26.081323+00:00
2016-09-12,830.0,829.0,823.0,829.0,800,829.0,2026-09-03T19:33:26.081323+00:00
2016-09-14,829.0,829.0,822.0,823.0,750,823.0,2026-09-03T19:33:26.081323+00:00
2016-09-18,823.0,825.0,823.0,825.0,223,825.0,2026-09-03T19:33:26.081323+00:00
2016-09-20,825.0,830.0,829.0,829.0,800,829.0,2026-09-03T19:33:26.081323+00:00
2016-09-21,829.0,830.0,821.0,825.0,1450,825.0,2026-09-03T19:33:26.081323+00:00
2016-09-22,825.0,820.0,810.0,818.0,2177,818.0,2026-09-03T19:33:26.081323+00:00
2016-09-25,818.0,805.0,790.0,790.0,2236,790.0,2026-09-03T19:33:26.081323+00:00
2016-09-26,790.0,810.0,790.0,801.0,2320,801.0,2026-09-03T19:33:26.081323+00:00
2016-09-27,801.0,810.0,810.0,810.0,100,810.0,2026-09-03T19:33:26.081323+00:00
2016-09-28,810.0,810.0,800.0,805.0,2280,805.0,2026-09-03T19:33:26.081323+00:00
2016-09-29,805.0,810.0,804.0,804.0,1166,804.0,2026-09-03T19:33:26.081323+00:00
2016-10-03,804.0,810.0,810.0,810.0,100,810.0,2026-09-03T19:33:26.081323+00:00
2016-10-04,810.0,820.0,795.0,806.0,5433,806.0,2026-09-03T19:33:26.081323+00:00
2016-10-05,806.0,810.0,797.0,810.0,2050,810.0,2026-09-03T19:33:26.081323+00:00
2016-10-06,810.0,825.0,812.0,812.0,1540,812.0,2026-09-03T19:33:26.081323+00:00
2016-10-16,812.0,801.0,801.0,801.0,200,801.0,2026-09-03T19:33:26.081323+00:00
2016-10-17,801.0,817.0,804.0,817.0,1873,817.0,2026-09-03T19:33:26.081323+00:00
2016-10-18,817.0,820.0,807.0,820.0,2000,820.0,2026-09-03T19:33:26.081323+00:00
2016-10-19,820.0,818.0,810.0,810.0,708,810.0,2026-09-03T19:33:26.081323+00:00
2016-10-20,810.0,824.0,820.0,824.0,1033,824.0,2026-09-03T19:33:26.081323+00:00
2016-10-23,824.0,820.0,810.0,815.0,2073,815.0,2026-09-03T19:33:26.081323+00:00
2016-10-24,815.0,823.0,786.0,809.0,1330,809.0,2026-09-03T19:33:26.081323+00:00
2016-10-25,809.0,810.0,810.0,810.0,100,810.0,2026-09-03T19:33:26.081323+00:00
2016-10-26,810.0,800.0,785.0,795.0,2776,795.0,2026-09-03T19:33:26.081323+00:00
2016-10-27,795.0,800.0,790.0,790.0,1080,790.0,2026-09-03T19:33:26.081323+00:00
2016-11-03,790.0,790.0,776.0,785.0,1300,785.0,2026-09-03T19:33:26.081323+00:00
2016-11-07,785.0,850.0,778.0,778.0,8193,778.0,2026-09-03T19:33:26.081323+00:00
2016-11-08,778.0,763.0,718.0,725.0,4020,725.0,2026-09-03T19:33:26.081323+00:00
2016-11-09,725.0,725.0,711.0,711.0,364,711.0,2026-09-03T19:33:26.081323+00:00
2016-11-10,711.0,715.0,705.0,705.0,270,705.0,2026-09-03T19:33:26.081323+00:00
2016-11-13,705.0,718.0,706.0,718.0,884,718.0,2026-09-03T19:33:26.081323+00:00
2016-11-15,718.0,715.0,683.0,683.0,2011,683.0,2026-09-03T19:33:26.081323+00:00
2016-11-16,683.0,685.0,680.0,685.0,750,685.0,2026-09-03T19:33:26.081323+00:00
2016-11-17,685.0,678.0,660.0,660.0,1085,660.0,2026-09-03T19:33:26.081323+00:00
2016-11-20,660.0,647.0,620.0,620.0,2450,620.0,2026-09-03T19:33:26.081323+00:00
2016-11-21,620.0,620.0,602.0,620.0,1600,620.0,2026-09-03T19:33:26.081323+00:00
2016-11-22,620.0,625.0,613.0,613.0,1000,613.0,2026-09-03T19:33:26.081323+00:00
2016-11-23,613.0,624.0,613.0,624.0,1540,624.0,2026-09-03T19:33:26.081323+00:00
2016-11-24,624.0,636.0,591.0,600.0,4300,600.0,2026-09-03T19:33:26.081323+00:00
2016-11-27,600.0,612.0,578.0,585.0,10915,585.0,2026-09-03T19:33:26.081323+00:00
2016-11-28,585.0,580.0,560.0,580.0,5381,580.0,2026-09-03T19:33:26.081323+00:00
2016-11-29,580.0,638.0,580.0,638.0,3625,638.0,2026-09-03T19:33:26.081323+00:00
2016-11-30,638.0,683.0,650.0,680.0,4260,680.0,2026-09-03T19:33:26.081323+00:00
2016-12-01,680.0,696.0,665.0,670.0,5510,670.0,2026-09-03T19:33:26.081323+00:00
2016-12-04,670.0,670.0,645.0,655.0,3309,655.0,2026-09-03T19:33:26.081323+00:00
2016-12-05,612.0,615.0,603.0,603.0,220,603.0,2026-09-03T19:33:26.081323+00:00
2016-12-06,603.0,591.0,575.0,577.0,2910,577.0,2026-09-03T19:33:26.081323+00:00
2016-12-07,577.0,588.0,588.0,588.0,14,588.0,2026-09-03T19:33:26.081323+00:00
2016-12-08,588.0,601.0,577.0,600.0,3440,600.0,2026-09-03T19:33:26.081323+00:00
2016-12-11,600.0,590.0,575.0,575.0,1235,575.0,2026-09-03T19:33:26.081323+00:00
2016-12-12,575.0,577.0,571.0,577.0,1280,577.0,2026-09-03T19:33:26.081323+00:00
2016-12-14,577.0,580.0,572.0,580.0,450,580.0,2026-09-03T19:33:26.081323+00:00
2016-12-15,580.0,607.0,575.0,607.0,540,607.0,2026-09-03T19:33:26.081323+00:00
2016-12-18,607.0,619.0,619.0,619.0,10,619.0,2026-09-03T19:33:26.081323+00:00
2016-12-19,619.0,607.0,595.0,595.0,290,595.0,2026-09-03T19:33:26.081323+00:00
2016-12-20,595.0,585.0,570.0,572.0,3200,572.0,2026-09-03T19:33:26.081323+00:00
2016-12-21,572.0,571.0,560.0,571.0,710,571.0,2026-09-03T19:33:26.081323+00:00
2016-12-22,571.0,575.0,570.0,575.0,800,575.0,2026-09-03T19:33:26.081323+00:00
2016-12-26,575.0,575.0,565.0,565.0,2450,565.0,2026-09-03T19:33:26.081323+00:00
2016-12-27,565.0,570.0,545.0,560.0,1141,560.0,2026-09-03T19:33:26.081323+00:00
2016-12-28,560.0,569.0,550.0,560.0,1070,560.0,2026-09-03T19:33:26.081323+00:00
2016-12-29,560.0,580.0,550.0,550.0,950,550.0,2026-09-03T19:33:26.081323+00:00
2017-01-01,550.0,562.0,550.0,559.0,9760,559.0,2026-09-03T19:33:26.081323+00:00
2017-01-02,559.0,562.0,559.0,559.0,5280,559.0,2026-09-03T19:33:26.081323+00:00
2017-01-03,559.0,560.0,548.0,550.0,7970,550.0,2026-09-03T19:33:26.081323+00:00
2017-01-04,550.0,560.0,552.0,560.0,2970,560.0,2026-09-03T19:33:26.081323+00:00
2017-01-05,560.0,554.0,553.0,553.0,1502,553.0,2026-09-03T19:33:26.081323+00:00
2017-01-08,553.0,564.0,554.0,554.0,110,554.0,2026-09-03T19:33:26.081323+00:00
2017-01-09,554.0,559.0,558.0,559.0,1290,559.0,2026-09-03T19:33:26.081323+00:00
2017-01-10,559.0,560.0,555.0,555.0,1853,555.0,2026-09-03T19:33:26.081323+00:00
2017-01-11,555.0,550.0,550.0,550.0,100,550.0,2026-09-03T19:33:26.081323+00:00
2017-01-12,550.0,560.0,560.0,560.0,120,560.0,2026-09-03T19:33:26.081323+00:00
2017-01-15,560.0,559.0,559.0,559.0,300,559.0,2026-09-03T19:33:26.081323+00:00
2017-01-16,559.0,556.0,549.0,549.0,500,549.0,2026-09-03T19:33:26.081323+00:00
2017-01-17,549.0,544.0,544.0,544.0,203,544.0,2026-09-03T19:33:26.081323+00:00
2017-01-22,544.0,542.0,542.0,542.0,251,542.0,2026-09-03T19:33:26.081323+00:00
2017-01-23,542.0,550.0,536.0,550.0,2010,550.0,2026-09-03T19:33:26.081323+00:00
2017-01-24,550.0,549.0,538.0,538.0,130,538.0,2026-09-03T19:33:26.081323+00:00
2017-01-25,538.0,538.0,518.0,518.0,1050,518.0,2026-09-03T19:33:26.081323+00:00
2017-01-26,518.0,528.0,508.0,515.0,2150,515.0,2026-09-03T19:33:26.081323+00:00
2017-01-30,515.0,510.0,500.0,500.0,1450,500.0,2026-09-03T19:33:26.081323+00:00
2017-01-31,500.0,512.0,485.0,512.0,28790,512.0,2026-09-03T19:33:26.081323+00:00
2017-02-01,512.0,532.0,500.0,532.0,30990,532.0,2026-09-03T19:33:26.081323+00:00
2017-02-02,532.0,542.0,520.0,530.0,11310,530.0,2026-09-03T19:33:26.081323+00:00
2017-02-05,530.0,530.0,530.0,530.0,300,530.0,2026-09-03T19:33:26.081323+00:00
2017-02-07,530.0,524.0,510.0,523.0,1483,523.0,2026-09-03T19:33:26.081323+00:00
2017-02-08,523.0,524.0,495.0,524.0,2020,524.0,2026-09-03T19:33:26.081323+00:00
2017-02-09,524.0,518.0,508.0,508.0,320,508.0,2026-09-03T19:33:26.081323+00:00
2017-02-12,508.0,502.0,484.0,490.0,2484,490.0,2026-09-03T19:33:26.081323+00:00
2017-02-13,490.0,499.0,464.0,499.0,1960,499.0,2026-09-03T19:33:26.081323+00:00
2017-02-14,499.0,490.0,470.0,481.0,5551,481.0,2026-09-03T19:33:26.081323+00:00
2017-02-15,481.0,500.0,489.0,498.0,6292,498.0,2026-09-03T19:33:26.081323+00:00
2017-02-16,498.0,507.0,496.0,505.0,2410,505.0,2026-09-03T19:33:26.081323+00:00
2017-02-19,505.0,510.0,500.0,510.0,2266,510.0,2026-09-03T19:33:26.081323+00:00
2017-02-20,510.0,510.0,500.0,510.0,650,510.0,2026-09-03T19:33:26.081323+00:00
2017-02-21,510.0,518.0,498.0,498.0,270,498.0,2026-09-03T19:33:26.081323+00:00
2017-02-22,498.0,490.0,490.0,490.0,7000,490.0,2026-09-03T19:33:26.081323+00:00
2017-02-23,490.0,495.0,495.0,495.0,150,495.0,2026-09-03T19:33:26.081323+00:00
2017-02-26,495.0,486.0,478.0,478.0,2092,478.0,2026-09-03T19:33:26.081323+00:00
2017-02-28,478.0,490.0,487.0,490.0,350,490.0,2026-09-03T19:33:26.081323+00:00
2017-03-01,490.0,482.0,475.0,475.0,1720,475.0,2026-09-03T19:33:26.081323+00:00
2017-03-02,475.0,512.0,484.0,512.0,40,512.0,2026-09-03T19:33:26.081323+00:00
2017-03-05,512.0,509.0,499.0,500.0,2570,500.0,2026-09-03T19:33:26.081323+00:00
2017-03-06,500.0,492.0,492.0,492.0,10,492.0,2026-09-03T19:33:26.081323+00:00
2017-03-07,492.0,500.0,500.0,500.0,330,500.0,2026-09-03T19:33:26.081323+00:00
2017-03-09,500.0,501.0,492.0,501.0,5630,501.0,2026-09-03T19:33:26.081323+00:00
2017-03-13,501.0,505.0,496.0,496.0,1020,496.0,2026-09-03T19:33:26.081323+00:00
2017-03-14,496.0,500.0,491.0,491.0,1144,491.0,2026-09-03T19:33:26.081323+00:00
2017-03-15,491.0,520.0,492.0,520.0,2020,520.0,2026-09-03T19:33:26.081323+00:00
2017-03-16,520.0,530.0,515.0,520.0,250,520.0,2026-09-03T19:33:26.081323+00:00
2017-03-19,520.0,523.0,510.0,523.0,1080,523.0,2026-09-03T19:33:26.081323+00:00
2017-03-20,523.0,555.0,505.0,540.0,8112,540.0,2026-09-03T19:33:26.081323+00:00
2017-03-21,540.0,566.0,535.0,566.0,7030,566.0,2026-09-03T19:33:26.081323+00:00
2017-03-22,566.0,588.0,555.0,560.0,17055,560.0,2026-09-03T19:33:26.081323+00:00
2017-03-23,560.0,580.0,555.0,575.0,11744,575.0,2026-09-03T19:33:26.081323+00:00
2017-03-26,575.0,630.0,585.0,630.0,14219,630.0,2026-09-03T19:33:26.081323+00:00
2017-03-28,630.0,693.0,642.0,693.0,30146,693.0,2026-09-03T19:33:26.081323+00:00
2017-03-29,693.0,748.0,682.0,682.0,29715,682.0,2026-09-03T19:33:26.081323+00:00
2017-03-30,682.0,700.0,669.0,675.0,4800,675.0,2026-09-03T19:33:26.081323+00:00
2017-04-02,675.0,705.0,670.0,705.0,790,705.0,2026-09-03T19:33:26.081323+00:00
2017-04-03,705.0,733.0,686.0,686.0,8551,686.0,2026-09-03T19:33:26.081323+00:00
2017-04-04,686.0,699.0,660.0,670.0,7140,670.0,2026-09-03T19:33:26.081323+00:00
2017-04-06,670.0,670.0,656.0,656.0,3470,656.0,2026-09-03T19:33:26.081323+00:00
2017-04-09,656.0,665.0,655.0,665.0,2230,665.0,2026-09-03T19:33:26.081323+00:00
2017-04-10,665.0,706.0,670.0,699.0,5047,699.0,2026-09-03T19:33:26.081323+00:00
2017-04-11,699.0,726.0,674.0,677.0,2877,677.0,2026-09-03T19:33:26.081323+00:00
2017-04-12,677.0,703.0,679.0,679.0,7710,679.0,2026-09-03T19:33:26.081323+00:00
2017-04-13,679.0,692.0,666.0,678.0,1951,678.0,2026-09-03T19:33:26.081323+00:00
2017-04-16,678.0,703.0,690.0,703.0,120,703.0,2026-09-03T19:33:26.081323+00:00
2017-04-18,703.0,689.0,652.0,660.0,5110,660.0,2026-09-03T19:33:26.081323+00:00
2017-04-19,660.0,699.0,665.0,689.0,1638,689.0,2026-09-03T19:33:26.081323+00:00
2017-04-20,689.0,690.0,675.0,685.0,10590,685.0,2026-09-03T19:33:26.081323+00:00
2017-04-23,685.0,725.0,686.0,686.0,1675,686.0,2026-09-03T19:33:26.081323+00:00
2017-04-24,686.0,688.0,673.0,675.0,460,675.0,2026-09-03T19:33:26.081323+00:00
2017-04-25,675.0,688.0,662.0,688.0,3560,688.0,2026-09-03T19:33:26.081323+00:00
2017-04-26,688.0,675.0,670.0,670.0,1500,670.0,2026-09-03T19:33:26.081323+00:00
2017-04-27,670.0,696.0,657.0,696.0,230,696.0,2026-09-03T19:33:26.081323+00:00
2017-04-30,696.0,683.0,683.0,683.0,100,683.0,2026-09-03T19:33:26.081323+00:00
2017-05-02,683.0,690.0,689.0,690.0,200,690.0,2026-09-03T19:33:26.081323+00:00
2017-05-03,690.0,680.0,667.0,679.0,3977,679.0,2026-09-03T19:33:26.081323+00:00
2017-05-04,679.0,666.0,655.0,657.0,1000,657.0,2026-09-03T19:33:26.081323+00:00
2017-05-07,657.0,669.0,650.0,650.0,3052,650.0,2026-09-03T19:33:26.081323+00:00
2017-05-08,650.0,650.0,638.0,638.0,400,638.0,2026-09-03T19:33:26.081323+00:00
2017-05-09,638.0,700.0,630.0,692.0,1493,692.0,2026-09-03T19:33:26.081323+00:00
2017-05-11,692.0,687.0,655.0,666.0,1980,666.0,2026-09-03T19:33:26.081323+00:00
2017-05-15,666.0,692.0,679.0,683.0,1223,683.0,2026-09-03T19:33:26.081323+00:00
2017-05-16,683.0,680.0,669.0,669.0,4249,669.0,2026-09-03T19:33:26.081323+00:00
2017-05-17,669.0,666.0,658.0,666.0,909,666.0,2026-09-03T19:33:26.081323+00:00
2017-05-18,666.0,679.0,662.0,679.0,1078,679.0,2026-09-03T19:33:26.081323+00:00
2017-05-21,679.0,681.0,654.0,654.0,1343,654.0,2026-09-03T19:33:26.081323+00:00
2017-05-22,654.0,680.0,651.0,667.0,661,667.0,2026-09-03T19:33:26.081323+00:00
2017-05-23,667.0,680.0,675.0,680.0,1939,680.0,2026-09-03T19:33:26.081323+00:00
2017-05-24,680.0,677.0,670.0,675.0,1760,675.0,2026-09-03T19:33:26.081323+00:00
2017-05-28,675.0,670.0,665.0,667.0,1527,667.0,2026-09-03T19:33:26.081323+00:00
2017-05-30,667.0,693.0,654.0,693.0,438,693.0,2026-09-03T19:33:26.081323+00:00
2017-06-01,693.0,680.0,667.0,669.0,520,669.0,2026-09-03T19:33:26.081323+00:00
2017-06-04,669.0,660.0,641.0,648.0,2510,648.0,2026-09-03T19:33:26.081323+00:00
2017-06-05,648.0,665.0,640.0,654.0,5825,654.0,2026-09-03T19:33:26.081323+00:00
2017-06-06,654.0,677.0,654.0,677.0,6038,677.0,2026-09-03T19:33:26.081323+00:00
2017-06-07,677.0,709.0,675.0,675.0,9682,675.0,2026-09-03T19:33:26.081323+00:00
2017-06-08,675.0,686.0,680.0,685.0,340,685.0,2026-09-03T19:33:26.081323+00:00
2017-06-11,685.0,672.0,659.0,666.0,10127,666.0,2026-09-03T19:33:26.081323+00:00
2017-06-12,666.0,660.0,660.0,660.0,3000,660.0,2026-09-03T19:33:26.081323+00:00
2017-06-13,660.0,665.0,654.0,654.0,3048,654.0,2026-09-03T19:33:26.081323+00:00
2017-06-14,654.0,655.0,650.0,651.0,5535,651.0,2026-09-03T19:33:26.081323+00:00
2017-06-15,651.0,670.0,655.0,670.0,2156,670.0,2026-09-03T19:33:26.081323+00:00
2017-06-18,670.0,657.0,650.0,650.0,300,650.0,2026-09-03T19:33:26.081323+00:00
2017-06-21,650.0,652.0,640.0,652.0,521,652.0,2026-09-03T19:33:26.081323+00:00
2017-06-22,652.0,650.0,641.0,641.0,831,641.0,2026-09-03T19:33:26.081323+00:00
2017-06-25,641.0,645.0,640.0,640.0,124,640.0,2026-09-03T19:33:26.081323+00:00
2017-06-27,640.0,633.0,630.0,630.0,2350,630.0,2026-09-03T19:33:26.081323+00:00
2017-06-28,630.0,642.0,635.0,640.0,2750,640.0,2026-09-03T19:33:26.081323+00:00
2017-07-02,640.0,628.0,616.0,621.0,2495,621.0,2026-09-03T19:33:26.081323+00:00
2017-07-03,621.0,625.0,615.0,615.0,3090,615.0,2026-09-03T19:33:26.081323+00:00
2017-07-04,615.0,615.0,611.0,611.0,1550,611.0,2026-09-03T19:33:26.081323+00:00
2017-07-05,611.0,615.0,615.0,615.0,495,615.0,2026-09-03T19:33:26.081323+00:00
2017-07-06,615.0,632.0,620.0,630.0,1590,630.0,2026-09-03T19:33:26.081323+00:00
2017-07-09,630.0,642.0,625.0,625.0,1500,625.0,2026-09-03T19:33:26.081323+00:00
2017-07-10,625.0,625.0,613.0,625.0,484,625.0,2026-09-03T19:33:26.081323+00:00
2017-07-11,625.0,629.0,616.0,629.0,911,629.0,2026-09-03T19:33:26.081323+00:00
2017-07-12,629.0,653.0,626.0,626.0,619,626.0,2026-09-03T19:33:26.081323+00:00
2017-07-13,626.0,626.0,620.0,620.0,2705,620.0,2026-09-03T19:33:26.081323+00:00
2017-07-16,620.0,620.0,620.0,620.0,431,620.0,2026-09-03T19:33:26.081323+00:00
2017-07-17,620.0,632.0,620.0,632.0,108,632.0,2026-09-03T19:33:26.081323+00:00
2017-07-18,632.0,636.0,626.0,626.0,1377,626.0,2026-09-03T19:33:26.081323+00:00
2017-07-19,626.0,640.0,625.0,640.0,1873,640.0,2026-09-03T19:33:26.081323+00:00
2017-07-20,640.0,635.0,630.0,630.0,1760,630.0,2026-09-03T19:33:26.081323+00:00
2017-07-23,630.0,630.0,606.0,630.0,2457,630.0,2026-09-03T19:33:26.081323+00:00
2017-07-24,630.0,635.0,630.0,635.0,240,635.0,2026-09-03T19:33:26.081323+00:00
2017-07-25,635.0,640.0,626.0,635.0,2851,635.0,2026-09-03T19:33:26.081323+00:00
2017-07-26,635.0,650.0,635.0,635.0,2582,635.0,2026-09-03T19:33:26.081323+00:00
2017-07-27,635.0,634.0,628.0,634.0,272,634.0,2026-09-03T19:33:26.081323+00:00
2017-07-30,634.0,655.0,646.0,650.0,1142,650.0,2026-09-03T19:33:26.081323+00:00
2017-07-31,650.0,655.0,640.0,650.0,8725,650.0,2026-09-03T19:33:26.081323+00:00
2017-08-01,650.0,655.0,645.0,655.0,6799,655.0,2026-09-03T19:33:26.081323+00:00
2017-08-02,655.0,673.0,656.0,668.0,13643,668.0,2026-09-03T19:33:26.081323+00:00
2017-08-03,668.0,673.0,655.0,666.0,6293,666.0,2026-09-03T19:33:26.081323+00:00
2017-08-06,666.0,669.0,652.0,652.0,3607,652.0,2026-09-03T19:33:26.081323+00:00
2017-08-07,652.0,654.0,648.0,654.0,12550,654.0,2026-09-03T19:33:26.081323+00:00
2017-08-09,654.0,660.0,645.0,650.0,8349,650.0,2026-09-03T19:33:26.081323+00:00
2017-08-10,650.0,653.0,641.0,653.0,3605,653.0,2026-09-03T19:33:26.081323+00:00
2017-08-13,653.0,660.0,645.0,645.0,849,645.0,2026-09-03T19:33:26.081323+00:00
2017-08-15,645.0,645.0,640.0,642.0,1984,642.0,2026-09-03T19:33:26.081323+00:00
2017-08-16,642.0,646.0,637.0,640.0,1002,640.0,2026-09-03T19:33:26.081323+00:00
2017-08-17,640.0,640.0,636.0,636.0,79,636.0,2026-09-03T19:33:26.081323+00:00
2017-08-20,636.0,640.0,632.0,632.0,2141,632.0,2026-09-03T19:33:26.081323+00:00
2017-08-21,632.0,635.0,623.0,623.0,1200,623.0,2026-09-03T19:33:26.081323+00:00
2017-08-22,623.0,636.0,630.0,635.0,3255,635.0,2026-09-03T19:33:26.081323+00:00
2017-08-23,635.0,635.0,626.0,626.0,472,626.0,2026-09-03T19:33:26.081323+00:00
2017-08-24,626.0,638.0,630.0,636.0,973,636.0,2026-09-03T19:33:26.081323+00:00
2017-08-27,636.0,635.0,635.0,635.0,500,635.0,2026-09-03T19:33:26.081323+00:00
2017-08-28,635.0,635.0,611.0,617.0,1216,617.0,2026-09-03T19:33:26.081323+00:00
2017-08-30,617.0,649.0,622.0,640.0,2153,640.0,2026-09-03T19:33:26.081323+00:00
2017-08-31,640.0,640.0,627.0,640.0,2108,640.0,2026-09-03T19:33:26.081323+00:00
2017-09-04,640.0,630.0,624.0,625.0,1871,625.0,2026-09-03T19:33:26.081323+00:00
2017-09-06,625.0,630.0,625.0,630.0,657,630.0,2026-09-03T19:33:26.081323+00:00
2017-09-07,630.0,640.0,632.0,634.0,533,634.0,2026-09-03T19:33:26.081323+00:00
2017-09-10,634.0,625.0,611.0,616.0,1509,616.0,2026-09-03T19:33:26.081323+00:00
2017-09-11,616.0,620.0,616.0,616.0,1796,616.0,2026-09-03T19:33:26.081323+00:00
2017-09-12,616.0,616.0,607.0,607.0,3660,607.0,2026-09-03T19:33:26.081323+00:00
2017-09-13,607.0,618.0,605.0,618.0,3477,618.0,2026-09-03T19:33:26.081323+00:00
2017-09-14,618.0,632.0,614.0,619.0,3145,619.0,2026-09-03T19:33:26.081323+00:00
2017-09-17,619.0,637.0,625.0,625.0,788,625.0,2026-09-03T19:33:26.081323+00:00
2017-09-18,625.0,623.0,619.0,619.0,1042,619.0,2026-09-03T19:33:26.081323+00:00
2017-09-20,619.0,620.0,616.0,620.0,1155,620.0,2026-09-03T19:33:26.081323+00:00
2017-09-24,620.0,612.0,610.0,612.0,371,612.0,2026-09-03T19:33:26.081323+00:00
2017-09-25,612.0,624.0,624.0,624.0,50,624.0,2026-09-03T19:33:26.081323+00:00
2017-09-26,624.0,624.0,620.0,620.0,595,620.0,2026-09-03T19:33:26.081323+00:00
2017-10-03,620.0,635.0,632.0,635.0,110,635.0,2026-09-03T19:33:26.081323+00:00
2017-10-04,635.0,646.0,637.0,640.0,2470,640.0,2026-09-03T19:33:26.081323+00:00
2017-10-08,640.0,628.0,611.0,615.0,660,615.0,2026-09-03T19:33:26.081323+00:00
2017-10-09,615.0,629.0,608.0,628.0,4418,628.0,2026-09-03T19:33:26.081323+00:00
2017-10-10,628.0,616.0,609.0,611.0,907,611.0,2026-09-03T19:33:26.081323+00:00
2017-10-11,611.0,615.0,610.0,610.0,1715,610.0,2026-09-03T19:33:26.081323+00:00
2017-10-15,610.0,615.0,600.0,615.0,1425,615.0,2026-09-03T19:33:26.081323+00:00
2017-10-16,615.0,646.0,617.0,646.0,40696,646.0,2026-09-03T19:33:26.081323+00:00
2017-10-17,646.0,657.0,617.0,642.0,38258,642.0,2026-09-03T19:33:26.081323+00:00
2017-10-18,642.0,642.0,635.0,642.0,800,642.0,2026-09-03T19:33:26.081323+00:00
2017-10-22,642.0,645.0,620.0,644.0,38450,644.0,2026-09-03T19:33:26.081323+00:00
2017-10-23,644.0,650.0,636.0,645.0,22420,645.0,2026-09-03T19:33:26.081323+00:00
2017-10-24,645.0,645.0,618.0,640.0,42624,640.0,2026-09-03T19:33:26.081323+00:00
2017-10-25,640.0,640.0,628.0,633.0,3330,633.0,2026-09-03T19:33:26.081323+00:00
2017-10-29,633.0,629.0,620.0,621.0,28965,621.0,2026-09-03T19:33:26.081323+00:00
2017-10-30,621.0,630.0,612.0,628.0,30750,628.0,2026-09-03T19:33:26.081323+00:00
2017-10-31,628.0,625.0,615.0,615.0,2120,615.0,2026-09-03T19:33:26.081323+00:00
2017-11-01,615.0,628.0,612.0,613.0,10266,613.0,2026-09-03T19:33:26.081323+00:00
2017-11-02,613.0,625.0,613.0,617.0,841,617.0,2026-09-03T19:33:26.081323+00:00
2017-11-05,617.0,608.0,605.0,605.0,743,605.0,2026-09-03T19:33:26.081323+00:00
2017-11-06,605.0,618.0,594.0,605.0,2890,605.0,2026-09-03T19:33:26.081323+00:00
2017-11-07,605.0,617.0,605.0,605.0,4677,605.0,2026-09-03T19:33:26.081323+00:00
2017-11-08,605.0,617.0,594.0,605.0,902,605.0,2026-09-03T19:33:26.081323+00:00
2017-11-09,605.0,616.0,605.0,610.0,1680,610.0,2026-09-03T19:33:26.081323+00:00
2017-11-12,610.0,625.0,610.0,625.0,210,625.0,2026-09-03T19:33:26.081323+00:00
2017-11-13,625.0,625.0,613.0,620.0,21126,620.0,2026-09-03T19:33:26.081323+00:00
2017-11-14,620.0,640.0,612.0,633.0,23834,633.0,2026-09-03T19:33:26.081323+00:00
2017-11-15,633.0,635.0,628.0,630.0,2258,630.0,2026-09-03T19:33:26.081323+00:00
2017-11-16,630.0,619.0,617.0,619.0,5600,619.0,2026-09-03T19:33:26.081323+00:00
2017-11-19,619.0,631.0,609.0,615.0,2809,615.0,2026-09-03T19:33:26.081323+00:00
2017-11-20,615.0,615.0,610.0,615.0,650,615.0,2026-09-03T19:33:26.081323+00:00
2017-11-21,615.0,627.0,615.0,615.0,434,615.0,2026-09-03T19:33:26.081323+00:00
2017-11-22,615.0,639.0,615.0,628.0,20382,628.0,2026-09-03T19:33:26.081323+00:00
2017-11-23,628.0,658.0,630.0,650.0,44041,650.0,2026-09-03T19:33:26.081323+00:00
2017-11-26,650.0,685.0,660.0,679.0,32945,679.0,2026-09-03T19:33:26.081323+00:00
2017-11-27,679.0,692.0,665.0,681.0,54675,681.0,2026-09-03T19:33:26.081323+00:00
2017-11-28,681.0,717.0,670.0,704.0,57222,704.0,2026-09-03T19:33:26.081323+00:00
2017-11-29,704.0,732.0,706.0,718.0,97076,718.0,2026-09-03T19:33:26.081323+00:00
2017-11-30,718.0,741.0,702.0,729.0,64779,729.0,2026-09-03T19:33:26.081323+00:00
2017-12-04,729.0,735.0,718.0,725.0,41690,725.0,2026-09-03T19:33:26.081323+00:00
2017-12-05,725.0,783.0,732.0,740.0,134904,740.0,2026-09-03T19:33:26.081323+00:00
2017-12-06,740.0,750.0,735.0,739.0,28405,739.0,2026-09-03T19:33:26.081323+00:00
2017-12-10,739.0,770.0,740.0,746.0,71405,746.0,2026-09-03T19:33:26.081323+00:00
2017-12-11,746.0,748.0,733.0,745.0,23786,745.0,2026-09-03T19:33:26.081323+00:00
2017-12-12,745.0,740.0,730.0,735.0,33355,735.0,2026-09-03T19:33:26.081323+00:00
2017-12-13,735.0,745.0,731.0,742.0,15965,742.0,2026-09-03T19:33:26.081323+00:00
2017-12-14,742.0,754.0,723.0,735.0,24412,735.0,2026-09-03T19:33:26.081323+00:00
2017-12-17,735.0,735.0,721.0,721.0,17568,721.0,2026-09-03T19:33:26.081323+00:00
2017-12-18,721.0,729.0,717.0,725.0,19022,725.0,2026-09-03T19:33:26.081323+00:00
2017-12-19,725.0,721.0,715.0,719.0,11670,719.0,2026-09-03T19:33:26.081323+00:00
2017-12-20,719.0,724.0,701.0,706.0,8920,706.0,2026-09-03T19:33:26.081323+00:00
2017-12-21,706.0,720.0,696.0,702.0,7862,702.0,2026-09-03T19:33:26.081323+00:00
2017-12-24,702.0,714.0,698.0,700.0,9293,700.0,2026-09-03T19:33:26.081323+00:00
2017-12-26,700.0,703.0,682.0,685.0,17642,685.0,2026-09-03T19:33:26.081323+00:00
2017-12-27,685.0,698.0,670.0,672.0,18606,672.0,2026-09-03T19:33:26.081323+00:00
2017-12-28,672.0,685.0,665.0,671.0,13493,671.0,2026-09-03T19:33:26.081323+00:00
2017-12-31,671.0,684.0,664.0,675.0,12808,675.0,2026-09-03T19:33:26.081323+00:00
2018-01-01,675.0,693.0,675.0,691.0,16391,691.0,2026-09-03T19:33:26.081323+00:00
2018-01-02,691.0,694.0,685.0,685.0,8147,685.0,2026-09-03T19:33:26.081323+00:00
2018-01-03,685.0,687.0,676.0,677.0,4950,677.0,2026-09-03T19:33:26.081323+00:00
2018-01-04,677.0,690.0,680.0,680.0,70,680.0,2026-09-03T19:33:26.081323+00:00
2018-01-07,680.0,692.0,680.0,680.0,3574,680.0,2026-09-03T19:33:26.081323+00:00
2018-01-08,680.0,690.0,668.0,668.0,14682,668.0,2026-09-03T19:33:26.081323+00:00
2018-01-09,668.0,690.0,667.0,670.0,24774,670.0,2026-09-03T19:33:26.081323+00:00
2018-01-10,670.0,680.0,667.0,677.0,5221,677.0,2026-09-03T19:33:26.081323+00:00
2018-01-14,677.0,711.0,660.0,711.0,15698,711.0,2026-09-03T19:33:26.081323+00:00
2018-01-16,711.0,697.0,659.0,660.0,5962,660.0,2026-09-03T19:33:26.081323+00:00
2018-01-17,660.0,665.0,648.0,665.0,13149,665.0,2026-09-03T19:33:26.081323+00:00
2018-01-21,665.0,672.0,651.0,651.0,10515,651.0,2026-09-03T19:33:26.081323+00:00
2018-01-22,651.0,664.0,644.0,654.0,5600,654.0,2026-09-03T19:33:26.081323+00:00
2018-01-23,654.0,646.0,630.0,640.0,30490,640.0,2026-09-03T19:33:26.081323+00:00
2018-01-24,640.0,640.0,630.0,635.0,18709,635.0,2026-09-03T19:33:26.081323+00:00
2018-01-25,635.0,636.0,629.0,636.0,5719,636.0,2026-09-03T19:33:26.081323+00:00
2018-01-28,636.0,648.0,628.0,628.0,4091,628.0,2026-09-03T19:33:26.081323+00:00
2018-01-29,628.0,635.0,626.0,633.0,6939,633.0,2026-09-03T19:33:26.081323+00:00
2018-01-31,633.0,625.0,604.0,617.0,39540,617.0,2026-09-03T19:33:26.081323+00:00
2018-02-01,617.0,632.0,604.0,611.0,24376,611.0,2026-09-03T19:33:26.081323+00:00
2018-02-04,611.0,616.0,575.0,580.0,28989,580.0,2026-09-03T19:33:26.081323+00:00
2018-02-05,580.0,591.0,553.0,558.0,18707,558.0,2026-09-03T19:33:26.081323+00:00
2018-02-06,558.0,567.0,548.0,557.0,11101,557.0,2026-09-03T19:33:26.081323+00:00
2018-02-07,557.0,565.0,544.0,558.0,2625,558.0,2026-09-03T19:33:26.081323+00:00
2018-02-08,558.0,552.0,540.0,549.0,2843,549.0,2026-09-03T19:33:26.081323+00:00
2018-02-11,549.0,566.0,551.0,551.0,4680,551.0,2026-09-03T19:33:26.081323+00:00
2018-02-12,551.0,563.0,550.0,563.0,3108,563.0,2026-09-03T19:33:26.081323+00:00
2018-02-14,563.0,570.0,550.0,559.0,3377,559.0,2026-09-03T19:33:26.081323+00:00
2018-02-15,559.0,569.0,556.0,568.0,7473,568.0,2026-09-03T19:33:26.081323+00:00
2018-02-18,575.0,575.0,557.0,557.0,1970,557.0,2026-09-03T19:33:26.081323+00:00
2018-02-20,551.0,551.0,539.0,540.0,4906,540.0,2026-09-03T19:33:26.081323+00:00
2018-02-21,550.0,559.0,535.0,545.0,3770,545.0,2026-09-03T19:33:26.081323+00:00
2018-02-22,535.0,550.0,535.0,545.0,2575,545.0,2026-09-03T19:33:26.081323+00:00
2018-02-25,555.0,555.0,532.0,542.0,1040,542.0,2026-09-03T19:33:26.081323+00:00
2018-02-26,552.0,552.0,524.0,534.0,5160,534.0,2026-09-03T19:33:26.081323+00:00
2018-02-27,536.0,540.0,517.0,530.0,13789,530.0,2026-09-03T19:33:26.081323+00:00
2018-02-28,540.0,540.0,512.0,518.0,3820,518.0,2026-09-03T19:33:26.081323+00:00
2018-03-04,518.0,528.0,498.0,507.0,1674,507.0,2026-09-03T19:33:26.081323+00:00
2018-03-05,517.0,517.0,491.0,497.0,8835,497.0,2026-09-03T19:33:26.081323+00:00
2018-03-06,506.0,506.0,486.0,494.0,4489,494.0,2026-09-03T19:33:26.081323+00:00
2018-03-07,503.0,513.0,493.0,500.0,5610,500.0,2026-09-03T19:33:26.081323+00:00
2018-03-11,501.0,501.0,485.0,485.0,3050,485.0,2026-09-03T19:33:26.081323+00:00
2018-03-12,494.0,494.0,481.0,481.0,4562,481.0,2026-09-03T19:33:26.081323+00:00
2018-03-13,480.0,490.0,476.0,490.0,400,490.0,2026-09-03T19:33:26.081323+00:00
2018-03-14,499.0,508.0,487.0,489.0,1540,489.0,2026-09-03T19:33:26.081323+00:00
2018-03-15,498.0,498.0,489.0,490.0,180,490.0,2026-09-03T19:33:26.081323+00:00
2018-03-18,490.0,490.0,483.0,483.0,7580,483.0,2026-09-03T19:33:26.081323+00:00
2018-03-19,488.0,488.0,480.0,483.0,2706,483.0,2026-09-03T19:33:26.081323+00:00
2018-03-20,492.0,490.0,471.0,484.0,8048,484.0,2026-09-03T19:33:26.081323+00:00
2018-03-21,491.0,491.0,470.0,482.0,2271,482.0,2026-09-03T19:33:26.081323+00:00
2018-03-22,491.0,497.0,464.0,464.0,9957,464.0,2026-09-03T19:33:26.081323+00:00
2018-03-26,455.0,464.0,420.0,436.0,8421,436.0,2026-09-03T19:33:26.081323+00:00
2018-03-27,428.0,468.0,421.0,468.0,5142,468.0,2026-09-03T19:33:26.081323+00:00
2018-03-28,460.0,477.0,442.0,457.0,5670,457.0,2026-09-03T19:33:26.081323+00:00
2018-03-29,466.0,475.0,452.0,470.0,6908,470.0,2026-09-03T19:33:26.081323+00:00
2018-04-01,461.0,467.0,445.0,459.0,8314,459.0,2026-09-03T19:33:26.081323+00:00
2018-04-02,455.0,462.0,450.0,451.0,11334,451.0,2026-09-03T19:33:26.081323+00:00
2018-04-03,460.0,469.0,451.0,469.0,3028,469.0,2026-09-03T19:33:26.081323+00:00
2018-04-04,478.0,483.0,469.0,471.0,2382,471.0,2026-09-03T19:33:26.081323+00:00
2018-04-05,480.0,500.0,480.0,488.0,21594,488.0,2026-09-03T19:33:26.081323+00:00
2018-04-08,497.0,515.0,482.0,500.0,12817,500.0,2026-09-03T19:33:26.081323+00:00
2018-04-09,510.0,510.0,462.0,470.0,51497,470.0,2026-09-03T19:33:26.081323+00:00
2018-04-10,475.0,475.0,445.0,461.0,29800,461.0,2026-09-03T19:33:26.081323+00:00
2018-04-11,455.0,465.0,453.0,462.0,10222,462.0,2026-09-03T19:33:26.081323+00:00
2018-04-12,462.0,463.0,455.0,456.0,8222,456.0,2026-09-03T19:33:26.081323+00:00
2018-04-15,465.0,465.0,447.0,455.0,4418,455.0,2026-09-03T19:33:26.081323+00:00
2018-04-16,464.0,473.0,455.0,460.0,8321,460.0,2026-09-03T19:33:26.081323+00:00
2018-04-17,468.0,483.0,463.0,469.0,10023,469.0,2026-09-03T19:33:26.081323+00:00
2018-04-18,478.0,502.0,460.0,476.0,15163,476.0,2026-09-03T19:33:26.081323+00:00
2018-04-19,485.0,490.0,473.0,485.0,8075,485.0,2026-09-03T19:33:26.081323+00:00
2018-04-22,493.0,515.0,485.0,515.0,25320,515.0,2026-09-03T19:33:26.081323+00:00
2018-04-23,524.0,524.0,488.0,495.0,19712,495.0,2026-09-03T19:33:26.081323+00:00
2018-04-24,500.0,498.0,486.0,487.0,7482,487.0,2026-09-03T19:33:26.081323+00:00
2018-04-25,486.0,490.0,485.0,485.0,3009,485.0,2026-09-03T19:33:26.081323+00:00
2018-04-26,492.0,492.0,467.0,480.0,7128,480.0,2026-09-03T19:33:26.081323+00:00
2018-04-29,472.0,491.0,471.0,491.0,3581,491.0,2026-09-03T19:33:26.081323+00:00
2018-05-02,482.0,510.0,480.0,510.0,11939,510.0,2026-09-03T19:33:26.081323+00:00
2018-05-03,520.0,520.0,501.0,504.0,21390,504.0,2026-09-03T19:33:26.081323+00:00
2018-05-06,495.0,500.0,487.0,492.0,38378,492.0,2026-09-03T19:33:26.081323+00:00
2018-05-07,501.0,510.0,490.0,504.0,129999,504.0,2026-09-03T19:33:26.081323+00:00
2018-05-08,507.0,507.0,500.0,504.0,26013,504.0,2026-09-03T19:33:26.081323+00:00
2018-05-09,502.0,504.0,501.0,502.0,32277,502.0,2026-09-03T19:33:26.081323+00:00
2018-05-10,492.0,500.0,484.0,485.0,27610,485.0,2026-09-03T19:33:26.081323+00:00
2018-05-14,485.0,490.0,479.0,481.0,24752,481.0,2026-09-03T19:33:26.081323+00:00
2018-05-15,483.0,488.0,478.0,479.0,7094,479.0,2026-09-03T19:33:26.081323+00:00
2018-05-16,471.0,483.0,471.0,483.0,3820,483.0,2026-09-03T19:33:26.081323+00:00
2018-05-17,486.0,486.0,479.0,479.0,5276,479.0,2026-09-03T19:33:26.081323+00:00
2018-05-20,480.0,484.0,474.0,474.0,5333,474.0,2026-09-03T19:33:26.081323+00:00
2018-05-21,476.0,480.0,471.0,479.0,3500,479.0,2026-09-03T19:33:26.081323+00:00
2018-05-22,472.0,481.0,472.0,480.0,12205,480.0,2026-09-03T19:33:26.081323+00:00
2018-05-23,478.0,479.0,474.0,475.0,6821,475.0,2026-09-03T19:33:26.081323+00:00
2018-05-24,480.0,480.0,471.0,471.0,3654,471.0,2026-09-03T19:33:26.081323+00:00
2018-05-27,470.0,471.0,464.0,467.0,6111,467.0,2026-09-03T19:33:26.081323+00:00
2018-05-28,467.0,480.0,460.0,470.0,12320,470.0,2026-09-03T19:33:26.081323+00:00
2018-05-29,472.0,478.0,465.0,465.0,7584,465.0,2026-09-03T19:33:26.081323+00:00
2018-05-30,465.0,475.0,462.0,468.0,9060,468.0,2026-09-03T19:33:26.081323+00:00
2018-05-31,461.0,470.0,461.0,465.0,3159,465.0,2026-09-03T19:33:26.081323+00:00
2018-06-03,460.0,465.0,452.0,453.0,7670,453.0,2026-09-03T19:33:26.081323+00:00
2018-06-04,451.0,459.0,447.0,452.0,5264,452.0,2026-09-03T19:33:26.081323+00:00
2018-06-06,453.0,462.0,453.0,459.0,1235,459.0,2026-09-03T19:33:26.081323+00:00
2018-06-07,459.0,459.0,446.0,450.0,7944,450.0,2026-09-03T19:33:26.081323+00:00
2018-06-10,445.0,446.0,441.0,446.0,8434,446.0,2026-09-03T19:33:26.081323+00:00
2018-06-11,438.0,454.0,435.0,443.0,7901,443.0,2026-09-03T19:33:26.081323+00:00
2018-06-12,444.0,446.0,440.0,443.0,5407,443.0,2026-09-03T19:33:26.081323+00:00
2018-06-13,449.0,449.0,441.0,441.0,3650,441.0,2026-09-03T19:33:26.081323+00:00
2018-06-14,444.0,456.0,440.0,450.0,6961,450.0,2026-09-03T19:33:26.081323+00:00
2018-06-17,450.0,453.0,440.0,441.0,5990,441.0,2026-09-03T19:33:26.081323+00:00
2018-06-18,434.0,444.0,434.0,442.0,1450,442.0,2026-09-03T19:33:26.081323+00:00
2018-06-19,435.0,450.0,435.0,443.0,3815,443.0,2026-09-03T19:33:26.081323+00:00
2018-06-20,437.0,445.0,437.0,443.0,3582,443.0,2026-09-03T19:33:26.081323+00:00
2018-06-21,450.0,459.0,442.0,444.0,4718,444.0,2026-09-03T19:33:26.081323+00:00
2018-06-24,437.0,452.0,437.0,449.0,2930,449.0,2026-09-03T19:33:26.081323+00:00
2018-06-25,449.0,450.0,440.0,440.0,4665,440.0,2026-09-03T19:33:26.081323+00:00
2018-06-26,440.0,446.0,433.0,439.0,8864,439.0,2026-09-03T19:33:26.081323+00:00
2018-06-27,434.0,444.0,434.0,439.0,12322,439.0,2026-09-03T19:33:26.081323+00:00
2018-06-28,440.0,445.0,438.0,440.0,2400,440.0,2026-09-03T19:33:26.081323+00:00
2018-07-01,440.0,442.0,434.0,441.0,8573,441.0,2026-09-03T19:33:26.081323+00:00
2018-07-02,439.0,440.0,431.0,436.0,2311,436.0,2026-09-03T19:33:26.081323+00:00
2018-07-03,436.0,440.0,434.0,435.0,5915,435.0,2026-09-03T19:33:26.081323+00:00
2018-07-04,434.0,440.0,430.0,435.0,8700,435.0,2026-09-03T19:33:26.081323+00:00
2018-07-05,443.0,456.0,436.0,450.0,6650,450.0,2026-09-03T19:33:26.081323+00:00
2018-07-08,446.0,455.0,440.0,447.0,8332,447.0,2026-09-03T19:33:26.081323+00:00
2018-07-09,447.0,448.0,439.0,439.0,3790,439.0,2026-09-03T19:33:26.081323+00:00
2018-07-10,440.0,444.0,439.0,444.0,6527,444.0,2026-09-03T19:33:26.081323+00:00
2018-07-11,445.0,446.0,437.0,441.0,3877,441.0,2026-09-03T19:33:26.081323+00:00
2018-07-12,448.0,448.0,436.0,438.0,7270,438.0,2026-09-03T19:33:26.081323+00:00
2018-07-15,438.0,440.0,435.0,438.0,3909,438.0,2026-09-03T19:33:26.081323+00:00
2018-07-16,431.0,461.0,431.0,457.0,15117,457.0,2026-09-03T19:33:26.081323+00:00
2018-07-17,448.0,448.0,442.0,442.0,800,442.0,2026-09-03T19:33:26.081323+00:00
2018-07-18,442.0,442.0,437.0,440.0,2415,440.0,2026-09-03T19:33:26.081323+00:00
2018-07-19,440.0,442.0,436.0,442.0,4328,442.0,2026-09-03T19:33:26.081323+00:00
2018-07-22,450.0,450.0,435.0,435.0,3490,435.0,2026-09-03T19:33:26.081323+00:00
2018-07-23,435.0,445.0,433.0,437.0,770,437.0,2026-09-03T19:33:26.081323+00:00
2018-07-24,431.0,445.0,431.0,440.0,2305,440.0,2026-09-03T19:33:26.081323+00:00
2018-07-25,433.0,442.0,433.0,440.0,2076,440.0,2026-09-03T19:33:26.081323+00:00
2018-07-26,433.0,446.0,433.0,437.0,3230,437.0,2026-09-03T19:33:26.081323+00:00
2018-07-29,432.0,440.0,432.0,435.0,5700,435.0,2026-09-03T19:33:26.081323+00:00
2018-07-30,431.0,440.0,431.0,436.0,1840,436.0,2026-09-03T19:33:26.081323+00:00
2018-07-31,444.0,444.0,432.0,438.0,4856,438.0,2026-09-03T19:33:26.081323+00:00
2018-08-01,444.0,444.0,436.0,437.0,890,437.0,2026-09-03T19:33:26.081323+00:00
2018-08-02,436.0,442.0,436.0,440.0,2079,440.0,2026-09-03T19:33:26.081323+00:00
2018-08-05,439.0,442.0,439.0,440.0,2079,440.0,2026-09-03T19:33:26.081323+00:00
2018-08-06,447.0,447.0,439.0,441.0,1320,441.0,2026-09-03T19:33:26.081323+00:00
2018-08-07,441.0,446.0,439.0,441.0,4050,441.0,2026-09-03T19:33:26.081323+00:00
2018-08-08,433.0,443.0,433.0,443.0,1920,443.0,2026-09-03T19:33:26.081323+00:00
2018-08-09,444.0,446.0,436.0,440.0,3560,440.0,2026-09-03T19:33:26.081323+00:00
2018-08-12,439.0,439.0,433.0,438.0,1420,438.0,2026-09-03T19:33:26.081323+00:00
2018-08-13,431.0,440.0,431.0,437.0,1390,437.0,2026-09-03T19:33:26.081323+00:00
2018-08-14,440.0,440.0,434.0,438.0,1220,438.0,2026-09-03T19:33:26.081323+00:00
2018-08-15,439.0,449.0,433.0,449.0,7030,449.0,2026-09-03T19:33:26.081323+00:00
2018-08-16,449.0,452.0,438.0,446.0,13068,446.0,2026-09-03T19:33:26.081323+00:00
2018-08-19,450.0,450.0,439.0,439.0,1370,439.0,2026-09-03T19:33:26.081323+00:00
2018-08-20,438.0,438.0,434.0,436.0,2390,436.0,2026-09-03T19:33:26.081323+00:00
2018-08-21,436.0,437.0,433.0,433.0,1660,433.0,2026-09-03T19:33:26.081323+00:00
2018-08-22,429.0,438.0,429.0,434.0,900,434.0,2026-09-03T19:33:26.081323+00:00
2018-08-23,440.0,440.0,433.0,434.0,1464,434.0,2026-09-03T19:33:26.081323+00:00
2018-08-26,429.0,437.0,429.0,431.0,1070,431.0,2026-09-03T19:33:26.081323+00:00
2018-08-28,430.0,439.0,430.0,433.0,1992,433.0,2026-09-03T19:33:26.081323+00:00
2018-08-29,430.0,434.0,430.0,432.0,4477,432.0,2026-09-03T19:33:26.081323+00:00
2018-08-30,440.0,440.0,430.0,434.0,1845,434.0,2026-09-03T19:33:26.081323+00:00
2018-09-02,431.0,438.0,431.0,437.0,1002,437.0,2026-09-03T19:33:26.081323+00:00
2018-09-03,433.0,442.0,433.0,442.0,5003,442.0,2026-09-03T19:33:26.081323+00:00
2018-09-04,436.0,444.0,436.0,440.0,3707,440.0,2026-09-03T19:33:26.081323+00:00
2018-09-05,441.0,454.0,440.0,450.0,3020,450.0,2026-09-03T19:33:26.081323+00:00
2018-09-06,450.0,450.0,443.0,443.0,5277,443.0,2026-09-03T19:33:26.081323+00:00
2018-09-09,439.0,456.0,439.0,453.0,6562,453.0,2026-09-03T19:33:26.081323+00:00
2018-09-10,445.0,453.0,445.0,452.0,2642,452.0,2026-09-03T19:33:26.081323+00:00
2018-09-11,450.0,453.0,447.0,453.0,410,453.0,2026-09-03T19:33:26.081323+00:00
2018-09-12,445.0,450.0,445.0,450.0,3730,450.0,2026-09-03T19:33:26.081323+00:00
2018-09-13,445.0,464.0,445.0,464.0,9664,464.0,2026-09-03T19:33:26.081323+00:00
2018-09-16,455.0,470.0,451.0,462.0,11720,462.0,2026-09-03T19:33:26.081323+00:00
2018-09-17,464.0,465.0,455.0,457.0,7574,457.0,2026-09-03T19:33:26.081323+00:00
2018-09-18,458.0,471.0,454.0,464.0,6908,464.0,2026-09-03T19:33:26.081323+00:00
2018-09-20,465.0,482.0,464.0,475.0,17024,475.0,2026-09-03T19:33:26.081323+00:00
2018-09-23,466.0,488.0,466.0,488.0,22369,488.0,2026-09-03T19:33:26.081323+00:00
2018-09-25,496.0,496.0,482.0,491.0,28855,491.0,2026-09-03T19:33:26.081323+00:00
2018-09-26,491.0,491.0,480.0,483.0,27309,483.0,2026-09-03T19:33:26.081323+00:00
2018-09-27,492.0,490.0,471.0,480.0,9495,480.0,2026-09-03T19:33:26.081323+00:00
2018-09-30,472.0,478.0,468.0,478.0,4940,478.0,2026-09-03T19:33:26.081323+00:00
2018-10-01,475.0,477.0,470.0,475.0,18319,475.0,2026-09-03T19:33:26.081323+00:00
2018-10-02,466.0,479.0,466.0,475.0,15243,475.0,2026-09-03T19:33:26.081323+00:00
2018-10-03,474.0,478.0,467.0,467.0,2350,467.0,2026-09-03T19:33:26.081323+00:00
2018-10-04,465.0,470.0,463.0,470.0,12388,470.0,2026-09-03T19:33:26.081323+00:00
2018-10-07,465.0,475.0,465.0,472.0,15150,472.0,2026-09-03T19:33:26.081323+00:00
2018-10-08,472.0,489.0,466.0,479.0,3180,479.0,2026-09-03T19:33:26.081323+00:00
2018-10-09,480.0,486.0,469.0,474.0,7730,474.0,2026-09-03T19:33:26.081323+00:00
2018-10-10,467.0,475.0,467.0,475.0,2110,475.0,2026-09-03T19:33:26.081323+00:00
2018-10-11,470.0,474.0,467.0,473.0,7381,473.0,2026-09-03T19:33:26.081323+00:00
2018-10-14,475.0,482.0,469.0,480.0,2180,480.0,2026-09-03T19:33:26.081323+00:00
2018-10-15,471.0,477.0,467.0,477.0,1572,477.0,2026-09-03T19:33:26.081323+00:00
2018-10-21,468.0,480.0,468.0,480.0,220,480.0,2026-09-03T19:33:26.081323+00:00
2018-10-22,471.0,475.0,466.0,475.0,2170,475.0,2026-09-03T19:33:26.081323+00:00
2018-10-23,484.0,484.0,467.0,468.0,1904,468.0,2026-09-03T19:33:26.081323+00:00
2018-10-24,470.0,471.0,464.0,468.0,6730,468.0,2026-09-03T19:33:26.081323+00:00
2018-10-25,460.0,470.0,460.0,470.0,17614,470.0,2026-09-03T19:33:26.081323+00:00
2018-10-28,470.0,473.0,461.0,473.0,19142,473.0,2026-09-03T19:33:26.081323+00:00
2018-10-29,473.0,473.0,464.0,468.0,6023,468.0,2026-09-03T19:33:26.081323+00:00
2018-10-30,468.0,475.0,460.0,465.0,6057,465.0,2026-09-03T19:33:26.081323+00:00
2018-10-31,463.0,465.0,461.0,463.0,2442,463.0,2026-09-03T19:33:26.081323+00:00
2018-11-01,472.0,472.0,462.0,470.0,1675,470.0,2026-09-03T19:33:26.081323+00:00
2018-11-04,461.0,470.0,461.0,470.0,13929,470.0,2026-09-03T19:33:26.081323+00:00
2018-11-05,462.0,469.0,460.0,469.0,5031,469.0,2026-09-03T19:33:26.081323+00:00
2018-11-06,469.0,475.0,470.0,470.0,40,470.0,2026-09-03T19:33:26.081323+00:00
2018-11-11,470.0,470.0,457.0,468.0,640,468.0,2026-09-03T19:33:26.081323+00:00
2018-11-12,477.0,477.0,457.0,462.0,1991,462.0,2026-09-03T19:33:26.081323+00:00
2018-11-13,458.0,465.0,455.0,461.0,1119,461.0,2026-09-03T19:33:26.081323+00:00
2018-11-14,469.0,469.0,459.0,460.0,917,460.0,2026-09-03T19:33:26.081323+00:00
2018-11-15,460.0,460.0,458.0,458.0,1828,458.0,2026-09-03T19:33:26.081323+00:00
2018-11-18,460.0,460.0,455.0,455.0,2027,455.0,2026-09-03T19:33:26.081323+00:00
2018-11-19,450.0,456.0,450.0,452.0,1628,452.0,2026-09-03T19:33:26.081323+00:00
2018-11-20,454.0,454.0,443.0,444.0,3087,444.0,2026-09-03T19:33:26.081323+00:00
2018-11-21,437.0,450.0,437.0,450.0,1876,450.0,2026-09-03T19:33:26.081323+00:00
2018-11-22,445.0,469.0,442.0,469.0,660,469.0,2026-09-03T19:33:26.081323+00:00
2018-11-25,460.0,460.0,445.0,447.0,920,447.0,2026-09-03T19:33:26.081323+00:00
2018-11-26,442.0,445.0,442.0,444.0,1460,444.0,2026-09-03T19:33:26.081323+00:00
2018-11-27,445.0,449.0,440.0,441.0,1760,441.0,2026-09-03T19:33:26.081323+00:00
2018-11-28,440.0,448.0,436.0,437.0,2011,437.0,2026-09-03T19:33:26.081323+00:00
2018-11-29,434.0,437.0,434.0,437.0,1579,437.0,2026-09-03T19:33:26.081323+00:00
2018-12-02,431.0,442.0,431.0,442.0,3450,442.0,2026-09-03T19:33:26.081323+00:00
2018-12-03,434.0,448.0,427.0,434.0,17639,434.0,2026-09-03T19:33:26.081323+00:00
2018-12-04,428.0,435.0,428.0,434.0,735,434.0,2026-09-03T19:33:26.081323+00:00
2018-12-05,439.0,439.0,425.0,426.0,1010,426.0,2026-09-03T19:33:26.081323+00:00
2018-12-06,434.0,434.0,415.0,429.0,3660,429.0,2026-09-03T19:33:26.081323+00:00
2018-12-09,437.0,440.0,430.0,437.0,11748,437.0,2026-09-03T19:33:26.081323+00:00
2018-12-10,440.0,447.0,437.0,438.0,4890,438.0,2026-09-03T19:33:26.081323+00:00
2018-12-11,440.0,440.0,432.0,436.0,4871,436.0,2026-09-03T19:33:26.081323+00:00
2018-12-12,440.0,440.0,429.0,431.0,2690,431.0,2026-09-03T19:33:26.081323+00:00
2018-12-13,439.0,440.0,431.0,438.0,3622,438.0,2026-09-03T19:33:26.081323+00:00
2018-12-16,446.0,446.0,437.0,438.0,3431,438.0,2026-09-03T19:33:26.081323+00:00
2018-12-17,436.0,445.0,435.0,440.0,4532,440.0,2026-09-03T19:33:26.081323+00:00
2018-12-18,446.0,452.0,426.0,432.0,3955,432.0,2026-09-03T19:33:26.081323+00:00
2018-12-19,432.0,440.0,425.0,438.0,1630,438.0,2026-09-03T19:33:26.081323+00:00
2018-12-20,446.0,454.0,438.0,439.0,16500,439.0,2026-09-03T19:33:26.081323+00:00
2018-12-23,399.0,405.0,388.0,394.0,5541,394.0,2026-09-03T19:33:26.081323+00:00
2018-12-24,394.0,399.0,385.0,389.0,4544,389.0,2026-09-03T19:33:26.081323+00:00
2018-12-25,390.0,390.0,377.0,378.0,3560,378.0,2026-09-03T19:33:26.081323+00:00
2018-12-26,375.0,385.0,372.0,382.0,4753,382.0,2026-09-03T19:33:26.081323+00:00
2018-12-27,387.0,387.0,375.0,375.0,6523,375.0,2026-09-03T19:33:26.081323+00:00
2018-12-30,375.0,377.0,373.0,377.0,4055,377.0,2026-09-03T19:33:26.081323+00:00
2018-12-31,378.0,381.0,373.0,380.0,1320,380.0,2026-09-03T19:33:26.081323+00:00
2019-01-01,375.0,382.0,375.0,375.0,1927,375.0,2026-09-03T19:33:26.081323+00:00
2019-01-02,376.0,380.0,373.0,375.0,2693,375.0,2026-09-03T19:33:26.081323+00:00
2019-01-03,370.0,375.0,370.0,373.0,800,373.0,2026-09-03T19:33:26.081323+00:00
2019-01-06,370.0,374.0,370.0,374.0,590,374.0,2026-09-03T19:33:26.081323+00:00
2019-01-07,371.0,372.0,369.0,370.0,2343,370.0,2026-09-03T19:33:26.081323+00:00
2019-01-08,370.0,373.0,370.0,370.0,1880,370.0,2026-09-03T19:33:26.081323+00:00
2019-01-09,376.0,376.0,366.0,370.0,918,370.0,2026-09-03T19:33:26.081323+00:00
2019-01-10,366.0,370.0,366.0,369.0,6430,369.0,2026-09-03T19:33:26.081323+00:00
2019-01-13,370.0,373.0,369.0,371.0,960,371.0,2026-09-03T19:33:26.081323+00:00
2019-01-14,370.0,375.0,365.0,375.0,1740,375.0,2026-09-03T19:33:26.081323+00:00
2019-01-15,370.0,393.0,370.0,393.0,1547,393.0,2026-09-03T19:33:26.081323+00:00
2019-01-16,398.0,398.0,372.0,375.0,3426,375.0,2026-09-03T19:33:26.081323+00:00
2019-01-17,375.0,378.0,370.0,378.0,1831,378.0,2026-09-03T19:33:26.081323+00:00
2019-01-20,371.0,371.0,369.0,370.0,1110,370.0,2026-09-03T19:33:26.081323+00:00
2019-01-21,368.0,371.0,368.0,368.0,2046,368.0,2026-09-03T19:33:26.081323+00:00
2019-01-22,364.0,368.0,364.0,366.0,3795,366.0,2026-09-03T19:33:26.081323+00:00
2019-01-23,365.0,368.0,363.0,368.0,1315,368.0,2026-09-03T19:33:26.081323+00:00
2019-01-24,370.0,370.0,367.0,368.0,1297,368.0,2026-09-03T19:33:26.081323+00:00
2019-01-27,363.0,367.0,363.0,364.0,1447,364.0,2026-09-03T19:33:26.081323+00:00
2019-01-28,362.0,368.0,362.0,363.0,2422,363.0,2026-09-03T19:33:26.081323+00:00
2019-01-29,363.0,364.0,361.0,362.0,1700,362.0,2026-09-03T19:33:26.081323+00:00
2019-01-30,368.0,368.0,359.0,362.0,7639,362.0,2026-09-03T19:33:26.081323+00:00
2019-01-31,363.0,363.0,360.0,360.0,4384,360.0,2026-09-03T19:33:26.081323+00:00
2019-02-03,358.0,359.0,356.0,356.0,2935,356.0,2026-09-03T19:33:26.081323+00:00
2019-02-04,353.0,354.0,349.0,350.0,2905,350.0,2026-09-03T19:33:26.081323+00:00
2019-02-05,345.0,370.0,345.0,370.0,1160,370.0,2026-09-03T19:33:26.081323+00:00
2019-02-06,365.0,365.0,349.0,359.0,2068,359.0,2026-09-03T19:33:26.081323+00:00
2019-02-07,354.0,354.0,350.0,350.0,2326,350.0,2026-09-03T19:33:26.081323+00:00
2019-02-10,357.0,357.0,344.0,344.0,2780,344.0,2026-09-03T19:33:26.081323+00:00
2019-02-11,344.0,348.0,343.0,344.0,840,344.0,2026-09-03T19:33:26.081323+00:00
2019-02-12,377.0,377.0,349.0,355.0,1680,355.0,2026-09-03T19:33:26.081323+00:00
2019-02-13,350.0,355.0,349.0,349.0,4167,349.0,2026-09-03T19:33:26.081323+00:00
2019-02-14,343.0,348.0,343.0,348.0,5028,348.0,2026-09-03T19:33:26.081323+00:00
2019-02-17,348.0,350.0,343.0,343.0,1690,343.0,2026-09-03T19:33:26.081323+00:00
2019-02-18,339.0,344.0,339.0,340.0,3151,340.0,2026-09-03T19:33:26.081323+00:00
2019-02-19,338.0,350.0,338.0,350.0,820,350.0,2026-09-03T19:33:26.081323+00:00
2019-02-20,345.0,347.0,345.0,345.0,375,345.0,2026-09-03T19:33:26.081323+00:00
2019-02-21,345.0,346.0,342.0,345.0,816,345.0,2026-09-03T19:33:26.081323+00:00
2019-02-24,345.0,350.0,345.0,347.0,819,347.0,2026-09-03T19:33:26.081323+00:00
2019-02-25,347.0,347.0,345.0,346.0,1419,346.0,2026-09-03T19:33:26.081323+00:00
2019-02-26,344.0,344.0,336.0,340.0,10693,340.0,2026-09-03T19:33:26.081323+00:00
2019-02-27,342.0,344.0,335.0,338.0,8306,338.0,2026-09-03T19:33:26.081323+00:00
2019-03-03,338.0,338.0,332.0,336.0,2672,336.0,2026-09-03T19:33:26.081323+00:00
2019-03-05,340.0,346.0,338.0,340.0,1252,340.0,2026-09-03T19:33:26.081323+00:00
2019-03-06,340.0,342.0,337.0,342.0,2470,342.0,2026-09-03T19:33:26.081323+00:00
2019-03-07,342.0,350.0,342.0,350.0,2020,350.0,2026-09-03T19:33:26.081323+00:00
2019-03-10,346.0,346.0,345.0,345.0,230,345.0,2026-09-03T19:33:26.081323+00:00
2019-03-11,346.0,360.0,345.0,360.0,3530,360.0,2026-09-03T19:33:26.081323+00:00
2019-03-12,367.0,374.0,361.0,370.0,16360,370.0,2026-09-03T19:33:26.081323+00:00
2019-03-13,364.0,370.0,355.0,361.0,4571,361.0,2026-09-03T19:33:26.081323+00:00
2019-03-14,361.0,366.0,356.0,365.0,1210,365.0,2026-09-03T19:33:26.081323+00:00
2019-03-17,365.0,372.0,362.0,366.0,2045,366.0,2026-09-03T19:33:26.081323+00:00
2019-03-18,365.0,368.0,363.0,364.0,3831,364.0,2026-09-03T19:33:26.081323+00:00
2019-03-19,362.0,363.0,355.0,355.0,3130,355.0,2026-09-03T19:33:26.081323+00:00
2019-03-21,362.0,362.0,356.0,356.0,2689,356.0,2026-09-03T19:33:26.081323+00:00
2019-03-24,353.0,360.0,353.0,357.0,1583,357.0,2026-09-03T19:33:26.081323+00:00
2019-03-25,356.0,360.0,355.0,360.0,2560,360.0,2026-09-03T19:33:26.081323+00:00
2019-03-26,357.0,360.0,354.0,360.0,4575,360.0,2026-09-03T19:33:26.081323+00:00
2019-03-27,356.0,358.0,356.0,358.0,2315,358.0,2026-09-03T19:33:26.081323+00:00
2019-03-28,355.0,360.0,355.0,360.0,2907,360.0,2026-09-03T19:33:26.081323+00:00
2019-03-31,360.0,360.0,354.0,355.0,5239,355.0,2026-09-03T19:33:26.081323+00:00
2019-04-01,355.0,362.0,354.0,362.0,4419,362.0,2026-09-03T19:33:26.081323+00:00
2019-04-02,356.0,363.0,356.0,356.0,4045,356.0,2026-09-03T19:33:26.081323+00:00
2019-04-03,357.0,361.0,357.0,361.0,2976,361.0,2026-09-03T19:33:26.081323+00:00
2019-04-04,355.0,360.0,354.0,358.0,6629,358.0,2026-09-03T19:33:26.081323+00:00
2019-04-07,354.0,361.0,354.0,357.0,1681,357.0,2026-09-03T19:33:26.081323+00:00
2019-04-08,356.0,368.0,356.0,360.0,3482,360.0,2026-09-03T19:33:26.081323+00:00
2019-04-09,358.0,364.0,358.0,360.0,1203,360.0,2026-09-03T19:33:26.081323+00:00
2019-04-10,358.0,360.0,358.0,358.0,2522,358.0,2026-09-03T19:33:26.081323+00:00
2019-04-11,358.0,360.0,356.0,360.0,2702,360.0,2026-09-03T19:33:26.081323+00:00
2019-04-15,356.0,359.0,356.0,359.0,514,359.0,2026-09-03T19:33:26.081323+00:00
2019-04-16,360.0,365.0,358.0,360.0,3699,360.0,2026-09-03T19:33:26.081323+00:00
2019-04-17,360.0,378.0,355.0,369.0,18524,369.0,2026-09-03T19:33:26.081323+00:00
2019-04-18,364.0,368.0,364.0,364.0,2948,364.0,2026-09-03T19:33:26.081323+00:00
2019-04-21,361.0,365.0,361.0,362.0,3650,362.0,2026-09-03T19:33:26.081323+00:00
2019-04-22,361.0,369.0,361.0,363.0,4071,363.0,2026-09-03T19:33:26.081323+00:00
2019-04-23,360.0,361.0,358.0,360.0,1653,360.0,2026-09-03T19:33:26.081323+00:00
2019-04-24,354.0,365.0,354.0,358.0,4731,358.0,2026-09-03T19:33:26.081323+00:00
2019-04-25,358.0,372.0,353.0,366.0,17470,366.0,2026-09-03T19:33:26.081323+00:00
2019-04-28,368.0,393.0,367.0,381.0,15411,381.0,2026-09-03T19:33:26.081323+00:00
2019-04-29,387.0,388.0,370.0,381.0,12934,381.0,2026-09-03T19:33:26.081323+00:00
2019-04-30,375.0,409.0,375.0,395.0,35326,395.0,2026-09-03T19:33:26.081323+00:00
2019-05-02,402.0,402.0,382.0,390.0,9805,390.0,2026-09-03T19:33:26.081323+00:00
2019-05-05,383.0,390.0,372.0,372.0,5950,372.0,2026-09-03T19:33:26.081323+00:00
2019-05-06,375.0,377.0,370.0,375.0,17231,375.0,2026-09-03T19:33:26.081323+00:00
2019-05-07,375.0,380.0,353.0,380.0,52806,380.0,2026-09-03T19:33:26.081323+00:00
2019-05-08,373.0,374.0,365.0,373.0,4671,373.0,2026-09-03T19:33:26.081323+00:00
2019-05-09,367.0,373.0,366.0,367.0,10525,367.0,2026-09-03T19:33:26.081323+00:00
2019-05-12,367.0,375.0,361.0,371.0,4091,371.0,2026-09-03T19:33:26.081323+00:00
2019-05-13,372.0,390.0,367.0,383.0,61657,383.0,2026-09-03T19:33:26.081323+00:00
2019-05-14,385.0,396.0,378.0,385.0,22697,385.0,2026-09-03T19:33:26.081323+00:00
2019-05-15,391.0,397.0,385.0,388.0,23230,388.0,2026-09-03T19:33:26.081323+00:00
2019-05-16,395.0,395.0,383.0,388.0,14906,388.0,2026-09-03T19:33:26.081323+00:00
2019-05-19,384.0,418.0,384.0,405.0,82547,405.0,2026-09-03T19:33:26.081323+00:00
2019-05-20,413.0,437.0,403.0,428.0,105890,428.0,2026-09-03T19:33:26.081323+00:00
2019-05-21,430.0,459.0,425.0,448.0,135510,448.0,2026-09-03T19:33:26.081323+00:00
2019-05-22,452.0,456.0,439.0,444.0,99027,444.0,2026-09-03T19:33:26.081323+00:00
2019-05-23,444.0,444.0,417.0,424.0,49386,424.0,2026-09-03T19:33:26.081323+00:00
2019-05-26,432.0,432.0,417.0,418.0,18695,418.0,2026-09-03T19:33:26.081323+00:00
2019-05-27,415.0,429.0,415.0,420.0,16358,420.0,2026-09-03T19:33:26.081323+00:00
2019-05-28,427.0,428.0,417.0,420.0,17711,420.0,2026-09-03T19:33:26.081323+00:00
2019-05-29,420.0,436.0,420.0,429.0,17746,429.0,2026-09-03T19:33:26.081323+00:00
2019-05-30,437.0,445.0,425.0,425.0,43409,425.0,2026-09-03T19:33:26.081323+00:00
2019-06-02,430.0,430.0,416.0,416.0,13481,416.0,2026-09-03T19:33:26.081323+00:00
2019-06-03,412.0,419.0,412.0,414.0,12101,414.0,2026-09-03T19:33:26.081323+00:00
2019-06-04,410.0,419.0,410.0,411.0,10618,411.0,2026-09-03T19:33:26.081323+00:00
2019-06-06,410.0,419.0,407.0,408.0,12774,408.0,2026-09-03T19:33:26.081323+00:00
2019-06-10,410.0,415.0,402.0,402.0,11159,402.0,2026-09-03T19:33:26.081323+00:00
2019-06-11,408.0,409.0,402.0,407.0,17095,407.0,2026-09-03T19:33:26.081323+00:00
2019-06-12,403.0,407.0,402.0,405.0,4193,405.0,2026-09-03T19:33:26.081323+00:00
2019-06-13,408.0,411.0,400.0,406.0,5112,406.0,2026-09-03T19:33:26.081323+00:00
2019-06-16,400.0,407.0,400.0,404.0,3207,404.0,2026-09-03T19:33:26.081323+00:00
2019-06-17,405.0,410.0,401.0,406.0,4353,406.0,2026-09-03T19:33:26.081323+00:00
2019-06-18,406.0,407.0,402.0,403.0,6306,403.0,2026-09-03T19:33:26.081323+00:00
2019-06-19,409.0,410.0,402.0,402.0,4995,402.0,2026-09-03T19:33:26.081323+00:00
2019-06-20,400.0,407.0,400.0,406.0,6958,406.0,2026-09-03T19:33:26.081323+00:00
2019-06-23,414.0,414.0,396.0,402.0,3783,402.0,2026-09-03T19:33:26.081323+00:00
2019-06-24,400.0,406.0,400.0,404.0,2561,404.0,2026-09-03T19:33:26.081323+00:00
2019-06-25,404.0,408.0,403.0,405.0,5259,405.0,2026-09-03T19:33:26.081323+00:00
2019-06-26,400.0,407.0,400.0,404.0,4103,404.0,2026-09-03T19:33:26.081323+00:00
2019-06-27,403.0,405.0,399.0,405.0,5956,405.0,2026-09-03T19:33:26.081323+00:00
2019-06-30,403.0,403.0,395.0,395.0,6625,395.0,2026-09-03T19:33:26.081323+00:00
2019-07-01,400.0,400.0,394.0,397.0,741,397.0,2026-09-03T19:33:26.081323+00:00
2019-07-02,400.0,407.0,396.0,405.0,5045,405.0,2026-09-03T19:33:26.081323+00:00
2019-07-03,402.0,409.0,401.0,407.0,1793,407.0,2026-09-03T19:33:26.081323+00:00
2019-07-04,404.0,407.0,401.0,401.0,4722,401.0,2026-09-03T19:33:26.081323+00:00
2019-07-07,405.0,408.0,403.0,408.0,5938,408.0,2026-09-03T19:33:26.081323+00:00
2019-07-08,402.0,408.0,401.0,408.0,2533,408.0,2026-09-03T19:33:26.081323+00:00
2019-07-09,408.0,414.0,403.0,410.0,7625,410.0,2026-09-03T19:33:26.081323+00:00
2019-07-10,410.0,410.0,407.0,407.0,5830,407.0,2026-09-03T19:33:26.081323+00:00
2019-07-11,409.0,409.0,400.0,401.0,4618,401.0,2026-09-03T19:33:26.081323+00:00
2019-07-14,398.0,404.0,398.0,401.0,2542,401.0,2026-09-03T19:33:26.081323+00:00
2019-07-15,410.0,410.0,398.0,409.0,4457,409.0,2026-09-03T19:33:26.081323+00:00
2019-07-16,429.0,429.0,400.0,409.0,182,409.0,2026-09-03T19:33:26.081323+00:00
2019-07-17,405.0,415.0,403.0,413.0,6919,413.0,2026-09-03T19:33:26.081323+00:00
2019-07-18,410.0,421.0,406.0,411.0,6658,411.0,2026-09-03T19:33:26.081323+00:00
2019-07-21,415.0,415.0,401.0,409.0,4920,409.0,2026-09-03T19:33:26.081323+00:00
2019-07-22,407.0,413.0,407.0,413.0,2161,413.0,2026-09-03T19:33:26.081323+00:00
2019-07-23,416.0,416.0,408.0,408.0,1863,408.0,2026-09-03T19:33:26.081323+00:00
2019-07-24,411.0,414.0,405.0,405.0,6362,405.0,2026-09-03T19:33:26.081323+00:00
2019-07-25,406.0,414.0,405.0,405.0,8605,405.0,2026-09-03T19:33:26.081323+00:00
2019-07-28,405.0,405.0,400.0,404.0,3151,404.0,2026-09-03T19:33:26.081323+00:00
2019-07-29,410.0,410.0,402.0,404.0,6833,404.0,2026-09-03T19:33:26.081323+00:00
2019-07-30,410.0,412.0,402.0,406.0,5687,406.0,2026-09-03T19:33:26.081323+00:00
2019-07-31,406.0,409.0,403.0,406.0,7173,406.0,2026-09-03T19:33:26.081323+00:00
2019-08-01,411.0,411.0,403.0,404.0,15191,404.0,2026-09-03T19:33:26.081323+00:00
2019-08-04,404.0,405.0,402.0,402.0,6207,402.0,2026-09-03T19:33:26.081323+00:00
2019-08-05,402.0,405.0,397.0,400.0,7004,400.0,2026-09-03T19:33:26.081323+00:00
2019-08-06,400.0,403.0,395.0,395.0,16950,395.0,2026-09-03T19:33:26.081323+00:00
2019-08-07,395.0,404.0,392.0,398.0,4670,398.0,2026-09-03T19:33:26.081323+00:00
2019-08-08,394.0,398.0,394.0,394.0,4335,394.0,2026-09-03T19:33:26.081323+00:00
2019-08-11,394.0,396.0,388.0,390.0,7453,390.0,2026-09-03T19:33:26.081323+00:00
2019-08-12,390.0,394.0,387.0,393.0,2380,393.0,2026-09-03T19:33:26.081323+00:00
2019-08-13,395.0,395.0,390.0,391.0,6337,391.0,2026-09-03T19:33:26.081323+00:00
2019-08-14,392.0,392.0,387.0,388.0,1640,388.0,2026-09-03T19:33:26.081323+00:00
2019-08-15,392.0,394.0,386.0,390.0,1915,390.0,2026-09-03T19:33:26.081323+00:00
2019-08-18,391.0,391.0,386.0,386.0,1106,386.0,2026-09-03T19:33:26.081323+00:00
2019-08-19,388.0,400.0,385.0,396.0,5384,396.0,2026-09-03T19:33:26.081323+00:00
2019-08-20,393.0,394.0,385.0,390.0,2453,390.0,2026-09-03T19:33:26.081323+00:00
2019-08-21,389.0,392.0,386.0,392.0,958,392.0,2026-09-03T19:33:26.081323+00:00
2019-08-22,391.0,391.0,384.0,384.0,5998,384.0,2026-09-03T19:33:26.081323+00:00
2019-08-25,382.0,388.0,382.0,383.0,2145,383.0,2026-09-03T19:33:26.081323+00:00
2019-08-26,383.0,384.0,377.0,384.0,3693,384.0,2026-09-03T19:33:26.081323+00:00
2019-08-27,380.0,395.0,380.0,392.0,3779,392.0,2026-09-03T19:33:26.081323+00:00
2019-08-28,395.0,395.0,381.0,388.0,4658,388.0,2026-09-03T19:33:26.081323+00:00
2019-08-29,386.0,388.0,383.0,384.0,2365,384.0,2026-09-03T19:33:26.081323+00:00
2019-09-01,384.0,385.0,380.0,380.0,2323,380.0,2026-09-03T19:33:26.081323+00:00
2019-09-02,380.0,380.0,363.0,380.0,16272,380.0,2026-09-03T19:33:26.081323+00:00
2019-09-03,380.0,393.0,370.0,390.0,4978,390.0,2026-09-03T19:33:26.081323+00:00
2019-09-04,383.0,388.0,380.0,380.0,7356,380.0,2026-09-03T19:33:26.081323+00:00
2019-09-05,375.0,387.0,375.0,380.0,1654,380.0,2026-09-03T19:33:26.081323+00:00
2019-09-08,377.0,384.0,377.0,384.0,860,384.0,2026-09-03T19:33:26.081323+00:00
2019-09-09,386.0,386.0,369.0,382.0,3194,382.0,2026-09-03T19:33:26.081323+00:00
2019-09-10,382.0,385.0,369.0,377.0,3926,377.0,2026-09-03T19:33:26.081323+00:00
2019-09-11,378.0,378.0,371.0,375.0,8907,375.0,2026-09-03T19:33:26.081323+00:00
2019-09-12,370.0,375.0,370.0,374.0,5129,374.0,2026-09-03T19:33:26.081323+00:00
2019-09-15,370.0,375.0,358.0,367.0,11980,367.0,2026-09-03T19:33:26.081323+00:00
2019-09-16,385.0,385.0,353.0,357.0,2601,357.0,2026-09-03T19:33:26.081323+00:00
2019-09-17,350.0,372.0,350.0,367.0,5774,367.0,2026-09-03T19:33:26.081323+00:00
2019-09-18,374.0,375.0,365.0,375.0,3852,375.0,2026-09-03T19:33:26.081323+00:00
2019-09-19,378.0,378.0,370.0,370.0,4898,370.0,2026-09-03T19:33:26.081323+00:00
2019-09-22,361.0,365.0,356.0,360.0,6962,360.0,2026-09-03T19:33:26.081323+00:00
2019-09-23,360.0,364.0,358.0,362.0,1988,362.0,2026-09-03T19:33:26.081323+00:00
2019-09-24,356.0,364.0,356.0,357.0,2153,357.0,2026-09-03T19:33:26.081323+00:00
2019-09-25,354.0,358.0,353.0,354.0,6169,354.0,2026-09-03T19:33:26.081323+00:00
2019-09-26,353.0,357.0,352.0,357.0,1285,357.0,2026-09-03T19:33:26.081323+00:00
2019-09-29,355.0,359.0,354.0,359.0,1987,359.0,2026-09-03T19:33:26.081323+00:00
2019-09-30,356.0,359.0,356.0,358.0,1850,358.0,2026-09-03T19:33:26.081323+00:00
2019-10-01,358.0,362.0,358.0,361.0,6566,361.0,2026-09-03T19:33:26.081323+00:00
2019-10-02,368.0,368.0,355.0,355.0,2291,355.0,2026-09-03T19:33:26.081323+00:00
2019-10-03,355.0,362.0,355.0,362.0,188,362.0,2026-09-03T19:33:26.081323+00:00
2019-10-10,362.0,365.0,361.0,365.0,103,365.0,2026-09-03T19:33:26.081323+00:00
2019-10-14,359.0,363.0,354.0,363.0,6353,363.0,2026-09-03T19:33:26.081323+00:00
2019-10-15,363.0,368.0,362.0,366.0,1415,366.0,2026-09-03T19:33:26.081323+00:00
2019-10-16,361.0,363.0,358.0,363.0,2801,363.0,2026-09-03T19:33:26.081323+00:00
2019-10-17,357.0,364.0,357.0,364.0,2428,364.0,2026-09-03T19:33:26.081323+00:00
2019-10-20,358.0,364.0,357.0,362.0,705,362.0,2026-09-03T19:33:26.081323+00:00
2019-10-21,357.0,360.0,357.0,358.0,1744,358.0,2026-09-03T19:33:26.081323+00:00
2019-10-22,358.0,365.0,356.0,365.0,1249,365.0,2026-09-03T19:33:26.081323+00:00
2019-10-23,365.0,367.0,358.0,367.0,1203,367.0,2026-09-03T19:33:26.081323+00:00
2019-10-24,365.0,370.0,363.0,368.0,3953,368.0,2026-09-03T19:33:26.081323+00:00
2019-10-31,365.0,368.0,361.0,367.0,10738,367.0,2026-09-03T19:33:26.081323+00:00
2019-11-03,361.0,364.0,357.0,364.0,5061,364.0,2026-09-03T19:33:26.081323+00:00
2019-11-04,363.0,368.0,358.0,368.0,3596,368.0,2026-09-03T19:33:26.081323+00:00
2019-11-05,364.0,369.0,363.0,369.0,1304,369.0,2026-09-03T19:33:26.081323+00:00
2019-11-06,368.0,372.0,362.0,370.0,1284,370.0,2026-09-03T19:33:26.081323+00:00
2019-11-07,370.0,370.0,358.0,368.0,10335,368.0,2026-09-03T19:33:26.081323+00:00
2019-11-10,361.0,367.0,355.0,357.0,5189,357.0,2026-09-03T19:33:26.081323+00:00
2019-11-11,355.0,367.0,355.0,367.0,1739,367.0,2026-09-03T19:33:26.081323+00:00
2019-11-12,365.0,370.0,356.0,359.0,4479,359.0,2026-09-03T19:33:26.081323+00:00
2019-11-13,359.0,360.0,355.0,358.0,3650,358.0,2026-09-03T19:33:26.081323+00:00
2019-11-14,358.0,360.0,355.0,357.0,1901,357.0,2026-09-03T19:33:26.081323+00:00
2019-11-17,354.0,354.0,349.0,350.0,8784,350.0,2026-09-03T19:33:26.081323+00:00
2019-11-18,349.0,353.0,348.0,353.0,1196,353.0,2026-09-03T19:33:26.081323+00:00
2019-11-19,347.0,351.0,347.0,347.0,2267,347.0,2026-09-03T19:33:26.081323+00:00
2019-11-20,347.0,351.0,347.0,347.0,2925,347.0,2026-09-03T19:33:26.081323+00:00
2019-11-21,347.0,348.0,343.0,347.0,3746,347.0,2026-09-03T19:33:26.081323+00:00
2019-11-24,345.0,353.0,342.0,343.0,1829,343.0,2026-09-03T19:33:26.081323+00:00
2019-11-25,342.0,349.0,342.0,345.0,587,345.0,2026-09-03T19:33:26.081323+00:00
2019-11-26,342.0,343.0,341.0,341.0,453,341.0,2026-09-03T19:33:26.081323+00:00
2019-11-27,340.0,348.0,340.0,348.0,1332,348.0,2026-09-03T19:33:26.081323+00:00
2019-11-28,342.0,345.0,342.0,344.0,1697,344.0,2026-09-03T19:33:26.081323+00:00
2019-12-01,342.0,344.0,340.0,342.0,1389,342.0,2026-09-03T19:33:26.081323+00:00
2019-12-02,340.0,343.0,330.0,330.0,7279,330.0,2026-09-03T19:33:26.081323+00:00
2019-12-03,336.0,336.0,329.0,334.0,6535,334.0,2026-09-03T19:33:26.081323+00:00
2019-12-04,340.0,351.0,333.0,334.0,4056,334.0,2026-09-03T19:33:26.081323+00:00
2019-12-05,338.0,339.0,332.0,334.0,3538,334.0,2026-09-03T19:33:26.081323+00:00
2019-12-08,332.0,346.0,331.0,343.0,6247,343.0,2026-09-03T19:33:26.081323+00:00
2019-12-09,342.0,365.0,342.0,360.0,32400,360.0,2026-09-03T19:33:26.081323+00:00
2019-12-10,367.0,367.0,356.0,357.0,22305,357.0,2026-09-03T19:33:26.081323+00:00
2019-12-11,357.0,360.0,352.0,360.0,11731,360.0,2026-09-03T19:33:26.081323+00:00
2019-12-12,360.0,375.0,353.0,366.0,32341,366.0,2026-09-03T19:33:26.081323+00:00
2019-12-15,360.0,362.0,354.0,357.0,7427,357.0,2026-09-03T19:33:26.081323+00:00
2019-12-16,357.0,360.0,352.0,354.0,5846,354.0,2026-09-03T19:33:26.081323+00:00
2019-12-17,351.0,360.0,351.0,357.0,2256,357.0,2026-09-03T19:33:26.081323+00:00
2019-12-18,361.0,361.0,352.0,353.0,3098,353.0,2026-09-03T19:33:26.081323+00:00
2019-12-19,352.0,360.0,352.0,357.0,5702,357.0,2026-09-03T19:33:26.081323+00:00
2019-12-22,355.0,357.0,353.0,356.0,9655,356.0,2026-09-03T19:33:26.081323+00:00
2019-12-23,356.0,357.0,352.0,355.0,8955,355.0,2026-09-03T19:33:26.081323+00:00
2019-12-24,360.0,364.0,350.0,352.0,80343,352.0,2026-09-03T19:33:26.081323+00:00
2019-12-25,315.0,315.0,305.0,309.0,9101,309.0,2026-09-03T19:33:26.081323+00:00
2019-12-26,315.0,315.0,301.0,302.0,8548,302.0,2026-09-03T19:33:26.081323+00:00
2019-12-29,308.0,308.0,300.0,303.0,4607,303.0,2026-09-03T19:33:26.081323+00:00
2019-12-30,300.0,308.0,300.0,304.0,1941,304.0,2026-09-03T19:33:26.081323+00:00
2019-12-31,310.0,310.0,300.0,303.0,2446,303.0,2026-09-03T19:33:26.081323+00:00
2020-01-01,305.0,305.0,300.0,302.0,3358,302.0,2026-09-03T19:33:26.081323+00:00
2020-01-02,302.0,303.0,300.0,302.0,6109,302.0,2026-09-03T19:33:26.081323+00:00
2020-01-05,302.0,311.0,302.0,308.0,3361,308.0,2026-09-03T19:33:26.081323+00:00
2020-01-06,311.0,314.0,305.0,308.0,5250,308.0,2026-09-03T19:33:26.081323+00:00
2020-01-07,307.0,314.0,307.0,310.0,9686,310.0,2026-09-03T19:33:26.081323+00:00
2020-01-08,309.0,310.0,307.0,309.0,3209,309.0,2026-09-03T19:33:26.081323+00:00
2020-01-09,310.0,310.0,305.0,309.0,11483,309.0,2026-09-03T19:33:26.081323+00:00
2020-01-12,310.0,320.0,310.0,317.0,13550,317.0,2026-09-03T19:33:26.081323+00:00
2020-01-13,323.0,342.0,318.0,325.0,43912,325.0,2026-09-03T19:33:26.081323+00:00
2020-01-14,330.0,337.0,319.0,328.0,10056,328.0,2026-09-03T19:33:26.081323+00:00
2020-01-15,328.0,333.0,324.0,329.0,6037,329.0,2026-09-03T19:33:26.081323+00:00
2020-01-16,335.0,335.0,324.0,332.0,8907,332.0,2026-09-03T19:33:26.081323+00:00
2020-01-19,335.0,356.0,329.0,340.0,28640,340.0,2026-09-03T19:33:26.081323+00:00
2020-01-20,340.0,343.0,325.0,332.0,15991,332.0,2026-09-03T19:33:26.081323+00:00
2020-01-21,335.0,335.0,320.0,327.0,4586,327.0,2026-09-03T19:33:26.081323+00:00
2020-01-22,327.0,328.0,321.0,325.0,4197,325.0,2026-09-03T19:33:26.081323+00:00
2020-01-23,321.0,328.0,319.0,328.0,4135,328.0,2026-09-03T19:33:26.081323+00:00
2020-01-26,334.0,334.0,315.0,318.0,7114,318.0,2026-09-03T19:33:26.081323+00:00
2020-01-27,323.0,323.0,316.0,322.0,5431,322.0,2026-09-03T19:33:26.081323+00:00
2020-01-28,322.0,322.0,317.0,317.0,6302,317.0,2026-09-03T19:33:26.081323+00:00
2020-01-29,317.0,321.0,316.0,318.0,5052,318.0,2026-09-03T19:33:26.081323+00:00
2020-01-30,316.0,325.0,316.0,323.0,6034,323.0,2026-09-03T19:33:26.081323+00:00
2020-02-02,321.0,331.0,321.0,330.0,10119,330.0,2026-09-03T19:33:26.081323+00:00
2020-02-03,324.0,353.0,324.0,346.0,48478,346.0,2026-09-03T19:33:26.081323+00:00
2020-02-04,348.0,353.0,332.0,332.0,20395,332.0,2026-09-03T19:33:26.081323+00:00
2020-02-05,332.0,340.0,332.0,335.0,6676,335.0,2026-09-03T19:33:26.081323+00:00
2020-02-06,335.0,337.0,329.0,334.0,7414,334.0,2026-09-03T19:33:26.081323+00:00
2020-02-09,328.0,329.0,323.0,327.0,10196,327.0,2026-09-03T19:33:26.081323+00:00
2020-02-10,333.0,333.0,322.0,330.0,1902,330.0,2026-09-03T19:33:26.081323+00:00
2020-02-11,336.0,350.0,332.0,335.0,18492,335.0,2026-09-03T19:33:26.081323+00:00
2020-02-12,341.0,345.0,336.0,336.0,20106,336.0,2026-09-03T19:33:26.081323+00:00
2020-02-13,342.0,348.0,335.0,338.0,13174,338.0,2026-09-03T19:33:26.081323+00:00
2020-02-16,339.0,339.0,336.0,339.0,8820,339.0,2026-09-03T19:33:26.081323+00:00
2020-02-17,345.0,356.0,339.0,350.0,61077,350.0,2026-09-03T19:33:26.081323+00:00
2020-02-18,354.0,355.0,340.0,347.0,25909,347.0,2026-09-03T19:33:26.081323+00:00
2020-02-19,350.0,362.0,349.0,361.0,39456,361.0,2026-09-03T19:33:26.081323+00:00
2020-02-20,361.0,396.0,361.0,396.0,40433,396.0,2026-09-03T19:33:26.081323+00:00
2020-02-23,402.0,429.0,393.0,405.0,74224,405.0,2026-09-03T19:33:26.081323+00:00
2020-02-24,411.0,411.0,388.0,395.0,39083,395.0,2026-09-03T19:33:26.081323+00:00
2020-02-25,390.0,405.0,385.0,403.0,41452,403.0,2026-09-03T19:33:26.081323+00:00
2020-02-26,408.0,414.0,402.0,403.0,45997,403.0,2026-09-03T19:33:26.081323+00:00
2020-02-27,404.0,409.0,390.0,399.0,48106,399.0,2026-09-03T19:33:26.081323+00:00
2020-03-01,405.0,408.0,390.0,396.0,37520,396.0,2026-09-03T19:33:26.081323+00:00
2020-03-02,390.0,395.0,380.0,380.0,21389,380.0,2026-09-03T19:33:26.081323+00:00
2020-03-03,373.0,388.0,352.0,385.0,30654,385.0,2026-09-03T19:33:26.081323+00:00
2020-03-04,380.0,380.0,360.0,364.0,24759,364.0,2026-09-03T19:33:26.081323+00:00
2020-03-05,363.0,368.0,354.0,360.0,14606,360.0,2026-09-03T19:33:26.081323+00:00
2020-03-10,353.0,354.0,340.0,340.0,10952,340.0,2026-09-03T19:33:26.081323+00:00
2020-03-11,337.0,358.0,337.0,353.0,13564,353.0,2026-09-03T19:33:26.081323+00:00
2020-03-12,360.0,360.0,345.0,350.0,17709,350.0,2026-09-03T19:33:26.081323+00:00
2020-03-15,343.0,345.0,328.0,330.0,21930,330.0,2026-09-03T19:33:26.081323+00:00
2020-03-16,330.0,344.0,326.0,332.0,10560,332.0,2026-09-03T19:33:26.081323+00:00
2020-03-17,330.0,333.0,325.0,325.0,14772,325.0,2026-09-03T19:33:26.081323+00:00
2020-03-18,322.0,336.0,309.0,318.0,13923,318.0,2026-09-03T19:33:26.081323+00:00
2020-03-19,313.0,330.0,312.0,326.0,15644,326.0,2026-09-03T19:33:26.081323+00:00
2020-03-22,321.0,330.0,320.0,330.0,1300,330.0,2026-09-03T19:33:26.081323+00:00
2020-05-12,324.0,324.0,321.0,321.0,320,321.0,2026-09-03T19:33:26.081323+00:00
2020-05-13,315.0,315.0,312.0,312.0,74,312.0,2026-09-03T19:33:26.081323+00:00
2020-06-30,308.0,332.0,302.0,332.0,2361,332.0,2026-09-03T19:33:26.081323+00:00
2020-07-01,338.0,365.0,338.0,365.0,2101,365.0,2026-09-03T19:33:26.081323+00:00
2020-07-02,372.0,377.0,334.0,334.0,2971,334.0,2026-09-03T19:33:26.081323+00:00
2020-07-05,328.0,350.0,322.0,336.0,10368,336.0,2026-09-03T19:33:26.081323+00:00
2020-07-06,330.0,351.0,330.0,345.0,5917,345.0,2026-09-03T19:33:26.081323+00:00
2020-07-07,350.0,361.0,347.0,357.0,12808,357.0,2026-09-03T19:33:26.081323+00:00
2020-07-08,352.0,365.0,342.0,360.0,7859,360.0,2026-09-03T19:33:26.081323+00:00
2020-07-09,354.0,367.0,353.0,357.0,16358,357.0,2026-09-03T19:33:26.081323+00:00
2020-07-12,364.0,370.0,353.0,356.0,10109,356.0,2026-09-03T19:33:26.081323+00:00
2020-07-13,350.0,356.0,349.0,353.0,7854,353.0,2026-09-03T19:33:26.081323+00:00
2020-07-14,353.0,360.0,352.0,357.0,8366,357.0,2026-09-03T19:33:26.081323+00:00
2020-07-15,358.0,364.0,355.0,359.0,15645,359.0,2026-09-03T19:33:26.081323+00:00
2020-07-16,366.0,368.0,360.0,365.0,38990,365.0,2026-09-03T19:33:26.081323+00:00
2020-07-19,372.0,379.0,372.0,379.0,20,379.0,2026-09-03T19:33:26.081323+00:00
2020-07-20,397.0,400.0,369.0,374.0,20188,374.0,2026-09-03T19:33:26.081323+00:00
2020-07-21,380.0,380.0,325.0,364.0,25869,364.0,2026-09-03T19:33:26.081323+00:00
2020-07-22,357.0,366.0,354.0,356.0,16550,356.0,2026-09-03T19:33:26.081323+00:00
2020-07-23,356.0,362.0,352.0,358.0,11977,358.0,2026-09-03T19:33:26.081323+00:00
2020-07-26,358.0,372.0,358.0,367.0,18713,367.0,2026-09-03T19:33:26.081323+00:00
2020-07-27,374.0,374.0,364.0,367.0,9124,367.0,2026-09-03T19:33:26.081323+00:00
2020-07-28,362.0,367.0,360.0,364.0,9745,364.0,2026-09-03T19:33:26.081323+00:00
2020-07-29,357.0,363.0,355.0,356.0,20473,356.0,2026-09-03T19:33:26.081323+00:00
2020-07-30,349.0,363.0,349.0,358.0,12071,358.0,2026-09-03T19:33:26.081323+00:00
2020-08-02,358.0,361.0,350.0,351.0,15346,351.0,2026-09-03T19:33:26.081323+00:00
2020-08-03,345.0,355.0,345.0,355.0,8905,355.0,2026-09-03T19:33:26.081323+00:00
2020-08-05,348.0,355.0,346.0,351.0,14609,351.0,2026-09-03T19:33:26.081323+00:00
2020-08-06,346.0,350.0,344.0,350.0,6164,350.0,2026-09-03T19:33:26.081323+00:00
2020-08-09,345.0,357.0,343.0,351.0,4395,351.0,2026-09-03T19:33:26.081323+00:00
2020-08-10,355.0,360.0,352.0,360.0,8708,360.0,2026-09-03T19:33:26.081323+00:00
2020-08-11,366.0,366.0,358.0,358.0,3300,358.0,2026-09-03T19:33:26.081323+00:00
2020-08-12,356.0,362.0,356.0,362.0,6546,362.0,2026-09-03T19:33:26.081323+00:00
2020-08-13,355.0,380.0,355.0,365.0,19372,365.0,2026-09-03T19:33:26.081323+00:00
2020-08-16,358.0,367.0,356.0,364.0,14507,364.0,2026-09-03T19:33:26.081323+00:00
2020-08-17,364.0,365.0,360.0,364.0,7156,364.0,2026-09-03T19:33:26.081323+00:00
2020-08-18,357.0,365.0,357.0,361.0,17907,361.0,2026-09-03T19:33:26.081323+00:00
2020-08-19,360.0,360.0,355.0,358.0,6332,358.0,2026-09-03T19:33:26.081323+00:00
2020-08-20,352.0,361.0,352.0,360.0,3036,360.0,2026-09-03T19:33:26.081323+00:00
2020-08-23,356.0,362.0,355.0,360.0,7955,360.0,2026-09-03T19:33:26.081323+00:00
2020-08-24,378.0,378.0,360.0,363.0,14215,363.0,2026-09-03T19:33:26.081323+00:00
2020-08-25,365.0,367.0,362.0,364.0,11682,364.0,2026-09-03T19:33:26.081323+00:00
2020-08-26,363.0,372.0,360.0,370.0,23258,370.0,2026-09-03T19:33:26.081323+00:00
2020-08-27,388.0,388.0,365.0,366.0,17343,366.0,2026-09-03T19:33:26.081323+00:00
2020-08-30,365.0,366.0,361.0,366.0,5080,366.0,2026-09-03T19:33:26.081323+00:00
2020-08-31,366.0,382.0,364.0,379.0,39647,379.0,2026-09-03T19:33:26.081323+00:00
2020-09-02,385.0,404.0,374.0,399.0,85388,399.0,2026-09-03T19:33:26.081323+00:00
2020-09-03,409.0,415.0,378.0,383.0,67715,383.0,2026-09-03T19:33:26.081323+00:00
2020-09-06,390.0,402.0,377.0,379.0,33506,379.0,2026-09-03T19:33:26.081323+00:00
2020-09-07,397.0,397.0,369.0,380.0,36820,380.0,2026-09-03T19:33:26.081323+00:00
2020-09-08,380.0,394.0,376.0,389.0,24435,389.0,2026-09-03T19:33:26.081323+00:00
2020-09-09,391.0,397.0,386.0,386.0,40419,386.0,2026-09-03T19:33:26.081323+00:00
2020-09-10,392.0,396.0,383.0,390.0,30704,390.0,2026-09-03T19:33:26.081323+00:00
2020-09-13,391.0,395.0,388.0,393.0,39277,393.0,2026-09-03T19:33:26.081323+00:00
2020-09-14,412.0,412.0,391.0,400.0,114665,400.0,2026-09-03T19:33:26.081323+00:00
2020-09-15,400.0,405.0,396.0,397.0,52950,397.0,2026-09-03T19:33:26.081323+00:00
2020-09-16,404.0,406.0,390.0,403.0,60629,403.0,2026-09-03T19:33:26.081323+00:00
2020-09-17,405.0,430.0,400.0,420.0,139484,420.0,2026-09-03T19:33:26.081323+00:00
2020-09-20,425.0,430.0,405.0,406.0,39196,406.0,2026-09-03T19:33:26.081323+00:00
2020-09-21,409.0,410.0,398.0,405.0,49380,405.0,2026-09-03T19:33:26.081323+00:00
2020-09-22,408.0,408.0,396.0,397.0,40532,397.0,2026-09-03T19:33:26.081323+00:00
2020-09-23,397.0,403.0,395.0,401.0,26635,401.0,2026-09-03T19:33:26.081323+00:00
2020-09-24,395.0,413.0,395.0,405.0,62773,405.0,2026-09-03T19:33:26.081323+00:00
2020-09-27,407.0,417.0,405.0,406.0,37384,406.0,2026-09-03T19:33:26.081323+00:00
2020-09-28,407.0,412.0,401.0,401.0,19179,401.0,2026-09-03T19:33:26.081323+00:00
2020-09-29,421.0,421.0,398.0,406.0,39916,406.0,2026-09-03T19:33:26.081323+00:00
2020-09-30,401.0,405.0,399.0,403.0,21499,403.0,2026-09-03T19:33:26.081323+00:00
2020-10-01,401.0,407.0,396.0,401.0,42918,401.0,2026-09-03T19:33:26.081323+00:00
2020-10-04,421.0,421.0,400.0,402.0,20060,402.0,2026-09-03T19:33:26.081323+00:00
2020-10-05,402.0,408.0,399.0,404.0,27611,404.0,2026-09-03T19:33:26.081323+00:00
2020-10-06,424.0,424.0,401.0,413.0,106874,413.0,2026-09-03T19:33:26.081323+00:00
2020-10-07,433.0,433.0,415.0,423.0,185951,423.0,2026-09-03T19:33:26.081323+00:00
2020-10-08,423.0,430.0,412.0,415.0,73662,415.0,2026-09-03T19:33:26.081323+00:00
2020-10-11,411.0,416.0,407.0,407.0,33301,407.0,2026-09-03T19:33:26.081323+00:00
2020-10-12,410.0,412.0,405.0,407.0,33127,407.0,2026-09-03T19:33:26.081323+00:00
2020-10-13,415.0,415.0,402.0,406.0,17860,406.0,2026-09-03T19:33:26.081323+00:00
2020-10-14,426.0,426.0,400.0,402.0,24829,402.0,2026-09-03T19:33:26.081323+00:00
2020-10-15,402.0,409.0,401.0,401.0,9957,401.0,2026-09-03T19:33:26.081323+00:00
2020-10-18,400.0,401.0,395.0,400.0,13567,400.0,2026-09-03T19:33:26.081323+00:00
2020-10-19,400.0,406.0,398.0,406.0,5936,406.0,2026-09-03T19:33:26.081323+00:00
2020-10-20,406.0,411.0,406.0,410.0,10809,410.0,2026-09-03T19:33:26.081323+00:00
2020-10-21,430.0,430.0,407.0,410.0,15450,410.0,2026-09-03T19:33:26.081323+00:00
2020-10-22,430.0,430.0,407.0,410.0,24476,410.0,2026-09-03T19:33:26.081323+00:00
2020-10-28,403.0,415.0,403.0,410.0,15823,410.0,2026-09-03T19:33:26.081323+00:00
2020-10-29,402.0,418.0,402.0,413.0,25161,413.0,2026-09-03T19:33:26.081323+00:00
2020-11-01,433.0,433.0,411.0,412.0,35543,412.0,2026-09-03T19:33:26.081323+00:00
2020-11-02,415.0,423.0,411.0,413.0,16009,413.0,2026-09-03T19:33:26.081323+00:00
2020-11-03,412.0,415.0,412.0,414.0,15777,414.0,2026-09-03T19:33:26.081323+00:00
2020-11-04,416.0,416.0,412.0,415.0,16150,415.0,2026-09-03T19:33:26.081323+00:00
2020-11-05,414.0,415.0,408.0,412.0,32935,412.0,2026-09-03T19:33:26.081323+00:00
2020-11-08,410.0,417.0,408.0,413.0,31438,413.0,2026-09-03T19:33:26.081323+00:00
2020-11-09,410.0,416.0,410.0,411.0,37594,411.0,2026-09-03T19:33:26.081323+00:00
2020-11-10,411.0,414.0,410.0,412.0,32577,412.0,2026-09-03T19:33:26.081323+00:00
2020-11-11,415.0,417.0,410.0,414.0,30510,414.0,2026-09-03T19:33:26.081323+00:00
2020-11-12,420.0,420.0,411.0,414.0,32085,414.0,2026-09-03T19:33:26.081323+00:00
2020-11-18,406.0,413.0,404.0,410.0,35148,410.0,2026-09-03T19:33:26.081323+00:00
2020-11-19,409.0,414.0,408.0,413.0,39852,413.0,2026-09-03T19:33:26.081323+00:00
2020-11-22,413.0,420.0,407.0,411.0,60183,411.0,2026-09-03T19:33:26.081323+00:00
2020-11-23,412.0,415.0,410.0,413.0,19950,413.0,2026-09-03T19:33:26.081323+00:00
2020-11-24,413.0,438.0,411.0,429.0,124794,429.0,2026-09-03T19:33:26.081323+00:00
2020-11-25,408.0,455.0,408.0,428.0,107294,428.0,2026-09-03T19:33:26.081323+00:00
2020-11-26,428.0,443.0,428.0,428.0,160526,428.0,2026-09-03T19:33:26.081323+00:00
2020-11-29,428.0,455.0,428.0,434.0,110090,434.0,2026-09-03T19:33:26.081323+00:00
2020-11-30,438.0,461.0,438.0,450.0,142037,450.0,2026-09-03T19:33:26.081323+00:00
2020-12-01,456.0,463.0,445.0,445.0,105227,445.0,2026-09-03T19:33:26.081323+00:00
2020-12-02,450.0,456.0,441.0,450.0,128236,450.0,2026-09-03T19:33:26.081323+00:00
2020-12-03,459.0,479.0,450.0,463.0,238817,463.0,2026-09-03T19:33:26.081323+00:00
2020-12-06,463.0,472.0,449.0,450.0,140496,450.0,2026-09-03T19:33:26.081323+00:00
2020-12-07,450.0,468.0,438.0,460.0,62035,460.0,2026-09-03T19:33:26.081323+00:00
2020-12-08,464.0,478.0,460.0,465.0,102890,465.0,2026-09-03T19:33:26.081323+00:00
2020-12-09,465.0,468.0,450.0,451.0,50870,451.0,2026-09-03T19:33:26.081323+00:00
2020-12-10,445.0,454.0,444.0,450.0,47854,450.0,2026-09-03T19:33:26.081323+00:00
2020-12-13,450.0,459.0,445.0,452.0,44494,452.0,2026-09-03T19:33:26.081323+00:00
2020-12-14,452.0,459.0,451.0,454.0,48397,454.0,2026-09-03T19:33:26.081323+00:00
2020-12-15,450.0,465.0,450.0,454.0,33720,454.0,2026-09-03T19:33:26.081323+00:00
2020-12-16,454.0,460.0,448.0,449.0,41778,449.0,2026-09-03T19:33:26.081323+00:00
2020-12-17,449.0,454.0,446.0,447.0,28813,447.0,2026-09-03T19:33:26.081323+00:00
2020-12-20,455.0,475.0,442.0,447.0,219994,447.0,2026-09-03T19:33:26.081323+00:00
2020-12-21,450.0,463.0,441.0,453.0,79751,453.0,2026-09-03T19:33:26.081323+00:00
2020-12-22,458.0,460.0,450.0,453.0,90248,453.0,2026-09-03T19:33:26.081323+00:00
2020-12-23,460.0,469.0,449.0,452.0,50632,452.0,2026-09-03T19:33:26.081323+00:00
2020-12-24,452.0,455.0,444.0,445.0,52117,445.0,2026-09-03T19:33:26.081323+00:00
2020-12-27,453.0,453.0,442.0,445.0,32618,445.0,2026-09-03T19:33:26.081323+00:00
2020-12-28,444.0,446.0,439.0,440.0,44910,440.0,2026-09-03T19:33:26.081323+00:00
2020-12-29,462.0,462.0,438.0,439.0,25445,439.0,2026-09-03T19:33:26.081323+00:00
2020-12-30,430.0,446.0,430.0,438.0,44184,438.0,2026-09-03T19:33:26.081323+00:00
2020-12-31,440.0,448.0,440.0,445.0,137976,445.0,2026-09-03T19:33:26.081323+00:00
2021-01-03,404.0,404.0,392.0,396.0,53682,396.0,2026-09-03T19:33:26.081323+00:00
2021-01-04,399.0,403.0,398.0,399.0,53885,399.0,2026-09-03T19:33:26.081323+00:00
2021-01-05,399.0,404.0,392.0,398.0,40196,398.0,2026-09-03T19:33:26.081323+00:00
2021-01-06,401.0,405.0,396.0,398.0,29686,398.0,2026-09-03T19:33:26.081323+00:00
2021-01-07,397.0,400.0,396.0,396.0,34753,396.0,2026-09-03T19:33:26.081323+00:00
2021-01-10,396.0,403.0,394.0,397.0,45545,397.0,2026-09-03T19:33:26.081323+00:00
2021-01-11,403.0,407.0,399.0,402.0,44690,402.0,2026-09-03T19:33:26.081323+00:00
2021-01-12,404.0,405.0,402.0,403.0,28558,403.0,2026-09-03T19:33:26.081323+00:00
2021-01-13,384.0,413.0,384.0,411.0,41770,411.0,2026-09-03T19:33:26.081323+00:00
2021-01-17,431.0,431.0,404.0,405.0,39632,405.0,2026-09-03T19:33:26.081323+00:00
2021-01-18,406.0,408.0,402.0,403.0,40180,403.0,2026-09-03T19:33:26.081323+00:00
2021-01-19,406.0,406.0,398.0,399.0,36635,399.0,2026-09-03T19:33:26.081323+00:00
2021-01-20,380.0,409.0,380.0,402.0,65644,402.0,2026-09-03T19:33:26.081323+00:00
2021-01-21,408.0,408.0,399.0,402.0,34537,402.0,2026-09-03T19:33:26.081323+00:00
2021-01-24,407.0,413.0,405.0,406.0,81769,406.0,2026-09-03T19:33:26.081323+00:00
2021-01-25,408.0,413.0,404.0,407.0,50293,407.0,2026-09-03T19:33:26.081323+00:00
2021-01-26,407.0,413.0,403.0,405.0,39722,405.0,2026-09-03T19:33:26.081323+00:00
2021-01-27,403.0,410.0,403.0,405.0,32455,405.0,2026-09-03T19:33:26.081323+00:00
2021-01-28,408.0,410.0,398.0,400.0,42658,400.0,2026-09-03T19:33:26.081323+00:00
2021-01-31,393.0,401.0,391.0,393.0,38274,393.0,2026-09-03T19:33:26.081323+00:00
2021-02-01,400.0,401.0,397.0,398.0,18877,398.0,2026-09-03T19:33:26.081323+00:00
2021-02-02,405.0,405.0,397.0,401.0,54608,401.0,2026-09-03T19:33:26.081323+00:00
2021-02-03,404.0,438.0,400.0,416.0,145385,416.0,2026-09-03T19:33:26.081323+00:00
2021-02-04,416.0,420.0,412.0,418.0,56246,418.0,2026-09-03T19:33:26.081323+00:00
2021-02-07,418.0,448.0,418.0,439.0,226859,439.0,2026-09-03T19:33:26.081323+00:00
2021-02-08,447.0,455.0,432.0,437.0,105819,437.0,2026-09-03T19:33:26.081323+00:00
2021-02-09,458.0,458.0,422.0,425.0,45034,425.0,2026-09-03T19:33:26.081323+00:00
2021-02-10,417.0,419.0,400.0,413.0,129278,413.0,2026-09-03T19:33:26.081323+00:00
2021-02-11,409.0,414.0,404.0,407.0,69935,407.0,2026-09-03T19:33:26.081323+00:00
2021-02-14,401.0,413.0,399.0,405.0,55818,405.0,2026-09-03T19:33:26.081323+00:00
2021-02-15,410.0,413.0,406.0,410.0,58173,410.0,2026-09-03T19:33:26.081323+00:00
2021-02-16,417.0,417.0,401.0,404.0,60070,404.0,2026-09-03T19:33:26.081323+00:00
2021-02-17,404.0,407.0,402.0,404.0,47675,404.0,2026-09-03T19:33:26.081323+00:00
2021-02-18,404.0,406.0,402.0,404.0,34879,404.0,2026-09-03T19:33:26.081323+00:00
2021-02-21,424.0,424.0,402.0,407.0,59160,407.0,2026-09-03T19:33:26.081323+00:00
2021-02-22,410.0,414.0,392.0,404.0,107200,404.0,2026-09-03T19:33:26.081323+00:00
2021-02-23,424.0,424.0,399.0,402.0,49004,402.0,2026-09-03T19:33:26.081323+00:00
2021-02-24,422.0,422.0,391.0,404.0,48575,404.0,2026-09-03T19:33:26.081323+00:00
2021-02-25,410.0,410.0,400.0,400.0,29632,400.0,2026-09-03T19:33:26.081323+00:00
2021-02-28,405.0,405.0,393.0,394.0,42617,394.0,2026-09-03T19:33:26.081323+00:00
2021-03-01,390.0,402.0,390.0,397.0,24846,397.0,2026-09-03T19:33:26.081323+00:00
2021-03-02,397.0,400.0,392.0,394.0,36994,394.0,2026-09-03T19:33:26.081323+00:00
2021-03-03,392.0,395.0,387.0,387.0,37667,387.0,2026-09-03T19:33:26.081323+00:00
2021-03-04,393.0,400.0,389.0,400.0,42349,400.0,2026-09-03T19:33:26.081323+00:00
2021-03-07,393.0,412.0,393.0,400.0,23884,400.0,2026-09-03T19:33:26.081323+00:00
2021-03-09,393.0,398.0,392.0,394.0,13960,394.0,2026-09-03T19:33:26.081323+00:00
2021-03-10,394.0,399.0,392.0,392.0,14977,392.0,2026-09-03T19:33:26.081323+00:00
2021-03-14,392.0,396.0,389.0,390.0,18671,390.0,2026-09-03T19:33:26.081323+00:00
2021-03-15,389.0,393.0,387.0,388.0,26208,388.0,2026-09-03T19:33:26.081323+00:00
2021-03-16,387.0,393.0,386.0,388.0,14073,388.0,2026-09-03T19:33:26.081323+00:00
2021-03-17,386.0,394.0,383.0,389.0,11690,389.0,2026-09-03T19:33:26.081323+00:00
2021-03-18,408.0,408.0,391.0,392.0,15459,392.0,2026-09-03T19:33:26.081323+00:00
2021-03-21,411.0,411.0,388.0,393.0,20878,393.0,2026-09-03T19:33:26.081323+00:00
2021-03-22,393.0,400.0,392.0,396.0,22486,396.0,2026-09-03T19:33:26.081323+00:00
2021-03-23,396.0,413.0,396.0,405.0,118024,405.0,2026-09-03T19:33:26.081323+00:00
2021-03-24,410.0,416.0,405.0,408.0,70113,408.0,2026-09-03T19:33:26.081323+00:00
2021-03-25,408.0,415.0,402.0,407.0,50104,407.0,2026-09-03T19:33:26.081323+00:00
2021-03-29,405.0,409.0,397.0,404.0,35405,404.0,2026-09-03T19:33:26.081323+00:00
2021-03-30,385.0,412.0,385.0,404.0,29497,404.0,2026-09-03T19:33:26.081323+00:00
2021-03-31,409.0,410.0,403.0,404.0,25733,404.0,2026-09-03T19:33:26.081323+00:00
2021-04-01,410.0,411.0,403.0,407.0,56035,407.0,2026-09-03T19:33:26.081323+00:00
2021-04-04,406.0,414.0,406.0,410.0,62574,410.0,2026-09-03T19:33:26.081323+00:00
2021-04-05,415.0,415.0,405.0,409.0,37712,409.0,2026-09-03T19:33:26.081323+00:00
2021-04-06,415.0,449.0,404.0,447.0,367903,447.0,2026-09-03T19:33:26.081323+00:00
2021-04-07,460.0,465.0,429.0,432.0,136136,432.0,2026-09-03T19:33:26.081323+00:00
2021-04-08,427.0,431.0,420.0,422.0,73559,422.0,2026-09-03T19:33:26.081323+00:00
2021-04-12,420.0,427.0,412.0,420.0,53453,420.0,2026-09-03T19:33:26.081323+00:00
2021-04-13,420.0,428.0,416.0,425.0,50957,425.0,2026-09-03T19:33:26.081323+00:00
2021-04-15,420.0,431.0,420.0,427.0,45025,427.0,2026-09-03T19:33:26.081323+00:00
2021-04-18,430.0,430.0,419.0,423.0,46840,423.0,2026-09-03T19:33:26.081323+00:00
2021-04-19,419.0,427.0,417.0,419.0,37100,419.0,2026-09-03T19:33:26.081323+00:00
2021-04-20,415.0,425.0,415.0,420.0,28046,420.0,2026-09-03T19:33:26.081323+00:00
2021-04-21,416.0,425.0,413.0,417.0,34936,417.0,2026-09-03T19:33:26.081323+00:00
2021-04-22,411.0,423.0,411.0,419.0,45815,419.0,2026-09-03T19:33:26.081323+00:00
2021-04-25,420.0,420.0,406.0,408.0,44594,408.0,2026-09-03T19:33:26.081323+00:00
2021-04-26,400.0,413.0,397.0,398.0,50711,398.0,2026-09-03T19:33:26.081323+00:00
2021-04-27,398.0,409.0,398.0,409.0,25453,409.0,2026-09-03T19:33:26.081323+00:00
2021-04-28,405.0,410.0,400.0,405.0,34864,405.0,2026-09-03T19:33:26.081323+00:00
2021-04-29,397.0,413.0,397.0,411.0,34239,411.0,2026-09-03T19:33:26.081323+00:00
2021-05-02,431.0,438.0,415.0,426.0,129267,426.0,2026-09-03T19:33:26.081323+00:00
2021-05-03,405.0,437.0,405.0,425.0,73222,425.0,2026-09-03T19:33:26.081323+00:00
2021-05-04,425.0,426.0,418.0,423.0,27141,423.0,2026-09-03T19:33:26.081323+00:00
2021-05-05,431.0,431.0,418.0,422.0,23625,422.0,2026-09-03T19:33:26.081323+00:00
2021-05-06,421.0,423.0,415.0,417.0,51624,417.0,2026-09-03T19:33:26.081323+00:00
2021-05-09,414.0,417.0,412.0,414.0,30710,414.0,2026-09-03T19:33:26.081323+00:00
2021-05-10,418.0,418.0,410.0,414.0,17651,414.0,2026-09-03T19:33:26.081323+00:00
2021-05-11,410.0,423.0,408.0,416.0,123321,416.0,2026-09-03T19:33:26.081323+00:00
2021-05-12,420.0,422.0,413.0,413.0,59327,413.0,2026-09-03T19:33:26.081323+00:00
2021-05-13,413.0,419.0,412.0,417.0,62439,417.0,2026-09-03T19:33:26.081323+00:00
2021-05-16,422.0,429.0,419.0,424.0,112208,424.0,2026-09-03T19:33:26.081323+00:00
2021-05-17,444.0,444.0,421.0,427.0,66624,427.0,2026-09-03T19:33:26.081323+00:00
2021-05-18,448.0,469.0,427.0,469.0,431480,469.0,2026-09-03T19:33:26.081323+00:00
2021-05-19,492.0,492.0,445.0,454.0,314999,454.0,2026-09-03T19:33:26.081323+00:00
2021-05-20,450.0,474.0,441.0,457.0,158192,457.0,2026-09-03T19:33:26.081323+00:00
2021-05-23,450.0,461.0,437.0,456.0,111064,456.0,2026-09-03T19:33:26.081323+00:00
2021-05-24,465.0,475.0,460.0,466.0,171888,466.0,2026-09-03T19:33:26.081323+00:00
2021-05-25,464.0,480.0,462.0,479.0,226789,479.0,2026-09-03T19:33:26.081323+00:00
2021-05-27,479.0,526.0,479.0,526.0,502918,526.0,2026-09-03T19:33:26.081323+00:00
2021-05-30,550.0,578.0,530.0,558.0,730116,558.0,2026-09-03T19:33:26.081323+00:00
2021-05-31,560.0,571.0,515.0,519.0,441099,519.0,2026-09-03T19:33:26.081323+00:00
2021-06-01,500.0,539.0,500.0,515.0,174019,515.0,2026-09-03T19:33:26.081323+00:00
2021-06-02,525.0,547.0,515.0,540.0,198193,540.0,2026-09-03T19:33:26.081323+00:00
2021-06-03,567.0,567.0,522.0,525.0,202203,525.0,2026-09-03T19:33:26.081323+00:00
2021-06-06,525.0,533.0,512.0,517.0,124851,517.0,2026-09-03T19:33:26.081323+00:00
2021-06-07,542.0,542.0,515.0,520.0,166792,520.0,2026-09-03T19:33:26.081323+00:00
2021-06-08,546.0,546.0,520.0,524.0,133968,524.0,2026-09-03T19:33:26.081323+00:00
2021-06-09,550.0,550.0,518.0,526.0,105328,526.0,2026-09-03T19:33:26.081323+00:00
2021-06-10,550.0,550.0,524.0,539.0,166560,539.0,2026-09-03T19:33:26.081323+00:00
2021-06-13,533.0,575.0,533.0,562.0,292609,562.0,2026-09-03T19:33:26.081323+00:00
2021-06-14,590.0,590.0,537.0,551.0,200607,551.0,2026-09-03T19:33:26.081323+00:00
2021-06-15,562.0,562.0,533.0,537.0,107917,537.0,2026-09-03T19:33:26.081323+00:00
2021-06-16,537.0,546.0,511.0,520.0,132434,520.0,2026-09-03T19:33:26.081323+00:00
2021-06-17,520.0,546.0,510.0,533.0,202682,533.0,2026-09-03T19:33:26.081323+00:00
2021-06-20,540.0,544.0,512.0,518.0,77201,518.0,2026-09-03T19:33:26.081323+00:00
2021-06-21,516.0,522.0,490.0,491.0,121491,491.0,2026-09-03T19:33:26.081323+00:00
2021-06-22,492.0,521.0,486.0,513.0,91086,513.0,2026-09-03T19:33:26.081323+00:00
2021-06-23,518.0,527.0,499.0,504.0,67660,504.0,2026-09-03T19:33:26.081323+00:00
2021-06-24,504.0,514.0,493.0,499.0,63254,499.0,2026-09-03T19:33:26.081323+00:00
2021-06-27,523.0,548.0,509.0,525.0,243182,525.0,2026-09-03T19:33:26.081323+00:00
2021-06-28,551.0,551.0,512.0,514.0,79810,514.0,2026-09-03T19:33:26.081323+00:00
2021-06-29,524.0,524.0,502.0,505.0,51414,505.0,2026-09-03T19:33:26.081323+00:00
2021-06-30,500.0,505.0,492.0,500.0,52559,500.0,2026-09-03T19:33:26.081323+00:00
2021-07-01,510.0,525.0,497.0,518.0,328552,518.0,2026-09-03T19:33:26.081323+00:00
2021-07-04,528.0,528.0,514.0,516.0,76293,516.0,2026-09-03T19:33:26.081323+00:00
2021-07-05,516.0,521.0,504.0,506.0,57468,506.0,2026-09-03T19:33:26.081323+00:00
2021-07-06,505.0,515.0,496.0,504.0,55996,504.0,2026-09-03T19:33:26.081323+00:00
2021-07-07,505.0,505.0,496.0,497.0,38652,497.0,2026-09-03T19:33:26.081323+00:00
2021-07-08,494.0,500.0,494.0,498.0,43995,498.0,2026-09-03T19:33:26.081323+00:00
2021-07-11,498.0,513.0,498.0,509.0,58024,509.0,2026-09-03T19:33:26.081323+00:00
2021-07-12,515.0,520.0,498.0,500.0,133367,500.0,2026-09-03T19:33:26.081323+00:00
2021-07-13,500.0,510.0,499.0,500.0,44191,500.0,2026-09-03T19:33:26.081323+00:00
2021-07-14,506.0,509.0,496.0,503.0,49990,503.0,2026-09-03T19:33:26.081323+00:00
2021-07-15,513.0,519.0,504.0,506.0,68276,506.0,2026-09-03T19:33:26.081323+00:00
2021-07-18,515.0,523.0,511.0,516.0,63271,516.0,2026-09-03T19:33:26.081323+00:00
2021-07-19,516.0,530.0,516.0,520.0,88950,520.0,2026-09-03T19:33:26.081323+00:00
2021-07-20,525.0,530.0,517.0,521.1,66471,521.1,2026-09-03T19:33:26.081323+00:00
2021-07-22,529.0,533.3,523.0,528.0,109542,528.0,2026-09-03T19:33:26.081323+00:00
2021-07-25,537.0,538.0,525.0,526.0,93378,526.0,2026-09-03T19:33:26.081323+00:00
2021-07-26,527.0,540.0,527.0,535.9,113675,535.9,2026-09-03T19:33:26.081323+00:00
2021-07-27,540.0,570.0,535.0,558.0,254827,558.0,2026-09-03T19:33:26.081323+00:00
2021-07-28,569.1,590.0,552.0,556.0,198300,556.0,2026-09-03T19:33:26.081323+00:00
2021-07-29,567.0,567.0,542.5,549.0,72848,549.0,2026-09-03T19:33:26.081323+00:00
2021-08-01,555.0,568.0,550.0,560.0,130509,560.0,2026-09-03T19:33:26.081323+00:00
2021-08-02,565.0,580.0,560.0,563.0,155625,563.0,2026-09-03T19:33:26.081323+00:00
2021-08-03,573.0,573.0,552.0,563.0,74994,563.0,2026-09-03T19:33:26.081323+00:00
2021-08-04,570.0,606.0,570.0,589.9,356647,589.9,2026-09-03T19:33:26.081323+00:00
2021-08-05,600.0,630.0,587.0,614.0,422333,614.0,2026-09-03T19:33:26.081323+00:00
2021-08-08,626.0,674.0,617.0,669.0,589078,669.0,2026-09-03T19:33:26.081323+00:00
2021-08-09,680.0,703.0,666.4,679.0,432621,679.0,2026-09-03T19:33:26.081323+00:00
2021-08-10,680.0,682.0,650.0,652.1,300186,652.1,2026-09-03T19:33:26.081323+00:00
2021-08-11,651.0,682.0,645.0,660.0,221225,660.0,2026-09-03T19:33:26.081323+00:00
2021-08-12,660.0,673.0,646.0,655.0,199936,655.0,2026-09-03T19:33:26.081323+00:00
2021-08-15,655.0,655.0,590.0,620.0,368178,620.0,2026-09-03T19:33:26.081323+00:00
2021-08-16,625.0,632.0,608.0,622.0,111691,622.0,2026-09-03T19:33:26.081323+00:00
2021-08-17,623.0,660.0,623.0,634.0,157914,634.0,2026-09-03T19:33:26.081323+00:00
2021-08-18,646.6,660.0,629.0,635.0,205062,635.0,2026-09-03T19:33:26.081323+00:00
2021-08-19,637.0,650.0,616.0,618.0,155348,618.0,2026-09-03T19:33:26.081323+00:00
2021-08-24,610.0,610.0,590.0,591.0,152951,591.0,2026-09-03T19:33:26.081323+00:00
2021-08-25,580.59,622.0,565.0,587.0,133244,587.0,2026-09-03T19:33:26.081323+00:00
2021-08-26,598.7,631.3,594.0,624.0,151603,624.0,2026-09-03T19:33:26.081323+00:00
2021-08-29,636.4,640.0,605.0,610.0,98109,610.0,2026-09-03T19:33:26.081323+00:00
2021-08-31,605.0,616.0,584.0,588.0,111437,588.0,2026-09-03T19:33:26.081323+00:00
2021-09-01,599.0,606.0,585.0,588.0,70904,588.0,2026-09-03T19:33:26.081323+00:00
2021-09-02,588.0,598.0,565.0,575.0,81151,575.0,2026-09-03T19:33:26.081323+00:00
2021-09-05,575.0,575.0,519.0,535.0,116321,535.0,2026-09-03T19:33:26.081323+00:00
2021-09-06,540.0,588.5,525.0,587.0,127873,587.0,2026-09-03T19:33:26.081323+00:00
2021-09-07,596.0,598.0,563.9,575.0,60078,575.0,2026-09-03T19:33:26.081323+00:00
2021-09-08,565.0,574.8,551.0,557.0,46876,557.0,2026-09-03T19:33:26.081323+00:00
2021-09-09,558.0,565.0,550.0,554.9,47404,554.9,2026-09-03T19:33:26.081323+00:00
2021-09-12,565.9,595.6,565.0,592.0,113645,592.0,2026-09-03T19:33:26.081323+00:00
2021-09-13,598.0,610.0,580.0,584.0,59704,584.0,2026-09-03T19:33:26.081323+00:00
2021-09-14,595.0,595.0,573.0,573.6,36227,573.6,2026-09-03T19:33:26.081323+00:00
2021-09-15,570.0,580.0,562.0,564.0,43331,564.0,2026-09-03T19:33:26.081323+00:00
2021-09-16,575.2,575.2,535.0,543.8,84202,543.8,2026-09-03T19:33:26.081323+00:00
2021-09-20,533.0,551.0,510.0,510.0,85027,510.0,2026-09-03T19:33:26.081323+00:00
2021-09-21,500.0,538.0,483.0,508.0,66337,508.0,2026-09-03T19:33:26.081323+00:00
2021-09-22,510.0,540.0,510.0,537.0,53394,537.0,2026-09-03T19:33:26.081323+00:00
2021-09-23,541.0,550.0,529.0,532.0,37632,532.0,2026-09-03T19:33:26.081323+00:00
2021-09-26,532.0,535.0,511.0,511.0,29573,511.0,2026-09-03T19:33:26.081323+00:00
2021-09-27,521.2,535.0,500.0,500.3,56754,500.3,2026-09-03T19:33:26.081323+00:00
2021-09-28,501.0,508.0,475.0,477.5,55802,477.5,2026-09-03T19:33:26.081323+00:00
2021-09-29,475.0,504.0,463.0,500.0,42547,500.0,2026-09-03T19:33:26.081323+00:00
2021-09-30,500.0,510.0,488.1,490.0,26440,490.0,2026-09-03T19:33:26.081323+00:00
2021-10-03,497.0,497.0,473.4,478.0,38253,478.0,2026-09-03T19:33:26.081323+00:00
2021-10-04,470.0,478.0,460.0,467.0,27042,467.0,2026-09-03T19:33:26.081323+00:00
2021-10-05,475.0,480.0,465.0,480.0,27291,480.0,2026-09-03T19:33:26.081323+00:00
2021-10-06,489.0,493.5,483.0,491.0,21252,491.0,2026-09-03T19:33:26.081323+00:00
2021-10-10,500.0,512.2,495.9,500.0,21097,500.0,2026-09-03T19:33:26.081323+00:00
2021-10-11,500.0,510.0,490.0,502.0,10656,502.0,2026-09-03T19:33:26.081323+00:00
2021-10-17,492.0,509.0,492.0,500.0,5552,500.0,2026-09-03T19:33:26.081323+00:00
2021-10-18,493.0,497.0,485.1,485.1,17713,485.1,2026-09-03T19:33:26.081323+00:00
2021-10-19,478.0,481.0,459.0,463.0,38258,463.0,2026-09-03T19:33:26.081323+00:00
2021-10-20,472.2,492.0,472.0,473.0,17791,473.0,2026-09-03T19:33:26.081323+00:00
2021-10-21,480.0,485.0,465.0,466.0,12821,466.0,2026-09-03T19:33:26.081323+00:00
2021-10-24,460.0,473.0,460.0,470.0,15667,470.0,2026-09-03T19:33:26.081323+00:00
2021-10-25,478.9,507.0,478.9,498.0,32633,498.0,2026-09-03T19:33:26.081323+00:00
2021-10-26,507.9,524.8,506.0,518.0,36513,518.0,2026-09-03T19:33:26.081323+00:00
2021-10-27,520.0,530.0,505.0,517.6,34188,517.6,2026-09-03T19:33:26.081323+00:00
2021-10-28,517.6,521.0,510.0,516.0,36776,516.0,2026-09-03T19:33:26.081323+00:00
2021-10-31,520.0,545.0,510.0,543.0,56299,543.0,2026-09-03T19:33:26.081323+00:00
2021-11-01,550.0,560.0,534.0,538.0,42907,538.0,2026-09-03T19:33:26.081323+00:00
2021-11-02,531.0,540.0,528.0,536.0,19068,536.0,2026-09-03T19:33:26.081323+00:00
2021-11-03,546.0,546.0,530.2,530.2,38515,530.2,2026-09-03T19:33:26.081323+00:00
2021-11-08,540.8,546.0,534.0,536.0,31565,536.0,2026-09-03T19:33:26.081323+00:00
2021-11-09,536.1,538.0,511.0,515.0,33296,515.0,2026-09-03T19:33:26.081323+00:00
2021-11-11,517.0,517.0,496.0,497.0,39845,497.0,2026-09-03T19:33:26.081323+00:00
2021-11-14,497.0,513.0,497.0,502.0,20187,502.0,2026-09-03T19:33:26.081323+00:00
2021-11-15,502.0,515.0,502.0,506.0,19317,506.0,2026-09-03T19:33:26.081323+00:00
2021-11-16,506.0,521.0,505.0,519.0,23969,519.0,2026-09-03T19:33:26.081323+00:00
2021-11-17,529.0,539.0,520.0,520.0,24779,520.0,2026-09-03T19:33:26.081323+00:00
2021-11-18,510.0,527.0,510.0,510.0,21435,510.0,2026-09-03T19:33:26.081323+00:00
2021-11-21,515.0,520.0,505.2,515.0,9125,515.0,2026-09-03T19:33:26.081323+00:00
2021-11-22,516.0,520.0,509.0,512.0,12563,512.0,2026-09-03T19:33:26.081323+00:00
2021-11-23,513.0,513.0,495.0,498.0,28559,498.0,2026-09-03T19:33:26.081323+00:00
2021-11-24,496.0,505.0,488.3,505.0,19888,505.0,2026-09-03T19:33:26.081323+00:00
2021-11-25,505.0,509.9,497.1,500.0,12903,500.0,2026-09-03T19:33:26.081323+00:00
2021-11-28,491.0,495.0,481.0,485.0,23936,485.0,2026-09-03T19:33:26.081323+00:00
2021-11-29,485.0,491.0,479.0,484.9,8273,484.9,2026-09-03T19:33:26.081323+00:00
2021-11-30,490.0,493.0,479.0,484.0,13510,484.0,2026-09-03T19:33:26.081323+00:00
2021-12-01,485.2,490.0,480.2,480.2,18662,480.2,2026-09-03T19:33:26.081323+00:00
2021-12-02,482.0,489.7,475.0,476.0,22515,476.0,2026-09-03T19:33:26.081323+00:00
2021-12-05,480.0,484.0,457.1,460.0,25478,460.0,2026-09-03T19:33:26.081323+00:00
2021-12-06,455.0,474.0,436.0,472.0,33393,472.0,2026-09-03T19:33:26.081323+00:00
2021-12-07,479.8,480.0,463.0,463.0,12075,463.0,2026-09-03T19:33:26.081323+00:00
2021-12-08,461.6,465.0,442.9,445.0,18406,445.0,2026-09-03T19:33:26.081323+00:00
2021-12-09,439.0,447.7,434.0,445.0,15036,445.0,2026-09-03T19:33:26.081323+00:00
2021-12-12,440.0,453.0,429.3,430.0,26411,430.0,2026-09-03T19:33:26.081323+00:00
2021-12-13,422.0,422.0,398.0,409.0,29900,409.0,2026-09-03T19:33:26.081323+00:00
2021-12-14,417.1,438.6,412.0,438.6,13983,438.6,2026-09-03T19:33:26.081323+00:00
2021-12-15,447.0,482.4,445.0,462.9,74933,462.9,2026-09-03T19:33:26.081323+00:00
2021-12-16,465.0,470.0,458.0,460.0,27424,460.0,2026-09-03T19:33:26.081323+00:00
2021-12-20,468.0,469.0,449.6,451.0,19440,451.0,2026-09-03T19:33:26.081323+00:00
2021-12-21,454.0,459.0,451.1,458.0,8570,458.0,2026-09-03T19:33:26.081323+00:00
2021-12-22,467.1,474.0,458.0,470.0,35034,470.0,2026-09-03T19:33:26.081323+00:00
2021-12-23,479.0,498.0,471.0,482.6,58628,482.6,2026-09-03T19:33:26.081323+00:00
2021-12-26,438.0,438.0,430.0,432.0,37420,432.0,2026-09-03T19:33:26.081323+00:00
2021-12-27,430.0,430.0,416.0,416.0,24642,416.0,2026-09-03T19:33:26.081323+00:00
2021-12-28,416.0,416.0,407.7,409.1,18752,409.1,2026-09-03T19:33:26.081323+00:00
2021-12-29,417.0,417.2,408.0,415.0,20136,415.0,2026-09-03T19:33:26.081323+00:00
2022-01-02,415.0,416.0,410.0,415.0,10830,415.0,2026-09-03T19:33:26.081323+00:00
2022-01-03,415.0,419.9,414.0,418.0,13872,418.0,2026-09-03T19:33:26.081323+00:00
2022-01-04,412.0,425.0,410.0,424.0,15929,424.0,2026-09-03T19:33:26.081323+00:00
2022-01-05,430.0,445.0,421.4,425.0,25832,425.0,2026-09-03T19:33:26.081323+00:00
2022-01-06,420.0,433.0,420.0,430.9,13157,430.9,2026-09-03T19:33:26.081323+00:00
2022-01-09,439.0,453.0,431.0,451.0,47660,451.0,2026-09-03T19:33:26.081323+00:00
2022-01-10,455.0,464.0,445.0,449.5,38615,449.5,2026-09-03T19:33:26.081323+00:00
2022-01-11,450.0,488.0,446.0,457.0,31544,457.0,2026-09-03T19:33:26.081323+00:00
2022-01-12,460.0,474.9,450.0,454.0,32648,454.0,2026-09-03T19:33:26.081323+00:00
2022-01-13,457.0,465.0,448.0,459.0,24014,459.0,2026-09-03T19:33:26.081323+00:00
2022-01-16,468.0,485.0,468.0,479.0,46913,479.0,2026-09-03T19:33:26.081323+00:00
2022-01-17,481.0,481.0,466.0,476.0,31568,476.0,2026-09-03T19:33:26.081323+00:00
2022-01-18,485.0,485.5,461.0,473.0,28469,473.0,2026-09-03T19:33:26.081323+00:00
2022-01-19,474.0,474.0,460.0,460.0,25754,460.0,2026-09-03T19:33:26.081323+00:00
2022-01-20,460.0,466.0,452.0,465.0,19267,465.0,2026-09-03T19:33:26.081323+00:00
2022-01-23,474.0,474.0,451.0,459.0,30667,459.0,2026-09-03T19:33:26.081323+00:00
2022-01-24,450.0,455.0,436.0,437.0,54678,437.0,2026-09-03T19:33:26.081323+00:00
2022-01-25,430.0,450.0,426.0,435.0,26212,435.0,2026-09-03T19:33:26.081323+00:00
2022-01-26,430.5,438.0,426.5,426.5,31305,426.5,2026-09-03T19:33:26.081323+00:00
2022-01-27,430.0,438.0,425.2,426.0,20457,426.0,2026-09-03T19:33:26.081323+00:00
2022-01-30,434.5,450.0,434.5,450.0,28859,450.0,2026-09-03T19:33:26.081323+00:00
2022-01-31,455.0,462.0,436.2,440.0,21078,440.0,2026-09-03T19:33:26.081323+00:00
2022-02-01,442.0,456.9,438.0,454.0,30293,454.0,2026-09-03T19:33:26.081323+00:00
2022-02-03,463.0,473.0,460.0,460.7,54529,460.7,2026-09-03T19:33:26.081323+00:00
2022-02-06,455.0,468.0,455.0,460.0,38775,460.0,2026-09-03T19:33:26.081323+00:00
2022-02-07,460.0,465.0,455.2,456.0,19615,456.0,2026-09-03T19:33:26.081323+00:00
2022-02-08,465.1,473.0,455.0,457.0,26186,457.0,2026-09-03T19:33:26.081323+00:00
2022-02-09,448.0,455.0,444.1,445.0,13824,445.0,2026-09-03T19:33:26.081323+00:00
2022-02-10,453.0,453.0,434.2,439.0,17098,439.0,2026-09-03T19:33:26.081323+00:00
2022-02-13,440.0,440.0,424.0,425.0,31166,425.0,2026-09-03T19:33:26.081323+00:00
2022-02-14,420.0,432.9,420.0,427.0,17103,427.0,2026-09-03T19:33:26.081323+00:00
2022-02-15,430.0,438.0,422.0,435.0,28269,435.0,2026-09-03T19:33:26.081323+00:00
2022-02-16,443.7,443.7,428.5,429.0,13235,429.0,2026-09-03T19:33:26.081323+00:00
2022-02-17,435.0,435.0,426.0,429.1,6150,429.1,2026-09-03T19:33:26.081323+00:00
2022-02-20,427.0,430.0,411.0,427.8,19040,427.8,2026-09-03T19:33:26.081323+00:00
2022-02-21,430.0,449.3,422.7,438.5,59864,438.5,2026-09-03T19:33:26.081323+00:00
2022-02-22,445.8,447.0,437.6,439.0,15520,439.0,2026-09-03T19:33:26.081323+00:00
2022-02-23,447.7,447.7,435.1,437.0,16537,437.0,2026-09-03T19:33:26.081323+00:00
2022-02-24,432.0,436.9,425.0,425.0,30993,425.0,2026-09-03T19:33:26.081323+00:00
2022-02-27,425.0,435.0,420.0,431.0,30306,431.0,2026-09-03T19:33:26.081323+00:00
2022-02-28,439.6,448.3,424.0,425.0,39974,425.0,2026-09-03T19:33:26.081323+00:00
2022-03-02,425.0,425.0,410.0,410.0,24331,410.0,2026-09-03T19:33:26.081323+00:00
2022-03-06,405.0,416.0,403.0,405.3,17391,405.3,2026-09-03T19:33:26.081323+00:00
2022-03-07,410.0,413.0,404.0,405.0,11115,405.0,2026-09-03T19:33:26.081323+00:00
2022-03-09,405.9,406.0,397.0,399.0,20925,399.0,2026-09-03T19:33:26.081323+00:00
2022-03-10,400.0,410.9,395.0,410.0,14990,410.0,2026-09-03T19:33:26.081323+00:00
2022-03-13,412.0,426.0,412.0,421.0,21017,421.0,2026-09-03T19:33:26.081323+00:00
2022-03-14,425.0,425.0,415.0,419.0,3889,419.0,2026-09-03T19:33:26.081323+00:00
2022-03-15,424.9,424.9,411.0,412.0,18574,412.0,2026-09-03T19:33:26.081323+00:00
2022-03-16,415.0,426.3,408.0,415.0,15263,415.0,2026-09-03T19:33:26.081323+00:00
2022-03-20,415.0,420.0,407.0,410.0,10169,410.0,2026-09-03T19:33:26.081323+00:00
2022-03-21,409.0,419.0,408.3,417.0,11603,417.0,2026-09-03T19:33:26.081323+00:00
2022-03-22,424.0,424.0,415.0,415.5,14112,415.5,2026-09-03T19:33:26.081323+00:00
2022-03-23,420.0,420.0,410.0,411.0,6597,411.0,2026-09-03T19:33:26.081323+00:00
2022-03-24,415.0,415.0,408.0,410.0,21917,410.0,2026-09-03T19:33:26.081323+00:00
2022-03-27,417.0,417.0,401.1,402.0,13809,402.0,2026-09-03T19:33:26.081323+00:00
2022-03-28,405.0,405.0,398.0,400.3,15604,400.3,2026-09-03T19:33:26.081323+00:00
2022-03-29,404.0,405.0,398.0,401.0,16129,401.0,2026-09-03T19:33:26.081323+00:00
2022-03-30,400.0,407.0,399.0,406.0,7822,406.0,2026-09-03T19:33:26.081323+00:00
2022-03-31,413.0,413.0,400.2,401.0,7312,401.0,2026-09-03T19:33:26.081323+00:00
2022-04-03,400.0,400.0,396.0,397.0,7806,397.0,2026-09-03T19:33:26.081323+00:00
2022-04-04,398.0,399.0,387.2,395.0,12918,395.0,2026-09-03T19:33:26.081323+00:00
2022-04-05,397.2,397.2,385.0,387.0,21031,387.0,2026-09-03T19:33:26.081323+00:00
2022-04-06,385.0,388.0,373.0,379.0,36420,379.0,2026-09-03T19:33:26.081323+00:00
2022-04-07,378.1,385.0,376.5,384.0,12595,384.0,2026-09-03T19:33:26.081323+00:00
2022-04-11,391.6,395.0,375.0,375.1,16790,375.1,2026-09-03T19:33:26.081323+00:00
2022-04-12,371.0,379.0,366.1,372.0,14951,372.0,2026-09-03T19:33:26.081323+00:00
2022-04-13,375.0,382.3,365.0,376.0,10552,376.0,2026-09-03T19:33:26.081323+00:00
2022-04-17,383.5,387.0,375.1,377.0,7540,377.0,2026-09-03T19:33:26.081323+00:00
2022-04-18,370.0,378.0,370.0,372.9,7937,372.9,2026-09-03T19:33:26.081323+00:00
2022-04-19,378.0,380.0,363.0,371.0,8495,371.0,2026-09-03T19:33:26.081323+00:00
2022-04-20,367.0,374.3,367.0,367.1,10502,367.1,2026-09-03T19:33:26.081323+00:00
2022-04-21,365.0,369.0,363.0,366.0,9966,366.0,2026-09-03T19:33:26.081323+00:00
2022-04-24,373.3,392.0,368.0,385.0,13107,385.0,2026-09-03T19:33:26.081323+00:00
2022-04-25,392.0,393.0,380.0,380.0,13599,380.0,2026-09-03T19:33:26.081323+00:00
2022-04-26,380.0,386.0,376.0,378.0,5707,378.0,2026-09-03T19:33:26.081323+00:00
2022-04-27,379.9,382.0,371.0,379.0,2919,379.0,2026-09-03T19:33:26.081323+00:00
2022-04-28,375.0,380.0,375.0,376.5,5862,376.5,2026-09-03T19:33:26.081323+00:00
2022-05-02,370.0,374.4,366.0,369.0,6490,369.0,2026-09-03T19:33:26.081323+00:00
2022-05-04,366.0,370.0,360.0,364.0,13628,364.0,2026-09-03T19:33:26.081323+00:00
2022-05-05,360.0,368.0,357.7,359.0,8460,359.0,2026-09-03T19:33:26.081323+00:00
2022-05-08,359.0,361.0,353.1,361.0,7238,361.0,2026-09-03T19:33:26.081323+00:00
2022-05-09,361.0,371.3,360.0,367.1,11794,367.1,2026-09-03T19:33:26.081323+00:00
2022-05-10,364.9,375.0,357.7,372.8,13987,372.8,2026-09-03T19:33:26.081323+00:00
2022-05-11,380.0,385.0,372.0,385.0,10779,385.0,2026-09-03T19:33:26.081323+00:00
2022-05-12,385.4,392.7,379.0,379.0,11266,379.0,2026-09-03T19:33:26.081323+00:00
2022-05-17,379.0,379.0,365.0,367.7,6301,367.7,2026-09-03T19:33:26.081323+00:00
2022-05-18,361.2,370.0,360.0,368.1,14569,368.1,2026-09-03T19:33:26.081323+00:00
2022-05-19,374.0,380.0,364.0,364.0,7307,364.0,2026-09-03T19:33:26.081323+00:00
2022-05-20,370.0,370.0,364.0,366.0,3529,366.0,2026-09-03T19:33:26.081323+00:00
2022-05-23,360.3,366.0,355.0,355.0,9872,355.0,2026-09-03T19:33:26.081323+00:00
2022-05-24,360.0,365.0,355.1,359.0,9031,359.0,2026-09-03T19:33:26.081323+00:00
2022-05-25,356.0,375.5,356.0,361.6,7770,361.6,2026-09-03T19:33:26.081323+00:00
2022-05-26,359.0,373.0,358.0,365.0,7721,365.0,2026-09-03T19:33:26.081323+00:00
2022-05-27,361.0,366.0,361.0,363.0,6336,363.0,2026-09-03T19:33:26.081323+00:00
2022-05-30,363.0,365.0,356.1,357.5,4413,357.5,2026-09-03T19:33:26.081323+00:00
2022-05-31,352.0,360.0,348.0,351.0,16301,351.0,2026-09-03T19:33:26.081323+00:00
2022-06-01,358.0,358.0,348.0,350.0,4212,350.0,2026-09-03T19:33:26.081323+00:00
2022-06-02,351.0,357.0,344.0,346.0,13417,346.0,2026-09-03T19:33:26.081323+00:00
2022-06-03,342.1,347.0,336.0,337.2,14760,337.2,2026-09-03T19:33:26.081323+00:00
2022-06-06,338.0,349.0,331.3,336.0,10879,336.0,2026-09-03T19:33:26.081323+00:00
2022-06-07,332.0,340.0,326.0,327.5,11160,327.5,2026-09-03T19:33:26.081323+00:00
2022-06-08,325.0,343.5,321.2,341.0,6696,341.0,2026-09-03T19:33:26.081323+00:00
2022-06-09,338.0,350.0,336.4,338.0,8680,338.0,2026-09-03T19:33:26.081323+00:00
2022-06-10,344.7,344.7,326.5,334.0,5813,334.0,2026-09-03T19:33:26.081323+00:00
2022-06-13,333.0,335.0,329.0,330.0,4493,330.0,2026-09-03T19:33:26.081323+00:00
2022-06-14,326.5,328.0,323.4,325.0,6779,325.0,2026-09-03T19:33:26.081323+00:00
2022-06-15,323.0,324.0,314.0,314.5,16684,314.5,2026-09-03T19:33:26.081323+00:00
2022-06-16,314.0,330.0,313.0,319.0,4411,319.0,2026-09-03T19:33:26.081323+00:00
2022-06-17,318.0,325.3,318.0,318.1,2338,318.1,2026-09-03T19:33:26.081323+00:00
2022-06-19,315.1,315.1,310.0,310.0,6831,310.0,2026-09-03T19:33:26.081323+00:00
2022-06-20,310.0,310.0,300.0,300.6,17619,300.6,2026-09-03T19:33:26.081323+00:00
2022-06-21,295.2,321.0,295.2,309.0,8163,309.0,2026-09-03T19:33:26.081323+00:00
2022-06-22,310.0,310.0,300.0,306.0,6637,306.0,2026-09-03T19:33:26.081323+00:00
2022-06-23,300.1,304.0,298.0,298.5,10631,298.5,2026-09-03T19:33:26.081323+00:00
2022-06-24,300.0,309.0,294.0,301.0,6293,301.0,2026-09-03T19:33:26.081323+00:00
2022-06-26,307.0,322.9,306.0,322.9,17277,322.9,2026-09-03T19:33:26.081323+00:00
2022-06-27,323.5,336.4,313.0,313.0,13860,313.0,2026-09-03T19:33:26.081323+00:00
2022-06-28,312.0,315.0,307.0,307.5,3756,307.5,2026-09-03T19:33:26.081323+00:00
2022-06-29,312.9,319.0,309.0,314.0,7922,314.0,2026-09-03T19:33:26.081323+00:00
2022-06-30,315.0,329.4,315.0,328.0,11952,328.0,2026-09-03T19:33:26.081323+00:00
2022-07-01,328.0,332.8,323.0,324.0,6955,324.0,2026-09-03T19:33:26.081323+00:00
2022-07-03,325.0,341.5,321.0,333.0,13237,333.0,2026-09-03T19:33:26.081323+00:00
2022-07-04,338.9,346.0,333.5,333.5,28274,333.5,2026-09-03T19:33:26.081323+00:00
2022-07-05,327.0,343.0,323.0,325.0,7425,325.0,2026-09-03T19:33:26.081323+00:00
2022-07-06,323.0,330.0,318.6,327.2,10846,327.2,2026-09-03T19:33:26.081323+00:00
2022-07-07,333.7,338.0,324.2,327.0,5729,327.0,2026-09-03T19:33:26.081323+00:00
2022-07-08,324.0,327.0,318.0,321.0,15391,321.0,2026-09-03T19:33:26.081323+00:00
2022-07-11,315.0,320.0,307.0,307.1,24489,307.1,2026-09-03T19:33:26.081323+00:00
2022-07-12,310.0,315.9,300.0,307.0,20194,307.0,2026-09-03T19:33:26.081323+00:00
2022-07-13,313.0,319.8,308.0,319.8,11012,319.8,2026-09-03T19:33:26.081323+00:00
2022-07-14,326.0,331.9,318.0,320.0,6334,320.0,2026-09-03T19:33:26.081323+00:00
2022-07-15,325.0,325.0,320.0,322.0,2881,322.0,2026-09-03T19:33:26.081323+00:00
2022-07-17,328.0,328.2,321.0,322.0,3873,322.0,2026-09-03T19:33:26.081323+00:00
2022-07-18,320.0,328.0,316.0,326.0,6131,326.0,2026-09-03T19:33:26.081323+00:00
2022-07-19,330.0,332.0,325.0,327.1,15770,327.1,2026-09-03T19:33:26.081323+00:00
2022-07-20,327.0,331.4,318.0,329.0,5697,329.0,2026-09-03T19:33:26.081323+00:00
2022-07-21,329.0,331.8,323.0,324.0,10200,324.0,2026-09-03T19:33:26.081323+00:00
2022-07-22,320.0,322.0,317.1,318.0,5655,318.0,2026-09-03T19:33:26.081323+00:00
2022-07-24,324.0,329.0,320.5,329.0,11875,329.0,2026-09-03T19:33:26.081323+00:00
2022-07-25,330.0,342.0,330.0,339.0,23361,339.0,2026-09-03T19:33:26.081323+00:00
2022-07-26,340.0,342.0,328.0,329.0,23127,329.0,2026-09-03T19:33:26.081323+00:00
2022-07-27,329.0,339.9,322.8,338.0,13809,338.0,2026-09-03T19:33:26.081323+00:00
2022-07-28,342.0,345.8,335.0,336.0,18439,336.0,2026-09-03T19:33:26.081323+00:00
2022-07-29,338.0,340.0,336.0,336.0,10415,336.0,2026-09-03T19:33:26.081323+00:00
2022-07-31,336.0,348.0,335.0,346.9,18703,346.9,2026-09-03T19:33:26.081323+00:00
2022-08-01,353.5,377.0,346.5,371.0,70628,371.0,2026-09-03T19:33:26.081323+00:00
2022-08-02,375.0,375.0,364.2,367.9,22063,367.9,2026-09-03T19:33:26.081323+00:00
2022-08-03,363.2,375.0,363.0,367.0,28702,367.0,2026-09-03T19:33:26.081323+00:00
2022-08-04,372.0,372.0,354.0,354.5,25084,354.5,2026-09-03T19:33:26.081323+00:00
2022-08-05,347.6,353.0,341.2,346.0,17371,346.0,2026-09-03T19:33:26.081323+00:00
2022-08-07,340.2,354.0,340.2,353.0,24560,353.0,2026-09-03T19:33:26.081323+00:00
2022-08-08,360.0,366.9,348.0,348.1,27225,348.1,2026-09-03T19:33:26.081323+00:00
2022-08-09,342.1,350.0,334.5,334.8,18351,334.8,2026-09-03T19:33:26.081323+00:00
2022-08-10,336.0,338.9,329.5,338.0,10701,338.0,2026-09-03T19:33:26.081323+00:00
2022-08-11,338.0,342.5,330.0,331.3,11863,331.3,2026-09-03T19:33:26.081323+00:00
2022-08-14,325.0,326.0,317.6,318.9,20701,318.9,2026-09-03T19:33:26.081323+00:00
2022-08-15,318.0,330.0,312.7,328.0,30748,328.0,2026-09-03T19:33:26.081323+00:00
2022-08-16,334.5,334.5,321.6,323.0,9932,323.0,2026-09-03T19:33:26.081323+00:00
2022-08-17,325.0,327.0,318.5,321.0,6737,321.0,2026-09-03T19:33:26.081323+00:00
2022-08-18,321.0,332.0,319.0,329.0,16057,329.0,2026-09-03T19:33:26.081323+00:00
2022-08-21,332.0,348.5,330.0,338.0,22649,338.0,2026-09-03T19:33:26.081323+00:00
2022-08-22,337.0,337.0,329.0,332.0,11386,332.0,2026-09-03T19:33:26.081323+00:00
2022-08-23,331.1,332.0,327.0,328.0,2175,328.0,2026-09-03T19:33:26.081323+00:00
2022-08-24,328.0,330.0,325.1,325.1,7396,325.1,2026-09-03T19:33:26.081323+00:00
2022-08-25,324.1,330.0,320.0,321.0,14450,321.0,2026-09-03T19:33:26.081323+00:00
2022-08-26,315.3,320.0,315.3,316.0,6385,316.0,2026-09-03T19:33:26.081323+00:00
2022-08-28,316.0,320.8,310.1,310.3,16221,310.3,2026-09-03T19:33:26.081323+00:00
2022-08-29,310.0,314.0,309.0,310.5,11244,310.5,2026-09-03T19:33:26.081323+00:00
2022-08-30,316.7,322.9,311.0,314.0,8529,314.0,2026-09-03T19:33:26.081323+00:00
2022-08-31,317.0,317.0,310.0,314.0,5835,314.0,2026-09-03T19:33:26.081323+00:00
2022-09-01,309.0,315.0,309.0,313.0,7496,313.0,2026-09-03T19:33:26.081323+00:00
2022-09-02,312.0,315.0,310.0,311.0,4841,311.0,2026-09-03T19:33:26.081323+00:00
2022-09-04,316.0,316.0,310.0,311.0,5489,311.0,2026-09-03T19:33:26.081323+00:00
2022-09-05,311.0,312.0,309.1,309.1,6567,309.1,2026-09-03T19:33:26.081323+00:00
2022-09-06,310.0,310.0,305.0,308.0,6713,308.0,2026-09-03T19:33:26.081323+00:00
2022-09-07,307.0,308.0,305.0,306.3,7986,306.3,2026-09-03T19:33:26.081323+00:00
2022-09-08,306.0,310.0,304.0,308.0,4615,308.0,2026-09-03T19:33:26.081323+00:00
2022-09-11,304.0,310.1,304.0,306.0,4999,306.0,2026-09-03T19:33:26.081323+00:00
2022-09-12,312.1,312.1,303.0,307.5,3216,307.5,2026-09-03T19:33:26.081323+00:00
2022-09-13,303.0,310.0,303.0,308.0,5939,308.0,2026-09-03T19:33:26.081323+00:00
2022-09-14,307.0,317.0,307.0,314.0,15975,314.0,2026-09-03T19:33:26.081323+00:00
2022-09-15,310.0,312.0,303.2,303.5,20951,303.5,2026-09-03T19:33:26.081323+00:00
2022-09-16,300.0,307.0,295.0,302.0,4740,302.0,2026-09-03T19:33:26.081323+00:00
2022-09-18,300.0,302.0,298.0,299.0,8952,299.0,2026-09-03T19:33:26.081323+00:00
2022-09-20,296.0,296.0,292.0,292.1,10845,292.1,2026-09-03T19:33:26.081323+00:00
2022-09-21,297.9,297.9,290.0,292.0,6327,292.0,2026-09-03T19:33:26.081323+00:00
2022-09-22,295.0,297.7,291.0,291.0,6764,291.0,2026-09-03T19:33:26.081323+00:00
2022-09-25,296.8,296.8,288.0,290.0,6296,290.0,2026-09-03T19:33:26.081323+00:00
2022-09-27,295.0,295.0,290.0,291.0,3493,291.0,2026-09-03T19:33:26.081323+00:00
2022-09-28,296.0,296.0,291.0,292.0,2035,292.0,2026-09-03T19:33:26.081323+00:00
2022-09-29,292.0,297.0,292.0,296.0,2887,296.0,2026-09-03T19:33:26.081323+00:00
2022-10-09,301.8,302.0,299.0,301.0,3370,301.0,2026-09-03T19:33:26.081323+00:00
2022-10-10,307.0,307.0,298.1,299.0,4448,299.0,2026-09-03T19:33:26.081323+00:00
2022-10-11,299.0,299.0,296.0,296.1,3545,296.1,2026-09-03T19:33:26.081323+00:00
2022-10-12,293.0,298.9,293.0,295.8,5511,295.8,2026-09-03T19:33:26.081323+00:00
2022-10-13,299.0,299.0,293.0,298.0,7270,298.0,2026-09-03T19:33:26.081323+00:00
2022-10-16,298.0,299.0,293.1,295.0,4464,295.0,2026-09-03T19:33:26.081323+00:00
2022-10-17,292.1,299.9,292.0,294.0,2655,294.0,2026-09-03T19:33:26.081323+00:00
2022-10-19,294.0,297.0,293.2,293.2,6560,293.2,2026-09-03T19:33:26.081323+00:00
2022-10-20,293.0,293.0,290.1,292.2,4108,292.2,2026-09-03T19:33:26.081323+00:00
2022-10-23,292.0,296.0,292.0,294.0,2949,294.0,2026-09-03T19:33:26.081323+00:00
2022-10-31,291.0,303.0,291.0,301.0,9271,301.0,2026-09-03T19:33:26.081323+00:00
2022-11-01,295.1,313.0,295.0,310.0,9812,310.0,2026-09-03T19:33:26.081323+00:00
2022-11-02,315.0,315.0,303.8,308.0,10633,308.0,2026-09-03T19:33:26.081323+00:00
2022-11-03,310.0,310.0,305.0,305.1,7142,305.1,2026-09-03T19:33:26.081323+00:00
2022-11-06,300.2,312.0,300.2,311.0,4385,311.0,2026-09-03T19:33:26.081323+00:00
2022-11-07,315.0,317.0,308.0,308.2,43040,308.2,2026-09-03T19:33:26.081323+00:00
2022-11-08,310.0,310.0,305.2,308.0,2438,308.0,2026-09-03T19:33:26.081323+00:00
2022-11-09,308.0,311.2,303.0,305.0,9055,305.0,2026-09-03T19:33:26.081323+00:00
2022-11-10,300.5,305.0,299.2,302.0,4268,302.0,2026-09-03T19:33:26.081323+00:00
2022-11-13,305.0,305.0,299.1,300.5,4568,300.5,2026-09-03T19:33:26.081323+00:00
2022-11-14,300.0,302.0,297.0,302.0,5013,302.0,2026-09-03T19:33:26.081323+00:00
2022-11-15,307.0,307.0,303.0,305.0,2297,305.0,2026-09-03T19:33:26.081323+00:00
2022-11-16,305.1,308.9,298.0,304.0,15102,304.0,2026-09-03T19:33:26.081323+00:00
2022-11-17,309.0,309.0,306.0,307.0,7016,307.0,2026-09-03T19:33:26.081323+00:00
2022-11-22,309.0,312.0,305.0,305.0,6014,305.0,2026-09-03T19:33:26.081323+00:00
2022-11-23,308.0,309.0,300.0,306.0,2100,306.0,2026-09-03T19:33:26.081323+00:00
2022-11-24,312.0,314.4,305.0,306.1,5737,306.1,2026-09-03T19:33:26.081323+00:00
2022-11-27,307.0,311.0,306.3,308.0,6402,308.0,2026-09-03T19:33:26.081323+00:00
2022-11-28,314.0,314.1,308.2,309.0,7923,309.0,2026-09-03T19:33:26.081323+00:00
2022-11-29,309.0,312.0,306.0,310.0,6466,310.0,2026-09-03T19:33:26.081323+00:00
2022-11-30,308.0,310.0,305.3,310.0,4220,310.0,2026-09-03T19:33:26.081323+00:00
2022-12-01,310.0,312.7,306.3,308.0,8115,308.0,2026-09-03T19:33:26.081323+00:00
2022-12-04,308.0,311.0,307.0,308.5,4274,308.5,2026-09-03T19:33:26.081323+00:00
2022-12-05,309.5,313.0,307.1,308.0,13149,308.0,2026-09-03T19:33:26.081323+00:00
2022-12-06,308.0,312.0,305.0,308.0,5696,308.0,2026-09-03T19:33:26.081323+00:00
2022-12-07,304.9,307.0,304.9,305.1,3829,305.1,2026-09-03T19:33:26.081323+00:00
2022-12-11,304.5,309.5,300.3,304.0,7633,304.0,2026-09-03T19:33:26.081323+00:00
2022-12-12,301.0,306.0,300.0,305.8,6595,305.8,2026-09-03T19:33:26.081323+00:00
2022-12-13,302.1,308.0,302.1,305.8,1221,305.8,2026-09-03T19:33:26.081323+00:00
2022-12-14,305.0,306.0,302.0,302.6,3996,302.6,2026-09-03T19:33:26.081323+00:00
2022-12-15,300.5,306.0,300.5,301.1,4195,301.1,2026-09-03T19:33:26.081323+00:00
2022-12-18,303.0,303.0,297.0,300.0,4330,300.0,2026-09-03T19:33:26.081323+00:00
2022-12-19,299.9,302.0,296.1,301.8,4218,301.8,2026-09-03T19:33:26.081323+00:00
2022-12-20,300.0,307.0,300.0,302.0,4972,302.0,2026-09-03T19:33:26.081323+00:00
2022-12-21,300.0,304.0,300.0,302.2,2104,302.2,2026-09-03T19:33:26.081323+00:00
2022-12-22,300.1,303.0,300.0,300.8,5011,300.8,2026-09-03T19:33:26.081323+00:00
2022-12-26,302.0,310.0,302.0,310.0,16502,310.0,2026-09-03T19:33:26.081323+00:00
2022-12-27,310.0,320.2,310.0,319.5,17383,319.5,2026-09-03T19:33:26.081323+00:00
2022-12-28,321.0,322.0,315.0,315.5,10262,315.5,2026-09-03T19:33:26.081323+00:00
2022-12-29,316.0,336.0,315.0,336.0,17104,336.0,2026-09-03T19:33:26.081323+00:00
2023-01-01,342.0,348.0,337.0,338.5,40658,338.5,2026-09-03T19:33:26.081323+00:00
2023-01-02,328.8,330.0,313.0,330.0,26200,330.0,2026-09-03T19:33:26.081323+00:00
2023-01-03,324.0,331.5,318.0,320.0,18206,320.0,2026-09-03T19:33:26.081323+00:00
2023-01-04,318.0,330.0,318.0,328.9,14072,328.9,2026-09-03T19:33:26.081323+00:00
2023-01-05,332.0,332.0,322.0,327.0,21407,327.0,2026-09-03T19:33:26.081323+00:00
2023-01-08,333.0,333.0,323.0,326.0,28577,326.0,2026-09-03T19:33:26.081323+00:00
2023-01-09,330.0,342.9,322.5,335.0,51207,335.0,2026-09-03T19:33:26.081323+00:00
2023-01-10,341.0,368.5,329.0,340.0,77367,340.0,2026-09-03T19:33:26.081323+00:00
2023-01-12,346.8,355.0,325.0,332.0,40773,332.0,2026-09-03T19:33:26.081323+00:00
2023-01-17,328.1,342.0,327.0,340.0,29906,340.0,2026-09-03T19:33:26.081323+00:00
2023-01-18,345.0,350.0,336.1,336.1,21849,336.1,2026-09-03T19:33:26.081323+00:00
2023-01-19,331.0,342.7,331.0,334.0,12798,334.0,2026-09-03T19:33:26.081323+00:00
2023-01-23,340.6,340.6,326.4,326.4,11321,326.4,2026-09-03T19:33:26.081323+00:00
2023-01-24,326.0,332.0,323.2,325.0,12226,325.0,2026-09-03T19:33:26.081323+00:00
2023-01-25,321.0,335.4,320.1,327.0,18463,327.0,2026-09-03T19:33:26.081323+00:00
2023-01-26,327.0,333.0,327.0,332.9,14875,332.9,2026-09-03T19:33:26.081323+00:00
2023-01-29,330.0,343.5,330.0,338.0,40319,338.0,2026-09-03T19:33:26.081323+00:00
2023-01-30,344.7,344.7,328.3,330.0,27674,330.0,2026-09-03T19:33:26.081323+00:00
2023-01-31,335.0,335.0,323.5,330.0,11726,330.0,2026-09-03T19:33:26.081323+00:00
2023-02-01,325.1,331.0,323.4,328.0,14537,328.0,2026-09-03T19:33:26.081323+00:00
2023-02-02,330.0,330.0,318.6,320.0,15809,320.0,2026-09-03T19:33:26.081323+00:00
2023-02-05,326.4,326.4,315.0,323.0,11326,323.0,2026-09-03T19:33:26.081323+00:00
2023-02-06,322.1,328.4,318.3,322.0,11978,322.0,2026-09-03T19:33:26.081323+00:00
2023-02-07,322.0,336.0,322.0,335.5,21569,335.5,2026-09-03T19:33:26.081323+00:00
2023-02-08,342.2,352.0,335.0,336.0,34601,336.0,2026-09-03T19:33:26.081323+00:00
2023-02-09,340.0,342.0,335.0,338.5,15894,338.5,2026-09-03T19:33:26.081323+00:00
2023-02-12,340.0,340.0,323.5,325.0,16676,325.0,2026-09-03T19:33:26.081323+00:00
2023-02-14,325.0,330.9,324.9,326.0,10790,326.0,2026-09-03T19:33:26.081323+00:00
2023-02-15,326.0,330.0,320.4,325.0,11960,325.0,2026-09-03T19:33:26.081323+00:00
2023-02-16,331.5,338.0,318.1,318.1,13473,318.1,2026-09-03T19:33:26.081323+00:00
2023-02-20,322.0,322.0,313.3,313.3,10607,313.3,2026-09-03T19:33:26.081323+00:00
2023-02-22,319.5,328.0,319.5,325.0,15093,325.0,2026-09-03T19:33:26.081323+00:00
2023-02-23,319.0,322.0,313.2,318.0,13471,318.0,2026-09-03T19:33:26.081323+00:00
2023-02-26,312.7,320.0,308.0,319.0,11073,319.0,2026-09-03T19:33:26.081323+00:00
2023-02-27,322.0,323.0,315.8,318.0,4231,318.0,2026-09-03T19:33:26.081323+00:00
2023-02-28,315.6,328.8,315.0,321.0,6725,321.0,2026-09-03T19:33:26.081323+00:00
2023-03-01,316.0,321.0,314.0,318.0,7317,318.0,2026-09-03T19:33:26.081323+00:00
2023-03-02,315.0,318.0,312.2,312.7,8951,312.7,2026-09-03T19:33:26.081323+00:00
2023-03-05,315.0,317.5,309.3,317.5,12116,317.5,2026-09-03T19:33:26.081323+00:00
2023-03-07,317.0,325.0,317.0,324.0,14537,324.0,2026-09-03T19:33:26.081323+00:00
2023-03-09,330.0,337.0,323.8,329.0,19682,329.0,2026-09-03T19:33:26.081323+00:00
2023-03-12,333.0,335.0,325.0,325.1,8341,325.1,2026-09-03T19:33:26.081323+00:00
2023-03-13,320.0,325.0,318.6,320.0,4808,320.0,2026-09-03T19:33:26.081323+00:00
2023-03-14,320.0,324.0,316.0,320.0,2947,320.0,2026-09-03T19:33:26.081323+00:00
2023-03-15,324.9,325.0,316.0,318.0,5117,318.0,2026-09-03T19:33:26.081323+00:00
2023-03-16,318.0,320.0,315.0,318.0,3608,318.0,2026-09-03T19:33:26.081323+00:00
2023-03-19,320.0,324.0,318.1,319.0,6748,319.0,2026-09-03T19:33:26.081323+00:00
2023-03-20,325.0,325.0,319.0,324.9,3975,324.9,2026-09-03T19:33:26.081323+00:00
2023-03-22,326.0,327.0,320.1,320.1,7349,320.1,2026-09-03T19:33:26.081323+00:00
2023-03-23,314.0,324.0,314.0,320.0,4986,320.0,2026-09-03T19:33:26.081323+00:00
2023-03-26,315.1,318.5,314.0,314.0,7696,314.0,2026-09-03T19:33:26.081323+00:00
2023-03-27,309.0,320.0,309.0,318.0,10763,318.0,2026-09-03T19:33:26.081323+00:00
2023-03-28,320.0,324.0,317.1,319.2,4381,319.2,2026-09-03T19:33:26.081323+00:00
2023-03-29,325.5,325.5,314.0,319.5,7733,319.5,2026-09-03T19:33:26.081323+00:00
2023-03-30,313.6,324.0,313.6,317.6,2453,317.6,2026-09-03T19:33:26.081323+00:00
2023-04-02,323.9,323.9,314.0,315.0,6044,315.0,2026-09-03T19:33:26.081323+00:00
2023-04-03,318.0,318.9,312.0,312.6,5265,312.6,2026-09-03T19:33:26.081323+00:00
2023-04-04,315.0,315.0,311.0,313.0,4768,313.0,2026-09-03T19:33:26.081323+00:00
2023-04-05,307.1,316.0,307.1,315.1,3728,315.1,2026-09-03T19:33:26.081323+00:00
2023-04-06,316.0,319.5,313.2,314.0,4651,314.0,2026-09-03T19:33:26.081323+00:00
2023-04-09,316.5,316.5,308.0,308.0,8167,308.0,2026-09-03T19:33:26.081323+00:00
2023-04-10,312.0,312.0,306.3,306.3,7335,306.3,2026-09-03T19:33:26.081323+00:00
2023-04-11,312.0,312.0,306.1,309.0,5587,309.0,2026-09-03T19:33:26.081323+00:00
2023-04-12,315.1,324.0,311.0,320.0,9095,320.0,2026-09-03T19:33:26.081323+00:00
2023-04-13,325.0,325.0,318.6,320.0,12331,320.0,2026-09-03T19:33:26.081323+00:00
2023-04-16,315.0,322.5,314.0,320.0,7249,320.0,2026-09-03T19:33:26.081323+00:00
2023-04-17,315.7,320.0,315.7,319.0,2877,319.0,2026-09-03T19:33:26.081323+00:00
2023-04-18,317.0,319.0,315.0,319.0,1968,319.0,2026-09-03T19:33:26.081323+00:00
2023-04-19,319.0,319.0,315.0,319.0,3582,319.0,2026-09-03T19:33:26.081323+00:00
2023-04-20,313.1,323.0,310.0,313.0,5860,313.0,2026-09-03T19:33:26.081323+00:00
2023-04-23,314.0,314.0,308.0,310.0,6828,310.0,2026-09-03T19:33:26.081323+00:00
2023-04-24,310.0,314.9,309.0,309.4,4085,309.4,2026-09-03T19:33:26.081323+00:00
2023-04-25,309.4,316.0,309.4,313.0,6776,313.0,2026-09-03T19:33:26.081323+00:00
2023-04-26,306.8,319.0,306.8,318.0,7452,318.0,2026-09-03T19:33:26.081323+00:00
2023-04-27,312.3,315.0,310.0,312.4,3214,312.4,2026-09-03T19:33:26.081323+00:00
2023-04-30,307.0,312.0,307.0,309.0,3833,309.0,2026-09-03T19:33:26.081323+00:00
2023-05-02,310.0,314.0,307.2,309.0,2393,309.0,2026-09-03T19:33:26.081323+00:00
2023-05-03,307.0,309.0,307.0,307.1,3408,307.1,2026-09-03T19:33:26.081323+00:00
2023-05-04,308.0,330.0,306.1,323.4,5868,323.4,2026-09-03T19:33:26.081323+00:00
2023-05-07,317.0,319.5,312.5,312.5,3641,312.5,2026-09-03T19:33:26.081323+00:00
2023-05-08,307.2,312.0,307.0,308.0,3751,308.0,2026-09-03T19:33:26.081323+00:00
2023-05-09,307.0,313.0,306.0,312.0,3791,312.0,2026-09-03T19:33:26.081323+00:00
2023-05-10,318.1,318.2,312.0,314.0,5854,314.0,2026-09-03T19:33:26.081323+00:00
2023-05-11,320.0,320.0,312.0,312.0,6164,312.0,2026-09-03T19:33:26.081323+00:00
2023-05-14,311.5,312.0,305.0,308.2,10857,308.2,2026-09-03T19:33:26.081323+00:00
2023-05-15,308.0,310.0,305.0,309.9,3776,309.9,2026-09-03T19:33:26.081323+00:00
2023-05-16,307.0,313.0,305.1,311.0,4648,311.0,2026-09-03T19:33:26.081323+00:00
2023-05-17,311.0,313.0,310.0,311.9,5788,311.9,2026-09-03T19:33:26.081323+00:00
2023-05-18,315.0,318.0,312.0,317.9,4587,317.9,2026-09-03T19:33:26.081323+00:00
2023-05-21,324.0,324.0,310.0,318.0,10859,318.0,2026-09-03T19:33:26.081323+00:00
2023-05-22,317.9,319.0,313.0,315.0,3060,315.0,2026-09-03T19:33:26.081323+00:00
2023-05-23,315.0,321.0,315.0,319.0,8661,319.0,2026-09-03T19:33:26.081323+00:00
2023-05-24,319.0,323.0,316.1,319.8,8234,319.8,2026-09-03T19:33:26.081323+00:00
2023-05-28,319.3,325.5,319.3,320.2,21393,320.2,2026-09-03T19:33:26.081323+00:00
2023-05-30,315.0,318.9,312.1,315.1,8235,315.1,2026-09-03T19:33:26.081323+00:00
2023-05-31,312.0,317.0,308.9,308.9,9514,308.9,2026-09-03T19:33:26.081323+00:00
2023-06-01,312.0,314.0,307.3,311.0,7855,311.0,2026-09-03T19:33:26.081323+00:00
2023-06-04,317.0,321.8,314.0,319.8,10195,319.8,2026-09-03T19:33:26.081323+00:00
2023-06-05,320.0,340.0,319.3,330.0,62748,330.0,2026-09-03T19:33:26.081323+00:00
2023-06-06,329.8,349.0,329.8,348.5,80365,348.5,2026-09-03T19:33:26.081323+00:00
2023-06-07,355.0,356.0,341.6,344.0,29344,344.0,2026-09-03T19:33:26.081323+00:00
2023-06-08,339.5,346.0,338.0,342.0,36153,342.0,2026-09-03T19:33:26.081323+00:00
2023-06-11,342.3,348.9,342.3,348.6,29695,348.6,2026-09-03T19:33:26.081323+00:00
2023-06-12,348.0,354.8,338.1,339.0,26891,339.0,2026-09-03T19:33:26.081323+00:00
2023-06-13,345.6,349.0,339.0,345.0,31316,345.0,2026-09-03T19:33:26.081323+00:00
2023-06-14,350.0,354.0,341.0,343.1,32384,343.1,2026-09-03T19:33:26.081323+00:00
2023-06-15,347.0,347.0,339.2,342.0,20801,342.0,2026-09-03T19:33:26.081323+00:00
2023-06-18,345.0,365.0,341.0,352.0,29074,352.0,2026-09-03T19:33:26.081323+00:00
2023-06-19,355.0,355.0,345.1,347.0,13660,347.0,2026-09-03T19:33:26.081323+00:00
2023-06-20,345.1,352.0,336.0,336.2,21077,336.2,2026-09-03T19:33:26.081323+00:00
2023-06-21,336.2,341.4,331.0,332.0,19664,332.0,2026-09-03T19:33:26.081323+00:00
2023-06-22,338.6,338.6,327.0,327.0,15781,327.0,2026-09-03T19:33:26.081323+00:00
2023-06-25,327.0,340.0,327.0,339.0,28800,339.0,2026-09-03T19:33:26.081323+00:00
2023-06-26,339.1,350.0,333.0,333.0,18440,333.0,2026-09-03T19:33:26.081323+00:00
2023-06-27,339.6,345.1,333.0,342.6,24141,342.6,2026-09-03T19:33:26.081323+00:00
2023-06-28,340.0,348.8,335.8,339.0,24461,339.0,2026-09-03T19:33:26.081323+00:00
2023-07-02,338.1,338.1,327.0,328.0,21820,328.0,2026-09-03T19:33:26.081323+00:00
2023-07-03,325.0,330.0,323.4,324.0,18401,324.0,2026-09-03T19:33:26.081323+00:00
2023-07-04,330.0,330.0,323.7,325.0,7991,325.0,2026-09-03T19:33:26.081323+00:00
2023-07-05,331.5,331.5,320.0,322.0,13436,322.0,2026-09-03T19:33:26.081323+00:00
2023-07-06,320.1,324.0,316.0,317.0,14807,317.0,2026-09-03T19:33:26.081323+00:00
2023-07-09,322.0,329.0,321.0,326.9,11963,326.9,2026-09-03T19:33:26.081323+00:00
2023-07-10,329.0,333.0,320.0,325.0,8801,325.0,2026-09-03T19:33:26.081323+00:00
2023-07-11,325.0,325.0,319.1,319.1,9677,319.1,2026-09-03T19:33:26.081323+00:00
2023-07-12,324.0,335.0,321.0,331.0,12948,331.0,2026-09-03T19:33:26.081323+00:00
2023-07-13,335.0,341.0,327.3,327.3,11483,327.3,2026-09-03T19:33:26.081323+00:00
2023-07-16,327.0,330.5,323.0,330.5,9240,330.5,2026-09-03T19:33:26.081323+00:00
2023-07-17,326.0,334.0,326.0,333.0,8079,333.0,2026-09-03T19:33:26.081323+00:00
2023-07-18,339.5,339.5,331.0,334.0,11544,334.0,2026-09-03T19:33:26.081323+00:00
2023-07-19,327.5,334.1,327.5,330.0,8727,330.0,2026-09-03T19:33:26.081323+00:00
2023-07-20,325.3,342.9,325.3,333.3,26102,333.3,2026-09-03T19:33:26.081323+00:00
2023-07-23,339.0,339.0,332.3,334.2,13875,334.2,2026-09-03T19:33:26.081323+00:00
2023-07-24,335.0,342.9,335.0,338.0,24593,338.0,2026-09-03T19:33:26.081323+00:00
2023-07-25,338.0,343.0,330.1,331.0,10860,331.0,2026-09-03T19:33:26.081323+00:00
2023-07-26,332.0,334.0,329.0,329.0,5141,329.0,2026-09-03T19:33:26.081323+00:00
2023-07-27,333.0,333.0,325.0,325.0,10061,325.0,2026-09-03T19:33:26.081323+00:00
2023-07-30,325.0,330.0,323.4,325.0,7245,325.0,2026-09-03T19:33:26.081323+00:00
2023-07-31,331.0,331.0,323.0,324.0,3572,324.0,2026-09-03T19:33:26.081323+00:00
2023-08-01,324.0,328.0,318.2,320.0,9944,320.0,2026-09-03T19:33:26.081323+00:00
2023-08-02,326.0,332.0,314.0,324.0,11082,324.0,2026-09-03T19:33:26.081323+00:00
2023-08-03,330.0,330.0,319.7,322.9,6698,322.9,2026-09-03T19:33:26.081323+00:00
2023-08-06,328.9,328.9,315.1,315.5,7095,315.5,2026-09-03T19:33:26.081323+00:00
2023-08-07,315.0,320.0,313.1,316.0,6261,316.0,2026-09-03T19:33:26.081323+00:00
2023-08-08,316.0,322.0,315.0,317.0,7858,317.0,2026-09-03T19:33:26.081323+00:00
2023-08-09,312.0,321.0,312.0,321.0,11679,321.0,2026-09-03T19:33:26.081323+00:00
2023-08-10,321.0,327.4,316.1,321.5,5573,321.5,2026-09-03T19:33:26.081323+00:00
2023-08-13,322.0,326.0,316.1,321.0,9519,321.0,2026-09-03T19:33:26.081323+00:00
2023-08-14,320.5,324.0,318.0,319.5,6935,319.5,2026-09-03T19:33:26.081323+00:00
2023-08-15,314.1,318.8,313.2,314.0,8554,314.0,2026-09-03T19:33:26.081323+00:00
2023-08-16,319.9,319.9,308.5,308.5,10043,308.5,2026-09-03T19:33:26.081323+00:00
2023-08-17,314.5,332.9,307.0,309.0,16715,309.0,2026-09-03T19:33:26.081323+00:00
2023-08-20,315.0,315.0,307.3,307.6,11696,307.6,2026-09-03T19:33:26.081323+00:00
2023-08-21,309.0,313.0,307.1,308.0,6988,308.0,2026-09-03T19:33:26.081323+00:00
2023-08-22,302.0,320.0,302.0,320.0,9005,320.0,2026-09-03T19:33:26.081323+00:00
2023-08-23,320.0,322.8,312.0,317.0,11746,317.0,2026-09-03T19:33:26.081323+00:00
2023-08-24,311.1,315.0,308.0,311.0,8581,311.0,2026-09-03T19:33:26.081323+00:00
2023-08-27,310.0,311.0,307.0,307.0,5001,307.0,2026-09-03T19:33:26.081323+00:00
2023-08-28,307.0,312.0,307.0,307.5,4716,307.5,2026-09-03T19:33:26.081323+00:00
2023-08-29,313.0,313.0,307.0,307.0,4175,307.0,2026-09-03T19:33:26.081323+00:00
2023-08-30,307.0,311.9,307.0,307.4,3293,307.4,2026-09-03T19:33:26.081323+00:00
2023-09-03,307.0,307.0,302.0,304.0,22317,304.0,2026-09-03T19:33:26.081323+00:00
2023-09-04,306.0,308.0,302.0,304.0,8693,304.0,2026-09-03T19:33:26.081323+00:00
2023-09-05,310.0,310.0,302.1,303.0,3176,303.0,2026-09-03T19:33:26.081323+00:00
2023-09-07,303.5,304.0,298.4,299.0,8153,299.0,2026-09-03T19:33:26.081323+00:00
2023-09-10,303.0,303.0,299.7,299.7,9323,299.7,2026-09-03T19:33:26.081323+00:00
2023-09-11,300.0,306.5,300.0,304.1,5571,304.1,2026-09-03T19:33:26.081323+00:00
2023-09-12,310.0,316.0,303.8,303.8,4704,303.8,2026-09-03T19:33:26.081323+00:00
2023-09-13,305.0,313.0,304.1,310.0,5147,310.0,2026-09-03T19:33:26.081323+00:00
2023-09-17,314.7,314.7,302.5,305.9,5317,305.9,2026-09-03T19:33:26.081323+00:00
2023-09-18,306.0,307.0,303.0,307.0,1484,307.0,2026-09-03T19:33:26.081323+00:00
2023-09-19,302.2,309.7,302.2,309.0,5857,309.0,2026-09-03T19:33:26.081323+00:00
2023-09-21,314.0,318.0,313.0,316.4,22795,316.4,2026-09-03T19:33:26.081323+00:00
2023-09-24,317.0,317.0,311.0,311.6,7679,311.6,2026-09-03T19:33:26.081323+00:00
2023-09-25,310.1,315.0,308.5,309.0,3192,309.0,2026-09-03T19:33:26.081323+00:00
2023-09-26,311.0,320.0,311.0,315.0,9923,315.0,2026-09-03T19:33:26.081323+00:00
2023-09-27,311.5,314.0,311.0,313.0,7929,313.0,2026-09-03T19:33:26.081323+00:00
2023-10-01,310.0,314.8,303.0,306.6,4377,306.6,2026-09-03T19:33:26.081323+00:00
2023-10-02,310.5,310.5,304.5,304.5,14834,304.5,2026-09-03T19:33:26.081323+00:00
2023-10-03,304.0,307.0,301.6,303.0,8293,303.0,2026-09-03T19:33:26.081323+00:00
2023-10-04,300.0,309.0,300.0,306.5,6947,306.5,2026-09-03T19:33:26.081323+00:00
2023-10-05,307.0,307.9,301.8,304.0,10716,304.0,2026-09-03T19:33:26.081323+00:00
2023-10-08,304.1,306.0,299.1,301.0,12638,301.0,2026-09-03T19:33:26.081323+00:00
2023-10-09,298.3,304.0,298.3,299.5,6281,299.5,2026-09-03T19:33:26.081323+00:00
2023-10-10,296.5,300.0,293.0,296.0,17866,296.0,2026-09-03T19:33:26.081323+00:00
2023-10-11,296.0,300.0,294.3,298.0,5951,298.0,2026-09-03T19:33:26.081323+00:00
2023-10-12,298.0,300.0,295.2,297.0,5455,297.0,2026-09-03T19:33:26.081323+00:00
2023-10-16,293.0,298.0,293.0,294.5,6250,294.5,2026-09-03T19:33:26.081323+00:00
2023-10-17,294.4,301.9,294.4,296.3,3066,296.3,2026-09-03T19:33:26.081323+00:00
2023-10-18,297.3,305.0,297.3,300.5,4598,300.5,2026-09-03T19:33:26.081323+00:00
2023-10-19,306.0,306.0,300.0,300.7,4105,300.7,2026-09-03T19:33:26.081323+00:00
2023-10-29,295.0,300.0,295.0,299.9,4956,299.9,2026-09-03T19:33:26.081323+00:00
2023-10-30,294.1,299.9,294.1,299.9,4394,299.9,2026-09-03T19:33:26.081323+00:00
2023-10-31,298.0,300.0,297.0,297.6,2710,297.6,2026-09-03T19:33:26.081323+00:00
2023-11-01,301.9,301.9,296.3,296.9,3489,296.9,2026-09-03T19:33:26.081323+00:00
2023-11-02,295.0,299.5,294.9,297.0,3945,297.0,2026-09-03T19:33:26.081323+00:00
2023-11-05,297.0,299.8,294.1,294.1,4875,294.1,2026-09-03T19:33:26.081323+00:00
2023-11-06,295.0,299.9,294.4,296.0,7854,296.0,2026-09-03T19:33:26.081323+00:00
2023-11-07,296.2,300.8,296.0,297.7,2628,297.7,2026-09-03T19:33:26.081323+00:00
2023-11-06,295.0,299.9,294.4,296.0,7854,296.0,2026-09-03T19:33:26.081323+00:00
2023-11-07,296.2,300.8,296.0,297.7,2628,297.7,2026-09-03T19:33:26.081323+00:00
2023-11-08,295.2,301.0,295.2,298.0,1892,298.0,2026-09-03T19:33:26.081323+00:00
2023-11-09,298.0,299.9,295.0,297.1,2774,297.1,2026-09-03T19:33:26.081323+00:00
2023-11-20,302.9,303.0,295.3,295.3,2632,295.3,2026-09-03T19:33:26.081323+00:00
2023-11-21,295.0,298.0,292.1,294.0,3333,294.0,2026-09-03T19:33:26.081323+00:00
2023-11-22,295.0,299.5,295.0,296.1,3372,296.1,2026-09-03T19:33:26.081323+00:00
2023-11-23,296.1,300.0,296.1,299.0,3710,299.0,2026-09-03T19:33:26.081323+00:00
2023-11-26,295.2,305.5,295.1,305.5,7208,305.5,2026-09-03T19:33:26.081323+00:00
2023-11-27,299.5,307.9,299.5,302.0,7517,302.0,2026-09-03T19:33:26.081323+00:00
2023-11-28,302.1,306.0,299.0,303.0,4720,303.0,2026-09-03T19:33:26.081323+00:00
2023-11-29,302.0,304.0,301.0,301.0,2599,301.0,2026-09-03T19:33:26.081323+00:00
2023-11-30,306.0,306.0,297.3,298.9,3712,298.9,2026-09-03T19:33:26.081323+00:00
2023-12-03,304.8,304.8,295.0,297.1,4537,297.1,2026-09-03T19:33:26.081323+00:00
2023-12-04,297.0,300.0,295.2,295.2,6141,295.2,2026-09-03T19:33:26.081323+00:00
2023-12-05,295.3,298.9,295.3,297.3,2690,297.3,2026-09-03T19:33:26.081323+00:00
2023-12-06,295.2,298.7,295.2,296.5,1832,296.5,2026-09-03T19:33:26.081323+00:00
2023-12-07,295.0,301.0,295.0,297.2,4685,297.2,2026-09-03T19:33:26.081323+00:00
2023-12-10,303.1,315.0,303.1,315.0,550,315.0,2026-09-03T19:33:26.081323+00:00
2023-12-11,321.3,321.3,306.0,311.0,18151,311.0,2026-09-03T19:33:26.081323+00:00
2023-12-12,311.0,317.1,310.5,315.1,20387,315.1,2026-09-03T19:33:26.081323+00:00
2023-12-13,320.0,320.0,312.0,313.2,19623,313.2,2026-09-03T19:33:26.081323+00:00
2023-12-14,307.5,317.0,307.5,315.0,7633,315.0,2026-09-03T19:33:26.081323+00:00
2023-12-17,308.7,311.0,294.0,309.9,61389,309.9,2026-09-03T19:33:26.081323+00:00
2023-12-18,310.0,316.1,305.0,311.0,42471,311.0,2026-09-03T19:33:26.081323+00:00
2023-12-19,315.0,320.0,309.6,316.5,27025,316.5,2026-09-03T19:33:26.081323+00:00
2023-12-20,316.0,319.0,313.0,316.0,32067,316.0,2026-09-03T19:33:26.081323+00:00
2023-12-21,318.0,318.0,310.0,311.0,25808,311.0,2026-09-03T19:33:26.081323+00:00
2023-12-24,308.5,313.5,308.0,308.8,23388,308.8,2026-09-03T19:33:26.081323+00:00
2023-12-27,310.1,310.1,305.5,306.2,12222,306.2,2026-09-03T19:33:26.081323+00:00
2023-12-28,304.1,310.5,300.1,305.0,33759,305.0,2026-09-03T19:33:26.081323+00:00
2024-01-01,309.5,309.5,299.0,301.9,29509,301.9,2026-09-03T19:33:26.081323+00:00
2024-01-02,302.0,302.0,295.3,296.1,16413,296.1,2026-09-03T19:33:26.081323+00:00
2024-01-03,300.0,306.0,299.0,302.0,20194,302.0,2026-09-03T19:33:26.081323+00:00
2024-01-04,306.0,310.0,299.1,299.5,11138,299.5,2026-09-03T19:33:26.081323+00:00
2024-01-07,303.0,307.9,299.0,299.5,20427,299.5,2026-09-03T19:33:26.081323+00:00
2024-01-08,301.0,305.0,299.6,303.0,29570,303.0,2026-09-03T19:33:26.081323+00:00
2024-01-09,309.0,314.0,302.5,303.0,24707,303.0,2026-09-03T19:33:26.081323+00:00
2024-01-10,307.0,307.0,300.0,303.0,14776,303.0,2026-09-03T19:33:26.081323+00:00
2024-01-11,300.0,305.0,300.0,303.1,16310,303.1,2026-09-03T19:33:26.081323+00:00
2024-01-14,309.1,312.0,300.1,310.0,30735,310.0,2026-09-03T19:33:26.081323+00:00
2024-01-16,316.0,341.0,316.0,341.0,88532,341.0,2026-09-03T19:33:26.081323+00:00
2024-01-17,347.8,360.0,323.4,330.0,120690,330.0,2026-09-03T19:33:26.081323+00:00
2024-01-18,330.0,340.0,318.0,339.0,38125,339.0,2026-09-03T19:33:26.081323+00:00
2024-01-21,333.0,340.0,327.0,327.0,34300,327.0,2026-09-03T19:33:26.081323+00:00
2024-01-22,321.0,332.5,316.1,320.0,32124,320.0,2026-09-03T19:33:26.081323+00:00
2024-01-23,326.0,326.4,315.0,316.0,23863,316.0,2026-09-03T19:33:26.081323+00:00
2024-01-24,318.0,329.0,312.0,316.0,24390,316.0,2026-09-03T19:33:26.081323+00:00
2024-01-25,313.2,322.3,312.0,313.6,21309,313.6,2026-09-03T19:33:26.081323+00:00
2024-01-28,319.8,320.0,312.0,314.9,10254,314.9,2026-09-03T19:33:26.081323+00:00
2024-01-29,321.1,327.4,316.1,318.0,18492,318.0,2026-09-03T19:33:26.081323+00:00
2024-01-30,324.0,324.0,318.0,318.9,17777,318.9,2026-09-03T19:33:26.081323+00:00
2024-01-31,320.0,323.9,316.0,316.0,22545,316.0,2026-09-03T19:33:26.081323+00:00
2024-02-01,313.1,319.3,310.0,310.0,15897,310.0,2026-09-03T19:33:26.081323+00:00
2024-02-04,310.0,315.9,310.0,312.0,11628,312.0,2026-09-03T19:33:26.081323+00:00
2024-02-05,315.0,318.1,311.0,313.0,11840,313.0,2026-09-03T19:33:26.081323+00:00
2024-02-06,316.9,316.9,310.6,314.1,10446,314.1,2026-09-03T19:33:26.081323+00:00
2024-02-07,312.1,318.0,312.0,315.1,5100,315.1,2026-09-03T19:33:26.081323+00:00
2024-02-08,317.0,317.1,314.0,315.9,10216,315.9,2026-09-03T19:33:26.081323+00:00
2024-02-11,316.0,325.0,314.0,317.5,18770,317.5,2026-09-03T19:33:26.081323+00:00
2024-02-12,323.5,323.8,316.0,318.0,9308,318.0,2026-09-03T19:33:26.081323+00:00
2024-02-13,315.0,318.0,310.1,311.5,11869,311.5,2026-09-03T19:33:26.081323+00:00
2024-02-14,306.4,315.0,306.4,310.0,8580,310.0,2026-09-03T19:33:26.081323+00:00
2024-02-15,310.0,314.5,310.0,311.3,12369,311.3,2026-09-03T19:33:26.081323+00:00
2024-02-18,311.3,315.0,307.0,307.5,19573,307.5,2026-09-03T19:33:26.081323+00:00
2024-02-20,308.0,309.0,303.0,308.3,8110,308.3,2026-09-03T19:33:26.081323+00:00
2024-02-21,308.3,321.0,308.1,308.8,13813,308.8,2026-09-03T19:33:26.081323+00:00
2024-02-22,306.1,310.0,303.1,304.0,19794,304.0,2026-09-03T19:33:26.081323+00:00
2024-02-25,310.0,316.0,300.3,300.5,11107,300.5,2026-09-03T19:33:26.081323+00:00
2024-02-26,306.5,312.0,301.2,302.0,8876,302.0,2026-09-03T19:33:26.081323+00:00
2024-02-27,299.0,307.9,299.0,303.8,6358,303.8,2026-09-03T19:33:26.081323+00:00
2024-02-28,309.0,309.0,302.9,303.7,2971,303.7,2026-09-03T19:33:26.081323+00:00
2024-02-29,303.0,304.0,300.0,300.2,13548,300.2,2026-09-03T19:33:26.081323+00:00
2024-03-03,297.1,302.9,295.1,301.0,9550,301.0,2026-09-03T19:33:26.081323+00:00
2024-03-04,304.9,329.0,304.9,329.0,370,329.0,2026-09-03T19:33:26.081323+00:00
2024-03-05,335.0,335.0,309.0,311.0,15871,311.0,2026-09-03T19:33:26.081323+00:00
2024-03-06,315.0,315.5,308.0,309.0,7797,309.0,2026-09-03T19:33:26.081323+00:00
2024-03-07,315.0,321.0,308.2,310.0,7339,310.0,2026-09-03T19:33:26.081323+00:00
2024-03-10,316.2,316.2,311.5,312.0,4009,312.0,2026-09-03T19:33:26.081323+00:00
2024-03-12,314.0,316.4,311.2,316.0,13741,316.0,2026-09-03T19:33:26.081323+00:00
2024-03-13,316.0,318.0,312.0,314.5,6475,314.5,2026-09-03T19:33:26.081323+00:00
2024-03-14,314.0,316.1,311.1,311.1,6799,311.1,2026-09-03T19:33:26.081323+00:00
2024-03-17,308.2,313.9,308.2,310.0,3187,310.0,2026-09-03T19:33:26.081323+00:00
2024-03-18,309.0,313.9,308.0,309.2,5398,309.2,2026-09-03T19:33:26.081323+00:00
2024-03-19,309.0,312.0,308.5,310.0,8112,310.0,2026-09-03T19:33:26.081323+00:00
2024-03-20,316.0,316.0,306.0,306.1,7418,306.1,2026-09-03T19:33:26.081323+00:00
2024-03-21,312.2,312.2,306.0,307.0,8294,307.0,2026-09-03T19:33:26.081323+00:00
2024-03-25,305.0,308.0,303.4,304.0,10724,304.0,2026-09-03T19:33:26.081323+00:00
2024-03-26,304.4,308.0,304.0,305.1,7516,305.1,2026-09-03T19:33:26.081323+00:00
2024-03-27,308.0,308.0,304.0,304.0,7561,304.0,2026-09-03T19:33:26.081323+00:00
2024-03-28,301.1,306.5,301.1,305.0,4274,305.0,2026-09-03T19:33:26.081323+00:00
2024-03-31,301.0,303.0,300.4,301.0,14561,301.0,2026-09-03T19:33:26.081323+00:00
2024-04-01,307.0,307.0,300.0,300.9,7593,300.9,2026-09-03T19:33:26.081323+00:00
2024-04-02,306.0,306.0,300.0,300.0,8385,300.0,2026-09-03T19:33:26.081323+00:00
2024-04-03,305.0,305.0,298.5,299.1,10080,299.1,2026-09-03T19:33:26.081323+00:00
2024-04-04,304.0,304.0,296.1,296.1,14534,296.1,2026-09-03T19:33:26.081323+00:00
2024-04-07,302.0,302.0,296.0,297.8,12704,297.8,2026-09-03T19:33:26.081323+00:00
2024-04-09,303.7,303.7,298.0,300.0,14482,300.0,2026-09-03T19:33:26.081323+00:00
2024-04-10,300.0,300.6,297.1,298.0,10516,298.0,2026-09-03T19:33:26.081323+00:00
2024-04-14,303.9,309.9,297.2,299.8,5829,299.8,2026-09-03T19:33:26.081323+00:00
2024-04-15,305.7,305.7,297.0,298.0,9489,298.0,2026-09-03T19:33:26.081323+00:00
2024-04-16,298.0,303.0,296.1,298.0,4314,298.0,2026-09-03T19:33:26.081323+00:00
2024-04-18,296.0,297.0,295.5,297.0,3883,297.0,2026-09-03T19:33:26.081323+00:00
2024-04-21,296.0,296.0,292.0,294.0,12615,294.0,2026-09-03T19:33:26.081323+00:00
2024-04-22,299.8,299.8,294.0,294.0,5154,294.0,2026-09-03T19:33:26.081323+00:00
2024-04-24,294.0,297.0,292.6,293.1,4991,293.1,2026-09-03T19:33:26.081323+00:00
2024-04-25,295.0,295.0,292.2,292.8,5333,292.8,2026-09-03T19:33:26.081323+00:00
2024-04-28,295.0,297.0,293.0,294.0,10729,294.0,2026-09-03T19:33:26.081323+00:00
2024-04-29,296.9,298.0,294.0,296.0,4866,296.0,2026-09-03T19:33:26.081323+00:00
2024-04-30,296.0,298.0,294.1,296.8,7849,296.8,2026-09-03T19:33:26.081323+00:00
2024-05-02,302.7,302.7,296.5,296.6,5510,296.6,2026-09-03T19:33:26.081323+00:00
2024-05-05,295.0,300.9,293.5,293.5,4890,293.5,2026-09-03T19:33:26.081323+00:00
2024-05-06,299.3,299.3,292.0,292.0,15474,292.0,2026-09-03T19:33:26.081323+00:00
2024-05-07,297.0,297.0,291.5,291.5,5386,291.5,2026-09-03T19:33:26.081323+00:00
2024-05-08,290.0,296.9,290.0,290.0,5720,290.0,2026-09-03T19:33:26.081323+00:00
2024-05-09,294.9,294.9,288.0,292.0,7586,292.0,2026-09-03T19:33:26.081323+00:00
2024-05-12,289.1,292.0,289.0,290.0,8184,290.0,2026-09-03T19:33:26.081323+00:00
2024-05-13,284.4,293.0,284.4,291.0,7971,291.0,2026-09-03T19:33:26.081323+00:00
2024-05-14,296.8,296.8,290.0,294.5,4481,294.5,2026-09-03T19:33:26.081323+00:00
2024-05-15,294.5,299.8,290.1,294.0,5355,294.0,2026-09-03T19:33:26.081323+00:00
2024-05-16,291.1,296.9,291.1,295.0,7070,295.0,2026-09-03T19:33:26.081323+00:00
2024-05-19,295.0,299.0,295.0,298.0,18288,298.0,2026-09-03T19:33:26.081323+00:00
2024-05-20,299.5,304.9,299.0,299.0,14374,299.0,2026-09-03T19:33:26.081323+00:00
2024-05-21,304.9,304.9,296.7,299.0,6499,299.0,2026-09-03T19:33:26.081323+00:00
2024-05-22,300.0,302.0,297.5,299.6,16880,299.6,2026-09-03T19:33:26.081323+00:00
2024-05-26,299.0,304.0,298.1,301.0,8465,301.0,2026-09-03T19:33:26.081323+00:00
2024-05-27,300.0,303.0,299.0,299.2,12040,299.2,2026-09-03T19:33:26.081323+00:00
2024-05-29,305.1,305.1,297.7,297.7,8882,297.7,2026-09-03T19:33:26.081323+00:00
2024-05-30,293.5,298.0,293.5,294.4,7084,294.4,2026-09-03T19:33:26.081323+00:00
2024-06-02,295.0,295.9,292.7,295.9,5658,295.9,2026-09-03T19:33:26.081323+00:00
2024-06-03,296.4,298.0,292.0,292.0,13312,292.0,2026-09-03T19:33:26.081323+00:00
2024-06-04,292.0,295.5,292.0,294.0,5106,294.0,2026-09-03T19:33:26.081323+00:00
2024-06-05,292.1,295.6,291.8,292.0,9098,292.0,2026-09-03T19:33:26.081323+00:00
2024-06-06,296.9,296.9,290.3,290.3,8135,290.3,2026-09-03T19:33:26.081323+00:00
2024-06-09,296.1,296.1,289.2,289.9,9741,289.9,2026-09-03T19:33:26.081323+00:00
2024-06-10,295.6,295.6,289.7,291.0,7558,291.0,2026-09-03T19:33:26.081323+00:00
2024-06-11,296.8,298.0,291.0,297.0,13806,297.0,2026-09-03T19:33:26.081323+00:00
2024-06-12,300.0,300.0,294.3,296.9,11984,296.9,2026-09-03T19:33:26.081323+00:00
2024-06-13,293.0,295.0,292.0,293.0,10704,293.0,2026-09-03T19:33:26.081323+00:00
2024-06-16,297.0,297.0,292.2,293.3,14819,293.3,2026-09-03T19:33:26.081323+00:00
2024-06-18,298.0,298.0,292.0,293.0,13666,293.0,2026-09-03T19:33:26.081323+00:00
2024-06-19,292.0,295.0,292.0,293.0,5496,293.0,2026-09-03T19:33:26.081323+00:00
2024-06-20,298.8,298.8,291.2,292.8,7008,292.8,2026-09-03T19:33:26.081323+00:00
2024-06-23,295.0,295.9,289.4,292.9,13004,292.9,2026-09-03T19:33:26.081323+00:00
2024-06-24,290.1,294.0,290.0,290.0,10139,290.0,2026-09-03T19:33:26.081323+00:00
2024-06-25,294.0,294.0,290.0,291.1,8209,291.1,2026-09-03T19:33:26.081323+00:00
2024-06-26,296.0,296.0,290.0,290.0,8784,290.0,2026-09-03T19:33:26.081323+00:00
2024-06-27,289.0,294.0,288.5,289.5,10213,289.5,2026-09-03T19:33:26.081323+00:00
2024-06-30,295.0,295.0,288.0,288.2,7558,288.2,2026-09-03T19:33:26.081323+00:00
2024-07-01,287.0,290.0,286.0,288.2,7528,288.2,2026-09-03T19:33:26.081323+00:00
2024-07-02,293.9,304.0,290.0,291.0,15795,291.0,2026-09-03T19:33:26.081323+00:00
2024-07-03,296.0,296.0,286.7,291.4,6233,291.4,2026-09-03T19:33:26.081323+00:00
2024-07-04,290.0,294.5,290.0,292.2,13277,292.2,2026-09-03T19:33:26.081323+00:00
2024-07-07,296.79,296.79,291.4,292.6,14929,292.6,2026-09-03T19:33:26.081323+00:00
2024-07-08,289.5,294.8,289.5,294.0,13202,294.0,2026-09-03T19:33:26.081323+00:00
2024-07-09,291.1,293.9,290.0,293.0,21697,293.0,2026-09-03T19:33:26.081323+00:00
2024-07-10,293.1,296.5,292.6,296.5,8862,296.5,2026-09-03T19:33:26.081323+00:00
2024-07-11,296.79,299.9,295.0,298.9,23275,298.9,2026-09-03T19:33:26.081323+00:00
2024-07-14,304.8,310.0,300.0,309.8,29360,309.8,2026-09-03T19:33:26.081323+00:00
2024-07-15,312.0,324.0,302.0,310.0,30245,310.0,2026-09-03T19:33:26.081323+00:00
2024-07-16,316.0,323.0,308.0,322.0,52999,322.0,2026-09-03T19:33:26.081323+00:00
2024-07-17,325.0,329.0,319.0,327.5,49481,327.5,2026-09-03T19:33:26.081323+00:00
2024-07-18,331.7,336.0,322.6,330.2,63422,330.2,2026-09-03T19:33:26.081323+00:00
2024-07-21,329.0,362.9,325.0,349.5,94475,349.5,2026-09-03T19:33:26.081323+00:00
2024-07-22,352.0,356.4,335.8,351.3,84378,351.3,2026-09-03T19:33:26.081323+00:00
2024-07-23,345.0,369.9,345.0,368.9,129438,368.9,2026-09-03T19:33:26.081323+00:00
2024-07-24,376.2,376.2,352.8,355.0,121679,355.0,2026-09-03T19:33:26.081323+00:00
2024-07-25,355.0,362.1,347.0,357.0,58599,357.0,2026-09-03T19:33:26.081323+00:00
2024-07-28,364.1,374.0,353.0,364.0,72939,364.0,2026-09-03T19:33:26.081323+00:00
2024-07-29,370.0,399.0,360.0,375.0,219242,375.0,2026-09-03T19:33:26.081323+00:00
2024-07-30,371.4,385.7,370.0,385.3,124329,385.3,2026-09-03T19:33:26.081323+00:00
2024-07-31,390.0,403.9,387.0,395.6,124700,395.6,2026-09-03T19:33:26.081323+00:00
2024-08-01,395.0,402.0,381.0,386.0,122068,386.0,2026-09-03T19:33:26.081323+00:00
2024-08-05,386.0,421.0,385.2,419.0,201308,419.0,2026-09-03T19:33:26.081323+00:00
2024-08-06,419.0,459.9,404.0,406.0,253892,406.0,2026-09-03T19:33:26.081323+00:00
2024-08-07,400.0,441.5,399.0,440.0,126155,440.0,2026-09-03T19:33:26.081323+00:00
2024-08-08,440.0,456.0,430.1,434.0,141548,434.0,2026-09-03T19:33:26.081323+00:00
2024-08-11,434.0,453.0,434.0,447.0,152207,447.0,2026-09-03T19:33:26.081323+00:00
2024-08-12,455.0,455.0,440.0,445.0,133173,445.0,2026-09-03T19:33:26.081323+00:00
2024-08-13,445.0,452.9,431.2,438.0,96729,438.0,2026-09-03T19:33:26.081323+00:00
2024-08-14,440.0,446.0,424.0,442.0,131616,442.0,2026-09-03T19:33:26.081323+00:00
2024-08-15,444.0,486.2,442.0,486.2,352853,486.2,2026-09-03T19:33:26.081323+00:00
2024-08-18,495.9,515.9,491.0,508.9,415388,508.9,2026-09-03T19:33:26.081323+00:00
2024-08-21,508.9,516.0,498.9,504.0,178457,504.0,2026-09-03T19:33:26.081323+00:00
2024-08-22,512.0,536.5,500.2,525.1,243694,525.1,2026-09-03T19:33:26.081323+00:00
2024-08-25,523.0,526.1,500.0,513.0,186172,513.0,2026-09-03T19:33:26.081323+00:00
2024-08-27,513.0,513.0,480.0,492.9,208728,492.9,2026-09-03T19:33:26.081323+00:00
2024-08-28,486.0,506.0,480.2,488.0,158969,488.0,2026-09-03T19:33:26.081323+00:00
2024-08-29,497.0,497.0,470.4,473.0,101925,473.0,2026-09-03T19:33:26.081323+00:00
2024-09-01,471.0,474.0,447.1,455.0,111237,455.0,2026-09-03T19:33:26.081323+00:00
2024-09-02,460.0,500.0,437.1,499.9,98953,499.9,2026-09-03T19:33:26.081323+00:00
2024-09-03,508.9,533.0,490.0,495.0,210568,495.0,2026-09-03T19:33:26.081323+00:00
2024-09-04,504.9,504.9,471.0,490.0,123216,490.0,2026-09-03T19:33:26.081323+00:00
2024-09-05,480.2,482.0,466.8,475.0,59492,475.0,2026-09-03T19:33:26.081323+00:00
2024-09-08,484.0,495.0,475.0,478.0,84825,478.0,2026-09-03T19:33:26.081323+00:00
2024-09-09,470.0,478.0,460.0,460.4,53710,460.4,2026-09-03T19:33:26.081323+00:00
2024-09-10,467.0,475.0,445.0,446.1,41494,446.1,2026-09-03T19:33:26.081323+00:00
2024-09-11,446.2,450.0,442.0,442.4,63776,442.4,2026-09-03T19:33:26.081323+00:00
2024-09-12,436.0,462.0,436.0,456.0,53915,456.0,2026-09-03T19:33:26.081323+00:00
2024-09-15,460.0,465.0,440.0,441.0,67163,441.0,2026-09-03T19:33:26.081323+00:00
2024-09-16,447.9,448.0,417.1,423.0,57389,423.0,2026-09-03T19:33:26.081323+00:00
2024-09-18,425.0,426.2,407.0,415.0,32258,415.0,2026-09-03T19:33:26.081323+00:00
2024-09-22,415.0,429.9,415.0,418.0,25817,418.0,2026-09-03T19:33:26.081323+00:00
2024-09-23,420.0,422.0,395.0,396.0,35891,396.0,2026-09-03T19:33:26.081323+00:00
2024-09-24,396.0,411.0,390.0,390.5,37627,390.5,2026-09-03T19:33:26.081323+00:00
2024-09-25,398.3,415.0,385.0,410.0,25549,410.0,2026-09-03T19:33:26.081323+00:00
2024-09-26,410.0,410.0,392.0,392.0,18411,392.0,2026-09-03T19:33:26.081323+00:00
2024-09-29,392.0,393.0,380.0,385.1,21851,385.1,2026-09-03T19:33:26.081323+00:00
2024-09-30,385.0,392.8,384.6,390.0,11104,390.0,2026-09-03T19:33:26.081323+00:00
2024-10-01,397.0,429.0,397.0,429.0,84766,429.0,2026-09-03T19:33:26.081323+00:00
2024-10-02,437.5,444.0,421.0,428.0,59400,428.0,2026-09-03T19:33:26.081323+00:00
2024-10-06,430.0,453.0,422.0,449.0,36845,449.0,2026-09-03T19:33:26.081323+00:00
2024-10-07,450.0,464.0,449.0,454.0,33631,454.0,2026-09-03T19:33:26.081323+00:00
2024-10-08,450.0,488.0,441.2,485.0,41257,485.0,2026-09-03T19:33:26.081323+00:00
2024-10-09,475.3,488.0,459.5,475.3,37511,475.3,2026-09-03T19:33:26.081323+00:00
2024-10-15,480.0,480.0,466.0,472.0,23135,472.0,2026-09-03T19:33:26.081323+00:00
2024-10-16,480.0,490.0,465.0,477.0,30693,477.0,2026-09-03T19:33:26.081323+00:00
2024-10-17,480.0,487.5,471.0,487.5,54352,487.5,2026-09-03T19:33:26.081323+00:00
2024-10-20,477.8,480.0,463.0,463.0,45872,463.0,2026-09-03T19:33:26.081323+00:00
2024-10-21,472.0,472.0,447.0,452.0,29846,452.0,2026-09-03T19:33:26.081323+00:00
2024-10-22,445.0,465.0,445.0,456.0,20769,456.0,2026-09-03T19:33:26.081323+00:00
2024-10-23,460.0,463.0,446.0,449.0,20374,449.0,2026-09-03T19:33:26.081323+00:00
2024-10-24,455.0,455.1,441.0,450.1,29722,450.1,2026-09-03T19:33:26.081323+00:00
2024-10-27,459.0,459.0,438.5,440.0,15902,440.0,2026-09-03T19:33:26.081323+00:00
2024-10-28,439.1,455.0,435.0,450.0,12576,450.0,2026-09-03T19:33:26.081323+00:00
2024-10-29,459.0,466.2,455.1,455.2,26721,455.2,2026-09-03T19:33:26.081323+00:00
2024-10-30,463.0,468.0,446.1,450.0,18480,450.0,2026-09-03T19:33:26.081323+00:00
2024-11-05,459.0,463.0,450.0,455.0,12147,455.0,2026-09-03T19:33:26.081323+00:00
2024-11-06,455.0,457.9,450.0,450.0,13820,450.0,2026-09-03T19:33:26.081323+00:00
2024-11-10,450.0,468.0,450.0,467.5,36127,467.5,2026-09-03T19:33:26.081323+00:00
2024-11-11,476.4,478.0,458.8,459.0,34521,459.0,2026-09-03T19:33:26.081323+00:00
2024-11-12,467.0,477.0,461.2,468.0,57924,468.0,2026-09-03T19:33:26.081323+00:00
2024-11-13,467.6,475.9,451.0,451.0,26396,451.0,2026-09-03T19:33:26.081323+00:00
2024-11-14,455.0,460.0,451.0,453.8,38497,453.8,2026-09-03T19:33:26.081323+00:00
2024-11-17,462.8,463.0,454.0,455.3,20766,455.3,2026-09-03T19:33:26.081323+00:00
2024-11-19,460.0,460.0,446.4,446.4,20297,446.4,2026-09-03T19:33:26.081323+00:00
2024-11-20,446.0,454.9,445.6,447.0,18263,447.0,2026-09-03T19:33:26.081323+00:00
2024-11-21,447.0,450.0,441.0,441.0,14435,441.0,2026-09-03T19:33:26.081323+00:00
2024-11-24,449.0,449.0,440.1,443.0,7504,443.0,2026-09-03T19:33:26.081323+00:00
2024-11-25,439.1,446.0,438.0,438.5,29511,438.5,2026-09-03T19:33:26.081323+00:00
2024-11-26,446.0,463.9,440.2,446.1,10648,446.1,2026-09-03T19:33:26.081323+00:00
2024-11-27,454.0,459.0,450.0,455.5,21759,455.5,2026-09-03T19:33:26.081323+00:00
2024-11-28,464.0,464.0,445.0,449.0,16929,449.0,2026-09-03T19:33:26.081323+00:00
2024-12-01,449.0,449.0,430.0,441.4,14332,441.4,2026-09-03T19:33:26.081323+00:00
2024-12-02,449.0,450.0,438.1,439.0,25750,439.0,2026-09-03T19:33:26.081323+00:00
2024-12-03,447.6,455.0,442.0,443.1,13247,443.1,2026-09-03T19:33:26.081323+00:00
2024-12-04,443.1,459.0,440.0,446.0,22994,446.0,2026-09-03T19:33:26.081323+00:00
2024-12-05,453.5,453.8,440.2,442.5,21713,442.5,2026-09-03T19:33:26.081323+00:00
2024-12-08,445.0,445.0,433.0,434.0,38212,434.0,2026-09-03T19:33:26.081323+00:00
2024-12-09,441.0,441.0,416.0,418.0,38774,418.0,2026-09-03T19:33:26.081323+00:00
2024-12-10,425.9,425.9,409.7,414.0,20826,414.0,2026-09-03T19:33:26.081323+00:00
2024-12-11,414.0,419.1,400.0,417.0,20958,417.0,2026-09-03T19:33:26.081323+00:00
2024-12-12,417.0,423.9,408.0,411.9,19202,411.9,2026-09-03T19:33:26.081323+00:00
2024-12-16,407.0,417.9,398.0,399.9,23208,399.9,2026-09-03T19:33:26.081323+00:00
2024-12-17,392.0,412.9,390.0,394.0,27142,394.0,2026-09-03T19:33:26.081323+00:00
2024-12-18,400.0,405.9,390.1,392.0,10153,392.0,2026-09-03T19:33:26.081323+00:00
2024-12-19,395.0,395.0,382.1,393.0,43175,393.0,2026-09-03T19:33:26.081323+00:00
2024-12-22,400.8,400.8,382.3,383.2,23891,383.2,2026-09-03T19:33:26.081323+00:00
2024-12-23,383.3,390.8,378.0,387.0,12031,387.0,2026-09-03T19:33:26.081323+00:00
2024-12-24,394.0,400.0,390.0,397.0,26261,397.0,2026-09-03T19:33:26.081323+00:00
2024-12-26,397.0,399.0,390.0,390.0,10781,390.0,2026-09-03T19:33:26.081323+00:00
2024-12-29,390.0,397.8,375.5,389.0,26997,389.0,2026-09-03T19:33:26.081323+00:00
2024-12-31,389.0,389.0,375.1,384.0,16021,384.0,2026-09-03T19:33:26.081323+00:00
2025-01-01,380.0,394.0,379.1,388.0,18790,388.0,2026-09-03T19:33:26.081323+00:00
2025-01-02,388.0,402.5,380.0,402.5,26921,402.5,2026-09-03T19:33:26.081323+00:00
2025-01-05,409.0,409.0,394.0,396.0,10505,396.0,2026-09-03T19:33:26.081323+00:00
2025-01-06,400.0,403.0,396.0,402.0,13204,402.0,2026-09-03T19:33:26.081323+00:00
2025-01-07,410.0,418.0,402.0,407.0,12523,407.0,2026-09-03T19:33:26.081323+00:00
2025-01-08,415.1,415.1,399.0,407.0,9944,407.0,2026-09-03T19:33:26.081323+00:00
2025-01-09,415.0,415.0,398.9,399.5,17603,399.5,2026-09-03T19:33:26.081323+00:00
2025-01-12,400.0,410.1,393.0,400.0,11534,400.0,2026-09-03T19:33:26.081323+00:00
2025-01-13,400.0,400.0,392.0,395.6,9603,395.6,2026-09-03T19:33:26.081323+00:00
2025-01-15,396.0,399.0,393.0,393.1,12272,393.1,2026-09-03T19:33:26.081323+00:00
2025-01-16,390.1,395.0,386.5,387.2,9674,387.2,2026-09-03T19:33:26.081323+00:00
2025-01-19,390.0,390.0,383.0,386.0,6025,386.0,2026-09-03T19:33:26.081323+00:00
2025-01-20,392.0,392.0,385.0,386.5,14410,386.5,2026-09-03T19:33:26.081323+00:00
2025-01-21,389.0,389.0,379.2,383.8,15692,383.8,2026-09-03T19:33:26.081323+00:00
2025-01-22,380.1,404.0,380.1,399.0,35610,399.0,2026-09-03T19:33:26.081323+00:00
2025-01-23,399.0,415.0,395.1,395.1,12948,395.1,2026-09-03T19:33:26.081323+00:00
2025-01-26,390.5,400.0,390.5,400.0,17057,400.0,2026-09-03T19:33:26.081323+00:00
2025-01-27,393.0,400.5,393.0,400.0,16614,400.0,2026-09-03T19:33:26.081323+00:00
2025-01-28,406.0,406.0,395.0,397.4,10994,397.4,2026-09-03T19:33:26.081323+00:00
2025-02-02,402.0,415.0,402.0,408.2,57863,408.2,2026-09-03T19:33:26.081323+00:00
2025-02-03,415.0,419.0,405.0,409.7,21924,409.7,2026-09-03T19:33:26.081323+00:00
2025-02-04,416.0,416.0,404.1,410.0,23780,410.0,2026-09-03T19:33:26.081323+00:00
2025-02-05,412.4,413.0,405.1,407.0,15734,407.0,2026-09-03T19:33:26.081323+00:00
2025-02-06,412.9,413.0,405.1,405.1,19871,405.1,2026-09-03T19:33:26.081323+00:00
2025-02-09,405.0,412.9,400.0,410.0,29632,410.0,2026-09-03T19:33:26.081323+00:00
2025-02-10,406.0,415.0,403.0,415.0,21971,415.0,2026-09-03T19:33:26.081323+00:00
2025-02-11,423.3,423.3,408.2,412.9,11859,412.9,2026-09-03T19:33:26.081323+00:00
2025-02-12,414.9,414.9,405.0,406.5,15268,406.5,2026-09-03T19:33:26.081323+00:00
2025-02-13,414.6,414.6,402.0,403.0,18875,403.0,2026-09-03T19:33:26.081323+00:00
2025-02-16,400.2,408.0,398.2,405.0,14333,405.0,2026-09-03T19:33:26.081323+00:00
2025-02-17,410.0,413.0,401.9,412.0,63136,412.0,2026-09-03T19:33:26.081323+00:00
2025-02-18,419.9,431.0,414.0,426.0,66466,426.0,2026-09-03T19:33:26.081323+00:00
2025-02-20,426.0,434.0,413.0,416.0,16880,416.0,2026-09-03T19:33:26.081323+00:00
2025-02-23,408.0,425.0,400.4,415.0,30203,415.0,2026-09-03T19:33:26.081323+00:00
2025-02-24,420.9,430.0,407.2,416.5,15961,416.5,2026-09-03T19:33:26.081323+00:00
2025-02-25,421.9,422.0,408.2,411.0,16067,411.0,2026-09-03T19:33:26.081323+00:00
2025-02-27,415.0,417.1,407.2,415.0,23432,415.0,2026-09-03T19:33:26.081323+00:00
2025-03-02,423.0,456.0,415.0,445.9,99160,445.9,2026-09-03T19:33:26.081323+00:00
2025-03-03,454.8,482.4,433.0,443.0,65723,443.0,2026-09-03T19:33:26.081323+00:00
2025-03-04,446.9,460.0,426.0,426.1,30995,426.1,2026-09-03T19:33:26.081323+00:00
2025-03-05,428.0,428.9,419.0,420.0,21539,420.0,2026-09-03T19:33:26.081323+00:00
2025-03-06,427.0,436.8,415.1,420.0,10553,420.0,2026-09-03T19:33:26.081323+00:00
2025-03-09,411.6,418.8,403.4,414.0,18182,414.0,2026-09-03T19:33:26.081323+00:00
2025-03-10,411.2,418.0,410.0,410.0,17969,410.0,2026-09-03T19:33:26.081323+00:00
2025-03-11,410.0,410.0,399.0,401.0,38526,401.0,2026-09-03T19:33:26.081323+00:00
2025-03-12,400.0,408.0,400.0,403.0,12115,403.0,2026-09-03T19:33:26.081323+00:00
2025-03-16,411.0,411.0,400.0,401.0,14602,401.0,2026-09-03T19:33:26.081323+00:00
2025-03-17,401.0,407.0,399.2,399.2,7839,399.2,2026-09-03T19:33:26.081323+00:00
2025-03-18,407.1,415.0,397.1,398.0,6239,398.0,2026-09-03T19:33:26.081323+00:00
2025-03-19,405.0,405.0,393.5,393.5,11152,393.5,2026-09-03T19:33:26.081323+00:00
2025-03-20,394.0,395.8,390.0,390.9,10938,390.9,2026-09-03T19:33:26.081323+00:00
2025-03-23,390.2,395.0,387.0,389.6,35496,389.6,2026-09-03T19:33:26.081323+00:00
2025-03-24,389.6,396.6,385.0,394.93,12720,394.93,2026-09-03T19:33:26.081323+00:00
2025-03-25,394.0,394.0,384.0,384.9,12260,384.9,2026-09-03T19:33:26.081323+00:00
2025-03-26,380.7,393.0,380.7,388.85,8759,388.85,2026-09-03T19:33:26.081323+00:00
2025-03-27,396.0,403.9,388.1,397.48,12868,397.48,2026-09-03T19:33:26.081323+00:00
2025-03-30,402.0,411.0,398.9,400.14,16858,400.14,2026-09-03T19:33:26.081323+00:00
2025-04-01,398.0,400.1,393.0,398.66,6311,398.66,2026-09-03T19:33:26.081323+00:00
2025-04-02,405.9,405.9,395.0,396.91,7197,396.91,2026-09-03T19:33:26.081323+00:00
2025-04-03,400.0,408.0,397.0,397.2,12342,397.2,2026-09-03T19:33:26.081323+00:00
2025-04-07,404.0,427.4,404.0,423.53,113778,423.53,2026-09-03T19:33:26.081323+00:00
2025-04-08,426.9,429.9,413.0,417.59,35133,417.59,2026-09-03T19:33:26.081323+00:00
2025-04-09,414.0,420.9,413.1,414.3,9214,414.3,2026-09-03T19:33:26.081323+00:00
2025-04-10,411.1,411.1,400.0,404.45,31444,404.45,2026-09-03T19:33:26.081323+00:00
2025-04-13,404.5,407.0,398.0,398.99,17532,398.99,2026-09-03T19:33:26.081323+00:00
2025-04-15,399.5,422.0,397.0,403.34,15310,403.34,2026-09-03T19:33:26.081323+00:00
2025-04-16,400.2,410.0,400.2,408.71,5608,408.71,2026-09-03T19:33:26.081323+00:00
2025-04-17,405.0,420.0,405.0,414.76,39000,414.76,2026-09-03T19:33:26.081323+00:00
2025-04-20,421.0,430.0,415.0,422.1,59789,422.1,2026-09-03T19:33:26.081323+00:00
2025-04-21,422.0,443.0,421.2,435.89,82501,435.89,2026-09-03T19:33:26.081323+00:00
2025-04-22,444.0,449.9,422.0,422.25,43651,422.25,2026-09-03T19:33:26.081323+00:00
2025-04-23,425.0,425.0,411.7,414.12,13900,414.12,2026-09-03T19:33:26.081323+00:00
2025-04-24,415.0,423.0,408.0,417.89,32576,417.89,2026-09-03T19:33:26.081323+00:00
2025-04-27,425.0,448.0,420.0,445.66,204846,445.66,2026-09-03T19:33:26.081323+00:00
2025-04-28,453.0,454.5,431.2,446.06,78291,446.06,2026-09-03T19:33:26.081323+00:00
2025-04-29,448.0,455.0,437.2,448.33,89018,448.33,2026-09-03T19:33:26.081323+00:00
2025-04-30,448.0,484.9,448.0,468.55,435271,468.55,2026-09-03T19:33:26.081323+00:00
2025-05-04,472.0,490.0,470.0,470.5,259500,470.5,2026-09-03T19:33:26.081323+00:00
2025-05-05,473.5,473.5,450.8,453.01,107305,453.01,2026-09-03T19:33:26.081323+00:00
2025-05-06,461.9,489.0,453.0,485.57,416234,485.57,2026-09-03T19:33:26.081323+00:00
2025-05-07,495.2,534.1,495.2,534.1,731242,534.1,2026-09-03T19:33:26.081323+00:00
2025-05-08,544.7,555.0,515.6,516.55,702392,516.55,2026-09-03T19:33:26.081323+00:00
2025-05-11,506.3,544.6,506.3,528.76,617339,528.76,2026-09-03T19:33:26.081323+00:00
2025-05-13,518.2,537.9,502.0,505.96,324004,505.96,2026-09-03T19:33:26.081323+00:00
2025-05-14,495.9,501.0,474.5,474.98,256529,474.98,2026-09-03T19:33:26.081323+00:00
2025-05-15,484.4,484.4,458.9,463.73,280997,463.73,2026-09-03T19:33:26.081323+00:00
2025-05-18,464.0,473.9,450.6,454.55,116849,454.55,2026-09-03T19:33:26.081323+00:00
2025-05-19,460.0,472.0,446.0,450.92,102426,450.92,2026-09-03T19:33:26.081323+00:00
2025-05-20,442.0,475.0,440.1,472.19,164473,472.19,2026-09-03T19:33:26.081323+00:00
2025-05-21,481.6,493.0,458.0,459.17,152501,459.17,2026-09-03T19:33:26.081323+00:00
2025-05-22,459.0,470.0,458.0,458.49,171894,458.49,2026-09-03T19:33:26.081323+00:00
2025-05-25,462.0,478.3,461.3,476.41,209549,476.41,2026-09-03T19:33:26.081323+00:00
2025-05-26,485.9,505.0,478.0,492.58,274540,492.58,2026-09-03T19:33:26.081323+00:00
2025-05-27,495.0,535.5,493.2,531.72,496595,531.72,2026-09-03T19:33:26.081323+00:00
2025-05-28,531.0,578.0,531.0,562.61,628541,562.61,2026-09-03T19:33:26.081323+00:00
2025-06-02,573.8,599.7,570.0,576.55,601705,576.55,2026-09-03T19:33:26.081323+00:00
2025-06-03,587.0,587.0,562.1,565.65,363113,565.65,2026-09-03T19:33:26.081323+00:00
2025-06-04,566.0,580.0,560.0,574.72,290099,574.72,2026-09-03T19:33:26.081323+00:00
2025-06-05,586.0,632.1,576.0,632.1,809251,632.1,2026-09-03T19:33:26.081323+00:00
2025-06-08,644.7,670.0,635.0,638.68,682280,638.68,2026-09-03T19:33:26.081323+00:00
2025-06-09,651.0,702.5,626.1,701.49,768909,701.49,2026-09-03T19:33:26.081323+00:00
2025-06-10,715.0,720.9,689.0,692.85,413490,692.85,2026-09-03T19:33:26.081323+00:00
2025-06-11,679.0,762.1,679.0,761.62,787977,761.62,2026-09-03T19:33:26.081323+00:00
2025-06-12,775.0,785.0,750.0,764.88,611041,764.88,2026-09-03T19:33:26.081323+00:00
2025-06-15,770.0,814.9,770.0,794.34,813065,794.34,2026-09-03T19:33:26.081323+00:00
2025-06-16,780.1,828.0,760.0,769.48,748795,769.48,2026-09-03T19:33:26.081323+00:00
2025-06-17,778.0,835.0,772.0,828.98,755603,828.98,2026-09-03T19:33:26.081323+00:00
2025-06-18,821.0,885.2,821.0,877.13,528656,877.13,2026-09-03T19:33:26.081323+00:00
2025-06-19,884.0,895.0,862.4,867.81,660189,867.81,2026-09-03T19:33:26.081323+00:00
2025-06-22,867.0,882.0,820.0,830.37,871023,830.37,2026-09-03T19:33:26.081323+00:00
2025-06-23,835.0,850.0,809.6,826.02,508683,826.02,2026-09-03T19:33:26.081323+00:00
2025-06-24,810.0,842.0,805.2,809.25,336469,809.25,2026-09-03T19:33:26.081323+00:00
2025-06-25,805.0,849.6,795.0,844.14,654290,844.14,2026-09-03T19:33:26.081323+00:00
2025-06-26,830.0,878.0,830.0,840.32,728605,840.32,2026-09-03T19:33:26.081323+00:00
2025-06-29,844.9,845.0,812.5,814.85,424047,814.85,2026-09-03T19:33:26.081323+00:00
2025-06-30,799.0,840.0,799.0,836.31,371641,836.31,2026-09-03T19:33:26.081323+00:00
2025-07-01,820.0,857.0,820.0,830.29,306973,830.29,2026-09-03T19:33:26.081323+00:00
2025-07-02,842.0,842.0,810.7,814.43,350115,814.43,2026-09-03T19:33:26.081323+00:00
2025-07-03,811.1,823.0,794.0,798.09,394598,798.09,2026-09-03T19:33:26.081323+00:00
2025-07-06,798.1,805.0,780.1,786.17,281935,786.17,2026-09-03T19:33:26.081323+00:00
2025-07-07,771.0,794.0,771.0,772.52,232078,772.52,2026-09-03T19:33:26.081323+00:00
2025-07-08,757.1,841.5,757.1,835.94,511773,835.94,2026-09-03T19:33:26.081323+00:00
2025-07-09,843.9,860.0,829.0,833.89,433535,833.89,2026-09-03T19:33:26.081323+00:00
2025-07-10,817.3,852.0,817.3,847.78,390361,847.78,2026-09-03T19:33:26.081323+00:00
2025-07-13,864.6,864.6,827.0,829.14,391106,829.14,2026-09-03T19:33:26.081323+00:00
2025-07-14,812.6,864.2,812.6,860.69,464681,860.69,2026-09-03T19:33:26.081323+00:00
2025-07-15,870.0,922.0,861.0,896.45,581609,896.45,2026-09-03T19:33:26.081323+00:00
2025-07-16,890.0,960.6,886.2,957.29,666414,957.29,2026-09-03T19:33:26.081323+00:00
2025-07-17,965.0,995.0,947.0,969.81,623288,969.81,2026-09-03T19:33:26.081323+00:00
2025-07-20,970.0,983.0,951.0,957.99,666775,957.99,2026-09-03T19:33:26.081323+00:00
2025-07-21,960.0,973.9,940.8,951.37,594489,951.37,2026-09-03T19:33:26.081323+00:00
2025-07-22,970.3,990.0,955.0,969.83,530534,969.83,2026-09-03T19:33:26.081323+00:00
2025-07-23,989.0,1008.6,952.0,991.25,629729,991.25,2026-09-03T19:33:26.081323+00:00
2025-07-24,995.0,1065.0,995.0,1033.28,455934,1033.28,2026-09-03T19:33:26.081323+00:00
2025-07-27,1013.0,1053.0,985.0,990.85,459326,990.85,2026-09-03T19:33:26.081323+00:00
2025-07-28,971.1,1008.0,971.1,976.24,308980,976.24,2026-09-03T19:33:26.081323+00:00
2025-07-29,990.0,1000.0,956.0,969.81,371429,969.81,2026-09-03T19:33:26.081323+00:00
2025-07-30,983.0,983.0,935.0,937.89,313010,937.89,2026-09-03T19:33:26.081323+00:00
2025-07-31,920.0,952.0,920.0,930.98,247702,930.98,2026-09-03T19:33:26.081323+00:00
2025-08-03,945.0,965.0,922.2,929.73,277614,929.73,2026-09-03T19:33:26.081323+00:00
2025-08-04,936.3,954.7,928.0,935.24,289095,935.24,2026-09-03T19:33:26.081323+00:00
2025-08-05,952.0,952.0,893.0,900.22,334414,900.22,2026-09-03T19:33:26.081323+00:00
2025-08-06,885.0,920.0,885.0,902.19,141629,902.19,2026-09-03T19:33:26.081323+00:00
2025-08-07,914.9,915.0,884.3,887.4,210491,887.4,2026-09-03T19:33:26.081323+00:00
2025-08-11,892.6,909.6,860.0,866.97,334911,866.97,2026-09-03T19:33:26.081323+00:00
2025-08-12,860.0,879.0,840.0,854.85,228766,854.85,2026-09-03T19:33:26.081323+00:00
2025-08-13,871.9,875.0,845.4,851.32,150344,851.32,2026-09-03T19:33:26.081323+00:00
2025-08-14,850.1,868.0,821.7,832.57,246820,832.57,2026-09-03T19:33:26.081323+00:00
2025-08-17,849.0,865.9,817.0,819.6,186015,819.6,2026-09-03T19:33:26.081323+00:00
2025-08-18,810.0,844.0,810.0,835.76,253547,835.76,2026-09-03T19:33:26.081323+00:00
2025-08-19,830.0,874.0,830.0,862.66,204032,862.66,2026-09-03T19:33:26.081323+00:00
2025-08-20,858.0,870.0,838.0,841.65,125874,841.65,2026-09-03T19:33:26.081323+00:00
2025-08-21,841.0,841.0,824.0,825.98,162373,825.98,2026-09-03T19:33:26.081323+00:00
2025-08-24,820.0,831.0,800.0,804.94,169085,804.94,2026-09-03T19:33:26.081323+00:00
2025-08-25,788.9,824.0,788.9,815.85,116787,815.85,2026-09-03T19:33:26.081323+00:00
2025-08-26,815.0,840.0,812.0,835.7,172377,835.7,2026-09-03T19:33:26.081323+00:00
2025-08-27,835.7,859.5,833.2,852.13,204568,852.13,2026-09-03T19:33:26.081323+00:00
2025-08-28,835.1,868.0,830.0,832.5,166350,832.5,2026-09-03T19:33:26.081323+00:00
2025-08-31,844.0,844.0,813.0,814.59,107610,814.59,2026-09-03T19:33:26.081323+00:00
2025-09-01,828.0,828.0,810.0,819.61,86935,819.61,2026-09-03T19:33:26.081323+00:00
2025-09-02,822.0,829.0,806.0,808.1,73161,808.1,2026-09-03T19:33:26.081323+00:00
2025-09-03,808.1,818.0,797.1,799.35,105950,799.35,2026-09-03T19:33:26.081323+00:00
2025-09-04,812.0,835.0,797.0,830.73,188515,830.73,2026-09-03T19:33:26.081323+00:00
2025-09-07,847.3,847.3,810.3,815.76,99921,815.76,2026-09-03T19:33:26.081323+00:00
2025-09-08,832.0,832.0,793.0,800.21,124839,800.21,2026-09-03T19:33:26.081323+00:00
2025-09-18,784.3,784.3,725.0,727.1,13203,727.1,2026-09-03T19:33:26.081323+00:00
2025-09-21,727.1,783.9,723.0,777.87,181085,777.87,2026-09-03T19:33:26.081323+00:00
2025-09-23,793.4,804.0,770.1,794.8,126602,794.8,2026-09-03T19:33:26.081323+00:00
2025-09-24,810.6,810.6,762.0,763.0,85067,763.0,2026-09-03T19:33:26.081323+00:00
2025-09-25,778.2,778.2,755.0,758.0,38823,758.0,2026-09-03T19:33:26.081323+00:00
2025-09-28,773.1,775.0,760.0,763.0,32520,763.0,2026-09-03T19:33:26.081323+00:00
2025-10-07,778.2,778.2,721.1,722.0,120205,722.0,2026-09-03T19:33:26.081323+00:00
2025-10-08,707.6,728.0,697.0,700.0,127998,700.0,2026-09-03T19:33:26.081323+00:00
2025-10-09,714.0,757.5,695.0,699.9,116488,699.9,2026-09-03T19:33:26.081323+00:00
2025-10-12,699.9,699.9,630.1,635.0,233100,635.0,2026-09-03T19:33:26.081323+00:00
2025-10-13,635.0,692.0,623.0,692.0,111568,692.0,2026-09-03T19:33:26.081323+00:00
2025-10-14,700.0,700.0,662.2,668.0,89112,668.0,2026-09-03T19:33:26.081323+00:00
2025-10-15,674.0,689.0,653.0,674.0,137298,674.0,2026-09-03T19:33:26.081323+00:00
2025-10-16,687.4,687.4,656.0,660.0,98102,660.0,2026-09-03T19:33:26.081323+00:00
2025-10-19,660.0,686.0,648.0,663.0,55757,663.0,2026-09-03T19:33:26.081323+00:00
2025-10-26,676.2,676.2,648.0,671.9,44051,671.9,2026-09-03T19:33:26.081323+00:00
2025-10-28,665.1,739.0,665.1,739.0,270992,739.0,2026-09-03T19:33:26.081323+00:00
2025-10-29,749.0,769.0,735.0,737.0,303178,737.0,2026-09-03T19:33:26.081323+00:00
2025-10-30,751.7,795.0,724.3,779.0,262538,779.0,2026-09-03T19:33:26.081323+00:00
2025-11-02,779.0,795.0,765.1,776.0,326140,776.0,2026-09-03T19:33:26.081323+00:00
2025-11-03,780.0,787.5,756.0,775.0,130668,775.0,2026-09-03T19:33:26.081323+00:00
2025-11-04,790.5,790.5,751.1,754.2,165109,754.2,2026-09-03T19:33:26.081323+00:00
2025-11-05,769.2,780.0,743.0,775.0,121049,775.0,2026-09-03T19:33:26.081323+00:00
2025-11-06,790.5,790.5,751.0,762.0,228775,762.0,2026-09-03T19:33:26.081323+00:00
2025-11-09,762.0,769.0,730.1,736.0,184087,736.0,2026-09-03T19:33:26.081323+00:00
2025-11-10,736.0,747.6,719.1,737.0,106665,737.0,2026-09-03T19:33:26.081323+00:00
2025-11-11,751.7,751.7,721.0,725.0,51279,725.0,2026-09-03T19:33:26.081323+00:00
2025-11-12,739.5,739.5,700.0,705.0,110673,705.0,2026-09-03T19:33:26.081323+00:00
2025-11-13,691.0,715.0,691.0,701.0,107021,701.0,2026-09-03T19:33:26.081323+00:00
2025-11-16,701.0,713.0,697.0,712.7,49411,712.7,2026-09-03T19:33:26.081323+00:00
2025-11-17,726.9,741.5,706.5,737.0,154072,737.0,2026-09-03T19:33:26.081323+00:00
2025-11-18,740.0,755.0,730.0,731.0,122730,731.0,2026-09-03T19:33:26.081323+00:00
2025-11-19,716.4,743.0,715.2,719.7,80104,719.7,2026-09-03T19:33:26.081323+00:00
2025-11-20,719.7,726.9,713.0,716.5,99693,716.5,2026-09-03T19:33:26.081323+00:00
2025-11-23,725.0,739.0,725.0,735.0,95813,735.0,2026-09-03T19:33:26.081323+00:00
2025-11-24,749.7,750.1,721.0,738.0,114242,738.0,2026-09-03T19:33:26.081323+00:00
2025-11-25,738.0,760.0,734.0,745.0,94283,745.0,2026-09-03T19:33:26.081323+00:00
2025-11-26,759.9,759.9,730.0,735.1,77321,735.1,2026-09-03T19:33:26.081323+00:00
2025-11-27,730.6,747.0,725.4,727.0,52545,727.0,2026-09-03T19:33:26.081323+00:00
2025-11-30,712.5,739.5,712.5,720.4,94847,720.4,2026-09-03T19:33:26.081323+00:00
2025-12-01,721.3,729.8,715.0,715.0,53031,715.0,2026-09-03T19:33:26.081323+00:00
2025-12-02,701.0,726.0,701.0,715.0,54441,715.0,2026-09-03T19:33:26.081323+00:00
2025-12-03,729.0,729.0,710.0,718.0,99098,718.0,2026-09-03T19:33:26.081323+00:00
2025-12-07,704.0,716.0,704.0,706.5,53453,706.5,2026-09-03T19:33:26.081323+00:00
2025-12-08,693.0,716.0,693.0,704.0,60693,704.0,2026-09-03T19:33:26.081323+00:00
2025-12-09,712.0,719.9,702.0,713.0,75455,713.0,2026-09-03T19:33:26.081323+00:00
2025-12-10,715.0,722.0,710.0,714.0,70843,714.0,2026-09-03T19:33:26.081323+00:00
2025-12-11,700.0,727.0,700.0,706.7,70379,706.7,2026-09-03T19:33:26.081323+00:00
2025-12-14,692.6,714.0,692.6,705.0,100400,705.0,2026-09-03T19:33:26.081323+00:00
2025-12-15,703.0,710.0,697.0,703.1,68709,703.1,2026-09-03T19:33:26.081323+00:00
2025-12-16,705.0,719.0,705.0,713.0,50531,713.0,2026-09-03T19:33:26.081323+00:00
2025-12-17,699.0,725.0,699.0,719.3,114484,719.3,2026-09-03T19:33:26.081323+00:00
2025-12-18,705.0,739.0,705.0,733.0,220396,733.0,2026-09-03T19:33:26.081323+00:00
2025-12-21,747.0,747.0,711.2,715.8,91853,715.8,2026-09-03T19:33:26.081323+00:00
2025-12-22,707.0,714.0,705.0,710.0,61921,710.0,2026-09-03T19:33:26.081323+00:00
2025-12-23,706.0,713.0,705.0,706.1,44561,706.1,2026-09-03T19:33:26.081323+00:00
2025-12-24,706.1,720.1,705.0,714.0,53202,714.0,2026-09-03T19:33:26.081323+00:00
2025-12-28,716.0,739.9,713.0,736.0,161723,736.0,2026-09-03T19:33:26.081323+00:00
2025-12-29,737.0,742.0,724.0,727.0,126728,727.0,2026-09-03T19:33:26.081323+00:00
2025-12-31,740.0,741.9,724.0,741.9,147872,741.9,2026-09-03T19:33:26.081323+00:00
2026-01-01,727.1,755.0,727.1,745.1,164149,745.1,2026-09-03T19:33:26.081323+00:00
2026-01-04,740.0,748.0,725.5,729.7,83307,729.7,2026-09-03T19:33:26.081323+00:00
2026-01-05,730.0,745.0,726.8,745.0,88085,745.0,2026-09-03T19:33:26.081323+00:00
2026-01-06,730.2,780.2,730.2,770.0,307299,770.0,2026-09-03T19:33:26.081323+00:00
2026-01-07,755.0,777.0,752.1,756.9,163605,756.9,2026-09-03T19:33:26.081323+00:00
2026-01-08,752.0,765.0,746.9,764.0,116648,764.0,2026-09-03T19:33:26.081323+00:00
2026-01-12,764.0,777.7,756.3,758.0,215721,758.0,2026-09-03T19:33:26.081323+00:00
2026-01-13,745.0,795.0,745.0,785.0,359095,785.0,2026-09-03T19:33:26.081323+00:00
2026-01-14,770.0,814.0,770.0,786.0,233851,786.0,2026-09-03T19:33:26.081323+00:00
2026-01-18,787.0,800.0,775.1,777.0,198894,777.0,2026-09-03T19:33:26.081323+00:00
2026-01-20,762.0,800.7,762.0,798.0,304872,798.0,2026-09-03T19:33:26.081323+00:00
2026-01-21,798.0,819.0,798.0,806.0,322054,806.0,2026-09-03T19:33:26.081323+00:00
2026-01-22,790.0,814.5,790.0,795.0,187348,795.0,2026-09-03T19:33:26.081323+00:00
2026-01-25,780.0,805.9,780.0,790.0,237903,790.0,2026-09-03T19:33:26.081323+00:00
2026-01-26,774.2,800.0,774.2,776.0,224746,776.0,2026-09-03T19:33:26.081323+00:00
2026-01-27,776.0,803.8,769.0,770.0,314177,770.0,2026-09-03T19:33:26.081323+00:00
2026-01-28,755.0,795.0,755.0,773.0,179013,773.0,2026-09-03T19:33:26.081323+00:00
2026-01-29,788.0,800.0,773.2,781.8,209261,781.8,2026-09-03T19:33:26.081323+00:00
2026-02-01,785.0,789.0,753.2,754.0,89361,754.0,2026-09-03T19:33:26.081323+00:00
2026-02-02,750.0,769.8,741.2,744.0,157136,744.0,2026-09-03T19:33:26.081323+00:00
2026-02-03,729.3,753.0,729.3,739.0,85262,739.0,2026-09-03T19:33:26.081323+00:00
2026-02-04,724.3,771.0,724.3,740.0,67863,740.0,2026-09-03T19:33:26.081323+00:00
2026-02-05,750.0,774.9,740.3,755.0,109073,755.0,2026-09-03T19:33:26.081323+00:00
2026-02-08,770.1,770.1,741.0,743.0,70700,743.0,2026-09-03T19:33:26.081323+00:00
2026-02-09,757.8,757.8,725.1,727.0,119501,727.0,2026-09-03T19:33:26.081323+00:00
2026-02-10,738.0,738.0,715.0,716.0,80498,716.0,2026-09-03T19:33:26.081323+00:00
2026-02-11,702.0,730.0,702.0,721.9,55802,721.9,2026-09-03T19:33:26.081323+00:00
2026-02-12,736.3,736.3,708.6,713.0,97346,713.0,2026-09-03T19:33:26.081323+00:00
2026-02-16,727.2,727.2,705.0,706.2,51352,706.2,2026-09-03T19:33:26.081323+00:00
2026-02-17,692.2,718.0,692.2,711.0,81908,711.0,2026-09-03T19:33:26.081323+00:00
2026-02-22,725.2,725.2,695.0,695.0,56200,695.0,2026-09-03T19:33:26.081323+00:00
2026-02-23,708.9,708.9,696.0,699.0,49306,699.0,2026-09-03T19:33:26.081323+00:00
2026-02-24,695.0,723.0,695.0,704.9,35037,704.9,2026-09-03T19:33:26.081323+00:00
2026-02-25,700.0,717.0,700.0,710.0,51706,710.0,2026-09-03T19:33:26.081323+00:00
2026-02-26,695.9,749.0,682.0,713.0,108908,713.0,2026-09-03T19:33:26.081323+00:00
2026-03-01,699.0,718.0,699.0,715.0,33235,715.0,2026-09-03T19:33:26.081323+00:00
2026-03-03,700.9,734.0,700.9,733.0,68318,733.0,2026-09-03T19:33:26.081323+00:00
2026-03-09,747.6,800.0,747.6,800.0,3815,800.0,2026-09-03T19:33:26.081323+00:00
2026-03-10,800.0,800.0,750.0,769.0,218668,769.0,2026-09-03T19:33:26.081323+00:00
2026-03-11,784.3,784.3,740.0,755.0,89857,755.0,2026-09-03T19:33:26.081323+00:00
2026-03-12,752.9,756.0,737.8,743.9,72684,743.9,2026-09-03T19:33:26.081323+00:00
2026-03-15,730.0,755.0,730.0,738.0,91758,738.0,2026-09-03T19:33:26.081323+00:00
2026-03-16,752.7,752.7,725.0,727.0,110189,727.0,2026-09-03T19:33:26.081323+00:00
2026-03-17,741.5,741.5,715.0,726.0,69063,726.0,2026-09-03T19:33:26.081323+00:00
2026-03-19,711.5,774.1,711.5,752.0,161981,752.0,2026-09-03T19:33:26.081323+00:00
2026-03-22,767.0,767.0,742.0,749.9,64906,749.9,2026-09-03T19:33:26.081323+00:00
2026-03-23,764.8,764.8,735.1,746.5,81870,746.5,2026-09-03T19:33:26.081323+00:00
2026-03-24,761.4,761.4,737.0,752.8,136394,752.8,2026-09-03T19:33:26.081323+00:00
2026-03-25,753.0,760.0,746.1,750.0,70784,750.0,2026-09-03T19:33:26.081323+00:00
2026-03-26,742.0,750.0,740.0,750.0,59681,750.0,2026-09-03T19:33:26.081323+00:00
2026-03-29,750.0,758.9,726.0,729.0,135155,729.0,2026-09-03T19:33:26.081323+00:00
2026-03-30,714.5,736.9,714.5,716.5,81759,716.5,2026-09-03T19:33:26.081323+00:00
2026-03-31,720.0,725.0,705.6,718.0,47456,718.0,2026-09-03T19:33:26.081323+00:00
2026-04-01,704.0,718.0,680.0,698.7,123208,698.7,2026-09-03T19:33:26.081323+00:00
2026-04-02,685.0,704.9,681.2,690.0,108201,690.0,2026-09-03T19:33:26.081323+00:00
2026-04-05,689.0,690.0,655.0,664.0,163042,664.0,2026-09-03T19:33:26.081323+00:00
2026-04-06,676.0,700.0,659.1,700.0,72344,700.0,2026-09-03T19:33:26.081323+00:00
2026-04-07,703.0,707.9,691.0,699.0,61630,699.0,2026-09-03T19:33:26.081323+00:00
2026-04-08,701.0,710.0,699.0,702.0,33759,702.0,2026-09-03T19:33:26.081323+00:00
2026-04-09,705.0,717.0,700.0,715.0,41647,715.0,2026-09-03T19:33:26.081323+00:00
2026-04-10,715.0,725.0,705.4,723.0,68641,723.0,2026-09-03T19:33:26.081323+00:00
2026-04-13,737.4,737.4,710.2,714.9,25403,714.9,2026-09-03T19:33:26.081323+00:00
2026-04-15,729.0,729.0,710.9,711.0,56657,711.0,2026-09-03T19:33:26.081323+00:00
2026-04-16,697.0,711.0,691.0,696.0,46817,696.0,2026-09-03T19:33:26.081323+00:00
2026-04-17,683.0,709.8,683.0,697.0,22921,697.0,2026-09-03T19:33:26.081323+00:00
2026-04-20,731.8,731.8,690.3,697.9,25428,697.9,2026-09-03T19:33:26.081323+00:00
2026-04-21,732.7,732.7,687.0,697.0,26704,697.0,2026-09-03T19:33:26.081323+00:00
2026-04-22,683.0,702.0,680.0,697.0,35822,697.0,2026-09-03T19:33:26.081323+00:00
2026-04-23,698.0,698.0,681.1,690.0,20341,690.0,2026-09-03T19:33:26.081323+00:00
2026-04-24,695.0,695.0,675.0,682.0,32946,682.0,2026-09-03T19:33:26.081323+00:00
2026-04-27,682.0,694.8,678.0,679.0,10000,679.0,2026-09-03T19:33:26.081323+00:00
2026-04-28,712.9,712.9,670.1,675.0,16498,675.0,2026-09-03T19:33:26.081323+00:00
2026-04-29,675.0,684.0,662.0,667.0,19271,667.0,2026-09-03T19:33:26.081323+00:00
2026-04-30,665.0,675.0,655.0,668.0,18662,668.0,2026-09-03T19:33:26.081323+00:00
2026-05-04,660.0,687.0,660.0,664.8,30420,664.8,2026-09-03T19:33:26.081323+00:00
2026-05-05,631.6,674.0,631.6,661.0,15646,661.0,2026-09-03T19:33:26.081323+00:00
2026-05-06,694.0,694.0,650.0,657.9,46658,657.9,2026-09-03T19:33:26.081323+00:00
2026-05-07,689.1,689.1,656.0,656.2,11942,656.2,2026-09-03T19:33:26.081323+00:00
2026-05-08,689.0,689.0,655.1,670.0,7738,670.0,2026-09-03T19:33:26.081323+00:00
2026-05-11,670.0,684.0,662.0,684.0,27883,684.0,2026-09-03T19:33:26.081323+00:00
2026-05-12,718.2,718.2,665.1,668.0,48243,668.0,2026-09-03T19:33:26.081323+00:00
2026-05-13,661.0,670.0,661.0,663.1,21164,663.1,2026-09-03T19:33:26.081323+00:00
2026-05-14,665.0,678.9,660.0,677.5,28549,677.5,2026-09-03T19:33:26.081323+00:00
2026-05-15,711.0,711.0,670.2,695.9,59629,695.9,2026-09-03T19:33:26.081323+00:00
2026-05-18,730.0,730.0,686.0,709.0,76071,709.0,2026-09-03T19:33:26.081323+00:00
2026-05-19,710.0,710.9,691.3,699.4,35095,699.4,2026-09-03T19:33:26.081323+00:00
2026-05-20,734.3,734.3,691.2,705.0,77861,705.0,2026-09-03T19:33:26.081323+00:00
2026-05-21,740.2,740.2,690.1,701.8,78436,701.8,2026-09-03T19:33:26.081323+00:00
2026-05-22,695.1,705.0,695.1,699.0,44960,699.0,2026-09-03T19:33:26.081323+00:00
2026-05-25,699.0,709.0,680.0,704.0,58233,704.0,2026-09-03T19:33:26.081323+00:00
2026-05-26,704.0,708.0,693.0,697.0,22562,697.0,2026-09-03T19:33:26.081323+00:00
2026-05-27,731.0,731.0,692.0,696.9,27370,696.9,2026-09-03T19:33:26.081323+00:00
2026-06-01,700.0,700.0,671.4,681.9,23940,681.9,2026-09-03T19:33:26.081323+00:00
2026-06-02,685.0,692.0,682.0,688.8,20980,688.8,2026-09-03T19:33:26.081323+00:00
2026-06-03,680.0,700.0,678.9,690.0,17813,690.0,2026-09-03T19:33:26.081323+00:00
2026-06-04,697.0,697.0,684.0,688.9,14555,688.9,2026-09-03T19:33:26.081323+00:00
2026-06-05,696.0,696.0,679.8,679.9,14756,679.9,2026-09-03T19:33:26.081323+00:00
2026-06-08,680.0,693.0,676.0,679.0,9447,679.0,2026-09-03T19:33:26.081323+00:00
2026-06-09,710.9,710.9,670.0,674.1,20640,674.1,2026-09-03T19:33:26.081323+00:00
2026-06-10,675.0,686.0,675.0,676.0,22161,676.0,2026-09-03T19:33:26.081323+00:00
2026-06-11,676.0,695.0,676.0,681.1,37655,681.1,2026-09-03T19:33:26.081323+00:00
2026-06-12,709.9,709.9,668.6,679.9,23427,679.9,2026-09-03T19:33:26.081323+00:00
2026-06-15,680.0,682.0,670.3,679.5,14092,679.5,2026-09-03T19:33:26.081323+00:00
2026-06-16,646.0,681.9,646.0,680.0,33643,680.0,2026-09-03T19:33:26.081323+00:00
2026-06-17,646.0,698.0,646.0,677.0,7929,677.0,2026-09-03T19:33:26.081323+00:00
2026-06-18,650.0,679.0,650.0,671.0,25745,671.0,2026-09-03T19:33:26.081323+00:00
2026-06-19,704.5,704.5,667.1,670.0,10718,670.0,2026-09-03T19:33:26.081323+00:00
2026-06-22,666.3,684.9,666.3,671.0,9452,671.0,2026-09-03T19:33:26.081323+00:00
2026-06-23,675.0,675.0,660.0,666.0,14215,666.0,2026-09-03T19:33:26.081323+00:00
2026-06-24,666.0,666.0,640.0,657.0,32236,657.0,2026-09-03T19:33:26.081323+00:00
2026-06-25,642.0,659.0,642.0,650.0,15523,650.0,2026-09-03T19:33:26.081323+00:00
2026-06-26,617.5,670.0,617.5,654.9,44676,654.9,2026-09-03T19:33:26.081323+00:00
2026-06-29,654.9,654.9,642.0,642.0,33936,642.0,2026-09-03T19:33:26.081323+00:00
2026-06-30,649.0,649.0,636.0,636.0,16893,636.0,2026-09-03T19:33:26.081323+00:00
2026-07-01,637.0,650.8,637.0,642.6,35359,642.6,2026-09-03T19:33:26.081323+00:00
2026-07-02,674.7,674.7,645.0,659.9,15303,659.9,2026-09-03T19:33:26.081323+00:00
2026-07-03,692.8,692.8,646.4,665.0,18917,665.0,2026-09-03T19:33:26.081323+00:00
2026-07-06,652.0,665.4,647.7,648.0,31858,648.0,2026-09-03T19:33:26.081323+00:00
2026-07-07,648.0,656.0,641.0,653.9,9422,653.9,2026-09-03T19:33:26.081323+00:00
2026-07-08,650.0,652.0,641.0,646.9,20052,646.9,2026-09-03T19:33:26.081323+00:00
2026-07-09,641.0,650.0,640.1,650.0,12759,650.0,2026-09-03T19:33:26.081323+00:00
2026-07-10,653.0,658.0,636.0,650.0,19571,650.0,2026-09-03T19:33:26.081323+00:00
2026-07-13,650.0,650.0,631.0,647.9,29331,647.9,2026-09-03T19:33:26.081323+00:00
2026-07-14,680.0,680.0,638.0,638.0,27855,638.0,2026-09-03T19:33:26.081323+00:00
2026-07-15,649.0,650.0,640.3,643.0,12870,643.0,2026-09-03T19:33:26.081323+00:00
2026-07-16,612.0,668.0,612.0,668.0,37996,668.0,2026-09-03T19:33:26.081323+00:00
2026-07-17,650.0,674.9,650.0,671.0,31635,671.0,2026-09-03T19:33:26.081323+00:00
2026-07-20,679.8,680.0,669.0,675.0,43844,675.0,2026-09-03T19:33:26.081323+00:00
2026-07-21,663.0,689.9,659.8,673.0,41027,673.0,2026-09-03T19:33:26.081323+00:00
2026-07-22,640.0,677.9,640.0,671.8,24712,671.8,2026-09-03T19:33:26.081323+00:00
2026-07-23,705.3,705.3,656.0,670.9,19529,670.9,2026-09-03T19:33:26.081323+00:00
2026-07-24,660.2,674.0,660.0,665.0,34471,665.0,2026-09-03T19:33:26.081323+00:00
2026-07-27,645.1,677.0,645.1,665.0,17921,665.0,2026-09-03T19:33:26.081323+00:00
2026-07-28,665.0,666.9,655.6,660.0,9502,660.0,2026-09-03T19:33:26.081323+00:00
2026-07-29,660.0,661.0,650.2,660.0,22240,660.0,2026-09-03T19:33:26.081323+00:00
2026-07-30,693.0,693.0,645.0,650.0,22963,650.0,2026-09-03T19:33:26.081323+00:00
2026-07-31,645.0,658.0,640.1,655.5,20139,655.5,2026-09-03T19:33:26.081323+00:00
2026-08-03,636.1,658.0,636.1,656.5,12784,656.5,2026-09-03T19:33:26.081323+00:00
2026-08-04,659.0,659.0,645.0,645.0,19339,645.0,2026-09-03T19:33:26.081323+00:00
2026-08-05,647.1,658.0,645.0,654.0,14494,654.0,2026-09-03T19:33:26.081323+00:00
2026-08-06,645.0,658.0,644.0,653.0,31224,653.0,2026-09-03T19:33:26.081323+00:00
2026-08-07,648.0,651.5,646.0,650.0,3243,650.0,2026-09-03T19:33:26.081323+00:00
2026-08-10,650.0,650.0,638.0,649.8,17280,649.8,2026-09-03T19:33:26.081323+00:00
2026-08-11,650.0,651.0,642.0,647.0,9518,647.0,2026-09-03T19:33:26.081323+00:00
2026-08-12,653.0,706.4,643.0,655.0,22253,655.0,2026-09-03T19:33:26.081323+00:00
2026-08-13,645.0,657.0,642.0,649.0,14205,649.0,2026-09-03T19:33:26.081323+00:00
2026-08-14,650.1,650.1,640.0,644.9,9810,644.9,2026-09-03T19:33:26.081323+00:00
2026-08-17,645.0,645.0,640.0,644.0,13609,644.0,2026-09-03T19:33:26.081323+00:00
2026-08-18,644.0,644.0,638.0,638.0,7966,638.0,2026-09-03T19:33:26.081323+00:00
2026-08-19,640.0,643.6,635.1,641.0,4318,641.0,2026-09-03T19:33:26.081323+00:00
2026-08-20,640.0,655.0,635.3,655.0,18405,655.0,2026-09-03T19:33:26.081323+00:00
2026-08-21,655.0,668.0,648.0,660.0,86126,660.0,2026-09-03T19:33:26.081323+00:00
2026-08-24,648.0,666.9,648.0,659.8,31735,659.8,2026-09-03T19:33:26.081323+00:00
2026-08-25,657.0,660.0,649.0,653.0,15893,653.0,2026-09-03T19:33:26.081323+00:00
2026-08-26,649.0,653.0,637.0,640.0,19420,640.0,2026-09-03T19:33:26.081323+00:00
2026-08-27,630.0,644.0,628.0,640.0,8262,640.0,2026-09-03T19:33:26.081323+00:00
2026-08-31,635.0,636.0,626.2,627.0,20854,627.0,2026-09-03T19:33:26.081323+00:00
2026-09-01,625.5,640.0,625.5,640.0,7413,640.0,2026-09-03T19:33:26.081323+00:00
2026-09-02,637.0,644.0,634.6,644.0,8745,644.0,2026-09-03T19:33:26.081323+00:00
2026-09-03,644.0,644.9,628.0,633.6,5079,633.6,2026-09-03T19:33:26.081323+00:00
