date,open,high,low,close,volume,adj_close,fetched_at
2021-02-07,161.0,164.0,161.0,164.0,30,164.0,2026-09-03T19:35:26.069617+00:00
2021-02-08,159.0,173.0,159.0,173.0,50,173.0,2026-09-03T19:35:26.069617+00:00
2021-02-09,168.0,176.0,168.0,176.0,30,176.0,2026-09-03T19:35:26.069617+00:00
2021-02-10,179.0,179.0,179.0,179.0,20,179.0,2026-09-03T19:35:26.069617+00:00
2021-02-11,182.0,188.0,182.0,188.0,30,188.0,2026-09-03T19:35:26.069617+00:00
2021-02-14,191.0,194.0,191.0,194.0,20,194.0,2026-09-03T19:35:26.069617+00:00
2021-02-15,197.0,200.0,197.0,200.0,20,200.0,2026-09-03T19:35:26.069617+00:00
2021-02-16,204.0,220.0,204.0,220.0,100,220.0,2026-09-03T19:35:26.069617+00:00
2021-02-17,217.0,225.0,217.0,225.0,65,225.0,2026-09-03T19:35:26.069617+00:00
2021-02-18,229.0,245.0,229.0,245.0,50,245.0,2026-09-03T19:35:26.069617+00:00
2021-02-21,249.0,269.0,249.0,269.0,120,269.0,2026-09-03T19:35:26.069617+00:00
2021-02-22,280.0,295.0,280.0,295.0,50,295.0,2026-09-03T19:35:26.069617+00:00
2021-02-23,300.0,312.0,300.0,312.0,50,312.0,2026-09-03T19:35:26.069617+00:00
2021-02-24,297.0,343.0,295.0,343.0,190,343.0,2026-09-03T19:35:26.069617+00:00
2021-02-25,337.0,377.0,337.0,377.0,185,377.0,2026-09-03T19:35:26.069617+00:00
2021-02-28,395.0,414.0,395.0,414.0,150,414.0,2026-09-03T19:35:26.069617+00:00
2021-03-01,422.0,455.0,422.0,455.0,161,455.0,2026-09-03T19:35:26.069617+00:00
2021-03-02,459.0,500.0,459.0,500.0,205,500.0,2026-09-03T19:35:26.069617+00:00
2021-03-03,525.0,550.0,525.0,550.0,531,550.0,2026-09-03T19:35:26.069617+00:00
2021-03-04,577.0,605.0,577.0,605.0,716,605.0,2026-09-03T19:35:26.069617+00:00
2021-03-07,635.0,665.0,635.0,665.0,910,665.0,2026-09-03T19:35:26.069617+00:00
2021-03-09,698.0,731.0,698.0,731.0,1629,731.0,2026-09-03T19:35:26.069617+00:00
2021-03-10,767.0,804.0,767.0,804.0,2130,804.0,2026-09-03T19:35:26.069617+00:00
2021-03-14,844.0,884.0,844.0,884.0,3840,884.0,2026-09-03T19:35:26.069617+00:00
2021-03-15,928.0,972.0,928.0,972.0,4377,972.0,2026-09-03T19:35:26.069617+00:00
2021-03-16,1020.0,1069.0,1020.0,1069.0,7206,1069.0,2026-09-03T19:35:26.069617+00:00
2021-03-17,1122.0,1175.0,1122.0,1175.0,5090,1175.0,2026-09-03T19:35:26.069617+00:00
2021-03-18,1233.0,1292.0,1233.0,1292.0,7276,1292.0,2026-09-03T19:35:26.069617+00:00
2021-03-21,1356.0,1421.0,1356.0,1421.0,10784,1421.0,2026-09-03T19:35:26.069617+00:00
2021-03-22,1492.0,1563.0,1492.0,1563.0,17549,1563.0,2026-09-03T19:35:26.069617+00:00
2021-03-23,1641.0,1719.0,1641.0,1719.0,19797,1719.0,2026-09-03T19:35:26.069617+00:00
2021-03-24,1804.0,1890.0,1804.0,1890.0,17362,1890.0,2026-09-03T19:35:26.069617+00:00
2021-03-25,1984.0,2079.0,1984.0,2079.0,30820,2079.0,2026-09-03T19:35:26.069617+00:00
2021-03-29,2182.0,2286.0,1872.0,1930.0,183623,1930.0,2026-09-03T19:35:26.069617+00:00
2021-03-30,1900.0,2079.0,1850.0,2050.0,84925,2050.0,2026-09-03T19:35:26.069617+00:00
2021-03-31,2060.0,2170.0,2050.0,2120.0,31955,2120.0,2026-09-03T19:35:26.069617+00:00
2021-04-01,2120.0,2120.0,2037.0,2050.0,34884,2050.0,2026-09-03T19:35:26.069617+00:00
2021-04-04,2100.0,2100.0,1980.0,2009.0,45782,2009.0,2026-09-03T19:35:26.069617+00:00
2021-04-05,2009.0,2185.0,1980.0,2131.0,72510,2131.0,2026-09-03T19:35:26.069617+00:00
2021-04-06,2237.0,2344.0,2108.0,2344.0,56311,2344.0,2026-09-03T19:35:26.069617+00:00
2021-04-07,2461.0,2578.0,2355.0,2578.0,58262,2578.0,2026-09-03T19:35:26.069617+00:00
2021-04-08,2578.0,2800.0,2500.0,2625.0,84315,2625.0,2026-09-03T19:35:26.069617+00:00
2021-04-12,2675.0,2675.0,2532.0,2552.0,55263,2552.0,2026-09-03T19:35:26.069617+00:00
2021-04-13,2550.0,2560.0,2485.0,2485.0,43878,2485.0,2026-09-03T19:35:26.069617+00:00
2021-04-15,2450.0,2550.0,2405.0,2490.0,33584,2490.0,2026-09-03T19:35:26.069617+00:00
2021-04-18,2490.0,2520.0,2409.0,2409.0,38573,2409.0,2026-09-03T19:35:26.069617+00:00
2021-04-19,2300.0,2329.0,2169.0,2180.0,98372,2180.0,2026-09-03T19:35:26.069617+00:00
2021-04-20,2071.0,2240.0,2071.0,2197.0,34463,2197.0,2026-09-03T19:35:26.069617+00:00
2021-04-21,2196.0,2280.0,2160.0,2185.0,16027,2185.0,2026-09-03T19:35:26.069617+00:00
2021-04-22,2200.0,2228.0,2122.0,2135.0,17055,2135.0,2026-09-03T19:35:26.069617+00:00
2021-04-25,2093.0,2093.0,1941.0,1955.0,54284,1955.0,2026-09-03T19:35:26.069617+00:00
2021-04-26,1936.0,2019.0,1890.0,1924.0,32988,1924.0,2026-09-03T19:35:26.069617+00:00
2021-04-27,1924.0,1969.0,1896.0,1950.0,16883,1950.0,2026-09-03T19:35:26.069617+00:00
2021-04-28,1960.0,1990.0,1911.0,1927.0,13540,1927.0,2026-09-03T19:35:26.069617+00:00
2021-04-29,1927.0,1943.0,1894.0,1902.0,19104,1902.0,2026-09-03T19:35:26.069617+00:00
2021-05-02,1893.0,2066.0,1824.0,1986.0,48659,1986.0,2026-09-03T19:35:26.069617+00:00
2021-05-03,1900.0,2050.0,1900.0,1969.0,19189,1969.0,2026-09-03T19:35:26.069617+00:00
2021-05-04,1950.0,2000.0,1920.0,1930.0,17048,1930.0,2026-09-03T19:35:26.069617+00:00
2021-05-05,1911.0,1949.0,1898.0,1898.0,17812,1898.0,2026-09-03T19:35:26.069617+00:00
2021-05-06,1804.0,1930.0,1804.0,1871.0,17620,1871.0,2026-09-03T19:35:26.069617+00:00
2021-05-09,1851.0,1869.0,1825.0,1830.0,19029,1830.0,2026-09-03T19:35:26.069617+00:00
2021-05-10,1803.0,1872.0,1800.0,1845.0,14311,1845.0,2026-09-03T19:35:26.069617+00:00
2021-05-11,1856.0,1879.0,1832.0,1859.0,9113,1859.0,2026-09-03T19:35:26.069617+00:00
2021-05-12,1859.0,1860.0,1840.0,1850.0,6492,1850.0,2026-09-03T19:35:26.069617+00:00
2021-05-13,1836.0,1850.0,1819.0,1820.0,18252,1820.0,2026-09-03T19:35:26.069617+00:00
2021-05-16,1820.0,1850.0,1801.0,1838.0,18197,1838.0,2026-09-03T19:35:26.069617+00:00
2021-05-17,1838.0,1856.0,1820.0,1825.0,7849,1825.0,2026-09-03T19:35:26.069617+00:00
2021-05-18,1850.0,1949.0,1819.0,1885.0,21722,1885.0,2026-09-03T19:35:26.069617+00:00
2021-05-19,1855.0,1900.0,1845.0,1848.0,9015,1848.0,2026-09-03T19:35:26.069617+00:00
2021-05-20,1830.0,1850.0,1814.0,1820.0,14733,1820.0,2026-09-03T19:35:26.069617+00:00
2021-05-23,1800.0,1848.0,1795.0,1845.0,16148,1845.0,2026-09-03T19:35:26.069617+00:00
2021-05-24,1823.0,1850.0,1822.0,1831.0,16326,1831.0,2026-09-03T19:35:26.069617+00:00
2021-05-25,1835.0,1849.0,1812.0,1816.0,11045,1816.0,2026-09-03T19:35:26.069617+00:00
2021-05-27,1816.0,1819.0,1790.0,1795.0,16765,1795.0,2026-09-03T19:35:26.069617+00:00
2021-05-30,1815.0,1820.0,1765.0,1778.0,24258,1778.0,2026-09-03T19:35:26.069617+00:00
2021-05-31,1771.0,1800.0,1748.0,1749.0,26427,1749.0,2026-09-03T19:35:26.069617+00:00
2021-06-01,1740.0,1750.0,1700.0,1709.0,21442,1709.0,2026-09-03T19:35:26.069617+00:00
2021-06-02,1742.0,1847.0,1685.0,1771.0,22971,1771.0,2026-09-03T19:35:26.069617+00:00
2021-06-03,1800.0,1907.0,1772.0,1855.0,41121,1855.0,2026-09-03T19:35:26.069617+00:00
2021-06-06,1870.0,1935.0,1855.0,1858.0,36654,1858.0,2026-09-03T19:35:26.069617+00:00
2021-06-07,1845.0,1858.0,1812.0,1822.0,10395,1822.0,2026-09-03T19:35:26.069617+00:00
2021-06-08,1801.0,1855.0,1800.0,1807.0,17974,1807.0,2026-09-03T19:35:26.069617+00:00
2021-06-09,1819.0,1820.0,1766.0,1780.0,15950,1780.0,2026-09-03T19:35:26.069617+00:00
2021-06-10,1780.0,1809.0,1751.0,1774.0,7488,1774.0,2026-09-03T19:35:26.069617+00:00
2021-06-13,1751.0,1795.0,1751.0,1766.0,22848,1766.0,2026-09-03T19:35:26.069617+00:00
2021-06-14,1830.0,1830.0,1730.0,1731.0,15343,1731.0,2026-09-03T19:35:26.069617+00:00
2021-06-15,1817.0,1817.0,1685.0,1722.0,35695,1722.0,2026-09-03T19:35:26.069617+00:00
2021-06-16,1700.0,1722.0,1682.0,1686.0,15638,1686.0,2026-09-03T19:35:26.069617+00:00
2021-06-17,1690.0,1690.0,1645.0,1652.0,14691,1652.0,2026-09-03T19:35:26.069617+00:00
2021-06-20,1652.0,1685.0,1595.0,1624.0,19147,1624.0,2026-09-03T19:35:26.069617+00:00
2021-06-21,1620.0,1620.0,1570.0,1571.0,11763,1571.0,2026-09-03T19:35:26.069617+00:00
2021-06-22,1575.0,1614.0,1550.0,1580.0,10673,1580.0,2026-09-03T19:35:26.069617+00:00
2021-06-23,1580.0,1640.0,1550.0,1560.0,7519,1560.0,2026-09-03T19:35:26.069617+00:00
2021-06-24,1560.0,1620.0,1540.0,1580.0,12409,1580.0,2026-09-03T19:35:26.069617+00:00
2021-06-27,1610.0,1611.0,1555.0,1564.0,7877,1564.0,2026-09-03T19:35:26.069617+00:00
2021-06-28,1595.0,1618.0,1550.0,1570.0,5488,1570.0,2026-09-03T19:35:26.069617+00:00
2021-06-29,1580.0,1580.0,1538.0,1550.0,8202,1550.0,2026-09-03T19:35:26.069617+00:00
2021-06-30,1530.0,1560.0,1524.0,1535.0,4645,1535.0,2026-09-03T19:35:26.069617+00:00
2021-07-01,1537.0,1560.0,1530.0,1530.0,4843,1530.0,2026-09-03T19:35:26.069617+00:00
2021-07-04,1506.0,1615.0,1506.0,1562.0,13251,1562.0,2026-09-03T19:35:26.069617+00:00
2021-07-05,1560.0,1580.0,1550.0,1556.0,3386,1556.0,2026-09-03T19:35:26.069617+00:00
2021-07-06,1535.0,1565.0,1525.0,1545.0,3520,1545.0,2026-09-03T19:35:26.069617+00:00
2021-07-07,1523.0,1540.0,1510.0,1514.0,4731,1514.0,2026-09-03T19:35:26.069617+00:00
2021-07-08,1505.0,1525.0,1500.0,1523.0,6822,1523.0,2026-09-03T19:35:26.069617+00:00
2021-07-11,1523.0,1584.0,1513.0,1550.0,5495,1550.0,2026-09-03T19:35:26.069617+00:00
2021-07-12,1550.0,1578.0,1511.0,1523.0,4940,1523.0,2026-09-03T19:35:26.069617+00:00
2021-07-13,1529.0,1545.0,1513.0,1517.0,3717,1517.0,2026-09-03T19:35:26.069617+00:00
2021-07-14,1518.0,1521.0,1503.0,1515.0,3826,1515.0,2026-09-03T19:35:26.069617+00:00
2021-07-15,1515.0,1545.0,1503.0,1505.0,4436,1505.0,2026-09-03T19:35:26.069617+00:00
2021-07-18,1505.0,1540.0,1501.0,1508.0,9299,1508.0,2026-09-03T19:35:26.069617+00:00
2021-07-19,1510.0,1540.0,1510.0,1520.0,7145,1520.0,2026-09-03T19:35:26.069617+00:00
2021-07-20,1550.0,1550.0,1505.0,1518.0,4534,1518.0,2026-09-03T19:35:26.069617+00:00
2021-07-22,1515.0,1525.0,1505.0,1509.0,9057,1509.0,2026-09-03T19:35:26.069617+00:00
2021-07-25,1509.0,1515.0,1482.0,1495.0,15527,1495.0,2026-09-03T19:35:26.069617+00:00
2021-07-26,1485.0,1500.0,1476.0,1495.0,15420,1495.0,2026-09-03T19:35:26.069617+00:00
2021-07-27,1495.0,1514.0,1476.0,1489.0,10824,1489.0,2026-09-03T19:35:26.069617+00:00
2021-07-28,1482.5,1637.9,1480.0,1637.9,27136,1637.9,2026-09-03T19:35:26.069617+00:00
2021-07-29,1670.0,1790.0,1670.0,1737.0,44873,1737.0,2026-09-03T19:35:26.069617+00:00
2021-08-01,1740.5,1741.0,1655.0,1670.0,16976,1670.0,2026-09-03T19:35:26.069617+00:00
2021-08-02,1700.0,1700.0,1610.0,1610.0,15079,1610.0,2026-09-03T19:35:26.069617+00:00
2021-08-03,1642.0,1665.0,1611.0,1637.1,13206,1637.1,2026-09-03T19:35:26.069617+00:00
2021-08-04,1625.0,1640.0,1600.0,1613.0,9525,1613.0,2026-09-03T19:35:26.069617+00:00
2021-08-05,1600.0,1633.0,1583.0,1599.0,9190,1599.0,2026-09-03T19:35:26.069617+00:00
2021-08-08,1595.0,1610.0,1565.0,1588.0,8836,1588.0,2026-09-03T19:35:26.069617+00:00
2021-08-09,1556.3,1569.0,1510.0,1543.0,13676,1543.0,2026-09-03T19:35:26.069617+00:00
2021-08-10,1543.0,1567.0,1523.0,1531.0,10554,1531.0,2026-09-03T19:35:26.069617+00:00
2021-08-11,1525.0,1559.0,1521.0,1540.0,5955,1540.0,2026-09-03T19:35:26.069617+00:00
2021-08-12,1570.8,1570.8,1516.2,1530.0,9525,1530.0,2026-09-03T19:35:26.069617+00:00
2021-08-15,1515.0,1525.0,1490.0,1509.9,10207,1509.9,2026-09-03T19:35:26.069617+00:00
2021-08-16,1491.0,1515.0,1487.0,1495.0,7003,1495.0,2026-09-03T19:35:26.069617+00:00
2021-08-17,1495.0,1522.9,1481.0,1499.0,10011,1499.0,2026-09-03T19:35:26.069617+00:00
2021-08-18,1486.0,1560.0,1475.1,1500.0,7367,1500.0,2026-09-03T19:35:26.069617+00:00
2021-08-19,1500.0,1550.0,1500.0,1505.0,9505,1505.0,2026-09-03T19:35:26.069617+00:00
2021-08-24,1505.0,1550.0,1477.0,1497.0,8388,1497.0,2026-09-03T19:35:26.069617+00:00
2021-08-25,1477.0,1507.0,1477.0,1480.0,5790,1480.0,2026-09-03T19:35:26.069617+00:00
2021-08-26,1500.0,1559.0,1475.0,1491.0,14160,1491.0,2026-09-03T19:35:26.069617+00:00
2021-08-29,1520.0,1550.0,1490.0,1490.0,16637,1490.0,2026-09-03T19:35:26.069617+00:00
2021-08-31,1485.0,1530.0,1471.0,1479.0,8297,1479.0,2026-09-03T19:35:26.069617+00:00
2021-09-01,1475.0,1517.0,1466.0,1511.0,13649,1511.0,2026-09-03T19:35:26.069617+00:00
2021-09-02,1511.0,1650.0,1505.0,1590.0,41511,1590.0,2026-09-03T19:35:26.069617+00:00
2021-09-05,1620.0,1622.0,1491.0,1548.9,22733,1548.9,2026-09-03T19:35:26.069617+00:00
2021-09-06,1519.0,1654.0,1519.0,1600.0,20294,1600.0,2026-09-03T19:35:26.069617+00:00
2021-09-07,1630.0,1630.0,1529.0,1549.0,9158,1549.0,2026-09-03T19:35:26.069617+00:00
2021-09-08,1526.5,1546.0,1518.0,1518.0,5505,1518.0,2026-09-03T19:35:26.069617+00:00
2021-09-09,1518.0,1530.0,1505.0,1520.0,5346,1520.0,2026-09-03T19:35:26.069617+00:00
2021-09-12,1500.0,1602.0,1500.0,1575.0,26438,1575.0,2026-09-03T19:35:26.069617+00:00
2021-09-13,1575.0,1606.0,1550.0,1561.9,10468,1561.9,2026-09-03T19:35:26.069617+00:00
2021-09-14,1565.0,1565.0,1525.0,1565.0,3536,1565.0,2026-09-03T19:35:26.069617+00:00
2021-09-15,1534.0,1545.0,1500.0,1510.0,7016,1510.0,2026-09-03T19:35:26.069617+00:00
2021-09-16,1488.1,1500.0,1402.0,1411.0,24442,1411.0,2026-09-03T19:35:26.069617+00:00
2021-09-20,1412.0,1420.0,1355.0,1370.0,8160,1370.0,2026-09-03T19:35:26.069617+00:00
2021-09-21,1345.2,1410.0,1301.0,1389.0,5325,1389.0,2026-09-03T19:35:26.069617+00:00
2021-09-22,1415.0,1434.0,1390.0,1427.0,8528,1427.0,2026-09-03T19:35:26.069617+00:00
2021-09-23,1429.0,1429.0,1346.0,1379.0,10948,1379.0,2026-09-03T19:35:26.069617+00:00
2021-09-26,1379.0,1406.0,1340.0,1340.5,5071,1340.5,2026-09-03T19:35:26.069617+00:00
2021-09-27,1340.0,1367.0,1296.0,1296.0,8723,1296.0,2026-09-03T19:35:26.069617+00:00
2021-09-28,1290.0,1344.0,1278.1,1285.0,3161,1285.0,2026-09-03T19:35:26.069617+00:00
2021-09-29,1309.0,1330.0,1239.7,1295.0,8395,1295.0,2026-09-03T19:35:26.069617+00:00
2021-09-30,1300.0,1319.0,1260.1,1287.0,5892,1287.0,2026-09-03T19:35:26.069617+00:00
2021-10-03,1287.0,1288.0,1251.0,1252.0,5917,1252.0,2026-09-03T19:35:26.069617+00:00
2021-10-04,1252.0,1277.0,1240.0,1267.0,3883,1267.0,2026-09-03T19:35:26.069617+00:00
2021-10-05,1242.0,1300.0,1242.0,1270.0,3278,1270.0,2026-09-03T19:35:26.069617+00:00
2021-10-06,1280.0,1305.0,1263.0,1295.0,3603,1295.0,2026-09-03T19:35:26.069617+00:00
2021-10-10,1280.0,1299.0,1256.0,1256.0,3419,1256.0,2026-09-03T19:35:26.069617+00:00
2021-10-11,1281.0,1281.0,1250.0,1262.0,2555,1262.0,2026-09-03T19:35:26.069617+00:00
2021-10-17,1253.0,1356.0,1252.1,1350.0,6098,1350.0,2026-09-03T19:35:26.069617+00:00
2021-10-18,1330.0,1330.0,1300.0,1300.0,3418,1300.0,2026-09-03T19:35:26.069617+00:00
2021-10-19,1282.0,1288.0,1262.0,1266.0,3691,1266.0,2026-09-03T19:35:26.069617+00:00
2021-10-20,1291.0,1316.0,1266.0,1290.0,3710,1290.0,2026-09-03T19:35:26.069617+00:00
2021-10-21,1275.0,1310.0,1270.0,1280.0,2625,1280.0,2026-09-03T19:35:26.069617+00:00
2021-10-24,1280.0,1294.0,1273.0,1281.0,2626,1281.0,2026-09-03T19:35:26.069617+00:00
2021-10-25,1290.0,1320.0,1290.0,1320.0,3471,1320.0,2026-09-03T19:35:26.069617+00:00
2021-10-26,1294.0,1452.0,1294.0,1452.0,16054,1452.0,2026-09-03T19:35:26.069617+00:00
2021-10-27,1460.0,1530.0,1400.0,1481.0,15590,1481.0,2026-09-03T19:35:26.069617+00:00
2021-10-28,1481.1,1489.2,1428.0,1460.0,3937,1460.0,2026-09-03T19:35:26.069617+00:00
2021-10-31,1489.2,1606.0,1473.0,1606.0,23293,1606.0,2026-09-03T19:35:26.069617+00:00
2021-11-01,1638.0,1737.0,1600.0,1619.0,25870,1619.0,2026-09-03T19:35:26.069617+00:00
2021-11-02,1590.0,1700.0,1586.0,1664.0,14960,1664.0,2026-09-03T19:35:26.069617+00:00
2021-11-03,1690.0,1690.0,1625.0,1625.1,9205,1625.1,2026-09-03T19:35:26.069617+00:00
2021-11-08,1595.0,1643.0,1589.0,1592.1,4895,1592.1,2026-09-03T19:35:26.069617+00:00
2021-11-09,1571.1,1583.0,1530.8,1535.2,9510,1535.2,2026-09-03T19:35:26.069617+00:00
2021-11-11,1515.0,1537.0,1475.0,1488.0,3533,1488.0,2026-09-03T19:35:26.069617+00:00
2021-11-14,1488.0,1539.0,1461.0,1524.0,3572,1524.0,2026-09-03T19:35:26.069617+00:00
2021-11-15,1550.0,1565.7,1523.0,1540.0,3998,1540.0,2026-09-03T19:35:26.069617+00:00
2021-11-16,1541.1,1580.0,1521.0,1562.0,5395,1562.0,2026-09-03T19:35:26.069617+00:00
2021-11-17,1562.0,1638.0,1550.0,1602.0,13446,1602.0,2026-09-03T19:35:26.069617+00:00
2021-11-18,1570.0,1610.0,1555.0,1574.0,4520,1574.0,2026-09-03T19:35:26.069617+00:00
2021-11-21,1605.0,1605.4,1549.0,1549.0,3824,1549.0,2026-09-03T19:35:26.069617+00:00
2021-11-22,1547.0,1702.0,1533.0,1700.0,30319,1700.0,2026-09-03T19:35:26.069617+00:00
2021-11-23,1734.0,1734.0,1642.0,1642.0,14574,1642.0,2026-09-03T19:35:26.069617+00:00
2021-11-24,1617.0,1674.0,1577.9,1630.0,23706,1630.0,2026-09-03T19:35:26.069617+00:00
2021-11-25,1600.0,1632.0,1468.1,1581.0,58392,1581.0,2026-09-03T19:35:26.069617+00:00
2021-11-28,1549.4,1549.4,1422.9,1500.0,29561,1500.0,2026-09-03T19:35:26.069617+00:00
2021-11-29,1475.0,1487.0,1390.0,1422.0,20381,1422.0,2026-09-03T19:35:26.069617+00:00
2021-11-30,1450.0,1450.0,1390.0,1425.0,7380,1425.0,2026-09-03T19:35:26.069617+00:00
2021-12-01,1425.0,1449.0,1409.0,1415.0,5449,1415.0,2026-09-03T19:35:26.069617+00:00
2021-12-02,1443.0,1460.0,1390.1,1392.0,10415,1392.0,2026-09-03T19:35:26.069617+00:00
2021-12-05,1392.0,1419.0,1347.5,1360.0,6038,1360.0,2026-09-03T19:35:26.069617+00:00
2021-12-06,1340.0,1428.0,1315.0,1369.0,6967,1369.0,2026-09-03T19:35:26.069617+00:00
2021-12-07,1396.3,1411.0,1325.0,1350.0,4869,1350.0,2026-09-03T19:35:26.069617+00:00
2021-12-08,1324.0,1371.0,1315.0,1320.3,3657,1320.3,2026-09-03T19:35:26.069617+00:00
2021-12-09,1310.0,1346.7,1306.3,1335.0,3504,1335.0,2026-09-03T19:35:26.069617+00:00
2021-12-12,1336.0,1345.0,1286.0,1286.0,5992,1286.0,2026-09-03T19:35:26.069617+00:00
2021-12-13,1261.0,1300.0,1237.0,1275.0,9120,1275.0,2026-09-03T19:35:26.069617+00:00
2021-12-14,1300.0,1347.0,1299.0,1347.0,1635,1347.0,2026-09-03T19:35:26.069617+00:00
2021-12-15,1373.0,1398.0,1302.0,1311.0,8588,1311.0,2026-09-03T19:35:26.069617+00:00
2021-12-16,1300.0,1320.0,1285.0,1291.0,6306,1291.0,2026-09-03T19:35:26.069617+00:00
2021-12-20,1270.0,1310.0,1254.0,1261.0,8362,1261.0,2026-09-03T19:35:26.069617+00:00
2021-12-21,1286.2,1304.9,1280.0,1290.0,2670,1290.0,2026-09-03T19:35:26.069617+00:00
2021-12-22,1300.0,1362.4,1300.0,1350.1,7305,1350.1,2026-09-03T19:35:26.069617+00:00
2021-12-23,1331.0,1412.0,1323.1,1356.0,8664,1356.0,2026-09-03T19:35:26.069617+00:00
2021-12-26,1360.0,1410.0,1360.0,1395.0,6563,1395.0,2026-09-03T19:35:26.069617+00:00
2021-12-27,1385.0,1426.9,1350.0,1360.0,14656,1360.0,2026-09-03T19:35:26.069617+00:00
2021-12-28,1370.0,1385.0,1341.0,1374.0,2790,1374.0,2026-09-03T19:35:26.069617+00:00
2021-12-29,1400.0,1400.0,1366.0,1379.0,4751,1379.0,2026-09-03T19:35:26.069617+00:00
2022-01-02,1405.0,1434.0,1385.0,1426.0,10189,1426.0,2026-09-03T19:35:26.069617+00:00
2022-01-03,1450.0,1465.0,1425.0,1438.0,8772,1438.0,2026-09-03T19:35:26.069617+00:00
2022-01-04,1438.0,1480.0,1421.0,1479.0,6324,1479.0,2026-09-03T19:35:26.069617+00:00
2022-01-05,1480.0,1480.0,1435.0,1444.0,7426,1444.0,2026-09-03T19:35:26.069617+00:00
2022-01-06,1449.0,1565.0,1444.0,1515.0,15467,1515.0,2026-09-03T19:35:26.069617+00:00
2022-01-09,1525.0,1555.0,1490.0,1505.0,12557,1505.0,2026-09-03T19:35:26.069617+00:00
2022-01-10,1492.0,1500.0,1459.0,1460.0,14382,1460.0,2026-09-03T19:35:26.069617+00:00
2022-01-11,1460.0,1489.2,1442.0,1456.0,14774,1456.0,2026-09-03T19:35:26.069617+00:00
2022-01-12,1456.0,1484.0,1440.0,1445.0,9725,1445.0,2026-09-03T19:35:26.069617+00:00
2022-01-13,1468.0,1468.0,1441.1,1464.0,6493,1464.0,2026-09-03T19:35:26.069617+00:00
2022-01-16,1493.0,1515.0,1475.0,1500.0,17191,1500.0,2026-09-03T19:35:26.069617+00:00
2022-01-17,1528.0,1528.0,1471.0,1505.0,7955,1505.0,2026-09-03T19:35:26.069617+00:00
2022-01-18,1478.0,1562.0,1478.0,1487.0,13654,1487.0,2026-09-03T19:35:26.069617+00:00
2022-01-19,1516.0,1546.0,1470.0,1470.0,5717,1470.0,2026-09-03T19:35:26.069617+00:00
2022-01-20,1452.0,1489.0,1452.0,1480.2,2638,1480.2,2026-09-03T19:35:26.069617+00:00
2022-01-23,1480.0,1505.0,1461.5,1461.5,3724,1461.5,2026-09-03T19:35:26.069617+00:00
2022-01-24,1460.0,1462.0,1390.0,1427.0,9473,1427.0,2026-09-03T19:35:26.069617+00:00
2022-01-25,1405.0,1455.0,1388.0,1388.0,5299,1388.0,2026-09-03T19:35:26.069617+00:00
2022-01-26,1381.0,1436.0,1372.1,1406.0,7994,1406.0,2026-09-03T19:35:26.069617+00:00
2022-01-27,1420.0,1420.0,1390.0,1395.0,3134,1395.0,2026-09-03T19:35:26.069617+00:00
2022-01-30,1422.9,1465.2,1422.9,1460.0,6658,1460.0,2026-09-03T19:35:26.069617+00:00
2022-01-31,1489.2,1489.2,1440.6,1459.0,7189,1459.0,2026-09-03T19:35:26.069617+00:00
2022-02-01,1432.2,1480.0,1432.2,1455.0,5268,1455.0,2026-09-03T19:35:26.069617+00:00
2022-02-03,1470.0,1470.0,1425.0,1426.0,11539,1426.0,2026-09-03T19:35:26.069617+00:00
2022-02-06,1405.0,1448.0,1405.0,1420.0,4010,1420.0,2026-09-03T19:35:26.069617+00:00
2022-02-07,1405.0,1446.0,1405.0,1419.0,1802,1419.0,2026-09-03T19:35:26.069617+00:00
2022-02-08,1447.3,1475.0,1417.1,1423.0,8008,1423.0,2026-09-03T19:35:26.069617+00:00
2022-02-09,1420.0,1437.8,1410.1,1421.0,2780,1421.0,2026-09-03T19:35:26.069617+00:00
2022-02-10,1410.0,1439.9,1410.0,1425.0,2773,1425.0,2026-09-03T19:35:26.069617+00:00
2022-02-13,1405.0,1405.0,1371.0,1375.2,5066,1375.2,2026-09-03T19:35:26.069617+00:00
2022-02-14,1375.2,1414.5,1361.0,1395.0,6186,1395.0,2026-09-03T19:35:26.069617+00:00
2022-02-15,1420.0,1420.0,1380.0,1409.0,4020,1409.0,2026-09-03T19:35:26.069617+00:00
2022-02-16,1400.0,1408.0,1375.1,1399.9,3011,1399.9,2026-09-03T19:35:26.069617+00:00
2022-02-17,1400.0,1400.0,1372.0,1386.4,1805,1386.4,2026-09-03T19:35:26.069617+00:00
2022-02-20,1386.4,1386.4,1350.0,1375.0,2365,1375.0,2026-09-03T19:35:26.069617+00:00
2022-02-21,1399.9,1399.9,1375.0,1383.0,3150,1383.0,2026-09-03T19:35:26.069617+00:00
2022-02-22,1407.6,1410.0,1380.0,1392.0,2800,1392.0,2026-09-03T19:35:26.069617+00:00
2022-02-23,1419.0,1419.0,1373.0,1373.0,3261,1373.0,2026-09-03T19:35:26.069617+00:00
2022-02-24,1356.0,1369.0,1348.0,1348.0,3494,1348.0,2026-09-03T19:35:26.069617+00:00
2022-02-27,1345.0,1370.0,1345.0,1354.0,1846,1354.0,2026-09-03T19:35:26.069617+00:00
2022-02-28,1381.0,1381.0,1335.0,1335.0,3521,1335.0,2026-09-03T19:35:26.069617+00:00
2022-03-02,1311.0,1361.7,1311.0,1316.2,3595,1316.2,2026-09-03T19:35:26.069617+00:00
2022-03-06,1316.2,1349.0,1301.0,1325.0,2965,1325.0,2026-09-03T19:35:26.069617+00:00
2022-03-07,1306.0,1360.0,1305.0,1336.1,3405,1336.1,2026-09-03T19:35:26.069617+00:00
2022-03-09,1320.0,1336.0,1314.0,1336.0,2604,1336.0,2026-09-03T19:35:26.069617+00:00
2022-03-10,1315.0,1353.0,1312.0,1340.0,2900,1340.0,2026-09-03T19:35:26.069617+00:00
2022-03-13,1366.0,1428.0,1340.0,1400.0,7099,1400.0,2026-09-03T19:35:26.069617+00:00
2022-03-14,1400.0,1400.0,1376.0,1399.0,620,1399.0,2026-09-03T19:35:26.069617+00:00
2022-03-15,1426.0,1453.0,1375.0,1408.0,12753,1408.0,2026-09-03T19:35:26.069617+00:00
2022-03-16,1415.0,1433.0,1387.1,1406.0,6653,1406.0,2026-09-03T19:35:26.069617+00:00
2022-03-20,1410.0,1410.0,1380.0,1390.0,7301,1390.0,2026-09-03T19:35:26.069617+00:00
2022-03-21,1369.0,1397.4,1369.0,1390.0,2620,1390.0,2026-09-03T19:35:26.069617+00:00
2022-03-22,1390.0,1409.0,1380.0,1399.0,2164,1399.0,2026-09-03T19:35:26.069617+00:00
2022-03-23,1375.0,1399.0,1375.0,1390.0,1947,1390.0,2026-09-03T19:35:26.069617+00:00
2022-03-24,1375.1,1397.9,1371.0,1380.0,2364,1380.0,2026-09-03T19:35:26.069617+00:00
2022-03-27,1395.0,1395.0,1345.0,1360.0,4150,1360.0,2026-09-03T19:35:26.069617+00:00
2022-03-28,1340.1,1366.0,1323.0,1340.0,3681,1340.0,2026-09-03T19:35:26.069617+00:00
2022-03-29,1339.0,1355.0,1313.0,1342.0,4994,1342.0,2026-09-03T19:35:26.069617+00:00
2022-03-30,1331.0,1370.0,1323.0,1370.0,2661,1370.0,2026-09-03T19:35:26.069617+00:00
2022-03-31,1360.0,1379.0,1325.0,1325.0,3825,1325.0,2026-09-03T19:35:26.069617+00:00
2022-04-03,1325.0,1325.0,1312.2,1320.0,2015,1320.0,2026-09-03T19:35:26.069617+00:00
2022-04-04,1320.0,1340.0,1310.0,1310.0,3107,1310.0,2026-09-03T19:35:26.069617+00:00
2022-04-05,1289.69,1315.0,1289.69,1306.0,2999,1306.0,2026-09-03T19:35:26.069617+00:00
2022-04-06,1290.0,1332.0,1290.0,1301.0,5447,1301.0,2026-09-03T19:35:26.069617+00:00
2022-04-07,1315.0,1355.0,1303.0,1330.0,8158,1330.0,2026-09-03T19:35:26.069617+00:00
2022-04-11,1335.0,1383.7,1309.0,1309.0,4955,1309.0,2026-09-03T19:35:26.069617+00:00
2022-04-12,1288.1,1329.0,1288.1,1315.0,2036,1315.0,2026-09-03T19:35:26.069617+00:00
2022-04-13,1315.0,1348.0,1301.5,1343.0,5323,1343.0,2026-09-03T19:35:26.069617+00:00
2022-04-17,1321.0,1343.0,1308.0,1320.0,2936,1320.0,2026-09-03T19:35:26.069617+00:00
2022-04-18,1297.0,1309.0,1291.0,1294.1,3495,1294.1,2026-09-03T19:35:26.069617+00:00
2022-04-19,1280.0,1319.0,1280.0,1300.0,1049,1300.0,2026-09-03T19:35:26.069617+00:00
2022-04-20,1285.0,1324.0,1266.2,1267.0,3413,1267.0,2026-09-03T19:35:26.069617+00:00
2022-04-21,1265.0,1300.0,1256.0,1296.0,2740,1296.0,2026-09-03T19:35:26.069617+00:00
2022-04-24,1296.0,1325.0,1277.0,1320.0,2640,1320.0,2026-09-03T19:35:26.069617+00:00
2022-04-25,1346.0,1346.0,1303.4,1325.0,4676,1325.0,2026-09-03T19:35:26.069617+00:00
2022-04-26,1310.0,1337.0,1300.0,1330.0,3670,1330.0,2026-09-03T19:35:26.069617+00:00
2022-04-27,1347.0,1347.0,1295.1,1340.0,4095,1340.0,2026-09-03T19:35:26.069617+00:00
2022-04-28,1339.0,1339.8,1295.0,1338.9,3318,1338.9,2026-09-03T19:35:26.069617+00:00
2022-05-02,1315.0,1328.0,1278.0,1280.0,4034,1280.0,2026-09-03T19:35:26.069617+00:00
2022-05-04,1260.0,1280.0,1255.0,1269.0,1346,1269.0,2026-09-03T19:35:26.069617+00:00
2022-05-05,1250.0,1250.0,1202.0,1219.9,6181,1219.9,2026-09-03T19:35:26.069617+00:00
2022-05-08,1218.0,1256.0,1198.0,1256.0,2791,1256.0,2026-09-03T19:35:26.069617+00:00
2022-05-09,1277.0,1277.0,1225.0,1225.0,1550,1225.0,2026-09-03T19:35:26.069617+00:00
2022-05-10,1220.0,1256.0,1216.0,1254.0,1869,1254.0,2026-09-03T19:35:26.069617+00:00
2022-05-11,1254.0,1277.0,1240.0,1274.0,5142,1274.0,2026-09-03T19:35:26.069617+00:00
2022-05-12,1299.0,1299.0,1241.0,1259.0,2612,1259.0,2026-09-03T19:35:26.069617+00:00
2022-05-17,1269.0,1269.0,1192.0,1211.0,2711,1211.0,2026-09-03T19:35:26.069617+00:00
2022-05-18,1200.0,1224.0,1193.0,1205.0,1037,1205.0,2026-09-03T19:35:26.069617+00:00
2022-05-19,1205.0,1226.0,1190.0,1209.0,2583,1209.0,2026-09-03T19:35:26.069617+00:00
2022-05-20,1205.0,1220.0,1176.0,1199.0,3795,1199.0,2026-09-03T19:35:26.069617+00:00
2022-05-23,1200.0,1200.0,1146.0,1160.0,3031,1160.0,2026-09-03T19:35:26.069617+00:00
2022-05-24,1150.0,1194.0,1150.0,1164.0,1080,1164.0,2026-09-03T19:35:26.069617+00:00
2022-05-25,1170.0,1185.0,1161.0,1165.0,1257,1165.0,2026-09-03T19:35:26.069617+00:00
2022-05-26,1155.0,1178.0,1155.0,1162.0,1279,1162.0,2026-09-03T19:35:26.069617+00:00
2022-05-27,1183.5,1183.5,1147.0,1164.0,1485,1164.0,2026-09-03T19:35:26.069617+00:00
2022-05-30,1164.0,1190.0,1140.0,1148.0,3076,1148.0,2026-09-03T19:35:26.069617+00:00
2022-05-31,1126.0,1148.0,1112.0,1125.0,3167,1125.0,2026-09-03T19:35:26.069617+00:00
2022-06-01,1147.0,1147.0,1100.0,1100.5,2435,1100.5,2026-09-03T19:35:26.069617+00:00
2022-06-02,1114.0,1132.0,1101.7,1101.8,1108,1101.8,2026-09-03T19:35:26.069617+00:00
2022-06-03,1105.0,1127.0,1085.0,1095.0,1995,1095.0,2026-09-03T19:35:26.069617+00:00
2022-06-06,1110.0,1116.9,1074.0,1084.0,2474,1084.0,2026-09-03T19:35:26.069617+00:00
2022-06-07,1063.0,1071.0,1035.0,1036.0,3752,1036.0,2026-09-03T19:35:26.069617+00:00
2022-06-08,1056.0,1120.0,1030.1,1100.0,2636,1100.0,2026-09-03T19:35:26.069617+00:00
2022-06-09,1099.9,1120.0,1061.0,1080.0,2022,1080.0,2026-09-03T19:35:26.069617+00:00
2022-06-10,1060.0,1070.0,1050.0,1050.0,2310,1050.0,2026-09-03T19:35:26.069617+00:00
2022-06-13,1050.0,1050.0,1014.4,1038.0,3070,1038.0,2026-09-03T19:35:26.069617+00:00
2022-06-14,1025.0,1040.0,1005.0,1009.0,3085,1009.0,2026-09-03T19:35:26.069617+00:00
2022-06-15,997.6,1017.0,997.6,1017.0,5559,1017.0,2026-09-03T19:35:26.069617+00:00
2022-06-16,1015.0,1036.5,999.0,1005.0,2298,1005.0,2026-09-03T19:35:26.069617+00:00
2022-06-17,1000.1,1030.0,1000.1,1005.0,1627,1005.0,2026-09-03T19:35:26.069617+00:00
2022-06-19,1002.0,1002.0,989.0,989.0,3314,989.0,2026-09-03T19:35:26.069617+00:00
2022-06-20,985.0,985.0,951.0,952.0,4037,952.0,2026-09-03T19:35:26.069617+00:00
2022-06-21,971.0,988.9,950.0,984.0,1947,984.0,2026-09-03T19:35:26.069617+00:00
2022-06-22,965.0,983.0,955.0,958.0,1055,958.0,2026-09-03T19:35:26.069617+00:00
2022-06-23,940.0,950.0,921.0,924.0,2210,924.0,2026-09-03T19:35:26.069617+00:00
2022-06-24,907.0,942.0,900.2,941.0,1358,941.0,2026-09-03T19:35:26.069617+00:00
2022-06-26,959.0,988.0,950.0,985.0,3282,985.0,2026-09-03T19:35:26.069617+00:00
2022-06-27,985.0,992.0,955.0,956.0,2327,956.0,2026-09-03T19:35:26.069617+00:00
2022-06-28,945.0,959.0,932.0,955.0,2819,955.0,2026-09-03T19:35:26.069617+00:00
2022-06-29,955.0,1005.0,937.0,995.0,1849,995.0,2026-09-03T19:35:26.069617+00:00
2022-06-30,1012.0,1075.0,992.0,1061.0,5903,1061.0,2026-09-03T19:35:26.069617+00:00
2022-07-01,1040.0,1075.0,1010.0,1050.0,1135,1050.0,2026-09-03T19:35:26.069617+00:00
2022-07-03,1029.0,1132.0,1015.0,1132.0,4103,1132.0,2026-09-03T19:35:26.069617+00:00
2022-07-04,1151.0,1187.0,1060.0,1095.0,9954,1095.0,2026-09-03T19:35:26.069617+00:00
2022-07-05,1075.0,1115.0,1039.8,1051.0,5362,1051.0,2026-09-03T19:35:26.069617+00:00
2022-07-06,1033.4,1120.0,1020.0,1078.0,2472,1078.0,2026-09-03T19:35:26.069617+00:00
2022-07-07,1099.5,1099.5,1046.0,1058.0,2074,1058.0,2026-09-03T19:35:26.069617+00:00
2022-07-08,1036.9,1036.9,1014.0,1016.0,2615,1016.0,2026-09-03T19:35:26.069617+00:00
2022-07-11,995.7,995.7,950.0,950.0,4568,950.0,2026-09-03T19:35:26.069617+00:00
2022-07-12,969.0,993.0,951.0,969.0,2905,969.0,2026-09-03T19:35:26.069617+00:00
2022-07-13,988.3,1049.0,970.2,1048.0,3066,1048.0,2026-09-03T19:35:26.069617+00:00
2022-07-14,1062.0,1082.0,1029.0,1050.0,2220,1050.0,2026-09-03T19:35:26.069617+00:00
2022-07-15,1029.0,1049.9,1020.0,1049.9,1207,1049.9,2026-09-03T19:35:26.069617+00:00
2022-07-17,1032.0,1059.9,1020.0,1022.0,1240,1022.0,2026-09-03T19:35:26.069617+00:00
2022-07-18,1040.0,1099.0,1025.0,1083.9,5940,1083.9,2026-09-03T19:35:26.069617+00:00
2022-07-19,1105.0,1124.5,1085.0,1117.0,5491,1117.0,2026-09-03T19:35:26.069617+00:00
2022-07-20,1130.0,1130.0,1075.0,1106.0,2252,1106.0,2026-09-03T19:35:26.069617+00:00
2022-07-21,1090.0,1116.0,1083.9,1095.0,3486,1095.0,2026-09-03T19:35:26.069617+00:00
2022-07-22,1075.0,1089.9,1065.0,1065.0,1980,1065.0,2026-09-03T19:35:26.069617+00:00
2022-07-24,1086.3,1114.0,1070.0,1114.0,2538,1114.0,2026-09-03T19:35:26.069617+00:00
2022-07-25,1114.0,1145.0,1100.0,1144.0,8982,1144.0,2026-09-03T19:35:26.069617+00:00
2022-07-26,1140.0,1145.0,1099.0,1105.0,8354,1105.0,2026-09-03T19:35:26.069617+00:00
2022-07-27,1106.0,1130.0,1091.0,1129.0,2472,1129.0,2026-09-03T19:35:26.069617+00:00
2022-07-28,1148.6,1160.0,1121.2,1140.0,7467,1140.0,2026-09-03T19:35:26.069617+00:00
2022-07-29,1120.0,1204.0,1105.0,1164.0,5433,1164.0,2026-09-03T19:35:26.069617+00:00
2022-07-31,1160.0,1205.0,1160.0,1194.0,5180,1194.0,2026-09-03T19:35:26.069617+00:00
2022-08-01,1170.3,1200.0,1161.0,1162.0,6372,1162.0,2026-09-03T19:35:26.069617+00:00
2022-08-02,1185.0,1188.0,1143.0,1165.0,2978,1165.0,2026-09-03T19:35:26.069617+00:00
2022-08-03,1147.0,1176.0,1146.0,1147.0,2607,1147.0,2026-09-03T19:35:26.069617+00:00
2022-08-04,1146.0,1146.0,1104.5,1104.5,3300,1104.5,2026-09-03T19:35:26.069617+00:00
2022-08-05,1105.0,1110.0,1078.0,1086.0,2396,1086.0,2026-09-03T19:35:26.069617+00:00
2022-08-07,1107.7,1151.0,1107.7,1113.0,6761,1113.0,2026-09-03T19:35:26.069617+00:00
2022-08-08,1100.0,1120.0,1100.0,1100.0,3035,1100.0,2026-09-03T19:35:26.069617+00:00
2022-08-09,1110.0,1110.0,1065.0,1066.0,3444,1066.0,2026-09-03T19:35:26.069617+00:00
2022-08-10,1052.0,1082.0,1052.0,1060.0,2529,1060.0,2026-09-03T19:35:26.069617+00:00
2022-08-11,1081.2,1081.2,1046.1,1046.1,2100,1046.1,2026-09-03T19:35:26.069617+00:00
2022-08-14,1033.0,1050.0,1033.0,1033.0,1202,1033.0,2026-09-03T19:35:26.069617+00:00
2022-08-15,1033.0,1073.0,1033.0,1066.0,1535,1066.0,2026-09-03T19:35:26.069617+00:00
2022-08-16,1061.0,1087.0,1046.0,1061.9,4179,1061.9,2026-09-03T19:35:26.069617+00:00
2022-08-17,1043.0,1058.0,1043.0,1058.0,1872,1058.0,2026-09-03T19:35:26.069617+00:00
2022-08-18,1042.0,1075.0,1042.0,1065.0,1135,1065.0,2026-09-03T19:35:26.069617+00:00
2022-08-21,1086.0,1086.0,1060.0,1070.0,3048,1070.0,2026-09-03T19:35:26.069617+00:00
2022-08-22,1051.0,1065.0,1040.0,1060.0,916,1060.0,2026-09-03T19:35:26.069617+00:00
2022-08-23,1060.0,1070.0,1047.4,1048.1,1660,1048.1,2026-09-03T19:35:26.069617+00:00
2022-08-24,1069.0,1069.0,1051.1,1053.0,1518,1053.0,2026-09-03T19:35:26.069617+00:00
2022-08-25,1050.0,1058.0,1038.0,1038.0,2713,1038.0,2026-09-03T19:35:26.069617+00:00
2022-08-26,1028.5,1045.0,1025.0,1042.0,3055,1042.0,2026-09-03T19:35:26.069617+00:00
2022-08-28,1040.0,1044.0,1010.0,1011.0,2301,1011.0,2026-09-03T19:35:26.069617+00:00
2022-08-29,995.0,1024.0,995.0,1024.0,695,1024.0,2026-09-03T19:35:26.069617+00:00
2022-08-30,1020.0,1025.0,1014.5,1015.0,547,1015.0,2026-09-03T19:35:26.069617+00:00
2022-08-31,1020.0,1020.0,996.0,1005.0,1583,1005.0,2026-09-03T19:35:26.069617+00:00
2022-09-01,1001.1,1019.9,995.0,1019.9,1208,1019.9,2026-09-03T19:35:26.069617+00:00
2022-09-02,1035.0,1035.0,999.6,1005.0,1243,1005.0,2026-09-03T19:35:26.069617+00:00
2022-09-04,1015.0,1015.0,995.0,1007.0,1834,1007.0,2026-09-03T19:35:26.069617+00:00
2022-09-05,997.0,1014.0,993.0,1005.0,4136,1005.0,2026-09-03T19:35:26.069617+00:00
2022-09-06,1001.0,1014.9,999.0,1014.9,3042,1014.9,2026-09-03T19:35:26.069617+00:00
2022-09-07,1000.0,1008.9,994.0,1008.9,1090,1008.9,2026-09-03T19:35:26.069617+00:00
2022-09-08,989.0,1009.0,989.0,999.0,1315,999.0,2026-09-03T19:35:26.069617+00:00
2022-09-11,990.0,1000.0,981.0,987.5,922,987.5,2026-09-03T19:35:26.069617+00:00
2022-09-12,995.0,995.0,980.0,980.0,720,980.0,2026-09-03T19:35:26.069617+00:00
2022-09-13,996.0,1005.0,982.2,984.1,1791,984.1,2026-09-03T19:35:26.069617+00:00
2022-09-14,984.0,1012.0,984.0,1012.0,900,1012.0,2026-09-03T19:35:26.069617+00:00
2022-09-15,991.8,991.8,972.0,975.0,1698,975.0,2026-09-03T19:35:26.069617+00:00
2022-09-16,955.5,989.0,955.5,980.0,984,980.0,2026-09-03T19:35:26.069617+00:00
2022-09-18,960.4,970.0,950.0,969.0,1800,969.0,2026-09-03T19:35:26.069617+00:00
2022-09-20,950.1,957.0,940.0,957.0,1270,957.0,2026-09-03T19:35:26.069617+00:00
2022-09-21,950.0,976.2,950.0,975.0,1040,975.0,2026-09-03T19:35:26.069617+00:00
2022-09-22,994.0,994.0,957.0,972.0,633,972.0,2026-09-03T19:35:26.069617+00:00
2022-09-25,960.0,963.5,951.0,960.0,442,960.0,2026-09-03T19:35:26.069617+00:00
2022-09-27,950.0,979.0,946.0,950.0,4480,950.0,2026-09-03T19:35:26.069617+00:00
2022-09-28,951.0,969.0,951.0,960.0,828,960.0,2026-09-03T19:35:26.069617+00:00
2022-09-29,975.0,975.0,964.0,964.0,435,964.0,2026-09-03T19:35:26.069617+00:00
2022-10-09,983.0,983.0,965.1,982.0,612,982.0,2026-09-03T19:35:26.069617+00:00
2022-10-10,982.0,982.1,966.0,968.0,975,968.0,2026-09-03T19:35:26.069617+00:00
2022-10-11,965.0,965.0,950.0,960.0,3109,960.0,2026-09-03T19:35:26.069617+00:00
2022-10-12,946.0,975.0,946.0,975.0,418,975.0,2026-09-03T19:35:26.069617+00:00
2022-10-13,975.0,975.0,960.0,974.0,500,974.0,2026-09-03T19:35:26.069617+00:00
2022-10-16,962.0,968.0,958.0,958.0,830,958.0,2026-09-03T19:35:26.069617+00:00
2022-10-17,950.0,970.0,950.0,953.0,1868,953.0,2026-09-03T19:35:26.069617+00:00
2022-10-19,945.0,963.0,945.0,955.0,855,955.0,2026-09-03T19:35:26.069617+00:00
2022-10-20,945.0,963.9,945.0,960.0,3430,960.0,2026-09-03T19:35:26.069617+00:00
2022-10-23,965.0,974.0,956.1,970.9,736,970.9,2026-09-03T19:35:26.069617+00:00
2022-10-31,952.0,989.0,952.0,975.0,589,975.0,2026-09-03T19:35:26.069617+00:00
2022-11-01,980.0,1013.8,966.0,1000.0,1441,1000.0,2026-09-03T19:35:26.069617+00:00
2022-11-02,984.0,1011.8,984.0,1007.9,4503,1007.9,2026-09-03T19:35:26.069617+00:00
2022-11-03,1013.0,1013.0,995.0,1003.0,640,1003.0,2026-09-03T19:35:26.069617+00:00
2022-11-06,1000.0,1050.6,992.1,1034.0,3599,1034.0,2026-09-03T19:35:26.069617+00:00
2022-11-07,1043.0,1056.0,1021.0,1034.0,2624,1034.0,2026-09-03T19:35:26.069617+00:00
2022-11-08,1040.0,1040.0,1000.1,1030.0,1060,1030.0,2026-09-03T19:35:26.069617+00:00
2022-11-09,1015.0,1040.0,996.0,1009.9,926,1009.9,2026-09-03T19:35:26.069617+00:00
2022-11-10,990.1,1015.0,990.0,990.2,1611,990.2,2026-09-03T19:35:26.069617+00:00
2022-11-13,1010.0,1010.0,978.0,980.0,3655,980.0,2026-09-03T19:35:26.069617+00:00
2022-11-14,999.0,999.0,981.0,990.0,1305,990.0,2026-09-03T19:35:26.069617+00:00
2022-11-15,985.0,999.0,980.3,996.0,901,996.0,2026-09-03T19:35:26.069617+00:00
2022-11-16,996.0,1012.0,996.0,1012.0,1308,1012.0,2026-09-03T19:35:26.069617+00:00
2022-11-17,993.1,1030.0,993.1,1022.0,2152,1022.0,2026-09-03T19:35:26.069617+00:00
2022-11-22,1006.0,1015.0,1002.0,1002.0,1146,1002.0,2026-09-03T19:35:26.069617+00:00
2022-11-23,1002.0,1007.0,995.0,1000.0,1955,1000.0,2026-09-03T19:35:26.069617+00:00
2022-11-24,1000.0,1018.9,996.1,1000.0,1333,1000.0,2026-09-03T19:35:26.069617+00:00
2022-11-27,1000.0,1019.0,1000.0,1019.0,1540,1019.0,2026-09-03T19:35:26.069617+00:00
2022-11-28,1030.0,1050.0,1000.0,1019.9,1746,1019.9,2026-09-03T19:35:26.069617+00:00
2022-11-29,1015.5,1020.0,1005.0,1010.0,1081,1010.0,2026-09-03T19:35:26.069617+00:00
2022-11-30,1008.0,1008.0,990.0,1008.0,3148,1008.0,2026-09-03T19:35:26.069617+00:00
2022-12-01,990.0,1015.0,990.0,1002.0,778,1002.0,2026-09-03T19:35:26.069617+00:00
2022-12-04,1000.0,1018.0,998.1,1010.2,1390,1010.2,2026-09-03T19:35:26.069617+00:00
2022-12-05,1005.0,1019.0,1000.0,1000.0,2109,1000.0,2026-09-03T19:35:26.069617+00:00
2022-12-06,1000.0,1010.0,995.0,1002.0,476,1002.0,2026-09-03T19:35:26.069617+00:00
2022-12-07,995.0,1020.0,995.0,1005.0,2775,1005.0,2026-09-03T19:35:26.069617+00:00
2022-12-11,991.0,1000.0,985.0,991.0,1120,991.0,2026-09-03T19:35:26.069617+00:00
2022-12-12,1009.0,1010.0,987.0,1010.0,3546,1010.0,2026-09-03T19:35:26.069617+00:00
2022-12-13,995.0,1010.0,995.0,1001.0,1816,1001.0,2026-09-03T19:35:26.069617+00:00
2022-12-14,995.0,1009.0,995.0,1005.0,1435,1005.0,2026-09-03T19:35:26.069617+00:00
2022-12-15,987.0,1005.7,986.0,987.5,2274,987.5,2026-09-03T19:35:26.069617+00:00
2022-12-18,1007.2,1007.2,981.2,984.2,1420,984.2,2026-09-03T19:35:26.069617+00:00
2022-12-19,1000.0,1003.0,980.0,980.0,1425,980.0,2026-09-03T19:35:26.069617+00:00
2022-12-20,998.0,998.7,979.0,998.0,1180,998.0,2026-09-03T19:35:26.069617+00:00
2022-12-21,998.0,999.0,985.0,999.0,248,999.0,2026-09-03T19:35:26.069617+00:00
2022-12-22,980.1,990.0,980.0,990.0,999,990.0,2026-09-03T19:35:26.069617+00:00
2022-12-26,990.0,1020.0,990.0,1010.0,2072,1010.0,2026-09-03T19:35:26.069617+00:00
2022-12-27,1028.0,1055.7,1017.0,1055.0,7532,1055.0,2026-09-03T19:35:26.069617+00:00
2022-12-28,1034.0,1054.0,1017.0,1023.0,1525,1023.0,2026-09-03T19:35:26.069617+00:00
2022-12-29,1039.9,1049.0,1020.0,1048.0,5127,1048.0,2026-09-03T19:35:26.069617+00:00
2023-01-01,1050.1,1100.0,1035.0,1079.0,9198,1079.0,2026-09-03T19:35:26.069617+00:00
2023-01-02,1058.0,1160.0,1058.0,1150.0,7541,1150.0,2026-09-03T19:35:26.069617+00:00
2023-01-03,1150.0,1190.0,1136.0,1178.0,4025,1178.0,2026-09-03T19:35:26.069617+00:00
2023-01-04,1160.0,1203.6,1136.0,1179.0,11133,1179.0,2026-09-03T19:35:26.069617+00:00
2023-01-05,1175.0,1296.9,1155.0,1296.9,20016,1296.9,2026-09-03T19:35:26.069617+00:00
2023-01-08,1300.0,1424.0,1275.1,1405.7,19951,1405.7,2026-09-03T19:35:26.069617+00:00
2023-01-09,1409.0,1438.0,1380.7,1390.0,12924,1390.0,2026-09-03T19:35:26.069617+00:00
2023-01-10,1390.0,1487.0,1350.0,1374.0,18695,1374.0,2026-09-03T19:35:26.069617+00:00
2023-01-12,1400.0,1428.0,1292.0,1304.0,9066,1304.0,2026-09-03T19:35:26.069617+00:00
2023-01-17,1330.0,1428.0,1278.0,1400.0,9160,1400.0,2026-09-03T19:35:26.069617+00:00
2023-01-18,1380.2,1410.0,1360.5,1380.0,5632,1380.0,2026-09-03T19:35:26.069617+00:00
2023-01-19,1360.0,1379.0,1352.4,1373.0,2017,1373.0,2026-09-03T19:35:26.069617+00:00
2023-01-23,1350.0,1366.0,1310.0,1312.1,8202,1312.1,2026-09-03T19:35:26.069617+00:00
2023-01-24,1287.0,1365.0,1287.0,1295.0,4979,1295.0,2026-09-03T19:35:26.069617+00:00
2023-01-25,1300.0,1376.0,1300.0,1376.0,7797,1376.0,2026-09-03T19:35:26.069617+00:00
2023-01-26,1379.0,1410.0,1349.0,1377.0,8555,1377.0,2026-09-03T19:35:26.069617+00:00
2023-01-29,1351.0,1379.9,1324.0,1350.0,6899,1350.0,2026-09-03T19:35:26.069617+00:00
2023-01-30,1327.0,1344.0,1294.0,1300.0,5234,1300.0,2026-09-03T19:35:26.069617+00:00
2023-01-31,1301.0,1315.0,1288.7,1290.1,2225,1290.1,2026-09-03T19:35:26.069617+00:00
2023-02-01,1295.0,1320.0,1290.3,1309.0,2415,1309.0,2026-09-03T19:35:26.069617+00:00
2023-02-02,1295.1,1346.4,1275.0,1305.0,4939,1305.0,2026-09-03T19:35:26.069617+00:00
2023-02-05,1319.0,1345.0,1290.1,1315.0,4795,1315.0,2026-09-03T19:35:26.069617+00:00
2023-02-06,1320.0,1320.0,1290.1,1307.0,2816,1307.0,2026-09-03T19:35:26.069617+00:00
2023-02-07,1320.0,1369.0,1311.0,1364.8,6892,1364.8,2026-09-03T19:35:26.069617+00:00
2023-02-08,1389.0,1389.0,1323.0,1338.0,6104,1338.0,2026-09-03T19:35:26.069617+00:00
2023-02-09,1364.7,1364.7,1320.0,1336.0,2792,1336.0,2026-09-03T19:35:26.069617+00:00
2023-02-12,1310.0,1320.0,1285.0,1295.0,8189,1295.0,2026-09-03T19:35:26.069617+00:00
2023-02-14,1300.0,1300.0,1253.0,1274.0,5946,1274.0,2026-09-03T19:35:26.069617+00:00
2023-02-15,1260.0,1294.9,1251.0,1255.0,2639,1255.0,2026-09-03T19:35:26.069617+00:00
2023-02-16,1245.0,1265.0,1225.0,1235.0,3945,1235.0,2026-09-03T19:35:26.069617+00:00
2023-02-20,1231.0,1255.0,1220.0,1220.0,3610,1220.0,2026-09-03T19:35:26.069617+00:00
2023-02-22,1206.0,1268.0,1206.0,1250.0,2295,1250.0,2026-09-03T19:35:26.069617+00:00
2023-02-23,1225.0,1225.0,1190.0,1203.0,4120,1203.0,2026-09-03T19:35:26.069617+00:00
2023-02-26,1179.0,1228.9,1160.0,1228.9,3343,1228.9,2026-09-03T19:35:26.069617+00:00
2023-02-27,1228.0,1240.0,1181.2,1202.0,2825,1202.0,2026-09-03T19:35:26.069617+00:00
2023-02-28,1202.0,1225.0,1190.0,1200.0,2627,1200.0,2026-09-03T19:35:26.069617+00:00
2023-03-01,1182.4,1200.0,1181.2,1187.0,949,1187.0,2026-09-03T19:35:26.069617+00:00
2023-03-02,1185.0,1187.0,1170.0,1185.0,866,1185.0,2026-09-03T19:35:26.069617+00:00
2023-03-05,1170.0,1170.0,1145.2,1148.0,2150,1148.0,2026-09-03T19:35:26.069617+00:00
2023-03-07,1150.0,1200.0,1150.0,1157.0,1261,1157.0,2026-09-03T19:35:26.069617+00:00
2023-03-09,1160.0,1185.0,1155.1,1170.0,2094,1170.0,2026-09-03T19:35:26.069617+00:00
2023-03-12,1152.0,1193.4,1149.0,1150.0,1388,1150.0,2026-09-03T19:35:26.069617+00:00
2023-03-13,1145.0,1162.0,1131.1,1135.0,944,1135.0,2026-09-03T19:35:26.069617+00:00
2023-03-14,1135.0,1170.0,1135.0,1140.0,1329,1140.0,2026-09-03T19:35:26.069617+00:00
2023-03-15,1130.0,1145.0,1121.0,1144.0,3530,1144.0,2026-09-03T19:35:26.069617+00:00
2023-03-16,1145.0,1160.0,1121.5,1129.0,1985,1129.0,2026-09-03T19:35:26.069617+00:00
2023-03-19,1120.0,1155.0,1120.0,1148.0,731,1148.0,2026-09-03T19:35:26.069617+00:00
2023-03-20,1132.0,1185.0,1131.0,1180.0,1810,1180.0,2026-09-03T19:35:26.069617+00:00
2023-03-22,1165.0,1185.0,1150.0,1150.0,1510,1150.0,2026-09-03T19:35:26.069617+00:00
2023-03-23,1136.0,1150.0,1130.0,1135.0,2395,1135.0,2026-09-03T19:35:26.069617+00:00
2023-03-26,1121.1,1140.0,1118.0,1137.0,2520,1137.0,2026-09-03T19:35:26.069617+00:00
2023-03-27,1114.3,1133.0,1099.0,1133.0,4381,1133.0,2026-09-03T19:35:26.069617+00:00
2023-03-28,1152.0,1160.0,1130.0,1145.0,3292,1145.0,2026-09-03T19:35:26.069617+00:00
2023-03-29,1126.0,1148.5,1126.0,1140.0,1420,1140.0,2026-09-03T19:35:26.069617+00:00
2023-03-30,1119.0,1141.0,1118.0,1140.0,1730,1140.0,2026-09-03T19:35:26.069617+00:00
2023-04-02,1136.0,1146.0,1122.4,1123.0,715,1123.0,2026-09-03T19:35:26.069617+00:00
2023-04-03,1120.1,1136.9,1102.0,1115.0,1906,1115.0,2026-09-03T19:35:26.069617+00:00
2023-04-04,1101.1,1120.0,1100.0,1106.0,893,1106.0,2026-09-03T19:35:26.069617+00:00
2023-04-05,1106.0,1116.9,1101.0,1116.0,520,1116.0,2026-09-03T19:35:26.069617+00:00
2023-04-06,1100.0,1126.0,1100.0,1104.4,2040,1104.4,2026-09-03T19:35:26.069617+00:00
2023-04-09,1100.0,1110.0,1088.0,1100.0,2411,1100.0,2026-09-03T19:35:26.069617+00:00
2023-04-10,1118.6,1122.0,1097.6,1118.0,1210,1118.0,2026-09-03T19:35:26.069617+00:00
2023-04-11,1096.0,1131.0,1096.0,1131.0,1510,1131.0,2026-09-03T19:35:26.069617+00:00
2023-04-12,1130.0,1175.0,1120.1,1175.0,4439,1175.0,2026-09-03T19:35:26.069617+00:00
2023-04-13,1190.0,1190.0,1141.0,1151.1,1840,1151.1,2026-09-03T19:35:26.069617+00:00
2023-04-16,1173.0,1211.0,1146.0,1174.0,6276,1174.0,2026-09-03T19:35:26.069617+00:00
2023-04-17,1177.7,1194.0,1160.0,1168.9,2471,1168.9,2026-09-03T19:35:26.069617+00:00
2023-04-18,1170.0,1170.0,1141.3,1141.3,1445,1141.3,2026-09-03T19:35:26.069617+00:00
2023-04-19,1146.1,1153.0,1130.0,1145.0,2688,1145.0,2026-09-03T19:35:26.069617+00:00
2023-04-20,1130.0,1160.0,1130.0,1135.0,2279,1135.0,2026-09-03T19:35:26.069617+00:00
2023-04-23,1120.0,1135.0,1119.0,1129.0,1335,1129.0,2026-09-03T19:35:26.069617+00:00
2023-04-24,1118.0,1130.0,1112.1,1123.0,1255,1123.0,2026-09-03T19:35:26.069617+00:00
2023-04-25,1111.0,1127.0,1111.0,1120.0,592,1120.0,2026-09-03T19:35:26.069617+00:00
2023-04-26,1120.0,1136.9,1110.0,1110.0,1873,1110.0,2026-09-03T19:35:26.069617+00:00
2023-04-27,1110.1,1120.1,1102.1,1115.0,1771,1115.0,2026-09-03T19:35:26.069617+00:00
2023-04-30,1101.1,1124.0,1078.0,1078.0,5221,1078.0,2026-09-03T19:35:26.069617+00:00
2023-05-02,1085.0,1095.0,1064.0,1080.1,1457,1080.1,2026-09-03T19:35:26.069617+00:00
2023-05-03,1067.0,1080.0,1066.1,1078.0,515,1078.0,2026-09-03T19:35:26.069617+00:00
2023-05-04,1060.1,1099.5,1060.0,1093.0,1162,1093.0,2026-09-03T19:35:26.069617+00:00
2023-05-07,1072.1,1075.0,1050.6,1064.0,1210,1064.0,2026-09-03T19:35:26.069617+00:00
2023-05-08,1042.8,1050.0,1023.5,1023.5,1930,1023.5,2026-09-03T19:35:26.069617+00:00
2023-05-09,1003.1,1060.0,1003.1,1037.0,1530,1037.0,2026-09-03T19:35:26.069617+00:00
2023-05-10,1021.1,1035.0,1010.0,1010.0,1110,1010.0,2026-09-03T19:35:26.069617+00:00
2023-05-11,1010.0,1020.0,1000.0,1008.0,900,1008.0,2026-09-03T19:35:26.069617+00:00
2023-05-14,1025.0,1040.0,1013.0,1015.0,721,1015.0,2026-09-03T19:35:26.069617+00:00
2023-05-15,1006.3,1025.0,1006.2,1015.0,834,1015.0,2026-09-03T19:35:26.069617+00:00
2023-05-16,1003.0,1025.0,1003.0,1020.0,851,1020.0,2026-09-03T19:35:26.069617+00:00
2023-05-17,1024.9,1034.0,1019.0,1020.0,590,1020.0,2026-09-03T19:35:26.069617+00:00
2023-05-18,1040.0,1085.0,1037.0,1060.0,1449,1060.0,2026-09-03T19:35:26.069617+00:00
2023-05-21,1079.9,1088.0,1040.0,1054.0,3475,1054.0,2026-09-03T19:35:26.069617+00:00
2023-05-22,1034.0,1100.0,1034.0,1075.0,2505,1075.0,2026-09-03T19:35:26.069617+00:00
2023-05-23,1096.0,1148.0,1085.0,1130.0,6743,1130.0,2026-09-03T19:35:26.069617+00:00
2023-05-24,1111.0,1190.0,1111.0,1178.0,5685,1178.0,2026-09-03T19:35:26.069617+00:00
2023-05-28,1165.0,1189.3,1132.0,1136.0,11597,1136.0,2026-09-03T19:35:26.069617+00:00
2023-05-30,1114.0,1125.0,1090.0,1111.0,7680,1111.0,2026-09-03T19:35:26.069617+00:00
2023-05-31,1133.2,1133.2,1060.0,1090.0,4553,1090.0,2026-09-03T19:35:26.069617+00:00
2023-06-01,1104.0,1110.0,1062.1,1089.0,2162,1089.0,2026-09-03T19:35:26.069617+00:00
2023-06-04,1110.0,1146.0,1100.0,1125.1,2562,1125.1,2026-09-03T19:35:26.069617+00:00
2023-06-05,1125.1,1152.0,1104.0,1106.1,2416,1106.1,2026-09-03T19:35:26.069617+00:00
2023-06-06,1087.0,1150.0,1087.0,1140.0,3313,1140.0,2026-09-03T19:35:26.069617+00:00
2023-06-07,1135.0,1170.0,1135.0,1152.0,2939,1152.0,2026-09-03T19:35:26.069617+00:00
2023-06-08,1129.0,1145.0,1125.1,1132.1,2093,1132.1,2026-09-03T19:35:26.069617+00:00
2023-06-11,1112.0,1155.0,1112.0,1142.0,4128,1142.0,2026-09-03T19:35:26.069617+00:00
2023-06-12,1140.0,1256.0,1122.0,1256.0,14062,1256.0,2026-09-03T19:35:26.069617+00:00
2023-06-13,1260.0,1326.0,1215.0,1270.0,15686,1270.0,2026-09-03T19:35:26.069617+00:00
2023-06-14,1250.0,1298.0,1215.0,1258.0,9680,1258.0,2026-09-03T19:35:26.069617+00:00
2023-06-15,1258.0,1285.0,1212.0,1279.9,9691,1279.9,2026-09-03T19:35:26.069617+00:00
2023-06-18,1300.0,1315.0,1270.0,1301.0,13620,1301.0,2026-09-03T19:35:26.069617+00:00
2023-06-19,1282.0,1307.0,1265.0,1284.5,5603,1284.5,2026-09-03T19:35:26.069617+00:00
2023-06-20,1265.0,1305.0,1206.0,1225.0,7983,1225.0,2026-09-03T19:35:26.069617+00:00
2023-06-21,1216.0,1284.0,1212.0,1244.0,7035,1244.0,2026-09-03T19:35:26.069617+00:00
2023-06-22,1223.1,1339.0,1223.0,1320.0,19284,1320.0,2026-09-03T19:35:26.069617+00:00
2023-06-25,1320.1,1375.0,1316.0,1350.0,27667,1350.0,2026-09-03T19:35:26.069617+00:00
2023-06-26,1350.0,1367.0,1306.0,1306.0,10207,1306.0,2026-09-03T19:35:26.069617+00:00
2023-06-27,1300.0,1355.0,1300.0,1320.0,25194,1320.0,2026-09-03T19:35:26.069617+00:00
2023-06-28,1304.0,1315.0,1276.0,1277.0,12431,1277.0,2026-09-03T19:35:26.069617+00:00
2023-07-02,1277.0,1299.0,1249.0,1249.0,7903,1249.0,2026-09-03T19:35:26.069617+00:00
2023-07-03,1250.0,1295.0,1226.0,1295.0,7833,1295.0,2026-09-03T19:35:26.069617+00:00
2023-07-04,1300.0,1311.0,1260.0,1297.0,6617,1297.0,2026-09-03T19:35:26.069617+00:00
2023-07-05,1286.0,1287.0,1250.0,1280.0,3152,1280.0,2026-09-03T19:35:26.069617+00:00
2023-07-06,1289.0,1318.0,1240.0,1280.0,4470,1280.0,2026-09-03T19:35:26.069617+00:00
2023-07-09,1280.0,1352.0,1260.0,1350.0,9457,1350.0,2026-09-03T19:35:26.069617+00:00
2023-07-10,1350.0,1375.0,1301.0,1336.0,6805,1336.0,2026-09-03T19:35:26.069617+00:00
2023-07-11,1312.0,1325.0,1291.2,1292.0,4234,1292.0,2026-09-03T19:35:26.069617+00:00
2023-07-12,1310.0,1310.0,1284.2,1288.0,1518,1288.0,2026-09-03T19:35:26.069617+00:00
2023-07-13,1312.0,1313.0,1260.0,1290.0,2773,1290.0,2026-09-03T19:35:26.069617+00:00
2023-07-16,1300.0,1300.0,1261.1,1280.0,1445,1280.0,2026-09-03T19:35:26.069617+00:00
2023-07-17,1256.0,1327.0,1254.4,1326.0,9009,1326.0,2026-09-03T19:35:26.069617+00:00
2023-07-18,1331.9,1331.9,1300.0,1304.0,2256,1304.0,2026-09-03T19:35:26.069617+00:00
2023-07-19,1304.0,1328.0,1300.0,1301.0,4635,1301.0,2026-09-03T19:35:26.069617+00:00
2023-07-20,1327.0,1353.0,1283.2,1309.0,2627,1309.0,2026-09-03T19:35:26.069617+00:00
2023-07-23,1335.0,1439.9,1335.0,1439.9,63782,1439.9,2026-09-03T19:35:26.069617+00:00
2023-07-24,1468.0,1520.0,1388.0,1470.0,27357,1470.0,2026-09-03T19:35:26.069617+00:00
2023-07-25,1499.0,1499.0,1410.0,1438.0,14729,1438.0,2026-09-03T19:35:26.069617+00:00
2023-07-26,1420.0,1439.0,1362.2,1405.0,23992,1405.0,2026-09-03T19:35:26.069617+00:00
2023-07-27,1419.0,1419.0,1350.0,1373.0,7833,1373.0,2026-09-03T19:35:26.069617+00:00
2023-07-30,1389.9,1389.9,1325.1,1327.0,9712,1327.0,2026-09-03T19:35:26.069617+00:00
2023-07-31,1320.0,1371.0,1320.0,1340.0,9054,1340.0,2026-09-03T19:35:26.069617+00:00
2023-08-01,1340.0,1386.0,1325.2,1345.0,7522,1345.0,2026-09-03T19:35:26.069617+00:00
2023-08-02,1328.0,1360.0,1323.0,1355.0,4697,1355.0,2026-09-03T19:35:26.069617+00:00
2023-08-03,1355.0,1360.0,1312.0,1345.0,9993,1345.0,2026-09-03T19:35:26.069617+00:00
2023-08-06,1345.0,1355.0,1250.0,1275.0,15082,1275.0,2026-09-03T19:35:26.069617+00:00
2023-08-07,1298.0,1310.0,1273.0,1295.0,3283,1295.0,2026-09-03T19:35:26.069617+00:00
2023-08-08,1285.0,1305.0,1237.9,1270.0,6368,1270.0,2026-09-03T19:35:26.069617+00:00
2023-08-09,1246.0,1315.0,1246.0,1315.0,5688,1315.0,2026-09-03T19:35:26.069617+00:00
2023-08-10,1314.0,1340.0,1292.1,1295.1,6531,1295.1,2026-09-03T19:35:26.069617+00:00
2023-08-13,1290.0,1315.0,1281.0,1303.0,7740,1303.0,2026-09-03T19:35:26.069617+00:00
2023-08-14,1303.0,1328.0,1290.0,1299.9,3535,1299.9,2026-09-03T19:35:26.069617+00:00
2023-08-15,1320.0,1351.0,1295.0,1302.1,9722,1302.1,2026-09-03T19:35:26.069617+00:00
2023-08-16,1303.0,1322.3,1277.0,1307.0,9271,1307.0,2026-09-03T19:35:26.069617+00:00
2023-08-17,1308.0,1319.3,1290.0,1310.0,2064,1310.0,2026-09-03T19:35:26.069617+00:00
2023-08-20,1290.0,1319.0,1270.0,1280.0,5824,1280.0,2026-09-03T19:35:26.069617+00:00
2023-08-21,1264.0,1292.0,1264.0,1266.4,1614,1266.4,2026-09-03T19:35:26.069617+00:00
2023-08-22,1290.0,1290.0,1267.0,1285.0,4590,1285.0,2026-09-03T19:35:26.069617+00:00
2023-08-23,1289.0,1299.0,1274.0,1295.0,4518,1295.0,2026-09-03T19:35:26.069617+00:00
2023-08-24,1295.0,1300.0,1268.0,1268.0,2667,1268.0,2026-09-03T19:35:26.069617+00:00
2023-08-27,1255.0,1274.9,1252.0,1269.5,4739,1269.5,2026-09-03T19:35:26.069617+00:00
2023-08-28,1246.0,1284.0,1246.0,1255.0,1672,1255.0,2026-09-03T19:35:26.069617+00:00
2023-08-29,1251.3,1265.0,1246.0,1254.0,4196,1254.0,2026-09-03T19:35:26.069617+00:00
2023-08-30,1255.0,1270.0,1241.0,1253.0,4483,1253.0,2026-09-03T19:35:26.069617+00:00
2023-09-03,1240.0,1241.0,1220.0,1235.0,2369,1235.0,2026-09-03T19:35:26.069617+00:00
2023-09-04,1259.0,1259.7,1220.6,1231.0,7376,1231.0,2026-09-03T19:35:26.069617+00:00
2023-09-05,1223.0,1224.0,1216.1,1224.0,2606,1224.0,2026-09-03T19:35:26.069617+00:00
2023-09-07,1205.0,1216.1,1200.0,1201.0,4120,1201.0,2026-09-03T19:35:26.069617+00:00
2023-09-10,1205.0,1225.0,1204.0,1224.9,1046,1224.9,2026-09-03T19:35:26.069617+00:00
2023-09-11,1206.2,1275.0,1206.2,1275.0,2092,1275.0,2026-09-03T19:35:26.069617+00:00
2023-09-12,1250.0,1251.0,1225.0,1240.0,1812,1240.0,2026-09-03T19:35:26.069617+00:00
2023-09-13,1216.5,1260.0,1216.5,1260.0,3658,1260.0,2026-09-03T19:35:26.069617+00:00
2023-09-17,1250.0,1285.0,1221.0,1223.0,2681,1223.0,2026-09-03T19:35:26.069617+00:00
2023-09-18,1223.0,1237.0,1215.0,1218.0,5767,1218.0,2026-09-03T19:35:26.069617+00:00
2023-09-19,1242.0,1242.0,1215.3,1238.0,1339,1238.0,2026-09-03T19:35:26.069617+00:00
2023-09-21,1260.0,1267.9,1238.0,1255.0,4642,1255.0,2026-09-03T19:35:26.069617+00:00
2023-09-24,1250.0,1250.0,1225.0,1242.0,2552,1242.0,2026-09-03T19:35:26.069617+00:00
2023-09-25,1240.0,1248.0,1208.0,1220.0,4520,1220.0,2026-09-03T19:35:26.069617+00:00
2023-09-26,1244.4,1244.4,1201.0,1201.0,7656,1201.0,2026-09-03T19:35:26.069617+00:00
2023-09-27,1208.0,1217.0,1193.0,1202.0,3221,1202.0,2026-09-03T19:35:26.069617+00:00
2023-10-01,1195.0,1200.0,1173.0,1198.0,3796,1198.0,2026-09-03T19:35:26.069617+00:00
2023-10-02,1187.0,1205.0,1170.0,1199.0,3749,1199.0,2026-09-03T19:35:26.069617+00:00
2023-10-03,1190.0,1190.0,1165.7,1165.7,1724,1165.7,2026-09-03T19:35:26.069617+00:00
2023-10-04,1161.2,1180.0,1161.2,1175.0,1761,1175.0,2026-09-03T19:35:26.069617+00:00
2023-10-05,1190.0,1190.0,1153.0,1155.0,1679,1155.0,2026-09-03T19:35:26.069617+00:00
2023-10-08,1162.0,1162.0,1110.0,1126.0,5179,1126.0,2026-09-03T19:35:26.069617+00:00
2023-10-09,1110.0,1120.0,1096.2,1096.2,2260,1096.2,2026-09-03T19:35:26.069617+00:00
2023-10-10,1090.0,1100.0,1071.0,1080.0,2414,1080.0,2026-09-03T19:35:26.069617+00:00
2023-10-11,1088.0,1097.5,1081.0,1090.0,1544,1090.0,2026-09-03T19:35:26.069617+00:00
2023-10-12,1111.8,1111.8,1071.5,1071.5,1965,1071.5,2026-09-03T19:35:26.069617+00:00
2023-10-16,1056.1,1076.0,1040.0,1054.0,1004,1054.0,2026-09-03T19:35:26.069617+00:00
2023-10-17,1075.0,1075.0,1050.0,1066.0,1863,1066.0,2026-09-03T19:35:26.069617+00:00
2023-10-18,1060.0,1100.0,1060.0,1090.0,765,1090.0,2026-09-03T19:35:26.069617+00:00
2023-10-19,1070.0,1100.0,1068.2,1097.7,2440,1097.7,2026-09-03T19:35:26.069617+00:00
2023-10-29,1076.0,1076.0,1040.0,1062.0,1272,1062.0,2026-09-03T19:35:26.069617+00:00
2023-10-30,1046.2,1070.0,1046.2,1059.0,578,1059.0,2026-09-03T19:35:26.069617+00:00
2023-10-31,1045.0,1056.0,1039.0,1056.0,1501,1056.0,2026-09-03T19:35:26.069617+00:00
2023-11-01,1041.2,1062.0,1041.2,1060.0,910,1060.0,2026-09-03T19:35:26.069617+00:00
2023-11-02,1055.0,1124.0,1045.0,1124.0,1346,1124.0,2026-09-03T19:35:26.069617+00:00
2023-11-05,1101.6,1101.6,1070.0,1084.4,1383,1084.4,2026-09-03T19:35:26.069617+00:00
2023-11-06,1085.0,1100.0,1080.0,1091.0,2039,1091.0,2026-09-03T19:35:26.069617+00:00
2023-11-07,1100.0,1116.0,1088.0,1091.0,1385,1091.0,2026-09-03T19:35:26.069617+00:00
2023-11-06,1085.0,1100.0,1080.0,1091.0,2039,1091.0,2026-09-03T19:35:26.069617+00:00
2023-11-07,1100.0,1116.0,1088.0,1091.0,1385,1091.0,2026-09-03T19:35:26.069617+00:00
2023-11-08,1091.0,1109.0,1087.0,1087.0,696,1087.0,2026-09-03T19:35:26.069617+00:00
2023-11-09,1077.0,1087.0,1077.0,1077.0,651,1077.0,2026-09-03T19:35:26.069617+00:00
2023-11-20,1098.0,1100.0,1060.5,1079.0,1937,1079.0,2026-09-03T19:35:26.069617+00:00
2023-11-21,1075.0,1088.0,1051.0,1051.0,907,1051.0,2026-09-03T19:35:26.069617+00:00
2023-11-22,1040.0,1092.0,1040.0,1089.0,1357,1089.0,2026-09-03T19:35:26.069617+00:00
2023-11-23,1080.0,1100.0,1080.0,1092.5,768,1092.5,2026-09-03T19:35:26.069617+00:00
2023-11-26,1113.0,1119.0,1097.0,1113.0,2565,1113.0,2026-09-03T19:35:26.069617+00:00
2023-11-27,1100.0,1120.0,1100.0,1105.0,2113,1105.0,2026-09-03T19:35:26.069617+00:00
2023-11-28,1126.0,1126.0,1086.1,1109.0,2525,1109.0,2026-09-03T19:35:26.069617+00:00
2023-11-29,1130.0,1150.0,1110.0,1111.0,2904,1111.0,2026-09-03T19:35:26.069617+00:00
2023-11-30,1100.0,1122.0,1078.0,1098.0,1557,1098.0,2026-09-03T19:35:26.069617+00:00
2023-12-03,1089.0,1089.0,1070.2,1070.2,3426,1070.2,2026-09-03T19:35:26.069617+00:00
2023-12-04,1067.0,1089.0,1054.4,1056.0,2638,1056.0,2026-09-03T19:35:26.069617+00:00
2023-12-05,1040.1,1074.0,1007.0,1007.0,6797,1007.0,2026-09-03T19:35:26.069617+00:00
2023-12-06,996.0,1017.0,987.3,1010.0,3750,1010.0,2026-09-03T19:35:26.069617+00:00
2023-12-07,1010.0,1032.9,991.5,1013.1,4439,1013.1,2026-09-03T19:35:26.069617+00:00
2023-12-10,1033.0,1114.0,1033.0,1114.0,870,1114.0,2026-09-03T19:35:26.069617+00:00
2023-12-11,1136.2,1136.2,1070.0,1079.9,11746,1079.9,2026-09-03T19:35:26.069617+00:00
2023-12-12,1080.0,1096.0,1047.7,1075.0,11237,1075.0,2026-09-03T19:35:26.069617+00:00
2023-12-13,1060.2,1075.0,1045.0,1050.0,11069,1050.0,2026-09-03T19:35:26.069617+00:00
2023-12-14,1035.0,1069.9,1035.0,1050.3,5024,1050.3,2026-09-03T19:35:26.069617+00:00
2023-12-17,1045.0,1065.0,1030.0,1040.0,8840,1040.0,2026-09-03T19:35:26.069617+00:00
2023-12-18,1048.1,1108.7,1048.1,1081.0,15022,1081.0,2026-09-03T19:35:26.069617+00:00
2023-12-19,1102.0,1159.7,1081.1,1150.0,15144,1150.0,2026-09-03T19:35:26.069617+00:00
2023-12-20,1127.0,1150.0,1099.9,1120.0,11558,1120.0,2026-09-03T19:35:26.069617+00:00
2023-12-21,1120.0,1135.0,1095.0,1096.0,11364,1096.0,2026-09-03T19:35:26.069617+00:00
2023-12-24,1085.9,1085.9,1001.0,1029.0,22728,1029.0,2026-09-03T19:35:26.069617+00:00
2023-12-27,1049.0,1059.0,968.0,980.0,34740,980.0,2026-09-03T19:35:26.069617+00:00
2023-12-28,999.0,1000.0,970.6,980.1,15031,980.1,2026-09-03T19:35:26.069617+00:00
2024-01-01,980.0,984.9,954.0,957.0,16228,957.0,2026-09-03T19:35:26.069617+00:00
2024-01-02,958.0,960.0,935.1,935.1,12094,935.1,2026-09-03T19:35:26.069617+00:00
2024-01-03,950.2,962.0,940.0,962.0,8764,962.0,2026-09-03T19:35:26.069617+00:00
2024-01-04,981.0,1019.0,956.1,956.1,9737,956.1,2026-09-03T19:35:26.069617+00:00
2024-01-07,956.0,962.0,927.0,940.0,12604,940.0,2026-09-03T19:35:26.069617+00:00
2024-01-08,930.0,940.0,902.1,913.0,17435,913.0,2026-09-03T19:35:26.069617+00:00
2024-01-09,901.0,950.0,901.0,943.0,14982,943.0,2026-09-03T19:35:26.069617+00:00
2024-01-10,950.0,960.0,915.1,924.0,8737,924.0,2026-09-03T19:35:26.069617+00:00
2024-01-11,924.0,940.0,911.0,924.0,6061,924.0,2026-09-03T19:35:26.069617+00:00
2024-01-14,930.0,935.0,915.0,915.6,9777,915.6,2026-09-03T19:35:26.069617+00:00
2024-01-16,920.0,925.0,910.5,918.0,18016,918.0,2026-09-03T19:35:26.069617+00:00
2024-01-17,935.0,935.0,915.1,918.0,17440,918.0,2026-09-03T19:35:26.069617+00:00
2024-01-18,910.0,925.0,905.0,920.0,9327,920.0,2026-09-03T19:35:26.069617+00:00
2024-01-21,920.0,920.0,901.6,905.0,17105,905.0,2026-09-03T19:35:26.069617+00:00
2024-01-22,886.9,925.0,840.0,863.0,30948,863.0,2026-09-03T19:35:26.069617+00:00
2024-01-23,845.8,949.3,796.2,949.3,53539,949.3,2026-09-03T19:35:26.069617+00:00
2024-01-24,968.2,1044.2,968.2,1044.2,58555,1044.2,2026-09-03T19:35:26.069617+00:00
2024-01-25,1065.0,1145.0,1019.2,1045.0,47959,1045.0,2026-09-03T19:35:26.069617+00:00
2024-01-28,1045.0,1045.0,941.0,942.0,73501,942.0,2026-09-03T19:35:26.069617+00:00
2024-01-29,940.0,940.5,907.0,914.1,42352,914.1,2026-09-03T19:35:26.069617+00:00
2024-01-30,914.1,1005.5,880.1,1005.5,137948,1005.5,2026-09-03T19:35:26.069617+00:00
2024-01-31,1019.0,1035.0,960.0,960.0,44614,960.0,2026-09-03T19:35:26.069617+00:00
2024-02-01,940.8,982.9,939.0,947.0,34596,947.0,2026-09-03T19:35:26.069617+00:00
2024-02-04,950.0,950.0,915.0,939.0,45115,939.0,2026-09-03T19:35:26.069617+00:00
2024-02-05,925.0,940.0,900.0,903.0,65754,903.0,2026-09-03T19:35:26.069617+00:00
2024-02-06,905.0,925.0,905.0,906.0,27043,906.0,2026-09-03T19:35:26.069617+00:00
2024-02-07,903.0,946.9,903.0,926.0,51745,926.0,2026-09-03T19:35:26.069617+00:00
2024-02-08,908.0,929.9,908.0,920.0,96206,920.0,2026-09-03T19:35:26.069617+00:00
2024-02-11,938.4,938.4,902.0,907.0,33788,907.0,2026-09-03T19:35:26.069617+00:00
2024-02-12,918.0,919.8,899.0,909.0,49539,909.0,2026-09-03T19:35:26.069617+00:00
2024-02-13,927.1,927.1,880.1,883.0,39818,883.0,2026-09-03T19:35:26.069617+00:00
2024-02-14,900.0,900.0,873.0,888.0,33500,888.0,2026-09-03T19:35:26.069617+00:00
2024-02-15,873.0,896.0,872.5,872.5,14405,872.5,2026-09-03T19:35:26.069617+00:00
2024-02-18,882.0,889.0,852.6,860.0,21481,860.0,2026-09-03T19:35:26.069617+00:00
2024-02-20,860.0,877.0,855.0,859.0,6043,859.0,2026-09-03T19:35:26.069617+00:00
2024-02-21,855.0,870.0,835.0,847.0,15511,847.0,2026-09-03T19:35:26.069617+00:00
2024-02-22,863.9,863.9,829.0,830.0,14308,830.0,2026-09-03T19:35:26.069617+00:00
2024-02-25,846.6,846.6,815.0,819.0,14307,819.0,2026-09-03T19:35:26.069617+00:00
2024-02-26,819.0,831.9,809.0,824.0,16957,824.0,2026-09-03T19:35:26.069617+00:00
2024-02-27,824.0,834.0,810.0,824.0,10999,824.0,2026-09-03T19:35:26.069617+00:00
2024-02-28,840.4,840.4,810.0,818.0,16455,818.0,2026-09-03T19:35:26.069617+00:00
2024-02-29,834.2,834.2,798.7,805.0,25487,805.0,2026-09-03T19:35:26.069617+00:00
2024-03-03,805.0,817.0,798.0,811.0,14452,811.0,2026-09-03T19:35:26.069617+00:00
2024-03-04,827.0,876.9,827.0,876.9,920,876.9,2026-09-03T19:35:26.069617+00:00
2024-03-05,877.0,880.0,823.2,827.0,21372,827.0,2026-09-03T19:35:26.069617+00:00
2024-03-06,815.1,840.9,808.0,825.9,16175,825.9,2026-09-03T19:35:26.069617+00:00
2024-03-07,842.4,842.4,810.0,818.0,15450,818.0,2026-09-03T19:35:26.069617+00:00
2024-03-10,834.0,834.0,818.0,824.2,14453,824.2,2026-09-03T19:35:26.069617+00:00
2024-03-12,840.6,857.4,825.0,854.9,25533,854.9,2026-09-03T19:35:26.069617+00:00
2024-03-13,871.9,871.9,840.0,843.0,20078,843.0,2026-09-03T19:35:26.069617+00:00
2024-03-14,859.8,859.8,830.0,830.0,20354,830.0,2026-09-03T19:35:26.069617+00:00
2024-03-17,846.6,846.6,825.0,827.0,10155,827.0,2026-09-03T19:35:26.069617+00:00
2024-03-18,843.5,843.5,820.2,832.0,11930,832.0,2026-09-03T19:35:26.069617+00:00
2024-03-19,848.6,848.6,830.0,830.0,10694,830.0,2026-09-03T19:35:26.069617+00:00
2024-03-20,846.6,846.6,821.0,833.0,8661,833.0,2026-09-03T19:35:26.069617+00:00
2024-03-21,849.6,849.6,818.1,822.0,10844,822.0,2026-09-03T19:35:26.069617+00:00
2024-03-25,830.0,830.0,815.0,817.5,6786,817.5,2026-09-03T19:35:26.069617+00:00
2024-03-26,821.0,832.0,820.1,823.0,3916,823.0,2026-09-03T19:35:26.069617+00:00
2024-03-27,820.0,828.0,819.0,820.1,7117,820.1,2026-09-03T19:35:26.069617+00:00
2024-03-28,825.0,827.0,814.1,818.2,9133,818.2,2026-09-03T19:35:26.069617+00:00
2024-03-31,818.2,830.0,810.0,813.5,8763,813.5,2026-09-03T19:35:26.069617+00:00
2024-04-01,807.0,820.0,806.5,810.0,4776,810.0,2026-09-03T19:35:26.069617+00:00
2024-04-02,826.0,826.0,809.0,811.0,10724,811.0,2026-09-03T19:35:26.069617+00:00
2024-04-03,810.0,818.0,810.0,811.5,5670,811.5,2026-09-03T19:35:26.069617+00:00
2024-04-04,819.0,819.0,808.0,809.0,6419,809.0,2026-09-03T19:35:26.069617+00:00
2024-04-07,804.0,821.0,804.0,820.0,8675,820.0,2026-09-03T19:35:26.069617+00:00
2024-04-09,820.0,835.0,815.0,820.0,8152,820.0,2026-09-03T19:35:26.069617+00:00
2024-04-10,820.0,820.0,808.0,808.0,7276,808.0,2026-09-03T19:35:26.069617+00:00
2024-04-14,801.0,824.0,801.0,820.0,5037,820.0,2026-09-03T19:35:26.069617+00:00
2024-04-15,812.0,815.0,803.6,805.0,10325,805.0,2026-09-03T19:35:26.069617+00:00
2024-04-16,805.0,805.0,797.0,798.0,13797,798.0,2026-09-03T19:35:26.069617+00:00
2024-04-18,799.0,802.0,790.0,790.0,9967,790.0,2026-09-03T19:35:26.069617+00:00
2024-04-21,793.5,795.0,773.0,781.0,14255,781.0,2026-09-03T19:35:26.069617+00:00
2024-04-22,781.0,790.0,777.0,788.0,4728,788.0,2026-09-03T19:35:26.069617+00:00
2024-04-24,788.0,788.0,773.0,780.0,5513,780.0,2026-09-03T19:35:26.069617+00:00
2024-04-25,773.0,780.0,772.5,773.6,5429,773.6,2026-09-03T19:35:26.069617+00:00
2024-04-28,780.0,785.0,774.9,780.0,11054,780.0,2026-09-03T19:35:26.069617+00:00
2024-04-29,780.0,785.0,770.0,772.0,7698,772.0,2026-09-03T19:35:26.069617+00:00
2024-04-30,772.0,792.0,769.0,784.9,8244,784.9,2026-09-03T19:35:26.069617+00:00
2024-05-02,800.5,800.5,780.0,780.1,10086,780.1,2026-09-03T19:35:26.069617+00:00
2024-05-05,780.0,790.0,767.1,768.0,8522,768.0,2026-09-03T19:35:26.069617+00:00
2024-05-06,780.0,780.0,760.0,762.0,11468,762.0,2026-09-03T19:35:26.069617+00:00
2024-05-07,770.0,800.0,762.0,763.3,3146,763.3,2026-09-03T19:35:26.069617+00:00
2024-05-08,769.9,772.0,762.0,765.0,4189,765.0,2026-09-03T19:35:26.069617+00:00
2024-05-09,767.0,820.0,766.3,808.0,33000,808.0,2026-09-03T19:35:26.069617+00:00
2024-05-12,824.1,825.0,790.0,794.5,9093,794.5,2026-09-03T19:35:26.069617+00:00
2024-05-13,809.0,809.0,780.0,785.0,5038,785.0,2026-09-03T19:35:26.069617+00:00
2024-05-14,775.0,799.9,775.0,795.5,7574,795.5,2026-09-03T19:35:26.069617+00:00
2024-05-15,796.0,808.0,787.0,787.0,10933,787.0,2026-09-03T19:35:26.069617+00:00
2024-05-16,795.0,795.0,785.0,790.0,6083,790.0,2026-09-03T19:35:26.069617+00:00
2024-05-19,790.0,815.0,788.0,796.0,8559,796.0,2026-09-03T19:35:26.069617+00:00
2024-05-20,811.0,811.0,794.0,800.0,15662,800.0,2026-09-03T19:35:26.069617+00:00
2024-05-21,795.1,810.0,791.1,802.0,13145,802.0,2026-09-03T19:35:26.069617+00:00
2024-05-22,803.0,860.0,803.0,850.0,43519,850.0,2026-09-03T19:35:26.069617+00:00
2024-05-26,850.0,889.0,846.0,877.0,50340,877.0,2026-09-03T19:35:26.069617+00:00
2024-05-27,894.5,901.0,867.1,880.0,43902,880.0,2026-09-03T19:35:26.069617+00:00
2024-05-29,897.6,925.0,890.0,890.0,46546,890.0,2026-09-03T19:35:26.069617+00:00
2024-05-30,890.0,891.0,855.0,863.5,28987,863.5,2026-09-03T19:35:26.069617+00:00
2024-06-02,864.0,866.0,845.0,845.0,27909,845.0,2026-09-03T19:35:26.069617+00:00
2024-06-03,860.0,877.0,842.1,851.0,17299,851.0,2026-09-03T19:35:26.069617+00:00
2024-06-04,855.0,865.0,855.0,856.8,12493,856.8,2026-09-03T19:35:26.069617+00:00
2024-06-05,869.0,869.1,850.0,857.0,14584,857.0,2026-09-03T19:35:26.069617+00:00
2024-06-06,865.0,873.9,857.1,860.0,17449,860.0,2026-09-03T19:35:26.069617+00:00
2024-06-09,861.0,901.9,861.0,885.0,40381,885.0,2026-09-03T19:35:26.069617+00:00
2024-06-10,900.0,902.7,875.0,875.0,12676,875.0,2026-09-03T19:35:26.069617+00:00
2024-06-11,888.0,888.0,866.3,878.9,11624,878.9,2026-09-03T19:35:26.069617+00:00
2024-06-12,894.0,894.0,863.0,865.0,16257,865.0,2026-09-03T19:35:26.069617+00:00
2024-06-13,870.0,880.0,854.0,854.0,16154,854.0,2026-09-03T19:35:26.069617+00:00
2024-06-16,855.0,871.0,854.1,860.0,11359,860.0,2026-09-03T19:35:26.069617+00:00
2024-06-18,850.1,864.0,848.0,852.9,9101,852.9,2026-09-03T19:35:26.069617+00:00
2024-06-19,853.0,861.0,852.0,859.8,9564,859.8,2026-09-03T19:35:26.069617+00:00
2024-06-20,875.0,875.0,850.1,850.1,12675,850.1,2026-09-03T19:35:26.069617+00:00
2024-06-23,847.0,859.9,837.0,840.0,10740,840.0,2026-09-03T19:35:26.069617+00:00
2024-06-24,838.0,854.9,838.0,840.0,7928,840.0,2026-09-03T19:35:26.069617+00:00
2024-06-25,845.0,860.0,841.0,851.1,8832,851.1,2026-09-03T19:35:26.069617+00:00
2024-06-26,859.9,860.5,840.1,845.0,6505,845.0,2026-09-03T19:35:26.069617+00:00
2024-06-27,841.0,846.0,838.1,838.1,6365,838.1,2026-09-03T19:35:26.069617+00:00
2024-06-30,833.0,844.8,833.0,833.1,4468,833.1,2026-09-03T19:35:26.069617+00:00
2024-07-01,835.0,845.0,835.0,839.0,8159,839.0,2026-09-03T19:35:26.069617+00:00
2024-07-02,855.7,872.0,850.0,855.0,9642,855.0,2026-09-03T19:35:26.069617+00:00
2024-07-03,848.2,858.0,839.0,840.0,7839,840.0,2026-09-03T19:35:26.069617+00:00
2024-07-04,856.0,863.3,840.1,857.5,14486,857.5,2026-09-03T19:35:26.069617+00:00
2024-07-07,852.0,907.0,852.0,883.0,28201,883.0,2026-09-03T19:35:26.069617+00:00
2024-07-08,899.0,899.0,865.7,866.6,12068,866.6,2026-09-03T19:35:26.069617+00:00
2024-07-09,883.9,884.8,870.0,872.0,8951,872.0,2026-09-03T19:35:26.069617+00:00
2024-07-10,881.0,887.9,872.0,880.2,18462,880.2,2026-09-03T19:35:26.069617+00:00
2024-07-11,897.0,898.5,886.1,888.0,25300,888.0,2026-09-03T19:35:26.069617+00:00
2024-07-14,905.7,926.0,900.0,915.0,27573,915.0,2026-09-03T19:35:26.069617+00:00
2024-07-15,930.0,930.0,900.0,908.0,18647,908.0,2026-09-03T19:35:26.069617+00:00
2024-07-16,907.1,965.0,907.1,960.0,52339,960.0,2026-09-03T19:35:26.069617+00:00
2024-07-17,960.0,1000.0,960.0,995.0,50674,995.0,2026-09-03T19:35:26.069617+00:00
2024-07-18,1000.0,1010.0,976.2,977.1,36207,977.1,2026-09-03T19:35:26.069617+00:00
2024-07-21,985.0,1018.0,975.0,1008.0,50040,1008.0,2026-09-03T19:35:26.069617+00:00
2024-07-22,1008.0,1018.0,988.0,1000.0,38772,1000.0,2026-09-03T19:35:26.069617+00:00
2024-07-23,1000.0,1090.0,992.1,1083.0,56176,1083.0,2026-09-03T19:35:26.069617+00:00
2024-07-24,1100.0,1191.3,1100.0,1191.0,126011,1191.0,2026-09-03T19:35:26.069617+00:00
2024-07-25,1214.8,1239.0,1166.3,1171.0,45170,1171.0,2026-09-03T19:35:26.069617+00:00
2024-07-28,1194.0,1218.0,1150.0,1175.0,42475,1175.0,2026-09-03T19:35:26.069617+00:00
2024-07-29,1175.0,1220.7,1171.0,1186.0,62608,1186.0,2026-09-03T19:35:26.069617+00:00
2024-07-30,1186.0,1268.0,1171.0,1244.0,73092,1244.0,2026-09-03T19:35:26.069617+00:00
2024-07-31,1244.0,1360.0,1244.0,1299.8,46216,1299.8,2026-09-03T19:35:26.069617+00:00
2024-08-01,1300.0,1315.0,1240.7,1245.0,56577,1245.0,2026-09-03T19:35:26.069617+00:00
2024-08-05,1269.0,1320.0,1225.0,1320.0,66926,1320.0,2026-09-03T19:35:26.069617+00:00
2024-08-06,1320.0,1349.0,1211.0,1214.0,58863,1214.0,2026-09-03T19:35:26.069617+00:00
2024-08-07,1189.8,1275.0,1189.0,1273.9,36818,1273.9,2026-09-03T19:35:26.069617+00:00
2024-08-08,1298.0,1299.3,1230.0,1250.0,47978,1250.0,2026-09-03T19:35:26.069617+00:00
2024-08-11,1275.0,1275.0,1234.0,1250.0,31898,1250.0,2026-09-03T19:35:26.069617+00:00
2024-08-12,1258.0,1290.0,1239.0,1263.0,45812,1263.0,2026-09-03T19:35:26.069617+00:00
2024-08-13,1263.0,1280.0,1235.1,1238.0,48752,1238.0,2026-09-03T19:35:26.069617+00:00
2024-08-14,1260.0,1260.0,1217.0,1239.0,33195,1239.0,2026-09-03T19:35:26.069617+00:00
2024-08-15,1263.7,1325.0,1250.0,1263.0,208349,1263.0,2026-09-03T19:35:26.069617+00:00
2024-08-18,1280.0,1280.0,1200.0,1205.0,51558,1205.0,2026-09-03T19:35:26.069617+00:00
2024-08-21,1205.0,1224.0,1174.0,1175.0,43307,1175.0,2026-09-03T19:35:26.069617+00:00
2024-08-22,1175.0,1186.0,1137.0,1147.0,68936,1147.0,2026-09-03T19:35:26.069617+00:00
2024-08-25,1150.0,1155.0,1082.9,1089.0,60008,1089.0,2026-09-03T19:35:26.069617+00:00
2024-08-27,1089.0,1132.0,1000.0,1039.9,121225,1039.9,2026-09-03T19:35:26.069617+00:00
2024-08-28,1040.0,1080.0,999.8,1025.0,426711,1025.0,2026-09-03T19:35:26.069617+00:00
2024-08-29,1042.0,1045.0,999.8,1000.0,170563,1000.0,2026-09-03T19:35:26.069617+00:00
2024-09-01,990.0,1015.0,985.0,988.0,90330,988.0,2026-09-03T19:35:26.069617+00:00
2024-09-02,988.0,1019.0,983.0,1019.0,145649,1019.0,2026-09-03T19:35:26.069617+00:00
2024-09-03,1030.0,1095.0,1000.0,1080.0,190231,1080.0,2026-09-03T19:35:26.069617+00:00
2024-09-04,1090.0,1090.0,1023.0,1027.0,68841,1027.0,2026-09-03T19:35:26.069617+00:00
2024-09-05,1010.0,1025.0,995.5,1022.0,68235,1022.0,2026-09-03T19:35:26.069617+00:00
2024-09-08,1042.0,1042.0,1000.0,1002.0,51286,1002.0,2026-09-03T19:35:26.069617+00:00
2024-09-09,1002.0,1003.0,972.0,974.0,76898,974.0,2026-09-03T19:35:26.069617+00:00
2024-09-10,993.0,999.0,967.0,971.9,49878,971.9,2026-09-03T19:35:26.069617+00:00
2024-09-11,972.3,988.0,960.0,962.0,32815,962.0,2026-09-03T19:35:26.069617+00:00
2024-09-12,980.0,994.0,955.0,989.3,48609,989.3,2026-09-03T19:35:26.069617+00:00
2024-09-15,1008.0,1009.0,962.4,964.0,52465,964.0,2026-09-03T19:35:26.069617+00:00
2024-09-16,954.1,964.0,921.0,925.0,53258,925.0,2026-09-03T19:35:26.069617+00:00
2024-09-18,942.0,942.0,910.0,918.0,32257,918.0,2026-09-03T19:35:26.069617+00:00
2024-09-22,936.0,955.0,897.0,910.0,43380,910.0,2026-09-03T19:35:26.069617+00:00
2024-09-23,925.0,925.0,882.0,883.0,29019,883.0,2026-09-03T19:35:26.069617+00:00
2024-09-24,885.0,900.0,864.0,865.0,28213,865.0,2026-09-03T19:35:26.069617+00:00
2024-09-25,859.0,900.0,850.1,899.0,29996,899.0,2026-09-03T19:35:26.069617+00:00
2024-09-26,909.0,909.0,869.7,876.0,25736,876.0,2026-09-03T19:35:26.069617+00:00
2024-09-29,870.0,890.0,858.5,865.0,24846,865.0,2026-09-03T19:35:26.069617+00:00
2024-09-30,880.0,900.0,871.0,900.0,18309,900.0,2026-09-03T19:35:26.069617+00:00
2024-10-01,918.0,949.0,905.0,933.0,80145,933.0,2026-09-03T19:35:26.069617+00:00
2024-10-02,940.0,957.0,890.0,905.0,83595,905.0,2026-09-03T19:35:26.069617+00:00
2024-10-06,906.0,920.0,888.0,905.0,77506,905.0,2026-09-03T19:35:26.069617+00:00
2024-10-07,920.0,969.0,900.0,952.0,286213,952.0,2026-09-03T19:35:26.069617+00:00
2024-10-08,970.0,970.5,932.0,951.0,45846,951.0,2026-09-03T19:35:26.069617+00:00
2024-10-09,963.0,963.0,935.5,944.0,27706,944.0,2026-09-03T19:35:26.069617+00:00
2024-10-15,944.0,944.0,925.0,937.1,44527,937.1,2026-09-03T19:35:26.069617+00:00
2024-10-16,955.8,955.8,937.0,948.0,59905,948.0,2026-09-03T19:35:26.069617+00:00
2024-10-17,966.9,966.9,937.0,939.9,53658,939.9,2026-09-03T19:35:26.069617+00:00
2024-10-20,935.0,943.0,917.0,927.0,64174,927.0,2026-09-03T19:35:26.069617+00:00
2024-10-21,916.3,927.0,895.0,910.0,53511,910.0,2026-09-03T19:35:26.069617+00:00
2024-10-22,910.0,921.0,903.2,914.0,37095,914.0,2026-09-03T19:35:26.069617+00:00
2024-10-23,910.1,925.0,905.1,910.0,31036,910.0,2026-09-03T19:35:26.069617+00:00
2024-10-24,910.0,916.0,902.0,903.6,22386,903.6,2026-09-03T19:35:26.069617+00:00
2024-10-27,904.0,915.0,904.0,906.0,25675,906.0,2026-09-03T19:35:26.069617+00:00
2024-10-28,924.0,924.0,910.0,915.0,19287,915.0,2026-09-03T19:35:26.069617+00:00
2024-10-29,925.0,940.0,918.0,936.9,46844,936.9,2026-09-03T19:35:26.069617+00:00
2024-10-30,942.0,960.0,935.0,937.5,30925,937.5,2026-09-03T19:35:26.069617+00:00
2024-11-05,940.0,949.5,928.0,934.0,21077,934.0,2026-09-03T19:35:26.069617+00:00
2024-11-06,925.0,933.0,923.3,925.0,17242,925.0,2026-09-03T19:35:26.069617+00:00
2024-11-10,930.0,945.7,920.1,943.9,41176,943.9,2026-09-03T19:35:26.069617+00:00
2024-11-11,962.7,962.7,945.0,949.9,43281,949.9,2026-09-03T19:35:26.069617+00:00
2024-11-12,968.8,968.8,940.0,947.0,33941,947.0,2026-09-03T19:35:26.069617+00:00
2024-11-13,946.0,964.0,945.0,951.0,38908,951.0,2026-09-03T19:35:26.069617+00:00
2024-11-14,962.0,998.5,958.0,980.0,73697,980.0,2026-09-03T19:35:26.069617+00:00
2024-11-17,999.6,1030.1,995.0,1011.0,135288,1011.0,2026-09-03T19:35:26.069617+00:00
2024-11-19,1020.0,1039.0,972.0,979.0,119975,979.0,2026-09-03T19:35:26.069617+00:00
2024-11-20,998.5,998.5,974.6,975.0,59373,975.0,2026-09-03T19:35:26.069617+00:00
2024-11-21,989.0,989.0,941.0,945.0,80450,945.0,2026-09-03T19:35:26.069617+00:00
2024-11-24,945.0,960.0,933.0,933.0,31999,933.0,2026-09-03T19:35:26.069617+00:00
2024-11-25,940.0,959.0,930.0,946.3,33056,946.3,2026-09-03T19:35:26.069617+00:00
2024-11-26,927.4,962.0,927.4,955.0,38668,955.0,2026-09-03T19:35:26.069617+00:00
2024-11-27,956.0,980.0,952.5,977.0,57431,977.0,2026-09-03T19:35:26.069617+00:00
2024-11-28,977.0,977.8,956.5,967.0,40831,967.0,2026-09-03T19:35:26.069617+00:00
2024-12-01,967.0,967.0,938.0,948.7,27739,948.7,2026-09-03T19:35:26.069617+00:00
2024-12-02,929.8,1000.0,929.8,974.0,76378,974.0,2026-09-03T19:35:26.069617+00:00
2024-12-03,993.4,993.4,962.5,972.0,29306,972.0,2026-09-03T19:35:26.069617+00:00
2024-12-04,960.0,979.0,953.0,953.0,29329,953.0,2026-09-03T19:35:26.069617+00:00
2024-12-05,955.0,965.0,935.0,935.3,36805,935.3,2026-09-03T19:35:26.069617+00:00
2024-12-08,937.2,950.0,921.0,935.0,25162,935.0,2026-09-03T19:35:26.069617+00:00
2024-12-09,948.0,948.0,925.0,926.0,14936,926.0,2026-09-03T19:35:26.069617+00:00
2024-12-10,927.0,942.4,918.0,922.0,16448,922.0,2026-09-03T19:35:26.069617+00:00
2024-12-11,922.1,935.0,921.0,933.0,7753,933.0,2026-09-03T19:35:26.069617+00:00
2024-12-12,947.9,948.0,917.2,919.0,23893,919.0,2026-09-03T19:35:26.069617+00:00
2024-12-16,920.0,924.0,910.0,912.0,21295,912.0,2026-09-03T19:35:26.069617+00:00
2024-12-17,925.0,925.0,907.0,914.0,10635,914.0,2026-09-03T19:35:26.069617+00:00
2024-12-18,915.0,925.0,911.0,912.2,9664,912.2,2026-09-03T19:35:26.069617+00:00
2024-12-19,912.3,930.0,905.1,905.1,24632,905.1,2026-09-03T19:35:26.069617+00:00
2024-12-22,914.9,915.0,903.2,907.0,20392,907.0,2026-09-03T19:35:26.069617+00:00
2024-12-23,925.1,925.1,905.0,910.0,11288,910.0,2026-09-03T19:35:26.069617+00:00
2024-12-24,907.2,925.0,900.0,918.0,15444,918.0,2026-09-03T19:35:26.069617+00:00
2024-12-26,918.0,918.0,905.3,905.4,17207,905.4,2026-09-03T19:35:26.069617+00:00
2024-12-29,906.0,913.5,900.0,900.0,17732,900.0,2026-09-03T19:35:26.069617+00:00
2024-12-31,900.0,904.9,882.1,889.0,19880,889.0,2026-09-03T19:35:26.069617+00:00
2025-01-01,885.0,895.0,882.0,884.0,8315,884.0,2026-09-03T19:35:26.069617+00:00
2025-01-02,880.0,890.0,880.0,887.4,17446,887.4,2026-09-03T19:35:26.069617+00:00
2025-01-05,890.0,904.0,880.0,902.0,11438,902.0,2026-09-03T19:35:26.069617+00:00
2025-01-06,902.0,919.9,897.0,917.9,14747,917.9,2026-09-03T19:35:26.069617+00:00
2025-01-07,919.0,924.0,907.0,914.0,11281,914.0,2026-09-03T19:35:26.069617+00:00
2025-01-08,910.1,912.5,906.0,907.0,10005,907.0,2026-09-03T19:35:26.069617+00:00
2025-01-09,910.0,922.0,901.0,908.9,24281,908.9,2026-09-03T19:35:26.069617+00:00
2025-01-12,893.0,909.8,885.0,892.0,19425,892.0,2026-09-03T19:35:26.069617+00:00
2025-01-13,892.0,899.0,876.6,883.0,30472,883.0,2026-09-03T19:35:26.069617+00:00
2025-01-15,884.0,900.0,878.0,880.0,13320,880.0,2026-09-03T19:35:26.069617+00:00
2025-01-16,882.0,890.0,870.0,877.0,18731,877.0,2026-09-03T19:35:26.069617+00:00
2025-01-19,877.0,900.0,876.5,890.0,23070,890.0,2026-09-03T19:35:26.069617+00:00
2025-01-20,899.4,899.4,880.0,883.0,20978,883.0,2026-09-03T19:35:26.069617+00:00
2025-01-21,881.0,895.0,876.2,887.0,12701,887.0,2026-09-03T19:35:26.069617+00:00
2025-01-22,904.7,920.0,887.0,906.0,37848,906.0,2026-09-03T19:35:26.069617+00:00
2025-01-23,924.1,924.1,890.0,899.9,18932,899.9,2026-09-03T19:35:26.069617+00:00
2025-01-26,899.9,902.0,889.3,894.0,21984,894.0,2026-09-03T19:35:26.069617+00:00
2025-01-27,910.0,910.0,892.0,893.9,17117,893.9,2026-09-03T19:35:26.069617+00:00
2025-01-28,884.0,899.0,881.5,892.0,31842,892.0,2026-09-03T19:35:26.069617+00:00
2025-02-02,899.0,915.0,893.2,913.0,39058,913.0,2026-09-03T19:35:26.069617+00:00
2025-02-03,910.1,922.0,905.1,918.0,36721,918.0,2026-09-03T19:35:26.069617+00:00
2025-02-04,936.3,936.3,895.1,897.0,37507,897.0,2026-09-03T19:35:26.069617+00:00
2025-02-05,897.2,910.9,897.0,900.0,23622,900.0,2026-09-03T19:35:26.069617+00:00
2025-02-06,914.0,914.0,890.0,894.0,26144,894.0,2026-09-03T19:35:26.069617+00:00
2025-02-09,908.0,908.0,889.8,892.0,36431,892.0,2026-09-03T19:35:26.069617+00:00
2025-02-10,875.1,910.4,875.1,887.0,23188,887.0,2026-09-03T19:35:26.069617+00:00
2025-02-11,869.3,920.0,869.3,885.0,20643,885.0,2026-09-03T19:35:26.069617+00:00
2025-02-12,888.0,890.0,880.0,885.0,31963,885.0,2026-09-03T19:35:26.069617+00:00
2025-02-13,900.0,900.0,880.1,884.0,21333,884.0,2026-09-03T19:35:26.069617+00:00
2025-02-16,883.0,892.0,883.0,888.0,17754,888.0,2026-09-03T19:35:26.069617+00:00
2025-02-17,890.0,904.5,885.0,894.0,35134,894.0,2026-09-03T19:35:26.069617+00:00
2025-02-18,894.0,901.0,885.0,885.0,56068,885.0,2026-09-03T19:35:26.069617+00:00
2025-02-20,885.0,892.0,885.0,885.3,21315,885.3,2026-09-03T19:35:26.069617+00:00
2025-02-23,880.1,894.0,877.0,886.7,39276,886.7,2026-09-03T19:35:26.069617+00:00
2025-02-24,888.1,904.0,888.1,890.1,24754,890.1,2026-09-03T19:35:26.069617+00:00
2025-02-25,899.7,899.7,890.0,893.9,18708,893.9,2026-09-03T19:35:26.069617+00:00
2025-02-27,910.0,935.0,896.0,931.0,75535,931.0,2026-09-03T19:35:26.069617+00:00
2025-03-02,949.6,967.8,940.0,967.8,66953,967.8,2026-09-03T19:35:26.069617+00:00
2025-03-03,975.0,981.5,941.0,941.0,49542,941.0,2026-09-03T19:35:26.069617+00:00
2025-03-04,955.0,955.0,921.0,924.0,53291,924.0,2026-09-03T19:35:26.069617+00:00
2025-03-05,924.0,932.0,911.1,917.0,37899,917.0,2026-09-03T19:35:26.069617+00:00
2025-03-06,935.3,935.3,910.0,915.0,39755,915.0,2026-09-03T19:35:26.069617+00:00
2025-03-09,911.0,924.0,894.1,897.0,41351,897.0,2026-09-03T19:35:26.069617+00:00
2025-03-10,900.0,910.0,890.1,898.0,24762,898.0,2026-09-03T19:35:26.069617+00:00
2025-03-11,889.0,903.0,885.0,885.0,26776,885.0,2026-09-03T19:35:26.069617+00:00
2025-03-12,885.1,900.0,885.0,897.0,19047,897.0,2026-09-03T19:35:26.069617+00:00
2025-03-16,912.0,914.9,890.0,892.5,19318,892.5,2026-09-03T19:35:26.069617+00:00
2025-03-17,899.0,900.0,887.0,888.4,16286,888.4,2026-09-03T19:35:26.069617+00:00
2025-03-18,904.0,904.0,887.0,890.0,14530,890.0,2026-09-03T19:35:26.069617+00:00
2025-03-19,890.0,899.8,885.3,886.0,16501,886.0,2026-09-03T19:35:26.069617+00:00
2025-03-20,880.5,895.0,880.5,886.71,16164,886.71,2026-09-03T19:35:26.069617+00:00
2025-03-23,882.1,887.0,870.0,871.3,25260,871.3,2026-09-03T19:35:26.069617+00:00
2025-03-24,879.0,880.0,856.0,877.42,25794,877.42,2026-09-03T19:35:26.069617+00:00
2025-03-25,877.0,877.0,855.1,858.93,18716,858.93,2026-09-03T19:35:26.069617+00:00
2025-03-26,857.1,869.6,855.0,864.24,16901,864.24,2026-09-03T19:35:26.069617+00:00
2025-03-27,874.0,874.0,860.0,867.47,28112,867.47,2026-09-03T19:35:26.069617+00:00
2025-03-30,868.0,885.0,860.1,879.92,28897,879.92,2026-09-03T19:35:26.069617+00:00
2025-04-01,879.0,880.0,860.0,861.96,24998,861.96,2026-09-03T19:35:26.069617+00:00
2025-04-02,865.0,874.9,860.1,867.17,22780,867.17,2026-09-03T19:35:26.069617+00:00
2025-04-03,870.0,880.0,860.0,869.25,28718,869.25,2026-09-03T19:35:26.069617+00:00
2025-04-07,869.0,885.0,858.3,859.27,28242,859.27,2026-09-03T19:35:26.069617+00:00
2025-04-08,855.3,868.5,850.0,856.61,35339,856.61,2026-09-03T19:35:26.069617+00:00
2025-04-09,860.1,870.0,850.0,854.55,16723,854.55,2026-09-03T19:35:26.069617+00:00
2025-04-10,856.0,864.9,850.0,852.2,25325,852.2,2026-09-03T19:35:26.069617+00:00
2025-04-13,850.2,855.6,850.0,853.01,18258,853.01,2026-09-03T19:35:26.069617+00:00
2025-04-15,860.0,877.2,855.0,868.9,10356,868.9,2026-09-03T19:35:26.069617+00:00
2025-04-16,870.0,873.0,866.0,869.79,8504,869.79,2026-09-03T19:35:26.069617+00:00
2025-04-17,875.0,880.0,865.1,874.02,17961,874.02,2026-09-03T19:35:26.069617+00:00
2025-04-20,870.0,880.0,870.0,873.17,15234,873.17,2026-09-03T19:35:26.069617+00:00
2025-04-21,870.0,877.9,870.0,872.62,12815,872.62,2026-09-03T19:35:26.069617+00:00
2025-04-22,865.0,882.0,865.0,873.24,8965,873.24,2026-09-03T19:35:26.069617+00:00
2025-04-23,873.0,873.0,867.0,868.86,6912,868.86,2026-09-03T19:35:26.069617+00:00
2025-04-24,867.0,872.0,861.5,862.33,17484,862.33,2026-09-03T19:35:26.069617+00:00
2025-04-27,862.3,870.0,852.2,860.47,11906,860.47,2026-09-03T19:35:26.069617+00:00
2025-04-28,856.1,865.0,856.1,858.41,10490,858.41,2026-09-03T19:35:26.069617+00:00
2025-04-29,860.0,860.0,850.0,850.68,9798,850.68,2026-09-03T19:35:26.069617+00:00
2025-04-30,845.0,854.0,844.0,845.19,12399,845.19,2026-09-03T19:35:26.069617+00:00
2025-05-04,850.0,860.0,845.4,854.5,15455,854.5,2026-09-03T19:35:26.069617+00:00
2025-05-05,855.0,858.5,851.0,852.25,11605,852.25,2026-09-03T19:35:26.069617+00:00
2025-05-06,842.1,851.0,842.1,846.96,8734,846.96,2026-09-03T19:35:26.069617+00:00
2025-05-07,850.0,868.0,845.0,861.63,9248,861.63,2026-09-03T19:35:26.069617+00:00
2025-05-08,865.0,870.0,851.3,856.06,15896,856.06,2026-09-03T19:35:26.069617+00:00
2025-05-11,861.2,892.3,857.1,889.52,56488,889.52,2026-09-03T19:35:26.069617+00:00
2025-05-13,892.0,893.0,860.5,862.16,22587,862.16,2026-09-03T19:35:26.069617+00:00
2025-05-14,863.0,874.0,856.5,857.83,6389,857.83,2026-09-03T19:35:26.069617+00:00
2025-05-15,858.0,874.0,850.0,862.54,18776,862.54,2026-09-03T19:35:26.069617+00:00
2025-05-18,865.3,893.0,865.3,877.26,146426,877.26,2026-09-03T19:35:26.069617+00:00
2025-05-19,892.0,920.0,880.0,896.28,266246,896.28,2026-09-03T19:35:26.069617+00:00
2025-05-20,914.2,919.8,891.8,918.48,260857,918.48,2026-09-03T19:35:26.069617+00:00
2025-05-21,936.8,955.0,898.0,900.13,131695,900.13,2026-09-03T19:35:26.069617+00:00
2025-05-22,882.3,909.8,882.3,887.96,26524,887.96,2026-09-03T19:35:26.069617+00:00
2025-05-25,890.1,890.1,876.0,876.75,25447,876.75,2026-09-03T19:35:26.069617+00:00
2025-05-26,894.0,894.2,861.0,865.24,26722,865.24,2026-09-03T19:35:26.069617+00:00
2025-05-27,866.0,870.0,860.0,861.97,18546,861.97,2026-09-03T19:35:26.069617+00:00
2025-05-28,871.0,879.0,855.1,868.99,11821,868.99,2026-09-03T19:35:26.069617+00:00
2025-06-02,886.3,904.0,870.0,879.29,27971,879.29,2026-09-03T19:35:26.069617+00:00
2025-06-03,885.0,885.0,865.0,865.89,16125,865.89,2026-09-03T19:35:26.069617+00:00
2025-06-04,879.5,879.5,860.0,865.58,14182,865.58,2026-09-03T19:35:26.069617+00:00
2025-06-05,860.1,905.0,850.0,898.91,184782,898.91,2026-09-03T19:35:26.069617+00:00
2025-06-08,899.0,918.0,896.0,901.47,68736,901.47,2026-09-03T19:35:26.069617+00:00
2025-06-09,896.0,907.0,883.5,900.08,120708,900.08,2026-09-03T19:35:26.069617+00:00
2025-06-10,910.0,912.0,890.0,890.1,21694,890.1,2026-09-03T19:35:26.069617+00:00
2025-06-11,890.0,930.0,890.0,919.43,112564,919.43,2026-09-03T19:35:26.069617+00:00
2025-06-12,929.0,999.0,920.0,981.75,233162,981.75,2026-09-03T19:35:26.069617+00:00
2025-06-15,990.0,1029.1,962.3,1013.67,218249,1013.67,2026-09-03T19:35:26.069617+00:00
2025-06-16,1013.0,1069.4,1007.5,1046.84,271593,1046.84,2026-09-03T19:35:26.069617+00:00
2025-06-17,1050.0,1065.0,1015.5,1023.18,133389,1023.18,2026-09-03T19:35:26.069617+00:00
2025-06-18,1043.5,1043.5,976.1,996.84,202952,996.84,2026-09-03T19:35:26.069617+00:00
2025-06-19,990.0,1029.1,981.0,995.2,158963,995.2,2026-09-03T19:35:26.069617+00:00
2025-06-22,982.1,1000.0,945.1,952.32,92647,952.32,2026-09-03T19:35:26.069617+00:00
2025-06-23,955.0,970.0,931.0,964.86,55920,964.86,2026-09-03T19:35:26.069617+00:00
2025-06-24,974.0,989.0,945.0,948.11,48063,948.11,2026-09-03T19:35:26.069617+00:00
2025-06-25,955.0,1000.0,941.0,994.9,181945,994.9,2026-09-03T19:35:26.069617+00:00
2025-06-26,995.0,1000.0,961.0,966.0,55944,966.0,2026-09-03T19:35:26.069617+00:00
2025-06-29,972.0,972.0,940.0,950.84,141634,950.84,2026-09-03T19:35:26.069617+00:00
2025-06-30,968.9,979.9,950.0,953.13,73744,953.13,2026-09-03T19:35:26.069617+00:00
2025-07-01,972.1,972.1,950.0,952.2,38944,952.2,2026-09-03T19:35:26.069617+00:00
2025-07-02,965.0,971.2,947.0,954.62,60583,954.62,2026-09-03T19:35:26.069617+00:00
2025-07-03,973.7,973.7,948.0,949.18,56465,949.18,2026-09-03T19:35:26.069617+00:00
2025-07-06,968.1,968.1,938.9,940.76,36006,940.76,2026-09-03T19:35:26.069617+00:00
2025-07-07,935.9,973.0,935.9,949.72,122356,949.72,2026-09-03T19:35:26.069617+00:00
2025-07-08,942.0,965.0,942.0,953.52,63711,953.52,2026-09-03T19:35:26.069617+00:00
2025-07-09,945.0,960.0,945.0,956.72,36088,956.72,2026-09-03T19:35:26.069617+00:00
2025-07-10,960.0,970.0,950.0,955.37,51449,955.37,2026-09-03T19:35:26.069617+00:00
2025-07-13,974.4,990.0,950.4,952.07,61886,952.07,2026-09-03T19:35:26.069617+00:00
2025-07-14,965.0,965.0,947.0,949.19,31652,949.19,2026-09-03T19:35:26.069617+00:00
2025-07-15,946.0,970.0,946.0,960.45,41112,960.45,2026-09-03T19:35:26.069617+00:00
2025-07-16,969.0,970.0,951.0,956.02,50778,956.02,2026-09-03T19:35:26.069617+00:00
2025-07-17,973.0,1009.0,965.0,995.64,85971,995.64,2026-09-03T19:35:26.069617+00:00
2025-07-20,1015.5,1038.0,990.0,1015.06,154667,1015.06,2026-09-03T19:35:26.069617+00:00
2025-07-21,1014.9,1065.0,1001.1,1061.48,275925,1061.48,2026-09-03T19:35:26.069617+00:00
2025-07-22,1080.0,1099.9,1073.0,1096.17,195971,1096.17,2026-09-03T19:35:26.069617+00:00
2025-07-23,1118.0,1125.0,1065.0,1116.94,199361,1116.94,2026-09-03T19:35:26.069617+00:00
2025-07-24,1120.0,1140.0,1100.0,1129.73,186929,1129.73,2026-09-03T19:35:26.069617+00:00
2025-07-27,1129.0,1150.0,1065.0,1090.86,225372,1090.86,2026-09-03T19:35:26.069617+00:00
2025-07-28,1072.2,1115.0,1072.2,1100.84,183126,1100.84,2026-09-03T19:35:26.069617+00:00
2025-07-29,1109.0,1120.2,1090.0,1097.19,104397,1097.19,2026-09-03T19:35:26.069617+00:00
2025-07-30,1109.0,1109.0,1060.6,1063.86,133426,1063.86,2026-09-03T19:35:26.069617+00:00
2025-07-31,1063.0,1080.0,1030.1,1039.2,124905,1039.2,2026-09-03T19:35:26.069617+00:00
2025-08-03,1038.0,1050.0,998.0,1000.08,196799,1000.08,2026-09-03T19:35:26.069617+00:00
2025-08-04,1000.2,1014.0,990.2,1002.82,121056,1002.82,2026-09-03T19:35:26.069617+00:00
2025-08-05,1004.0,1028.1,991.0,998.24,72548,998.24,2026-09-03T19:35:26.069617+00:00
2025-08-06,1000.0,1002.0,985.6,990.21,34597,990.21,2026-09-03T19:35:26.069617+00:00
2025-08-07,997.5,1009.0,991.1,1003.49,39763,1003.49,2026-09-03T19:35:26.069617+00:00
2025-08-11,1006.9,1011.0,974.2,985.27,51755,985.27,2026-09-03T19:35:26.069617+00:00
2025-08-12,990.0,993.8,975.3,979.68,30251,979.68,2026-09-03T19:35:26.069617+00:00
2025-08-13,971.0,999.0,971.0,979.39,28248,979.39,2026-09-03T19:35:26.069617+00:00
2025-08-14,975.0,997.0,975.0,981.5,36260,981.5,2026-09-03T19:35:26.069617+00:00
2025-08-17,996.0,1035.0,982.0,991.58,29900,991.58,2026-09-03T19:35:26.069617+00:00
2025-08-18,985.1,1005.0,985.1,990.59,32323,990.59,2026-09-03T19:35:26.069617+00:00
2025-08-19,991.0,999.0,977.1,981.44,29524,981.44,2026-09-03T19:35:26.069617+00:00
2025-08-20,982.1,1063.0,982.1,1054.3,187779,1054.3,2026-09-03T19:35:26.069617+00:00
2025-08-21,1065.0,1068.0,1041.0,1058.06,96275,1058.06,2026-09-03T19:35:26.069617+00:00
2025-08-24,1058.5,1058.5,1021.0,1024.41,94909,1024.41,2026-09-03T19:35:26.069617+00:00
2025-08-25,1025.0,1055.0,1010.0,1040.04,124829,1040.04,2026-09-03T19:35:26.069617+00:00
2025-08-26,1035.0,1044.0,1030.0,1038.15,22195,1038.15,2026-09-03T19:35:26.069617+00:00
2025-08-27,1058.9,1070.7,1038.0,1062.66,116127,1062.66,2026-09-03T19:35:26.069617+00:00
2025-08-28,1055.0,1104.0,1042.4,1056.49,178031,1056.49,2026-09-03T19:35:26.069617+00:00
2025-08-31,1046.6,1055.5,1025.0,1027.38,38015,1027.38,2026-09-03T19:35:26.069617+00:00
2025-09-01,1042.0,1050.0,1021.5,1042.87,50624,1042.87,2026-09-03T19:35:26.069617+00:00
2025-09-02,1060.0,1060.0,1022.0,1023.2,29620,1023.2,2026-09-03T19:35:26.069617+00:00
2025-09-03,1035.0,1035.0,1006.0,1011.28,24679,1011.28,2026-09-03T19:35:26.069617+00:00
2025-09-04,1003.0,1020.0,1002.5,1013.24,29890,1013.24,2026-09-03T19:35:26.069617+00:00
2025-09-07,1012.0,1029.0,1000.0,1010.31,22357,1010.31,2026-09-03T19:35:26.069617+00:00
2025-09-08,1018.9,1018.9,982.0,986.47,28180,986.47,2026-09-03T19:35:26.069617+00:00
2025-09-18,1005.0,1005.0,888.0,888.0,2808,888.0,2026-09-03T19:35:26.069617+00:00
2025-09-21,870.3,940.0,803.0,892.08,123737,892.08,2026-09-03T19:35:26.069617+00:00
2025-09-23,898.1,934.0,885.0,933.0,51005,933.0,2026-09-03T19:35:26.069617+00:00
2025-09-24,933.0,945.0,915.6,933.9,27970,933.9,2026-09-03T19:35:26.069617+00:00
2025-09-25,920.0,934.9,905.0,934.9,29932,934.9,2026-09-03T19:35:26.069617+00:00
2025-09-28,917.1,929.0,900.1,901.0,16549,901.0,2026-09-03T19:35:26.069617+00:00
2025-10-07,917.8,917.8,867.0,868.1,36060,868.1,2026-09-03T19:35:26.069617+00:00
2025-10-08,885.0,899.0,850.0,860.0,23921,860.0,2026-09-03T19:35:26.069617+00:00
2025-10-09,877.2,925.0,864.0,864.0,26288,864.0,2026-09-03T19:35:26.069617+00:00
2025-10-12,864.0,864.0,810.0,820.0,44601,820.0,2026-09-03T19:35:26.069617+00:00
2025-10-13,810.0,854.0,803.0,854.0,27248,854.0,2026-09-03T19:35:26.069617+00:00
2025-10-14,856.8,857.0,830.0,838.0,18907,838.0,2026-09-03T19:35:26.069617+00:00
2025-10-15,854.0,854.0,824.0,827.0,13864,827.0,2026-09-03T19:35:26.069617+00:00
2025-10-16,827.0,830.0,805.0,823.8,20696,823.8,2026-09-03T19:35:26.069617+00:00
2025-10-19,820.0,833.0,817.5,827.0,6013,827.0,2026-09-03T19:35:26.069617+00:00
2025-10-26,811.0,830.0,800.2,830.0,17093,830.0,2026-09-03T19:35:26.069617+00:00
2025-10-28,815.0,860.0,815.0,845.0,21556,845.0,2026-09-03T19:35:26.069617+00:00
2025-10-29,847.0,912.9,839.1,843.0,14951,843.0,2026-09-03T19:35:26.069617+00:00
2025-10-30,840.0,921.0,831.1,868.0,29001,868.0,2026-09-03T19:35:26.069617+00:00
2025-11-02,860.0,910.0,852.0,910.0,189689,910.0,2026-09-03T19:35:26.069617+00:00
2025-11-03,892.0,913.0,891.8,910.0,49209,910.0,2026-09-03T19:35:26.069617+00:00
2025-11-04,891.8,983.0,891.8,924.9,169476,924.9,2026-09-03T19:35:26.069617+00:00
2025-11-05,926.0,926.0,892.0,900.2,24362,900.2,2026-09-03T19:35:26.069617+00:00
2025-11-06,918.0,954.7,900.0,919.0,52667,919.0,2026-09-03T19:35:26.069617+00:00
2025-11-09,937.3,937.3,896.0,900.0,35827,900.0,2026-09-03T19:35:26.069617+00:00
2025-11-10,905.0,910.0,887.0,890.0,26236,890.0,2026-09-03T19:35:26.069617+00:00
2025-11-11,907.8,907.8,872.5,878.0,18223,878.0,2026-09-03T19:35:26.069617+00:00
2025-11-12,874.0,887.9,823.0,860.0,46302,860.0,2026-09-03T19:35:26.069617+00:00
2025-11-13,842.8,877.0,842.8,875.0,21701,875.0,2026-09-03T19:35:26.069617+00:00
2025-11-16,875.0,878.0,845.0,860.0,19416,860.0,2026-09-03T19:35:26.069617+00:00
2025-11-17,858.0,867.0,851.0,857.1,5843,857.1,2026-09-03T19:35:26.069617+00:00
2025-11-18,860.0,869.9,850.0,861.0,19039,861.0,2026-09-03T19:35:26.069617+00:00
2025-11-19,863.0,868.0,855.0,860.9,19354,860.9,2026-09-03T19:35:26.069617+00:00
2025-11-20,861.0,862.0,848.0,854.0,19828,854.0,2026-09-03T19:35:26.069617+00:00
2025-11-23,861.0,892.0,860.0,878.0,27836,878.0,2026-09-03T19:35:26.069617+00:00
2025-11-24,887.9,892.8,880.1,880.2,20797,880.2,2026-09-03T19:35:26.069617+00:00
2025-11-25,890.0,890.0,880.0,887.0,9377,887.0,2026-09-03T19:35:26.069617+00:00
2025-11-26,899.9,903.0,882.0,882.1,27343,882.1,2026-09-03T19:35:26.069617+00:00
2025-11-27,880.1,898.8,875.4,882.1,26762,882.1,2026-09-03T19:35:26.069617+00:00
2025-11-30,882.5,891.0,870.0,872.0,22713,872.0,2026-09-03T19:35:26.069617+00:00
2025-12-01,867.2,877.0,867.0,868.3,17233,868.3,2026-09-03T19:35:26.069617+00:00
2025-12-02,866.0,897.0,866.0,879.8,8586,879.8,2026-09-03T19:35:26.069617+00:00
2025-12-03,885.0,894.0,878.0,890.0,32652,890.0,2026-09-03T19:35:26.069617+00:00
2025-12-07,907.8,907.8,879.3,881.2,10493,881.2,2026-09-03T19:35:26.069617+00:00
2025-12-08,871.0,880.0,870.0,870.0,12519,870.0,2026-09-03T19:35:26.069617+00:00
2025-12-09,879.0,887.4,864.0,885.0,11291,885.0,2026-09-03T19:35:26.069617+00:00
2025-12-10,889.5,893.0,879.0,888.9,21640,888.9,2026-09-03T19:35:26.069617+00:00
2025-12-11,882.0,900.0,880.0,882.5,18368,882.5,2026-09-03T19:35:26.069617+00:00
2025-12-14,882.0,889.1,870.0,871.1,18163,871.1,2026-09-03T19:35:26.069617+00:00
2025-12-15,870.0,875.0,865.1,867.0,5524,867.0,2026-09-03T19:35:26.069617+00:00
2025-12-16,884.3,915.0,884.3,905.0,57201,905.0,2026-09-03T19:35:26.069617+00:00
2025-12-17,923.1,923.1,896.0,900.0,18991,900.0,2026-09-03T19:35:26.069617+00:00
2025-12-18,918.0,918.0,890.2,894.0,14561,894.0,2026-09-03T19:35:26.069617+00:00
2025-12-21,908.0,908.0,886.0,886.1,11976,886.1,2026-09-03T19:35:26.069617+00:00
2025-12-22,887.0,890.0,880.0,882.2,17055,882.2,2026-09-03T19:35:26.069617+00:00
2025-12-23,882.2,885.0,881.0,885.0,14445,885.0,2026-09-03T19:35:26.069617+00:00
2025-12-24,899.0,899.0,885.0,886.0,11897,886.0,2026-09-03T19:35:26.069617+00:00
2025-12-28,860.0,864.9,854.0,856.0,15343,856.0,2026-09-03T19:35:26.069617+00:00
2025-12-29,860.0,870.0,855.0,855.0,22684,855.0,2026-09-03T19:35:26.069617+00:00
2025-12-31,865.0,870.0,863.0,865.0,13678,865.0,2026-09-03T19:35:26.069617+00:00
2026-01-01,865.0,870.0,848.0,859.0,11725,859.0,2026-09-03T19:35:26.069617+00:00
2026-01-04,869.0,869.0,852.1,855.0,4212,855.0,2026-09-03T19:35:26.069617+00:00
2026-01-05,850.0,869.2,850.0,860.0,13193,860.0,2026-09-03T19:35:26.069617+00:00
2026-01-06,877.0,877.0,860.0,864.0,8774,864.0,2026-09-03T19:35:26.069617+00:00
2026-01-07,881.2,881.2,852.0,852.0,14919,852.0,2026-09-03T19:35:26.069617+00:00
2026-01-08,856.0,859.7,850.5,852.0,7288,852.0,2026-09-03T19:35:26.069617+00:00
2026-01-12,869.0,869.0,850.3,850.3,15632,850.3,2026-09-03T19:35:26.069617+00:00
2026-01-13,850.3,860.0,845.0,849.3,22760,849.3,2026-09-03T19:35:26.069617+00:00
2026-01-14,849.0,855.0,847.0,851.0,17338,851.0,2026-09-03T19:35:26.069617+00:00
2026-01-18,851.1,870.0,850.5,870.0,50874,870.0,2026-09-03T19:35:26.069617+00:00
2026-01-20,887.4,895.0,872.0,881.0,25380,881.0,2026-09-03T19:35:26.069617+00:00
2026-01-21,890.0,894.0,871.0,878.9,13880,878.9,2026-09-03T19:35:26.069617+00:00
2026-01-22,896.4,896.4,870.0,877.5,24594,877.5,2026-09-03T19:35:26.069617+00:00
2026-01-25,880.0,915.0,880.0,909.5,47040,909.5,2026-09-03T19:35:26.069617+00:00
2026-01-26,920.0,920.0,891.1,897.9,52333,897.9,2026-09-03T19:35:26.069617+00:00
2026-01-27,882.0,930.0,882.0,896.7,121304,896.7,2026-09-03T19:35:26.069617+00:00
2026-01-28,900.0,901.0,882.0,896.0,30292,896.0,2026-09-03T19:35:26.069617+00:00
2026-01-29,913.0,913.0,883.0,884.0,32888,884.0,2026-09-03T19:35:26.069617+00:00
2026-02-01,870.0,882.0,862.0,866.0,35443,866.0,2026-09-03T19:35:26.069617+00:00
2026-02-02,866.0,875.0,863.0,868.0,11373,868.0,2026-09-03T19:35:26.069617+00:00
2026-02-03,885.0,902.0,864.0,891.0,45386,891.0,2026-09-03T19:35:26.069617+00:00
2026-02-04,908.8,908.8,880.0,886.9,27520,886.9,2026-09-03T19:35:26.069617+00:00
2026-02-05,885.0,895.0,870.0,875.0,39666,875.0,2026-09-03T19:35:26.069617+00:00
2026-02-08,872.5,887.0,855.0,859.9,133312,859.9,2026-09-03T19:35:26.069617+00:00
2026-02-09,860.0,868.0,843.0,848.0,75363,848.0,2026-09-03T19:35:26.069617+00:00
2026-02-10,840.0,850.0,836.0,844.0,34033,844.0,2026-09-03T19:35:26.069617+00:00
2026-02-11,848.0,858.9,835.0,838.0,25745,838.0,2026-09-03T19:35:26.069617+00:00
2026-02-12,836.0,838.0,820.0,825.0,92118,825.0,2026-09-03T19:35:26.069617+00:00
2026-02-16,830.0,850.0,830.0,835.0,28657,835.0,2026-09-03T19:35:26.069617+00:00
2026-02-17,849.0,849.0,813.4,821.1,63227,821.1,2026-09-03T19:35:26.069617+00:00
2026-02-22,832.8,832.8,811.0,813.5,15282,813.5,2026-09-03T19:35:26.069617+00:00
2026-02-23,827.5,827.5,810.0,815.0,18122,815.0,2026-09-03T19:35:26.069617+00:00
2026-02-24,815.0,824.0,804.0,810.6,26700,810.6,2026-09-03T19:35:26.069617+00:00
2026-02-25,815.1,830.0,815.1,825.1,11690,825.1,2026-09-03T19:35:26.069617+00:00
2026-02-26,820.0,830.0,817.6,826.0,6387,826.0,2026-09-03T19:35:26.069617+00:00
2026-03-01,815.2,828.0,815.2,827.8,13329,827.8,2026-09-03T19:35:26.069617+00:00
2026-03-03,843.1,843.1,820.0,837.0,10599,837.0,2026-09-03T19:35:26.069617+00:00
2026-03-09,853.7,900.0,853.7,900.0,1763,900.0,2026-09-03T19:35:26.069617+00:00
2026-03-10,918.0,918.0,864.0,877.0,86634,877.0,2026-09-03T19:35:26.069617+00:00
2026-03-11,877.0,887.0,867.0,867.1,18412,867.1,2026-09-03T19:35:26.069617+00:00
2026-03-12,867.0,882.0,860.0,870.0,29015,870.0,2026-09-03T19:35:26.069617+00:00
2026-03-15,873.0,879.0,857.0,859.0,39777,859.0,2026-09-03T19:35:26.069617+00:00
2026-03-16,859.0,860.0,850.0,853.9,22110,853.9,2026-09-03T19:35:26.069617+00:00
2026-03-17,855.0,855.5,845.0,851.2,16638,851.2,2026-09-03T19:35:26.069617+00:00
2026-03-19,852.1,875.0,851.3,858.5,57623,858.5,2026-09-03T19:35:26.069617+00:00
2026-03-22,862.2,901.0,862.2,901.0,60469,901.0,2026-09-03T19:35:26.069617+00:00
2026-03-23,899.0,903.0,884.0,888.0,33863,888.0,2026-09-03T19:35:26.069617+00:00
2026-03-24,885.0,899.7,879.0,887.0,37467,887.0,2026-09-03T19:35:26.069617+00:00
2026-03-25,895.0,895.0,875.1,875.1,30007,875.1,2026-09-03T19:35:26.069617+00:00
2026-03-26,875.0,880.0,872.1,877.5,11651,877.5,2026-09-03T19:35:26.069617+00:00
2026-03-29,868.1,878.1,850.0,856.0,30844,856.0,2026-09-03T19:35:26.069617+00:00
2026-03-30,856.0,861.0,841.0,841.1,30563,841.1,2026-09-03T19:35:26.069617+00:00
2026-03-31,841.0,850.0,830.0,840.0,32140,840.0,2026-09-03T19:35:26.069617+00:00
2026-04-01,840.0,856.0,816.1,820.1,57180,820.1,2026-09-03T19:35:26.069617+00:00
2026-04-02,815.0,830.0,806.1,824.0,18111,824.0,2026-09-03T19:35:26.069617+00:00
2026-04-05,815.2,820.0,807.1,809.0,44669,809.0,2026-09-03T19:35:26.069617+00:00
2026-04-06,800.0,832.0,798.0,828.9,37704,828.9,2026-09-03T19:35:26.069617+00:00
2026-04-07,828.9,837.0,816.0,826.0,10585,826.0,2026-09-03T19:35:26.069617+00:00
2026-04-08,826.0,835.0,820.0,830.9,21399,830.9,2026-09-03T19:35:26.069617+00:00
2026-04-09,832.3,844.0,829.0,836.0,25320,836.0,2026-09-03T19:35:26.069617+00:00
2026-04-10,825.0,835.0,825.0,826.0,24587,826.0,2026-09-03T19:35:26.069617+00:00
2026-04-13,830.0,835.0,822.3,827.0,10739,827.0,2026-09-03T19:35:26.069617+00:00
2026-04-15,820.0,840.8,820.0,836.0,18098,836.0,2026-09-03T19:35:26.069617+00:00
2026-04-16,830.0,835.0,822.0,825.0,12236,825.0,2026-09-03T19:35:26.069617+00:00
2026-04-17,825.0,828.0,822.0,826.0,8190,826.0,2026-09-03T19:35:26.069617+00:00
2026-04-20,820.0,826.9,816.4,819.0,8050,819.0,2026-09-03T19:35:26.069617+00:00
2026-04-21,810.0,825.0,810.0,820.0,12686,820.0,2026-09-03T19:35:26.069617+00:00
2026-04-22,815.0,824.0,814.0,820.0,14098,820.0,2026-09-03T19:35:26.069617+00:00
2026-04-23,820.0,825.0,815.0,816.0,8285,816.0,2026-09-03T19:35:26.069617+00:00
2026-04-24,810.0,817.0,810.0,813.0,4303,813.0,2026-09-03T19:35:26.069617+00:00
2026-04-27,813.0,819.9,815.0,815.0,7135,815.0,2026-09-03T19:35:26.069617+00:00
2026-04-28,815.0,830.0,812.0,812.0,9185,812.0,2026-09-03T19:35:26.069617+00:00
2026-04-29,812.0,815.0,805.0,809.0,14155,809.0,2026-09-03T19:35:26.069617+00:00
2026-04-30,809.0,811.9,802.0,807.5,6861,807.5,2026-09-03T19:35:26.069617+00:00
2026-05-04,802.1,817.0,802.1,805.1,11678,805.1,2026-09-03T19:35:26.069617+00:00
2026-05-05,802.5,809.0,800.1,803.0,9186,803.0,2026-09-03T19:35:26.069617+00:00
2026-05-06,801.2,814.0,801.2,802.0,6058,802.0,2026-09-03T19:35:26.069617+00:00
2026-05-07,802.3,810.0,800.0,803.4,4799,803.4,2026-09-03T19:35:26.069617+00:00
2026-05-08,801.0,808.0,801.0,803.0,14211,803.0,2026-09-03T19:35:26.069617+00:00
2026-05-11,805.0,820.0,805.0,813.2,10471,813.2,2026-09-03T19:35:26.069617+00:00
2026-05-12,815.0,815.1,803.0,804.0,9910,804.0,2026-09-03T19:35:26.069617+00:00
2026-05-13,805.0,806.0,802.3,802.9,7049,802.9,2026-09-03T19:35:26.069617+00:00
2026-05-14,802.9,804.0,796.1,799.2,12093,799.2,2026-09-03T19:35:26.069617+00:00
2026-05-15,799.3,802.5,798.0,798.0,12905,798.0,2026-09-03T19:35:26.069617+00:00
2026-05-18,799.0,807.0,796.3,799.0,5856,799.0,2026-09-03T19:35:26.069617+00:00
2026-05-19,799.0,803.0,797.0,797.4,8310,797.4,2026-09-03T19:35:26.069617+00:00
2026-05-20,819.0,819.0,796.1,803.8,10764,803.8,2026-09-03T19:35:26.069617+00:00
2026-05-21,796.0,808.0,796.0,803.8,9109,803.8,2026-09-03T19:35:26.069617+00:00
2026-05-22,814.7,814.7,792.3,803.8,21812,803.8,2026-09-03T19:35:26.069617+00:00
2026-05-25,799.0,814.7,795.0,804.0,35737,804.0,2026-09-03T19:35:26.069617+00:00
2026-05-26,800.7,815.2,799.0,802.4,24069,802.4,2026-09-03T19:35:26.069617+00:00
2026-05-27,800.0,810.0,795.0,804.9,18478,804.9,2026-09-03T19:35:26.069617+00:00
2026-06-01,803.0,805.0,790.0,797.0,22363,797.0,2026-09-03T19:35:26.069617+00:00
2026-06-02,793.3,803.2,789.0,799.4,24875,799.4,2026-09-03T19:35:26.069617+00:00
2026-06-03,790.3,801.0,790.3,797.0,13423,797.0,2026-09-03T19:35:26.069617+00:00
2026-06-04,800.9,807.0,790.0,791.1,52985,791.1,2026-09-03T19:35:26.069617+00:00
2026-06-05,795.0,797.0,789.0,792.0,14122,792.0,2026-09-03T19:35:26.069617+00:00
2026-06-08,803.0,803.0,787.0,790.0,8391,790.0,2026-09-03T19:35:26.069617+00:00
2026-06-09,790.0,795.0,780.0,790.0,16666,790.0,2026-09-03T19:35:26.069617+00:00
2026-06-10,796.0,796.0,780.0,782.0,48057,782.0,2026-09-03T19:35:26.069617+00:00
2026-06-11,780.0,794.0,780.0,785.0,9103,785.0,2026-09-03T19:35:26.069617+00:00
2026-06-12,780.0,798.9,780.0,787.2,49408,787.2,2026-09-03T19:35:26.069617+00:00
2026-06-15,748.0,800.0,748.0,783.1,7700,783.1,2026-09-03T19:35:26.069617+00:00
2026-06-16,783.1,790.0,779.5,783.5,4547,783.5,2026-09-03T19:35:26.069617+00:00
2026-06-17,781.0,790.0,780.0,780.5,9882,780.5,2026-09-03T19:35:26.069617+00:00
2026-06-18,780.0,793.0,780.0,784.0,4916,784.0,2026-09-03T19:35:26.069617+00:00
2026-06-19,780.2,786.0,780.0,781.0,9319,781.0,2026-09-03T19:35:26.069617+00:00
2026-06-22,795.0,795.0,779.0,780.0,12020,780.0,2026-09-03T19:35:26.069617+00:00
2026-06-23,780.0,782.0,770.2,770.2,20085,770.2,2026-09-03T19:35:26.069617+00:00
2026-06-24,770.2,780.0,763.0,764.1,22504,764.1,2026-09-03T19:35:26.069617+00:00
2026-06-25,765.0,775.0,764.1,770.0,18893,770.0,2026-09-03T19:35:26.069617+00:00
2026-06-26,770.0,770.0,764.0,764.0,6617,764.0,2026-09-03T19:35:26.069617+00:00
2026-06-29,775.0,775.0,762.1,768.0,21444,768.0,2026-09-03T19:35:26.069617+00:00
2026-06-30,765.0,770.0,761.0,764.0,7118,764.0,2026-09-03T19:35:26.069617+00:00
2026-07-01,764.0,775.0,764.0,774.0,37166,774.0,2026-09-03T19:35:26.069617+00:00
2026-07-02,766.0,774.0,765.0,768.4,19565,768.4,2026-09-03T19:35:26.069617+00:00
2026-07-03,776.0,778.0,770.0,772.2,7038,772.2,2026-09-03T19:35:26.069617+00:00
2026-07-06,774.9,774.9,760.1,772.0,11818,772.0,2026-09-03T19:35:26.069617+00:00
2026-07-07,778.0,782.0,774.9,780.0,45335,780.0,2026-09-03T19:35:26.069617+00:00
2026-07-08,776.5,780.0,770.0,776.4,3919,776.4,2026-09-03T19:35:26.069617+00:00
2026-07-09,766.0,775.0,766.0,775.0,3628,775.0,2026-09-03T19:35:26.069617+00:00
2026-07-10,775.0,781.0,775.0,775.0,113957,775.0,2026-09-03T19:35:26.069617+00:00
2026-07-13,778.0,778.0,760.0,760.0,10461,760.0,2026-09-03T19:35:26.069617+00:00
2026-07-14,751.1,764.0,751.1,762.9,13989,762.9,2026-09-03T19:35:26.069617+00:00
2026-07-15,770.0,773.8,758.1,770.0,68796,770.0,2026-09-03T19:35:26.069617+00:00
2026-07-16,808.5,808.5,755.2,755.2,6674,755.2,2026-09-03T19:35:26.069617+00:00
2026-07-17,765.0,784.9,764.0,773.0,7342,773.0,2026-09-03T19:35:26.069617+00:00
2026-07-20,772.0,794.0,772.0,785.0,11799,785.0,2026-09-03T19:35:26.069617+00:00
2026-07-21,786.0,793.0,783.0,783.2,6576,783.2,2026-09-03T19:35:26.069617+00:00
2026-07-22,794.8,794.8,776.5,785.0,6372,785.0,2026-09-03T19:35:26.069617+00:00
2026-07-23,785.0,792.0,773.0,792.0,19050,792.0,2026-09-03T19:35:26.069617+00:00
2026-07-24,793.0,793.0,785.0,787.0,7873,787.0,2026-09-03T19:35:26.069617+00:00
2026-07-27,785.0,789.0,780.0,782.0,63570,782.0,2026-09-03T19:35:26.069617+00:00
2026-07-28,782.0,790.0,776.5,788.6,19197,788.6,2026-09-03T19:35:26.069617+00:00
2026-07-29,789.0,797.0,787.0,790.0,12085,790.0,2026-09-03T19:35:26.069617+00:00
2026-07-30,790.0,790.0,785.0,786.0,3690,786.0,2026-09-03T19:35:26.069617+00:00
2026-07-31,780.0,789.0,777.1,784.0,8571,784.0,2026-09-03T19:35:26.069617+00:00
2026-08-03,771.1,792.0,771.1,788.9,8121,788.9,2026-09-03T19:35:26.069617+00:00
2026-08-04,780.0,789.0,775.0,782.0,2937,782.0,2026-09-03T19:35:26.069617+00:00
2026-08-05,782.0,788.9,771.2,778.5,5325,778.5,2026-09-03T19:35:26.069617+00:00
2026-08-06,790.0,790.0,778.3,778.3,16702,778.3,2026-09-03T19:35:26.069617+00:00
2026-08-07,778.0,799.0,778.0,785.1,60218,785.1,2026-09-03T19:35:26.069617+00:00
2026-08-10,778.0,785.0,775.0,779.9,5420,779.9,2026-09-03T19:35:26.069617+00:00
2026-08-11,779.9,795.1,775.0,776.3,3207,776.3,2026-09-03T19:35:26.069617+00:00
2026-08-12,775.0,780.0,773.4,778.0,6251,778.0,2026-09-03T19:35:26.069617+00:00
2026-08-13,790.9,790.9,776.0,784.7,5159,784.7,2026-09-03T19:35:26.069617+00:00
2026-08-14,778.0,785.0,777.0,777.7,7520,777.7,2026-09-03T19:35:26.069617+00:00
2026-08-17,777.7,786.0,777.7,779.1,3664,779.1,2026-09-03T19:35:26.069617+00:00
2026-08-18,775.0,779.0,771.0,773.0,5743,773.0,2026-09-03T19:35:26.069617+00:00
2026-08-19,773.0,786.0,766.0,770.0,6679,770.0,2026-09-03T19:35:26.069617+00:00
2026-08-20,769.0,775.0,767.0,771.0,4394,771.0,2026-09-03T19:35:26.069617+00:00
2026-08-21,771.5,781.0,771.5,772.3,16231,772.3,2026-09-03T19:35:26.069617+00:00
2026-08-24,771.0,780.0,769.1,775.0,12090,775.0,2026-09-03T19:35:26.069617+00:00
2026-08-25,770.0,779.0,770.0,775.0,100526,775.0,2026-09-03T19:35:26.069617+00:00
2026-08-26,770.0,773.0,765.0,770.0,14827,770.0,2026-09-03T19:35:26.069617+00:00
2026-08-27,761.0,782.0,754.0,770.0,6632,770.0,2026-09-03T19:35:26.069617+00:00
2026-08-31,761.0,770.0,761.0,763.1,5167,763.1,2026-09-03T19:35:26.069617+00:00
2026-09-01,760.0,771.9,760.0,771.9,7760,771.9,2026-09-03T19:35:26.069617+00:00
2026-09-02,771.0,771.0,760.0,768.0,8912,768.0,2026-09-03T19:35:26.069617+00:00
2026-09-03,768.0,770.0,765.0,767.0,7006,767.0,2026-09-03T19:35:26.069617+00:00
