date,open,high,low,close,volume,adj_close,fetched_at
2015-11-25,110.0,120.0,112.0,120.0,50,120.0,2026-09-03T19:34:18.631078+00:00
2015-11-26,120.0,132.0,122.0,132.0,1000,132.0,2026-09-03T19:34:18.631078+00:00
2015-11-29,132.0,145.0,134.0,145.0,1020,145.0,2026-09-03T19:34:18.631078+00:00
2015-11-30,145.0,159.0,147.0,159.0,60,159.0,2026-09-03T19:34:18.631078+00:00
2015-12-01,159.0,174.0,162.0,174.0,70,174.0,2026-09-03T19:34:18.631078+00:00
2015-12-02,174.0,191.0,177.0,191.0,100,191.0,2026-09-03T19:34:18.631078+00:00
2015-12-03,191.0,210.0,194.0,210.0,5701,210.0,2026-09-03T19:34:18.631078+00:00
2015-12-06,210.0,231.0,214.0,231.0,1020,231.0,2026-09-03T19:34:18.631078+00:00
2015-12-07,231.0,254.0,235.0,254.0,420,254.0,2026-09-03T19:34:18.631078+00:00
2015-12-08,254.0,279.4,259.0,279.4,1368,279.4,2026-09-03T19:34:18.631078+00:00
2015-12-09,279.4,307.0,284.0,307.0,5511,307.0,2026-09-03T19:34:18.631078+00:00
2015-12-10,307.0,337.0,313.0,337.0,974,337.0,2026-09-03T19:34:18.631078+00:00
2015-12-13,337.0,370.0,343.0,370.0,15750,370.0,2026-09-03T19:34:18.631078+00:00
2015-12-14,370.0,407.0,377.0,407.0,9670,407.0,2026-09-03T19:34:18.631078+00:00
2015-12-15,407.0,447.0,410.0,447.0,82044,447.0,2026-09-03T19:34:18.631078+00:00
2015-12-16,447.0,480.0,403.0,403.0,36004,403.0,2026-09-03T19:34:18.631078+00:00
2015-12-17,403.0,395.0,365.0,367.0,11833,367.0,2026-09-03T19:34:18.631078+00:00
2015-12-20,367.0,360.0,331.0,331.0,2909,331.0,2026-09-03T19:34:18.631078+00:00
2015-12-21,331.0,325.0,300.0,300.0,3662,300.0,2026-09-03T19:34:18.631078+00:00
2015-12-22,300.0,300.0,288.0,299.0,62224,299.0,2026-09-03T19:34:18.631078+00:00
2015-12-23,299.0,328.0,293.0,328.0,33837,328.0,2026-09-03T19:34:18.631078+00:00
2015-12-24,328.0,360.0,330.0,331.0,19474,331.0,2026-09-03T19:34:18.631078+00:00
2015-12-27,331.0,345.0,333.0,339.0,4457,339.0,2026-09-03T19:34:18.631078+00:00
2015-12-28,339.0,339.0,333.0,333.0,2183,333.0,2026-09-03T19:34:18.631078+00:00
2015-12-29,333.0,336.0,329.0,330.0,2338,330.0,2026-09-03T19:34:18.631078+00:00
2015-12-31,330.0,331.0,320.0,320.0,7697,320.0,2026-09-03T19:34:18.631078+00:00
2016-01-03,320.0,326.0,314.0,314.0,9153,314.0,2026-09-03T19:34:18.631078+00:00
2016-01-04,314.0,313.0,299.0,300.0,9497,300.0,2026-09-03T19:34:18.631078+00:00
2016-01-05,300.0,305.0,297.0,301.0,4650,301.0,2026-09-03T19:34:18.631078+00:00
2016-01-06,301.0,316.0,290.0,309.0,17122,309.0,2026-09-03T19:34:18.631078+00:00
2016-01-07,309.0,317.0,307.0,307.0,7164,307.0,2026-09-03T19:34:18.631078+00:00
2016-01-10,307.0,314.0,300.0,305.0,6551,305.0,2026-09-03T19:34:18.631078+00:00
2016-01-11,305.0,308.0,300.0,308.0,10524,308.0,2026-09-03T19:34:18.631078+00:00
2016-01-12,308.0,324.0,302.0,318.0,23134,318.0,2026-09-03T19:34:18.631078+00:00
2016-01-13,318.0,342.0,324.0,342.0,1985,342.0,2026-09-03T19:34:18.631078+00:00
2016-01-18,342.0,354.0,348.0,350.0,1850,350.0,2026-09-03T19:34:18.631078+00:00
2016-01-19,350.0,376.0,350.0,365.0,5750,365.0,2026-09-03T19:34:18.631078+00:00
2016-01-20,365.0,382.0,370.0,370.0,2460,370.0,2026-09-03T19:34:18.631078+00:00
2016-01-21,370.0,367.0,360.0,363.0,2100,363.0,2026-09-03T19:34:18.631078+00:00
2016-01-24,363.0,361.0,356.0,360.0,3200,360.0,2026-09-03T19:34:18.631078+00:00
2016-01-25,360.0,367.0,360.0,360.0,270,360.0,2026-09-03T19:34:18.631078+00:00
2016-01-26,360.0,355.0,325.0,337.0,38454,337.0,2026-09-03T19:34:18.631078+00:00
2016-01-27,337.0,370.0,343.0,370.0,12939,370.0,2026-09-03T19:34:18.631078+00:00
2016-01-28,370.0,384.0,374.0,374.0,17649,374.0,2026-09-03T19:34:18.631078+00:00
2016-01-31,374.0,375.0,368.0,370.0,3550,370.0,2026-09-03T19:34:18.631078+00:00
2016-02-01,370.0,384.0,369.0,370.0,4038,370.0,2026-09-03T19:34:18.631078+00:00
2016-02-02,370.0,385.0,377.0,379.0,2954,379.0,2026-09-03T19:34:18.631078+00:00
2016-02-03,379.0,413.0,379.0,400.0,12689,400.0,2026-09-03T19:34:18.631078+00:00
2016-02-04,400.0,440.0,408.0,440.0,12387,440.0,2026-09-03T19:34:18.631078+00:00
2016-02-07,440.0,484.0,448.0,484.0,22960,484.0,2026-09-03T19:34:18.631078+00:00
2016-02-08,484.0,530.0,486.0,525.0,23446,525.0,2026-09-03T19:34:18.631078+00:00
2016-02-11,525.0,530.0,500.0,510.0,4490,510.0,2026-09-03T19:34:18.631078+00:00
2016-02-14,510.0,520.0,473.0,498.0,3970,498.0,2026-09-03T19:34:18.631078+00:00
2016-02-15,498.0,493.0,449.0,484.0,15360,484.0,2026-09-03T19:34:18.631078+00:00
2016-02-16,484.0,483.0,458.0,471.0,3564,471.0,2026-09-03T19:34:18.631078+00:00
2016-02-17,471.0,485.0,455.0,479.0,2430,479.0,2026-09-03T19:34:18.631078+00:00
2016-02-18,479.0,484.0,466.0,466.0,500,466.0,2026-09-03T19:34:18.631078+00:00
2016-02-21,466.0,475.0,450.0,450.0,2364,450.0,2026-09-03T19:34:18.631078+00:00
2016-02-22,450.0,467.0,444.0,467.0,1164,467.0,2026-09-03T19:34:18.631078+00:00
2016-02-23,467.0,460.0,450.0,450.0,2450,450.0,2026-09-03T19:34:18.631078+00:00
2016-02-24,450.0,450.0,442.0,450.0,1501,450.0,2026-09-03T19:34:18.631078+00:00
2016-02-25,450.0,495.0,459.0,495.0,19485,495.0,2026-09-03T19:34:18.631078+00:00
2016-02-28,495.0,544.0,504.0,544.0,21634,544.0,2026-09-03T19:34:18.631078+00:00
2016-02-29,544.0,598.0,554.0,598.0,31649,598.0,2026-09-03T19:34:18.631078+00:00
2016-03-01,598.0,657.0,609.0,657.0,36705,657.0,2026-09-03T19:34:18.631078+00:00
2016-03-02,657.0,722.0,670.0,722.0,17404,722.0,2026-09-03T19:34:18.631078+00:00
2016-03-03,722.0,794.0,723.0,745.0,75723,745.0,2026-09-03T19:34:18.631078+00:00
2016-03-06,745.0,819.0,712.0,819.0,26679,819.0,2026-09-03T19:34:18.631078+00:00
2016-03-10,819.0,900.0,833.0,900.0,39093,900.0,2026-09-03T19:34:18.631078+00:00
2016-03-13,900.0,885.0,819.0,831.0,22325,831.0,2026-09-03T19:34:18.631078+00:00
2016-03-14,831.0,850.0,800.0,815.0,33678,815.0,2026-09-03T19:34:18.631078+00:00
2016-03-15,815.0,826.0,775.0,811.0,40604,811.0,2026-09-03T19:34:18.631078+00:00
2016-03-16,811.0,811.0,798.0,803.0,18680,803.0,2026-09-03T19:34:18.631078+00:00
2016-03-17,803.0,831.0,801.0,817.0,13545,817.0,2026-09-03T19:34:18.631078+00:00
2016-03-20,817.0,845.0,802.0,840.0,23032,840.0,2026-09-03T19:34:18.631078+00:00
2016-03-21,840.0,857.0,842.0,842.0,24646,842.0,2026-09-03T19:34:18.631078+00:00
2016-03-23,842.0,858.0,840.0,840.0,8340,840.0,2026-09-03T19:34:18.631078+00:00
2016-03-24,840.0,849.0,835.0,835.0,16086,835.0,2026-09-03T19:34:18.631078+00:00
2016-03-27,835.0,845.0,821.0,821.0,10419,821.0,2026-09-03T19:34:18.631078+00:00
2016-03-28,821.0,840.0,825.0,828.0,9876,828.0,2026-09-03T19:34:18.631078+00:00
2016-03-29,828.0,844.0,820.0,835.0,7742,835.0,2026-09-03T19:34:18.631078+00:00
2016-03-30,835.0,845.0,821.0,845.0,7006,845.0,2026-09-03T19:34:18.631078+00:00
2016-03-31,845.0,830.0,815.0,815.0,984,815.0,2026-09-03T19:34:18.631078+00:00
2016-04-03,815.0,810.0,784.0,801.0,7456,801.0,2026-09-03T19:34:18.631078+00:00
2016-04-04,801.0,803.0,795.0,798.0,5185,798.0,2026-09-03T19:34:18.631078+00:00
2016-04-05,798.0,803.0,796.0,800.0,2584,800.0,2026-09-03T19:34:18.631078+00:00
2016-04-06,800.0,846.0,801.0,841.0,15822,841.0,2026-09-03T19:34:18.631078+00:00
2016-04-10,841.0,860.0,840.0,846.0,12862,846.0,2026-09-03T19:34:18.631078+00:00
2016-04-11,846.0,864.0,840.0,846.0,13688,846.0,2026-09-03T19:34:18.631078+00:00
2016-04-12,846.0,890.0,850.0,875.0,37102,875.0,2026-09-03T19:34:18.631078+00:00
2016-04-14,875.0,902.0,877.0,885.0,6485,885.0,2026-09-03T19:34:18.631078+00:00
2016-04-17,885.0,920.0,887.0,896.0,12716,896.0,2026-09-03T19:34:18.631078+00:00
2016-04-18,896.0,902.0,890.0,895.0,5950,895.0,2026-09-03T19:34:18.631078+00:00
2016-04-19,895.0,903.0,880.0,891.0,10686,891.0,2026-09-03T19:34:18.631078+00:00
2016-04-20,891.0,895.0,884.0,885.0,3625,885.0,2026-09-03T19:34:18.631078+00:00
2016-04-21,885.0,885.0,876.0,884.0,2244,884.0,2026-09-03T19:34:18.631078+00:00
2016-04-24,884.0,877.0,853.0,853.0,10500,853.0,2026-09-03T19:34:18.631078+00:00
2016-04-25,853.0,890.0,855.0,885.0,10313,885.0,2026-09-03T19:34:18.631078+00:00
2016-04-26,885.0,902.0,875.0,882.0,8546,882.0,2026-09-03T19:34:18.631078+00:00
2016-04-27,882.0,891.0,865.0,882.0,12821,882.0,2026-09-03T19:34:18.631078+00:00
2016-04-28,882.0,909.0,896.0,896.0,12220,896.0,2026-09-03T19:34:18.631078+00:00
2016-05-02,896.0,910.0,887.0,889.0,7602,889.0,2026-09-03T19:34:18.631078+00:00
2016-05-03,889.0,920.0,885.0,885.0,5595,885.0,2026-09-03T19:34:18.631078+00:00
2016-05-04,885.0,900.0,881.0,885.0,5567,885.0,2026-09-03T19:34:18.631078+00:00
2016-05-05,885.0,885.0,885.0,885.0,148,885.0,2026-09-03T19:34:18.631078+00:00
2016-05-08,885.0,875.0,870.0,872.0,2280,872.0,2026-09-03T19:34:18.631078+00:00
2016-05-09,872.0,874.0,867.0,872.0,1334,872.0,2026-09-03T19:34:18.631078+00:00
2016-05-10,872.0,870.0,854.0,854.0,2650,854.0,2026-09-03T19:34:18.631078+00:00
2016-05-11,854.0,939.0,870.0,939.0,44937,939.0,2026-09-03T19:34:18.631078+00:00
2016-05-12,939.0,976.0,902.0,902.0,46286,902.0,2026-09-03T19:34:18.631078+00:00
2016-05-15,902.0,938.0,880.0,890.0,11674,890.0,2026-09-03T19:34:18.631078+00:00
2016-05-16,890.0,899.0,891.0,895.0,5836,895.0,2026-09-03T19:34:18.631078+00:00
2016-05-17,895.0,898.0,879.0,890.0,7110,890.0,2026-09-03T19:34:18.631078+00:00
2016-05-18,890.0,890.0,860.0,885.0,11532,885.0,2026-09-03T19:34:18.631078+00:00
2016-05-19,885.0,881.0,860.0,860.0,13946,860.0,2026-09-03T19:34:18.631078+00:00
2016-05-22,860.0,847.0,811.0,825.0,33554,825.0,2026-09-03T19:34:18.631078+00:00
2016-05-23,825.0,842.0,807.0,840.0,9864,840.0,2026-09-03T19:34:18.631078+00:00
2016-05-24,840.0,880.0,848.0,848.0,4800,848.0,2026-09-03T19:34:18.631078+00:00
2016-05-25,848.0,881.0,820.0,881.0,804,881.0,2026-09-03T19:34:18.631078+00:00
2016-05-26,881.0,864.0,830.0,837.0,7925,837.0,2026-09-03T19:34:18.631078+00:00
2016-05-29,837.0,830.0,822.0,830.0,980,830.0,2026-09-03T19:34:18.631078+00:00
2016-05-30,830.0,845.0,816.0,825.0,8511,825.0,2026-09-03T19:34:18.631078+00:00
2016-05-31,825.0,825.0,809.0,815.0,3208,815.0,2026-09-03T19:34:18.631078+00:00
2016-06-01,815.0,832.0,800.0,832.0,2844,832.0,2026-09-03T19:34:18.631078+00:00
2016-06-02,832.0,844.0,807.0,844.0,966,844.0,2026-09-03T19:34:18.631078+00:00
2016-06-06,844.0,845.0,786.0,825.0,3950,825.0,2026-09-03T19:34:18.631078+00:00
2016-06-07,825.0,840.0,812.0,812.0,2350,812.0,2026-09-03T19:34:18.631078+00:00
2016-06-08,812.0,813.0,800.0,803.0,4214,803.0,2026-09-03T19:34:18.631078+00:00
2016-06-09,803.0,810.0,796.0,800.0,3005,800.0,2026-09-03T19:34:18.631078+00:00
2016-06-12,800.0,816.0,785.0,810.0,2320,810.0,2026-09-03T19:34:18.631078+00:00
2016-06-13,810.0,867.0,799.0,861.0,15234,861.0,2026-09-03T19:34:18.631078+00:00
2016-06-14,861.0,910.0,835.0,835.0,15807,835.0,2026-09-03T19:34:18.631078+00:00
2016-06-15,835.0,868.0,835.0,841.0,10578,841.0,2026-09-03T19:34:18.631078+00:00
2016-06-16,841.0,905.0,847.0,905.0,38656,905.0,2026-09-03T19:34:18.631078+00:00
2016-06-19,905.0,918.0,870.0,883.0,10429,883.0,2026-09-03T19:34:18.631078+00:00
2016-06-20,883.0,895.0,850.0,850.0,2759,850.0,2026-09-03T19:34:18.631078+00:00
2016-06-21,850.0,870.0,850.0,850.0,2020,850.0,2026-09-03T19:34:18.631078+00:00
2016-06-22,850.0,884.0,860.0,879.0,4746,879.0,2026-09-03T19:34:18.631078+00:00
2016-06-23,879.0,920.0,863.0,918.0,28556,918.0,2026-09-03T19:34:18.631078+00:00
2016-06-26,918.0,925.0,890.0,890.0,7187,890.0,2026-09-03T19:34:18.631078+00:00
2016-06-27,890.0,910.0,890.0,900.0,16202,900.0,2026-09-03T19:34:18.631078+00:00
2016-06-28,900.0,975.0,905.0,975.0,35822,975.0,2026-09-03T19:34:18.631078+00:00
2016-06-29,975.0,1072.0,965.0,1072.0,35828,1072.0,2026-09-03T19:34:18.631078+00:00
2016-06-30,1072.0,1179.0,1080.0,1163.0,78595,1163.0,2026-09-03T19:34:18.631078+00:00
2016-07-03,1163.0,1210.0,1150.0,1172.0,38654,1172.0,2026-09-03T19:34:18.631078+00:00
2016-07-04,1172.0,1236.0,1172.0,1236.0,41410,1236.0,2026-09-03T19:34:18.631078+00:00
2016-07-05,1236.0,1304.0,1190.0,1280.0,31483,1280.0,2026-09-03T19:34:18.631078+00:00
2016-07-06,1280.0,1280.0,1206.0,1242.0,11453,1242.0,2026-09-03T19:34:18.631078+00:00
2016-07-10,1242.0,1260.0,1201.0,1201.0,9255,1201.0,2026-09-03T19:34:18.631078+00:00
2016-07-11,1201.0,1240.0,1186.0,1195.0,20943,1195.0,2026-09-03T19:34:18.631078+00:00
2016-07-12,1195.0,1210.0,1076.0,1130.0,25911,1130.0,2026-09-03T19:34:18.631078+00:00
2016-07-13,1130.0,1130.0,1059.0,1100.0,3804,1100.0,2026-09-03T19:34:18.631078+00:00
2016-07-14,1100.0,1200.0,1080.0,1080.0,19262,1080.0,2026-09-03T19:34:18.631078+00:00
2016-07-18,1080.0,1059.0,972.0,1010.0,27097,1010.0,2026-09-03T19:34:18.631078+00:00
2016-07-19,1010.0,1020.0,966.0,985.0,2153,985.0,2026-09-03T19:34:18.631078+00:00
2016-07-20,985.0,1015.0,966.0,971.0,1895,971.0,2026-09-03T19:34:18.631078+00:00
2016-07-21,971.0,988.0,970.0,970.0,1007,970.0,2026-09-03T19:34:18.631078+00:00
2016-07-25,970.0,989.0,940.0,977.0,4513,977.0,2026-09-03T19:34:18.631078+00:00
2016-07-26,977.0,990.0,920.0,928.0,13719,928.0,2026-09-03T19:34:18.631078+00:00
2016-07-27,928.0,966.0,875.0,920.0,10792,920.0,2026-09-03T19:34:18.631078+00:00
2016-07-28,920.0,937.0,884.0,914.0,7912,914.0,2026-09-03T19:34:18.631078+00:00
2016-07-31,914.0,958.0,922.0,945.0,9351,945.0,2026-09-03T19:34:18.631078+00:00
2016-08-01,945.0,973.0,927.0,941.0,2636,941.0,2026-09-03T19:34:18.631078+00:00
2016-08-02,941.0,941.0,909.0,922.0,3591,922.0,2026-09-03T19:34:18.631078+00:00
2016-08-03,922.0,940.0,904.0,910.0,4489,910.0,2026-09-03T19:34:18.631078+00:00
2016-08-04,910.0,909.0,878.0,895.0,2010,895.0,2026-09-03T19:34:18.631078+00:00
2016-08-07,895.0,927.0,892.0,895.0,1810,895.0,2026-09-03T19:34:18.631078+00:00
2016-08-08,895.0,878.0,841.0,841.0,1200,841.0,2026-09-03T19:34:18.631078+00:00
2016-08-09,841.0,908.0,857.0,908.0,300,908.0,2026-09-03T19:34:18.631078+00:00
2016-08-10,908.0,910.0,850.0,863.0,3520,863.0,2026-09-03T19:34:18.631078+00:00
2016-08-11,863.0,890.0,850.0,885.0,3960,885.0,2026-09-03T19:34:18.631078+00:00
2016-08-14,885.0,868.0,843.0,843.0,5425,843.0,2026-09-03T19:34:18.631078+00:00
2016-08-15,843.0,827.0,770.0,770.0,6250,770.0,2026-09-03T19:34:18.631078+00:00
2016-08-16,770.0,795.0,760.0,776.0,3147,776.0,2026-09-03T19:34:18.631078+00:00
2016-08-17,776.0,838.0,791.0,792.0,3423,792.0,2026-09-03T19:34:18.631078+00:00
2016-08-21,792.0,807.0,807.0,807.0,10,807.0,2026-09-03T19:34:18.631078+00:00
2016-08-22,807.0,800.0,750.0,760.0,3281,760.0,2026-09-03T19:34:18.631078+00:00
2016-08-23,760.0,822.0,770.0,780.0,8880,780.0,2026-09-03T19:34:18.631078+00:00
2016-08-24,780.0,856.0,785.0,829.0,7653,829.0,2026-09-03T19:34:18.631078+00:00
2016-08-28,829.0,859.0,829.0,857.0,3053,857.0,2026-09-03T19:34:18.631078+00:00
2016-08-29,857.0,850.0,824.0,830.0,800,830.0,2026-09-03T19:34:18.631078+00:00
2016-08-30,830.0,830.0,825.0,825.0,1000,825.0,2026-09-03T19:34:18.631078+00:00
2016-08-31,825.0,818.0,800.0,818.0,1348,818.0,2026-09-03T19:34:18.631078+00:00
2016-09-01,818.0,815.0,802.0,802.0,7424,802.0,2026-09-03T19:34:18.631078+00:00
2016-09-03,802.0,814.0,787.0,790.0,13039,790.0,2026-09-03T19:34:18.631078+00:00
2016-09-04,802.0,814.0,787.0,790.0,13039,790.0,2026-09-03T19:34:18.631078+00:00
2016-09-05,790.0,790.0,786.0,786.0,636,786.0,2026-09-03T19:34:18.631078+00:00
2016-09-06,786.0,815.0,796.0,796.0,2185,796.0,2026-09-03T19:34:18.631078+00:00
2016-09-07,796.0,805.0,790.0,790.0,3318,790.0,2026-09-03T19:34:18.631078+00:00
2016-09-08,790.0,805.0,790.0,790.0,950,790.0,2026-09-03T19:34:18.631078+00:00
2016-09-11,790.0,791.0,786.0,789.0,2428,789.0,2026-09-03T19:34:18.631078+00:00
2016-09-12,789.0,814.0,775.0,814.0,822,814.0,2026-09-03T19:34:18.631078+00:00
2016-09-14,814.0,802.0,787.0,787.0,2580,787.0,2026-09-03T19:34:18.631078+00:00
2016-09-18,787.0,800.0,772.0,790.0,2164,790.0,2026-09-03T19:34:18.631078+00:00
2016-09-20,790.0,780.0,766.0,766.0,600,766.0,2026-09-03T19:34:18.631078+00:00
2016-09-21,766.0,790.0,750.0,790.0,1410,790.0,2026-09-03T19:34:18.631078+00:00
2016-09-22,790.0,780.0,760.0,760.0,1430,760.0,2026-09-03T19:34:18.631078+00:00
2016-09-25,760.0,745.0,710.0,710.0,2734,710.0,2026-09-03T19:34:18.631078+00:00
2016-09-26,710.0,750.0,700.0,730.0,1434,730.0,2026-09-03T19:34:18.631078+00:00
2016-09-27,730.0,744.0,716.0,744.0,2100,744.0,2026-09-03T19:34:18.631078+00:00
2016-09-28,744.0,740.0,730.0,740.0,200,740.0,2026-09-03T19:34:18.631078+00:00
2016-09-29,740.0,730.0,720.0,730.0,1203,730.0,2026-09-03T19:34:18.631078+00:00
2016-10-02,730.0,720.0,716.0,716.0,1488,716.0,2026-09-03T19:34:18.631078+00:00
2016-10-03,716.0,730.0,720.0,730.0,210,730.0,2026-09-03T19:34:18.631078+00:00
2016-10-04,730.0,730.0,718.0,718.0,1000,718.0,2026-09-03T19:34:18.631078+00:00
2016-10-05,718.0,770.0,732.0,742.0,3412,742.0,2026-09-03T19:34:18.631078+00:00
2016-10-06,742.0,770.0,750.0,765.0,1326,765.0,2026-09-03T19:34:18.631078+00:00
2016-10-16,765.0,755.0,735.0,735.0,3320,735.0,2026-09-03T19:34:18.631078+00:00
2016-10-17,735.0,749.0,749.0,749.0,500,749.0,2026-09-03T19:34:18.631078+00:00
2016-10-18,749.0,749.0,735.0,749.0,1410,749.0,2026-09-03T19:34:18.631078+00:00
2016-10-19,749.0,740.0,728.0,728.0,1650,728.0,2026-09-03T19:34:18.631078+00:00
2016-10-20,728.0,728.0,721.0,725.0,1916,725.0,2026-09-03T19:34:18.631078+00:00
2016-10-23,725.0,725.0,711.0,713.0,6708,713.0,2026-09-03T19:34:18.631078+00:00
2016-10-24,713.0,715.0,707.0,715.0,3173,715.0,2026-09-03T19:34:18.631078+00:00
2016-10-25,715.0,705.0,701.0,702.0,900,702.0,2026-09-03T19:34:18.631078+00:00
2016-10-26,702.0,701.0,700.0,700.0,1950,700.0,2026-09-03T19:34:18.631078+00:00
2016-10-27,700.0,720.0,696.0,715.0,3410,715.0,2026-09-03T19:34:18.631078+00:00
2016-11-03,715.0,730.0,729.0,730.0,235,730.0,2026-09-03T19:34:18.631078+00:00
2016-11-07,730.0,725.0,705.0,711.0,2021,711.0,2026-09-03T19:34:18.631078+00:00
2016-11-08,711.0,712.0,712.0,712.0,50,712.0,2026-09-03T19:34:18.631078+00:00
2016-11-09,712.0,724.0,698.0,710.0,640,710.0,2026-09-03T19:34:18.631078+00:00
2016-11-10,710.0,715.0,688.0,695.0,650,695.0,2026-09-03T19:34:18.631078+00:00
2016-11-13,695.0,708.0,708.0,708.0,10,708.0,2026-09-03T19:34:18.631078+00:00
2016-11-14,708.0,720.0,680.0,695.0,2604,695.0,2026-09-03T19:34:18.631078+00:00
2016-11-15,695.0,695.0,660.0,693.0,1560,693.0,2026-09-03T19:34:18.631078+00:00
2016-11-16,693.0,680.0,654.0,680.0,1354,680.0,2026-09-03T19:34:18.631078+00:00
2016-11-17,680.0,693.0,635.0,635.0,1318,635.0,2026-09-03T19:34:18.631078+00:00
2016-11-20,635.0,647.0,647.0,647.0,10,647.0,2026-09-03T19:34:18.631078+00:00
2016-11-22,647.0,640.0,583.0,583.0,890,583.0,2026-09-03T19:34:18.631078+00:00
2016-11-23,583.0,605.0,585.0,590.0,850,590.0,2026-09-03T19:34:18.631078+00:00
2016-11-24,590.0,606.0,594.0,594.0,252,594.0,2026-09-03T19:34:18.631078+00:00
2016-11-27,594.0,602.0,579.0,579.0,150,579.0,2026-09-03T19:34:18.631078+00:00
2016-11-28,579.0,579.0,557.0,560.0,1898,560.0,2026-09-03T19:34:18.631078+00:00
2016-11-29,560.0,591.0,548.0,591.0,2714,591.0,2026-09-03T19:34:18.631078+00:00
2016-11-30,591.0,600.0,578.0,578.0,2140,578.0,2026-09-03T19:34:18.631078+00:00
2016-12-01,578.0,635.0,578.0,635.0,6922,635.0,2026-09-03T19:34:18.631078+00:00
2016-12-04,635.0,659.0,622.0,622.0,414,622.0,2026-09-03T19:34:18.631078+00:00
2016-12-05,622.0,610.0,570.0,570.0,5766,570.0,2026-09-03T19:34:18.631078+00:00
2016-12-06,570.0,581.0,560.0,570.0,4326,570.0,2026-09-03T19:34:18.631078+00:00
2016-12-07,570.0,581.0,548.0,548.0,1658,548.0,2026-09-03T19:34:18.631078+00:00
2016-12-08,548.0,565.0,548.0,554.0,3550,554.0,2026-09-03T19:34:18.631078+00:00
2016-12-11,554.0,550.0,543.0,543.0,2172,543.0,2026-09-03T19:34:18.631078+00:00
2016-12-12,543.0,545.0,533.0,545.0,650,545.0,2026-09-03T19:34:18.631078+00:00
2016-12-14,545.0,540.0,529.0,540.0,2070,540.0,2026-09-03T19:34:18.631078+00:00
2016-12-15,540.0,570.0,550.0,569.0,550,569.0,2026-09-03T19:34:18.631078+00:00
2016-12-19,569.0,558.0,558.0,558.0,100,558.0,2026-09-03T19:34:18.631078+00:00
2016-12-20,558.0,565.0,543.0,543.0,130,543.0,2026-09-03T19:34:18.631078+00:00
2016-12-21,543.0,533.0,516.0,516.0,3274,516.0,2026-09-03T19:34:18.631078+00:00
2016-12-22,516.0,526.0,515.0,515.0,670,515.0,2026-09-03T19:34:18.631078+00:00
2016-12-26,515.0,505.0,487.0,487.0,573,487.0,2026-09-03T19:34:18.631078+00:00
2016-12-27,487.0,488.0,472.0,472.0,455,472.0,2026-09-03T19:34:18.631078+00:00
2016-12-28,472.0,492.0,472.0,492.0,3384,492.0,2026-09-03T19:34:18.631078+00:00
2016-12-29,492.0,519.0,500.0,515.0,1300,515.0,2026-09-03T19:34:18.631078+00:00
2017-01-01,515.0,535.0,516.0,516.0,3696,516.0,2026-09-03T19:34:18.631078+00:00
2017-01-02,516.0,525.0,515.0,520.0,620,520.0,2026-09-03T19:34:18.631078+00:00
2017-01-03,520.0,514.0,510.0,510.0,1024,510.0,2026-09-03T19:34:18.631078+00:00
2017-01-04,510.0,501.0,492.0,492.0,980,492.0,2026-09-03T19:34:18.631078+00:00
2017-01-05,492.0,495.0,483.0,491.0,1554,491.0,2026-09-03T19:34:18.631078+00:00
2017-01-09,491.0,493.0,484.0,493.0,560,493.0,2026-09-03T19:34:18.631078+00:00
2017-01-10,493.0,530.0,502.0,530.0,990,530.0,2026-09-03T19:34:18.631078+00:00
2017-01-11,530.0,550.0,521.0,521.0,2335,521.0,2026-09-03T19:34:18.631078+00:00
2017-01-12,521.0,531.0,531.0,531.0,20,531.0,2026-09-03T19:34:18.631078+00:00
2017-01-15,531.0,521.0,510.0,520.0,5165,520.0,2026-09-03T19:34:18.631078+00:00
2017-01-16,520.0,520.0,510.0,520.0,4782,520.0,2026-09-03T19:34:18.631078+00:00
2017-01-17,520.0,510.0,500.0,510.0,411,510.0,2026-09-03T19:34:18.631078+00:00
2017-01-18,510.0,510.0,510.0,510.0,110,510.0,2026-09-03T19:34:18.631078+00:00
2017-01-19,510.0,520.0,500.0,510.0,1210,510.0,2026-09-03T19:34:18.631078+00:00
2017-01-22,510.0,520.0,520.0,520.0,510,520.0,2026-09-03T19:34:18.631078+00:00
2017-01-26,520.0,510.0,486.0,510.0,583,510.0,2026-09-03T19:34:18.631078+00:00
2017-01-30,510.0,500.0,459.0,459.0,6250,459.0,2026-09-03T19:34:18.631078+00:00
2017-01-31,459.0,477.0,452.0,452.0,2236,452.0,2026-09-03T19:34:18.631078+00:00
2017-02-01,452.0,497.0,461.0,497.0,2564,497.0,2026-09-03T19:34:18.631078+00:00
2017-02-02,497.0,502.0,490.0,500.0,3402,500.0,2026-09-03T19:34:18.631078+00:00
2017-02-05,500.0,499.0,490.0,499.0,102,499.0,2026-09-03T19:34:18.631078+00:00
2017-02-06,499.0,490.0,490.0,490.0,110,490.0,2026-09-03T19:34:18.631078+00:00
2017-02-07,490.0,500.0,490.0,498.0,1440,498.0,2026-09-03T19:34:18.631078+00:00
2017-02-08,498.0,489.0,489.0,489.0,100,489.0,2026-09-03T19:34:18.631078+00:00
2017-02-09,489.0,481.0,480.0,480.0,787,480.0,2026-09-03T19:34:18.631078+00:00
2017-02-12,480.0,479.0,455.0,455.0,6970,455.0,2026-09-03T19:34:18.631078+00:00
2017-02-13,455.0,474.0,439.0,474.0,6406,474.0,2026-09-03T19:34:18.631078+00:00
2017-02-14,474.0,480.0,465.0,472.0,4960,472.0,2026-09-03T19:34:18.631078+00:00
2017-02-15,472.0,510.0,464.0,509.0,5457,509.0,2026-09-03T19:34:18.631078+00:00
2017-02-16,509.0,525.0,490.0,500.0,10622,500.0,2026-09-03T19:34:18.631078+00:00
2017-02-19,500.0,525.0,500.0,525.0,4256,525.0,2026-09-03T19:34:18.631078+00:00
2017-02-20,525.0,567.0,520.0,520.0,13584,520.0,2026-09-03T19:34:18.631078+00:00
2017-02-21,520.0,561.0,505.0,520.0,10330,520.0,2026-09-03T19:34:18.631078+00:00
2017-02-22,520.0,540.0,516.0,516.0,2200,516.0,2026-09-03T19:34:18.631078+00:00
2017-02-23,516.0,556.0,516.0,545.0,3757,545.0,2026-09-03T19:34:18.631078+00:00
2017-02-26,545.0,540.0,520.0,534.0,6420,534.0,2026-09-03T19:34:18.631078+00:00
2017-02-28,534.0,544.0,530.0,544.0,1710,544.0,2026-09-03T19:34:18.631078+00:00
2017-03-01,544.0,565.0,540.0,554.0,5240,554.0,2026-09-03T19:34:18.631078+00:00
2017-03-02,554.0,572.0,550.0,565.0,6011,565.0,2026-09-03T19:34:18.631078+00:00
2017-03-05,565.0,604.0,576.0,604.0,9900,604.0,2026-09-03T19:34:18.631078+00:00
2017-03-06,604.0,658.0,610.0,652.0,17638,652.0,2026-09-03T19:34:18.631078+00:00
2017-03-07,652.0,662.0,616.0,647.0,10447,647.0,2026-09-03T19:34:18.631078+00:00
2017-03-09,647.0,651.0,631.0,635.0,9828,635.0,2026-09-03T19:34:18.631078+00:00
2017-03-13,635.0,655.0,626.0,654.0,4910,654.0,2026-09-03T19:34:18.631078+00:00
2017-03-14,654.0,650.0,641.0,643.0,1734,643.0,2026-09-03T19:34:18.631078+00:00
2017-03-15,643.0,645.0,619.0,645.0,3800,645.0,2026-09-03T19:34:18.631078+00:00
2017-03-16,645.0,645.0,627.0,641.0,1744,641.0,2026-09-03T19:34:18.631078+00:00
2017-03-19,641.0,665.0,635.0,665.0,7891,665.0,2026-09-03T19:34:18.631078+00:00
2017-03-20,665.0,698.0,670.0,698.0,7237,698.0,2026-09-03T19:34:18.631078+00:00
2017-03-21,698.0,767.0,686.0,765.0,22137,765.0,2026-09-03T19:34:18.631078+00:00
2017-03-22,765.0,805.0,730.0,744.0,22003,744.0,2026-09-03T19:34:18.631078+00:00
2017-03-23,744.0,758.0,717.0,743.0,8295,743.0,2026-09-03T19:34:18.631078+00:00
2017-03-26,743.0,817.0,729.0,817.0,37068,817.0,2026-09-03T19:34:18.631078+00:00
2017-03-28,817.0,898.0,833.0,898.0,18636,898.0,2026-09-03T19:34:18.631078+00:00
2017-03-29,898.0,939.0,840.0,840.0,25952,840.0,2026-09-03T19:34:18.631078+00:00
2017-03-30,840.0,885.0,800.0,860.0,20272,860.0,2026-09-03T19:34:18.631078+00:00
2017-04-02,860.0,946.0,866.0,946.0,13278,946.0,2026-09-03T19:34:18.631078+00:00
2017-04-03,946.0,1022.0,900.0,928.0,22631,928.0,2026-09-03T19:34:18.631078+00:00
2017-04-04,928.0,948.0,882.0,920.0,12263,920.0,2026-09-03T19:34:18.631078+00:00
2017-04-06,920.0,902.0,828.0,828.0,3480,828.0,2026-09-03T19:34:18.631078+00:00
2017-04-09,828.0,877.0,751.0,854.0,32544,854.0,2026-09-03T19:34:18.631078+00:00
2017-04-10,854.0,885.0,833.0,882.0,19546,882.0,2026-09-03T19:34:18.631078+00:00
2017-04-11,882.0,899.0,853.0,870.0,10414,870.0,2026-09-03T19:34:18.631078+00:00
2017-04-12,870.0,904.0,850.0,855.0,16561,855.0,2026-09-03T19:34:18.631078+00:00
2017-04-13,855.0,870.0,840.0,860.0,10256,860.0,2026-09-03T19:34:18.631078+00:00
2017-04-16,860.0,860.0,818.0,820.0,9287,820.0,2026-09-03T19:34:18.631078+00:00
2017-04-18,820.0,825.0,783.0,821.0,11672,821.0,2026-09-03T19:34:18.631078+00:00
2017-04-19,821.0,845.0,806.0,840.0,5140,840.0,2026-09-03T19:34:18.631078+00:00
2017-04-20,840.0,856.0,820.0,839.0,5540,839.0,2026-09-03T19:34:18.631078+00:00
2017-04-23,839.0,889.0,850.0,864.0,14246,864.0,2026-09-03T19:34:18.631078+00:00
2017-04-24,864.0,864.0,844.0,845.0,7614,845.0,2026-09-03T19:34:18.631078+00:00
2017-04-25,845.0,865.0,845.0,850.0,4892,850.0,2026-09-03T19:34:18.631078+00:00
2017-04-26,850.0,867.0,841.0,844.0,4901,844.0,2026-09-03T19:34:18.631078+00:00
2017-04-27,844.0,857.0,814.0,846.0,8137,846.0,2026-09-03T19:34:18.631078+00:00
2017-04-30,846.0,879.0,840.0,840.0,3580,840.0,2026-09-03T19:34:18.631078+00:00
2017-05-02,840.0,862.0,833.0,840.0,2893,840.0,2026-09-03T19:34:18.631078+00:00
2017-05-03,840.0,850.0,822.0,835.0,8720,835.0,2026-09-03T19:34:18.631078+00:00
2017-05-04,835.0,840.0,810.0,811.0,7380,811.0,2026-09-03T19:34:18.631078+00:00
2017-05-07,811.0,827.0,800.0,800.0,8392,800.0,2026-09-03T19:34:18.631078+00:00
2017-05-08,800.0,820.0,799.0,805.0,2499,805.0,2026-09-03T19:34:18.631078+00:00
2017-05-09,805.0,820.0,805.0,805.0,2280,805.0,2026-09-03T19:34:18.631078+00:00
2017-05-11,805.0,821.0,812.0,820.0,2180,820.0,2026-09-03T19:34:18.631078+00:00
2017-05-15,820.0,836.0,810.0,812.0,2365,812.0,2026-09-03T19:34:18.631078+00:00
2017-05-16,812.0,811.0,800.0,810.0,1580,810.0,2026-09-03T19:34:18.631078+00:00
2017-05-17,810.0,810.0,800.0,800.0,1030,800.0,2026-09-03T19:34:18.631078+00:00
2017-05-18,800.0,810.0,780.0,810.0,4891,810.0,2026-09-03T19:34:18.631078+00:00
2017-05-21,810.0,820.0,779.0,779.0,330,779.0,2026-09-03T19:34:18.631078+00:00
2017-05-22,779.0,779.0,760.0,762.0,844,762.0,2026-09-03T19:34:18.631078+00:00
2017-05-23,762.0,815.0,765.0,790.0,2889,790.0,2026-09-03T19:34:18.631078+00:00
2017-05-24,790.0,800.0,778.0,795.0,2275,795.0,2026-09-03T19:34:18.631078+00:00
2017-05-28,795.0,820.0,791.0,791.0,1877,791.0,2026-09-03T19:34:18.631078+00:00
2017-05-30,791.0,796.0,766.0,781.0,2900,781.0,2026-09-03T19:34:18.631078+00:00
2017-05-31,781.0,800.0,766.0,799.0,3210,799.0,2026-09-03T19:34:18.631078+00:00
2017-06-01,799.0,810.0,775.0,775.0,2310,775.0,2026-09-03T19:34:18.631078+00:00
2017-06-04,775.0,780.0,765.0,780.0,648,780.0,2026-09-03T19:34:18.631078+00:00
2017-06-05,780.0,790.0,767.0,767.0,1180,767.0,2026-09-03T19:34:18.631078+00:00
2017-06-06,767.0,800.0,781.0,781.0,2302,781.0,2026-09-03T19:34:18.631078+00:00
2017-06-07,781.0,796.0,768.0,769.0,3010,769.0,2026-09-03T19:34:18.631078+00:00
2017-06-08,769.0,775.0,760.0,775.0,778,775.0,2026-09-03T19:34:18.631078+00:00
2017-06-11,775.0,775.0,775.0,775.0,500,775.0,2026-09-03T19:34:18.631078+00:00
2017-06-12,775.0,785.0,760.0,760.0,3004,760.0,2026-09-03T19:34:18.631078+00:00
2017-06-13,760.0,780.0,765.0,765.0,1481,765.0,2026-09-03T19:34:18.631078+00:00
2017-06-14,765.0,765.0,750.0,765.0,560,765.0,2026-09-03T19:34:18.631078+00:00
2017-06-15,765.0,790.0,760.0,774.0,1042,774.0,2026-09-03T19:34:18.631078+00:00
2017-06-18,774.0,760.0,760.0,760.0,335,760.0,2026-09-03T19:34:18.631078+00:00
2017-06-19,760.0,760.0,745.0,759.0,910,759.0,2026-09-03T19:34:18.631078+00:00
2017-06-20,759.0,760.0,730.0,750.0,3524,750.0,2026-09-03T19:34:18.631078+00:00
2017-06-21,750.0,765.0,735.0,735.0,2060,735.0,2026-09-03T19:34:18.631078+00:00
2017-06-22,735.0,760.0,740.0,760.0,2180,760.0,2026-09-03T19:34:18.631078+00:00
2017-06-25,760.0,759.0,750.0,759.0,740,759.0,2026-09-03T19:34:18.631078+00:00
2017-06-27,759.0,755.0,746.0,750.0,1610,750.0,2026-09-03T19:34:18.631078+00:00
2017-06-28,750.0,759.0,731.0,759.0,1354,759.0,2026-09-03T19:34:18.631078+00:00
2017-07-02,759.0,744.0,735.0,735.0,2708,735.0,2026-09-03T19:34:18.631078+00:00
2017-07-03,735.0,740.0,726.0,735.0,290,735.0,2026-09-03T19:34:18.631078+00:00
2017-07-04,735.0,763.0,749.0,763.0,45,763.0,2026-09-03T19:34:18.631078+00:00
2017-07-05,763.0,770.0,740.0,770.0,1944,770.0,2026-09-03T19:34:18.631078+00:00
2017-07-06,770.0,782.0,774.0,782.0,280,782.0,2026-09-03T19:34:18.631078+00:00
2017-07-09,782.0,790.0,755.0,768.0,6282,768.0,2026-09-03T19:34:18.631078+00:00
2017-07-10,768.0,754.0,753.0,753.0,90,753.0,2026-09-03T19:34:18.631078+00:00
2017-07-12,753.0,785.0,768.0,768.0,244,768.0,2026-09-03T19:34:18.631078+00:00
2017-07-13,768.0,761.0,746.0,746.0,280,746.0,2026-09-03T19:34:18.631078+00:00
2017-07-16,746.0,760.0,740.0,740.0,1400,740.0,2026-09-03T19:34:18.631078+00:00
2017-07-17,740.0,770.0,742.0,770.0,948,770.0,2026-09-03T19:34:18.631078+00:00
2017-07-18,770.0,795.0,770.0,789.0,3341,789.0,2026-09-03T19:34:18.631078+00:00
2017-07-19,789.0,800.0,765.0,765.0,6617,765.0,2026-09-03T19:34:18.631078+00:00
2017-07-20,765.0,780.0,750.0,750.0,2844,750.0,2026-09-03T19:34:18.631078+00:00
2017-07-23,750.0,785.0,757.0,770.0,10422,770.0,2026-09-03T19:34:18.631078+00:00
2017-07-24,770.0,780.0,760.0,780.0,2500,780.0,2026-09-03T19:34:18.631078+00:00
2017-07-25,780.0,781.0,766.0,771.0,4384,771.0,2026-09-03T19:34:18.631078+00:00
2017-07-26,771.0,809.0,780.0,809.0,3086,809.0,2026-09-03T19:34:18.631078+00:00
2017-07-27,809.0,840.0,800.0,828.0,9703,828.0,2026-09-03T19:34:18.631078+00:00
2017-07-30,828.0,888.0,840.0,884.0,21342,884.0,2026-09-03T19:34:18.631078+00:00
2017-07-31,884.0,930.0,867.0,930.0,16805,930.0,2026-09-03T19:34:18.631078+00:00
2017-08-01,930.0,994.0,912.0,992.0,73484,992.0,2026-09-03T19:34:18.631078+00:00
2017-08-02,992.0,1050.0,995.0,1049.0,83991,1049.0,2026-09-03T19:34:18.631078+00:00
2017-08-03,1049.0,1050.0,945.0,983.0,56752,983.0,2026-09-03T19:34:18.631078+00:00
2017-08-06,983.0,982.0,912.0,943.0,13033,943.0,2026-09-03T19:34:18.631078+00:00
2017-08-07,943.0,961.0,902.0,920.0,8526,920.0,2026-09-03T19:34:18.631078+00:00
2017-08-09,920.0,902.0,868.0,879.0,15609,879.0,2026-09-03T19:34:18.631078+00:00
2017-08-10,879.0,890.0,851.0,871.0,5929,871.0,2026-09-03T19:34:18.631078+00:00
2017-08-13,871.0,888.0,856.0,856.0,3860,856.0,2026-09-03T19:34:18.631078+00:00
2017-08-15,856.0,860.0,838.0,851.0,2847,851.0,2026-09-03T19:34:18.631078+00:00
2017-08-16,851.0,841.0,820.0,836.0,4108,836.0,2026-09-03T19:34:18.631078+00:00
2017-08-17,836.0,820.0,761.0,790.0,20018,790.0,2026-09-03T19:34:18.631078+00:00
2017-08-20,790.0,805.0,775.0,793.0,1383,793.0,2026-09-03T19:34:18.631078+00:00
2017-08-21,793.0,808.0,778.0,789.0,9093,789.0,2026-09-03T19:34:18.631078+00:00
2017-08-22,789.0,795.0,775.0,791.0,1970,791.0,2026-09-03T19:34:18.631078+00:00
2017-08-23,791.0,776.0,752.0,760.0,6717,760.0,2026-09-03T19:34:18.631078+00:00
2017-08-24,760.0,812.0,754.0,796.0,333,796.0,2026-09-03T19:34:18.631078+00:00
2017-08-27,796.0,795.0,775.0,789.0,2767,789.0,2026-09-03T19:34:18.631078+00:00
2017-08-28,789.0,775.0,775.0,775.0,100,775.0,2026-09-03T19:34:18.631078+00:00
2017-08-30,775.0,780.0,760.0,766.0,3030,766.0,2026-09-03T19:34:18.631078+00:00
2017-08-31,766.0,780.0,755.0,755.0,1230,755.0,2026-09-03T19:34:18.631078+00:00
2017-09-04,755.0,765.0,718.0,732.0,9374,732.0,2026-09-03T19:34:18.631078+00:00
2017-09-06,732.0,734.0,717.0,734.0,2807,734.0,2026-09-03T19:34:18.631078+00:00
2017-09-07,734.0,735.0,720.0,735.0,1215,735.0,2026-09-03T19:34:18.631078+00:00
2017-09-10,735.0,722.0,694.0,697.0,5515,697.0,2026-09-03T19:34:18.631078+00:00
2017-09-11,697.0,713.0,684.0,713.0,6130,713.0,2026-09-03T19:34:18.631078+00:00
2017-09-12,713.0,699.0,660.0,699.0,2295,699.0,2026-09-03T19:34:18.631078+00:00
2017-09-13,699.0,724.0,686.0,712.0,3148,712.0,2026-09-03T19:34:18.631078+00:00
2017-09-14,712.0,710.0,700.0,710.0,2879,710.0,2026-09-03T19:34:18.631078+00:00
2017-09-17,710.0,738.0,700.0,725.0,5176,725.0,2026-09-03T19:34:18.631078+00:00
2017-09-18,725.0,724.0,702.0,724.0,1370,724.0,2026-09-03T19:34:18.631078+00:00
2017-09-20,724.0,720.0,696.0,711.0,2180,711.0,2026-09-03T19:34:18.631078+00:00
2017-09-24,711.0,719.0,696.0,719.0,1900,719.0,2026-09-03T19:34:18.631078+00:00
2017-09-25,719.0,705.0,705.0,705.0,400,705.0,2026-09-03T19:34:18.631078+00:00
2017-09-26,705.0,719.0,705.0,706.0,1648,706.0,2026-09-03T19:34:18.631078+00:00
2017-10-03,706.0,718.0,704.0,704.0,68,704.0,2026-09-03T19:34:18.631078+00:00
2017-10-04,704.0,714.0,700.0,705.0,1970,705.0,2026-09-03T19:34:18.631078+00:00
2017-10-08,705.0,695.0,678.0,695.0,2240,695.0,2026-09-03T19:34:18.631078+00:00
2017-10-09,695.0,682.0,655.0,668.0,830,668.0,2026-09-03T19:34:18.631078+00:00
2017-10-10,668.0,680.0,655.0,671.0,2387,671.0,2026-09-03T19:34:18.631078+00:00
2017-10-11,671.0,681.0,661.0,673.0,2860,673.0,2026-09-03T19:34:18.631078+00:00
2017-10-12,673.0,683.0,666.0,666.0,1470,666.0,2026-09-03T19:34:18.631078+00:00
2017-10-15,666.0,675.0,661.0,670.0,9782,670.0,2026-09-03T19:34:18.631078+00:00
2017-10-16,670.0,708.0,680.0,708.0,7640,708.0,2026-09-03T19:34:18.631078+00:00
2017-10-17,708.0,722.0,695.0,710.0,5533,710.0,2026-09-03T19:34:18.631078+00:00
2017-10-18,710.0,714.0,694.0,714.0,1595,714.0,2026-09-03T19:34:18.631078+00:00
2017-10-22,714.0,727.0,700.0,713.0,2945,713.0,2026-09-03T19:34:18.631078+00:00
2017-10-23,713.0,715.0,704.0,710.0,7206,710.0,2026-09-03T19:34:18.631078+00:00
2017-10-24,710.0,724.0,710.0,724.0,3702,724.0,2026-09-03T19:34:18.631078+00:00
2017-10-25,724.0,738.0,714.0,738.0,1640,738.0,2026-09-03T19:34:18.631078+00:00
2017-10-29,738.0,752.0,708.0,714.0,3369,714.0,2026-09-03T19:34:18.631078+00:00
2017-10-30,714.0,714.0,700.0,704.0,11900,704.0,2026-09-03T19:34:18.631078+00:00
2017-10-31,704.0,705.0,677.0,703.0,3240,703.0,2026-09-03T19:34:18.631078+00:00
2017-11-01,703.0,691.0,650.0,680.0,12544,680.0,2026-09-03T19:34:18.631078+00:00
2017-11-02,680.0,682.0,661.0,673.0,15467,673.0,2026-09-03T19:34:18.631078+00:00
2017-11-05,673.0,675.0,651.0,658.0,12350,658.0,2026-09-03T19:34:18.631078+00:00
2017-11-06,658.0,670.0,651.0,657.0,16809,657.0,2026-09-03T19:34:18.631078+00:00
2017-11-07,657.0,671.0,640.0,645.0,8340,645.0,2026-09-03T19:34:18.631078+00:00
2017-11-08,645.0,641.0,625.0,633.0,5770,633.0,2026-09-03T19:34:18.631078+00:00
2017-11-09,633.0,659.0,621.0,638.0,8066,638.0,2026-09-03T19:34:18.631078+00:00
2017-11-12,638.0,656.0,630.0,656.0,6980,656.0,2026-09-03T19:34:18.631078+00:00
2017-11-13,656.0,655.0,639.0,652.0,6570,652.0,2026-09-03T19:34:18.631078+00:00
2017-11-14,652.0,687.0,642.0,685.0,5510,685.0,2026-09-03T19:34:18.631078+00:00
2017-11-15,685.0,690.0,648.0,670.0,19198,670.0,2026-09-03T19:34:18.631078+00:00
2017-11-16,670.0,664.0,646.0,658.0,16390,658.0,2026-09-03T19:34:18.631078+00:00
2017-11-19,658.0,658.0,641.0,643.0,9110,643.0,2026-09-03T19:34:18.631078+00:00
2017-11-20,643.0,646.0,633.0,639.0,7111,639.0,2026-09-03T19:34:18.631078+00:00
2017-11-21,639.0,650.0,631.0,643.0,6669,643.0,2026-09-03T19:34:18.631078+00:00
2017-11-22,643.0,655.0,635.0,653.0,3670,653.0,2026-09-03T19:34:18.631078+00:00
2017-11-23,653.0,664.0,647.0,664.0,8250,664.0,2026-09-03T19:34:18.631078+00:00
2017-11-26,664.0,694.0,660.0,685.0,14118,685.0,2026-09-03T19:34:18.631078+00:00
2017-11-27,685.0,693.0,668.0,677.0,9389,677.0,2026-09-03T19:34:18.631078+00:00
2017-11-28,677.0,706.0,661.0,706.0,8096,706.0,2026-09-03T19:34:18.631078+00:00
2017-11-29,706.0,735.0,680.0,714.0,32930,714.0,2026-09-03T19:34:18.631078+00:00
2017-11-30,714.0,730.0,697.0,730.0,21385,730.0,2026-09-03T19:34:18.631078+00:00
2017-12-04,730.0,744.0,707.0,712.0,19470,712.0,2026-09-03T19:34:18.631078+00:00
2017-12-05,712.0,725.0,705.0,725.0,4941,725.0,2026-09-03T19:34:18.631078+00:00
2017-12-06,725.0,732.0,715.0,723.0,5780,723.0,2026-09-03T19:34:18.631078+00:00
2017-12-10,723.0,737.0,708.0,715.0,14062,715.0,2026-09-03T19:34:18.631078+00:00
2017-12-11,715.0,724.0,707.0,720.0,8103,720.0,2026-09-03T19:34:18.631078+00:00
2017-12-12,720.0,716.0,706.0,711.0,10410,711.0,2026-09-03T19:34:18.631078+00:00
2017-12-13,711.0,721.0,699.0,717.0,6676,717.0,2026-09-03T19:34:18.631078+00:00
2017-12-14,717.0,774.0,717.0,772.0,53306,772.0,2026-09-03T19:34:18.631078+00:00
2017-12-17,772.0,816.0,746.0,758.0,84294,758.0,2026-09-03T19:34:18.631078+00:00
2017-12-18,758.0,765.0,730.0,745.0,36731,745.0,2026-09-03T19:34:18.631078+00:00
2017-12-19,745.0,750.0,725.0,727.0,22375,727.0,2026-09-03T19:34:18.631078+00:00
2017-12-20,727.0,721.0,701.0,715.0,8720,715.0,2026-09-03T19:34:18.631078+00:00
2017-12-21,715.0,713.0,690.0,690.0,10480,690.0,2026-09-03T19:34:18.631078+00:00
2017-12-24,690.0,708.0,676.0,679.0,5695,679.0,2026-09-03T19:34:18.631078+00:00
2017-12-26,679.0,680.0,667.0,674.0,3356,674.0,2026-09-03T19:34:18.631078+00:00
2017-12-27,674.0,683.0,636.0,670.0,6180,670.0,2026-09-03T19:34:18.631078+00:00
2017-12-28,670.0,682.0,654.0,680.0,7480,680.0,2026-09-03T19:34:18.631078+00:00
2017-12-31,680.0,685.0,658.0,672.0,10688,672.0,2026-09-03T19:34:18.631078+00:00
2018-01-01,672.0,694.0,665.0,690.0,6450,690.0,2026-09-03T19:34:18.631078+00:00
2018-01-02,690.0,699.0,670.0,685.0,14983,685.0,2026-09-03T19:34:18.631078+00:00
2018-01-03,685.0,680.0,670.0,671.0,2975,671.0,2026-09-03T19:34:18.631078+00:00
2018-01-04,671.0,684.0,664.0,683.0,4363,683.0,2026-09-03T19:34:18.631078+00:00
2018-01-07,683.0,693.0,675.0,683.0,2196,683.0,2026-09-03T19:34:18.631078+00:00
2018-01-08,683.0,685.0,675.0,682.0,4080,682.0,2026-09-03T19:34:18.631078+00:00
2018-01-09,682.0,701.0,680.0,688.0,3936,688.0,2026-09-03T19:34:18.631078+00:00
2018-01-10,688.0,681.0,670.0,675.0,4746,675.0,2026-09-03T19:34:18.631078+00:00
2018-01-14,675.0,685.0,657.0,666.0,5462,666.0,2026-09-03T19:34:18.631078+00:00
2018-01-16,666.0,673.0,654.0,660.0,4982,660.0,2026-09-03T19:34:18.631078+00:00
2018-01-17,660.0,665.0,652.0,660.0,3201,660.0,2026-09-03T19:34:18.631078+00:00
2018-01-21,660.0,666.0,655.0,661.0,21910,661.0,2026-09-03T19:34:18.631078+00:00
2018-01-22,661.0,661.0,651.0,655.0,3730,655.0,2026-09-03T19:34:18.631078+00:00
2018-01-23,655.0,660.0,650.0,655.0,2440,655.0,2026-09-03T19:34:18.631078+00:00
2018-01-24,655.0,665.0,648.0,665.0,4536,665.0,2026-09-03T19:34:18.631078+00:00
2018-01-25,665.0,662.0,652.0,662.0,6300,662.0,2026-09-03T19:34:18.631078+00:00
2018-01-28,662.0,666.0,650.0,661.0,1497,661.0,2026-09-03T19:34:18.631078+00:00
2018-01-29,661.0,661.0,652.0,658.0,1175,658.0,2026-09-03T19:34:18.631078+00:00
2018-01-31,658.0,655.0,650.0,653.0,2366,653.0,2026-09-03T19:34:18.631078+00:00
2018-02-01,653.0,669.0,652.0,657.0,1965,657.0,2026-09-03T19:34:18.631078+00:00
2018-02-04,657.0,666.0,647.0,655.0,2390,655.0,2026-09-03T19:34:18.631078+00:00
2018-02-05,655.0,658.0,651.0,653.0,1240,653.0,2026-09-03T19:34:18.631078+00:00
2018-02-06,653.0,653.0,648.0,652.0,1870,652.0,2026-09-03T19:34:18.631078+00:00
2018-02-07,652.0,652.0,642.0,643.0,2790,643.0,2026-09-03T19:34:18.631078+00:00
2018-02-08,643.0,654.0,641.0,650.0,740,650.0,2026-09-03T19:34:18.631078+00:00
2018-02-11,650.0,662.0,642.0,650.0,1935,650.0,2026-09-03T19:34:18.631078+00:00
2018-02-12,650.0,650.0,639.0,640.0,2240,640.0,2026-09-03T19:34:18.631078+00:00
2018-02-14,640.0,650.0,637.0,650.0,2242,650.0,2026-09-03T19:34:18.631078+00:00
2018-02-15,650.0,675.0,640.0,675.0,12400,675.0,2026-09-03T19:34:18.631078+00:00
2018-02-18,686.0,686.0,653.0,656.0,2470,656.0,2026-09-03T19:34:18.631078+00:00
2018-02-20,668.0,668.0,640.0,653.0,4169,653.0,2026-09-03T19:34:18.631078+00:00
2018-02-21,642.0,645.0,641.0,642.0,1190,642.0,2026-09-03T19:34:18.631078+00:00
2018-02-22,635.0,654.0,634.0,643.0,2000,643.0,2026-09-03T19:34:18.631078+00:00
2018-02-25,636.0,643.0,636.0,638.0,1040,638.0,2026-09-03T19:34:18.631078+00:00
2018-02-26,644.0,644.0,620.0,620.0,5560,620.0,2026-09-03T19:34:18.631078+00:00
2018-02-27,624.0,640.0,608.0,625.0,5450,625.0,2026-09-03T19:34:18.631078+00:00
2018-02-28,613.0,614.0,602.0,610.0,4830,610.0,2026-09-03T19:34:18.631078+00:00
2018-03-04,600.0,600.0,555.0,578.0,4595,578.0,2026-09-03T19:34:18.631078+00:00
2018-03-05,585.0,590.0,550.0,551.0,6070,551.0,2026-09-03T19:34:18.631078+00:00
2018-03-06,540.0,563.0,531.0,546.0,4770,546.0,2026-09-03T19:34:18.631078+00:00
2018-03-07,540.0,572.0,540.0,570.0,3940,570.0,2026-09-03T19:34:18.631078+00:00
2018-03-11,559.0,559.0,536.0,538.0,4025,538.0,2026-09-03T19:34:18.631078+00:00
2018-03-12,529.0,545.0,515.0,531.0,1635,531.0,2026-09-03T19:34:18.631078+00:00
2018-03-13,521.0,538.0,518.0,538.0,1110,538.0,2026-09-03T19:34:18.631078+00:00
2018-03-14,528.0,542.0,527.0,542.0,1660,542.0,2026-09-03T19:34:18.631078+00:00
2018-03-15,535.0,550.0,535.0,537.0,480,537.0,2026-09-03T19:34:18.631078+00:00
2018-03-18,528.0,528.0,521.0,522.0,6962,522.0,2026-09-03T19:34:18.631078+00:00
2018-03-19,518.0,530.0,518.0,530.0,1070,530.0,2026-09-03T19:34:18.631078+00:00
2018-03-20,525.0,525.0,513.0,520.0,1925,520.0,2026-09-03T19:34:18.631078+00:00
2018-03-21,515.0,515.0,497.0,513.0,6590,513.0,2026-09-03T19:34:18.631078+00:00
2018-03-22,516.0,516.0,484.0,486.0,4605,486.0,2026-09-03T19:34:18.631078+00:00
2018-03-26,477.0,477.0,438.0,438.0,6950,438.0,2026-09-03T19:34:18.631078+00:00
2018-03-27,430.0,481.0,416.0,465.0,4080,465.0,2026-09-03T19:34:18.631078+00:00
2018-03-28,474.0,483.0,438.0,460.0,5340,460.0,2026-09-03T19:34:18.631078+00:00
2018-03-29,457.0,468.0,450.0,455.0,5535,455.0,2026-09-03T19:34:18.631078+00:00
2018-04-01,450.0,463.0,441.0,455.0,2260,455.0,2026-09-03T19:34:18.631078+00:00
2018-04-02,450.0,459.0,446.0,457.0,1075,457.0,2026-09-03T19:34:18.631078+00:00
2018-04-03,450.0,468.0,450.0,462.0,2241,462.0,2026-09-03T19:34:18.631078+00:00
2018-04-04,462.0,499.0,461.0,492.0,10240,492.0,2026-09-03T19:34:18.631078+00:00
2018-04-05,493.0,515.0,476.0,510.0,12275,510.0,2026-09-03T19:34:18.631078+00:00
2018-04-08,520.0,550.0,500.0,545.0,9785,545.0,2026-09-03T19:34:18.631078+00:00
2018-04-09,555.0,566.0,529.0,540.0,18652,540.0,2026-09-03T19:34:18.631078+00:00
2018-04-10,530.0,555.0,520.0,528.0,7952,528.0,2026-09-03T19:34:18.631078+00:00
2018-04-11,518.0,544.0,518.0,539.0,3510,539.0,2026-09-03T19:34:18.631078+00:00
2018-04-12,549.0,564.0,535.0,558.0,24855,558.0,2026-09-03T19:34:18.631078+00:00
2018-04-15,547.0,580.0,540.0,580.0,7346,580.0,2026-09-03T19:34:18.631078+00:00
2018-04-16,570.0,612.0,570.0,608.0,16275,608.0,2026-09-03T19:34:18.631078+00:00
2018-04-17,620.0,660.0,600.0,655.0,26943,655.0,2026-09-03T19:34:18.631078+00:00
2018-04-18,655.0,670.0,623.0,652.0,19815,652.0,2026-09-03T19:34:18.631078+00:00
2018-04-19,659.0,663.0,639.0,662.0,17648,662.0,2026-09-03T19:34:18.631078+00:00
2018-04-22,675.0,680.0,650.0,679.0,11436,679.0,2026-09-03T19:34:18.631078+00:00
2018-04-23,690.0,690.0,630.0,653.0,18813,653.0,2026-09-03T19:34:18.631078+00:00
2018-04-24,653.0,683.0,620.0,650.0,11944,650.0,2026-09-03T19:34:18.631078+00:00
2018-04-25,650.0,676.0,637.0,667.0,65620,667.0,2026-09-03T19:34:18.631078+00:00
2018-04-26,655.0,678.0,640.0,646.0,20468,646.0,2026-09-03T19:34:18.631078+00:00
2018-04-29,658.0,684.0,630.0,635.0,5440,635.0,2026-09-03T19:34:18.631078+00:00
2018-05-02,625.0,665.0,620.0,653.0,19051,653.0,2026-09-03T19:34:18.631078+00:00
2018-05-03,664.0,664.0,640.0,653.0,28360,653.0,2026-09-03T19:34:18.631078+00:00
2018-05-06,641.0,666.0,636.0,641.0,6806,641.0,2026-09-03T19:34:18.631078+00:00
2018-05-07,632.0,650.0,632.0,639.0,9642,639.0,2026-09-03T19:34:18.631078+00:00
2018-05-08,640.0,669.0,632.0,669.0,4739,669.0,2026-09-03T19:34:18.631078+00:00
2018-05-09,669.0,670.0,642.0,652.0,13120,652.0,2026-09-03T19:34:18.631078+00:00
2018-05-10,648.0,649.0,640.0,640.0,9005,640.0,2026-09-03T19:34:18.631078+00:00
2018-05-14,642.0,652.0,626.0,626.0,4437,626.0,2026-09-03T19:34:18.631078+00:00
2018-05-15,638.0,648.0,618.0,627.0,1849,627.0,2026-09-03T19:34:18.631078+00:00
2018-05-16,625.0,641.0,615.0,630.0,4131,630.0,2026-09-03T19:34:18.631078+00:00
2018-05-17,630.0,642.0,626.0,629.0,5330,629.0,2026-09-03T19:34:18.631078+00:00
2018-05-20,639.0,650.0,630.0,635.0,2447,635.0,2026-09-03T19:34:18.631078+00:00
2018-05-21,630.0,645.0,625.0,645.0,5718,645.0,2026-09-03T19:34:18.631078+00:00
2018-05-22,635.0,645.0,626.0,633.0,1450,633.0,2026-09-03T19:34:18.631078+00:00
2018-05-23,630.0,650.0,628.0,641.0,1604,641.0,2026-09-03T19:34:18.631078+00:00
2018-05-24,642.0,641.0,623.0,623.0,4580,623.0,2026-09-03T19:34:18.631078+00:00
2018-05-27,614.0,623.0,614.0,617.0,9448,617.0,2026-09-03T19:34:18.631078+00:00
2018-05-28,606.0,646.0,606.0,646.0,9675,646.0,2026-09-03T19:34:18.631078+00:00
2018-05-29,652.0,653.0,628.0,634.0,11597,634.0,2026-09-03T19:34:18.631078+00:00
2018-05-30,625.0,646.0,625.0,632.0,5305,632.0,2026-09-03T19:34:18.631078+00:00
2018-05-31,635.0,639.0,620.0,620.0,5055,620.0,2026-09-03T19:34:18.631078+00:00
2018-06-03,610.0,620.0,589.0,593.0,12369,593.0,2026-09-03T19:34:18.631078+00:00
2018-06-04,583.0,604.0,582.0,586.0,5185,586.0,2026-09-03T19:34:18.631078+00:00
2018-06-06,597.0,620.0,597.0,603.0,11010,603.0,2026-09-03T19:34:18.631078+00:00
2018-06-07,615.0,615.0,585.0,585.0,8035,585.0,2026-09-03T19:34:18.631078+00:00
2018-06-10,590.0,590.0,568.0,570.0,4335,570.0,2026-09-03T19:34:18.631078+00:00
2018-06-11,560.0,590.0,560.0,575.0,10251,575.0,2026-09-03T19:34:18.631078+00:00
2018-06-12,568.0,585.0,560.0,576.0,3890,576.0,2026-09-03T19:34:18.631078+00:00
2018-06-13,576.0,633.0,569.0,624.0,23228,624.0,2026-09-03T19:34:18.631078+00:00
2018-06-14,630.0,648.0,616.0,643.0,27640,643.0,2026-09-03T19:34:18.631078+00:00
2018-06-17,655.0,667.0,636.0,649.0,35147,649.0,2026-09-03T19:34:18.631078+00:00
2018-06-18,637.0,650.0,631.0,637.0,10805,637.0,2026-09-03T19:34:18.631078+00:00
2018-06-19,640.0,651.0,625.0,628.0,12890,628.0,2026-09-03T19:34:18.631078+00:00
2018-06-20,625.0,635.0,615.0,623.0,8990,623.0,2026-09-03T19:34:18.631078+00:00
2018-06-21,613.0,629.0,609.0,609.0,4402,609.0,2026-09-03T19:34:18.631078+00:00
2018-06-24,603.0,628.0,603.0,607.0,9348,607.0,2026-09-03T19:34:18.631078+00:00
2018-06-25,595.0,614.0,595.0,600.0,9966,600.0,2026-09-03T19:34:18.631078+00:00
2018-06-26,600.0,600.0,592.0,592.0,4678,592.0,2026-09-03T19:34:18.631078+00:00
2018-06-27,590.0,612.0,581.0,600.0,2425,600.0,2026-09-03T19:34:18.631078+00:00
2018-06-28,602.0,602.0,592.0,592.0,3360,592.0,2026-09-03T19:34:18.631078+00:00
2018-07-01,582.0,588.0,577.0,578.0,1040,578.0,2026-09-03T19:34:18.631078+00:00
2018-07-02,579.0,588.0,569.0,577.0,4453,577.0,2026-09-03T19:34:18.631078+00:00
2018-07-03,570.0,585.0,570.0,580.0,980,580.0,2026-09-03T19:34:18.631078+00:00
2018-07-04,570.0,596.0,570.0,595.0,3406,595.0,2026-09-03T19:34:18.631078+00:00
2018-07-05,595.0,628.0,595.0,625.0,8340,625.0,2026-09-03T19:34:18.631078+00:00
2018-07-08,630.0,630.0,611.0,614.0,19201,614.0,2026-09-03T19:34:18.631078+00:00
2018-07-09,615.0,623.0,603.0,609.0,4080,609.0,2026-09-03T19:34:18.631078+00:00
2018-07-10,609.0,615.0,591.0,609.0,11058,609.0,2026-09-03T19:34:18.631078+00:00
2018-07-11,620.0,635.0,612.0,615.0,22771,615.0,2026-09-03T19:34:18.631078+00:00
2018-07-12,627.0,627.0,588.0,600.0,12188,600.0,2026-09-03T19:34:18.631078+00:00
2018-07-15,600.0,605.0,594.0,605.0,3975,605.0,2026-09-03T19:34:18.631078+00:00
2018-07-16,605.0,625.0,597.0,613.0,4343,613.0,2026-09-03T19:34:18.631078+00:00
2018-07-17,613.0,613.0,603.0,603.0,970,603.0,2026-09-03T19:34:18.631078+00:00
2018-07-18,603.0,603.0,595.0,601.0,3175,601.0,2026-09-03T19:34:18.631078+00:00
2018-07-19,600.0,605.0,589.0,590.0,4448,590.0,2026-09-03T19:34:18.631078+00:00
2018-07-22,582.0,590.0,576.0,583.0,5270,583.0,2026-09-03T19:34:18.631078+00:00
2018-07-23,575.0,599.0,575.0,589.0,3209,589.0,2026-09-03T19:34:18.631078+00:00
2018-07-24,600.0,611.0,586.0,586.0,8626,586.0,2026-09-03T19:34:18.631078+00:00
2018-07-25,590.0,590.0,580.0,587.0,2530,587.0,2026-09-03T19:34:18.631078+00:00
2018-07-26,580.0,595.0,579.0,580.0,6183,580.0,2026-09-03T19:34:18.631078+00:00
2018-07-29,571.0,590.0,571.0,580.0,4310,580.0,2026-09-03T19:34:18.631078+00:00
2018-07-30,585.0,588.0,575.0,588.0,5103,588.0,2026-09-03T19:34:18.631078+00:00
2018-07-31,598.0,598.0,575.0,580.0,4420,580.0,2026-09-03T19:34:18.631078+00:00
2018-08-01,574.0,580.0,574.0,574.0,4160,574.0,2026-09-03T19:34:18.631078+00:00
2018-08-02,577.0,579.0,572.0,574.0,4080,574.0,2026-09-03T19:34:18.631078+00:00
2018-08-05,574.0,574.0,565.0,569.0,2950,569.0,2026-09-03T19:34:18.631078+00:00
2018-08-06,574.0,579.0,561.0,573.0,6869,573.0,2026-09-03T19:34:18.631078+00:00
2018-08-07,562.0,575.0,562.0,571.0,490,571.0,2026-09-03T19:34:18.631078+00:00
2018-08-08,560.0,569.0,560.0,561.0,2300,561.0,2026-09-03T19:34:18.631078+00:00
2018-08-09,559.0,561.0,558.0,558.0,3920,558.0,2026-09-03T19:34:18.631078+00:00
2018-08-12,559.0,559.0,544.0,548.0,3742,548.0,2026-09-03T19:34:18.631078+00:00
2018-08-13,538.0,558.0,533.0,558.0,700,558.0,2026-09-03T19:34:18.631078+00:00
2018-08-14,569.0,574.0,549.0,574.0,5032,574.0,2026-09-03T19:34:18.631078+00:00
2018-08-15,574.0,585.0,564.0,584.0,6896,584.0,2026-09-03T19:34:18.631078+00:00
2018-08-16,580.0,589.0,571.0,571.0,8283,571.0,2026-09-03T19:34:18.631078+00:00
2018-08-19,582.0,616.0,566.0,583.0,59551,583.0,2026-09-03T19:34:18.631078+00:00
2018-08-20,572.0,582.0,565.0,570.0,4520,570.0,2026-09-03T19:34:18.631078+00:00
2018-08-21,570.0,575.0,565.0,570.0,3841,570.0,2026-09-03T19:34:18.631078+00:00
2018-08-22,569.0,569.0,559.0,564.0,4525,564.0,2026-09-03T19:34:18.631078+00:00
2018-08-23,569.0,569.0,550.0,550.0,8163,550.0,2026-09-03T19:34:18.631078+00:00
2018-08-26,545.0,560.0,540.0,547.0,5430,547.0,2026-09-03T19:34:18.631078+00:00
2018-08-28,545.0,553.0,541.0,553.0,2700,553.0,2026-09-03T19:34:18.631078+00:00
2018-08-29,555.0,555.0,537.0,547.0,6065,547.0,2026-09-03T19:34:18.631078+00:00
2018-08-30,547.0,560.0,539.0,540.0,7918,540.0,2026-09-03T19:34:18.631078+00:00
2018-09-02,546.0,556.0,540.0,545.0,2955,545.0,2026-09-03T19:34:18.631078+00:00
2018-09-04,555.0,555.0,542.0,547.0,1326,547.0,2026-09-03T19:34:18.631078+00:00
2018-09-05,550.0,566.0,547.0,554.0,7238,554.0,2026-09-03T19:34:18.631078+00:00
2018-09-06,554.0,575.0,550.0,557.0,7189,557.0,2026-09-03T19:34:18.631078+00:00
2018-09-09,555.0,555.0,540.0,542.0,1835,542.0,2026-09-03T19:34:18.631078+00:00
2018-09-10,534.0,549.0,533.0,543.0,1570,543.0,2026-09-03T19:34:18.631078+00:00
2018-09-11,540.0,560.0,540.0,547.0,1330,547.0,2026-09-03T19:34:18.631078+00:00
2018-09-12,540.0,560.0,540.0,555.0,3910,555.0,2026-09-03T19:34:18.631078+00:00
2018-09-13,555.0,555.0,545.0,546.0,4876,546.0,2026-09-03T19:34:18.631078+00:00
2018-09-16,556.0,567.0,553.0,553.0,11699,553.0,2026-09-03T19:34:18.631078+00:00
2018-09-17,553.0,564.0,553.0,555.0,3090,555.0,2026-09-03T19:34:18.631078+00:00
2018-09-18,560.0,569.0,552.0,560.0,3511,560.0,2026-09-03T19:34:18.631078+00:00
2018-09-20,555.0,560.0,550.0,552.0,2680,552.0,2026-09-03T19:34:18.631078+00:00
2018-09-23,563.0,563.0,552.0,552.0,5578,552.0,2026-09-03T19:34:18.631078+00:00
2018-09-25,563.0,570.0,547.0,555.0,5000,555.0,2026-09-03T19:34:18.631078+00:00
2018-09-26,558.0,562.0,552.0,552.0,2709,552.0,2026-09-03T19:34:18.631078+00:00
2018-09-27,543.0,555.0,543.0,554.0,1543,554.0,2026-09-03T19:34:18.631078+00:00
2018-09-30,550.0,555.0,540.0,545.0,5131,545.0,2026-09-03T19:34:18.631078+00:00
2018-10-01,545.0,554.0,538.0,540.0,3900,540.0,2026-09-03T19:34:18.631078+00:00
2018-10-02,540.0,541.0,535.0,537.0,970,537.0,2026-09-03T19:34:18.631078+00:00
2018-10-03,531.0,536.0,528.0,532.0,3098,532.0,2026-09-03T19:34:18.631078+00:00
2018-10-04,532.0,536.0,525.0,535.0,3751,535.0,2026-09-03T19:34:18.631078+00:00
2018-10-07,530.0,541.0,526.0,530.0,2049,530.0,2026-09-03T19:34:18.631078+00:00
2018-10-08,530.0,540.0,522.0,522.0,1592,522.0,2026-09-03T19:34:18.631078+00:00
2018-10-09,532.0,532.0,516.0,516.0,3130,516.0,2026-09-03T19:34:18.631078+00:00
2018-10-10,520.0,526.0,512.0,512.0,950,512.0,2026-09-03T19:34:18.631078+00:00
2018-10-11,515.0,525.0,507.0,525.0,1578,525.0,2026-09-03T19:34:18.631078+00:00
2018-10-14,530.0,530.0,516.0,519.0,850,519.0,2026-09-03T19:34:18.631078+00:00
2018-10-15,529.0,539.0,518.0,518.0,750,518.0,2026-09-03T19:34:18.631078+00:00
2018-10-21,520.0,525.0,511.0,514.0,280,514.0,2026-09-03T19:34:18.631078+00:00
2018-10-22,508.0,515.0,508.0,510.0,760,510.0,2026-09-03T19:34:18.631078+00:00
2018-10-23,520.0,520.0,509.0,510.0,250,510.0,2026-09-03T19:34:18.631078+00:00
2018-10-24,510.0,519.0,510.0,518.0,1440,518.0,2026-09-03T19:34:18.631078+00:00
2018-10-25,515.0,520.0,511.0,520.0,2770,520.0,2026-09-03T19:34:18.631078+00:00
2018-10-28,519.0,519.0,502.0,509.0,1579,509.0,2026-09-03T19:34:18.631078+00:00
2018-10-29,509.0,509.0,501.0,506.0,1458,506.0,2026-09-03T19:34:18.631078+00:00
2018-10-30,506.0,516.0,501.0,506.0,1010,506.0,2026-09-03T19:34:18.631078+00:00
2018-10-31,501.0,510.0,500.0,500.0,1060,500.0,2026-09-03T19:34:18.631078+00:00
2018-11-01,500.0,503.0,490.0,500.0,3705,500.0,2026-09-03T19:34:18.631078+00:00
2018-11-04,490.0,510.0,485.0,505.0,1295,505.0,2026-09-03T19:34:18.631078+00:00
2018-11-05,515.0,515.0,495.0,507.0,1152,507.0,2026-09-03T19:34:18.631078+00:00
2018-11-06,507.0,508.0,505.0,508.0,220,508.0,2026-09-03T19:34:18.631078+00:00
2018-11-11,508.0,508.0,500.0,500.0,500,500.0,2026-09-03T19:34:18.631078+00:00
2018-11-12,490.0,500.0,485.0,487.0,1360,487.0,2026-09-03T19:34:18.631078+00:00
2018-11-13,487.0,504.0,487.0,491.0,1370,491.0,2026-09-03T19:34:18.631078+00:00
2018-11-14,483.0,494.0,483.0,489.0,155,489.0,2026-09-03T19:34:18.631078+00:00
2018-11-15,480.0,493.0,476.0,485.0,4990,485.0,2026-09-03T19:34:18.631078+00:00
2018-11-18,476.0,476.0,471.0,474.0,1388,474.0,2026-09-03T19:34:18.631078+00:00
2018-11-19,465.0,474.0,452.0,456.0,5506,456.0,2026-09-03T19:34:18.631078+00:00
2018-11-20,449.0,475.0,449.0,475.0,2442,475.0,2026-09-03T19:34:18.631078+00:00
2018-11-21,466.0,466.0,451.0,455.0,4466,455.0,2026-09-03T19:34:18.631078+00:00
2018-11-22,455.0,455.0,448.0,452.0,650,452.0,2026-09-03T19:34:18.631078+00:00
2018-11-25,453.0,456.0,446.0,446.0,1900,446.0,2026-09-03T19:34:18.631078+00:00
2018-11-26,446.0,448.0,432.0,432.0,2220,432.0,2026-09-03T19:34:18.631078+00:00
2018-11-27,433.0,440.0,433.0,434.0,6250,434.0,2026-09-03T19:34:18.631078+00:00
2018-11-28,436.0,450.0,435.0,449.0,180,449.0,2026-09-03T19:34:18.631078+00:00
2018-11-29,445.0,445.0,430.0,430.0,2826,430.0,2026-09-03T19:34:18.631078+00:00
2018-12-02,422.0,430.0,407.0,415.0,2964,415.0,2026-09-03T19:34:18.631078+00:00
2018-12-03,423.0,429.0,400.0,400.0,4607,400.0,2026-09-03T19:34:18.631078+00:00
2018-12-04,404.0,405.0,401.0,404.0,820,404.0,2026-09-03T19:34:18.631078+00:00
2018-12-05,403.0,407.0,388.0,393.0,2335,393.0,2026-09-03T19:34:18.631078+00:00
2018-12-06,400.0,408.0,392.0,399.0,370,399.0,2026-09-03T19:34:18.631078+00:00
2018-12-09,399.0,403.0,393.0,398.0,3065,398.0,2026-09-03T19:34:18.631078+00:00
2018-12-10,405.0,415.0,400.0,412.0,2530,412.0,2026-09-03T19:34:18.631078+00:00
2018-12-11,401.0,413.0,397.0,397.0,6375,397.0,2026-09-03T19:34:18.631078+00:00
2018-12-12,403.0,404.0,400.0,404.0,540,404.0,2026-09-03T19:34:18.631078+00:00
2018-12-13,407.0,417.0,401.0,414.0,2590,414.0,2026-09-03T19:34:18.631078+00:00
2018-12-16,419.0,428.0,412.0,418.0,3680,418.0,2026-09-03T19:34:18.631078+00:00
2018-12-17,415.0,442.0,414.0,441.0,4400,441.0,2026-09-03T19:34:18.631078+00:00
2018-12-18,447.0,447.0,420.0,421.0,4804,421.0,2026-09-03T19:34:18.631078+00:00
2018-12-19,413.0,428.0,412.0,414.0,1130,414.0,2026-09-03T19:34:18.631078+00:00
2018-12-20,415.0,423.0,415.0,421.0,4485,421.0,2026-09-03T19:34:18.631078+00:00
2018-12-23,429.0,448.0,420.0,445.0,15687,445.0,2026-09-03T19:34:18.631078+00:00
2018-12-24,453.0,462.0,436.0,440.0,9256,440.0,2026-09-03T19:34:18.631078+00:00
2018-12-25,432.0,438.0,430.0,430.0,1963,430.0,2026-09-03T19:34:18.631078+00:00
2018-12-26,435.0,457.0,435.0,457.0,7312,457.0,2026-09-03T19:34:18.631078+00:00
2018-12-27,465.0,466.0,436.0,437.0,10519,437.0,2026-09-03T19:34:18.631078+00:00
2018-12-30,445.0,462.0,443.0,446.0,8420,446.0,2026-09-03T19:34:18.631078+00:00
2018-12-31,442.0,455.0,438.0,449.0,5387,449.0,2026-09-03T19:34:18.631078+00:00
2019-01-01,454.0,454.0,441.0,441.0,2800,441.0,2026-09-03T19:34:18.631078+00:00
2019-01-02,440.0,443.0,434.0,435.0,2911,435.0,2026-09-03T19:34:18.631078+00:00
2019-01-03,428.0,436.0,428.0,432.0,5385,432.0,2026-09-03T19:34:18.631078+00:00
2019-01-06,428.0,430.0,428.0,428.0,490,428.0,2026-09-03T19:34:18.631078+00:00
2019-01-07,436.0,436.0,428.0,435.0,845,435.0,2026-09-03T19:34:18.631078+00:00
2019-01-08,443.0,443.0,432.0,432.0,1007,432.0,2026-09-03T19:34:18.631078+00:00
2019-01-09,435.0,435.0,430.0,432.0,935,432.0,2026-09-03T19:34:18.631078+00:00
2019-01-10,435.0,435.0,428.0,435.0,290,435.0,2026-09-03T19:34:18.631078+00:00
2019-01-13,430.0,434.0,424.0,424.0,852,424.0,2026-09-03T19:34:18.631078+00:00
2019-01-14,421.0,430.0,421.0,425.0,400,425.0,2026-09-03T19:34:18.631078+00:00
2019-01-15,430.0,467.0,430.0,467.0,10153,467.0,2026-09-03T19:34:18.631078+00:00
2019-01-16,460.0,466.0,451.0,458.0,5688,458.0,2026-09-03T19:34:18.631078+00:00
2019-01-17,458.0,463.0,451.0,457.0,387,457.0,2026-09-03T19:34:18.631078+00:00
2019-01-20,440.0,440.0,433.0,433.0,90,433.0,2026-09-03T19:34:18.631078+00:00
2019-01-21,441.0,451.0,435.0,439.0,5321,439.0,2026-09-03T19:34:18.631078+00:00
2019-01-22,432.0,441.0,431.0,436.0,3166,436.0,2026-09-03T19:34:18.631078+00:00
2019-01-23,432.0,456.0,432.0,449.0,3304,449.0,2026-09-03T19:34:18.631078+00:00
2019-01-24,448.0,450.0,440.0,440.0,2051,440.0,2026-09-03T19:34:18.631078+00:00
2019-01-27,440.0,442.0,434.0,441.0,800,441.0,2026-09-03T19:34:18.631078+00:00
2019-01-28,435.0,445.0,433.0,440.0,2980,440.0,2026-09-03T19:34:18.631078+00:00
2019-01-29,435.0,445.0,435.0,445.0,1430,445.0,2026-09-03T19:34:18.631078+00:00
2019-01-30,438.0,445.0,438.0,440.0,1340,440.0,2026-09-03T19:34:18.631078+00:00
2019-01-31,438.0,445.0,438.0,444.0,2430,444.0,2026-09-03T19:34:18.631078+00:00
2019-02-03,442.0,444.0,438.0,441.0,10385,441.0,2026-09-03T19:34:18.631078+00:00
2019-02-04,449.0,453.0,443.0,444.0,9360,444.0,2026-09-03T19:34:18.631078+00:00
2019-02-05,444.0,449.0,444.0,449.0,2145,449.0,2026-09-03T19:34:18.631078+00:00
2019-02-06,442.0,445.0,440.0,445.0,1604,445.0,2026-09-03T19:34:18.631078+00:00
2019-02-07,440.0,441.0,439.0,441.0,1040,441.0,2026-09-03T19:34:18.631078+00:00
2019-02-10,436.0,440.0,436.0,436.0,1405,436.0,2026-09-03T19:34:18.631078+00:00
2019-02-11,429.0,439.0,429.0,439.0,1660,439.0,2026-09-03T19:34:18.631078+00:00
2019-02-12,438.0,438.0,430.0,435.0,1780,435.0,2026-09-03T19:34:18.631078+00:00
2019-02-13,434.0,435.0,424.0,432.0,3629,432.0,2026-09-03T19:34:18.631078+00:00
2019-02-14,424.0,428.0,418.0,428.0,1020,428.0,2026-09-03T19:34:18.631078+00:00
2019-02-17,426.0,428.0,424.0,425.0,630,425.0,2026-09-03T19:34:18.631078+00:00
2019-02-18,419.0,430.0,419.0,426.0,1630,426.0,2026-09-03T19:34:18.631078+00:00
2019-02-19,433.0,443.0,425.0,443.0,3235,443.0,2026-09-03T19:34:18.631078+00:00
2019-02-20,448.0,448.0,436.0,440.0,1270,440.0,2026-09-03T19:34:18.631078+00:00
2019-02-21,440.0,441.0,438.0,439.0,1159,439.0,2026-09-03T19:34:18.631078+00:00
2019-02-24,435.0,438.0,429.0,438.0,1628,438.0,2026-09-03T19:34:18.631078+00:00
2019-02-25,430.0,446.0,427.0,446.0,1530,446.0,2026-09-03T19:34:18.631078+00:00
2019-02-26,449.0,449.0,433.0,433.0,1140,433.0,2026-09-03T19:34:18.631078+00:00
2019-02-27,433.0,445.0,431.0,442.0,1819,442.0,2026-09-03T19:34:18.631078+00:00
2019-03-03,442.0,442.0,436.0,437.0,3308,437.0,2026-09-03T19:34:18.631078+00:00
2019-03-05,439.0,440.0,433.0,436.0,1770,436.0,2026-09-03T19:34:18.631078+00:00
2019-03-06,438.0,444.0,435.0,441.0,2027,441.0,2026-09-03T19:34:18.631078+00:00
2019-03-07,439.0,446.0,439.0,446.0,3351,446.0,2026-09-03T19:34:18.631078+00:00
2019-03-10,440.0,447.0,439.0,444.0,696,444.0,2026-09-03T19:34:18.631078+00:00
2019-03-11,441.0,458.0,441.0,452.0,4158,452.0,2026-09-03T19:34:18.631078+00:00
2019-03-12,450.0,455.0,449.0,449.0,5860,449.0,2026-09-03T19:34:18.631078+00:00
2019-03-13,450.0,450.0,447.0,447.0,2040,447.0,2026-09-03T19:34:18.631078+00:00
2019-03-14,455.0,462.0,446.0,460.0,4620,460.0,2026-09-03T19:34:18.631078+00:00
2019-03-17,469.0,478.0,461.0,465.0,4023,465.0,2026-09-03T19:34:18.631078+00:00
2019-03-18,462.0,468.0,455.0,456.0,6465,456.0,2026-09-03T19:34:18.631078+00:00
2019-03-19,456.0,465.0,452.0,457.0,775,457.0,2026-09-03T19:34:18.631078+00:00
2019-03-21,460.0,460.0,445.0,447.0,2595,447.0,2026-09-03T19:34:18.631078+00:00
2019-03-24,445.0,448.0,442.0,448.0,520,448.0,2026-09-03T19:34:18.631078+00:00
2019-03-25,444.0,450.0,442.0,450.0,3295,450.0,2026-09-03T19:34:18.631078+00:00
2019-03-26,441.0,446.0,436.0,443.0,1210,443.0,2026-09-03T19:34:18.631078+00:00
2019-03-27,448.0,449.0,441.0,447.0,1785,447.0,2026-09-03T19:34:18.631078+00:00
2019-03-28,453.0,453.0,440.0,446.0,1865,446.0,2026-09-03T19:34:18.631078+00:00
2019-03-31,454.0,454.0,447.0,451.0,2145,451.0,2026-09-03T19:34:18.631078+00:00
2019-04-01,458.0,458.0,448.0,448.0,2345,448.0,2026-09-03T19:34:18.631078+00:00
2019-04-02,443.0,451.0,443.0,448.0,1240,448.0,2026-09-03T19:34:18.631078+00:00
2019-04-03,456.0,459.0,445.0,445.0,4230,445.0,2026-09-03T19:34:18.631078+00:00
2019-04-04,440.0,448.0,440.0,441.0,2345,441.0,2026-09-03T19:34:18.631078+00:00
2019-04-07,442.0,445.0,437.0,441.0,1840,441.0,2026-09-03T19:34:18.631078+00:00
2019-04-08,441.0,456.0,441.0,442.0,4495,442.0,2026-09-03T19:34:18.631078+00:00
2019-04-09,444.0,450.0,444.0,447.0,2302,447.0,2026-09-03T19:34:18.631078+00:00
2019-04-10,446.0,450.0,440.0,442.0,6240,442.0,2026-09-03T19:34:18.631078+00:00
2019-04-11,440.0,447.0,440.0,446.0,9945,446.0,2026-09-03T19:34:18.631078+00:00
2019-04-15,325.0,358.0,325.0,346.0,7615,346.0,2026-09-03T19:34:18.631078+00:00
2019-04-16,346.0,364.0,346.0,363.0,8553,363.0,2026-09-03T19:34:18.631078+00:00
2019-04-17,363.0,363.0,354.0,358.0,5830,358.0,2026-09-03T19:34:18.631078+00:00
2019-04-18,351.0,358.0,351.0,352.0,2780,352.0,2026-09-03T19:34:18.631078+00:00
2019-04-21,350.0,357.0,346.0,346.0,3235,346.0,2026-09-03T19:34:18.631078+00:00
2019-04-22,346.0,354.0,346.0,346.0,4979,346.0,2026-09-03T19:34:18.631078+00:00
2019-04-23,347.0,353.0,346.0,350.0,1388,350.0,2026-09-03T19:34:18.631078+00:00
2019-04-24,346.0,351.0,339.0,350.0,5610,350.0,2026-09-03T19:34:18.631078+00:00
2019-04-25,349.0,350.0,340.0,345.0,3468,345.0,2026-09-03T19:34:18.631078+00:00
2019-04-28,343.0,379.0,343.0,379.0,11622,379.0,2026-09-03T19:34:18.631078+00:00
2019-04-29,385.0,385.0,368.0,368.0,8310,368.0,2026-09-03T19:34:18.631078+00:00
2019-04-30,375.0,378.0,358.0,368.0,2620,368.0,2026-09-03T19:34:18.631078+00:00
2019-05-02,365.0,369.0,358.0,369.0,5134,369.0,2026-09-03T19:34:18.631078+00:00
2019-05-05,363.0,366.0,356.0,359.0,6093,359.0,2026-09-03T19:34:18.631078+00:00
2019-05-06,355.0,367.0,355.0,361.0,3840,361.0,2026-09-03T19:34:18.631078+00:00
2019-05-07,361.0,367.0,360.0,360.0,3752,360.0,2026-09-03T19:34:18.631078+00:00
2019-05-08,367.0,370.0,360.0,368.0,8997,368.0,2026-09-03T19:34:18.631078+00:00
2019-05-09,363.0,368.0,363.0,363.0,2230,363.0,2026-09-03T19:34:18.631078+00:00
2019-05-12,357.0,370.0,357.0,370.0,960,370.0,2026-09-03T19:34:18.631078+00:00
2019-05-13,370.0,370.0,358.0,363.0,6915,363.0,2026-09-03T19:34:18.631078+00:00
2019-05-14,361.0,370.0,361.0,365.0,5119,365.0,2026-09-03T19:34:18.631078+00:00
2019-05-15,365.0,369.0,361.0,368.0,3181,368.0,2026-09-03T19:34:18.631078+00:00
2019-05-16,365.0,365.0,362.0,363.0,5460,363.0,2026-09-03T19:34:18.631078+00:00
2019-05-19,363.0,365.0,359.0,360.0,4935,360.0,2026-09-03T19:34:18.631078+00:00
2019-05-20,358.0,362.0,354.0,354.0,3837,354.0,2026-09-03T19:34:18.631078+00:00
2019-05-21,350.0,362.0,350.0,360.0,4669,360.0,2026-09-03T19:34:18.631078+00:00
2019-05-22,365.0,372.0,365.0,369.0,12840,369.0,2026-09-03T19:34:18.631078+00:00
2019-05-23,368.0,387.0,365.0,378.0,11669,378.0,2026-09-03T19:34:18.631078+00:00
2019-05-26,373.0,387.0,373.0,378.0,7738,378.0,2026-09-03T19:34:18.631078+00:00
2019-05-27,376.0,380.0,375.0,379.0,5663,379.0,2026-09-03T19:34:18.631078+00:00
2019-05-28,380.0,380.0,376.0,377.0,2365,377.0,2026-09-03T19:34:18.631078+00:00
2019-05-29,378.0,386.0,378.0,380.0,3270,380.0,2026-09-03T19:34:18.631078+00:00
2019-05-30,387.0,399.0,377.0,381.0,5948,381.0,2026-09-03T19:34:18.631078+00:00
2019-06-02,388.0,395.0,370.0,370.0,3755,370.0,2026-09-03T19:34:18.631078+00:00
2019-06-03,370.0,370.0,361.0,361.0,1940,361.0,2026-09-03T19:34:18.631078+00:00
2019-06-04,368.0,381.0,356.0,367.0,8705,367.0,2026-09-03T19:34:18.631078+00:00
2019-06-06,385.0,385.0,358.0,359.0,6535,359.0,2026-09-03T19:34:18.631078+00:00
2019-06-10,356.0,366.0,356.0,360.0,2830,360.0,2026-09-03T19:34:18.631078+00:00
2019-06-11,355.0,364.0,355.0,355.0,2408,355.0,2026-09-03T19:34:18.631078+00:00
2019-06-12,372.0,372.0,351.0,361.0,2825,361.0,2026-09-03T19:34:18.631078+00:00
2019-06-13,375.0,378.0,351.0,358.0,3025,358.0,2026-09-03T19:34:18.631078+00:00
2019-06-16,375.0,375.0,350.0,351.0,1365,351.0,2026-09-03T19:34:18.631078+00:00
2019-06-17,368.0,368.0,345.0,352.0,1316,352.0,2026-09-03T19:34:18.631078+00:00
2019-06-18,355.0,355.0,350.0,351.0,985,351.0,2026-09-03T19:34:18.631078+00:00
2019-06-19,352.0,356.0,351.0,355.0,3698,355.0,2026-09-03T19:34:18.631078+00:00
2019-06-20,372.0,372.0,351.0,351.0,65,351.0,2026-09-03T19:34:18.631078+00:00
2019-06-23,350.0,352.0,345.0,351.0,2002,351.0,2026-09-03T19:34:18.631078+00:00
2019-06-24,350.0,355.0,346.0,352.0,735,352.0,2026-09-03T19:34:18.631078+00:00
2019-06-25,351.0,357.0,350.0,355.0,1158,355.0,2026-09-03T19:34:18.631078+00:00
2019-06-26,354.0,362.0,349.0,358.0,275,358.0,2026-09-03T19:34:18.631078+00:00
2019-06-27,356.0,356.0,350.0,352.0,2460,352.0,2026-09-03T19:34:18.631078+00:00
2019-06-30,347.0,348.0,342.0,342.0,1620,342.0,2026-09-03T19:34:18.631078+00:00
2019-07-01,339.0,348.0,339.0,340.0,3580,340.0,2026-09-03T19:34:18.631078+00:00
2019-07-02,337.0,347.0,336.0,347.0,1855,347.0,2026-09-03T19:34:18.631078+00:00
2019-07-03,350.0,358.0,340.0,352.0,3570,352.0,2026-09-03T19:34:18.631078+00:00
2019-07-04,350.0,352.0,346.0,349.0,2000,349.0,2026-09-03T19:34:18.631078+00:00
2019-07-07,345.0,347.0,345.0,345.0,2065,345.0,2026-09-03T19:34:18.631078+00:00
2019-07-08,340.0,347.0,340.0,341.0,2240,341.0,2026-09-03T19:34:18.631078+00:00
2019-07-09,345.0,345.0,340.0,341.0,1100,341.0,2026-09-03T19:34:18.631078+00:00
2019-07-10,339.0,345.0,338.0,339.0,4000,339.0,2026-09-03T19:34:18.631078+00:00
2019-07-11,340.0,342.0,339.0,340.0,2080,340.0,2026-09-03T19:34:18.631078+00:00
2019-07-14,335.0,344.0,335.0,344.0,346,344.0,2026-09-03T19:34:18.631078+00:00
2019-07-15,350.0,350.0,342.0,343.0,190,343.0,2026-09-03T19:34:18.631078+00:00
2019-07-16,360.0,360.0,360.0,360.0,10,360.0,2026-09-03T19:34:18.631078+00:00
2019-07-17,353.0,353.0,346.0,351.0,1720,351.0,2026-09-03T19:34:18.631078+00:00
2019-07-18,358.0,365.0,346.0,348.0,3700,348.0,2026-09-03T19:34:18.631078+00:00
2019-07-21,342.0,354.0,342.0,350.0,260,350.0,2026-09-03T19:34:18.631078+00:00
2019-07-22,356.0,356.0,350.0,355.0,1630,355.0,2026-09-03T19:34:18.631078+00:00
2019-07-23,348.0,363.0,348.0,353.0,1090,353.0,2026-09-03T19:34:18.631078+00:00
2019-07-24,351.0,358.0,347.0,357.0,5010,357.0,2026-09-03T19:34:18.631078+00:00
2019-07-25,350.0,354.0,340.0,354.0,3814,354.0,2026-09-03T19:34:18.631078+00:00
2019-07-28,347.0,347.0,342.0,345.0,1350,345.0,2026-09-03T19:34:18.631078+00:00
2019-07-29,345.0,357.0,343.0,357.0,1550,357.0,2026-09-03T19:34:18.631078+00:00
2019-07-30,360.0,360.0,352.0,357.0,3415,357.0,2026-09-03T19:34:18.631078+00:00
2019-07-31,351.0,376.0,351.0,373.0,17460,373.0,2026-09-03T19:34:18.631078+00:00
2019-08-01,375.0,410.0,375.0,410.0,88195,410.0,2026-09-03T19:34:18.631078+00:00
2019-08-04,412.0,430.0,391.0,392.0,47324,392.0,2026-09-03T19:34:18.631078+00:00
2019-08-05,399.0,405.0,375.0,378.0,20017,378.0,2026-09-03T19:34:18.631078+00:00
2019-08-06,375.0,375.0,365.0,369.0,10103,369.0,2026-09-03T19:34:18.631078+00:00
2019-08-07,362.0,386.0,359.0,384.0,10982,384.0,2026-09-03T19:34:18.631078+00:00
2019-08-08,390.0,390.0,368.0,370.0,6976,370.0,2026-09-03T19:34:18.631078+00:00
2019-08-11,373.0,377.0,366.0,371.0,3915,371.0,2026-09-03T19:34:18.631078+00:00
2019-08-12,371.0,378.0,370.0,377.0,6185,377.0,2026-09-03T19:34:18.631078+00:00
2019-08-13,383.0,383.0,368.0,372.0,1230,372.0,2026-09-03T19:34:18.631078+00:00
2019-08-14,372.0,373.0,366.0,368.0,2772,368.0,2026-09-03T19:34:18.631078+00:00
2019-08-15,363.0,373.0,363.0,368.0,1970,368.0,2026-09-03T19:34:18.631078+00:00
2019-08-18,365.0,365.0,358.0,361.0,2590,361.0,2026-09-03T19:34:18.631078+00:00
2019-08-19,360.0,373.0,360.0,366.0,2645,366.0,2026-09-03T19:34:18.631078+00:00
2019-08-20,359.0,369.0,358.0,358.0,6397,358.0,2026-09-03T19:34:18.631078+00:00
2019-08-21,358.0,366.0,355.0,361.0,2753,361.0,2026-09-03T19:34:18.631078+00:00
2019-08-22,355.0,365.0,355.0,361.0,1430,361.0,2026-09-03T19:34:18.631078+00:00
2019-08-25,360.0,360.0,354.0,360.0,2360,360.0,2026-09-03T19:34:18.631078+00:00
2019-08-26,354.0,359.0,354.0,356.0,420,356.0,2026-09-03T19:34:18.631078+00:00
2019-08-27,359.0,362.0,355.0,362.0,1110,362.0,2026-09-03T19:34:18.631078+00:00
2019-08-28,367.0,367.0,355.0,360.0,811,360.0,2026-09-03T19:34:18.631078+00:00
2019-08-29,359.0,360.0,347.0,347.0,1671,347.0,2026-09-03T19:34:18.631078+00:00
2019-09-01,364.0,364.0,364.0,364.0,10,364.0,2026-09-03T19:34:18.631078+00:00
2019-09-02,382.0,382.0,330.0,335.0,24984,335.0,2026-09-03T19:34:18.631078+00:00
2019-09-03,339.0,345.0,328.0,340.0,15062,340.0,2026-09-03T19:34:18.631078+00:00
2019-09-04,357.0,357.0,336.0,342.0,15867,342.0,2026-09-03T19:34:18.631078+00:00
2019-09-05,348.0,348.0,338.0,338.0,5790,338.0,2026-09-03T19:34:18.631078+00:00
2019-09-08,338.0,343.0,335.0,335.0,2135,335.0,2026-09-03T19:34:18.631078+00:00
2019-09-09,332.0,339.0,332.0,333.0,6542,333.0,2026-09-03T19:34:18.631078+00:00
2019-09-10,333.0,338.0,329.0,331.0,5465,331.0,2026-09-03T19:34:18.631078+00:00
2019-09-11,331.0,337.0,330.0,331.0,7120,331.0,2026-09-03T19:34:18.631078+00:00
2019-09-12,330.0,336.0,326.0,330.0,7941,330.0,2026-09-03T19:34:18.631078+00:00
2019-09-15,334.0,335.0,321.0,323.0,6300,323.0,2026-09-03T19:34:18.631078+00:00
2019-09-16,329.0,329.0,314.0,314.0,6950,314.0,2026-09-03T19:34:18.631078+00:00
2019-09-17,320.0,342.0,318.0,328.0,8578,328.0,2026-09-03T19:34:18.631078+00:00
2019-09-18,328.0,342.0,327.0,336.0,22850,336.0,2026-09-03T19:34:18.631078+00:00
2019-09-19,335.0,337.0,331.0,334.0,2290,334.0,2026-09-03T19:34:18.631078+00:00
2019-09-22,325.0,326.0,320.0,322.0,8347,322.0,2026-09-03T19:34:18.631078+00:00
2019-09-23,317.0,327.0,317.0,324.0,4525,324.0,2026-09-03T19:34:18.631078+00:00
2019-09-24,326.0,326.0,315.0,318.0,3506,318.0,2026-09-03T19:34:18.631078+00:00
2019-09-25,323.0,323.0,313.0,317.0,1737,317.0,2026-09-03T19:34:18.631078+00:00
2019-09-26,314.0,317.0,314.0,315.0,5335,315.0,2026-09-03T19:34:18.631078+00:00
2019-09-29,315.0,317.0,315.0,315.0,1965,315.0,2026-09-03T19:34:18.631078+00:00
2019-09-30,316.0,320.0,316.0,319.0,1006,319.0,2026-09-03T19:34:18.631078+00:00
2019-10-01,319.0,325.0,319.0,322.0,947,322.0,2026-09-03T19:34:18.631078+00:00
2019-10-02,320.0,323.0,319.0,319.0,1561,319.0,2026-09-03T19:34:18.631078+00:00
2019-10-03,320.0,323.0,318.0,321.0,2861,321.0,2026-09-03T19:34:18.631078+00:00
2019-10-10,318.0,319.0,318.0,319.0,30,319.0,2026-09-03T19:34:18.631078+00:00
2019-10-14,315.0,316.0,310.0,311.0,3465,311.0,2026-09-03T19:34:18.631078+00:00
2019-10-15,308.0,315.0,308.0,315.0,1716,315.0,2026-09-03T19:34:18.631078+00:00
2019-10-16,321.0,321.0,310.0,315.0,2787,315.0,2026-09-03T19:34:18.631078+00:00
2019-10-17,309.0,315.0,309.0,312.0,1890,312.0,2026-09-03T19:34:18.631078+00:00
2019-10-20,312.0,312.0,308.0,308.0,2280,308.0,2026-09-03T19:34:18.631078+00:00
2019-10-21,307.0,313.0,307.0,308.0,1170,308.0,2026-09-03T19:34:18.631078+00:00
2019-10-22,306.0,312.0,306.0,309.0,1585,309.0,2026-09-03T19:34:18.631078+00:00
2019-10-23,314.0,318.0,312.0,316.0,410,316.0,2026-09-03T19:34:18.631078+00:00
2019-10-24,320.0,320.0,313.0,315.0,2249,315.0,2026-09-03T19:34:18.631078+00:00
2019-10-31,312.0,312.0,309.0,310.0,2088,310.0,2026-09-03T19:34:18.631078+00:00
2019-11-03,306.0,311.0,305.0,311.0,3674,311.0,2026-09-03T19:34:18.631078+00:00
2019-11-04,309.0,311.0,307.0,309.0,2364,309.0,2026-09-03T19:34:18.631078+00:00
2019-11-05,313.0,313.0,306.0,310.0,4291,310.0,2026-09-03T19:34:18.631078+00:00
2019-11-06,309.0,309.0,306.0,307.0,3455,307.0,2026-09-03T19:34:18.631078+00:00
2019-11-07,306.0,307.0,305.0,305.0,1645,305.0,2026-09-03T19:34:18.631078+00:00
2019-11-10,307.0,309.0,302.0,306.0,1986,306.0,2026-09-03T19:34:18.631078+00:00
2019-11-11,305.0,325.0,304.0,316.0,5768,316.0,2026-09-03T19:34:18.631078+00:00
2019-11-12,310.0,312.0,310.0,310.0,1375,310.0,2026-09-03T19:34:18.631078+00:00
2019-11-13,309.0,309.0,306.0,306.0,1489,306.0,2026-09-03T19:34:18.631078+00:00
2019-11-14,305.0,312.0,301.0,308.0,8013,308.0,2026-09-03T19:34:18.631078+00:00
2019-11-17,309.0,309.0,300.0,300.0,8619,300.0,2026-09-03T19:34:18.631078+00:00
2019-11-18,299.0,306.0,299.0,300.0,1270,300.0,2026-09-03T19:34:18.631078+00:00
2019-11-19,300.0,305.0,296.0,299.0,2950,299.0,2026-09-03T19:34:18.631078+00:00
2019-11-20,303.0,308.0,296.0,296.0,3196,296.0,2026-09-03T19:34:18.631078+00:00
2019-11-21,296.0,296.0,288.0,293.0,7990,293.0,2026-09-03T19:34:18.631078+00:00
2019-11-24,301.0,306.0,286.0,287.0,2385,287.0,2026-09-03T19:34:18.631078+00:00
2019-11-25,292.0,295.0,288.0,291.0,1733,291.0,2026-09-03T19:34:18.631078+00:00
2019-11-26,291.0,295.0,285.0,288.0,2010,288.0,2026-09-03T19:34:18.631078+00:00
2019-11-27,283.0,293.0,283.0,288.0,1462,288.0,2026-09-03T19:34:18.631078+00:00
2019-11-28,286.0,289.0,286.0,288.0,1489,288.0,2026-09-03T19:34:18.631078+00:00
2019-12-01,285.0,288.0,285.0,286.0,975,286.0,2026-09-03T19:34:18.631078+00:00
2019-12-02,282.0,288.0,282.0,282.0,1210,282.0,2026-09-03T19:34:18.631078+00:00
2019-12-03,282.0,290.0,282.0,287.0,1152,287.0,2026-09-03T19:34:18.631078+00:00
2019-12-04,289.0,301.0,287.0,291.0,9815,291.0,2026-09-03T19:34:18.631078+00:00
2019-12-05,291.0,303.0,291.0,296.0,1459,296.0,2026-09-03T19:34:18.631078+00:00
2019-12-08,293.0,300.0,291.0,300.0,2017,300.0,2026-09-03T19:34:18.631078+00:00
2019-12-09,303.0,321.0,303.0,315.0,23913,315.0,2026-09-03T19:34:18.631078+00:00
2019-12-10,315.0,316.0,309.0,310.0,8068,310.0,2026-09-03T19:34:18.631078+00:00
2019-12-11,310.0,331.0,310.0,326.0,39576,326.0,2026-09-03T19:34:18.631078+00:00
2019-12-12,330.0,333.0,320.0,329.0,17279,329.0,2026-09-03T19:34:18.631078+00:00
2019-12-15,331.0,331.0,316.0,318.0,14218,318.0,2026-09-03T19:34:18.631078+00:00
2019-12-16,323.0,323.0,312.0,312.0,9299,312.0,2026-09-03T19:34:18.631078+00:00
2019-12-17,309.0,322.0,308.0,319.0,6645,319.0,2026-09-03T19:34:18.631078+00:00
2019-12-18,319.0,323.0,316.0,316.0,1013,316.0,2026-09-03T19:34:18.631078+00:00
2019-12-19,322.0,322.0,315.0,315.0,1515,315.0,2026-09-03T19:34:18.631078+00:00
2019-12-22,313.0,313.0,307.0,311.0,5859,311.0,2026-09-03T19:34:18.631078+00:00
2019-12-23,307.0,321.0,299.0,318.0,13363,318.0,2026-09-03T19:34:18.631078+00:00
2019-12-24,318.0,329.0,316.0,318.0,20007,318.0,2026-09-03T19:34:18.631078+00:00
2019-12-25,316.0,321.0,316.0,318.0,7735,318.0,2026-09-03T19:34:18.631078+00:00
2019-12-26,314.0,322.0,314.0,316.0,5050,316.0,2026-09-03T19:34:18.631078+00:00
2019-12-29,312.0,318.0,312.0,314.0,3190,314.0,2026-09-03T19:34:18.631078+00:00
2019-12-30,313.0,315.0,312.0,314.0,4235,314.0,2026-09-03T19:34:18.631078+00:00
2019-12-31,314.0,324.0,314.0,319.0,18117,319.0,2026-09-03T19:34:18.631078+00:00
2020-01-01,316.0,324.0,316.0,323.0,19727,323.0,2026-09-03T19:34:18.631078+00:00
2020-01-02,323.0,326.0,320.0,325.0,14432,325.0,2026-09-03T19:34:18.631078+00:00
2020-01-05,325.0,357.0,325.0,356.0,120609,356.0,2026-09-03T19:34:18.631078+00:00
2020-01-06,363.0,375.0,351.0,357.0,108479,357.0,2026-09-03T19:34:18.631078+00:00
2020-01-07,355.0,365.0,353.0,357.0,31168,357.0,2026-09-03T19:34:18.631078+00:00
2020-01-08,363.0,363.0,350.0,352.0,30186,352.0,2026-09-03T19:34:18.631078+00:00
2020-01-09,350.0,367.0,350.0,367.0,66372,367.0,2026-09-03T19:34:18.631078+00:00
2020-01-12,373.0,403.0,373.0,403.0,118374,403.0,2026-09-03T19:34:18.631078+00:00
2020-01-13,423.0,435.0,393.0,423.0,82252,423.0,2026-09-03T19:34:18.631078+00:00
2020-01-14,401.0,420.0,387.0,406.0,37713,406.0,2026-09-03T19:34:18.631078+00:00
2020-01-15,414.0,414.0,403.0,405.0,26860,405.0,2026-09-03T19:34:18.631078+00:00
2020-01-16,410.0,424.0,403.0,412.0,53765,412.0,2026-09-03T19:34:18.631078+00:00
2020-01-19,420.0,433.0,413.0,420.0,45057,420.0,2026-09-03T19:34:18.631078+00:00
2020-01-20,421.0,426.0,410.0,415.0,55106,415.0,2026-09-03T19:34:18.631078+00:00
2020-01-21,423.0,423.0,408.0,412.0,17312,412.0,2026-09-03T19:34:18.631078+00:00
2020-01-22,409.0,414.0,406.0,414.0,15877,414.0,2026-09-03T19:34:18.631078+00:00
2020-01-23,415.0,438.0,409.0,419.0,90014,419.0,2026-09-03T19:34:18.631078+00:00
2020-01-26,425.0,434.0,414.0,417.0,41172,417.0,2026-09-03T19:34:18.631078+00:00
2020-01-27,418.0,449.0,415.0,445.0,106655,445.0,2026-09-03T19:34:18.631078+00:00
2020-01-28,453.0,458.0,438.0,442.0,59126,442.0,2026-09-03T19:34:18.631078+00:00
2020-01-29,437.0,473.0,437.0,460.0,82337,460.0,2026-09-03T19:34:18.631078+00:00
2020-01-30,460.0,468.0,451.0,453.0,70222,453.0,2026-09-03T19:34:18.631078+00:00
2020-02-02,461.0,498.0,460.0,498.0,196409,498.0,2026-09-03T19:34:18.631078+00:00
2020-02-03,505.0,507.0,484.0,492.0,97697,492.0,2026-09-03T19:34:18.631078+00:00
2020-02-04,492.0,499.0,478.0,482.0,59068,482.0,2026-09-03T19:34:18.631078+00:00
2020-02-05,490.0,492.0,481.0,486.0,32957,486.0,2026-09-03T19:34:18.631078+00:00
2020-02-06,483.0,489.0,472.0,474.0,44389,474.0,2026-09-03T19:34:18.631078+00:00
2020-02-09,474.0,476.0,461.0,463.0,30918,463.0,2026-09-03T19:34:18.631078+00:00
2020-02-10,456.0,477.0,456.0,473.0,26419,473.0,2026-09-03T19:34:18.631078+00:00
2020-02-11,482.0,490.0,468.0,482.0,41865,482.0,2026-09-03T19:34:18.631078+00:00
2020-02-12,490.0,490.0,479.0,483.0,52140,483.0,2026-09-03T19:34:18.631078+00:00
2020-02-13,488.0,491.0,479.0,479.0,52016,479.0,2026-09-03T19:34:18.631078+00:00
2020-02-16,487.0,491.0,480.0,485.0,20966,485.0,2026-09-03T19:34:18.631078+00:00
2020-02-17,494.0,515.0,490.0,506.0,125770,506.0,2026-09-03T19:34:18.631078+00:00
2020-02-18,507.0,511.0,492.0,499.0,43688,499.0,2026-09-03T19:34:18.631078+00:00
2020-02-19,505.0,531.0,497.0,529.0,128106,529.0,2026-09-03T19:34:18.631078+00:00
2020-02-20,537.0,581.0,535.0,580.0,197152,580.0,2026-09-03T19:34:18.631078+00:00
2020-02-23,609.0,620.0,579.0,609.0,163693,609.0,2026-09-03T19:34:18.631078+00:00
2020-02-24,620.0,620.0,590.0,597.0,82067,597.0,2026-09-03T19:34:18.631078+00:00
2020-02-25,587.0,647.0,585.0,645.0,96168,645.0,2026-09-03T19:34:18.631078+00:00
2020-02-26,640.0,663.0,633.0,638.0,87201,638.0,2026-09-03T19:34:18.631078+00:00
2020-02-27,627.0,647.0,613.0,615.0,72098,615.0,2026-09-03T19:34:18.631078+00:00
2020-03-01,645.0,645.0,595.0,599.0,76908,599.0,2026-09-03T19:34:18.631078+00:00
2020-03-02,590.0,605.0,540.0,540.0,41902,540.0,2026-09-03T19:34:18.631078+00:00
2020-03-03,530.0,582.0,486.0,537.0,76090,537.0,2026-09-03T19:34:18.631078+00:00
2020-03-04,527.0,544.0,484.0,488.0,64340,488.0,2026-09-03T19:34:18.631078+00:00
2020-03-05,480.0,530.0,472.0,502.0,73377,502.0,2026-09-03T19:34:18.631078+00:00
2020-03-10,492.0,501.0,473.0,473.0,30489,473.0,2026-09-03T19:34:18.631078+00:00
2020-03-11,465.0,517.0,457.0,515.0,42611,515.0,2026-09-03T19:34:18.631078+00:00
2020-03-12,525.0,527.0,486.0,486.0,50880,486.0,2026-09-03T19:34:18.631078+00:00
2020-03-15,480.0,488.0,456.0,465.0,39632,465.0,2026-09-03T19:34:18.631078+00:00
2020-03-16,465.0,488.0,447.0,466.0,30269,466.0,2026-09-03T19:34:18.631078+00:00
2020-03-17,475.0,475.0,424.0,425.0,41135,425.0,2026-09-03T19:34:18.631078+00:00
2020-03-18,417.0,428.0,398.0,407.0,30437,407.0,2026-09-03T19:34:18.631078+00:00
2020-03-19,399.0,422.0,392.0,419.0,50059,419.0,2026-09-03T19:34:18.631078+00:00
2020-03-22,422.0,422.0,396.0,404.0,2210,404.0,2026-09-03T19:34:18.631078+00:00
2020-05-12,396.0,396.0,392.0,392.0,175,392.0,2026-09-03T19:34:18.631078+00:00
2020-05-13,385.0,385.0,381.0,381.0,20,381.0,2026-09-03T19:34:18.631078+00:00
2020-06-29,374.0,374.0,343.0,378.0,7440,378.0,2026-09-03T19:34:18.631078+00:00
2020-06-30,383.0,395.0,383.0,390.0,3690,390.0,2026-09-03T19:34:18.631078+00:00
2020-07-01,397.0,428.0,397.0,428.0,1065,428.0,2026-09-03T19:34:18.631078+00:00
2020-07-02,428.0,435.0,406.0,422.0,11300,422.0,2026-09-03T19:34:18.631078+00:00
2020-07-05,419.0,433.0,409.0,427.0,15494,427.0,2026-09-03T19:34:18.631078+00:00
2020-07-06,425.0,469.0,419.0,469.0,19852,469.0,2026-09-03T19:34:18.631078+00:00
2020-07-07,461.0,503.0,460.0,478.0,25744,478.0,2026-09-03T19:34:18.631078+00:00
2020-07-08,478.0,499.0,466.0,477.0,9432,477.0,2026-09-03T19:34:18.631078+00:00
2020-07-09,480.0,489.0,471.0,489.0,10226,489.0,2026-09-03T19:34:18.631078+00:00
2020-07-12,489.0,498.0,486.0,490.0,26358,490.0,2026-09-03T19:34:18.631078+00:00
2020-07-13,495.0,526.0,492.0,526.0,32901,526.0,2026-09-03T19:34:18.631078+00:00
2020-07-14,536.0,540.0,525.0,540.0,22231,540.0,2026-09-03T19:34:18.631078+00:00
2020-07-15,544.0,560.0,532.0,540.0,17961,540.0,2026-09-03T19:34:18.631078+00:00
2020-07-16,540.0,540.0,517.0,527.0,16893,527.0,2026-09-03T19:34:18.631078+00:00
2020-07-19,537.0,557.0,537.0,556.0,910,556.0,2026-09-03T19:34:18.631078+00:00
2020-07-20,567.0,578.0,506.0,514.0,38795,514.0,2026-09-03T19:34:18.631078+00:00
2020-07-21,506.0,530.0,506.0,520.0,24823,520.0,2026-09-03T19:34:18.631078+00:00
2020-07-22,518.0,534.0,510.0,517.0,9400,517.0,2026-09-03T19:34:18.631078+00:00
2020-07-23,510.0,522.0,508.0,519.0,15988,519.0,2026-09-03T19:34:18.631078+00:00
2020-07-26,510.0,535.0,510.0,535.0,24010,535.0,2026-09-03T19:34:18.631078+00:00
2020-07-27,537.0,542.0,525.0,530.0,20160,530.0,2026-09-03T19:34:18.631078+00:00
2020-07-28,530.0,530.0,515.0,517.0,15617,517.0,2026-09-03T19:34:18.631078+00:00
2020-07-29,507.0,515.0,494.0,496.0,28772,496.0,2026-09-03T19:34:18.631078+00:00
2020-07-30,499.0,508.0,490.0,503.0,15325,503.0,2026-09-03T19:34:18.631078+00:00
2020-08-02,493.0,497.0,471.0,478.0,21238,478.0,2026-09-03T19:34:18.631078+00:00
2020-08-03,470.0,500.0,470.0,488.0,7379,488.0,2026-09-03T19:34:18.631078+00:00
2020-08-05,479.0,485.0,467.0,472.0,7721,472.0,2026-09-03T19:34:18.631078+00:00
2020-08-06,472.0,472.0,456.0,462.0,15316,462.0,2026-09-03T19:34:18.631078+00:00
2020-08-09,460.0,475.0,455.0,469.0,9014,469.0,2026-09-03T19:34:18.631078+00:00
2020-08-10,475.0,494.0,469.0,494.0,11316,494.0,2026-09-03T19:34:18.631078+00:00
2020-08-11,485.0,494.0,476.0,484.0,11102,484.0,2026-09-03T19:34:18.631078+00:00
2020-08-12,482.0,493.0,480.0,484.0,8365,484.0,2026-09-03T19:34:18.631078+00:00
2020-08-13,489.0,489.0,474.0,476.0,13560,476.0,2026-09-03T19:34:18.631078+00:00
2020-08-16,468.0,469.0,459.0,464.0,11754,464.0,2026-09-03T19:34:18.631078+00:00
2020-08-17,458.0,473.0,458.0,468.0,10145,468.0,2026-09-03T19:34:18.631078+00:00
2020-08-18,463.0,479.0,463.0,471.0,8151,471.0,2026-09-03T19:34:18.631078+00:00
2020-08-19,462.0,465.0,458.0,460.0,5563,460.0,2026-09-03T19:34:18.631078+00:00
2020-08-20,455.0,475.0,455.0,464.0,1259,464.0,2026-09-03T19:34:18.631078+00:00
2020-08-23,460.0,478.0,456.0,478.0,6323,478.0,2026-09-03T19:34:18.631078+00:00
2020-08-24,478.0,499.0,478.0,495.0,23328,495.0,2026-09-03T19:34:18.631078+00:00
2020-08-25,519.0,519.0,492.0,507.0,24899,507.0,2026-09-03T19:34:18.631078+00:00
2020-08-26,517.0,539.0,507.0,527.0,82044,527.0,2026-09-03T19:34:18.631078+00:00
2020-08-27,550.0,550.0,511.0,520.0,16437,520.0,2026-09-03T19:34:18.631078+00:00
2020-08-30,528.0,528.0,510.0,518.0,14076,518.0,2026-09-03T19:34:18.631078+00:00
2020-08-31,514.0,538.0,514.0,526.0,45167,526.0,2026-09-03T19:34:18.631078+00:00
2020-09-02,535.0,544.0,525.0,528.0,30016,528.0,2026-09-03T19:34:18.631078+00:00
2020-09-03,528.0,534.0,520.0,530.0,20632,530.0,2026-09-03T19:34:18.631078+00:00
2020-09-06,556.0,557.0,530.0,540.0,66082,540.0,2026-09-03T19:34:18.631078+00:00
2020-09-07,535.0,541.0,523.0,530.0,31067,530.0,2026-09-03T19:34:18.631078+00:00
2020-09-08,523.0,542.0,523.0,535.0,13072,535.0,2026-09-03T19:34:18.631078+00:00
2020-09-09,535.0,562.0,535.0,556.0,63518,556.0,2026-09-03T19:34:18.631078+00:00
2020-09-10,575.0,582.0,556.0,563.0,34597,563.0,2026-09-03T19:34:18.631078+00:00
2020-09-13,551.0,579.0,551.0,568.0,41871,568.0,2026-09-03T19:34:18.631078+00:00
2020-09-14,568.0,568.0,554.0,555.0,27731,555.0,2026-09-03T19:34:18.631078+00:00
2020-09-15,545.0,564.0,545.0,555.0,22950,555.0,2026-09-03T19:34:18.631078+00:00
2020-09-16,545.0,553.0,544.0,549.0,19295,549.0,2026-09-03T19:34:18.631078+00:00
2020-09-17,545.0,564.0,543.0,551.0,27633,551.0,2026-09-03T19:34:18.631078+00:00
2020-09-20,552.0,555.0,541.0,541.0,10845,541.0,2026-09-03T19:34:18.631078+00:00
2020-09-21,540.0,546.0,535.0,539.0,12439,539.0,2026-09-03T19:34:18.631078+00:00
2020-09-22,530.0,539.0,530.0,537.0,21916,537.0,2026-09-03T19:34:18.631078+00:00
2020-09-23,533.0,539.0,524.0,538.0,7105,538.0,2026-09-03T19:34:18.631078+00:00
2020-09-24,530.0,537.0,530.0,531.0,7930,531.0,2026-09-03T19:34:18.631078+00:00
2020-09-27,540.0,540.0,528.0,530.0,7966,530.0,2026-09-03T19:34:18.631078+00:00
2020-09-28,540.0,540.0,522.0,527.0,13927,527.0,2026-09-03T19:34:18.631078+00:00
2020-09-29,520.0,529.0,520.0,521.0,8186,521.0,2026-09-03T19:34:18.631078+00:00
2020-09-30,525.0,528.0,515.0,520.0,9144,520.0,2026-09-03T19:34:18.631078+00:00
2020-10-01,525.0,536.0,518.0,533.0,9688,533.0,2026-09-03T19:34:18.631078+00:00
2020-10-04,540.0,540.0,520.0,526.0,21784,526.0,2026-09-03T19:34:18.631078+00:00
2020-10-05,517.0,537.0,517.0,521.0,12550,521.0,2026-09-03T19:34:18.631078+00:00
2020-10-06,520.0,525.0,517.0,520.0,16901,520.0,2026-09-03T19:34:18.631078+00:00
2020-10-07,511.0,528.0,511.0,526.0,12963,526.0,2026-09-03T19:34:18.631078+00:00
2020-10-08,518.0,530.0,518.0,519.0,8378,519.0,2026-09-03T19:34:18.631078+00:00
2020-10-11,514.0,523.0,514.0,518.0,10543,518.0,2026-09-03T19:34:18.631078+00:00
2020-10-12,515.0,521.0,515.0,516.0,4820,516.0,2026-09-03T19:34:18.631078+00:00
2020-10-13,514.0,518.0,512.0,515.0,13185,515.0,2026-09-03T19:34:18.631078+00:00
2020-10-14,510.0,520.0,507.0,508.0,8177,508.0,2026-09-03T19:34:18.631078+00:00
2020-10-15,508.0,518.0,508.0,508.0,6365,508.0,2026-09-03T19:34:18.631078+00:00
2020-10-18,503.0,509.0,501.0,507.0,9750,507.0,2026-09-03T19:34:18.631078+00:00
2020-10-19,505.0,517.0,505.0,510.0,9802,510.0,2026-09-03T19:34:18.631078+00:00
2020-10-20,510.0,522.0,510.0,521.0,11970,521.0,2026-09-03T19:34:18.631078+00:00
2020-10-21,517.0,525.0,517.0,520.0,10561,520.0,2026-09-03T19:34:18.631078+00:00
2020-10-22,515.0,521.0,515.0,517.0,9127,517.0,2026-09-03T19:34:18.631078+00:00
2020-10-28,520.0,525.0,510.0,525.0,9501,525.0,2026-09-03T19:34:18.631078+00:00
2020-10-29,535.0,535.0,518.0,526.0,16002,526.0,2026-09-03T19:34:18.631078+00:00
2020-11-01,521.0,547.0,521.0,546.0,32792,546.0,2026-09-03T19:34:18.631078+00:00
2020-11-02,545.0,568.0,537.0,567.0,70309,567.0,2026-09-03T19:34:18.631078+00:00
2020-11-03,577.0,577.0,557.0,558.0,30209,558.0,2026-09-03T19:34:18.631078+00:00
2020-11-04,550.0,558.0,550.0,550.0,15150,550.0,2026-09-03T19:34:18.631078+00:00
2020-11-05,545.0,551.0,541.0,545.0,7962,545.0,2026-09-03T19:34:18.631078+00:00
2020-11-08,555.0,555.0,536.0,543.0,19407,543.0,2026-09-03T19:34:18.631078+00:00
2020-11-09,538.0,555.0,538.0,555.0,21713,555.0,2026-09-03T19:34:18.631078+00:00
2020-11-10,550.0,553.0,547.0,550.0,26659,550.0,2026-09-03T19:34:18.631078+00:00
2020-11-11,555.0,555.0,539.0,543.0,28075,543.0,2026-09-03T19:34:18.631078+00:00
2020-11-12,542.0,553.0,540.0,545.0,15956,545.0,2026-09-03T19:34:18.631078+00:00
2020-11-18,555.0,555.0,538.0,544.0,25324,544.0,2026-09-03T19:34:18.631078+00:00
2020-11-19,537.0,592.0,537.0,580.0,92925,580.0,2026-09-03T19:34:18.631078+00:00
2020-11-22,585.0,601.0,556.0,570.0,44156,570.0,2026-09-03T19:34:18.631078+00:00
2020-11-23,572.0,578.0,562.0,575.0,33871,575.0,2026-09-03T19:34:18.631078+00:00
2020-11-24,579.0,586.0,561.0,585.0,50392,585.0,2026-09-03T19:34:18.631078+00:00
2020-11-25,587.0,624.0,574.0,618.0,60853,618.0,2026-09-03T19:34:18.631078+00:00
2020-11-26,630.0,630.0,597.0,598.0,66835,598.0,2026-09-03T19:34:18.631078+00:00
2020-11-29,601.0,617.0,591.0,617.0,59875,617.0,2026-09-03T19:34:18.631078+00:00
2020-11-30,628.0,648.0,618.0,629.0,90673,629.0,2026-09-03T19:34:18.631078+00:00
2020-12-01,629.0,640.0,615.0,620.0,74338,620.0,2026-09-03T19:34:18.631078+00:00
2020-12-02,625.0,682.0,620.0,666.0,110433,666.0,2026-09-03T19:34:18.631078+00:00
2020-12-03,679.0,710.0,641.0,646.0,71245,646.0,2026-09-03T19:34:18.631078+00:00
2020-12-06,640.0,643.0,600.0,600.0,52673,600.0,2026-09-03T19:34:18.631078+00:00
2020-12-07,600.0,627.0,585.0,624.0,31031,624.0,2026-09-03T19:34:18.631078+00:00
2020-12-08,626.0,626.0,600.0,616.0,21277,616.0,2026-09-03T19:34:18.631078+00:00
2020-12-09,610.0,610.0,591.0,595.0,19875,595.0,2026-09-03T19:34:18.631078+00:00
2020-12-10,586.0,607.0,584.0,600.0,11926,600.0,2026-09-03T19:34:18.631078+00:00
2020-12-13,591.0,613.0,591.0,604.0,16723,604.0,2026-09-03T19:34:18.631078+00:00
2020-12-14,616.0,628.0,609.0,618.0,27380,618.0,2026-09-03T19:34:18.631078+00:00
2020-12-15,648.0,648.0,606.0,609.0,31243,609.0,2026-09-03T19:34:18.631078+00:00
2020-12-16,605.0,634.0,605.0,620.0,49843,620.0,2026-09-03T19:34:18.631078+00:00
2020-12-17,625.0,630.0,601.0,615.0,32170,615.0,2026-09-03T19:34:18.631078+00:00
2020-12-20,642.0,642.0,565.0,570.0,35305,570.0,2026-09-03T19:34:18.631078+00:00
2020-12-21,559.0,600.0,541.0,580.0,27811,580.0,2026-09-03T19:34:18.631078+00:00
2020-12-22,591.0,606.0,584.0,596.0,21974,596.0,2026-09-03T19:34:18.631078+00:00
2020-12-23,598.0,612.0,580.0,584.0,10540,584.0,2026-09-03T19:34:18.631078+00:00
2020-12-24,574.0,590.0,574.0,575.0,13186,575.0,2026-09-03T19:34:18.631078+00:00
2020-12-27,575.0,578.0,556.0,562.0,16706,562.0,2026-09-03T19:34:18.631078+00:00
2020-12-28,556.0,576.0,555.0,567.0,7960,567.0,2026-09-03T19:34:18.631078+00:00
2020-12-29,565.0,575.0,560.0,567.0,7103,567.0,2026-09-03T19:34:18.631078+00:00
2020-12-30,560.0,588.0,560.0,584.0,14148,584.0,2026-09-03T19:34:18.631078+00:00
2020-12-31,577.0,599.0,577.0,586.0,18726,586.0,2026-09-03T19:34:18.631078+00:00
2021-01-03,585.0,605.0,585.0,594.0,12798,594.0,2026-09-03T19:34:18.631078+00:00
2021-01-04,623.0,623.0,579.0,580.0,22722,580.0,2026-09-03T19:34:18.631078+00:00
2021-01-05,580.0,590.0,575.0,583.0,6636,583.0,2026-09-03T19:34:18.631078+00:00
2021-01-06,561.0,605.0,561.0,603.0,27065,603.0,2026-09-03T19:34:18.631078+00:00
2021-01-07,605.0,619.0,604.0,609.0,41012,609.0,2026-09-03T19:34:18.631078+00:00
2021-01-10,610.0,630.0,606.0,610.0,22127,610.0,2026-09-03T19:34:18.631078+00:00
2021-01-11,610.0,612.0,598.0,600.0,18850,600.0,2026-09-03T19:34:18.631078+00:00
2021-01-12,592.0,622.0,592.0,619.0,30642,619.0,2026-09-03T19:34:18.631078+00:00
2021-01-13,622.0,675.0,621.0,657.0,109695,657.0,2026-09-03T19:34:18.631078+00:00
2021-01-17,670.0,683.0,660.0,676.0,106773,676.0,2026-09-03T19:34:18.631078+00:00
2021-01-18,709.0,709.0,660.0,693.0,82763,693.0,2026-09-03T19:34:18.631078+00:00
2021-01-19,693.0,700.0,665.0,675.0,47881,675.0,2026-09-03T19:34:18.631078+00:00
2021-01-20,677.0,677.0,661.0,673.0,41876,673.0,2026-09-03T19:34:18.631078+00:00
2021-01-21,684.0,740.0,677.0,740.0,157729,740.0,2026-09-03T19:34:18.631078+00:00
2021-01-24,777.0,814.0,745.0,814.0,121953,814.0,2026-09-03T19:34:18.631078+00:00
2021-01-25,850.0,850.0,772.0,773.0,106584,773.0,2026-09-03T19:34:18.631078+00:00
2021-01-26,773.0,787.0,751.0,765.0,65362,765.0,2026-09-03T19:34:18.631078+00:00
2021-01-27,750.0,800.0,750.0,792.0,84323,792.0,2026-09-03T19:34:18.631078+00:00
2021-01-28,801.0,871.0,800.0,860.0,144050,860.0,2026-09-03T19:34:18.631078+00:00
2021-01-31,880.0,890.0,817.0,835.0,135496,835.0,2026-09-03T19:34:18.631078+00:00
2021-02-01,851.0,861.0,810.0,820.0,67107,820.0,2026-09-03T19:34:18.631078+00:00
2021-02-02,830.0,840.0,823.0,827.0,53991,827.0,2026-09-03T19:34:18.631078+00:00
2021-02-03,840.0,859.0,818.0,818.0,69429,818.0,2026-09-03T19:34:18.631078+00:00
2021-02-04,858.0,899.0,858.0,899.0,48733,899.0,2026-09-03T19:34:18.631078+00:00
2021-02-07,943.0,988.0,943.0,988.0,10228,988.0,2026-09-03T19:34:18.631078+00:00
2021-02-08,1037.0,1086.0,1037.0,1086.0,35756,1086.0,2026-09-03T19:34:18.631078+00:00
2021-02-09,1140.0,1194.0,1015.0,1123.0,320029,1123.0,2026-09-03T19:34:18.631078+00:00
2021-02-10,1170.0,1170.0,1090.0,1097.0,90099,1097.0,2026-09-03T19:34:18.631078+00:00
2021-02-11,1151.0,1151.0,1019.0,1025.0,91100,1025.0,2026-09-03T19:34:18.631078+00:00
2021-02-14,1076.0,1076.0,980.0,1000.0,91273,1000.0,2026-09-03T19:34:18.631078+00:00
2021-02-15,1050.0,1100.0,1050.0,1100.0,29927,1100.0,2026-09-03T19:34:18.631078+00:00
2021-02-16,1155.0,1210.0,1114.0,1140.0,151000,1140.0,2026-09-03T19:34:18.631078+00:00
2021-02-17,1146.0,1150.0,1090.0,1110.0,55050,1110.0,2026-09-03T19:34:18.631078+00:00
2021-02-18,1130.0,1130.0,1088.0,1092.0,46533,1092.0,2026-09-03T19:34:18.631078+00:00
2021-02-21,1095.0,1100.0,1062.0,1069.0,37297,1069.0,2026-09-03T19:34:18.631078+00:00
2021-02-22,1085.0,1090.0,1035.0,1059.0,47590,1059.0,2026-09-03T19:34:18.631078+00:00
2021-02-23,1007.0,1060.0,1007.0,1050.0,74921,1050.0,2026-09-03T19:34:18.631078+00:00
2021-02-24,1060.0,1101.0,1047.0,1062.0,33532,1062.0,2026-09-03T19:34:18.631078+00:00
2021-02-25,1060.0,1060.0,1029.0,1035.0,34422,1035.0,2026-09-03T19:34:18.631078+00:00
2021-02-28,1035.0,1035.0,990.0,1003.0,64251,1003.0,2026-09-03T19:34:18.631078+00:00
2021-03-01,1003.0,1050.0,968.0,1027.0,42450,1027.0,2026-09-03T19:34:18.631078+00:00
2021-03-02,1020.0,1030.0,992.0,998.0,33044,998.0,2026-09-03T19:34:18.631078+00:00
2021-03-03,985.0,1010.0,970.0,990.0,52984,990.0,2026-09-03T19:34:18.631078+00:00
2021-03-04,1005.0,1045.0,1000.0,1035.0,48859,1035.0,2026-09-03T19:34:18.631078+00:00
2021-03-07,1035.0,1050.0,1005.0,1010.0,21501,1010.0,2026-09-03T19:34:18.631078+00:00
2021-03-09,1015.0,1015.0,995.0,996.0,19364,996.0,2026-09-03T19:34:18.631078+00:00
2021-03-10,1013.0,1015.0,981.0,985.0,20082,985.0,2026-09-03T19:34:18.631078+00:00
2021-03-14,1000.0,1000.0,938.0,945.0,32242,945.0,2026-09-03T19:34:18.631078+00:00
2021-03-15,940.0,963.0,916.0,927.0,24244,927.0,2026-09-03T19:34:18.631078+00:00
2021-03-16,927.0,959.0,921.0,931.0,22127,931.0,2026-09-03T19:34:18.631078+00:00
2021-03-17,949.0,975.0,931.0,967.0,19227,967.0,2026-09-03T19:34:18.631078+00:00
2021-03-18,967.0,1035.0,967.0,1020.0,30332,1020.0,2026-09-03T19:34:18.631078+00:00
2021-03-21,1039.0,1096.0,1030.0,1084.0,58060,1084.0,2026-09-03T19:34:18.631078+00:00
2021-03-22,1084.0,1105.0,1045.0,1054.0,57503,1054.0,2026-09-03T19:34:18.631078+00:00
2021-03-23,1005.0,1071.0,1005.0,1055.0,40721,1055.0,2026-09-03T19:34:18.631078+00:00
2021-03-24,1058.0,1093.0,1045.0,1081.0,69705,1081.0,2026-09-03T19:34:18.631078+00:00
2021-03-25,1099.0,1100.0,1050.0,1055.0,46594,1055.0,2026-09-03T19:34:18.631078+00:00
2021-03-29,1100.0,1100.0,1040.0,1056.0,19500,1056.0,2026-09-03T19:34:18.631078+00:00
2021-03-30,1075.0,1095.0,1057.0,1079.0,33929,1079.0,2026-09-03T19:34:18.631078+00:00
2021-03-31,1132.0,1132.0,1080.0,1097.0,71888,1097.0,2026-09-03T19:34:18.631078+00:00
2021-04-01,1051.0,1125.0,1051.0,1110.0,77765,1110.0,2026-09-03T19:34:18.631078+00:00
2021-04-04,1125.0,1141.0,1100.0,1135.0,67420,1135.0,2026-09-03T19:34:18.631078+00:00
2021-04-05,1150.0,1174.0,1125.0,1164.0,87220,1164.0,2026-09-03T19:34:18.631078+00:00
2021-04-06,1164.0,1170.0,1150.0,1157.0,49304,1157.0,2026-09-03T19:34:18.631078+00:00
2021-04-07,1150.0,1178.0,1150.0,1162.0,46381,1162.0,2026-09-03T19:34:18.631078+00:00
2021-04-08,1162.0,1188.0,1155.0,1169.0,63419,1169.0,2026-09-03T19:34:18.631078+00:00
2021-04-12,1227.0,1284.0,1179.0,1233.0,158995,1233.0,2026-09-03T19:34:18.631078+00:00
2021-04-13,1250.0,1256.0,1205.0,1208.0,74010,1208.0,2026-09-03T19:34:18.631078+00:00
2021-04-15,1225.0,1225.0,1201.0,1205.0,39268,1205.0,2026-09-03T19:34:18.631078+00:00
2021-04-18,1165.0,1220.0,1165.0,1171.0,51073,1171.0,2026-09-03T19:34:18.631078+00:00
2021-04-19,1171.0,1200.0,1155.0,1165.0,47403,1165.0,2026-09-03T19:34:18.631078+00:00
2021-04-20,1165.0,1198.0,1155.0,1172.0,31620,1172.0,2026-09-03T19:34:18.631078+00:00
2021-04-21,1187.0,1200.0,1148.0,1155.0,37957,1155.0,2026-09-03T19:34:18.631078+00:00
2021-04-22,1158.0,1180.0,1145.0,1180.0,39117,1180.0,2026-09-03T19:34:18.631078+00:00
2021-04-25,1200.0,1200.0,1131.0,1142.0,48821,1142.0,2026-09-03T19:34:18.631078+00:00
2021-04-26,1120.0,1165.0,1105.0,1108.0,58865,1108.0,2026-09-03T19:34:18.631078+00:00
2021-04-27,1160.0,1188.0,1106.0,1184.0,44687,1184.0,2026-09-03T19:34:18.631078+00:00
2021-04-28,1185.0,1198.0,1140.0,1160.0,28472,1160.0,2026-09-03T19:34:18.631078+00:00
2021-04-29,1180.0,1185.0,1153.0,1184.0,35378,1184.0,2026-09-03T19:34:18.631078+00:00
2021-05-02,1190.0,1253.0,1184.0,1238.0,101007,1238.0,2026-09-03T19:34:18.631078+00:00
2021-05-03,1259.0,1324.0,1245.0,1299.0,221640,1299.0,2026-09-03T19:34:18.631078+00:00
2021-05-04,1300.0,1350.0,1280.0,1334.0,127731,1334.0,2026-09-03T19:34:18.631078+00:00
2021-05-05,1350.0,1350.0,1297.0,1299.0,91248,1299.0,2026-09-03T19:34:18.631078+00:00
2021-05-06,1340.0,1340.0,1274.0,1276.0,107451,1276.0,2026-09-03T19:34:18.631078+00:00
2021-05-09,1300.0,1313.0,1265.0,1274.0,124638,1274.0,2026-09-03T19:34:18.631078+00:00
2021-05-10,1211.0,1303.0,1211.0,1289.0,75235,1289.0,2026-09-03T19:34:18.631078+00:00
2021-05-11,1335.0,1335.0,1281.0,1294.0,52546,1294.0,2026-09-03T19:34:18.631078+00:00
2021-05-12,1358.0,1358.0,1280.0,1284.0,25987,1284.0,2026-09-03T19:34:18.631078+00:00
2021-05-13,1270.0,1299.0,1270.0,1278.0,31267,1278.0,2026-09-03T19:34:18.631078+00:00
2021-05-16,1300.0,1310.0,1281.0,1296.0,54728,1296.0,2026-09-03T19:34:18.631078+00:00
2021-05-17,1285.0,1320.0,1285.0,1307.0,66273,1307.0,2026-09-03T19:34:18.631078+00:00
2021-05-18,1242.0,1344.0,1242.0,1343.0,95001,1343.0,2026-09-03T19:34:18.631078+00:00
2021-05-19,1360.0,1374.0,1325.0,1340.0,110132,1340.0,2026-09-03T19:34:18.631078+00:00
2021-05-20,1349.0,1365.0,1321.0,1338.0,36126,1338.0,2026-09-03T19:34:18.631078+00:00
2021-05-23,1323.0,1350.0,1297.0,1331.0,60888,1331.0,2026-09-03T19:34:18.631078+00:00
2021-05-24,1335.0,1340.0,1305.0,1315.0,65122,1315.0,2026-09-03T19:34:18.631078+00:00
2021-05-25,1315.0,1327.0,1310.0,1320.0,40224,1320.0,2026-09-03T19:34:18.631078+00:00
2021-05-27,1254.0,1315.0,1209.0,1261.0,104754,1261.0,2026-09-03T19:34:18.631078+00:00
2021-05-30,1270.0,1277.0,1253.0,1269.0,51897,1269.0,2026-09-03T19:34:18.631078+00:00
2021-05-31,1289.0,1320.0,1280.0,1290.0,117919,1290.0,2026-09-03T19:34:18.631078+00:00
2021-06-01,1308.0,1320.0,1286.0,1296.0,66508,1296.0,2026-09-03T19:34:18.631078+00:00
2021-06-02,1332.0,1332.0,1295.0,1310.0,42010,1310.0,2026-09-03T19:34:18.631078+00:00
2021-06-03,1375.0,1375.0,1312.0,1313.0,85873,1313.0,2026-09-03T19:34:18.631078+00:00
2021-06-06,1325.0,1325.0,1290.0,1300.0,27925,1300.0,2026-09-03T19:34:18.631078+00:00
2021-06-07,1265.0,1300.0,1265.0,1286.0,28295,1286.0,2026-09-03T19:34:18.631078+00:00
2021-06-08,1288.0,1300.0,1265.0,1280.0,29011,1280.0,2026-09-03T19:34:18.631078+00:00
2021-06-09,1290.0,1290.0,1260.0,1260.0,26156,1260.0,2026-09-03T19:34:18.631078+00:00
2021-06-10,1250.0,1285.0,1250.0,1273.0,33625,1273.0,2026-09-03T19:34:18.631078+00:00
2021-06-13,1275.0,1299.0,1257.0,1258.0,33075,1258.0,2026-09-03T19:34:18.631078+00:00
2021-06-14,1257.0,1265.0,1244.0,1245.0,33269,1245.0,2026-09-03T19:34:18.631078+00:00
2021-06-15,1242.0,1264.0,1226.0,1235.0,31847,1235.0,2026-09-03T19:34:18.631078+00:00
2021-06-16,1215.0,1348.0,1215.0,1286.0,79879,1286.0,2026-09-03T19:34:18.631078+00:00
2021-06-17,1311.0,1330.0,1260.0,1263.0,22833,1263.0,2026-09-03T19:34:18.631078+00:00
2021-06-20,1280.0,1280.0,1225.0,1230.0,23586,1230.0,2026-09-03T19:34:18.631078+00:00
2021-06-21,1231.0,1250.0,1187.0,1200.0,34629,1200.0,2026-09-03T19:34:18.631078+00:00
2021-06-22,1220.0,1224.0,1200.0,1215.0,22517,1215.0,2026-09-03T19:34:18.631078+00:00
2021-06-23,1220.0,1225.0,1185.0,1186.0,14420,1186.0,2026-09-03T19:34:18.631078+00:00
2021-06-24,1167.0,1190.0,1166.0,1171.0,13663,1171.0,2026-09-03T19:34:18.631078+00:00
2021-06-27,1171.0,1194.0,1167.0,1170.0,12786,1170.0,2026-09-03T19:34:18.631078+00:00
2021-06-28,1192.0,1243.0,1170.0,1201.0,22624,1201.0,2026-09-03T19:34:18.631078+00:00
2021-06-29,1261.0,1263.0,1200.0,1215.0,21767,1215.0,2026-09-03T19:34:18.631078+00:00
2021-06-30,1215.0,1215.0,1181.0,1191.0,7256,1191.0,2026-09-03T19:34:18.631078+00:00
2021-07-01,1193.0,1209.0,1176.0,1199.0,11794,1199.0,2026-09-03T19:34:18.631078+00:00
2021-07-04,1200.0,1200.0,1181.0,1184.0,4065,1184.0,2026-09-03T19:34:18.631078+00:00
2021-07-05,1200.0,1204.0,1165.0,1170.0,7251,1170.0,2026-09-03T19:34:18.631078+00:00
2021-07-06,1150.0,1215.0,1128.0,1171.0,5800,1171.0,2026-09-03T19:34:18.631078+00:00
2021-07-07,1166.0,1189.0,1150.0,1152.0,15269,1152.0,2026-09-03T19:34:18.631078+00:00
2021-07-08,1152.0,1175.0,1150.0,1175.0,12050,1175.0,2026-09-03T19:34:18.631078+00:00
2021-07-11,1233.0,1233.0,1185.0,1200.0,18329,1200.0,2026-09-03T19:34:18.631078+00:00
2021-07-12,1220.0,1237.0,1179.0,1184.0,21863,1184.0,2026-09-03T19:34:18.631078+00:00
2021-07-13,1234.0,1234.0,1186.0,1195.0,6449,1195.0,2026-09-03T19:34:18.631078+00:00
2021-07-14,1218.0,1218.0,1190.0,1191.0,5541,1191.0,2026-09-03T19:34:18.631078+00:00
2021-07-15,1250.0,1250.0,1196.0,1225.0,17268,1225.0,2026-09-03T19:34:18.631078+00:00
2021-07-18,1230.0,1289.0,1230.0,1273.0,31215,1273.0,2026-09-03T19:34:18.631078+00:00
2021-07-19,1282.0,1295.0,1260.0,1285.0,17153,1285.0,2026-09-03T19:34:18.631078+00:00
2021-07-20,1280.0,1280.0,1260.0,1264.2,7678,1264.2,2026-09-03T19:34:18.631078+00:00
2021-07-22,1272.0,1272.0,1246.0,1250.0,11980,1250.0,2026-09-03T19:34:18.631078+00:00
2021-07-25,1255.0,1265.0,1232.0,1260.0,18084,1260.0,2026-09-03T19:34:18.631078+00:00
2021-07-26,1260.0,1305.0,1260.0,1279.0,30726,1279.0,2026-09-03T19:34:18.631078+00:00
2021-07-27,1253.5,1264.0,1230.0,1254.0,27213,1254.0,2026-09-03T19:34:18.631078+00:00
2021-07-28,1251.5,1287.2,1245.0,1277.0,28292,1277.0,2026-09-03T19:34:18.631078+00:00
2021-07-29,1300.0,1305.0,1278.0,1282.0,35673,1282.0,2026-09-03T19:34:18.631078+00:00
2021-08-01,1307.6,1307.6,1258.0,1277.0,60347,1277.0,2026-09-03T19:34:18.631078+00:00
2021-08-02,1302.0,1310.0,1276.0,1307.0,57306,1307.0,2026-09-03T19:34:18.631078+00:00
2021-08-03,1330.0,1397.0,1315.0,1386.0,141578,1386.0,2026-09-03T19:34:18.631078+00:00
2021-08-04,1400.0,1437.0,1340.0,1344.0,71310,1344.0,2026-09-03T19:34:18.631078+00:00
2021-08-05,1370.0,1370.0,1302.0,1313.0,46429,1313.0,2026-09-03T19:34:18.631078+00:00
2021-08-08,1325.0,1325.0,1298.5,1305.0,26386,1305.0,2026-09-03T19:34:18.631078+00:00
2021-08-09,1310.0,1319.0,1280.0,1281.0,48046,1281.0,2026-09-03T19:34:18.631078+00:00
2021-08-10,1295.0,1315.0,1272.0,1304.0,25023,1304.0,2026-09-03T19:34:18.631078+00:00
2021-08-11,1325.0,1328.0,1295.0,1297.0,19546,1297.0,2026-09-03T19:34:18.631078+00:00
2021-08-12,1297.0,1297.0,1280.0,1283.0,28754,1283.0,2026-09-03T19:34:18.631078+00:00
2021-08-15,1308.6,1361.0,1302.0,1338.0,88233,1338.0,2026-09-03T19:34:18.631078+00:00
2021-08-16,1363.0,1379.0,1323.0,1354.0,129625,1354.0,2026-09-03T19:34:18.631078+00:00
2021-08-17,1374.9,1375.0,1330.0,1332.0,42717,1332.0,2026-09-03T19:34:18.631078+00:00
2021-08-18,1332.0,1350.0,1313.0,1322.0,34921,1322.0,2026-09-03T19:34:18.631078+00:00
2021-08-19,1325.0,1345.0,1316.0,1320.1,26081,1320.1,2026-09-03T19:34:18.631078+00:00
2021-08-24,1296.1,1320.0,1296.0,1300.0,22097,1300.0,2026-09-03T19:34:18.631078+00:00
2021-08-25,1300.0,1300.0,1275.0,1283.0,16814,1283.0,2026-09-03T19:34:18.631078+00:00
2021-08-26,1283.0,1283.0,1267.0,1280.0,22993,1280.0,2026-09-03T19:34:18.631078+00:00
2021-08-29,1281.0,1281.0,1245.0,1250.0,72523,1250.0,2026-09-03T19:34:18.631078+00:00
2021-08-31,1225.0,1243.0,1190.0,1200.0,22868,1200.0,2026-09-03T19:34:18.631078+00:00
2021-09-01,1200.0,1205.0,1165.0,1187.0,48081,1187.0,2026-09-03T19:34:18.631078+00:00
2021-09-02,1187.0,1211.0,1162.0,1165.0,24246,1165.0,2026-09-03T19:34:18.631078+00:00
2021-09-05,1166.0,1166.0,1080.0,1099.0,30308,1099.0,2026-09-03T19:34:18.631078+00:00
2021-09-06,1080.0,1147.0,1078.1,1146.0,16211,1146.0,2026-09-03T19:34:18.631078+00:00
2021-09-07,1168.0,1168.0,1098.0,1114.0,28154,1114.0,2026-09-03T19:34:18.631078+00:00
2021-09-08,1102.0,1123.0,1090.2,1098.9,21084,1098.9,2026-09-03T19:34:18.631078+00:00
2021-09-09,1114.0,1115.0,1090.0,1090.0,18752,1090.0,2026-09-03T19:34:18.631078+00:00
2021-09-12,1111.0,1130.0,1092.0,1126.8,13447,1126.8,2026-09-03T19:34:18.631078+00:00
2021-09-13,1130.0,1140.0,1110.0,1115.0,11525,1115.0,2026-09-03T19:34:18.631078+00:00
2021-09-14,1125.0,1125.0,1100.0,1101.0,6981,1101.0,2026-09-03T19:34:18.631078+00:00
2021-09-15,1100.0,1109.0,1079.0,1080.0,10950,1080.0,2026-09-03T19:34:18.631078+00:00
2021-09-16,1062.0,1080.0,1015.1,1019.0,28960,1019.0,2026-09-03T19:34:18.631078+00:00
2021-09-20,1035.0,1043.0,981.0,981.0,24941,981.0,2026-09-03T19:34:18.631078+00:00
2021-09-21,971.0,1025.0,950.0,990.0,18128,990.0,2026-09-03T19:34:18.631078+00:00
2021-09-22,1009.0,1035.0,1007.0,1028.9,12458,1028.9,2026-09-03T19:34:18.631078+00:00
2021-09-23,1049.0,1068.0,1008.0,1010.0,11430,1010.0,2026-09-03T19:34:18.631078+00:00
2021-09-26,1015.0,1017.0,975.0,976.0,16872,976.0,2026-09-03T19:34:18.631078+00:00
2021-09-27,980.0,995.0,955.0,959.0,10481,959.0,2026-09-03T19:34:18.631078+00:00
2021-09-28,960.0,960.0,924.0,926.0,14505,926.0,2026-09-03T19:34:18.631078+00:00
2021-09-29,920.0,950.0,915.0,945.0,11627,945.0,2026-09-03T19:34:18.631078+00:00
2021-09-30,962.0,981.2,928.0,929.0,8824,929.0,2026-09-03T19:34:18.631078+00:00
2021-10-03,929.0,935.0,910.0,911.0,10500,911.0,2026-09-03T19:34:18.631078+00:00
2021-10-04,896.0,935.3,896.0,918.0,10791,918.0,2026-09-03T19:34:18.631078+00:00
2021-10-05,918.0,962.9,917.0,943.0,12763,943.0,2026-09-03T19:34:18.631078+00:00
2021-10-06,961.0,1037.3,961.0,1037.3,23591,1037.3,2026-09-03T19:34:18.631078+00:00
2021-10-10,1058.0,1110.0,989.3,996.0,20990,996.0,2026-09-03T19:34:18.631078+00:00
2021-10-11,996.0,1014.0,977.0,995.0,15601,995.0,2026-09-03T19:34:18.631078+00:00
2021-10-17,1014.0,1034.0,998.0,1005.0,2000,1005.0,2026-09-03T19:34:18.631078+00:00
2021-10-18,996.0,996.0,966.0,981.0,6790,981.0,2026-09-03T19:34:18.631078+00:00
2021-10-19,961.4,961.4,906.0,938.9,16181,938.9,2026-09-03T19:34:18.631078+00:00
2021-10-20,957.0,995.0,950.0,967.0,12784,967.0,2026-09-03T19:34:18.631078+00:00
2021-10-21,986.3,986.3,950.0,955.0,4194,955.0,2026-09-03T19:34:18.631078+00:00
2021-10-24,955.0,972.0,942.0,970.0,7086,970.0,2026-09-03T19:34:18.631078+00:00
2021-10-25,980.0,1005.0,965.0,992.0,8046,992.0,2026-09-03T19:34:18.631078+00:00
2021-10-26,1011.0,1027.9,998.0,1013.0,20105,1013.0,2026-09-03T19:34:18.631078+00:00
2021-10-27,1031.0,1043.0,1002.0,1018.0,13015,1018.0,2026-09-03T19:34:18.631078+00:00
2021-10-28,1015.0,1106.0,1015.0,1102.0,24855,1102.0,2026-09-03T19:34:18.631078+00:00
2021-10-31,1110.0,1136.0,1091.0,1132.0,15544,1132.0,2026-09-03T19:34:18.631078+00:00
2021-11-01,1142.0,1142.0,1088.1,1092.0,18050,1092.0,2026-09-03T19:34:18.631078+00:00
2021-11-02,1080.0,1098.0,1060.0,1098.0,12328,1098.0,2026-09-03T19:34:18.631078+00:00
2021-11-03,1099.0,1137.0,1099.0,1114.0,24544,1114.0,2026-09-03T19:34:18.631078+00:00
2021-11-08,1095.0,1115.0,1095.0,1095.0,6288,1095.0,2026-09-03T19:34:18.631078+00:00
2021-11-09,1077.0,1080.2,1030.0,1060.0,11620,1060.0,2026-09-03T19:34:18.631078+00:00
2021-11-11,1058.0,1058.0,1010.0,1011.0,8667,1011.0,2026-09-03T19:34:18.631078+00:00
2021-11-14,1031.0,1040.0,1000.0,1035.0,14361,1035.0,2026-09-03T19:34:18.631078+00:00
2021-11-15,1050.0,1055.0,1035.0,1050.0,4682,1050.0,2026-09-03T19:34:18.631078+00:00
2021-11-16,1068.0,1070.0,1038.0,1062.0,5639,1062.0,2026-09-03T19:34:18.631078+00:00
2021-11-17,1065.0,1086.4,1062.0,1062.0,11359,1062.0,2026-09-03T19:34:18.631078+00:00
2021-11-18,1041.0,1070.0,1039.0,1039.2,5849,1039.2,2026-09-03T19:34:18.631078+00:00
2021-11-21,1030.0,1044.0,1026.0,1027.0,2064,1027.0,2026-09-03T19:34:18.631078+00:00
2021-11-22,1011.0,1040.0,1011.0,1022.0,6329,1022.0,2026-09-03T19:34:18.631078+00:00
2021-11-23,1020.0,1020.0,1000.0,1007.0,10547,1007.0,2026-09-03T19:34:18.631078+00:00
2021-11-24,1000.0,1015.0,981.0,1014.9,5343,1014.9,2026-09-03T19:34:18.631078+00:00
2021-11-25,1014.0,1014.2,1001.0,1003.0,2896,1003.0,2026-09-03T19:34:18.631078+00:00
2021-11-28,996.0,999.0,960.4,960.4,10032,960.4,2026-09-03T19:34:18.631078+00:00
2021-11-29,975.0,984.0,947.0,951.0,5490,951.0,2026-09-03T19:34:18.631078+00:00
2021-11-30,952.0,955.0,939.0,955.0,4068,955.0,2026-09-03T19:34:18.631078+00:00
2021-12-01,960.0,979.0,960.0,963.0,2535,963.0,2026-09-03T19:34:18.631078+00:00
2021-12-02,970.0,981.0,938.0,939.0,8237,939.0,2026-09-03T19:34:18.631078+00:00
2021-12-05,932.0,955.0,932.0,938.0,17962,938.0,2026-09-03T19:34:18.631078+00:00
2021-12-06,939.0,954.8,921.0,954.8,12207,954.8,2026-09-03T19:34:18.631078+00:00
2021-12-07,950.0,973.3,940.8,940.8,3717,940.8,2026-09-03T19:34:18.631078+00:00
2021-12-08,928.1,928.1,900.1,901.0,6210,901.0,2026-09-03T19:34:18.631078+00:00
2021-12-09,885.0,920.0,885.0,902.0,4093,902.0,2026-09-03T19:34:18.631078+00:00
2021-12-12,903.0,903.0,851.0,851.0,6254,851.0,2026-09-03T19:34:18.631078+00:00
2021-12-13,851.0,858.0,800.0,802.0,9234,802.0,2026-09-03T19:34:18.631078+00:00
2021-12-14,818.0,850.6,814.4,850.6,5245,850.6,2026-09-03T19:34:18.631078+00:00
2021-12-15,867.6,901.0,826.0,850.0,12262,850.0,2026-09-03T19:34:18.631078+00:00
2021-12-16,835.0,855.0,812.0,824.0,4807,824.0,2026-09-03T19:34:18.631078+00:00
2021-12-20,826.0,826.0,810.0,815.0,3349,815.0,2026-09-03T19:34:18.631078+00:00
2021-12-21,816.0,830.0,816.0,829.9,4662,829.9,2026-09-03T19:34:18.631078+00:00
2021-12-22,845.0,882.3,845.0,878.0,8654,878.0,2026-09-03T19:34:18.631078+00:00
2021-12-23,875.0,904.0,874.0,876.0,6672,876.0,2026-09-03T19:34:18.631078+00:00
2021-12-26,875.0,940.0,875.0,940.0,10697,940.0,2026-09-03T19:34:18.631078+00:00
2021-12-27,942.4,951.0,895.0,900.0,10675,900.0,2026-09-03T19:34:18.631078+00:00
2021-12-28,882.0,910.0,878.0,910.0,6509,910.0,2026-09-03T19:34:18.631078+00:00
2021-12-29,900.0,918.0,896.2,910.0,6185,910.0,2026-09-03T19:34:18.631078+00:00
2022-01-02,905.0,928.0,895.0,928.0,12770,928.0,2026-09-03T19:34:18.631078+00:00
2022-01-03,946.0,979.0,929.0,967.0,24873,967.0,2026-09-03T19:34:18.631078+00:00
2022-01-04,950.0,1009.0,950.0,981.4,15560,981.4,2026-09-03T19:34:18.631078+00:00
2022-01-05,990.0,994.0,940.0,950.0,13979,950.0,2026-09-03T19:34:18.631078+00:00
2022-01-06,940.0,990.0,938.0,990.0,8667,990.0,2026-09-03T19:34:18.631078+00:00
2022-01-09,980.0,1010.0,980.0,995.0,15520,995.0,2026-09-03T19:34:18.631078+00:00
2022-01-10,995.0,1007.3,985.0,992.0,16749,992.0,2026-09-03T19:34:18.631078+00:00
2022-01-11,972.2,1064.0,972.2,1038.8,24867,1038.8,2026-09-03T19:34:18.631078+00:00
2022-01-12,1018.1,1060.0,1013.0,1020.0,18222,1020.0,2026-09-03T19:34:18.631078+00:00
2022-01-13,1040.4,1050.0,1009.4,1043.0,20917,1043.0,2026-09-03T19:34:18.631078+00:00
2022-01-16,1062.0,1116.9,1062.0,1116.9,30465,1116.9,2026-09-03T19:34:18.631078+00:00
2022-01-17,1129.9,1139.0,1082.0,1122.0,35053,1122.0,2026-09-03T19:34:18.631078+00:00
2022-01-18,1122.0,1125.0,1086.0,1111.0,18034,1111.0,2026-09-03T19:34:18.631078+00:00
2022-01-19,1095.0,1107.0,1076.0,1079.1,16390,1079.1,2026-09-03T19:34:18.631078+00:00
2022-01-20,1070.0,1100.0,1062.0,1093.0,13995,1093.0,2026-09-03T19:34:18.631078+00:00
2022-01-23,1114.0,1114.0,1069.0,1070.0,7675,1070.0,2026-09-03T19:34:18.631078+00:00
2022-01-24,1060.0,1060.0,1012.5,1023.0,20191,1023.0,2026-09-03T19:34:18.631078+00:00
2022-01-25,1023.0,1035.0,1006.0,1025.0,15926,1025.0,2026-09-03T19:34:18.631078+00:00
2022-01-26,1025.0,1040.0,1008.1,1020.1,25398,1020.1,2026-09-03T19:34:18.631078+00:00
2022-01-27,1020.5,1060.0,1020.5,1032.0,13563,1032.0,2026-09-03T19:34:18.631078+00:00
2022-01-30,1052.0,1077.0,1045.0,1072.9,11777,1072.9,2026-09-03T19:34:18.631078+00:00
2022-01-31,1072.9,1093.0,1057.0,1085.0,24311,1085.0,2026-09-03T19:34:18.631078+00:00
2022-02-01,1080.0,1105.0,1080.0,1100.0,38457,1100.0,2026-09-03T19:34:18.631078+00:00
2022-02-03,1095.0,1120.0,1070.5,1070.5,25859,1070.5,2026-09-03T19:34:18.631078+00:00
2022-02-06,1050.0,1066.0,1035.0,1047.0,20142,1047.0,2026-09-03T19:34:18.631078+00:00
2022-02-07,1028.0,1057.5,1028.0,1043.0,2715,1043.0,2026-09-03T19:34:18.631078+00:00
2022-02-08,1063.0,1066.0,1041.0,1043.0,30897,1043.0,2026-09-03T19:34:18.631078+00:00
2022-02-09,1036.0,1048.5,1022.6,1034.9,5466,1034.9,2026-09-03T19:34:18.631078+00:00
2022-02-10,1014.3,1034.0,1014.3,1026.0,7648,1026.0,2026-09-03T19:34:18.631078+00:00
2022-02-13,1005.5,1007.0,972.0,983.0,11090,983.0,2026-09-03T19:34:18.631078+00:00
2022-02-14,995.0,1000.0,976.0,976.0,6040,976.0,2026-09-03T19:34:18.631078+00:00
2022-02-15,976.0,1015.0,975.0,1010.0,3822,1010.0,2026-09-03T19:34:18.631078+00:00
2022-02-16,1015.0,1030.0,990.0,995.3,3445,995.3,2026-09-03T19:34:18.631078+00:00
2022-02-17,1008.0,1009.0,980.0,995.0,5375,995.0,2026-09-03T19:34:18.631078+00:00
2022-02-20,976.0,976.0,937.4,963.0,11561,963.0,2026-09-03T19:34:18.631078+00:00
2022-02-21,975.0,975.0,935.9,948.0,11641,948.0,2026-09-03T19:34:18.631078+00:00
2022-02-22,959.0,960.0,930.0,935.0,12118,935.0,2026-09-03T19:34:18.631078+00:00
2022-02-23,951.5,951.5,930.0,931.0,3011,931.0,2026-09-03T19:34:18.631078+00:00
2022-02-24,925.0,925.0,880.1,890.0,26254,890.0,2026-09-03T19:34:18.631078+00:00
2022-02-27,900.0,907.0,875.0,891.0,6491,891.0,2026-09-03T19:34:18.631078+00:00
2022-02-28,885.1,900.0,871.2,875.0,4100,875.0,2026-09-03T19:34:18.631078+00:00
2022-03-02,880.0,880.0,850.1,854.0,9128,854.0,2026-09-03T19:34:18.631078+00:00
2022-03-06,854.0,870.0,854.0,858.0,5042,858.0,2026-09-03T19:34:18.631078+00:00
2022-03-07,851.1,872.0,851.1,854.0,9006,854.0,2026-09-03T19:34:18.631078+00:00
2022-03-09,853.0,855.0,837.0,846.0,14412,846.0,2026-09-03T19:34:18.631078+00:00
2022-03-10,845.0,868.5,840.0,860.0,12651,860.0,2026-09-03T19:34:18.631078+00:00
2022-03-13,870.0,914.9,870.0,903.0,8955,903.0,2026-09-03T19:34:18.631078+00:00
2022-03-14,910.0,918.0,885.0,899.0,1425,899.0,2026-09-03T19:34:18.631078+00:00
2022-03-15,900.0,916.0,885.0,893.0,7480,893.0,2026-09-03T19:34:18.631078+00:00
2022-03-16,908.0,922.0,894.1,913.0,8177,913.0,2026-09-03T19:34:18.631078+00:00
2022-03-20,913.0,956.0,905.0,910.0,6168,910.0,2026-09-03T19:34:18.631078+00:00
2022-03-21,907.0,928.0,902.0,928.0,4093,928.0,2026-09-03T19:34:18.631078+00:00
2022-03-22,945.0,952.0,930.0,950.0,6162,950.0,2026-09-03T19:34:18.631078+00:00
2022-03-23,940.0,957.0,932.0,945.0,3025,945.0,2026-09-03T19:34:18.631078+00:00
2022-03-24,930.0,944.0,927.0,938.0,5101,938.0,2026-09-03T19:34:18.631078+00:00
2022-03-27,938.0,938.0,900.0,900.1,9852,900.1,2026-09-03T19:34:18.631078+00:00
2022-03-28,891.0,895.0,877.1,883.0,2568,883.0,2026-09-03T19:34:18.631078+00:00
2022-03-29,885.0,918.0,870.0,890.0,3025,890.0,2026-09-03T19:34:18.631078+00:00
2022-03-30,890.0,910.0,880.0,909.0,7989,909.0,2026-09-03T19:34:18.631078+00:00
2022-03-31,915.0,915.0,890.0,890.0,2949,890.0,2026-09-03T19:34:18.631078+00:00
2022-04-03,880.0,889.0,873.0,875.0,5949,875.0,2026-09-03T19:34:18.631078+00:00
2022-04-04,875.0,899.0,873.0,877.0,4415,877.0,2026-09-03T19:34:18.631078+00:00
2022-04-05,876.0,878.0,860.0,865.0,10364,865.0,2026-09-03T19:34:18.631078+00:00
2022-04-06,875.0,875.0,855.1,861.0,9561,861.0,2026-09-03T19:34:18.631078+00:00
2022-04-07,870.0,878.0,852.6,873.0,5350,873.0,2026-09-03T19:34:18.631078+00:00
2022-04-11,879.0,885.0,850.0,859.0,5859,859.0,2026-09-03T19:34:18.631078+00:00
2022-04-12,876.1,876.1,836.1,844.0,2516,844.0,2026-09-03T19:34:18.631078+00:00
2022-04-13,860.0,875.0,839.0,868.0,4227,868.0,2026-09-03T19:34:18.631078+00:00
2022-04-17,868.0,868.0,837.0,852.0,7367,852.0,2026-09-03T19:34:18.631078+00:00
2022-04-18,869.0,869.0,826.0,830.0,6630,830.0,2026-09-03T19:34:18.631078+00:00
2022-04-19,846.6,863.5,815.1,841.0,1756,841.0,2026-09-03T19:34:18.631078+00:00
2022-04-20,845.0,845.0,825.0,829.0,1170,829.0,2026-09-03T19:34:18.631078+00:00
2022-04-21,827.0,839.0,805.1,825.0,4551,825.0,2026-09-03T19:34:18.631078+00:00
2022-04-24,825.0,880.0,825.0,858.0,5624,858.0,2026-09-03T19:34:18.631078+00:00
2022-04-25,857.0,874.1,844.0,844.1,2808,844.1,2026-09-03T19:34:18.631078+00:00
2022-04-26,850.0,865.0,835.0,852.0,2012,852.0,2026-09-03T19:34:18.631078+00:00
2022-04-27,850.0,860.0,835.0,845.0,3345,845.0,2026-09-03T19:34:18.631078+00:00
2022-04-28,848.0,855.0,841.0,845.1,2250,845.1,2026-09-03T19:34:18.631078+00:00
2022-05-02,833.0,850.0,825.0,841.5,4323,841.5,2026-09-03T19:34:18.631078+00:00
2022-05-04,825.0,852.0,825.0,826.0,1600,826.0,2026-09-03T19:34:18.631078+00:00
2022-05-05,810.0,842.0,800.0,816.0,2946,816.0,2026-09-03T19:34:18.631078+00:00
2022-05-08,801.0,802.0,790.0,795.0,2310,795.0,2026-09-03T19:34:18.631078+00:00
2022-05-09,800.0,816.0,798.0,808.0,3922,808.0,2026-09-03T19:34:18.631078+00:00
2022-05-10,811.1,830.0,811.1,828.0,2040,828.0,2026-09-03T19:34:18.631078+00:00
2022-05-11,844.0,874.9,844.0,867.0,3481,867.0,2026-09-03T19:34:18.631078+00:00
2022-05-12,850.0,865.0,835.0,835.0,3810,835.0,2026-09-03T19:34:18.631078+00:00
2022-05-17,825.0,826.0,808.0,809.0,2608,809.0,2026-09-03T19:34:18.631078+00:00
2022-05-18,806.0,819.0,800.0,808.0,3526,808.0,2026-09-03T19:34:18.631078+00:00
2022-05-19,810.0,810.0,798.0,809.0,4077,809.0,2026-09-03T19:34:18.631078+00:00
2022-05-20,815.0,841.0,804.0,805.0,3810,805.0,2026-09-03T19:34:18.631078+00:00
2022-05-23,805.0,808.0,788.0,799.0,3875,799.0,2026-09-03T19:34:18.631078+00:00
2022-05-24,800.0,803.0,794.0,800.0,3850,800.0,2026-09-03T19:34:18.631078+00:00
2022-05-25,810.0,811.0,800.0,802.0,3235,802.0,2026-09-03T19:34:18.631078+00:00
2022-05-26,805.0,805.8,790.0,805.8,1220,805.8,2026-09-03T19:34:18.631078+00:00
2022-05-27,805.0,816.0,789.0,816.0,3465,816.0,2026-09-03T19:34:18.631078+00:00
2022-05-30,832.3,863.0,800.0,800.0,7075,800.0,2026-09-03T19:34:18.631078+00:00
2022-05-31,815.0,815.0,788.0,790.0,5214,790.0,2026-09-03T19:34:18.631078+00:00
2022-06-01,801.0,815.9,782.1,799.7,1468,799.7,2026-09-03T19:34:18.631078+00:00
2022-06-02,815.0,816.0,769.3,782.0,4940,782.0,2026-09-03T19:34:18.631078+00:00
2022-06-03,772.1,780.0,760.0,761.1,3748,761.1,2026-09-03T19:34:18.631078+00:00
2022-06-06,776.3,784.5,753.0,766.0,3275,766.0,2026-09-03T19:34:18.631078+00:00
2022-06-07,775.0,775.0,735.0,736.0,2491,736.0,2026-09-03T19:34:18.631078+00:00
2022-06-08,735.0,779.0,735.0,762.0,4447,762.0,2026-09-03T19:34:18.631078+00:00
2022-06-09,760.0,783.0,750.0,751.0,2834,751.0,2026-09-03T19:34:18.631078+00:00
2022-06-10,737.0,751.0,736.4,743.0,771,743.0,2026-09-03T19:34:18.631078+00:00
2022-06-13,744.0,757.8,740.0,740.0,1327,740.0,2026-09-03T19:34:18.631078+00:00
2022-06-14,730.0,735.0,715.0,730.0,3532,730.0,2026-09-03T19:34:18.631078+00:00
2022-06-15,725.0,725.0,696.0,705.0,3068,705.0,2026-09-03T19:34:18.631078+00:00
2022-06-16,715.0,718.0,700.0,710.0,1724,710.0,2026-09-03T19:34:18.631078+00:00
2022-06-17,710.0,710.0,700.0,705.0,478,705.0,2026-09-03T19:34:18.631078+00:00
2022-06-19,696.0,698.0,690.0,690.0,1523,690.0,2026-09-03T19:34:18.631078+00:00
2022-06-20,677.0,685.0,665.0,666.0,3409,666.0,2026-09-03T19:34:18.631078+00:00
2022-06-21,666.0,700.0,666.0,699.0,2427,699.0,2026-09-03T19:34:18.631078+00:00
2022-06-22,687.0,693.9,675.0,680.0,4258,680.0,2026-09-03T19:34:18.631078+00:00
2022-06-23,667.0,672.9,653.1,669.0,2382,669.0,2026-09-03T19:34:18.631078+00:00
2022-06-24,656.0,692.0,655.7,692.0,3461,692.0,2026-09-03T19:34:18.631078+00:00
2022-06-26,705.0,725.0,700.5,724.0,6868,724.0,2026-09-03T19:34:18.631078+00:00
2022-06-27,715.0,737.0,710.0,710.0,6781,710.0,2026-09-03T19:34:18.631078+00:00
2022-06-28,724.0,724.0,699.0,702.0,1456,702.0,2026-09-03T19:34:18.631078+00:00
2022-06-29,711.0,724.8,704.0,720.0,2083,720.0,2026-09-03T19:34:18.631078+00:00
2022-06-30,710.2,773.5,710.0,770.0,5526,770.0,2026-09-03T19:34:18.631078+00:00
2022-07-01,785.0,803.0,756.0,784.0,5558,784.0,2026-09-03T19:34:18.631078+00:00
2022-07-03,768.5,813.9,768.5,795.0,6717,795.0,2026-09-03T19:34:18.631078+00:00
2022-07-04,810.0,825.0,770.0,800.0,15474,800.0,2026-09-03T19:34:18.631078+00:00
2022-07-05,785.0,808.9,760.0,774.0,5918,774.0,2026-09-03T19:34:18.631078+00:00
2022-07-06,760.0,776.5,745.1,776.5,2938,776.5,2026-09-03T19:34:18.631078+00:00
2022-07-07,792.0,795.0,760.0,770.0,1690,770.0,2026-09-03T19:34:18.631078+00:00
2022-07-08,756.0,760.0,746.0,754.0,945,754.0,2026-09-03T19:34:18.631078+00:00
2022-07-11,739.0,739.0,678.6,678.6,21576,678.6,2026-09-03T19:34:18.631078+00:00
2022-07-12,692.0,710.0,668.0,710.0,20046,710.0,2026-09-03T19:34:18.631078+00:00
2022-07-13,724.2,735.0,706.0,729.0,3991,729.0,2026-09-03T19:34:18.631078+00:00
2022-07-14,729.0,788.8,719.0,760.0,78283,760.0,2026-09-03T19:34:18.631078+00:00
2022-07-15,746.0,757.0,721.0,756.0,11830,756.0,2026-09-03T19:34:18.631078+00:00
2022-07-17,740.9,755.0,740.0,752.8,3931,752.8,2026-09-03T19:34:18.631078+00:00
2022-07-18,738.0,759.0,728.0,759.0,7858,759.0,2026-09-03T19:34:18.631078+00:00
2022-07-19,751.0,785.0,750.0,783.9,46921,783.9,2026-09-03T19:34:18.631078+00:00
2022-07-20,780.0,799.0,769.0,793.0,38049,793.0,2026-09-03T19:34:18.631078+00:00
2022-07-21,800.0,800.0,768.1,773.1,21713,773.1,2026-09-03T19:34:18.631078+00:00
2022-07-22,773.0,780.0,756.7,760.0,3365,760.0,2026-09-03T19:34:18.631078+00:00
2022-07-24,775.0,801.0,760.0,795.0,17263,795.0,2026-09-03T19:34:18.631078+00:00
2022-07-25,810.0,846.0,800.0,840.0,37052,840.0,2026-09-03T19:34:18.631078+00:00
2022-07-26,824.0,840.0,801.1,812.0,15774,812.0,2026-09-03T19:34:18.631078+00:00
2022-07-27,812.0,833.0,800.0,829.5,12842,829.5,2026-09-03T19:34:18.631078+00:00
2022-07-28,846.0,879.2,831.0,842.0,33809,842.0,2026-09-03T19:34:18.631078+00:00
2022-07-29,842.0,860.0,827.1,850.0,11941,850.0,2026-09-03T19:34:18.631078+00:00
2022-07-31,860.0,900.0,860.0,876.0,27382,876.0,2026-09-03T19:34:18.631078+00:00
2022-08-01,890.0,890.0,855.0,864.0,15951,864.0,2026-09-03T19:34:18.631078+00:00
2022-08-02,859.0,870.0,848.0,865.0,17263,865.0,2026-09-03T19:34:18.631078+00:00
2022-08-03,849.0,869.9,849.0,856.9,14299,856.9,2026-09-03T19:34:18.631078+00:00
2022-08-04,874.0,874.0,841.0,850.0,17592,850.0,2026-09-03T19:34:18.631078+00:00
2022-08-05,833.1,848.0,820.1,828.0,6942,828.0,2026-09-03T19:34:18.631078+00:00
2022-08-07,811.5,820.0,792.0,800.0,38327,800.0,2026-09-03T19:34:18.631078+00:00
2022-08-08,800.0,820.0,795.0,795.0,25973,795.0,2026-09-03T19:34:18.631078+00:00
2022-08-09,780.0,790.0,765.0,774.9,7687,774.9,2026-09-03T19:34:18.631078+00:00
2022-08-10,763.2,776.0,750.0,775.9,6458,775.9,2026-09-03T19:34:18.631078+00:00
2022-08-11,760.4,791.0,751.0,765.9,4514,765.9,2026-09-03T19:34:18.631078+00:00
2022-08-14,760.0,775.0,733.0,735.0,5150,735.0,2026-09-03T19:34:18.631078+00:00
2022-08-15,722.1,769.9,722.1,769.9,8511,769.9,2026-09-03T19:34:18.631078+00:00
2022-08-16,770.0,770.0,740.0,740.0,7324,740.0,2026-09-03T19:34:18.631078+00:00
2022-08-17,730.0,745.0,730.0,744.9,4855,744.9,2026-09-03T19:34:18.631078+00:00
2022-08-18,735.2,754.0,735.2,750.2,3774,750.2,2026-09-03T19:34:18.631078+00:00
2022-08-21,750.0,762.0,739.1,739.1,6835,739.1,2026-09-03T19:34:18.631078+00:00
2022-08-22,728.0,740.0,727.0,735.0,2835,735.0,2026-09-03T19:34:18.631078+00:00
2022-08-23,735.0,740.0,721.0,722.2,6459,722.2,2026-09-03T19:34:18.631078+00:00
2022-08-24,723.0,731.0,716.1,724.0,6669,724.0,2026-09-03T19:34:18.631078+00:00
2022-08-25,725.0,730.0,707.0,715.0,6380,715.0,2026-09-03T19:34:18.631078+00:00
2022-08-26,706.1,708.0,704.0,704.0,1444,704.0,2026-09-03T19:34:18.631078+00:00
2022-08-28,718.0,718.0,678.4,686.0,10665,686.0,2026-09-03T19:34:18.631078+00:00
2022-08-29,699.0,699.0,678.0,681.1,3473,681.1,2026-09-03T19:34:18.631078+00:00
2022-08-30,691.0,700.0,683.1,683.1,2654,683.1,2026-09-03T19:34:18.631078+00:00
2022-08-31,675.0,690.0,675.0,680.0,1733,680.0,2026-09-03T19:34:18.631078+00:00
2022-09-01,668.0,687.0,668.0,687.0,6940,687.0,2026-09-03T19:34:18.631078+00:00
2022-09-02,690.0,694.0,675.0,684.0,1331,684.0,2026-09-03T19:34:18.631078+00:00
2022-09-04,684.0,692.0,680.0,688.0,1566,688.0,2026-09-03T19:34:18.631078+00:00
2022-09-05,685.1,690.0,677.0,683.9,1155,683.9,2026-09-03T19:34:18.631078+00:00
2022-09-06,684.0,689.0,671.0,672.0,4240,672.0,2026-09-03T19:34:18.631078+00:00
2022-09-07,661.0,670.0,661.0,669.0,2169,669.0,2026-09-03T19:34:18.631078+00:00
2022-09-08,656.0,682.0,656.0,677.0,2572,677.0,2026-09-03T19:34:18.631078+00:00
2022-09-11,665.0,685.0,662.0,667.0,1700,667.0,2026-09-03T19:34:18.631078+00:00
2022-09-12,670.0,670.0,661.0,661.5,3996,661.5,2026-09-03T19:34:18.631078+00:00
2022-09-13,661.5,677.0,661.0,677.0,7557,677.0,2026-09-03T19:34:18.631078+00:00
2022-09-14,679.0,712.0,676.5,704.0,8993,704.0,2026-09-03T19:34:18.631078+00:00
2022-09-15,691.0,703.4,666.0,666.0,6940,666.0,2026-09-03T19:34:18.631078+00:00
2022-09-16,652.7,671.0,642.1,660.0,2766,660.0,2026-09-03T19:34:18.631078+00:00
2022-09-18,656.0,660.0,647.0,647.0,3710,647.0,2026-09-03T19:34:18.631078+00:00
2022-09-20,637.0,645.0,625.0,636.0,3872,636.0,2026-09-03T19:34:18.631078+00:00
2022-09-21,648.0,648.0,630.0,636.9,1020,636.9,2026-09-03T19:34:18.631078+00:00
2022-09-22,625.0,635.0,620.0,620.0,2640,620.0,2026-09-03T19:34:18.631078+00:00
2022-09-25,620.0,620.0,593.9,594.0,7380,594.0,2026-09-03T19:34:18.631078+00:00
2022-09-27,585.0,616.0,585.0,604.0,2298,604.0,2026-09-03T19:34:18.631078+00:00
2022-09-28,604.0,616.0,601.2,601.2,2254,601.2,2026-09-03T19:34:18.631078+00:00
2022-09-29,595.5,613.0,595.5,598.0,2315,598.0,2026-09-03T19:34:18.631078+00:00
2022-10-09,609.9,620.0,607.6,619.9,614,619.9,2026-09-03T19:34:18.631078+00:00
2022-10-10,620.0,620.0,600.7,610.8,2017,610.8,2026-09-03T19:34:18.631078+00:00
2022-10-11,600.0,607.0,595.0,607.0,1271,607.0,2026-09-03T19:34:18.631078+00:00
2022-10-12,603.0,611.0,595.0,600.2,1622,600.2,2026-09-03T19:34:18.631078+00:00
2022-10-13,603.0,611.0,600.0,609.0,1457,609.0,2026-09-03T19:34:18.631078+00:00
2022-10-16,602.0,604.0,595.0,600.0,1965,600.0,2026-09-03T19:34:18.631078+00:00
2022-10-17,590.0,613.0,590.0,602.0,1744,602.0,2026-09-03T19:34:18.631078+00:00
2022-10-19,598.0,600.0,590.1,600.0,593,600.0,2026-09-03T19:34:18.631078+00:00
2022-10-20,600.0,600.0,592.0,598.0,1963,598.0,2026-09-03T19:34:18.631078+00:00
2022-10-23,590.0,605.4,590.0,597.0,488,597.0,2026-09-03T19:34:18.631078+00:00
2022-10-31,600.0,600.0,595.0,600.0,338,600.0,2026-09-03T19:34:18.631078+00:00
2022-11-01,598.0,624.2,597.0,624.2,5822,624.2,2026-09-03T19:34:18.631078+00:00
2022-11-02,613.3,646.0,613.3,646.0,4621,646.0,2026-09-03T19:34:18.631078+00:00
2022-11-03,635.0,635.0,620.0,626.0,3001,626.0,2026-09-03T19:34:18.631078+00:00
2022-11-06,621.0,673.7,608.0,656.0,9709,656.0,2026-09-03T19:34:18.631078+00:00
2022-11-07,653.9,653.9,618.4,632.0,28096,632.0,2026-09-03T19:34:18.631078+00:00
2022-11-08,635.0,635.0,612.0,617.5,2708,617.5,2026-09-03T19:34:18.631078+00:00
2022-11-09,618.0,618.9,591.0,591.0,4354,591.0,2026-09-03T19:34:18.631078+00:00
2022-11-10,602.0,605.0,583.2,589.0,4101,589.0,2026-09-03T19:34:18.631078+00:00
2022-11-13,580.2,591.5,577.0,577.0,1886,577.0,2026-09-03T19:34:18.631078+00:00
2022-11-14,570.1,612.0,566.0,612.0,3037,612.0,2026-09-03T19:34:18.631078+00:00
2022-11-15,599.8,600.0,574.0,574.0,3830,574.0,2026-09-03T19:34:18.631078+00:00
2022-11-16,580.0,587.0,569.0,573.0,2345,573.0,2026-09-03T19:34:18.631078+00:00
2022-11-17,584.0,594.9,583.0,594.0,2827,594.0,2026-09-03T19:34:18.631078+00:00
2022-11-22,594.0,597.0,580.0,580.0,2220,580.0,2026-09-03T19:34:18.631078+00:00
2022-11-23,591.0,591.0,570.2,585.0,825,585.0,2026-09-03T19:34:18.631078+00:00
2022-11-24,575.0,594.0,575.0,585.0,765,585.0,2026-09-03T19:34:18.631078+00:00
2022-11-27,575.0,613.0,575.0,613.0,7301,613.0,2026-09-03T19:34:18.631078+00:00
2022-11-28,625.0,625.0,600.0,600.0,2891,600.0,2026-09-03T19:34:18.631078+00:00
2022-11-29,600.0,622.0,591.1,610.0,2297,610.0,2026-09-03T19:34:18.631078+00:00
2022-11-30,610.0,612.0,600.0,602.0,11175,602.0,2026-09-03T19:34:18.631078+00:00
2022-12-01,602.0,612.0,600.0,600.2,335,600.2,2026-09-03T19:34:18.631078+00:00
2022-12-04,600.0,616.0,600.0,608.0,3125,608.0,2026-09-03T19:34:18.631078+00:00
2022-12-05,600.0,601.8,584.1,599.0,904,599.0,2026-09-03T19:34:18.631078+00:00
2022-12-06,608.0,610.0,591.1,594.0,1108,594.0,2026-09-03T19:34:18.631078+00:00
2022-12-07,585.0,592.9,583.9,586.2,470,586.2,2026-09-03T19:34:18.631078+00:00
2022-12-11,597.9,597.9,579.0,581.0,1209,581.0,2026-09-03T19:34:18.631078+00:00
2022-12-12,579.2,591.5,579.2,591.5,2565,591.5,2026-09-03T19:34:18.631078+00:00
2022-12-13,600.0,600.0,590.0,599.0,605,599.0,2026-09-03T19:34:18.631078+00:00
2022-12-14,610.0,610.0,588.0,588.0,325,588.0,2026-09-03T19:34:18.631078+00:00
2022-12-15,577.0,588.0,577.0,586.1,563,586.1,2026-09-03T19:34:18.631078+00:00
2022-12-18,574.5,580.0,570.0,580.0,1770,580.0,2026-09-03T19:34:18.631078+00:00
2022-12-19,580.0,581.0,569.0,581.0,635,581.0,2026-09-03T19:34:18.631078+00:00
2022-12-20,581.0,590.0,581.0,588.0,1094,588.0,2026-09-03T19:34:18.631078+00:00
2022-12-21,576.3,588.0,576.3,583.0,833,583.0,2026-09-03T19:34:18.631078+00:00
2022-12-22,583.0,585.0,572.0,581.0,2387,581.0,2026-09-03T19:34:18.631078+00:00
2022-12-26,592.0,604.0,580.4,598.0,9278,598.0,2026-09-03T19:34:18.631078+00:00
2022-12-27,600.0,614.9,598.0,614.6,13544,614.6,2026-09-03T19:34:18.631078+00:00
2022-12-28,614.9,614.9,591.1,600.0,2353,600.0,2026-09-03T19:34:18.631078+00:00
2022-12-29,607.9,634.0,601.0,634.0,15365,634.0,2026-09-03T19:34:18.631078+00:00
2023-01-01,640.0,640.0,614.0,628.0,18647,628.0,2026-09-03T19:34:18.631078+00:00
2023-01-02,625.9,638.0,619.0,636.0,6391,636.0,2026-09-03T19:34:18.631078+00:00
2023-01-03,625.0,663.0,623.2,650.0,14358,650.0,2026-09-03T19:34:18.631078+00:00
2023-01-04,649.0,714.0,649.0,708.0,20852,708.0,2026-09-03T19:34:18.631078+00:00
2023-01-05,722.0,722.0,691.0,713.0,18217,713.0,2026-09-03T19:34:18.631078+00:00
2023-01-08,725.0,726.0,697.0,705.0,21426,705.0,2026-09-03T19:34:18.631078+00:00
2023-01-09,696.2,736.0,696.0,736.0,23323,736.0,2026-09-03T19:34:18.631078+00:00
2023-01-10,749.9,760.0,685.0,700.0,19732,700.0,2026-09-03T19:34:18.631078+00:00
2023-01-12,714.0,719.0,657.1,680.0,16664,680.0,2026-09-03T19:34:18.631078+00:00
2023-01-17,667.1,691.0,667.0,686.0,9305,686.0,2026-09-03T19:34:18.631078+00:00
2023-01-18,698.9,698.9,679.0,681.0,10439,681.0,2026-09-03T19:34:18.631078+00:00
2023-01-19,675.0,680.0,667.0,667.0,5525,667.0,2026-09-03T19:34:18.631078+00:00
2023-01-23,665.0,679.0,640.0,640.0,15691,640.0,2026-09-03T19:34:18.631078+00:00
2023-01-24,633.0,645.0,628.0,645.0,3245,645.0,2026-09-03T19:34:18.631078+00:00
2023-01-25,656.0,670.0,647.0,655.0,3691,655.0,2026-09-03T19:34:18.631078+00:00
2023-01-26,665.0,668.0,640.0,640.0,5107,640.0,2026-09-03T19:34:18.631078+00:00
2023-01-29,635.0,652.8,635.0,636.0,2580,636.0,2026-09-03T19:34:18.631078+00:00
2023-01-30,626.0,640.0,613.5,615.0,8323,615.0,2026-09-03T19:34:18.631078+00:00
2023-01-31,622.0,622.0,608.0,609.0,3526,609.0,2026-09-03T19:34:18.631078+00:00
2023-02-01,610.0,615.0,605.3,610.0,3432,610.0,2026-09-03T19:34:18.631078+00:00
2023-02-02,610.0,618.9,602.0,603.0,4224,603.0,2026-09-03T19:34:18.631078+00:00
2023-02-05,592.0,612.0,591.0,599.0,5077,599.0,2026-09-03T19:34:18.631078+00:00
2023-02-06,589.1,598.0,588.0,598.0,2938,598.0,2026-09-03T19:34:18.631078+00:00
2023-02-07,595.0,630.0,595.0,629.9,5541,629.9,2026-09-03T19:34:18.631078+00:00
2023-02-08,620.0,660.0,620.0,633.0,10712,633.0,2026-09-03T19:34:18.631078+00:00
2023-02-09,622.0,640.0,620.0,638.0,8108,638.0,2026-09-03T19:34:18.631078+00:00
2023-02-12,637.0,638.0,614.5,616.0,4542,616.0,2026-09-03T19:34:18.631078+00:00
2023-02-14,605.0,618.0,602.0,609.0,5020,609.0,2026-09-03T19:34:18.631078+00:00
2023-02-15,600.0,610.0,597.0,605.0,4865,605.0,2026-09-03T19:34:18.631078+00:00
2023-02-16,598.1,613.0,592.1,600.0,3741,600.0,2026-09-03T19:34:18.631078+00:00
2023-02-20,589.0,593.9,582.0,585.1,4159,585.1,2026-09-03T19:34:18.631078+00:00
2023-02-22,589.0,593.0,581.0,586.3,2510,586.3,2026-09-03T19:34:18.631078+00:00
2023-02-23,575.0,575.2,527.7,528.0,17467,528.0,2026-09-03T19:34:18.631078+00:00
2023-02-26,522.0,559.8,500.0,545.0,6522,545.0,2026-09-03T19:34:18.631078+00:00
2023-02-27,555.9,555.9,521.0,529.0,7864,529.0,2026-09-03T19:34:18.631078+00:00
2023-02-28,523.0,531.0,510.1,522.1,3376,522.1,2026-09-03T19:34:18.631078+00:00
2023-03-01,530.0,530.0,512.0,521.9,7469,521.9,2026-09-03T19:34:18.631078+00:00
2023-03-02,516.0,516.0,503.0,503.0,6688,503.0,2026-09-03T19:34:18.631078+00:00
2023-03-05,502.0,509.9,488.1,488.1,2329,488.1,2026-09-03T19:34:18.631078+00:00
2023-03-07,480.0,496.0,480.0,490.0,3083,490.0,2026-09-03T19:34:18.631078+00:00
2023-03-09,495.0,508.0,494.0,508.0,4002,508.0,2026-09-03T19:34:18.631078+00:00
2023-03-12,500.0,504.9,495.0,498.1,2338,498.1,2026-09-03T19:34:18.631078+00:00
2023-03-13,500.0,500.0,488.2,488.2,1032,488.2,2026-09-03T19:34:18.631078+00:00
2023-03-14,490.0,496.0,485.0,495.0,1666,495.0,2026-09-03T19:34:18.631078+00:00
2023-03-15,487.1,488.0,478.1,482.5,3708,482.5,2026-09-03T19:34:18.631078+00:00
2023-03-16,480.0,480.1,470.4,473.0,2169,473.0,2026-09-03T19:34:18.631078+00:00
2023-03-19,465.0,486.9,465.0,484.0,3586,484.0,2026-09-03T19:34:18.631078+00:00
2023-03-20,488.9,491.0,474.4,491.0,2095,491.0,2026-09-03T19:34:18.631078+00:00
2023-03-22,496.0,496.7,482.0,485.0,3065,485.0,2026-09-03T19:34:18.631078+00:00
2023-03-23,490.0,490.0,475.0,476.0,2229,476.0,2026-09-03T19:34:18.631078+00:00
2023-03-26,471.0,471.0,459.7,468.8,2082,468.8,2026-09-03T19:34:18.631078+00:00
2023-03-27,472.0,476.5,435.6,465.0,4716,465.0,2026-09-03T19:34:18.631078+00:00
2023-03-28,470.0,483.5,457.1,480.0,4739,480.0,2026-09-03T19:34:18.631078+00:00
2023-03-29,470.4,479.0,461.0,479.0,2535,479.0,2026-09-03T19:34:18.631078+00:00
2023-03-30,478.0,478.0,470.0,471.1,738,471.1,2026-09-03T19:34:18.631078+00:00
2023-04-02,472.0,472.0,455.2,471.0,2112,471.0,2026-09-03T19:34:18.631078+00:00
2023-04-03,462.0,463.0,454.1,463.0,545,463.0,2026-09-03T19:34:18.631078+00:00
2023-04-04,457.0,469.9,455.0,464.0,1190,464.0,2026-09-03T19:34:18.631078+00:00
2023-04-05,469.0,469.9,458.7,464.0,579,464.0,2026-09-03T19:34:18.631078+00:00
2023-04-06,455.2,466.0,455.0,460.0,1862,460.0,2026-09-03T19:34:18.631078+00:00
2023-04-09,456.0,464.1,452.0,453.9,1255,453.9,2026-09-03T19:34:18.631078+00:00
2023-04-10,453.9,453.9,448.0,450.0,1066,450.0,2026-09-03T19:34:18.631078+00:00
2023-04-11,442.0,455.9,441.0,455.8,2275,455.8,2026-09-03T19:34:18.631078+00:00
2023-04-12,458.0,488.5,452.5,488.5,3222,488.5,2026-09-03T19:34:18.631078+00:00
2023-04-13,497.0,497.0,475.0,481.9,2152,481.9,2026-09-03T19:34:18.631078+00:00
2023-04-16,475.0,481.9,460.6,460.6,1945,460.6,2026-09-03T19:34:18.631078+00:00
2023-04-17,460.0,466.0,455.0,455.0,1685,455.0,2026-09-03T19:34:18.631078+00:00
2023-04-18,450.1,452.0,445.0,448.0,3130,448.0,2026-09-03T19:34:18.631078+00:00
2023-04-19,450.0,456.0,446.9,454.0,1600,454.0,2026-09-03T19:34:18.631078+00:00
2023-04-20,450.0,460.0,450.0,450.0,2763,450.0,2026-09-03T19:34:18.631078+00:00
2023-04-23,450.0,456.0,446.1,447.0,1059,447.0,2026-09-03T19:34:18.631078+00:00
2023-04-24,440.1,455.9,440.1,453.0,722,453.0,2026-09-03T19:34:18.631078+00:00
2023-04-25,450.1,454.0,444.6,445.1,1681,445.1,2026-09-03T19:34:18.631078+00:00
2023-04-26,452.0,460.0,445.1,454.8,1615,454.8,2026-09-03T19:34:18.631078+00:00
2023-04-27,446.0,454.0,446.0,446.0,926,446.0,2026-09-03T19:34:18.631078+00:00
2023-04-30,445.0,445.0,440.0,443.0,690,443.0,2026-09-03T19:34:18.631078+00:00
2023-05-02,445.1,446.0,440.2,445.0,714,445.0,2026-09-03T19:34:18.631078+00:00
2023-05-03,438.1,448.0,438.1,448.0,550,448.0,2026-09-03T19:34:18.631078+00:00
2023-05-04,443.1,449.0,441.0,449.0,1063,449.0,2026-09-03T19:34:18.631078+00:00
2023-05-07,440.4,445.0,440.0,440.0,1170,440.0,2026-09-03T19:34:18.631078+00:00
2023-05-08,440.0,446.0,432.0,435.0,1050,435.0,2026-09-03T19:34:18.631078+00:00
2023-05-09,435.0,440.0,435.0,438.0,400,438.0,2026-09-03T19:34:18.631078+00:00
2023-05-10,440.0,440.0,432.0,435.0,479,435.0,2026-09-03T19:34:18.631078+00:00
2023-05-11,430.0,438.0,430.0,438.0,1888,438.0,2026-09-03T19:34:18.631078+00:00
2023-05-14,435.0,435.0,427.0,433.0,2702,433.0,2026-09-03T19:34:18.631078+00:00
2023-05-15,430.0,439.0,430.0,439.0,724,439.0,2026-09-03T19:34:18.631078+00:00
2023-05-16,433.0,444.0,433.0,440.0,1824,440.0,2026-09-03T19:34:18.631078+00:00
2023-05-17,435.0,455.0,435.0,440.0,2890,440.0,2026-09-03T19:34:18.631078+00:00
2023-05-18,448.8,465.0,442.0,457.0,3690,457.0,2026-09-03T19:34:18.631078+00:00
2023-05-21,457.0,480.0,454.1,459.8,4001,459.8,2026-09-03T19:34:18.631078+00:00
2023-05-22,461.0,471.5,453.0,471.0,1643,471.0,2026-09-03T19:34:18.631078+00:00
2023-05-23,479.8,496.0,479.8,495.0,4682,495.0,2026-09-03T19:34:18.631078+00:00
2023-05-24,489.0,523.8,489.0,510.0,8030,510.0,2026-09-03T19:34:18.631078+00:00
2023-05-28,501.0,530.6,495.1,509.8,6748,509.8,2026-09-03T19:34:18.631078+00:00
2023-05-30,507.0,508.0,481.0,485.0,8498,485.0,2026-09-03T19:34:18.631078+00:00
2023-05-31,485.0,494.0,468.0,484.5,4548,484.5,2026-09-03T19:34:18.631078+00:00
2023-06-01,494.0,494.0,476.0,490.0,1367,490.0,2026-09-03T19:34:18.631078+00:00
2023-06-04,499.8,508.0,496.1,496.1,3021,496.1,2026-09-03T19:34:18.631078+00:00
2023-06-05,496.0,504.0,485.1,486.0,1935,486.0,2026-09-03T19:34:18.631078+00:00
2023-06-06,477.0,495.7,477.0,489.0,2051,489.0,2026-09-03T19:34:18.631078+00:00
2023-06-07,490.0,508.6,490.0,500.0,4858,500.0,2026-09-03T19:34:18.631078+00:00
2023-06-08,510.0,510.0,485.0,492.4,4365,492.4,2026-09-03T19:34:18.631078+00:00
2023-06-11,495.0,510.0,495.0,510.0,3952,510.0,2026-09-03T19:34:18.631078+00:00
2023-06-12,515.0,515.0,503.0,509.9,4497,509.9,2026-09-03T19:34:18.631078+00:00
2023-06-13,500.0,530.0,499.8,522.0,12266,522.0,2026-09-03T19:34:18.631078+00:00
2023-06-14,523.0,540.0,518.0,537.0,11211,537.0,2026-09-03T19:34:18.631078+00:00
2023-06-15,526.3,536.0,521.0,535.0,4819,535.0,2026-09-03T19:34:18.631078+00:00
2023-06-18,540.0,543.0,530.0,541.0,6198,541.0,2026-09-03T19:34:18.631078+00:00
2023-06-19,539.0,552.0,536.2,538.0,5997,538.0,2026-09-03T19:34:18.631078+00:00
2023-06-20,545.0,545.0,517.5,518.0,2501,518.0,2026-09-03T19:34:18.631078+00:00
2023-06-21,520.0,530.0,512.0,523.9,5192,523.9,2026-09-03T19:34:18.631078+00:00
2023-06-22,524.0,534.3,516.0,525.0,5930,525.0,2026-09-03T19:34:18.631078+00:00
2023-06-25,514.5,545.0,514.5,535.0,7467,535.0,2026-09-03T19:34:18.631078+00:00
2023-06-26,535.0,584.0,535.0,579.0,21208,579.0,2026-09-03T19:34:18.631078+00:00
2023-06-27,579.0,636.9,579.0,636.9,29293,636.9,2026-09-03T19:34:18.631078+00:00
2023-06-28,649.0,673.0,610.0,612.0,14826,612.0,2026-09-03T19:34:18.631078+00:00
2023-07-02,600.1,600.1,563.0,563.0,10198,563.0,2026-09-03T19:34:18.631078+00:00
2023-07-03,560.0,595.0,560.0,578.8,12601,578.8,2026-09-03T19:34:18.631078+00:00
2023-07-04,581.0,589.0,565.0,582.0,2812,582.0,2026-09-03T19:34:18.631078+00:00
2023-07-05,580.0,580.0,560.0,569.0,4835,569.0,2026-09-03T19:34:18.631078+00:00
2023-07-06,569.0,575.0,550.5,572.0,5537,572.0,2026-09-03T19:34:18.631078+00:00
2023-07-09,563.0,574.0,562.0,571.0,3540,571.0,2026-09-03T19:34:18.631078+00:00
2023-07-10,582.4,600.0,576.0,587.8,11137,587.8,2026-09-03T19:34:18.631078+00:00
2023-07-11,580.0,591.5,578.0,581.1,4952,581.1,2026-09-03T19:34:18.631078+00:00
2023-07-12,591.0,602.8,581.0,591.0,6484,591.0,2026-09-03T19:34:18.631078+00:00
2023-07-13,602.8,624.0,578.0,579.1,8439,579.1,2026-09-03T19:34:18.631078+00:00
2023-07-16,590.6,633.0,583.0,633.0,9816,633.0,2026-09-03T19:34:18.631078+00:00
2023-07-17,645.6,645.6,610.0,628.0,9467,628.0,2026-09-03T19:34:18.631078+00:00
2023-07-18,623.1,630.0,613.0,619.0,7557,619.0,2026-09-03T19:34:18.631078+00:00
2023-07-19,619.0,625.0,611.1,614.3,4373,614.3,2026-09-03T19:34:18.631078+00:00
2023-07-20,610.0,615.0,594.1,600.0,5749,600.0,2026-09-03T19:34:18.631078+00:00
2023-07-23,591.1,619.9,591.1,609.0,3265,609.0,2026-09-03T19:34:18.631078+00:00
2023-07-24,609.0,614.9,598.0,609.0,8104,609.0,2026-09-03T19:34:18.631078+00:00
2023-07-25,603.0,603.0,578.0,593.0,7367,593.0,2026-09-03T19:34:18.631078+00:00
2023-07-26,591.0,599.0,586.0,590.0,2465,590.0,2026-09-03T19:34:18.631078+00:00
2023-07-27,585.9,590.0,576.3,585.0,4185,585.0,2026-09-03T19:34:18.631078+00:00
2023-07-30,580.0,580.0,569.1,570.0,1124,570.0,2026-09-03T19:34:18.631078+00:00
2023-07-31,570.0,581.0,570.0,572.0,702,572.0,2026-09-03T19:34:18.631078+00:00
2023-08-01,574.0,575.0,562.0,562.1,1842,562.1,2026-09-03T19:34:18.631078+00:00
2023-08-02,553.0,561.0,548.3,561.0,4075,561.0,2026-09-03T19:34:18.631078+00:00
2023-08-03,551.1,562.1,551.1,554.0,1435,554.0,2026-09-03T19:34:18.631078+00:00
2023-08-06,554.5,558.0,535.0,535.0,2310,535.0,2026-09-03T19:34:18.631078+00:00
2023-08-07,534.1,545.7,534.1,537.0,1297,537.0,2026-09-03T19:34:18.631078+00:00
2023-08-08,537.0,538.0,527.5,534.0,4045,534.0,2026-09-03T19:34:18.631078+00:00
2023-08-09,524.0,566.1,520.0,566.1,1948,566.1,2026-09-03T19:34:18.631078+00:00
2023-08-10,555.0,565.0,541.0,541.0,2454,541.0,2026-09-03T19:34:18.631078+00:00
2023-08-13,532.0,546.0,532.0,536.5,970,536.5,2026-09-03T19:34:18.631078+00:00
2023-08-14,540.0,541.0,528.6,530.0,1085,530.0,2026-09-03T19:34:18.631078+00:00
2023-08-15,520.0,525.0,519.0,519.0,1293,519.0,2026-09-03T19:34:18.631078+00:00
2023-08-16,509.0,519.0,509.0,514.0,1322,514.0,2026-09-03T19:34:18.631078+00:00
2023-08-17,520.0,524.2,514.0,520.0,1013,520.0,2026-09-03T19:34:18.631078+00:00
2023-08-20,530.0,530.4,514.0,514.0,1586,514.0,2026-09-03T19:34:18.631078+00:00
2023-08-21,513.0,515.0,505.0,515.0,3509,515.0,2026-09-03T19:34:18.631078+00:00
2023-08-22,519.0,519.1,509.0,519.0,900,519.0,2026-09-03T19:34:18.631078+00:00
2023-08-23,528.0,528.0,518.1,525.0,625,525.0,2026-09-03T19:34:18.631078+00:00
2023-08-24,525.0,525.0,514.5,520.0,1180,520.0,2026-09-03T19:34:18.631078+00:00
2023-08-27,510.0,510.0,502.0,505.0,1313,505.0,2026-09-03T19:34:18.631078+00:00
2023-08-28,505.0,510.0,500.5,508.0,1051,508.0,2026-09-03T19:34:18.631078+00:00
2023-08-29,502.0,510.0,498.0,500.1,1973,500.1,2026-09-03T19:34:18.631078+00:00
2023-08-30,495.0,500.0,495.0,499.9,1327,499.9,2026-09-03T19:34:18.631078+00:00
2023-09-03,509.0,509.0,485.0,485.0,1512,485.0,2026-09-03T19:34:18.631078+00:00
2023-09-04,494.7,494.7,480.0,489.0,1250,489.0,2026-09-03T19:34:18.631078+00:00
2023-09-05,483.0,490.0,483.0,484.0,920,484.0,2026-09-03T19:34:18.631078+00:00
2023-09-07,484.5,484.5,474.4,483.0,2186,483.0,2026-09-03T19:34:18.631078+00:00
2023-09-10,474.5,502.4,474.5,489.8,637,489.8,2026-09-03T19:34:18.631078+00:00
2023-09-11,495.0,509.0,495.0,500.2,1960,500.2,2026-09-03T19:34:18.631078+00:00
2023-09-12,493.1,494.5,484.0,489.0,1783,489.0,2026-09-03T19:34:18.631078+00:00
2023-09-13,482.0,502.0,482.0,502.0,1695,502.0,2026-09-03T19:34:18.631078+00:00
2023-09-17,495.0,497.0,487.0,494.0,1354,494.0,2026-09-03T19:34:18.631078+00:00
2023-09-18,484.2,493.5,484.2,487.5,483,487.5,2026-09-03T19:34:18.631078+00:00
2023-09-19,484.0,507.0,484.0,507.0,2815,507.0,2026-09-03T19:34:18.631078+00:00
2023-09-21,507.0,523.0,507.0,520.0,4006,520.0,2026-09-03T19:34:18.631078+00:00
2023-09-24,510.1,527.0,510.0,511.0,5601,511.0,2026-09-03T19:34:18.631078+00:00
2023-09-25,505.0,521.2,505.0,506.0,3802,506.0,2026-09-03T19:34:18.631078+00:00
2023-09-26,506.0,525.0,500.0,525.0,9872,525.0,2026-09-03T19:34:18.631078+00:00
2023-09-27,525.0,525.0,510.0,522.2,3401,522.2,2026-09-03T19:34:18.631078+00:00
2023-10-01,512.0,515.0,502.0,508.0,1815,508.0,2026-09-03T19:34:18.631078+00:00
2023-10-02,510.0,516.9,491.1,509.0,1515,509.0,2026-09-03T19:34:18.631078+00:00
2023-10-03,498.9,510.0,492.2,497.7,1061,497.7,2026-09-03T19:34:18.631078+00:00
2023-10-04,507.6,507.6,496.0,500.0,1726,500.0,2026-09-03T19:34:18.631078+00:00
2023-10-05,493.0,500.0,493.0,499.5,1174,499.5,2026-09-03T19:34:18.631078+00:00
2023-10-08,490.1,499.0,487.0,487.0,1968,487.0,2026-09-03T19:34:18.631078+00:00
2023-10-09,485.0,495.5,480.0,490.0,3759,490.0,2026-09-03T19:34:18.631078+00:00
2023-10-10,485.0,490.0,481.0,490.0,785,490.0,2026-09-03T19:34:18.631078+00:00
2023-10-11,480.2,495.0,480.0,495.0,815,495.0,2026-09-03T19:34:18.631078+00:00
2023-10-12,485.2,485.2,478.0,485.0,2537,485.0,2026-09-03T19:34:18.631078+00:00
2023-10-16,475.4,475.4,468.0,470.0,1400,470.0,2026-09-03T19:34:18.631078+00:00
2023-10-17,479.4,488.8,472.0,472.1,1288,472.1,2026-09-03T19:34:18.631078+00:00
2023-10-18,470.0,498.3,470.0,488.0,592,488.0,2026-09-03T19:34:18.631078+00:00
2023-10-19,489.0,489.0,480.0,488.0,1197,488.0,2026-09-03T19:34:18.631078+00:00
2023-10-29,479.0,488.0,475.0,488.0,2230,488.0,2026-09-03T19:34:18.631078+00:00
2023-10-30,480.0,487.0,479.0,485.0,657,485.0,2026-09-03T19:34:18.631078+00:00
2023-10-31,483.0,484.6,480.0,484.6,390,484.6,2026-09-03T19:34:18.631078+00:00
2023-11-01,480.0,484.0,475.1,484.0,531,484.0,2026-09-03T19:34:18.631078+00:00
2023-11-02,475.0,484.3,470.0,480.0,2860,480.0,2026-09-03T19:34:18.631078+00:00
2023-11-05,470.4,478.7,470.4,478.7,480,478.7,2026-09-03T19:34:18.631078+00:00
2023-11-06,470.0,487.0,470.0,486.0,845,486.0,2026-09-03T19:34:18.631078+00:00
2023-11-07,486.0,495.0,477.0,483.0,522,483.0,2026-09-03T19:34:18.631078+00:00
2023-11-08,483.0,485.0,473.4,484.8,668,484.8,2026-09-03T19:34:18.631078+00:00
2023-11-09,485.0,485.0,471.0,471.0,776,471.0,2026-09-03T19:34:18.631078+00:00
2023-11-20,472.1,473.0,440.1,456.0,3490,456.0,2026-09-03T19:34:18.631078+00:00
2023-11-21,450.0,465.0,447.0,454.0,560,454.0,2026-09-03T19:34:18.631078+00:00
2023-11-22,460.0,460.0,451.0,460.0,1054,460.0,2026-09-03T19:34:18.631078+00:00
2023-11-23,461.9,469.0,451.7,463.0,1144,463.0,2026-09-03T19:34:18.631078+00:00
2023-11-26,463.0,473.0,461.1,473.0,1893,473.0,2026-09-03T19:34:18.631078+00:00
2023-11-27,473.0,474.0,467.0,467.0,770,467.0,2026-09-03T19:34:18.631078+00:00
2023-11-28,465.0,467.0,458.0,464.0,1235,464.0,2026-09-03T19:34:18.631078+00:00
2023-11-29,461.0,461.0,447.0,447.0,2091,447.0,2026-09-03T19:34:18.631078+00:00
2023-11-30,447.0,447.0,443.1,446.0,2405,446.0,2026-09-03T19:34:18.631078+00:00
2023-12-03,450.0,455.0,440.0,453.0,1950,453.0,2026-09-03T19:34:18.631078+00:00
2023-12-04,460.0,460.0,446.1,450.9,565,450.9,2026-09-03T19:34:18.631078+00:00
2023-12-05,445.0,448.9,440.0,446.9,1544,446.9,2026-09-03T19:34:18.631078+00:00
2023-12-06,440.0,450.0,438.0,450.0,5906,450.0,2026-09-03T19:34:18.631078+00:00
2023-12-07,456.0,457.0,447.0,456.9,3459,456.9,2026-09-03T19:34:18.631078+00:00
2023-12-10,466.0,484.8,466.0,484.8,3280,484.8,2026-09-03T19:34:18.631078+00:00
2023-12-11,494.4,513.0,484.8,500.0,13863,500.0,2026-09-03T19:34:18.631078+00:00
2023-12-12,500.0,529.9,500.0,520.0,8158,520.0,2026-09-03T19:34:18.631078+00:00
2023-12-13,520.0,530.4,499.9,518.0,5674,518.0,2026-09-03T19:34:18.631078+00:00
2023-12-14,508.0,525.0,508.0,510.0,4375,510.0,2026-09-03T19:34:18.631078+00:00
2023-12-17,510.0,520.2,502.0,520.2,7961,520.2,2026-09-03T19:34:18.631078+00:00
2023-12-18,530.0,558.9,530.0,543.0,14240,543.0,2026-09-03T19:34:18.631078+00:00
2023-12-19,543.0,570.0,543.0,570.0,10351,570.0,2026-09-03T19:34:18.631078+00:00
2023-12-20,575.0,597.7,560.1,597.7,14447,597.7,2026-09-03T19:34:18.631078+00:00
2023-12-21,598.0,599.0,557.0,557.0,12456,557.0,2026-09-03T19:34:18.631078+00:00
2023-12-24,558.0,568.1,543.0,545.0,6485,545.0,2026-09-03T19:34:18.631078+00:00
2023-12-27,538.0,555.0,537.0,542.0,8470,542.0,2026-09-03T19:34:18.631078+00:00
2023-12-28,542.1,550.0,535.0,539.0,4939,539.0,2026-09-03T19:34:18.631078+00:00
2024-01-01,549.7,583.2,549.7,556.0,14716,556.0,2026-09-03T19:34:18.631078+00:00
2024-01-02,545.0,578.3,534.3,540.0,9255,540.0,2026-09-03T19:34:18.631078+00:00
2024-01-03,545.0,546.0,534.1,544.0,2468,544.0,2026-09-03T19:34:18.631078+00:00
2024-01-04,537.0,554.0,537.0,538.6,6323,538.6,2026-09-03T19:34:18.631078+00:00
2024-01-07,528.0,540.0,528.0,530.0,3905,530.0,2026-09-03T19:34:18.631078+00:00
2024-01-08,540.6,551.4,526.1,536.6,5626,536.6,2026-09-03T19:34:18.631078+00:00
2024-01-09,547.3,569.0,545.0,548.0,7215,548.0,2026-09-03T19:34:18.631078+00:00
2024-01-10,558.5,581.0,555.3,570.0,20009,570.0,2026-09-03T19:34:18.631078+00:00
2024-01-11,581.4,581.4,564.0,575.0,11231,575.0,2026-09-03T19:34:18.631078+00:00
2024-01-14,575.0,603.9,566.0,600.0,29356,600.0,2026-09-03T19:34:18.631078+00:00
2024-01-16,611.0,618.1,603.0,606.0,11750,606.0,2026-09-03T19:34:18.631078+00:00
2024-01-17,617.0,621.4,582.0,585.0,19118,585.0,2026-09-03T19:34:18.631078+00:00
2024-01-18,580.0,590.0,570.0,575.0,10837,575.0,2026-09-03T19:34:18.631078+00:00
2024-01-21,575.0,586.5,566.1,580.0,6765,580.0,2026-09-03T19:34:18.631078+00:00
2024-01-22,571.0,574.0,557.0,560.0,6765,560.0,2026-09-03T19:34:18.631078+00:00
2024-01-23,571.2,593.0,548.0,561.0,8123,561.0,2026-09-03T19:34:18.631078+00:00
2024-01-24,562.0,573.0,536.0,559.0,5410,559.0,2026-09-03T19:34:18.631078+00:00
2024-01-25,568.9,568.9,542.0,554.0,5120,554.0,2026-09-03T19:34:18.631078+00:00
2024-01-28,544.0,557.0,540.0,551.0,3181,551.0,2026-09-03T19:34:18.631078+00:00
2024-01-29,547.1,565.0,547.1,558.0,3642,558.0,2026-09-03T19:34:18.631078+00:00
2024-01-30,558.0,569.0,547.2,560.0,4911,560.0,2026-09-03T19:34:18.631078+00:00
2024-01-31,560.0,560.0,542.0,545.0,5636,545.0,2026-09-03T19:34:18.631078+00:00
2024-02-01,535.0,555.0,534.0,534.5,4248,534.5,2026-09-03T19:34:18.631078+00:00
2024-02-04,526.1,549.2,524.0,544.5,5215,544.5,2026-09-03T19:34:18.631078+00:00
2024-02-05,545.0,560.0,538.0,560.0,3042,560.0,2026-09-03T19:34:18.631078+00:00
2024-02-06,552.0,578.3,552.0,561.0,4961,561.0,2026-09-03T19:34:18.631078+00:00
2024-02-07,556.1,564.8,555.0,560.0,4006,560.0,2026-09-03T19:34:18.631078+00:00
2024-02-08,554.0,569.0,550.0,569.0,5801,569.0,2026-09-03T19:34:18.631078+00:00
2024-02-11,580.0,603.0,566.3,570.0,13201,570.0,2026-09-03T19:34:18.631078+00:00
2024-02-12,560.0,581.0,560.0,576.0,6366,576.0,2026-09-03T19:34:18.631078+00:00
2024-02-13,570.0,572.0,555.0,564.9,6380,564.9,2026-09-03T19:34:18.631078+00:00
2024-02-14,570.0,570.0,558.0,569.0,1580,569.0,2026-09-03T19:34:18.631078+00:00
2024-02-15,557.7,563.0,555.0,562.0,3144,562.0,2026-09-03T19:34:18.631078+00:00
2024-02-18,560.0,560.0,545.0,550.0,2213,550.0,2026-09-03T19:34:18.631078+00:00
2024-02-20,539.2,550.0,538.0,545.0,2953,545.0,2026-09-03T19:34:18.631078+00:00
2024-02-21,555.0,555.0,533.0,533.0,3511,533.0,2026-09-03T19:34:18.631078+00:00
2024-02-22,523.0,561.8,523.0,561.8,4314,561.8,2026-09-03T19:34:18.631078+00:00
2024-02-25,551.0,551.0,530.0,530.0,3512,530.0,2026-09-03T19:34:18.631078+00:00
2024-02-26,532.0,540.0,528.3,537.0,1744,537.0,2026-09-03T19:34:18.631078+00:00
2024-02-27,537.0,544.0,527.0,544.0,4882,544.0,2026-09-03T19:34:18.631078+00:00
2024-02-28,534.2,540.0,534.2,535.0,717,535.0,2026-09-03T19:34:18.631078+00:00
2024-02-29,530.0,530.0,525.0,527.0,1598,527.0,2026-09-03T19:34:18.631078+00:00
2024-03-03,517.2,534.0,517.2,530.0,2773,530.0,2026-09-03T19:34:18.631078+00:00
2024-03-04,540.6,551.4,540.6,551.4,20,551.4,2026-09-03T19:34:18.631078+00:00
2024-03-05,562.4,562.4,530.0,530.0,1252,530.0,2026-09-03T19:34:18.631078+00:00
2024-03-06,539.0,551.0,521.2,533.1,2360,533.1,2026-09-03T19:34:18.631078+00:00
2024-03-07,543.7,553.0,532.0,538.0,1525,538.0,2026-09-03T19:34:18.631078+00:00
2024-03-10,548.7,573.9,541.0,567.0,10457,567.0,2026-09-03T19:34:18.631078+00:00
2024-03-12,578.0,595.0,577.0,591.0,21371,591.0,2026-09-03T19:34:18.631078+00:00
2024-03-13,600.0,612.0,590.0,600.0,27578,600.0,2026-09-03T19:34:18.631078+00:00
2024-03-14,590.0,606.9,581.0,590.0,14015,590.0,2026-09-03T19:34:18.631078+00:00
2024-03-17,590.0,608.5,590.0,597.0,10086,597.0,2026-09-03T19:34:18.631078+00:00
2024-03-18,586.1,600.0,586.1,591.0,4748,591.0,2026-09-03T19:34:18.631078+00:00
2024-03-19,586.2,620.0,586.2,614.0,27896,614.0,2026-09-03T19:34:18.631078+00:00
2024-03-20,624.0,661.0,622.0,649.0,75615,649.0,2026-09-03T19:34:18.631078+00:00
2024-03-21,660.0,660.0,637.1,641.0,14471,641.0,2026-09-03T19:34:18.631078+00:00
2024-03-25,630.0,636.5,615.0,623.0,22374,623.0,2026-09-03T19:34:18.631078+00:00
2024-03-26,624.0,632.0,620.0,623.7,8318,623.7,2026-09-03T19:34:18.631078+00:00
2024-03-27,620.0,627.0,610.0,610.2,18858,610.2,2026-09-03T19:34:18.631078+00:00
2024-03-28,615.0,622.2,607.0,619.0,7786,619.0,2026-09-03T19:34:18.631078+00:00
2024-03-31,618.0,623.0,608.0,608.0,7645,608.0,2026-09-03T19:34:18.631078+00:00
2024-04-01,609.0,616.0,609.0,614.0,3766,614.0,2026-09-03T19:34:18.631078+00:00
2024-04-02,610.1,641.9,610.1,635.0,14622,635.0,2026-09-03T19:34:18.631078+00:00
2024-04-03,635.0,656.8,632.0,645.0,25291,645.0,2026-09-03T19:34:18.631078+00:00
2024-04-04,645.0,667.0,645.0,659.0,33898,659.0,2026-09-03T19:34:18.631078+00:00
2024-04-07,660.0,664.0,650.0,650.0,20472,650.0,2026-09-03T19:34:18.631078+00:00
2024-04-09,663.0,689.0,640.0,649.9,21704,649.9,2026-09-03T19:34:18.631078+00:00
2024-04-10,655.0,655.0,622.0,626.0,19444,626.0,2026-09-03T19:34:18.631078+00:00
2024-04-14,634.0,651.0,627.0,635.0,8928,635.0,2026-09-03T19:34:18.631078+00:00
2024-04-15,644.9,655.0,635.0,636.0,9265,636.0,2026-09-03T19:34:18.631078+00:00
2024-04-16,628.1,635.9,628.0,628.0,1876,628.0,2026-09-03T19:34:18.631078+00:00
2024-04-18,616.1,630.0,610.8,621.0,7899,621.0,2026-09-03T19:34:18.631078+00:00
2024-04-21,612.1,628.8,612.1,625.9,3979,625.9,2026-09-03T19:34:18.631078+00:00
2024-04-22,637.9,637.9,610.0,610.0,4805,610.0,2026-09-03T19:34:18.631078+00:00
2024-04-24,611.0,616.1,604.1,611.9,5369,611.9,2026-09-03T19:34:18.631078+00:00
2024-04-25,607.1,622.0,600.0,610.0,7634,610.0,2026-09-03T19:34:18.631078+00:00
2024-04-28,605.0,628.0,605.0,627.9,4967,627.9,2026-09-03T19:34:18.631078+00:00
2024-04-29,625.1,628.0,612.0,620.0,5448,620.0,2026-09-03T19:34:18.631078+00:00
2024-04-30,620.0,641.9,615.0,639.9,7200,639.9,2026-09-03T19:34:18.631078+00:00
2024-05-02,644.0,681.0,641.0,670.1,49225,670.1,2026-09-03T19:34:18.631078+00:00
2024-05-05,680.0,713.0,673.0,685.2,68125,685.2,2026-09-03T19:34:18.631078+00:00
2024-05-06,685.0,695.0,675.0,675.0,48307,675.0,2026-09-03T19:34:18.631078+00:00
2024-05-07,685.0,708.0,678.0,694.0,23465,694.0,2026-09-03T19:34:18.631078+00:00
2024-05-08,704.4,757.8,695.0,751.0,97964,751.0,2026-09-03T19:34:18.631078+00:00
2024-05-09,754.0,780.0,736.2,763.0,60982,763.0,2026-09-03T19:34:18.631078+00:00
2024-05-12,763.0,776.9,741.0,773.0,56322,773.0,2026-09-03T19:34:18.631078+00:00
2024-05-13,765.0,785.0,758.0,784.8,35618,784.8,2026-09-03T19:34:18.631078+00:00
2024-05-14,800.4,820.0,785.0,804.6,85082,804.6,2026-09-03T19:34:18.631078+00:00
2024-05-15,819.9,820.0,770.0,778.0,47115,778.0,2026-09-03T19:34:18.631078+00:00
2024-05-16,771.0,811.0,765.0,800.0,63354,800.0,2026-09-03T19:34:18.631078+00:00
2024-05-19,791.0,810.1,784.0,798.0,37855,798.0,2026-09-03T19:34:18.631078+00:00
2024-05-20,798.0,810.0,775.0,780.0,24024,780.0,2026-09-03T19:34:18.631078+00:00
2024-05-21,780.0,790.0,770.0,782.2,23058,782.2,2026-09-03T19:34:18.631078+00:00
2024-05-22,784.9,789.0,761.2,767.9,19800,767.9,2026-09-03T19:34:18.631078+00:00
2024-05-26,783.2,783.2,750.0,755.9,24861,755.9,2026-09-03T19:34:18.631078+00:00
2024-05-27,766.0,769.0,751.6,757.0,9055,757.0,2026-09-03T19:34:18.631078+00:00
2024-05-29,772.1,777.0,745.0,752.8,20033,752.8,2026-09-03T19:34:18.631078+00:00
2024-05-30,738.1,759.0,738.1,750.0,14139,750.0,2026-09-03T19:34:18.631078+00:00
2024-06-02,750.0,757.0,744.0,754.0,11794,754.0,2026-09-03T19:34:18.631078+00:00
2024-06-03,759.0,788.0,745.0,769.9,26196,769.9,2026-09-03T19:34:18.631078+00:00
2024-06-04,785.0,791.9,768.0,770.0,22602,770.0,2026-09-03T19:34:18.631078+00:00
2024-06-05,770.0,783.1,770.0,774.0,24873,774.0,2026-09-03T19:34:18.631078+00:00
2024-06-06,789.0,800.0,772.0,795.0,58471,795.0,2026-09-03T19:34:18.631078+00:00
2024-06-09,795.0,799.0,770.0,775.0,25425,775.0,2026-09-03T19:34:18.631078+00:00
2024-06-10,766.0,785.0,765.0,784.7,25583,784.7,2026-09-03T19:34:18.631078+00:00
2024-06-11,800.3,800.3,780.0,790.0,24055,790.0,2026-09-03T19:34:18.631078+00:00
2024-06-12,795.0,827.0,785.0,815.0,64169,815.0,2026-09-03T19:34:18.631078+00:00
2024-06-13,816.0,829.9,800.1,812.2,42109,812.2,2026-09-03T19:34:18.631078+00:00
2024-06-16,812.2,812.2,791.0,798.0,20587,798.0,2026-09-03T19:34:18.631078+00:00
2024-06-18,783.0,790.0,772.0,777.0,25358,777.0,2026-09-03T19:34:18.631078+00:00
2024-06-19,788.8,788.8,770.0,779.0,13191,779.0,2026-09-03T19:34:18.631078+00:00
2024-06-20,780.0,781.0,768.0,770.0,11630,770.0,2026-09-03T19:34:18.631078+00:00
2024-06-23,770.0,770.0,755.0,756.0,11433,756.0,2026-09-03T19:34:18.631078+00:00
2024-06-24,767.0,785.0,758.0,782.0,15082,782.0,2026-09-03T19:34:18.631078+00:00
2024-06-25,787.0,795.0,781.0,790.0,9707,790.0,2026-09-03T19:34:18.631078+00:00
2024-06-26,799.0,800.0,775.0,775.0,10949,775.0,2026-09-03T19:34:18.631078+00:00
2024-06-27,765.3,773.0,762.0,762.0,6180,762.0,2026-09-03T19:34:18.631078+00:00
2024-06-30,756.5,764.0,751.0,758.0,8060,758.0,2026-09-03T19:34:18.631078+00:00
2024-07-01,765.0,773.5,751.0,765.0,6190,765.0,2026-09-03T19:34:18.631078+00:00
2024-07-02,780.3,811.0,770.1,783.5,12743,783.5,2026-09-03T19:34:18.631078+00:00
2024-07-03,770.2,783.4,770.0,783.4,6352,783.4,2026-09-03T19:34:18.631078+00:00
2024-07-04,799.0,799.0,772.0,783.0,10593,783.0,2026-09-03T19:34:18.631078+00:00
2024-07-07,783.0,787.0,772.0,783.9,17887,783.9,2026-09-03T19:34:18.631078+00:00
2024-07-08,795.0,795.0,770.0,783.9,6094,783.9,2026-09-03T19:34:18.631078+00:00
2024-07-09,792.0,814.0,779.0,809.9,40716,809.9,2026-09-03T19:34:18.631078+00:00
2024-07-10,826.0,842.0,817.4,826.0,42164,826.0,2026-09-03T19:34:18.631078+00:00
2024-07-11,835.0,840.0,816.5,829.0,22258,829.0,2026-09-03T19:34:18.631078+00:00
2024-07-14,845.5,861.0,815.0,829.0,22886,829.0,2026-09-03T19:34:18.631078+00:00
2024-07-15,815.0,838.0,810.2,811.0,30922,811.0,2026-09-03T19:34:18.631078+00:00
2024-07-16,826.0,835.0,816.0,832.9,19470,832.9,2026-09-03T19:34:18.631078+00:00
2024-07-17,832.1,855.0,826.5,854.9,34715,854.9,2026-09-03T19:34:18.631078+00:00
2024-07-18,858.0,901.0,858.0,888.0,57440,888.0,2026-09-03T19:34:18.631078+00:00
2024-07-21,890.0,904.0,877.7,886.4,44081,886.4,2026-09-03T19:34:18.631078+00:00
2024-07-22,887.1,888.3,852.0,880.0,40134,880.0,2026-09-03T19:34:18.631078+00:00
2024-07-23,880.0,895.0,880.0,893.0,28217,893.0,2026-09-03T19:34:18.631078+00:00
2024-07-24,900.0,905.8,870.0,870.0,31099,870.0,2026-09-03T19:34:18.631078+00:00
2024-07-25,877.0,954.9,877.0,949.0,77828,949.0,2026-09-03T19:34:18.631078+00:00
2024-07-28,967.9,979.5,903.6,924.0,47709,924.0,2026-09-03T19:34:18.631078+00:00
2024-07-29,942.4,942.4,880.0,880.0,68123,880.0,2026-09-03T19:34:18.631078+00:00
2024-07-30,886.0,913.0,870.0,902.0,48002,902.0,2026-09-03T19:34:18.631078+00:00
2024-07-31,920.0,920.0,900.0,906.0,44115,906.0,2026-09-03T19:34:18.631078+00:00
2024-08-01,924.1,958.8,901.6,901.6,63651,901.6,2026-09-03T19:34:18.631078+00:00
2024-08-05,919.5,921.0,903.0,910.0,29704,910.0,2026-09-03T19:34:18.631078+00:00
2024-08-06,928.2,928.2,870.0,875.5,37392,875.5,2026-09-03T19:34:18.631078+00:00
2024-08-07,892.0,893.0,860.0,890.0,23112,890.0,2026-09-03T19:34:18.631078+00:00
2024-08-08,900.0,900.0,880.0,880.0,25208,880.0,2026-09-03T19:34:18.631078+00:00
2024-08-11,897.0,935.0,897.0,922.0,41556,922.0,2026-09-03T19:34:18.631078+00:00
2024-08-12,922.0,939.0,904.0,905.1,61910,905.1,2026-09-03T19:34:18.631078+00:00
2024-08-13,890.0,904.7,875.0,878.0,49104,878.0,2026-09-03T19:34:18.631078+00:00
2024-08-14,878.0,893.0,853.0,891.0,42897,891.0,2026-09-03T19:34:18.631078+00:00
2024-08-15,885.0,899.0,870.0,870.0,27856,870.0,2026-09-03T19:34:18.631078+00:00
2024-08-18,869.0,880.0,850.1,852.1,45495,852.1,2026-09-03T19:34:18.631078+00:00
2024-08-21,850.1,855.0,833.0,835.0,22003,835.0,2026-09-03T19:34:18.631078+00:00
2024-08-22,840.0,845.0,826.1,838.0,21109,838.0,2026-09-03T19:34:18.631078+00:00
2024-08-25,838.0,897.0,830.0,845.1,37479,845.1,2026-09-03T19:34:18.631078+00:00
2024-08-27,862.0,862.0,786.0,805.0,39184,805.0,2026-09-03T19:34:18.631078+00:00
2024-08-28,821.0,836.0,792.1,800.0,13433,800.0,2026-09-03T19:34:18.631078+00:00
2024-08-29,805.0,805.0,776.7,779.0,14742,779.0,2026-09-03T19:34:18.631078+00:00
2024-09-01,794.5,794.5,760.0,760.0,12817,760.0,2026-09-03T19:34:18.631078+00:00
2024-09-02,775.0,790.0,760.0,789.8,16237,789.8,2026-09-03T19:34:18.631078+00:00
2024-09-03,801.0,805.0,783.0,788.0,10476,788.0,2026-09-03T19:34:18.631078+00:00
2024-09-04,788.0,813.0,770.0,780.0,19260,780.0,2026-09-03T19:34:18.631078+00:00
2024-09-05,780.0,804.0,766.1,788.0,13811,788.0,2026-09-03T19:34:18.631078+00:00
2024-09-08,800.0,828.2,794.1,809.0,25280,809.0,2026-09-03T19:34:18.631078+00:00
2024-09-09,802.0,802.0,780.0,785.0,7459,785.0,2026-09-03T19:34:18.631078+00:00
2024-09-10,800.0,800.0,765.0,780.0,10184,780.0,2026-09-03T19:34:18.631078+00:00
2024-09-11,767.0,789.0,767.0,769.1,11321,769.1,2026-09-03T19:34:18.631078+00:00
2024-09-12,779.9,779.9,765.2,778.0,11070,778.0,2026-09-03T19:34:18.631078+00:00
2024-09-15,793.0,793.0,752.0,772.0,8583,772.0,2026-09-03T19:34:18.631078+00:00
2024-09-16,759.0,760.0,738.0,738.0,9710,738.0,2026-09-03T19:34:18.631078+00:00
2024-09-18,735.0,745.0,725.0,725.0,5140,725.0,2026-09-03T19:34:18.631078+00:00
2024-09-22,739.0,739.0,717.4,726.0,4935,726.0,2026-09-03T19:34:18.631078+00:00
2024-09-23,715.0,725.0,700.0,700.0,7581,700.0,2026-09-03T19:34:18.631078+00:00
2024-09-24,700.0,714.0,670.0,679.9,4748,679.9,2026-09-03T19:34:18.631078+00:00
2024-09-25,670.0,700.0,667.1,685.0,5709,685.0,2026-09-03T19:34:18.631078+00:00
2024-09-26,694.5,712.0,670.0,683.0,7034,683.0,2026-09-03T19:34:18.631078+00:00
2024-09-29,671.0,709.0,671.0,691.2,5766,691.2,2026-09-03T19:34:18.631078+00:00
2024-09-30,680.1,701.0,680.1,701.0,2682,701.0,2026-09-03T19:34:18.631078+00:00
2024-10-01,701.0,744.6,692.0,744.6,9577,744.6,2026-09-03T19:34:18.631078+00:00
2024-10-02,731.4,750.0,725.0,727.0,6612,727.0,2026-09-03T19:34:18.631078+00:00
2024-10-06,740.0,745.0,730.2,745.0,2290,745.0,2026-09-03T19:34:18.631078+00:00
2024-10-07,735.0,790.0,735.0,757.0,4605,757.0,2026-09-03T19:34:18.631078+00:00
2024-10-08,772.0,772.0,740.0,759.0,1447,759.0,2026-09-03T19:34:18.631078+00:00
2024-10-09,745.1,760.0,745.1,751.1,1697,751.1,2026-09-03T19:34:18.631078+00:00
2024-10-15,740.1,779.0,740.1,765.0,1144,765.0,2026-09-03T19:34:18.631078+00:00
2024-10-16,775.0,785.0,765.2,779.0,3598,779.0,2026-09-03T19:34:18.631078+00:00
2024-10-17,780.0,785.0,771.0,771.0,4303,771.0,2026-09-03T19:34:18.631078+00:00
2024-10-20,780.0,782.0,744.0,750.0,6539,750.0,2026-09-03T19:34:18.631078+00:00
2024-10-21,737.0,750.0,725.0,738.0,7213,738.0,2026-09-03T19:34:18.631078+00:00
2024-10-22,735.5,780.0,730.0,748.0,2498,748.0,2026-09-03T19:34:18.631078+00:00
2024-10-23,741.2,786.0,734.0,738.0,2618,738.0,2026-09-03T19:34:18.631078+00:00
2024-10-24,725.6,741.3,725.6,740.0,6642,740.0,2026-09-03T19:34:18.631078+00:00
2024-10-27,725.2,740.0,725.2,740.0,823,740.0,2026-09-03T19:34:18.631078+00:00
2024-10-28,732.0,757.5,732.0,750.9,3490,750.9,2026-09-03T19:34:18.631078+00:00
2024-10-29,760.0,785.0,760.0,778.0,15790,778.0,2026-09-03T19:34:18.631078+00:00
2024-10-30,775.0,790.5,775.0,782.0,11341,782.0,2026-09-03T19:34:18.631078+00:00
2024-11-05,794.0,794.0,785.0,789.0,3675,789.0,2026-09-03T19:34:18.631078+00:00
2024-11-06,803.9,803.9,775.0,780.0,5491,780.0,2026-09-03T19:34:18.631078+00:00
2024-11-10,782.0,796.0,782.0,789.0,6404,789.0,2026-09-03T19:34:18.631078+00:00
2024-11-11,803.9,826.2,795.0,815.0,21256,815.0,2026-09-03T19:34:18.631078+00:00
2024-11-12,822.0,840.0,808.6,815.0,14557,815.0,2026-09-03T19:34:18.631078+00:00
2024-11-13,830.0,831.0,815.0,824.9,14810,824.9,2026-09-03T19:34:18.631078+00:00
2024-11-14,815.0,842.0,815.0,835.0,13225,835.0,2026-09-03T19:34:18.631078+00:00
2024-11-17,840.0,877.0,840.0,877.0,55041,877.0,2026-09-03T19:34:18.631078+00:00
2024-11-19,890.0,895.0,835.0,836.0,32945,836.0,2026-09-03T19:34:18.631078+00:00
2024-11-20,820.0,846.0,820.0,840.0,13406,840.0,2026-09-03T19:34:18.631078+00:00
2024-11-21,850.0,850.1,823.4,826.0,26636,826.0,2026-09-03T19:34:18.631078+00:00
2024-11-24,827.0,835.0,812.0,826.0,10663,826.0,2026-09-03T19:34:18.631078+00:00
2024-11-25,835.9,835.9,811.0,819.0,7251,819.0,2026-09-03T19:34:18.631078+00:00
2024-11-26,835.3,835.3,815.0,828.0,5916,828.0,2026-09-03T19:34:18.631078+00:00
2024-11-27,844.5,844.5,821.0,832.0,7699,832.0,2026-09-03T19:34:18.631078+00:00
2024-11-28,832.1,836.0,816.0,822.0,12197,822.0,2026-09-03T19:34:18.631078+00:00
2024-12-01,815.0,828.0,807.0,828.0,11335,828.0,2026-09-03T19:34:18.631078+00:00
2024-12-02,830.0,832.0,817.0,817.0,13298,817.0,2026-09-03T19:34:18.631078+00:00
2024-12-03,817.0,831.0,817.0,818.2,8778,818.2,2026-09-03T19:34:18.631078+00:00
2024-12-04,834.5,834.5,807.0,812.6,4720,812.6,2026-09-03T19:34:18.631078+00:00
2024-12-05,828.8,828.8,800.1,800.1,7986,800.1,2026-09-03T19:34:18.631078+00:00
2024-12-08,795.0,795.0,777.0,777.1,10125,777.1,2026-09-03T19:34:18.631078+00:00
2024-12-09,782.1,789.5,765.0,778.0,6630,778.0,2026-09-03T19:34:18.631078+00:00
2024-12-10,775.1,786.0,775.0,776.2,4704,776.2,2026-09-03T19:34:18.631078+00:00
2024-12-11,776.0,800.1,775.2,785.1,5875,785.1,2026-09-03T19:34:18.631078+00:00
2024-12-12,800.0,805.0,781.0,781.0,10326,781.0,2026-09-03T19:34:18.631078+00:00
2024-12-16,766.0,785.7,760.0,785.7,7657,785.7,2026-09-03T19:34:18.631078+00:00
2024-12-17,771.0,788.0,761.1,782.0,2568,782.0,2026-09-03T19:34:18.631078+00:00
2024-12-18,797.0,797.0,770.0,779.0,4977,779.0,2026-09-03T19:34:18.631078+00:00
2024-12-19,778.0,784.0,766.3,774.0,5435,774.0,2026-09-03T19:34:18.631078+00:00
2024-12-22,784.0,784.0,750.3,759.0,2603,759.0,2026-09-03T19:34:18.631078+00:00
2024-12-23,758.0,765.0,750.1,765.0,2574,765.0,2026-09-03T19:34:18.631078+00:00
2024-12-24,760.0,785.0,760.0,775.0,5350,775.0,2026-09-03T19:34:18.631078+00:00
2024-12-26,770.0,790.5,770.0,770.0,5194,770.0,2026-09-03T19:34:18.631078+00:00
2024-12-29,760.0,795.0,760.0,766.1,5664,766.1,2026-09-03T19:34:18.631078+00:00
2024-12-31,766.0,768.1,749.0,766.0,6798,766.0,2026-09-03T19:34:18.631078+00:00
2025-01-01,751.0,769.0,751.0,762.9,6280,762.9,2026-09-03T19:34:18.631078+00:00
2025-01-02,750.1,756.5,750.1,753.0,3269,753.0,2026-09-03T19:34:18.631078+00:00
2025-01-05,767.9,767.9,753.6,764.0,2637,764.0,2026-09-03T19:34:18.631078+00:00
2025-01-06,779.0,779.0,754.1,774.0,3241,774.0,2026-09-03T19:34:18.631078+00:00
2025-01-07,760.0,779.9,760.0,776.9,5323,776.9,2026-09-03T19:34:18.631078+00:00
2025-01-08,790.0,811.0,780.0,804.0,18966,804.0,2026-09-03T19:34:18.631078+00:00
2025-01-09,804.0,804.0,788.2,790.0,3373,790.0,2026-09-03T19:34:18.631078+00:00
2025-01-12,780.0,794.0,767.0,788.0,2571,788.0,2026-09-03T19:34:18.631078+00:00
2025-01-13,794.9,794.9,760.0,775.0,2903,775.0,2026-09-03T19:34:18.631078+00:00
2025-01-15,785.0,785.0,755.0,758.0,4473,758.0,2026-09-03T19:34:18.631078+00:00
2025-01-16,773.0,773.0,755.1,757.0,2675,757.0,2026-09-03T19:34:18.631078+00:00
2025-01-19,750.0,772.0,750.0,772.0,5626,772.0,2026-09-03T19:34:18.631078+00:00
2025-01-20,787.4,790.0,773.0,788.0,3432,788.0,2026-09-03T19:34:18.631078+00:00
2025-01-21,775.2,788.0,775.2,781.9,2485,781.9,2026-09-03T19:34:18.631078+00:00
2025-01-22,781.9,790.0,767.1,790.0,10197,790.0,2026-09-03T19:34:18.631078+00:00
2025-01-23,799.9,799.9,777.4,779.5,6804,779.5,2026-09-03T19:34:18.631078+00:00
2025-01-26,795.0,795.5,783.0,783.0,5570,783.0,2026-09-03T19:34:18.631078+00:00
2025-01-27,772.1,790.0,772.1,785.0,8710,785.0,2026-09-03T19:34:18.631078+00:00
2025-01-28,785.0,810.0,780.0,807.0,18000,807.0,2026-09-03T19:34:18.631078+00:00
2025-02-02,823.0,887.7,823.0,887.7,71366,887.7,2026-09-03T19:34:18.631078+00:00
2025-02-03,905.4,940.0,875.0,890.0,49865,890.0,2026-09-03T19:34:18.631078+00:00
2025-02-04,900.0,918.0,866.2,879.0,24368,879.0,2026-09-03T19:34:18.631078+00:00
2025-02-05,883.9,883.9,864.0,866.0,25061,866.0,2026-09-03T19:34:18.631078+00:00
2025-02-06,878.0,882.0,852.0,858.0,19672,858.0,2026-09-03T19:34:18.631078+00:00
2025-02-09,865.0,874.0,860.0,874.0,21712,874.0,2026-09-03T19:34:18.631078+00:00
2025-02-10,879.0,890.9,872.0,875.9,16985,875.9,2026-09-03T19:34:18.631078+00:00
2025-02-11,885.0,899.9,885.0,895.0,27030,895.0,2026-09-03T19:34:18.631078+00:00
2025-02-12,900.0,925.0,895.0,900.1,21678,900.1,2026-09-03T19:34:18.631078+00:00
2025-02-13,905.0,905.0,885.1,891.5,20160,891.5,2026-09-03T19:34:18.631078+00:00
2025-02-16,891.5,915.5,886.0,913.2,37144,913.2,2026-09-03T19:34:18.631078+00:00
2025-02-17,925.0,949.9,925.0,940.1,57731,940.1,2026-09-03T19:34:18.631078+00:00
2025-02-18,949.0,950.0,925.0,926.0,41095,926.0,2026-09-03T19:34:18.631078+00:00
2025-02-20,939.9,940.0,923.0,927.0,18822,927.0,2026-09-03T19:34:18.631078+00:00
2025-02-23,909.0,920.0,890.0,914.0,25280,914.0,2026-09-03T19:34:18.631078+00:00
2025-02-24,919.0,924.0,898.0,911.0,29977,911.0,2026-09-03T19:34:18.631078+00:00
2025-02-25,912.0,915.0,899.0,903.9,9987,903.9,2026-09-03T19:34:18.631078+00:00
2025-02-27,921.0,939.4,890.0,891.0,19284,891.0,2026-09-03T19:34:18.631078+00:00
2025-03-02,908.8,980.1,908.8,949.0,56774,949.0,2026-09-03T19:34:18.631078+00:00
2025-03-03,967.9,987.0,931.0,932.5,27111,932.5,2026-09-03T19:34:18.631078+00:00
2025-03-04,915.4,933.0,895.9,899.0,33225,899.0,2026-09-03T19:34:18.631078+00:00
2025-03-05,890.0,932.0,881.1,889.0,21996,889.0,2026-09-03T19:34:18.631078+00:00
2025-03-06,899.9,900.0,888.0,894.0,15018,894.0,2026-09-03T19:34:18.631078+00:00
2025-03-09,887.0,890.0,862.0,864.0,17958,864.0,2026-09-03T19:34:18.631078+00:00
2025-03-10,879.9,879.9,858.0,860.0,14604,860.0,2026-09-03T19:34:18.631078+00:00
2025-03-11,855.0,864.9,838.0,843.0,12303,843.0,2026-09-03T19:34:18.631078+00:00
2025-03-12,840.0,867.0,832.1,849.0,11827,849.0,2026-09-03T19:34:18.631078+00:00
2025-03-16,835.0,867.0,835.0,836.1,4570,836.1,2026-09-03T19:34:18.631078+00:00
2025-03-17,837.0,850.0,822.0,834.0,12788,834.0,2026-09-03T19:34:18.631078+00:00
2025-03-18,838.0,843.9,821.0,824.1,3527,824.1,2026-09-03T19:34:18.631078+00:00
2025-03-19,820.0,833.0,815.0,818.0,6835,818.0,2026-09-03T19:34:18.631078+00:00
2025-03-20,820.0,830.0,818.0,820.32,6118,820.32,2026-09-03T19:34:18.631078+00:00
2025-03-23,815.0,817.0,795.0,799.97,13052,799.97,2026-09-03T19:34:18.631078+00:00
2025-03-24,790.0,819.7,784.5,815.59,5735,815.59,2026-09-03T19:34:18.631078+00:00
2025-03-25,799.5,803.0,785.0,785.38,13063,785.38,2026-09-03T19:34:18.631078+00:00
2025-03-26,785.0,805.0,785.0,799.19,5709,799.19,2026-09-03T19:34:18.631078+00:00
2025-03-27,799.0,847.9,799.0,837.56,10534,837.56,2026-09-03T19:34:18.631078+00:00
2025-03-30,838.0,865.0,830.0,839.52,18630,839.52,2026-09-03T19:34:18.631078+00:00
2025-04-01,841.1,841.1,820.0,832.79,8865,832.79,2026-09-03T19:34:18.631078+00:00
2025-04-02,832.0,850.0,825.0,830.41,6119,830.41,2026-09-03T19:34:18.631078+00:00
2025-04-03,815.5,844.6,815.5,834.08,5756,834.08,2026-09-03T19:34:18.631078+00:00
2025-04-07,834.0,840.0,823.0,836.32,6749,836.32,2026-09-03T19:34:18.631078+00:00
2025-04-08,820.5,825.0,818.0,824.96,4871,824.96,2026-09-03T19:34:18.631078+00:00
2025-04-09,812.2,841.0,812.2,827.69,5588,827.69,2026-09-03T19:34:18.631078+00:00
2025-04-10,815.0,845.0,815.0,830.81,3783,830.81,2026-09-03T19:34:18.631078+00:00
2025-04-13,840.0,840.0,816.2,817.73,3370,817.73,2026-09-03T19:34:18.631078+00:00
2025-04-15,820.0,839.9,817.5,835.71,3240,835.71,2026-09-03T19:34:18.631078+00:00
2025-04-16,849.0,849.0,823.0,829.61,2567,829.61,2026-09-03T19:34:18.631078+00:00
2025-04-17,830.0,844.0,830.0,831.25,4653,831.25,2026-09-03T19:34:18.631078+00:00
2025-04-20,830.0,835.0,821.1,826.25,3963,826.25,2026-09-03T19:34:18.631078+00:00
2025-04-21,819.0,837.9,819.0,833.05,3768,833.05,2026-09-03T19:34:18.631078+00:00
2025-04-22,833.0,840.0,820.0,823.35,4528,823.35,2026-09-03T19:34:18.631078+00:00
2025-04-23,820.0,824.9,805.0,808.85,4520,808.85,2026-09-03T19:34:18.631078+00:00
2025-04-24,796.2,810.0,796.2,805.07,5102,805.07,2026-09-03T19:34:18.631078+00:00
2025-04-27,800.0,811.0,790.0,791.98,11597,791.98,2026-09-03T19:34:18.631078+00:00
2025-04-28,790.0,800.0,777.3,781.07,7309,781.07,2026-09-03T19:34:18.631078+00:00
2025-04-29,775.0,789.0,766.0,770.71,7010,770.71,2026-09-03T19:34:18.631078+00:00
2025-04-30,755.3,788.0,755.3,770.06,4257,770.06,2026-09-03T19:34:18.631078+00:00
2025-05-04,785.0,785.0,769.0,770.0,4556,770.0,2026-09-03T19:34:18.631078+00:00
2025-05-05,773.5,800.0,773.5,793.98,4734,793.98,2026-09-03T19:34:18.631078+00:00
2025-05-06,799.9,800.8,785.2,798.67,3429,798.67,2026-09-03T19:34:18.631078+00:00
2025-05-07,790.0,815.0,785.0,812.52,5947,812.52,2026-09-03T19:34:18.631078+00:00
2025-05-08,797.1,812.8,791.0,794.3,6872,794.3,2026-09-03T19:34:18.631078+00:00
2025-05-11,787.0,810.0,787.0,792.7,4670,792.7,2026-09-03T19:34:18.631078+00:00
2025-05-13,793.0,795.0,778.2,779.07,4249,779.07,2026-09-03T19:34:18.631078+00:00
2025-05-14,794.6,799.9,779.0,780.58,4289,780.58,2026-09-03T19:34:18.631078+00:00
2025-05-15,771.3,785.0,770.5,777.7,3569,777.7,2026-09-03T19:34:18.631078+00:00
2025-05-18,770.2,806.6,770.2,796.22,8348,796.22,2026-09-03T19:34:18.631078+00:00
2025-05-19,797.0,807.9,781.0,792.42,3993,792.42,2026-09-03T19:34:18.631078+00:00
2025-05-20,778.0,799.9,778.0,796.93,2170,796.93,2026-09-03T19:34:18.631078+00:00
2025-05-21,810.0,825.0,787.0,791.28,9126,791.28,2026-09-03T19:34:18.631078+00:00
2025-05-22,799.0,835.0,793.0,830.17,23542,830.17,2026-09-03T19:34:18.631078+00:00
2025-05-25,830.0,850.6,830.0,840.1,12164,840.1,2026-09-03T19:34:18.631078+00:00
2025-05-26,849.0,860.0,827.3,834.85,20206,834.85,2026-09-03T19:34:18.631078+00:00
2025-05-27,819.0,828.0,812.0,815.63,8999,815.63,2026-09-03T19:34:18.631078+00:00
2025-05-28,800.5,821.0,800.5,817.34,3817,817.34,2026-09-03T19:34:18.631078+00:00
2025-06-02,822.0,837.7,821.1,824.06,4864,824.06,2026-09-03T19:34:18.631078+00:00
2025-06-03,815.0,820.0,796.5,801.64,4701,801.64,2026-09-03T19:34:18.631078+00:00
2025-06-04,801.0,803.0,786.0,792.1,6670,792.1,2026-09-03T19:34:18.631078+00:00
2025-06-05,799.0,800.0,785.0,788.16,4257,788.16,2026-09-03T19:34:18.631078+00:00
2025-06-08,800.0,800.0,773.0,777.2,8919,777.2,2026-09-03T19:34:18.631078+00:00
2025-06-09,775.1,785.0,775.0,780.82,6841,780.82,2026-09-03T19:34:18.631078+00:00
2025-06-10,775.0,794.0,772.0,790.74,9565,790.74,2026-09-03T19:34:18.631078+00:00
2025-06-11,780.0,802.0,780.0,782.56,6745,782.56,2026-09-03T19:34:18.631078+00:00
2025-06-12,780.0,790.0,773.0,777.04,7835,777.04,2026-09-03T19:34:18.631078+00:00
2025-06-15,766.1,790.0,766.1,777.37,6764,777.37,2026-09-03T19:34:18.631078+00:00
2025-06-16,780.0,792.9,772.1,791.62,6618,791.62,2026-09-03T19:34:18.631078+00:00
2025-06-17,782.0,817.0,782.0,805.61,12392,805.61,2026-09-03T19:34:18.631078+00:00
2025-06-18,804.0,805.0,788.6,793.49,10529,793.49,2026-09-03T19:34:18.631078+00:00
2025-06-19,780.0,792.0,778.0,784.2,4613,784.2,2026-09-03T19:34:18.631078+00:00
2025-06-22,799.0,820.0,776.7,780.52,14954,780.52,2026-09-03T19:34:18.631078+00:00
2025-06-23,795.0,795.0,780.0,783.63,2274,783.63,2026-09-03T19:34:18.631078+00:00
2025-06-24,799.0,799.0,782.2,789.75,3287,789.75,2026-09-03T19:34:18.631078+00:00
2025-06-25,794.9,798.5,782.0,783.77,2716,783.77,2026-09-03T19:34:18.631078+00:00
2025-06-26,781.0,794.9,780.0,780.83,4865,780.83,2026-09-03T19:34:18.631078+00:00
2025-06-29,780.0,810.0,780.0,803.36,10717,803.36,2026-09-03T19:34:18.631078+00:00
2025-06-30,813.0,813.0,788.0,805.92,9146,805.92,2026-09-03T19:34:18.631078+00:00
2025-07-01,803.0,830.0,801.0,822.91,14934,822.91,2026-09-03T19:34:18.631078+00:00
2025-07-02,822.0,835.0,818.2,831.18,7187,831.18,2026-09-03T19:34:18.631078+00:00
2025-07-03,819.0,823.0,818.3,820.15,4458,820.15,2026-09-03T19:34:18.631078+00:00
2025-07-06,816.0,828.0,812.2,815.16,7463,815.16,2026-09-03T19:34:18.631078+00:00
2025-07-07,805.1,821.0,800.1,809.17,6193,809.17,2026-09-03T19:34:18.631078+00:00
2025-07-08,810.0,821.2,793.1,813.77,7785,813.77,2026-09-03T19:34:18.631078+00:00
2025-07-09,813.77,820.0,800.6,815.01,4971,815.01,2026-09-03T19:34:18.631078+00:00
2025-07-10,831.0,831.0,816.0,826.42,12165,826.42,2026-09-03T19:34:18.631078+00:00
2025-07-13,842.0,875.0,842.0,861.53,36987,861.53,2026-09-03T19:34:18.631078+00:00
2025-07-14,850.0,865.9,840.0,840.75,7183,840.75,2026-09-03T19:34:18.631078+00:00
2025-07-15,840.0,854.4,838.0,848.06,8506,848.06,2026-09-03T19:34:18.631078+00:00
2025-07-16,843.1,865.0,843.0,849.92,13761,849.92,2026-09-03T19:34:18.631078+00:00
2025-07-17,841.0,874.0,841.0,866.37,19673,866.37,2026-09-03T19:34:18.631078+00:00
2025-07-20,872.0,883.0,849.1,853.36,25208,853.36,2026-09-03T19:34:18.631078+00:00
2025-07-21,869.8,882.0,851.0,878.08,21973,878.08,2026-09-03T19:34:18.631078+00:00
2025-07-22,890.0,936.0,890.0,932.61,45750,932.61,2026-09-03T19:34:18.631078+00:00
2025-07-23,932.0,940.0,895.2,911.95,25058,911.95,2026-09-03T19:34:18.631078+00:00
2025-07-24,930.0,930.0,885.0,898.96,20461,898.96,2026-09-03T19:34:18.631078+00:00
2025-07-27,910.0,918.0,888.0,892.06,45786,892.06,2026-09-03T19:34:18.631078+00:00
2025-07-28,890.0,896.0,876.0,894.34,20093,894.34,2026-09-03T19:34:18.631078+00:00
2025-07-29,911.9,950.0,900.0,925.75,49157,925.75,2026-09-03T19:34:18.631078+00:00
2025-07-30,925.0,930.5,890.0,890.7,27439,890.7,2026-09-03T19:34:18.631078+00:00
2025-07-31,908.5,908.5,880.0,883.46,16573,883.46,2026-09-03T19:34:18.631078+00:00
2025-08-03,873.2,886.0,855.0,856.34,20185,856.34,2026-09-03T19:34:18.631078+00:00
2025-08-04,860.1,867.0,836.0,861.49,15064,861.49,2026-09-03T19:34:18.631078+00:00
2025-08-05,866.9,885.0,835.0,852.07,13779,852.07,2026-09-03T19:34:18.631078+00:00
2025-08-06,850.0,874.9,850.0,865.98,13379,865.98,2026-09-03T19:34:18.631078+00:00
2025-08-07,860.6,869.0,858.0,858.8,9048,858.8,2026-09-03T19:34:18.631078+00:00
2025-08-11,860.0,860.0,840.0,841.69,8101,841.69,2026-09-03T19:34:18.631078+00:00
2025-08-12,842.0,842.0,831.0,836.17,5938,836.17,2026-09-03T19:34:18.631078+00:00
2025-08-13,850.0,852.8,825.0,827.39,5105,827.39,2026-09-03T19:34:18.631078+00:00
2025-08-14,843.0,876.0,815.0,816.33,9882,816.33,2026-09-03T19:34:18.631078+00:00
2025-08-17,825.0,825.0,800.0,800.3,12457,800.3,2026-09-03T19:34:18.631078+00:00
2025-08-18,800.1,812.0,800.1,806.53,5255,806.53,2026-09-03T19:34:18.631078+00:00
2025-08-19,819.6,819.6,800.0,800.71,5493,800.71,2026-09-03T19:34:18.631078+00:00
2025-08-20,805.0,810.0,795.2,795.99,3167,795.99,2026-09-03T19:34:18.631078+00:00
2025-08-21,798.5,798.5,785.0,786.75,4996,786.75,2026-09-03T19:34:18.631078+00:00
2025-08-24,792.0,792.0,780.1,781.84,4564,781.84,2026-09-03T19:34:18.631078+00:00
2025-08-25,797.3,813.0,775.1,789.91,9153,789.91,2026-09-03T19:34:18.631078+00:00
2025-08-26,775.1,799.0,775.1,780.21,8000,780.21,2026-09-03T19:34:18.631078+00:00
2025-08-27,780.0,793.9,780.0,791.02,9117,791.02,2026-09-03T19:34:18.631078+00:00
2025-08-28,783.0,789.0,776.0,776.51,8015,776.51,2026-09-03T19:34:18.631078+00:00
2025-08-31,791.9,791.9,764.5,765.87,8461,765.87,2026-09-03T19:34:18.631078+00:00
2025-09-01,760.0,774.0,760.0,771.81,2250,771.81,2026-09-03T19:34:18.631078+00:00
2025-09-02,780.0,780.0,767.0,767.62,7933,767.62,2026-09-03T19:34:18.631078+00:00
2025-09-03,765.0,773.0,762.0,763.46,2942,763.46,2026-09-03T19:34:18.631078+00:00
2025-09-04,756.0,770.0,755.1,768.12,4572,768.12,2026-09-03T19:34:18.631078+00:00
2025-09-07,782.0,783.1,757.2,759.8,5003,759.8,2026-09-03T19:34:18.631078+00:00
2025-09-08,774.0,774.0,746.2,753.93,4835,753.93,2026-09-03T19:34:18.631078+00:00
2025-09-18,738.9,738.9,724.2,724.2,30,724.2,2026-09-03T19:34:18.631078+00:00
2025-09-21,710.0,748.7,710.0,745.27,9433,745.27,2026-09-03T19:34:18.631078+00:00
2025-09-23,746.0,775.0,746.0,760.1,3484,760.1,2026-09-03T19:34:18.631078+00:00
2025-09-24,760.1,765.0,745.0,747.0,5350,747.0,2026-09-03T19:34:18.631078+00:00
2025-09-25,742.0,760.0,742.0,754.0,1922,754.0,2026-09-03T19:34:18.631078+00:00
2025-09-28,764.0,764.0,750.0,758.0,1448,758.0,2026-09-03T19:34:18.631078+00:00
2025-10-07,758.0,758.0,740.0,740.0,6095,740.0,2026-09-03T19:34:18.631078+00:00
2025-10-08,740.0,741.0,717.0,730.0,4654,730.0,2026-09-03T19:34:18.631078+00:00
2025-10-09,744.6,759.0,732.0,733.1,2776,733.1,2026-09-03T19:34:18.631078+00:00
2025-10-12,725.0,725.0,705.0,707.0,7284,707.0,2026-09-03T19:34:18.631078+00:00
2025-10-13,710.0,719.0,698.0,715.0,4001,715.0,2026-09-03T19:34:18.631078+00:00
2025-10-14,729.2,786.5,729.2,786.5,39875,786.5,2026-09-03T19:34:18.631078+00:00
2025-10-15,802.2,831.0,793.0,795.0,29502,795.0,2026-09-03T19:34:18.631078+00:00
2025-10-16,808.0,808.0,770.0,780.0,14510,780.0,2026-09-03T19:34:18.631078+00:00
2025-12-23,805.0,853.0,805.0,852.0,51250,852.0,2026-09-03T19:34:18.631078+00:00
2025-12-24,860.0,868.0,804.0,816.0,23436,816.0,2026-09-03T19:34:18.631078+00:00
2025-12-28,832.0,832.0,808.0,820.0,11861,820.0,2026-09-03T19:34:18.631078+00:00
2025-12-29,836.4,836.4,805.2,807.0,4702,807.0,2026-09-03T19:34:18.631078+00:00
2025-12-31,819.9,820.0,805.0,805.0,4683,805.0,2026-09-03T19:34:18.631078+00:00
2026-01-01,821.0,821.0,787.0,787.0,7210,787.0,2026-09-03T19:34:18.631078+00:00
2026-01-04,787.0,788.6,767.0,775.0,10331,775.0,2026-09-03T19:34:18.631078+00:00
2026-01-05,765.5,788.0,765.5,785.0,5380,785.0,2026-09-03T19:34:18.631078+00:00
2026-01-06,793.9,800.0,770.0,777.0,9881,777.0,2026-09-03T19:34:18.631078+00:00
2026-01-07,767.1,789.9,767.1,772.2,5560,772.2,2026-09-03T19:34:18.631078+00:00
2026-01-08,784.0,784.0,768.0,769.0,7224,769.0,2026-09-03T19:34:18.631078+00:00
2026-01-12,763.0,778.2,763.0,768.0,5790,768.0,2026-09-03T19:34:18.631078+00:00
2026-01-13,762.0,779.8,760.5,773.9,6480,773.9,2026-09-03T19:34:18.631078+00:00
2026-01-14,766.6,773.0,755.5,755.5,6369,755.5,2026-09-03T19:34:18.631078+00:00
2026-01-18,762.4,780.1,762.4,777.1,7853,777.1,2026-09-03T19:34:18.631078+00:00
2026-01-20,792.0,806.9,777.1,795.0,18212,795.0,2026-09-03T19:34:18.631078+00:00
2026-01-21,810.9,810.9,789.0,800.0,6740,800.0,2026-09-03T19:34:18.631078+00:00
2026-01-22,816.0,816.0,786.0,790.0,7279,790.0,2026-09-03T19:34:18.631078+00:00
2026-01-25,790.1,816.0,790.1,808.1,11466,808.1,2026-09-03T19:34:18.631078+00:00
2026-01-26,810.0,816.0,799.0,799.0,13754,799.0,2026-09-03T19:34:18.631078+00:00
2026-01-27,812.5,814.5,785.0,786.0,9343,786.0,2026-09-03T19:34:18.631078+00:00
2026-01-28,786.0,799.8,771.0,781.0,6104,781.0,2026-09-03T19:34:18.631078+00:00
2026-01-29,795.0,796.5,778.0,778.2,9449,778.2,2026-09-03T19:34:18.631078+00:00
2026-02-01,767.0,790.0,767.0,772.1,6279,772.1,2026-09-03T19:34:18.631078+00:00
2026-02-02,765.2,779.7,765.2,771.0,3120,771.0,2026-09-03T19:34:18.631078+00:00
2026-02-03,767.1,780.0,767.1,774.8,4631,774.8,2026-09-03T19:34:18.631078+00:00
2026-02-04,788.0,788.0,766.6,767.0,2995,767.0,2026-09-03T19:34:18.631078+00:00
2026-02-05,768.0,778.0,765.0,776.0,3800,776.0,2026-09-03T19:34:18.631078+00:00
2026-02-08,776.0,785.0,765.0,765.2,10517,765.2,2026-09-03T19:34:18.631078+00:00
2026-02-09,780.5,780.5,760.0,767.0,4565,767.0,2026-09-03T19:34:18.631078+00:00
2026-02-10,765.0,767.0,758.0,765.0,5095,765.0,2026-09-03T19:34:18.631078+00:00
2026-02-11,775.0,775.0,755.1,763.0,4340,763.0,2026-09-03T19:34:18.631078+00:00
2026-02-12,763.0,768.0,756.3,760.0,6892,760.0,2026-09-03T19:34:18.631078+00:00
2026-02-16,761.0,774.0,761.0,762.2,2101,762.2,2026-09-03T19:34:18.631078+00:00
2026-02-17,763.0,763.0,752.8,752.8,5980,752.8,2026-09-03T19:34:18.631078+00:00
2026-02-22,767.8,767.8,748.2,752.0,4438,752.0,2026-09-03T19:34:18.631078+00:00
2026-02-23,760.0,767.0,740.0,742.0,8577,742.0,2026-09-03T19:34:18.631078+00:00
2026-02-24,735.0,754.8,735.0,750.0,1088,750.0,2026-09-03T19:34:18.631078+00:00
2026-02-25,751.0,763.0,744.1,755.0,4502,755.0,2026-09-03T19:34:18.631078+00:00
2026-02-26,750.0,765.0,746.1,755.2,3294,755.2,2026-09-03T19:34:18.631078+00:00
2026-03-01,755.2,768.9,727.1,762.0,4111,762.0,2026-09-03T19:34:18.631078+00:00
2026-03-03,772.8,776.8,760.0,776.8,5124,776.8,2026-09-03T19:34:18.631078+00:00
2026-03-09,792.3,792.3,792.3,792.3,10,792.3,2026-09-03T19:34:18.631078+00:00
2026-03-10,808.1,823.0,792.3,800.0,24294,800.0,2026-09-03T19:34:18.631078+00:00
2026-03-11,800.0,808.0,787.0,800.0,8397,800.0,2026-09-03T19:34:18.631078+00:00
2026-03-12,800.0,810.0,790.1,804.0,9977,804.0,2026-09-03T19:34:18.631078+00:00
2026-03-15,796.0,810.0,790.0,796.0,8783,796.0,2026-09-03T19:34:18.631078+00:00
2026-03-16,793.1,802.0,783.2,789.0,8518,789.0,2026-09-03T19:34:18.631078+00:00
2026-03-17,789.0,789.0,777.0,785.0,1816,785.0,2026-09-03T19:34:18.631078+00:00
2026-03-19,799.8,799.8,782.2,796.9,10374,796.9,2026-09-03T19:34:18.631078+00:00
2026-03-22,808.0,843.8,800.0,835.9,33922,835.9,2026-09-03T19:34:18.631078+00:00
2026-03-23,835.9,844.5,819.2,825.0,12811,825.0,2026-09-03T19:34:18.631078+00:00
2026-03-24,825.0,833.8,815.1,820.0,12089,820.0,2026-09-03T19:34:18.631078+00:00
2026-03-25,820.0,824.8,813.0,813.0,18284,813.0,2026-09-03T19:34:18.631078+00:00
2026-03-26,813.0,816.8,801.2,814.0,11182,814.0,2026-09-03T19:34:18.631078+00:00
2026-03-29,804.5,815.0,800.0,800.0,15695,800.0,2026-09-03T19:34:18.631078+00:00
2026-03-30,800.0,802.9,781.1,795.0,10090,795.0,2026-09-03T19:34:18.631078+00:00
2026-03-31,803.0,803.0,776.2,795.0,5433,795.0,2026-09-03T19:34:18.631078+00:00
2026-04-01,781.0,790.0,770.0,779.0,4815,779.0,2026-09-03T19:34:18.631078+00:00
2026-04-02,775.1,781.3,765.0,775.0,7593,775.0,2026-09-03T19:34:18.631078+00:00
2026-04-05,768.0,775.0,755.0,758.0,11461,758.0,2026-09-03T19:34:18.631078+00:00
2026-04-06,765.0,772.0,760.0,770.0,9825,770.0,2026-09-03T19:34:18.631078+00:00
2026-04-07,765.0,780.0,756.5,762.0,4485,762.0,2026-09-03T19:34:18.631078+00:00
2026-04-08,762.0,776.2,760.0,776.0,5157,776.0,2026-09-03T19:34:18.631078+00:00
2026-04-09,776.0,790.0,764.0,790.0,5247,790.0,2026-09-03T19:34:18.631078+00:00
2026-04-10,775.1,790.0,775.1,784.4,2288,784.4,2026-09-03T19:34:18.631078+00:00
2026-04-13,769.0,800.0,769.0,785.0,3869,785.0,2026-09-03T19:34:18.631078+00:00
2026-04-15,799.5,799.5,773.0,780.0,9528,780.0,2026-09-03T19:34:18.631078+00:00
2026-04-16,780.0,789.0,766.0,773.0,7426,773.0,2026-09-03T19:34:18.631078+00:00
2026-04-17,775.0,775.0,761.0,769.9,4721,769.9,2026-09-03T19:34:18.631078+00:00
2026-04-20,753.0,779.0,753.0,778.5,2294,778.5,2026-09-03T19:34:18.631078+00:00
2026-04-21,778.5,778.5,761.0,775.0,6244,775.0,2026-09-03T19:34:18.631078+00:00
2026-04-22,776.0,776.0,756.0,774.4,4429,774.4,2026-09-03T19:34:18.631078+00:00
2026-04-23,756.0,767.9,756.0,767.9,4531,767.9,2026-09-03T19:34:18.631078+00:00
2026-04-24,750.0,762.0,745.0,762.0,2149,762.0,2026-09-03T19:34:18.631078+00:00
2026-04-27,762.0,770.0,757.2,768.0,1328,768.0,2026-09-03T19:34:18.631078+00:00
2026-04-28,768.0,769.8,748.2,763.0,6516,763.0,2026-09-03T19:34:18.631078+00:00
2026-04-29,763.0,763.0,749.2,752.0,3784,752.0,2026-09-03T19:34:18.631078+00:00
2026-04-30,740.2,753.0,740.0,750.0,2432,750.0,2026-09-03T19:34:18.631078+00:00
2026-05-04,750.0,750.0,740.1,740.1,2221,740.1,2026-09-03T19:34:18.631078+00:00
2026-05-05,740.0,747.0,738.0,738.0,2159,738.0,2026-09-03T19:34:18.631078+00:00
2026-05-06,730.0,744.9,730.0,744.0,2119,744.0,2026-09-03T19:34:18.631078+00:00
2026-05-07,744.0,763.8,733.3,762.9,3712,762.9,2026-09-03T19:34:18.631078+00:00
2026-05-08,769.9,772.8,752.5,771.0,1697,771.0,2026-09-03T19:34:18.631078+00:00
2026-05-11,765.0,785.0,765.0,783.0,5195,783.0,2026-09-03T19:34:18.631078+00:00
2026-05-12,783.0,783.0,766.6,771.0,4713,771.0,2026-09-03T19:34:18.631078+00:00
2026-05-13,771.0,773.0,761.0,762.2,1948,762.2,2026-09-03T19:34:18.631078+00:00
2026-05-14,775.0,780.0,759.2,771.9,1415,771.9,2026-09-03T19:34:18.631078+00:00
2026-05-15,773.0,780.0,765.0,773.0,3804,773.0,2026-09-03T19:34:18.631078+00:00
2026-05-18,773.0,778.0,761.3,765.0,1633,765.0,2026-09-03T19:34:18.631078+00:00
2026-05-19,774.9,774.9,760.2,769.0,2107,769.0,2026-09-03T19:34:18.631078+00:00
2026-05-20,779.5,779.5,763.0,777.0,378,777.0,2026-09-03T19:34:18.631078+00:00
2026-05-21,791.0,791.0,767.5,770.9,2501,770.9,2026-09-03T19:34:18.631078+00:00
2026-05-22,768.0,780.5,768.0,775.9,3314,775.9,2026-09-03T19:34:18.631078+00:00
2026-05-25,788.0,788.0,766.0,781.0,3536,781.0,2026-09-03T19:34:18.631078+00:00
2026-05-26,781.0,785.1,773.1,780.9,2309,780.9,2026-09-03T19:34:18.631078+00:00
2026-05-27,776.0,789.9,776.0,784.0,4096,784.0,2026-09-03T19:34:18.631078+00:00
2026-06-01,772.1,794.8,772.0,773.9,3722,773.9,2026-09-03T19:34:18.631078+00:00
2026-06-02,770.0,782.0,770.0,782.0,1987,782.0,2026-09-03T19:34:18.631078+00:00
2026-06-03,789.8,790.0,776.0,787.5,8935,787.5,2026-09-03T19:34:18.631078+00:00
2026-06-04,780.1,800.0,780.1,786.0,4926,786.0,2026-09-03T19:34:18.631078+00:00
2026-06-05,786.0,793.8,771.5,780.0,3775,780.0,2026-09-03T19:34:18.631078+00:00
2026-06-08,770.7,785.0,765.0,766.5,2790,766.5,2026-09-03T19:34:18.631078+00:00
2026-06-09,764.2,775.0,764.2,769.0,2427,769.0,2026-09-03T19:34:18.631078+00:00
2026-06-10,766.0,779.9,766.0,774.0,1758,774.0,2026-09-03T19:34:18.631078+00:00
2026-06-11,774.0,787.8,765.5,778.5,2832,778.5,2026-09-03T19:34:18.631078+00:00
2026-06-12,765.0,773.5,761.0,761.2,3552,761.2,2026-09-03T19:34:18.631078+00:00
2026-06-15,761.2,778.5,761.2,764.0,1427,764.0,2026-09-03T19:34:18.631078+00:00
2026-06-16,770.0,773.0,760.7,764.0,2874,764.0,2026-09-03T19:34:18.631078+00:00
2026-06-17,758.0,779.0,758.0,775.0,3393,775.0,2026-09-03T19:34:18.631078+00:00
2026-06-18,767.0,776.0,760.2,772.0,3017,772.0,2026-09-03T19:34:18.631078+00:00
2026-06-19,775.9,775.9,761.1,771.5,825,771.5,2026-09-03T19:34:18.631078+00:00
2026-06-22,733.4,778.0,733.4,771.0,1351,771.0,2026-09-03T19:34:18.631078+00:00
2026-06-23,763.3,776.0,756.0,775.0,4743,775.0,2026-09-03T19:34:18.631078+00:00
2026-06-24,760.0,770.0,756.9,767.0,2151,767.0,2026-09-03T19:34:18.631078+00:00
2026-06-25,773.0,773.0,749.9,767.0,1321,767.0,2026-09-03T19:34:18.631078+00:00
2026-06-26,769.0,770.0,755.0,767.6,782,767.6,2026-09-03T19:34:18.631078+00:00
2026-06-29,767.6,769.0,749.0,750.0,2570,750.0,2026-09-03T19:34:18.631078+00:00
2026-06-30,740.1,761.0,730.3,748.8,4435,748.8,2026-09-03T19:34:18.631078+00:00
2026-07-01,750.0,756.0,745.1,754.0,1793,754.0,2026-09-03T19:34:18.631078+00:00
2026-07-02,745.3,750.0,737.1,750.0,1791,750.0,2026-09-03T19:34:18.631078+00:00
2026-07-03,756.0,772.5,746.3,759.0,1615,759.0,2026-09-03T19:34:18.631078+00:00
2026-07-06,742.2,759.0,740.1,741.2,2433,741.2,2026-09-03T19:34:18.631078+00:00
2026-07-07,759.5,759.5,740.0,751.9,551,751.9,2026-09-03T19:34:18.631078+00:00
2026-07-08,740.0,748.0,735.0,748.0,3394,748.0,2026-09-03T19:34:18.631078+00:00
2026-07-09,748.0,748.0,731.6,731.6,1831,731.6,2026-09-03T19:34:18.631078+00:00
2026-07-10,730.0,748.5,722.5,737.0,1305,737.0,2026-09-03T19:34:18.631078+00:00
2026-07-13,746.0,746.0,724.0,739.0,2541,739.0,2026-09-03T19:34:18.631078+00:00
2026-07-14,718.0,735.0,718.0,735.0,2730,735.0,2026-09-03T19:34:18.631078+00:00
2026-07-15,734.0,742.5,727.8,734.0,533,734.0,2026-09-03T19:34:18.631078+00:00
2026-07-16,734.0,740.0,730.0,730.1,211,730.1,2026-09-03T19:34:18.631078+00:00
2026-07-17,747.5,753.0,735.0,753.0,2686,753.0,2026-09-03T19:34:18.631078+00:00
2026-07-20,753.0,759.9,753.0,756.0,1424,756.0,2026-09-03T19:34:18.631078+00:00
2026-07-21,793.8,793.8,754.1,759.0,3843,759.0,2026-09-03T19:34:18.631078+00:00
2026-07-22,746.1,763.5,746.1,762.0,1366,762.0,2026-09-03T19:34:18.631078+00:00
2026-07-23,768.8,768.8,751.0,759.0,1234,759.0,2026-09-03T19:34:18.631078+00:00
2026-07-24,756.0,765.0,755.0,761.0,3251,761.0,2026-09-03T19:34:18.631078+00:00
2026-07-27,750.0,765.0,750.0,761.2,2341,761.2,2026-09-03T19:34:18.631078+00:00
2026-07-28,723.2,762.6,723.2,752.0,1587,752.0,2026-09-03T19:34:18.631078+00:00
2026-07-29,769.8,769.8,736.5,749.9,3675,749.9,2026-09-03T19:34:18.631078+00:00
2026-07-30,730.0,752.0,730.0,748.0,4525,748.0,2026-09-03T19:34:18.631078+00:00
2026-07-31,726.1,748.0,726.1,748.0,1829,748.0,2026-09-03T19:34:18.631078+00:00
2026-08-03,759.9,759.9,736.7,752.0,1930,752.0,2026-09-03T19:34:18.631078+00:00
2026-08-04,742.0,750.0,730.0,743.0,2302,743.0,2026-09-03T19:34:18.631078+00:00
2026-08-05,732.3,743.9,732.2,743.9,1435,743.9,2026-09-03T19:34:18.631078+00:00
2026-08-06,743.9,743.9,733.0,737.0,749,737.0,2026-09-03T19:34:18.631078+00:00
2026-08-07,731.2,740.0,731.2,738.0,1327,738.0,2026-09-03T19:34:18.631078+00:00
2026-08-10,774.9,774.9,730.0,739.0,1293,739.0,2026-09-03T19:34:18.631078+00:00
2026-08-11,775.9,775.9,732.1,732.2,5345,732.2,2026-09-03T19:34:18.631078+00:00
2026-08-12,729.3,749.9,729.3,749.9,989,749.9,2026-09-03T19:34:18.631078+00:00
2026-08-13,730.3,743.6,728.0,743.6,3087,743.6,2026-09-03T19:34:18.631078+00:00
2026-08-14,730.0,735.0,710.0,722.9,7026,722.9,2026-09-03T19:34:18.631078+00:00
2026-08-17,722.9,729.0,710.0,714.5,5674,714.5,2026-09-03T19:34:18.631078+00:00
2026-08-18,703.0,705.0,695.0,698.0,4416,698.0,2026-09-03T19:34:18.631078+00:00
2026-08-19,690.0,705.0,690.0,702.5,1855,702.5,2026-09-03T19:34:18.631078+00:00
2026-08-20,700.0,710.8,679.0,698.0,1539,698.0,2026-09-03T19:34:18.631078+00:00
2026-08-21,685.1,686.6,670.0,671.0,7437,671.0,2026-09-03T19:34:18.631078+00:00
2026-08-24,690.0,690.0,662.5,679.5,3985,679.5,2026-09-03T19:34:18.631078+00:00
2026-08-25,679.4,679.4,665.0,674.0,862,674.0,2026-09-03T19:34:18.631078+00:00
2026-08-26,674.0,674.0,657.1,668.0,3947,668.0,2026-09-03T19:34:18.631078+00:00
2026-08-27,650.1,670.0,650.1,666.0,2671,666.0,2026-09-03T19:34:18.631078+00:00
2026-08-31,660.0,660.0,651.0,660.0,2351,660.0,2026-09-03T19:34:18.631078+00:00
2026-09-01,655.0,665.0,646.0,662.8,755,662.8,2026-09-03T19:34:18.631078+00:00
2026-09-02,662.8,672.0,646.2,659.5,3890,659.5,2026-09-03T19:34:18.631078+00:00
2026-09-03,650.0,665.0,646.1,660.0,2007,660.0,2026-09-03T19:34:18.631078+00:00
