date,open,high,low,close,volume,adj_close,fetched_at
2019-07-08,312.0,343.2,312.0,343.2,70,343.2,2026-09-03T19:35:09.316540+00:00
2019-07-09,360.0,377.0,360.0,377.0,2030,377.0,2026-09-03T19:35:09.316540+00:00
2019-07-10,395.0,414.0,395.0,414.0,1170,414.0,2026-09-03T19:35:09.316540+00:00
2019-07-11,434.0,442.0,395.0,396.0,33978,396.0,2026-09-03T19:35:09.316540+00:00
2019-07-14,396.0,398.0,378.0,386.0,9560,386.0,2026-09-03T19:35:09.316540+00:00
2019-07-15,384.0,399.0,384.0,393.0,6312,393.0,2026-09-03T19:35:09.316540+00:00
2019-07-16,393.0,400.0,391.0,400.0,3470,400.0,2026-09-03T19:35:09.316540+00:00
2019-07-17,398.0,398.0,394.0,395.0,3115,395.0,2026-09-03T19:35:09.316540+00:00
2019-07-18,395.0,400.0,390.0,393.0,3580,393.0,2026-09-03T19:35:09.316540+00:00
2019-07-21,391.0,394.0,389.0,393.0,4220,393.0,2026-09-03T19:35:09.316540+00:00
2019-07-22,393.0,394.0,388.0,392.0,2380,392.0,2026-09-03T19:35:09.316540+00:00
2019-07-23,399.0,400.0,391.0,394.0,4115,394.0,2026-09-03T19:35:09.316540+00:00
2019-07-24,394.0,405.0,394.0,404.0,8278,404.0,2026-09-03T19:35:09.316540+00:00
2019-07-25,404.0,404.0,393.0,399.0,4425,399.0,2026-09-03T19:35:09.316540+00:00
2019-07-28,405.0,413.0,399.0,411.0,7960,411.0,2026-09-03T19:35:09.316540+00:00
2019-07-29,416.0,440.0,410.0,440.0,7883,440.0,2026-09-03T19:35:09.316540+00:00
2019-07-30,448.0,466.0,440.0,461.0,16362,461.0,2026-09-03T19:35:09.316540+00:00
2019-07-31,465.0,503.0,451.0,500.0,16916,500.0,2026-09-03T19:35:09.316540+00:00
2019-08-01,510.0,550.0,487.0,533.0,17210,533.0,2026-09-03T19:35:09.316540+00:00
2019-08-04,543.0,551.0,491.0,507.0,14349,507.0,2026-09-03T19:35:09.316540+00:00
2019-08-05,510.0,513.0,467.0,471.0,10930,471.0,2026-09-03T19:35:09.316540+00:00
2019-08-06,462.0,470.0,439.0,468.0,5996,468.0,2026-09-03T19:35:09.316540+00:00
2019-08-07,459.0,502.0,437.0,490.0,8803,490.0,2026-09-03T19:35:09.316540+00:00
2019-08-08,485.0,485.0,464.0,477.0,3480,477.0,2026-09-03T19:35:09.316540+00:00
2019-08-11,474.0,486.0,456.0,474.0,2700,474.0,2026-09-03T19:35:09.316540+00:00
2019-08-12,474.0,495.0,470.0,480.0,5140,480.0,2026-09-03T19:35:09.316540+00:00
2019-08-13,480.0,490.0,475.0,481.0,4465,481.0,2026-09-03T19:35:09.316540+00:00
2019-08-14,473.0,486.0,473.0,475.0,2635,475.0,2026-09-03T19:35:09.316540+00:00
2019-08-15,475.0,484.0,468.0,478.0,1190,478.0,2026-09-03T19:35:09.316540+00:00
2019-08-18,485.0,485.0,463.0,467.0,2520,467.0,2026-09-03T19:35:09.316540+00:00
2019-08-19,459.0,480.0,459.0,474.0,3469,474.0,2026-09-03T19:35:09.316540+00:00
2019-08-20,470.0,483.0,467.0,470.0,2380,470.0,2026-09-03T19:35:09.316540+00:00
2019-08-21,462.0,470.0,455.0,462.0,5410,462.0,2026-09-03T19:35:09.316540+00:00
2019-08-22,468.0,470.0,460.0,465.0,2455,465.0,2026-09-03T19:35:09.316540+00:00
2019-08-25,465.0,465.0,453.0,453.0,2820,453.0,2026-09-03T19:35:09.316540+00:00
2019-08-26,451.0,460.0,450.0,451.0,3185,451.0,2026-09-03T19:35:09.316540+00:00
2019-08-27,442.0,469.0,442.0,457.0,1735,457.0,2026-09-03T19:35:09.316540+00:00
2019-08-28,458.0,458.0,450.0,452.0,2270,452.0,2026-09-03T19:35:09.316540+00:00
2019-08-29,450.0,455.0,445.0,455.0,2280,455.0,2026-09-03T19:35:09.316540+00:00
2019-09-01,455.0,455.0,445.0,450.0,1030,450.0,2026-09-03T19:35:09.316540+00:00
2019-09-02,450.0,450.0,436.0,437.0,1260,437.0,2026-09-03T19:35:09.316540+00:00
2019-09-03,430.0,455.0,430.0,454.0,1720,454.0,2026-09-03T19:35:09.316540+00:00
2019-09-04,454.0,463.0,445.0,457.0,1340,457.0,2026-09-03T19:35:09.316540+00:00
2019-09-05,460.0,460.0,443.0,448.0,1320,448.0,2026-09-03T19:35:09.316540+00:00
2019-09-08,448.0,455.0,440.0,445.0,1764,445.0,2026-09-03T19:35:09.316540+00:00
2019-09-09,445.0,445.0,436.0,438.0,1200,438.0,2026-09-03T19:35:09.316540+00:00
2019-09-10,432.0,440.0,432.0,436.0,1020,436.0,2026-09-03T19:35:09.316540+00:00
2019-09-11,433.0,439.0,431.0,431.0,1070,431.0,2026-09-03T19:35:09.316540+00:00
2019-09-12,430.0,436.0,428.0,431.0,555,431.0,2026-09-03T19:35:09.316540+00:00
2019-09-15,431.0,435.0,420.0,421.0,1330,421.0,2026-09-03T19:35:09.316540+00:00
2019-09-16,415.0,422.0,411.0,419.0,1390,419.0,2026-09-03T19:35:09.316540+00:00
2019-09-17,419.0,439.0,419.0,439.0,2320,439.0,2026-09-03T19:35:09.316540+00:00
2019-09-18,439.0,459.0,436.0,456.0,2823,456.0,2026-09-03T19:35:09.316540+00:00
2019-09-19,456.0,456.0,441.0,450.0,1137,450.0,2026-09-03T19:35:09.316540+00:00
2019-09-22,440.0,440.0,423.0,429.0,1658,429.0,2026-09-03T19:35:09.316540+00:00
2019-09-23,429.0,433.0,419.0,432.0,998,432.0,2026-09-03T19:35:09.316540+00:00
2019-09-24,424.0,435.0,424.0,435.0,700,435.0,2026-09-03T19:35:09.316540+00:00
2019-09-25,439.0,439.0,421.0,428.0,643,428.0,2026-09-03T19:35:09.316540+00:00
2019-09-26,420.0,430.0,420.0,423.0,2136,423.0,2026-09-03T19:35:09.316540+00:00
2019-09-29,431.0,431.0,420.0,424.0,1400,424.0,2026-09-03T19:35:09.316540+00:00
2019-09-30,418.0,425.0,418.0,424.0,400,424.0,2026-09-03T19:35:09.316540+00:00
2019-10-01,417.0,430.0,417.0,430.0,985,430.0,2026-09-03T19:35:09.316540+00:00
2019-10-02,438.0,438.0,418.0,421.0,1040,421.0,2026-09-03T19:35:09.316540+00:00
2019-10-03,424.0,429.0,423.0,429.0,170,429.0,2026-09-03T19:35:09.316540+00:00
2019-10-10,429.0,429.0,421.0,421.0,110,421.0,2026-09-03T19:35:09.316540+00:00
2019-10-14,417.0,420.0,416.0,418.0,340,418.0,2026-09-03T19:35:09.316540+00:00
2019-10-15,419.0,421.0,419.0,421.0,100,421.0,2026-09-03T19:35:09.316540+00:00
2019-10-16,413.0,426.0,413.0,421.0,190,421.0,2026-09-03T19:35:09.316540+00:00
2019-10-17,421.0,423.0,418.0,418.0,730,418.0,2026-09-03T19:35:09.316540+00:00
2019-10-20,413.0,419.0,413.0,416.0,830,416.0,2026-09-03T19:35:09.316540+00:00
2019-10-21,415.0,423.0,414.0,415.0,560,415.0,2026-09-03T19:35:09.316540+00:00
2019-10-22,415.0,417.0,407.0,417.0,390,417.0,2026-09-03T19:35:09.316540+00:00
2019-10-23,420.0,420.0,413.0,415.0,300,415.0,2026-09-03T19:35:09.316540+00:00
2019-10-24,416.0,420.0,412.0,417.0,910,417.0,2026-09-03T19:35:09.316540+00:00
2019-10-31,425.0,456.0,425.0,435.0,2010,435.0,2026-09-03T19:35:09.316540+00:00
2019-11-03,435.0,444.0,432.0,438.0,1280,438.0,2026-09-03T19:35:09.316540+00:00
2019-11-04,441.0,442.0,434.0,438.0,1210,438.0,2026-09-03T19:35:09.316540+00:00
2019-11-05,434.0,443.0,434.0,439.0,1345,439.0,2026-09-03T19:35:09.316540+00:00
2019-11-06,444.0,452.0,441.0,447.0,3628,447.0,2026-09-03T19:35:09.316540+00:00
2019-11-07,441.0,451.0,441.0,451.0,1177,451.0,2026-09-03T19:35:09.316540+00:00
2019-11-10,442.0,450.0,437.0,450.0,1060,450.0,2026-09-03T19:35:09.316540+00:00
2019-11-11,447.0,487.0,445.0,480.0,5015,480.0,2026-09-03T19:35:09.316540+00:00
2019-11-12,471.0,471.0,456.0,464.0,1650,464.0,2026-09-03T19:35:09.316540+00:00
2019-11-13,455.0,471.0,455.0,470.0,2120,470.0,2026-09-03T19:35:09.316540+00:00
2019-11-14,462.0,467.0,462.0,466.0,1050,466.0,2026-09-03T19:35:09.316540+00:00
2019-11-17,471.0,471.0,460.0,470.0,2040,470.0,2026-09-03T19:35:09.316540+00:00
2019-11-18,471.0,472.0,465.0,470.0,890,470.0,2026-09-03T19:35:09.316540+00:00
2019-11-19,465.0,488.0,465.0,475.0,4202,475.0,2026-09-03T19:35:09.316540+00:00
2019-11-20,469.0,487.0,469.0,481.0,1768,481.0,2026-09-03T19:35:09.316540+00:00
2019-11-21,474.0,477.0,467.0,470.0,1290,470.0,2026-09-03T19:35:09.316540+00:00
2019-11-24,470.0,470.0,461.0,464.0,977,464.0,2026-09-03T19:35:09.316540+00:00
2019-11-25,457.0,471.0,457.0,460.0,1941,460.0,2026-09-03T19:35:09.316540+00:00
2019-11-26,460.0,475.0,460.0,469.0,1290,469.0,2026-09-03T19:35:09.316540+00:00
2019-11-27,470.0,487.0,470.0,485.0,4416,485.0,2026-09-03T19:35:09.316540+00:00
2019-11-28,493.0,493.0,481.0,483.0,3280,483.0,2026-09-03T19:35:09.316540+00:00
2019-12-01,485.0,490.0,478.0,486.0,1405,486.0,2026-09-03T19:35:09.316540+00:00
2019-12-02,495.0,495.0,480.0,483.0,4096,483.0,2026-09-03T19:35:09.316540+00:00
2019-12-03,482.0,491.0,482.0,488.0,5539,488.0,2026-09-03T19:35:09.316540+00:00
2019-12-04,497.0,510.0,491.0,495.0,10180,495.0,2026-09-03T19:35:09.316540+00:00
2019-12-05,495.0,522.0,495.0,515.0,4661,515.0,2026-09-03T19:35:09.316540+00:00
2019-12-08,510.0,544.0,505.0,544.0,8575,544.0,2026-09-03T19:35:09.316540+00:00
2019-12-09,548.0,590.0,548.0,577.0,11326,577.0,2026-09-03T19:35:09.316540+00:00
2019-12-10,568.0,585.0,560.0,574.0,9004,574.0,2026-09-03T19:35:09.316540+00:00
2019-12-11,564.0,601.0,563.0,590.0,8533,590.0,2026-09-03T19:35:09.316540+00:00
2019-12-12,561.0,594.0,561.0,575.0,10475,575.0,2026-09-03T19:35:09.316540+00:00
2019-12-15,566.0,580.0,557.0,559.0,8040,559.0,2026-09-03T19:35:09.316540+00:00
2019-12-16,557.0,576.0,551.0,561.0,5386,561.0,2026-09-03T19:35:09.316540+00:00
2019-12-17,561.0,581.0,557.0,580.0,4880,580.0,2026-09-03T19:35:09.316540+00:00
2019-12-18,551.0,583.0,551.0,572.0,5938,572.0,2026-09-03T19:35:09.316540+00:00
2019-12-19,572.0,580.0,567.0,571.0,9357,571.0,2026-09-03T19:35:09.316540+00:00
2019-12-22,519.0,534.0,510.0,534.0,1815,534.0,2026-09-03T19:35:09.316540+00:00
2019-12-23,541.0,550.0,527.0,540.0,2783,540.0,2026-09-03T19:35:09.316540+00:00
2019-12-24,545.0,560.0,529.0,535.0,6335,535.0,2026-09-03T19:35:09.316540+00:00
2019-12-25,535.0,541.0,527.0,527.0,1977,527.0,2026-09-03T19:35:09.316540+00:00
2019-12-26,520.0,525.0,517.0,517.0,1880,517.0,2026-09-03T19:35:09.316540+00:00
2019-12-29,512.0,530.0,512.0,513.0,1010,513.0,2026-09-03T19:35:09.316540+00:00
2019-12-30,520.0,538.0,510.0,534.0,1680,534.0,2026-09-03T19:35:09.316540+00:00
2019-12-31,544.0,551.0,524.0,551.0,3816,551.0,2026-09-03T19:35:09.316540+00:00
2020-01-01,551.0,551.0,542.0,551.0,2599,551.0,2026-09-03T19:35:09.316540+00:00
2020-01-02,552.0,563.0,546.0,554.0,10834,554.0,2026-09-03T19:35:09.316540+00:00
2020-01-05,550.0,580.0,550.0,567.0,7650,567.0,2026-09-03T19:35:09.316540+00:00
2020-01-06,575.0,585.0,564.0,583.0,5099,583.0,2026-09-03T19:35:09.316540+00:00
2020-01-07,584.0,594.0,577.0,592.0,7728,592.0,2026-09-03T19:35:09.316540+00:00
2020-01-08,581.0,601.0,574.0,583.0,6038,583.0,2026-09-03T19:35:09.316540+00:00
2020-01-09,574.0,632.0,574.0,632.0,6626,632.0,2026-09-03T19:35:09.316540+00:00
2020-01-12,640.0,695.0,629.0,695.0,8925,695.0,2026-09-03T19:35:09.316540+00:00
2020-01-13,708.0,717.0,672.0,701.0,7098,701.0,2026-09-03T19:35:09.316540+00:00
2020-01-14,660.0,690.0,636.0,688.0,8226,688.0,2026-09-03T19:35:09.316540+00:00
2020-01-15,657.0,756.0,657.0,756.0,13446,756.0,2026-09-03T19:35:09.316540+00:00
2020-01-16,771.0,831.0,771.0,831.0,8599,831.0,2026-09-03T19:35:09.316540+00:00
2020-01-19,832.0,914.0,832.0,840.0,14319,840.0,2026-09-03T19:35:09.316540+00:00
2020-01-20,856.0,880.0,796.0,848.0,11820,848.0,2026-09-03T19:35:09.316540+00:00
2020-01-21,864.0,864.0,798.0,825.0,5080,825.0,2026-09-03T19:35:09.316540+00:00
2020-01-22,809.0,825.0,784.0,800.0,11706,800.0,2026-09-03T19:35:09.316540+00:00
2020-01-23,816.0,848.0,788.0,800.0,10580,800.0,2026-09-03T19:35:09.316540+00:00
2020-01-26,800.0,800.0,774.0,775.0,3383,775.0,2026-09-03T19:35:09.316540+00:00
2020-01-27,770.0,829.0,765.0,820.0,5095,820.0,2026-09-03T19:35:09.316540+00:00
2020-01-28,821.0,836.0,793.0,793.0,8824,793.0,2026-09-03T19:35:09.316540+00:00
2020-01-29,808.0,829.0,794.0,829.0,6407,829.0,2026-09-03T19:35:09.316540+00:00
2020-01-30,844.0,846.0,815.0,833.0,13718,833.0,2026-09-03T19:35:09.316540+00:00
2020-02-02,848.0,848.0,810.0,820.0,4430,820.0,2026-09-03T19:35:09.316540+00:00
2020-02-03,836.0,836.0,807.0,813.0,3263,813.0,2026-09-03T19:35:09.316540+00:00
2020-02-04,804.0,834.0,804.0,818.0,2470,818.0,2026-09-03T19:35:09.316540+00:00
2020-02-05,802.0,834.0,802.0,834.0,3233,834.0,2026-09-03T19:35:09.316540+00:00
2020-02-06,818.0,848.0,808.0,816.0,2265,816.0,2026-09-03T19:35:09.316540+00:00
2020-02-09,800.0,816.0,799.0,810.0,3560,810.0,2026-09-03T19:35:09.316540+00:00
2020-02-10,803.0,820.0,799.0,813.0,2430,813.0,2026-09-03T19:35:09.316540+00:00
2020-02-11,820.0,849.0,811.0,844.0,5834,844.0,2026-09-03T19:35:09.316540+00:00
2020-02-12,850.0,866.0,838.0,848.0,7479,848.0,2026-09-03T19:35:09.316540+00:00
2020-02-13,864.0,915.0,853.0,880.0,11107,880.0,2026-09-03T19:35:09.316540+00:00
2020-02-16,897.0,948.0,892.0,945.0,8135,945.0,2026-09-03T19:35:09.316540+00:00
2020-02-17,928.0,944.0,920.0,938.0,8570,938.0,2026-09-03T19:35:09.316540+00:00
2020-02-18,920.0,925.0,890.0,917.0,5479,917.0,2026-09-03T19:35:09.316540+00:00
2020-02-19,901.0,949.0,900.0,945.0,9259,945.0,2026-09-03T19:35:09.316540+00:00
2020-02-20,940.0,986.0,940.0,966.0,5222,966.0,2026-09-03T19:35:09.316540+00:00
2020-02-23,950.0,1000.0,947.0,947.0,7083,947.0,2026-09-03T19:35:09.316540+00:00
2020-02-24,950.0,968.0,925.0,934.0,4460,934.0,2026-09-03T19:35:09.316540+00:00
2020-02-25,916.0,971.0,901.0,958.0,1696,958.0,2026-09-03T19:35:09.316540+00:00
2020-02-26,940.0,976.0,925.0,953.0,6275,953.0,2026-09-03T19:35:09.316540+00:00
2020-02-27,949.0,950.0,917.0,924.0,5472,924.0,2026-09-03T19:35:09.316540+00:00
2020-03-01,925.0,942.0,868.0,913.0,6560,913.0,2026-09-03T19:35:09.316540+00:00
2020-03-02,912.0,913.0,830.0,831.0,2035,831.0,2026-09-03T19:35:09.316540+00:00
2020-03-03,790.0,828.0,748.0,793.0,7718,793.0,2026-09-03T19:35:09.316540+00:00
2020-03-04,778.0,800.0,731.0,740.0,5180,740.0,2026-09-03T19:35:09.316540+00:00
2020-03-05,726.0,814.0,712.0,774.0,4504,774.0,2026-09-03T19:35:09.316540+00:00
2020-03-10,774.0,774.0,740.0,740.0,2110,740.0,2026-09-03T19:35:09.316540+00:00
2020-03-11,754.0,778.0,726.0,774.0,1580,774.0,2026-09-03T19:35:09.316540+00:00
2020-03-12,775.0,775.0,730.0,735.0,5801,735.0,2026-09-03T19:35:09.316540+00:00
2020-03-15,722.0,748.0,686.0,720.0,3194,720.0,2026-09-03T19:35:09.316540+00:00
2020-03-16,709.0,724.0,704.0,724.0,3326,724.0,2026-09-03T19:35:09.316540+00:00
2020-03-17,738.0,738.0,682.0,685.0,1380,685.0,2026-09-03T19:35:09.316540+00:00
2020-03-18,685.0,697.0,636.0,662.0,3785,662.0,2026-09-03T19:35:09.316540+00:00
2020-03-19,649.0,680.0,645.0,667.0,6910,667.0,2026-09-03T19:35:09.316540+00:00
2020-03-22,667.0,667.0,655.0,655.0,50,655.0,2026-09-03T19:35:09.316540+00:00
2020-06-29,642.0,642.0,594.0,590.0,1369,590.0,2026-09-03T19:35:09.316540+00:00
2020-06-30,595.0,620.0,595.0,620.0,445,620.0,2026-09-03T19:35:09.316540+00:00
2020-07-01,632.0,660.0,632.0,660.0,635,660.0,2026-09-03T19:35:09.316540+00:00
2020-07-02,661.0,661.0,637.0,637.0,313,637.0,2026-09-03T19:35:09.316540+00:00
2020-07-05,637.0,672.0,630.0,648.0,1238,648.0,2026-09-03T19:35:09.316540+00:00
2020-07-06,645.0,708.0,625.0,701.0,2614,701.0,2026-09-03T19:35:09.316540+00:00
2020-07-07,715.0,765.0,702.0,725.0,3373,725.0,2026-09-03T19:35:09.316540+00:00
2020-07-08,712.0,744.0,698.0,744.0,1942,744.0,2026-09-03T19:35:09.316540+00:00
2020-07-09,734.0,784.0,725.0,758.0,3324,758.0,2026-09-03T19:35:09.316540+00:00
2020-07-12,773.0,819.0,760.0,804.0,4574,804.0,2026-09-03T19:35:09.316540+00:00
2020-07-13,820.0,820.0,787.0,817.0,2220,817.0,2026-09-03T19:35:09.316540+00:00
2020-07-14,805.0,849.0,805.0,829.0,3687,829.0,2026-09-03T19:35:09.316540+00:00
2020-07-15,816.0,823.0,800.0,823.0,3864,823.0,2026-09-03T19:35:09.316540+00:00
2020-07-16,835.0,835.0,804.0,816.0,3879,816.0,2026-09-03T19:35:09.316540+00:00
2020-07-19,832.0,832.0,832.0,832.0,10,832.0,2026-09-03T19:35:09.316540+00:00
2020-07-20,848.0,897.0,814.0,829.0,1660,829.0,2026-09-03T19:35:09.316540+00:00
2020-07-21,829.0,840.0,797.0,809.0,5119,809.0,2026-09-03T19:35:09.316540+00:00
2020-07-22,800.0,805.0,786.0,798.0,2668,798.0,2026-09-03T19:35:09.316540+00:00
2020-07-23,790.0,800.0,768.0,790.0,1729,790.0,2026-09-03T19:35:09.316540+00:00
2020-07-26,780.0,810.0,778.0,798.0,2996,798.0,2026-09-03T19:35:09.316540+00:00
2020-07-27,785.0,801.0,785.0,799.0,2588,799.0,2026-09-03T19:35:09.316540+00:00
2020-07-28,790.0,799.0,780.0,780.0,1746,780.0,2026-09-03T19:35:09.316540+00:00
2020-07-29,765.0,765.0,731.0,740.0,13477,740.0,2026-09-03T19:35:09.316540+00:00
2020-07-30,726.0,756.0,726.0,750.0,2040,750.0,2026-09-03T19:35:09.316540+00:00
2020-08-02,735.0,748.0,711.0,735.0,3723,735.0,2026-09-03T19:35:09.316540+00:00
2020-08-03,722.0,749.0,721.0,740.0,5357,740.0,2026-09-03T19:35:09.316540+00:00
2020-08-05,726.0,726.0,707.0,719.0,1972,719.0,2026-09-03T19:35:09.316540+00:00
2020-08-06,725.0,727.0,705.0,712.0,1903,712.0,2026-09-03T19:35:09.316540+00:00
2020-08-09,699.0,714.0,686.0,703.0,1510,703.0,2026-09-03T19:35:09.316540+00:00
2020-08-10,700.0,740.0,691.0,740.0,6236,740.0,2026-09-03T19:35:09.316540+00:00
2020-08-11,740.0,750.0,731.0,735.0,1836,735.0,2026-09-03T19:35:09.316540+00:00
2020-08-12,722.0,740.0,710.0,737.0,1185,737.0,2026-09-03T19:35:09.316540+00:00
2020-08-13,733.0,734.0,716.0,734.0,3431,734.0,2026-09-03T19:35:09.316540+00:00
2020-08-16,720.0,725.0,707.0,710.0,1624,710.0,2026-09-03T19:35:09.316540+00:00
2020-08-17,724.0,734.0,710.0,734.0,1880,734.0,2026-09-03T19:35:09.316540+00:00
2020-08-18,726.0,742.0,715.0,742.0,914,742.0,2026-09-03T19:35:09.316540+00:00
2020-08-19,728.0,734.0,718.0,722.0,1262,722.0,2026-09-03T19:35:09.316540+00:00
2020-08-20,721.0,731.0,721.0,726.0,624,726.0,2026-09-03T19:35:09.316540+00:00
2020-08-23,730.0,730.0,716.0,725.0,1492,725.0,2026-09-03T19:35:09.316540+00:00
2020-08-24,730.0,760.0,730.0,747.0,3377,747.0,2026-09-03T19:35:09.316540+00:00
2020-08-25,750.0,761.0,743.0,755.0,3731,755.0,2026-09-03T19:35:09.316540+00:00
2020-08-26,750.0,780.0,750.0,764.0,6156,764.0,2026-09-03T19:35:09.316540+00:00
2020-08-27,770.0,779.0,749.0,761.0,3727,761.0,2026-09-03T19:35:09.316540+00:00
2020-08-30,747.0,769.0,747.0,761.0,847,761.0,2026-09-03T19:35:09.316540+00:00
2020-08-31,756.0,776.0,756.0,767.0,2077,767.0,2026-09-03T19:35:09.316540+00:00
2020-09-02,764.0,792.0,761.0,775.0,3796,775.0,2026-09-03T19:35:09.316540+00:00
2020-09-03,761.0,788.0,760.0,780.0,3828,780.0,2026-09-03T19:35:09.316540+00:00
2020-09-06,794.0,808.0,781.0,785.0,6473,785.0,2026-09-03T19:35:09.316540+00:00
2020-09-07,772.0,785.0,762.0,785.0,3356,785.0,2026-09-03T19:35:09.316540+00:00
2020-09-08,776.0,820.0,776.0,805.0,7637,805.0,2026-09-03T19:35:09.316540+00:00
2020-09-09,806.0,854.0,806.0,848.0,9820,848.0,2026-09-03T19:35:09.316540+00:00
2020-09-10,848.0,890.0,848.0,874.0,5264,874.0,2026-09-03T19:35:09.316540+00:00
2020-09-13,857.0,874.0,850.0,853.0,8613,853.0,2026-09-03T19:35:09.316540+00:00
2020-09-14,855.0,859.0,821.0,835.0,4995,835.0,2026-09-03T19:35:09.316540+00:00
2020-09-15,851.0,868.0,815.0,845.0,8204,845.0,2026-09-03T19:35:09.316540+00:00
2020-09-16,829.0,851.0,822.0,844.0,3717,844.0,2026-09-03T19:35:09.316540+00:00
2020-09-17,830.0,860.0,830.0,858.0,5215,858.0,2026-09-03T19:35:09.316540+00:00
2020-09-20,841.0,845.0,831.0,840.0,1848,840.0,2026-09-03T19:35:09.316540+00:00
2020-09-21,835.0,856.0,830.0,830.0,3235,830.0,2026-09-03T19:35:09.316540+00:00
2020-09-22,819.0,845.0,819.0,825.0,3403,825.0,2026-09-03T19:35:09.316540+00:00
2020-09-23,816.0,830.0,816.0,830.0,3099,830.0,2026-09-03T19:35:09.316540+00:00
2020-09-24,820.0,856.0,820.0,856.0,5102,856.0,2026-09-03T19:35:09.316540+00:00
2020-09-27,839.0,843.0,827.0,840.0,2639,840.0,2026-09-03T19:35:09.316540+00:00
2020-09-28,840.0,841.0,825.0,833.0,2166,833.0,2026-09-03T19:35:09.316540+00:00
2020-09-29,818.0,834.0,810.0,813.0,2822,813.0,2026-09-03T19:35:09.316540+00:00
2020-09-30,810.0,831.0,801.0,820.0,1879,820.0,2026-09-03T19:35:09.316540+00:00
2020-10-01,805.0,836.0,805.0,824.0,918,824.0,2026-09-03T19:35:09.316540+00:00
2020-10-04,820.0,833.0,820.0,822.0,1157,822.0,2026-09-03T19:35:09.316540+00:00
2020-10-05,834.0,850.0,811.0,820.0,2736,820.0,2026-09-03T19:35:09.316540+00:00
2020-10-06,820.0,836.0,810.0,820.0,2254,820.0,2026-09-03T19:35:09.316540+00:00
2020-10-07,815.0,831.0,807.0,822.0,1633,822.0,2026-09-03T19:35:09.316540+00:00
2020-10-08,812.0,824.0,812.0,812.0,2269,812.0,2026-09-03T19:35:09.316540+00:00
2020-10-11,810.0,812.0,794.0,808.0,3614,808.0,2026-09-03T19:35:09.316540+00:00
2020-10-12,800.0,816.0,800.0,816.0,1494,816.0,2026-09-03T19:35:09.316540+00:00
2020-10-13,809.0,816.0,800.0,816.0,1813,816.0,2026-09-03T19:35:09.316540+00:00
2020-10-14,800.0,806.0,791.0,804.0,1082,804.0,2026-09-03T19:35:09.316540+00:00
2020-10-15,764.0,817.0,764.0,812.0,1759,812.0,2026-09-03T19:35:09.316540+00:00
2020-10-18,819.0,819.0,804.0,810.0,1058,810.0,2026-09-03T19:35:09.316540+00:00
2020-10-19,811.0,815.0,801.0,810.0,343,810.0,2026-09-03T19:35:09.316540+00:00
2020-10-20,805.0,825.0,799.0,825.0,1193,825.0,2026-09-03T19:35:09.316540+00:00
2020-10-21,812.0,828.0,811.0,812.0,370,812.0,2026-09-03T19:35:09.316540+00:00
2020-10-22,803.0,812.0,800.0,809.0,447,809.0,2026-09-03T19:35:09.316540+00:00
2020-10-28,825.0,825.0,797.0,820.0,1248,820.0,2026-09-03T19:35:09.316540+00:00
2020-10-29,829.0,830.0,810.0,823.0,3002,823.0,2026-09-03T19:35:09.316540+00:00
2020-11-01,811.0,835.0,810.0,830.0,2456,830.0,2026-09-03T19:35:09.316540+00:00
2020-11-02,823.0,872.0,821.0,846.0,6869,846.0,2026-09-03T19:35:09.316540+00:00
2020-11-03,846.0,880.0,846.0,860.0,4056,860.0,2026-09-03T19:35:09.316540+00:00
2020-11-04,845.0,855.0,831.0,855.0,1193,855.0,2026-09-03T19:35:09.316540+00:00
2020-11-05,840.0,844.0,830.0,844.0,2222,844.0,2026-09-03T19:35:09.316540+00:00
2020-11-08,835.0,853.0,835.0,849.0,4119,849.0,2026-09-03T19:35:09.316540+00:00
2020-11-09,865.0,899.0,865.0,868.0,10958,868.0,2026-09-03T19:35:09.316540+00:00
2020-11-10,868.0,885.0,861.0,869.0,5407,869.0,2026-09-03T19:35:09.316540+00:00
2020-11-11,885.0,885.0,844.0,877.0,7784,877.0,2026-09-03T19:35:09.316540+00:00
2020-11-12,863.0,887.0,863.0,877.0,3788,877.0,2026-09-03T19:35:09.316540+00:00
2020-11-18,877.0,890.0,873.0,880.0,2198,880.0,2026-09-03T19:35:09.316540+00:00
2020-11-19,897.0,920.0,867.0,914.0,13115,914.0,2026-09-03T19:35:09.316540+00:00
2020-11-22,905.0,927.0,901.0,920.0,11335,920.0,2026-09-03T19:35:09.316540+00:00
2020-11-23,920.0,920.0,891.0,914.0,6942,914.0,2026-09-03T19:35:09.316540+00:00
2020-11-24,897.0,920.0,897.0,916.0,3862,916.0,2026-09-03T19:35:09.316540+00:00
2020-11-25,907.0,940.0,907.0,939.0,7299,939.0,2026-09-03T19:35:09.316540+00:00
2020-11-26,928.0,948.0,928.0,932.0,7987,932.0,2026-09-03T19:35:09.316540+00:00
2020-11-29,931.0,945.0,921.0,935.0,5736,935.0,2026-09-03T19:35:09.316540+00:00
2020-11-30,936.0,968.0,936.0,960.0,7207,960.0,2026-09-03T19:35:09.316540+00:00
2020-12-01,946.0,979.0,922.0,950.0,5513,950.0,2026-09-03T19:35:09.316540+00:00
2020-12-02,951.0,1045.0,951.0,1025.0,8978,1025.0,2026-09-03T19:35:09.316540+00:00
2020-12-03,1035.0,1097.0,976.0,1023.0,11506,1023.0,2026-09-03T19:35:09.316540+00:00
2020-12-06,1050.0,1050.0,931.0,931.0,10863,931.0,2026-09-03T19:35:09.316540+00:00
2020-12-07,930.0,1001.0,930.0,1000.0,5849,1000.0,2026-09-03T19:35:09.316540+00:00
2020-12-08,1050.0,1064.0,980.0,995.0,11343,995.0,2026-09-03T19:35:09.316540+00:00
2020-12-09,976.0,1000.0,962.0,965.0,4180,965.0,2026-09-03T19:35:09.316540+00:00
2020-12-10,955.0,995.0,935.0,979.0,3918,979.0,2026-09-03T19:35:09.316540+00:00
2020-12-13,989.0,1008.0,966.0,1008.0,4545,1008.0,2026-09-03T19:35:09.316540+00:00
2020-12-14,1010.0,1054.0,1000.0,1038.0,11012,1038.0,2026-09-03T19:35:09.316540+00:00
2020-12-15,1049.0,1065.0,1026.0,1038.0,10058,1038.0,2026-09-03T19:35:09.316540+00:00
2020-12-16,1018.0,1140.0,1010.0,1080.0,10380,1080.0,2026-09-03T19:35:09.316540+00:00
2020-12-17,1080.0,1123.0,1060.0,1064.0,12546,1064.0,2026-09-03T19:35:09.316540+00:00
2020-12-20,1084.0,1084.0,990.0,990.0,12486,990.0,2026-09-03T19:35:09.316540+00:00
2020-12-21,971.0,1017.0,951.0,1000.0,3564,1000.0,2026-09-03T19:35:09.316540+00:00
2020-12-22,1020.0,1060.0,1010.0,1040.0,5024,1040.0,2026-09-03T19:35:09.316540+00:00
2020-12-23,1060.0,1060.0,1007.0,1020.0,3482,1020.0,2026-09-03T19:35:09.316540+00:00
2020-12-24,1010.0,1038.0,1001.0,1012.0,3033,1012.0,2026-09-03T19:35:09.316540+00:00
2020-12-27,1000.0,1020.0,1000.0,1001.0,2426,1001.0,2026-09-03T19:35:09.316540+00:00
2020-12-28,982.0,1015.0,982.0,993.0,2844,993.0,2026-09-03T19:35:09.316540+00:00
2020-12-29,985.0,1009.0,985.0,996.0,2551,996.0,2026-09-03T19:35:09.316540+00:00
2020-12-30,1000.0,1042.0,1000.0,1025.0,5908,1025.0,2026-09-03T19:35:09.316540+00:00
2020-12-31,1025.0,1050.0,1005.0,1032.0,3161,1032.0,2026-09-03T19:35:09.316540+00:00
2021-01-03,1016.0,1060.0,1016.0,1053.0,5033,1053.0,2026-09-03T19:35:09.316540+00:00
2021-01-04,1070.0,1074.0,1045.0,1046.0,5449,1046.0,2026-09-03T19:35:09.316540+00:00
2021-01-05,1040.0,1053.0,1031.0,1037.0,2132,1037.0,2026-09-03T19:35:09.316540+00:00
2021-01-06,1031.0,1120.0,1031.0,1095.0,8107,1095.0,2026-09-03T19:35:09.316540+00:00
2021-01-07,1140.0,1145.0,1097.0,1135.0,11139,1135.0,2026-09-03T19:35:09.316540+00:00
2021-01-10,1135.0,1180.0,1135.0,1180.0,7167,1180.0,2026-09-03T19:35:09.316540+00:00
2021-01-11,1159.0,1183.0,1150.0,1153.0,6125,1153.0,2026-09-03T19:35:09.316540+00:00
2021-01-12,1210.0,1210.0,1141.0,1165.0,6963,1165.0,2026-09-03T19:35:09.316540+00:00
2021-01-13,1165.0,1281.0,1165.0,1281.0,24277,1281.0,2026-09-03T19:35:09.316540+00:00
2021-01-17,1306.0,1385.0,1306.0,1375.0,13264,1375.0,2026-09-03T19:35:09.316540+00:00
2021-01-18,1402.0,1415.0,1382.0,1400.0,18063,1400.0,2026-09-03T19:35:09.316540+00:00
2021-01-19,1410.0,1411.0,1354.0,1370.0,11940,1370.0,2026-09-03T19:35:09.316540+00:00
2021-01-20,1375.0,1411.0,1375.0,1399.0,11667,1399.0,2026-09-03T19:35:09.316540+00:00
2021-01-21,1400.0,1538.0,1400.0,1538.0,27394,1538.0,2026-09-03T19:35:09.316540+00:00
2021-01-24,1366.0,1473.0,1366.0,1398.0,12269,1398.0,2026-09-03T19:35:09.316540+00:00
2021-01-25,1425.0,1425.0,1351.0,1377.0,9223,1377.0,2026-09-03T19:35:09.316540+00:00
2021-01-26,1350.0,1393.0,1335.0,1365.0,6727,1365.0,2026-09-03T19:35:09.316540+00:00
2021-01-27,1346.0,1423.0,1346.0,1422.0,12996,1422.0,2026-09-03T19:35:09.316540+00:00
2021-01-28,1425.0,1508.0,1423.0,1452.0,7277,1452.0,2026-09-03T19:35:09.316540+00:00
2021-01-31,1423.0,1435.0,1358.0,1385.0,8238,1385.0,2026-09-03T19:35:09.316540+00:00
2021-02-01,1400.0,1413.0,1350.0,1359.0,6708,1359.0,2026-09-03T19:35:09.316540+00:00
2021-02-02,1426.0,1479.0,1372.0,1465.0,20088,1465.0,2026-09-03T19:35:09.316540+00:00
2021-02-03,1471.0,1503.0,1425.0,1449.0,11746,1449.0,2026-09-03T19:35:09.316540+00:00
2021-02-04,1427.0,1475.0,1427.0,1466.0,9152,1466.0,2026-09-03T19:35:09.316540+00:00
2021-02-07,1466.0,1612.0,1465.0,1612.0,27132,1612.0,2026-09-03T19:35:09.316540+00:00
2021-02-08,1692.0,1720.0,1600.0,1615.0,19915,1615.0,2026-09-03T19:35:09.316540+00:00
2021-02-09,1640.0,1640.0,1544.0,1589.0,11568,1589.0,2026-09-03T19:35:09.316540+00:00
2021-02-10,1609.0,1609.0,1558.0,1590.0,7000,1590.0,2026-09-03T19:35:09.316540+00:00
2021-02-11,1590.0,1590.0,1500.0,1500.0,9175,1500.0,2026-09-03T19:35:09.316540+00:00
2021-02-14,1530.0,1560.0,1476.0,1497.0,3646,1497.0,2026-09-03T19:35:09.316540+00:00
2021-02-15,1526.0,1646.0,1526.0,1646.0,18863,1646.0,2026-09-03T19:35:09.316540+00:00
2021-02-16,1657.0,1675.0,1575.0,1610.0,9475,1610.0,2026-09-03T19:35:09.316540+00:00
2021-02-17,1580.0,1580.0,1526.0,1550.0,8000,1550.0,2026-09-03T19:35:09.316540+00:00
2021-02-18,1520.0,1549.0,1520.0,1548.0,4120,1548.0,2026-09-03T19:35:09.316540+00:00
2021-02-21,1550.0,1578.0,1510.0,1510.0,4017,1510.0,2026-09-03T19:35:09.316540+00:00
2021-02-22,1484.0,1519.0,1471.0,1471.0,6012,1471.0,2026-09-03T19:35:09.316540+00:00
2021-02-23,1445.0,1469.0,1407.0,1455.0,8850,1455.0,2026-09-03T19:35:09.316540+00:00
2021-02-24,1484.0,1520.0,1450.0,1452.0,4851,1452.0,2026-09-03T19:35:09.316540+00:00
2021-02-25,1426.0,1454.0,1426.0,1427.0,4114,1427.0,2026-09-03T19:35:09.316540+00:00
2021-02-28,1399.0,1415.0,1369.0,1370.0,7398,1370.0,2026-09-03T19:35:09.316540+00:00
2021-03-01,1346.0,1415.0,1341.0,1415.0,6404,1415.0,2026-09-03T19:35:09.316540+00:00
2021-03-02,1416.0,1450.0,1370.0,1385.0,5445,1385.0,2026-09-03T19:35:09.316540+00:00
2021-03-03,1359.0,1386.0,1343.0,1349.0,9399,1349.0,2026-09-03T19:35:09.316540+00:00
2021-03-04,1370.0,1483.0,1370.0,1480.0,5911,1480.0,2026-09-03T19:35:09.316540+00:00
2021-03-07,1452.0,1508.0,1393.0,1435.0,3552,1435.0,2026-09-03T19:35:09.316540+00:00
2021-03-09,1435.0,1438.0,1385.0,1435.0,3436,1435.0,2026-09-03T19:35:09.316540+00:00
2021-03-10,1415.0,1430.0,1375.0,1404.0,2841,1404.0,2026-09-03T19:35:09.316540+00:00
2021-03-14,1376.0,1390.0,1366.0,1380.0,2904,1380.0,2026-09-03T19:35:09.316540+00:00
2021-03-15,1356.0,1390.0,1356.0,1367.0,1885,1367.0,2026-09-03T19:35:09.316540+00:00
2021-03-16,1347.0,1392.0,1347.0,1369.0,3189,1369.0,2026-09-03T19:35:09.316540+00:00
2021-03-17,1396.0,1402.0,1356.0,1402.0,1256,1402.0,2026-09-03T19:35:09.316540+00:00
2021-03-18,1403.0,1451.0,1400.0,1430.0,3533,1430.0,2026-09-03T19:35:09.316540+00:00
2021-03-21,1458.0,1545.0,1430.0,1510.0,8561,1510.0,2026-09-03T19:35:09.316540+00:00
2021-03-22,1525.0,1560.0,1461.0,1461.0,3758,1461.0,2026-09-03T19:35:09.316540+00:00
2021-03-23,1460.0,1509.0,1434.0,1505.0,1990,1505.0,2026-09-03T19:35:09.316540+00:00
2021-03-24,1500.0,1563.0,1495.0,1550.0,7278,1550.0,2026-09-03T19:35:09.316540+00:00
2021-03-25,1553.0,1554.0,1511.0,1520.0,5977,1520.0,2026-09-03T19:35:09.316540+00:00
2021-03-29,1564.0,1580.0,1526.0,1562.0,7999,1562.0,2026-09-03T19:35:09.316540+00:00
2021-03-30,1566.0,1615.0,1555.0,1612.0,10175,1612.0,2026-09-03T19:35:09.316540+00:00
2021-03-31,1640.0,1640.0,1590.0,1590.0,5387,1590.0,2026-09-03T19:35:09.316540+00:00
2021-04-01,1590.0,1600.0,1552.0,1565.0,5228,1565.0,2026-09-03T19:35:09.316540+00:00
2021-04-04,1515.0,1575.0,1515.0,1559.0,3112,1559.0,2026-09-03T19:35:09.316540+00:00
2021-04-05,1485.0,1587.0,1485.0,1575.0,4683,1575.0,2026-09-03T19:35:09.316540+00:00
2021-04-06,1565.0,1620.0,1556.0,1614.0,8190,1614.0,2026-09-03T19:35:09.316540+00:00
2021-04-07,1630.0,1637.0,1593.0,1623.0,9225,1623.0,2026-09-03T19:35:09.316540+00:00
2021-04-08,1630.0,1722.0,1611.0,1720.0,25197,1720.0,2026-09-03T19:35:09.316540+00:00
2021-04-12,1754.0,1785.0,1730.0,1760.0,15508,1760.0,2026-09-03T19:35:09.316540+00:00
2021-04-13,1765.0,1765.0,1690.0,1699.0,21503,1699.0,2026-09-03T19:35:09.316540+00:00
2021-04-15,1710.0,1710.0,1680.0,1690.0,8824,1690.0,2026-09-03T19:35:09.316540+00:00
2021-04-18,1685.0,1705.0,1649.0,1649.0,6155,1649.0,2026-09-03T19:35:09.316540+00:00
2021-04-19,1675.0,1705.0,1655.0,1663.0,6685,1663.0,2026-09-03T19:35:09.316540+00:00
2021-04-20,1640.0,1695.0,1640.0,1669.0,6716,1669.0,2026-09-03T19:35:09.316540+00:00
2021-04-21,1660.0,1700.0,1651.0,1657.0,7800,1657.0,2026-09-03T19:35:09.316540+00:00
2021-04-22,1657.0,1705.0,1652.0,1699.0,9531,1699.0,2026-09-03T19:35:09.316540+00:00
2021-04-25,1666.0,1704.0,1640.0,1655.0,10999,1655.0,2026-09-03T19:35:09.316540+00:00
2021-04-26,1623.0,1693.0,1623.0,1624.0,4194,1624.0,2026-09-03T19:35:09.316540+00:00
2021-04-27,1656.0,1699.0,1639.0,1698.0,9032,1698.0,2026-09-03T19:35:09.316540+00:00
2021-04-28,1710.0,1723.0,1670.0,1672.0,7876,1672.0,2026-09-03T19:35:09.316540+00:00
2021-04-29,1660.0,1730.0,1660.0,1702.0,8192,1702.0,2026-09-03T19:35:09.316540+00:00
2021-05-02,1728.0,1749.0,1704.0,1736.0,10330,1736.0,2026-09-03T19:35:09.316540+00:00
2021-05-03,1737.0,1805.0,1737.0,1744.0,20627,1744.0,2026-09-03T19:35:09.316540+00:00
2021-05-04,1749.0,1880.0,1745.0,1880.0,20031,1880.0,2026-09-03T19:35:09.316540+00:00
2021-05-05,1880.0,1890.0,1805.0,1820.0,11270,1820.0,2026-09-03T19:35:09.316540+00:00
2021-05-06,1833.0,1833.0,1757.0,1798.0,7667,1798.0,2026-09-03T19:35:09.316540+00:00
2021-05-09,1798.0,1798.0,1732.0,1784.0,9547,1784.0,2026-09-03T19:35:09.316540+00:00
2021-05-10,1756.0,1810.0,1749.0,1802.0,6281,1802.0,2026-09-03T19:35:09.316540+00:00
2021-05-11,1824.0,1844.0,1805.0,1832.0,12425,1832.0,2026-09-03T19:35:09.316540+00:00
2021-05-12,1850.0,1850.0,1800.0,1817.0,4914,1817.0,2026-09-03T19:35:09.316540+00:00
2021-05-13,1801.0,1836.0,1800.0,1815.0,8875,1815.0,2026-09-03T19:35:09.316540+00:00
2021-05-16,1840.0,1850.0,1818.0,1841.0,7451,1841.0,2026-09-03T19:35:09.316540+00:00
2021-05-17,1750.0,1871.0,1750.0,1829.0,10032,1829.0,2026-09-03T19:35:09.316540+00:00
2021-05-18,1829.0,1904.0,1829.0,1904.0,15367,1904.0,2026-09-03T19:35:09.316540+00:00
2021-05-19,1930.0,1960.0,1862.0,1878.0,12229,1878.0,2026-09-03T19:35:09.316540+00:00
2021-05-20,1893.0,1900.0,1860.0,1877.0,6681,1877.0,2026-09-03T19:35:09.316540+00:00
2021-05-23,1840.0,1890.0,1840.0,1890.0,11385,1890.0,2026-09-03T19:35:09.316540+00:00
2021-05-24,1870.0,1897.0,1870.0,1882.0,7246,1882.0,2026-09-03T19:35:09.316540+00:00
2021-05-25,1850.0,1884.0,1850.0,1860.0,7412,1860.0,2026-09-03T19:35:09.316540+00:00
2021-05-27,1767.0,1838.0,1740.0,1805.0,18181,1805.0,2026-09-03T19:35:09.316540+00:00
2021-05-30,1820.0,1820.0,1784.0,1790.0,11618,1790.0,2026-09-03T19:35:09.316540+00:00
2021-05-31,1760.0,1805.0,1760.0,1787.0,4382,1787.0,2026-09-03T19:35:09.316540+00:00
2021-06-01,1799.0,1799.0,1765.0,1784.0,5010,1784.0,2026-09-03T19:35:09.316540+00:00
2021-06-02,1781.0,1818.0,1754.0,1802.0,4796,1802.0,2026-09-03T19:35:09.316540+00:00
2021-06-03,1835.0,1850.0,1804.0,1815.0,4856,1815.0,2026-09-03T19:35:09.316540+00:00
2021-06-06,1825.0,1830.0,1796.0,1801.0,3652,1801.0,2026-09-03T19:35:09.316540+00:00
2021-06-07,1810.0,1845.0,1779.0,1790.0,4851,1790.0,2026-09-03T19:35:09.316540+00:00
2021-06-08,1800.0,1825.0,1755.0,1776.0,8352,1776.0,2026-09-03T19:35:09.316540+00:00
2021-06-09,1811.0,1815.0,1765.0,1799.0,5187,1799.0,2026-09-03T19:35:09.316540+00:00
2021-06-10,1770.0,1784.0,1770.0,1775.0,3265,1775.0,2026-09-03T19:35:09.316540+00:00
2021-06-13,1752.0,1862.0,1751.0,1862.0,9116,1862.0,2026-09-03T19:35:09.316540+00:00
2021-06-14,1955.0,1955.0,1841.0,1868.0,19096,1868.0,2026-09-03T19:35:09.316540+00:00
2021-06-15,1950.0,1950.0,1800.0,1829.0,7120,1829.0,2026-09-03T19:35:09.316540+00:00
2021-06-16,1800.0,1931.0,1800.0,1870.0,6815,1870.0,2026-09-03T19:35:09.316540+00:00
2021-06-17,1842.0,1850.0,1812.0,1835.0,3144,1835.0,2026-09-03T19:35:09.316540+00:00
2021-06-20,1871.0,1900.0,1760.0,1770.0,7059,1770.0,2026-09-03T19:35:09.316540+00:00
2021-06-21,1745.0,1785.0,1720.0,1742.0,3977,1742.0,2026-09-03T19:35:09.316540+00:00
2021-06-22,1750.0,1770.0,1730.0,1765.0,5317,1765.0,2026-09-03T19:35:09.316540+00:00
2021-06-23,1770.0,1775.0,1705.0,1709.0,2972,1709.0,2026-09-03T19:35:09.316540+00:00
2021-06-24,1700.0,1700.0,1685.0,1688.0,2875,1688.0,2026-09-03T19:35:09.316540+00:00
2021-06-27,1657.0,1750.0,1657.0,1708.0,1537,1708.0,2026-09-03T19:35:09.316540+00:00
2021-06-28,1712.0,1790.0,1712.0,1755.0,3384,1755.0,2026-09-03T19:35:09.316540+00:00
2021-06-29,1842.0,1842.0,1756.0,1760.0,4972,1760.0,2026-09-03T19:35:09.316540+00:00
2021-06-30,1730.0,1760.0,1730.0,1751.0,2392,1751.0,2026-09-03T19:35:09.316540+00:00
2021-07-01,1750.0,1765.0,1732.0,1740.0,1400,1740.0,2026-09-03T19:35:09.316540+00:00
2021-07-04,1720.0,1759.0,1708.0,1720.0,2262,1720.0,2026-09-03T19:35:09.316540+00:00
2021-07-05,1715.0,1733.0,1702.0,1710.0,3631,1710.0,2026-09-03T19:35:09.316540+00:00
2021-07-06,1701.0,1738.0,1701.0,1724.0,2540,1724.0,2026-09-03T19:35:09.316540+00:00
2021-07-07,1701.0,1753.0,1701.0,1730.0,2033,1730.0,2026-09-03T19:35:09.316540+00:00
2021-07-08,1760.0,1804.0,1731.0,1798.0,5430,1798.0,2026-09-03T19:35:09.316540+00:00
2021-07-11,1825.0,1885.0,1825.0,1875.0,6291,1875.0,2026-09-03T19:35:09.316540+00:00
2021-07-12,1865.0,1867.0,1821.0,1860.0,5274,1860.0,2026-09-03T19:35:09.316540+00:00
2021-07-13,1875.0,1880.0,1835.0,1835.0,2552,1835.0,2026-09-03T19:35:09.316540+00:00
2021-07-14,1836.0,1845.0,1818.0,1821.0,1373,1821.0,2026-09-03T19:35:09.316540+00:00
2021-07-15,1810.0,1885.0,1810.0,1865.0,3538,1865.0,2026-09-03T19:35:09.316540+00:00
2021-07-18,1900.0,1905.0,1865.0,1900.0,4949,1900.0,2026-09-03T19:35:09.316540+00:00
2021-07-19,1920.0,1920.0,1890.0,1915.0,4296,1915.0,2026-09-03T19:35:09.316540+00:00
2021-07-20,1915.0,1952.0,1880.0,1934.0,6132,1934.0,2026-09-03T19:35:09.316540+00:00
2021-07-22,1925.0,1961.0,1905.1,1910.0,3467,1910.0,2026-09-03T19:35:09.316540+00:00
2021-07-25,1910.0,1960.0,1900.1,1960.0,8036,1960.0,2026-09-03T19:35:09.316540+00:00
2021-07-26,1960.0,2103.0,1960.0,2049.8,7883,2049.8,2026-09-03T19:35:09.316540+00:00
2021-07-27,2009.0,2090.0,1935.0,1995.0,15785,1995.0,2026-09-03T19:35:09.316540+00:00
2021-07-28,1995.0,2030.0,1961.0,1988.0,3164,1988.0,2026-09-03T19:35:09.316540+00:00
2021-07-29,1985.0,2014.0,1983.0,1994.9,3661,1994.9,2026-09-03T19:35:09.316540+00:00
2021-08-01,2034.7,2035.0,1992.0,1996.1,7415,1996.1,2026-09-03T19:35:09.316540+00:00
2021-08-02,2028.0,2036.0,1992.0,2010.0,7701,2010.0,2026-09-03T19:35:09.316540+00:00
2021-08-03,2010.0,2135.0,2010.0,2120.0,15299,2120.0,2026-09-03T19:35:09.316540+00:00
2021-08-04,2140.0,2140.0,2009.0,2063.0,7686,2063.0,2026-09-03T19:35:09.316540+00:00
2021-08-05,2060.0,2079.0,2000.0,2015.0,8575,2015.0,2026-09-03T19:35:09.316540+00:00
2021-08-08,2015.0,2020.0,1940.0,1977.0,7105,1977.0,2026-09-03T19:35:09.316540+00:00
2021-08-09,1977.0,1980.0,1950.0,1970.0,4892,1970.0,2026-09-03T19:35:09.316540+00:00
2021-08-10,1940.0,2008.0,1930.0,1962.0,3180,1962.0,2026-09-03T19:35:09.316540+00:00
2021-08-11,1933.0,1979.0,1933.0,1945.1,4338,1945.1,2026-09-03T19:35:09.316540+00:00
2021-08-12,1950.0,1960.0,1866.0,1898.0,5367,1898.0,2026-09-03T19:35:09.316540+00:00
2021-08-15,1921.0,1999.0,1860.1,1950.0,6198,1950.0,2026-09-03T19:35:09.316540+00:00
2021-08-16,1955.0,2017.0,1921.0,1980.0,7619,1980.0,2026-09-03T19:35:09.316540+00:00
2021-08-17,1965.0,2000.0,1930.0,1936.0,2952,1936.0,2026-09-03T19:35:09.316540+00:00
2021-08-18,1898.0,1938.0,1865.0,1911.0,5484,1911.0,2026-09-03T19:35:09.316540+00:00
2021-08-19,1914.0,1950.4,1905.0,1905.0,4203,1905.0,2026-09-03T19:35:09.316540+00:00
2021-08-24,1900.0,1918.0,1867.0,1900.1,3751,1900.1,2026-09-03T19:35:09.316540+00:00
2021-08-25,1863.0,1900.0,1855.0,1878.0,2004,1878.0,2026-09-03T19:35:09.316540+00:00
2021-08-26,1851.0,1886.1,1851.0,1860.0,2682,1860.0,2026-09-03T19:35:09.316540+00:00
2021-08-29,1850.0,1879.0,1813.0,1813.1,3233,1813.1,2026-09-03T19:35:09.316540+00:00
2021-08-31,1802.0,1805.0,1735.0,1741.0,8976,1741.0,2026-09-03T19:35:09.316540+00:00
2021-09-01,1708.0,1774.0,1697.0,1726.0,11914,1726.0,2026-09-03T19:35:09.316540+00:00
2021-09-02,1727.0,1755.0,1685.0,1722.0,3979,1722.0,2026-09-03T19:35:09.316540+00:00
2021-09-05,1688.0,1724.0,1560.0,1650.0,6904,1650.0,2026-09-03T19:35:09.316540+00:00
2021-09-06,1683.0,1790.0,1630.1,1790.0,6978,1790.0,2026-09-03T19:35:09.316540+00:00
2021-09-07,1825.0,1825.0,1692.0,1730.0,4390,1730.0,2026-09-03T19:35:09.316540+00:00
2021-09-08,1720.0,1744.0,1681.0,1695.0,1769,1695.0,2026-09-03T19:35:09.316540+00:00
2021-09-09,1695.0,1700.1,1665.0,1675.0,1810,1675.0,2026-09-03T19:35:09.316540+00:00
2021-09-12,1662.0,1734.0,1662.0,1734.0,2492,1734.0,2026-09-03T19:35:09.316540+00:00
2021-09-13,1733.0,1750.0,1710.0,1740.0,2375,1740.0,2026-09-03T19:35:09.316540+00:00
2021-09-14,1722.0,1740.0,1713.0,1718.0,1068,1718.0,2026-09-03T19:35:09.316540+00:00
2021-09-15,1690.0,1710.0,1690.0,1699.0,1688,1699.0,2026-09-03T19:35:09.316540+00:00
2021-09-16,1705.0,1709.0,1610.0,1642.0,4573,1642.0,2026-09-03T19:35:09.316540+00:00
2021-09-20,1611.0,1642.0,1570.0,1597.0,3443,1597.0,2026-09-03T19:35:09.316540+00:00
2021-09-21,1566.0,1637.0,1540.0,1610.0,3236,1610.0,2026-09-03T19:35:09.316540+00:00
2021-09-22,1620.0,1693.0,1615.0,1658.0,2874,1658.0,2026-09-03T19:35:09.316540+00:00
2021-09-23,1665.0,1675.0,1626.0,1626.0,1214,1626.0,2026-09-03T19:35:09.316540+00:00
2021-09-26,1597.0,1597.1,1580.0,1590.0,1003,1590.0,2026-09-03T19:35:09.316540+00:00
2021-09-27,1560.0,1564.0,1530.0,1550.0,2850,1550.0,2026-09-03T19:35:09.316540+00:00
2021-09-28,1520.0,1550.0,1520.0,1550.0,2788,1550.0,2026-09-03T19:35:09.316540+00:00
2021-09-29,1522.0,1591.0,1521.0,1550.0,878,1550.0,2026-09-03T19:35:09.316540+00:00
2021-09-30,1570.0,1581.0,1519.0,1555.0,1777,1555.0,2026-09-03T19:35:09.316540+00:00
2021-10-03,1570.0,1580.0,1518.0,1518.0,359,1518.0,2026-09-03T19:35:09.316540+00:00
2021-10-04,1490.0,1639.0,1490.0,1581.0,2403,1581.0,2026-09-03T19:35:09.316540+00:00
2021-10-05,1612.0,1664.0,1600.0,1645.0,2652,1645.0,2026-09-03T19:35:09.316540+00:00
2021-10-06,1677.9,1809.0,1677.9,1800.0,10627,1800.0,2026-09-03T19:35:09.316540+00:00
2021-10-10,1820.0,1820.0,1745.0,1745.0,8360,1745.0,2026-09-03T19:35:09.316540+00:00
2021-10-11,1755.0,1755.0,1678.1,1740.0,2166,1740.0,2026-09-03T19:35:09.316540+00:00
2021-10-17,1740.0,1740.0,1675.0,1740.0,232,1740.0,2026-09-03T19:35:09.316540+00:00
2021-10-18,1706.0,1725.0,1654.0,1657.0,826,1657.0,2026-09-03T19:35:09.316540+00:00
2021-10-19,1624.0,1624.0,1572.0,1618.1,2714,1618.1,2026-09-03T19:35:09.316540+00:00
2021-10-20,1630.0,1650.4,1614.1,1644.0,1381,1644.0,2026-09-03T19:35:09.316540+00:00
2021-10-21,1640.0,1640.0,1583.3,1626.0,1839,1626.0,2026-09-03T19:35:09.316540+00:00
2021-10-24,1625.0,1690.0,1612.0,1690.0,2036,1690.0,2026-09-03T19:35:09.316540+00:00
2021-10-25,1660.0,1722.0,1660.0,1720.0,1853,1720.0,2026-09-03T19:35:09.316540+00:00
2021-10-26,1721.0,1738.0,1686.0,1720.9,3316,1720.9,2026-09-03T19:35:09.316540+00:00
2021-10-27,1700.0,1785.0,1700.0,1745.9,2210,1745.9,2026-09-03T19:35:09.316540+00:00
2021-10-28,1720.0,1783.0,1720.0,1778.0,4183,1778.0,2026-09-03T19:35:09.316540+00:00
2021-10-31,1778.0,1840.0,1778.0,1815.0,4668,1815.0,2026-09-03T19:35:09.316540+00:00
2021-11-01,1851.0,1864.0,1781.0,1830.0,6357,1830.0,2026-09-03T19:35:09.316540+00:00
2021-11-02,1830.0,1830.0,1775.0,1791.0,1328,1791.0,2026-09-03T19:35:09.316540+00:00
2021-11-03,1825.0,1825.0,1805.0,1822.0,1774,1822.0,2026-09-03T19:35:09.316540+00:00
2021-11-08,1786.0,1820.0,1766.0,1786.0,3159,1786.0,2026-09-03T19:35:09.316540+00:00
2021-11-09,1760.0,1760.0,1711.0,1739.0,3657,1739.0,2026-09-03T19:35:09.316540+00:00
2021-11-11,1739.0,1739.0,1685.1,1690.3,1892,1690.3,2026-09-03T19:35:09.316540+00:00
2021-11-14,1657.0,1703.4,1625.0,1699.0,8155,1699.0,2026-09-03T19:35:09.316540+00:00
2021-11-15,1676.0,1754.0,1672.0,1754.0,6704,1754.0,2026-09-03T19:35:09.316540+00:00
2021-11-16,1720.1,1789.0,1720.1,1760.0,3332,1760.0,2026-09-03T19:35:09.316540+00:00
2021-11-17,1725.0,1815.6,1725.0,1799.0,15521,1799.0,2026-09-03T19:35:09.316540+00:00
2021-11-18,1764.0,1804.0,1745.4,1804.0,6203,1804.0,2026-09-03T19:35:09.316540+00:00
2021-11-21,1840.0,1876.5,1781.0,1830.0,18884,1830.0,2026-09-03T19:35:09.316540+00:00
2021-11-22,1860.0,1866.6,1790.0,1807.0,6904,1807.0,2026-09-03T19:35:09.316540+00:00
2021-11-23,1775.0,1799.8,1761.0,1790.0,4021,1790.0,2026-09-03T19:35:09.316540+00:00
2021-11-24,1790.0,1790.0,1721.0,1783.0,1803,1783.0,2026-09-03T19:35:09.316540+00:00
2021-11-25,1783.0,1783.0,1740.0,1750.0,3127,1750.0,2026-09-03T19:35:09.316540+00:00
2021-11-28,1715.0,1726.0,1671.0,1685.0,3408,1685.0,2026-09-03T19:35:09.316540+00:00
2021-11-29,1655.0,1803.0,1651.3,1697.0,3427,1697.0,2026-09-03T19:35:09.316540+00:00
2021-11-30,1730.0,1730.0,1616.0,1616.0,2799,1616.0,2026-09-03T19:35:09.316540+00:00
2021-12-01,1648.0,1680.0,1620.0,1660.0,1869,1660.0,2026-09-03T19:35:09.316540+00:00
2021-12-02,1650.0,1650.0,1596.0,1620.0,9628,1620.0,2026-09-03T19:35:09.316540+00:00
2021-12-05,1588.0,1619.3,1559.0,1594.2,2981,1594.2,2026-09-03T19:35:09.316540+00:00
2021-12-06,1626.0,1626.0,1532.0,1619.0,5490,1619.0,2026-09-03T19:35:09.316540+00:00
2021-12-07,1651.3,1713.6,1568.0,1585.0,4863,1585.0,2026-09-03T19:35:09.316540+00:00
2021-12-08,1616.0,1616.0,1517.0,1540.0,3954,1540.0,2026-09-03T19:35:09.316540+00:00
2021-12-09,1510.0,1546.0,1509.3,1517.0,2846,1517.0,2026-09-03T19:35:09.316540+00:00
2021-12-12,1517.0,1532.0,1495.0,1495.0,2923,1495.0,2026-09-03T19:35:09.316540+00:00
2021-12-13,1480.0,1480.0,1435.0,1441.0,4761,1441.0,2026-09-03T19:35:09.316540+00:00
2021-12-14,1469.8,1549.0,1457.0,1518.1,1122,1518.1,2026-09-03T19:35:09.316540+00:00
2021-12-15,1548.4,1560.0,1492.0,1547.0,2851,1547.0,2026-09-03T19:35:09.316540+00:00
2021-12-16,1517.0,1524.0,1490.0,1492.4,2111,1492.4,2026-09-03T19:35:09.316540+00:00
2021-12-20,1463.0,1499.0,1441.0,1468.0,1133,1468.0,2026-09-03T19:35:09.316540+00:00
2021-12-21,1497.3,1568.0,1480.0,1565.0,4502,1565.0,2026-09-03T19:35:09.316540+00:00
2021-12-22,1594.0,1620.0,1541.0,1614.9,5318,1614.9,2026-09-03T19:35:09.316540+00:00
2021-12-23,1644.0,1669.0,1590.0,1639.0,8234,1639.0,2026-09-03T19:35:09.316540+00:00
2021-12-26,1669.0,1718.0,1640.0,1715.0,4452,1715.0,2026-09-03T19:35:09.316540+00:00
2021-12-27,1718.0,1749.3,1635.0,1650.0,4687,1650.0,2026-09-03T19:35:09.316540+00:00
2021-12-28,1683.0,1683.0,1610.0,1648.0,2212,1648.0,2026-09-03T19:35:09.316540+00:00
2021-12-29,1680.0,1700.0,1646.0,1670.0,11037,1670.0,2026-09-03T19:35:09.316540+00:00
2022-01-02,1330.0,1350.0,1304.0,1348.5,2259,1348.5,2026-09-03T19:35:09.316540+00:00
2022-01-03,1375.0,1397.9,1326.0,1395.0,5195,1395.0,2026-09-03T19:35:09.316540+00:00
2022-01-04,1422.9,1422.9,1380.0,1391.0,2407,1391.0,2026-09-03T19:35:09.316540+00:00
2022-01-05,1418.8,1418.8,1360.0,1390.0,4409,1390.0,2026-09-03T19:35:09.316540+00:00
2022-01-06,1417.8,1417.8,1370.0,1393.9,1496,1393.9,2026-09-03T19:35:09.316540+00:00
2022-01-09,1420.0,1444.0,1382.0,1417.9,7153,1417.9,2026-09-03T19:35:09.316540+00:00
2022-01-10,1420.0,1445.0,1402.1,1429.0,4931,1429.0,2026-09-03T19:35:09.316540+00:00
2022-01-11,1457.5,1553.0,1413.6,1544.0,9890,1544.0,2026-09-03T19:35:09.316540+00:00
2022-01-12,1544.0,1545.0,1500.0,1520.0,5892,1520.0,2026-09-03T19:35:09.316540+00:00
2022-01-13,1550.4,1550.4,1504.0,1550.0,3691,1550.0,2026-09-03T19:35:09.316540+00:00
2022-01-16,1581.0,1581.0,1540.0,1550.0,8535,1550.0,2026-09-03T19:35:09.316540+00:00
2022-01-17,1520.1,1545.0,1519.0,1529.0,3144,1529.0,2026-09-03T19:35:09.316540+00:00
2022-01-18,1520.0,1528.8,1463.2,1501.0,12771,1501.0,2026-09-03T19:35:09.316540+00:00
2022-01-19,1475.0,1477.0,1460.0,1462.0,1423,1462.0,2026-09-03T19:35:09.316540+00:00
2022-01-20,1491.2,1491.2,1440.0,1480.0,3680,1480.0,2026-09-03T19:35:09.316540+00:00
2022-01-23,1500.0,1500.0,1451.0,1468.0,3181,1468.0,2026-09-03T19:35:09.316540+00:00
2022-01-24,1450.0,1450.0,1407.0,1407.0,4509,1407.0,2026-09-03T19:35:09.316540+00:00
2022-01-25,1419.5,1440.0,1391.0,1424.0,5086,1424.0,2026-09-03T19:35:09.316540+00:00
2022-01-26,1405.0,1427.8,1397.2,1400.9,1399,1400.9,2026-09-03T19:35:09.316540+00:00
2022-01-27,1400.0,1415.0,1380.0,1380.0,4887,1380.0,2026-09-03T19:35:09.316540+00:00
2022-01-30,1407.6,1448.0,1407.6,1442.0,2341,1442.0,2026-09-03T19:35:09.316540+00:00
2022-01-31,1442.0,1442.0,1416.2,1418.0,6005,1418.0,2026-09-03T19:35:09.316540+00:00
2022-02-01,1425.0,1446.0,1418.1,1423.0,4128,1423.0,2026-09-03T19:35:09.316540+00:00
2022-02-03,1395.0,1451.0,1395.0,1416.0,2503,1416.0,2026-09-03T19:35:09.316540+00:00
2022-02-06,1410.0,1411.5,1375.1,1390.0,3250,1390.0,2026-09-03T19:35:09.316540+00:00
2022-02-07,1400.0,1400.0,1380.0,1380.0,3460,1380.0,2026-09-03T19:35:09.316540+00:00
2022-02-08,1407.6,1434.0,1370.0,1385.0,4054,1385.0,2026-09-03T19:35:09.316540+00:00
2022-02-09,1412.7,1412.7,1347.0,1378.0,2555,1378.0,2026-09-03T19:35:09.316540+00:00
2022-02-10,1361.0,1365.0,1346.0,1349.0,1480,1349.0,2026-09-03T19:35:09.316540+00:00
2022-02-13,1322.1,1329.0,1285.0,1290.0,3343,1290.0,2026-09-03T19:35:09.316540+00:00
2022-02-14,1315.0,1315.0,1268.0,1275.0,3789,1275.0,2026-09-03T19:35:09.316540+00:00
2022-02-15,1300.0,1322.0,1275.0,1322.0,2614,1322.0,2026-09-03T19:35:09.316540+00:00
2022-02-16,1348.4,1348.4,1285.0,1285.3,2470,1285.3,2026-09-03T19:35:09.316540+00:00
2022-02-17,1311.0,1330.0,1286.0,1309.0,1580,1309.0,2026-09-03T19:35:09.316540+00:00
2022-02-20,1335.1,1335.1,1255.0,1270.0,2801,1270.0,2026-09-03T19:35:09.316540+00:00
2022-02-21,1295.4,1321.3,1255.0,1274.0,2333,1274.0,2026-09-03T19:35:09.316540+00:00
2022-02-22,1299.4,1299.4,1272.0,1296.9,1710,1296.9,2026-09-03T19:35:09.316540+00:00
2022-02-23,1322.8,1322.8,1267.0,1284.0,2689,1284.0,2026-09-03T19:35:09.316540+00:00
2022-02-24,1309.6,1309.6,1230.0,1230.0,7076,1230.0,2026-09-03T19:35:09.316540+00:00
2022-02-27,1245.0,1253.0,1223.0,1239.0,1657,1239.0,2026-09-03T19:35:09.316540+00:00
2022-02-28,1263.0,1263.0,1200.0,1205.0,4426,1205.0,2026-09-03T19:35:09.316540+00:00
2022-03-02,1201.0,1223.0,1180.9,1190.0,2398,1190.0,2026-09-03T19:35:09.316540+00:00
2022-03-06,1213.0,1213.0,1170.0,1180.0,1315,1180.0,2026-09-03T19:35:09.316540+00:00
2022-03-07,1170.0,1200.0,1161.0,1188.7,774,1188.7,2026-09-03T19:35:09.316540+00:00
2022-03-09,1180.0,1180.0,1157.0,1157.0,1130,1157.0,2026-09-03T19:35:09.316540+00:00
2022-03-10,1144.0,1193.0,1144.0,1175.0,2116,1175.0,2026-09-03T19:35:09.316540+00:00
2022-03-13,1190.0,1221.0,1190.0,1215.0,2867,1215.0,2026-09-03T19:35:09.316540+00:00
2022-03-14,1220.0,1220.0,1205.0,1206.0,125,1206.0,2026-09-03T19:35:09.316540+00:00
2022-03-15,1196.0,1206.0,1194.0,1194.0,2039,1194.0,2026-09-03T19:35:09.316540+00:00
2022-03-16,1185.0,1190.2,1181.0,1190.2,1808,1190.2,2026-09-03T19:35:09.316540+00:00
2022-03-20,1200.0,1214.0,1166.4,1194.0,1044,1194.0,2026-09-03T19:35:09.316540+00:00
2022-03-21,1217.8,1217.8,1172.0,1199.0,1050,1199.0,2026-09-03T19:35:09.316540+00:00
2022-03-22,1210.0,1210.0,1199.1,1203.0,942,1203.0,2026-09-03T19:35:09.316540+00:00
2022-03-23,1210.0,1210.0,1187.0,1200.0,135,1200.0,2026-09-03T19:35:09.316540+00:00
2022-03-24,1201.0,1206.6,1182.1,1195.2,1226,1195.2,2026-09-03T19:35:09.316540+00:00
2022-03-27,1219.0,1220.0,1180.0,1180.3,495,1180.3,2026-09-03T19:35:09.316540+00:00
2022-03-28,1175.1,1176.1,1150.0,1156.0,1383,1156.0,2026-09-03T19:35:09.316540+00:00
2022-03-29,1141.0,1160.0,1138.1,1143.0,1835,1143.0,2026-09-03T19:35:09.316540+00:00
2022-03-30,1145.0,1157.0,1143.0,1157.0,1483,1157.0,2026-09-03T19:35:09.316540+00:00
2022-03-31,1175.0,1175.0,1140.0,1159.8,1807,1159.8,2026-09-03T19:35:09.316540+00:00
2022-04-03,1150.0,1150.0,1134.5,1145.0,590,1145.0,2026-09-03T19:35:09.316540+00:00
2022-04-04,1133.0,1145.0,1131.1,1144.0,416,1144.0,2026-09-03T19:35:09.316540+00:00
2022-04-05,1122.0,1122.0,1101.2,1104.1,2197,1104.1,2026-09-03T19:35:09.316540+00:00
2022-04-06,1100.0,1121.0,1091.0,1099.0,753,1099.0,2026-09-03T19:35:09.316540+00:00
2022-04-07,1089.0,1125.0,1085.0,1110.0,1340,1110.0,2026-09-03T19:35:09.316540+00:00
2022-04-11,1132.0,1145.0,1095.0,1095.0,1100,1095.0,2026-09-03T19:35:09.316540+00:00
2022-04-12,1076.0,1095.0,1063.0,1063.0,1215,1063.0,2026-09-03T19:35:09.316540+00:00
2022-04-13,1084.0,1127.1,1038.8,1127.1,1953,1127.1,2026-09-03T19:35:09.316540+00:00
2022-04-17,1131.0,1147.0,1095.0,1127.0,2936,1127.0,2026-09-03T19:35:09.316540+00:00
2022-04-18,1143.0,1143.0,1083.0,1110.0,686,1110.0,2026-09-03T19:35:09.316540+00:00
2022-04-19,1088.0,1132.2,1070.0,1132.2,3618,1132.2,2026-09-03T19:35:09.316540+00:00
2022-04-20,1154.0,1154.0,1091.0,1110.0,1987,1110.0,2026-09-03T19:35:09.316540+00:00
2022-04-21,1091.0,1100.0,1066.1,1100.0,1547,1100.0,2026-09-03T19:35:09.316540+00:00
2022-04-24,1122.0,1144.4,1101.0,1140.0,3354,1140.0,2026-09-03T19:35:09.316540+00:00
2022-04-25,1162.8,1162.8,1097.6,1136.0,3282,1136.0,2026-09-03T19:35:09.316540+00:00
2022-04-26,1158.7,1158.7,1095.0,1110.0,2080,1110.0,2026-09-03T19:35:09.316540+00:00
2022-04-27,1087.8,1109.0,1080.0,1091.0,2236,1091.0,2026-09-03T19:35:09.316540+00:00
2022-04-28,1112.8,1112.8,1070.1,1080.1,1706,1080.1,2026-09-03T19:35:09.316540+00:00
2022-05-02,1080.0,1080.0,1050.0,1052.0,938,1052.0,2026-09-03T19:35:09.316540+00:00
2022-05-04,1031.0,1051.0,1027.0,1027.0,1352,1027.0,2026-09-03T19:35:09.316540+00:00
2022-05-05,1011.0,1024.9,989.8,1002.0,1759,1002.0,2026-09-03T19:35:09.316540+00:00
2022-05-08,1002.0,1002.0,990.0,999.0,845,999.0,2026-09-03T19:35:09.316540+00:00
2022-05-09,1001.0,1050.6,1001.0,1040.0,1509,1040.0,2026-09-03T19:35:09.316540+00:00
2022-05-10,1060.0,1080.0,1059.0,1080.0,583,1080.0,2026-09-03T19:35:09.316540+00:00
2022-05-11,1080.0,1112.0,1075.0,1112.0,1236,1112.0,2026-09-03T19:35:09.316540+00:00
2022-05-12,1134.2,1134.2,1070.0,1088.0,1488,1088.0,2026-09-03T19:35:09.316540+00:00
2022-05-17,1067.0,1067.0,1020.0,1028.0,1248,1028.0,2026-09-03T19:35:09.316540+00:00
2022-05-18,1010.0,1060.8,1002.0,1040.0,1725,1040.0,2026-09-03T19:35:09.316540+00:00
2022-05-19,1060.8,1060.8,1012.0,1019.0,498,1019.0,2026-09-03T19:35:09.316540+00:00
2022-05-20,1010.0,1037.9,1010.0,1030.0,739,1030.0,2026-09-03T19:35:09.316540+00:00
2022-05-23,1010.0,1019.9,995.0,997.0,2018,997.0,2026-09-03T19:35:09.316540+00:00
2022-05-24,985.0,1036.3,980.0,1011.0,752,1011.0,2026-09-03T19:35:09.316540+00:00
2022-05-25,1019.0,1029.0,1000.0,1000.0,2154,1000.0,2026-09-03T19:35:09.316540+00:00
2022-05-26,983.0,1018.0,983.0,1000.0,1805,1000.0,2026-09-03T19:35:09.316540+00:00
2022-05-27,1019.9,1019.9,992.0,1000.0,847,1000.0,2026-09-03T19:35:09.316540+00:00
2022-05-30,981.0,999.0,975.0,975.0,1865,975.0,2026-09-03T19:35:09.316540+00:00
2022-05-31,956.0,981.0,945.0,956.1,2665,956.1,2026-09-03T19:35:09.316540+00:00
2022-06-01,975.0,975.0,940.0,950.0,2226,950.0,2026-09-03T19:35:09.316540+00:00
2022-06-02,960.0,960.0,933.0,938.0,1674,938.0,2026-09-03T19:35:09.316540+00:00
2022-06-03,938.0,940.0,884.0,909.0,6007,909.0,2026-09-03T19:35:09.316540+00:00
2022-06-06,910.0,927.0,892.5,912.0,1182,912.0,2026-09-03T19:35:09.316540+00:00
2022-06-07,928.0,930.0,896.0,928.0,2760,928.0,2026-09-03T19:35:09.316540+00:00
2022-06-08,930.0,965.0,911.5,950.0,2181,950.0,2026-09-03T19:35:09.316540+00:00
2022-06-09,965.0,965.0,927.0,927.0,2098,927.0,2026-09-03T19:35:09.316540+00:00
2022-06-10,927.0,938.0,901.0,925.0,1488,925.0,2026-09-03T19:35:09.316540+00:00
2022-06-13,926.0,939.9,912.0,912.0,665,912.0,2026-09-03T19:35:09.316540+00:00
2022-06-14,920.0,929.0,884.0,885.0,1215,885.0,2026-09-03T19:35:09.316540+00:00
2022-06-15,890.0,890.3,868.0,875.5,1320,875.5,2026-09-03T19:35:09.316540+00:00
2022-06-16,875.0,900.0,875.0,885.0,574,885.0,2026-09-03T19:35:09.316540+00:00
2022-06-17,895.0,899.0,891.0,899.0,199,899.0,2026-09-03T19:35:09.316540+00:00
2022-06-19,895.0,916.0,882.0,916.0,1388,916.0,2026-09-03T19:35:09.316540+00:00
2022-06-20,897.7,899.0,865.0,886.5,3412,886.5,2026-09-03T19:35:09.316540+00:00
2022-06-21,886.5,954.0,883.0,949.0,1759,949.0,2026-09-03T19:35:09.316540+00:00
2022-06-22,930.1,935.0,901.0,929.0,720,929.0,2026-09-03T19:35:09.316540+00:00
2022-06-23,911.0,911.0,870.0,889.0,1030,889.0,2026-09-03T19:35:09.316540+00:00
2022-06-24,878.0,936.3,872.0,936.3,1285,936.3,2026-09-03T19:35:09.316540+00:00
2022-06-26,941.0,970.0,939.0,970.0,5823,970.0,2026-09-03T19:35:09.316540+00:00
2022-06-27,975.0,975.0,931.0,960.0,2248,960.0,2026-09-03T19:35:09.316540+00:00
2022-06-28,941.0,950.0,927.0,938.9,563,938.9,2026-09-03T19:35:09.316540+00:00
2022-06-29,920.5,965.0,920.5,960.0,2653,960.0,2026-09-03T19:35:09.316540+00:00
2022-06-30,960.0,1028.0,960.0,1015.0,5045,1015.0,2026-09-03T19:35:09.316540+00:00
2022-07-01,995.0,1030.1,975.2,1000.0,2196,1000.0,2026-09-03T19:35:09.316540+00:00
2022-07-03,980.0,1030.0,980.0,1029.9,2891,1029.9,2026-09-03T19:35:09.316540+00:00
2022-07-04,1021.0,1081.9,991.0,991.0,8086,991.0,2026-09-03T19:35:09.316540+00:00
2022-07-05,980.0,1030.2,965.4,1030.2,4853,1030.2,2026-09-03T19:35:09.316540+00:00
2022-07-06,1009.6,1009.6,972.0,1009.0,1958,1009.0,2026-09-03T19:35:09.316540+00:00
2022-07-07,1005.0,1015.0,975.2,980.0,1470,980.0,2026-09-03T19:35:09.316540+00:00
2022-07-08,974.0,999.0,961.2,999.0,2724,999.0,2026-09-03T19:35:09.316540+00:00
2022-07-11,985.0,999.0,923.0,938.0,2469,938.0,2026-09-03T19:35:09.316540+00:00
2022-07-12,954.0,970.0,917.2,964.0,2913,964.0,2026-09-03T19:35:09.316540+00:00
2022-07-13,945.1,998.9,944.8,997.0,2924,997.0,2026-09-03T19:35:09.316540+00:00
2022-07-14,997.0,1000.0,979.0,994.9,1876,994.9,2026-09-03T19:35:09.316540+00:00
2022-07-15,976.0,990.0,968.0,990.0,1005,990.0,2026-09-03T19:35:09.316540+00:00
2022-07-17,976.1,990.0,970.2,985.0,1773,985.0,2026-09-03T19:35:09.316540+00:00
2022-07-18,969.0,1000.0,969.0,1000.0,1331,1000.0,2026-09-03T19:35:09.316540+00:00
2022-07-19,1020.0,1050.0,1019.2,1040.0,5154,1040.0,2026-09-03T19:35:09.316540+00:00
2022-07-20,1025.0,1045.0,1012.0,1025.0,1849,1025.0,2026-09-03T19:35:09.316540+00:00
2022-07-21,1011.0,1019.0,1004.5,1010.0,1812,1010.0,2026-09-03T19:35:09.316540+00:00
2022-07-22,990.0,993.0,982.2,982.3,2234,982.3,2026-09-03T19:35:09.316540+00:00
2022-07-24,1000.0,1030.3,985.1,1030.0,1482,1030.0,2026-09-03T19:35:09.316540+00:00
2022-07-25,1050.0,1090.0,1040.0,1052.6,5334,1052.6,2026-09-03T19:35:09.316540+00:00
2022-07-26,1049.0,1055.0,1030.0,1030.0,2997,1030.0,2026-09-03T19:35:09.316540+00:00
2022-07-27,1030.0,1065.5,1015.2,1041.0,4580,1041.0,2026-09-03T19:35:09.316540+00:00
2022-07-28,1041.0,1096.0,1041.0,1090.0,6694,1090.0,2026-09-03T19:35:09.316540+00:00
2022-07-29,1095.0,1107.0,1060.0,1077.0,2281,1077.0,2026-09-03T19:35:09.316540+00:00
2022-07-31,1065.0,1111.0,1065.0,1092.0,4853,1092.0,2026-09-03T19:35:09.316540+00:00
2022-08-01,1113.8,1113.8,1061.0,1070.0,3103,1070.0,2026-09-03T19:35:09.316540+00:00
2022-08-02,1060.0,1071.0,1049.0,1063.0,1302,1063.0,2026-09-03T19:35:09.316540+00:00
2022-08-03,1065.0,1075.0,1047.0,1070.0,2061,1070.0,2026-09-03T19:35:09.316540+00:00
2022-08-04,1050.0,1074.9,1035.0,1060.0,3924,1060.0,2026-09-03T19:35:09.316540+00:00
2022-08-05,1060.0,1060.0,1025.0,1043.0,1274,1043.0,2026-09-03T19:35:09.316540+00:00
2022-08-07,1063.8,1063.8,1031.0,1038.8,1478,1038.8,2026-09-03T19:35:09.316540+00:00
2022-08-08,1050.0,1059.0,1027.1,1040.0,2275,1040.0,2026-09-03T19:35:09.316540+00:00
2022-08-09,1020.0,1045.0,1000.0,1017.5,1838,1017.5,2026-09-03T19:35:09.316540+00:00
2022-08-10,999.0,1015.0,986.0,998.0,1048,998.0,2026-09-03T19:35:09.316540+00:00
2022-08-11,989.1,1017.0,980.0,994.0,1582,994.0,2026-09-03T19:35:09.316540+00:00
2022-08-14,990.0,990.0,975.0,975.0,1325,975.0,2026-09-03T19:35:09.316540+00:00
2022-08-15,994.5,1009.0,980.0,1009.0,2199,1009.0,2026-09-03T19:35:09.316540+00:00
2022-08-16,1028.9,1028.9,988.3,992.0,1053,992.0,2026-09-03T19:35:09.316540+00:00
2022-08-17,990.0,1008.7,985.0,1008.0,623,1008.0,2026-09-03T19:35:09.316540+00:00
2022-08-18,1009.0,1018.8,989.0,1018.8,1734,1018.8,2026-09-03T19:35:09.316540+00:00
2022-08-21,998.7,1018.0,998.6,1018.0,1199,1018.0,2026-09-03T19:35:09.316540+00:00
2022-08-22,1036.0,1036.0,997.8,1000.0,756,1000.0,2026-09-03T19:35:09.316540+00:00
2022-08-23,981.3,999.0,981.3,995.0,707,995.0,2026-09-03T19:35:09.316540+00:00
2022-08-24,990.0,1009.0,977.0,999.0,2430,999.0,2026-09-03T19:35:09.316540+00:00
2022-08-25,1015.0,1015.0,991.0,999.9,1564,999.9,2026-09-03T19:35:09.316540+00:00
2022-08-26,1019.8,1019.8,980.0,981.5,941,981.5,2026-09-03T19:35:09.316540+00:00
2022-08-28,970.0,976.9,951.1,970.0,824,970.0,2026-09-03T19:35:09.316540+00:00
2022-08-29,970.0,980.0,953.1,968.9,956,968.9,2026-09-03T19:35:09.316540+00:00
2022-08-30,954.0,979.0,951.0,979.0,915,979.0,2026-09-03T19:35:09.316540+00:00
2022-08-31,968.0,968.0,950.1,965.0,183,965.0,2026-09-03T19:35:09.316540+00:00
2022-09-01,970.0,970.0,940.0,969.9,712,969.9,2026-09-03T19:35:09.316540+00:00
2022-09-02,951.0,965.0,932.0,950.0,1022,950.0,2026-09-03T19:35:09.316540+00:00
2022-09-04,940.0,965.0,936.0,950.0,740,950.0,2026-09-03T19:35:09.316540+00:00
2022-09-05,969.0,969.0,944.0,944.0,510,944.0,2026-09-03T19:35:09.316540+00:00
2022-09-06,926.1,940.0,926.1,929.0,435,929.0,2026-09-03T19:35:09.316540+00:00
2022-09-07,911.2,952.0,900.0,952.0,1166,952.0,2026-09-03T19:35:09.316540+00:00
2022-09-08,933.0,945.0,933.0,937.0,136,937.0,2026-09-03T19:35:09.316540+00:00
2022-09-11,924.0,930.0,902.3,908.0,703,908.0,2026-09-03T19:35:09.316540+00:00
2022-09-12,915.0,915.0,895.0,899.0,472,899.0,2026-09-03T19:35:09.316540+00:00
2022-09-13,916.5,916.5,896.1,910.0,801,910.0,2026-09-03T19:35:09.316540+00:00
2022-09-14,928.0,946.0,912.0,940.0,1402,940.0,2026-09-03T19:35:09.316540+00:00
2022-09-15,925.0,935.0,908.0,920.0,1309,920.0,2026-09-03T19:35:09.316540+00:00
2022-09-16,901.6,909.8,890.0,909.8,1341,909.8,2026-09-03T19:35:09.316540+00:00
2022-09-18,896.0,900.0,878.1,889.0,1340,889.0,2026-09-03T19:35:09.316540+00:00
2022-09-20,872.0,890.0,853.9,875.0,1743,875.0,2026-09-03T19:35:09.316540+00:00
2022-09-21,892.5,892.5,875.1,890.0,394,890.0,2026-09-03T19:35:09.316540+00:00
2022-09-22,885.0,890.0,872.0,876.0,503,876.0,2026-09-03T19:35:09.316540+00:00
2022-09-25,859.0,889.0,849.0,889.0,1831,889.0,2026-09-03T19:35:09.316540+00:00
2022-09-27,899.0,899.0,872.0,892.9,372,892.9,2026-09-03T19:35:09.316540+00:00
2022-09-28,885.0,891.0,870.0,887.0,2469,887.0,2026-09-03T19:35:09.316540+00:00
2022-09-29,880.0,895.0,880.0,895.0,604,895.0,2026-09-03T19:35:09.316540+00:00
2022-10-09,900.0,923.1,890.0,923.1,637,923.1,2026-09-03T19:35:09.316540+00:00
2022-10-10,941.5,941.5,899.0,914.0,887,914.0,2026-09-03T19:35:09.316540+00:00
2022-10-11,899.0,908.0,891.0,892.0,336,892.0,2026-09-03T19:35:09.316540+00:00
2022-10-12,885.0,927.9,880.1,927.0,1261,927.0,2026-09-03T19:35:09.316540+00:00
2022-10-13,915.0,922.0,910.2,922.0,260,922.0,2026-09-03T19:35:09.316540+00:00
2022-10-16,904.0,905.0,890.1,895.0,419,895.0,2026-09-03T19:35:09.316540+00:00
2022-10-17,889.2,929.0,889.2,929.0,216,929.0,2026-09-03T19:35:09.316540+00:00
2022-10-19,915.0,919.9,888.0,919.9,691,919.9,2026-09-03T19:35:09.316540+00:00
2022-10-20,901.8,907.0,884.0,907.0,571,907.0,2026-09-03T19:35:09.316540+00:00
2022-10-23,895.0,920.5,890.0,920.5,259,920.5,2026-09-03T19:35:09.316540+00:00
2022-10-31,921.0,921.0,900.0,915.0,558,915.0,2026-09-03T19:35:09.316540+00:00
2022-11-01,900.0,925.0,900.0,917.1,1224,917.1,2026-09-03T19:35:09.316540+00:00
2022-11-02,935.4,935.4,911.0,934.7,1543,934.7,2026-09-03T19:35:09.316540+00:00
2022-11-03,916.1,929.0,907.0,920.0,427,920.0,2026-09-03T19:35:09.316540+00:00
2022-11-06,920.1,976.0,919.3,975.9,3121,975.9,2026-09-03T19:35:09.316540+00:00
2022-11-07,960.0,969.0,941.0,965.0,1974,965.0,2026-09-03T19:35:09.316540+00:00
2022-11-08,965.0,968.0,946.0,968.0,395,968.0,2026-09-03T19:35:09.316540+00:00
2022-11-09,950.0,967.0,927.0,945.0,1676,945.0,2026-09-03T19:35:09.316540+00:00
2022-11-10,962.0,962.0,915.0,920.0,965,920.0,2026-09-03T19:35:09.316540+00:00
2022-11-13,901.6,907.0,880.0,904.9,591,904.9,2026-09-03T19:35:09.316540+00:00
2022-11-14,900.0,900.0,870.0,900.0,744,900.0,2026-09-03T19:35:09.316540+00:00
2022-11-15,885.0,890.2,865.0,865.0,1803,865.0,2026-09-03T19:35:09.316540+00:00
2022-11-16,870.0,892.0,870.0,889.9,1168,889.9,2026-09-03T19:35:09.316540+00:00
2022-11-17,907.6,925.7,872.2,925.7,765,925.7,2026-09-03T19:35:09.316540+00:00
2022-11-22,908.1,915.0,890.0,892.0,1495,892.0,2026-09-03T19:35:09.316540+00:00
2022-11-23,895.0,895.0,865.0,890.0,810,890.0,2026-09-03T19:35:09.316540+00:00
2022-11-24,876.1,907.0,866.0,907.0,2005,907.0,2026-09-03T19:35:09.316540+00:00
2022-11-27,917.0,950.0,890.0,950.0,1279,950.0,2026-09-03T19:35:09.316540+00:00
2022-11-28,932.1,935.0,906.0,919.0,1070,919.0,2026-09-03T19:35:09.316540+00:00
2022-11-29,936.0,936.0,900.0,932.0,777,932.0,2026-09-03T19:35:09.316540+00:00
2022-11-30,929.9,929.9,901.0,924.5,833,924.5,2026-09-03T19:35:09.316540+00:00
2022-12-01,909.1,917.0,892.1,902.3,1295,902.3,2026-09-03T19:35:09.316540+00:00
2022-12-04,892.0,919.0,885.0,919.0,1589,919.0,2026-09-03T19:35:09.316540+00:00
2022-12-05,901.0,902.0,890.0,890.0,999,890.0,2026-09-03T19:35:09.316540+00:00
2022-12-06,880.0,897.0,877.0,896.0,1043,896.0,2026-09-03T19:35:09.316540+00:00
2022-12-07,880.0,897.0,880.0,897.0,189,897.0,2026-09-03T19:35:09.316540+00:00
2022-12-11,879.2,892.0,860.0,879.0,1553,879.0,2026-09-03T19:35:09.316540+00:00
2022-12-12,896.5,904.0,891.0,901.0,222,901.0,2026-09-03T19:35:09.316540+00:00
2022-12-13,890.0,895.0,860.5,881.0,2850,881.0,2026-09-03T19:35:09.316540+00:00
2022-12-14,864.0,870.0,850.1,870.0,1453,870.0,2026-09-03T19:35:09.316540+00:00
2022-12-15,870.0,883.0,861.0,883.0,795,883.0,2026-09-03T19:35:09.316540+00:00
2022-12-18,866.0,882.0,865.4,865.4,523,865.4,2026-09-03T19:35:09.316540+00:00
2022-12-19,860.0,872.0,855.0,872.0,164,872.0,2026-09-03T19:35:09.316540+00:00
2022-12-20,870.0,889.0,870.0,889.0,1281,889.0,2026-09-03T19:35:09.316540+00:00
2022-12-21,872.0,901.0,872.0,901.0,325,901.0,2026-09-03T19:35:09.316540+00:00
2022-12-22,888.0,900.0,880.0,898.5,228,898.5,2026-09-03T19:35:09.316540+00:00
2022-12-26,911.0,915.0,892.0,913.0,514,913.0,2026-09-03T19:35:09.316540+00:00
2022-12-27,916.0,931.0,902.0,927.0,4978,927.0,2026-09-03T19:35:09.316540+00:00
2022-12-28,930.0,930.0,895.0,900.0,539,900.0,2026-09-03T19:35:09.316540+00:00
2022-12-29,888.0,928.0,888.0,928.0,1167,928.0,2026-09-03T19:35:09.316540+00:00
2023-01-01,910.1,930.0,900.0,915.0,3404,915.0,2026-09-03T19:35:09.316540+00:00
2023-01-02,920.0,920.0,897.0,913.9,1618,913.9,2026-09-03T19:35:09.316540+00:00
2023-01-03,901.0,950.0,899.0,939.0,3190,939.0,2026-09-03T19:35:09.316540+00:00
2023-01-04,933.0,994.0,933.0,994.0,5502,994.0,2026-09-03T19:35:09.316540+00:00
2023-01-05,1013.8,1032.0,973.0,1000.2,3442,1000.2,2026-09-03T19:35:09.316540+00:00
2023-01-08,1000.3,1008.9,963.0,991.0,4688,991.0,2026-09-03T19:35:09.316540+00:00
2023-01-09,985.0,1007.7,985.0,1004.9,3609,1004.9,2026-09-03T19:35:09.316540+00:00
2023-01-10,1024.0,1024.9,964.0,967.1,4949,967.1,2026-09-03T19:35:09.316540+00:00
2023-01-12,986.4,990.0,942.1,958.0,3459,958.0,2026-09-03T19:35:09.316540+00:00
2023-01-17,977.1,1030.0,977.1,1029.0,11177,1029.0,2026-09-03T19:35:09.316540+00:00
2023-01-18,1032.0,1048.0,1014.8,1025.9,2826,1025.9,2026-09-03T19:35:09.316540+00:00
2023-01-19,1030.0,1030.0,1007.1,1007.1,2291,1007.1,2026-09-03T19:35:09.316540+00:00
2023-01-23,1000.0,1022.0,993.0,995.0,4012,995.0,2026-09-03T19:35:09.316540+00:00
2023-01-24,977.1,1000.0,977.1,990.0,2578,990.0,2026-09-03T19:35:09.316540+00:00
2023-01-25,998.0,1025.0,998.0,1015.0,1802,1015.0,2026-09-03T19:35:09.316540+00:00
2023-01-26,1015.0,1025.0,1000.0,1016.0,1584,1016.0,2026-09-03T19:35:09.316540+00:00
2023-01-29,996.0,1014.0,995.7,1005.0,1285,1005.0,2026-09-03T19:35:09.316540+00:00
2023-01-30,985.0,1005.0,980.0,990.0,1704,990.0,2026-09-03T19:35:09.316540+00:00
2023-01-31,971.1,984.9,938.0,956.0,8608,956.0,2026-09-03T19:35:09.316540+00:00
2023-02-01,970.0,978.0,942.0,978.0,4130,978.0,2026-09-03T19:35:09.316540+00:00
2023-02-02,997.0,997.0,975.1,984.0,2649,984.0,2026-09-03T19:35:09.316540+00:00
2023-02-05,990.0,1001.0,973.0,973.0,7359,973.0,2026-09-03T19:35:09.316540+00:00
2023-02-06,956.0,993.0,956.0,990.0,3077,990.0,2026-09-03T19:35:09.316540+00:00
2023-02-07,1000.0,1020.0,1000.0,1014.9,4541,1014.9,2026-09-03T19:35:09.316540+00:00
2023-02-08,1003.0,1030.0,996.0,1019.0,4260,1019.0,2026-09-03T19:35:09.316540+00:00
2023-02-09,1019.0,1019.0,999.0,1000.0,2658,1000.0,2026-09-03T19:35:09.316540+00:00
2023-02-12,1005.0,1005.0,982.1,998.0,3512,998.0,2026-09-03T19:35:09.316540+00:00
2023-02-14,831.0,831.0,812.0,812.0,4533,812.0,2026-09-03T19:35:09.316540+00:00
2023-02-15,803.0,813.1,797.0,797.0,3560,797.0,2026-09-03T19:35:09.316540+00:00
2023-02-16,799.0,799.0,780.0,780.0,1182,780.0,2026-09-03T19:35:09.316540+00:00
2023-02-20,775.0,775.0,751.2,751.2,1595,751.2,2026-09-03T19:35:09.316540+00:00
2023-02-22,740.0,752.5,740.0,746.0,1474,746.0,2026-09-03T19:35:09.316540+00:00
2023-02-23,732.0,732.0,671.4,680.0,8940,680.0,2026-09-03T19:35:09.316540+00:00
2023-02-26,667.0,710.0,650.0,708.0,3121,708.0,2026-09-03T19:35:09.316540+00:00
2023-02-27,718.0,718.0,676.2,705.0,3363,705.0,2026-09-03T19:35:09.316540+00:00
2023-02-28,715.0,715.0,695.1,713.0,438,713.0,2026-09-03T19:35:09.316540+00:00
2023-03-01,698.8,698.8,685.0,689.0,416,689.0,2026-09-03T19:35:09.316540+00:00
2023-03-02,677.0,686.9,650.0,686.9,2692,686.9,2026-09-03T19:35:09.316540+00:00
2023-03-05,692.0,693.0,645.1,662.0,2172,662.0,2026-09-03T19:35:09.316540+00:00
2023-03-07,650.1,675.2,650.1,668.0,472,668.0,2026-09-03T19:35:09.316540+00:00
2023-03-09,678.0,681.0,669.0,681.0,1178,681.0,2026-09-03T19:35:09.316540+00:00
2023-03-12,688.0,689.0,656.1,666.0,1500,666.0,2026-09-03T19:35:09.316540+00:00
2023-03-13,670.0,670.0,657.0,658.1,587,658.1,2026-09-03T19:35:09.316540+00:00
2023-03-14,646.1,658.0,646.0,658.0,375,658.0,2026-09-03T19:35:09.316540+00:00
2023-03-15,650.0,662.0,635.0,662.0,1331,662.0,2026-09-03T19:35:09.316540+00:00
2023-03-16,665.0,665.0,617.0,646.0,645,646.0,2026-09-03T19:35:09.316540+00:00
2023-03-19,634.1,635.0,624.0,635.0,509,635.0,2026-09-03T19:35:09.316540+00:00
2023-03-20,645.0,645.0,620.0,632.4,1846,632.4,2026-09-03T19:35:09.316540+00:00
2023-03-22,630.0,630.0,617.4,630.0,1755,630.0,2026-09-03T19:35:09.316540+00:00
2023-03-23,620.0,625.0,594.0,625.0,2100,625.0,2026-09-03T19:35:09.316540+00:00
2023-03-26,613.0,623.0,596.0,607.0,2453,607.0,2026-09-03T19:35:09.316540+00:00
2023-03-27,618.0,618.0,593.6,607.0,291,607.0,2026-09-03T19:35:09.316540+00:00
2023-03-28,610.0,637.0,598.1,637.0,1466,637.0,2026-09-03T19:35:09.316540+00:00
2023-03-29,636.0,636.0,601.0,634.0,1175,634.0,2026-09-03T19:35:09.316540+00:00
2023-03-30,632.0,634.0,613.0,634.0,2098,634.0,2026-09-03T19:35:09.316540+00:00
2023-04-02,640.0,640.0,620.0,632.0,710,632.0,2026-09-03T19:35:09.316540+00:00
2023-04-03,632.0,632.0,619.0,628.0,162,628.0,2026-09-03T19:35:09.316540+00:00
2023-04-04,619.0,620.0,608.0,618.0,105,618.0,2026-09-03T19:35:09.316540+00:00
2023-04-05,612.0,626.0,612.0,624.0,390,624.0,2026-09-03T19:35:09.316540+00:00
2023-04-06,612.0,634.0,601.1,634.0,563,634.0,2026-09-03T19:35:09.316540+00:00
2023-04-09,644.6,644.6,610.0,610.0,62,610.0,2026-09-03T19:35:09.316540+00:00
2023-04-10,610.0,620.2,590.0,605.1,1398,605.1,2026-09-03T19:35:09.316540+00:00
2023-04-11,614.0,617.0,610.1,610.1,353,610.1,2026-09-03T19:35:09.316540+00:00
2023-04-12,622.0,665.0,620.0,641.0,1570,641.0,2026-09-03T19:35:09.316540+00:00
2023-04-13,640.0,648.0,623.3,644.9,1267,644.9,2026-09-03T19:35:09.316540+00:00
2023-04-16,649.5,649.5,612.0,630.0,506,630.0,2026-09-03T19:35:09.316540+00:00
2023-04-17,629.0,639.5,615.0,639.5,754,639.5,2026-09-03T19:35:09.316540+00:00
2023-04-18,630.0,639.0,614.3,639.0,290,639.0,2026-09-03T19:35:09.316540+00:00
2023-04-19,648.0,648.0,623.1,638.9,250,638.9,2026-09-03T19:35:09.316540+00:00
2023-04-20,639.9,646.8,615.1,646.8,848,646.8,2026-09-03T19:35:09.316540+00:00
2023-04-23,634.0,636.4,597.4,636.4,976,636.4,2026-09-03T19:35:09.316540+00:00
2023-04-24,623.7,634.4,610.0,633.0,379,633.0,2026-09-03T19:35:09.316540+00:00
2023-04-25,621.0,625.8,613.1,625.8,743,625.8,2026-09-03T19:35:09.316540+00:00
2023-04-26,614.0,623.9,600.0,623.9,1464,623.9,2026-09-03T19:35:09.316540+00:00
2023-04-27,615.0,615.0,601.1,603.0,1357,603.0,2026-09-03T19:35:09.316540+00:00
2023-04-30,600.0,600.0,591.1,591.2,1111,591.2,2026-09-03T19:35:09.316540+00:00
2023-05-02,591.0,596.7,581.0,593.7,2038,593.7,2026-09-03T19:35:09.316540+00:00
2023-05-03,581.9,617.6,572.0,617.6,1085,617.6,2026-09-03T19:35:09.316540+00:00
2023-05-04,607.0,607.0,577.0,603.8,638,603.8,2026-09-03T19:35:09.316540+00:00
2023-05-07,591.8,594.1,583.0,594.1,420,594.1,2026-09-03T19:35:09.316540+00:00
2023-05-08,583.0,590.0,578.2,582.0,630,582.0,2026-09-03T19:35:09.316540+00:00
2023-05-09,590.0,590.0,576.5,585.0,235,585.0,2026-09-03T19:35:09.316540+00:00
2023-05-10,573.5,580.0,572.0,575.0,297,575.0,2026-09-03T19:35:09.316540+00:00
2023-05-11,565.0,586.5,556.0,569.1,1743,569.1,2026-09-03T19:35:09.316540+00:00
2023-05-14,558.1,574.9,552.0,570.0,570,570.0,2026-09-03T19:35:09.316540+00:00
2023-05-15,570.0,585.0,563.6,585.0,471,585.0,2026-09-03T19:35:09.316540+00:00
2023-05-16,590.0,595.0,561.0,570.0,1720,570.0,2026-09-03T19:35:09.316540+00:00
2023-05-17,566.0,573.9,565.0,572.8,226,572.8,2026-09-03T19:35:09.316540+00:00
2023-05-18,565.0,595.0,545.1,582.0,4603,582.0,2026-09-03T19:35:09.316540+00:00
2023-05-21,593.0,593.0,575.0,589.0,1539,589.0,2026-09-03T19:35:09.316540+00:00
2023-05-22,577.3,594.0,575.1,592.0,1143,592.0,2026-09-03T19:35:09.316540+00:00
2023-05-23,600.0,615.0,593.0,615.0,2982,615.0,2026-09-03T19:35:09.316540+00:00
2023-05-24,616.1,642.0,616.0,635.0,2995,635.0,2026-09-03T19:35:09.316540+00:00
2023-05-28,647.7,660.6,625.0,635.0,1815,635.0,2026-09-03T19:35:09.316540+00:00
2023-05-30,640.0,640.0,600.0,624.0,704,624.0,2026-09-03T19:35:09.316540+00:00
2023-05-31,611.6,625.9,588.0,625.9,2848,625.9,2026-09-03T19:35:09.316540+00:00
2023-06-01,638.0,638.0,600.0,615.0,1578,615.0,2026-09-03T19:35:09.316540+00:00
2023-06-04,627.0,639.5,602.0,616.0,1016,616.0,2026-09-03T19:35:09.316540+00:00
2023-06-05,628.3,628.3,601.0,615.0,881,615.0,2026-09-03T19:35:09.316540+00:00
2023-06-06,603.0,639.8,603.0,639.8,1532,639.8,2026-09-03T19:35:09.316540+00:00
2023-06-07,652.0,652.0,623.2,640.0,3103,640.0,2026-09-03T19:35:09.316540+00:00
2023-06-08,627.2,640.0,616.0,640.0,819,640.0,2026-09-03T19:35:09.316540+00:00
2023-06-11,646.0,646.0,622.0,640.0,1449,640.0,2026-09-03T19:35:09.316540+00:00
2023-06-12,628.1,640.6,628.1,630.0,3940,630.0,2026-09-03T19:35:09.316540+00:00
2023-06-13,628.2,663.0,628.0,663.0,6152,663.0,2026-09-03T19:35:09.316540+00:00
2023-06-14,670.0,683.4,651.0,676.9,4261,676.9,2026-09-03T19:35:09.316540+00:00
2023-06-15,663.5,669.0,648.0,669.0,2550,669.0,2026-09-03T19:35:09.316540+00:00
2023-06-18,682.3,690.0,669.0,689.0,4646,689.0,2026-09-03T19:35:09.316540+00:00
2023-06-19,676.1,680.0,666.4,679.9,678,679.9,2026-09-03T19:35:09.316540+00:00
2023-06-20,675.0,680.0,655.0,656.0,2199,656.0,2026-09-03T19:35:09.316540+00:00
2023-06-21,644.0,668.8,640.0,668.8,2189,668.8,2026-09-03T19:35:09.316540+00:00
2023-06-22,670.0,681.8,650.0,655.0,1932,655.0,2026-09-03T19:35:09.316540+00:00
2023-06-25,643.0,660.0,642.0,648.5,4444,648.5,2026-09-03T19:35:09.316540+00:00
2023-06-26,640.0,682.3,638.1,674.0,8068,674.0,2026-09-03T19:35:09.316540+00:00
2023-06-27,687.0,741.4,687.0,741.4,8903,741.4,2026-09-03T19:35:09.316540+00:00
2023-06-28,756.2,785.0,723.0,730.0,5000,730.0,2026-09-03T19:35:09.316540+00:00
2023-07-02,715.4,729.7,690.0,700.0,6412,700.0,2026-09-03T19:35:09.316540+00:00
2023-07-03,686.0,728.0,683.0,705.7,1980,705.7,2026-09-03T19:35:09.316540+00:00
2023-07-04,718.0,718.0,691.6,693.1,1160,693.1,2026-09-03T19:35:09.316540+00:00
2023-07-05,682.0,691.8,670.0,691.8,1532,691.8,2026-09-03T19:35:09.316540+00:00
2023-07-06,678.0,690.0,664.5,690.0,1193,690.0,2026-09-03T19:35:09.316540+00:00
2023-07-09,676.2,695.0,676.2,689.9,2583,689.9,2026-09-03T19:35:09.316540+00:00
2023-07-10,680.0,714.0,680.0,690.1,2594,690.1,2026-09-03T19:35:09.316540+00:00
2023-07-11,681.0,690.1,679.0,679.1,3133,679.1,2026-09-03T19:35:09.316540+00:00
2023-07-12,668.1,703.8,668.1,703.8,2601,703.8,2026-09-03T19:35:09.316540+00:00
2023-07-13,717.0,717.0,696.0,702.0,2527,702.0,2026-09-03T19:35:09.316540+00:00
2023-07-16,702.0,715.0,695.0,715.0,1849,715.0,2026-09-03T19:35:09.316540+00:00
2023-07-17,701.0,728.0,701.0,728.0,2069,728.0,2026-09-03T19:35:09.316540+00:00
2023-07-18,713.5,742.5,713.5,728.0,2970,728.0,2026-09-03T19:35:09.316540+00:00
2023-07-19,730.0,741.0,728.0,735.0,841,735.0,2026-09-03T19:35:09.316540+00:00
2023-07-20,720.3,736.0,708.0,732.0,2526,732.0,2026-09-03T19:35:09.316540+00:00
2023-07-23,730.0,740.0,719.0,738.0,1304,738.0,2026-09-03T19:35:09.316540+00:00
2023-07-24,724.0,735.0,718.1,725.0,5758,725.0,2026-09-03T19:35:09.316540+00:00
2023-07-25,725.0,735.0,696.0,708.9,5336,708.9,2026-09-03T19:35:09.316540+00:00
2023-07-26,694.9,723.0,694.9,704.0,2906,704.0,2026-09-03T19:35:09.316540+00:00
2023-07-27,718.0,720.0,692.0,704.0,1638,704.0,2026-09-03T19:35:09.316540+00:00
2023-07-30,700.0,700.0,678.1,700.0,720,700.0,2026-09-03T19:35:09.316540+00:00
2023-07-31,700.0,700.0,672.3,690.0,3065,690.0,2026-09-03T19:35:09.316540+00:00
2023-08-01,691.5,691.5,665.1,665.1,391,665.1,2026-09-03T19:35:09.316540+00:00
2023-08-02,660.0,684.5,655.0,684.5,519,684.5,2026-09-03T19:35:09.316540+00:00
2023-08-03,695.0,695.0,656.0,678.9,2379,678.9,2026-09-03T19:35:09.316540+00:00
2023-08-06,665.4,669.0,655.3,668.0,283,668.0,2026-09-03T19:35:09.316540+00:00
2023-08-07,659.0,681.0,650.2,681.0,421,681.0,2026-09-03T19:35:09.316540+00:00
2023-08-08,692.0,692.0,654.0,654.1,678,654.1,2026-09-03T19:35:09.316540+00:00
2023-08-09,660.0,663.0,640.0,659.0,695,659.0,2026-09-03T19:35:09.316540+00:00
2023-08-10,672.1,685.4,658.3,658.3,1223,658.3,2026-09-03T19:35:09.316540+00:00
2023-08-13,647.1,660.0,646.0,653.0,562,653.0,2026-09-03T19:35:09.316540+00:00
2023-08-14,653.0,691.5,643.0,691.5,472,691.5,2026-09-03T19:35:09.316540+00:00
2023-08-15,677.7,677.7,628.0,650.0,692,650.0,2026-09-03T19:35:09.316540+00:00
2023-08-16,637.0,637.0,620.0,629.0,1000,629.0,2026-09-03T19:35:09.316540+00:00
2023-08-17,616.5,640.3,606.1,640.3,762,640.3,2026-09-03T19:35:09.316540+00:00
2023-08-20,628.0,632.0,616.0,630.0,620,630.0,2026-09-03T19:35:09.316540+00:00
2023-08-21,639.0,639.0,603.1,625.0,358,625.0,2026-09-03T19:35:09.316540+00:00
2023-08-22,625.0,625.0,601.0,620.0,1301,620.0,2026-09-03T19:35:09.316540+00:00
2023-08-23,609.0,631.0,608.0,631.0,1109,631.0,2026-09-03T19:35:09.316540+00:00
2023-08-24,618.4,625.0,608.0,625.0,303,625.0,2026-09-03T19:35:09.316540+00:00
2023-08-27,615.0,616.0,599.0,614.0,1061,614.0,2026-09-03T19:35:09.316540+00:00
2023-08-28,601.8,606.0,589.8,606.0,2985,606.0,2026-09-03T19:35:09.316540+00:00
2023-08-29,614.9,619.0,585.0,612.0,2288,612.0,2026-09-03T19:35:09.316540+00:00
2023-08-30,601.1,612.0,590.0,612.0,1534,612.0,2026-09-03T19:35:09.316540+00:00
2023-09-03,599.8,602.8,576.0,586.0,1805,586.0,2026-09-03T19:35:09.316540+00:00
2023-09-04,576.0,597.0,576.0,596.7,868,596.7,2026-09-03T19:35:09.316540+00:00
2023-09-05,596.7,606.8,584.8,600.0,918,600.0,2026-09-03T19:35:09.316540+00:00
2023-09-07,589.0,609.0,575.1,609.0,807,609.0,2026-09-03T19:35:09.316540+00:00
2023-09-10,597.0,607.5,594.0,594.0,873,594.0,2026-09-03T19:35:09.316540+00:00
2023-09-11,600.0,605.0,592.9,603.9,894,603.9,2026-09-03T19:35:09.316540+00:00
2023-09-12,593.0,602.9,580.2,599.0,992,599.0,2026-09-03T19:35:09.316540+00:00
2023-09-13,608.2,615.0,593.0,615.0,1555,615.0,2026-09-03T19:35:09.316540+00:00
2023-09-17,610.0,618.0,597.8,618.0,201,618.0,2026-09-03T19:35:09.316540+00:00
2023-09-18,605.7,628.0,593.8,613.5,261,613.5,2026-09-03T19:35:09.316540+00:00
2023-09-19,613.0,623.0,601.3,620.0,745,620.0,2026-09-03T19:35:09.316540+00:00
2023-09-21,630.0,639.6,617.0,639.6,3455,639.6,2026-09-03T19:35:09.316540+00:00
2023-09-24,626.9,645.0,615.0,625.3,1689,625.3,2026-09-03T19:35:09.316540+00:00
2023-09-25,635.0,635.0,622.5,622.5,344,622.5,2026-09-03T19:35:09.316540+00:00
2023-09-26,633.0,648.4,621.5,648.4,1435,648.4,2026-09-03T19:35:09.316540+00:00
2023-09-27,635.5,659.9,623.0,650.0,5649,650.0,2026-09-03T19:35:09.316540+00:00
2023-10-01,637.0,640.0,608.6,621.0,1178,621.0,2026-09-03T19:35:09.316540+00:00
2023-10-02,609.0,681.0,609.0,681.0,1279,681.0,2026-09-03T19:35:09.316540+00:00
2023-10-03,667.4,667.4,622.4,650.0,6173,650.0,2026-09-03T19:35:09.316540+00:00
2023-10-04,637.0,714.0,627.0,714.0,1461,714.0,2026-09-03T19:35:09.316540+00:00
2023-10-05,714.0,714.0,642.7,643.0,1546,643.0,2026-09-03T19:35:09.316540+00:00
2023-10-08,635.0,644.0,618.5,643.0,5159,643.0,2026-09-03T19:35:09.316540+00:00
2023-10-09,635.0,640.0,620.0,620.0,416,620.0,2026-09-03T19:35:09.316540+00:00
2023-10-10,632.4,682.0,609.0,646.0,1117,646.0,2026-09-03T19:35:09.316540+00:00
2023-10-11,633.1,640.0,616.5,638.9,1048,638.9,2026-09-03T19:35:09.316540+00:00
2023-10-12,626.2,680.0,607.2,622.0,6193,622.0,2026-09-03T19:35:09.316540+00:00
2023-10-16,609.8,613.0,603.2,613.0,996,613.0,2026-09-03T19:35:09.316540+00:00
2023-10-17,600.8,623.0,600.8,622.0,3051,622.0,2026-09-03T19:35:09.316540+00:00
2023-10-18,609.6,684.0,602.0,684.0,5534,684.0,2026-09-03T19:35:09.316540+00:00
2023-10-19,670.7,670.7,621.0,638.0,2748,638.0,2026-09-03T19:35:09.316540+00:00
2023-10-29,625.3,637.0,597.0,626.0,4406,626.0,2026-09-03T19:35:09.316540+00:00
2023-10-30,614.0,632.2,590.0,625.0,199,625.0,2026-09-03T19:35:09.316540+00:00
2023-10-31,628.0,628.0,591.2,608.0,1082,608.0,2026-09-03T19:35:09.316540+00:00
2023-11-01,597.1,605.0,586.5,593.0,1246,593.0,2026-09-03T19:35:09.316540+00:00
2023-11-02,604.8,605.0,586.0,588.1,447,588.1,2026-09-03T19:35:09.316540+00:00
2023-11-05,577.1,580.0,565.0,580.0,949,580.0,2026-09-03T19:35:09.316540+00:00
2023-11-06,591.6,591.6,570.0,574.0,818,574.0,2026-09-03T19:35:09.316540+00:00
2023-11-07,580.0,615.0,580.0,596.0,460,596.0,2026-09-03T19:35:09.316540+00:00
2023-11-08,585.0,614.0,574.0,613.0,2907,613.0,2026-09-03T19:35:09.316540+00:00
2023-11-09,603.7,610.0,601.0,610.0,975,610.0,2026-09-03T19:35:09.316540+00:00
2023-11-20,600.0,600.0,565.0,587.0,1575,587.0,2026-09-03T19:35:09.316540+00:00
2023-11-21,577.0,580.0,567.0,579.9,377,579.9,2026-09-03T19:35:09.316540+00:00
2023-11-22,591.4,603.2,591.2,591.2,69,591.2,2026-09-03T19:35:09.316540+00:00
2023-11-23,600.0,600.0,590.0,598.0,232,598.0,2026-09-03T19:35:09.316540+00:00
2023-11-26,588.0,603.0,583.2,583.2,871,583.2,2026-09-03T19:35:09.316540+00:00
2023-11-27,576.0,594.8,575.0,594.8,292,594.8,2026-09-03T19:35:09.316540+00:00
2023-11-28,606.0,606.0,576.0,596.0,915,596.0,2026-09-03T19:35:09.316540+00:00
2023-11-29,600.0,600.0,580.0,594.0,356,594.0,2026-09-03T19:35:09.316540+00:00
2023-11-30,585.0,585.0,575.2,576.0,197,576.0,2026-09-03T19:35:09.316540+00:00
2023-12-03,587.5,587.5,566.0,587.0,2136,587.0,2026-09-03T19:35:09.316540+00:00
2023-12-04,575.3,586.0,571.0,583.0,689,583.0,2026-09-03T19:35:09.316540+00:00
2023-12-05,594.0,594.6,570.0,570.0,248,570.0,2026-09-03T19:35:09.316540+00:00
2023-12-06,561.0,567.9,537.0,555.1,2812,555.1,2026-09-03T19:35:09.316540+00:00
2023-12-07,545.2,566.0,545.1,555.0,429,555.0,2026-09-03T19:35:09.316540+00:00
2023-12-10,566.1,588.5,566.1,588.5,120,588.5,2026-09-03T19:35:09.316540+00:00
2023-12-11,600.2,647.0,570.0,645.0,3400,645.0,2026-09-03T19:35:09.316540+00:00
2023-12-12,657.9,657.9,600.0,635.0,3062,635.0,2026-09-03T19:35:09.316540+00:00
2023-12-13,645.0,645.0,600.0,637.9,4687,637.9,2026-09-03T19:35:09.316540+00:00
2023-12-14,625.2,639.0,600.5,619.0,1276,619.0,2026-09-03T19:35:09.316540+00:00
2023-12-17,617.9,620.0,594.6,610.1,2095,610.1,2026-09-03T19:35:09.316540+00:00
2023-12-18,605.0,660.0,605.0,637.8,9297,637.8,2026-09-03T19:35:09.316540+00:00
2023-12-19,650.0,698.0,638.0,685.0,15891,685.0,2026-09-03T19:35:09.316540+00:00
2023-12-20,698.7,698.7,668.4,680.0,4975,680.0,2026-09-03T19:35:09.316540+00:00
2023-12-21,670.0,670.0,643.9,650.0,2818,650.0,2026-09-03T19:35:09.316540+00:00
2023-12-24,650.0,702.0,630.0,639.0,4162,639.0,2026-09-03T19:35:09.316540+00:00
2023-12-27,640.0,702.9,631.0,702.9,7936,702.9,2026-09-03T19:35:09.316540+00:00
2023-12-28,688.9,688.9,642.0,669.0,9280,669.0,2026-09-03T19:35:09.316540+00:00
2024-01-01,655.7,674.0,633.1,674.0,3101,674.0,2026-09-03T19:35:09.316540+00:00
2024-01-02,660.6,671.0,633.5,646.0,10635,646.0,2026-09-03T19:35:09.316540+00:00
2024-01-03,634.0,675.0,633.2,642.0,2384,642.0,2026-09-03T19:35:09.316540+00:00
2024-01-04,636.0,638.0,625.3,625.3,3493,625.3,2026-09-03T19:35:09.316540+00:00
2024-01-07,614.1,635.0,614.1,616.0,4407,616.0,2026-09-03T19:35:09.316540+00:00
2024-01-08,620.0,676.0,618.1,676.0,3294,676.0,2026-09-03T19:35:09.316540+00:00
2024-01-09,662.5,672.0,637.1,655.0,3927,655.0,2026-09-03T19:35:09.316540+00:00
2024-01-10,668.1,672.9,656.0,663.0,4322,663.0,2026-09-03T19:35:09.316540+00:00
2024-01-11,670.0,676.0,650.0,665.0,2881,665.0,2026-09-03T19:35:09.316540+00:00
2024-01-14,661.0,689.8,652.0,684.0,10320,684.0,2026-09-03T19:35:09.316540+00:00
2024-01-16,680.0,718.0,680.0,715.0,9731,715.0,2026-09-03T19:35:09.316540+00:00
2024-01-17,701.0,760.0,701.0,739.0,26954,739.0,2026-09-03T19:35:09.316540+00:00
2024-01-18,724.3,798.0,713.0,798.0,6382,798.0,2026-09-03T19:35:09.316540+00:00
2024-01-21,782.1,782.1,736.2,760.0,18157,760.0,2026-09-03T19:35:09.316540+00:00
2024-01-22,744.8,789.0,730.0,743.0,8326,743.0,2026-09-03T19:35:09.316540+00:00
2024-01-23,728.2,786.0,720.0,745.3,6927,745.3,2026-09-03T19:35:09.316540+00:00
2024-01-24,730.4,759.0,720.2,750.0,4967,750.0,2026-09-03T19:35:09.316540+00:00
2024-01-25,735.0,810.9,712.2,810.9,5573,810.9,2026-09-03T19:35:09.316540+00:00
2024-01-28,827.0,827.0,735.0,759.0,4516,759.0,2026-09-03T19:35:09.316540+00:00
2024-01-29,743.9,758.0,716.0,749.0,4407,749.0,2026-09-03T19:35:09.316540+00:00
2024-01-30,734.1,736.0,725.0,732.0,3850,732.0,2026-09-03T19:35:09.316540+00:00
2024-01-31,746.0,746.0,706.3,723.0,1599,723.0,2026-09-03T19:35:09.316540+00:00
2024-02-01,709.0,718.0,701.0,711.0,1439,711.0,2026-09-03T19:35:09.316540+00:00
2024-02-04,697.0,707.0,665.0,707.0,3448,707.0,2026-09-03T19:35:09.316540+00:00
2024-02-05,692.9,718.0,680.0,694.0,1620,694.0,2026-09-03T19:35:09.316540+00:00
2024-02-06,699.0,706.0,686.0,706.0,895,706.0,2026-09-03T19:35:09.316540+00:00
2024-02-07,691.9,733.0,691.9,710.0,1634,710.0,2026-09-03T19:35:09.316540+00:00
2024-02-08,700.0,714.3,695.8,703.2,866,703.2,2026-09-03T19:35:09.316540+00:00
2024-02-11,705.0,707.9,695.0,695.0,1635,695.0,2026-09-03T19:35:09.316540+00:00
2024-02-12,690.9,720.0,690.9,713.0,3309,713.0,2026-09-03T19:35:09.316540+00:00
2024-02-13,727.2,727.2,692.0,692.0,3031,692.0,2026-09-03T19:35:09.316540+00:00
2024-02-14,681.0,703.0,680.0,693.6,869,693.6,2026-09-03T19:35:09.316540+00:00
2024-02-15,681.0,705.0,681.0,697.8,1724,697.8,2026-09-03T19:35:09.316540+00:00
2024-02-18,683.9,697.0,671.1,676.1,1656,676.1,2026-09-03T19:35:09.316540+00:00
2024-02-20,670.0,714.0,667.0,693.0,1108,693.0,2026-09-03T19:35:09.316540+00:00
2024-02-21,679.5,690.0,679.5,689.0,475,689.0,2026-09-03T19:35:09.316540+00:00
2024-02-22,675.5,694.0,665.1,690.0,2484,690.0,2026-09-03T19:35:09.316540+00:00
2024-02-25,677.0,698.0,664.0,695.0,4673,695.0,2026-09-03T19:35:09.316540+00:00
2024-02-26,685.0,695.0,672.0,690.0,2310,690.0,2026-09-03T19:35:09.316540+00:00
2024-02-27,690.0,690.0,676.3,684.0,338,684.0,2026-09-03T19:35:09.316540+00:00
2024-02-28,670.4,695.0,670.0,679.0,785,679.0,2026-09-03T19:35:09.316540+00:00
2024-02-29,667.0,675.0,662.2,675.0,7403,675.0,2026-09-03T19:35:09.316540+00:00
2024-03-03,675.0,675.0,661.5,661.5,1543,661.5,2026-09-03T19:35:09.316540+00:00
2024-03-04,674.7,674.7,674.7,674.7,15,674.7,2026-09-03T19:35:09.316540+00:00
2024-03-05,688.1,688.1,670.0,670.0,4781,670.0,2026-09-03T19:35:09.316540+00:00
2024-03-06,658.0,719.4,658.0,693.0,2932,693.0,2026-09-03T19:35:09.316540+00:00
2024-03-07,700.0,706.8,686.2,704.0,1836,704.0,2026-09-03T19:35:09.316540+00:00
2024-03-10,715.0,728.0,704.0,725.5,8304,725.5,2026-09-03T19:35:09.316540+00:00
2024-03-12,729.9,755.9,725.5,755.9,14479,755.9,2026-09-03T19:35:09.316540+00:00
2024-03-13,742.0,762.0,733.0,750.0,6562,750.0,2026-09-03T19:35:09.316540+00:00
2024-03-14,750.0,765.0,745.0,760.0,10787,760.0,2026-09-03T19:35:09.316540+00:00
2024-03-17,766.0,791.9,766.0,790.0,32947,790.0,2026-09-03T19:35:09.316540+00:00
2024-03-18,775.0,847.9,775.0,825.0,33531,825.0,2026-09-03T19:35:09.316540+00:00
2024-03-19,832.0,907.0,823.0,903.0,37653,903.0,2026-09-03T19:35:09.316540+00:00
2024-03-20,886.0,958.8,886.0,920.0,20477,920.0,2026-09-03T19:35:09.316540+00:00
2024-03-21,920.0,933.0,885.0,885.0,13527,885.0,2026-09-03T19:35:09.316540+00:00
2024-03-25,902.7,902.7,868.0,870.0,22413,870.0,2026-09-03T19:35:09.316540+00:00
2024-03-26,886.0,903.7,874.5,887.0,12136,887.0,2026-09-03T19:35:09.316540+00:00
2024-03-27,904.7,941.1,870.0,908.0,14175,908.0,2026-09-03T19:35:09.316540+00:00
2024-03-28,908.0,915.0,880.1,881.0,7875,881.0,2026-09-03T19:35:09.316540+00:00
2024-03-31,866.0,897.0,865.2,889.0,7009,889.0,2026-09-03T19:35:09.316540+00:00
2024-04-01,875.0,892.5,875.0,890.0,7595,890.0,2026-09-03T19:35:09.316540+00:00
2024-04-02,899.0,932.0,882.0,907.8,24602,907.8,2026-09-03T19:35:09.316540+00:00
2024-04-03,925.0,927.0,906.6,924.9,11560,924.9,2026-09-03T19:35:09.316540+00:00
2024-04-04,906.5,966.0,906.0,951.0,21939,951.0,2026-09-03T19:35:09.316540+00:00
2024-04-07,950.0,970.0,938.2,964.0,21898,964.0,2026-09-03T19:35:09.316540+00:00
2024-04-09,953.0,990.0,953.0,969.0,22304,969.0,2026-09-03T19:35:09.316540+00:00
2024-04-10,984.0,984.9,935.1,940.0,7704,940.0,2026-09-03T19:35:09.316540+00:00
2024-04-14,921.2,974.0,921.2,971.0,11727,971.0,2026-09-03T19:35:09.316540+00:00
2024-04-15,990.4,990.4,953.0,985.0,10722,985.0,2026-09-03T19:35:09.316540+00:00
2024-04-16,978.0,988.0,959.5,969.0,6461,969.0,2026-09-03T19:35:09.316540+00:00
2024-04-18,960.0,964.0,935.2,959.0,5442,959.0,2026-09-03T19:35:09.316540+00:00
2024-04-21,940.0,966.0,931.0,956.9,5416,956.9,2026-09-03T19:35:09.316540+00:00
2024-04-22,945.0,956.0,930.0,946.0,4885,946.0,2026-09-03T19:35:09.316540+00:00
2024-04-24,951.0,951.0,925.0,935.0,2208,935.0,2026-09-03T19:35:09.316540+00:00
2024-04-25,921.0,939.4,921.0,923.6,2095,923.6,2026-09-03T19:35:09.316540+00:00
2024-04-28,942.0,967.0,927.0,967.0,10481,967.0,2026-09-03T19:35:09.316540+00:00
2024-04-29,949.8,981.0,949.8,981.0,6713,981.0,2026-09-03T19:35:09.316540+00:00
2024-04-30,965.0,1079.0,965.0,1079.0,20363,1079.0,2026-09-03T19:35:09.316540+00:00
2024-05-02,1057.5,1186.9,1037.0,1186.9,31933,1186.9,2026-09-03T19:35:09.316540+00:00
2024-05-05,1186.9,1245.0,1186.9,1197.6,33879,1197.6,2026-09-03T19:35:09.316540+00:00
2024-05-06,1175.0,1200.0,1152.0,1180.0,12478,1180.0,2026-09-03T19:35:09.316540+00:00
2024-05-07,1185.0,1290.0,1181.0,1280.0,30042,1280.0,2026-09-03T19:35:09.316540+00:00
2024-05-08,1254.4,1407.9,1254.4,1407.9,37829,1407.9,2026-09-03T19:35:09.316540+00:00
2024-05-09,1407.0,1425.0,1350.0,1372.0,21966,1372.0,2026-09-03T19:35:09.316540+00:00
2024-05-12,1351.0,1368.8,1324.1,1365.0,25249,1365.0,2026-09-03T19:35:09.316540+00:00
2024-05-13,1360.0,1370.0,1333.0,1352.0,23851,1352.0,2026-09-03T19:35:09.316540+00:00
2024-05-14,1379.0,1406.5,1354.0,1365.0,16069,1365.0,2026-09-03T19:35:09.316540+00:00
2024-05-15,1360.0,1383.0,1339.0,1340.0,13063,1340.0,2026-09-03T19:35:09.316540+00:00
2024-05-16,1321.0,1380.0,1315.0,1379.9,24046,1379.9,2026-09-03T19:35:09.316540+00:00
2024-05-19,1400.0,1400.0,1345.0,1362.2,13996,1362.2,2026-09-03T19:35:09.316540+00:00
2024-05-20,1388.0,1492.0,1388.0,1439.0,57347,1439.0,2026-09-03T19:35:09.316540+00:00
2024-05-21,1412.0,1440.0,1386.7,1410.0,21614,1410.0,2026-09-03T19:35:09.316540+00:00
2024-05-22,1382.0,1489.6,1322.1,1479.0,33817,1479.0,2026-09-03T19:35:09.316540+00:00
2024-05-26,1479.0,1479.0,1375.0,1385.0,22936,1385.0,2026-09-03T19:35:09.316540+00:00
2024-05-27,1357.3,1409.0,1340.0,1365.0,15060,1365.0,2026-09-03T19:35:09.316540+00:00
2024-05-29,1365.0,1375.0,1310.0,1350.0,14948,1350.0,2026-09-03T19:35:09.316540+00:00
2024-05-30,1323.0,1331.0,1280.0,1309.8,18790,1309.8,2026-09-03T19:35:09.316540+00:00
2024-06-02,1329.9,1329.9,1258.4,1289.0,10174,1289.0,2026-09-03T19:35:09.316540+00:00
2024-06-03,1264.0,1331.0,1264.0,1331.0,15226,1331.0,2026-09-03T19:35:09.316540+00:00
2024-06-04,1305.0,1386.0,1305.0,1375.0,23064,1375.0,2026-09-03T19:35:09.316540+00:00
2024-06-05,1347.5,1400.0,1323.0,1360.0,19156,1360.0,2026-09-03T19:35:09.316540+00:00
2024-06-06,1360.0,1378.0,1327.0,1327.0,13562,1327.0,2026-09-03T19:35:09.316540+00:00
2024-06-09,1330.0,1330.0,1274.0,1288.0,14013,1288.0,2026-09-03T19:35:09.316540+00:00
2024-06-10,1262.3,1304.9,1238.0,1294.0,15018,1294.0,2026-09-03T19:35:09.316540+00:00
2024-06-11,1315.0,1370.0,1275.0,1340.0,24223,1340.0,2026-09-03T19:35:09.316540+00:00
2024-06-12,1350.0,1363.0,1293.6,1302.0,11578,1302.0,2026-09-03T19:35:09.316540+00:00
2024-06-13,1305.0,1327.0,1281.0,1287.1,12464,1287.1,2026-09-03T19:35:09.316540+00:00
2024-06-16,1285.0,1334.0,1220.0,1248.0,33350,1248.0,2026-09-03T19:35:09.316540+00:00
2024-06-18,1224.0,1248.0,1204.0,1210.0,9432,1210.0,2026-09-03T19:35:09.316540+00:00
2024-06-19,1210.0,1230.0,1185.8,1188.3,9869,1188.3,2026-09-03T19:35:09.316540+00:00
2024-06-20,1190.0,1206.0,1184.0,1199.9,11798,1199.9,2026-09-03T19:35:09.316540+00:00
2024-06-23,1176.1,1203.0,1165.0,1167.0,5676,1167.0,2026-09-03T19:35:09.316540+00:00
2024-06-24,1190.3,1199.0,1166.7,1184.9,12426,1184.9,2026-09-03T19:35:09.316540+00:00
2024-06-25,1205.0,1296.0,1195.0,1259.9,17538,1259.9,2026-09-03T19:35:09.316540+00:00
2024-06-26,1235.0,1285.0,1211.0,1235.9,9255,1235.9,2026-09-03T19:35:09.316540+00:00
2024-06-27,1260.0,1260.0,1201.0,1204.5,4735,1204.5,2026-09-03T19:35:09.316540+00:00
2024-06-30,1183.0,1207.0,1183.0,1186.5,5155,1186.5,2026-09-03T19:35:09.316540+00:00
2024-07-01,1187.0,1220.0,1165.0,1220.0,9855,1220.0,2026-09-03T19:35:09.316540+00:00
2024-07-02,1244.4,1339.0,1210.0,1240.0,13108,1240.0,2026-09-03T19:35:09.316540+00:00
2024-07-03,1250.0,1250.0,1185.0,1220.0,17134,1220.0,2026-09-03T19:35:09.316540+00:00
2024-07-04,1243.0,1243.0,1180.0,1206.3,9432,1206.3,2026-09-03T19:35:09.316540+00:00
2024-07-07,1230.0,1230.0,1190.0,1208.0,12234,1208.0,2026-09-03T19:35:09.316540+00:00
2024-07-08,1210.0,1231.0,1190.0,1202.0,8307,1202.0,2026-09-03T19:35:09.316540+00:00
2024-07-09,1226.0,1253.0,1200.0,1238.0,18303,1238.0,2026-09-03T19:35:09.316540+00:00
2024-07-10,1239.0,1260.0,1235.0,1245.0,17074,1245.0,2026-09-03T19:35:09.316540+00:00
2024-07-11,1225.0,1299.0,1215.0,1220.0,15563,1220.0,2026-09-03T19:35:09.316540+00:00
2024-07-14,1244.0,1292.0,1207.0,1231.0,9108,1231.0,2026-09-03T19:35:09.316540+00:00
2024-07-15,1255.0,1255.0,1196.0,1196.0,10170,1196.0,2026-09-03T19:35:09.316540+00:00
2024-07-16,1218.0,1243.0,1185.0,1219.0,12778,1219.0,2026-09-03T19:35:09.316540+00:00
2024-07-17,1243.0,1260.0,1211.0,1233.0,15434,1233.0,2026-09-03T19:35:09.316540+00:00
2024-07-18,1249.0,1342.3,1195.6,1221.0,41141,1221.0,2026-09-03T19:35:09.316540+00:00
2024-07-21,1245.4,1268.0,1216.4,1236.0,26457,1236.0,2026-09-03T19:35:09.316540+00:00
2024-07-22,1260.0,1260.0,1208.0,1210.0,15275,1210.0,2026-09-03T19:35:09.316540+00:00
2024-07-23,1205.0,1240.0,1205.0,1210.1,16639,1210.1,2026-09-03T19:35:09.316540+00:00
2024-07-24,1232.0,1281.0,1200.3,1202.1,11626,1202.1,2026-09-03T19:35:09.316540+00:00
2024-07-25,1202.0,1277.0,1200.0,1273.0,40757,1273.0,2026-09-03T19:35:09.316540+00:00
2024-07-28,1298.4,1298.4,1211.0,1240.0,19528,1240.0,2026-09-03T19:35:09.316540+00:00
2024-07-29,1236.0,1236.0,1200.0,1209.9,23159,1209.9,2026-09-03T19:35:09.316540+00:00
2024-07-30,1211.0,1240.0,1200.0,1220.0,15743,1220.0,2026-09-03T19:35:09.316540+00:00
2024-07-31,1220.0,1229.0,1205.0,1215.0,25998,1215.0,2026-09-03T19:35:09.316540+00:00
2024-08-01,1239.0,1239.0,1200.0,1200.8,18079,1200.8,2026-09-03T19:35:09.316540+00:00
2024-08-05,1208.0,1212.0,1183.0,1195.0,17255,1195.0,2026-09-03T19:35:09.316540+00:00
2024-08-06,1183.0,1217.0,1150.0,1150.0,14165,1150.0,2026-09-03T19:35:09.316540+00:00
2024-08-07,1150.0,1173.0,1130.0,1170.0,14782,1170.0,2026-09-03T19:35:09.316540+00:00
2024-08-08,1190.0,1190.0,1135.0,1148.9,11981,1148.9,2026-09-03T19:35:09.316540+00:00
2024-08-11,1160.0,1207.0,1160.0,1182.0,17968,1182.0,2026-09-03T19:35:09.316540+00:00
2024-08-12,1205.6,1220.0,1168.0,1170.4,19899,1170.4,2026-09-03T19:35:09.316540+00:00
2024-08-13,1175.0,1177.0,1130.0,1130.0,11337,1130.0,2026-09-03T19:35:09.316540+00:00
2024-08-14,1130.0,1150.0,1109.1,1112.1,13196,1112.1,2026-09-03T19:35:09.316540+00:00
2024-08-15,1120.0,1160.0,1087.1,1100.0,18974,1100.0,2026-09-03T19:35:09.316540+00:00
2024-08-18,1100.0,1122.0,1080.1,1095.0,17711,1095.0,2026-09-03T19:35:09.316540+00:00
2024-08-21,1103.0,1120.0,1065.0,1065.0,10164,1065.0,2026-09-03T19:35:09.316540+00:00
2024-08-22,1086.0,1128.0,1061.0,1097.0,17582,1097.0,2026-09-03T19:35:09.316540+00:00
2024-08-25,1100.0,1196.0,1081.0,1150.0,36268,1150.0,2026-09-03T19:35:09.316540+00:00
2024-08-27,1170.0,1174.0,1090.0,1119.0,19096,1119.0,2026-09-03T19:35:09.316540+00:00
2024-08-28,1141.0,1150.0,1080.0,1100.0,6826,1100.0,2026-09-03T19:35:09.316540+00:00
2024-08-29,1080.0,1102.0,1066.0,1086.0,8231,1086.0,2026-09-03T19:35:09.316540+00:00
2024-09-01,1086.0,1090.0,1033.9,1050.0,6115,1050.0,2026-09-03T19:35:09.316540+00:00
2024-09-02,1031.1,1090.0,1029.0,1070.0,8469,1070.0,2026-09-03T19:35:09.316540+00:00
2024-09-03,1050.1,1100.0,1050.1,1057.0,8389,1057.0,2026-09-03T19:35:09.316540+00:00
2024-09-04,1072.0,1110.0,1037.0,1052.0,10983,1052.0,2026-09-03T19:35:09.316540+00:00
2024-09-05,1035.1,1114.0,1035.1,1084.0,10210,1084.0,2026-09-03T19:35:09.316540+00:00
2024-09-08,1105.0,1168.9,1092.0,1127.0,24753,1127.0,2026-09-03T19:35:09.316540+00:00
2024-09-09,1127.0,1130.0,1074.0,1075.1,9036,1075.1,2026-09-03T19:35:09.316540+00:00
2024-09-10,1090.0,1090.0,1036.0,1070.0,5605,1070.0,2026-09-03T19:35:09.316540+00:00
2024-09-11,1052.0,1091.4,1048.6,1048.6,7031,1048.6,2026-09-03T19:35:09.316540+00:00
2024-09-12,1045.2,1066.1,1045.2,1064.0,6166,1064.0,2026-09-03T19:35:09.316540+00:00
2024-09-15,1085.0,1089.0,1029.0,1030.0,8398,1030.0,2026-09-03T19:35:09.316540+00:00
2024-09-16,1020.0,1029.0,992.0,993.0,7343,993.0,2026-09-03T19:35:09.316540+00:00
2024-09-18,990.0,1020.4,990.0,990.3,8008,990.3,2026-09-03T19:35:09.316540+00:00
2024-09-22,1010.1,1010.1,986.2,999.0,2252,999.0,2026-09-03T19:35:09.316540+00:00
2024-09-23,980.0,986.3,965.0,975.0,2676,975.0,2026-09-03T19:35:09.316540+00:00
2024-09-24,976.0,976.0,932.0,945.0,3984,945.0,2026-09-03T19:35:09.316540+00:00
2024-09-25,960.0,965.9,926.0,950.0,5351,950.0,2026-09-03T19:35:09.316540+00:00
2024-09-26,950.0,955.0,920.0,945.5,3563,945.5,2026-09-03T19:35:09.316540+00:00
2024-09-29,928.0,950.0,910.0,910.0,3154,910.0,2026-09-03T19:35:09.316540+00:00
2024-09-30,910.0,945.0,905.0,937.0,2660,937.0,2026-09-03T19:35:09.316540+00:00
2024-10-01,955.0,998.0,945.0,990.0,3990,990.0,2026-09-03T19:35:09.316540+00:00
2024-10-02,972.0,994.0,961.0,980.0,4824,980.0,2026-09-03T19:35:09.316540+00:00
2024-10-06,965.0,1009.0,965.0,1007.9,1841,1007.9,2026-09-03T19:35:09.316540+00:00
2024-10-07,1025.0,1044.0,1003.0,1029.0,2875,1029.0,2026-09-03T19:35:09.316540+00:00
2024-10-08,1010.0,1025.0,985.1,991.5,3307,991.5,2026-09-03T19:35:09.316540+00:00
2024-10-09,1011.3,1011.3,992.0,996.0,1361,996.0,2026-09-03T19:35:09.316540+00:00
2024-10-15,995.0,1024.9,977.1,1024.9,644,1024.9,2026-09-03T19:35:09.316540+00:00
2024-10-16,1006.2,1045.0,1006.2,1040.0,1443,1040.0,2026-09-03T19:35:09.316540+00:00
2024-10-17,1040.0,1060.0,1038.0,1040.0,4818,1040.0,2026-09-03T19:35:09.316540+00:00
2024-10-20,1025.0,1035.0,999.0,999.0,4114,999.0,2026-09-03T19:35:09.316540+00:00
2024-10-21,999.0,999.0,988.0,993.0,2354,993.0,2026-09-03T19:35:09.316540+00:00
2024-10-22,1000.0,1012.8,980.0,1001.5,2654,1001.5,2026-09-03T19:35:09.316540+00:00
2024-10-23,986.0,1004.9,980.0,980.0,2962,980.0,2026-09-03T19:35:09.316540+00:00
2024-10-24,970.5,984.0,970.0,977.0,2232,977.0,2026-09-03T19:35:09.316540+00:00
2024-10-27,977.0,994.9,961.5,980.0,1429,980.0,2026-09-03T19:35:09.316540+00:00
2024-10-28,969.0,997.0,965.0,993.0,858,993.0,2026-09-03T19:35:09.316540+00:00
2024-10-29,990.0,1009.3,974.1,1009.3,3657,1009.3,2026-09-03T19:35:09.316540+00:00
2024-10-30,1000.0,1019.0,980.0,1000.1,1682,1000.1,2026-09-03T19:35:09.316540+00:00
2024-11-05,991.1,1010.0,991.1,1009.0,314,1009.0,2026-09-03T19:35:09.316540+00:00
2024-11-06,990.0,1019.9,990.0,1015.0,1505,1015.0,2026-09-03T19:35:09.316540+00:00
2024-11-10,1015.0,1049.0,1000.0,1049.0,4549,1049.0,2026-09-03T19:35:09.316540+00:00
2024-11-11,1049.0,1105.0,1049.0,1095.0,11561,1095.0,2026-09-03T19:35:09.316540+00:00
2024-11-12,1111.0,1111.0,1066.3,1070.0,7572,1070.0,2026-09-03T19:35:09.316540+00:00
2024-11-13,1060.0,1091.0,1052.1,1060.0,3597,1060.0,2026-09-03T19:35:09.316540+00:00
2024-11-14,1040.0,1080.0,1022.1,1057.7,9596,1057.7,2026-09-03T19:35:09.316540+00:00
2024-11-17,1057.0,1070.0,1041.0,1053.0,10693,1053.0,2026-09-03T19:35:09.316540+00:00
2024-11-19,1045.0,1145.0,1035.0,1090.0,33534,1090.0,2026-09-03T19:35:09.316540+00:00
2024-11-20,1111.0,1120.0,1066.0,1088.9,2470,1088.9,2026-09-03T19:35:09.316540+00:00
2024-11-21,1068.0,1104.0,1041.8,1080.0,16151,1080.0,2026-09-03T19:35:09.316540+00:00
2024-11-24,1099.9,1099.9,1039.0,1039.0,4022,1039.0,2026-09-03T19:35:09.316540+00:00
2024-11-25,1022.0,1074.9,1022.0,1040.0,5676,1040.0,2026-09-03T19:35:09.316540+00:00
2024-11-26,1059.0,1060.8,1020.0,1045.0,3221,1045.0,2026-09-03T19:35:09.316540+00:00
2024-11-27,1027.0,1070.0,1027.0,1048.0,3347,1048.0,2026-09-03T19:35:09.316540+00:00
2024-11-28,1048.0,1068.9,1048.0,1057.0,12697,1057.0,2026-09-03T19:35:09.316540+00:00
2024-12-01,1057.0,1057.0,1020.2,1032.0,6093,1032.0,2026-09-03T19:35:09.316540+00:00
2024-12-02,1033.0,1040.0,1017.0,1019.0,4979,1019.0,2026-09-03T19:35:09.316540+00:00
2024-12-03,1039.0,1040.0,1004.0,1009.2,3094,1009.2,2026-09-03T19:35:09.316540+00:00
2024-12-04,1010.0,1040.0,1010.0,1035.0,5672,1035.0,2026-09-03T19:35:09.316540+00:00
2024-12-05,1015.2,1034.0,1015.1,1026.9,5102,1026.9,2026-09-03T19:35:09.316540+00:00
2024-12-08,1007.0,1045.0,990.0,1004.0,3707,1004.0,2026-09-03T19:35:09.316540+00:00
2024-12-09,1003.0,1004.0,970.0,970.0,4082,970.0,2026-09-03T19:35:09.316540+00:00
2024-12-10,980.0,997.2,960.0,970.0,1880,970.0,2026-09-03T19:35:09.316540+00:00
2024-12-11,960.0,997.0,955.3,997.0,1023,997.0,2026-09-03T19:35:09.316540+00:00
2024-12-12,978.1,1009.0,961.1,990.0,2809,990.0,2026-09-03T19:35:09.316540+00:00
2024-12-16,980.0,980.0,952.3,960.0,588,960.0,2026-09-03T19:35:09.316540+00:00
2024-12-17,952.0,989.0,951.0,970.0,2016,970.0,2026-09-03T19:35:09.316540+00:00
2024-12-18,985.0,985.0,953.4,968.0,460,968.0,2026-09-03T19:35:09.316540+00:00
2024-12-19,955.0,970.0,940.0,940.0,3705,940.0,2026-09-03T19:35:09.316540+00:00
2024-12-22,940.0,951.0,925.0,930.0,2244,930.0,2026-09-03T19:35:09.316540+00:00
2024-12-23,920.0,936.0,915.0,935.0,2506,935.0,2026-09-03T19:35:09.316540+00:00
2024-12-24,949.0,992.0,941.0,950.0,3345,950.0,2026-09-03T19:35:09.316540+00:00
2024-12-26,950.0,969.0,938.0,950.0,2188,950.0,2026-09-03T19:35:09.316540+00:00
2024-12-29,959.9,1005.0,942.0,965.0,8390,965.0,2026-09-03T19:35:09.316540+00:00
2024-12-31,948.1,965.0,936.0,959.0,1070,959.0,2026-09-03T19:35:09.316540+00:00
2025-01-01,975.0,978.1,940.0,958.0,2635,958.0,2026-09-03T19:35:09.316540+00:00
2025-01-02,945.0,964.9,926.1,935.3,2046,935.3,2026-09-03T19:35:09.316540+00:00
2025-01-05,920.1,953.0,920.1,937.0,2508,937.0,2026-09-03T19:35:09.316540+00:00
2025-01-06,940.0,995.0,931.1,993.8,6628,993.8,2026-09-03T19:35:09.316540+00:00
2025-01-07,975.0,1008.0,966.1,989.9,6711,989.9,2026-09-03T19:35:09.316540+00:00
2025-01-08,992.0,1011.8,975.1,990.0,2747,990.0,2026-09-03T19:35:09.316540+00:00
2025-01-09,990.0,999.0,965.0,993.9,5728,993.9,2026-09-03T19:35:09.316540+00:00
2025-01-12,975.0,1007.0,972.1,980.0,3855,980.0,2026-09-03T19:35:09.316540+00:00
2025-01-13,961.0,999.9,961.0,979.9,6278,979.9,2026-09-03T19:35:09.316540+00:00
2025-01-15,980.0,992.0,962.0,967.0,1306,967.0,2026-09-03T19:35:09.316540+00:00
2025-01-16,960.0,1037.0,950.0,964.9,2277,964.9,2026-09-03T19:35:09.316540+00:00
2025-01-19,946.0,972.5,946.0,964.0,2634,964.0,2026-09-03T19:35:09.316540+00:00
2025-01-20,955.0,969.4,945.1,949.0,1992,949.0,2026-09-03T19:35:09.316540+00:00
2025-01-21,931.2,967.0,931.2,942.0,2371,942.0,2026-09-03T19:35:09.316540+00:00
2025-01-22,930.0,985.0,930.0,959.8,4927,959.8,2026-09-03T19:35:09.316540+00:00
2025-01-23,951.0,966.0,943.0,955.0,2780,955.0,2026-09-03T19:35:09.316540+00:00
2025-01-26,962.4,979.0,944.1,963.9,4014,963.9,2026-09-03T19:35:09.316540+00:00
2025-01-27,945.1,983.0,945.1,956.1,2201,956.1,2026-09-03T19:35:09.316540+00:00
2025-01-28,945.1,992.0,945.1,979.7,5465,979.7,2026-09-03T19:35:09.316540+00:00
2025-02-02,979.7,1049.0,954.6,1030.0,19051,1030.0,2026-09-03T19:35:09.316540+00:00
2025-02-03,1035.0,1044.0,991.0,999.0,4000,999.0,2026-09-03T19:35:09.316540+00:00
2025-02-04,1017.0,1017.0,983.0,995.9,2486,995.9,2026-09-03T19:35:09.316540+00:00
2025-02-05,985.0,998.7,966.0,985.0,7742,985.0,2026-09-03T19:35:09.316540+00:00
2025-02-06,979.0,984.0,970.0,980.0,7022,980.0,2026-09-03T19:35:09.316540+00:00
2025-02-09,996.9,1039.8,976.4,1039.0,19301,1039.0,2026-09-03T19:35:09.316540+00:00
2025-02-10,1059.7,1063.0,1005.1,1034.0,18245,1034.0,2026-09-03T19:35:09.316540+00:00
2025-02-11,1013.4,1046.9,998.3,1007.0,4867,1007.0,2026-09-03T19:35:09.316540+00:00
2025-02-12,1002.1,1021.0,1000.3,1001.1,3581,1001.1,2026-09-03T19:35:09.316540+00:00
2025-02-13,987.3,999.0,985.0,999.0,4313,999.0,2026-09-03T19:35:09.316540+00:00
2025-02-16,980.0,1049.9,980.0,1032.0,14844,1032.0,2026-09-03T19:35:09.316540+00:00
2025-02-17,1020.2,1060.0,1020.2,1048.0,10060,1048.0,2026-09-03T19:35:09.316540+00:00
2025-02-18,1028.0,1068.9,1010.2,1038.7,9703,1038.7,2026-09-03T19:35:09.316540+00:00
2025-02-20,1018.0,1051.0,1018.0,1041.5,13251,1041.5,2026-09-03T19:35:09.316540+00:00
2025-02-23,1021.2,1059.0,1017.0,1046.0,14863,1046.0,2026-09-03T19:35:09.316540+00:00
2025-02-24,1041.0,1059.0,1022.6,1039.8,5481,1039.8,2026-09-03T19:35:09.316540+00:00
2025-02-25,1024.0,1039.9,1004.0,1037.0,3505,1037.0,2026-09-03T19:35:09.316540+00:00
2025-02-27,1055.8,1055.8,1018.0,1037.0,5094,1037.0,2026-09-03T19:35:09.316540+00:00
2025-03-02,1018.4,1039.0,1018.4,1034.7,3448,1034.7,2026-09-03T19:35:09.316540+00:00
2025-03-03,1053.0,1053.0,1012.0,1012.1,8386,1012.1,2026-09-03T19:35:09.316540+00:00
2025-03-04,1015.0,1032.0,983.0,986.0,14411,986.0,2026-09-03T19:35:09.316540+00:00
2025-03-05,970.0,1003.0,970.0,997.0,4580,997.0,2026-09-03T19:35:09.316540+00:00
2025-03-06,1005.0,1025.0,995.1,1025.0,14930,1025.0,2026-09-03T19:35:09.316540+00:00
2025-03-09,1035.0,1055.0,1025.0,1050.0,24625,1050.0,2026-09-03T19:35:09.316540+00:00
2025-03-10,1070.0,1070.0,1015.0,1033.9,17010,1033.9,2026-09-03T19:35:09.316540+00:00
2025-03-11,1053.0,1053.0,995.0,1019.0,6713,1019.0,2026-09-03T19:35:09.316540+00:00
2025-03-12,1019.0,1019.0,991.1,995.0,3268,995.0,2026-09-03T19:35:09.316540+00:00
2025-03-16,990.0,1004.0,976.0,990.0,4279,990.0,2026-09-03T19:35:09.316540+00:00
2025-03-17,972.1,999.8,960.3,983.0,3877,983.0,2026-09-03T19:35:09.316540+00:00
2025-03-18,989.9,990.4,971.0,977.0,1043,977.0,2026-09-03T19:35:09.316540+00:00
2025-03-19,996.5,996.5,962.3,969.0,3183,969.0,2026-09-03T19:35:09.316540+00:00
2025-03-20,970.0,970.0,950.7,957.23,3779,957.23,2026-09-03T19:35:09.316540+00:00
2025-03-23,976.0,976.0,930.1,935.91,2449,935.91,2026-09-03T19:35:09.316540+00:00
2025-03-24,935.91,958.0,926.6,949.52,1239,949.52,2026-09-03T19:35:09.316540+00:00
2025-03-25,935.0,952.0,915.0,915.06,4254,915.06,2026-09-03T19:35:09.316540+00:00
2025-03-26,920.0,933.0,908.0,914.26,3230,914.26,2026-09-03T19:35:09.316540+00:00
2025-03-27,932.5,950.0,914.0,932.29,3722,932.29,2026-09-03T19:35:09.316540+00:00
2025-03-30,932.0,950.0,923.2,939.21,3356,939.21,2026-09-03T19:35:09.316540+00:00
2025-04-01,954.0,954.0,918.1,933.45,2320,933.45,2026-09-03T19:35:09.316540+00:00
2025-04-02,930.0,944.0,929.0,939.9,1700,939.9,2026-09-03T19:35:09.316540+00:00
2025-04-03,940.0,949.4,922.0,923.38,3336,923.38,2026-09-03T19:35:09.316540+00:00
2025-04-07,916.0,920.0,886.9,915.26,2876,915.26,2026-09-03T19:35:09.316540+00:00
2025-04-08,900.1,929.9,883.0,907.7,5865,907.7,2026-09-03T19:35:09.316540+00:00
2025-04-09,922.0,922.0,905.0,912.58,3720,912.58,2026-09-03T19:35:09.316540+00:00
2025-04-10,901.3,948.9,901.3,922.04,2219,922.04,2026-09-03T19:35:09.316540+00:00
2025-04-13,907.0,936.9,907.0,912.64,2820,912.64,2026-09-03T19:35:09.316540+00:00
2025-04-15,910.0,945.0,910.0,934.59,1647,934.59,2026-09-03T19:35:09.316540+00:00
2025-04-16,917.0,935.0,915.0,925.0,2539,925.0,2026-09-03T19:35:09.316540+00:00
2025-04-17,920.0,945.0,920.0,935.52,4262,935.52,2026-09-03T19:35:09.316540+00:00
2025-04-20,935.5,935.5,918.0,924.82,2672,924.82,2026-09-03T19:35:09.316540+00:00
2025-04-21,910.1,928.0,910.1,915.83,1710,915.83,2026-09-03T19:35:09.316540+00:00
2025-04-22,915.8,930.0,905.1,908.47,1864,908.47,2026-09-03T19:35:09.316540+00:00
2025-04-23,902.0,920.0,897.0,902.3,2689,902.3,2026-09-03T19:35:09.316540+00:00
2025-04-24,902.3,913.0,885.0,901.03,2412,901.03,2026-09-03T19:35:09.316540+00:00
2025-04-27,900.1,900.1,885.0,885.93,3124,885.93,2026-09-03T19:35:09.316540+00:00
2025-04-28,890.0,905.0,875.2,877.83,2361,877.83,2026-09-03T19:35:09.316540+00:00
2025-04-29,873.0,879.0,863.2,873.5,4553,873.5,2026-09-03T19:35:09.316540+00:00
2025-04-30,890.0,890.0,860.0,866.1,1241,866.1,2026-09-03T19:35:09.316540+00:00
2025-05-04,883.0,883.0,847.0,848.31,2968,848.31,2026-09-03T19:35:09.316540+00:00
2025-05-05,842.1,858.0,839.0,840.18,3409,840.18,2026-09-03T19:35:09.316540+00:00
2025-05-06,825.0,890.0,824.0,855.04,4783,855.04,2026-09-03T19:35:09.316540+00:00
2025-05-07,855.04,871.0,822.3,869.44,4913,869.44,2026-09-03T19:35:09.316540+00:00
2025-05-08,880.9,880.9,853.0,857.83,2808,857.83,2026-09-03T19:35:09.316540+00:00
2025-05-11,869.0,869.9,841.5,855.01,4661,855.01,2026-09-03T19:35:09.316540+00:00
2025-05-13,855.01,855.01,830.0,840.95,4197,840.95,2026-09-03T19:35:09.316540+00:00
2025-05-14,826.0,856.0,826.0,834.88,2991,834.88,2026-09-03T19:35:09.316540+00:00
2025-05-15,825.2,849.0,825.0,826.11,1711,826.11,2026-09-03T19:35:09.316540+00:00
2025-05-18,820.2,870.0,820.2,866.63,8197,866.63,2026-09-03T19:35:09.316540+00:00
2025-05-19,880.0,883.0,849.3,866.84,4072,866.84,2026-09-03T19:35:09.316540+00:00
2025-05-20,850.1,875.0,850.1,870.88,2116,870.88,2026-09-03T19:35:09.316540+00:00
2025-05-21,888.0,924.0,862.4,869.48,3599,869.48,2026-09-03T19:35:09.316540+00:00
2025-05-22,886.0,900.0,860.0,891.18,13042,891.18,2026-09-03T19:35:09.316540+00:00
2025-05-25,899.8,930.0,883.5,913.86,9945,913.86,2026-09-03T19:35:09.316540+00:00
2025-05-26,930.0,945.0,890.0,899.32,5696,899.32,2026-09-03T19:35:09.316540+00:00
2025-05-27,885.0,904.9,876.0,895.4,933,895.4,2026-09-03T19:35:09.316540+00:00
2025-05-28,880.0,890.0,877.0,879.37,1885,879.37,2026-09-03T19:35:09.316540+00:00
2025-06-02,896.9,905.0,874.1,875.0,2034,875.0,2026-09-03T19:35:09.316540+00:00
2025-06-03,875.0,892.5,850.5,861.38,2908,861.38,2026-09-03T19:35:09.316540+00:00
2025-06-04,855.0,878.0,854.0,855.96,1375,855.96,2026-09-03T19:35:09.316540+00:00
2025-06-05,873.0,889.9,840.0,842.53,1580,842.53,2026-09-03T19:35:09.316540+00:00
2025-06-08,835.1,850.0,830.5,847.0,4154,847.0,2026-09-03T19:35:09.316540+00:00
2025-06-09,831.6,870.9,831.6,857.98,1319,857.98,2026-09-03T19:35:09.316540+00:00
2025-06-10,875.1,892.6,841.1,849.81,1613,849.81,2026-09-03T19:35:09.316540+00:00
2025-06-11,850.0,865.0,834.0,854.62,3193,854.62,2026-09-03T19:35:09.316540+00:00
2025-06-12,850.0,870.9,839.0,847.49,4493,847.49,2026-09-03T19:35:09.316540+00:00
2025-06-15,845.0,858.9,832.0,836.72,3097,836.72,2026-09-03T19:35:09.316540+00:00
2025-06-16,853.4,853.4,820.3,828.95,6011,828.95,2026-09-03T19:35:09.316540+00:00
2025-06-17,845.5,859.9,830.1,849.2,3917,849.2,2026-09-03T19:35:09.316540+00:00
2025-06-18,837.1,856.7,837.1,847.27,1679,847.27,2026-09-03T19:35:09.316540+00:00
2025-06-19,840.0,840.0,830.4,830.97,2585,830.97,2026-09-03T19:35:09.316540+00:00
2025-06-22,818.1,834.9,818.1,821.62,2701,821.62,2026-09-03T19:35:09.316540+00:00
2025-06-23,838.0,838.0,816.0,817.29,1112,817.29,2026-09-03T19:35:09.316540+00:00
2025-06-24,820.0,830.0,806.0,807.3,3416,807.3,2026-09-03T19:35:09.316540+00:00
2025-06-25,805.0,815.0,800.1,805.32,1787,805.32,2026-09-03T19:35:09.316540+00:00
2025-06-26,805.0,853.0,795.2,817.9,4772,817.9,2026-09-03T19:35:09.316540+00:00
2025-06-29,818.0,828.6,810.0,823.92,1619,823.92,2026-09-03T19:35:09.316540+00:00
2025-06-30,824.0,839.0,820.0,833.66,4172,833.66,2026-09-03T19:35:09.316540+00:00
2025-07-01,849.9,865.0,833.0,862.01,6420,862.01,2026-09-03T19:35:09.316540+00:00
2025-07-02,875.0,875.0,850.3,861.56,2751,861.56,2026-09-03T19:35:09.316540+00:00
2025-07-03,845.0,864.0,844.4,845.94,2915,845.94,2026-09-03T19:35:09.316540+00:00
2025-07-06,846.0,880.0,846.0,867.78,9590,867.78,2026-09-03T19:35:09.316540+00:00
2025-07-07,861.0,878.0,844.0,844.23,6725,844.23,2026-09-03T19:35:09.316540+00:00
2025-07-08,832.0,852.0,832.0,844.68,1907,844.68,2026-09-03T19:35:09.316540+00:00
2025-07-09,859.0,859.0,836.0,840.83,4134,840.83,2026-09-03T19:35:09.316540+00:00
2025-07-10,855.0,867.0,840.0,859.42,3743,859.42,2026-09-03T19:35:09.316540+00:00
2025-07-13,876.6,907.0,861.0,884.42,10298,884.42,2026-09-03T19:35:09.316540+00:00
2025-07-14,884.0,894.0,865.1,878.99,2935,878.99,2026-09-03T19:35:09.316540+00:00
2025-07-15,890.0,890.0,867.1,882.29,2502,882.29,2026-09-03T19:35:09.316540+00:00
2025-07-16,890.0,925.0,890.0,915.94,10590,915.94,2026-09-03T19:35:09.316540+00:00
2025-07-17,933.8,976.0,914.0,963.25,18897,963.25,2026-09-03T19:35:09.316540+00:00
2025-07-20,952.0,1020.0,951.1,963.92,16485,963.92,2026-09-03T19:35:09.316540+00:00
2025-07-21,964.0,1009.0,952.0,988.62,22472,988.62,2026-09-03T19:35:09.316540+00:00
2025-07-22,996.0,1080.0,996.0,1071.31,39926,1071.31,2026-09-03T19:35:09.316540+00:00
2025-07-23,1092.7,1094.1,1053.0,1088.25,20073,1088.25,2026-09-03T19:35:09.316540+00:00
2025-07-24,1066.5,1145.0,1066.5,1122.79,28645,1122.79,2026-09-03T19:35:09.316540+00:00
2025-07-27,1145.2,1145.2,1088.0,1101.43,43004,1101.43,2026-09-03T19:35:09.316540+00:00
2025-07-28,1101.43,1140.0,1080.2,1134.13,35367,1134.13,2026-09-03T19:35:09.316540+00:00
2025-07-29,1135.0,1175.0,1135.0,1157.33,22655,1157.33,2026-09-03T19:35:09.316540+00:00
2025-07-30,1134.2,1140.0,1113.2,1128.75,36357,1128.75,2026-09-03T19:35:09.316540+00:00
2025-07-31,1111.0,1160.0,1111.0,1154.06,28374,1154.06,2026-09-03T19:35:09.316540+00:00
2025-08-03,1177.1,1177.1,1150.1,1159.65,32059,1159.65,2026-09-03T19:35:09.316540+00:00
2025-08-04,1136.5,1175.0,1120.0,1165.19,25395,1165.19,2026-09-03T19:35:09.316540+00:00
2025-08-05,1141.9,1198.0,1141.9,1175.55,34284,1175.55,2026-09-03T19:35:09.316540+00:00
2025-08-06,1152.1,1217.0,1152.1,1213.74,32971,1213.74,2026-09-03T19:35:09.316540+00:00
2025-08-07,1195.0,1250.0,1195.0,1247.87,44259,1247.87,2026-09-03T19:35:09.316540+00:00
2025-08-11,1230.0,1254.0,1230.0,1244.68,62544,1244.68,2026-09-03T19:35:09.316540+00:00
2025-08-12,1219.8,1290.0,1202.0,1224.78,30451,1224.78,2026-09-03T19:35:09.316540+00:00
2025-08-13,1201.0,1246.0,1175.0,1226.38,56593,1226.38,2026-09-03T19:35:09.316540+00:00
2025-08-14,1249.0,1249.0,1199.0,1235.22,32894,1235.22,2026-09-03T19:35:09.316540+00:00
2025-08-17,1210.6,1232.0,1205.5,1208.21,25585,1208.21,2026-09-03T19:35:09.316540+00:00
2025-08-18,1185.3,1219.0,1185.3,1209.3,26716,1209.3,2026-09-03T19:35:09.316540+00:00
2025-08-19,1209.3,1222.9,1200.0,1208.73,8244,1208.73,2026-09-03T19:35:09.316540+00:00
2025-08-20,1190.0,1227.0,1190.0,1221.58,30497,1221.58,2026-09-03T19:35:09.316540+00:00
2025-08-21,1197.2,1223.0,1197.2,1219.78,16690,1219.78,2026-09-03T19:35:09.316540+00:00
2025-08-24,1195.4,1218.9,1195.4,1204.66,21294,1204.66,2026-09-03T19:35:09.316540+00:00
2025-08-25,1228.7,1252.0,1206.0,1239.39,55845,1239.39,2026-09-03T19:35:09.316540+00:00
2025-08-26,1214.7,1260.0,1214.7,1253.6,23046,1253.6,2026-09-03T19:35:09.316540+00:00
2025-08-27,1228.6,1279.0,1228.6,1266.3,22676,1266.3,2026-09-03T19:35:09.316540+00:00
2025-08-28,1242.0,1291.0,1242.0,1244.75,19521,1244.75,2026-09-03T19:35:09.316540+00:00
2025-08-31,1219.9,1311.0,1219.9,1231.3,15984,1231.3,2026-09-03T19:35:09.316540+00:00
2025-09-01,1238.0,1265.0,1230.0,1258.34,26045,1258.34,2026-09-03T19:35:09.316540+00:00
2025-09-02,1233.2,1279.9,1233.2,1267.12,24920,1267.12,2026-09-03T19:35:09.316540+00:00
2025-09-03,1241.8,1266.0,1241.8,1249.06,11048,1249.06,2026-09-03T19:35:09.316540+00:00
2025-09-04,1224.1,1258.7,1224.1,1250.78,15989,1250.78,2026-09-03T19:35:09.316540+00:00
2025-09-07,1225.8,1274.0,1212.0,1242.79,9510,1242.79,2026-09-03T19:35:09.316540+00:00
2025-09-08,1218.0,1239.0,1193.0,1226.21,15587,1226.21,2026-09-03T19:35:09.316540+00:00
2025-09-21,1250.0,1250.0,1178.2,1214.71,11970,1214.71,2026-09-03T19:35:09.316540+00:00
2025-09-23,1193.0,1263.0,1193.0,1201.0,18467,1201.0,2026-09-03T19:35:09.316540+00:00
2025-09-24,1180.0,1249.0,1180.0,1204.0,7075,1204.0,2026-09-03T19:35:09.316540+00:00
2025-09-25,1184.0,1208.0,1184.0,1208.0,6053,1208.0,2026-09-03T19:35:09.316540+00:00
2025-09-28,1184.1,1209.9,1184.0,1203.0,2464,1203.0,2026-09-03T19:35:09.316540+00:00
2025-10-07,1182.0,1199.0,1165.0,1199.0,21864,1199.0,2026-09-03T19:35:09.316540+00:00
2025-10-08,1175.1,1246.0,1146.1,1158.0,5994,1158.0,2026-09-03T19:35:09.316540+00:00
2025-10-09,1181.1,1204.7,1158.0,1175.0,14571,1175.0,2026-09-03T19:35:09.316540+00:00
2025-10-12,1151.5,1151.5,1103.0,1124.9,5908,1124.9,2026-09-03T19:35:09.316540+00:00
2025-10-13,1103.0,1141.0,1103.0,1133.0,8066,1133.0,2026-09-03T19:35:09.316540+00:00
2025-10-14,1110.4,1129.0,1100.0,1121.0,6335,1121.0,2026-09-03T19:35:09.316540+00:00
2025-10-15,1100.0,1140.0,1100.0,1124.0,2645,1124.0,2026-09-03T19:35:09.316540+00:00
2025-10-16,1101.6,1167.7,1101.6,1167.7,7003,1167.7,2026-09-03T19:35:09.316540+00:00
2025-10-19,1168.0,1168.0,1121.6,1162.0,2827,1162.0,2026-09-03T19:35:09.316540+00:00
2025-10-26,1182.2,1205.0,1122.0,1205.0,1801,1205.0,2026-09-03T19:35:09.316540+00:00
2025-10-28,1180.9,1224.9,1170.0,1205.0,2057,1205.0,2026-09-03T19:35:09.316540+00:00
2025-10-29,1180.9,1228.0,1162.0,1189.0,13458,1189.0,2026-09-03T19:35:09.316540+00:00
2025-10-30,1207.9,1207.9,1166.1,1191.9,4424,1191.9,2026-09-03T19:35:09.316540+00:00
2025-11-02,1210.0,1210.0,1166.2,1189.0,4472,1189.0,2026-09-03T19:35:09.316540+00:00
2025-11-03,1165.3,1195.0,1142.2,1142.2,4728,1142.2,2026-09-03T19:35:09.316540+00:00
2025-11-04,1165.0,1165.0,1119.2,1147.9,6230,1147.9,2026-09-03T19:35:09.316540+00:00
2025-11-05,1125.0,1193.0,1114.0,1140.0,8881,1140.0,2026-09-03T19:35:09.316540+00:00
2025-11-06,1117.2,1161.3,1117.2,1121.5,3856,1121.5,2026-09-03T19:35:09.316540+00:00
2025-11-09,1143.0,1150.0,1121.0,1142.0,7298,1142.0,2026-09-03T19:35:09.316540+00:00
2025-11-10,1126.0,1150.0,1123.0,1145.7,4278,1145.7,2026-09-03T19:35:09.316540+00:00
2025-11-11,1145.0,1158.0,1126.0,1137.0,1939,1137.0,2026-09-03T19:35:09.316540+00:00
2025-11-12,1125.0,1136.0,1119.0,1136.0,5776,1136.0,2026-09-03T19:35:09.316540+00:00
2025-11-13,1156.0,1156.0,1115.3,1130.0,2944,1130.0,2026-09-03T19:35:09.316540+00:00
2025-11-16,1110.0,1130.0,1110.0,1122.9,951,1122.9,2026-09-03T19:35:09.316540+00:00
2025-11-17,1112.3,1132.9,1105.0,1110.0,6896,1110.0,2026-09-03T19:35:09.316540+00:00
2025-11-18,1101.1,1132.0,1101.0,1102.0,3803,1102.0,2026-09-03T19:35:09.316540+00:00
2025-11-19,1124.0,1124.0,1091.0,1114.8,8194,1114.8,2026-09-03T19:35:09.316540+00:00
2025-11-20,1101.0,1113.0,1094.0,1094.0,7402,1094.0,2026-09-03T19:35:09.316540+00:00
2025-11-23,1114.8,1125.0,1100.0,1124.0,8251,1124.0,2026-09-03T19:35:09.316540+00:00
2025-11-24,1140.0,1144.8,1107.0,1137.0,3669,1137.0,2026-09-03T19:35:09.316540+00:00
2025-11-25,1154.5,1154.5,1122.4,1126.8,2380,1126.8,2026-09-03T19:35:09.316540+00:00
2025-11-26,1126.2,1138.8,1111.0,1137.0,7384,1137.0,2026-09-03T19:35:09.316540+00:00
2025-11-27,1135.0,1135.9,1123.0,1134.0,8736,1134.0,2026-09-03T19:35:09.316540+00:00
2025-11-30,1111.4,1156.2,1090.0,1130.0,21152,1130.0,2026-09-03T19:35:09.316540+00:00
2025-12-01,1107.4,1174.0,1100.0,1119.0,10645,1119.0,2026-09-03T19:35:09.316540+00:00
2025-12-02,1138.0,1138.0,1093.0,1127.0,7797,1127.0,2026-09-03T19:35:09.316540+00:00
2025-12-03,1104.5,1127.0,1096.0,1108.0,18786,1108.0,2026-09-03T19:35:09.316540+00:00
2025-12-07,1100.0,1113.0,1056.5,1070.0,15612,1070.0,2026-09-03T19:35:09.316540+00:00
2025-12-08,1050.6,1071.0,1046.0,1055.0,7261,1055.0,2026-09-03T19:35:09.316540+00:00
2025-12-09,1045.0,1076.0,1030.4,1044.9,7504,1044.9,2026-09-03T19:35:09.316540+00:00
2025-12-10,1025.0,1040.0,1025.0,1033.5,4691,1033.5,2026-09-03T19:35:09.316540+00:00
2025-12-11,1033.5,1054.0,1012.2,1022.0,12843,1022.0,2026-09-03T19:35:09.316540+00:00
2025-12-14,1004.1,1020.9,984.0,985.0,9695,985.0,2026-09-03T19:35:09.316540+00:00
2025-12-15,974.0,1019.9,974.0,986.5,7189,986.5,2026-09-03T19:35:09.316540+00:00
2025-12-16,966.8,1025.0,966.8,982.0,4766,982.0,2026-09-03T19:35:09.316540+00:00
2025-12-17,977.0,999.0,950.3,975.9,18889,975.9,2026-09-03T19:35:09.316540+00:00
2025-12-18,960.1,965.0,956.5,956.5,4504,956.5,2026-09-03T19:35:09.316540+00:00
2025-12-21,946.4,963.8,940.1,945.6,7336,945.6,2026-09-03T19:35:09.316540+00:00
2025-12-22,937.0,945.0,915.4,926.7,8841,926.7,2026-09-03T19:35:09.316540+00:00
2025-12-23,942.9,942.9,910.1,939.0,2433,939.0,2026-09-03T19:35:09.316540+00:00
2025-12-24,925.0,995.0,925.0,989.0,10624,989.0,2026-09-03T19:35:09.316540+00:00
2025-12-28,999.7,1028.0,984.0,1024.0,8584,1024.0,2026-09-03T19:35:09.316540+00:00
2025-12-29,1029.0,1038.4,1000.0,1024.9,13202,1024.9,2026-09-03T19:35:09.316540+00:00
2025-12-31,1004.5,1064.0,986.0,998.0,25402,998.0,2026-09-03T19:35:09.316540+00:00
2026-01-01,978.1,1035.0,945.0,971.9,16080,971.9,2026-09-03T19:35:09.316540+00:00
2026-01-04,952.5,1019.0,952.5,1011.0,11927,1011.0,2026-09-03T19:35:09.316540+00:00
2026-01-05,990.8,1029.0,990.8,1025.1,11720,1025.1,2026-09-03T19:35:09.316540+00:00
2026-01-06,1004.6,1064.0,1004.6,1048.0,17458,1048.0,2026-09-03T19:35:09.316540+00:00
2026-01-07,1027.1,1047.0,996.0,1020.0,11959,1020.0,2026-09-03T19:35:09.316540+00:00
2026-01-08,999.6,1025.0,999.0,1014.0,10135,1014.0,2026-09-03T19:35:09.316540+00:00
2026-01-12,993.8,1014.0,981.4,996.0,6979,996.0,2026-09-03T19:35:09.316540+00:00
2026-01-13,976.1,999.5,976.1,994.0,5924,994.0,2026-09-03T19:35:09.316540+00:00
2026-01-14,974.2,993.6,974.2,980.1,4955,980.1,2026-09-03T19:35:09.316540+00:00
2026-01-18,994.0,1000.0,983.2,995.0,9032,995.0,2026-09-03T19:35:09.316540+00:00
2026-01-20,996.0,1025.0,995.0,1013.0,12649,1013.0,2026-09-03T19:35:09.316540+00:00
2026-01-21,1015.0,1015.0,995.0,1010.0,3591,1010.0,2026-09-03T19:35:09.316540+00:00
2026-01-22,991.5,1005.5,989.0,1001.0,9919,1001.0,2026-09-03T19:35:09.316540+00:00
2026-01-25,1012.0,1019.0,1000.2,1007.0,11061,1007.0,2026-09-03T19:35:09.316540+00:00
2026-01-26,1015.0,1018.0,990.0,1015.0,14800,1015.0,2026-09-03T19:35:09.316540+00:00
2026-01-27,1000.1,1019.0,986.0,999.0,13003,999.0,2026-09-03T19:35:09.316540+00:00
2026-01-28,979.1,1045.0,979.1,1036.0,28952,1036.0,2026-09-03T19:35:09.316540+00:00
2026-01-29,1015.3,1046.0,1001.0,1013.0,10657,1013.0,2026-09-03T19:35:09.316540+00:00
2026-02-01,1000.0,1016.0,974.0,999.0,8094,999.0,2026-09-03T19:35:09.316540+00:00
2026-02-02,1009.9,1009.9,975.0,975.0,6611,975.0,2026-09-03T19:35:09.316540+00:00
2026-02-03,976.0,994.0,976.0,992.8,836,992.8,2026-09-03T19:35:09.316540+00:00
2026-02-04,1000.0,1000.0,974.0,983.0,2217,983.0,2026-09-03T19:35:09.316540+00:00
2026-02-05,975.0,989.0,973.0,980.0,9825,980.0,2026-09-03T19:35:09.316540+00:00
2026-02-08,965.0,990.0,965.0,966.1,6573,966.1,2026-09-03T19:35:09.316540+00:00
2026-02-09,956.1,977.0,945.0,960.0,4427,960.0,2026-09-03T19:35:09.316540+00:00
2026-02-10,951.3,960.0,938.0,956.0,5415,956.0,2026-09-03T19:35:09.316540+00:00
2026-02-11,956.0,975.0,943.0,957.0,3557,957.0,2026-09-03T19:35:09.316540+00:00
2026-02-12,957.0,967.0,915.0,956.0,8691,956.0,2026-09-03T19:35:09.316540+00:00
2026-02-16,951.0,970.0,930.0,934.8,5571,934.8,2026-09-03T19:35:09.316540+00:00
2026-02-17,953.0,991.0,917.3,940.0,5294,940.0,2026-09-03T19:35:09.316540+00:00
2026-02-22,940.0,940.0,920.3,938.0,4181,938.0,2026-09-03T19:35:09.316540+00:00
2026-02-23,920.1,945.0,915.0,924.9,6025,924.9,2026-09-03T19:35:09.316540+00:00
2026-02-24,917.0,935.0,917.0,934.9,5610,934.9,2026-09-03T19:35:09.316540+00:00
2026-02-25,917.0,944.0,917.0,934.9,1754,934.9,2026-09-03T19:35:09.316540+00:00
2026-02-26,930.0,938.0,916.7,918.0,1648,918.0,2026-09-03T19:35:09.316540+00:00
2026-03-01,917.0,934.0,891.0,929.0,1976,929.0,2026-09-03T19:35:09.316540+00:00
2026-03-03,943.0,943.0,925.0,930.2,2696,930.2,2026-09-03T19:35:09.316540+00:00
2026-03-09,948.8,987.0,948.8,987.0,631,987.0,2026-09-03T19:35:09.316540+00:00
2026-03-10,1000.0,1000.0,935.1,986.7,16162,986.7,2026-09-03T19:35:09.316540+00:00
2026-03-11,967.0,986.6,951.0,963.9,10349,963.9,2026-09-03T19:35:09.316540+00:00
2026-03-12,950.0,999.0,950.0,967.0,5682,967.0,2026-09-03T19:35:09.316540+00:00
2026-03-15,947.7,991.0,947.7,970.0,14175,970.0,2026-09-03T19:35:09.316540+00:00
2026-03-16,952.0,980.0,951.6,970.5,4147,970.5,2026-09-03T19:35:09.316540+00:00
2026-03-17,951.1,985.0,951.1,969.9,4069,969.9,2026-09-03T19:35:09.316540+00:00
2026-03-19,952.0,986.0,952.0,971.1,7155,971.1,2026-09-03T19:35:09.316540+00:00
2026-03-22,955.0,1050.0,955.0,1038.0,44498,1038.0,2026-09-03T19:35:09.316540+00:00
2026-03-23,1018.0,1090.0,1018.0,1080.0,25407,1080.0,2026-09-03T19:35:09.316540+00:00
2026-03-24,1060.0,1100.0,1060.0,1075.0,10103,1075.0,2026-09-03T19:35:09.316540+00:00
2026-03-25,1055.0,1065.0,1029.0,1049.0,11378,1049.0,2026-09-03T19:35:09.316540+00:00
2026-03-26,1057.0,1057.0,1026.1,1035.0,7429,1035.0,2026-09-03T19:35:09.316540+00:00
2026-03-29,1015.0,1082.5,994.7,998.0,10473,998.0,2026-09-03T19:35:09.316540+00:00
2026-03-30,990.0,1029.9,990.0,994.0,7163,994.0,2026-09-03T19:35:09.316540+00:00
2026-03-31,995.0,1025.0,977.0,1025.0,8368,1025.0,2026-09-03T19:35:09.316540+00:00
2026-04-01,1005.0,1020.0,972.0,989.0,4766,989.0,2026-09-03T19:35:09.316540+00:00
2026-04-02,989.0,1000.0,975.0,975.0,3649,975.0,2026-09-03T19:35:09.316540+00:00
2026-04-05,975.0,975.0,920.0,938.0,9837,938.0,2026-09-03T19:35:09.316540+00:00
2026-04-06,956.0,989.0,951.0,987.0,3906,987.0,2026-09-03T19:35:09.316540+00:00
2026-04-07,998.0,1000.0,955.0,973.0,5155,973.0,2026-09-03T19:35:09.316540+00:00
2026-04-08,986.6,999.0,956.6,979.0,2058,979.0,2026-09-03T19:35:09.316540+00:00
2026-04-09,992.0,999.0,947.0,993.0,7066,993.0,2026-09-03T19:35:09.316540+00:00
2026-04-10,1012.0,1012.8,956.0,969.3,4429,969.3,2026-09-03T19:35:09.316540+00:00
2026-04-13,954.0,979.9,954.0,968.0,2363,968.0,2026-09-03T19:35:09.316540+00:00
2026-04-15,985.0,1005.0,953.0,971.0,2600,971.0,2026-09-03T19:35:09.316540+00:00
2026-04-16,971.0,980.0,962.0,969.9,1530,969.9,2026-09-03T19:35:09.316540+00:00
2026-04-17,969.0,985.0,952.0,972.0,7971,972.0,2026-09-03T19:35:09.316540+00:00
2026-04-20,951.0,973.0,948.0,948.0,3897,948.0,2026-09-03T19:35:09.316540+00:00
2026-04-21,960.0,960.0,936.4,958.9,1629,958.9,2026-09-03T19:35:09.316540+00:00
2026-04-22,935.0,959.0,935.0,959.0,9817,959.0,2026-09-03T19:35:09.316540+00:00
2026-04-23,911.1,1020.0,911.1,952.0,4826,952.0,2026-09-03T19:35:09.316540+00:00
2026-04-24,904.4,1028.0,904.4,957.0,9268,957.0,2026-09-03T19:35:09.316540+00:00
2026-04-27,957.0,984.0,940.0,965.9,8996,965.9,2026-09-03T19:35:09.316540+00:00
2026-04-28,965.9,985.0,940.0,942.0,3318,942.0,2026-09-03T19:35:09.316540+00:00
2026-04-29,923.0,1030.0,923.0,942.0,8908,942.0,2026-09-03T19:35:09.316540+00:00
2026-04-30,894.9,966.0,894.9,944.0,967,944.0,2026-09-03T19:35:09.316540+00:00
2026-05-04,920.0,944.5,920.0,936.9,1568,936.9,2026-09-03T19:35:09.316540+00:00
2026-05-05,949.0,949.0,925.0,936.9,1753,936.9,2026-09-03T19:35:09.316540+00:00
2026-05-06,944.0,944.0,922.0,926.0,3206,926.0,2026-09-03T19:35:09.316540+00:00
2026-05-07,952.9,952.9,931.0,944.0,3326,944.0,2026-09-03T19:35:09.316540+00:00
2026-05-08,954.0,969.9,926.5,945.0,841,945.0,2026-09-03T19:35:09.316540+00:00
2026-05-11,992.2,992.2,935.1,949.9,2376,949.9,2026-09-03T19:35:09.316540+00:00
2026-05-12,925.0,976.0,925.0,933.0,4300,933.0,2026-09-03T19:35:09.316540+00:00
2026-05-13,954.0,954.0,920.1,935.0,348,935.0,2026-09-03T19:35:09.316540+00:00
2026-05-14,900.0,950.0,900.0,935.0,183,935.0,2026-09-03T19:35:09.316540+00:00
2026-05-15,910.0,940.0,910.0,922.5,1793,922.5,2026-09-03T19:35:09.316540+00:00
2026-05-18,915.0,936.0,915.0,921.5,1684,921.5,2026-09-03T19:35:09.316540+00:00
2026-05-19,947.0,947.0,918.6,931.0,2128,931.0,2026-09-03T19:35:09.316540+00:00
2026-05-20,911.0,940.0,911.0,940.0,2196,940.0,2026-09-03T19:35:09.316540+00:00
2026-05-21,922.0,945.0,922.0,938.9,555,938.9,2026-09-03T19:35:09.316540+00:00
2026-05-22,921.0,940.0,921.0,939.9,4645,939.9,2026-09-03T19:35:09.316540+00:00
2026-05-25,935.0,947.2,920.1,928.0,3308,928.0,2026-09-03T19:35:09.316540+00:00
2026-05-26,900.0,949.0,900.0,938.0,408,938.0,2026-09-03T19:35:09.316540+00:00
2026-05-27,938.0,944.0,905.0,938.0,8101,938.0,2026-09-03T19:35:09.316540+00:00
2026-06-01,900.0,954.8,900.0,924.9,1842,924.9,2026-09-03T19:35:09.316540+00:00
2026-06-02,910.0,965.0,910.0,920.0,974,920.0,2026-09-03T19:35:09.316540+00:00
2026-06-03,947.6,947.6,916.2,928.8,3000,928.8,2026-09-03T19:35:09.316540+00:00
2026-06-04,930.0,930.0,920.0,926.5,977,926.5,2026-09-03T19:35:09.316540+00:00
2026-06-05,915.1,929.6,914.0,916.0,6592,916.0,2026-09-03T19:35:09.316540+00:00
2026-06-08,915.0,934.9,902.7,916.3,1875,916.3,2026-09-03T19:35:09.316540+00:00
2026-06-09,927.0,927.4,905.0,906.0,2916,906.0,2026-09-03T19:35:09.316540+00:00
2026-06-10,924.5,924.6,903.5,922.9,1220,922.9,2026-09-03T19:35:09.316540+00:00
2026-06-11,900.0,954.8,900.0,915.0,1263,915.0,2026-09-03T19:35:09.316540+00:00
2026-06-12,908.1,924.0,903.1,918.9,2692,918.9,2026-09-03T19:35:09.316540+00:00
2026-06-15,926.0,926.0,902.1,917.0,239,917.0,2026-09-03T19:35:09.316540+00:00
2026-06-16,929.0,929.0,898.0,916.8,2293,916.8,2026-09-03T19:35:09.316540+00:00
2026-06-17,900.3,919.9,900.2,916.9,136,916.9,2026-09-03T19:35:09.316540+00:00
2026-06-18,905.0,919.0,901.1,909.0,929,909.0,2026-09-03T19:35:09.316540+00:00
2026-06-19,920.0,920.0,893.0,915.0,927,915.0,2026-09-03T19:35:09.316540+00:00
2026-06-22,900.0,919.8,900.0,919.8,1898,919.8,2026-09-03T19:35:09.316540+00:00
2026-06-23,922.0,922.0,900.0,908.0,1333,908.0,2026-09-03T19:35:09.316540+00:00
2026-06-24,895.0,909.8,890.0,909.8,2458,909.8,2026-09-03T19:35:09.316540+00:00
2026-06-25,883.1,908.0,883.1,908.0,162,908.0,2026-09-03T19:35:09.316540+00:00
2026-06-26,901.0,901.0,890.1,890.1,643,890.1,2026-09-03T19:35:09.316540+00:00
2026-06-29,875.0,914.0,875.0,892.0,1016,892.0,2026-09-03T19:35:09.316540+00:00
2026-06-30,871.0,885.0,866.0,884.0,2911,884.0,2026-09-03T19:35:09.316540+00:00
2026-07-01,884.0,937.8,878.0,897.0,3317,897.0,2026-09-03T19:35:09.316540+00:00
2026-07-02,900.0,900.0,873.2,896.8,1391,896.8,2026-09-03T19:35:09.316540+00:00
2026-07-03,875.9,899.0,875.9,886.3,467,886.3,2026-09-03T19:35:09.316540+00:00
2026-07-06,850.0,927.7,844.0,870.0,2153,870.0,2026-09-03T19:35:09.316540+00:00
2026-07-07,895.0,895.0,850.0,870.0,869,870.0,2026-09-03T19:35:09.316540+00:00
2026-07-08,896.1,949.0,850.0,875.0,799,875.0,2026-09-03T19:35:09.316540+00:00
2026-07-09,831.3,908.2,831.3,865.0,1053,865.0,2026-09-03T19:35:09.316540+00:00
2026-07-10,900.0,900.0,847.0,847.0,3353,847.0,2026-09-03T19:35:09.316540+00:00
2026-07-13,821.0,897.0,821.0,843.5,2867,843.5,2026-09-03T19:35:09.316540+00:00
2026-07-14,816.0,859.0,816.0,840.0,1517,840.0,2026-09-03T19:35:09.316540+00:00
2026-07-15,815.0,888.0,815.0,840.1,1182,840.1,2026-09-03T19:35:09.316540+00:00
2026-07-16,817.0,892.0,817.0,864.0,481,864.0,2026-09-03T19:35:09.316540+00:00
2026-07-17,825.0,898.8,825.0,874.0,1332,874.0,2026-09-03T19:35:09.316540+00:00
2026-07-20,917.0,917.0,871.0,891.0,2345,891.0,2026-09-03T19:35:09.316540+00:00
2026-07-21,935.0,935.0,874.1,883.0,1208,883.0,2026-09-03T19:35:09.316540+00:00
2026-07-22,840.0,940.0,840.0,890.0,1399,890.0,2026-09-03T19:35:09.316540+00:00
2026-07-23,850.0,927.0,850.0,891.9,1447,891.9,2026-09-03T19:35:09.316540+00:00
2026-07-24,850.0,900.0,850.0,884.0,1485,884.0,2026-09-03T19:35:09.316540+00:00
2026-07-27,860.0,930.0,860.0,883.9,2658,883.9,2026-09-03T19:35:09.316540+00:00
2026-07-28,865.0,915.6,865.0,892.0,513,892.0,2026-09-03T19:35:09.316540+00:00
2026-07-29,870.1,888.0,870.0,887.0,78,887.0,2026-09-03T19:35:09.316540+00:00
2026-07-30,842.7,893.8,842.7,883.9,812,883.9,2026-09-03T19:35:09.316540+00:00
2026-07-31,850.0,955.0,850.0,883.8,3205,883.8,2026-09-03T19:35:09.316540+00:00
2026-08-03,860.0,898.0,860.0,898.0,895,898.0,2026-09-03T19:35:09.316540+00:00
2026-08-04,871.0,924.0,871.0,890.0,1583,890.0,2026-09-03T19:35:09.316540+00:00
2026-08-05,865.0,890.0,865.0,883.8,1029,883.8,2026-09-03T19:35:09.316540+00:00
2026-08-06,870.0,896.0,859.0,879.0,1129,879.0,2026-09-03T19:35:09.316540+00:00
2026-08-07,878.9,886.0,860.0,876.9,1049,876.9,2026-09-03T19:35:09.316540+00:00
2026-08-10,851.0,880.0,851.0,865.0,1894,865.0,2026-09-03T19:35:09.316540+00:00
2026-08-11,840.0,890.0,840.0,878.0,1610,878.0,2026-09-03T19:35:09.316540+00:00
2026-08-12,885.0,885.0,861.0,875.0,88,875.0,2026-09-03T19:35:09.316540+00:00
2026-08-13,888.0,895.0,869.0,893.0,5108,893.0,2026-09-03T19:35:09.316540+00:00
2026-08-14,904.0,904.0,877.0,894.0,1655,894.0,2026-09-03T19:35:09.316540+00:00
2026-08-17,869.0,880.0,862.1,874.0,434,874.0,2026-09-03T19:35:09.316540+00:00
2026-08-18,885.0,885.0,860.0,860.5,2228,860.5,2026-09-03T19:35:09.316540+00:00
2026-08-19,850.0,874.9,850.0,860.0,2090,860.0,2026-09-03T19:35:09.316540+00:00
2026-08-20,860.0,870.0,836.0,860.0,1619,860.0,2026-09-03T19:35:09.316540+00:00
2026-08-21,840.0,860.0,840.0,858.8,691,858.8,2026-09-03T19:35:09.316540+00:00
2026-08-24,841.0,860.0,840.0,859.0,1591,859.0,2026-09-03T19:35:09.316540+00:00
2026-08-25,833.0,855.0,833.0,849.9,242,849.9,2026-09-03T19:35:09.316540+00:00
2026-08-26,830.0,850.0,830.0,844.9,1501,844.9,2026-09-03T19:35:09.316540+00:00
2026-08-27,820.0,840.0,820.0,838.0,1506,838.0,2026-09-03T19:35:09.316540+00:00
2026-08-31,820.0,849.0,815.5,834.9,756,834.9,2026-09-03T19:35:09.316540+00:00
2026-09-01,811.1,844.5,811.1,836.0,1691,836.0,2026-09-03T19:35:09.316540+00:00
2026-09-02,830.0,830.0,821.0,829.0,213,829.0,2026-09-03T19:35:09.316540+00:00
2026-09-03,800.0,844.0,800.0,837.0,1697,837.0,2026-09-03T19:35:09.316540+00:00
