date,open,high,low,close,volume,adj_close,fetched_at
2012-09-10,321.0,327.0,321.0,327.0,603,327.0,2026-09-03T19:33:51.515540+00:00
2012-09-11,327.0,325.0,316.0,325.0,2656,325.0,2026-09-03T19:33:51.515540+00:00
2012-09-12,325.0,343.0,331.0,343.0,472,343.0,2026-09-03T19:33:51.515540+00:00
2012-09-13,343.0,343.0,337.0,337.0,130,337.0,2026-09-03T19:33:51.515540+00:00
2012-09-17,337.0,361.0,343.0,357.0,3015,357.0,2026-09-03T19:33:51.515540+00:00
2012-09-18,357.0,392.0,364.0,392.0,1922,392.0,2026-09-03T19:33:51.515540+00:00
2012-09-19,392.0,414.0,376.0,383.0,1385,383.0,2026-09-03T19:33:51.515540+00:00
2012-09-20,383.0,377.0,370.0,377.0,292,377.0,2026-09-03T19:33:51.515540+00:00
2012-09-23,377.0,377.0,369.0,369.0,2065,369.0,2026-09-03T19:33:51.515540+00:00
2012-09-25,369.0,365.0,362.0,365.0,484,365.0,2026-09-03T19:33:51.515540+00:00
2012-09-26,365.0,369.0,369.0,369.0,300,369.0,2026-09-03T19:33:51.515540+00:00
2012-09-30,372.0,366.0,365.0,365.0,350,365.0,2026-09-03T19:33:51.515540+00:00
2012-10-01,365.0,366.0,366.0,366.0,100,366.0,2026-09-03T19:33:51.515540+00:00
2012-10-01,365.0,366.0,366.0,366.0,100,366.0,2026-09-03T19:33:51.515540+00:00
2012-10-04,366.0,359.0,359.0,359.0,48,359.0,2026-09-03T19:33:51.515540+00:00
2012-10-07,359.0,361.0,359.0,359.0,170,359.0,2026-09-03T19:33:51.515540+00:00
2012-10-08,359.0,359.0,348.0,353.0,1060,353.0,2026-09-03T19:33:51.515540+00:00
2012-10-09,353.0,360.0,350.0,350.0,1650,350.0,2026-09-03T19:33:51.515540+00:00
2012-10-10,350.0,357.0,350.0,357.0,2225,357.0,2026-09-03T19:33:51.515540+00:00
2012-10-11,357.0,360.0,360.0,360.0,200,360.0,2026-09-03T19:33:51.515540+00:00
2012-10-15,360.0,377.0,367.0,377.0,931,377.0,2026-09-03T19:33:51.515540+00:00
2012-10-18,377.0,370.0,370.0,370.0,200,370.0,2026-09-03T19:33:51.515540+00:00
2012-10-31,370.0,384.0,377.0,384.0,20,384.0,2026-09-03T19:33:51.515540+00:00
2012-11-04,384.0,391.0,380.0,380.0,1259,380.0,2026-09-03T19:33:51.515540+00:00
2012-11-05,380.0,386.0,385.0,385.0,480,385.0,2026-09-03T19:33:51.515540+00:00
2012-11-06,385.0,390.0,390.0,390.0,40,390.0,2026-09-03T19:33:51.515540+00:00
2012-11-08,390.0,402.0,394.0,394.0,40,394.0,2026-09-03T19:33:51.515540+00:00
2012-11-11,394.0,387.0,380.0,380.0,400,380.0,2026-09-03T19:33:51.515540+00:00
2012-11-20,380.0,397.0,386.0,397.0,540,397.0,2026-09-03T19:33:51.515540+00:00
2012-11-25,397.0,404.0,397.0,404.0,864,404.0,2026-09-03T19:33:51.515540+00:00
2012-11-26,404.0,404.0,385.0,385.0,975,385.0,2026-09-03T19:33:51.515540+00:00
2012-11-27,385.0,378.0,371.0,378.0,405,378.0,2026-09-03T19:33:51.515540+00:00
2012-11-29,378.0,392.0,380.0,381.0,1526,381.0,2026-09-03T19:33:51.515540+00:00
2012-12-02,381.0,417.0,388.0,395.0,2844,395.0,2026-09-03T19:33:51.515540+00:00
2012-12-03,395.0,400.0,393.0,393.0,1031,393.0,2026-09-03T19:33:51.515540+00:00
2012-12-04,393.0,400.0,387.0,400.0,1325,400.0,2026-09-03T19:33:51.515540+00:00
2012-12-05,400.0,408.0,400.0,400.0,1200,400.0,2026-09-03T19:33:51.515540+00:00
2012-12-06,400.0,401.0,390.0,401.0,4792,401.0,2026-09-03T19:33:51.515540+00:00
2012-12-09,401.0,400.0,385.0,392.0,1789,392.0,2026-09-03T19:33:51.515540+00:00
2012-12-11,392.0,390.0,390.0,390.0,100,390.0,2026-09-03T19:33:51.515540+00:00
2012-12-13,390.0,266.0,266.0,266.0,50,266.0,2026-09-03T19:33:51.515540+00:00
2012-12-16,266.0,275.0,270.0,274.0,900,274.0,2026-09-03T19:33:51.515540+00:00
2012-12-17,274.0,289.0,279.0,289.0,250,289.0,2026-09-03T19:33:51.515540+00:00
2012-12-18,289.0,284.0,270.0,275.0,2600,275.0,2026-09-03T19:33:51.515540+00:00
2012-12-19,275.0,280.0,280.0,280.0,200,280.0,2026-09-03T19:33:51.515540+00:00
2012-12-20,280.0,280.0,275.0,275.0,300,275.0,2026-09-03T19:33:51.515540+00:00
2012-12-23,275.0,274.0,272.0,272.0,2220,272.0,2026-09-03T19:33:51.515540+00:00
2012-12-24,272.0,272.0,272.0,272.0,147,272.0,2026-09-03T19:33:51.515540+00:00
2012-12-26,272.0,272.0,272.0,272.0,100,272.0,2026-09-03T19:33:51.515540+00:00
2013-01-03,272.0,277.0,267.0,277.0,764,277.0,2026-09-03T19:33:51.515540+00:00
2013-01-06,277.0,272.0,272.0,272.0,375,272.0,2026-09-03T19:33:51.515540+00:00
2013-01-07,272.0,272.0,270.0,270.0,130,270.0,2026-09-03T19:33:51.515540+00:00
2013-01-31,270.0,265.0,265.0,265.0,200,265.0,2026-09-03T19:33:51.515540+00:00
2013-02-04,265.0,270.0,260.0,265.0,1329,265.0,2026-09-03T19:33:51.515540+00:00
2013-02-06,265.0,265.0,255.0,255.0,1100,255.0,2026-09-03T19:33:51.515540+00:00
2013-02-13,255.0,260.0,260.0,260.0,100,260.0,2026-09-03T19:33:51.515540+00:00
2013-02-14,260.0,255.0,255.0,255.0,130,255.0,2026-09-03T19:33:51.515540+00:00
2013-02-25,255.0,260.0,256.0,256.0,30,256.0,2026-09-03T19:33:51.515540+00:00
2013-02-26,256.0,255.0,250.0,250.0,279,250.0,2026-09-03T19:33:51.515540+00:00
2013-02-27,250.0,253.0,253.0,253.0,360,253.0,2026-09-03T19:33:51.515540+00:00
2013-03-07,253.0,250.0,250.0,250.0,150,250.0,2026-09-03T19:33:51.515540+00:00
2013-03-11,250.0,245.0,245.0,245.0,200,245.0,2026-09-03T19:33:51.515540+00:00
2013-03-13,245.0,241.0,231.0,233.0,832,233.0,2026-09-03T19:33:51.515540+00:00
2013-03-14,233.0,237.0,230.0,230.0,825,230.0,2026-09-03T19:33:51.515540+00:00
2013-03-17,230.0,235.0,228.0,228.0,1350,228.0,2026-09-03T19:33:51.515540+00:00
2013-03-18,228.0,225.0,225.0,225.0,20,225.0,2026-09-03T19:33:51.515540+00:00
2013-03-20,225.0,225.0,221.0,223.0,492,223.0,2026-09-03T19:33:51.515540+00:00
2013-03-21,223.0,225.0,223.0,223.0,250,223.0,2026-09-03T19:33:51.515540+00:00
2013-03-27,223.0,227.0,227.0,227.0,20,227.0,2026-09-03T19:33:51.515540+00:00
2013-03-28,227.0,225.0,225.0,225.0,210,225.0,2026-09-03T19:33:51.515540+00:00
2013-03-31,225.0,222.0,222.0,222.0,200,222.0,2026-09-03T19:33:51.515540+00:00
2013-04-01,222.0,220.0,218.0,220.0,448,220.0,2026-09-03T19:33:51.515540+00:00
2013-04-02,220.0,224.0,224.0,224.0,1000,224.0,2026-09-03T19:33:51.515540+00:00
2013-04-03,224.0,225.0,224.0,224.0,1680,224.0,2026-09-03T19:33:51.515540+00:00
2013-04-04,224.0,224.0,220.0,224.0,1273,224.0,2026-09-03T19:33:51.515540+00:00
2013-04-07,224.0,225.0,221.0,222.0,830,222.0,2026-09-03T19:33:51.515540+00:00
2013-04-08,222.0,218.0,218.0,218.0,250,218.0,2026-09-03T19:33:51.515540+00:00
2013-04-11,218.0,221.0,214.0,214.0,3937,214.0,2026-09-03T19:33:51.515540+00:00
2013-04-15,214.0,215.0,210.0,210.0,1400,210.0,2026-09-03T19:33:51.515540+00:00
2013-04-18,210.0,210.0,206.0,206.0,2530,206.0,2026-09-03T19:33:51.515540+00:00
2013-04-28,206.0,203.0,200.0,200.0,2239,200.0,2026-09-03T19:33:51.515540+00:00
2013-04-30,200.0,202.0,202.0,202.0,142,202.0,2026-09-03T19:33:51.515540+00:00
2013-05-12,202.0,206.0,206.0,206.0,3069,206.0,2026-09-03T19:33:51.515540+00:00
2013-05-13,206.0,210.0,210.0,210.0,50,210.0,2026-09-03T19:33:51.515540+00:00
2013-05-15,210.0,210.0,210.0,210.0,190,210.0,2026-09-03T19:33:51.515540+00:00
2013-05-23,210.0,210.0,210.0,210.0,40,210.0,2026-09-03T19:33:51.515540+00:00
2013-05-30,210.0,206.0,206.0,206.0,96,206.0,2026-09-03T19:33:51.515540+00:00
2013-06-02,206.0,207.0,207.0,207.0,150,207.0,2026-09-03T19:33:51.515540+00:00
2013-06-03,207.0,206.0,206.0,206.0,210,206.0,2026-09-03T19:33:51.515540+00:00
2013-06-04,206.0,205.0,205.0,205.0,240,205.0,2026-09-03T19:33:51.515540+00:00
2013-06-06,205.0,209.0,209.0,209.0,50,209.0,2026-09-03T19:33:51.515540+00:00
2013-06-09,209.0,213.0,213.0,213.0,200,213.0,2026-09-03T19:33:51.515540+00:00
2013-06-10,213.0,214.0,210.0,214.0,531,214.0,2026-09-03T19:33:51.515540+00:00
2013-06-17,214.0,218.0,218.0,218.0,10,218.0,2026-09-03T19:33:51.515540+00:00
2013-06-20,218.0,222.0,220.0,222.0,110,222.0,2026-09-03T19:33:51.515540+00:00
2013-06-23,222.0,222.0,222.0,222.0,300,222.0,2026-09-03T19:33:51.515540+00:00
2013-06-24,222.0,230.0,225.0,230.0,716,230.0,2026-09-03T19:33:51.515540+00:00
2013-06-25,230.0,238.0,234.0,238.0,650,238.0,2026-09-03T19:33:51.515540+00:00
2013-06-26,238.0,240.0,234.0,238.0,671,238.0,2026-09-03T19:33:51.515540+00:00
2013-06-27,238.0,244.0,240.0,240.0,1550,240.0,2026-09-03T19:33:51.515540+00:00
2013-07-02,240.0,240.0,236.0,236.0,147,236.0,2026-09-03T19:33:51.515540+00:00
2013-07-03,236.0,235.0,234.0,234.0,785,234.0,2026-09-03T19:33:51.515540+00:00
2013-07-04,234.0,230.0,230.0,230.0,50,230.0,2026-09-03T19:33:51.515540+00:00
2013-07-08,230.0,230.0,226.0,226.0,791,226.0,2026-09-03T19:33:51.515540+00:00
2013-07-11,226.0,226.0,225.0,225.0,1150,225.0,2026-09-03T19:33:51.515540+00:00
2013-07-17,225.0,222.0,220.0,220.0,400,220.0,2026-09-03T19:33:51.515540+00:00
2013-07-18,220.0,226.0,224.0,226.0,400,226.0,2026-09-03T19:33:51.515540+00:00
2013-07-21,226.0,230.0,227.0,230.0,599,230.0,2026-09-03T19:33:51.515540+00:00
2013-07-22,230.0,230.0,230.0,230.0,466,230.0,2026-09-03T19:33:51.515540+00:00
2013-07-23,230.0,230.0,224.0,225.0,2112,225.0,2026-09-03T19:33:51.515540+00:00
2013-07-24,225.0,225.0,222.0,225.0,275,225.0,2026-09-03T19:33:51.515540+00:00
2013-07-25,225.0,221.0,221.0,221.0,172,221.0,2026-09-03T19:33:51.515540+00:00
2013-07-29,221.0,225.0,225.0,225.0,200,225.0,2026-09-03T19:33:51.515540+00:00
2013-07-30,225.0,228.0,226.0,228.0,700,228.0,2026-09-03T19:33:51.515540+00:00
2013-07-31,228.0,232.0,230.0,230.0,1389,230.0,2026-09-03T19:33:51.515540+00:00
2013-08-01,230.0,238.0,230.0,238.0,280,238.0,2026-09-03T19:33:51.515540+00:00
2013-08-04,238.0,235.0,234.0,234.0,637,234.0,2026-09-03T19:33:51.515540+00:00
2013-08-05,234.0,231.0,231.0,231.0,95,231.0,2026-09-03T19:33:51.515540+00:00
2013-08-07,231.0,232.0,232.0,232.0,50,232.0,2026-09-03T19:33:51.515540+00:00
2013-08-12,232.0,234.0,227.0,229.0,4004,229.0,2026-09-03T19:33:51.515540+00:00
2013-08-13,229.0,228.0,220.0,220.0,1093,220.0,2026-09-03T19:33:51.515540+00:00
2013-08-14,220.0,226.0,222.0,226.0,822,226.0,2026-09-03T19:33:51.515540+00:00
2013-08-15,226.0,230.0,227.0,227.0,774,227.0,2026-09-03T19:33:51.515540+00:00
2013-08-18,227.0,230.0,230.0,230.0,200,230.0,2026-09-03T19:33:51.515540+00:00
2013-08-19,230.0,230.0,230.0,230.0,531,230.0,2026-09-03T19:33:51.515540+00:00
2013-08-20,230.0,230.0,230.0,230.0,285,230.0,2026-09-03T19:33:51.515540+00:00
2013-08-25,230.0,230.0,230.0,230.0,500,230.0,2026-09-03T19:33:51.515540+00:00
2013-08-26,230.0,230.0,228.0,230.0,1400,230.0,2026-09-03T19:33:51.515540+00:00
2013-08-27,230.0,234.0,230.0,230.0,242,230.0,2026-09-03T19:33:51.515540+00:00
2013-08-29,230.0,234.0,222.0,222.0,1697,222.0,2026-09-03T19:33:51.515540+00:00
2013-09-02,222.0,230.0,226.0,230.0,150,230.0,2026-09-03T19:33:51.515540+00:00
2013-09-04,230.0,234.0,230.0,230.0,2587,230.0,2026-09-03T19:33:51.515540+00:00
2013-09-09,230.0,238.0,230.0,238.0,1900,238.0,2026-09-03T19:33:51.515540+00:00
2013-09-10,238.0,260.0,242.0,260.0,160,260.0,2026-09-03T19:33:51.515540+00:00
2013-09-11,260.0,280.0,265.0,278.0,1433,278.0,2026-09-03T19:33:51.515540+00:00
2013-09-15,278.0,275.0,275.0,275.0,10,275.0,2026-09-03T19:33:51.515540+00:00
2013-09-17,275.0,270.0,269.0,270.0,622,270.0,2026-09-03T19:33:51.515540+00:00
2013-09-19,270.0,268.0,253.0,253.0,691,253.0,2026-09-03T19:33:51.515540+00:00
2013-09-22,253.0,253.0,240.0,240.0,302,240.0,2026-09-03T19:33:51.515540+00:00
2013-09-23,240.0,236.0,236.0,236.0,250,236.0,2026-09-03T19:33:51.515540+00:00
2013-09-24,236.0,232.0,228.0,232.0,1227,232.0,2026-09-03T19:33:51.515540+00:00
2013-09-25,232.0,250.0,228.0,250.0,1150,250.0,2026-09-03T19:33:51.515540+00:00
2013-09-26,250.0,260.0,250.0,260.0,2435,260.0,2026-09-03T19:33:51.515540+00:00
2013-09-29,260.0,255.0,255.0,255.0,43,255.0,2026-09-03T19:33:51.515540+00:00
2013-09-30,255.0,250.0,250.0,250.0,193,250.0,2026-09-03T19:33:51.515540+00:00
2013-10-03,250.0,252.0,248.0,250.0,506,250.0,2026-09-03T19:33:51.515540+00:00
2013-10-06,250.0,245.0,245.0,245.0,58,245.0,2026-09-03T19:33:51.515540+00:00
2013-10-10,245.0,249.0,249.0,249.0,210,249.0,2026-09-03T19:33:51.515540+00:00
2013-10-27,249.0,245.0,245.0,245.0,20,245.0,2026-09-03T19:33:51.515540+00:00
2013-10-30,245.0,241.0,241.0,241.0,20,241.0,2026-09-03T19:33:51.515540+00:00
2013-10-31,241.0,241.0,237.0,237.0,1222,237.0,2026-09-03T19:33:51.515540+00:00
2013-11-06,237.0,233.0,233.0,233.0,100,233.0,2026-09-03T19:33:51.515540+00:00
2013-11-11,233.0,230.0,226.0,226.0,295,226.0,2026-09-03T19:33:51.515540+00:00
2013-11-13,226.0,230.0,228.0,230.0,165,230.0,2026-09-03T19:33:51.515540+00:00
2013-11-24,230.0,234.0,234.0,234.0,145,234.0,2026-09-03T19:33:51.515540+00:00
2013-11-25,234.0,246.0,237.0,246.0,323,246.0,2026-09-03T19:33:51.515540+00:00
2013-11-26,246.0,250.0,250.0,250.0,110,250.0,2026-09-03T19:33:51.515540+00:00
2013-11-27,250.0,250.0,250.0,250.0,200,250.0,2026-09-03T19:33:51.515540+00:00
2013-11-28,250.0,245.0,245.0,245.0,600,245.0,2026-09-03T19:33:51.515540+00:00
2013-12-02,245.0,248.0,248.0,248.0,20,248.0,2026-09-03T19:33:51.515540+00:00
2013-12-03,248.0,266.0,252.0,266.0,6168,266.0,2026-09-03T19:33:51.515540+00:00
2013-12-04,266.0,290.0,271.0,280.0,1855,280.0,2026-09-03T19:33:51.515540+00:00
2013-12-05,280.0,285.0,280.0,285.0,2290,285.0,2026-09-03T19:33:51.515540+00:00
2013-12-08,285.0,280.0,257.0,262.0,1195,262.0,2026-09-03T19:33:51.515540+00:00
2013-12-09,262.0,257.0,245.0,250.0,2088,250.0,2026-09-03T19:33:51.515540+00:00
2013-12-10,250.0,245.0,233.0,233.0,5511,233.0,2026-09-03T19:33:51.515540+00:00
2013-12-11,233.0,230.0,229.0,230.0,990,230.0,2026-09-03T19:33:51.515540+00:00
2013-12-12,230.0,234.0,230.0,234.0,515,234.0,2026-09-03T19:33:51.515540+00:00
2013-12-15,234.0,238.0,232.0,232.0,568,232.0,2026-09-03T19:33:51.515540+00:00
2013-12-16,232.0,232.0,228.0,228.0,240,228.0,2026-09-03T19:33:51.515540+00:00
2013-12-22,228.0,232.0,228.0,228.0,1351,228.0,2026-09-03T19:33:51.515540+00:00
2013-12-23,228.0,229.0,228.0,228.0,203,228.0,2026-09-03T19:33:51.515540+00:00
2013-12-24,228.0,232.0,230.0,230.0,1226,230.0,2026-09-03T19:33:51.515540+00:00
2013-12-26,230.0,232.0,226.0,232.0,1018,232.0,2026-09-03T19:33:51.515540+00:00
2013-12-29,232.0,230.0,230.0,230.0,108,230.0,2026-09-03T19:33:51.515540+00:00
2013-12-31,230.0,235.0,230.0,235.0,446,235.0,2026-09-03T19:33:51.515540+00:00
2014-01-01,235.0,232.0,231.0,231.0,700,231.0,2026-09-03T19:33:51.515540+00:00
2014-01-02,231.0,235.0,235.0,235.0,350,235.0,2026-09-03T19:33:51.515540+00:00
2014-01-05,235.0,239.0,235.0,236.0,285,236.0,2026-09-03T19:33:51.515540+00:00
2014-01-06,236.0,235.0,232.0,232.0,355,232.0,2026-09-03T19:33:51.515540+00:00
2014-01-07,232.0,236.0,236.0,236.0,1219,236.0,2026-09-03T19:33:51.515540+00:00
2014-01-09,236.0,234.0,228.0,234.0,2070,234.0,2026-09-03T19:33:51.515540+00:00
2014-01-12,234.0,237.0,235.0,235.0,36,235.0,2026-09-03T19:33:51.515540+00:00
2014-01-13,235.0,235.0,235.0,235.0,340,235.0,2026-09-03T19:33:51.515540+00:00
2014-01-16,235.0,243.0,239.0,243.0,484,243.0,2026-09-03T19:33:51.515540+00:00
2014-01-19,243.0,251.0,247.0,251.0,100,251.0,2026-09-03T19:33:51.515540+00:00
2014-01-20,251.0,272.0,255.0,268.0,1043,268.0,2026-09-03T19:33:51.515540+00:00
2014-01-21,268.0,273.0,273.0,273.0,52,273.0,2026-09-03T19:33:51.515540+00:00
2014-01-22,273.0,292.0,276.0,290.0,2583,290.0,2026-09-03T19:33:51.515540+00:00
2014-01-23,290.0,290.0,285.0,285.0,460,285.0,2026-09-03T19:33:51.515540+00:00
2014-01-26,285.0,290.0,290.0,290.0,20,290.0,2026-09-03T19:33:51.515540+00:00
2014-01-27,290.0,291.0,286.0,286.0,1048,286.0,2026-09-03T19:33:51.515540+00:00
2014-01-28,286.0,292.0,290.0,292.0,461,292.0,2026-09-03T19:33:51.515540+00:00
2014-02-04,292.0,287.0,272.0,272.0,224,272.0,2026-09-03T19:33:51.515540+00:00
2014-02-06,257.0,262.0,257.0,257.0,276,257.0,2026-09-03T19:33:51.515540+00:00
2014-02-09,257.0,260.0,250.0,250.0,630,250.0,2026-09-03T19:33:51.515540+00:00
2014-02-11,250.0,255.0,246.0,250.0,600,250.0,2026-09-03T19:33:51.515540+00:00
2014-02-12,250.0,249.0,245.0,249.0,590,249.0,2026-09-03T19:33:51.515540+00:00
2014-02-13,249.0,258.0,250.0,253.0,445,253.0,2026-09-03T19:33:51.515540+00:00
2014-02-16,253.0,249.0,247.0,247.0,596,247.0,2026-09-03T19:33:51.515540+00:00
2014-02-17,247.0,243.0,243.0,243.0,120,243.0,2026-09-03T19:33:51.515540+00:00
2014-02-18,243.0,249.0,240.0,249.0,4017,249.0,2026-09-03T19:33:51.515540+00:00
2014-02-20,249.0,245.0,245.0,245.0,200,245.0,2026-09-03T19:33:51.515540+00:00
2014-02-23,245.0,249.0,245.0,249.0,448,249.0,2026-09-03T19:33:51.515540+00:00
2014-02-24,249.0,246.0,246.0,246.0,351,246.0,2026-09-03T19:33:51.515540+00:00
2014-03-03,246.0,260.0,246.0,260.0,555,260.0,2026-09-03T19:33:51.515540+00:00
2014-03-04,260.0,270.0,260.0,260.0,1022,260.0,2026-09-03T19:33:51.515540+00:00
2014-03-05,260.0,265.0,265.0,265.0,1790,265.0,2026-09-03T19:33:51.515540+00:00
2014-03-06,265.0,276.0,261.0,276.0,5826,276.0,2026-09-03T19:33:51.515540+00:00
2014-03-09,276.0,291.0,281.0,290.0,2788,290.0,2026-09-03T19:33:51.515540+00:00
2014-03-10,290.0,300.0,294.0,300.0,4600,300.0,2026-09-03T19:33:51.515540+00:00
2014-03-11,300.0,306.0,295.0,301.0,3123,301.0,2026-09-03T19:33:51.515540+00:00
2014-03-12,301.0,305.0,295.0,300.0,1947,300.0,2026-09-03T19:33:51.515540+00:00
2014-03-13,300.0,306.0,300.0,300.0,915,300.0,2026-09-03T19:33:51.515540+00:00
2014-03-18,300.0,300.0,290.0,290.0,964,290.0,2026-09-03T19:33:51.515540+00:00
2014-03-19,290.0,290.0,290.0,290.0,443,290.0,2026-09-03T19:33:51.515540+00:00
2014-03-20,290.0,296.0,290.0,296.0,329,296.0,2026-09-03T19:33:51.515540+00:00
2014-03-25,296.0,305.0,301.0,305.0,336,305.0,2026-09-03T19:33:51.515540+00:00
2014-03-26,305.0,300.0,295.0,295.0,891,295.0,2026-09-03T19:33:51.515540+00:00
2014-03-27,295.0,296.0,291.0,291.0,955,291.0,2026-09-03T19:33:51.515540+00:00
2014-03-31,291.0,296.0,291.0,296.0,125,296.0,2026-09-03T19:33:51.515540+00:00
2014-04-01,296.0,300.0,295.0,295.0,1420,295.0,2026-09-03T19:33:51.515540+00:00
2014-04-02,295.0,300.0,295.0,298.0,2252,298.0,2026-09-03T19:33:51.515540+00:00
2014-04-03,298.0,305.0,303.0,305.0,810,305.0,2026-09-03T19:33:51.515540+00:00
2014-04-06,305.0,301.0,300.0,301.0,192,301.0,2026-09-03T19:33:51.515540+00:00
2014-04-09,301.0,295.0,295.0,295.0,362,295.0,2026-09-03T19:33:51.515540+00:00
2014-04-10,295.0,300.0,295.0,296.0,515,296.0,2026-09-03T19:33:51.515540+00:00
2014-04-13,296.0,300.0,300.0,300.0,266,300.0,2026-09-03T19:33:51.515540+00:00
2014-04-15,300.0,300.0,297.0,297.0,169,297.0,2026-09-03T19:33:51.515540+00:00
2014-04-21,297.0,295.0,295.0,295.0,220,295.0,2026-09-03T19:33:51.515540+00:00
2014-04-22,295.0,300.0,298.0,300.0,704,300.0,2026-09-03T19:33:51.515540+00:00
2014-04-28,300.0,300.0,300.0,300.0,88,300.0,2026-09-03T19:33:51.515540+00:00
2014-04-29,300.0,300.0,300.0,300.0,80,300.0,2026-09-03T19:33:51.515540+00:00
2014-05-04,300.0,300.0,300.0,300.0,3481,300.0,2026-09-03T19:33:51.515540+00:00
2014-05-06,300.0,330.0,306.0,330.0,3554,330.0,2026-09-03T19:33:51.515540+00:00
2014-05-07,330.0,363.0,336.0,363.0,1830,363.0,2026-09-03T19:33:51.515540+00:00
2014-05-08,363.0,399.0,370.0,391.0,3218,391.0,2026-09-03T19:33:51.515540+00:00
2014-05-11,391.0,386.0,384.0,386.0,310,386.0,2026-09-03T19:33:51.515540+00:00
2014-05-12,386.0,379.0,379.0,379.0,100,379.0,2026-09-03T19:33:51.515540+00:00
2014-05-13,379.0,372.0,365.0,365.0,565,365.0,2026-09-03T19:33:51.515540+00:00
2014-05-15,365.0,365.0,351.0,351.0,820,351.0,2026-09-03T19:33:51.515540+00:00
2014-05-15,365.0,365.0,351.0,351.0,820,351.0,2026-09-03T19:33:51.515540+00:00
2014-05-18,351.0,344.0,344.0,344.0,501,344.0,2026-09-03T19:33:51.515540+00:00
2014-05-19,344.0,338.0,338.0,338.0,300,338.0,2026-09-03T19:33:51.515540+00:00
2014-05-20,338.0,340.0,340.0,340.0,500,340.0,2026-09-03T19:33:51.515540+00:00
2014-05-21,340.0,350.0,345.0,350.0,2397,350.0,2026-09-03T19:33:51.515540+00:00
2014-05-22,350.0,364.0,350.0,364.0,2031,364.0,2026-09-03T19:33:51.515540+00:00
2014-05-25,364.0,391.0,371.0,391.0,682,391.0,2026-09-03T19:33:51.515540+00:00
2014-05-26,391.0,390.0,378.0,378.0,700,378.0,2026-09-03T19:33:51.515540+00:00
2014-05-27,378.0,380.0,371.0,371.0,2078,371.0,2026-09-03T19:33:51.515540+00:00
2014-05-28,371.0,371.0,364.0,371.0,389,371.0,2026-09-03T19:33:51.515540+00:00
2014-06-01,371.0,364.0,364.0,364.0,58,364.0,2026-09-03T19:33:51.515540+00:00
2014-06-03,364.0,371.0,370.0,370.0,877,370.0,2026-09-03T19:33:51.515540+00:00
2014-06-04,370.0,363.0,358.0,358.0,367,358.0,2026-09-03T19:33:51.515540+00:00
2014-06-05,358.0,353.0,353.0,353.0,239,353.0,2026-09-03T19:33:51.515540+00:00
2014-06-08,353.0,350.0,350.0,350.0,150,350.0,2026-09-03T19:33:51.515540+00:00
2014-06-09,350.0,355.0,355.0,355.0,60,355.0,2026-09-03T19:33:51.515540+00:00
2014-06-11,355.0,362.0,355.0,362.0,1017,362.0,2026-09-03T19:33:51.515540+00:00
2014-06-16,362.0,369.0,365.0,369.0,727,369.0,2026-09-03T19:33:51.515540+00:00
2014-06-17,369.0,362.0,362.0,362.0,247,362.0,2026-09-03T19:33:51.515540+00:00
2014-06-17,369.0,362.0,362.0,362.0,247,362.0,2026-09-03T19:33:51.515540+00:00
2014-06-19,362.0,370.0,356.0,356.0,2305,356.0,2026-09-03T19:33:51.515540+00:00
2014-06-23,356.0,373.0,363.0,372.0,2617,372.0,2026-09-03T19:33:51.515540+00:00
2014-06-24,372.0,372.0,365.0,370.0,2205,370.0,2026-09-03T19:33:51.515540+00:00
2014-06-29,370.0,377.0,373.0,377.0,180,377.0,2026-09-03T19:33:51.515540+00:00
2014-06-30,377.0,384.0,384.0,384.0,30,384.0,2026-09-03T19:33:51.515540+00:00
2014-07-01,384.0,391.0,391.0,391.0,37,391.0,2026-09-03T19:33:51.515540+00:00
2014-07-02,391.0,413.0,398.0,413.0,1075,413.0,2026-09-03T19:33:51.515540+00:00
2014-07-03,413.0,413.0,413.0,413.0,700,413.0,2026-09-03T19:33:51.515540+00:00
2014-07-06,413.0,442.0,418.0,442.0,980,442.0,2026-09-03T19:33:51.515540+00:00
2014-07-07,442.0,486.0,445.0,486.0,4502,486.0,2026-09-03T19:33:51.515540+00:00
2014-07-08,486.0,514.0,495.0,513.0,891,513.0,2026-09-03T19:33:51.515540+00:00
2014-07-09,513.0,505.0,495.0,495.0,1082,495.0,2026-09-03T19:33:51.515540+00:00
2014-07-10,495.0,487.0,485.0,487.0,423,487.0,2026-09-03T19:33:51.515540+00:00
2014-07-13,487.0,489.0,480.0,482.0,1089,482.0,2026-09-03T19:33:51.515540+00:00
2014-07-14,482.0,480.0,475.0,478.0,2289,478.0,2026-09-03T19:33:51.515540+00:00
2014-07-15,478.0,477.0,477.0,477.0,702,477.0,2026-09-03T19:33:51.515540+00:00
2014-07-16,477.0,471.0,470.0,471.0,803,471.0,2026-09-03T19:33:51.515540+00:00
2014-07-17,471.0,518.0,480.0,518.0,3201,518.0,2026-09-03T19:33:51.515540+00:00
2014-07-20,518.0,508.0,497.0,500.0,2390,500.0,2026-09-03T19:33:51.515540+00:00
2014-07-21,500.0,510.0,500.0,500.0,3499,500.0,2026-09-03T19:33:51.515540+00:00
2014-07-22,500.0,510.0,491.0,502.0,1250,502.0,2026-09-03T19:33:51.515540+00:00
2014-07-23,502.0,495.0,492.0,495.0,1350,495.0,2026-09-03T19:33:51.515540+00:00
2014-07-24,495.0,524.0,504.0,506.0,4119,506.0,2026-09-03T19:33:51.515540+00:00
2014-07-27,506.0,516.0,499.0,499.0,1009,499.0,2026-09-03T19:33:51.515540+00:00
2014-07-28,499.0,505.0,498.0,505.0,2035,505.0,2026-09-03T19:33:51.515540+00:00
2014-07-30,505.0,555.0,515.0,555.0,881,555.0,2026-09-03T19:33:51.515540+00:00
2014-07-31,555.0,610.0,566.0,610.0,3650,610.0,2026-09-03T19:33:51.515540+00:00
2014-08-03,610.0,634.0,610.0,630.0,21373,630.0,2026-09-03T19:33:51.515540+00:00
2014-08-04,630.0,628.0,603.0,620.0,7723,620.0,2026-09-03T19:33:51.515540+00:00
2014-08-05,620.0,632.0,620.0,622.0,3192,622.0,2026-09-03T19:33:51.515540+00:00
2014-08-06,622.0,622.0,616.0,620.0,877,620.0,2026-09-03T19:33:51.515540+00:00
2014-08-07,620.0,611.0,610.0,610.0,1874,610.0,2026-09-03T19:33:51.515540+00:00
2014-08-12,610.0,611.0,600.0,600.0,1000,600.0,2026-09-03T19:33:51.515540+00:00
2014-08-13,600.0,600.0,595.0,595.0,2113,595.0,2026-09-03T19:33:51.515540+00:00
2014-08-14,595.0,600.0,595.0,595.0,911,595.0,2026-09-03T19:33:51.515540+00:00
2014-08-18,595.0,599.0,585.0,585.0,2697,585.0,2026-09-03T19:33:51.515540+00:00
2014-08-19,585.0,603.0,585.0,590.0,5725,590.0,2026-09-03T19:33:51.515540+00:00
2014-08-20,590.0,592.0,590.0,592.0,1236,592.0,2026-09-03T19:33:51.515540+00:00
2014-08-21,592.0,596.0,585.0,596.0,819,596.0,2026-09-03T19:33:51.515540+00:00
2014-08-24,596.0,607.0,607.0,607.0,146,607.0,2026-09-03T19:33:51.515540+00:00
2014-08-25,607.0,606.0,595.0,606.0,892,606.0,2026-09-03T19:33:51.515540+00:00
2014-08-26,606.0,600.0,564.0,564.0,1167,564.0,2026-09-03T19:33:51.515540+00:00
2014-08-27,564.0,586.0,575.0,586.0,128,586.0,2026-09-03T19:33:51.515540+00:00
2014-08-28,586.0,605.0,595.0,596.0,2178,596.0,2026-09-03T19:33:51.515540+00:00
2014-08-31,596.0,600.0,592.0,592.0,392,592.0,2026-09-03T19:33:51.515540+00:00
2014-09-01,592.0,651.0,590.0,650.0,4965,650.0,2026-09-03T19:33:51.515540+00:00
2014-09-03,650.0,697.0,640.0,640.0,14061,640.0,2026-09-03T19:33:51.515540+00:00
2014-09-04,640.0,640.0,618.0,619.0,5636,619.0,2026-09-03T19:33:51.515540+00:00
2014-09-07,619.0,631.0,590.0,590.0,2625,590.0,2026-09-03T19:33:51.515540+00:00
2014-09-09,590.0,613.0,594.0,611.0,4374,611.0,2026-09-03T19:33:51.515540+00:00
2014-09-10,611.0,617.0,587.0,587.0,1341,587.0,2026-09-03T19:33:51.515540+00:00
2014-09-11,587.0,600.0,595.0,600.0,660,600.0,2026-09-03T19:33:51.515540+00:00
2014-09-14,600.0,600.0,595.0,595.0,1965,595.0,2026-09-03T19:33:51.515540+00:00
2014-09-15,595.0,612.0,590.0,600.0,2285,600.0,2026-09-03T19:33:51.515540+00:00
2014-09-16,600.0,612.0,600.0,600.0,6011,600.0,2026-09-03T19:33:51.515540+00:00
2014-09-17,600.0,612.0,600.0,602.0,4551,602.0,2026-09-03T19:33:51.515540+00:00
2014-09-18,602.0,602.0,590.0,601.0,3325,601.0,2026-09-03T19:33:51.515540+00:00
2014-09-21,601.0,600.0,588.0,590.0,800,590.0,2026-09-03T19:33:51.515540+00:00
2014-09-22,590.0,601.0,585.0,601.0,2018,601.0,2026-09-03T19:33:51.515540+00:00
2014-09-23,601.0,658.0,606.0,638.0,11666,638.0,2026-09-03T19:33:51.515540+00:00
2014-09-24,638.0,676.0,650.0,664.0,7110,664.0,2026-09-03T19:33:51.515540+00:00
2014-09-28,664.0,666.0,658.0,661.0,1600,661.0,2026-09-03T19:33:51.515540+00:00
2014-09-29,661.0,675.0,661.0,661.0,1110,661.0,2026-09-03T19:33:51.515540+00:00
2014-09-30,661.0,679.0,661.0,670.0,2059,670.0,2026-09-03T19:33:51.515540+00:00
2014-10-08,670.0,688.0,660.0,665.0,1342,665.0,2026-09-03T19:33:51.515540+00:00
2014-10-09,665.0,666.0,655.0,666.0,1292,666.0,2026-09-03T19:33:51.515540+00:00
2014-10-12,666.0,665.0,660.0,660.0,305,660.0,2026-09-03T19:33:51.515540+00:00
2014-10-13,660.0,660.0,647.0,647.0,380,647.0,2026-09-03T19:33:51.515540+00:00
2014-10-14,647.0,637.0,624.0,637.0,1905,637.0,2026-09-03T19:33:51.515540+00:00
2014-10-15,637.0,634.0,626.0,634.0,600,634.0,2026-09-03T19:33:51.515540+00:00
2014-10-16,634.0,623.0,613.0,613.0,251,613.0,2026-09-03T19:33:51.515540+00:00
2014-10-19,613.0,625.0,615.0,625.0,2837,625.0,2026-09-03T19:33:51.515540+00:00
2014-10-20,625.0,632.0,625.0,632.0,983,632.0,2026-09-03T19:33:51.515540+00:00
2014-10-21,632.0,640.0,632.0,640.0,230,640.0,2026-09-03T19:33:51.515540+00:00
2014-10-22,640.0,652.0,640.0,652.0,841,652.0,2026-09-03T19:33:51.515540+00:00
2014-10-27,652.0,660.0,647.0,652.0,680,652.0,2026-09-03T19:33:51.515540+00:00
2014-10-30,652.0,639.0,639.0,639.0,308,639.0,2026-09-03T19:33:51.515540+00:00
2014-11-02,639.0,630.0,630.0,630.0,500,630.0,2026-09-03T19:33:51.515540+00:00
2014-11-03,630.0,630.0,623.0,623.0,700,623.0,2026-09-03T19:33:51.515540+00:00
2014-11-04,623.0,630.0,619.0,630.0,2475,630.0,2026-09-03T19:33:51.515540+00:00
2014-11-05,630.0,635.0,635.0,635.0,680,635.0,2026-09-03T19:33:51.515540+00:00
2014-11-06,635.0,630.0,612.0,630.0,3053,630.0,2026-09-03T19:33:51.515540+00:00
2014-11-09,630.0,692.0,642.0,650.0,8534,650.0,2026-09-03T19:33:51.515540+00:00
2014-11-10,650.0,655.0,638.0,643.0,2863,643.0,2026-09-03T19:33:51.515540+00:00
2014-11-11,643.0,641.0,620.0,630.0,7788,630.0,2026-09-03T19:33:51.515540+00:00
2014-11-12,630.0,628.0,612.0,612.0,5354,612.0,2026-09-03T19:33:51.515540+00:00
2014-11-13,612.0,615.0,594.0,605.0,5575,605.0,2026-09-03T19:33:51.515540+00:00
2014-11-16,605.0,612.0,595.0,612.0,9649,612.0,2026-09-03T19:33:51.515540+00:00
2014-12-09,360.0,353.0,353.0,353.0,150,353.0,2026-09-03T19:33:51.515540+00:00
2014-12-10,353.0,346.0,342.0,342.0,707,342.0,2026-09-03T19:33:51.515540+00:00
2014-12-11,342.0,348.0,339.0,339.0,1020,339.0,2026-09-03T19:33:51.515540+00:00
2014-12-15,339.0,357.0,345.0,357.0,595,357.0,2026-09-03T19:33:51.515540+00:00
2014-12-18,357.0,355.0,355.0,355.0,150,355.0,2026-09-03T19:33:51.515540+00:00
2014-12-21,355.0,362.0,360.0,360.0,832,360.0,2026-09-03T19:33:51.515540+00:00
2014-12-22,360.0,367.0,365.0,365.0,131,365.0,2026-09-03T19:33:51.515540+00:00
2014-12-23,365.0,367.0,367.0,367.0,200,367.0,2026-09-03T19:33:51.515540+00:00
2014-12-24,367.0,381.0,374.0,381.0,110,381.0,2026-09-03T19:33:51.515540+00:00
2014-12-28,381.0,375.0,368.0,375.0,176,375.0,2026-09-03T19:33:51.515540+00:00
2014-12-28,381.0,375.0,368.0,375.0,176,375.0,2026-09-03T19:33:51.515540+00:00
2014-12-31,375.0,368.0,368.0,368.0,100,368.0,2026-09-03T19:33:51.515540+00:00
2015-01-01,368.0,361.0,358.0,358.0,525,358.0,2026-09-03T19:33:51.515540+00:00
2015-01-04,358.0,365.0,365.0,365.0,200,365.0,2026-09-03T19:33:51.515540+00:00
2015-01-05,365.0,358.0,355.0,358.0,400,358.0,2026-09-03T19:33:51.515540+00:00
2015-01-06,358.0,351.0,351.0,351.0,100,351.0,2026-09-03T19:33:51.515540+00:00
2015-01-07,351.0,358.0,358.0,358.0,20,358.0,2026-09-03T19:33:51.515540+00:00
2015-01-08,358.0,365.0,353.0,365.0,278,365.0,2026-09-03T19:33:51.515540+00:00
2015-01-11,365.0,373.0,370.0,373.0,680,373.0,2026-09-03T19:33:51.515540+00:00
2015-01-18,373.0,403.0,366.0,403.0,1895,403.0,2026-09-03T19:33:51.515540+00:00
2015-01-19,403.0,443.0,407.0,436.0,2882,436.0,2026-09-03T19:33:51.515540+00:00
2015-01-20,436.0,428.0,428.0,428.0,200,428.0,2026-09-03T19:33:51.515540+00:00
2015-01-26,428.0,470.0,436.0,470.0,221,470.0,2026-09-03T19:33:51.515540+00:00
2015-01-27,470.0,461.0,435.0,435.0,401,435.0,2026-09-03T19:33:51.515540+00:00
2015-01-28,435.0,429.0,412.0,419.0,2941,419.0,2026-09-03T19:33:51.515540+00:00
2015-01-29,419.0,435.0,415.0,415.0,2899,415.0,2026-09-03T19:33:51.515540+00:00
2015-02-01,415.0,420.0,400.0,419.0,4326,419.0,2026-09-03T19:33:51.515540+00:00
2015-02-02,419.0,411.0,410.0,410.0,1275,410.0,2026-09-03T19:33:51.515540+00:00
2015-02-03,410.0,410.0,402.0,402.0,345,402.0,2026-09-03T19:33:51.515540+00:00
2015-02-04,402.0,402.0,392.0,393.0,2205,393.0,2026-09-03T19:33:51.515540+00:00
2015-02-05,393.0,404.0,386.0,404.0,606,404.0,2026-09-03T19:33:51.515540+00:00
2015-02-08,404.0,408.0,397.0,408.0,2869,408.0,2026-09-03T19:33:51.515540+00:00
2015-02-10,408.0,425.0,416.0,425.0,100,425.0,2026-09-03T19:33:51.515540+00:00
2015-02-12,425.0,417.0,393.0,399.0,4295,399.0,2026-09-03T19:33:51.515540+00:00
2015-02-15,399.0,406.0,406.0,406.0,10,406.0,2026-09-03T19:33:51.515540+00:00
2015-02-16,406.0,430.0,414.0,430.0,60,430.0,2026-09-03T19:33:51.515540+00:00
2015-02-16,406.0,430.0,414.0,430.0,60,430.0,2026-09-03T19:33:51.515540+00:00
2015-02-18,430.0,435.0,435.0,435.0,20,435.0,2026-09-03T19:33:51.515540+00:00
2015-02-25,435.0,428.0,400.0,400.0,260,400.0,2026-09-03T19:33:51.515540+00:00
2015-02-26,400.0,405.0,398.0,398.0,371,398.0,2026-09-03T19:33:51.515540+00:00
2015-03-01,398.0,413.0,405.0,413.0,40,413.0,2026-09-03T19:33:51.515540+00:00
2015-03-02,413.0,407.0,400.0,400.0,120,400.0,2026-09-03T19:33:51.515540+00:00
2015-03-03,400.0,400.0,400.0,400.0,33,400.0,2026-09-03T19:33:51.515540+00:00
2015-03-04,400.0,408.0,408.0,408.0,20,408.0,2026-09-03T19:33:51.515540+00:00
2015-03-09,408.0,400.0,400.0,400.0,50,400.0,2026-09-03T19:33:51.515540+00:00
2015-03-10,400.0,404.0,404.0,404.0,100,404.0,2026-09-03T19:33:51.515540+00:00
2015-03-11,404.0,396.0,389.0,390.0,2538,390.0,2026-09-03T19:33:51.515540+00:00
2015-03-12,390.0,400.0,388.0,389.0,699,389.0,2026-09-03T19:33:51.515540+00:00
2015-03-17,389.0,387.0,382.0,387.0,209,387.0,2026-09-03T19:33:51.515540+00:00
2015-03-18,387.0,382.0,375.0,375.0,925,375.0,2026-09-03T19:33:51.515540+00:00
2015-03-19,375.0,380.0,379.0,380.0,1491,380.0,2026-09-03T19:33:51.515540+00:00
2015-03-22,380.0,382.0,375.0,380.0,2240,380.0,2026-09-03T19:33:51.515540+00:00
2015-03-23,380.0,379.0,374.0,379.0,991,379.0,2026-09-03T19:33:51.515540+00:00
2015-03-24,379.0,373.0,373.0,373.0,101,373.0,2026-09-03T19:33:51.515540+00:00
2015-03-25,373.0,366.0,366.0,366.0,515,366.0,2026-09-03T19:33:51.515540+00:00
2015-03-29,366.0,362.0,361.0,361.0,200,361.0,2026-09-03T19:33:51.515540+00:00
2015-04-01,361.0,368.0,366.0,366.0,389,366.0,2026-09-03T19:33:51.515540+00:00
2015-04-02,366.0,402.0,361.0,402.0,653,402.0,2026-09-03T19:33:51.515540+00:00
2015-04-05,402.0,394.0,380.0,380.0,137,380.0,2026-09-03T19:33:51.515540+00:00
2015-04-06,380.0,381.0,368.0,368.0,500,368.0,2026-09-03T19:33:51.515540+00:00
2015-04-08,368.0,370.0,365.0,370.0,951,370.0,2026-09-03T19:33:51.515540+00:00
2015-04-12,370.0,398.0,377.0,398.0,75,398.0,2026-09-03T19:33:51.515540+00:00
2015-04-15,398.0,413.0,405.0,413.0,30,413.0,2026-09-03T19:33:51.515540+00:00
2015-04-21,413.0,405.0,405.0,405.0,160,405.0,2026-09-03T19:33:51.515540+00:00
2015-04-22,405.0,397.0,397.0,397.0,100,397.0,2026-09-03T19:33:51.515540+00:00
2015-04-23,397.0,400.0,400.0,400.0,345,400.0,2026-09-03T19:33:51.515540+00:00
2015-05-25,400.0,392.0,378.0,378.0,43,378.0,2026-09-03T19:33:51.515540+00:00
2015-05-26,378.0,371.0,371.0,371.0,15,371.0,2026-09-03T19:33:51.515540+00:00
2015-05-28,371.0,364.0,350.0,350.0,269,350.0,2026-09-03T19:33:51.515540+00:00
2015-06-01,350.0,357.0,357.0,357.0,20,357.0,2026-09-03T19:33:51.515540+00:00
2015-06-02,357.0,350.0,337.0,345.0,8698,345.0,2026-09-03T19:33:51.515540+00:00
2015-06-03,345.0,365.0,351.0,365.0,60,365.0,2026-09-03T19:33:51.515540+00:00
2015-06-04,365.0,393.0,372.0,373.0,880,373.0,2026-09-03T19:33:51.515540+00:00
2015-06-07,373.0,372.0,361.0,371.0,1755,371.0,2026-09-03T19:33:51.515540+00:00
2015-06-08,371.0,405.0,371.0,404.0,2321,404.0,2026-09-03T19:33:51.515540+00:00
2015-06-08,371.0,405.0,371.0,404.0,2321,404.0,2026-09-03T19:33:51.515540+00:00
2015-06-08,371.0,405.0,371.0,404.0,2321,404.0,2026-09-03T19:33:51.515540+00:00
2015-06-09,404.0,428.0,412.0,420.0,1717,420.0,2026-09-03T19:33:51.515540+00:00
2015-06-10,420.0,420.0,412.0,420.0,496,420.0,2026-09-03T19:33:51.515540+00:00
2015-06-14,420.0,428.0,428.0,428.0,20,428.0,2026-09-03T19:33:51.515540+00:00
2015-06-16,428.0,420.0,404.0,404.0,211,404.0,2026-09-03T19:33:51.515540+00:00
2015-06-17,404.0,426.0,410.0,426.0,73,426.0,2026-09-03T19:33:51.515540+00:00
2015-06-18,426.0,418.0,384.0,388.0,7759,388.0,2026-09-03T19:33:51.515540+00:00
2015-06-21,388.0,382.0,376.0,376.0,353,376.0,2026-09-03T19:33:51.515540+00:00
2015-06-22,376.0,383.0,383.0,383.0,139,383.0,2026-09-03T19:33:51.515540+00:00
2015-06-24,383.0,390.0,390.0,390.0,250,390.0,2026-09-03T19:33:51.515540+00:00
2015-06-25,390.0,388.0,388.0,388.0,104,388.0,2026-09-03T19:33:51.515540+00:00
2015-06-28,388.0,381.0,381.0,381.0,330,381.0,2026-09-03T19:33:51.515540+00:00
2015-06-29,381.0,402.0,388.0,398.0,275,398.0,2026-09-03T19:33:51.515540+00:00
2015-06-30,398.0,391.0,384.0,384.0,550,384.0,2026-09-03T19:33:51.515540+00:00
2015-07-01,384.0,385.0,383.0,385.0,610,385.0,2026-09-03T19:33:51.515540+00:00
2015-07-02,385.0,379.0,378.0,378.0,485,378.0,2026-09-03T19:33:51.515540+00:00
2015-07-05,378.0,377.0,366.0,366.0,2499,366.0,2026-09-03T19:33:51.515540+00:00
2015-07-06,366.0,366.0,359.0,365.0,3805,365.0,2026-09-03T19:33:51.515540+00:00
2015-07-07,365.0,369.0,368.0,369.0,150,369.0,2026-09-03T19:33:51.515540+00:00
2015-07-08,369.0,369.0,365.0,365.0,596,365.0,2026-09-03T19:33:51.515540+00:00
2015-07-09,365.0,372.0,365.0,372.0,1405,372.0,2026-09-03T19:33:51.515540+00:00
2015-07-13,372.0,370.0,365.0,365.0,606,365.0,2026-09-03T19:33:51.515540+00:00
2015-07-14,365.0,373.0,366.0,370.0,1613,370.0,2026-09-03T19:33:51.515540+00:00
2015-07-15,370.0,377.0,370.0,377.0,320,377.0,2026-09-03T19:33:51.515540+00:00
2015-07-16,377.0,371.0,370.0,370.0,650,370.0,2026-09-03T19:33:51.515540+00:00
2015-07-22,370.0,377.0,370.0,375.0,2432,375.0,2026-09-03T19:33:51.515540+00:00
2015-07-23,375.0,408.0,382.0,408.0,3182,408.0,2026-09-03T19:33:51.515540+00:00
2015-07-26,408.0,440.0,416.0,440.0,471,440.0,2026-09-03T19:33:51.515540+00:00
2015-07-27,440.0,450.0,440.0,445.0,2771,445.0,2026-09-03T19:33:51.515540+00:00
2015-07-28,445.0,439.0,431.0,431.0,612,431.0,2026-09-03T19:33:51.515540+00:00
2015-08-06,431.0,423.0,415.0,415.0,290,415.0,2026-09-03T19:33:51.515540+00:00
2015-08-09,415.0,407.0,400.0,407.0,1444,407.0,2026-09-03T19:33:51.515540+00:00
2015-08-10,407.0,400.0,374.0,396.0,12937,396.0,2026-09-03T19:33:51.515540+00:00
2015-08-11,396.0,389.0,368.0,382.0,2123,382.0,2026-09-03T19:33:51.515540+00:00
2015-08-12,382.0,375.0,370.0,374.0,845,374.0,2026-09-03T19:33:51.515540+00:00
2015-08-13,374.0,381.0,374.0,381.0,214,381.0,2026-09-03T19:33:51.515540+00:00
2015-08-16,381.0,377.0,370.0,377.0,1720,377.0,2026-09-03T19:33:51.515540+00:00
2015-08-17,377.0,374.0,370.0,373.0,4171,373.0,2026-09-03T19:33:51.515540+00:00
2015-08-18,373.0,370.0,365.0,370.0,1610,370.0,2026-09-03T19:33:51.515540+00:00
2015-08-18,373.0,370.0,365.0,370.0,1610,370.0,2026-09-03T19:33:51.515540+00:00
2015-08-19,370.0,398.0,377.0,398.0,760,398.0,2026-09-03T19:33:51.515540+00:00
2015-08-20,398.0,409.0,401.0,409.0,40,409.0,2026-09-03T19:33:51.515540+00:00
2015-08-25,409.0,418.0,410.0,418.0,134,418.0,2026-09-03T19:33:51.515540+00:00
2015-08-27,418.0,410.0,408.0,408.0,237,408.0,2026-09-03T19:33:51.515540+00:00
2015-09-01,408.0,400.0,400.0,400.0,300,400.0,2026-09-03T19:33:51.515540+00:00
2015-09-03,400.0,392.0,386.0,386.0,240,386.0,2026-09-03T19:33:51.515540+00:00
2015-09-06,386.0,381.0,377.0,378.0,2108,378.0,2026-09-03T19:33:51.515540+00:00
2015-09-07,378.0,385.0,375.0,375.0,2759,375.0,2026-09-03T19:33:51.515540+00:00
2015-09-08,375.0,377.0,370.0,370.0,1889,370.0,2026-09-03T19:33:51.515540+00:00
2015-09-09,370.0,371.0,353.0,365.0,7181,365.0,2026-09-03T19:33:51.515540+00:00
2015-09-10,365.0,365.0,360.0,361.0,2488,361.0,2026-09-03T19:33:51.515540+00:00
2015-09-13,361.0,388.0,365.0,377.0,4761,377.0,2026-09-03T19:33:51.515540+00:00
2015-09-14,377.0,392.0,380.0,392.0,1740,392.0,2026-09-03T19:33:51.515540+00:00
2015-09-15,392.0,392.0,385.0,392.0,2364,392.0,2026-09-03T19:33:51.515540+00:00
2015-09-16,392.0,392.0,385.0,385.0,410,385.0,2026-09-03T19:33:51.515540+00:00
2015-09-17,385.0,386.0,380.0,386.0,1068,386.0,2026-09-03T19:33:51.515540+00:00
2015-09-22,386.0,386.0,379.0,379.0,1244,379.0,2026-09-03T19:33:51.515540+00:00
2015-09-23,379.0,385.0,375.0,385.0,646,385.0,2026-09-03T19:33:51.515540+00:00
2015-09-24,385.0,385.0,378.0,385.0,2774,385.0,2026-09-03T19:33:51.515540+00:00
2015-09-28,385.0,390.0,383.0,383.0,2193,383.0,2026-09-03T19:33:51.515540+00:00
2015-09-29,383.0,378.0,376.0,376.0,515,376.0,2026-09-03T19:33:51.515540+00:00
2015-09-30,376.0,375.0,375.0,375.0,100,375.0,2026-09-03T19:33:51.515540+00:00
2015-10-01,375.0,376.0,370.0,376.0,2083,376.0,2026-09-03T19:33:51.515540+00:00
2015-10-04,376.0,380.0,376.0,380.0,1812,380.0,2026-09-03T19:33:51.515540+00:00
2015-10-06,380.0,390.0,374.0,375.0,6414,375.0,2026-09-03T19:33:51.515540+00:00
2015-10-07,375.0,375.0,360.0,365.0,1885,365.0,2026-09-03T19:33:51.515540+00:00
2015-10-08,365.0,361.0,361.0,361.0,140,361.0,2026-09-03T19:33:51.515540+00:00
2015-10-14,361.0,375.0,368.0,370.0,3152,370.0,2026-09-03T19:33:51.515540+00:00
2015-10-15,370.0,380.0,373.0,380.0,1239,380.0,2026-09-03T19:33:51.515540+00:00
2015-10-18,380.0,385.0,373.0,373.0,2533,373.0,2026-09-03T19:33:51.515540+00:00
2015-10-19,373.0,387.0,374.0,380.0,2586,380.0,2026-09-03T19:33:51.515540+00:00
2015-10-25,380.0,417.0,377.0,417.0,293,417.0,2026-09-03T19:33:51.515540+00:00
2015-10-27,334.0,328.0,319.0,319.0,1191,319.0,2026-09-03T19:33:51.515540+00:00
2015-11-01,319.0,315.0,300.0,300.0,2689,300.0,2026-09-03T19:33:51.515540+00:00
2015-11-02,300.0,302.0,300.0,300.0,343,300.0,2026-09-03T19:33:51.515540+00:00
2015-11-09,300.0,306.0,306.0,306.0,40,306.0,2026-09-03T19:33:51.515540+00:00
2015-12-01,306.0,300.0,290.0,290.0,6554,290.0,2026-09-03T19:33:51.515540+00:00
2015-12-07,290.0,296.0,295.0,296.0,265,296.0,2026-09-03T19:33:51.515540+00:00
2015-12-08,296.0,296.0,296.0,296.0,73,296.0,2026-09-03T19:33:51.515540+00:00
2015-12-09,296.0,307.0,301.0,305.0,811,305.0,2026-09-03T19:33:51.515540+00:00
2015-12-10,305.0,317.0,311.0,317.0,30,317.0,2026-09-03T19:33:51.515540+00:00
2015-12-13,317.0,322.0,317.0,322.0,79,322.0,2026-09-03T19:33:51.515540+00:00
2015-12-14,322.0,328.0,328.0,328.0,10,328.0,2026-09-03T19:33:51.515540+00:00
2015-12-15,328.0,334.0,334.0,334.0,20,334.0,2026-09-03T19:33:51.515540+00:00
2015-12-16,334.0,346.0,340.0,346.0,40,346.0,2026-09-03T19:33:51.515540+00:00
2015-12-17,346.0,359.0,345.0,345.0,147,345.0,2026-09-03T19:33:51.515540+00:00
2015-12-20,345.0,358.0,351.0,358.0,40,358.0,2026-09-03T19:33:51.515540+00:00
2015-12-21,358.0,372.0,365.0,372.0,30,372.0,2026-09-03T19:33:51.515540+00:00
2015-12-22,372.0,379.0,379.0,379.0,10,379.0,2026-09-03T19:33:51.515540+00:00
2015-12-23,379.0,386.0,386.0,386.0,10,386.0,2026-09-03T19:33:51.515540+00:00
2015-12-27,386.0,393.0,393.0,393.0,22,393.0,2026-09-03T19:33:51.515540+00:00
2016-01-03,393.0,406.0,392.0,406.0,57,406.0,2026-09-03T19:33:51.515540+00:00
2016-01-05,406.0,398.0,378.0,378.0,3330,378.0,2026-09-03T19:33:51.515540+00:00
2016-01-06,378.0,371.0,370.0,370.0,6328,370.0,2026-09-03T19:33:51.515540+00:00
2016-01-10,370.0,376.0,362.0,376.0,9668,376.0,2026-09-03T19:33:51.515540+00:00
2016-02-28,376.0,390.0,346.0,346.0,2184,346.0,2026-09-03T19:33:51.515540+00:00
2016-02-29,346.0,365.0,334.0,365.0,1551,365.0,2026-09-03T19:33:51.515540+00:00
2016-03-01,365.0,358.0,329.0,329.0,2426,329.0,2026-09-03T19:33:51.515540+00:00
2016-03-02,329.0,353.0,335.0,345.0,3507,345.0,2026-09-03T19:33:51.515540+00:00
2016-03-03,345.0,351.0,335.0,335.0,4250,335.0,2026-09-03T19:33:51.515540+00:00
2016-03-06,335.0,355.0,340.0,346.0,12225,346.0,2026-09-03T19:33:51.515540+00:00
2016-03-10,346.0,345.0,345.0,345.0,500,345.0,2026-09-03T19:33:51.515540+00:00
2016-03-13,345.0,351.0,351.0,351.0,20,351.0,2026-09-03T19:33:51.515540+00:00
2016-03-15,351.0,344.0,344.0,344.0,10,344.0,2026-09-03T19:33:51.515540+00:00
2016-03-16,344.0,344.0,338.0,338.0,2330,338.0,2026-09-03T19:33:51.515540+00:00
2016-03-17,338.0,350.0,344.0,344.0,170,344.0,2026-09-03T19:33:51.515540+00:00
2016-03-20,344.0,344.0,329.0,331.0,9963,331.0,2026-09-03T19:33:51.515540+00:00
2016-03-21,331.0,349.0,330.0,330.0,1448,330.0,2026-09-03T19:33:51.515540+00:00
2016-03-23,330.0,335.0,330.0,331.0,4286,331.0,2026-09-03T19:33:51.515540+00:00
2016-03-24,331.0,349.0,332.0,338.0,1678,338.0,2026-09-03T19:33:51.515540+00:00
2016-03-27,338.0,332.0,331.0,331.0,210,331.0,2026-09-03T19:33:51.515540+00:00
2016-03-28,331.0,337.0,318.0,320.0,7310,320.0,2026-09-03T19:33:51.515540+00:00
2016-03-29,320.0,322.0,316.0,320.0,2390,320.0,2026-09-03T19:33:51.515540+00:00
2016-03-30,320.0,326.0,320.0,320.0,820,320.0,2026-09-03T19:33:51.515540+00:00
2016-03-31,320.0,320.0,315.0,315.0,2550,315.0,2026-09-03T19:33:51.515540+00:00
2016-04-03,315.0,309.0,297.0,297.0,90,297.0,2026-09-03T19:33:51.515540+00:00
2016-04-04,297.0,326.0,293.0,326.0,323,326.0,2026-09-03T19:33:51.515540+00:00
2016-04-05,326.0,349.0,326.0,327.0,6853,327.0,2026-09-03T19:33:51.515540+00:00
2016-04-06,327.0,330.0,327.0,330.0,880,330.0,2026-09-03T19:33:51.515540+00:00
2016-04-10,330.0,326.0,324.0,324.0,513,324.0,2026-09-03T19:33:51.515540+00:00
2016-04-11,324.0,325.0,321.0,321.0,437,321.0,2026-09-03T19:33:51.515540+00:00
2016-04-14,321.0,338.0,327.0,332.0,300,332.0,2026-09-03T19:33:51.515540+00:00
2016-04-17,332.0,333.0,329.0,332.0,1818,332.0,2026-09-03T19:33:51.515540+00:00
2016-04-18,332.0,326.0,326.0,326.0,85,326.0,2026-09-03T19:33:51.515540+00:00
2016-04-19,326.0,330.0,310.0,330.0,1390,330.0,2026-09-03T19:33:51.515540+00:00
2016-04-20,330.0,332.0,324.0,324.0,840,324.0,2026-09-03T19:33:51.515540+00:00
2016-04-21,324.0,330.0,330.0,330.0,570,330.0,2026-09-03T19:33:51.515540+00:00
2016-04-24,330.0,324.0,315.0,315.0,2951,315.0,2026-09-03T19:33:51.515540+00:00
2016-04-25,315.0,326.0,308.0,326.0,830,326.0,2026-09-03T19:33:51.515540+00:00
2016-04-26,326.0,320.0,314.0,314.0,852,314.0,2026-09-03T19:33:51.515540+00:00
2016-04-27,314.0,331.0,316.0,331.0,5474,331.0,2026-09-03T19:33:51.515540+00:00
2016-04-28,331.0,325.0,325.0,325.0,100,325.0,2026-09-03T19:33:51.515540+00:00
2016-05-02,325.0,326.0,320.0,320.0,2305,320.0,2026-09-03T19:33:51.515540+00:00
2016-05-04,320.0,326.0,314.0,326.0,495,326.0,2026-09-03T19:33:51.515540+00:00
2016-05-05,326.0,330.0,321.0,321.0,1913,321.0,2026-09-03T19:33:51.515540+00:00
2016-05-08,321.0,320.0,320.0,320.0,1000,320.0,2026-09-03T19:33:51.515540+00:00
2016-05-09,320.0,326.0,320.0,326.0,2630,326.0,2026-09-03T19:33:51.515540+00:00
2016-05-10,326.0,325.0,320.0,325.0,2204,325.0,2026-09-03T19:33:51.515540+00:00
2016-05-11,325.0,331.0,319.0,319.0,5260,319.0,2026-09-03T19:33:51.515540+00:00
2016-05-12,319.0,325.0,320.0,320.0,5429,320.0,2026-09-03T19:33:51.515540+00:00
2016-05-15,320.0,323.0,319.0,320.0,2802,320.0,2026-09-03T19:33:51.515540+00:00
2016-05-16,320.0,314.0,311.0,312.0,899,312.0,2026-09-03T19:33:51.515540+00:00
2016-05-17,312.0,324.0,306.0,324.0,830,324.0,2026-09-03T19:33:51.515540+00:00
2016-05-18,324.0,330.0,330.0,330.0,100,330.0,2026-09-03T19:33:51.515540+00:00
2016-05-19,330.0,342.0,330.0,330.0,660,330.0,2026-09-03T19:33:51.515540+00:00
2016-05-23,330.0,330.0,330.0,330.0,300,330.0,2026-09-03T19:33:51.515540+00:00
2016-05-30,330.0,325.0,315.0,324.0,3317,324.0,2026-09-03T19:33:51.515540+00:00
2016-05-31,324.0,326.0,322.0,326.0,2724,326.0,2026-09-03T19:33:51.515540+00:00
2016-06-01,326.0,326.0,317.0,325.0,3684,325.0,2026-09-03T19:33:51.515540+00:00
2016-06-02,325.0,331.0,320.0,324.0,6504,324.0,2026-09-03T19:33:51.515540+00:00
2016-06-05,324.0,330.0,324.0,324.0,1799,324.0,2026-09-03T19:33:51.515540+00:00
2016-06-06,324.0,330.0,319.0,329.0,6196,329.0,2026-09-03T19:33:51.515540+00:00
2016-06-07,329.0,345.0,332.0,340.0,4878,340.0,2026-09-03T19:33:51.515540+00:00
2016-06-08,340.0,349.0,330.0,336.0,2752,336.0,2026-09-03T19:33:51.515540+00:00
2016-06-09,336.0,330.0,330.0,330.0,100,330.0,2026-09-03T19:33:51.515540+00:00
2016-06-12,330.0,335.0,323.0,335.0,2294,335.0,2026-09-03T19:33:51.515540+00:00
2016-06-13,335.0,341.0,333.0,335.0,10804,335.0,2026-09-03T19:33:51.515540+00:00
2016-06-14,335.0,345.0,334.0,334.0,4803,334.0,2026-09-03T19:33:51.515540+00:00
2016-06-15,334.0,344.0,330.0,344.0,4199,344.0,2026-09-03T19:33:51.515540+00:00
2016-06-16,344.0,345.0,340.0,340.0,2555,340.0,2026-09-03T19:33:51.515540+00:00
2016-06-19,340.0,357.0,335.0,353.0,2828,353.0,2026-09-03T19:33:51.515540+00:00
2016-06-21,353.0,346.0,334.0,334.0,1351,334.0,2026-09-03T19:33:51.515540+00:00
2016-06-22,334.0,337.0,329.0,337.0,763,337.0,2026-09-03T19:33:51.515540+00:00
2016-06-23,337.0,348.0,340.0,342.0,617,342.0,2026-09-03T19:33:51.515540+00:00
2016-06-26,342.0,340.0,335.0,340.0,2238,340.0,2026-09-03T19:33:51.515540+00:00
2016-06-27,340.0,336.0,334.0,335.0,2000,335.0,2026-09-03T19:33:51.515540+00:00
2016-06-28,335.0,349.0,339.0,344.0,2660,344.0,2026-09-03T19:33:51.515540+00:00
2016-06-29,344.0,350.0,339.0,340.0,6299,340.0,2026-09-03T19:33:51.515540+00:00
2016-06-30,340.0,352.0,340.0,341.0,2353,341.0,2026-09-03T19:33:51.515540+00:00
2016-07-03,341.0,341.0,333.0,337.0,5800,337.0,2026-09-03T19:33:51.515540+00:00
2016-07-04,337.0,344.0,338.0,340.0,1989,340.0,2026-09-03T19:33:51.515540+00:00
2016-07-05,340.0,347.0,340.0,345.0,2710,345.0,2026-09-03T19:33:51.515540+00:00
2016-07-06,345.0,366.0,350.0,362.0,3406,362.0,2026-09-03T19:33:51.515540+00:00
2016-07-10,362.0,398.0,355.0,395.0,17738,395.0,2026-09-03T19:33:51.515540+00:00
2016-07-11,395.0,411.0,385.0,385.0,4777,385.0,2026-09-03T19:33:51.515540+00:00
2016-07-12,385.0,378.0,371.0,375.0,1515,375.0,2026-09-03T19:33:51.515540+00:00
2016-07-13,375.0,373.0,366.0,366.0,1850,366.0,2026-09-03T19:33:51.515540+00:00
2016-07-14,366.0,385.0,373.0,384.0,2477,384.0,2026-09-03T19:33:51.515540+00:00
2016-07-17,384.0,382.0,374.0,374.0,1831,374.0,2026-09-03T19:33:51.515540+00:00
2016-07-18,374.0,382.0,378.0,379.0,3541,379.0,2026-09-03T19:33:51.515540+00:00
2016-07-19,379.0,400.0,380.0,400.0,2714,400.0,2026-09-03T19:33:51.515540+00:00
2016-07-20,400.0,392.0,385.0,385.0,1317,385.0,2026-09-03T19:33:51.515540+00:00
2016-07-21,385.0,387.0,373.0,387.0,3851,387.0,2026-09-03T19:33:51.515540+00:00
2016-07-25,387.0,418.0,390.0,410.0,11769,410.0,2026-09-03T19:33:51.515540+00:00
2016-07-26,410.0,447.0,418.0,440.0,9389,440.0,2026-09-03T19:33:51.515540+00:00
2016-07-27,440.0,456.0,435.0,442.0,7046,442.0,2026-09-03T19:33:51.515540+00:00
2016-07-28,442.0,455.0,435.0,450.0,4192,450.0,2026-09-03T19:33:51.515540+00:00
2016-07-31,450.0,495.0,450.0,472.0,15137,472.0,2026-09-03T19:33:51.515540+00:00
2016-08-01,472.0,465.0,450.0,450.0,4352,450.0,2026-09-03T19:33:51.515540+00:00
2016-08-02,450.0,445.0,437.0,437.0,3261,437.0,2026-09-03T19:33:51.515540+00:00
2016-08-03,437.0,440.0,432.0,440.0,1875,440.0,2026-09-03T19:33:51.515540+00:00
2016-08-04,440.0,433.0,417.0,420.0,5347,420.0,2026-09-03T19:33:51.515540+00:00
2016-08-07,420.0,436.0,402.0,402.0,4864,402.0,2026-09-03T19:33:51.515540+00:00
2016-08-08,402.0,410.0,394.0,394.0,1200,394.0,2026-09-03T19:33:51.515540+00:00
2016-08-09,394.0,409.0,401.0,409.0,400,409.0,2026-09-03T19:33:51.515540+00:00
2016-08-10,409.0,421.0,405.0,410.0,6662,410.0,2026-09-03T19:33:51.515540+00:00
2016-08-11,410.0,418.0,400.0,400.0,896,400.0,2026-09-03T19:33:51.515540+00:00
2016-08-14,400.0,394.0,388.0,390.0,804,390.0,2026-09-03T19:33:51.515540+00:00
2016-08-15,390.0,383.0,377.0,382.0,669,382.0,2026-09-03T19:33:51.515540+00:00
2016-08-16,382.0,403.0,389.0,399.0,2405,399.0,2026-09-03T19:33:51.515540+00:00
2016-08-17,399.0,406.0,392.0,400.0,725,400.0,2026-09-03T19:33:51.515540+00:00
2016-08-21,400.0,392.0,392.0,392.0,200,392.0,2026-09-03T19:33:51.515540+00:00
2016-08-22,392.0,385.0,382.0,382.0,210,382.0,2026-09-03T19:33:51.515540+00:00
2016-08-24,382.0,376.0,376.0,376.0,150,376.0,2026-09-03T19:33:51.515540+00:00
2016-08-28,376.0,383.0,376.0,376.0,545,376.0,2026-09-03T19:33:51.515540+00:00
2016-08-29,376.0,390.0,369.0,390.0,270,390.0,2026-09-03T19:33:51.515540+00:00
2016-08-30,390.0,405.0,390.0,405.0,2856,405.0,2026-09-03T19:33:51.515540+00:00
2016-09-01,405.0,413.0,405.0,405.0,210,405.0,2026-09-03T19:33:51.515540+00:00
2016-09-03,405.0,405.0,397.0,398.0,1111,398.0,2026-09-03T19:33:51.515540+00:00
2016-09-04,405.0,405.0,397.0,398.0,1111,398.0,2026-09-03T19:33:51.515540+00:00
2016-09-05,398.0,414.0,400.0,402.0,5079,402.0,2026-09-03T19:33:51.515540+00:00
2016-09-08,402.0,410.0,394.0,394.0,1376,394.0,2026-09-03T19:33:51.515540+00:00
2016-09-11,394.0,398.0,389.0,396.0,1800,396.0,2026-09-03T19:33:51.515540+00:00
2016-09-12,396.0,395.0,392.0,392.0,1832,392.0,2026-09-03T19:33:51.515540+00:00
2016-09-14,392.0,391.0,380.0,380.0,861,380.0,2026-09-03T19:33:51.515540+00:00
2016-09-18,380.0,401.0,387.0,401.0,1430,401.0,2026-09-03T19:33:51.515540+00:00
2016-09-21,401.0,393.0,393.0,393.0,10,393.0,2026-09-03T19:33:51.515540+00:00
2016-09-22,393.0,402.0,386.0,386.0,2365,386.0,2026-09-03T19:33:51.515540+00:00
2016-09-25,386.0,387.0,380.0,387.0,124,387.0,2026-09-03T19:33:51.515540+00:00
2016-09-26,387.0,393.0,390.0,393.0,1700,393.0,2026-09-03T19:33:51.515540+00:00
2016-09-27,393.0,400.0,395.0,400.0,173,400.0,2026-09-03T19:33:51.515540+00:00
2016-09-29,400.0,392.0,392.0,392.0,11,392.0,2026-09-03T19:33:51.515540+00:00
2016-10-02,392.0,399.0,390.0,390.0,922,390.0,2026-09-03T19:33:51.515540+00:00
2016-10-03,390.0,388.0,388.0,388.0,100,388.0,2026-09-03T19:33:51.515540+00:00
2016-10-04,388.0,388.0,381.0,388.0,210,388.0,2026-09-03T19:33:51.515540+00:00
2016-10-05,388.0,395.0,385.0,395.0,170,395.0,2026-09-03T19:33:51.515540+00:00
2016-10-06,395.0,390.0,388.0,388.0,700,388.0,2026-09-03T19:33:51.515540+00:00
2016-10-16,388.0,390.0,390.0,390.0,268,390.0,2026-09-03T19:33:51.515540+00:00
2016-10-17,390.0,390.0,390.0,390.0,150,390.0,2026-09-03T19:33:51.515540+00:00
2016-10-19,390.0,383.0,377.0,379.0,827,379.0,2026-09-03T19:33:51.515540+00:00
2016-10-20,379.0,381.0,375.0,375.0,863,375.0,2026-09-03T19:33:51.515540+00:00
2016-10-23,375.0,378.0,371.0,378.0,161,378.0,2026-09-03T19:33:51.515540+00:00
2016-10-24,378.0,385.0,385.0,385.0,10,385.0,2026-09-03T19:33:51.515540+00:00
2016-10-25,385.0,395.0,382.0,382.0,1793,382.0,2026-09-03T19:33:51.515540+00:00
2016-10-27,382.0,385.0,384.0,384.0,280,384.0,2026-09-03T19:33:51.515540+00:00
2016-11-07,384.0,384.0,377.0,377.0,320,377.0,2026-09-03T19:33:51.515540+00:00
2016-11-08,377.0,380.0,370.0,370.0,200,370.0,2026-09-03T19:33:51.515540+00:00
2016-11-09,370.0,365.0,363.0,363.0,950,363.0,2026-09-03T19:33:51.515540+00:00
2016-11-10,363.0,360.0,356.0,357.0,410,357.0,2026-09-03T19:33:51.515540+00:00
2016-11-14,357.0,355.0,351.0,353.0,400,353.0,2026-09-03T19:33:51.515540+00:00
2016-11-15,353.0,351.0,347.0,347.0,3125,347.0,2026-09-03T19:33:51.515540+00:00
2016-11-16,347.0,352.0,350.0,352.0,1300,352.0,2026-09-03T19:33:51.515540+00:00
2016-11-17,352.0,345.0,345.0,345.0,110,345.0,2026-09-03T19:33:51.515540+00:00
2016-11-20,345.0,345.0,325.0,325.0,805,325.0,2026-09-03T19:33:51.515540+00:00
2016-11-21,325.0,330.0,313.0,313.0,1288,313.0,2026-09-03T19:33:51.515540+00:00
2016-11-22,313.0,319.0,313.0,319.0,1007,319.0,2026-09-03T19:33:51.515540+00:00
2016-11-24,319.0,313.0,313.0,313.0,10,313.0,2026-09-03T19:33:51.515540+00:00
2016-11-27,313.0,319.0,304.0,304.0,1800,304.0,2026-09-03T19:33:51.515540+00:00
2016-11-28,304.0,315.0,298.0,315.0,962,315.0,2026-09-03T19:33:51.515540+00:00
2016-11-29,315.0,321.0,320.0,320.0,475,320.0,2026-09-03T19:33:51.515540+00:00
2016-11-30,320.0,337.0,324.0,335.0,3856,335.0,2026-09-03T19:33:51.515540+00:00
2016-12-01,335.0,335.0,329.0,330.0,709,330.0,2026-09-03T19:33:51.515540+00:00
2016-12-04,330.0,324.0,324.0,324.0,812,324.0,2026-09-03T19:33:51.515540+00:00
2016-12-05,324.0,325.0,308.0,308.0,2504,308.0,2026-09-03T19:33:51.515540+00:00
2016-12-06,308.0,310.0,302.0,302.0,1000,302.0,2026-09-03T19:33:51.515540+00:00
2016-12-07,302.0,308.0,300.0,300.0,1250,300.0,2026-09-03T19:33:51.515540+00:00
2016-12-08,300.0,306.0,306.0,306.0,400,306.0,2026-09-03T19:33:51.515540+00:00
2016-12-11,306.0,306.0,296.0,299.0,1650,299.0,2026-09-03T19:33:51.515540+00:00
2016-12-12,299.0,299.0,289.0,294.0,3276,294.0,2026-09-03T19:33:51.515540+00:00
2016-12-14,294.0,300.0,290.0,294.0,930,294.0,2026-09-03T19:33:51.515540+00:00
2016-12-15,294.0,304.0,299.0,304.0,300,304.0,2026-09-03T19:33:51.515540+00:00
2016-12-18,304.0,298.0,292.0,292.0,3562,292.0,2026-09-03T19:33:51.515540+00:00
2016-12-19,292.0,287.0,284.0,284.0,503,284.0,2026-09-03T19:33:51.515540+00:00
2016-12-20,284.0,280.0,274.0,276.0,1620,276.0,2026-09-03T19:33:51.515540+00:00
2017-01-01,251.0,250.0,250.0,250.0,550,250.0,2026-09-03T19:33:51.515540+00:00
2017-01-02,250.0,254.0,245.0,254.0,862,254.0,2026-09-03T19:33:51.515540+00:00
2017-01-04,254.0,249.0,245.0,245.0,310,245.0,2026-09-03T19:33:51.515540+00:00
2017-01-05,245.0,241.0,233.0,233.0,1350,233.0,2026-09-03T19:33:51.515540+00:00
2017-01-08,233.0,231.0,226.0,226.0,200,226.0,2026-09-03T19:33:51.515540+00:00
2017-01-09,226.0,233.0,223.0,227.0,1060,227.0,2026-09-03T19:33:51.515540+00:00
2017-01-10,227.0,238.0,226.0,238.0,374,238.0,2026-09-03T19:33:51.515540+00:00
2017-01-11,238.0,250.0,242.0,246.0,1290,246.0,2026-09-03T19:33:51.515540+00:00
2017-01-12,246.0,250.0,245.0,245.0,900,245.0,2026-09-03T19:33:51.515540+00:00
2017-01-15,245.0,245.0,238.0,238.0,850,238.0,2026-09-03T19:33:51.515540+00:00
2017-01-16,238.0,242.0,239.0,239.0,160,239.0,2026-09-03T19:33:51.515540+00:00
2017-01-17,239.0,242.0,240.0,242.0,640,242.0,2026-09-03T19:33:51.515540+00:00
2017-01-18,242.0,246.0,246.0,246.0,100,246.0,2026-09-03T19:33:51.515540+00:00
2017-01-19,246.0,249.0,246.0,249.0,400,249.0,2026-09-03T19:33:51.515540+00:00
2017-01-24,249.0,245.0,241.0,241.0,760,241.0,2026-09-03T19:33:51.515540+00:00
2017-01-25,241.0,237.0,237.0,237.0,200,237.0,2026-09-03T19:33:51.515540+00:00
2017-01-26,237.0,233.0,225.0,225.0,200,225.0,2026-09-03T19:33:51.515540+00:00
2017-01-30,225.0,229.0,205.0,205.0,1586,205.0,2026-09-03T19:33:51.515540+00:00
2017-01-31,205.0,210.0,209.0,210.0,145,210.0,2026-09-03T19:33:51.515540+00:00
2017-02-01,210.0,212.0,212.0,212.0,50,212.0,2026-09-03T19:33:51.515540+00:00
2017-02-02,212.0,229.0,215.0,229.0,990,229.0,2026-09-03T19:33:51.515540+00:00
2017-02-05,229.0,225.0,222.0,222.0,662,222.0,2026-09-03T19:33:51.515540+00:00
2017-02-06,222.0,220.0,218.0,218.0,106,218.0,2026-09-03T19:33:51.515540+00:00
2017-02-07,218.0,222.0,222.0,222.0,100,222.0,2026-09-03T19:33:51.515540+00:00
2017-02-08,222.0,225.0,224.0,224.0,30,224.0,2026-09-03T19:33:51.515540+00:00
2017-02-12,224.0,220.0,208.0,208.0,960,208.0,2026-09-03T19:33:51.515540+00:00
2017-02-13,208.0,205.0,200.0,200.0,520,200.0,2026-09-03T19:33:51.515540+00:00
2017-02-14,200.0,204.0,200.0,202.0,840,202.0,2026-09-03T19:33:51.515540+00:00
2017-02-15,202.0,214.0,205.0,210.0,710,210.0,2026-09-03T19:33:51.515540+00:00
2017-02-16,210.0,217.0,213.0,213.0,970,213.0,2026-09-03T19:33:51.515540+00:00
2017-02-19,213.0,210.0,209.0,209.0,180,209.0,2026-09-03T19:33:51.515540+00:00
2017-02-20,209.0,225.0,213.0,213.0,405,213.0,2026-09-03T19:33:51.515540+00:00
2017-02-21,213.0,217.0,215.0,215.0,132,215.0,2026-09-03T19:33:51.515540+00:00
2017-02-23,215.0,215.0,215.0,215.0,100,215.0,2026-09-03T19:33:51.515540+00:00
2017-02-26,215.0,211.0,211.0,211.0,200,211.0,2026-09-03T19:33:51.515540+00:00
2017-02-28,211.0,207.0,207.0,207.0,187,207.0,2026-09-03T19:33:51.515540+00:00
2017-03-01,207.0,214.0,210.0,210.0,211,210.0,2026-09-03T19:33:51.515540+00:00
2017-03-02,210.0,206.0,206.0,206.0,400,206.0,2026-09-03T19:33:51.515540+00:00
2017-03-06,206.0,217.0,210.0,217.0,300,217.0,2026-09-03T19:33:51.515540+00:00
2017-03-07,217.0,215.0,213.0,213.0,829,213.0,2026-09-03T19:33:51.515540+00:00
2017-03-13,213.0,215.0,215.0,215.0,50,215.0,2026-09-03T19:33:51.515540+00:00
2017-03-19,215.0,217.0,217.0,217.0,1000,217.0,2026-09-03T19:33:51.515540+00:00
2017-03-20,217.0,238.0,221.0,238.0,742,238.0,2026-09-03T19:33:51.515540+00:00
2017-03-21,238.0,246.0,238.0,246.0,818,246.0,2026-09-03T19:33:51.515540+00:00
2017-03-22,246.0,255.0,238.0,255.0,1975,255.0,2026-09-03T19:33:51.515540+00:00
2017-03-23,255.0,250.0,245.0,245.0,210,245.0,2026-09-03T19:33:51.515540+00:00
2017-03-26,245.0,254.0,245.0,253.0,4350,253.0,2026-09-03T19:33:51.515540+00:00
2017-03-28,253.0,269.0,255.0,269.0,3100,269.0,2026-09-03T19:33:51.515540+00:00
2017-03-29,269.0,274.0,265.0,265.0,1900,265.0,2026-09-03T19:33:51.515540+00:00
2017-03-30,265.0,260.0,260.0,260.0,100,260.0,2026-09-03T19:33:51.515540+00:00
2017-04-02,260.0,270.0,264.0,270.0,1143,270.0,2026-09-03T19:33:51.515540+00:00
2017-04-03,270.0,275.0,265.0,270.0,2182,270.0,2026-09-03T19:33:51.515540+00:00
2017-04-04,270.0,275.0,270.0,270.0,1250,270.0,2026-09-03T19:33:51.515540+00:00
2017-04-06,270.0,270.0,255.0,260.0,2111,260.0,2026-09-03T19:33:51.515540+00:00
2017-04-09,260.0,261.0,256.0,256.0,1458,256.0,2026-09-03T19:33:51.515540+00:00
2017-04-10,256.0,256.0,251.0,253.0,1079,253.0,2026-09-03T19:33:51.515540+00:00
2017-04-11,253.0,270.0,252.0,270.0,2056,270.0,2026-09-03T19:33:51.515540+00:00
2017-04-12,270.0,297.0,270.0,292.0,5020,292.0,2026-09-03T19:33:51.515540+00:00
2017-04-13,292.0,287.0,277.0,277.0,330,277.0,2026-09-03T19:33:51.515540+00:00
2017-04-16,277.0,277.0,262.0,262.0,670,262.0,2026-09-03T19:33:51.515540+00:00
2017-04-18,262.0,260.0,255.0,260.0,2714,260.0,2026-09-03T19:33:51.515540+00:00
2017-04-19,260.0,275.0,265.0,275.0,180,275.0,2026-09-03T19:33:51.515540+00:00
2017-04-20,275.0,282.0,274.0,274.0,791,274.0,2026-09-03T19:33:51.515540+00:00
2017-04-23,274.0,279.0,279.0,279.0,500,279.0,2026-09-03T19:33:51.515540+00:00
2017-04-24,279.0,284.0,275.0,275.0,1710,275.0,2026-09-03T19:33:51.515540+00:00
2017-04-25,275.0,280.0,275.0,275.0,510,275.0,2026-09-03T19:33:51.515540+00:00
2017-04-27,275.0,280.0,275.0,280.0,982,280.0,2026-09-03T19:33:51.515540+00:00
2017-04-30,280.0,275.0,275.0,275.0,200,275.0,2026-09-03T19:33:51.515540+00:00
2017-05-02,275.0,275.0,265.0,275.0,665,275.0,2026-09-03T19:33:51.515540+00:00
2017-05-03,275.0,275.0,275.0,275.0,453,275.0,2026-09-03T19:33:51.515540+00:00
2017-05-04,275.0,285.0,276.0,279.0,4388,279.0,2026-09-03T19:33:51.515540+00:00
2017-05-07,279.0,276.0,273.0,273.0,1240,273.0,2026-09-03T19:33:51.515540+00:00
2017-05-08,273.0,269.0,264.0,269.0,230,269.0,2026-09-03T19:33:51.515540+00:00
2017-05-09,269.0,281.0,274.0,281.0,756,281.0,2026-09-03T19:33:51.515540+00:00
2017-05-11,281.0,300.0,285.0,295.0,2605,295.0,2026-09-03T19:33:51.515540+00:00
2017-05-15,295.0,290.0,290.0,290.0,50,290.0,2026-09-03T19:33:51.515540+00:00
2017-05-16,290.0,285.0,285.0,285.0,200,285.0,2026-09-03T19:33:51.515540+00:00
2017-05-17,285.0,280.0,276.0,276.0,1100,276.0,2026-09-03T19:33:51.515540+00:00
2017-05-18,276.0,276.0,271.0,276.0,2010,276.0,2026-09-03T19:33:51.515540+00:00
2017-05-21,276.0,271.0,261.0,268.0,5900,268.0,2026-09-03T19:33:51.515540+00:00
2017-05-22,268.0,263.0,263.0,263.0,100,263.0,2026-09-03T19:33:51.515540+00:00
2017-05-23,263.0,265.0,262.0,265.0,762,265.0,2026-09-03T19:33:51.515540+00:00
2017-05-24,265.0,270.0,261.0,270.0,1077,270.0,2026-09-03T19:33:51.515540+00:00
2017-05-28,270.0,275.0,265.0,265.0,1140,265.0,2026-09-03T19:33:51.515540+00:00
2017-05-30,265.0,264.0,256.0,260.0,1397,260.0,2026-09-03T19:33:51.515540+00:00
2017-05-31,260.0,257.0,252.0,257.0,800,257.0,2026-09-03T19:33:51.515540+00:00
2017-06-01,257.0,264.0,257.0,264.0,1970,264.0,2026-09-03T19:33:51.515540+00:00
2017-06-04,264.0,263.0,262.0,262.0,250,262.0,2026-09-03T19:33:51.515540+00:00
2017-06-05,262.0,265.0,260.0,265.0,167,265.0,2026-09-03T19:33:51.515540+00:00
2017-06-06,265.0,265.0,261.0,265.0,813,265.0,2026-09-03T19:33:51.515540+00:00
2017-06-07,265.0,266.0,260.0,266.0,1140,266.0,2026-09-03T19:33:51.515540+00:00
2017-06-11,266.0,262.0,262.0,262.0,100,262.0,2026-09-03T19:33:51.515540+00:00
2017-06-12,262.0,257.0,257.0,257.0,145,257.0,2026-09-03T19:33:51.515540+00:00
2017-06-18,257.0,262.0,262.0,262.0,20,262.0,2026-09-03T19:33:51.515540+00:00
2017-06-22,262.0,265.0,265.0,265.0,200,265.0,2026-09-03T19:33:51.515540+00:00
2017-06-25,265.0,260.0,251.0,256.0,1496,256.0,2026-09-03T19:33:51.515540+00:00
2017-06-27,256.0,261.0,258.0,258.0,99,258.0,2026-09-03T19:33:51.515540+00:00
2017-06-28,258.0,254.0,253.0,253.0,800,253.0,2026-09-03T19:33:51.515540+00:00
2017-07-02,253.0,254.0,249.0,249.0,1994,249.0,2026-09-03T19:33:51.515540+00:00
2017-07-03,249.0,248.0,241.0,245.0,3960,245.0,2026-09-03T19:33:51.515540+00:00
2017-07-04,245.0,246.0,242.0,244.0,180,244.0,2026-09-03T19:33:51.515540+00:00
2017-07-06,244.0,252.0,242.0,252.0,508,252.0,2026-09-03T19:33:51.515540+00:00
2017-07-09,252.0,262.0,253.0,256.0,2324,256.0,2026-09-03T19:33:51.515540+00:00
2017-07-10,256.0,255.0,250.0,251.0,878,251.0,2026-09-03T19:33:51.515540+00:00
2017-07-11,251.0,261.0,251.0,261.0,206,261.0,2026-09-03T19:33:51.515540+00:00
2017-07-12,261.0,266.0,266.0,266.0,500,266.0,2026-09-03T19:33:51.515540+00:00
2017-07-13,266.0,270.0,261.0,269.0,1688,269.0,2026-09-03T19:33:51.515540+00:00
2017-07-16,269.0,275.0,270.0,272.0,2540,272.0,2026-09-03T19:33:51.515540+00:00
2017-07-17,272.0,271.0,269.0,271.0,1775,271.0,2026-09-03T19:33:51.515540+00:00
2017-07-18,271.0,294.0,276.0,289.0,3412,289.0,2026-09-03T19:33:51.515540+00:00
2017-07-19,289.0,284.0,279.0,279.0,1108,279.0,2026-09-03T19:33:51.515540+00:00
2017-07-20,279.0,280.0,277.0,277.0,242,277.0,2026-09-03T19:33:51.515540+00:00
2017-07-23,277.0,279.0,267.0,267.0,2728,267.0,2026-09-03T19:33:51.515540+00:00
2017-07-24,267.0,267.0,262.0,267.0,1700,267.0,2026-09-03T19:33:51.515540+00:00
2017-07-25,267.0,272.0,272.0,272.0,20,272.0,2026-09-03T19:33:51.515540+00:00
2017-07-30,272.0,272.0,272.0,272.0,10,272.0,2026-09-03T19:33:51.515540+00:00
2017-08-01,272.0,299.0,277.0,299.0,15629,299.0,2026-09-03T19:33:51.515540+00:00
2017-08-02,299.0,322.0,289.0,307.0,9754,307.0,2026-09-03T19:33:51.515540+00:00
2017-08-03,307.0,304.0,293.0,293.0,3383,293.0,2026-09-03T19:33:51.515540+00:00
2017-08-06,293.0,302.0,290.0,290.0,1819,290.0,2026-09-03T19:33:51.515540+00:00
2017-08-07,290.0,293.0,285.0,288.0,697,288.0,2026-09-03T19:33:51.515540+00:00
2017-08-09,288.0,285.0,285.0,285.0,20,285.0,2026-09-03T19:33:51.515540+00:00
2017-08-10,285.0,290.0,285.0,290.0,410,290.0,2026-09-03T19:33:51.515540+00:00
2017-08-13,290.0,285.0,282.0,282.0,426,282.0,2026-09-03T19:33:51.515540+00:00
2017-08-15,282.0,280.0,275.0,280.0,1153,280.0,2026-09-03T19:33:51.515540+00:00
2017-08-16,280.0,278.0,278.0,278.0,10,278.0,2026-09-03T19:33:51.515540+00:00
2017-08-17,278.0,281.0,281.0,281.0,50,281.0,2026-09-03T19:33:51.515540+00:00
2017-08-20,281.0,283.0,283.0,283.0,200,283.0,2026-09-03T19:33:51.515540+00:00
2017-08-21,283.0,280.0,275.0,275.0,1233,275.0,2026-09-03T19:33:51.515540+00:00
2017-08-22,275.0,280.0,280.0,280.0,20,280.0,2026-09-03T19:33:51.515540+00:00
2017-08-23,280.0,280.0,276.0,276.0,779,276.0,2026-09-03T19:33:51.515540+00:00
2017-08-24,276.0,272.0,272.0,272.0,10,272.0,2026-09-03T19:33:51.515540+00:00
2017-08-27,272.0,280.0,270.0,280.0,1995,280.0,2026-09-03T19:33:51.515540+00:00
2017-08-28,280.0,284.0,278.0,278.0,4179,278.0,2026-09-03T19:33:51.515540+00:00
2017-08-30,278.0,278.0,267.0,267.0,691,267.0,2026-09-03T19:33:51.515540+00:00
2017-08-31,267.0,267.0,262.0,267.0,4310,267.0,2026-09-03T19:33:51.515540+00:00
2017-09-04,267.0,272.0,263.0,263.0,685,263.0,2026-09-03T19:33:51.515540+00:00
2017-09-06,263.0,265.0,258.0,259.0,1596,259.0,2026-09-03T19:33:51.515540+00:00
2017-09-07,259.0,268.0,262.0,268.0,410,268.0,2026-09-03T19:33:51.515540+00:00
2017-09-10,268.0,266.0,263.0,263.0,400,263.0,2026-09-03T19:33:51.515540+00:00
2017-09-11,263.0,272.0,260.0,272.0,2528,272.0,2026-09-03T19:33:51.515540+00:00
2017-09-12,272.0,267.0,263.0,263.0,150,263.0,2026-09-03T19:33:51.515540+00:00
2017-09-13,263.0,268.0,258.0,268.0,338,268.0,2026-09-03T19:33:51.515540+00:00
2017-09-14,268.0,268.0,268.0,268.0,400,268.0,2026-09-03T19:33:51.515540+00:00
2017-09-17,268.0,270.0,270.0,270.0,10,270.0,2026-09-03T19:33:51.515540+00:00
2017-09-18,270.0,269.0,264.0,265.0,1534,265.0,2026-09-03T19:33:51.515540+00:00
2017-09-20,265.0,265.0,261.0,261.0,919,261.0,2026-09-03T19:33:51.515540+00:00
2017-09-24,261.0,274.0,266.0,274.0,613,274.0,2026-09-03T19:33:51.515540+00:00
2017-09-25,274.0,271.0,269.0,269.0,1450,269.0,2026-09-03T19:33:51.515540+00:00
2017-09-26,269.0,274.0,266.0,271.0,1110,271.0,2026-09-03T19:33:51.515540+00:00
2017-10-03,271.0,275.0,275.0,275.0,1000,275.0,2026-09-03T19:33:51.515540+00:00
2017-10-04,275.0,271.0,270.0,270.0,1000,270.0,2026-09-03T19:33:51.515540+00:00
2017-10-08,270.0,270.0,265.0,265.0,631,265.0,2026-09-03T19:33:51.515540+00:00
2017-10-09,265.0,265.0,265.0,265.0,350,265.0,2026-09-03T19:33:51.515540+00:00
2017-10-10,265.0,275.0,265.0,275.0,1103,275.0,2026-09-03T19:33:51.515540+00:00
2017-10-11,275.0,279.0,271.0,278.0,299,278.0,2026-09-03T19:33:51.515540+00:00
2017-10-12,278.0,278.0,273.0,275.0,1296,275.0,2026-09-03T19:33:51.515540+00:00
2017-10-15,275.0,274.0,270.0,270.0,606,270.0,2026-09-03T19:33:51.515540+00:00
2017-10-16,270.0,275.0,266.0,275.0,5028,275.0,2026-09-03T19:33:51.515540+00:00
2017-10-17,275.0,276.0,271.0,271.0,200,271.0,2026-09-03T19:33:51.515540+00:00
2017-10-18,271.0,275.0,270.0,274.0,1891,274.0,2026-09-03T19:33:51.515540+00:00
2017-10-23,274.0,278.0,270.0,278.0,94,278.0,2026-09-03T19:33:51.515540+00:00
2017-10-24,278.0,273.0,268.0,270.0,106,270.0,2026-09-03T19:33:51.515540+00:00
2017-10-29,270.0,265.0,262.0,265.0,1943,265.0,2026-09-03T19:33:51.515540+00:00
2017-10-30,265.0,266.0,256.0,266.0,570,266.0,2026-09-03T19:33:51.515540+00:00
2017-11-01,266.0,261.0,246.0,255.0,4445,255.0,2026-09-03T19:33:51.515540+00:00
2017-11-02,255.0,260.0,244.0,251.0,2783,251.0,2026-09-03T19:33:51.515540+00:00
2017-11-05,251.0,246.0,242.0,242.0,225,242.0,2026-09-03T19:33:51.515540+00:00
2017-11-06,242.0,246.0,234.0,234.0,2909,234.0,2026-09-03T19:33:51.515540+00:00
2017-11-07,234.0,234.0,230.0,231.0,612,231.0,2026-09-03T19:33:51.515540+00:00
2017-11-08,231.0,230.0,226.0,230.0,917,230.0,2026-09-03T19:33:51.515540+00:00
2017-11-09,230.0,230.0,222.0,226.0,781,226.0,2026-09-03T19:33:51.515540+00:00
2017-11-12,226.0,226.0,222.0,226.0,702,226.0,2026-09-03T19:33:51.515540+00:00
2017-11-14,226.0,236.0,230.0,236.0,2060,236.0,2026-09-03T19:33:51.515540+00:00
2017-11-15,236.0,240.0,235.0,238.0,600,238.0,2026-09-03T19:33:51.515540+00:00
2017-11-16,238.0,255.0,242.0,245.0,170,245.0,2026-09-03T19:33:51.515540+00:00
2017-11-19,245.0,249.0,245.0,245.0,73,245.0,2026-09-03T19:33:51.515540+00:00
2017-11-20,245.0,242.0,237.0,242.0,2069,242.0,2026-09-03T19:33:51.515540+00:00
2017-11-22,242.0,238.0,238.0,238.0,50,238.0,2026-09-03T19:33:51.515540+00:00
2017-11-26,238.0,235.0,231.0,231.0,650,231.0,2026-09-03T19:33:51.515540+00:00
2017-11-27,231.0,239.0,235.0,235.0,1676,235.0,2026-09-03T19:33:51.515540+00:00
2017-11-28,235.0,239.0,235.0,239.0,393,239.0,2026-09-03T19:33:51.515540+00:00
2017-11-29,239.0,247.0,243.0,247.0,580,247.0,2026-09-03T19:33:51.515540+00:00
2017-11-30,247.0,243.0,235.0,235.0,1405,235.0,2026-09-03T19:33:51.515540+00:00
2017-12-04,235.0,239.0,232.0,236.0,2529,236.0,2026-09-03T19:33:51.515540+00:00
2017-12-05,236.0,240.0,236.0,236.0,142,236.0,2026-09-03T19:33:51.515540+00:00
2017-12-06,236.0,240.0,240.0,240.0,1010,240.0,2026-09-03T19:33:51.515540+00:00
2017-12-10,240.0,240.0,240.0,240.0,200,240.0,2026-09-03T19:33:51.515540+00:00
2017-12-12,240.0,244.0,244.0,244.0,50,244.0,2026-09-03T19:33:51.515540+00:00
2017-12-17,244.0,240.0,236.0,236.0,42,236.0,2026-09-03T19:33:51.515540+00:00
2017-12-18,236.0,233.0,228.0,228.0,420,228.0,2026-09-03T19:33:51.515540+00:00
2017-12-19,228.0,232.0,224.0,228.0,580,228.0,2026-09-03T19:33:51.515540+00:00
2017-12-20,228.0,228.0,224.0,228.0,300,228.0,2026-09-03T19:33:51.515540+00:00
2017-12-21,228.0,226.0,225.0,226.0,1100,226.0,2026-09-03T19:33:51.515540+00:00
2017-12-26,226.0,223.0,220.0,220.0,2434,220.0,2026-09-03T19:33:51.515540+00:00
2017-12-27,220.0,228.0,214.0,214.0,6119,214.0,2026-09-03T19:33:51.515540+00:00
2017-12-28,214.0,222.0,217.0,217.0,2910,217.0,2026-09-03T19:33:51.515540+00:00
2017-12-31,217.0,221.0,216.0,217.0,1450,217.0,2026-09-03T19:33:51.515540+00:00
2018-01-01,217.0,222.0,218.0,222.0,4446,222.0,2026-09-03T19:33:51.515540+00:00
2018-01-02,222.0,225.0,219.0,220.0,2057,220.0,2026-09-03T19:33:51.515540+00:00
2018-01-03,186.0,189.0,180.0,180.0,1670,180.0,2026-09-03T19:33:51.515540+00:00
2018-01-04,180.0,177.0,177.0,177.0,333,177.0,2026-09-03T19:33:51.515540+00:00
2018-01-07,177.0,175.0,174.0,175.0,341,175.0,2026-09-03T19:33:51.515540+00:00
2018-01-08,175.0,178.0,178.0,178.0,330,178.0,2026-09-03T19:33:51.515540+00:00
2018-01-09,178.0,181.0,178.0,181.0,3301,181.0,2026-09-03T19:33:51.515540+00:00
2018-01-14,181.0,178.0,172.0,172.0,2028,172.0,2026-09-03T19:33:51.515540+00:00
2018-01-17,172.0,171.0,169.0,171.0,200,171.0,2026-09-03T19:33:51.515540+00:00
2018-01-21,171.0,177.0,174.0,174.0,266,174.0,2026-09-03T19:33:51.515540+00:00
2018-01-22,174.0,177.0,174.0,176.0,3917,176.0,2026-09-03T19:33:51.515540+00:00
2018-01-23,176.0,179.0,176.0,179.0,1545,179.0,2026-09-03T19:33:51.515540+00:00
2018-01-24,179.0,178.0,178.0,178.0,150,178.0,2026-09-03T19:33:51.515540+00:00
2018-01-25,178.0,180.0,177.0,180.0,120,180.0,2026-09-03T19:33:51.515540+00:00
2018-01-28,180.0,179.0,178.0,178.0,100,178.0,2026-09-03T19:33:51.515540+00:00
2018-01-29,178.0,178.0,175.0,175.0,524,175.0,2026-09-03T19:33:51.515540+00:00
2018-01-31,175.0,183.0,178.0,182.0,1317,182.0,2026-09-03T19:33:51.515540+00:00
2018-02-01,182.0,185.0,185.0,185.0,550,185.0,2026-09-03T19:33:51.515540+00:00
2018-02-04,185.0,182.0,173.0,173.0,2104,173.0,2026-09-03T19:33:51.515540+00:00
2018-02-05,173.0,173.0,173.0,173.0,1780,173.0,2026-09-03T19:33:51.515540+00:00
2018-02-06,173.0,176.0,172.0,172.0,1056,172.0,2026-09-03T19:33:51.515540+00:00
2018-02-07,172.0,174.0,171.0,171.0,3047,171.0,2026-09-03T19:33:51.515540+00:00
2018-02-08,171.0,170.0,170.0,170.0,84,170.0,2026-09-03T19:33:51.515540+00:00
2018-02-11,170.0,170.0,170.0,170.0,110,170.0,2026-09-03T19:33:51.515540+00:00
2018-02-12,170.0,171.0,171.0,171.0,67,171.0,2026-09-03T19:33:51.515540+00:00
2018-02-14,171.0,175.0,172.0,175.0,389,175.0,2026-09-03T19:33:51.515540+00:00
2018-02-15,175.0,174.0,173.0,173.0,300,173.0,2026-09-03T19:33:51.515540+00:00
2018-02-20,170.0,170.0,170.0,170.0,200,170.0,2026-09-03T19:33:51.515540+00:00
2018-02-21,170.0,170.0,170.0,170.0,75,170.0,2026-09-03T19:33:51.515540+00:00
2018-02-22,170.0,170.0,170.0,170.0,493,170.0,2026-09-03T19:33:51.515540+00:00
2018-02-26,168.0,168.0,168.0,168.0,30,168.0,2026-09-03T19:33:51.515540+00:00
2018-02-27,171.0,171.0,171.0,171.0,193,171.0,2026-09-03T19:33:51.515540+00:00
2018-02-28,168.0,169.0,167.0,168.0,550,168.0,2026-09-03T19:33:51.515540+00:00
2018-03-04,165.0,166.0,162.0,162.0,1030,162.0,2026-09-03T19:33:51.515540+00:00
2018-03-06,161.0,161.0,160.0,160.0,1291,160.0,2026-09-03T19:33:51.515540+00:00
2018-03-07,159.0,159.0,159.0,159.0,700,159.0,2026-09-03T19:33:51.515540+00:00
2018-03-11,156.0,156.0,153.0,155.0,1500,155.0,2026-09-03T19:33:51.515540+00:00
2018-03-12,158.0,158.0,158.0,158.0,708,158.0,2026-09-03T19:33:51.515540+00:00
2018-03-13,160.0,160.0,158.0,160.0,144,160.0,2026-09-03T19:33:51.515540+00:00
2018-03-19,163.0,163.0,162.0,163.0,250,163.0,2026-09-03T19:33:51.515540+00:00
2018-03-20,161.0,162.0,160.0,160.0,6613,160.0,2026-09-03T19:33:51.515540+00:00
2018-03-21,160.0,162.0,160.0,162.0,506,162.0,2026-09-03T19:33:51.515540+00:00
2018-03-22,159.0,159.0,159.0,159.0,717,159.0,2026-09-03T19:33:51.515540+00:00
2018-03-26,156.0,159.0,156.0,156.0,800,156.0,2026-09-03T19:33:51.515540+00:00
2018-03-27,153.0,153.0,150.0,150.0,1725,150.0,2026-09-03T19:33:51.515540+00:00
2018-04-02,147.0,147.0,147.0,147.0,10,147.0,2026-09-03T19:33:51.515540+00:00
2018-04-03,149.0,149.0,149.0,149.0,54,149.0,2026-09-03T19:33:51.515540+00:00
2018-04-05,151.0,154.0,151.0,154.0,747,154.0,2026-09-03T19:33:51.515540+00:00
2018-04-08,157.0,166.0,157.0,166.0,310,166.0,2026-09-03T19:33:51.515540+00:00
2018-04-09,169.0,175.0,169.0,170.0,2607,170.0,2026-09-03T19:33:51.515540+00:00
2018-04-10,170.0,170.0,168.0,168.0,647,168.0,2026-09-03T19:33:51.515540+00:00
2018-04-12,171.0,171.0,171.0,171.0,500,171.0,2026-09-03T19:33:51.515540+00:00
2018-04-15,172.0,172.0,172.0,172.0,218,172.0,2026-09-03T19:33:51.515540+00:00
2018-04-16,175.0,175.0,173.0,175.0,510,175.0,2026-09-03T19:33:51.515540+00:00
2018-04-17,178.0,187.0,175.0,187.0,2530,187.0,2026-09-03T19:33:51.515540+00:00
2018-04-18,190.0,190.0,190.0,190.0,667,190.0,2026-09-03T19:33:51.515540+00:00
2018-04-19,187.0,187.0,187.0,187.0,500,187.0,2026-09-03T19:33:51.515540+00:00
2018-04-22,184.0,199.0,181.0,199.0,4829,199.0,2026-09-03T19:33:51.515540+00:00
2018-04-23,202.0,201.0,194.0,197.0,1243,197.0,2026-09-03T19:33:51.515540+00:00
2018-04-24,194.0,194.0,188.0,190.0,206,190.0,2026-09-03T19:33:51.515540+00:00
2018-04-25,190.0,192.0,189.0,192.0,373,192.0,2026-09-03T19:33:51.515540+00:00
2018-04-26,189.0,189.0,179.0,182.0,17323,182.0,2026-09-03T19:33:51.515540+00:00
2018-04-29,179.0,179.0,167.0,170.0,2180,170.0,2026-09-03T19:33:51.515540+00:00
2018-05-02,167.0,167.0,165.0,165.0,354,165.0,2026-09-03T19:33:51.515540+00:00
2018-05-03,168.0,171.0,165.0,170.0,1864,170.0,2026-09-03T19:33:51.515540+00:00
2018-05-06,170.0,170.0,169.0,170.0,217,170.0,2026-09-03T19:33:51.515540+00:00
2018-05-07,167.0,167.0,167.0,167.0,200,167.0,2026-09-03T19:33:51.515540+00:00
2018-05-08,170.0,173.0,170.0,173.0,479,173.0,2026-09-03T19:33:51.515540+00:00
2018-05-09,175.0,176.0,175.0,176.0,427,176.0,2026-09-03T19:33:51.515540+00:00
2018-05-10,173.0,173.0,173.0,173.0,116,173.0,2026-09-03T19:33:51.515540+00:00
2018-05-14,170.0,170.0,167.0,167.0,955,167.0,2026-09-03T19:33:51.515540+00:00
2018-05-15,165.0,168.0,164.0,168.0,1896,168.0,2026-09-03T19:33:51.515540+00:00
2018-05-16,166.0,166.0,166.0,166.0,1260,166.0,2026-09-03T19:33:51.515540+00:00
2018-05-20,169.0,169.0,166.0,166.0,820,166.0,2026-09-03T19:33:51.515540+00:00
2018-05-21,164.0,167.0,164.0,167.0,45,167.0,2026-09-03T19:33:51.515540+00:00
2018-05-23,166.0,166.0,164.0,164.0,1372,164.0,2026-09-03T19:33:51.515540+00:00
2018-05-24,167.0,180.0,167.0,172.0,5575,172.0,2026-09-03T19:33:51.515540+00:00
2018-05-27,175.0,181.0,175.0,175.0,1204,175.0,2026-09-03T19:33:51.515540+00:00
2018-05-28,178.0,184.0,178.0,181.0,1677,181.0,2026-09-03T19:33:51.515540+00:00
2018-05-29,178.0,178.0,178.0,178.0,64,178.0,2026-09-03T19:33:51.515540+00:00
2018-05-30,175.0,181.0,175.0,181.0,472,181.0,2026-09-03T19:33:51.515540+00:00
2018-05-31,181.0,184.0,181.0,184.0,242,184.0,2026-09-03T19:33:51.515540+00:00
2018-06-03,181.0,181.0,170.0,170.0,989,170.0,2026-09-03T19:33:51.515540+00:00
2018-06-04,168.0,171.0,168.0,171.0,269,171.0,2026-09-03T19:33:51.515540+00:00
2018-06-07,174.0,177.0,166.0,166.0,2734,166.0,2026-09-03T19:33:51.515540+00:00
2018-06-10,166.0,169.0,166.0,166.0,2340,166.0,2026-09-03T19:33:51.515540+00:00
2018-06-11,169.0,170.0,168.0,170.0,6190,170.0,2026-09-03T19:33:51.515540+00:00
2018-06-12,173.0,173.0,173.0,173.0,10,173.0,2026-09-03T19:33:51.515540+00:00
2018-06-13,173.0,176.0,173.0,176.0,1000,176.0,2026-09-03T19:33:51.515540+00:00
2018-06-14,173.0,173.0,170.0,173.0,1060,173.0,2026-09-03T19:33:51.515540+00:00
2018-06-17,170.0,170.0,167.0,167.0,1211,167.0,2026-09-03T19:33:51.515540+00:00
2018-06-18,165.0,168.0,165.0,168.0,494,168.0,2026-09-03T19:33:51.515540+00:00
2018-06-20,165.0,165.0,162.0,162.0,800,162.0,2026-09-03T19:33:51.515540+00:00
2018-06-21,161.0,163.0,160.0,163.0,783,163.0,2026-09-03T19:33:51.515540+00:00
2018-06-24,165.0,168.0,165.0,167.0,3144,167.0,2026-09-03T19:33:51.515540+00:00
2018-06-25,165.0,165.0,165.0,165.0,667,165.0,2026-09-03T19:33:51.515540+00:00
2018-06-26,164.0,164.0,164.0,164.0,100,164.0,2026-09-03T19:33:51.515540+00:00
2018-06-28,167.0,167.0,167.0,167.0,200,167.0,2026-09-03T19:33:51.515540+00:00
2018-07-02,164.0,166.0,163.0,166.0,1400,166.0,2026-09-03T19:33:51.515540+00:00
2018-07-03,166.0,167.0,166.0,167.0,2540,167.0,2026-09-03T19:33:51.515540+00:00
2018-07-05,170.0,170.0,167.0,167.0,501,167.0,2026-09-03T19:33:51.515540+00:00
2018-07-10,164.0,164.0,162.0,162.0,1118,162.0,2026-09-03T19:33:51.515540+00:00
2018-07-11,160.0,160.0,160.0,160.0,10,160.0,2026-09-03T19:33:51.515540+00:00
2018-07-22,160.0,169.0,160.0,169.0,1568,169.0,2026-09-03T19:33:51.515540+00:00
2018-07-23,166.0,172.0,166.0,170.0,1046,170.0,2026-09-03T19:33:51.515540+00:00
2018-07-24,170.0,173.0,170.0,173.0,1440,173.0,2026-09-03T19:33:51.515540+00:00
2018-07-25,170.0,170.0,170.0,170.0,1190,170.0,2026-09-03T19:33:51.515540+00:00
2018-07-26,173.0,182.0,173.0,179.0,2002,179.0,2026-09-03T19:33:51.515540+00:00
2018-07-29,182.0,183.0,181.0,181.0,1967,181.0,2026-09-03T19:33:51.515540+00:00
2018-07-30,184.0,199.0,184.0,190.0,12393,190.0,2026-09-03T19:33:51.515540+00:00
2018-07-31,193.0,196.0,193.0,193.0,1360,193.0,2026-09-03T19:33:51.515540+00:00
2018-08-01,196.0,196.0,190.0,190.0,4749,190.0,2026-09-03T19:33:51.515540+00:00
2018-08-02,187.0,194.0,187.0,191.0,3433,191.0,2026-09-03T19:33:51.515540+00:00
2018-08-05,192.0,192.0,192.0,192.0,20,192.0,2026-09-03T19:33:51.515540+00:00
2018-08-06,195.0,195.0,188.0,188.0,2652,188.0,2026-09-03T19:33:51.515540+00:00
2018-08-07,185.0,185.0,181.0,183.0,987,183.0,2026-09-03T19:33:51.515540+00:00
2018-08-08,180.0,185.0,180.0,185.0,320,185.0,2026-09-03T19:33:51.515540+00:00
2018-08-09,188.0,188.0,182.0,182.0,2849,182.0,2026-09-03T19:33:51.515540+00:00
2018-08-12,185.0,188.0,185.0,185.0,6125,185.0,2026-09-03T19:33:51.515540+00:00
2018-08-14,188.0,188.0,188.0,188.0,10,188.0,2026-09-03T19:33:51.515540+00:00
2018-08-15,189.0,194.0,189.0,194.0,1253,194.0,2026-09-03T19:33:51.515540+00:00
2018-08-16,196.0,196.0,191.0,191.0,2684,191.0,2026-09-03T19:33:51.515540+00:00
2018-08-19,188.0,188.0,188.0,188.0,10,188.0,2026-09-03T19:33:51.515540+00:00
2018-08-20,191.0,195.0,191.0,195.0,1400,195.0,2026-09-03T19:33:51.515540+00:00
2018-08-21,192.0,196.0,186.0,190.0,8858,190.0,2026-09-03T19:33:51.515540+00:00
2018-08-22,193.0,193.0,190.0,191.0,2520,191.0,2026-09-03T19:33:51.515540+00:00
2018-08-23,194.0,194.0,190.0,190.0,910,190.0,2026-09-03T19:33:51.515540+00:00
2018-08-26,192.0,192.0,192.0,192.0,1218,192.0,2026-09-03T19:33:51.515540+00:00
2018-08-28,193.0,194.0,192.0,193.0,510,193.0,2026-09-03T19:33:51.515540+00:00
2018-09-02,195.0,196.0,195.0,195.0,800,195.0,2026-09-03T19:33:51.515540+00:00
2018-09-03,198.0,199.0,193.0,193.0,2507,193.0,2026-09-03T19:33:51.515540+00:00
2018-09-04,196.0,196.0,195.0,196.0,1210,196.0,2026-09-03T19:33:51.515540+00:00
2018-09-05,195.0,200.0,195.0,200.0,5222,200.0,2026-09-03T19:33:51.515540+00:00
2018-09-06,200.0,200.0,198.0,198.0,300,198.0,2026-09-03T19:33:51.515540+00:00
2018-09-09,201.0,217.0,201.0,217.0,23123,217.0,2026-09-03T19:33:51.515540+00:00
2018-09-10,221.0,235.0,217.0,219.0,22290,219.0,2026-09-03T19:33:51.515540+00:00
2018-09-11,223.0,223.0,215.0,217.0,6533,217.0,2026-09-03T19:33:51.515540+00:00
2018-09-12,213.0,219.0,213.0,216.0,1361,216.0,2026-09-03T19:33:51.515540+00:00
2018-09-13,220.0,220.0,216.0,216.0,2940,216.0,2026-09-03T19:33:51.515540+00:00
2018-09-16,213.0,222.0,209.0,218.0,4727,218.0,2026-09-03T19:33:51.515540+00:00
2018-09-17,218.0,218.0,216.0,216.0,1158,216.0,2026-09-03T19:33:51.515540+00:00
2018-09-18,214.0,216.0,212.0,214.0,1193,214.0,2026-09-03T19:33:51.515540+00:00
2018-09-20,217.0,218.0,217.0,217.0,604,217.0,2026-09-03T19:33:51.515540+00:00
2018-09-23,221.0,234.0,221.0,227.0,9939,227.0,2026-09-03T19:33:51.515540+00:00
2018-09-25,230.0,232.0,224.0,224.0,3746,224.0,2026-09-03T19:33:51.515540+00:00
2018-09-26,228.0,228.0,224.0,225.0,5050,225.0,2026-09-03T19:33:51.515540+00:00
2018-09-27,221.0,227.0,221.0,224.0,2466,224.0,2026-09-03T19:33:51.515540+00:00
2018-09-30,228.0,228.0,219.0,219.0,21813,219.0,2026-09-03T19:33:51.515540+00:00
2018-10-01,216.0,225.0,216.0,220.0,12484,220.0,2026-09-03T19:33:51.515540+00:00
2018-10-02,182.0,182.0,173.0,173.0,3676,173.0,2026-09-03T19:33:51.515540+00:00
2018-10-03,171.0,171.0,168.0,168.0,1396,168.0,2026-09-03T19:33:51.515540+00:00
2018-10-04,165.0,170.0,165.0,170.0,2101,170.0,2026-09-03T19:33:51.515540+00:00
2018-10-08,167.0,170.0,167.0,170.0,250,170.0,2026-09-03T19:33:51.515540+00:00
2018-10-09,167.0,168.0,167.0,167.0,1218,167.0,2026-09-03T19:33:51.515540+00:00
2018-10-10,165.0,165.0,160.0,165.0,2790,165.0,2026-09-03T19:33:51.515540+00:00
2018-10-11,168.0,171.0,168.0,171.0,75,171.0,2026-09-03T19:33:51.515540+00:00
2018-10-14,172.0,173.0,170.0,173.0,995,173.0,2026-09-03T19:33:51.515540+00:00
2018-10-15,176.0,179.0,175.0,179.0,220,179.0,2026-09-03T19:33:51.515540+00:00
2018-10-21,179.0,179.0,178.0,178.0,896,178.0,2026-09-03T19:33:51.515540+00:00
2018-10-22,178.0,178.0,170.0,170.0,2727,170.0,2026-09-03T19:33:51.515540+00:00
2018-10-23,171.0,173.0,170.0,172.0,1659,172.0,2026-09-03T19:33:51.515540+00:00
2018-10-24,172.0,172.0,172.0,172.0,206,172.0,2026-09-03T19:33:51.515540+00:00
2018-10-25,172.0,175.0,172.0,172.0,1030,172.0,2026-09-03T19:33:51.515540+00:00
2018-10-28,170.0,173.0,168.0,173.0,3756,173.0,2026-09-03T19:33:51.515540+00:00
2018-10-29,170.0,170.0,168.0,170.0,1050,170.0,2026-09-03T19:33:51.515540+00:00
2018-10-30,170.0,173.0,170.0,171.0,1900,171.0,2026-09-03T19:33:51.515540+00:00
2018-10-31,169.0,169.0,169.0,169.0,900,169.0,2026-09-03T19:33:51.515540+00:00
2018-11-01,172.0,174.0,170.0,170.0,765,170.0,2026-09-03T19:33:51.515540+00:00
2018-11-04,167.0,167.0,167.0,167.0,152,167.0,2026-09-03T19:33:51.515540+00:00
2018-11-11,167.0,170.0,167.0,170.0,275,170.0,2026-09-03T19:33:51.515540+00:00
2018-11-13,167.0,170.0,167.0,170.0,650,170.0,2026-09-03T19:33:51.515540+00:00
2018-11-15,167.0,167.0,167.0,167.0,600,167.0,2026-09-03T19:33:51.515540+00:00
2018-11-19,165.0,167.0,164.0,165.0,1202,165.0,2026-09-03T19:33:51.515540+00:00
2018-11-20,164.0,165.0,164.0,165.0,110,165.0,2026-09-03T19:33:51.515540+00:00
2018-11-21,163.0,163.0,163.0,163.0,1000,163.0,2026-09-03T19:33:51.515540+00:00
2018-11-22,166.0,166.0,165.0,165.0,500,165.0,2026-09-03T19:33:51.515540+00:00
2018-11-25,165.0,165.0,165.0,165.0,631,165.0,2026-09-03T19:33:51.515540+00:00
2018-11-26,165.0,165.0,165.0,165.0,936,165.0,2026-09-03T19:33:51.515540+00:00
2018-11-27,166.0,166.0,166.0,166.0,100,166.0,2026-09-03T19:33:51.515540+00:00
2018-11-28,165.0,165.0,165.0,165.0,100,165.0,2026-09-03T19:33:51.515540+00:00
2018-11-29,165.0,167.0,164.0,165.0,1067,165.0,2026-09-03T19:33:51.515540+00:00
2018-12-02,167.0,167.0,165.0,165.0,2927,165.0,2026-09-03T19:33:51.515540+00:00
2018-12-03,165.0,166.0,165.0,166.0,676,166.0,2026-09-03T19:33:51.515540+00:00
2018-12-04,169.0,169.0,169.0,169.0,800,169.0,2026-09-03T19:33:51.515540+00:00
2018-12-05,169.0,169.0,166.0,166.0,900,166.0,2026-09-03T19:33:51.515540+00:00
2018-12-06,165.0,165.0,165.0,165.0,301,165.0,2026-09-03T19:33:51.515540+00:00
2018-12-09,166.0,170.0,166.0,170.0,800,170.0,2026-09-03T19:33:51.515540+00:00
2018-12-10,173.0,179.0,173.0,179.0,1040,179.0,2026-09-03T19:33:51.515540+00:00
2018-12-11,182.0,182.0,176.0,176.0,150,176.0,2026-09-03T19:33:51.515540+00:00
2018-12-13,173.0,173.0,173.0,173.0,500,173.0,2026-09-03T19:33:51.515540+00:00
2018-12-16,170.0,170.0,170.0,170.0,150,170.0,2026-09-03T19:33:51.515540+00:00
2018-12-17,169.0,170.0,169.0,170.0,1015,170.0,2026-09-03T19:33:51.515540+00:00
2018-12-18,168.0,168.0,167.0,167.0,550,167.0,2026-09-03T19:33:51.515540+00:00
2018-12-19,169.0,170.0,169.0,170.0,1100,170.0,2026-09-03T19:33:51.515540+00:00
2018-12-20,170.0,170.0,169.0,169.0,1100,169.0,2026-09-03T19:33:51.515540+00:00
2018-12-23,170.0,176.0,170.0,176.0,210,176.0,2026-09-03T19:33:51.515540+00:00
2018-12-24,177.0,177.0,173.0,173.0,1662,173.0,2026-09-03T19:33:51.515540+00:00
2018-12-26,176.0,179.0,176.0,179.0,1689,179.0,2026-09-03T19:33:51.515540+00:00
2018-12-27,182.0,182.0,176.0,176.0,750,176.0,2026-09-03T19:33:51.515540+00:00
2018-12-30,174.0,174.0,174.0,174.0,600,174.0,2026-09-03T19:33:51.515540+00:00
2018-12-31,173.0,173.0,172.0,172.0,600,172.0,2026-09-03T19:33:51.515540+00:00
2019-01-01,170.0,170.0,170.0,170.0,2250,170.0,2026-09-03T19:33:51.515540+00:00
2019-01-02,167.0,170.0,167.0,170.0,951,170.0,2026-09-03T19:33:51.515540+00:00
2019-01-03,170.0,173.0,169.0,173.0,4477,173.0,2026-09-03T19:33:51.515540+00:00
2019-01-07,170.0,170.0,170.0,170.0,1200,170.0,2026-09-03T19:33:51.515540+00:00
2019-01-08,173.0,173.0,170.0,170.0,107,170.0,2026-09-03T19:33:51.515540+00:00
2019-01-09,173.0,173.0,171.0,171.0,1257,171.0,2026-09-03T19:33:51.515540+00:00
2019-01-10,170.0,170.0,170.0,170.0,1500,170.0,2026-09-03T19:33:51.515540+00:00
2019-01-13,173.0,173.0,172.0,172.0,207,172.0,2026-09-03T19:33:51.515540+00:00
2019-01-17,175.0,175.0,169.0,170.0,5490,170.0,2026-09-03T19:33:51.515540+00:00
2019-01-20,168.0,168.0,168.0,168.0,10000,168.0,2026-09-03T19:33:51.515540+00:00
2019-01-22,169.0,169.0,169.0,169.0,10,169.0,2026-09-03T19:33:51.515540+00:00
2019-01-23,166.0,170.0,166.0,170.0,2367,170.0,2026-09-03T19:33:51.515540+00:00
2019-01-24,168.0,170.0,168.0,170.0,29,170.0,2026-09-03T19:33:51.515540+00:00
2019-01-27,167.0,170.0,167.0,170.0,312,170.0,2026-09-03T19:33:51.515540+00:00
2019-01-28,170.0,170.0,165.0,168.0,813,168.0,2026-09-03T19:33:51.515540+00:00
2019-01-29,170.0,171.0,169.0,169.0,560,169.0,2026-09-03T19:33:51.515540+00:00
2019-01-30,167.0,167.0,167.0,167.0,84,167.0,2026-09-03T19:33:51.515540+00:00
2019-01-31,167.0,168.0,167.0,168.0,184,168.0,2026-09-03T19:33:51.515540+00:00
2019-02-03,167.0,167.0,166.0,166.0,2041,166.0,2026-09-03T19:33:51.515540+00:00
2019-02-04,166.0,166.0,165.0,165.0,2000,165.0,2026-09-03T19:33:51.515540+00:00
2019-02-05,168.0,171.0,168.0,169.0,18192,169.0,2026-09-03T19:33:51.515540+00:00
2019-02-06,168.0,168.0,168.0,168.0,200,168.0,2026-09-03T19:33:51.515540+00:00
2019-02-10,168.0,168.0,163.0,163.0,216,163.0,2026-09-03T19:33:51.515540+00:00
2019-02-11,163.0,163.0,163.0,163.0,2270,163.0,2026-09-03T19:33:51.515540+00:00
2019-02-12,163.0,166.0,162.0,166.0,1818,166.0,2026-09-03T19:33:51.515540+00:00
2019-02-13,164.0,164.0,163.0,163.0,250,163.0,2026-09-03T19:33:51.515540+00:00
2019-02-14,164.0,164.0,164.0,164.0,20,164.0,2026-09-03T19:33:51.515540+00:00
2019-02-17,164.0,168.0,164.0,164.0,730,164.0,2026-09-03T19:33:51.515540+00:00
2019-02-18,161.0,163.0,161.0,163.0,93,163.0,2026-09-03T19:33:51.515540+00:00
2019-02-19,161.0,163.0,160.0,163.0,903,163.0,2026-09-03T19:33:51.515540+00:00
2019-02-20,163.0,163.0,161.0,161.0,143,161.0,2026-09-03T19:33:51.515540+00:00
2019-02-24,159.0,162.0,159.0,162.0,1395,162.0,2026-09-03T19:33:51.515540+00:00
2019-02-25,163.0,165.0,163.0,165.0,39,165.0,2026-09-03T19:33:51.515540+00:00
2019-02-26,162.0,163.0,162.0,162.0,633,162.0,2026-09-03T19:33:51.515540+00:00
2019-02-27,162.0,162.0,162.0,162.0,789,162.0,2026-09-03T19:33:51.515540+00:00
2019-03-03,162.0,162.0,160.0,160.0,1244,160.0,2026-09-03T19:33:51.515540+00:00
2019-03-05,160.0,160.0,160.0,160.0,54,160.0,2026-09-03T19:33:51.515540+00:00
2019-03-06,160.0,160.0,160.0,160.0,40,160.0,2026-09-03T19:33:51.515540+00:00
2019-03-07,160.0,163.0,160.0,162.0,6125,162.0,2026-09-03T19:33:51.515540+00:00
2019-03-11,163.0,164.0,163.0,164.0,2881,164.0,2026-09-03T19:33:51.515540+00:00
2019-03-12,164.0,165.0,164.0,165.0,1624,165.0,2026-09-03T19:33:51.515540+00:00
2019-03-13,164.0,165.0,164.0,165.0,765,165.0,2026-09-03T19:33:51.515540+00:00
2019-03-14,164.0,164.0,161.0,161.0,329,161.0,2026-09-03T19:33:51.515540+00:00
2019-03-17,164.0,173.0,163.0,172.0,3166,172.0,2026-09-03T19:33:51.515540+00:00
2019-03-18,170.0,172.0,169.0,169.0,686,169.0,2026-09-03T19:33:51.515540+00:00
2019-03-19,172.0,175.0,169.0,169.0,145,169.0,2026-09-03T19:33:51.515540+00:00
2019-03-21,172.0,177.0,166.0,169.0,510,169.0,2026-09-03T19:33:51.515540+00:00
2019-03-24,172.0,172.0,163.0,166.0,5790,166.0,2026-09-03T19:33:51.515540+00:00
2019-03-25,169.0,169.0,166.0,166.0,140,166.0,2026-09-03T19:33:51.515540+00:00
2019-03-26,168.0,168.0,168.0,168.0,100,168.0,2026-09-03T19:33:51.515540+00:00
2019-03-27,165.0,168.0,164.0,164.0,344,164.0,2026-09-03T19:33:51.515540+00:00
2019-03-28,167.0,167.0,164.0,164.0,36,164.0,2026-09-03T19:33:51.515540+00:00
2019-03-31,164.0,164.0,164.0,164.0,50,164.0,2026-09-03T19:33:51.515540+00:00
2019-04-01,164.0,164.0,164.0,164.0,167,164.0,2026-09-03T19:33:51.515540+00:00
2019-04-02,163.0,171.0,162.0,171.0,957,171.0,2026-09-03T19:33:51.515540+00:00
2019-04-03,173.0,173.0,168.0,168.0,693,168.0,2026-09-03T19:33:51.515540+00:00
2019-04-04,165.0,174.0,165.0,174.0,770,174.0,2026-09-03T19:33:51.515540+00:00
2019-04-07,171.0,177.0,171.0,177.0,248,177.0,2026-09-03T19:33:51.515540+00:00
2019-04-08,175.0,178.0,175.0,176.0,443,176.0,2026-09-03T19:33:51.515540+00:00
2019-04-09,173.0,173.0,173.0,173.0,10,173.0,2026-09-03T19:33:51.515540+00:00
2019-04-11,173.0,173.0,165.0,165.0,823,165.0,2026-09-03T19:33:51.515540+00:00
2019-04-15,165.0,168.0,165.0,168.0,1317,168.0,2026-09-03T19:33:51.515540+00:00
2019-04-16,170.0,176.0,170.0,176.0,161,176.0,2026-09-03T19:33:51.515540+00:00
2019-04-17,179.0,180.0,179.0,180.0,110,180.0,2026-09-03T19:33:51.515540+00:00
2019-04-18,180.0,180.0,177.0,177.0,1225,177.0,2026-09-03T19:33:51.515540+00:00
2019-04-21,180.0,180.0,177.0,178.0,228,178.0,2026-09-03T19:33:51.515540+00:00
2019-04-23,181.0,181.0,178.0,178.0,210,178.0,2026-09-03T19:33:51.515540+00:00
2019-04-24,175.0,175.0,170.0,170.0,1160,170.0,2026-09-03T19:33:51.515540+00:00
2019-04-25,171.0,174.0,167.0,174.0,1918,174.0,2026-09-03T19:33:51.515540+00:00
2019-04-28,177.0,180.0,175.0,175.0,2796,175.0,2026-09-03T19:33:51.515540+00:00
2019-04-30,176.0,176.0,175.0,175.0,267,175.0,2026-09-03T19:33:51.515540+00:00
2019-05-05,172.0,172.0,172.0,172.0,255,172.0,2026-09-03T19:33:51.515540+00:00
2019-05-06,172.0,172.0,172.0,172.0,758,172.0,2026-09-03T19:33:51.515540+00:00
2019-05-07,169.0,172.0,169.0,169.0,252,169.0,2026-09-03T19:33:51.515540+00:00
2019-05-08,168.0,168.0,167.0,167.0,787,167.0,2026-09-03T19:33:51.515540+00:00
2019-05-09,170.0,179.0,170.0,179.0,1968,179.0,2026-09-03T19:33:51.515540+00:00
2019-05-12,176.0,176.0,173.0,173.0,190,173.0,2026-09-03T19:33:51.515540+00:00
2019-05-13,170.0,173.0,168.0,173.0,2427,173.0,2026-09-03T19:33:51.515540+00:00
2019-05-14,175.0,175.0,171.0,171.0,3122,171.0,2026-09-03T19:33:51.515540+00:00
2019-05-15,174.0,181.0,174.0,175.0,2054,175.0,2026-09-03T19:33:51.515540+00:00
2019-05-16,175.0,175.0,175.0,175.0,43,175.0,2026-09-03T19:33:51.515540+00:00
2019-05-19,172.0,172.0,170.0,170.0,985,170.0,2026-09-03T19:33:51.515540+00:00
2019-05-20,172.0,173.0,171.0,173.0,4302,173.0,2026-09-03T19:33:51.515540+00:00
2019-05-21,171.0,176.0,171.0,176.0,41,176.0,2026-09-03T19:33:51.515540+00:00
2019-05-22,179.0,187.0,176.0,184.0,3757,184.0,2026-09-03T19:33:51.515540+00:00
2019-05-23,181.0,182.0,178.0,178.0,4013,178.0,2026-09-03T19:33:51.515540+00:00
2019-05-26,180.0,181.0,178.0,178.0,2243,178.0,2026-09-03T19:33:51.515540+00:00
2019-05-27,181.0,181.0,178.0,180.0,63,180.0,2026-09-03T19:33:51.515540+00:00
2019-05-29,178.0,178.0,178.0,178.0,127,178.0,2026-09-03T19:33:51.515540+00:00
2019-05-30,180.0,182.0,180.0,180.0,982,180.0,2026-09-03T19:33:51.515540+00:00
2019-06-02,178.0,181.0,178.0,181.0,975,181.0,2026-09-03T19:33:51.515540+00:00
2019-06-03,178.0,178.0,176.0,176.0,910,176.0,2026-09-03T19:33:51.515540+00:00
2019-06-04,175.0,178.0,175.0,178.0,2095,178.0,2026-09-03T19:33:51.515540+00:00
2019-06-06,175.0,181.0,175.0,181.0,2270,181.0,2026-09-03T19:33:51.515540+00:00
2019-06-10,178.0,180.0,178.0,180.0,796,180.0,2026-09-03T19:33:51.515540+00:00
2019-06-11,177.0,181.0,177.0,180.0,660,180.0,2026-09-03T19:33:51.515540+00:00
2019-06-12,180.0,180.0,178.0,178.0,964,178.0,2026-09-03T19:33:51.515540+00:00
2019-06-16,176.0,176.0,175.0,175.0,1734,175.0,2026-09-03T19:33:51.515540+00:00
2019-06-17,177.0,177.0,177.0,177.0,200,177.0,2026-09-03T19:33:51.515540+00:00
2019-06-18,174.0,178.0,174.0,178.0,1780,178.0,2026-09-03T19:33:51.515540+00:00
2019-06-19,176.0,180.0,176.0,180.0,643,180.0,2026-09-03T19:33:51.515540+00:00
2019-06-20,181.0,181.0,180.0,180.0,960,180.0,2026-09-03T19:33:51.515540+00:00
2019-06-23,179.0,179.0,178.0,179.0,1389,179.0,2026-09-03T19:33:51.515540+00:00
2019-06-24,178.0,179.0,178.0,179.0,829,179.0,2026-09-03T19:33:51.515540+00:00
2019-06-25,178.0,178.0,175.0,175.0,1249,175.0,2026-09-03T19:33:51.515540+00:00
2019-06-26,173.0,176.0,173.0,176.0,210,176.0,2026-09-03T19:33:51.515540+00:00
2019-06-27,175.0,175.0,174.0,175.0,718,175.0,2026-09-03T19:33:51.515540+00:00
2019-06-30,174.0,174.0,174.0,174.0,174,174.0,2026-09-03T19:33:51.515540+00:00
2019-07-02,175.0,176.0,175.0,176.0,861,176.0,2026-09-03T19:33:51.515540+00:00
2019-07-03,176.0,179.0,176.0,179.0,1706,179.0,2026-09-03T19:33:51.515540+00:00
2019-07-04,177.0,177.0,177.0,177.0,100,177.0,2026-09-03T19:33:51.515540+00:00
2019-07-07,174.0,176.0,174.0,176.0,1366,176.0,2026-09-03T19:33:51.515540+00:00
2019-07-08,175.0,179.0,175.0,179.0,333,179.0,2026-09-03T19:33:51.515540+00:00
2019-07-09,179.0,179.0,178.0,178.0,495,178.0,2026-09-03T19:33:51.515540+00:00
2019-07-10,177.0,178.0,176.0,178.0,970,178.0,2026-09-03T19:33:51.515540+00:00
2019-07-11,180.0,180.0,180.0,180.0,693,180.0,2026-09-03T19:33:51.515540+00:00
2019-07-15,180.0,180.0,180.0,180.0,50,180.0,2026-09-03T19:33:51.515540+00:00
2019-07-16,180.0,180.0,180.0,180.0,100,180.0,2026-09-03T19:33:51.515540+00:00
2019-07-17,180.0,183.0,180.0,183.0,1300,183.0,2026-09-03T19:33:51.515540+00:00
2019-07-18,186.0,189.0,186.0,188.0,2179,188.0,2026-09-03T19:33:51.515540+00:00
2019-07-21,188.0,188.0,185.0,185.0,373,185.0,2026-09-03T19:33:51.515540+00:00
2019-07-22,182.0,183.0,182.0,183.0,407,183.0,2026-09-03T19:33:51.515540+00:00
2019-07-23,182.0,182.0,182.0,182.0,35,182.0,2026-09-03T19:33:51.515540+00:00
2019-07-24,185.0,186.0,183.0,186.0,3452,186.0,2026-09-03T19:33:51.515540+00:00
2019-07-25,185.0,188.0,185.0,186.0,1090,186.0,2026-09-03T19:33:51.515540+00:00
2019-07-28,184.0,184.0,179.0,179.0,282,179.0,2026-09-03T19:33:51.515540+00:00
2019-07-29,181.0,187.0,181.0,184.0,1017,184.0,2026-09-03T19:33:51.515540+00:00
2019-07-30,187.0,190.0,187.0,189.0,2691,189.0,2026-09-03T19:33:51.515540+00:00
2019-07-31,192.0,198.0,192.0,192.0,1699,192.0,2026-09-03T19:33:51.515540+00:00
2019-08-01,190.0,190.0,189.0,189.0,260,189.0,2026-09-03T19:33:51.515540+00:00
2019-08-04,187.0,192.0,187.0,192.0,1482,192.0,2026-09-03T19:33:51.515540+00:00
2019-08-05,189.0,189.0,184.0,184.0,1328,184.0,2026-09-03T19:33:51.515540+00:00
2019-08-06,184.0,184.0,182.0,182.0,1250,182.0,2026-09-03T19:33:51.515540+00:00
2019-08-07,185.0,191.0,185.0,191.0,1577,191.0,2026-09-03T19:33:51.515540+00:00
2019-08-08,194.0,197.0,190.0,190.0,270,190.0,2026-09-03T19:33:51.515540+00:00
2019-08-11,187.0,190.0,187.0,190.0,41,190.0,2026-09-03T19:33:51.515540+00:00
2019-08-12,193.0,193.0,190.0,190.0,100,190.0,2026-09-03T19:33:51.515540+00:00
2019-08-13,193.0,193.0,187.0,187.0,1117,187.0,2026-09-03T19:33:51.515540+00:00
2019-08-14,190.0,190.0,189.0,190.0,985,190.0,2026-09-03T19:33:51.515540+00:00
2019-08-15,192.0,192.0,192.0,192.0,10,192.0,2026-09-03T19:33:51.515540+00:00
2019-08-18,192.0,196.0,190.0,190.0,981,190.0,2026-09-03T19:33:51.515540+00:00
2019-08-19,191.0,196.0,190.0,190.0,1046,190.0,2026-09-03T19:33:51.515540+00:00
2019-08-20,190.0,190.0,187.0,187.0,2200,187.0,2026-09-03T19:33:51.515540+00:00
2019-08-21,184.0,195.0,184.0,195.0,6374,195.0,2026-09-03T19:33:51.515540+00:00
2019-08-22,193.0,193.0,190.0,190.0,750,190.0,2026-09-03T19:33:51.515540+00:00
2019-08-25,190.0,190.0,190.0,190.0,677,190.0,2026-09-03T19:33:51.515540+00:00
2019-08-26,187.0,190.0,184.0,190.0,1390,190.0,2026-09-03T19:33:51.515540+00:00
2019-08-27,187.0,190.0,186.0,186.0,11100,186.0,2026-09-03T19:33:51.515540+00:00
2019-08-28,189.0,189.0,189.0,189.0,122,189.0,2026-09-03T19:33:51.515540+00:00
2019-08-29,192.0,195.0,190.0,193.0,5743,193.0,2026-09-03T19:33:51.515540+00:00
2019-09-01,191.0,191.0,187.0,187.0,1078,187.0,2026-09-03T19:33:51.515540+00:00
2019-09-02,190.0,190.0,186.0,186.0,2740,186.0,2026-09-03T19:33:51.515540+00:00
2019-09-03,187.0,189.0,187.0,189.0,511,189.0,2026-09-03T19:33:51.515540+00:00
2019-09-04,191.0,193.0,190.0,190.0,300,190.0,2026-09-03T19:33:51.515540+00:00
2019-09-05,191.0,191.0,189.0,190.0,2950,190.0,2026-09-03T19:33:51.515540+00:00
2019-09-08,193.0,207.0,193.0,200.0,24852,200.0,2026-09-03T19:33:51.515540+00:00
2019-09-09,200.0,202.0,197.0,200.0,14108,200.0,2026-09-03T19:33:51.515540+00:00
2019-09-10,199.0,201.0,197.0,200.0,16870,200.0,2026-09-03T19:33:51.515540+00:00
2019-09-11,200.0,200.0,197.0,198.0,5370,198.0,2026-09-03T19:33:51.515540+00:00
2019-09-12,199.0,199.0,197.0,197.0,4360,197.0,2026-09-03T19:33:51.515540+00:00
2019-09-15,196.0,197.0,195.0,195.0,913,195.0,2026-09-03T19:33:51.515540+00:00
2019-09-16,198.0,198.0,190.0,192.0,6205,192.0,2026-09-03T19:33:51.515540+00:00
2019-09-17,195.0,199.0,195.0,199.0,2720,199.0,2026-09-03T19:33:51.515540+00:00
2019-09-18,202.0,202.0,195.0,197.0,3217,197.0,2026-09-03T19:33:51.515540+00:00
2019-09-19,199.0,199.0,194.0,194.0,750,194.0,2026-09-03T19:33:51.515540+00:00
2019-09-22,196.0,199.0,193.0,198.0,470,198.0,2026-09-03T19:33:51.515540+00:00
2019-09-23,198.0,200.0,195.0,198.0,200,198.0,2026-09-03T19:33:51.515540+00:00
2019-09-24,195.0,195.0,192.0,194.0,2965,194.0,2026-09-03T19:33:51.515540+00:00
2019-09-25,193.0,195.0,192.0,195.0,2124,195.0,2026-09-03T19:33:51.515540+00:00
2019-09-26,194.0,197.0,194.0,195.0,744,195.0,2026-09-03T19:33:51.515540+00:00
2019-09-29,193.0,194.0,193.0,194.0,340,194.0,2026-09-03T19:33:51.515540+00:00
2019-09-30,195.0,198.0,195.0,197.0,125,197.0,2026-09-03T19:33:51.515540+00:00
2019-10-01,199.0,199.0,196.0,196.0,1680,196.0,2026-09-03T19:33:51.515540+00:00
2019-10-02,195.0,195.0,193.0,195.0,3910,195.0,2026-09-03T19:33:51.515540+00:00
2019-10-03,195.0,197.0,195.0,196.0,2210,196.0,2026-09-03T19:33:51.515540+00:00
2019-10-10,196.0,196.0,196.0,196.0,250,196.0,2026-09-03T19:33:51.515540+00:00
2019-10-14,196.0,196.0,193.0,193.0,3995,193.0,2026-09-03T19:33:51.515540+00:00
2019-10-15,195.0,196.0,195.0,196.0,1151,196.0,2026-09-03T19:33:51.515540+00:00
2019-10-16,197.0,197.0,195.0,195.0,1694,195.0,2026-09-03T19:33:51.515540+00:00
2019-10-17,198.0,198.0,196.0,196.0,220,196.0,2026-09-03T19:33:51.515540+00:00
2019-10-22,198.0,198.0,194.0,194.0,2649,194.0,2026-09-03T19:33:51.515540+00:00
2019-10-23,196.0,196.0,192.0,193.0,5458,193.0,2026-09-03T19:33:51.515540+00:00
2019-10-24,192.0,195.0,192.0,193.0,3210,193.0,2026-09-03T19:33:51.515540+00:00
2019-10-31,194.0,194.0,193.0,194.0,2000,194.0,2026-09-03T19:33:51.515540+00:00
2019-11-03,193.0,193.0,192.0,192.0,1010,192.0,2026-09-03T19:33:51.515540+00:00
2019-11-04,193.0,193.0,192.0,193.0,1530,193.0,2026-09-03T19:33:51.515540+00:00
2019-11-05,195.0,195.0,193.0,195.0,1254,195.0,2026-09-03T19:33:51.515540+00:00
2019-11-06,195.0,195.0,192.0,192.0,3551,192.0,2026-09-03T19:33:51.515540+00:00
2019-11-07,191.0,192.0,191.0,192.0,978,192.0,2026-09-03T19:33:51.515540+00:00
2019-11-10,192.0,195.0,192.0,195.0,2332,195.0,2026-09-03T19:33:51.515540+00:00
2019-11-11,197.0,197.0,195.0,195.0,87,195.0,2026-09-03T19:33:51.515540+00:00
2019-11-12,196.0,196.0,192.0,192.0,1300,192.0,2026-09-03T19:33:51.515540+00:00
2019-11-13,195.0,195.0,193.0,194.0,2198,194.0,2026-09-03T19:33:51.515540+00:00
2019-11-14,195.0,195.0,193.0,193.0,178,193.0,2026-09-03T19:33:51.515540+00:00
2019-11-17,195.0,195.0,195.0,195.0,210,195.0,2026-09-03T19:33:51.515540+00:00
2019-11-18,196.0,196.0,192.0,192.0,3210,192.0,2026-09-03T19:33:51.515540+00:00
2019-11-19,192.0,192.0,191.0,192.0,1814,192.0,2026-09-03T19:33:51.515540+00:00
2019-11-20,195.0,195.0,193.0,194.0,40,194.0,2026-09-03T19:33:51.515540+00:00
2019-11-21,196.0,196.0,192.0,192.0,330,192.0,2026-09-03T19:33:51.515540+00:00
2019-11-24,190.0,190.0,189.0,190.0,3200,190.0,2026-09-03T19:33:51.515540+00:00
2019-11-25,187.0,192.0,187.0,192.0,1011,192.0,2026-09-03T19:33:51.515540+00:00
2019-11-26,194.0,194.0,188.0,188.0,1812,188.0,2026-09-03T19:33:51.515540+00:00
2019-11-27,190.0,191.0,190.0,190.0,3995,190.0,2026-09-03T19:33:51.515540+00:00
2019-11-28,193.0,193.0,190.0,190.0,1211,190.0,2026-09-03T19:33:51.515540+00:00
2019-12-01,191.0,191.0,191.0,191.0,874,191.0,2026-09-03T19:33:51.515540+00:00
2019-12-02,192.0,193.0,190.0,191.0,1140,191.0,2026-09-03T19:33:51.515540+00:00
2019-12-03,191.0,192.0,191.0,192.0,636,192.0,2026-09-03T19:33:51.515540+00:00
2019-12-04,192.0,193.0,192.0,193.0,1588,193.0,2026-09-03T19:33:51.515540+00:00
2019-12-05,192.0,193.0,191.0,191.0,1280,191.0,2026-09-03T19:33:51.515540+00:00
2019-12-08,190.0,190.0,188.0,188.0,405,188.0,2026-09-03T19:33:51.515540+00:00
2019-12-09,188.0,194.0,188.0,194.0,820,194.0,2026-09-03T19:33:51.515540+00:00
2019-12-10,193.0,193.0,192.0,192.0,1173,192.0,2026-09-03T19:33:51.515540+00:00
2019-12-11,193.0,202.0,192.0,198.0,10888,198.0,2026-09-03T19:33:51.515540+00:00
2019-12-12,201.0,201.0,194.0,196.0,4438,196.0,2026-09-03T19:33:51.515540+00:00
2019-12-15,194.0,197.0,191.0,191.0,2480,191.0,2026-09-03T19:33:51.515540+00:00
2019-12-16,194.0,194.0,191.0,191.0,3620,191.0,2026-09-03T19:33:51.515540+00:00
2019-12-17,193.0,194.0,191.0,191.0,3499,191.0,2026-09-03T19:33:51.515540+00:00
2019-12-18,191.0,194.0,189.0,192.0,2830,192.0,2026-09-03T19:33:51.515540+00:00
2019-12-19,195.0,200.0,195.0,198.0,8728,198.0,2026-09-03T19:33:51.515540+00:00
2019-12-22,199.0,200.0,198.0,198.0,2097,198.0,2026-09-03T19:33:51.515540+00:00
2019-12-23,201.0,201.0,197.0,200.0,2250,200.0,2026-09-03T19:33:51.515540+00:00
2019-12-24,204.0,204.0,196.0,196.0,7780,196.0,2026-09-03T19:33:51.515540+00:00
2019-12-25,199.0,199.0,196.0,196.0,1690,196.0,2026-09-03T19:33:51.515540+00:00
2019-12-26,199.0,199.0,197.0,197.0,3230,197.0,2026-09-03T19:33:51.515540+00:00
2019-12-29,199.0,200.0,197.0,199.0,9395,199.0,2026-09-03T19:33:51.515540+00:00
2019-12-30,160.0,162.0,157.0,162.0,1241,162.0,2026-09-03T19:33:51.515540+00:00
2019-12-31,165.0,165.0,162.0,162.0,275,162.0,2026-09-03T19:33:51.515540+00:00
2020-01-01,163.0,163.0,162.0,162.0,560,162.0,2026-09-03T19:33:51.515540+00:00
2020-01-02,162.0,162.0,160.0,162.0,850,162.0,2026-09-03T19:33:51.515540+00:00
2020-01-05,164.0,165.0,162.0,162.0,1128,162.0,2026-09-03T19:33:51.515540+00:00
2020-01-06,162.0,162.0,161.0,161.0,964,161.0,2026-09-03T19:33:51.515540+00:00
2020-01-07,159.0,163.0,159.0,163.0,1709,163.0,2026-09-03T19:33:51.515540+00:00
2020-01-08,166.0,166.0,161.0,161.0,1068,161.0,2026-09-03T19:33:51.515540+00:00
2020-01-09,158.0,163.0,158.0,163.0,433,163.0,2026-09-03T19:33:51.515540+00:00
2020-01-12,163.0,168.0,163.0,168.0,2725,168.0,2026-09-03T19:33:51.515540+00:00
2020-01-13,170.0,173.0,170.0,173.0,1380,173.0,2026-09-03T19:33:51.515540+00:00
2020-01-14,175.0,175.0,170.0,170.0,1640,170.0,2026-09-03T19:33:51.515540+00:00
2020-01-15,170.0,177.0,170.0,173.0,2169,173.0,2026-09-03T19:33:51.515540+00:00
2020-01-16,176.0,180.0,175.0,180.0,3340,180.0,2026-09-03T19:33:51.515540+00:00
2020-01-19,180.0,198.0,180.0,198.0,13652,198.0,2026-09-03T19:33:51.515540+00:00
2020-01-20,201.0,201.0,185.0,185.0,2650,185.0,2026-09-03T19:33:51.515540+00:00
2020-01-21,182.0,189.0,182.0,189.0,2213,189.0,2026-09-03T19:33:51.515540+00:00
2020-01-22,187.0,187.0,183.0,184.0,1596,184.0,2026-09-03T19:33:51.515540+00:00
2020-01-23,187.0,187.0,180.0,187.0,6382,187.0,2026-09-03T19:33:51.515540+00:00
2020-01-26,190.0,190.0,169.0,171.0,3038,171.0,2026-09-03T19:33:51.515540+00:00
2020-01-27,174.0,180.0,174.0,180.0,2262,180.0,2026-09-03T19:33:51.515540+00:00
2020-01-28,183.0,185.0,179.0,183.0,2330,183.0,2026-09-03T19:33:51.515540+00:00
2020-01-29,186.0,189.0,184.0,184.0,1907,184.0,2026-09-03T19:33:51.515540+00:00
2020-01-30,184.0,190.0,184.0,190.0,1508,190.0,2026-09-03T19:33:51.515540+00:00
2020-02-02,192.0,192.0,189.0,190.0,1530,190.0,2026-09-03T19:33:51.515540+00:00
2020-02-03,190.0,190.0,184.0,190.0,1391,190.0,2026-09-03T19:33:51.515540+00:00
2020-02-04,187.0,187.0,184.0,184.0,358,184.0,2026-09-03T19:33:51.515540+00:00
2020-02-05,187.0,187.0,179.0,187.0,4650,187.0,2026-09-03T19:33:51.515540+00:00
2020-02-06,185.0,185.0,181.0,181.0,2600,181.0,2026-09-03T19:33:51.515540+00:00
2020-02-09,183.0,183.0,178.0,178.0,120,178.0,2026-09-03T19:33:51.515540+00:00
2020-02-10,181.0,181.0,176.0,176.0,2860,176.0,2026-09-03T19:33:51.515540+00:00
2020-02-11,179.0,183.0,179.0,183.0,1562,183.0,2026-09-03T19:33:51.515540+00:00
2020-02-12,180.0,180.0,177.0,178.0,3431,178.0,2026-09-03T19:33:51.515540+00:00
2020-02-13,178.0,180.0,178.0,179.0,864,179.0,2026-09-03T19:33:51.515540+00:00
2020-02-16,176.0,179.0,170.0,170.0,9600,170.0,2026-09-03T19:33:51.515540+00:00
2020-02-17,173.0,182.0,173.0,177.0,3276,177.0,2026-09-03T19:33:51.515540+00:00
2020-02-18,177.0,183.0,177.0,178.0,3294,178.0,2026-09-03T19:33:51.515540+00:00
2020-02-19,181.0,181.0,176.0,176.0,800,176.0,2026-09-03T19:33:51.515540+00:00
2020-02-20,178.0,178.0,175.0,178.0,6349,178.0,2026-09-03T19:33:51.515540+00:00
2020-02-23,180.0,190.0,178.0,189.0,7446,189.0,2026-09-03T19:33:51.515540+00:00
2020-02-24,192.0,201.0,186.0,189.0,7032,189.0,2026-09-03T19:33:51.515540+00:00
2020-02-25,186.0,189.0,185.0,189.0,1064,189.0,2026-09-03T19:33:51.515540+00:00
2020-02-26,192.0,195.0,188.0,189.0,4580,189.0,2026-09-03T19:33:51.515540+00:00
2020-02-27,189.0,193.0,189.0,189.0,5844,189.0,2026-09-03T19:33:51.515540+00:00
2020-03-01,186.0,191.0,186.0,190.0,5715,190.0,2026-09-03T19:33:51.515540+00:00
2020-03-02,187.0,187.0,181.0,181.0,4250,181.0,2026-09-03T19:33:51.515540+00:00
2020-03-03,178.0,181.0,177.0,177.0,3231,177.0,2026-09-03T19:33:51.515540+00:00
2020-03-04,177.0,180.0,176.0,176.0,1620,176.0,2026-09-03T19:33:51.515540+00:00
2020-03-05,175.0,178.0,174.0,175.0,2729,175.0,2026-09-03T19:33:51.515540+00:00
2020-03-10,174.0,174.0,172.0,172.0,887,172.0,2026-09-03T19:33:51.515540+00:00
2020-03-11,171.0,183.0,168.0,180.0,4888,180.0,2026-09-03T19:33:51.515540+00:00
2020-03-12,179.0,179.0,172.0,172.0,6195,172.0,2026-09-03T19:33:51.515540+00:00
2020-03-15,172.0,172.0,168.0,168.0,5474,168.0,2026-09-03T19:33:51.515540+00:00
2020-03-16,170.0,173.0,167.0,170.0,380,170.0,2026-09-03T19:33:51.515540+00:00
2020-03-17,173.0,173.0,167.0,169.0,1827,169.0,2026-09-03T19:33:51.515540+00:00
2020-03-18,169.0,170.0,163.0,169.0,2686,169.0,2026-09-03T19:33:51.515540+00:00
2020-03-19,166.0,167.0,164.0,166.0,3879,166.0,2026-09-03T19:33:51.515540+00:00
2020-06-29,165.0,165.0,165.0,165.0,10,165.0,2026-09-03T19:33:51.515540+00:00
2020-07-02,165.0,165.0,162.0,162.0,110,162.0,2026-09-03T19:33:51.515540+00:00
2020-07-05,165.0,165.0,154.0,157.0,2234,157.0,2026-09-03T19:33:51.515540+00:00
2020-07-06,158.0,159.0,154.0,156.0,4363,156.0,2026-09-03T19:33:51.515540+00:00
2020-07-07,153.0,159.0,153.0,157.0,5882,157.0,2026-09-03T19:33:51.515540+00:00
2020-07-08,155.0,156.0,154.0,154.0,4656,154.0,2026-09-03T19:33:51.515540+00:00
2020-07-09,155.0,156.0,154.0,154.0,4607,154.0,2026-09-03T19:33:51.515540+00:00
2020-07-12,156.0,159.0,154.0,156.0,2359,156.0,2026-09-03T19:33:51.515540+00:00
2020-07-13,155.0,160.0,155.0,157.0,1208,157.0,2026-09-03T19:33:51.515540+00:00
2020-07-14,159.0,163.0,159.0,162.0,2697,162.0,2026-09-03T19:33:51.515540+00:00
2020-07-15,162.0,162.0,161.0,162.0,1100,162.0,2026-09-03T19:33:51.515540+00:00
2020-07-16,163.0,170.0,161.0,170.0,4950,170.0,2026-09-03T19:33:51.515540+00:00
2020-07-20,173.0,178.0,173.0,175.0,3518,175.0,2026-09-03T19:33:51.515540+00:00
2020-07-21,174.0,174.0,171.0,171.0,1150,171.0,2026-09-03T19:33:51.515540+00:00
2020-07-22,168.0,168.0,165.0,167.0,1502,167.0,2026-09-03T19:33:51.515540+00:00
2020-07-23,170.0,170.0,164.0,165.0,508,165.0,2026-09-03T19:33:51.515540+00:00
2020-07-26,164.0,172.0,164.0,170.0,3081,170.0,2026-09-03T19:33:51.515540+00:00
2020-07-27,170.0,172.0,170.0,170.0,816,170.0,2026-09-03T19:33:51.515540+00:00
2020-07-28,170.0,171.0,167.0,170.0,968,170.0,2026-09-03T19:33:51.515540+00:00
2020-07-29,169.0,170.0,166.0,166.0,277,166.0,2026-09-03T19:33:51.515540+00:00
2020-07-30,166.0,168.0,165.0,168.0,1165,168.0,2026-09-03T19:33:51.515540+00:00
2020-08-02,166.0,168.0,165.0,165.0,1706,165.0,2026-09-03T19:33:51.515540+00:00
2020-08-03,163.0,167.0,162.0,167.0,1860,167.0,2026-09-03T19:33:51.515540+00:00
2020-08-05,169.0,169.0,164.0,165.0,2224,165.0,2026-09-03T19:33:51.515540+00:00
2020-08-06,164.0,164.0,163.0,164.0,1153,164.0,2026-09-03T19:33:51.515540+00:00
2020-08-09,165.0,167.0,165.0,166.0,3954,166.0,2026-09-03T19:33:51.515540+00:00
2020-08-10,169.0,169.0,160.0,162.0,9089,162.0,2026-09-03T19:33:51.515540+00:00
2020-08-11,164.0,165.0,163.0,163.0,3077,163.0,2026-09-03T19:33:51.515540+00:00
2020-08-12,163.0,164.0,160.0,164.0,3858,164.0,2026-09-03T19:33:51.515540+00:00
2020-08-13,165.0,167.0,162.0,162.0,2724,162.0,2026-09-03T19:33:51.515540+00:00
2020-08-16,160.0,162.0,159.0,162.0,3375,162.0,2026-09-03T19:33:51.515540+00:00
2020-08-17,161.0,161.0,160.0,161.0,1231,161.0,2026-09-03T19:33:51.515540+00:00
2020-08-18,163.0,164.0,160.0,160.0,3077,160.0,2026-09-03T19:33:51.515540+00:00
2020-08-19,160.0,163.0,159.0,160.0,4439,160.0,2026-09-03T19:33:51.515540+00:00
2020-08-20,160.0,160.0,160.0,160.0,400,160.0,2026-09-03T19:33:51.515540+00:00
2020-08-23,162.0,163.0,160.0,163.0,802,163.0,2026-09-03T19:33:51.515540+00:00
2020-08-24,160.0,165.0,160.0,165.0,1139,165.0,2026-09-03T19:33:51.515540+00:00
2020-08-25,166.0,166.0,163.0,164.0,934,164.0,2026-09-03T19:33:51.515540+00:00
2020-08-26,167.0,167.0,161.0,167.0,4774,167.0,2026-09-03T19:33:51.515540+00:00
2020-08-27,170.0,170.0,164.0,164.0,1776,164.0,2026-09-03T19:33:51.515540+00:00
2020-08-30,162.0,166.0,161.0,163.0,1291,163.0,2026-09-03T19:33:51.515540+00:00
2020-08-31,166.0,166.0,163.0,163.0,2338,163.0,2026-09-03T19:33:51.515540+00:00
2020-09-02,166.0,170.0,165.0,167.0,6777,167.0,2026-09-03T19:33:51.515540+00:00
2020-09-03,167.0,170.0,167.0,168.0,3774,168.0,2026-09-03T19:33:51.515540+00:00
2020-09-06,170.0,177.0,168.0,170.0,9232,170.0,2026-09-03T19:33:51.515540+00:00
2020-09-07,167.0,168.0,166.0,166.0,1775,166.0,2026-09-03T19:33:51.515540+00:00
2020-09-08,166.0,170.0,166.0,170.0,6854,170.0,2026-09-03T19:33:51.515540+00:00
2020-09-09,169.0,169.0,167.0,167.0,3524,167.0,2026-09-03T19:33:51.515540+00:00
2020-09-10,169.0,175.0,167.0,172.0,7523,172.0,2026-09-03T19:33:51.515540+00:00
2020-09-13,173.0,178.0,169.0,171.0,10660,171.0,2026-09-03T19:33:51.515540+00:00
2020-09-14,172.0,173.0,170.0,173.0,4557,173.0,2026-09-03T19:33:51.515540+00:00
2020-09-15,174.0,174.0,171.0,173.0,2549,173.0,2026-09-03T19:33:51.515540+00:00
2020-09-16,172.0,179.0,172.0,178.0,6892,178.0,2026-09-03T19:33:51.515540+00:00
2020-09-17,180.0,192.0,179.0,190.0,32773,190.0,2026-09-03T19:33:51.515540+00:00
2020-09-20,199.0,204.0,195.0,195.0,28564,195.0,2026-09-03T19:33:51.515540+00:00
2020-09-21,195.0,200.0,187.0,188.0,26338,188.0,2026-09-03T19:33:51.515540+00:00
2020-09-22,190.0,193.0,184.0,184.0,28564,184.0,2026-09-03T19:33:51.515540+00:00
2020-09-23,186.0,192.0,184.0,188.0,18855,188.0,2026-09-03T19:33:51.515540+00:00
2020-09-24,186.0,192.0,186.0,190.0,8573,190.0,2026-09-03T19:33:51.515540+00:00
2020-09-27,193.0,203.0,193.0,200.0,35809,200.0,2026-09-03T19:33:51.515540+00:00
2020-09-28,208.0,208.0,200.0,200.0,28908,200.0,2026-09-03T19:33:51.515540+00:00
2020-09-29,200.0,204.0,200.0,202.0,17261,202.0,2026-09-03T19:33:51.515540+00:00
2020-09-30,204.0,204.0,199.0,200.0,16532,200.0,2026-09-03T19:33:51.515540+00:00
2020-10-01,200.0,203.0,198.0,200.0,15967,200.0,2026-09-03T19:33:51.515540+00:00
2020-10-04,204.0,207.0,201.0,203.0,17610,203.0,2026-09-03T19:33:51.515540+00:00
2020-10-05,202.0,205.0,199.0,199.0,11830,199.0,2026-09-03T19:33:51.515540+00:00
2020-10-06,199.0,201.0,199.0,200.0,15613,200.0,2026-09-03T19:33:51.515540+00:00
2020-10-07,204.0,212.0,201.0,209.0,32546,209.0,2026-09-03T19:33:51.515540+00:00
2020-10-08,213.0,218.0,213.0,215.0,53871,215.0,2026-09-03T19:33:51.515540+00:00
2020-10-11,217.0,235.0,215.0,229.0,86698,229.0,2026-09-03T19:33:51.515540+00:00
2020-10-12,230.0,230.0,218.0,220.0,24689,220.0,2026-09-03T19:33:51.515540+00:00
2020-10-13,224.0,227.0,215.0,218.0,22045,218.0,2026-09-03T19:33:51.515540+00:00
2020-10-14,214.0,218.0,212.0,217.0,15410,217.0,2026-09-03T19:33:51.515540+00:00
2020-10-15,227.0,227.0,211.0,215.0,8635,215.0,2026-09-03T19:33:51.515540+00:00
2020-10-18,217.0,217.0,211.0,211.0,14040,211.0,2026-09-03T19:33:51.515540+00:00
2020-10-19,210.0,217.0,210.0,215.0,6285,215.0,2026-09-03T19:33:51.515540+00:00
2020-10-20,214.0,217.0,211.0,215.0,19432,215.0,2026-09-03T19:33:51.515540+00:00
2020-10-21,219.0,219.0,213.0,215.0,8498,215.0,2026-09-03T19:33:51.515540+00:00
2020-10-22,215.0,219.0,214.0,217.0,9042,217.0,2026-09-03T19:33:51.515540+00:00
2020-10-28,214.0,221.0,214.0,220.0,6993,220.0,2026-09-03T19:33:51.515540+00:00
2020-10-29,222.0,225.0,218.0,220.0,9506,220.0,2026-09-03T19:33:51.515540+00:00
2020-11-01,219.0,223.0,218.0,219.0,6720,219.0,2026-09-03T19:33:51.515540+00:00
2020-11-02,229.0,229.0,217.0,219.0,17200,219.0,2026-09-03T19:33:51.515540+00:00
2020-11-03,220.0,222.0,218.0,220.0,7710,220.0,2026-09-03T19:33:51.515540+00:00
2020-11-04,220.0,221.0,217.0,219.0,15139,219.0,2026-09-03T19:33:51.515540+00:00
2020-11-05,223.0,224.0,219.0,221.0,22224,221.0,2026-09-03T19:33:51.515540+00:00
2020-11-08,225.0,229.0,218.0,221.0,27975,221.0,2026-09-03T19:33:51.515540+00:00
2020-11-09,226.0,226.0,219.0,220.0,29908,220.0,2026-09-03T19:33:51.515540+00:00
2020-11-10,220.0,230.0,220.0,226.0,52737,226.0,2026-09-03T19:33:51.515540+00:00
2020-11-11,228.0,234.0,225.0,230.0,31850,230.0,2026-09-03T19:33:51.515540+00:00
2020-11-12,227.0,231.0,225.0,225.0,33641,225.0,2026-09-03T19:33:51.515540+00:00
2020-11-18,229.0,230.0,223.0,224.0,24797,224.0,2026-09-03T19:33:51.515540+00:00
2020-11-19,228.0,230.0,225.0,228.0,22975,228.0,2026-09-03T19:33:51.515540+00:00
2020-11-22,232.0,250.0,229.0,249.0,114119,249.0,2026-09-03T19:33:51.515540+00:00
2020-11-23,261.0,266.0,256.0,264.0,57451,264.0,2026-09-03T19:33:51.515540+00:00
2020-11-24,264.0,269.0,244.0,257.0,29566,257.0,2026-09-03T19:33:51.515540+00:00
2020-11-25,253.0,260.0,250.0,258.0,18671,258.0,2026-09-03T19:33:51.515540+00:00
2020-11-26,260.0,260.0,241.0,250.0,33444,250.0,2026-09-03T19:33:51.515540+00:00
2020-11-29,250.0,250.0,244.0,248.0,39627,248.0,2026-09-03T19:33:51.515540+00:00
2020-11-30,252.0,257.0,246.0,249.0,32299,249.0,2026-09-03T19:33:51.515540+00:00
2020-12-01,246.0,258.0,242.0,245.0,27222,245.0,2026-09-03T19:33:51.515540+00:00
2020-12-02,245.0,250.0,244.0,247.0,17086,247.0,2026-09-03T19:33:51.515540+00:00
2020-12-03,250.0,250.0,242.0,243.0,10728,243.0,2026-09-03T19:33:51.515540+00:00
2020-12-06,239.0,241.0,235.0,235.0,9406,235.0,2026-09-03T19:33:51.515540+00:00
2020-12-07,237.0,243.0,233.0,241.0,7042,241.0,2026-09-03T19:33:51.515540+00:00
2020-12-08,245.0,258.0,245.0,249.0,25402,249.0,2026-09-03T19:33:51.515540+00:00
2020-12-09,250.0,255.0,244.0,246.0,15711,246.0,2026-09-03T19:33:51.515540+00:00
2020-12-10,249.0,249.0,235.0,240.0,3980,240.0,2026-09-03T19:33:51.515540+00:00
2020-12-13,237.0,244.0,237.0,244.0,4142,244.0,2026-09-03T19:33:51.515540+00:00
2020-12-14,248.0,249.0,240.0,245.0,10900,245.0,2026-09-03T19:33:51.515540+00:00
2020-12-15,249.0,249.0,240.0,245.0,6184,245.0,2026-09-03T19:33:51.515540+00:00
2020-12-16,243.0,252.0,240.0,252.0,15185,252.0,2026-09-03T19:33:51.515540+00:00
2020-12-17,257.0,257.0,241.0,245.0,6185,245.0,2026-09-03T19:33:51.515540+00:00
2020-12-20,241.0,245.0,225.0,225.0,21307,225.0,2026-09-03T19:33:51.515540+00:00
2020-12-21,222.0,233.0,217.0,232.0,17329,232.0,2026-09-03T19:33:51.515540+00:00
2020-12-22,236.0,247.0,234.0,245.0,10993,245.0,2026-09-03T19:33:51.515540+00:00
2020-12-23,245.0,248.0,234.0,240.0,10791,240.0,2026-09-03T19:33:51.515540+00:00
2020-12-24,240.0,242.0,236.0,240.0,3281,240.0,2026-09-03T19:33:51.515540+00:00
2020-12-27,243.0,244.0,235.0,236.0,2805,236.0,2026-09-03T19:33:51.515540+00:00
2020-12-28,235.0,236.0,233.0,234.0,2976,234.0,2026-09-03T19:33:51.515540+00:00
2020-12-29,235.0,236.0,234.0,236.0,1572,236.0,2026-09-03T19:33:51.515540+00:00
2020-12-30,232.0,234.0,232.0,234.0,3136,234.0,2026-09-03T19:33:51.515540+00:00
2020-12-31,230.0,237.0,230.0,231.0,7554,231.0,2026-09-03T19:33:51.515540+00:00
2021-01-03,228.0,237.0,225.0,231.0,37396,231.0,2026-09-03T19:33:51.515540+00:00
2021-01-04,235.0,254.0,235.0,254.0,34592,254.0,2026-09-03T19:33:51.515540+00:00
2021-01-05,266.0,275.0,251.0,259.0,54254,259.0,2026-09-03T19:33:51.515540+00:00
2021-01-06,260.0,260.0,252.0,257.0,17875,257.0,2026-09-03T19:33:51.515540+00:00
2021-01-07,262.0,262.0,251.0,251.0,21406,251.0,2026-09-03T19:33:51.515540+00:00
2021-01-10,255.0,259.0,253.0,259.0,12958,259.0,2026-09-03T19:33:51.515540+00:00
2021-01-11,264.0,264.0,253.0,253.0,4448,253.0,2026-09-03T19:33:51.515540+00:00
2021-01-12,250.0,254.0,249.0,254.0,5811,254.0,2026-09-03T19:33:51.515540+00:00
2021-01-13,257.0,260.0,253.0,259.0,19487,259.0,2026-09-03T19:33:51.515540+00:00
2021-01-17,265.0,270.0,257.0,260.0,24884,260.0,2026-09-03T19:33:51.515540+00:00
2021-01-18,265.0,283.0,264.0,274.0,46278,274.0,2026-09-03T19:33:51.515540+00:00
2021-01-19,287.0,301.0,277.0,301.0,76837,301.0,2026-09-03T19:33:51.515540+00:00
2021-01-20,316.0,316.0,291.0,297.0,17902,297.0,2026-09-03T19:33:51.515540+00:00
2021-01-21,302.0,311.0,295.0,299.0,26794,299.0,2026-09-03T19:33:51.515540+00:00
2021-01-24,304.0,306.0,286.0,290.0,35153,290.0,2026-09-03T19:33:51.515540+00:00
2021-01-25,294.0,294.0,280.0,283.0,22043,283.0,2026-09-03T19:33:51.515540+00:00
2021-01-26,283.0,287.0,279.0,280.0,36571,280.0,2026-09-03T19:33:51.515540+00:00
2021-01-27,285.0,285.0,280.0,282.0,14936,282.0,2026-09-03T19:33:51.515540+00:00
2021-01-28,287.0,287.0,276.0,277.0,13842,277.0,2026-09-03T19:33:51.515540+00:00
2021-01-31,277.0,277.0,255.0,264.0,38146,264.0,2026-09-03T19:33:51.515540+00:00
2021-02-01,264.0,278.0,264.0,275.0,22884,275.0,2026-09-03T19:33:51.515540+00:00
2021-02-02,277.0,277.0,265.0,270.0,14482,270.0,2026-09-03T19:33:51.515540+00:00
2021-02-03,272.0,272.0,266.0,269.0,12183,269.0,2026-09-03T19:33:51.515540+00:00
2021-02-04,269.0,271.0,265.0,267.0,14779,267.0,2026-09-03T19:33:51.515540+00:00
2021-02-07,267.0,268.0,263.0,263.0,15932,263.0,2026-09-03T19:33:51.515540+00:00
2021-02-08,268.0,268.0,260.0,267.0,18764,267.0,2026-09-03T19:33:51.515540+00:00
2021-02-09,280.0,280.0,260.0,269.0,22402,269.0,2026-09-03T19:33:51.515540+00:00
2021-02-10,270.0,270.0,260.0,268.0,13596,268.0,2026-09-03T19:33:51.515540+00:00
2021-02-11,271.0,275.0,267.0,270.0,26167,270.0,2026-09-03T19:33:51.515540+00:00
2021-02-14,272.0,274.0,267.0,270.0,10997,270.0,2026-09-03T19:33:51.515540+00:00
2021-02-15,270.0,275.0,270.0,272.0,13834,272.0,2026-09-03T19:33:51.515540+00:00
2021-02-16,272.0,273.0,264.0,265.0,24280,265.0,2026-09-03T19:33:51.515540+00:00
2021-02-17,265.0,269.0,265.0,269.0,22156,269.0,2026-09-03T19:33:51.515540+00:00
2021-02-18,273.0,275.0,270.0,274.0,24748,274.0,2026-09-03T19:33:51.515540+00:00
2021-02-21,279.0,298.0,277.0,282.0,54388,282.0,2026-09-03T19:33:51.515540+00:00
2021-02-22,286.0,289.0,274.0,275.0,19041,275.0,2026-09-03T19:33:51.515540+00:00
2021-02-23,280.0,284.0,265.0,274.0,10501,274.0,2026-09-03T19:33:51.515540+00:00
2021-02-24,272.0,281.0,272.0,277.0,8331,277.0,2026-09-03T19:33:51.515540+00:00
2021-02-25,275.0,278.0,269.0,269.0,5106,269.0,2026-09-03T19:33:51.515540+00:00
2021-02-28,270.0,270.0,264.0,264.0,18098,264.0,2026-09-03T19:33:51.515540+00:00
2021-03-01,259.0,275.0,259.0,267.0,7745,267.0,2026-09-03T19:33:51.515540+00:00
2021-03-02,267.0,267.0,257.0,257.0,14123,257.0,2026-09-03T19:33:51.515540+00:00
2021-03-03,262.0,262.0,252.0,256.0,10108,256.0,2026-09-03T19:33:51.515540+00:00
2021-03-04,255.0,275.0,255.0,261.0,9947,261.0,2026-09-03T19:33:51.515540+00:00
2021-03-07,263.0,278.0,263.0,268.0,18218,268.0,2026-09-03T19:33:51.515540+00:00
2021-03-09,268.0,274.0,266.0,267.0,5446,267.0,2026-09-03T19:33:51.515540+00:00
2021-03-10,270.0,270.0,265.0,267.0,2992,267.0,2026-09-03T19:33:51.515540+00:00
2021-03-14,262.0,267.0,260.0,262.0,3253,262.0,2026-09-03T19:33:51.515540+00:00
2021-03-15,260.0,263.0,260.0,260.0,2350,260.0,2026-09-03T19:33:51.515540+00:00
2021-03-16,260.0,263.0,258.0,260.0,5637,260.0,2026-09-03T19:33:51.515540+00:00
2021-03-17,263.0,270.0,263.0,265.0,7489,265.0,2026-09-03T19:33:51.515540+00:00
2021-03-18,266.0,271.0,265.0,271.0,13426,271.0,2026-09-03T19:33:51.515540+00:00
2021-03-21,269.0,270.0,247.0,265.0,37893,265.0,2026-09-03T19:33:51.515540+00:00
2021-03-22,265.0,265.0,254.0,259.0,15616,259.0,2026-09-03T19:33:51.515540+00:00
2021-03-23,256.0,261.0,256.0,260.0,4314,260.0,2026-09-03T19:33:51.515540+00:00
2021-03-24,257.0,261.0,255.0,256.0,14864,256.0,2026-09-03T19:33:51.515540+00:00
2021-03-25,251.0,261.0,251.0,261.0,16715,261.0,2026-09-03T19:33:51.515540+00:00
2021-03-29,258.0,263.0,256.0,259.0,9111,259.0,2026-09-03T19:33:51.515540+00:00
2021-03-30,261.0,261.0,256.0,260.0,7281,260.0,2026-09-03T19:33:51.515540+00:00
2021-03-31,260.0,261.0,257.0,258.0,13184,258.0,2026-09-03T19:33:51.515540+00:00
2021-04-01,260.0,265.0,259.0,261.0,16591,261.0,2026-09-03T19:33:51.515540+00:00
2021-04-04,262.0,271.0,260.0,267.0,23143,267.0,2026-09-03T19:33:51.515540+00:00
2021-04-05,270.0,272.0,260.0,265.0,6640,265.0,2026-09-03T19:33:51.515540+00:00
2021-04-06,268.0,269.0,263.0,268.0,16122,268.0,2026-09-03T19:33:51.515540+00:00
2021-04-07,281.0,281.0,266.0,266.0,9245,266.0,2026-09-03T19:33:51.515540+00:00
2021-04-08,262.0,272.0,262.0,271.0,27266,271.0,2026-09-03T19:33:51.515540+00:00
2021-04-12,271.0,276.0,268.0,269.0,13833,269.0,2026-09-03T19:33:51.515540+00:00
2021-04-13,271.0,273.0,269.0,270.0,15849,270.0,2026-09-03T19:33:51.515540+00:00
2021-04-15,274.0,279.0,270.0,273.0,28124,273.0,2026-09-03T19:33:51.515540+00:00
2021-04-18,275.0,279.0,266.0,271.0,19983,271.0,2026-09-03T19:33:51.515540+00:00
2021-04-19,270.0,270.0,266.0,266.0,8728,266.0,2026-09-03T19:33:51.515540+00:00
2021-04-20,264.0,278.0,264.0,269.0,11561,269.0,2026-09-03T19:33:51.515540+00:00
2021-04-21,282.0,282.0,265.0,265.0,6214,265.0,2026-09-03T19:33:51.515540+00:00
2021-04-22,263.0,265.0,263.0,265.0,5815,265.0,2026-09-03T19:33:51.515540+00:00
2021-04-25,265.0,265.0,255.0,258.0,14234,258.0,2026-09-03T19:33:51.515540+00:00
2021-04-26,253.0,255.0,244.0,246.0,18284,246.0,2026-09-03T19:33:51.515540+00:00
2021-04-27,250.0,264.0,250.0,258.0,7967,258.0,2026-09-03T19:33:51.515540+00:00
2021-04-28,253.0,261.0,246.0,254.0,8202,254.0,2026-09-03T19:33:51.515540+00:00
2021-04-29,250.0,258.0,249.0,258.0,2647,258.0,2026-09-03T19:33:51.515540+00:00
2021-05-02,260.0,280.0,253.0,275.0,20038,275.0,2026-09-03T19:33:51.515540+00:00
2021-05-03,280.0,280.0,265.0,266.0,20600,266.0,2026-09-03T19:33:51.515540+00:00
2021-05-04,263.0,268.0,261.0,263.0,16444,263.0,2026-09-03T19:33:51.515540+00:00
2021-05-05,262.0,272.0,262.0,263.0,4420,263.0,2026-09-03T19:33:51.515540+00:00
2021-05-06,260.0,263.0,260.0,262.0,4692,262.0,2026-09-03T19:33:51.515540+00:00
2021-05-09,258.0,264.0,258.0,260.0,2952,260.0,2026-09-03T19:33:51.515540+00:00
2021-05-10,265.0,270.0,262.0,264.0,7635,264.0,2026-09-03T19:33:51.515540+00:00
2021-05-11,266.0,268.0,263.0,263.0,4182,263.0,2026-09-03T19:33:51.515540+00:00
2021-05-12,264.0,267.0,262.0,265.0,12035,265.0,2026-09-03T19:33:51.515540+00:00
2021-05-13,252.0,280.0,252.0,278.0,90985,278.0,2026-09-03T19:33:51.515540+00:00
2021-05-16,291.0,291.0,277.0,279.0,62298,279.0,2026-09-03T19:33:51.515540+00:00
2021-05-17,292.0,292.0,273.0,279.0,44364,279.0,2026-09-03T19:33:51.515540+00:00
2021-05-18,266.0,306.0,266.0,306.0,141794,306.0,2026-09-03T19:33:51.515540+00:00
2021-05-19,312.0,330.0,300.0,307.0,106406,307.0,2026-09-03T19:33:51.515540+00:00
2021-05-20,313.0,337.0,305.0,337.0,145865,337.0,2026-09-03T19:33:51.515540+00:00
2021-05-23,337.0,369.0,319.0,362.0,140763,362.0,2026-09-03T19:33:51.515540+00:00
2021-05-24,380.0,380.0,339.0,349.0,110873,349.0,2026-09-03T19:33:51.515540+00:00
2021-05-25,339.0,350.0,337.0,341.0,88584,341.0,2026-09-03T19:33:51.515540+00:00
2021-05-27,338.0,364.0,320.0,343.0,51773,343.0,2026-09-03T19:33:51.515540+00:00
2021-05-30,326.0,372.0,326.0,356.0,142731,356.0,2026-09-03T19:33:51.515540+00:00
2021-05-31,363.0,369.0,341.0,341.0,91061,341.0,2026-09-03T19:33:51.515540+00:00
2021-06-01,345.0,363.0,339.0,353.0,85395,353.0,2026-09-03T19:33:51.515540+00:00
2021-06-02,360.0,388.0,348.0,388.0,209384,388.0,2026-09-03T19:33:51.515540+00:00
2021-06-03,407.0,426.0,382.0,393.0,175033,393.0,2026-09-03T19:33:51.515540+00:00
2021-06-06,393.0,393.0,369.0,382.0,104096,382.0,2026-09-03T19:33:51.515540+00:00
2021-06-07,389.0,420.0,382.0,420.0,240757,420.0,2026-09-03T19:33:51.515540+00:00
2021-06-08,440.0,462.0,432.0,462.0,141956,462.0,2026-09-03T19:33:51.515540+00:00
2021-06-09,470.0,488.0,435.0,438.0,144498,438.0,2026-09-03T19:33:51.515540+00:00
2021-06-10,459.0,459.0,420.0,454.0,133698,454.0,2026-09-03T19:33:51.515540+00:00
2021-06-13,454.0,499.0,442.0,499.0,226001,499.0,2026-09-03T19:33:51.515540+00:00
2021-06-14,498.0,547.0,482.0,496.0,125967,496.0,2026-09-03T19:33:51.515540+00:00
2021-06-15,501.0,506.0,466.0,475.0,86488,475.0,2026-09-03T19:33:51.515540+00:00
2021-06-16,474.0,474.0,428.0,450.0,76902,450.0,2026-09-03T19:33:51.515540+00:00
2021-06-17,450.0,467.0,422.0,460.0,69637,460.0,2026-09-03T19:33:51.515540+00:00
2021-06-20,460.0,461.0,419.0,431.0,30966,431.0,2026-09-03T19:33:51.515540+00:00
2021-06-21,439.0,439.0,391.0,400.0,52580,400.0,2026-09-03T19:33:51.515540+00:00
2021-06-22,420.0,440.0,392.0,440.0,59973,440.0,2026-09-03T19:33:51.515540+00:00
2021-06-23,445.0,480.0,430.0,440.0,79808,440.0,2026-09-03T19:33:51.515540+00:00
2021-06-24,440.0,445.0,427.0,427.0,31657,427.0,2026-09-03T19:33:51.515540+00:00
2021-06-27,423.0,434.0,418.0,420.0,28538,420.0,2026-09-03T19:33:51.515540+00:00
2021-06-28,426.0,436.0,407.0,408.0,29724,408.0,2026-09-03T19:33:51.515540+00:00
2021-06-29,408.0,410.0,395.0,397.0,33418,397.0,2026-09-03T19:33:51.515540+00:00
2021-06-30,400.0,425.0,369.0,420.0,58302,420.0,2026-09-03T19:33:51.515540+00:00
2021-07-01,428.0,432.0,412.0,425.0,54173,425.0,2026-09-03T19:33:51.515540+00:00
2021-07-04,433.0,440.0,419.0,423.0,47646,423.0,2026-09-03T19:33:51.515540+00:00
2021-07-05,417.0,426.0,409.0,414.0,29468,414.0,2026-09-03T19:33:51.515540+00:00
2021-07-06,434.0,434.0,400.0,407.0,14134,407.0,2026-09-03T19:33:51.515540+00:00
2021-07-07,415.0,415.0,400.0,401.0,22197,401.0,2026-09-03T19:33:51.515540+00:00
2021-07-08,400.0,420.0,400.0,409.0,25341,409.0,2026-09-03T19:33:51.515540+00:00
2021-07-11,417.0,449.0,415.0,449.0,72701,449.0,2026-09-03T19:33:51.515540+00:00
2021-07-12,453.0,469.0,434.0,437.0,94468,437.0,2026-09-03T19:33:51.515540+00:00
2021-07-13,440.0,464.0,430.0,460.0,96011,460.0,2026-09-03T19:33:51.515540+00:00
2021-07-14,467.0,484.0,459.0,476.0,101105,476.0,2026-09-03T19:33:51.515540+00:00
2021-07-15,481.0,484.0,470.0,477.0,57710,477.0,2026-09-03T19:33:51.515540+00:00
2021-07-18,486.0,498.0,480.2,482.0,65674,482.0,2026-09-03T19:33:51.515540+00:00
2021-07-19,490.3,499.0,473.0,475.0,57571,475.0,2026-09-03T19:33:51.515540+00:00
2021-07-20,475.0,480.0,466.0,468.0,56358,468.0,2026-09-03T19:33:51.515540+00:00
2021-07-22,475.0,485.0,469.0,480.0,63218,480.0,2026-09-03T19:33:51.515540+00:00
2021-07-25,489.6,528.0,485.0,515.0,133684,515.0,2026-09-03T19:33:51.515540+00:00
2021-07-26,525.0,566.5,505.0,566.5,302053,566.5,2026-09-03T19:33:51.515540+00:00
2021-07-27,555.2,623.1,544.0,623.0,167423,623.0,2026-09-03T19:33:51.515540+00:00
2021-07-28,635.0,647.7,597.0,636.0,174810,636.0,2026-09-03T19:33:51.515540+00:00
2021-07-29,636.0,649.0,601.0,601.0,153392,601.0,2026-09-03T19:33:51.515540+00:00
2021-08-01,606.0,607.0,577.3,584.0,122821,584.0,2026-09-03T19:33:51.515540+00:00
2021-08-02,595.0,624.0,587.0,596.0,106226,596.0,2026-09-03T19:33:51.515540+00:00
2021-08-03,596.0,605.0,594.0,596.2,34499,596.2,2026-09-03T19:33:51.515540+00:00
2021-08-04,600.0,622.0,585.0,611.0,146609,611.0,2026-09-03T19:33:51.515540+00:00
2021-08-05,615.0,665.0,615.0,647.0,217198,647.0,2026-09-03T19:33:51.515540+00:00
2021-08-08,655.5,682.0,647.0,660.0,163491,660.0,2026-09-03T19:33:51.515540+00:00
2021-08-09,673.2,680.0,645.0,658.0,88966,658.0,2026-09-03T19:33:51.515540+00:00
2021-08-10,670.0,720.0,668.0,696.0,195913,696.0,2026-09-03T19:33:51.515540+00:00
2021-08-11,709.9,723.0,660.6,667.0,114082,667.0,2026-09-03T19:33:51.515540+00:00
2021-08-12,680.0,695.0,653.7,679.0,90992,679.0,2026-09-03T19:33:51.515540+00:00
2021-08-15,665.5,721.0,628.0,650.0,170719,650.0,2026-09-03T19:33:51.515540+00:00
2021-08-16,663.0,676.0,635.0,653.1,69516,653.1,2026-09-03T19:33:51.515540+00:00
2021-08-17,666.1,680.0,664.0,672.0,64301,672.0,2026-09-03T19:33:51.515540+00:00
2021-08-18,685.0,730.0,685.0,713.0,176563,713.0,2026-09-03T19:33:51.515540+00:00
2021-08-19,727.2,769.0,726.0,742.0,186235,742.0,2026-09-03T19:33:51.515540+00:00
2021-08-24,742.0,785.0,700.0,742.0,163558,742.0,2026-09-03T19:33:51.515540+00:00
2021-08-25,756.0,756.0,685.0,697.0,151589,697.0,2026-09-03T19:33:51.515540+00:00
2021-08-26,697.0,766.0,697.0,744.0,150883,744.0,2026-09-03T19:33:51.515540+00:00
2021-08-29,758.8,818.4,745.0,796.0,416301,796.0,2026-09-03T19:33:51.515540+00:00
2021-08-31,811.9,836.0,782.0,802.0,191415,802.0,2026-09-03T19:33:51.515540+00:00
2021-09-01,807.0,815.0,771.0,780.0,64672,780.0,2026-09-03T19:33:51.515540+00:00
2021-09-02,780.0,806.8,757.0,762.0,149211,762.0,2026-09-03T19:33:51.515540+00:00
2021-09-05,747.0,755.0,685.8,685.8,108716,685.8,2026-09-03T19:33:51.515540+00:00
2021-09-06,686.0,754.3,646.0,754.3,99550,754.3,2026-09-03T19:33:51.515540+00:00
2021-09-07,769.3,769.3,715.0,735.0,52326,735.0,2026-09-03T19:33:51.515540+00:00
2021-09-08,720.3,734.7,693.5,712.0,45540,712.0,2026-09-03T19:33:51.515540+00:00
2021-09-09,710.0,724.0,705.0,708.5,53071,708.5,2026-09-03T19:33:51.515540+00:00
2021-09-12,722.0,750.0,710.0,740.0,66497,740.0,2026-09-03T19:33:51.515540+00:00
2021-09-13,750.0,773.0,735.0,749.0,136813,749.0,2026-09-03T19:33:51.515540+00:00
2021-09-14,760.0,760.0,728.0,730.0,18240,730.0,2026-09-03T19:33:51.515540+00:00
2021-09-15,744.5,744.5,708.0,713.0,21542,713.0,2026-09-03T19:33:51.515540+00:00
2021-09-16,699.0,699.0,660.0,673.5,64415,673.5,2026-09-03T19:33:51.515540+00:00
2021-09-20,685.0,685.0,606.2,614.0,66096,614.0,2026-09-03T19:33:51.515540+00:00
2021-09-21,602.0,648.0,567.0,594.0,55938,594.0,2026-09-03T19:33:51.515540+00:00
2021-09-22,605.8,650.0,605.8,645.0,48483,645.0,2026-09-03T19:33:51.515540+00:00
2021-09-23,657.4,685.0,650.0,664.0,45348,664.0,2026-09-03T19:33:51.515540+00:00
2021-09-26,655.0,666.0,621.0,622.0,52467,622.0,2026-09-03T19:33:51.515540+00:00
2021-09-27,610.0,620.0,580.0,581.0,46457,581.0,2026-09-03T19:33:51.515540+00:00
2021-09-28,570.0,582.0,527.0,530.0,45036,530.0,2026-09-03T19:33:51.515540+00:00
2021-09-29,535.0,583.0,509.2,573.0,36554,573.0,2026-09-03T19:33:51.515540+00:00
2021-09-30,584.0,585.0,541.0,546.1,23282,546.1,2026-09-03T19:33:51.515540+00:00
2021-10-03,546.1,550.0,506.0,523.0,25278,523.0,2026-09-03T19:33:51.515540+00:00
2021-10-04,533.0,533.0,493.2,504.1,26397,504.1,2026-09-03T19:33:51.515540+00:00
2021-10-05,514.1,550.0,508.0,536.0,31368,536.0,2026-09-03T19:33:51.515540+00:00
2021-10-06,546.0,587.9,543.1,580.0,30383,580.0,2026-09-03T19:33:51.515540+00:00
2021-10-10,591.0,626.0,568.0,579.5,48741,579.5,2026-09-03T19:33:51.515540+00:00
2021-10-11,568.0,585.0,558.0,585.0,22877,585.0,2026-09-03T19:33:51.515540+00:00
2021-10-17,596.6,596.7,576.0,594.0,7970,594.0,2026-09-03T19:33:51.515540+00:00
2021-10-18,582.2,582.2,562.0,569.9,12188,569.9,2026-09-03T19:33:51.515540+00:00
2021-10-19,570.0,570.0,528.0,540.0,24277,540.0,2026-09-03T19:33:51.515540+00:00
2021-10-20,550.8,573.0,550.8,570.0,22969,570.0,2026-09-03T19:33:51.515540+00:00
2021-10-21,572.0,581.0,551.0,551.0,8718,551.0,2026-09-03T19:33:51.515540+00:00
2021-10-24,549.9,580.0,549.9,565.0,16566,565.0,2026-09-03T19:33:51.515540+00:00
2021-10-25,555.0,610.0,555.0,607.0,43873,607.0,2026-09-03T19:33:51.515540+00:00
2021-10-26,617.0,638.0,617.0,637.0,47813,637.0,2026-09-03T19:33:51.515540+00:00
2021-10-27,639.0,670.0,604.0,645.0,45028,645.0,2026-09-03T19:33:51.515540+00:00
2021-10-28,655.0,655.0,628.0,640.1,21742,640.1,2026-09-03T19:33:51.515540+00:00
2021-10-31,640.0,670.0,630.1,660.0,35025,660.0,2026-09-03T19:33:51.515540+00:00
2021-11-01,660.0,678.0,637.0,640.0,26481,640.0,2026-09-03T19:33:51.515540+00:00
2021-11-02,639.0,671.0,629.0,660.0,33453,660.0,2026-09-03T19:33:51.515540+00:00
2021-11-03,673.2,687.0,673.0,674.0,40488,674.0,2026-09-03T19:33:51.515540+00:00
2021-11-08,687.4,730.0,687.0,722.0,83850,722.0,2026-09-03T19:33:51.515540+00:00
2021-11-09,732.0,736.0,686.0,712.2,124684,712.2,2026-09-03T19:33:51.515540+00:00
2021-11-11,698.0,730.0,682.0,690.0,85396,690.0,2026-09-03T19:33:51.515540+00:00
2021-11-14,682.0,715.0,677.0,710.0,48149,710.0,2026-09-03T19:33:51.515540+00:00
2021-11-15,723.0,749.7,716.2,742.9,117518,742.9,2026-09-03T19:33:51.515540+00:00
2021-11-16,745.0,803.9,731.0,760.2,181021,760.2,2026-09-03T19:33:51.515540+00:00
2021-11-17,775.0,775.0,745.0,745.0,82022,745.0,2026-09-03T19:33:51.515540+00:00
2021-11-18,730.1,757.0,716.0,720.0,70336,720.0,2026-09-03T19:33:51.515540+00:00
2021-11-21,730.0,743.9,716.0,722.0,24335,722.0,2026-09-03T19:33:51.515540+00:00
2021-11-22,730.0,730.0,707.7,708.0,23678,708.0,2026-09-03T19:33:51.515540+00:00
2021-11-23,709.0,716.9,671.3,700.0,63289,700.0,2026-09-03T19:33:51.515540+00:00
2021-11-24,690.0,714.0,673.3,695.0,28736,695.0,2026-09-03T19:33:51.515540+00:00
2021-11-25,708.0,723.0,695.0,709.0,20093,709.0,2026-09-03T19:33:51.515540+00:00
2021-11-28,695.0,698.0,670.0,671.1,38224,671.1,2026-09-03T19:33:51.515540+00:00
2021-11-29,657.7,694.0,657.7,673.0,18153,673.0,2026-09-03T19:33:51.515540+00:00
2021-11-30,686.4,690.0,663.0,666.0,23811,666.0,2026-09-03T19:33:51.515540+00:00
2021-12-01,679.3,689.0,670.0,685.5,19871,685.5,2026-09-03T19:33:51.515540+00:00
2021-12-02,692.0,692.0,653.0,657.0,24912,657.0,2026-09-03T19:33:51.515540+00:00
2021-12-05,657.0,657.0,620.0,621.0,18635,621.0,2026-09-03T19:33:51.515540+00:00
2021-12-06,609.0,640.0,588.0,635.0,28651,635.0,2026-09-03T19:33:51.515540+00:00
2021-12-07,642.2,655.0,610.0,611.0,14325,611.0,2026-09-03T19:33:51.515540+00:00
2021-12-08,599.1,610.9,564.5,575.0,21918,575.0,2026-09-03T19:33:51.515540+00:00
2021-12-09,565.0,590.0,562.0,578.0,17782,578.0,2026-09-03T19:33:51.515540+00:00
2021-12-12,579.8,585.0,525.0,525.0,31701,525.0,2026-09-03T19:33:51.515540+00:00
2021-12-13,515.0,525.0,477.5,485.0,40750,485.0,2026-09-03T19:33:51.515540+00:00
2021-12-14,494.7,530.0,494.7,530.0,15468,530.0,2026-09-03T19:33:51.515540+00:00
2021-12-15,540.6,583.0,510.0,510.0,51544,510.0,2026-09-03T19:33:51.515540+00:00
2021-12-16,520.0,536.5,512.0,513.6,35576,513.6,2026-09-03T19:33:51.515540+00:00
2021-12-20,510.0,534.0,500.2,520.0,19030,520.0,2026-09-03T19:33:51.515540+00:00
2021-12-21,530.0,571.0,530.0,571.0,21484,571.0,2026-09-03T19:33:51.515540+00:00
2021-12-22,582.4,622.0,559.7,614.9,51964,614.9,2026-09-03T19:33:51.515540+00:00
2021-12-23,616.0,621.1,595.0,605.0,33571,605.0,2026-09-03T19:33:51.515540+00:00
2021-12-26,616.0,616.0,600.0,600.0,22270,600.0,2026-09-03T19:33:51.515540+00:00
2021-12-27,612.0,620.0,555.0,557.0,44893,557.0,2026-09-03T19:33:51.515540+00:00
2021-12-28,547.0,584.0,538.0,584.0,34002,584.0,2026-09-03T19:33:51.515540+00:00
2021-12-29,585.0,595.6,574.0,583.0,11922,583.0,2026-09-03T19:33:51.515540+00:00
2022-01-02,575.0,594.0,572.0,586.0,8566,586.0,2026-09-03T19:33:51.515540+00:00
2022-01-03,587.0,610.0,580.0,598.0,34660,598.0,2026-09-03T19:33:51.515540+00:00
2022-01-04,588.1,615.0,588.0,608.0,27374,608.0,2026-09-03T19:33:51.515540+00:00
2022-01-05,620.0,625.0,603.0,615.0,39191,615.0,2026-09-03T19:33:51.515540+00:00
2022-01-06,605.0,624.8,602.7,622.0,18178,622.0,2026-09-03T19:33:51.515540+00:00
2022-01-09,634.0,650.0,626.0,650.0,38032,650.0,2026-09-03T19:33:51.515540+00:00
2022-01-10,655.0,675.0,639.0,663.0,42619,663.0,2026-09-03T19:33:51.515540+00:00
2022-01-11,656.0,722.0,650.0,692.0,55894,692.0,2026-09-03T19:33:51.515540+00:00
2022-01-12,705.8,747.0,692.0,696.0,112620,696.0,2026-09-03T19:33:51.515540+00:00
2022-01-13,700.0,711.9,695.0,711.0,55739,711.0,2026-09-03T19:33:51.515540+00:00
2022-01-16,725.0,730.0,713.0,715.0,45612,715.0,2026-09-03T19:33:51.515540+00:00
2022-01-17,711.0,719.0,703.0,704.0,31276,704.0,2026-09-03T19:33:51.515540+00:00
2022-01-18,717.0,717.0,675.0,675.0,43017,675.0,2026-09-03T19:33:51.515540+00:00
2022-01-19,680.0,701.7,667.1,682.0,63542,682.0,2026-09-03T19:33:51.515540+00:00
2022-01-20,673.1,700.0,673.0,700.0,26274,700.0,2026-09-03T19:33:51.515540+00:00
2022-01-23,700.0,713.0,682.0,683.0,19593,683.0,2026-09-03T19:33:51.515540+00:00
2022-01-24,683.0,683.0,639.0,654.0,64146,654.0,2026-09-03T19:33:51.515540+00:00
2022-01-25,665.0,674.0,641.0,654.0,32169,654.0,2026-09-03T19:33:51.515540+00:00
2022-01-26,644.0,667.0,641.0,648.0,27651,648.0,2026-09-03T19:33:51.515540+00:00
2022-01-27,660.0,665.0,651.1,659.0,21938,659.0,2026-09-03T19:33:51.515540+00:00
2022-01-30,672.0,703.0,672.0,701.0,57610,701.0,2026-09-03T19:33:51.515540+00:00
2022-01-31,710.0,710.0,685.0,685.0,32633,685.0,2026-09-03T19:33:51.515540+00:00
2022-02-01,694.4,700.0,682.0,692.1,24380,692.1,2026-09-03T19:33:51.515540+00:00
2022-02-03,705.0,710.0,690.9,692.0,47288,692.0,2026-09-03T19:33:51.515540+00:00
2022-02-06,695.0,696.0,675.0,677.1,45156,677.1,2026-09-03T19:33:51.515540+00:00
2022-02-07,600.5,600.5,589.0,595.0,25058,595.0,2026-09-03T19:33:51.515540+00:00
2022-02-08,606.9,631.0,590.2,590.2,33397,590.2,2026-09-03T19:33:51.515540+00:00
2022-02-09,599.0,599.0,566.5,576.0,16666,576.0,2026-09-03T19:33:51.515540+00:00
2022-02-10,585.9,585.9,560.0,575.5,19475,575.5,2026-09-03T19:33:51.515540+00:00
2022-02-13,564.0,566.0,540.0,544.0,31246,544.0,2026-09-03T19:33:51.515540+00:00
2022-02-14,554.0,554.0,530.0,540.0,26693,540.0,2026-09-03T19:33:51.515540+00:00
2022-02-15,542.0,559.0,540.0,557.0,15890,557.0,2026-09-03T19:33:51.515540+00:00
2022-02-16,559.0,565.0,550.0,554.6,8722,554.6,2026-09-03T19:33:51.515540+00:00
2022-02-17,547.0,562.0,547.0,555.0,9457,555.0,2026-09-03T19:33:51.515540+00:00
2022-02-20,554.6,554.6,533.1,536.0,18488,536.0,2026-09-03T19:33:51.515540+00:00
2022-02-21,542.5,544.0,534.1,540.2,8820,540.2,2026-09-03T19:33:51.515540+00:00
2022-02-22,550.9,556.0,545.0,545.2,10911,545.2,2026-09-03T19:33:51.515540+00:00
2022-02-23,556.0,563.0,545.0,546.0,8660,546.0,2026-09-03T19:33:51.515540+00:00
2022-02-24,555.0,555.0,528.0,534.0,16453,534.0,2026-09-03T19:33:51.515540+00:00
2022-02-27,524.0,535.0,524.0,528.0,7345,528.0,2026-09-03T19:33:51.515540+00:00
2022-02-28,538.0,538.0,508.0,509.0,10207,509.0,2026-09-03T19:33:51.515540+00:00
2022-03-02,502.0,506.1,484.0,490.1,16524,490.1,2026-09-03T19:33:51.515540+00:00
2022-03-06,495.0,499.9,485.0,492.0,9776,492.0,2026-09-03T19:33:51.515540+00:00
2022-03-07,498.0,498.0,488.0,489.2,6247,489.2,2026-09-03T19:33:51.515540+00:00
2022-03-09,485.0,490.0,460.0,470.0,9803,470.0,2026-09-03T19:33:51.515540+00:00
2022-03-10,461.1,495.5,461.0,494.9,15036,494.9,2026-09-03T19:33:51.515540+00:00
2022-03-13,502.0,520.0,502.0,519.0,19858,519.0,2026-09-03T19:33:51.515540+00:00
2022-03-14,526.0,529.3,510.0,521.0,5159,521.0,2026-09-03T19:33:51.515540+00:00
2022-03-15,520.0,520.0,511.0,515.0,6246,515.0,2026-09-03T19:33:51.515540+00:00
2022-03-16,525.0,525.0,510.0,512.0,6468,512.0,2026-09-03T19:33:51.515540+00:00
2022-03-20,519.0,519.0,505.0,508.0,4556,508.0,2026-09-03T19:33:51.515540+00:00
2022-03-21,507.0,529.9,498.1,525.1,8077,525.1,2026-09-03T19:33:51.515540+00:00
2022-03-22,526.0,535.0,519.4,519.4,7875,519.4,2026-09-03T19:33:51.515540+00:00
2022-03-23,520.0,520.0,509.0,511.0,5052,511.0,2026-09-03T19:33:51.515540+00:00
2022-03-24,503.5,518.0,500.0,503.5,9578,503.5,2026-09-03T19:33:51.515540+00:00
2022-03-27,505.0,505.0,481.0,487.2,9926,487.2,2026-09-03T19:33:51.515540+00:00
2022-03-28,485.0,506.8,471.0,477.0,7503,477.0,2026-09-03T19:33:51.515540+00:00
2022-03-29,478.0,486.5,470.0,472.2,7408,472.2,2026-09-03T19:33:51.515540+00:00
2022-03-30,471.0,489.6,470.0,489.6,11546,489.6,2026-09-03T19:33:51.515540+00:00
2022-03-31,490.0,498.0,470.1,474.0,5213,474.0,2026-09-03T19:33:51.515540+00:00
2022-04-03,465.1,477.3,465.0,476.8,9648,476.8,2026-09-03T19:33:51.515540+00:00
2022-04-04,486.3,486.3,469.0,469.0,4681,469.0,2026-09-03T19:33:51.515540+00:00
2022-04-05,460.0,474.0,450.0,465.0,12027,465.0,2026-09-03T19:33:51.515540+00:00
2022-04-06,455.8,465.0,446.6,456.0,5650,456.0,2026-09-03T19:33:51.515540+00:00
2022-04-07,456.0,470.9,451.1,460.0,15229,460.0,2026-09-03T19:33:51.515540+00:00
2022-04-11,467.2,476.5,430.0,446.0,18522,446.0,2026-09-03T19:33:51.515540+00:00
2022-04-12,441.0,441.0,430.0,431.0,10318,431.0,2026-09-03T19:33:51.515540+00:00
2022-04-13,426.0,442.0,418.0,437.0,6840,437.0,2026-09-03T19:33:51.515540+00:00
2022-04-17,438.0,442.6,417.0,419.0,9459,419.0,2026-09-03T19:33:51.515540+00:00
2022-04-18,419.0,422.0,404.0,404.0,6199,404.0,2026-09-03T19:33:51.515540+00:00
2022-04-19,404.0,412.0,396.0,400.0,4975,400.0,2026-09-03T19:33:51.515540+00:00
2022-04-20,408.0,408.0,376.0,379.0,11392,379.0,2026-09-03T19:33:51.515540+00:00
2022-04-21,372.0,383.9,365.0,377.0,10503,377.0,2026-09-03T19:33:51.515540+00:00
2022-04-24,384.5,414.7,382.0,414.7,11106,414.7,2026-09-03T19:33:51.515540+00:00
2022-04-25,422.9,436.5,410.0,417.0,19097,417.0,2026-09-03T19:33:51.515540+00:00
2022-04-26,425.3,425.3,412.0,416.0,7972,416.0,2026-09-03T19:33:51.515540+00:00
2022-04-27,408.0,432.0,408.0,427.0,6007,427.0,2026-09-03T19:33:51.515540+00:00
2022-04-28,422.0,434.0,412.1,412.1,6573,412.1,2026-09-03T19:33:51.515540+00:00
2022-05-02,403.9,405.0,394.0,396.0,6551,396.0,2026-09-03T19:33:51.515540+00:00
2022-05-04,396.0,402.0,385.0,385.0,4668,385.0,2026-09-03T19:33:51.515540+00:00
2022-05-05,379.0,385.0,363.0,369.0,10058,369.0,2026-09-03T19:33:51.515540+00:00
2022-05-08,372.0,393.0,365.1,387.0,5544,387.0,2026-09-03T19:33:51.515540+00:00
2022-05-09,388.0,414.0,388.0,395.2,11689,395.2,2026-09-03T19:33:51.515540+00:00
2022-05-10,395.0,411.0,395.0,410.0,6722,410.0,2026-09-03T19:33:51.515540+00:00
2022-05-11,410.0,433.0,408.0,431.0,8095,431.0,2026-09-03T19:33:51.515540+00:00
2022-05-12,431.0,446.0,419.0,427.0,14646,427.0,2026-09-03T19:33:51.515540+00:00
2022-05-17,418.6,423.0,395.0,395.0,12348,395.0,2026-09-03T19:33:51.515540+00:00
2022-05-18,389.0,419.0,381.3,407.0,4883,407.0,2026-09-03T19:33:51.515540+00:00
2022-05-19,413.9,413.9,391.1,392.0,4496,392.0,2026-09-03T19:33:51.515540+00:00
2022-05-20,399.8,400.0,390.0,393.0,7075,393.0,2026-09-03T19:33:51.515540+00:00
2022-05-23,390.0,390.6,383.0,385.0,5820,385.0,2026-09-03T19:33:51.515540+00:00
2022-05-24,379.0,408.0,379.0,396.9,2756,396.9,2026-09-03T19:33:51.515540+00:00
2022-05-25,404.8,410.0,395.0,399.0,3634,399.0,2026-09-03T19:33:51.515540+00:00
2022-05-26,404.8,405.0,399.0,399.0,3408,399.0,2026-09-03T19:33:51.515540+00:00
2022-05-27,393.1,400.0,385.0,395.0,6945,395.0,2026-09-03T19:33:51.515540+00:00
2022-05-30,402.9,405.0,383.0,387.0,1910,387.0,2026-09-03T19:33:51.515540+00:00
2022-05-31,387.0,400.0,381.0,383.0,5595,383.0,2026-09-03T19:33:51.515540+00:00
2022-06-01,390.6,398.4,384.1,389.0,2815,389.0,2026-09-03T19:33:51.515540+00:00
2022-06-02,392.0,392.0,380.0,384.0,6558,384.0,2026-09-03T19:33:51.515540+00:00
2022-06-03,391.0,391.0,379.0,380.0,7222,380.0,2026-09-03T19:33:51.515540+00:00
2022-06-06,382.1,389.0,382.1,383.0,6039,383.0,2026-09-03T19:33:51.515540+00:00
2022-06-07,381.0,386.0,375.0,375.0,6071,375.0,2026-09-03T19:33:51.515540+00:00
2022-06-08,382.5,397.0,375.1,392.0,6035,392.0,2026-09-03T19:33:51.515540+00:00
2022-06-09,392.0,399.8,379.0,385.0,7106,385.0,2026-09-03T19:33:51.515540+00:00
2022-06-10,378.0,382.0,375.3,375.4,2952,375.4,2026-09-03T19:33:51.515540+00:00
2022-06-13,370.0,377.0,370.0,371.0,1378,371.0,2026-09-03T19:33:51.515540+00:00
2022-06-14,377.9,377.9,363.7,365.0,3111,365.0,2026-09-03T19:33:51.515540+00:00
2022-06-15,358.0,372.3,352.0,355.0,5940,355.0,2026-09-03T19:33:51.515540+00:00
2022-06-16,348.0,378.0,348.0,357.0,5005,357.0,2026-09-03T19:33:51.515540+00:00
2022-06-17,364.1,371.3,350.0,350.0,2949,350.0,2026-09-03T19:33:51.515540+00:00
2022-06-19,351.0,353.0,343.0,343.0,6599,343.0,2026-09-03T19:33:51.515540+00:00
2022-06-20,337.0,338.0,330.0,336.0,3444,336.0,2026-09-03T19:33:51.515540+00:00
2022-06-21,340.0,355.9,340.0,353.0,4390,353.0,2026-09-03T19:33:51.515540+00:00
2022-06-22,346.0,354.0,340.0,346.0,4708,346.0,2026-09-03T19:33:51.515540+00:00
2022-06-23,340.0,340.0,319.0,325.3,7898,325.3,2026-09-03T19:33:51.515540+00:00
2022-06-24,319.0,335.9,305.0,326.0,7144,326.0,2026-09-03T19:33:51.515540+00:00
2022-06-26,332.0,350.0,332.0,347.3,12685,347.3,2026-09-03T19:33:51.515540+00:00
2022-06-27,354.0,360.0,336.2,341.0,8746,341.0,2026-09-03T19:33:51.515540+00:00
2022-06-28,334.2,343.0,329.3,335.0,4946,335.0,2026-09-03T19:33:51.515540+00:00
2022-06-29,335.0,344.0,333.0,343.0,7147,343.0,2026-09-03T19:33:51.515540+00:00
2022-06-30,349.8,375.0,347.0,371.5,15767,371.5,2026-09-03T19:33:51.515540+00:00
2022-07-01,378.7,382.0,365.0,376.0,10480,376.0,2026-09-03T19:33:51.515540+00:00
2022-07-03,368.5,396.0,363.0,387.0,11142,387.0,2026-09-03T19:33:51.515540+00:00
2022-07-04,394.0,405.0,365.0,383.0,33018,383.0,2026-09-03T19:33:51.515540+00:00
2022-07-05,377.0,390.0,364.0,370.0,24516,370.0,2026-09-03T19:33:51.515540+00:00
2022-07-06,365.0,383.0,357.7,373.0,14097,373.0,2026-09-03T19:33:51.515540+00:00
2022-07-07,378.0,390.0,370.1,380.0,11431,380.0,2026-09-03T19:33:51.515540+00:00
2022-07-08,372.5,378.0,364.1,365.0,4222,365.0,2026-09-03T19:33:51.515540+00:00
2022-07-11,357.7,357.7,340.0,341.1,10472,341.1,2026-09-03T19:33:51.515540+00:00
2022-07-12,347.9,354.0,335.0,339.0,10877,339.0,2026-09-03T19:33:51.515540+00:00
2022-07-13,345.7,365.0,345.7,364.7,7537,364.7,2026-09-03T19:33:51.515540+00:00
2022-07-14,369.0,375.5,360.0,370.0,9731,370.0,2026-09-03T19:33:51.515540+00:00
2022-07-15,363.0,375.0,363.0,372.0,6495,372.0,2026-09-03T19:33:51.515540+00:00
2022-07-17,365.0,380.0,365.0,368.0,6865,368.0,2026-09-03T19:33:51.515540+00:00
2022-07-18,365.0,380.0,363.0,375.0,9483,375.0,2026-09-03T19:33:51.515540+00:00
2022-07-19,375.2,390.9,375.2,387.0,16735,387.0,2026-09-03T19:33:51.515540+00:00
2022-07-20,380.0,408.0,380.0,400.0,23614,400.0,2026-09-03T19:33:51.515540+00:00
2022-07-21,395.0,402.0,390.0,391.0,9706,391.0,2026-09-03T19:33:51.515540+00:00
2022-07-22,391.0,391.0,378.3,380.0,8167,380.0,2026-09-03T19:33:51.515540+00:00
2022-07-24,387.6,406.9,381.0,406.0,19173,406.0,2026-09-03T19:33:51.515540+00:00
2022-07-25,410.0,444.9,410.0,442.9,54249,442.9,2026-09-03T19:33:51.515540+00:00
2022-07-26,450.0,460.0,423.2,425.2,46091,425.2,2026-09-03T19:33:51.515540+00:00
2022-07-27,425.0,467.7,417.0,467.7,111791,467.7,2026-09-03T19:33:51.515540+00:00
2022-07-28,477.0,505.0,460.6,485.0,53133,485.0,2026-09-03T19:33:51.515540+00:00
2022-07-29,485.0,527.0,482.0,498.0,29375,498.0,2026-09-03T19:33:51.515540+00:00
2022-07-31,507.9,507.9,483.0,487.0,90071,487.0,2026-09-03T19:33:51.515540+00:00
2022-08-01,487.0,493.5,477.1,482.0,38895,482.0,2026-09-03T19:33:51.515540+00:00
2022-08-02,474.0,495.0,471.0,483.5,17299,483.5,2026-09-03T19:33:51.515540+00:00
2022-08-03,493.0,498.0,476.1,483.0,28819,483.0,2026-09-03T19:33:51.515540+00:00
2022-08-04,473.4,487.0,466.0,474.0,36234,474.0,2026-09-03T19:33:51.515540+00:00
2022-08-05,482.8,482.8,447.0,455.0,33073,455.0,2026-09-03T19:33:51.515540+00:00
2022-08-07,455.0,464.0,448.0,464.0,25851,464.0,2026-09-03T19:33:51.515540+00:00
2022-08-08,469.2,472.0,444.0,444.0,18160,444.0,2026-09-03T19:33:51.515540+00:00
2022-08-09,440.0,459.0,425.0,426.0,27767,426.0,2026-09-03T19:33:51.515540+00:00
2022-08-10,417.7,438.0,417.6,428.0,19167,428.0,2026-09-03T19:33:51.515540+00:00
2022-08-11,436.0,436.5,414.0,419.0,8749,419.0,2026-09-03T19:33:51.515540+00:00
2022-08-14,412.0,420.2,398.3,399.0,11619,399.0,2026-09-03T19:33:51.515540+00:00
2022-08-15,406.0,433.0,398.8,433.0,32920,433.0,2026-09-03T19:33:51.515540+00:00
2022-08-16,441.6,449.8,416.0,416.0,26648,416.0,2026-09-03T19:33:51.515540+00:00
2022-08-17,419.0,428.0,410.0,417.0,13723,417.0,2026-09-03T19:33:51.515540+00:00
2022-08-18,425.3,435.0,419.0,427.0,19214,427.0,2026-09-03T19:33:51.515540+00:00
2022-08-21,435.5,444.0,417.5,422.0,14272,422.0,2026-09-03T19:33:51.515540+00:00
2022-08-22,414.0,426.4,414.0,420.0,9939,420.0,2026-09-03T19:33:51.515540+00:00
2022-08-23,414.0,429.9,414.0,418.9,4847,418.9,2026-09-03T19:33:51.515540+00:00
2022-08-24,427.0,430.0,419.0,420.0,6175,420.0,2026-09-03T19:33:51.515540+00:00
2022-08-25,428.4,428.4,410.0,410.0,10933,410.0,2026-09-03T19:33:51.515540+00:00
2022-08-26,401.9,405.0,395.1,403.5,13629,403.5,2026-09-03T19:33:51.515540+00:00
2022-08-28,395.5,408.0,387.5,391.0,23075,391.0,2026-09-03T19:33:51.515540+00:00
2022-08-29,383.2,405.0,383.2,397.5,9390,397.5,2026-09-03T19:33:51.515540+00:00
2022-08-30,398.0,405.4,393.5,395.0,6801,395.0,2026-09-03T19:33:51.515540+00:00
2022-08-31,394.0,394.0,381.0,385.0,7919,385.0,2026-09-03T19:33:51.515540+00:00
2022-09-01,391.0,396.0,379.0,389.9,4960,389.9,2026-09-03T19:33:51.515540+00:00
2022-09-02,382.2,403.0,382.2,390.0,4954,390.0,2026-09-03T19:33:51.515540+00:00
2022-09-04,397.8,402.9,390.0,391.0,7493,391.0,2026-09-03T19:33:51.515540+00:00
2022-09-05,395.0,395.0,390.2,391.0,2152,391.0,2026-09-03T19:33:51.515540+00:00
2022-09-06,388.1,388.1,381.1,385.0,6127,385.0,2026-09-03T19:33:51.515540+00:00
2022-09-07,385.0,385.0,378.0,383.0,3850,383.0,2026-09-03T19:33:51.515540+00:00
2022-09-08,382.0,393.0,382.0,389.0,4029,389.0,2026-09-03T19:33:51.515540+00:00
2022-09-11,382.0,391.0,382.0,383.0,3372,383.0,2026-09-03T19:33:51.515540+00:00
2022-09-12,381.0,381.0,375.4,378.0,3936,378.0,2026-09-03T19:33:51.515540+00:00
2022-09-13,384.0,397.0,382.0,386.0,6425,386.0,2026-09-03T19:33:51.515540+00:00
2022-09-14,392.9,410.0,390.0,410.0,17047,410.0,2026-09-03T19:33:51.515540+00:00
2022-09-15,414.0,415.0,381.0,383.1,18383,383.1,2026-09-03T19:33:51.515540+00:00
2022-09-16,375.5,383.5,368.0,376.0,3935,376.0,2026-09-03T19:33:51.515540+00:00
2022-09-18,375.0,376.0,358.0,358.0,10160,358.0,2026-09-03T19:33:51.515540+00:00
2022-09-20,355.0,357.0,348.0,351.8,6095,351.8,2026-09-03T19:33:51.515540+00:00
2022-09-21,358.8,371.0,355.0,360.0,5532,360.0,2026-09-03T19:33:51.515540+00:00
2022-09-22,360.0,360.0,350.0,353.0,3342,353.0,2026-09-03T19:33:51.515540+00:00
2022-09-25,348.0,353.0,345.0,349.5,6841,349.5,2026-09-03T19:33:51.515540+00:00
2022-09-27,349.5,362.0,349.0,354.0,4423,354.0,2026-09-03T19:33:51.515540+00:00
2022-09-28,350.0,355.0,349.0,351.0,2701,351.0,2026-09-03T19:33:51.515540+00:00
2022-09-29,351.1,355.0,350.0,355.0,1970,355.0,2026-09-03T19:33:51.515540+00:00
2022-10-09,362.1,369.0,358.8,369.0,6170,369.0,2026-09-03T19:33:51.515540+00:00
2022-10-10,375.9,375.9,360.0,360.0,8347,360.0,2026-09-03T19:33:51.515540+00:00
2022-10-11,355.1,355.1,350.0,352.0,10056,352.0,2026-09-03T19:33:51.515540+00:00
2022-10-12,355.0,363.0,348.0,362.5,4876,362.5,2026-09-03T19:33:51.515540+00:00
2022-10-13,369.0,371.9,356.0,370.0,7028,370.0,2026-09-03T19:33:51.515540+00:00
2022-10-16,369.9,369.9,357.0,363.0,2669,363.0,2026-09-03T19:33:51.515540+00:00
2022-10-17,363.0,363.0,355.8,355.8,1480,355.8,2026-09-03T19:33:51.515540+00:00
2022-10-19,351.0,351.0,340.4,343.0,4303,343.0,2026-09-03T19:33:51.515540+00:00
2022-10-20,348.9,349.0,338.2,346.8,3014,346.8,2026-09-03T19:33:51.515540+00:00
2022-10-23,345.0,350.0,345.0,350.0,1495,350.0,2026-09-03T19:33:51.515540+00:00
2022-10-31,350.4,350.4,340.0,350.0,2010,350.0,2026-09-03T19:33:51.515540+00:00
2022-11-01,350.0,370.0,350.0,368.0,7298,368.0,2026-09-03T19:33:51.515540+00:00
2022-11-02,374.0,375.0,361.0,366.0,10496,366.0,2026-09-03T19:33:51.515540+00:00
2022-11-03,358.7,367.0,349.0,355.0,12400,355.0,2026-09-03T19:33:51.515540+00:00
2022-11-06,355.0,369.0,352.0,368.0,11506,368.0,2026-09-03T19:33:51.515540+00:00
2022-11-07,370.0,375.1,358.0,360.0,21055,360.0,2026-09-03T19:33:51.515540+00:00
2022-11-08,352.8,367.0,352.8,359.0,3993,359.0,2026-09-03T19:33:51.515540+00:00
2022-11-09,352.0,362.0,344.0,350.0,10700,350.0,2026-09-03T19:33:51.515540+00:00
2022-11-10,343.0,357.0,335.0,338.1,12352,338.1,2026-09-03T19:33:51.515540+00:00
2022-11-13,332.2,345.0,332.2,340.0,1673,340.0,2026-09-03T19:33:51.515540+00:00
2022-11-14,334.0,350.0,334.0,350.0,3655,350.0,2026-09-03T19:33:51.515540+00:00
2022-11-15,344.0,355.0,340.1,343.0,3688,343.0,2026-09-03T19:33:51.515540+00:00
2022-11-16,336.2,348.0,336.2,345.0,547,345.0,2026-09-03T19:33:51.515540+00:00
2022-11-17,339.0,355.9,339.0,353.0,5462,353.0,2026-09-03T19:33:51.515540+00:00
2022-11-22,360.0,375.0,360.0,375.0,37021,375.0,2026-09-03T19:33:51.515540+00:00
2022-11-23,367.7,396.0,367.7,396.0,26204,396.0,2026-09-03T19:33:51.515540+00:00
2022-11-24,388.1,397.9,385.0,390.0,14669,390.0,2026-09-03T19:33:51.515540+00:00
2022-11-27,392.0,424.9,385.0,404.0,30438,404.0,2026-09-03T19:33:51.515540+00:00
2022-11-28,412.0,412.0,388.0,388.0,18439,388.0,2026-09-03T19:33:51.515540+00:00
2022-11-29,380.5,400.0,380.4,399.0,20685,399.0,2026-09-03T19:33:51.515540+00:00
2022-11-30,391.1,397.0,390.0,391.1,9703,391.1,2026-09-03T19:33:51.515540+00:00
2022-12-01,389.0,397.0,386.0,390.0,9088,390.0,2026-09-03T19:33:51.515540+00:00
2022-12-04,383.0,395.9,383.0,390.0,5470,390.0,2026-09-03T19:33:51.515540+00:00
2022-12-05,396.5,396.5,373.0,376.0,12997,376.0,2026-09-03T19:33:51.515540+00:00
2022-12-06,381.0,382.0,370.0,378.0,3887,378.0,2026-09-03T19:33:51.515540+00:00
2022-12-07,370.5,381.9,370.5,377.0,4114,377.0,2026-09-03T19:33:51.515540+00:00
2022-12-11,369.5,372.0,364.2,364.2,6029,364.2,2026-09-03T19:33:51.515540+00:00
2022-12-12,370.0,377.0,364.0,373.0,3217,373.0,2026-09-03T19:33:51.515540+00:00
2022-12-13,379.0,379.0,367.5,367.5,2870,367.5,2026-09-03T19:33:51.515540+00:00
2022-12-14,374.8,389.0,365.2,375.0,1002,375.0,2026-09-03T19:33:51.515540+00:00
2022-12-15,380.5,380.5,364.1,373.0,1082,373.0,2026-09-03T19:33:51.515540+00:00
2022-12-18,372.0,372.0,358.7,361.0,8044,361.0,2026-09-03T19:33:51.515540+00:00
2022-12-19,368.0,374.0,359.1,359.5,2475,359.5,2026-09-03T19:33:51.515540+00:00
2022-12-20,365.9,374.4,365.0,370.0,4595,370.0,2026-09-03T19:33:51.515540+00:00
2022-12-21,366.0,372.0,364.6,364.6,2904,364.6,2026-09-03T19:33:51.515540+00:00
2022-12-22,365.0,365.0,353.0,360.0,3674,360.0,2026-09-03T19:33:51.515540+00:00
2022-12-26,367.0,377.9,367.0,377.9,8993,377.9,2026-09-03T19:33:51.515540+00:00
2022-12-27,385.4,415.6,385.3,411.0,66916,411.0,2026-09-03T19:33:51.515540+00:00
2022-12-28,412.0,428.0,395.0,420.0,41213,420.0,2026-09-03T19:33:51.515540+00:00
2022-12-29,411.6,446.2,404.0,444.0,49584,444.0,2026-09-03T19:33:51.515540+00:00
2023-01-01,451.0,457.0,440.0,444.0,46691,444.0,2026-09-03T19:33:51.515540+00:00
2023-01-02,435.2,446.0,430.0,435.0,36419,435.0,2026-09-03T19:33:51.515540+00:00
2023-01-03,442.8,442.8,425.0,427.0,21734,427.0,2026-09-03T19:33:51.515540+00:00
2023-01-04,425.0,442.0,425.0,438.0,38833,438.0,2026-09-03T19:33:51.515540+00:00
2023-01-05,446.7,454.0,436.0,442.6,34003,442.6,2026-09-03T19:33:51.515540+00:00
2023-01-08,437.0,451.2,434.0,445.0,63346,445.0,2026-09-03T19:33:51.515540+00:00
2023-01-09,436.2,469.0,436.2,460.0,48913,460.0,2026-09-03T19:33:51.515540+00:00
2023-01-10,469.2,484.5,418.6,433.0,46290,433.0,2026-09-03T19:33:51.515540+00:00
2023-01-12,441.6,459.4,418.3,425.3,29271,425.3,2026-09-03T19:33:51.515540+00:00
2023-01-17,433.8,441.0,418.0,438.0,16561,438.0,2026-09-03T19:33:51.515540+00:00
2023-01-18,445.0,452.8,429.3,433.5,35029,433.5,2026-09-03T19:33:51.515540+00:00
2023-01-19,440.0,440.0,418.0,426.0,10422,426.0,2026-09-03T19:33:51.515540+00:00
2023-01-23,427.0,437.0,419.2,420.3,18265,420.3,2026-09-03T19:33:51.515540+00:00
2023-01-24,411.9,440.0,406.0,440.0,40022,440.0,2026-09-03T19:33:51.515540+00:00
2023-01-25,431.2,444.0,422.0,423.0,26079,423.0,2026-09-03T19:33:51.515540+00:00
2023-01-26,431.0,437.5,424.0,426.9,9571,426.9,2026-09-03T19:33:51.515540+00:00
2023-01-29,419.0,429.0,416.1,416.7,9595,416.7,2026-09-03T19:33:51.515540+00:00
2023-01-30,415.0,417.0,391.0,398.0,21665,398.0,2026-09-03T19:33:51.515540+00:00
2023-01-31,391.0,406.0,390.0,395.1,17195,395.1,2026-09-03T19:33:51.515540+00:00
2023-02-01,403.0,403.0,395.0,395.0,10261,395.0,2026-09-03T19:33:51.515540+00:00
2023-02-02,395.0,400.0,382.1,386.0,15808,386.0,2026-09-03T19:33:51.515540+00:00
2023-02-05,386.0,402.0,386.0,402.0,19294,402.0,2026-09-03T19:33:51.515540+00:00
2023-02-06,405.0,413.0,400.0,413.0,13542,413.0,2026-09-03T19:33:51.515540+00:00
2023-02-07,418.0,440.0,415.0,440.0,48317,440.0,2026-09-03T19:33:51.515540+00:00
2023-02-08,432.0,447.0,424.4,437.5,39378,437.5,2026-09-03T19:33:51.515540+00:00
2023-02-09,429.0,439.9,421.0,434.9,15756,434.9,2026-09-03T19:33:51.515540+00:00
2023-02-12,426.3,426.3,409.0,417.0,16837,417.0,2026-09-03T19:33:51.515540+00:00
2023-02-14,409.0,415.0,405.1,412.9,8570,412.9,2026-09-03T19:33:51.515540+00:00
2023-02-15,410.0,412.0,397.1,398.6,10337,398.6,2026-09-03T19:33:51.515540+00:00
2023-02-16,391.0,417.0,391.0,395.1,15955,395.1,2026-09-03T19:33:51.515540+00:00
2023-02-20,390.0,403.0,390.0,393.0,9004,393.0,2026-09-03T19:33:51.515540+00:00
2023-02-22,399.0,408.0,399.0,406.9,7521,406.9,2026-09-03T19:33:51.515540+00:00
2023-02-23,400.0,400.0,387.7,392.0,11836,392.0,2026-09-03T19:33:51.515540+00:00
2023-02-26,384.2,401.8,375.0,397.0,13718,397.0,2026-09-03T19:33:51.515540+00:00
2023-02-27,404.0,408.9,383.0,395.0,11078,395.0,2026-09-03T19:33:51.515540+00:00
2023-02-28,402.9,402.9,382.0,390.1,6128,390.1,2026-09-03T19:33:51.515540+00:00
2023-03-01,396.0,396.0,385.0,387.9,7771,387.9,2026-09-03T19:33:51.515540+00:00
2023-03-02,383.2,389.0,381.4,381.4,3950,381.4,2026-09-03T19:33:51.515540+00:00
2023-03-05,389.0,389.0,370.2,375.0,3355,375.0,2026-09-03T19:33:51.515540+00:00
2023-03-07,380.0,387.0,376.0,376.0,3871,376.0,2026-09-03T19:33:51.515540+00:00
2023-03-09,383.0,393.0,382.0,392.0,6220,392.0,2026-09-03T19:33:51.515540+00:00
2023-03-12,399.8,399.8,380.2,380.2,8033,380.2,2026-09-03T19:33:51.515540+00:00
2023-03-13,380.3,395.6,375.0,379.0,6628,379.0,2026-09-03T19:33:51.515540+00:00
2023-03-14,380.0,394.9,374.0,384.0,2166,384.0,2026-09-03T19:33:51.515540+00:00
2023-03-15,390.0,390.0,377.0,382.0,2625,382.0,2026-09-03T19:33:51.515540+00:00
2023-03-16,389.0,389.0,378.0,378.0,5744,378.0,2026-09-03T19:33:51.515540+00:00
2023-03-19,380.1,384.9,379.1,380.0,6859,380.0,2026-09-03T19:33:51.515540+00:00
2023-03-20,386.0,388.0,378.2,386.0,6417,386.0,2026-09-03T19:33:51.515540+00:00
2023-03-22,386.0,392.0,376.4,389.9,9691,389.9,2026-09-03T19:33:51.515540+00:00
2023-03-23,383.0,383.0,375.0,379.0,10935,379.0,2026-09-03T19:33:51.515540+00:00
2023-03-26,372.0,379.0,372.0,373.5,3634,373.5,2026-09-03T19:33:51.515540+00:00
2023-03-27,380.0,380.0,372.0,375.0,9313,375.0,2026-09-03T19:33:51.515540+00:00
2023-03-28,377.0,384.0,371.0,372.0,7695,372.0,2026-09-03T19:33:51.515540+00:00
2023-03-29,370.1,373.0,368.0,368.0,6550,368.0,2026-09-03T19:33:51.515540+00:00
2023-03-30,374.9,381.9,366.0,366.0,6531,366.0,2026-09-03T19:33:51.515540+00:00
2023-04-02,370.0,375.0,359.0,359.5,10191,359.5,2026-09-03T19:33:51.515540+00:00
2023-04-03,366.6,381.3,350.0,361.8,7816,361.8,2026-09-03T19:33:51.515540+00:00
2023-04-04,360.0,365.0,359.2,362.0,3045,362.0,2026-09-03T19:33:51.515540+00:00
2023-04-05,362.5,367.0,359.0,366.9,2216,366.9,2026-09-03T19:33:51.515540+00:00
2023-04-06,366.9,371.0,353.0,361.0,5137,361.0,2026-09-03T19:33:51.515540+00:00
2023-04-09,355.0,361.0,350.0,357.0,2399,357.0,2026-09-03T19:33:51.515540+00:00
2023-04-10,353.0,360.0,348.0,353.0,3387,353.0,2026-09-03T19:33:51.515540+00:00
2023-04-11,360.0,360.0,353.0,359.4,3420,359.4,2026-09-03T19:33:51.515540+00:00
2023-04-12,366.5,392.9,365.0,392.9,10992,392.9,2026-09-03T19:33:51.515540+00:00
2023-04-13,400.0,400.0,377.0,377.0,9075,377.0,2026-09-03T19:33:51.515540+00:00
2023-04-16,372.2,384.4,372.2,377.2,2325,377.2,2026-09-03T19:33:51.515540+00:00
2023-04-17,377.5,384.5,368.0,369.0,4698,369.0,2026-09-03T19:33:51.515540+00:00
2023-04-18,376.3,376.3,361.7,369.2,2703,369.2,2026-09-03T19:33:51.515540+00:00
2023-04-19,376.0,391.6,367.0,368.1,6035,368.1,2026-09-03T19:33:51.515540+00:00
2023-04-20,365.0,375.3,362.6,364.5,2358,364.5,2026-09-03T19:33:51.515540+00:00
2023-04-23,360.0,363.0,357.6,361.0,4711,361.0,2026-09-03T19:33:51.515540+00:00
2023-04-24,356.1,363.2,356.0,360.0,3366,360.0,2026-09-03T19:33:51.515540+00:00
2023-04-25,355.1,365.0,355.1,362.1,2514,362.1,2026-09-03T19:33:51.515540+00:00
2023-04-26,362.0,369.0,355.5,362.6,3585,362.6,2026-09-03T19:33:51.515540+00:00
2023-04-27,369.8,379.0,359.1,363.5,3426,363.5,2026-09-03T19:33:51.515540+00:00
2023-04-30,363.5,363.5,353.0,354.1,3954,354.1,2026-09-03T19:33:51.515540+00:00
2023-05-02,356.0,359.9,348.0,349.1,4132,349.1,2026-09-03T19:33:51.515540+00:00
2023-05-03,343.0,364.6,343.0,350.0,2667,350.0,2026-09-03T19:33:51.515540+00:00
2023-05-04,350.0,355.0,349.6,353.9,2050,353.9,2026-09-03T19:33:51.515540+00:00
2023-05-07,353.0,353.0,345.0,345.0,3861,345.0,2026-09-03T19:33:51.515540+00:00
2023-05-08,338.1,347.0,338.1,345.0,3523,345.0,2026-09-03T19:33:51.515540+00:00
2023-05-09,338.1,357.0,338.1,343.5,4235,343.5,2026-09-03T19:33:51.515540+00:00
2023-05-10,349.0,350.0,343.0,350.0,4331,350.0,2026-09-03T19:33:51.515540+00:00
2023-05-11,355.0,363.0,342.0,348.0,4210,348.0,2026-09-03T19:33:51.515540+00:00
2023-05-14,354.0,359.0,339.0,339.0,4048,339.0,2026-09-03T19:33:51.515540+00:00
2023-05-15,336.0,350.0,336.0,350.0,686,350.0,2026-09-03T19:33:51.515540+00:00
2023-05-16,357.0,357.0,343.0,350.0,1057,350.0,2026-09-03T19:33:51.515540+00:00
2023-05-17,350.0,354.7,348.0,352.0,3580,352.0,2026-09-03T19:33:51.515540+00:00
2023-05-18,348.0,365.0,348.0,362.0,4511,362.0,2026-09-03T19:33:51.515540+00:00
2023-05-21,368.0,368.0,355.0,356.0,5702,356.0,2026-09-03T19:33:51.515540+00:00
2023-05-22,362.0,362.0,353.0,353.0,3767,353.0,2026-09-03T19:33:51.515540+00:00
2023-05-23,360.0,372.0,360.0,364.0,4150,364.0,2026-09-03T19:33:51.515540+00:00
2023-05-24,371.0,371.0,363.0,365.0,4358,365.0,2026-09-03T19:33:51.515540+00:00
2023-05-28,358.2,368.0,357.0,357.0,8149,357.0,2026-09-03T19:33:51.515540+00:00
2023-05-30,357.0,357.0,346.6,354.0,6795,354.0,2026-09-03T19:33:51.515540+00:00
2023-05-31,347.0,360.0,341.0,345.0,8014,345.0,2026-09-03T19:33:51.515540+00:00
2023-06-01,351.0,358.0,346.0,346.0,4625,346.0,2026-09-03T19:33:51.515540+00:00
2023-06-04,352.9,360.0,352.9,354.1,2453,354.1,2026-09-03T19:33:51.515540+00:00
2023-06-05,361.1,365.0,353.0,357.0,7804,357.0,2026-09-03T19:33:51.515540+00:00
2023-06-06,351.0,360.0,351.0,360.0,2912,360.0,2026-09-03T19:33:51.515540+00:00
2023-06-07,364.0,365.8,353.4,357.0,5437,357.0,2026-09-03T19:33:51.515540+00:00
2023-06-08,350.0,364.0,350.0,364.0,8946,364.0,2026-09-03T19:33:51.515540+00:00
2023-06-11,360.0,390.0,360.0,388.0,24412,388.0,2026-09-03T19:33:51.515540+00:00
2023-06-12,388.0,396.0,379.0,387.0,18019,387.0,2026-09-03T19:33:51.515540+00:00
2023-06-13,387.0,397.0,384.9,391.2,21487,391.2,2026-09-03T19:33:51.515540+00:00
2023-06-14,395.0,405.0,376.0,390.0,14859,390.0,2026-09-03T19:33:51.515540+00:00
2023-06-15,383.3,390.0,383.0,383.1,5426,383.1,2026-09-03T19:33:51.515540+00:00
2023-06-18,389.9,394.9,383.0,390.0,19634,390.0,2026-09-03T19:33:51.515540+00:00
2023-06-19,383.0,423.0,382.2,417.9,33176,417.9,2026-09-03T19:33:51.515540+00:00
2023-06-20,424.9,425.0,395.0,396.0,26942,396.0,2026-09-03T19:33:51.515540+00:00
2023-06-21,400.0,402.0,390.0,390.0,14586,390.0,2026-09-03T19:33:51.515540+00:00
2023-06-22,390.0,400.0,385.0,385.1,13976,385.1,2026-09-03T19:33:51.515540+00:00
2023-06-25,386.0,408.0,386.0,404.5,18018,404.5,2026-09-03T19:33:51.515540+00:00
2023-06-26,411.0,424.0,397.0,414.9,36168,414.9,2026-09-03T19:33:51.515540+00:00
2023-06-27,419.0,428.0,415.0,425.0,35006,425.0,2026-09-03T19:33:51.515540+00:00
2023-06-28,420.1,425.0,407.7,414.0,31159,414.0,2026-09-03T19:33:51.515540+00:00
2023-07-02,422.0,422.0,390.0,396.0,11165,396.0,2026-09-03T19:33:51.515540+00:00
2023-07-03,400.0,405.0,392.0,393.0,14127,393.0,2026-09-03T19:33:51.515540+00:00
2023-07-04,400.0,408.0,391.0,398.0,6288,398.0,2026-09-03T19:33:51.515540+00:00
2023-07-05,400.0,413.6,387.1,388.0,21172,388.0,2026-09-03T19:33:51.515540+00:00
2023-07-06,383.6,396.0,383.6,388.5,9740,388.5,2026-09-03T19:33:51.515540+00:00
2023-07-09,396.2,407.7,385.0,395.7,9690,395.7,2026-09-03T19:33:51.515540+00:00
2023-07-10,390.1,413.9,390.1,403.9,23734,403.9,2026-09-03T19:33:51.515540+00:00
2023-07-11,404.0,423.0,395.9,417.0,40998,417.0,2026-09-03T19:33:51.515540+00:00
2023-07-12,421.0,429.8,405.0,408.9,14533,408.9,2026-09-03T19:33:51.515540+00:00
2023-07-13,404.0,418.0,403.0,404.0,17384,404.0,2026-09-03T19:33:51.515540+00:00
2023-07-16,397.1,409.0,397.1,409.0,18009,409.0,2026-09-03T19:33:51.515540+00:00
2023-07-17,400.9,421.0,400.9,420.0,20857,420.0,2026-09-03T19:33:51.515540+00:00
2023-07-18,427.0,441.0,421.0,431.0,68122,431.0,2026-09-03T19:33:51.515540+00:00
2023-07-19,439.0,439.0,423.0,429.0,19462,429.0,2026-09-03T19:33:51.515540+00:00
2023-07-20,430.0,430.0,417.0,417.0,13237,417.0,2026-09-03T19:33:51.515540+00:00
2023-07-23,421.8,436.9,418.0,432.0,14607,432.0,2026-09-03T19:33:51.515540+00:00
2023-07-24,432.0,439.0,424.0,425.0,22682,425.0,2026-09-03T19:33:51.515540+00:00
2023-07-25,417.3,424.3,404.1,408.0,18331,408.0,2026-09-03T19:33:51.515540+00:00
2023-07-26,410.0,417.0,404.0,410.0,12283,410.0,2026-09-03T19:33:51.515540+00:00
2023-07-27,418.0,418.0,399.0,399.0,14917,399.0,2026-09-03T19:33:51.515540+00:00
2023-07-30,400.0,400.0,390.3,393.0,15546,393.0,2026-09-03T19:33:51.515540+00:00
2023-07-31,400.0,401.5,393.0,394.0,10570,394.0,2026-09-03T19:33:51.515540+00:00
2023-08-01,401.8,417.9,390.0,394.0,13865,394.0,2026-09-03T19:33:51.515540+00:00
2023-08-02,399.0,399.0,387.0,396.9,3889,396.9,2026-09-03T19:33:51.515540+00:00
2023-08-03,404.7,404.7,390.0,394.9,4537,394.9,2026-09-03T19:33:51.515540+00:00
2023-08-06,395.2,395.2,380.0,382.0,7050,382.0,2026-09-03T19:33:51.515540+00:00
2023-08-07,376.0,396.0,375.0,383.0,6260,383.0,2026-09-03T19:33:51.515540+00:00
2023-08-08,390.6,398.4,370.0,370.1,12789,370.1,2026-09-03T19:33:51.515540+00:00
2023-08-09,366.1,379.4,365.0,379.4,9519,379.4,2026-09-03T19:33:51.515540+00:00
2023-08-10,372.0,384.5,371.9,379.0,4916,379.0,2026-09-03T19:33:51.515540+00:00
2023-08-13,372.0,384.5,370.0,370.0,6410,370.0,2026-09-03T19:33:51.515540+00:00
2023-08-14,364.1,383.2,364.1,375.0,2232,375.0,2026-09-03T19:33:51.515540+00:00
2023-08-15,367.5,380.0,364.0,370.0,6926,370.0,2026-09-03T19:33:51.515540+00:00
2023-08-16,362.6,367.0,357.0,357.0,6960,357.0,2026-09-03T19:33:51.515540+00:00
2023-08-17,363.0,370.2,359.0,360.0,6309,360.0,2026-09-03T19:33:51.515540+00:00
2023-08-20,353.2,366.9,350.0,366.9,8161,366.9,2026-09-03T19:33:51.515540+00:00
2023-08-21,360.0,365.0,358.0,358.0,3327,358.0,2026-09-03T19:33:51.515540+00:00
2023-08-22,351.0,366.0,351.0,361.8,2553,361.8,2026-09-03T19:33:51.515540+00:00
2023-08-23,366.0,366.0,360.0,365.9,11056,365.9,2026-09-03T19:33:51.515540+00:00
2023-08-24,369.0,369.0,355.0,358.9,4830,358.9,2026-09-03T19:33:51.515540+00:00
2023-08-27,365.0,365.0,352.5,354.0,1069,354.0,2026-09-03T19:33:51.515540+00:00
2023-08-28,356.0,359.9,353.0,359.8,8887,359.8,2026-09-03T19:33:51.515540+00:00
2023-08-29,352.7,366.0,350.0,357.0,3105,357.0,2026-09-03T19:33:51.515540+00:00
2023-08-30,350.2,357.1,350.1,354.0,2177,354.0,2026-09-03T19:33:51.515540+00:00
2023-09-03,352.0,352.0,347.0,349.2,4082,349.2,2026-09-03T19:33:51.515540+00:00
2023-09-04,356.0,356.0,342.0,343.0,5498,343.0,2026-09-03T19:33:51.515540+00:00
2023-09-05,345.0,345.0,340.0,340.0,5518,340.0,2026-09-03T19:33:51.515540+00:00
2023-09-07,337.0,342.8,336.0,338.0,3435,338.0,2026-09-03T19:33:51.515540+00:00
2023-09-10,339.0,342.9,339.0,342.8,5169,342.8,2026-09-03T19:33:51.515540+00:00
2023-09-11,342.0,354.0,340.3,350.0,10275,350.0,2026-09-03T19:33:51.515540+00:00
2023-09-12,356.8,357.0,347.0,349.0,2486,349.0,2026-09-03T19:33:51.515540+00:00
2023-09-13,349.6,357.0,349.0,355.0,4614,355.0,2026-09-03T19:33:51.515540+00:00
2023-09-17,356.0,360.0,343.0,347.0,2858,347.0,2026-09-03T19:33:51.515540+00:00
2023-09-18,351.0,351.0,344.0,349.9,1122,349.9,2026-09-03T19:33:51.515540+00:00
2023-09-19,345.0,356.8,345.0,356.8,871,356.8,2026-09-03T19:33:51.515540+00:00
2023-09-21,363.9,371.1,363.9,371.0,6890,371.0,2026-09-03T19:33:51.515540+00:00
2023-09-24,371.0,373.8,357.2,367.0,7342,367.0,2026-09-03T19:33:51.515540+00:00
2023-09-25,365.0,368.0,359.8,359.8,2956,359.8,2026-09-03T19:33:51.515540+00:00
2023-09-26,366.0,373.0,362.0,366.0,6218,366.0,2026-09-03T19:33:51.515540+00:00
2023-09-27,360.0,367.2,359.0,363.0,3481,363.0,2026-09-03T19:33:51.515540+00:00
2023-10-01,363.0,363.0,352.0,352.0,1994,352.0,2026-09-03T19:33:51.515540+00:00
2023-10-02,355.0,355.0,348.0,350.4,7977,350.4,2026-09-03T19:33:51.515540+00:00
2023-10-03,347.0,355.0,347.0,355.0,1833,355.0,2026-09-03T19:33:51.515540+00:00
2023-10-04,348.0,365.0,348.0,360.0,3690,360.0,2026-09-03T19:33:51.515540+00:00
2023-10-05,357.0,357.0,353.0,353.9,1309,353.9,2026-09-03T19:33:51.515540+00:00
2023-10-08,349.1,362.0,342.2,342.2,6892,342.2,2026-09-03T19:33:51.515540+00:00
2023-10-09,345.0,350.0,341.0,347.0,2342,347.0,2026-09-03T19:33:51.515540+00:00
2023-10-10,345.1,349.0,342.0,342.2,5360,342.2,2026-09-03T19:33:51.515540+00:00
2023-10-11,348.9,348.9,341.0,342.7,2138,342.7,2026-09-03T19:33:51.515540+00:00
2023-10-12,340.0,344.0,337.0,343.0,3517,343.0,2026-09-03T19:33:51.515540+00:00
2023-10-16,339.0,342.0,338.2,341.0,2346,341.0,2026-09-03T19:33:51.515540+00:00
2023-10-17,347.7,347.7,337.2,346.0,1947,346.0,2026-09-03T19:33:51.515540+00:00
2023-10-18,352.5,358.9,346.0,357.0,1852,357.0,2026-09-03T19:33:51.515540+00:00
2023-10-19,350.0,361.0,344.6,360.0,11794,360.0,2026-09-03T19:33:51.515540+00:00
2023-10-29,360.0,360.0,346.1,352.5,424,352.5,2026-09-03T19:33:51.515540+00:00
2023-10-30,346.1,355.0,345.5,355.0,907,355.0,2026-09-03T19:33:51.515540+00:00
2023-10-31,355.0,355.0,342.3,348.0,795,348.0,2026-09-03T19:33:51.515540+00:00
2023-11-01,343.0,371.0,343.0,350.0,195,350.0,2026-09-03T19:33:51.515540+00:00
2023-11-02,343.1,347.5,337.0,338.2,5822,338.2,2026-09-03T19:33:51.515540+00:00
2023-11-05,332.0,338.0,326.0,329.0,5417,329.0,2026-09-03T19:33:51.515540+00:00
2023-11-06,335.5,348.0,329.0,330.7,3150,330.7,2026-09-03T19:33:51.515540+00:00
2023-11-07,331.1,341.0,331.1,340.0,3449,340.0,2026-09-03T19:33:51.515540+00:00
2023-11-06,335.5,348.0,329.0,330.7,3150,330.7,2026-09-03T19:33:51.515540+00:00
2023-11-07,331.1,341.0,331.1,340.0,3449,340.0,2026-09-03T19:33:51.515540+00:00
2023-11-08,341.0,341.0,334.2,335.0,671,335.0,2026-09-03T19:33:51.515540+00:00
2023-11-09,330.2,334.0,330.0,331.5,2255,331.5,2026-09-03T19:33:51.515540+00:00
2023-11-20,335.0,337.0,323.5,323.5,2969,323.5,2026-09-03T19:33:51.515540+00:00
2023-11-21,320.0,329.9,316.7,328.5,2787,328.5,2026-09-03T19:33:51.515540+00:00
2023-11-22,325.0,334.9,320.0,334.9,3049,334.9,2026-09-03T19:33:51.515540+00:00
2023-11-23,328.3,340.0,328.3,330.0,4984,330.0,2026-09-03T19:33:51.515540+00:00
2023-11-26,336.6,343.0,336.1,338.5,3726,338.5,2026-09-03T19:33:51.515540+00:00
2023-11-27,333.0,343.0,333.0,340.1,3086,340.1,2026-09-03T19:33:51.515540+00:00
2023-11-28,343.9,343.9,334.0,334.0,3239,334.0,2026-09-03T19:33:51.515540+00:00
2023-11-29,340.0,340.0,322.2,322.2,2833,322.2,2026-09-03T19:33:51.515540+00:00
2023-11-30,328.6,334.0,325.0,326.0,2304,326.0,2026-09-03T19:33:51.515540+00:00
2023-12-03,320.0,334.9,320.0,334.9,5061,334.9,2026-09-03T19:33:51.515540+00:00
2023-12-04,334.8,339.0,333.0,335.0,2522,335.0,2026-09-03T19:33:51.515540+00:00
2023-12-05,336.0,336.0,330.0,333.5,793,333.5,2026-09-03T19:33:51.515540+00:00
2023-12-06,330.0,333.0,330.0,330.0,1565,330.0,2026-09-03T19:33:51.515540+00:00
2023-12-07,330.1,336.6,327.0,335.0,2515,335.0,2026-09-03T19:33:51.515540+00:00
2023-12-10,341.7,355.4,341.7,355.4,200,355.4,2026-09-03T19:33:51.515540+00:00
2023-12-11,362.0,362.0,343.1,349.0,5958,349.0,2026-09-03T19:33:51.515540+00:00
2023-12-12,345.0,365.0,345.0,358.0,17371,358.0,2026-09-03T19:33:51.515540+00:00
2023-12-13,360.0,372.0,360.0,365.1,17225,365.1,2026-09-03T19:33:51.515540+00:00
2023-12-14,364.0,370.0,362.1,368.0,5585,368.0,2026-09-03T19:33:51.515540+00:00
2023-12-17,365.5,380.0,362.0,380.0,17055,380.0,2026-09-03T19:33:51.515540+00:00
2023-12-18,385.0,399.8,375.0,385.0,26478,385.0,2026-09-03T19:33:51.515540+00:00
2023-12-19,392.0,394.5,380.0,391.0,18037,391.0,2026-09-03T19:33:51.515540+00:00
2023-12-20,385.1,398.0,380.0,387.0,13165,387.0,2026-09-03T19:33:51.515540+00:00
2023-12-21,387.0,394.6,369.0,369.0,15973,369.0,2026-09-03T19:33:51.515540+00:00
2023-12-24,370.0,375.0,366.6,366.9,10078,366.9,2026-09-03T19:33:51.515540+00:00
2023-12-27,366.9,370.0,355.5,362.9,6172,362.9,2026-09-03T19:33:51.515540+00:00
2023-12-28,363.1,363.1,355.7,359.8,16549,359.8,2026-09-03T19:33:51.515540+00:00
2024-01-01,366.0,370.0,358.0,358.0,10336,358.0,2026-09-03T19:33:51.515540+00:00
2024-01-02,355.0,358.0,351.1,356.9,3876,356.9,2026-09-03T19:33:51.515540+00:00
2024-01-03,359.0,364.0,355.0,360.0,5165,360.0,2026-09-03T19:33:51.515540+00:00
2024-01-04,360.0,365.0,341.0,341.0,6956,341.0,2026-09-03T19:33:51.515540+00:00
2024-01-07,334.2,363.0,334.2,346.2,14016,346.2,2026-09-03T19:33:51.515540+00:00
2024-01-08,352.0,360.9,352.0,357.0,6772,357.0,2026-09-03T19:33:51.515540+00:00
2024-01-09,364.0,380.0,361.1,376.9,22260,376.9,2026-09-03T19:33:51.515540+00:00
2024-01-10,384.0,388.5,374.0,374.0,15791,374.0,2026-09-03T19:33:51.515540+00:00
2024-01-11,378.0,380.0,360.0,365.0,13724,365.0,2026-09-03T19:33:51.515540+00:00
2024-01-14,372.3,378.3,370.1,375.0,10645,375.0,2026-09-03T19:33:51.515540+00:00
2024-01-16,380.0,392.5,380.0,389.0,38519,389.0,2026-09-03T19:33:51.515540+00:00
2024-01-17,391.0,408.0,379.4,380.0,55570,380.0,2026-09-03T19:33:51.515540+00:00
2024-01-18,375.0,385.0,373.6,379.5,16028,379.5,2026-09-03T19:33:51.515540+00:00
2024-01-21,375.0,388.6,372.0,372.1,13134,372.1,2026-09-03T19:33:51.515540+00:00
2024-01-22,367.5,379.0,361.0,361.1,6811,361.1,2026-09-03T19:33:51.515540+00:00
2024-01-23,368.3,368.5,361.0,365.0,6440,365.0,2026-09-03T19:33:51.515540+00:00
2024-01-24,370.9,370.9,358.0,358.0,8713,358.0,2026-09-03T19:33:51.515540+00:00
2024-01-25,352.8,362.9,352.8,362.9,8870,362.9,2026-09-03T19:33:51.515540+00:00
2024-01-28,363.9,370.0,359.0,364.9,5705,364.9,2026-09-03T19:33:51.515540+00:00
2024-01-29,370.0,370.0,362.6,367.0,3555,367.0,2026-09-03T19:33:51.515540+00:00
2024-01-30,360.0,374.0,360.0,372.0,4310,372.0,2026-09-03T19:33:51.515540+00:00
2024-01-31,366.1,373.0,360.0,360.0,10674,360.0,2026-09-03T19:33:51.515540+00:00
2024-02-01,358.0,374.0,357.7,364.0,20454,364.0,2026-09-03T19:33:51.515540+00:00
2024-02-04,357.0,371.0,357.0,363.3,5017,363.3,2026-09-03T19:33:51.515540+00:00
2024-02-05,360.3,371.2,360.3,369.0,5546,369.0,2026-09-03T19:33:51.515540+00:00
2024-02-06,362.0,375.0,362.0,371.0,2514,371.0,2026-09-03T19:33:51.515540+00:00
2024-02-07,375.8,375.8,368.0,368.0,6322,368.0,2026-09-03T19:33:51.515540+00:00
2024-02-08,375.0,375.0,363.0,369.6,2072,369.6,2026-09-03T19:33:51.515540+00:00
2024-02-11,365.5,378.0,365.4,372.7,15485,372.7,2026-09-03T19:33:51.515540+00:00
2024-02-12,380.0,380.0,367.5,370.9,4590,370.9,2026-09-03T19:33:51.515540+00:00
2024-02-13,377.0,377.0,363.0,363.0,9212,363.0,2026-09-03T19:33:51.515540+00:00
2024-02-14,370.2,395.0,369.1,386.0,59521,386.0,2026-09-03T19:33:51.515540+00:00
2024-02-15,380.1,389.9,374.0,378.0,9435,378.0,2026-09-03T19:33:51.515540+00:00
2024-02-18,380.0,385.0,365.6,369.0,8427,369.0,2026-09-03T19:33:51.515540+00:00
2024-02-20,376.0,376.0,365.6,370.0,2840,370.0,2026-09-03T19:33:51.515540+00:00
2024-02-21,371.1,374.0,366.0,366.0,5927,366.0,2026-09-03T19:33:51.515540+00:00
2024-02-22,373.0,383.5,361.2,363.0,20151,363.0,2026-09-03T19:33:51.515540+00:00
2024-02-25,370.2,377.4,356.1,363.0,21450,363.0,2026-09-03T19:33:51.515540+00:00
2024-02-26,370.0,370.0,363.0,368.9,4493,368.9,2026-09-03T19:33:51.515540+00:00
2024-02-27,365.0,369.9,365.0,366.1,1809,366.1,2026-09-03T19:33:51.515540+00:00
2024-02-28,365.0,370.6,362.0,363.0,4731,363.0,2026-09-03T19:33:51.515540+00:00
2024-02-29,370.0,370.0,352.3,354.0,13665,354.0,2026-09-03T19:33:51.515540+00:00
2024-03-03,350.0,355.0,350.0,351.0,4219,351.0,2026-09-03T19:33:51.515540+00:00
2024-03-04,358.0,365.1,358.0,365.1,20,365.1,2026-09-03T19:33:51.515540+00:00
2024-03-05,372.4,379.8,360.1,370.2,9898,370.2,2026-09-03T19:33:51.515540+00:00
2024-03-06,376.0,376.0,355.0,368.0,11204,368.0,2026-09-03T19:33:51.515540+00:00
2024-03-07,375.0,375.0,364.3,369.9,5165,369.9,2026-09-03T19:33:51.515540+00:00
2024-03-10,376.9,376.9,369.4,370.2,7392,370.2,2026-09-03T19:33:51.515540+00:00
2024-03-12,377.0,384.4,370.0,380.0,15511,380.0,2026-09-03T19:33:51.515540+00:00
2024-03-13,386.9,394.7,381.0,388.1,18982,388.1,2026-09-03T19:33:51.515540+00:00
2024-03-14,385.0,396.7,378.0,385.0,17290,385.0,2026-09-03T19:33:51.515540+00:00
2024-03-17,385.0,391.9,382.1,385.0,5252,385.0,2026-09-03T19:33:51.515540+00:00
2024-03-18,390.0,408.0,386.3,389.5,14516,389.5,2026-09-03T19:33:51.515540+00:00
2024-03-19,397.0,413.0,397.0,399.3,61308,399.3,2026-09-03T19:33:51.515540+00:00
2024-03-20,406.0,406.0,387.1,390.0,15117,390.0,2026-09-03T19:33:51.515540+00:00
2024-03-21,390.0,410.0,390.0,394.0,35417,394.0,2026-09-03T19:33:51.515540+00:00
2024-03-25,387.1,399.8,381.1,390.0,10402,390.0,2026-09-03T19:33:51.515540+00:00
2024-03-26,396.0,396.0,384.2,388.0,11080,388.0,2026-09-03T19:33:51.515540+00:00
2024-03-27,395.7,395.7,381.0,385.0,10357,385.0,2026-09-03T19:33:51.515540+00:00
2024-03-28,379.0,389.5,378.1,386.9,7920,386.9,2026-09-03T19:33:51.515540+00:00
2024-03-31,385.0,389.5,380.2,383.9,11690,383.9,2026-09-03T19:33:51.515540+00:00
2024-04-01,382.9,390.0,380.1,381.0,7570,381.0,2026-09-03T19:33:51.515540+00:00
2024-04-02,387.8,396.2,383.2,386.0,5486,386.0,2026-09-03T19:33:51.515540+00:00
2024-04-03,392.0,392.0,381.0,382.0,6074,382.0,2026-09-03T19:33:51.515540+00:00
2024-04-04,388.9,388.9,381.2,382.0,5941,382.0,2026-09-03T19:33:51.515540+00:00
2024-04-07,380.1,420.2,380.0,420.2,133480,420.2,2026-09-03T19:33:51.515540+00:00
2024-04-09,428.6,462.2,428.6,462.2,148118,462.2,2026-09-03T19:33:51.515540+00:00
2024-04-10,471.4,483.0,453.0,462.0,96678,462.0,2026-09-03T19:33:51.515540+00:00
2024-04-14,471.0,471.0,455.0,459.0,40416,459.0,2026-09-03T19:33:51.515540+00:00
2024-04-15,468.0,468.0,438.0,439.8,31662,439.8,2026-09-03T19:33:51.515540+00:00
2024-04-16,432.0,440.6,426.6,429.0,23822,429.0,2026-09-03T19:33:51.515540+00:00
2024-04-18,437.5,456.8,436.0,439.0,47518,439.0,2026-09-03T19:33:51.515540+00:00
2024-04-21,430.3,474.0,418.2,450.0,35479,450.0,2026-09-03T19:33:51.515540+00:00
2024-04-22,450.0,457.0,431.4,433.2,19006,433.2,2026-09-03T19:33:51.515540+00:00
2024-04-24,441.0,460.0,426.0,447.6,46087,447.6,2026-09-03T19:33:51.515540+00:00
2024-04-25,455.0,471.0,448.5,455.0,68179,455.0,2026-09-03T19:33:51.515540+00:00
2024-04-28,464.1,478.0,455.2,470.0,62028,470.0,2026-09-03T19:33:51.515540+00:00
2024-04-29,479.4,517.0,458.9,517.0,187580,517.0,2026-09-03T19:33:51.515540+00:00
2024-04-30,527.3,568.0,520.0,535.0,164002,535.0,2026-09-03T19:33:51.515540+00:00
2024-05-02,540.0,558.0,521.1,545.0,94100,545.0,2026-09-03T19:33:51.515540+00:00
2024-05-05,545.0,552.5,510.0,514.0,80133,514.0,2026-09-03T19:33:51.515540+00:00
2024-05-06,510.0,534.0,471.0,502.1,120169,502.1,2026-09-03T19:33:51.515540+00:00
2024-05-07,495.0,517.0,486.0,497.9,33109,497.9,2026-09-03T19:33:51.515540+00:00
2024-05-08,506.8,528.2,496.0,518.1,47934,518.1,2026-09-03T19:33:51.515540+00:00
2024-05-09,526.9,539.9,515.0,516.0,76205,516.0,2026-09-03T19:33:51.515540+00:00
2024-05-12,516.0,528.0,509.0,511.0,28449,511.0,2026-09-03T19:33:51.515540+00:00
2024-05-13,500.8,521.0,500.8,510.0,31507,510.0,2026-09-03T19:33:51.515540+00:00
2024-05-14,500.0,520.0,500.0,512.7,40874,512.7,2026-09-03T19:33:51.515540+00:00
2024-05-15,512.7,526.3,503.0,516.0,50573,516.0,2026-09-03T19:33:51.515540+00:00
2024-05-16,505.7,550.0,500.0,510.0,37934,510.0,2026-09-03T19:33:51.515540+00:00
2024-05-19,520.2,520.2,505.2,508.0,23665,508.0,2026-09-03T19:33:51.515540+00:00
2024-05-20,502.0,512.0,490.2,491.0,42445,491.0,2026-09-03T19:33:51.515540+00:00
2024-05-21,481.2,540.1,481.2,540.1,184552,540.1,2026-09-03T19:33:51.515540+00:00
2024-05-22,550.6,569.9,541.0,544.0,101732,544.0,2026-09-03T19:33:51.515540+00:00
2024-05-26,554.8,554.8,525.7,527.1,42536,527.1,2026-09-03T19:33:51.515540+00:00
2024-05-27,519.0,544.0,519.0,530.0,30015,530.0,2026-09-03T19:33:51.515540+00:00
2024-05-29,540.6,570.0,532.2,548.7,112337,548.7,2026-09-03T19:33:51.515540+00:00
2024-05-30,554.9,571.2,544.1,559.9,242731,559.9,2026-09-03T19:33:51.515540+00:00
2024-06-02,560.0,576.1,540.0,569.9,138500,569.9,2026-09-03T19:33:51.515540+00:00
2024-06-03,581.2,581.2,550.0,561.0,73393,561.0,2026-09-03T19:33:51.515540+00:00
2024-06-04,550.1,571.2,548.0,567.9,97138,567.9,2026-09-03T19:33:51.515540+00:00
2024-06-05,557.0,609.0,557.0,579.3,86293,579.3,2026-09-03T19:33:51.515540+00:00
2024-06-06,570.0,600.0,556.0,569.9,87170,569.9,2026-09-03T19:33:51.515540+00:00
2024-06-09,559.0,617.0,548.0,617.0,106457,617.0,2026-09-03T19:33:51.515540+00:00
2024-06-10,605.0,605.0,555.3,563.5,299651,563.5,2026-09-03T19:33:51.515540+00:00
2024-06-11,552.3,576.0,541.0,572.9,190124,572.9,2026-09-03T19:33:51.515540+00:00
2024-06-12,572.0,577.3,554.0,554.0,143110,554.0,2026-09-03T19:33:51.515540+00:00
2024-06-13,543.0,563.0,540.0,540.0,121220,540.0,2026-09-03T19:33:51.515540+00:00
2024-06-16,550.0,552.7,536.2,546.8,111072,546.8,2026-09-03T19:33:51.515540+00:00
2024-06-18,557.7,557.7,534.0,535.0,36852,535.0,2026-09-03T19:33:51.515540+00:00
2024-06-19,524.3,565.0,524.3,555.0,123945,555.0,2026-09-03T19:33:51.515540+00:00
2024-06-20,543.9,566.4,543.9,555.0,74762,555.0,2026-09-03T19:33:51.515540+00:00
2024-06-23,566.0,575.7,555.0,570.0,100731,570.0,2026-09-03T19:33:51.515540+00:00
2024-06-24,581.0,612.0,565.0,599.0,218206,599.0,2026-09-03T19:33:51.515540+00:00
2024-06-25,587.1,615.9,577.0,577.0,77650,577.0,2026-09-03T19:33:51.515540+00:00
2024-06-26,588.0,596.2,566.2,578.0,63462,578.0,2026-09-03T19:33:51.515540+00:00
2024-06-27,570.0,599.0,570.0,585.0,135665,585.0,2026-09-03T19:33:51.515540+00:00
2024-06-30,573.3,620.0,573.3,596.0,198254,596.0,2026-09-03T19:33:51.515540+00:00
2024-07-01,584.1,624.8,584.1,605.0,160641,605.0,2026-09-03T19:33:51.515540+00:00
2024-07-02,617.1,653.8,605.0,631.1,115372,631.1,2026-09-03T19:33:51.515540+00:00
2024-07-03,620.0,679.0,620.0,674.9,188866,674.9,2026-09-03T19:33:51.515540+00:00
2024-07-04,674.0,682.0,643.0,649.9,134769,649.9,2026-09-03T19:33:51.515540+00:00
2024-07-07,649.0,680.2,635.1,680.2,132309,680.2,2026-09-03T19:33:51.515540+00:00
2024-07-08,693.8,693.8,641.0,671.9,232869,671.9,2026-09-03T19:33:51.515540+00:00
2024-07-09,680.0,720.0,632.0,650.0,203525,650.0,2026-09-03T19:33:51.515540+00:00
2024-07-10,663.0,700.0,663.0,694.9,216090,694.9,2026-09-03T19:33:51.515540+00:00
2024-07-11,681.1,755.8,681.1,755.8,164026,755.8,2026-09-03T19:33:51.515540+00:00
2024-07-14,750.0,831.0,700.0,825.0,327343,825.0,2026-09-03T19:33:51.515540+00:00
2024-07-15,808.5,808.5,742.5,742.5,256658,742.5,2026-09-03T19:33:51.515540+00:00
2024-07-16,727.7,743.5,686.0,718.0,238075,718.0,2026-09-03T19:33:51.515540+00:00
2024-07-17,703.7,765.0,703.7,746.0,179535,746.0,2026-09-03T19:33:51.515540+00:00
2024-07-18,731.1,777.7,710.6,724.0,244049,724.0,2026-09-03T19:33:51.515540+00:00
2024-07-21,730.0,749.0,710.0,725.0,119184,725.0,2026-09-03T19:33:51.515540+00:00
2024-07-22,716.0,737.9,708.6,715.0,150360,715.0,2026-09-03T19:33:51.515540+00:00
2024-07-23,715.0,730.0,701.0,718.2,129744,718.2,2026-09-03T19:33:51.515540+00:00
2024-07-24,730.0,739.0,718.0,719.0,129772,719.0,2026-09-03T19:33:51.515540+00:00
2024-07-25,732.0,733.0,717.0,717.5,119520,717.5,2026-09-03T19:33:51.515540+00:00
2024-07-28,730.0,731.8,705.6,716.4,65084,716.4,2026-09-03T19:33:51.515540+00:00
2024-07-29,727.0,782.0,715.0,765.1,288963,765.1,2026-09-03T19:33:51.515540+00:00
2024-07-30,780.4,819.9,765.0,808.0,166212,808.0,2026-09-03T19:33:51.515540+00:00
2024-07-31,815.0,880.0,808.0,855.0,154997,855.0,2026-09-03T19:33:51.515540+00:00
2024-08-01,855.0,879.0,799.7,815.0,209170,815.0,2026-09-03T19:33:51.515540+00:00
2024-08-05,815.0,825.0,740.0,770.0,217951,770.0,2026-09-03T19:33:51.515540+00:00
2024-08-06,754.6,755.0,700.0,705.0,210782,705.0,2026-09-03T19:33:51.515540+00:00
2024-08-07,690.9,771.0,690.0,743.9,97769,743.9,2026-09-03T19:33:51.515540+00:00
2024-08-08,729.1,740.0,710.0,715.0,153874,715.0,2026-09-03T19:33:51.515540+00:00
2024-08-11,720.0,740.0,714.1,720.0,107487,720.0,2026-09-03T19:33:51.515540+00:00
2024-08-12,734.4,770.0,730.0,751.9,133850,751.9,2026-09-03T19:33:51.515540+00:00
2024-08-13,766.9,782.0,740.0,754.0,130204,754.0,2026-09-03T19:33:51.515540+00:00
2024-08-14,769.0,816.0,745.1,790.5,220920,790.5,2026-09-03T19:33:51.515540+00:00
2024-08-15,806.0,820.0,755.0,763.0,158060,763.0,2026-09-03T19:33:51.515540+00:00
2024-08-18,748.0,808.0,726.0,749.9,158451,749.9,2026-09-03T19:33:51.515540+00:00
2024-08-21,764.8,790.0,764.0,789.0,153460,789.0,2026-09-03T19:33:51.515540+00:00
2024-08-22,804.0,815.0,777.0,778.0,120611,778.0,2026-09-03T19:33:51.515540+00:00
2024-08-25,793.5,793.5,738.0,741.0,66643,741.0,2026-09-03T19:33:51.515540+00:00
2024-08-27,755.0,755.0,695.0,702.0,74284,702.0,2026-09-03T19:33:51.515540+00:00
2024-08-28,688.0,743.0,686.0,688.0,64539,688.0,2026-09-03T19:33:51.515540+00:00
2024-08-29,700.0,714.0,670.0,670.0,63963,670.0,2026-09-03T19:33:51.515540+00:00
2024-09-01,683.4,683.4,648.1,648.1,49153,648.1,2026-09-03T19:33:51.515540+00:00
2024-09-02,650.0,704.0,645.0,700.0,95578,700.0,2026-09-03T19:33:51.515540+00:00
2024-09-03,714.0,721.0,689.0,695.0,62757,695.0,2026-09-03T19:33:51.515540+00:00
2024-09-04,704.0,708.0,648.0,655.0,55413,655.0,2026-09-03T19:33:51.515540+00:00
2024-09-05,650.0,668.1,638.1,649.9,59155,649.9,2026-09-03T19:33:51.515540+00:00
2024-09-08,637.0,670.0,633.0,635.0,32443,635.0,2026-09-03T19:33:51.515540+00:00
2024-09-09,644.0,644.0,622.0,623.5,38855,623.5,2026-09-03T19:33:51.515540+00:00
2024-09-10,635.0,645.0,612.0,618.0,33996,618.0,2026-09-03T19:33:51.515540+00:00
2024-09-11,630.0,630.3,611.0,615.0,50928,615.0,2026-09-03T19:33:51.515540+00:00
2024-09-12,615.0,645.0,615.0,644.0,60948,644.0,2026-09-03T19:33:51.515540+00:00
2024-09-15,656.8,658.0,620.0,622.0,41720,622.0,2026-09-03T19:33:51.515540+00:00
2024-09-16,633.0,633.0,583.5,585.0,65225,585.0,2026-09-03T19:33:51.515540+00:00
2024-09-18,575.0,590.0,564.0,567.0,37935,567.0,2026-09-03T19:33:51.515540+00:00
2024-09-22,578.3,600.0,569.0,576.0,25539,576.0,2026-09-03T19:33:51.515540+00:00
2024-09-23,577.0,577.0,525.0,535.0,48695,535.0,2026-09-03T19:33:51.515540+00:00
2024-09-24,536.0,545.7,510.0,511.0,34820,511.0,2026-09-03T19:33:51.515540+00:00
2024-09-25,520.0,540.0,500.0,535.5,27889,535.5,2026-09-03T19:33:51.515540+00:00
2024-09-26,546.2,553.5,518.0,521.0,27144,521.0,2026-09-03T19:33:51.515540+00:00
2024-09-29,520.0,537.5,511.2,527.0,22822,527.0,2026-09-03T19:33:51.515540+00:00
2024-09-30,527.1,550.4,527.0,550.0,18608,550.0,2026-09-03T19:33:51.515540+00:00
2024-10-01,550.0,605.0,550.0,605.0,43390,605.0,2026-09-03T19:33:51.515540+00:00
2024-10-02,616.0,630.0,596.0,602.0,76093,602.0,2026-09-03T19:33:51.515540+00:00
2024-10-06,610.0,647.0,600.0,641.0,39005,641.0,2026-09-03T19:33:51.515540+00:00
2024-10-07,652.0,675.0,618.5,640.0,48350,640.0,2026-09-03T19:33:51.515540+00:00
2024-10-08,640.0,649.0,615.1,620.9,19950,620.9,2026-09-03T19:33:51.515540+00:00
2024-10-09,630.0,631.9,611.3,616.0,28170,616.0,2026-09-03T19:33:51.515540+00:00
2024-10-15,628.0,677.6,628.0,677.6,75093,677.6,2026-09-03T19:33:51.515540+00:00
2024-10-16,691.1,713.8,679.0,694.0,118924,694.0,2026-09-03T19:33:51.515540+00:00
2024-10-17,681.0,703.9,675.0,686.0,53534,686.0,2026-09-03T19:33:51.515540+00:00
2024-10-20,672.3,688.0,650.0,656.0,80543,656.0,2026-09-03T19:33:51.515540+00:00
2024-10-21,669.0,669.0,625.0,629.5,46007,629.5,2026-09-03T19:33:51.515540+00:00
2024-10-22,640.0,655.0,630.1,649.0,28033,649.0,2026-09-03T19:33:51.515540+00:00
2024-10-23,650.0,680.0,642.4,660.0,43339,660.0,2026-09-03T19:33:51.515540+00:00
2024-10-24,673.2,699.0,661.0,666.0,71661,666.0,2026-09-03T19:33:51.515540+00:00
2024-10-27,679.3,727.0,679.0,705.3,189009,705.3,2026-09-03T19:33:51.515540+00:00
2024-10-28,710.1,775.8,710.0,775.8,220461,775.8,2026-09-03T19:33:51.515540+00:00
2024-10-29,791.3,823.0,787.1,789.5,174472,789.5,2026-09-03T19:33:51.515540+00:00
2024-10-30,775.0,785.0,750.0,750.8,118125,750.8,2026-09-03T19:33:51.515540+00:00
2024-11-05,751.0,785.0,750.0,771.9,57607,771.9,2026-09-03T19:33:51.515540+00:00
2024-11-06,758.0,809.0,758.0,790.4,98919,790.4,2026-09-03T19:33:51.515540+00:00
2024-11-10,790.0,831.3,790.0,830.0,165421,830.0,2026-09-03T19:33:51.515540+00:00
2024-11-11,838.0,851.0,817.0,849.9,191070,849.9,2026-09-03T19:33:51.515540+00:00
2024-11-12,866.0,923.0,836.0,899.0,234336,899.0,2026-09-03T19:33:51.515540+00:00
2024-11-13,916.9,980.0,880.0,979.9,355310,979.9,2026-09-03T19:33:51.515540+00:00
2024-11-14,960.4,1038.0,955.0,984.9,359609,984.9,2026-09-03T19:33:51.515540+00:00
2024-11-17,970.0,1083.3,927.1,1062.0,363922,1062.0,2026-09-03T19:33:51.515540+00:00
2024-11-19,1040.8,1040.8,955.8,974.9,205179,974.9,2026-09-03T19:33:51.515540+00:00
2024-11-20,955.5,1072.3,918.3,1072.3,332130,1072.3,2026-09-03T19:33:51.515540+00:00
2024-11-21,1050.9,1050.9,965.1,965.1,117885,965.1,2026-09-03T19:33:51.515540+00:00
2024-11-24,945.8,1043.0,868.6,1043.0,649606,1043.0,2026-09-03T19:33:51.515540+00:00
2024-11-25,1022.2,1022.2,944.0,1006.9,137719,1006.9,2026-09-03T19:33:51.515540+00:00
2024-11-26,986.8,1080.0,960.4,970.2,221407,970.2,2026-09-03T19:33:51.515540+00:00
2024-11-27,950.8,990.0,877.3,941.0,364475,941.0,2026-09-03T19:33:51.515540+00:00
2024-11-28,922.2,1035.1,856.9,1015.0,254625,1015.0,2026-09-03T19:33:51.515540+00:00
2024-12-01,994.7,994.7,913.5,913.5,103201,913.5,2026-09-03T19:33:51.515540+00:00
2024-12-02,895.3,967.5,822.2,948.6,325544,948.6,2026-09-03T19:33:51.515540+00:00
2024-12-03,929.7,972.0,855.0,885.1,286824,885.1,2026-09-03T19:33:51.515540+00:00
2024-12-04,902.8,937.9,902.8,928.9,115740,928.9,2026-09-03T19:33:51.515540+00:00
2024-12-05,910.4,968.6,878.0,925.0,153492,925.0,2026-09-03T19:33:51.515540+00:00
2024-12-08,925.0,925.0,890.4,899.9,60273,899.9,2026-09-03T19:33:51.515540+00:00
2024-12-09,900.0,920.0,894.0,920.0,123032,920.0,2026-09-03T19:33:51.515540+00:00
2024-12-10,901.6,954.0,901.6,947.9,182953,947.9,2026-09-03T19:33:51.515540+00:00
2024-12-11,929.0,984.0,910.5,956.8,384553,956.8,2026-09-03T19:33:51.515540+00:00
2024-12-12,937.7,950.0,861.2,885.9,293919,885.9,2026-09-03T19:33:51.515540+00:00
2024-12-16,869.0,869.0,798.1,801.0,226682,801.0,2026-09-03T19:33:51.515540+00:00
2024-12-17,801.0,880.0,775.0,879.9,263008,879.9,2026-09-03T19:33:51.515540+00:00
2024-12-18,862.4,935.0,862.4,917.9,171486,917.9,2026-09-03T19:33:51.515540+00:00
2024-12-19,899.6,990.0,864.4,914.4,195572,914.4,2026-09-03T19:33:51.515540+00:00
2024-12-22,913.4,932.0,837.0,932.0,146937,932.0,2026-09-03T19:33:51.515540+00:00
2024-12-23,913.4,987.0,864.4,987.0,209244,987.0,2026-09-03T19:33:51.515540+00:00
2024-12-24,967.3,967.3,888.3,908.0,221576,908.0,2026-09-03T19:33:51.515540+00:00
2024-12-26,889.9,944.2,833.0,926.0,257873,926.0,2026-09-03T19:33:51.515540+00:00
2024-12-29,907.5,907.5,833.4,833.4,192333,833.4,2026-09-03T19:33:51.515540+00:00
2024-12-31,816.8,816.8,750.1,750.1,190607,750.1,2026-09-03T19:33:51.515540+00:00
2025-01-01,735.1,784.0,680.1,776.0,128389,776.0,2026-09-03T19:33:51.515540+00:00
2025-01-02,760.5,779.0,740.0,747.8,65633,747.8,2026-09-03T19:33:51.515540+00:00
2025-01-05,750.0,762.0,695.8,700.0,264538,700.0,2026-09-03T19:33:51.515540+00:00
2025-01-06,700.0,718.0,680.2,705.1,127759,705.1,2026-09-03T19:33:51.515540+00:00
2025-01-07,718.0,720.0,690.0,714.0,74122,714.0,2026-09-03T19:33:51.515540+00:00
2025-01-08,714.0,775.0,711.0,760.0,192352,760.0,2026-09-03T19:33:51.515540+00:00
2025-01-09,744.8,751.7,710.0,714.0,170518,714.0,2026-09-03T19:33:51.515540+00:00
2025-01-12,700.0,710.0,683.3,695.0,97645,695.0,2026-09-03T19:33:51.515540+00:00
2025-01-13,689.0,707.0,669.0,670.5,100078,670.5,2026-09-03T19:33:51.515540+00:00
2025-01-15,657.1,668.0,614.0,618.0,189591,618.0,2026-09-03T19:33:51.515540+00:00
2025-01-16,605.7,622.0,558.0,560.0,230573,560.0,2026-09-03T19:33:51.515540+00:00
2025-01-19,570.0,597.0,545.0,588.0,112649,588.0,2026-09-03T19:33:51.515540+00:00
2025-01-20,597.0,598.0,545.0,547.0,128528,547.0,2026-09-03T19:33:51.515540+00:00
2025-01-21,536.1,546.0,515.0,516.0,126069,516.0,2026-09-03T19:33:51.515540+00:00
2025-01-22,514.0,529.0,498.0,509.0,125874,509.0,2026-09-03T19:33:51.515540+00:00
2025-01-23,504.0,505.0,470.1,471.0,175935,471.0,2026-09-03T19:33:51.515540+00:00
2025-01-26,471.0,471.0,423.9,423.9,205495,423.9,2026-09-03T19:33:51.515540+00:00
2025-01-27,424.0,466.2,400.0,466.2,189414,466.2,2026-09-03T19:33:51.515540+00:00
2025-01-28,475.0,512.8,475.0,512.8,119169,512.8,2026-09-03T19:33:51.515540+00:00
2025-02-02,523.0,543.0,505.0,510.0,146197,510.0,2026-09-03T19:33:51.515540+00:00
2025-02-03,520.2,520.2,495.0,495.0,97697,495.0,2026-09-03T19:33:51.515540+00:00
2025-02-04,503.0,503.0,472.0,485.0,52983,485.0,2026-09-03T19:33:51.515540+00:00
2025-02-05,493.0,521.0,477.0,518.0,97860,518.0,2026-09-03T19:33:51.515540+00:00
2025-02-06,528.3,557.0,508.0,525.0,120052,525.0,2026-09-03T19:33:51.515540+00:00
2025-02-09,520.5,548.7,511.0,524.0,74138,524.0,2026-09-03T19:33:51.515540+00:00
2025-02-10,529.0,535.0,511.0,515.0,54255,515.0,2026-09-03T19:33:51.515540+00:00
2025-02-11,525.0,525.0,511.7,513.0,40391,513.0,2026-09-03T19:33:51.515540+00:00
2025-02-12,523.0,526.0,512.9,516.0,45920,516.0,2026-09-03T19:33:51.515540+00:00
2025-02-13,524.9,529.9,515.0,525.0,76571,525.0,2026-09-03T19:33:51.515540+00:00
2025-02-16,535.5,577.5,535.5,577.5,166619,577.5,2026-09-03T19:33:51.515540+00:00
2025-02-17,589.0,625.0,585.0,588.6,156811,588.6,2026-09-03T19:33:51.515540+00:00
2025-02-18,600.3,600.3,562.5,565.9,79462,565.9,2026-09-03T19:33:51.515540+00:00
2025-02-20,570.0,595.0,546.0,564.0,73912,564.0,2026-09-03T19:33:51.515540+00:00
2025-02-23,575.2,580.0,537.0,567.0,64630,567.0,2026-09-03T19:33:51.515540+00:00
2025-02-24,577.0,577.0,550.0,555.0,47264,555.0,2026-09-03T19:33:51.515540+00:00
2025-02-25,566.1,566.1,543.0,544.0,39289,544.0,2026-09-03T19:33:51.515540+00:00
2025-02-27,554.8,565.0,545.0,555.0,39120,555.0,2026-09-03T19:33:51.515540+00:00
2025-03-02,566.1,595.5,561.0,592.8,91666,592.8,2026-09-03T19:33:51.515540+00:00
2025-03-03,604.6,620.0,586.0,587.0,93196,587.0,2026-09-03T19:33:51.515540+00:00
2025-03-04,598.7,598.7,569.0,574.0,52822,574.0,2026-09-03T19:33:51.515540+00:00
2025-03-05,570.0,576.0,555.0,557.3,41153,557.3,2026-09-03T19:33:51.515540+00:00
2025-03-06,568.0,573.0,557.0,572.0,31876,572.0,2026-09-03T19:33:51.515540+00:00
2025-03-09,583.4,583.4,553.4,560.0,31146,560.0,2026-09-03T19:33:51.515540+00:00
2025-03-10,560.0,570.0,549.0,552.0,43937,552.0,2026-09-03T19:33:51.515540+00:00
2025-03-11,559.0,560.0,539.0,540.5,31293,540.5,2026-09-03T19:33:51.515540+00:00
2025-03-12,548.0,550.0,539.0,541.0,34120,541.0,2026-09-03T19:33:51.515540+00:00
2025-03-16,551.8,551.8,531.0,534.5,34340,534.5,2026-09-03T19:33:51.515540+00:00
2025-03-17,535.0,543.0,529.0,538.0,19574,538.0,2026-09-03T19:33:51.515540+00:00
2025-03-18,540.0,540.0,528.5,529.9,13846,529.9,2026-09-03T19:33:51.515540+00:00
2025-03-19,538.0,538.0,508.0,515.0,44680,515.0,2026-09-03T19:33:51.515540+00:00
2025-03-20,515.0,520.0,507.8,512.08,28334,512.08,2026-09-03T19:33:51.515540+00:00
2025-03-23,505.0,513.0,496.0,497.87,25611,497.87,2026-09-03T19:33:51.515540+00:00
2025-03-24,507.8,524.0,489.3,515.88,55965,515.88,2026-09-03T19:33:51.515540+00:00
2025-03-25,505.6,515.0,496.0,496.86,36561,496.86,2026-09-03T19:33:51.515540+00:00
2025-03-26,505.0,513.5,501.0,508.31,28172,508.31,2026-09-03T19:33:51.515540+00:00
2025-03-27,518.4,518.4,508.5,512.71,27288,512.71,2026-09-03T19:33:51.515540+00:00
2025-03-30,502.5,529.0,502.5,519.85,39776,519.85,2026-09-03T19:33:51.515540+00:00
2025-04-01,522.6,524.0,506.2,510.35,24275,510.35,2026-09-03T19:33:51.515540+00:00
2025-04-02,508.1,540.0,507.1,523.59,34316,523.59,2026-09-03T19:33:51.515540+00:00
2025-04-03,525.2,532.2,511.0,514.07,25057,514.07,2026-09-03T19:33:51.515540+00:00
2025-04-07,511.2,515.8,503.8,505.14,23480,505.14,2026-09-03T19:33:51.515540+00:00
2025-04-08,510.0,513.0,500.0,511.12,18398,511.12,2026-09-03T19:33:51.515540+00:00
2025-04-09,513.0,521.0,510.2,512.92,21868,512.92,2026-09-03T19:33:51.515540+00:00
2025-04-10,521.0,521.0,505.0,507.33,24043,507.33,2026-09-03T19:33:51.515540+00:00
2025-04-13,502.0,511.0,500.0,501.76,32583,501.76,2026-09-03T19:33:51.515540+00:00
2025-04-15,505.0,513.9,505.0,507.51,24907,507.51,2026-09-03T19:33:51.515540+00:00
2025-04-16,507.0,516.0,501.6,505.16,16253,505.16,2026-09-03T19:33:51.515540+00:00
2025-04-17,509.0,513.0,502.0,506.95,42656,506.95,2026-09-03T19:33:51.515540+00:00
2025-04-20,516.0,516.0,500.0,501.33,28441,501.33,2026-09-03T19:33:51.515540+00:00
2025-04-21,504.0,506.8,495.0,498.69,21215,498.69,2026-09-03T19:33:51.515540+00:00
2025-04-22,491.0,499.0,491.0,494.72,26888,494.72,2026-09-03T19:33:51.515540+00:00
2025-04-23,500.0,500.0,485.0,487.16,26933,487.16,2026-09-03T19:33:51.515540+00:00
2025-04-24,477.5,479.0,450.0,469.98,89512,469.98,2026-09-03T19:33:51.515540+00:00
2025-04-27,460.6,484.0,460.6,470.33,34245,470.33,2026-09-03T19:33:51.515540+00:00
2025-04-28,479.7,480.0,463.0,463.97,27385,463.97,2026-09-03T19:33:51.515540+00:00
2025-04-29,464.0,469.0,460.0,460.46,15494,460.46,2026-09-03T19:33:51.515540+00:00
2025-04-30,469.6,469.6,447.0,448.3,20143,448.3,2026-09-03T19:33:51.515540+00:00
2025-05-04,457.2,465.0,445.0,446.57,18301,446.57,2026-09-03T19:33:51.515540+00:00
2025-05-05,449.0,450.0,437.0,438.27,20076,438.27,2026-09-03T19:33:51.515540+00:00
2025-05-06,445.0,445.0,435.0,436.87,17891,436.87,2026-09-03T19:33:51.515540+00:00
2025-05-07,435.0,478.0,435.0,476.15,42330,476.15,2026-09-03T19:33:51.515540+00:00
2025-05-08,485.6,515.0,461.0,501.29,61914,501.29,2026-09-03T19:33:51.515540+00:00
2025-05-11,510.0,511.0,485.0,487.3,45106,487.3,2026-09-03T19:33:51.515540+00:00
2025-05-13,480.1,486.0,475.1,478.56,17717,478.56,2026-09-03T19:33:51.515540+00:00
2025-05-14,475.0,500.1,465.5,476.02,27625,476.02,2026-09-03T19:33:51.515540+00:00
2025-05-15,470.0,485.0,469.5,470.39,10715,470.39,2026-09-03T19:33:51.515540+00:00
2025-05-18,463.5,481.4,463.5,466.55,10473,466.55,2026-09-03T19:33:51.515540+00:00
2025-05-19,475.5,479.0,467.0,476.48,12207,476.48,2026-09-03T19:33:51.515540+00:00
2025-05-20,476.0,490.0,470.0,488.12,17814,488.12,2026-09-03T19:33:51.515540+00:00
2025-05-21,497.8,514.8,489.0,489.9,39551,489.9,2026-09-03T19:33:51.515540+00:00
2025-05-22,483.0,496.9,482.2,483.79,14162,483.79,2026-09-03T19:33:51.515540+00:00
2025-05-25,490.0,490.0,476.0,478.19,7619,478.19,2026-09-03T19:33:51.515540+00:00
2025-05-26,487.5,495.0,477.0,477.93,10890,477.93,2026-09-03T19:33:51.515540+00:00
2025-05-27,477.9,482.0,468.5,474.53,7785,474.53,2026-09-03T19:33:51.515540+00:00
2025-05-28,484.0,484.0,465.0,468.38,14354,468.38,2026-09-03T19:33:51.515540+00:00
2025-06-02,477.7,483.0,470.0,474.92,9427,474.92,2026-09-03T19:33:51.515540+00:00
2025-06-03,478.0,479.0,469.0,469.26,8815,469.26,2026-09-03T19:33:51.515540+00:00
2025-06-04,466.0,475.0,460.1,463.17,10351,463.17,2026-09-03T19:33:51.515540+00:00
2025-06-05,472.0,472.0,460.0,462.2,16298,462.2,2026-09-03T19:33:51.515540+00:00
2025-06-08,470.0,470.0,455.0,456.18,18127,456.18,2026-09-03T19:33:51.515540+00:00
2025-06-09,448.0,465.0,448.0,458.66,9127,458.66,2026-09-03T19:33:51.515540+00:00
2025-06-10,467.0,492.0,460.0,490.37,45709,490.37,2026-09-03T19:33:51.515540+00:00
2025-06-11,500.0,501.0,477.0,478.83,25481,478.83,2026-09-03T19:33:51.515540+00:00
2025-06-12,470.5,494.0,469.3,482.75,27658,482.75,2026-09-03T19:33:51.515540+00:00
2025-06-15,485.0,490.0,475.0,475.93,17024,475.93,2026-09-03T19:33:51.515540+00:00
2025-06-16,476.0,485.0,471.0,475.05,17315,475.05,2026-09-03T19:33:51.515540+00:00
2025-06-17,466.0,484.4,466.0,472.01,16223,472.01,2026-09-03T19:33:51.515540+00:00
2025-06-18,481.4,481.4,463.1,465.64,19597,465.64,2026-09-03T19:33:51.515540+00:00
2025-06-19,465.0,472.0,461.1,462.27,17906,462.27,2026-09-03T19:33:51.515540+00:00
2025-06-22,469.0,469.0,460.0,461.3,12078,461.3,2026-09-03T19:33:51.515540+00:00
2025-06-23,460.0,471.0,458.1,465.99,13932,465.99,2026-09-03T19:33:51.515540+00:00
2025-06-24,467.0,475.0,460.0,460.95,8484,460.95,2026-09-03T19:33:51.515540+00:00
2025-06-25,462.0,462.0,455.5,458.88,10044,458.88,2026-09-03T19:33:51.515540+00:00
2025-06-26,468.0,468.0,455.0,455.79,13707,455.79,2026-09-03T19:33:51.515540+00:00
2025-06-29,454.0,464.0,451.1,460.9,12295,460.9,2026-09-03T19:33:51.515540+00:00
2025-06-30,465.1,468.0,458.1,459.09,4718,459.09,2026-09-03T19:33:51.515540+00:00
2025-07-01,468.0,468.0,456.0,459.88,10045,459.88,2026-09-03T19:33:51.515540+00:00
2025-07-02,457.0,474.3,457.0,469.0,17696,469.0,2026-09-03T19:33:51.515540+00:00
2025-07-03,475.0,504.0,468.0,493.32,83872,493.32,2026-09-03T19:33:51.515540+00:00
2025-07-06,494.1,535.5,494.1,517.52,90353,517.52,2026-09-03T19:33:51.515540+00:00
2025-07-07,519.0,521.0,492.1,494.96,40462,494.96,2026-09-03T19:33:51.515540+00:00
2025-07-08,494.0,509.9,485.1,501.89,32916,501.89,2026-09-03T19:33:51.515540+00:00
2025-07-09,501.0,505.0,495.6,499.86,14175,499.86,2026-09-03T19:33:51.515540+00:00
2025-07-10,495.0,507.9,495.0,496.55,25062,496.55,2026-09-03T19:33:51.515540+00:00
2025-07-13,506.4,523.0,501.1,502.6,32541,502.6,2026-09-03T19:33:51.515540+00:00
2025-07-14,500.0,507.0,492.0,492.84,15816,492.84,2026-09-03T19:33:51.515540+00:00
2025-07-15,502.0,510.0,500.0,503.12,27666,503.12,2026-09-03T19:33:51.515540+00:00
2025-07-16,513.0,513.1,503.0,503.87,32977,503.87,2026-09-03T19:33:51.515540+00:00
2025-07-17,500.0,520.0,500.0,516.72,50424,516.72,2026-09-03T19:33:51.515540+00:00
2025-07-20,520.0,524.0,500.0,502.66,68856,502.66,2026-09-03T19:33:51.515540+00:00
2025-07-21,502.0,510.0,499.0,503.43,47909,503.43,2026-09-03T19:33:51.515540+00:00
2025-07-22,508.9,517.0,501.0,511.13,64085,511.13,2026-09-03T19:33:51.515540+00:00
2025-07-23,520.9,552.8,515.0,541.33,125596,541.33,2026-09-03T19:33:51.515540+00:00
2025-07-24,552.1,558.0,535.0,542.14,62857,542.14,2026-09-03T19:33:51.515540+00:00
2025-07-27,543.0,543.0,520.2,523.92,69716,523.92,2026-09-03T19:33:51.515540+00:00
2025-07-28,520.0,539.9,511.0,535.86,49460,535.86,2026-09-03T19:33:51.515540+00:00
2025-07-29,536.0,546.0,526.0,529.33,37778,529.33,2026-09-03T19:33:51.515540+00:00
2025-07-30,539.8,539.8,515.0,516.93,29418,516.93,2026-09-03T19:33:51.515540+00:00
2025-07-31,517.0,535.0,510.0,522.51,56093,522.51,2026-09-03T19:33:51.515540+00:00
2025-08-03,526.7,532.0,518.0,518.95,43992,518.95,2026-09-03T19:33:51.515540+00:00
2025-08-04,524.0,525.0,507.0,511.6,29175,511.6,2026-09-03T19:33:51.515540+00:00
2025-08-05,515.0,518.0,504.0,504.69,13025,504.69,2026-09-03T19:33:51.515540+00:00
2025-08-06,500.5,510.0,495.1,498.67,16159,498.67,2026-09-03T19:33:51.515540+00:00
2025-08-07,505.0,506.9,500.0,502.08,18411,502.08,2026-09-03T19:33:51.515540+00:00
2025-08-11,502.0,510.0,494.0,495.28,15757,495.28,2026-09-03T19:33:51.515540+00:00
2025-08-12,505.0,505.0,485.5,486.21,18776,486.21,2026-09-03T19:33:51.515540+00:00
2025-08-13,487.0,495.9,482.5,483.83,12160,483.83,2026-09-03T19:33:51.515540+00:00
2025-08-14,490.0,490.0,475.1,478.13,14544,478.13,2026-09-03T19:33:51.515540+00:00
2025-08-17,470.0,495.0,469.0,476.09,17471,476.09,2026-09-03T19:33:51.515540+00:00
2025-08-18,477.0,479.5,471.2,477.21,14750,477.21,2026-09-03T19:33:51.515540+00:00
2025-08-19,478.0,480.0,471.1,475.31,11179,475.31,2026-09-03T19:33:51.515540+00:00
2025-08-20,476.0,479.1,469.0,470.05,17249,470.05,2026-09-03T19:33:51.515540+00:00
2025-08-21,470.0,475.0,466.1,468.78,10365,468.78,2026-09-03T19:33:51.515540+00:00
2025-08-24,477.9,477.9,465.0,465.32,6871,465.32,2026-09-03T19:33:51.515540+00:00
2025-08-25,470.0,470.0,462.0,465.06,8860,465.06,2026-09-03T19:33:51.515540+00:00
2025-08-26,465.0,470.9,464.0,464.64,11089,464.64,2026-09-03T19:33:51.515540+00:00
2025-08-27,465.0,479.9,461.0,476.99,9444,476.99,2026-09-03T19:33:51.515540+00:00
2025-08-28,480.0,485.0,467.0,468.03,10725,468.03,2026-09-03T19:33:51.515540+00:00
2025-08-31,465.0,465.9,456.0,456.77,13361,456.77,2026-09-03T19:33:51.515540+00:00
2025-09-01,457.0,461.0,456.5,459.59,9036,459.59,2026-09-03T19:33:51.515540+00:00
2025-09-02,460.0,465.0,449.5,449.97,20718,449.97,2026-09-03T19:33:51.515540+00:00
2025-09-03,458.7,458.7,443.0,445.6,10067,445.6,2026-09-03T19:33:51.515540+00:00
2025-09-04,450.0,451.0,440.1,446.73,10349,446.73,2026-09-03T19:33:51.515540+00:00
2025-09-07,455.6,455.6,445.5,447.71,9023,447.71,2026-09-03T19:33:51.515540+00:00
2025-09-08,442.0,445.0,441.0,443.26,7414,443.26,2026-09-03T19:33:51.515540+00:00
2025-09-18,436.0,436.0,402.7,402.7,1531,402.7,2026-09-03T19:33:51.515540+00:00
2025-09-21,403.0,441.0,395.0,438.02,22030,438.02,2026-09-03T19:33:51.515540+00:00
2025-09-23,445.7,469.0,445.7,452.0,13623,452.0,2026-09-03T19:33:51.515540+00:00
2025-09-24,461.0,463.0,449.0,452.0,6043,452.0,2026-09-03T19:33:51.515540+00:00
2025-09-25,446.0,451.0,446.0,448.9,2036,448.9,2026-09-03T19:33:51.515540+00:00
2025-09-28,457.8,460.0,452.0,452.0,2722,452.0,2026-09-03T19:33:51.515540+00:00
2025-10-07,450.0,459.0,443.0,448.0,2396,448.0,2026-09-03T19:33:51.515540+00:00
2025-10-08,440.1,449.0,426.0,440.0,8130,440.0,2026-09-03T19:33:51.515540+00:00
2025-10-09,448.8,457.6,441.0,442.3,7832,442.3,2026-09-03T19:33:51.515540+00:00
2025-10-12,442.3,442.3,429.0,439.0,8964,439.0,2026-09-03T19:33:51.515540+00:00
2025-10-13,435.0,444.9,431.0,440.0,6238,440.0,2026-09-03T19:33:51.515540+00:00
2025-10-14,445.0,445.0,430.0,434.0,4448,434.0,2026-09-03T19:33:51.515540+00:00
2025-10-15,431.0,432.0,420.0,420.0,7241,420.0,2026-09-03T19:33:51.515540+00:00
2025-10-16,420.0,428.4,416.0,420.0,5085,420.0,2026-09-03T19:33:51.515540+00:00
2025-10-19,412.5,420.1,412.1,418.0,3359,418.0,2026-09-03T19:33:51.515540+00:00
2025-10-26,418.0,420.0,409.0,413.0,6948,413.0,2026-09-03T19:33:51.515540+00:00
2025-10-28,421.0,434.0,419.0,434.0,4790,434.0,2026-09-03T19:33:51.515540+00:00
2025-10-29,442.0,450.0,427.0,430.0,5457,430.0,2026-09-03T19:33:51.515540+00:00
2025-10-30,438.0,438.0,426.0,427.2,7013,427.2,2026-09-03T19:33:51.515540+00:00
2025-11-02,423.0,450.0,423.0,448.0,20824,448.0,2026-09-03T19:33:51.515540+00:00
2025-11-03,456.0,457.0,438.1,445.0,12152,445.0,2026-09-03T19:33:51.515540+00:00
2025-11-04,453.7,465.0,439.0,444.0,11729,444.0,2026-09-03T19:33:51.515540+00:00
2025-11-05,444.0,454.0,438.6,453.0,9979,453.0,2026-09-03T19:33:51.515540+00:00
2025-11-06,462.0,468.9,453.1,455.0,21500,455.0,2026-09-03T19:33:51.515540+00:00
2025-11-09,450.0,450.0,437.0,438.0,8853,438.0,2026-09-03T19:33:51.515540+00:00
2025-11-10,440.0,440.0,436.0,436.0,5161,436.0,2026-09-03T19:33:51.515540+00:00
2025-11-11,433.0,441.0,432.2,437.0,4658,437.0,2026-09-03T19:33:51.515540+00:00
2025-11-12,440.0,445.0,430.0,430.0,7252,430.0,2026-09-03T19:33:51.515540+00:00
2025-11-13,430.0,438.0,428.0,431.0,5929,431.0,2026-09-03T19:33:51.515540+00:00
2025-11-16,424.0,434.0,424.0,428.0,3876,428.0,2026-09-03T19:33:51.515540+00:00
2025-11-17,430.0,433.0,424.0,429.8,5636,429.8,2026-09-03T19:33:51.515540+00:00
2025-11-18,437.9,438.2,425.1,430.2,5883,430.2,2026-09-03T19:33:51.515540+00:00
2025-11-19,430.0,435.0,425.0,425.0,2839,425.0,2026-09-03T19:33:51.515540+00:00
2025-11-20,424.0,431.9,421.0,422.0,5796,422.0,2026-09-03T19:33:51.515540+00:00
2025-11-23,430.4,430.4,425.0,427.0,4856,427.0,2026-09-03T19:33:51.515540+00:00
2025-11-24,435.5,435.5,428.0,430.0,11961,430.0,2026-09-03T19:33:51.515540+00:00
2025-11-25,438.0,438.0,428.4,435.0,7553,435.0,2026-09-03T19:33:51.515540+00:00
2025-11-26,430.0,438.6,429.0,433.0,9297,433.0,2026-09-03T19:33:51.515540+00:00
2025-11-27,430.0,436.0,426.5,427.0,10665,427.0,2026-09-03T19:33:51.515540+00:00
2025-11-30,424.0,432.9,423.1,423.3,13043,423.3,2026-09-03T19:33:51.515540+00:00
2025-12-01,424.0,425.0,421.1,422.2,11359,422.2,2026-09-03T19:33:51.515540+00:00
2025-12-02,430.0,430.0,420.0,422.1,7680,422.1,2026-09-03T19:33:51.515540+00:00
2025-12-03,420.0,433.0,420.0,429.9,21554,429.9,2026-09-03T19:33:51.515540+00:00
2025-12-07,424.0,430.0,423.0,423.1,8709,423.1,2026-09-03T19:33:51.515540+00:00
2025-12-08,429.0,429.0,416.2,421.0,14382,421.0,2026-09-03T19:33:51.515540+00:00
2025-12-09,422.0,422.5,418.0,420.0,7732,420.0,2026-09-03T19:33:51.515540+00:00
2025-12-10,420.0,424.9,417.0,417.0,2750,417.0,2026-09-03T19:33:51.515540+00:00
2025-12-11,410.0,420.0,410.0,415.1,7274,415.1,2026-09-03T19:33:51.515540+00:00
2025-12-14,423.0,423.0,413.0,414.5,4448,414.5,2026-09-03T19:33:51.515540+00:00
2025-12-15,420.0,420.0,411.6,416.0,7260,416.0,2026-09-03T19:33:51.515540+00:00
2025-12-16,411.6,419.0,411.6,417.0,2656,417.0,2026-09-03T19:33:51.515540+00:00
2025-12-17,418.0,425.0,417.0,419.0,10233,419.0,2026-09-03T19:33:51.515540+00:00
2025-12-18,425.0,425.0,416.7,417.1,6851,417.1,2026-09-03T19:33:51.515540+00:00
2025-12-21,412.7,416.9,411.2,414.7,7723,414.7,2026-09-03T19:33:51.515540+00:00
2025-12-22,418.0,418.0,405.0,408.0,15070,408.0,2026-09-03T19:33:51.515540+00:00
2025-12-23,410.0,413.4,401.4,413.4,25442,413.4,2026-09-03T19:33:51.515540+00:00
2025-12-24,413.0,413.0,400.0,405.0,20166,405.0,2026-09-03T19:33:51.515540+00:00
2025-12-28,402.0,417.0,402.0,417.0,15106,417.0,2026-09-03T19:33:51.515540+00:00
2025-12-29,417.0,418.0,411.0,411.0,8062,411.0,2026-09-03T19:33:51.515540+00:00
2025-12-31,409.1,417.0,409.1,412.0,5849,412.0,2026-09-03T19:33:51.515540+00:00
2026-01-01,407.0,414.4,407.0,410.8,7459,410.8,2026-09-03T19:33:51.515540+00:00
2026-01-04,410.0,414.9,402.0,403.0,14340,403.0,2026-09-03T19:33:51.515540+00:00
2026-01-05,411.0,411.0,403.0,408.0,8997,408.0,2026-09-03T19:33:51.515540+00:00
2026-01-06,400.1,435.0,400.1,431.8,54804,431.8,2026-09-03T19:33:51.515540+00:00
2026-01-07,424.0,437.9,423.0,433.5,20922,433.5,2026-09-03T19:33:51.515540+00:00
2026-01-08,438.5,438.5,424.0,435.0,17142,435.0,2026-09-03T19:33:51.515540+00:00
2026-01-12,440.0,452.5,418.0,430.0,11407,430.0,2026-09-03T19:33:51.515540+00:00
2026-01-13,421.4,430.0,413.0,430.0,12142,430.0,2026-09-03T19:33:51.515540+00:00
2026-01-14,435.0,440.0,423.0,437.0,32419,437.0,2026-09-03T19:33:51.515540+00:00
2026-01-18,437.0,468.0,431.3,455.0,69276,455.0,2026-09-03T19:33:51.515540+00:00
2026-01-20,455.0,492.0,452.8,459.0,46697,459.0,2026-09-03T19:33:51.515540+00:00
2026-01-21,465.0,468.1,442.0,451.0,40246,451.0,2026-09-03T19:33:51.515540+00:00
2026-01-22,442.0,466.0,442.0,458.0,23206,458.0,2026-09-03T19:33:51.515540+00:00
2026-01-25,463.0,489.0,460.0,472.0,67040,472.0,2026-09-03T19:33:51.515540+00:00
2026-01-26,466.0,475.0,456.2,469.2,39792,469.2,2026-09-03T19:33:51.515540+00:00
2026-01-27,470.0,471.0,454.2,457.0,25725,457.0,2026-09-03T19:33:51.515540+00:00
2026-01-28,448.1,465.0,441.0,457.0,32362,457.0,2026-09-03T19:33:51.515540+00:00
2026-01-29,465.8,465.8,442.0,443.0,26389,443.0,2026-09-03T19:33:51.515540+00:00
2026-02-01,443.0,467.0,435.1,440.0,18948,440.0,2026-09-03T19:33:51.515540+00:00
2026-02-02,442.1,445.0,433.9,440.0,15110,440.0,2026-09-03T19:33:51.515540+00:00
2026-02-03,448.0,448.0,425.0,436.4,17882,436.4,2026-09-03T19:33:51.515540+00:00
2026-02-04,430.0,445.0,430.0,433.9,14625,433.9,2026-09-03T19:33:51.515540+00:00
2026-02-05,425.3,440.0,425.3,440.0,16206,440.0,2026-09-03T19:33:51.515540+00:00
2026-02-08,440.0,443.7,432.1,440.1,20875,440.1,2026-09-03T19:33:51.515540+00:00
2026-02-09,435.0,435.2,425.0,431.5,22052,431.5,2026-09-03T19:33:51.515540+00:00
2026-02-10,431.0,439.6,425.6,428.0,5520,428.0,2026-09-03T19:33:51.515540+00:00
2026-02-11,431.0,439.6,426.0,428.4,8057,428.4,2026-09-03T19:33:51.515540+00:00
2026-02-12,430.0,434.0,425.0,425.0,11212,425.0,2026-09-03T19:33:51.515540+00:00
2026-02-16,420.1,431.0,420.1,425.0,5187,425.0,2026-09-03T19:33:51.515540+00:00
2026-02-17,425.0,430.0,420.0,424.8,8826,424.8,2026-09-03T19:33:51.515540+00:00
2026-02-22,424.0,424.0,417.0,419.3,11892,419.3,2026-09-03T19:33:51.515540+00:00
2026-02-23,419.0,422.0,411.0,411.0,18494,411.0,2026-09-03T19:33:51.515540+00:00
2026-02-24,419.0,419.0,411.4,418.7,9981,418.7,2026-09-03T19:33:51.515540+00:00
2026-02-25,421.0,423.9,415.0,416.2,3596,416.2,2026-09-03T19:33:51.515540+00:00
2026-02-26,418.0,420.8,415.0,415.3,9991,415.3,2026-09-03T19:33:51.515540+00:00
2026-03-01,415.3,434.0,412.0,430.0,13805,430.0,2026-09-03T19:33:51.515540+00:00
2026-03-03,429.9,436.0,428.0,435.0,6435,435.0,2026-09-03T19:33:51.515540+00:00
2026-03-09,443.7,443.7,443.7,443.7,10,443.7,2026-09-03T19:33:51.515540+00:00
2026-03-10,452.5,470.0,449.0,458.0,58423,458.0,2026-09-03T19:33:51.515540+00:00
2026-03-11,467.0,467.0,450.0,450.0,20162,450.0,2026-09-03T19:33:51.515540+00:00
2026-03-12,459.0,459.0,449.1,452.0,12383,452.0,2026-09-03T19:33:51.515540+00:00
2026-03-15,455.0,461.0,449.0,450.0,11451,450.0,2026-09-03T19:33:51.515540+00:00
2026-03-16,450.0,455.0,438.1,442.0,15728,442.0,2026-09-03T19:33:51.515540+00:00
2026-03-17,442.0,448.0,434.1,444.7,12155,444.7,2026-09-03T19:33:51.515540+00:00
2026-03-19,453.1,462.0,450.0,455.0,23826,455.0,2026-09-03T19:33:51.515540+00:00
2026-03-22,464.0,470.0,458.0,470.0,53839,470.0,2026-09-03T19:33:51.515540+00:00
2026-03-23,474.0,474.0,459.0,464.0,24881,464.0,2026-09-03T19:33:51.515540+00:00
2026-03-24,473.0,473.0,460.0,462.7,14066,462.7,2026-09-03T19:33:51.515540+00:00
2026-03-25,468.0,468.0,452.0,453.0,18769,453.0,2026-09-03T19:33:51.515540+00:00
2026-03-26,455.0,457.0,451.0,456.0,11158,456.0,2026-09-03T19:33:51.515540+00:00
2026-03-29,460.0,460.0,442.0,442.0,14970,442.0,2026-09-03T19:33:51.515540+00:00
2026-03-30,442.0,448.0,435.0,436.0,15823,436.0,2026-09-03T19:33:51.515540+00:00
2026-03-31,436.0,450.0,431.0,444.0,12936,444.0,2026-09-03T19:33:51.515540+00:00
2026-04-01,444.0,449.0,427.6,430.0,8157,430.0,2026-09-03T19:33:51.515540+00:00
2026-04-02,421.5,435.0,413.0,420.0,13813,420.0,2026-09-03T19:33:51.515540+00:00
2026-04-05,415.0,424.0,406.0,406.2,26345,406.2,2026-09-03T19:33:51.515540+00:00
2026-04-06,407.0,426.0,407.0,426.0,15098,426.0,2026-09-03T19:33:51.515540+00:00
2026-04-07,426.0,437.0,419.0,419.0,8712,419.0,2026-09-03T19:33:51.515540+00:00
2026-04-08,427.0,427.0,420.0,423.0,3775,423.0,2026-09-03T19:33:51.515540+00:00
2026-04-09,415.7,434.0,415.7,430.0,8401,430.0,2026-09-03T19:33:51.515540+00:00
2026-04-10,431.0,431.0,422.0,422.6,5585,422.6,2026-09-03T19:33:51.515540+00:00
2026-04-13,425.0,432.9,425.0,425.0,5527,425.0,2026-09-03T19:33:51.515540+00:00
2026-04-15,433.5,439.9,425.0,431.0,6980,431.0,2026-09-03T19:33:51.515540+00:00
2026-04-16,426.0,431.6,420.0,422.0,8551,422.0,2026-09-03T19:33:51.515540+00:00
2026-04-17,422.0,425.0,419.0,425.0,10800,425.0,2026-09-03T19:33:51.515540+00:00
2026-04-20,425.0,425.0,419.0,419.0,8297,419.0,2026-09-03T19:33:51.515540+00:00
2026-04-21,429.0,429.0,416.3,417.5,6366,417.5,2026-09-03T19:33:51.515540+00:00
2026-04-22,410.0,423.0,405.0,418.0,14504,418.0,2026-09-03T19:33:51.515540+00:00
2026-04-23,429.0,430.0,415.0,415.0,4129,415.0,2026-09-03T19:33:51.515540+00:00
2026-04-24,415.0,418.5,413.0,413.1,4147,413.1,2026-09-03T19:33:51.515540+00:00
2026-04-27,413.1,417.4,413.0,417.4,2295,417.4,2026-09-03T19:33:51.515540+00:00
2026-04-28,417.4,418.0,415.0,417.0,6565,417.0,2026-09-03T19:33:51.515540+00:00
2026-04-29,417.0,419.0,410.0,411.5,4307,411.5,2026-09-03T19:33:51.515540+00:00
2026-04-30,409.0,411.5,406.0,409.0,5862,409.0,2026-09-03T19:33:51.515540+00:00
2026-05-04,421.2,446.8,410.0,412.8,7132,412.8,2026-09-03T19:33:51.515540+00:00
2026-05-05,406.0,415.0,406.0,412.1,2606,412.1,2026-09-03T19:33:51.515540+00:00
2026-05-06,416.0,416.0,405.0,408.0,3235,408.0,2026-09-03T19:33:51.515540+00:00
2026-05-07,406.0,408.0,403.2,405.0,6433,405.0,2026-09-03T19:33:51.515540+00:00
2026-05-08,407.0,413.0,406.2,412.0,1267,412.0,2026-09-03T19:33:51.515540+00:00
2026-05-11,424.3,424.3,412.0,415.0,8249,415.0,2026-09-03T19:33:51.515540+00:00
2026-05-12,423.0,423.0,405.0,409.0,7178,409.0,2026-09-03T19:33:51.515540+00:00
2026-05-13,405.1,409.0,405.1,407.0,1957,407.0,2026-09-03T19:33:51.515540+00:00
2026-05-14,408.0,412.0,407.0,407.0,2839,407.0,2026-09-03T19:33:51.515540+00:00
2026-05-15,410.0,410.0,404.0,405.6,3841,405.6,2026-09-03T19:33:51.515540+00:00
2026-05-18,385.4,430.0,385.4,408.0,2690,408.0,2026-09-03T19:33:51.515540+00:00
2026-05-19,387.6,410.0,387.6,408.0,4350,408.0,2026-09-03T19:33:51.515540+00:00
2026-05-20,408.0,417.0,408.0,411.0,4805,411.0,2026-09-03T19:33:51.515540+00:00
2026-05-21,414.9,414.9,408.0,408.0,2650,408.0,2026-09-03T19:33:51.515540+00:00
2026-05-22,417.4,417.4,405.1,408.0,4809,408.0,2026-09-03T19:33:51.515540+00:00
2026-05-25,409.0,414.9,409.0,413.1,3350,413.1,2026-09-03T19:33:51.515540+00:00
2026-05-26,413.2,418.9,408.0,408.0,4388,408.0,2026-09-03T19:33:51.515540+00:00
2026-05-27,405.2,412.0,405.1,412.0,2094,412.0,2026-09-03T19:33:51.515540+00:00
2026-06-01,410.0,412.0,404.0,410.0,1067,410.0,2026-09-03T19:33:51.515540+00:00
2026-06-02,404.3,425.1,404.0,423.0,22709,423.0,2026-09-03T19:33:51.515540+00:00
2026-06-03,425.0,425.0,415.0,419.9,6454,419.9,2026-09-03T19:33:51.515540+00:00
2026-06-04,427.0,427.0,414.2,415.0,9167,415.0,2026-09-03T19:33:51.515540+00:00
2026-06-05,422.0,433.0,421.0,428.6,19852,428.6,2026-09-03T19:33:51.515540+00:00
2026-06-08,433.5,437.0,422.0,427.9,13831,427.9,2026-09-03T19:33:51.515540+00:00
2026-06-09,425.1,430.0,412.0,418.0,9410,418.0,2026-09-03T19:33:51.515540+00:00
2026-06-10,425.0,429.7,417.0,421.0,7459,421.0,2026-09-03T19:33:51.515540+00:00
2026-06-11,416.0,425.0,414.3,414.5,4568,414.5,2026-09-03T19:33:51.515540+00:00
2026-06-12,415.0,417.0,405.0,405.0,8238,405.0,2026-09-03T19:33:51.515540+00:00
2026-06-15,425.2,425.2,405.0,406.0,9095,406.0,2026-09-03T19:33:51.515540+00:00
2026-06-16,426.2,426.2,406.0,407.9,5123,407.9,2026-09-03T19:33:51.515540+00:00
2026-06-17,414.0,416.0,405.0,405.0,7995,405.0,2026-09-03T19:33:51.515540+00:00
2026-06-18,415.0,415.0,402.5,408.9,6150,408.9,2026-09-03T19:33:51.515540+00:00
2026-06-19,390.0,413.7,390.0,405.2,5665,405.2,2026-09-03T19:33:51.515540+00:00
2026-06-22,405.1,415.0,405.0,409.7,6532,409.7,2026-09-03T19:33:51.515540+00:00
2026-06-23,403.0,406.0,400.0,405.0,4033,405.0,2026-09-03T19:33:51.515540+00:00
2026-06-24,405.0,405.0,400.0,403.0,7024,403.0,2026-09-03T19:33:51.515540+00:00
2026-06-25,403.0,405.0,400.0,401.0,6229,401.0,2026-09-03T19:33:51.515540+00:00
2026-06-26,401.2,405.0,400.0,401.0,6612,401.0,2026-09-03T19:33:51.515540+00:00
2026-06-29,401.0,401.0,399.0,400.2,7025,400.2,2026-09-03T19:33:51.515540+00:00
2026-06-30,397.0,399.0,394.0,397.0,4720,397.0,2026-09-03T19:33:51.515540+00:00
2026-07-01,407.8,407.8,398.0,398.0,2276,398.0,2026-09-03T19:33:51.515540+00:00
2026-07-02,398.0,401.0,394.0,396.0,3236,396.0,2026-09-03T19:33:51.515540+00:00
2026-07-03,406.0,407.7,398.5,398.5,2478,398.5,2026-09-03T19:33:51.515540+00:00
2026-07-06,400.0,400.0,395.0,395.1,4189,395.1,2026-09-03T19:33:51.515540+00:00
2026-07-07,396.0,397.0,395.0,396.9,2444,396.9,2026-09-03T19:33:51.515540+00:00
2026-07-08,396.0,400.0,390.0,390.0,8190,390.0,2026-09-03T19:33:51.515540+00:00
2026-07-09,390.0,396.9,385.0,385.1,2671,385.1,2026-09-03T19:33:51.515540+00:00
2026-07-10,396.0,400.0,375.0,376.2,6866,376.2,2026-09-03T19:33:51.515540+00:00
2026-07-13,387.0,387.4,377.0,381.0,6869,381.0,2026-09-03T19:33:51.515540+00:00
2026-07-14,381.0,389.8,378.5,383.2,5939,383.2,2026-09-03T19:33:51.515540+00:00
2026-07-15,388.0,388.0,385.0,385.0,3719,385.0,2026-09-03T19:33:51.515540+00:00
2026-07-16,390.0,390.0,383.0,383.0,3435,383.0,2026-09-03T19:33:51.515540+00:00
2026-07-17,394.0,400.0,394.0,399.0,4090,399.0,2026-09-03T19:33:51.515540+00:00
2026-07-20,399.0,402.5,395.0,401.9,4910,401.9,2026-09-03T19:33:51.515540+00:00
2026-07-21,402.0,408.0,392.3,403.9,6318,403.9,2026-09-03T19:33:51.515540+00:00
2026-07-22,403.0,410.9,403.0,405.5,7555,405.5,2026-09-03T19:33:51.515540+00:00
2026-07-23,400.1,404.0,395.0,400.0,5347,400.0,2026-09-03T19:33:51.515540+00:00
2026-07-24,400.1,405.0,395.0,404.0,4548,404.0,2026-09-03T19:33:51.515540+00:00
2026-07-27,404.0,412.0,399.0,400.0,5971,400.0,2026-09-03T19:33:51.515540+00:00
2026-07-28,400.0,404.9,391.0,400.0,895,400.0,2026-09-03T19:33:51.515540+00:00
2026-07-29,405.0,405.0,395.2,401.0,1989,401.0,2026-09-03T19:33:51.515540+00:00
2026-07-30,402.9,404.0,393.0,393.0,3495,393.0,2026-09-03T19:33:51.515540+00:00
2026-07-31,393.0,394.0,390.0,394.0,3470,394.0,2026-09-03T19:33:51.515540+00:00
2026-08-03,400.0,403.0,390.0,396.0,3464,396.0,2026-09-03T19:33:51.515540+00:00
2026-08-04,398.0,398.0,388.0,388.1,7031,388.1,2026-09-03T19:33:51.515540+00:00
2026-08-05,387.1,398.0,387.1,389.1,3630,389.1,2026-09-03T19:33:51.515540+00:00
2026-08-06,391.1,391.1,385.0,391.0,3205,391.0,2026-09-03T19:33:51.515540+00:00
2026-08-07,385.0,389.0,384.0,384.5,6409,384.5,2026-09-03T19:33:51.515540+00:00
2026-08-10,385.0,389.0,378.0,388.0,4185,388.0,2026-09-03T19:33:51.515540+00:00
2026-08-11,385.0,387.0,384.0,386.9,3250,386.9,2026-09-03T19:33:51.515540+00:00
2026-08-12,385.0,388.0,379.0,388.0,4317,388.0,2026-09-03T19:33:51.515540+00:00
2026-08-13,385.0,387.0,380.0,386.9,7016,386.9,2026-09-03T19:33:51.515540+00:00
2026-08-14,391.0,391.0,380.3,380.3,4569,380.3,2026-09-03T19:33:51.515540+00:00
2026-08-17,390.0,390.0,380.0,384.0,3217,384.0,2026-09-03T19:33:51.515540+00:00
2026-08-18,390.0,390.0,380.0,383.9,4430,383.9,2026-09-03T19:33:51.515540+00:00
2026-08-19,381.0,387.1,380.0,381.7,1949,381.7,2026-09-03T19:33:51.515540+00:00
2026-08-20,385.0,385.0,377.5,381.0,2855,381.0,2026-09-03T19:33:51.515540+00:00
2026-08-21,380.0,380.0,378.0,380.0,3187,380.0,2026-09-03T19:33:51.515540+00:00
2026-08-24,375.0,379.0,374.0,378.0,3363,378.0,2026-09-03T19:33:51.515540+00:00
2026-08-25,374.3,380.0,374.1,379.0,3746,379.0,2026-09-03T19:33:51.515540+00:00
2026-08-26,378.0,378.9,370.0,378.5,4771,378.5,2026-09-03T19:33:51.515540+00:00
2026-08-27,367.2,388.3,367.2,384.8,1773,384.8,2026-09-03T19:33:51.515540+00:00
2026-08-31,374.0,375.0,371.0,372.0,2323,372.0,2026-09-03T19:33:51.515540+00:00
2026-09-01,368.0,373.0,365.0,371.0,2514,371.0,2026-09-03T19:33:51.515540+00:00
2026-09-02,365.0,371.0,365.0,370.0,1645,370.0,2026-09-03T19:33:51.515540+00:00
2026-09-03,370.0,370.0,361.2,368.9,6967,368.9,2026-09-03T19:33:51.515540+00:00
