date,open,high,low,close,volume,adj_close,fetched_at
2014-02-06,378.0,399.0,385.0,399.0,30,399.0,2026-09-03T19:34:20.898816+00:00
2014-02-10,399.0,399.0,399.0,399.0,10,399.0,2026-09-03T19:34:20.898816+00:00
2014-02-11,399.0,414.0,406.0,414.0,43,414.0,2026-09-03T19:34:20.898816+00:00
2014-02-12,414.0,455.0,422.0,455.0,80,455.0,2026-09-03T19:34:20.898816+00:00
2014-02-13,455.0,473.0,464.0,473.0,43,473.0,2026-09-03T19:34:20.898816+00:00
2014-02-16,473.0,520.0,482.0,520.0,276,520.0,2026-09-03T19:34:20.898816+00:00
2014-02-17,520.0,572.0,530.0,572.0,70,572.0,2026-09-03T19:34:20.898816+00:00
2014-02-18,572.0,629.0,583.0,629.0,90,629.0,2026-09-03T19:34:20.898816+00:00
2014-02-20,629.0,691.0,660.0,691.0,65,691.0,2026-09-03T19:34:20.898816+00:00
2014-02-23,691.0,760.0,704.0,760.0,854,760.0,2026-09-03T19:34:20.898816+00:00
2014-02-24,760.0,836.0,775.0,836.0,2829,836.0,2026-09-03T19:34:20.898816+00:00
2014-02-25,836.0,919.0,770.0,918.0,10245,918.0,2026-09-03T19:34:20.898816+00:00
2014-02-26,918.0,920.0,855.0,856.0,3820,856.0,2026-09-03T19:34:20.898816+00:00
2014-03-03,856.0,840.0,780.0,813.0,3330,813.0,2026-09-03T19:34:20.898816+00:00
2014-03-04,813.0,800.0,780.0,797.0,5326,797.0,2026-09-03T19:34:20.898816+00:00
2014-03-05,797.0,806.0,785.0,795.0,1518,795.0,2026-09-03T19:34:20.898816+00:00
2014-03-06,795.0,800.0,775.0,775.0,616,775.0,2026-09-03T19:34:20.898816+00:00
2014-03-09,775.0,780.0,756.0,780.0,1834,780.0,2026-09-03T19:34:20.898816+00:00
2014-03-10,780.0,775.0,730.0,765.0,2660,765.0,2026-09-03T19:34:20.898816+00:00
2014-03-11,765.0,760.0,740.0,750.0,1294,750.0,2026-09-03T19:34:20.898816+00:00
2014-03-12,750.0,745.0,725.0,738.0,1136,738.0,2026-09-03T19:34:20.898816+00:00
2014-03-13,738.0,750.0,730.0,750.0,1177,750.0,2026-09-03T19:34:20.898816+00:00
2014-03-17,750.0,745.0,701.0,705.0,1250,705.0,2026-09-03T19:34:20.898816+00:00
2014-03-18,705.0,709.0,681.0,681.0,2024,681.0,2026-09-03T19:34:20.898816+00:00
2014-03-19,681.0,690.0,667.0,681.0,1156,681.0,2026-09-03T19:34:20.898816+00:00
2014-03-20,681.0,690.0,670.0,690.0,800,690.0,2026-09-03T19:34:20.898816+00:00
2014-03-23,690.0,695.0,660.0,680.0,896,680.0,2026-09-03T19:34:20.898816+00:00
2014-03-24,680.0,673.0,654.0,666.0,392,666.0,2026-09-03T19:34:20.898816+00:00
2014-03-25,666.0,686.0,660.0,675.0,1075,675.0,2026-09-03T19:34:20.898816+00:00
2014-03-26,675.0,689.0,650.0,679.0,1839,679.0,2026-09-03T19:34:20.898816+00:00
2014-03-27,679.0,693.0,672.0,693.0,2719,693.0,2026-09-03T19:34:20.898816+00:00
2014-03-31,693.0,710.0,686.0,710.0,857,710.0,2026-09-03T19:34:20.898816+00:00
2014-04-01,710.0,720.0,710.0,710.0,756,710.0,2026-09-03T19:34:20.898816+00:00
2014-04-02,710.0,720.0,700.0,701.0,230,701.0,2026-09-03T19:34:20.898816+00:00
2014-04-03,701.0,701.0,680.0,680.0,492,680.0,2026-09-03T19:34:20.898816+00:00
2014-04-06,680.0,685.0,680.0,681.0,249,681.0,2026-09-03T19:34:20.898816+00:00
2014-04-07,681.0,710.0,684.0,700.0,2708,700.0,2026-09-03T19:34:20.898816+00:00
2014-04-09,700.0,705.0,687.0,705.0,834,705.0,2026-09-03T19:34:20.898816+00:00
2014-04-10,705.0,715.0,690.0,704.0,478,704.0,2026-09-03T19:34:20.898816+00:00
2014-04-13,704.0,705.0,700.0,701.0,274,701.0,2026-09-03T19:34:20.898816+00:00
2014-04-15,701.0,726.0,700.0,712.0,1348,712.0,2026-09-03T19:34:20.898816+00:00
2014-04-16,712.0,723.0,710.0,715.0,240,715.0,2026-09-03T19:34:20.898816+00:00
2014-04-17,715.0,715.0,709.0,710.0,731,710.0,2026-09-03T19:34:20.898816+00:00
2014-04-20,710.0,710.0,708.0,710.0,263,710.0,2026-09-03T19:34:20.898816+00:00
2014-04-21,710.0,710.0,685.0,685.0,1684,685.0,2026-09-03T19:34:20.898816+00:00
2014-04-22,685.0,698.0,659.0,698.0,308,698.0,2026-09-03T19:34:20.898816+00:00
2014-04-23,698.0,700.0,673.0,675.0,2295,675.0,2026-09-03T19:34:20.898816+00:00
2014-04-27,675.0,688.0,675.0,681.0,422,681.0,2026-09-03T19:34:20.898816+00:00
2014-04-28,681.0,725.0,685.0,702.0,517,702.0,2026-09-03T19:34:20.898816+00:00
2014-04-29,702.0,699.0,688.0,699.0,30,699.0,2026-09-03T19:34:20.898816+00:00
2014-04-30,699.0,686.0,679.0,685.0,783,685.0,2026-09-03T19:34:20.898816+00:00
2014-05-04,685.0,740.0,680.0,733.0,4493,733.0,2026-09-03T19:34:20.898816+00:00
2014-05-05,733.0,804.0,732.0,760.0,2079,760.0,2026-09-03T19:34:20.898816+00:00
2014-05-06,760.0,760.0,731.0,736.0,640,736.0,2026-09-03T19:34:20.898816+00:00
2014-05-07,736.0,732.0,722.0,731.0,452,731.0,2026-09-03T19:34:20.898816+00:00
2014-05-08,731.0,730.0,701.0,701.0,2847,701.0,2026-09-03T19:34:20.898816+00:00
2014-05-11,701.0,710.0,697.0,699.0,130,699.0,2026-09-03T19:34:20.898816+00:00
2014-05-12,699.0,720.0,695.0,720.0,957,720.0,2026-09-03T19:34:20.898816+00:00
2014-05-13,720.0,770.0,710.0,770.0,2680,770.0,2026-09-03T19:34:20.898816+00:00
2014-05-15,770.0,780.0,770.0,770.0,670,770.0,2026-09-03T19:34:20.898816+00:00
2014-05-18,770.0,755.0,707.0,708.0,493,708.0,2026-09-03T19:34:20.898816+00:00
2014-05-19,708.0,722.0,707.0,712.0,1023,712.0,2026-09-03T19:34:20.898816+00:00
2014-05-20,712.0,722.0,700.0,711.0,1484,711.0,2026-09-03T19:34:20.898816+00:00
2014-05-21,711.0,715.0,700.0,711.0,3508,711.0,2026-09-03T19:34:20.898816+00:00
2014-05-22,711.0,720.0,710.0,711.0,1060,711.0,2026-09-03T19:34:20.898816+00:00
2014-05-25,711.0,720.0,705.0,718.0,550,718.0,2026-09-03T19:34:20.898816+00:00
2014-05-26,718.0,755.0,722.0,730.0,1458,730.0,2026-09-03T19:34:20.898816+00:00
2014-05-27,730.0,729.0,711.0,718.0,1292,718.0,2026-09-03T19:34:20.898816+00:00
2014-05-28,718.0,725.0,713.0,720.0,200,720.0,2026-09-03T19:34:20.898816+00:00
2014-06-01,720.0,720.0,710.0,720.0,577,720.0,2026-09-03T19:34:20.898816+00:00
2014-06-02,720.0,715.0,710.0,710.0,190,710.0,2026-09-03T19:34:20.898816+00:00
2014-06-03,710.0,730.0,685.0,730.0,1235,730.0,2026-09-03T19:34:20.898816+00:00
2014-06-04,730.0,716.0,686.0,695.0,1458,695.0,2026-09-03T19:34:20.898816+00:00
2014-06-05,695.0,695.0,670.0,686.0,459,686.0,2026-09-03T19:34:20.898816+00:00
2014-06-08,686.0,680.0,680.0,680.0,10,680.0,2026-09-03T19:34:20.898816+00:00
2014-06-09,680.0,695.0,671.0,695.0,835,695.0,2026-09-03T19:34:20.898816+00:00
2014-06-10,695.0,708.0,690.0,694.0,1272,694.0,2026-09-03T19:34:20.898816+00:00
2014-06-11,694.0,700.0,690.0,700.0,962,700.0,2026-09-03T19:34:20.898816+00:00
2014-06-12,700.0,701.0,687.0,691.0,620,691.0,2026-09-03T19:34:20.898816+00:00
2014-06-15,691.0,703.0,690.0,703.0,174,703.0,2026-09-03T19:34:20.898816+00:00
2014-06-16,703.0,710.0,696.0,696.0,101,696.0,2026-09-03T19:34:20.898816+00:00
2014-06-17,696.0,708.0,696.0,708.0,100,708.0,2026-09-03T19:34:20.898816+00:00
2014-06-18,708.0,695.0,681.0,681.0,83,681.0,2026-09-03T19:34:20.898816+00:00
2014-06-19,681.0,681.0,675.0,678.0,267,678.0,2026-09-03T19:34:20.898816+00:00
2014-06-23,678.0,670.0,670.0,670.0,164,670.0,2026-09-03T19:34:20.898816+00:00
2014-06-24,670.0,736.0,659.0,736.0,309,736.0,2026-09-03T19:34:20.898816+00:00
2014-06-30,736.0,722.0,680.0,700.0,1932,700.0,2026-09-03T19:34:20.898816+00:00
2014-07-01,700.0,743.0,700.0,721.0,2062,721.0,2026-09-03T19:34:20.898816+00:00
2014-07-02,721.0,740.0,730.0,730.0,1655,730.0,2026-09-03T19:34:20.898816+00:00
2014-07-03,730.0,744.0,720.0,730.0,967,730.0,2026-09-03T19:34:20.898816+00:00
2014-07-06,730.0,745.0,725.0,745.0,976,745.0,2026-09-03T19:34:20.898816+00:00
2014-07-07,745.0,745.0,721.0,725.0,509,725.0,2026-09-03T19:34:20.898816+00:00
2014-07-08,725.0,720.0,700.0,710.0,718,710.0,2026-09-03T19:34:20.898816+00:00
2014-07-09,710.0,710.0,695.0,695.0,148,695.0,2026-09-03T19:34:20.898816+00:00
2014-07-10,695.0,728.0,696.0,728.0,853,728.0,2026-09-03T19:34:20.898816+00:00
2014-07-13,728.0,756.0,728.0,744.0,603,744.0,2026-09-03T19:34:20.898816+00:00
2014-07-14,744.0,730.0,702.0,712.0,1010,712.0,2026-09-03T19:34:20.898816+00:00
2014-07-15,712.0,730.0,700.0,720.0,3585,720.0,2026-09-03T19:34:20.898816+00:00
2014-07-16,720.0,748.0,720.0,740.0,476,740.0,2026-09-03T19:34:20.898816+00:00
2014-07-17,740.0,745.0,739.0,745.0,1016,745.0,2026-09-03T19:34:20.898816+00:00
2014-07-20,745.0,819.0,750.0,819.0,8950,819.0,2026-09-03T19:34:20.898816+00:00
2014-07-21,819.0,900.0,835.0,900.0,7496,900.0,2026-09-03T19:34:20.898816+00:00
2014-07-22,900.0,973.0,871.0,900.0,5325,900.0,2026-09-03T19:34:20.898816+00:00
2014-07-23,900.0,900.0,868.0,870.0,735,870.0,2026-09-03T19:34:20.898816+00:00
2014-07-24,870.0,880.0,860.0,860.0,884,860.0,2026-09-03T19:34:20.898816+00:00
2014-07-27,860.0,845.0,840.0,845.0,172,845.0,2026-09-03T19:34:20.898816+00:00
2014-07-28,845.0,829.0,813.0,813.0,30,813.0,2026-09-03T19:34:20.898816+00:00
2014-07-30,813.0,800.0,790.0,792.0,2786,792.0,2026-09-03T19:34:20.898816+00:00
2014-07-31,792.0,800.0,790.0,800.0,1098,800.0,2026-09-03T19:34:20.898816+00:00
2014-08-03,800.0,790.0,775.0,780.0,300,780.0,2026-09-03T19:34:20.898816+00:00
2014-08-04,780.0,780.0,771.0,780.0,443,780.0,2026-09-03T19:34:20.898816+00:00
2014-08-05,780.0,800.0,770.0,770.0,317,770.0,2026-09-03T19:34:20.898816+00:00
2014-08-06,770.0,800.0,770.0,790.0,1406,790.0,2026-09-03T19:34:20.898816+00:00
2014-08-07,790.0,803.0,776.0,803.0,308,803.0,2026-09-03T19:34:20.898816+00:00
2014-08-12,803.0,787.0,787.0,787.0,60,787.0,2026-09-03T19:34:20.898816+00:00
2014-08-13,787.0,800.0,772.0,800.0,788,800.0,2026-09-03T19:34:20.898816+00:00
2014-08-14,800.0,795.0,775.0,775.0,352,775.0,2026-09-03T19:34:20.898816+00:00
2014-08-18,775.0,774.0,750.0,770.0,333,770.0,2026-09-03T19:34:20.898816+00:00
2014-08-19,770.0,760.0,751.0,751.0,815,751.0,2026-09-03T19:34:20.898816+00:00
2014-08-20,751.0,740.0,715.0,715.0,462,715.0,2026-09-03T19:34:20.898816+00:00
2014-08-21,715.0,720.0,700.0,707.0,981,707.0,2026-09-03T19:34:20.898816+00:00
2014-08-24,707.0,702.0,688.0,701.0,132,701.0,2026-09-03T19:34:20.898816+00:00
2014-08-25,701.0,700.0,661.0,661.0,120,661.0,2026-09-03T19:34:20.898816+00:00
2014-08-26,661.0,680.0,670.0,680.0,70,680.0,2026-09-03T19:34:20.898816+00:00
2014-08-27,680.0,702.0,690.0,690.0,923,690.0,2026-09-03T19:34:20.898816+00:00
2014-08-28,690.0,714.0,677.0,714.0,1571,714.0,2026-09-03T19:34:20.898816+00:00
2014-09-01,714.0,700.0,700.0,700.0,100,700.0,2026-09-03T19:34:20.898816+00:00
2014-09-03,700.0,700.0,690.0,690.0,594,690.0,2026-09-03T19:34:20.898816+00:00
2014-09-04,690.0,677.0,666.0,670.0,286,670.0,2026-09-03T19:34:20.898816+00:00
2014-09-07,670.0,657.0,632.0,632.0,284,632.0,2026-09-03T19:34:20.898816+00:00
2014-09-09,632.0,640.0,630.0,640.0,384,640.0,2026-09-03T19:34:20.898816+00:00
2014-09-10,640.0,683.0,647.0,683.0,579,683.0,2026-09-03T19:34:20.898816+00:00
2014-09-11,683.0,680.0,670.0,670.0,615,670.0,2026-09-03T19:34:20.898816+00:00
2014-09-14,670.0,657.0,657.0,657.0,50,657.0,2026-09-03T19:34:20.898816+00:00
2014-09-16,657.0,655.0,644.0,655.0,627,655.0,2026-09-03T19:34:20.898816+00:00
2014-09-17,655.0,663.0,650.0,663.0,985,663.0,2026-09-03T19:34:20.898816+00:00
2014-09-18,663.0,654.0,640.0,644.0,620,644.0,2026-09-03T19:34:20.898816+00:00
2014-09-22,644.0,635.0,624.0,630.0,162,630.0,2026-09-03T19:34:20.898816+00:00
2014-09-23,630.0,642.0,625.0,630.0,318,630.0,2026-09-03T19:34:20.898816+00:00
2014-09-24,630.0,631.0,620.0,620.0,668,620.0,2026-09-03T19:34:20.898816+00:00
2014-09-28,620.0,622.0,620.0,622.0,30,622.0,2026-09-03T19:34:20.898816+00:00
2014-09-29,622.0,634.0,634.0,634.0,10,634.0,2026-09-03T19:34:20.898816+00:00
2014-09-30,634.0,641.0,640.0,640.0,126,640.0,2026-09-03T19:34:20.898816+00:00
2014-10-09,640.0,640.0,620.0,630.0,281,630.0,2026-09-03T19:34:20.898816+00:00
2014-10-12,630.0,620.0,620.0,620.0,30,620.0,2026-09-03T19:34:20.898816+00:00
2014-10-13,620.0,621.0,608.0,608.0,200,608.0,2026-09-03T19:34:20.898816+00:00
2014-10-14,608.0,642.0,608.0,642.0,293,642.0,2026-09-03T19:34:20.898816+00:00
2014-10-15,642.0,640.0,636.0,636.0,80,636.0,2026-09-03T19:34:20.898816+00:00
2014-10-16,636.0,659.0,635.0,659.0,180,659.0,2026-09-03T19:34:20.898816+00:00
2014-10-19,659.0,672.0,660.0,672.0,420,672.0,2026-09-03T19:34:20.898816+00:00
2014-10-20,672.0,680.0,671.0,680.0,610,680.0,2026-09-03T19:34:20.898816+00:00
2014-10-21,680.0,690.0,690.0,690.0,10,690.0,2026-09-03T19:34:20.898816+00:00
2014-10-22,690.0,681.0,670.0,670.0,523,670.0,2026-09-03T19:34:20.898816+00:00
2014-10-26,670.0,665.0,665.0,665.0,10,665.0,2026-09-03T19:34:20.898816+00:00
2014-10-27,665.0,683.0,663.0,678.0,315,678.0,2026-09-03T19:34:20.898816+00:00
2014-10-28,678.0,680.0,667.0,671.0,381,671.0,2026-09-03T19:34:20.898816+00:00
2014-10-30,671.0,675.0,670.0,675.0,50,675.0,2026-09-03T19:34:20.898816+00:00
2014-11-03,675.0,665.0,654.0,654.0,321,654.0,2026-09-03T19:34:20.898816+00:00
2014-11-04,654.0,650.0,649.0,649.0,110,649.0,2026-09-03T19:34:20.898816+00:00
2014-11-05,649.0,700.0,661.0,680.0,70,680.0,2026-09-03T19:34:20.898816+00:00
2014-11-06,680.0,667.0,654.0,654.0,20,654.0,2026-09-03T19:34:20.898816+00:00
2014-11-09,654.0,654.0,641.0,641.0,103,641.0,2026-09-03T19:34:20.898816+00:00
2014-11-10,641.0,653.0,625.0,625.0,287,625.0,2026-09-03T19:34:20.898816+00:00
2014-11-11,625.0,630.0,615.0,630.0,600,630.0,2026-09-03T19:34:20.898816+00:00
2014-11-12,630.0,620.0,606.0,620.0,490,620.0,2026-09-03T19:34:20.898816+00:00
2014-11-13,620.0,610.0,610.0,610.0,220,610.0,2026-09-03T19:34:20.898816+00:00
2014-11-16,610.0,622.0,610.0,620.0,260,620.0,2026-09-03T19:34:20.898816+00:00
2014-11-17,620.0,620.0,600.0,610.0,432,610.0,2026-09-03T19:34:20.898816+00:00
2014-11-18,610.0,600.0,580.0,583.0,283,583.0,2026-09-03T19:34:20.898816+00:00
2014-11-19,583.0,605.0,583.0,605.0,455,605.0,2026-09-03T19:34:20.898816+00:00
2014-11-20,605.0,605.0,593.0,593.0,50,593.0,2026-09-03T19:34:20.898816+00:00
2014-11-23,593.0,616.0,600.0,615.0,1014,615.0,2026-09-03T19:34:20.898816+00:00
2014-11-24,615.0,630.0,625.0,630.0,70,630.0,2026-09-03T19:34:20.898816+00:00
2014-11-25,630.0,625.0,613.0,625.0,382,625.0,2026-09-03T19:34:20.898816+00:00
2014-11-30,625.0,635.0,613.0,613.0,350,613.0,2026-09-03T19:34:20.898816+00:00
2014-12-01,613.0,602.0,591.0,598.0,221,598.0,2026-09-03T19:34:20.898816+00:00
2014-12-02,598.0,605.0,605.0,605.0,10,605.0,2026-09-03T19:34:20.898816+00:00
2014-12-03,605.0,605.0,600.0,600.0,165,600.0,2026-09-03T19:34:20.898816+00:00
2014-12-04,600.0,590.0,590.0,590.0,40,590.0,2026-09-03T19:34:20.898816+00:00
2014-12-07,590.0,595.0,584.0,595.0,370,595.0,2026-09-03T19:34:20.898816+00:00
2014-12-08,595.0,595.0,580.0,580.0,30,580.0,2026-09-03T19:34:20.898816+00:00
2014-12-09,580.0,580.0,571.0,574.0,306,574.0,2026-09-03T19:34:20.898816+00:00
2014-12-10,574.0,575.0,564.0,565.0,1086,565.0,2026-09-03T19:34:20.898816+00:00
2014-12-11,565.0,587.0,565.0,587.0,270,587.0,2026-09-03T19:34:20.898816+00:00
2014-12-14,587.0,610.0,585.0,610.0,202,610.0,2026-09-03T19:34:20.898816+00:00
2014-12-15,610.0,610.0,598.0,606.0,1751,606.0,2026-09-03T19:34:20.898816+00:00
2014-12-16,606.0,610.0,585.0,600.0,3423,600.0,2026-09-03T19:34:20.898816+00:00
2014-12-17,600.0,607.0,585.0,607.0,1329,607.0,2026-09-03T19:34:20.898816+00:00
2014-12-18,607.0,620.0,596.0,620.0,2267,620.0,2026-09-03T19:34:20.898816+00:00
2014-12-21,620.0,608.0,596.0,601.0,3012,601.0,2026-09-03T19:34:20.898816+00:00
2014-12-22,601.0,605.0,596.0,603.0,1850,603.0,2026-09-03T19:34:20.898816+00:00
2014-12-23,603.0,600.0,599.0,600.0,496,600.0,2026-09-03T19:34:20.898816+00:00
2014-12-24,600.0,605.0,600.0,600.0,230,600.0,2026-09-03T19:34:20.898816+00:00
2014-12-28,600.0,622.0,600.0,622.0,851,622.0,2026-09-03T19:34:20.898816+00:00
2014-12-29,622.0,649.0,625.0,640.0,1134,640.0,2026-09-03T19:34:20.898816+00:00
2014-12-31,640.0,704.0,615.0,704.0,6394,704.0,2026-09-03T19:34:20.898816+00:00
2015-01-01,704.0,774.0,710.0,774.0,8047,774.0,2026-09-03T19:34:20.898816+00:00
2015-01-04,774.0,828.0,740.0,828.0,8506,828.0,2026-09-03T19:34:20.898816+00:00
2015-01-05,828.0,897.0,823.0,890.0,11454,890.0,2026-09-03T19:34:20.898816+00:00
2015-01-06,890.0,935.0,883.0,934.0,7553,934.0,2026-09-03T19:34:20.898816+00:00
2015-01-07,934.0,933.0,881.0,920.0,4530,920.0,2026-09-03T19:34:20.898816+00:00
2015-01-08,920.0,947.0,904.0,930.0,5637,930.0,2026-09-03T19:34:20.898816+00:00
2015-01-11,930.0,948.0,877.0,915.0,1243,915.0,2026-09-03T19:34:20.898816+00:00
2015-01-12,915.0,915.0,886.0,907.0,2715,907.0,2026-09-03T19:34:20.898816+00:00
2015-01-13,907.0,901.0,878.0,900.0,2034,900.0,2026-09-03T19:34:20.898816+00:00
2015-01-14,900.0,916.0,865.0,900.0,4319,900.0,2026-09-03T19:34:20.898816+00:00
2015-01-18,900.0,911.0,900.0,910.0,1424,910.0,2026-09-03T19:34:20.898816+00:00
2015-01-19,910.0,910.0,902.0,910.0,1433,910.0,2026-09-03T19:34:20.898816+00:00
2015-01-20,910.0,925.0,860.0,915.0,1983,915.0,2026-09-03T19:34:20.898816+00:00
2015-01-22,915.0,912.0,895.0,900.0,1994,900.0,2026-09-03T19:34:20.898816+00:00
2015-01-25,900.0,910.0,890.0,910.0,1975,910.0,2026-09-03T19:34:20.898816+00:00
2015-01-26,910.0,915.0,900.0,902.0,1685,902.0,2026-09-03T19:34:20.898816+00:00
2015-01-27,902.0,910.0,901.0,906.0,1313,906.0,2026-09-03T19:34:20.898816+00:00
2015-01-28,906.0,925.0,905.0,925.0,1958,925.0,2026-09-03T19:34:20.898816+00:00
2015-01-29,925.0,930.0,915.0,930.0,1583,930.0,2026-09-03T19:34:20.898816+00:00
2015-02-01,930.0,948.0,925.0,925.0,586,925.0,2026-09-03T19:34:20.898816+00:00
2015-02-02,925.0,994.0,940.0,994.0,2832,994.0,2026-09-03T19:34:20.898816+00:00
2015-02-03,994.0,1013.0,980.0,998.0,2356,998.0,2026-09-03T19:34:20.898816+00:00
2015-02-04,998.0,1059.0,1000.0,1025.0,3642,1025.0,2026-09-03T19:34:20.898816+00:00
2015-02-05,1025.0,1045.0,1000.0,1005.0,1436,1005.0,2026-09-03T19:34:20.898816+00:00
2015-02-08,1005.0,1000.0,980.0,1000.0,507,1000.0,2026-09-03T19:34:20.898816+00:00
2015-02-09,1000.0,1005.0,986.0,1005.0,2612,1005.0,2026-09-03T19:34:20.898816+00:00
2015-02-10,1005.0,1005.0,990.0,992.0,2505,992.0,2026-09-03T19:34:20.898816+00:00
2015-02-11,992.0,1015.0,980.0,1007.0,2741,1007.0,2026-09-03T19:34:20.898816+00:00
2015-02-12,1007.0,1008.0,1000.0,1000.0,2026,1000.0,2026-09-03T19:34:20.898816+00:00
2015-02-15,1000.0,1040.0,1006.0,1040.0,1167,1040.0,2026-09-03T19:34:20.898816+00:00
2015-02-16,1040.0,1072.0,1054.0,1056.0,3511,1056.0,2026-09-03T19:34:20.898816+00:00
2015-02-18,1056.0,1075.0,1010.0,1010.0,3203,1010.0,2026-09-03T19:34:20.898816+00:00
2015-02-22,1010.0,1080.0,1025.0,1065.0,3285,1065.0,2026-09-03T19:34:20.898816+00:00
2015-02-23,1065.0,1050.0,1026.0,1045.0,5029,1045.0,2026-09-03T19:34:20.898816+00:00
2015-02-24,1045.0,1040.0,1030.0,1040.0,2690,1040.0,2026-09-03T19:34:20.898816+00:00
2015-02-25,1040.0,1071.0,1045.0,1055.0,586,1055.0,2026-09-03T19:34:20.898816+00:00
2015-02-26,1055.0,1067.0,1056.0,1056.0,345,1056.0,2026-09-03T19:34:20.898816+00:00
2015-03-01,1056.0,1050.0,1042.0,1043.0,632,1043.0,2026-09-03T19:34:20.898816+00:00
2015-03-02,1043.0,1117.0,1043.0,1117.0,1477,1117.0,2026-09-03T19:34:20.898816+00:00
2015-03-03,1117.0,1100.0,1033.0,1086.0,1971,1086.0,2026-09-03T19:34:20.898816+00:00
2015-03-04,1086.0,1167.0,1065.0,1149.0,4154,1149.0,2026-09-03T19:34:20.898816+00:00
2015-03-09,1149.0,1217.0,1171.0,1185.0,2913,1185.0,2026-09-03T19:34:20.898816+00:00
2015-03-10,1185.0,1180.0,1147.0,1158.0,2670,1158.0,2026-09-03T19:34:20.898816+00:00
2015-03-11,1158.0,1151.0,1135.0,1136.0,2865,1136.0,2026-09-03T19:34:20.898816+00:00
2015-03-12,1136.0,1150.0,1125.0,1127.0,1485,1127.0,2026-09-03T19:34:20.898816+00:00
2015-03-15,1127.0,1125.0,1106.0,1110.0,145,1110.0,2026-09-03T19:34:20.898816+00:00
2015-03-16,1110.0,1105.0,1055.0,1075.0,1763,1075.0,2026-09-03T19:34:20.898816+00:00
2015-03-17,1075.0,1161.0,1096.0,1100.0,1451,1100.0,2026-09-03T19:34:20.898816+00:00
2015-03-18,1100.0,1110.0,1088.0,1105.0,665,1105.0,2026-09-03T19:34:20.898816+00:00
2015-03-19,1105.0,1122.0,1100.0,1106.0,710,1106.0,2026-09-03T19:34:20.898816+00:00
2015-03-22,1106.0,1106.0,1078.0,1078.0,935,1078.0,2026-09-03T19:34:20.898816+00:00
2015-03-23,1078.0,1057.0,1057.0,1057.0,495,1057.0,2026-09-03T19:34:20.898816+00:00
2015-03-24,1057.0,1081.0,1051.0,1081.0,404,1081.0,2026-09-03T19:34:20.898816+00:00
2015-03-25,1081.0,1075.0,1060.0,1070.0,1995,1070.0,2026-09-03T19:34:20.898816+00:00
2015-03-26,1070.0,1090.0,1080.0,1090.0,170,1090.0,2026-09-03T19:34:20.898816+00:00
2015-03-29,1090.0,1070.0,1049.0,1070.0,544,1070.0,2026-09-03T19:34:20.898816+00:00
2015-03-30,1070.0,1091.0,1049.0,1055.0,1149,1055.0,2026-09-03T19:34:20.898816+00:00
2015-04-01,1055.0,1055.0,1055.0,1055.0,10,1055.0,2026-09-03T19:34:20.898816+00:00
2015-04-05,1055.0,1050.0,1036.0,1036.0,88,1036.0,2026-09-03T19:34:20.898816+00:00
2015-04-06,1036.0,1055.0,1016.0,1055.0,450,1055.0,2026-09-03T19:34:20.898816+00:00
2015-04-07,1055.0,1045.0,1030.0,1036.0,1858,1036.0,2026-09-03T19:34:20.898816+00:00
2015-04-08,1036.0,1045.0,1035.0,1045.0,1445,1045.0,2026-09-03T19:34:20.898816+00:00
2015-04-09,1045.0,1070.0,1045.0,1060.0,628,1060.0,2026-09-03T19:34:20.898816+00:00
2015-04-12,1060.0,1070.0,1054.0,1055.0,715,1055.0,2026-09-03T19:34:20.898816+00:00
2015-04-13,1055.0,1045.0,1035.0,1045.0,1374,1045.0,2026-09-03T19:34:20.898816+00:00
2015-04-15,1045.0,1025.0,1025.0,1025.0,543,1025.0,2026-09-03T19:34:20.898816+00:00
2015-04-16,1025.0,1045.0,1025.0,1025.0,150,1025.0,2026-09-03T19:34:20.898816+00:00
2015-04-19,1025.0,1040.0,1030.0,1030.0,220,1030.0,2026-09-03T19:34:20.898816+00:00
2015-04-20,1030.0,1035.0,1015.0,1035.0,170,1035.0,2026-09-03T19:34:20.898816+00:00
2015-04-21,1035.0,1050.0,1035.0,1045.0,302,1045.0,2026-09-03T19:34:20.898816+00:00
2015-04-23,1045.0,1030.0,1016.0,1022.0,616,1022.0,2026-09-03T19:34:20.898816+00:00
2015-05-24,1022.0,1022.0,1022.0,1022.0,10,1022.0,2026-09-03T19:34:20.898816+00:00
2015-06-01,1022.0,1002.0,982.0,990.0,509,990.0,2026-09-03T19:34:20.898816+00:00
2015-06-02,990.0,971.0,916.0,950.0,471,950.0,2026-09-03T19:34:20.898816+00:00
2015-06-03,950.0,995.0,960.0,985.0,566,985.0,2026-09-03T19:34:20.898816+00:00
2015-06-04,985.0,1030.0,983.0,996.0,1447,996.0,2026-09-03T19:34:20.898816+00:00
2015-06-07,996.0,1030.0,1000.0,1020.0,1032,1020.0,2026-09-03T19:34:20.898816+00:00
2015-06-08,1020.0,1060.0,1025.0,1052.0,1336,1052.0,2026-09-03T19:34:20.898816+00:00
2015-06-09,1052.0,1076.0,1055.0,1065.0,1325,1065.0,2026-09-03T19:34:20.898816+00:00
2015-06-10,1065.0,1045.0,1044.0,1044.0,650,1044.0,2026-09-03T19:34:20.898816+00:00
2015-06-11,1044.0,1059.0,1044.0,1059.0,777,1059.0,2026-09-03T19:34:20.898816+00:00
2015-06-14,1059.0,1050.0,1020.0,1030.0,257,1030.0,2026-09-03T19:34:20.898816+00:00
2015-06-15,1030.0,1040.0,1030.0,1030.0,481,1030.0,2026-09-03T19:34:20.898816+00:00
2015-06-16,1030.0,1030.0,1000.0,1011.0,112,1011.0,2026-09-03T19:34:20.898816+00:00
2015-06-17,1011.0,1000.0,991.0,991.0,310,991.0,2026-09-03T19:34:20.898816+00:00
2015-06-18,991.0,990.0,985.0,985.0,250,985.0,2026-09-03T19:34:20.898816+00:00
2015-06-21,985.0,1000.0,980.0,1000.0,192,1000.0,2026-09-03T19:34:20.898816+00:00
2015-06-22,1000.0,1000.0,992.0,992.0,132,992.0,2026-09-03T19:34:20.898816+00:00
2015-06-23,992.0,1010.0,992.0,995.0,267,995.0,2026-09-03T19:34:20.898816+00:00
2015-06-24,995.0,1014.0,995.0,1000.0,425,1000.0,2026-09-03T19:34:20.898816+00:00
2015-06-25,1000.0,1010.0,995.0,1010.0,1331,1010.0,2026-09-03T19:34:20.898816+00:00
2015-06-28,1010.0,1016.0,1010.0,1011.0,830,1011.0,2026-09-03T19:34:20.898816+00:00
2015-06-29,1011.0,1030.0,1000.0,1030.0,434,1030.0,2026-09-03T19:34:20.898816+00:00
2015-06-30,1030.0,1070.0,1035.0,1038.0,1099,1038.0,2026-09-03T19:34:20.898816+00:00
2015-07-01,1038.0,1058.0,1045.0,1045.0,182,1045.0,2026-09-03T19:34:20.898816+00:00
2015-07-02,1045.0,1040.0,1012.0,1040.0,364,1040.0,2026-09-03T19:34:20.898816+00:00
2015-07-05,1040.0,1032.0,1030.0,1032.0,73,1032.0,2026-09-03T19:34:20.898816+00:00
2015-07-06,1032.0,1073.0,1039.0,1039.0,957,1039.0,2026-09-03T19:34:20.898816+00:00
2015-07-07,1039.0,1055.0,1025.0,1050.0,312,1050.0,2026-09-03T19:34:20.898816+00:00
2015-07-08,1050.0,1070.0,1041.0,1050.0,494,1050.0,2026-09-03T19:34:20.898816+00:00
2015-07-09,1050.0,1100.0,1050.0,1100.0,2272,1100.0,2026-09-03T19:34:20.898816+00:00
2015-07-12,1100.0,1175.0,1122.0,1155.0,4497,1155.0,2026-09-03T19:34:20.898816+00:00
2015-07-13,1155.0,1183.0,1160.0,1160.0,1788,1160.0,2026-09-03T19:34:20.898816+00:00
2015-07-14,1160.0,1161.0,1140.0,1161.0,1166,1161.0,2026-09-03T19:34:20.898816+00:00
2015-07-15,1161.0,1181.0,1150.0,1181.0,3193,1181.0,2026-09-03T19:34:20.898816+00:00
2015-07-16,1181.0,1200.0,1169.0,1198.0,3193,1198.0,2026-09-03T19:34:20.898816+00:00
2015-07-22,1198.0,1300.0,1210.0,1300.0,12598,1300.0,2026-09-03T19:34:20.898816+00:00
2015-07-23,1300.0,1329.0,1235.0,1240.0,1219,1240.0,2026-09-03T19:34:20.898816+00:00
2015-07-26,1240.0,1340.0,1264.0,1340.0,851,1340.0,2026-09-03T19:34:20.898816+00:00
2015-07-27,1340.0,1314.0,1288.0,1288.0,182,1288.0,2026-09-03T19:34:20.898816+00:00
2015-07-29,1288.0,1263.0,1190.0,1200.0,744,1200.0,2026-09-03T19:34:20.898816+00:00
2015-07-30,1200.0,1235.0,1202.0,1220.0,3556,1220.0,2026-09-03T19:34:20.898816+00:00
2015-08-02,1220.0,1220.0,1215.0,1215.0,2191,1215.0,2026-09-03T19:34:20.898816+00:00
2015-08-03,1215.0,1210.0,1168.0,1192.0,2729,1192.0,2026-09-03T19:34:20.898816+00:00
2015-08-04,1192.0,1195.0,1170.0,1195.0,807,1195.0,2026-09-03T19:34:20.898816+00:00
2015-08-05,1195.0,1215.0,1180.0,1200.0,1382,1200.0,2026-09-03T19:34:20.898816+00:00
2015-08-06,1200.0,1254.0,1190.0,1254.0,4194,1254.0,2026-09-03T19:34:20.898816+00:00
2015-08-20,1254.0,1379.0,1279.0,1379.0,50,1379.0,2026-09-03T19:34:20.898816+00:00
2015-08-23,1379.0,1516.0,1400.0,1500.0,1670,1500.0,2026-09-03T19:34:20.898816+00:00
2015-08-24,1500.0,1650.0,1530.0,1630.0,210,1630.0,2026-09-03T19:34:20.898816+00:00
2015-08-26,1630.0,1600.0,1600.0,1600.0,20,1600.0,2026-09-03T19:34:20.898816+00:00
2015-08-27,1600.0,1568.0,1537.0,1537.0,20,1537.0,2026-09-03T19:34:20.898816+00:00
2015-09-01,1537.0,1520.0,1510.0,1520.0,400,1520.0,2026-09-03T19:34:20.898816+00:00
2015-09-02,1520.0,1490.0,1490.0,1490.0,100,1490.0,2026-09-03T19:34:20.898816+00:00
2015-09-03,1490.0,1461.0,1380.0,1380.0,310,1380.0,2026-09-03T19:34:20.898816+00:00
2015-09-06,1380.0,1355.0,1353.0,1353.0,138,1353.0,2026-09-03T19:34:20.898816+00:00
2015-09-07,1353.0,1353.0,1301.0,1353.0,390,1353.0,2026-09-03T19:34:20.898816+00:00
2015-09-08,1353.0,1407.0,1380.0,1399.0,522,1399.0,2026-09-03T19:34:20.898816+00:00
2015-09-09,1399.0,1485.0,1426.0,1475.0,1162,1475.0,2026-09-03T19:34:20.898816+00:00
2015-09-10,1475.0,1550.0,1500.0,1502.0,1307,1502.0,2026-09-03T19:34:20.898816+00:00
2015-09-14,1502.0,1475.0,1446.0,1450.0,250,1450.0,2026-09-03T19:34:20.898816+00:00
2015-09-15,1450.0,1501.0,1479.0,1501.0,193,1501.0,2026-09-03T19:34:20.898816+00:00
2015-09-16,1501.0,1530.0,1510.0,1530.0,300,1530.0,2026-09-03T19:34:20.898816+00:00
2015-09-23,1530.0,1500.0,1451.0,1451.0,732,1451.0,2026-09-03T19:34:20.898816+00:00
2015-09-24,1451.0,1480.0,1451.0,1480.0,462,1480.0,2026-09-03T19:34:20.898816+00:00
2015-09-29,1480.0,1500.0,1500.0,1500.0,100,1500.0,2026-09-03T19:34:20.898816+00:00
2015-09-30,1500.0,1470.0,1470.0,1470.0,100,1470.0,2026-09-03T19:34:20.898816+00:00
2015-10-04,1470.0,1490.0,1490.0,1490.0,100,1490.0,2026-09-03T19:34:20.898816+00:00
2015-10-06,1490.0,1500.0,1475.0,1475.0,300,1475.0,2026-09-03T19:34:20.898816+00:00
2015-10-07,1475.0,1446.0,1418.0,1418.0,124,1418.0,2026-09-03T19:34:20.898816+00:00
2015-10-08,1418.0,1504.0,1390.0,1504.0,687,1504.0,2026-09-03T19:34:20.898816+00:00
2015-10-14,1504.0,1533.0,1503.0,1503.0,20,1503.0,2026-09-03T19:34:20.898816+00:00
2015-10-28,1503.0,1473.0,1473.0,1473.0,10,1473.0,2026-09-03T19:34:20.898816+00:00
2015-10-29,1473.0,1444.0,1363.0,1390.0,150,1390.0,2026-09-03T19:34:20.898816+00:00
2015-11-01,1390.0,1375.0,1350.0,1350.0,60,1350.0,2026-09-03T19:34:20.898816+00:00
2015-11-02,1350.0,1325.0,1325.0,1325.0,50,1325.0,2026-09-03T19:34:20.898816+00:00
2015-11-03,1325.0,1301.0,1250.0,1250.0,1054,1250.0,2026-09-03T19:34:20.898816+00:00
2015-11-04,1250.0,1285.0,1215.0,1280.0,1252,1280.0,2026-09-03T19:34:20.898816+00:00
2015-11-05,1280.0,1277.0,1226.0,1277.0,731,1277.0,2026-09-03T19:34:20.898816+00:00
2015-11-08,1277.0,1285.0,1280.0,1285.0,183,1285.0,2026-09-03T19:34:20.898816+00:00
2015-11-09,1285.0,1355.0,1310.0,1355.0,3190,1355.0,2026-09-03T19:34:20.898816+00:00
2015-11-10,1355.0,1382.0,1320.0,1375.0,4601,1375.0,2026-09-03T19:34:20.898816+00:00
2015-11-15,1375.0,1348.0,1290.0,1321.0,911,1321.0,2026-09-03T19:34:20.898816+00:00
2015-11-16,1321.0,1320.0,1295.0,1320.0,200,1320.0,2026-09-03T19:34:20.898816+00:00
2015-11-18,1320.0,1325.0,1300.0,1320.0,842,1320.0,2026-09-03T19:34:20.898816+00:00
2015-11-19,1320.0,1330.0,1294.0,1330.0,586,1330.0,2026-09-03T19:34:20.898816+00:00
2015-11-22,1330.0,1304.0,1278.0,1285.0,570,1285.0,2026-09-03T19:34:20.898816+00:00
2015-11-23,1285.0,1275.0,1250.0,1274.0,499,1274.0,2026-09-03T19:34:20.898816+00:00
2015-11-24,1274.0,1280.0,1265.0,1280.0,300,1280.0,2026-09-03T19:34:20.898816+00:00
2015-11-25,1280.0,1280.0,1275.0,1275.0,120,1275.0,2026-09-03T19:34:20.898816+00:00
2015-11-26,1275.0,1251.0,1250.0,1250.0,80,1250.0,2026-09-03T19:34:20.898816+00:00
2015-11-29,1250.0,1225.0,1180.0,1199.0,1105,1199.0,2026-09-03T19:34:20.898816+00:00
2015-11-30,1199.0,1222.0,1198.0,1200.0,1480,1200.0,2026-09-03T19:34:20.898816+00:00
2015-12-01,1200.0,1267.0,1220.0,1267.0,202,1267.0,2026-09-03T19:34:20.898816+00:00
2015-12-02,1267.0,1260.0,1235.0,1235.0,610,1235.0,2026-09-03T19:34:20.898816+00:00
2015-12-03,1235.0,1307.0,1259.0,1295.0,459,1295.0,2026-09-03T19:34:20.898816+00:00
2015-12-06,1295.0,1400.0,1320.0,1400.0,1284,1400.0,2026-09-03T19:34:20.898816+00:00
2015-12-07,1400.0,1402.0,1340.0,1341.0,3235,1341.0,2026-09-03T19:34:20.898816+00:00
2015-12-08,1341.0,1443.0,1335.0,1443.0,1627,1443.0,2026-09-03T19:34:20.898816+00:00
2015-12-09,1443.0,1583.0,1450.0,1550.0,6119,1550.0,2026-09-03T19:34:20.898816+00:00
2015-12-10,1550.0,1591.0,1452.0,1500.0,4192,1500.0,2026-09-03T19:34:20.898816+00:00
2015-12-13,1500.0,1549.0,1470.0,1511.0,3381,1511.0,2026-09-03T19:34:20.898816+00:00
2015-12-14,1511.0,1500.0,1460.0,1460.0,3321,1460.0,2026-09-03T19:34:20.898816+00:00
2015-12-15,1460.0,1445.0,1330.0,1360.0,8192,1360.0,2026-09-03T19:34:20.898816+00:00
2015-12-16,1360.0,1450.0,1226.0,1370.0,9304,1370.0,2026-09-03T19:34:20.898816+00:00
2015-12-17,1370.0,1428.0,1365.0,1400.0,4756,1400.0,2026-09-03T19:34:20.898816+00:00
2015-12-20,1400.0,1400.0,1370.0,1380.0,2210,1380.0,2026-09-03T19:34:20.898816+00:00
2015-12-21,1380.0,1400.0,1370.0,1385.0,2031,1385.0,2026-09-03T19:34:20.898816+00:00
2015-12-22,1385.0,1428.0,1351.0,1428.0,3450,1428.0,2026-09-03T19:34:20.898816+00:00
2015-12-23,1428.0,1419.0,1401.0,1401.0,1608,1401.0,2026-09-03T19:34:20.898816+00:00
2015-12-24,1401.0,1460.0,1400.0,1460.0,4657,1460.0,2026-09-03T19:34:20.898816+00:00
2015-12-27,1460.0,1530.0,1489.0,1500.0,2931,1500.0,2026-09-03T19:34:20.898816+00:00
2015-12-28,1500.0,1515.0,1491.0,1515.0,6748,1515.0,2026-09-03T19:34:20.898816+00:00
2015-12-29,1515.0,1550.0,1510.0,1530.0,5778,1530.0,2026-09-03T19:34:20.898816+00:00
2015-12-31,1530.0,1590.0,1535.0,1565.0,4025,1565.0,2026-09-03T19:34:20.898816+00:00
2016-01-03,1565.0,1614.0,1581.0,1614.0,6080,1614.0,2026-09-03T19:34:20.898816+00:00
2016-01-04,1614.0,1645.0,1582.0,1600.0,2594,1600.0,2026-09-03T19:34:20.898816+00:00
2016-01-05,1600.0,1615.0,1581.0,1581.0,1815,1581.0,2026-09-03T19:34:20.898816+00:00
2016-01-06,1581.0,1560.0,1550.0,1550.0,118,1550.0,2026-09-03T19:34:20.898816+00:00
2016-01-07,1550.0,1575.0,1520.0,1520.0,1232,1520.0,2026-09-03T19:34:20.898816+00:00
2016-01-10,1520.0,1490.0,1455.0,1461.0,1645,1461.0,2026-09-03T19:34:20.898816+00:00
2016-01-11,1461.0,1500.0,1432.0,1500.0,631,1500.0,2026-09-03T19:34:20.898816+00:00
2016-01-12,1500.0,1520.0,1490.0,1505.0,1436,1505.0,2026-09-03T19:34:20.898816+00:00
2016-01-13,1505.0,1534.0,1520.0,1520.0,703,1520.0,2026-09-03T19:34:20.898816+00:00
2016-01-17,1520.0,1570.0,1500.0,1570.0,903,1570.0,2026-09-03T19:34:20.898816+00:00
2016-01-18,1570.0,1560.0,1520.0,1560.0,112,1560.0,2026-09-03T19:34:20.898816+00:00
2016-01-20,1560.0,1545.0,1545.0,1545.0,105,1545.0,2026-09-03T19:34:20.898816+00:00
2016-01-21,1545.0,1531.0,1520.0,1521.0,812,1521.0,2026-09-03T19:34:20.898816+00:00
2016-01-24,1521.0,1650.0,1550.0,1640.0,2729,1640.0,2026-09-03T19:34:20.898816+00:00
2016-01-28,1640.0,1625.0,1552.0,1620.0,9302,1620.0,2026-09-03T19:34:20.898816+00:00
2016-01-31,1620.0,1652.0,1630.0,1650.0,3607,1650.0,2026-09-03T19:34:20.898816+00:00
2016-02-01,1650.0,1735.0,1670.0,1675.0,2188,1675.0,2026-09-03T19:34:20.898816+00:00
2016-02-02,1675.0,1742.0,1670.0,1670.0,834,1670.0,2026-09-03T19:34:20.898816+00:00
2016-02-03,1670.0,1755.0,1670.0,1730.0,2538,1730.0,2026-09-03T19:34:20.898816+00:00
2016-02-04,1730.0,1740.0,1645.0,1650.0,2790,1650.0,2026-09-03T19:34:20.898816+00:00
2016-02-07,1650.0,1683.0,1650.0,1650.0,487,1650.0,2026-09-03T19:34:20.898816+00:00
2016-02-08,1650.0,1617.0,1586.0,1586.0,60,1586.0,2026-09-03T19:34:20.898816+00:00
2016-02-11,1586.0,1599.0,1539.0,1599.0,678,1599.0,2026-09-03T19:34:20.898816+00:00
2016-02-14,1599.0,1629.0,1568.0,1620.0,2615,1620.0,2026-09-03T19:34:20.898816+00:00
2016-02-15,1620.0,1609.0,1570.0,1609.0,1800,1609.0,2026-09-03T19:34:20.898816+00:00
2016-02-16,1609.0,1608.0,1600.0,1608.0,796,1608.0,2026-09-03T19:34:20.898816+00:00
2016-02-17,1608.0,1607.0,1576.0,1600.0,650,1600.0,2026-09-03T19:34:20.898816+00:00
2016-02-18,1600.0,1570.0,1509.0,1530.0,3207,1530.0,2026-09-03T19:34:20.898816+00:00
2016-02-21,1530.0,1560.0,1510.0,1545.0,1523,1545.0,2026-09-03T19:34:20.898816+00:00
2016-02-22,1545.0,1575.0,1531.0,1560.0,1003,1560.0,2026-09-03T19:34:20.898816+00:00
2016-02-24,1560.0,1588.0,1545.0,1545.0,131,1545.0,2026-09-03T19:34:20.898816+00:00
2016-02-25,1545.0,1615.0,1532.0,1585.0,1447,1585.0,2026-09-03T19:34:20.898816+00:00
2016-02-28,1585.0,1580.0,1550.0,1550.0,190,1550.0,2026-09-03T19:34:20.898816+00:00
2016-02-29,1550.0,1647.0,1580.0,1589.0,1608,1589.0,2026-09-03T19:34:20.898816+00:00
2016-03-01,1589.0,1611.0,1565.0,1610.0,1410,1610.0,2026-09-03T19:34:20.898816+00:00
2016-03-02,1610.0,1625.0,1590.0,1625.0,942,1625.0,2026-09-03T19:34:20.898816+00:00
2016-03-03,1625.0,1700.0,1617.0,1700.0,2704,1700.0,2026-09-03T19:34:20.898816+00:00
2016-03-06,1700.0,1758.0,1710.0,1750.0,9207,1750.0,2026-09-03T19:34:20.898816+00:00
2016-03-10,1750.0,1835.0,1765.0,1835.0,5506,1835.0,2026-09-03T19:34:20.898816+00:00
2016-03-13,1835.0,1799.0,1764.0,1795.0,662,1795.0,2026-09-03T19:34:20.898816+00:00
2016-03-14,1795.0,1760.0,1700.0,1700.0,1606,1700.0,2026-09-03T19:34:20.898816+00:00
2016-03-15,1700.0,1720.0,1680.0,1720.0,1700,1720.0,2026-09-03T19:34:20.898816+00:00
2016-03-16,1720.0,1700.0,1686.0,1700.0,92,1700.0,2026-09-03T19:34:20.898816+00:00
2016-03-17,1700.0,1765.0,1700.0,1765.0,642,1765.0,2026-09-03T19:34:20.898816+00:00
2016-03-20,1765.0,1800.0,1750.0,1750.0,360,1750.0,2026-09-03T19:34:20.898816+00:00
2016-03-21,1750.0,1785.0,1750.0,1760.0,2023,1760.0,2026-09-03T19:34:20.898816+00:00
2016-03-23,1760.0,1767.0,1740.0,1765.0,2280,1765.0,2026-09-03T19:34:20.898816+00:00
2016-03-24,1765.0,1765.0,1760.0,1760.0,264,1760.0,2026-09-03T19:34:20.898816+00:00
2016-03-27,1760.0,1730.0,1725.0,1730.0,229,1730.0,2026-09-03T19:34:20.898816+00:00
2016-03-28,1730.0,1765.0,1730.0,1765.0,1460,1765.0,2026-09-03T19:34:20.898816+00:00
2016-03-29,1765.0,1760.0,1705.0,1760.0,2663,1760.0,2026-09-03T19:34:20.898816+00:00
2016-03-30,1760.0,1750.0,1732.0,1732.0,350,1732.0,2026-09-03T19:34:20.898816+00:00
2016-03-31,1732.0,1749.0,1700.0,1715.0,770,1715.0,2026-09-03T19:34:20.898816+00:00
2016-04-03,1715.0,1710.0,1690.0,1690.0,110,1690.0,2026-09-03T19:34:20.898816+00:00
2016-04-04,1690.0,1734.0,1689.0,1710.0,84,1710.0,2026-09-03T19:34:20.898816+00:00
2016-04-05,1710.0,1725.0,1691.0,1691.0,210,1691.0,2026-09-03T19:34:20.898816+00:00
2016-04-06,1691.0,1658.0,1658.0,1658.0,40,1658.0,2026-09-03T19:34:20.898816+00:00
2016-04-10,1658.0,1625.0,1625.0,1625.0,10,1625.0,2026-09-03T19:34:20.898816+00:00
2016-04-11,1625.0,1650.0,1620.0,1630.0,142,1630.0,2026-09-03T19:34:20.898816+00:00
2016-04-12,1630.0,1674.0,1630.0,1674.0,510,1674.0,2026-09-03T19:34:20.898816+00:00
2016-04-14,1674.0,1690.0,1680.0,1690.0,232,1690.0,2026-09-03T19:34:20.898816+00:00
2016-04-18,1690.0,1711.0,1690.0,1690.0,1363,1690.0,2026-09-03T19:34:20.898816+00:00
2016-04-21,1690.0,1657.0,1626.0,1628.0,102,1628.0,2026-09-03T19:34:20.898816+00:00
2016-04-24,1628.0,1660.0,1628.0,1660.0,198,1660.0,2026-09-03T19:34:20.898816+00:00
2016-04-25,1660.0,1778.0,1640.0,1778.0,471,1778.0,2026-09-03T19:34:20.898816+00:00
2016-04-26,1778.0,1835.0,1770.0,1770.0,2273,1770.0,2026-09-03T19:34:20.898816+00:00
2016-04-27,1770.0,1860.0,1800.0,1800.0,1442,1800.0,2026-09-03T19:34:20.898816+00:00
2016-04-28,1800.0,1905.0,1836.0,1889.0,1215,1889.0,2026-09-03T19:34:20.898816+00:00
2016-05-02,1889.0,1930.0,1890.0,1890.0,514,1890.0,2026-09-03T19:34:20.898816+00:00
2016-05-03,1890.0,1890.0,1860.0,1860.0,135,1860.0,2026-09-03T19:34:20.898816+00:00
2016-05-04,1860.0,1858.0,1790.0,1836.0,1751,1836.0,2026-09-03T19:34:20.898816+00:00
2016-05-05,1836.0,1800.0,1800.0,1800.0,190,1800.0,2026-09-03T19:34:20.898816+00:00
2016-05-08,1800.0,1800.0,1770.0,1770.0,462,1770.0,2026-09-03T19:34:20.898816+00:00
2016-05-09,1770.0,1836.0,1775.0,1795.0,3333,1795.0,2026-09-03T19:34:20.898816+00:00
2016-05-10,1795.0,1859.0,1800.0,1800.0,1070,1800.0,2026-09-03T19:34:20.898816+00:00
2016-05-11,1800.0,1830.0,1800.0,1800.0,400,1800.0,2026-09-03T19:34:20.898816+00:00
2016-05-12,1800.0,1850.0,1815.0,1850.0,352,1850.0,2026-09-03T19:34:20.898816+00:00
2016-05-15,1850.0,1850.0,1813.0,1813.0,275,1813.0,2026-09-03T19:34:20.898816+00:00
2016-05-16,1813.0,1836.0,1800.0,1834.0,620,1834.0,2026-09-03T19:34:20.898816+00:00
2016-05-17,1834.0,1900.0,1850.0,1880.0,5644,1880.0,2026-09-03T19:34:20.898816+00:00
2016-05-18,1880.0,1870.0,1850.0,1850.0,800,1850.0,2026-09-03T19:34:20.898816+00:00
2016-05-19,1850.0,1900.0,1840.0,1840.0,190,1840.0,2026-09-03T19:34:20.898816+00:00
2016-05-22,1840.0,1876.0,1850.0,1860.0,2045,1860.0,2026-09-03T19:34:20.898816+00:00
2016-05-23,1860.0,1890.0,1846.0,1850.0,2509,1850.0,2026-09-03T19:34:20.898816+00:00
2016-05-24,1850.0,1973.0,1886.0,1973.0,3007,1973.0,2026-09-03T19:34:20.898816+00:00
2016-05-25,1973.0,1968.0,1899.0,1963.0,2156,1963.0,2026-09-03T19:34:20.898816+00:00
2016-05-26,1963.0,1960.0,1888.0,1915.0,1163,1915.0,2026-09-03T19:34:20.898816+00:00
2016-05-29,1915.0,1910.0,1870.0,1910.0,780,1910.0,2026-09-03T19:34:20.898816+00:00
2016-05-30,1910.0,1910.0,1882.0,1882.0,373,1882.0,2026-09-03T19:34:20.898816+00:00
2016-05-31,1882.0,1902.0,1865.0,1902.0,40,1902.0,2026-09-03T19:34:20.898816+00:00
2016-06-01,1902.0,1960.0,1902.0,1902.0,880,1902.0,2026-09-03T19:34:20.898816+00:00
2016-06-02,1902.0,1948.0,1880.0,1948.0,1683,1948.0,2026-09-03T19:34:20.898816+00:00
2016-06-05,1948.0,1910.0,1910.0,1910.0,20,1910.0,2026-09-03T19:34:20.898816+00:00
2016-06-06,1910.0,1986.0,1882.0,1986.0,1645,1986.0,2026-09-03T19:34:20.898816+00:00
2016-06-07,1986.0,2025.0,1920.0,1921.0,2075,1921.0,2026-09-03T19:34:20.898816+00:00
2016-06-08,1921.0,1940.0,1891.0,1891.0,3590,1891.0,2026-09-03T19:34:20.898816+00:00
2016-06-09,1891.0,1973.0,1900.0,1960.0,4662,1960.0,2026-09-03T19:34:20.898816+00:00
2016-06-12,1960.0,1990.0,1913.0,1950.0,1420,1950.0,2026-09-03T19:34:20.898816+00:00
2016-06-13,1950.0,2091.0,1950.0,2091.0,4126,2091.0,2026-09-03T19:34:20.898816+00:00
2016-06-14,2091.0,2174.0,2050.0,2080.0,6051,2080.0,2026-09-03T19:34:20.898816+00:00
2016-06-15,2080.0,2080.0,2000.0,2055.0,680,2055.0,2026-09-03T19:34:20.898816+00:00
2016-06-16,2055.0,2050.0,2000.0,2000.0,2930,2000.0,2026-09-03T19:34:20.898816+00:00
2016-06-19,2000.0,2030.0,2000.0,2000.0,967,2000.0,2026-09-03T19:34:20.898816+00:00
2016-06-20,2000.0,2030.0,1990.0,2025.0,644,2025.0,2026-09-03T19:34:20.898816+00:00
2016-06-21,2025.0,2051.0,2030.0,2051.0,2282,2051.0,2026-09-03T19:34:20.898816+00:00
2016-06-22,2051.0,2075.0,2010.0,2058.0,1367,2058.0,2026-09-03T19:34:20.898816+00:00
2016-06-23,2058.0,2140.0,2062.0,2125.0,1040,2125.0,2026-09-03T19:34:20.898816+00:00
2016-06-26,2125.0,2288.0,2167.0,2288.0,1062,2288.0,2026-09-03T19:34:20.898816+00:00
2016-06-27,2288.0,2516.0,2333.0,2400.0,3810,2400.0,2026-09-03T19:34:20.898816+00:00
2016-06-28,2400.0,2405.0,2201.0,2245.0,1009,2245.0,2026-09-03T19:34:20.898816+00:00
2016-06-29,2245.0,2379.0,2254.0,2300.0,708,2300.0,2026-09-03T19:34:20.898816+00:00
2016-06-30,2300.0,2499.0,2300.0,2499.0,4206,2499.0,2026-09-03T19:34:20.898816+00:00
2016-07-03,2499.0,2657.0,2498.0,2560.0,3534,2560.0,2026-09-03T19:34:20.898816+00:00
2016-07-04,2560.0,2650.0,2480.0,2480.0,2347,2480.0,2026-09-03T19:34:20.898816+00:00
2016-07-05,2480.0,2455.0,2310.0,2310.0,900,2310.0,2026-09-03T19:34:20.898816+00:00
2016-07-06,2310.0,2390.0,2250.0,2315.0,1619,2315.0,2026-09-03T19:34:20.898816+00:00
2016-07-10,2315.0,2350.0,2300.0,2300.0,1757,2300.0,2026-09-03T19:34:20.898816+00:00
2016-07-11,2300.0,2299.0,2254.0,2299.0,354,2299.0,2026-09-03T19:34:20.898816+00:00
2016-07-12,2299.0,2255.0,2200.0,2200.0,950,2200.0,2026-09-03T19:34:20.898816+00:00
2016-07-13,2200.0,2156.0,2113.0,2155.0,205,2155.0,2026-09-03T19:34:20.898816+00:00
2016-07-14,2155.0,2250.0,2160.0,2250.0,5554,2250.0,2026-09-03T19:34:20.898816+00:00
2016-07-19,2250.0,2220.0,2220.0,2220.0,40,2220.0,2026-09-03T19:34:20.898816+00:00
2016-07-21,2220.0,2176.0,1998.0,1998.0,740,1998.0,2026-09-03T19:34:20.898816+00:00
2016-07-25,1998.0,1959.0,1890.0,1915.0,2080,1915.0,2026-09-03T19:34:20.898816+00:00
2016-07-26,1915.0,2106.0,1930.0,2106.0,1490,2106.0,2026-09-03T19:34:20.898816+00:00
2016-07-27,2106.0,2125.0,2100.0,2125.0,238,2125.0,2026-09-03T19:34:20.898816+00:00
2016-07-28,2125.0,2165.0,2150.0,2150.0,354,2150.0,2026-09-03T19:34:20.898816+00:00
2016-08-01,2150.0,2107.0,2065.0,2065.0,75,2065.0,2026-09-03T19:34:20.898816+00:00
2016-08-02,2065.0,2060.0,1970.0,2000.0,1015,2000.0,2026-09-03T19:34:20.898816+00:00
2016-08-03,2000.0,2000.0,2000.0,2000.0,40,2000.0,2026-09-03T19:34:20.898816+00:00
2016-08-04,2000.0,2040.0,1960.0,1962.0,665,1962.0,2026-09-03T19:34:20.898816+00:00
2016-08-07,1962.0,2035.0,2001.0,2035.0,150,2035.0,2026-09-03T19:34:20.898816+00:00
2016-08-09,2035.0,2075.0,2075.0,2075.0,100,2075.0,2026-09-03T19:34:20.898816+00:00
2016-08-10,2075.0,2076.0,2076.0,2076.0,100,2076.0,2026-09-03T19:34:20.898816+00:00
2016-08-21,2076.0,2035.0,2035.0,2035.0,100,2035.0,2026-09-03T19:34:20.898816+00:00
2016-08-22,2035.0,1995.0,1995.0,1995.0,10,1995.0,2026-09-03T19:34:20.898816+00:00
2016-08-23,1995.0,1956.0,1796.0,1800.0,790,1800.0,2026-09-03T19:34:20.898816+00:00
2016-08-24,1800.0,1800.0,1715.0,1800.0,816,1800.0,2026-09-03T19:34:20.898816+00:00
2016-08-28,1800.0,1820.0,1764.0,1764.0,730,1764.0,2026-09-03T19:34:20.898816+00:00
2016-08-29,1764.0,1825.0,1779.0,1825.0,160,1825.0,2026-09-03T19:34:20.898816+00:00
2016-08-30,1825.0,1887.0,1825.0,1887.0,220,1887.0,2026-09-03T19:34:20.898816+00:00
2016-08-31,1887.0,1850.0,1825.0,1825.0,160,1825.0,2026-09-03T19:34:20.898816+00:00
2016-09-01,1825.0,1900.0,1861.0,1900.0,633,1900.0,2026-09-03T19:34:20.898816+00:00
2016-09-03,1900.0,1880.0,1845.0,1845.0,100,1845.0,2026-09-03T19:34:20.898816+00:00
2016-09-04,1900.0,1880.0,1845.0,1845.0,100,1845.0,2026-09-03T19:34:20.898816+00:00
2016-09-05,1845.0,1850.0,1800.0,1803.0,2190,1803.0,2026-09-03T19:34:20.898816+00:00
2016-09-06,1803.0,1912.0,1839.0,1850.0,672,1850.0,2026-09-03T19:34:20.898816+00:00
2016-09-07,1850.0,1887.0,1880.0,1880.0,37,1880.0,2026-09-03T19:34:20.898816+00:00
2016-09-08,1880.0,1900.0,1843.0,1865.0,1679,1865.0,2026-09-03T19:34:20.898816+00:00
2016-09-11,1865.0,1978.0,1902.0,1940.0,330,1940.0,2026-09-03T19:34:20.898816+00:00
2016-09-12,1940.0,1985.0,1910.0,1974.0,2150,1974.0,2026-09-03T19:34:20.898816+00:00
2016-09-14,1974.0,1940.0,1900.0,1940.0,330,1940.0,2026-09-03T19:34:20.898816+00:00
2016-09-18,1940.0,1902.0,1864.0,1866.0,110,1866.0,2026-09-03T19:34:20.898816+00:00
2016-09-20,1866.0,1941.0,1850.0,1903.0,861,1903.0,2026-09-03T19:34:20.898816+00:00
2016-09-21,1903.0,1941.0,1900.0,1940.0,700,1940.0,2026-09-03T19:34:20.898816+00:00
2016-09-22,1940.0,1980.0,1940.0,1980.0,199,1980.0,2026-09-03T19:34:20.898816+00:00
2016-09-26,1980.0,1941.0,1941.0,1941.0,10,1941.0,2026-09-03T19:34:20.898816+00:00
2016-09-27,1941.0,1941.0,1940.0,1940.0,20,1940.0,2026-09-03T19:34:20.898816+00:00
2016-09-28,1940.0,1910.0,1850.0,1850.0,90,1850.0,2026-09-03T19:34:20.898816+00:00
2016-09-29,1850.0,1850.0,1815.0,1815.0,310,1815.0,2026-09-03T19:34:20.898816+00:00
2016-10-02,1815.0,1780.0,1744.0,1745.0,420,1745.0,2026-09-03T19:34:20.898816+00:00
2016-10-03,1745.0,1715.0,1705.0,1705.0,591,1705.0,2026-09-03T19:34:20.898816+00:00
2016-10-04,1705.0,1710.0,1710.0,1710.0,20,1710.0,2026-09-03T19:34:20.898816+00:00
2016-10-05,1710.0,1881.0,1744.0,1881.0,340,1881.0,2026-09-03T19:34:20.898816+00:00
2016-10-06,1881.0,1980.0,1918.0,1980.0,1114,1980.0,2026-09-03T19:34:20.898816+00:00
2016-10-16,1980.0,1950.0,1950.0,1950.0,28,1950.0,2026-09-03T19:34:20.898816+00:00
2016-10-20,1950.0,1911.0,1845.0,1865.0,357,1865.0,2026-09-03T19:34:20.898816+00:00
2016-10-24,1865.0,1865.0,1865.0,1865.0,10,1865.0,2026-09-03T19:34:20.898816+00:00
2016-10-25,1865.0,1828.0,1828.0,1828.0,100,1828.0,2026-09-03T19:34:20.898816+00:00
2016-10-26,1828.0,1836.0,1792.0,1800.0,521,1800.0,2026-09-03T19:34:20.898816+00:00
2016-10-27,1800.0,1836.0,1800.0,1800.0,284,1800.0,2026-09-03T19:34:20.898816+00:00
2016-11-03,1800.0,1810.0,1790.0,1790.0,40,1790.0,2026-09-03T19:34:20.898816+00:00
2016-11-07,1790.0,1925.0,1825.0,1892.0,492,1892.0,2026-09-03T19:34:20.898816+00:00
2016-11-08,1892.0,1929.0,1820.0,1825.0,2610,1825.0,2026-09-03T19:34:20.898816+00:00
2016-11-10,1825.0,1866.0,1760.0,1866.0,1372,1866.0,2026-09-03T19:34:20.898816+00:00
2016-11-13,1866.0,1903.0,1865.0,1865.0,70,1865.0,2026-09-03T19:34:20.898816+00:00
2016-11-14,1865.0,1850.0,1850.0,1850.0,30,1850.0,2026-09-03T19:34:20.898816+00:00
2016-11-15,1850.0,1887.0,1820.0,1820.0,250,1820.0,2026-09-03T19:34:20.898816+00:00
2016-11-16,1820.0,1800.0,1800.0,1800.0,70,1800.0,2026-09-03T19:34:20.898816+00:00
2016-11-22,1800.0,1785.0,1785.0,1785.0,74,1785.0,2026-09-03T19:34:20.898816+00:00
2016-11-23,1785.0,1750.0,1750.0,1750.0,10,1750.0,2026-09-03T19:34:20.898816+00:00
2016-11-24,1750.0,1715.0,1584.0,1584.0,196,1584.0,2026-09-03T19:34:20.898816+00:00
2016-11-28,1584.0,1553.0,1492.0,1492.0,63,1492.0,2026-09-03T19:34:20.898816+00:00
2016-11-29,1492.0,1519.0,1399.0,1519.0,1441,1519.0,2026-09-03T19:34:20.898816+00:00
2016-11-30,1519.0,1549.0,1461.0,1461.0,220,1461.0,2026-09-03T19:34:20.898816+00:00
2016-12-01,1461.0,1549.0,1401.0,1549.0,2118,1549.0,2026-09-03T19:34:20.898816+00:00
2016-12-04,1549.0,1519.0,1431.0,1431.0,1410,1431.0,2026-09-03T19:34:20.898816+00:00
2016-12-05,1431.0,1479.0,1432.0,1432.0,1439,1432.0,2026-09-03T19:34:20.898816+00:00
2016-12-06,1432.0,1460.0,1410.0,1438.0,1180,1438.0,2026-09-03T19:34:20.898816+00:00
2016-12-07,1438.0,1466.0,1425.0,1453.0,1824,1453.0,2026-09-03T19:34:20.898816+00:00
2016-12-08,1453.0,1430.0,1430.0,1430.0,93,1430.0,2026-09-03T19:34:20.898816+00:00
2016-12-11,1430.0,1458.0,1415.0,1420.0,632,1420.0,2026-09-03T19:34:20.898816+00:00
2016-12-12,1420.0,1439.0,1372.0,1425.0,3364,1425.0,2026-09-03T19:34:20.898816+00:00
2016-12-14,1425.0,1425.0,1371.0,1400.0,1163,1400.0,2026-09-03T19:34:20.898816+00:00
2016-12-15,1400.0,1428.0,1428.0,1428.0,20,1428.0,2026-09-03T19:34:20.898816+00:00
2016-12-18,1428.0,1487.0,1430.0,1460.0,490,1460.0,2026-09-03T19:34:20.898816+00:00
2016-12-19,1460.0,1500.0,1460.0,1480.0,1050,1480.0,2026-09-03T19:34:20.898816+00:00
2016-12-20,1480.0,1500.0,1451.0,1500.0,243,1500.0,2026-09-03T19:34:20.898816+00:00
2016-12-21,1500.0,1499.0,1442.0,1442.0,674,1442.0,2026-09-03T19:34:20.898816+00:00
2016-12-22,1442.0,1495.0,1442.0,1495.0,450,1495.0,2026-09-03T19:34:20.898816+00:00
2016-12-26,1495.0,1525.0,1449.0,1449.0,515,1449.0,2026-09-03T19:34:20.898816+00:00
2016-12-27,1449.0,1477.0,1405.0,1477.0,224,1477.0,2026-09-03T19:34:20.898816+00:00
2016-12-28,1477.0,1477.0,1477.0,1477.0,100,1477.0,2026-09-03T19:34:20.898816+00:00
2016-12-29,1477.0,1477.0,1446.0,1474.0,597,1474.0,2026-09-03T19:34:20.898816+00:00
2017-01-02,1474.0,1527.0,1490.0,1527.0,170,1527.0,2026-09-03T19:34:20.898816+00:00
2017-01-03,1527.0,1500.0,1441.0,1441.0,370,1441.0,2026-09-03T19:34:20.898816+00:00
2017-01-04,1441.0,1445.0,1445.0,1445.0,51,1445.0,2026-09-03T19:34:20.898816+00:00
2017-01-05,1445.0,1420.0,1417.0,1420.0,145,1420.0,2026-09-03T19:34:20.898816+00:00
2017-01-08,1420.0,1476.0,1448.0,1476.0,20,1476.0,2026-09-03T19:34:20.898816+00:00
2017-01-09,1476.0,1470.0,1450.0,1450.0,97,1450.0,2026-09-03T19:34:20.898816+00:00
2017-01-10,1450.0,1450.0,1450.0,1450.0,20,1450.0,2026-09-03T19:34:20.898816+00:00
2017-01-11,1450.0,1431.0,1430.0,1430.0,300,1430.0,2026-09-03T19:34:20.898816+00:00
2017-01-12,1430.0,1430.0,1400.0,1420.0,1116,1420.0,2026-09-03T19:34:20.898816+00:00
2017-01-15,1420.0,1448.0,1448.0,1448.0,10,1448.0,2026-09-03T19:34:20.898816+00:00
2017-01-16,1448.0,1448.0,1420.0,1448.0,116,1448.0,2026-09-03T19:34:20.898816+00:00
2017-01-17,1448.0,1592.0,1467.0,1592.0,1103,1592.0,2026-09-03T19:34:20.898816+00:00
2017-01-18,1592.0,1748.0,1623.0,1685.0,3208,1685.0,2026-09-03T19:34:20.898816+00:00
2017-01-19,1685.0,1739.0,1665.0,1705.0,1035,1705.0,2026-09-03T19:34:20.898816+00:00
2017-01-22,1705.0,1680.0,1655.0,1655.0,406,1655.0,2026-09-03T19:34:20.898816+00:00
2017-01-23,1655.0,1632.0,1600.0,1630.0,333,1630.0,2026-09-03T19:34:20.898816+00:00
2017-01-24,1630.0,1635.0,1571.0,1600.0,690,1600.0,2026-09-03T19:34:20.898816+00:00
2017-01-25,1600.0,1620.0,1500.0,1500.0,850,1500.0,2026-09-03T19:34:20.898816+00:00
2017-01-26,1500.0,1530.0,1432.0,1442.0,1154,1442.0,2026-09-03T19:34:20.898816+00:00
2017-01-30,1442.0,1417.0,1305.0,1305.0,4787,1305.0,2026-09-03T19:34:20.898816+00:00
2017-01-31,1305.0,1435.0,1331.0,1415.0,1973,1415.0,2026-09-03T19:34:20.898816+00:00
2017-02-01,1415.0,1556.0,1442.0,1530.0,860,1530.0,2026-09-03T19:34:20.898816+00:00
2017-02-02,1530.0,1600.0,1530.0,1600.0,1676,1600.0,2026-09-03T19:34:20.898816+00:00
2017-02-05,1600.0,1571.0,1490.0,1490.0,882,1490.0,2026-09-03T19:34:20.898816+00:00
2017-02-07,1490.0,1480.0,1400.0,1444.0,812,1444.0,2026-09-03T19:34:20.898816+00:00
2017-02-08,1444.0,1472.0,1450.0,1465.0,1120,1465.0,2026-09-03T19:34:20.898816+00:00
2017-02-09,1465.0,1436.0,1380.0,1380.0,1121,1380.0,2026-09-03T19:34:20.898816+00:00
2017-02-12,1380.0,1441.0,1358.0,1371.0,1741,1371.0,2026-09-03T19:34:20.898816+00:00
2017-02-13,1371.0,1424.0,1319.0,1400.0,1126,1400.0,2026-09-03T19:34:20.898816+00:00
2017-02-14,1400.0,1540.0,1372.0,1540.0,2303,1540.0,2026-09-03T19:34:20.898816+00:00
2017-02-15,1540.0,1560.0,1520.0,1559.0,690,1559.0,2026-09-03T19:34:20.898816+00:00
2017-02-16,1559.0,1620.0,1528.0,1620.0,2131,1620.0,2026-09-03T19:34:20.898816+00:00
2017-02-19,1620.0,1782.0,1555.0,1782.0,3910,1782.0,2026-09-03T19:34:20.898816+00:00
2017-02-20,1782.0,1909.0,1785.0,1820.0,11881,1820.0,2026-09-03T19:34:20.898816+00:00
2017-02-21,1820.0,1893.0,1715.0,1800.0,5924,1800.0,2026-09-03T19:34:20.898816+00:00
2017-02-22,1800.0,1799.0,1702.0,1702.0,1503,1702.0,2026-09-03T19:34:20.898816+00:00
2017-02-23,1702.0,1703.0,1670.0,1700.0,649,1700.0,2026-09-03T19:34:20.898816+00:00
2017-02-26,1700.0,1699.0,1640.0,1670.0,539,1670.0,2026-09-03T19:34:20.898816+00:00
2017-02-28,1670.0,1699.0,1633.0,1650.0,1100,1650.0,2026-09-03T19:34:20.898816+00:00
2017-03-01,1650.0,1683.0,1650.0,1683.0,756,1683.0,2026-09-03T19:34:20.898816+00:00
2017-03-02,1683.0,1716.0,1683.0,1705.0,550,1705.0,2026-09-03T19:34:20.898816+00:00
2017-03-05,1705.0,1773.0,1700.0,1700.0,270,1700.0,2026-09-03T19:34:20.898816+00:00
2017-03-06,1700.0,1713.0,1680.0,1713.0,180,1713.0,2026-09-03T19:34:20.898816+00:00
2017-03-07,1713.0,1705.0,1685.0,1685.0,190,1685.0,2026-09-03T19:34:20.898816+00:00
2017-03-09,1685.0,1718.0,1685.0,1718.0,135,1718.0,2026-09-03T19:34:20.898816+00:00
2017-03-13,1718.0,1718.0,1685.0,1690.0,653,1690.0,2026-09-03T19:34:20.898816+00:00
2017-03-14,1690.0,1690.0,1690.0,1690.0,100,1690.0,2026-09-03T19:34:20.898816+00:00
2017-03-15,1690.0,1720.0,1690.0,1720.0,560,1720.0,2026-09-03T19:34:20.898816+00:00
2017-03-16,1720.0,1754.0,1715.0,1715.0,610,1715.0,2026-09-03T19:34:20.898816+00:00
2017-03-19,1715.0,1818.0,1749.0,1818.0,662,1818.0,2026-09-03T19:34:20.898816+00:00
2017-03-20,1818.0,1889.0,1782.0,1791.0,1899,1791.0,2026-09-03T19:34:20.898816+00:00
2017-03-21,1791.0,1970.0,1761.0,1970.0,1536,1970.0,2026-09-03T19:34:20.898816+00:00
2017-03-22,1970.0,2000.0,1870.0,1870.0,3260,1870.0,2026-09-03T19:34:20.898816+00:00
2017-03-23,1870.0,1907.0,1850.0,1860.0,673,1860.0,2026-09-03T19:34:20.898816+00:00
2017-03-26,1860.0,2011.0,1880.0,1900.0,4704,1900.0,2026-09-03T19:34:20.898816+00:00
2017-03-28,1900.0,2090.0,1938.0,2090.0,2576,2090.0,2026-09-03T19:34:20.898816+00:00
2017-03-29,2090.0,2131.0,2000.0,2000.0,3083,2000.0,2026-09-03T19:34:20.898816+00:00
2017-03-30,2000.0,2101.0,1941.0,2099.0,2734,2099.0,2026-09-03T19:34:20.898816+00:00
2017-04-02,2099.0,2308.0,2140.0,2304.0,2757,2304.0,2026-09-03T19:34:20.898816+00:00
2017-04-03,2304.0,2350.0,2200.0,2200.0,1376,2200.0,2026-09-03T19:34:20.898816+00:00
2017-04-04,2200.0,2275.0,2113.0,2250.0,2534,2250.0,2026-09-03T19:34:20.898816+00:00
2017-04-06,2250.0,2240.0,2107.0,2107.0,4502,2107.0,2026-09-03T19:34:20.898816+00:00
2017-04-09,2107.0,2317.0,2149.0,2250.0,11141,2250.0,2026-09-03T19:34:20.898816+00:00
2017-04-10,2250.0,2475.0,2265.0,2475.0,8388,2475.0,2026-09-03T19:34:20.898816+00:00
2017-04-11,2475.0,2700.0,2486.0,2700.0,7994,2700.0,2026-09-03T19:34:20.898816+00:00
2017-04-12,2700.0,2810.0,2600.0,2600.0,3331,2600.0,2026-09-03T19:34:20.898816+00:00
2017-04-13,2600.0,2700.0,2565.0,2638.0,3856,2638.0,2026-09-03T19:34:20.898816+00:00
2017-04-16,2638.0,2680.0,2549.0,2599.0,15342,2599.0,2026-09-03T19:34:20.898816+00:00
2017-04-18,1575.0,1700.0,1515.0,1599.0,2632,1599.0,2026-09-03T19:34:20.898816+00:00
2017-04-19,1599.0,1751.0,1600.0,1751.0,3315,1751.0,2026-09-03T19:34:20.898816+00:00
2017-04-20,1751.0,1822.0,1740.0,1740.0,3698,1740.0,2026-09-03T19:34:20.898816+00:00
2017-04-23,1740.0,1810.0,1750.0,1775.0,1465,1775.0,2026-09-03T19:34:20.898816+00:00
2017-04-24,1775.0,1790.0,1750.0,1750.0,1076,1750.0,2026-09-03T19:34:20.898816+00:00
2017-04-25,1750.0,1790.0,1722.0,1722.0,1047,1722.0,2026-09-03T19:34:20.898816+00:00
2017-04-26,1722.0,1815.0,1750.0,1801.0,2891,1801.0,2026-09-03T19:34:20.898816+00:00
2017-04-27,1801.0,1799.0,1741.0,1766.0,1990,1766.0,2026-09-03T19:34:20.898816+00:00
2017-04-30,1766.0,1750.0,1730.0,1730.0,750,1730.0,2026-09-03T19:34:20.898816+00:00
2017-05-02,1730.0,1800.0,1730.0,1800.0,2265,1800.0,2026-09-03T19:34:20.898816+00:00
2017-05-03,1800.0,1836.0,1770.0,1790.0,2442,1790.0,2026-09-03T19:34:20.898816+00:00
2017-05-04,1790.0,1825.0,1766.0,1766.0,550,1766.0,2026-09-03T19:34:20.898816+00:00
2017-05-07,1766.0,1731.0,1670.0,1700.0,330,1700.0,2026-09-03T19:34:20.898816+00:00
2017-05-08,1700.0,1734.0,1671.0,1671.0,1298,1671.0,2026-09-03T19:34:20.898816+00:00
2017-05-09,1671.0,1755.0,1700.0,1740.0,1972,1740.0,2026-09-03T19:34:20.898816+00:00
2017-05-11,1740.0,1790.0,1773.0,1790.0,332,1790.0,2026-09-03T19:34:20.898816+00:00
2017-05-15,1790.0,1800.0,1790.0,1800.0,585,1800.0,2026-09-03T19:34:20.898816+00:00
2017-05-16,1800.0,1765.0,1764.0,1764.0,100,1764.0,2026-09-03T19:34:20.898816+00:00
2017-05-17,1764.0,1780.0,1760.0,1760.0,350,1760.0,2026-09-03T19:34:20.898816+00:00
2017-05-18,1760.0,1770.0,1745.0,1770.0,295,1770.0,2026-09-03T19:34:20.898816+00:00
2017-05-22,1770.0,1770.0,1740.0,1740.0,200,1740.0,2026-09-03T19:34:20.898816+00:00
2017-05-23,1740.0,1750.0,1743.0,1743.0,280,1743.0,2026-09-03T19:34:20.898816+00:00
2017-05-24,1743.0,1750.0,1730.0,1750.0,486,1750.0,2026-09-03T19:34:20.898816+00:00
2017-05-28,1750.0,1743.0,1740.0,1743.0,100,1743.0,2026-09-03T19:34:20.898816+00:00
2017-05-30,1743.0,1730.0,1700.0,1700.0,120,1700.0,2026-09-03T19:34:20.898816+00:00
2017-05-31,1700.0,1723.0,1690.0,1723.0,160,1723.0,2026-09-03T19:34:20.898816+00:00
2017-06-01,1723.0,1725.0,1700.0,1725.0,527,1725.0,2026-09-03T19:34:20.898816+00:00
2017-06-04,1725.0,1700.0,1700.0,1700.0,170,1700.0,2026-09-03T19:34:20.898816+00:00
2017-06-05,1700.0,1710.0,1700.0,1700.0,500,1700.0,2026-09-03T19:34:20.898816+00:00
2017-06-06,1700.0,1793.0,1700.0,1785.0,1585,1785.0,2026-09-03T19:34:20.898816+00:00
2017-06-07,1785.0,1780.0,1750.0,1750.0,725,1750.0,2026-09-03T19:34:20.898816+00:00
2017-06-08,1750.0,1775.0,1730.0,1730.0,450,1730.0,2026-09-03T19:34:20.898816+00:00
2017-06-11,1730.0,1700.0,1667.0,1667.0,151,1667.0,2026-09-03T19:34:20.898816+00:00
2017-06-12,1667.0,1670.0,1634.0,1670.0,285,1670.0,2026-09-03T19:34:20.898816+00:00
2017-06-13,1670.0,1735.0,1685.0,1710.0,210,1710.0,2026-09-03T19:34:20.898816+00:00
2017-06-14,1710.0,1730.0,1701.0,1701.0,140,1701.0,2026-09-03T19:34:20.898816+00:00
2017-06-15,1701.0,1740.0,1702.0,1706.0,1235,1706.0,2026-09-03T19:34:20.898816+00:00
2017-06-18,1706.0,1715.0,1700.0,1710.0,900,1710.0,2026-09-03T19:34:20.898816+00:00
2017-06-19,1710.0,1700.0,1700.0,1700.0,40,1700.0,2026-09-03T19:34:20.898816+00:00
2017-06-20,1700.0,1700.0,1671.0,1671.0,570,1671.0,2026-09-03T19:34:20.898816+00:00
2017-06-21,1671.0,1690.0,1650.0,1660.0,1110,1660.0,2026-09-03T19:34:20.898816+00:00
2017-06-22,1660.0,1693.0,1660.0,1680.0,610,1680.0,2026-09-03T19:34:20.898816+00:00
2017-06-25,1680.0,1706.0,1686.0,1700.0,1635,1700.0,2026-09-03T19:34:20.898816+00:00
2017-06-27,1700.0,1700.0,1700.0,1700.0,360,1700.0,2026-09-03T19:34:20.898816+00:00
2017-06-28,1700.0,1700.0,1685.0,1700.0,187,1700.0,2026-09-03T19:34:20.898816+00:00
2017-07-02,1700.0,1723.0,1690.0,1690.0,200,1690.0,2026-09-03T19:34:20.898816+00:00
2017-07-03,1690.0,1724.0,1691.0,1691.0,350,1691.0,2026-09-03T19:34:20.898816+00:00
2017-07-04,1691.0,1705.0,1675.0,1705.0,690,1705.0,2026-09-03T19:34:20.898816+00:00
2017-07-05,1705.0,1725.0,1705.0,1725.0,736,1725.0,2026-09-03T19:34:20.898816+00:00
2017-07-06,1725.0,1735.0,1710.0,1735.0,1119,1735.0,2026-09-03T19:34:20.898816+00:00
2017-07-09,1735.0,1740.0,1700.0,1720.0,650,1720.0,2026-09-03T19:34:20.898816+00:00
2017-07-10,1720.0,1711.0,1677.0,1677.0,110,1677.0,2026-09-03T19:34:20.898816+00:00
2017-07-11,1677.0,1715.0,1685.0,1715.0,200,1715.0,2026-09-03T19:34:20.898816+00:00
2017-07-12,1715.0,1740.0,1730.0,1740.0,400,1740.0,2026-09-03T19:34:20.898816+00:00
2017-07-13,1740.0,1741.0,1707.0,1740.0,238,1740.0,2026-09-03T19:34:20.898816+00:00
2017-07-16,1740.0,1739.0,1730.0,1739.0,180,1739.0,2026-09-03T19:34:20.898816+00:00
2017-07-17,1739.0,1800.0,1745.0,1745.0,616,1745.0,2026-09-03T19:34:20.898816+00:00
2017-07-18,1745.0,1805.0,1745.0,1785.0,2262,1785.0,2026-09-03T19:34:20.898816+00:00
2017-07-19,1785.0,1804.0,1776.0,1804.0,747,1804.0,2026-09-03T19:34:20.898816+00:00
2017-07-20,1804.0,1825.0,1810.0,1825.0,290,1825.0,2026-09-03T19:34:20.898816+00:00
2017-07-23,1825.0,1880.0,1820.0,1880.0,1585,1880.0,2026-09-03T19:34:20.898816+00:00
2017-07-24,1880.0,1900.0,1852.0,1884.0,1470,1884.0,2026-09-03T19:34:20.898816+00:00
2017-07-25,1884.0,1905.0,1880.0,1900.0,3623,1900.0,2026-09-03T19:34:20.898816+00:00
2017-07-26,1900.0,1931.0,1900.0,1931.0,594,1931.0,2026-09-03T19:34:20.898816+00:00
2017-07-27,1931.0,2124.0,1945.0,2124.0,8427,2124.0,2026-09-03T19:34:20.898816+00:00
2017-07-30,2124.0,2167.0,2042.0,2167.0,3613,2167.0,2026-09-03T19:34:20.898816+00:00
2017-07-31,2167.0,2290.0,2200.0,2280.0,3914,2280.0,2026-09-03T19:34:20.898816+00:00
2017-08-01,2280.0,2425.0,2295.0,2425.0,5857,2425.0,2026-09-03T19:34:20.898816+00:00
2017-08-02,2425.0,2519.0,2360.0,2370.0,2692,2370.0,2026-09-03T19:34:20.898816+00:00
2017-08-03,2370.0,2410.0,2281.0,2303.0,4537,2303.0,2026-09-03T19:34:20.898816+00:00
2017-08-06,2303.0,2299.0,2230.0,2295.0,1722,2295.0,2026-09-03T19:34:20.898816+00:00
2017-08-07,2295.0,2340.0,2295.0,2328.0,180,2328.0,2026-09-03T19:34:20.898816+00:00
2017-08-09,2328.0,2301.0,2256.0,2290.0,1250,2290.0,2026-09-03T19:34:20.898816+00:00
2017-08-10,2290.0,2305.0,2280.0,2280.0,1264,2280.0,2026-09-03T19:34:20.898816+00:00
2017-08-13,2280.0,2240.0,2225.0,2240.0,662,2240.0,2026-09-03T19:34:20.898816+00:00
2017-08-15,2240.0,2200.0,2157.0,2157.0,2530,2157.0,2026-09-03T19:34:20.898816+00:00
2017-08-16,2157.0,2284.0,2140.0,2268.0,3701,2268.0,2026-09-03T19:34:20.898816+00:00
2017-08-17,2268.0,2299.0,2240.0,2299.0,2481,2299.0,2026-09-03T19:34:20.898816+00:00
2017-08-20,2299.0,2310.0,2281.0,2281.0,1437,2281.0,2026-09-03T19:34:20.898816+00:00
2017-08-21,2281.0,2250.0,2247.0,2250.0,430,2250.0,2026-09-03T19:34:20.898816+00:00
2017-08-22,2250.0,2325.0,2275.0,2275.0,535,2275.0,2026-09-03T19:34:20.898816+00:00
2017-08-23,2275.0,2230.0,2117.0,2129.0,6236,2129.0,2026-09-03T19:34:20.898816+00:00
2017-08-24,2129.0,2181.0,2087.0,2181.0,1283,2181.0,2026-09-03T19:34:20.898816+00:00
2017-08-27,2181.0,2230.0,2185.0,2220.0,1502,2220.0,2026-09-03T19:34:20.898816+00:00
2017-08-28,2220.0,2264.0,2200.0,2228.0,2488,2228.0,2026-09-03T19:34:20.898816+00:00
2017-08-30,2228.0,2210.0,2180.0,2210.0,645,2210.0,2026-09-03T19:34:20.898816+00:00
2017-08-31,2210.0,2170.0,2130.0,2160.0,365,2160.0,2026-09-03T19:34:20.898816+00:00
2017-09-04,2160.0,2150.0,2041.0,2101.0,2283,2101.0,2026-09-03T19:34:20.898816+00:00
2017-09-06,2101.0,2184.0,2121.0,2165.0,3848,2165.0,2026-09-03T19:34:20.898816+00:00
2017-09-07,2165.0,2151.0,2105.0,2107.0,370,2107.0,2026-09-03T19:34:20.898816+00:00
2017-09-10,2107.0,2120.0,1966.0,2040.0,2844,2040.0,2026-09-03T19:34:20.898816+00:00
2017-09-11,2040.0,2040.0,2000.0,2005.0,390,2005.0,2026-09-03T19:34:20.898816+00:00
2017-09-12,2005.0,1985.0,1941.0,1941.0,680,1941.0,2026-09-03T19:34:20.898816+00:00
2017-09-13,1941.0,1943.0,1905.0,1910.0,894,1910.0,2026-09-03T19:34:20.898816+00:00
2017-09-14,1910.0,2075.0,1925.0,2050.0,1677,2050.0,2026-09-03T19:34:20.898816+00:00
2017-09-17,2050.0,2090.0,1976.0,1981.0,2638,1981.0,2026-09-03T19:34:20.898816+00:00
2017-09-18,1981.0,1980.0,1946.0,1965.0,760,1965.0,2026-09-03T19:34:20.898816+00:00
2017-09-20,1965.0,1999.0,1941.0,1960.0,917,1960.0,2026-09-03T19:34:20.898816+00:00
2017-09-24,1960.0,1961.0,1955.0,1960.0,797,1960.0,2026-09-03T19:34:20.898816+00:00
2017-09-25,1960.0,1984.0,1944.0,1984.0,600,1984.0,2026-09-03T19:34:20.898816+00:00
2017-09-26,1984.0,2000.0,1971.0,1995.0,949,1995.0,2026-09-03T19:34:20.898816+00:00
2017-10-03,1995.0,2003.0,2002.0,2003.0,150,2003.0,2026-09-03T19:34:20.898816+00:00
2017-10-04,2003.0,2005.0,1970.0,2004.0,165,2004.0,2026-09-03T19:34:20.898816+00:00
2017-10-08,2004.0,1975.0,1975.0,1975.0,10,1975.0,2026-09-03T19:34:20.898816+00:00
2017-10-09,1975.0,1943.0,1905.0,1940.0,547,1940.0,2026-09-03T19:34:20.898816+00:00
2017-10-10,1940.0,1910.0,1895.0,1895.0,1445,1895.0,2026-09-03T19:34:20.898816+00:00
2017-10-11,1895.0,1895.0,1870.0,1879.0,431,1879.0,2026-09-03T19:34:20.898816+00:00
2017-10-12,1879.0,1867.0,1866.0,1867.0,342,1867.0,2026-09-03T19:34:20.898816+00:00
2017-10-15,1867.0,1904.0,1870.0,1904.0,560,1904.0,2026-09-03T19:34:20.898816+00:00
2017-10-16,1904.0,1980.0,1890.0,1980.0,270,1980.0,2026-09-03T19:34:20.898816+00:00
2017-10-17,1980.0,2010.0,1970.0,2007.0,410,2007.0,2026-09-03T19:34:20.898816+00:00
2017-10-18,2007.0,2028.0,1970.0,2028.0,644,2028.0,2026-09-03T19:34:20.898816+00:00
2017-10-22,2028.0,2050.0,2005.0,2005.0,153,2005.0,2026-09-03T19:34:20.898816+00:00
2017-10-23,2005.0,1976.0,1966.0,1966.0,871,1966.0,2026-09-03T19:34:20.898816+00:00
2017-10-24,1966.0,1928.0,1925.0,1925.0,127,1925.0,2026-09-03T19:34:20.898816+00:00
2017-10-25,1925.0,1925.0,1895.0,1905.0,1378,1905.0,2026-09-03T19:34:20.898816+00:00
2017-10-29,1905.0,1900.0,1873.0,1873.0,183,1873.0,2026-09-03T19:34:20.898816+00:00
2017-10-30,1873.0,1910.0,1880.0,1890.0,939,1890.0,2026-09-03T19:34:20.898816+00:00
2017-10-31,1890.0,1907.0,1870.0,1880.0,413,1880.0,2026-09-03T19:34:20.898816+00:00
2017-11-01,1880.0,1900.0,1866.0,1868.0,370,1868.0,2026-09-03T19:34:20.898816+00:00
2017-11-02,1868.0,1871.0,1860.0,1860.0,65,1860.0,2026-09-03T19:34:20.898816+00:00
2017-11-05,1860.0,1870.0,1710.0,1778.0,3820,1778.0,2026-09-03T19:34:20.898816+00:00
2017-11-06,1778.0,1770.0,1720.0,1760.0,1641,1760.0,2026-09-03T19:34:20.898816+00:00
2017-11-07,1760.0,1785.0,1666.0,1666.0,1038,1666.0,2026-09-03T19:34:20.898816+00:00
2017-11-08,1666.0,1666.0,1600.0,1635.0,1316,1635.0,2026-09-03T19:34:20.898816+00:00
2017-11-09,1635.0,1665.0,1565.0,1665.0,4302,1665.0,2026-09-03T19:34:20.898816+00:00
2017-11-12,1665.0,1632.0,1552.0,1600.0,2394,1600.0,2026-09-03T19:34:20.898816+00:00
2017-11-13,1600.0,1601.0,1570.0,1573.0,1431,1573.0,2026-09-03T19:34:20.898816+00:00
2017-11-14,1573.0,1658.0,1580.0,1610.0,2432,1610.0,2026-09-03T19:34:20.898816+00:00
2017-11-15,1610.0,1625.0,1571.0,1600.0,1644,1600.0,2026-09-03T19:34:20.898816+00:00
2017-11-16,1600.0,1570.0,1540.0,1560.0,1401,1560.0,2026-09-03T19:34:20.898816+00:00
2017-11-19,1560.0,1580.0,1580.0,1580.0,40,1580.0,2026-09-03T19:34:20.898816+00:00
2017-11-20,1580.0,1549.0,1501.0,1531.0,531,1531.0,2026-09-03T19:34:20.898816+00:00
2017-11-21,1531.0,1540.0,1525.0,1540.0,236,1540.0,2026-09-03T19:34:20.898816+00:00
2017-11-22,1540.0,1550.0,1550.0,1550.0,19,1550.0,2026-09-03T19:34:20.898816+00:00
2017-11-23,1550.0,1601.0,1550.0,1601.0,501,1601.0,2026-09-03T19:34:20.898816+00:00
2017-11-26,1601.0,1642.0,1580.0,1620.0,3239,1620.0,2026-09-03T19:34:20.898816+00:00
2017-11-27,1620.0,1768.0,1650.0,1768.0,3744,1768.0,2026-09-03T19:34:20.898816+00:00
2017-11-28,1768.0,1938.0,1803.0,1850.0,3971,1850.0,2026-09-03T19:34:20.898816+00:00
2017-11-29,1850.0,1870.0,1790.0,1790.0,1740,1790.0,2026-09-03T19:34:20.898816+00:00
2017-11-30,1790.0,1836.0,1740.0,1836.0,4541,1836.0,2026-09-03T19:34:20.898816+00:00
2017-12-04,1836.0,1805.0,1800.0,1800.0,399,1800.0,2026-09-03T19:34:20.898816+00:00
2017-12-05,1800.0,1836.0,1768.0,1836.0,1214,1836.0,2026-09-03T19:34:20.898816+00:00
2017-12-06,1836.0,1872.0,1815.0,1830.0,2368,1830.0,2026-09-03T19:34:20.898816+00:00
2017-12-10,1830.0,1830.0,1810.0,1811.0,792,1811.0,2026-09-03T19:34:20.898816+00:00
2017-12-11,1811.0,1790.0,1785.0,1788.0,626,1788.0,2026-09-03T19:34:20.898816+00:00
2017-12-12,1788.0,1776.0,1765.0,1772.0,1441,1772.0,2026-09-03T19:34:20.898816+00:00
2017-12-13,1772.0,1780.0,1750.0,1780.0,975,1780.0,2026-09-03T19:34:20.898816+00:00
2017-12-14,1780.0,1958.0,1780.0,1958.0,7811,1958.0,2026-09-03T19:34:20.898816+00:00
2017-12-17,1958.0,1997.0,1772.0,1780.0,6182,1780.0,2026-09-03T19:34:20.898816+00:00
2017-12-18,1780.0,1815.0,1750.0,1750.0,2550,1750.0,2026-09-03T19:34:20.898816+00:00
2017-12-19,1750.0,1742.0,1741.0,1741.0,32,1741.0,2026-09-03T19:34:20.898816+00:00
2017-12-20,1741.0,1807.0,1740.0,1800.0,2294,1800.0,2026-09-03T19:34:20.898816+00:00
2017-12-21,1800.0,1800.0,1765.0,1770.0,2112,1770.0,2026-09-03T19:34:20.898816+00:00
2017-12-24,1770.0,1810.0,1750.0,1750.0,3605,1750.0,2026-09-03T19:34:20.898816+00:00
2017-12-26,1750.0,1755.0,1722.0,1727.0,1913,1727.0,2026-09-03T19:34:20.898816+00:00
2017-12-27,1727.0,1739.0,1661.0,1676.0,2000,1676.0,2026-09-03T19:34:20.898816+00:00
2017-12-28,1676.0,1665.0,1601.0,1665.0,326,1665.0,2026-09-03T19:34:20.898816+00:00
2017-12-31,1665.0,1632.0,1632.0,1632.0,10,1632.0,2026-09-03T19:34:20.898816+00:00
2018-01-01,1632.0,1750.0,1664.0,1750.0,675,1750.0,2026-09-03T19:34:20.898816+00:00
2018-01-02,1750.0,1820.0,1715.0,1760.0,4703,1760.0,2026-09-03T19:34:20.898816+00:00
2018-01-03,1760.0,1825.0,1741.0,1825.0,11302,1825.0,2026-09-03T19:34:20.898816+00:00
2018-01-04,1825.0,1890.0,1791.0,1855.0,4623,1855.0,2026-09-03T19:34:20.898816+00:00
2018-01-07,1855.0,1861.0,1793.0,1793.0,3322,1793.0,2026-09-03T19:34:20.898816+00:00
2018-01-08,1793.0,1800.0,1770.0,1776.0,1214,1776.0,2026-09-03T19:34:20.898816+00:00
2018-01-09,1776.0,1809.0,1775.0,1775.0,477,1775.0,2026-09-03T19:34:20.898816+00:00
2018-01-10,1775.0,1775.0,1747.0,1747.0,1485,1747.0,2026-09-03T19:34:20.898816+00:00
2018-01-14,1747.0,1750.0,1722.0,1722.0,2294,1722.0,2026-09-03T19:34:20.898816+00:00
2018-01-16,1722.0,1723.0,1690.0,1723.0,84,1723.0,2026-09-03T19:34:20.898816+00:00
2018-01-17,1723.0,1720.0,1690.0,1692.0,680,1692.0,2026-09-03T19:34:20.898816+00:00
2018-01-21,1692.0,1685.0,1678.0,1685.0,103,1685.0,2026-09-03T19:34:20.898816+00:00
2018-01-22,1685.0,1700.0,1688.0,1690.0,5751,1690.0,2026-09-03T19:34:20.898816+00:00
2018-01-23,1690.0,1660.0,1571.0,1600.0,2190,1600.0,2026-09-03T19:34:20.898816+00:00
2018-01-24,1600.0,1570.0,1547.0,1565.0,940,1565.0,2026-09-03T19:34:20.898816+00:00
2018-01-25,1565.0,1610.0,1565.0,1610.0,291,1610.0,2026-09-03T19:34:20.898816+00:00
2018-01-28,1610.0,1581.0,1579.0,1580.0,98,1580.0,2026-09-03T19:34:20.898816+00:00
2018-01-29,1580.0,1575.0,1560.0,1575.0,291,1575.0,2026-09-03T19:34:20.898816+00:00
2018-01-31,1575.0,1585.0,1560.0,1570.0,470,1570.0,2026-09-03T19:34:20.898816+00:00
2018-02-01,1570.0,1601.0,1587.0,1601.0,2541,1601.0,2026-09-03T19:34:20.898816+00:00
2018-02-04,1601.0,1630.0,1599.0,1630.0,147,1630.0,2026-09-03T19:34:20.898816+00:00
2018-02-05,1630.0,1600.0,1590.0,1599.0,393,1599.0,2026-09-03T19:34:20.898816+00:00
2018-02-06,1599.0,1570.0,1550.0,1555.0,205,1555.0,2026-09-03T19:34:20.898816+00:00
2018-02-07,1555.0,1565.0,1490.0,1490.0,820,1490.0,2026-09-03T19:34:20.898816+00:00
2018-02-08,1490.0,1555.0,1445.0,1555.0,4470,1555.0,2026-09-03T19:34:20.898816+00:00
2018-02-11,1555.0,1663.0,1554.0,1663.0,8182,1663.0,2026-09-03T19:34:20.898816+00:00
2018-02-12,1663.0,1695.0,1587.0,1587.0,857,1587.0,2026-09-03T19:34:20.898816+00:00
2018-02-14,1587.0,1618.0,1587.0,1617.0,1736,1617.0,2026-09-03T19:34:20.898816+00:00
2018-02-15,1617.0,1650.0,1600.0,1640.0,4459,1640.0,2026-09-03T19:34:20.898816+00:00
2018-02-18,1380.0,1400.0,1330.0,1330.0,3289,1330.0,2026-09-03T19:34:20.898816+00:00
2018-02-20,1356.0,1356.0,1301.0,1301.0,1004,1301.0,2026-09-03T19:34:20.898816+00:00
2018-02-21,1310.0,1328.0,1310.0,1310.0,637,1310.0,2026-09-03T19:34:20.898816+00:00
2018-02-22,1336.0,1336.0,1310.0,1336.0,60,1336.0,2026-09-03T19:34:20.898816+00:00
2018-02-25,1329.0,1335.0,1310.0,1310.0,294,1310.0,2026-09-03T19:34:20.898816+00:00
2018-02-26,1285.0,1285.0,1260.0,1260.0,440,1260.0,2026-09-03T19:34:20.898816+00:00
2018-02-27,1285.0,1336.0,1285.0,1310.0,257,1310.0,2026-09-03T19:34:20.898816+00:00
2018-02-28,1284.0,1284.0,1234.0,1240.0,2002,1240.0,2026-09-03T19:34:20.898816+00:00
2018-03-04,1264.0,1264.0,1192.0,1192.0,170,1192.0,2026-09-03T19:34:20.898816+00:00
2018-03-05,1181.0,1183.0,1160.0,1160.0,727,1160.0,2026-09-03T19:34:20.898816+00:00
2018-03-06,1137.0,1184.0,1115.0,1184.0,1096,1184.0,2026-09-03T19:34:20.898816+00:00
2018-03-07,1207.0,1255.0,1183.0,1206.0,643,1206.0,2026-09-03T19:34:20.898816+00:00
2018-03-11,1190.0,1190.0,1150.0,1150.0,715,1150.0,2026-09-03T19:34:20.898816+00:00
2018-03-12,1173.0,1196.0,1173.0,1196.0,526,1196.0,2026-09-03T19:34:20.898816+00:00
2018-03-13,1198.0,1198.0,1198.0,1198.0,180,1198.0,2026-09-03T19:34:20.898816+00:00
2018-03-15,1198.0,1198.0,1153.0,1188.0,793,1188.0,2026-09-03T19:34:20.898816+00:00
2018-03-18,1166.0,1166.0,1125.0,1125.0,1020,1125.0,2026-09-03T19:34:20.898816+00:00
2018-03-19,1117.0,1117.0,1094.0,1094.0,550,1094.0,2026-09-03T19:34:20.898816+00:00
2018-03-20,1076.0,1101.0,1045.0,1101.0,905,1101.0,2026-09-03T19:34:20.898816+00:00
2018-03-21,1079.0,1079.0,1058.0,1058.0,55,1058.0,2026-09-03T19:34:20.898816+00:00
2018-03-22,1050.0,1050.0,1000.0,1050.0,1340,1050.0,2026-09-03T19:34:20.898816+00:00
2018-03-26,1029.0,1029.0,945.0,950.0,889,950.0,2026-09-03T19:34:20.898816+00:00
2018-03-27,931.0,1008.0,858.0,1008.0,1510,1008.0,2026-09-03T19:34:20.898816+00:00
2018-03-28,988.0,1007.0,970.0,970.0,825,970.0,2026-09-03T19:34:20.898816+00:00
2018-03-29,989.0,1035.0,989.0,1035.0,266,1035.0,2026-09-03T19:34:20.898816+00:00
2018-04-01,1015.0,1015.0,976.0,976.0,541,976.0,2026-09-03T19:34:20.898816+00:00
2018-04-02,995.0,995.0,976.0,976.0,61,976.0,2026-09-03T19:34:20.898816+00:00
2018-04-03,957.0,990.0,957.0,990.0,1849,990.0,2026-09-03T19:34:20.898816+00:00
2018-04-04,1009.0,1089.0,1009.0,1089.0,761,1089.0,2026-09-03T19:34:20.898816+00:00
2018-04-05,1105.0,1155.0,1067.0,1155.0,2995,1155.0,2026-09-03T19:34:20.898816+00:00
2018-04-08,1160.0,1270.0,1160.0,1255.0,3566,1255.0,2026-09-03T19:34:20.898816+00:00
2018-04-09,1280.0,1280.0,1187.0,1187.0,3467,1187.0,2026-09-03T19:34:20.898816+00:00
2018-04-10,1165.0,1206.0,1145.0,1200.0,1329,1200.0,2026-09-03T19:34:20.898816+00:00
2018-04-11,1205.0,1220.0,1180.0,1200.0,682,1200.0,2026-09-03T19:34:20.898816+00:00
2018-04-12,1224.0,1230.0,1182.0,1205.0,804,1205.0,2026-09-03T19:34:20.898816+00:00
2018-04-15,1182.0,1221.0,1158.0,1221.0,1375,1221.0,2026-09-03T19:34:20.898816+00:00
2018-04-16,1245.0,1295.0,1235.0,1295.0,1101,1295.0,2026-09-03T19:34:20.898816+00:00
2018-04-17,1320.0,1370.0,1270.0,1355.0,3405,1355.0,2026-09-03T19:34:20.898816+00:00
2018-04-18,1382.0,1428.0,1350.0,1370.0,2307,1370.0,2026-09-03T19:34:20.898816+00:00
2018-04-19,1345.0,1443.0,1344.0,1344.0,4756,1344.0,2026-09-03T19:34:20.898816+00:00
2018-04-22,1370.0,1478.0,1370.0,1468.0,3769,1468.0,2026-09-03T19:34:20.898816+00:00
2018-04-23,1470.0,1480.0,1381.0,1412.0,1988,1412.0,2026-09-03T19:34:20.898816+00:00
2018-04-24,1396.0,1425.0,1369.0,1420.0,2465,1420.0,2026-09-03T19:34:20.898816+00:00
2018-04-25,1395.0,1422.0,1390.0,1419.0,855,1419.0,2026-09-03T19:34:20.898816+00:00
2018-04-26,1428.0,1430.0,1374.0,1400.0,1261,1400.0,2026-09-03T19:34:20.898816+00:00
2018-04-29,1427.0,1428.0,1394.0,1419.0,5142,1419.0,2026-09-03T19:34:20.898816+00:00
2018-05-02,1392.0,1438.0,1380.0,1438.0,830,1438.0,2026-09-03T19:34:20.898816+00:00
2018-05-03,1438.0,1470.0,1410.0,1463.0,6328,1463.0,2026-09-03T19:34:20.898816+00:00
2018-05-06,1492.0,1492.0,1410.0,1410.0,2021,1410.0,2026-09-03T19:34:20.898816+00:00
2018-05-07,1384.0,1415.0,1382.0,1390.0,2331,1390.0,2026-09-03T19:34:20.898816+00:00
2018-05-08,1390.0,1437.0,1390.0,1409.0,1380,1409.0,2026-09-03T19:34:20.898816+00:00
2018-05-09,1433.0,1433.0,1403.0,1433.0,1875,1433.0,2026-09-03T19:34:20.898816+00:00
2018-05-10,1415.0,1450.0,1412.0,1450.0,3599,1450.0,2026-09-03T19:34:20.898816+00:00
2018-05-14,1421.0,1438.0,1413.0,1413.0,1587,1413.0,2026-09-03T19:34:20.898816+00:00
2018-05-16,1420.0,1430.0,1420.0,1430.0,1895,1430.0,2026-09-03T19:34:20.898816+00:00
2018-05-17,1433.0,1445.0,1430.0,1430.0,629,1430.0,2026-09-03T19:34:20.898816+00:00
2018-05-20,1458.0,1463.0,1435.0,1444.0,3403,1444.0,2026-09-03T19:34:20.898816+00:00
2018-05-21,1450.0,1499.0,1444.0,1499.0,789,1499.0,2026-09-03T19:34:20.898816+00:00
2018-05-22,1528.0,1575.0,1460.0,1550.0,3479,1550.0,2026-09-03T19:34:20.898816+00:00
2018-05-23,1519.0,1605.0,1491.0,1605.0,12145,1605.0,2026-09-03T19:34:20.898816+00:00
2018-05-24,1600.0,1600.0,1526.0,1560.0,14966,1560.0,2026-09-03T19:34:20.898816+00:00
2018-05-27,1574.0,1574.0,1485.0,1485.0,3796,1485.0,2026-09-03T19:34:20.898816+00:00
2018-05-28,1500.0,1550.0,1498.0,1540.0,2452,1540.0,2026-09-03T19:34:20.898816+00:00
2018-05-29,1570.0,1575.0,1505.0,1542.0,2866,1542.0,2026-09-03T19:34:20.898816+00:00
2018-05-30,1513.0,1555.0,1500.0,1522.0,2810,1522.0,2026-09-03T19:34:20.898816+00:00
2018-05-31,1530.0,1530.0,1477.0,1503.0,536,1503.0,2026-09-03T19:34:20.898816+00:00
2018-06-03,1473.0,1474.0,1421.0,1421.0,4860,1421.0,2026-09-03T19:34:20.898816+00:00
2018-06-04,1440.0,1449.0,1368.0,1418.0,2609,1418.0,2026-09-03T19:34:20.898816+00:00
2018-06-06,1446.0,1519.0,1372.0,1372.0,1055,1372.0,2026-09-03T19:34:20.898816+00:00
2018-06-07,1399.0,1453.0,1380.0,1380.0,4064,1380.0,2026-09-03T19:34:20.898816+00:00
2018-06-10,1355.0,1370.0,1330.0,1349.0,3082,1349.0,2026-09-03T19:34:20.898816+00:00
2018-06-11,1375.0,1390.0,1322.0,1355.0,3705,1355.0,2026-09-03T19:34:20.898816+00:00
2018-06-12,1350.0,1382.0,1328.0,1382.0,1686,1382.0,2026-09-03T19:34:20.898816+00:00
2018-06-13,1407.0,1407.0,1352.0,1365.0,256,1365.0,2026-09-03T19:34:20.898816+00:00
2018-06-14,1386.0,1386.0,1360.0,1380.0,330,1380.0,2026-09-03T19:34:20.898816+00:00
2018-06-17,1355.0,1355.0,1332.0,1332.0,915,1332.0,2026-09-03T19:34:20.898816+00:00
2018-06-18,1307.0,1361.0,1306.0,1361.0,993,1361.0,2026-09-03T19:34:20.898816+00:00
2018-06-20,1340.0,1340.0,1314.0,1314.0,147,1314.0,2026-09-03T19:34:20.898816+00:00
2018-06-21,1291.0,1315.0,1291.0,1315.0,484,1315.0,2026-09-03T19:34:20.898816+00:00
2018-06-24,1335.0,1335.0,1311.0,1311.0,448,1311.0,2026-09-03T19:34:20.898816+00:00
2018-06-26,1285.0,1285.0,1270.0,1270.0,366,1270.0,2026-09-03T19:34:20.898816+00:00
2018-06-27,1295.0,1320.0,1290.0,1320.0,280,1320.0,2026-09-03T19:34:20.898816+00:00
2018-06-28,1310.0,1310.0,1280.0,1280.0,162,1280.0,2026-09-03T19:34:20.898816+00:00
2018-07-01,1260.0,1260.0,1235.0,1250.0,140,1250.0,2026-09-03T19:34:20.898816+00:00
2018-07-02,1250.0,1275.0,1250.0,1270.0,272,1270.0,2026-09-03T19:34:20.898816+00:00
2018-07-03,1265.0,1270.0,1261.0,1261.0,416,1261.0,2026-09-03T19:34:20.898816+00:00
2018-07-04,1260.0,1285.0,1238.0,1275.0,559,1275.0,2026-09-03T19:34:20.898816+00:00
2018-07-05,1298.0,1377.0,1280.0,1377.0,1908,1377.0,2026-09-03T19:34:20.898816+00:00
2018-07-08,1404.0,1432.0,1380.0,1415.0,8822,1415.0,2026-09-03T19:34:20.898816+00:00
2018-07-09,1387.0,1400.0,1370.0,1390.0,342,1390.0,2026-09-03T19:34:20.898816+00:00
2018-07-10,1415.0,1415.0,1341.0,1341.0,2700,1341.0,2026-09-03T19:34:20.898816+00:00
2018-07-11,1367.0,1425.0,1367.0,1373.0,2943,1373.0,2026-09-03T19:34:20.898816+00:00
2018-07-12,1400.0,1413.0,1300.0,1350.0,2829,1350.0,2026-09-03T19:34:20.898816+00:00
2018-07-15,1323.0,1349.0,1322.0,1324.0,1190,1324.0,2026-09-03T19:34:20.898816+00:00
2018-07-16,1345.0,1354.0,1320.0,1354.0,1623,1354.0,2026-09-03T19:34:20.898816+00:00
2018-07-17,1327.0,1369.0,1327.0,1330.0,600,1330.0,2026-09-03T19:34:20.898816+00:00
2018-07-18,1330.0,1330.0,1330.0,1330.0,76,1330.0,2026-09-03T19:34:20.898816+00:00
2018-07-19,1356.0,1380.0,1353.0,1353.0,130,1353.0,2026-09-03T19:34:20.898816+00:00
2018-07-22,1360.0,1360.0,1320.0,1334.0,251,1334.0,2026-09-03T19:34:20.898816+00:00
2018-07-23,1358.0,1358.0,1312.0,1350.0,416,1350.0,2026-09-03T19:34:20.898816+00:00
2018-07-24,1323.0,1370.0,1323.0,1324.0,2895,1324.0,2026-09-03T19:34:20.898816+00:00
2018-07-25,1349.0,1349.0,1349.0,1349.0,16,1349.0,2026-09-03T19:34:20.898816+00:00
2018-07-30,1325.0,1326.0,1325.0,1326.0,109,1326.0,2026-09-03T19:34:20.898816+00:00
2018-08-01,1310.0,1311.0,1310.0,1311.0,190,1311.0,2026-09-03T19:34:20.898816+00:00
2018-08-02,1301.0,1301.0,1301.0,1301.0,33,1301.0,2026-09-03T19:34:20.898816+00:00
2018-08-05,1300.0,1300.0,1276.0,1276.0,35,1276.0,2026-09-03T19:34:20.898816+00:00
2018-08-06,1257.0,1257.0,1257.0,1257.0,11,1257.0,2026-09-03T19:34:20.898816+00:00
2018-08-07,1265.0,1284.0,1259.0,1259.0,411,1259.0,2026-09-03T19:34:20.898816+00:00
2018-08-08,1250.0,1250.0,1250.0,1250.0,66,1250.0,2026-09-03T19:34:20.898816+00:00
2018-08-09,1255.0,1255.0,1232.0,1232.0,442,1232.0,2026-09-03T19:34:20.898816+00:00
2018-08-12,1208.0,1208.0,1185.0,1192.0,511,1192.0,2026-09-03T19:34:20.898816+00:00
2018-08-13,1210.0,1210.0,1210.0,1210.0,100,1210.0,2026-09-03T19:34:20.898816+00:00
2018-08-14,1210.0,1250.0,1210.0,1250.0,770,1250.0,2026-09-03T19:34:20.898816+00:00
2018-08-15,1230.0,1305.0,1230.0,1305.0,1535,1305.0,2026-09-03T19:34:20.898816+00:00
2018-08-16,1320.0,1320.0,1320.0,1320.0,20,1320.0,2026-09-03T19:34:20.898816+00:00
2018-08-19,1294.0,1294.0,1269.0,1290.0,40,1290.0,2026-09-03T19:34:20.898816+00:00
2018-08-20,1300.0,1300.0,1245.0,1245.0,290,1245.0,2026-09-03T19:34:20.898816+00:00
2018-08-21,1225.0,1225.0,1225.0,1225.0,160,1225.0,2026-09-03T19:34:20.898816+00:00
2018-08-22,1225.0,1245.0,1225.0,1245.0,94,1245.0,2026-09-03T19:34:20.898816+00:00
2018-08-23,1230.0,1240.0,1221.0,1240.0,610,1240.0,2026-09-03T19:34:20.898816+00:00
2018-08-29,1218.0,1220.0,1176.0,1176.0,656,1176.0,2026-09-03T19:34:20.898816+00:00
2018-08-30,1199.0,1240.0,1199.0,1215.0,497,1215.0,2026-09-03T19:34:20.898816+00:00
2018-09-02,1225.0,1225.0,1176.0,1190.0,1143,1190.0,2026-09-03T19:34:20.898816+00:00
2018-09-03,1213.0,1249.0,1190.0,1190.0,850,1190.0,2026-09-03T19:34:20.898816+00:00
2018-09-04,1213.0,1230.0,1201.0,1225.0,460,1225.0,2026-09-03T19:34:20.898816+00:00
2018-09-05,1248.0,1320.0,1248.0,1314.0,827,1314.0,2026-09-03T19:34:20.898816+00:00
2018-09-06,1339.0,1339.0,1286.0,1308.0,277,1308.0,2026-09-03T19:34:20.898816+00:00
2018-09-09,1308.0,1308.0,1235.0,1235.0,840,1235.0,2026-09-03T19:34:20.898816+00:00
2018-09-10,1230.0,1259.0,1230.0,1259.0,360,1259.0,2026-09-03T19:34:20.898816+00:00
2018-09-11,1265.0,1289.0,1255.0,1255.0,1362,1255.0,2026-09-03T19:34:20.898816+00:00
2018-09-12,1280.0,1331.0,1279.0,1300.0,605,1300.0,2026-09-03T19:34:20.898816+00:00
2018-09-13,1300.0,1340.0,1300.0,1317.0,3566,1317.0,2026-09-03T19:34:20.898816+00:00
2018-09-16,1343.0,1343.0,1330.0,1342.0,160,1342.0,2026-09-03T19:34:20.898816+00:00
2018-09-18,1368.0,1368.0,1368.0,1368.0,10,1368.0,2026-09-03T19:34:20.898816+00:00
2018-09-20,1386.0,1386.0,1386.0,1386.0,10,1386.0,2026-09-03T19:34:20.898816+00:00
2018-09-23,1359.0,1359.0,1283.0,1283.0,156,1283.0,2026-09-03T19:34:20.898816+00:00
2018-09-25,1308.0,1310.0,1260.0,1260.0,2380,1260.0,2026-09-03T19:34:20.898816+00:00
2018-09-26,1275.0,1275.0,1250.0,1250.0,561,1250.0,2026-09-03T19:34:20.898816+00:00
2018-09-27,1275.0,1275.0,1237.0,1245.0,255,1245.0,2026-09-03T19:34:20.898816+00:00
2018-09-30,1230.0,1230.0,1230.0,1230.0,75,1230.0,2026-09-03T19:34:20.898816+00:00
2018-10-01,1220.0,1240.0,1196.0,1196.0,1640,1196.0,2026-09-03T19:34:20.898816+00:00
2018-10-02,1200.0,1226.0,1176.0,1190.0,2873,1190.0,2026-09-03T19:34:20.898816+00:00
2018-10-03,1209.0,1209.0,1152.0,1200.0,788,1200.0,2026-09-03T19:34:20.898816+00:00
2018-10-04,1176.0,1180.0,1155.0,1179.0,1793,1179.0,2026-09-03T19:34:20.898816+00:00
2018-10-07,1174.0,1174.0,1125.0,1139.0,3900,1139.0,2026-09-03T19:34:20.898816+00:00
2018-10-08,1140.0,1140.0,1122.0,1135.0,426,1135.0,2026-09-03T19:34:20.898816+00:00
2018-10-09,1150.0,1150.0,1115.0,1115.0,436,1115.0,2026-09-03T19:34:20.898816+00:00
2018-10-10,1105.0,1105.0,1080.0,1081.0,2158,1081.0,2026-09-03T19:34:20.898816+00:00
2018-10-11,1100.0,1122.0,1100.0,1100.0,636,1100.0,2026-09-03T19:34:20.898816+00:00
2018-10-14,1122.0,1149.0,1122.0,1149.0,308,1149.0,2026-09-03T19:34:20.898816+00:00
2018-10-15,1130.0,1137.0,1127.0,1127.0,555,1127.0,2026-09-03T19:34:20.898816+00:00
2018-10-22,1105.0,1149.0,1100.0,1149.0,180,1149.0,2026-09-03T19:34:20.898816+00:00
2018-10-23,1127.0,1127.0,1105.0,1106.0,390,1106.0,2026-09-03T19:34:20.898816+00:00
2018-10-24,1110.0,1110.0,1110.0,1110.0,41,1110.0,2026-09-03T19:34:20.898816+00:00
2018-10-25,1091.0,1127.0,1088.0,1127.0,580,1127.0,2026-09-03T19:34:20.898816+00:00
2018-10-28,1127.0,1130.0,1127.0,1129.0,386,1129.0,2026-09-03T19:34:20.898816+00:00
2018-10-29,1111.0,1111.0,1068.0,1089.0,3512,1089.0,2026-09-03T19:34:20.898816+00:00
2018-10-30,1110.0,1110.0,1075.0,1095.0,401,1095.0,2026-09-03T19:34:20.898816+00:00
2018-10-31,1075.0,1075.0,1060.0,1060.0,114,1060.0,2026-09-03T19:34:20.898816+00:00
2018-11-01,1040.0,1060.0,1040.0,1060.0,220,1060.0,2026-09-03T19:34:20.898816+00:00
2018-11-04,1040.0,1040.0,1039.0,1039.0,100,1039.0,2026-09-03T19:34:20.898816+00:00
2018-11-05,1025.0,1041.0,1021.0,1041.0,334,1041.0,2026-09-03T19:34:20.898816+00:00
2018-11-11,1041.0,1080.0,1041.0,1080.0,40,1080.0,2026-09-03T19:34:20.898816+00:00
2018-11-12,1059.0,1080.0,1038.0,1038.0,50,1038.0,2026-09-03T19:34:20.898816+00:00
2018-11-13,1027.0,1047.0,1021.0,1041.0,294,1041.0,2026-09-03T19:34:20.898816+00:00
2018-11-15,1035.0,1040.0,1026.0,1040.0,204,1040.0,2026-09-03T19:34:20.898816+00:00
2018-11-19,1030.0,1038.0,1020.0,1020.0,130,1020.0,2026-09-03T19:34:20.898816+00:00
2018-11-20,1000.0,1020.0,1000.0,1000.0,42,1000.0,2026-09-03T19:34:20.898816+00:00
2018-11-21,980.0,982.0,980.0,982.0,50,982.0,2026-09-03T19:34:20.898816+00:00
2018-11-25,963.0,963.0,930.0,930.0,553,930.0,2026-09-03T19:34:20.898816+00:00
2018-11-26,922.0,922.0,921.0,921.0,1175,921.0,2026-09-03T19:34:20.898816+00:00
2018-11-27,939.0,974.0,939.0,974.0,146,974.0,2026-09-03T19:34:20.898816+00:00
2018-11-28,970.0,970.0,970.0,970.0,10,970.0,2026-09-03T19:34:20.898816+00:00
2018-11-29,960.0,960.0,941.0,941.0,116,941.0,2026-09-03T19:34:20.898816+00:00
2018-12-02,923.0,923.0,923.0,923.0,30,923.0,2026-09-03T19:34:20.898816+00:00
2018-12-03,925.0,925.0,895.0,900.0,1603,900.0,2026-09-03T19:34:20.898816+00:00
2018-12-04,886.0,918.0,870.0,870.0,375,870.0,2026-09-03T19:34:20.898816+00:00
2018-12-05,860.0,860.0,812.0,821.0,365,821.0,2026-09-03T19:34:20.898816+00:00
2018-12-06,804.0,804.0,760.0,760.0,235,760.0,2026-09-03T19:34:20.898816+00:00
2018-12-09,760.0,760.0,744.0,744.0,1896,744.0,2026-09-03T19:34:20.898816+00:00
2018-12-10,758.0,803.0,758.0,780.0,161,780.0,2026-09-03T19:34:20.898816+00:00
2018-12-11,765.0,765.0,750.0,755.0,276,755.0,2026-09-03T19:34:20.898816+00:00
2018-12-12,741.0,741.0,737.0,740.0,413,740.0,2026-09-03T19:34:20.898816+00:00
2018-12-13,754.0,754.0,754.0,754.0,10,754.0,2026-09-03T19:34:20.898816+00:00
2018-12-16,769.0,829.0,769.0,829.0,811,829.0,2026-09-03T19:34:20.898816+00:00
2018-12-17,845.0,911.0,845.0,910.0,420,910.0,2026-09-03T19:34:20.898816+00:00
2018-12-18,929.0,930.0,840.0,864.0,3315,864.0,2026-09-03T19:34:20.898816+00:00
2018-12-19,847.0,870.0,847.0,870.0,550,870.0,2026-09-03T19:34:20.898816+00:00
2018-12-20,887.0,887.0,853.0,870.0,944,870.0,2026-09-03T19:34:20.898816+00:00
2018-12-23,887.0,957.0,887.0,957.0,2704,957.0,2026-09-03T19:34:20.898816+00:00
2018-12-24,960.0,969.0,906.0,927.0,2236,927.0,2026-09-03T19:34:20.898816+00:00
2018-12-25,920.0,920.0,891.0,920.0,397,920.0,2026-09-03T19:34:20.898816+00:00
2018-12-26,930.0,980.0,926.0,980.0,1820,980.0,2026-09-03T19:34:20.898816+00:00
2018-12-27,999.0,1020.0,950.0,969.0,2875,969.0,2026-09-03T19:34:20.898816+00:00
2018-12-30,980.0,980.0,933.0,933.0,330,933.0,2026-09-03T19:34:20.898816+00:00
2018-12-31,916.0,940.0,900.0,918.0,950,918.0,2026-09-03T19:34:20.898816+00:00
2019-01-01,907.0,1009.0,907.0,1009.0,3762,1009.0,2026-09-03T19:34:20.898816+00:00
2019-01-02,1028.0,1105.0,1028.0,1104.0,7962,1104.0,2026-09-03T19:34:20.898816+00:00
2019-01-03,1125.0,1125.0,1010.0,1027.0,3764,1027.0,2026-09-03T19:34:20.898816+00:00
2019-01-08,1044.0,1044.0,970.0,970.0,1109,970.0,2026-09-03T19:34:20.898816+00:00
2019-01-09,965.0,999.0,965.0,994.0,588,994.0,2026-09-03T19:34:20.898816+00:00
2019-01-10,999.0,999.0,965.0,985.0,1979,985.0,2026-09-03T19:34:20.898816+00:00
2019-01-13,894.0,894.0,894.0,894.0,100,894.0,2026-09-03T19:34:20.898816+00:00
2019-01-14,910.0,911.0,910.0,911.0,92,911.0,2026-09-03T19:34:20.898816+00:00
2019-01-15,928.0,943.0,928.0,942.0,660,942.0,2026-09-03T19:34:20.898816+00:00
2019-01-16,925.0,943.0,907.0,943.0,685,943.0,2026-09-03T19:34:20.898816+00:00
2019-01-17,925.0,925.0,907.0,920.0,106,920.0,2026-09-03T19:34:20.898816+00:00
2019-01-21,902.0,902.0,867.0,900.0,240,900.0,2026-09-03T19:34:20.898816+00:00
2019-01-22,900.0,900.0,894.0,900.0,324,900.0,2026-09-03T19:34:20.898816+00:00
2019-01-23,883.0,888.0,882.0,888.0,150,888.0,2026-09-03T19:34:20.898816+00:00
2019-01-24,872.0,905.0,860.0,889.0,543,889.0,2026-09-03T19:34:20.898816+00:00
2019-01-27,872.0,888.0,872.0,888.0,82,888.0,2026-09-03T19:34:20.898816+00:00
2019-01-28,900.0,900.0,857.0,857.0,610,857.0,2026-09-03T19:34:20.898816+00:00
2019-01-29,874.0,874.0,850.0,867.0,1065,867.0,2026-09-03T19:34:20.898816+00:00
2019-01-30,857.0,865.0,856.0,865.0,439,865.0,2026-09-03T19:34:20.898816+00:00
2019-01-31,865.0,870.0,861.0,861.0,282,861.0,2026-09-03T19:34:20.898816+00:00
2019-02-03,861.0,878.0,861.0,878.0,60,878.0,2026-09-03T19:34:20.898816+00:00
2019-02-04,861.0,861.0,845.0,845.0,120,845.0,2026-09-03T19:34:20.898816+00:00
2019-02-05,850.0,860.0,850.0,860.0,376,860.0,2026-09-03T19:34:20.898816+00:00
2019-02-06,860.0,860.0,845.0,845.0,273,845.0,2026-09-03T19:34:20.898816+00:00
2019-02-07,831.0,832.0,829.0,829.0,418,829.0,2026-09-03T19:34:20.898816+00:00
2019-02-10,825.0,840.0,813.0,840.0,475,840.0,2026-09-03T19:34:20.898816+00:00
2019-02-11,830.0,830.0,824.0,824.0,50,824.0,2026-09-03T19:34:20.898816+00:00
2019-02-12,819.0,825.0,816.0,816.0,143,816.0,2026-09-03T19:34:20.898816+00:00
2019-02-13,820.0,820.0,820.0,820.0,50,820.0,2026-09-03T19:34:20.898816+00:00
2019-02-14,804.0,818.0,801.0,815.0,392,815.0,2026-09-03T19:34:20.898816+00:00
2019-02-17,810.0,810.0,800.0,800.0,405,800.0,2026-09-03T19:34:20.898816+00:00
2019-02-18,785.0,785.0,774.0,774.0,388,774.0,2026-09-03T19:34:20.898816+00:00
2019-02-19,789.0,849.0,789.0,849.0,582,849.0,2026-09-03T19:34:20.898816+00:00
2019-02-20,833.0,845.0,825.0,845.0,108,845.0,2026-09-03T19:34:20.898816+00:00
2019-02-21,829.0,840.0,813.0,840.0,231,840.0,2026-09-03T19:34:20.898816+00:00
2019-02-24,839.0,840.0,824.0,824.0,753,824.0,2026-09-03T19:34:20.898816+00:00
2019-02-25,812.0,838.0,812.0,838.0,173,838.0,2026-09-03T19:34:20.898816+00:00
2019-02-26,830.0,830.0,830.0,830.0,72,830.0,2026-09-03T19:34:20.898816+00:00
2019-02-27,846.0,846.0,839.0,840.0,489,840.0,2026-09-03T19:34:20.898816+00:00
2019-03-03,825.0,825.0,825.0,825.0,160,825.0,2026-09-03T19:34:20.898816+00:00
2019-03-05,809.0,835.0,809.0,835.0,120,835.0,2026-09-03T19:34:20.898816+00:00
2019-03-06,820.0,835.0,820.0,820.0,197,820.0,2026-09-03T19:34:20.898816+00:00
2019-03-07,818.0,852.0,811.0,852.0,1128,852.0,2026-09-03T19:34:20.898816+00:00
2019-03-11,865.0,869.0,865.0,869.0,182,869.0,2026-09-03T19:34:20.898816+00:00
2019-03-12,853.0,870.0,853.0,866.0,1355,866.0,2026-09-03T19:34:20.898816+00:00
2019-03-13,866.0,866.0,833.0,849.0,179,849.0,2026-09-03T19:34:20.898816+00:00
2019-03-14,855.0,855.0,845.0,845.0,120,845.0,2026-09-03T19:34:20.898816+00:00
2019-03-17,850.0,850.0,818.0,844.0,110,844.0,2026-09-03T19:34:20.898816+00:00
2019-03-18,834.0,834.0,815.0,815.0,724,815.0,2026-09-03T19:34:20.898816+00:00
2019-03-19,816.0,830.0,808.0,808.0,1020,808.0,2026-09-03T19:34:20.898816+00:00
2019-03-21,805.0,820.0,805.0,820.0,107,820.0,2026-09-03T19:34:20.898816+00:00
2019-03-25,800.0,800.0,791.0,791.0,218,791.0,2026-09-03T19:34:20.898816+00:00
2019-03-26,790.0,804.0,790.0,804.0,64,804.0,2026-09-03T19:34:20.898816+00:00
2019-03-27,788.0,820.0,781.0,820.0,166,820.0,2026-09-03T19:34:20.898816+00:00
2019-03-28,804.0,804.0,790.0,790.0,740,790.0,2026-09-03T19:34:20.898816+00:00
2019-03-31,805.0,805.0,781.0,782.0,568,782.0,2026-09-03T19:34:20.898816+00:00
2019-04-01,784.0,795.0,782.0,795.0,116,795.0,2026-09-03T19:34:20.898816+00:00
2019-04-02,800.0,808.0,792.0,805.0,936,805.0,2026-09-03T19:34:20.898816+00:00
2019-04-04,790.0,790.0,775.0,775.0,250,775.0,2026-09-03T19:34:20.898816+00:00
2019-04-07,775.0,775.0,765.0,765.0,299,765.0,2026-09-03T19:34:20.898816+00:00
2019-04-08,775.0,805.0,772.0,789.0,1706,789.0,2026-09-03T19:34:20.898816+00:00
2019-04-09,780.0,799.0,780.0,799.0,660,799.0,2026-09-03T19:34:20.898816+00:00
2019-04-11,809.0,816.0,800.0,815.0,278,815.0,2026-09-03T19:34:20.898816+00:00
2019-04-15,800.0,829.0,800.0,822.0,1035,822.0,2026-09-03T19:34:20.898816+00:00
2019-04-16,830.0,844.0,824.0,835.0,1125,835.0,2026-09-03T19:34:20.898816+00:00
2019-04-17,851.0,867.0,815.0,840.0,820,840.0,2026-09-03T19:34:20.898816+00:00
2019-04-18,824.0,824.0,794.0,794.0,460,794.0,2026-09-03T19:34:20.898816+00:00
2019-04-21,809.0,824.0,780.0,805.0,1154,805.0,2026-09-03T19:34:20.898816+00:00
2019-04-22,790.0,790.0,761.0,777.0,2410,777.0,2026-09-03T19:34:20.898816+00:00
2019-04-23,768.0,768.0,753.0,753.0,1450,753.0,2026-09-03T19:34:20.898816+00:00
2019-04-24,740.0,760.0,730.0,730.0,3639,730.0,2026-09-03T19:34:20.898816+00:00
2019-04-25,740.0,740.0,721.0,735.0,1140,735.0,2026-09-03T19:34:20.898816+00:00
2019-04-28,749.0,800.0,749.0,771.0,1574,771.0,2026-09-03T19:34:20.898816+00:00
2019-04-29,773.0,784.0,757.0,757.0,310,757.0,2026-09-03T19:34:20.898816+00:00
2019-04-30,762.0,762.0,742.0,742.0,104,742.0,2026-09-03T19:34:20.898816+00:00
2019-05-02,728.0,728.0,720.0,720.0,460,720.0,2026-09-03T19:34:20.898816+00:00
2019-05-05,720.0,734.0,720.0,730.0,132,730.0,2026-09-03T19:34:20.898816+00:00
2019-05-06,720.0,734.0,720.0,734.0,63,734.0,2026-09-03T19:34:20.898816+00:00
2019-05-07,740.0,740.0,712.0,712.0,1548,712.0,2026-09-03T19:34:20.898816+00:00
2019-05-08,712.0,730.0,712.0,730.0,120,730.0,2026-09-03T19:34:20.898816+00:00
2019-05-09,730.0,730.0,715.0,715.0,1564,715.0,2026-09-03T19:34:20.898816+00:00
2019-05-12,711.0,728.0,710.0,710.0,461,710.0,2026-09-03T19:34:20.898816+00:00
2019-05-13,715.0,762.0,715.0,762.0,200,762.0,2026-09-03T19:34:20.898816+00:00
2019-05-14,771.0,771.0,724.0,738.0,944,738.0,2026-09-03T19:34:20.898816+00:00
2019-05-15,752.0,764.0,707.0,715.0,1369,715.0,2026-09-03T19:34:20.898816+00:00
2019-05-16,729.0,729.0,704.0,710.0,1773,710.0,2026-09-03T19:34:20.898816+00:00
2019-05-19,701.0,703.0,688.0,699.0,987,699.0,2026-09-03T19:34:20.898816+00:00
2020-02-18,733.0,768.0,733.0,768.0,1090,768.0,2026-09-03T19:34:20.898816+00:00
2020-02-19,806.0,844.0,806.0,844.0,150,844.0,2026-09-03T19:34:20.898816+00:00
2020-02-20,886.0,928.0,886.0,928.0,350,928.0,2026-09-03T19:34:20.898816+00:00
2020-02-23,974.0,1020.0,974.0,1020.0,2295,1020.0,2026-09-03T19:34:20.898816+00:00
2020-02-24,1071.0,1122.0,1071.0,1122.0,30843,1122.0,2026-09-03T19:34:20.898816+00:00
2020-02-25,1144.0,1188.0,1070.0,1119.0,26220,1119.0,2026-09-03T19:34:20.898816+00:00
2020-02-26,1105.0,1127.0,1085.0,1096.0,15353,1096.0,2026-09-03T19:34:20.898816+00:00
2020-02-27,1075.0,1116.0,1056.0,1097.0,9499,1097.0,2026-09-03T19:34:20.898816+00:00
2020-03-01,1077.0,1077.0,1015.0,1028.0,14021,1028.0,2026-09-03T19:34:20.898816+00:00
2020-03-02,1008.0,1048.0,970.0,985.0,3243,985.0,2026-09-03T19:34:20.898816+00:00
2020-03-03,936.0,989.0,887.0,960.0,10208,960.0,2026-09-03T19:34:20.898816+00:00
2020-03-04,945.0,945.0,864.0,864.0,8200,864.0,2026-09-03T19:34:20.898816+00:00
2020-03-05,880.0,938.0,839.0,905.0,8504,905.0,2026-09-03T19:34:20.898816+00:00
2020-03-10,888.0,888.0,837.0,837.0,3365,837.0,2026-09-03T19:34:20.898816+00:00
2020-03-11,840.0,913.0,810.0,895.0,6841,895.0,2026-09-03T19:34:20.898816+00:00
2020-03-12,900.0,912.0,849.0,879.0,5502,879.0,2026-09-03T19:34:20.898816+00:00
2020-03-15,862.0,862.0,792.0,819.0,9756,819.0,2026-09-03T19:34:20.898816+00:00
2020-03-16,779.0,829.0,779.0,796.0,3907,796.0,2026-09-03T19:34:20.898816+00:00
2020-03-17,810.0,811.0,730.0,730.0,3485,730.0,2026-09-03T19:34:20.898816+00:00
2020-03-18,735.0,803.0,690.0,715.0,4241,715.0,2026-09-03T19:34:20.898816+00:00
2020-03-19,701.0,775.0,690.0,751.0,3818,751.0,2026-09-03T19:34:20.898816+00:00
2020-03-22,751.0,760.0,738.0,738.0,348,738.0,2026-09-03T19:34:20.898816+00:00
2020-05-12,724.0,724.0,716.0,716.0,20,716.0,2026-09-03T19:34:20.898816+00:00
2020-06-29,716.0,716.0,716.0,690.0,1400,690.0,2026-09-03T19:34:20.898816+00:00
2020-06-30,677.0,726.0,677.0,726.0,801,726.0,2026-09-03T19:34:20.898816+00:00
2020-07-01,726.0,754.0,726.0,741.0,451,741.0,2026-09-03T19:34:20.898816+00:00
2020-07-02,727.0,727.0,713.0,713.0,280,713.0,2026-09-03T19:34:20.898816+00:00
2020-07-05,713.0,734.0,666.0,732.0,3290,732.0,2026-09-03T19:34:20.898816+00:00
2020-07-06,732.0,760.0,691.0,760.0,2965,760.0,2026-09-03T19:34:20.898816+00:00
2020-07-07,765.0,826.0,760.0,810.0,6175,810.0,2026-09-03T19:34:20.898816+00:00
2020-07-08,818.0,818.0,773.0,800.0,2576,800.0,2026-09-03T19:34:20.898816+00:00
2020-07-09,802.0,802.0,765.0,780.0,1970,780.0,2026-09-03T19:34:20.898816+00:00
2020-07-12,765.0,810.0,750.0,800.0,6059,800.0,2026-09-03T19:34:20.898816+00:00
2020-07-13,791.0,816.0,779.0,799.0,5509,799.0,2026-09-03T19:34:20.898816+00:00
2020-07-14,805.0,825.0,796.0,818.0,5026,818.0,2026-09-03T19:34:20.898816+00:00
2020-07-15,804.0,825.0,795.0,825.0,4227,825.0,2026-09-03T19:34:20.898816+00:00
2020-07-16,836.0,841.0,801.0,824.0,3358,824.0,2026-09-03T19:34:20.898816+00:00
2020-07-19,840.0,840.0,840.0,840.0,20,840.0,2026-09-03T19:34:20.898816+00:00
2020-07-20,882.0,882.0,804.0,805.0,4242,805.0,2026-09-03T19:34:20.898816+00:00
2020-07-21,821.0,826.0,790.0,796.0,5064,796.0,2026-09-03T19:34:20.898816+00:00
2020-07-22,805.0,805.0,782.0,789.0,5784,789.0,2026-09-03T19:34:20.898816+00:00
2020-07-23,780.0,867.0,777.0,867.0,13534,867.0,2026-09-03T19:34:20.898816+00:00
2020-07-26,910.0,910.0,847.0,884.0,9750,884.0,2026-09-03T19:34:20.898816+00:00
2020-07-27,870.0,878.0,845.0,860.0,5332,860.0,2026-09-03T19:34:20.898816+00:00
2020-07-28,850.0,875.0,820.0,849.0,7372,849.0,2026-09-03T19:34:20.898816+00:00
2020-07-29,850.0,850.0,794.0,804.0,10660,804.0,2026-09-03T19:34:20.898816+00:00
2020-07-30,788.0,828.0,788.0,817.0,2931,817.0,2026-09-03T19:34:20.898816+00:00
2020-08-02,801.0,801.0,770.0,775.0,4785,775.0,2026-09-03T19:34:20.898816+00:00
2020-08-03,770.0,790.0,755.0,780.0,2510,780.0,2026-09-03T19:34:20.898816+00:00
2020-08-05,765.0,778.0,750.0,778.0,2175,778.0,2026-09-03T19:34:20.898816+00:00
2020-08-06,763.0,774.0,748.0,768.0,2027,768.0,2026-09-03T19:34:20.898816+00:00
2020-08-09,755.0,782.0,740.0,782.0,2381,782.0,2026-09-03T19:34:20.898816+00:00
2020-08-10,767.0,810.0,767.0,806.0,4382,806.0,2026-09-03T19:34:20.898816+00:00
2020-08-11,790.0,790.0,747.0,762.0,9464,762.0,2026-09-03T19:34:20.898816+00:00
2020-08-12,750.0,765.0,749.0,760.0,7743,760.0,2026-09-03T19:34:20.898816+00:00
2020-08-13,747.0,761.0,745.0,750.0,3451,750.0,2026-09-03T19:34:20.898816+00:00
2020-08-16,745.0,749.0,726.0,729.0,3750,729.0,2026-09-03T19:34:20.898816+00:00
2020-08-17,730.0,739.0,725.0,738.0,3545,738.0,2026-09-03T19:34:20.898816+00:00
2020-08-18,750.0,765.0,730.0,732.0,4184,732.0,2026-09-03T19:34:20.898816+00:00
2020-08-19,768.0,768.0,720.0,729.0,2985,729.0,2026-09-03T19:34:20.898816+00:00
2020-08-20,717.0,732.0,717.0,730.0,982,730.0,2026-09-03T19:34:20.898816+00:00
2020-08-23,730.0,735.0,722.0,726.0,2235,726.0,2026-09-03T19:34:20.898816+00:00
2020-08-24,730.0,768.0,730.0,757.0,5106,757.0,2026-09-03T19:34:20.898816+00:00
2020-08-25,755.0,770.0,752.0,768.0,2961,768.0,2026-09-03T19:34:20.898816+00:00
2020-08-26,755.0,782.0,755.0,780.0,4543,780.0,2026-09-03T19:34:20.898816+00:00
2020-08-27,780.0,793.0,761.0,770.0,4220,770.0,2026-09-03T19:34:20.898816+00:00
2020-08-30,808.0,808.0,761.0,774.0,500,774.0,2026-09-03T19:34:20.898816+00:00
2020-08-31,812.0,812.0,766.0,777.0,6239,777.0,2026-09-03T19:34:20.898816+00:00
2020-09-02,815.0,815.0,761.0,762.0,4646,762.0,2026-09-03T19:34:20.898816+00:00
2020-09-03,762.0,765.0,752.0,765.0,8768,765.0,2026-09-03T19:34:20.898816+00:00
2020-09-06,780.0,780.0,751.0,754.0,2895,754.0,2026-09-03T19:34:20.898816+00:00
2020-09-07,745.0,764.0,739.0,763.0,5643,763.0,2026-09-03T19:34:20.898816+00:00
2020-09-08,749.0,785.0,747.0,778.0,5767,778.0,2026-09-03T19:34:20.898816+00:00
2020-09-09,780.0,802.0,775.0,790.0,12102,790.0,2026-09-03T19:34:20.898816+00:00
2020-09-10,790.0,805.0,772.0,788.0,9595,788.0,2026-09-03T19:34:20.898816+00:00
2020-09-13,773.0,780.0,769.0,778.0,10799,778.0,2026-09-03T19:34:20.898816+00:00
2020-09-14,816.0,816.0,757.0,767.0,7512,767.0,2026-09-03T19:34:20.898816+00:00
2020-09-15,767.0,767.0,751.0,752.0,4989,752.0,2026-09-03T19:34:20.898816+00:00
2020-09-16,745.0,763.0,745.0,763.0,3473,763.0,2026-09-03T19:34:20.898816+00:00
2020-09-17,759.0,770.0,759.0,769.0,8475,769.0,2026-09-03T19:34:20.898816+00:00
2020-09-20,770.0,783.0,752.0,775.0,2948,775.0,2026-09-03T19:34:20.898816+00:00
2020-09-21,760.0,770.0,750.0,757.0,4352,757.0,2026-09-03T19:34:20.898816+00:00
2020-09-22,750.0,760.0,750.0,750.0,2036,750.0,2026-09-03T19:34:20.898816+00:00
2020-09-23,748.0,765.0,740.0,758.0,8348,758.0,2026-09-03T19:34:20.898816+00:00
2020-09-24,743.0,758.0,740.0,743.0,5268,743.0,2026-09-03T19:34:20.898816+00:00
2020-09-27,757.0,770.0,735.0,744.0,5411,744.0,2026-09-03T19:34:20.898816+00:00
2020-09-28,737.0,740.0,735.0,736.0,3311,736.0,2026-09-03T19:34:20.898816+00:00
2020-09-29,750.0,750.0,728.0,730.0,4699,730.0,2026-09-03T19:34:20.898816+00:00
2020-09-30,720.0,739.0,720.0,734.0,1465,734.0,2026-09-03T19:34:20.898816+00:00
2020-10-01,731.0,748.0,731.0,735.0,3839,735.0,2026-09-03T19:34:20.898816+00:00
2020-10-04,749.0,758.0,732.0,747.0,2783,747.0,2026-09-03T19:34:20.898816+00:00
2020-10-05,752.0,766.0,732.0,744.0,4100,744.0,2026-09-03T19:34:20.898816+00:00
2020-10-06,745.0,745.0,725.0,726.0,9972,726.0,2026-09-03T19:34:20.898816+00:00
2020-10-07,726.0,726.0,715.0,720.0,8154,720.0,2026-09-03T19:34:20.898816+00:00
2020-10-08,720.0,735.0,716.0,735.0,5056,735.0,2026-09-03T19:34:20.898816+00:00
2020-10-11,722.0,735.0,720.0,721.0,3482,721.0,2026-09-03T19:34:20.898816+00:00
2020-10-12,710.0,731.0,710.0,725.0,1340,725.0,2026-09-03T19:34:20.898816+00:00
2020-10-13,719.0,750.0,719.0,725.0,4021,725.0,2026-09-03T19:34:20.898816+00:00
2020-10-14,718.0,732.0,718.0,729.0,539,729.0,2026-09-03T19:34:20.898816+00:00
2020-10-15,729.0,743.0,718.0,718.0,2849,718.0,2026-09-03T19:34:20.898816+00:00
2020-10-18,710.0,725.0,710.0,725.0,1883,725.0,2026-09-03T19:34:20.898816+00:00
2020-10-19,719.0,739.0,719.0,739.0,1021,739.0,2026-09-03T19:34:20.898816+00:00
2020-10-20,745.0,745.0,721.0,737.0,890,737.0,2026-09-03T19:34:20.898816+00:00
2020-10-21,725.0,740.0,725.0,738.0,1363,738.0,2026-09-03T19:34:20.898816+00:00
2020-10-22,750.0,750.0,724.0,726.0,1120,726.0,2026-09-03T19:34:20.898816+00:00
2020-10-28,726.0,740.0,715.0,729.0,1134,729.0,2026-09-03T19:34:20.898816+00:00
2020-10-29,715.0,741.0,715.0,740.0,1241,740.0,2026-09-03T19:34:20.898816+00:00
2020-11-01,777.0,777.0,725.0,770.0,10987,770.0,2026-09-03T19:34:20.898816+00:00
2020-11-02,732.0,775.0,732.0,768.0,6788,768.0,2026-09-03T19:34:20.898816+00:00
2020-11-03,780.0,781.0,766.0,779.0,11169,779.0,2026-09-03T19:34:20.898816+00:00
2020-11-04,779.0,794.0,771.0,788.0,8177,788.0,2026-09-03T19:34:20.898816+00:00
2020-11-05,775.0,785.0,765.0,785.0,4156,785.0,2026-09-03T19:34:20.898816+00:00
2020-11-08,780.0,789.0,775.0,789.0,3898,789.0,2026-09-03T19:34:20.898816+00:00
2020-11-09,775.0,787.0,775.0,787.0,2577,787.0,2026-09-03T19:34:20.898816+00:00
2020-11-10,772.0,787.0,770.0,780.0,1820,780.0,2026-09-03T19:34:20.898816+00:00
2020-11-11,765.0,776.0,765.0,765.0,3843,765.0,2026-09-03T19:34:20.898816+00:00
2020-11-12,775.0,775.0,754.0,759.0,2305,759.0,2026-09-03T19:34:20.898816+00:00
2020-11-18,770.0,773.0,743.0,745.0,2625,745.0,2026-09-03T19:34:20.898816+00:00
2020-11-19,747.0,772.0,747.0,757.0,4307,757.0,2026-09-03T19:34:20.898816+00:00
2020-11-22,794.0,794.0,750.0,771.0,7559,771.0,2026-09-03T19:34:20.898816+00:00
2020-11-23,770.0,770.0,756.0,764.0,6241,764.0,2026-09-03T19:34:20.898816+00:00
2020-11-24,755.0,768.0,752.0,768.0,5739,768.0,2026-09-03T19:34:20.898816+00:00
2020-11-25,755.0,793.0,755.0,785.0,10464,785.0,2026-09-03T19:34:20.898816+00:00
2020-11-26,824.0,824.0,765.0,780.0,7900,780.0,2026-09-03T19:34:20.898816+00:00
2020-11-29,770.0,770.0,755.0,768.0,6005,768.0,2026-09-03T19:34:20.898816+00:00
2020-11-30,760.0,772.0,760.0,768.0,4023,768.0,2026-09-03T19:34:20.898816+00:00
2020-12-01,765.0,770.0,755.0,769.0,5197,769.0,2026-09-03T19:34:20.898816+00:00
2020-12-02,770.0,837.0,768.0,814.0,26082,814.0,2026-09-03T19:34:20.898816+00:00
2020-12-03,815.0,840.0,800.0,825.0,23641,825.0,2026-09-03T19:34:20.898816+00:00
2020-12-06,809.0,809.0,765.0,775.0,8541,775.0,2026-09-03T19:34:20.898816+00:00
2020-12-07,785.0,800.0,760.0,790.0,6169,790.0,2026-09-03T19:34:20.898816+00:00
2020-12-08,805.0,817.0,780.0,784.0,7360,784.0,2026-09-03T19:34:20.898816+00:00
2020-12-09,769.0,799.0,764.0,786.0,7709,786.0,2026-09-03T19:34:20.898816+00:00
2020-12-10,800.0,800.0,755.0,785.0,2613,785.0,2026-09-03T19:34:20.898816+00:00
2020-12-13,792.0,805.0,781.0,796.0,8531,796.0,2026-09-03T19:34:20.898816+00:00
2020-12-14,800.0,834.0,800.0,831.0,24645,831.0,2026-09-03T19:34:20.898816+00:00
2020-12-15,835.0,863.0,831.0,845.0,12553,845.0,2026-09-03T19:34:20.898816+00:00
2020-12-16,840.0,929.0,840.0,902.0,29346,902.0,2026-09-03T19:34:20.898816+00:00
2020-12-17,919.0,950.0,867.0,905.0,18668,905.0,2026-09-03T19:34:20.898816+00:00
2020-12-20,887.0,903.0,828.0,828.0,12421,828.0,2026-09-03T19:34:20.898816+00:00
2020-12-21,800.0,869.0,784.0,837.0,10278,837.0,2026-09-03T19:34:20.898816+00:00
2020-12-22,850.0,900.0,850.0,899.0,10656,899.0,2026-09-03T19:34:20.898816+00:00
2020-12-23,882.0,900.0,862.0,878.0,3970,878.0,2026-09-03T19:34:20.898816+00:00
2020-12-24,890.0,890.0,851.0,855.0,2497,855.0,2026-09-03T19:34:20.898816+00:00
2020-12-27,855.0,855.0,835.0,847.0,4980,847.0,2026-09-03T19:34:20.898816+00:00
2020-12-28,831.0,852.0,831.0,852.0,2175,852.0,2026-09-03T19:34:20.898816+00:00
2020-12-29,837.0,859.0,837.0,859.0,3677,859.0,2026-09-03T19:34:20.898816+00:00
2020-12-30,843.0,885.0,843.0,885.0,4715,885.0,2026-09-03T19:34:20.898816+00:00
2020-12-31,870.0,877.0,855.0,859.0,4781,859.0,2026-09-03T19:34:20.898816+00:00
2021-01-03,850.0,880.0,850.0,870.0,6728,870.0,2026-09-03T19:34:20.898816+00:00
2021-01-04,880.0,887.0,865.0,883.0,5409,883.0,2026-09-03T19:34:20.898816+00:00
2021-01-05,868.0,885.0,867.0,880.0,4504,880.0,2026-09-03T19:34:20.898816+00:00
2021-01-06,863.0,968.0,863.0,968.0,34123,968.0,2026-09-03T19:34:20.898816+00:00
2021-01-07,1016.0,1036.0,982.0,989.0,18578,989.0,2026-09-03T19:34:20.898816+00:00
2021-01-10,1008.0,1008.0,955.0,993.0,7696,993.0,2026-09-03T19:34:20.898816+00:00
2021-01-11,975.0,980.0,958.0,970.0,8707,970.0,2026-09-03T19:34:20.898816+00:00
2021-01-12,988.0,988.0,951.0,967.0,7370,967.0,2026-09-03T19:34:20.898816+00:00
2021-01-13,975.0,1055.0,960.0,1000.0,18909,1000.0,2026-09-03T19:34:20.898816+00:00
2021-01-17,1019.0,1095.0,1005.0,1095.0,27124,1095.0,2026-09-03T19:34:20.898816+00:00
2021-01-18,1111.0,1190.0,1100.0,1186.0,26651,1186.0,2026-09-03T19:34:20.898816+00:00
2021-01-19,1200.0,1210.0,1135.0,1166.0,27443,1166.0,2026-09-03T19:34:20.898816+00:00
2021-01-20,1151.0,1275.0,1150.0,1248.0,16965,1248.0,2026-09-03T19:34:20.898816+00:00
2021-01-21,1226.0,1300.0,1226.0,1295.0,17889,1295.0,2026-09-03T19:34:20.898816+00:00
2021-01-24,1295.0,1336.0,1273.0,1295.0,22406,1295.0,2026-09-03T19:34:20.898816+00:00
2021-01-25,1300.0,1310.0,1250.0,1251.0,20605,1251.0,2026-09-03T19:34:20.898816+00:00
2021-01-26,1235.0,1271.0,1235.0,1248.0,13780,1248.0,2026-09-03T19:34:20.898816+00:00
2021-01-27,1220.0,1269.0,1199.0,1255.0,8046,1255.0,2026-09-03T19:34:20.898816+00:00
2021-01-28,1279.0,1309.0,1250.0,1269.0,25706,1269.0,2026-09-03T19:34:20.898816+00:00
2021-01-31,1260.0,1326.0,1211.0,1326.0,16689,1326.0,2026-09-03T19:34:20.898816+00:00
2021-02-01,1326.0,1326.0,1216.0,1230.0,30724,1230.0,2026-09-03T19:34:20.898816+00:00
2021-02-02,1254.0,1279.0,1230.0,1264.0,14719,1264.0,2026-09-03T19:34:20.898816+00:00
2021-02-03,1327.0,1379.0,1249.0,1305.0,43217,1305.0,2026-09-03T19:34:20.898816+00:00
2021-02-04,1305.0,1335.0,1290.0,1319.0,17663,1319.0,2026-09-03T19:34:20.898816+00:00
2021-02-07,1319.0,1425.0,1319.0,1390.0,29072,1390.0,2026-09-03T19:34:20.898816+00:00
2021-02-08,1400.0,1438.0,1333.0,1343.0,31511,1343.0,2026-09-03T19:34:20.898816+00:00
2021-02-15,1343.0,1438.0,1318.0,1422.0,39075,1422.0,2026-09-03T19:34:20.898816+00:00
2021-02-16,1493.0,1493.0,1370.0,1370.0,17561,1370.0,2026-09-03T19:34:20.898816+00:00
2021-02-17,1397.0,1397.0,1340.0,1340.0,9081,1340.0,2026-09-03T19:34:20.898816+00:00
2021-02-18,1316.0,1340.0,1305.0,1330.0,7430,1330.0,2026-09-03T19:34:20.898816+00:00
2021-02-21,1356.0,1356.0,1304.0,1310.0,4675,1310.0,2026-09-03T19:34:20.898816+00:00
2021-02-22,1310.0,1355.0,1283.0,1290.0,8592,1290.0,2026-09-03T19:34:20.898816+00:00
2021-02-23,1270.0,1270.0,1191.0,1260.0,14404,1260.0,2026-09-03T19:34:20.898816+00:00
2021-02-24,1323.0,1323.0,1264.0,1279.0,3450,1279.0,2026-09-03T19:34:20.898816+00:00
2021-02-25,1254.0,1303.0,1248.0,1256.0,3200,1256.0,2026-09-03T19:34:20.898816+00:00
2021-02-28,1238.0,1238.0,1185.0,1185.0,9501,1185.0,2026-09-03T19:34:20.898816+00:00
2021-03-01,1163.0,1224.0,1162.0,1202.0,4561,1202.0,2026-09-03T19:34:20.898816+00:00
2021-03-02,1200.0,1203.0,1151.0,1180.0,6002,1180.0,2026-09-03T19:34:20.898816+00:00
2021-03-03,1195.0,1195.0,1124.0,1179.0,6290,1179.0,2026-09-03T19:34:20.898816+00:00
2021-03-04,1160.0,1235.0,1160.0,1235.0,7892,1235.0,2026-09-03T19:34:20.898816+00:00
2021-03-07,1296.0,1321.0,1245.0,1251.0,15814,1251.0,2026-09-03T19:34:20.898816+00:00
2021-03-09,1313.0,1313.0,1210.0,1225.0,2157,1225.0,2026-09-03T19:34:20.898816+00:00
2021-03-10,1206.0,1249.0,1201.0,1210.0,1510,1210.0,2026-09-03T19:34:20.898816+00:00
2021-03-14,1201.0,1205.0,1164.0,1169.0,9673,1169.0,2026-09-03T19:34:20.898816+00:00
2021-03-15,1150.0,1215.0,1147.0,1186.0,3810,1186.0,2026-09-03T19:34:20.898816+00:00
2021-03-16,1165.0,1221.0,1165.0,1190.0,3831,1190.0,2026-09-03T19:34:20.898816+00:00
2021-03-17,1167.0,1207.0,1167.0,1201.0,4683,1201.0,2026-09-03T19:34:20.898816+00:00
2021-03-18,1215.0,1225.0,1201.0,1220.0,7061,1220.0,2026-09-03T19:34:20.898816+00:00
2021-03-21,1244.0,1320.0,1244.0,1319.0,18529,1319.0,2026-09-03T19:34:20.898816+00:00
2021-03-22,1320.0,1326.0,1270.0,1270.0,7969,1270.0,2026-09-03T19:34:20.898816+00:00
2021-03-23,1250.0,1320.0,1245.0,1312.0,10191,1312.0,2026-09-03T19:34:20.898816+00:00
2021-03-24,1320.0,1361.0,1305.0,1350.0,20870,1350.0,2026-09-03T19:34:20.898816+00:00
2021-03-25,1417.0,1417.0,1358.0,1370.0,26927,1370.0,2026-09-03T19:34:20.898816+00:00
2021-03-29,1397.0,1397.0,1332.0,1370.0,12161,1370.0,2026-09-03T19:34:20.898816+00:00
2021-03-30,1387.0,1407.0,1370.0,1405.0,18711,1405.0,2026-09-03T19:34:20.898816+00:00
2021-03-31,1409.0,1422.0,1390.0,1390.0,15076,1390.0,2026-09-03T19:34:20.898816+00:00
2021-04-01,1321.0,1483.0,1321.0,1420.0,48018,1420.0,2026-09-03T19:34:20.898816+00:00
2021-04-04,1300.0,1364.0,1290.0,1293.0,9435,1293.0,2026-09-03T19:34:20.898816+00:00
2021-04-05,1318.0,1318.0,1270.0,1288.0,4619,1288.0,2026-09-03T19:34:20.898816+00:00
2021-04-06,1300.0,1319.0,1266.0,1294.0,11102,1294.0,2026-09-03T19:34:20.898816+00:00
2021-04-07,1294.0,1345.0,1294.0,1330.0,22576,1330.0,2026-09-03T19:34:20.898816+00:00
2021-04-08,1355.0,1377.0,1321.0,1364.0,18234,1364.0,2026-09-03T19:34:20.898816+00:00
2021-04-12,1364.0,1424.0,1360.0,1390.0,16414,1390.0,2026-09-03T19:34:20.898816+00:00
2021-04-13,1390.0,1410.0,1381.0,1381.0,23997,1381.0,2026-09-03T19:34:20.898816+00:00
2021-04-15,1354.0,1385.0,1354.0,1361.0,10166,1361.0,2026-09-03T19:34:20.898816+00:00
2021-04-18,1360.0,1380.0,1334.0,1344.0,7219,1344.0,2026-09-03T19:34:20.898816+00:00
2021-04-19,1411.0,1478.0,1380.0,1385.0,38264,1385.0,2026-09-03T19:34:20.898816+00:00
2021-04-20,1454.0,1454.0,1369.0,1384.0,23746,1384.0,2026-09-03T19:34:20.898816+00:00
2021-04-21,1400.0,1405.0,1352.0,1352.0,4901,1352.0,2026-09-03T19:34:20.898816+00:00
2021-04-22,1326.0,1380.0,1326.0,1370.0,6773,1370.0,2026-09-03T19:34:20.898816+00:00
2021-04-25,1344.0,1351.0,1315.0,1329.0,5778,1329.0,2026-09-03T19:34:20.898816+00:00
2021-04-26,1329.0,1329.0,1270.0,1270.0,11348,1270.0,2026-09-03T19:34:20.898816+00:00
2021-04-27,1295.0,1330.0,1275.0,1321.0,6661,1321.0,2026-09-03T19:34:20.898816+00:00
2021-04-28,1315.0,1325.0,1280.0,1302.0,5695,1302.0,2026-09-03T19:34:20.898816+00:00
2021-04-29,1326.0,1327.0,1300.0,1320.0,3087,1320.0,2026-09-03T19:34:20.898816+00:00
2021-05-02,1300.0,1400.0,1300.0,1386.0,16056,1386.0,2026-09-03T19:34:20.898816+00:00
2021-05-03,1400.0,1430.0,1379.0,1394.0,10306,1394.0,2026-09-03T19:34:20.898816+00:00
2021-05-04,1412.0,1421.0,1367.0,1418.0,27355,1418.0,2026-09-03T19:34:20.898816+00:00
2021-05-05,1450.0,1450.0,1392.0,1395.0,8509,1395.0,2026-09-03T19:34:20.898816+00:00
2021-05-06,1377.0,1390.0,1365.0,1367.0,6601,1367.0,2026-09-03T19:34:20.898816+00:00
2021-05-09,1367.0,1367.0,1335.0,1362.0,5900,1362.0,2026-09-03T19:34:20.898816+00:00
2021-05-10,1362.0,1385.0,1345.0,1379.0,3181,1379.0,2026-09-03T19:34:20.898816+00:00
2021-05-11,1380.0,1390.0,1365.0,1387.0,4303,1387.0,2026-09-03T19:34:20.898816+00:00
2021-05-12,1409.0,1442.0,1365.0,1390.0,5748,1390.0,2026-09-03T19:34:20.898816+00:00
2021-05-13,1387.0,1440.0,1387.0,1424.0,34536,1424.0,2026-09-03T19:34:20.898816+00:00
2021-05-16,1452.0,1503.0,1443.0,1490.0,30081,1490.0,2026-09-03T19:34:20.898816+00:00
2021-05-17,1500.0,1505.0,1455.0,1469.0,25082,1469.0,2026-09-03T19:34:20.898816+00:00
2021-05-18,1490.0,1583.0,1452.0,1564.0,51249,1564.0,2026-09-03T19:34:20.898816+00:00
2021-05-19,1595.0,1600.0,1515.0,1567.0,36865,1567.0,2026-09-03T19:34:20.898816+00:00
2021-05-20,1547.0,1577.0,1525.0,1577.0,14712,1577.0,2026-09-03T19:34:20.898816+00:00
2021-05-23,1546.0,1580.0,1531.0,1551.0,12616,1551.0,2026-09-03T19:34:20.898816+00:00
2021-05-24,1555.0,1558.0,1510.0,1510.0,20366,1510.0,2026-09-03T19:34:20.898816+00:00
2021-05-25,1510.0,1522.0,1500.0,1501.0,8858,1501.0,2026-09-03T19:34:20.898816+00:00
2021-05-27,1430.0,1455.0,1398.0,1442.0,21093,1442.0,2026-09-03T19:34:20.898816+00:00
2021-05-30,1442.0,1442.0,1418.0,1425.0,13276,1425.0,2026-09-03T19:34:20.898816+00:00
2021-05-31,1447.0,1447.0,1410.0,1426.0,10732,1426.0,2026-09-03T19:34:20.898816+00:00
2021-06-01,1400.0,1435.0,1400.0,1412.0,6455,1412.0,2026-09-03T19:34:20.898816+00:00
2021-06-02,1402.0,1430.0,1402.0,1412.0,7312,1412.0,2026-09-03T19:34:20.898816+00:00
2021-06-03,1435.0,1460.0,1415.0,1441.0,6220,1441.0,2026-09-03T19:34:20.898816+00:00
2021-06-06,1441.0,1460.0,1422.0,1432.0,3520,1432.0,2026-09-03T19:34:20.898816+00:00
2021-06-07,1419.0,1435.0,1417.0,1418.0,4754,1418.0,2026-09-03T19:34:20.898816+00:00
2021-06-08,1402.0,1428.0,1402.0,1404.0,4678,1404.0,2026-09-03T19:34:20.898816+00:00
2021-06-09,1405.0,1459.0,1403.0,1406.0,5929,1406.0,2026-09-03T19:34:20.898816+00:00
2021-06-10,1407.0,1410.0,1385.0,1393.0,6273,1393.0,2026-09-03T19:34:20.898816+00:00
2021-06-13,1395.0,1395.0,1366.0,1375.0,9441,1375.0,2026-09-03T19:34:20.898816+00:00
2021-06-14,1390.0,1395.0,1365.0,1370.0,6339,1370.0,2026-09-03T19:34:20.898816+00:00
2021-06-15,1379.0,1380.0,1362.0,1363.0,5436,1363.0,2026-09-03T19:34:20.898816+00:00
2021-06-16,1364.0,1471.0,1363.0,1432.0,19809,1432.0,2026-09-03T19:34:20.898816+00:00
2021-06-17,1435.0,1435.0,1400.0,1415.0,4116,1415.0,2026-09-03T19:34:20.898816+00:00
2021-06-20,1401.0,1406.0,1345.0,1361.0,14245,1361.0,2026-09-03T19:34:20.898816+00:00
2021-06-21,1336.0,1360.0,1324.0,1328.0,6498,1328.0,2026-09-03T19:34:20.898816+00:00
2021-06-22,1330.0,1358.0,1330.0,1344.0,3349,1344.0,2026-09-03T19:34:20.898816+00:00
2021-06-23,1335.0,1340.0,1300.0,1303.0,4293,1303.0,2026-09-03T19:34:20.898816+00:00
2021-06-24,1303.0,1325.0,1275.0,1295.0,5511,1295.0,2026-09-03T19:34:20.898816+00:00
2021-06-27,1270.0,1309.0,1270.0,1295.0,2496,1295.0,2026-09-03T19:34:20.898816+00:00
2021-06-28,1296.0,1390.0,1295.0,1339.0,11322,1339.0,2026-09-03T19:34:20.898816+00:00
2021-06-29,1365.0,1412.0,1346.0,1360.0,10823,1360.0,2026-09-03T19:34:20.898816+00:00
2021-06-30,1350.0,1350.0,1324.0,1339.0,3177,1339.0,2026-09-03T19:34:20.898816+00:00
2021-07-01,1338.0,1354.0,1321.0,1341.0,4133,1341.0,2026-09-03T19:34:20.898816+00:00
2021-07-04,1355.0,1360.0,1330.0,1334.0,1911,1334.0,2026-09-03T19:34:20.898816+00:00
2021-07-05,1311.0,1330.0,1300.0,1321.0,4162,1321.0,2026-09-03T19:34:20.898816+00:00
2021-07-06,1308.0,1334.0,1308.0,1328.0,1552,1328.0,2026-09-03T19:34:20.898816+00:00
2021-07-07,1330.0,1362.0,1330.0,1359.0,5807,1359.0,2026-09-03T19:34:20.898816+00:00
2021-07-08,1350.0,1375.0,1337.0,1365.0,4624,1365.0,2026-09-03T19:34:20.898816+00:00
2021-07-11,1385.0,1410.0,1370.0,1402.0,6818,1402.0,2026-09-03T19:34:20.898816+00:00
2021-07-12,1404.0,1420.0,1382.0,1400.0,9645,1400.0,2026-09-03T19:34:20.898816+00:00
2021-07-13,1428.0,1428.0,1394.0,1427.0,6135,1427.0,2026-09-03T19:34:20.898816+00:00
2021-07-14,1420.0,1428.0,1390.0,1428.0,4906,1428.0,2026-09-03T19:34:20.898816+00:00
2021-07-15,1400.0,1440.0,1400.0,1431.0,7546,1431.0,2026-09-03T19:34:20.898816+00:00
2021-07-18,1455.0,1484.0,1450.0,1473.0,9493,1473.0,2026-09-03T19:34:20.898816+00:00
2021-07-19,1468.0,1495.0,1450.0,1459.0,8690,1459.0,2026-09-03T19:34:20.898816+00:00
2021-07-20,1450.0,1465.0,1445.0,1445.0,3693,1445.0,2026-09-03T19:34:20.898816+00:00
2021-07-22,1423.0,1443.0,1418.0,1425.0,7075,1425.0,2026-09-03T19:34:20.898816+00:00
2021-07-25,1450.0,1455.0,1423.6,1454.0,4507,1454.0,2026-09-03T19:34:20.898816+00:00
2021-07-26,1483.0,1505.0,1456.3,1479.0,13576,1479.0,2026-09-03T19:34:20.898816+00:00
2021-07-27,1450.0,1450.0,1402.0,1431.0,8934,1431.0,2026-09-03T19:34:20.898816+00:00
2021-07-28,1425.0,1520.0,1425.0,1520.0,15494,1520.0,2026-09-03T19:34:20.898816+00:00
2021-07-29,1540.0,1578.0,1500.0,1526.0,20740,1526.0,2026-09-03T19:34:20.898816+00:00
2021-08-01,1526.0,1587.0,1521.0,1545.0,17468,1545.0,2026-09-03T19:34:20.898816+00:00
2021-08-02,1565.0,1605.0,1548.0,1600.0,20578,1600.0,2026-09-03T19:34:20.898816+00:00
2021-08-03,1625.0,1688.0,1620.0,1685.0,36133,1685.0,2026-09-03T19:34:20.898816+00:00
2021-08-04,1700.0,1715.0,1615.0,1648.0,31270,1648.0,2026-09-03T19:34:20.898816+00:00
2021-08-05,1617.0,1630.0,1580.0,1599.0,8837,1599.0,2026-09-03T19:34:20.898816+00:00
2021-08-08,1600.0,1600.0,1520.0,1550.0,8944,1550.0,2026-09-03T19:34:20.898816+00:00
2021-08-09,1555.0,1555.0,1505.0,1526.0,14224,1526.0,2026-09-03T19:34:20.898816+00:00
2021-08-10,1496.0,1535.0,1470.0,1514.0,28086,1514.0,2026-09-03T19:34:20.898816+00:00
2021-08-11,1514.0,1519.0,1469.0,1469.0,13744,1469.0,2026-09-03T19:34:20.898816+00:00
2021-08-12,1498.0,1530.0,1445.0,1528.0,15872,1528.0,2026-09-03T19:34:20.898816+00:00
2021-08-15,1531.0,1545.0,1482.0,1508.0,9344,1508.0,2026-09-03T19:34:20.898816+00:00
2021-08-16,1500.0,1515.0,1480.0,1499.0,4536,1499.0,2026-09-03T19:34:20.898816+00:00
2021-08-17,1528.0,1528.0,1440.0,1472.0,12957,1472.0,2026-09-03T19:34:20.898816+00:00
2021-08-18,1444.1,1472.0,1442.0,1442.0,8127,1442.0,2026-09-03T19:34:20.898816+00:00
2021-08-19,1470.0,1470.0,1445.2,1447.0,3948,1447.0,2026-09-03T19:34:20.898816+00:00
2021-08-24,1435.0,1445.0,1419.0,1420.0,5938,1420.0,2026-09-03T19:34:20.898816+00:00
2021-08-25,1400.1,1421.0,1371.0,1371.0,11019,1371.0,2026-09-03T19:34:20.898816+00:00
2021-08-26,1366.4,1425.0,1366.4,1415.0,6752,1415.0,2026-09-03T19:34:20.898816+00:00
2021-08-29,1429.9,1429.9,1355.0,1380.0,7464,1380.0,2026-09-03T19:34:20.898816+00:00
2021-08-31,1353.0,1366.0,1309.0,1338.0,18136,1338.0,2026-09-03T19:34:20.898816+00:00
2021-09-01,1360.0,1370.0,1315.0,1320.5,11287,1320.5,2026-09-03T19:34:20.898816+00:00
2021-09-02,1310.1,1373.0,1305.0,1355.0,5411,1355.0,2026-09-03T19:34:20.898816+00:00
2021-09-05,1369.0,1369.0,1272.0,1292.0,4957,1292.0,2026-09-03T19:34:20.898816+00:00
2021-09-06,1317.0,1336.0,1275.0,1333.0,6374,1333.0,2026-09-03T19:34:20.898816+00:00
2021-09-07,1340.0,1345.0,1300.1,1310.0,1032,1310.0,2026-09-03T19:34:20.898816+00:00
2021-09-08,1310.0,1360.0,1300.0,1347.9,11874,1347.9,2026-09-03T19:34:20.898816+00:00
2021-09-09,1359.0,1360.0,1310.0,1334.0,5148,1334.0,2026-09-03T19:34:20.898816+00:00
2021-09-12,1359.0,1359.0,1307.1,1318.1,8827,1318.1,2026-09-03T19:34:20.898816+00:00
2021-09-13,1324.0,1343.0,1300.0,1300.0,2984,1300.0,2026-09-03T19:34:20.898816+00:00
2021-09-14,1320.0,1345.0,1295.1,1345.0,6082,1345.0,2026-09-03T19:34:20.898816+00:00
2021-09-15,1320.0,1320.0,1299.0,1315.0,1881,1315.0,2026-09-03T19:34:20.898816+00:00
2021-09-16,1288.7,1300.0,1250.0,1256.1,6388,1256.1,2026-09-03T19:34:20.898816+00:00
2021-09-20,1232.0,1235.0,1200.1,1203.0,7440,1203.0,2026-09-03T19:34:20.898816+00:00
2021-09-21,1179.0,1240.0,1150.0,1214.0,5149,1214.0,2026-09-03T19:34:20.898816+00:00
2021-09-22,1238.0,1270.0,1200.0,1270.0,15374,1270.0,2026-09-03T19:34:20.898816+00:00
2021-09-23,1295.0,1295.0,1219.1,1230.0,2946,1230.0,2026-09-03T19:34:20.898816+00:00
2021-09-26,1209.0,1209.0,1178.0,1178.0,5040,1178.0,2026-09-03T19:34:20.898816+00:00
2021-09-27,1201.5,1201.5,1125.0,1157.0,1482,1157.0,2026-09-03T19:34:20.898816+00:00
2021-09-28,1159.9,1180.0,1101.1,1105.0,2194,1105.0,2026-09-03T19:34:20.898816+00:00
2021-09-29,1120.0,1206.8,1090.2,1206.8,3146,1206.8,2026-09-03T19:34:20.898816+00:00
2021-09-30,1230.9,1230.9,1128.0,1230.0,5425,1230.0,2026-09-03T19:34:20.898816+00:00
2021-10-03,1205.4,1206.0,1149.0,1149.0,1820,1149.0,2026-09-03T19:34:20.898816+00:00
2021-10-04,1139.0,1198.0,1131.0,1145.0,1698,1145.0,2026-09-03T19:34:20.898816+00:00
2021-10-05,1167.0,1214.0,1145.0,1208.0,2162,1208.0,2026-09-03T19:34:20.898816+00:00
2021-10-06,1232.0,1290.0,1230.0,1275.0,6110,1275.0,2026-09-03T19:34:20.898816+00:00
2021-10-10,1300.5,1301.0,1226.0,1269.0,4765,1269.0,2026-09-03T19:34:20.898816+00:00
2021-10-11,1294.3,1294.3,1214.0,1259.9,440,1259.9,2026-09-03T19:34:20.898816+00:00
2021-10-17,1235.0,1249.0,1187.0,1210.7,1169,1210.7,2026-09-03T19:34:20.898816+00:00
2021-10-18,1234.9,1234.9,1160.0,1198.0,2495,1198.0,2026-09-03T19:34:20.898816+00:00
2021-10-19,1219.0,1219.0,1100.0,1219.0,4605,1219.0,2026-09-03T19:34:20.898816+00:00
2021-10-20,1243.3,1243.3,1180.0,1233.0,3078,1233.0,2026-09-03T19:34:20.898816+00:00
2021-10-21,1257.6,1257.6,1177.0,1190.0,2770,1190.0,2026-09-03T19:34:20.898816+00:00
2021-10-24,1213.5,1237.7,1170.0,1230.0,1413,1230.0,2026-09-03T19:34:20.898816+00:00
2021-10-25,1254.0,1254.0,1204.5,1231.0,3015,1231.0,2026-09-03T19:34:20.898816+00:00
2021-10-26,1237.0,1249.0,1220.0,1220.0,4033,1220.0,2026-09-03T19:34:20.898816+00:00
2021-10-27,1210.8,1254.9,1210.8,1236.0,8333,1236.0,2026-09-03T19:34:20.898816+00:00
2021-10-28,1218.0,1285.0,1218.0,1279.0,3405,1279.0,2026-09-03T19:34:20.898816+00:00
2021-10-31,1290.0,1355.0,1264.2,1325.1,11523,1325.1,2026-09-03T19:34:20.898816+00:00
2021-11-01,1330.0,1372.0,1277.0,1362.0,14867,1362.0,2026-09-03T19:34:20.898816+00:00
2021-11-02,1389.0,1420.9,1362.0,1420.0,15356,1420.0,2026-09-03T19:34:20.898816+00:00
2021-11-03,1448.4,1536.0,1441.0,1443.0,20802,1443.0,2026-09-03T19:34:20.898816+00:00
2021-11-08,1471.8,1471.8,1380.0,1394.0,7385,1394.0,2026-09-03T19:34:20.898816+00:00
2021-11-09,1421.8,1421.8,1325.0,1390.0,15759,1390.0,2026-09-03T19:34:20.898816+00:00
2021-11-11,1362.2,1365.0,1310.0,1315.0,4611,1315.0,2026-09-03T19:34:20.898816+00:00
2021-11-14,1313.0,1335.0,1286.0,1335.0,5226,1335.0,2026-09-03T19:34:20.898816+00:00
2021-11-15,1320.0,1356.0,1320.0,1335.0,2256,1335.0,2026-09-03T19:34:20.898816+00:00
2021-11-16,1335.0,1375.0,1315.0,1375.0,2626,1375.0,2026-09-03T19:34:20.898816+00:00
2021-11-17,1389.9,1389.9,1347.5,1369.9,2554,1369.9,2026-09-03T19:34:20.898816+00:00
2021-11-18,1342.8,1370.0,1335.0,1370.0,4615,1370.0,2026-09-03T19:34:20.898816+00:00
2021-11-21,1342.6,1350.0,1324.0,1345.0,1890,1345.0,2026-09-03T19:34:20.898816+00:00
2021-11-22,1358.0,1358.0,1300.0,1335.0,6917,1335.0,2026-09-03T19:34:20.898816+00:00
2021-11-23,1308.3,1333.0,1297.0,1320.0,1396,1320.0,2026-09-03T19:34:20.898816+00:00
2021-11-24,1295.0,1339.0,1277.0,1339.0,2994,1339.0,2026-09-03T19:34:20.898816+00:00
2021-11-25,1312.3,1312.3,1286.0,1299.0,5921,1299.0,2026-09-03T19:34:20.898816+00:00
2021-11-28,1273.1,1273.1,1235.0,1262.0,2837,1262.0,2026-09-03T19:34:20.898816+00:00
2021-11-29,1255.0,1284.0,1223.0,1284.0,4186,1284.0,2026-09-03T19:34:20.898816+00:00
2021-11-30,1259.0,1278.0,1234.0,1278.0,865,1278.0,2026-09-03T19:34:20.898816+00:00
2021-12-01,1253.0,1280.0,1240.0,1275.0,955,1275.0,2026-09-03T19:34:20.898816+00:00
2021-12-02,1250.0,1290.0,1220.0,1267.0,2599,1267.0,2026-09-03T19:34:20.898816+00:00
2021-12-05,1242.0,1242.0,1194.0,1218.0,4822,1218.0,2026-09-03T19:34:20.898816+00:00
2021-12-06,1194.0,1285.0,1151.1,1285.0,3061,1285.0,2026-09-03T19:34:20.898816+00:00
2021-12-07,1275.0,1275.0,1198.0,1198.0,5201,1198.0,2026-09-03T19:34:20.898816+00:00
2021-12-08,1180.0,1198.5,1120.0,1174.0,2649,1174.0,2026-09-03T19:34:20.898816+00:00
2021-12-09,1151.0,1155.0,1128.0,1155.0,2110,1155.0,2026-09-03T19:34:20.898816+00:00
2021-12-12,1131.9,1131.9,1088.0,1110.0,2662,1110.0,2026-09-03T19:34:20.898816+00:00
2021-12-13,1089.0,1089.0,1015.0,1050.0,3398,1050.0,2026-09-03T19:34:20.898816+00:00
2021-12-14,1071.0,1155.0,1050.1,1155.0,1738,1155.0,2026-09-03T19:34:20.898816+00:00
2021-12-15,1155.0,1197.0,1092.0,1149.0,4142,1149.0,2026-09-03T19:34:20.898816+00:00
2021-12-16,1127.0,1127.0,1081.9,1105.0,2416,1105.0,2026-09-03T19:34:20.898816+00:00
2021-12-20,1127.0,1127.0,1069.0,1100.0,2419,1100.0,2026-09-03T19:34:20.898816+00:00
2021-12-21,1122.0,1122.0,1060.0,1110.0,1461,1110.0,2026-09-03T19:34:20.898816+00:00
2021-12-22,1132.0,1145.0,1107.3,1145.0,2730,1145.0,2026-09-03T19:34:20.898816+00:00
2021-12-23,1167.0,1167.0,1119.0,1160.0,3469,1160.0,2026-09-03T19:34:20.898816+00:00
2021-12-26,1183.0,1271.9,1160.0,1271.9,5614,1271.9,2026-09-03T19:34:20.898816+00:00
2021-12-27,1246.5,1246.5,1167.5,1207.0,9265,1207.0,2026-09-03T19:34:20.898816+00:00
2021-12-28,1207.0,1252.9,1165.0,1229.0,4887,1229.0,2026-09-03T19:34:20.898816+00:00
2021-12-29,1240.0,1240.0,1182.0,1216.7,4439,1216.7,2026-09-03T19:34:20.898816+00:00
2022-01-02,1195.0,1234.5,1195.0,1234.3,6016,1234.3,2026-09-03T19:34:20.898816+00:00
2022-01-03,1240.0,1275.0,1239.0,1247.0,6754,1247.0,2026-09-03T19:34:20.898816+00:00
2022-01-04,1250.0,1321.0,1250.0,1315.0,33773,1315.0,2026-09-03T19:34:20.898816+00:00
2022-01-05,1186.9,1210.0,1165.0,1179.0,6695,1179.0,2026-09-03T19:34:20.898816+00:00
2022-01-06,1156.0,1196.0,1155.0,1196.0,2468,1196.0,2026-09-03T19:34:20.898816+00:00
2022-01-09,1173.7,1220.0,1173.7,1195.0,5835,1195.0,2026-09-03T19:34:20.898816+00:00
2022-01-10,1200.0,1224.9,1186.0,1208.0,5987,1208.0,2026-09-03T19:34:20.898816+00:00
2022-01-11,1206.0,1326.0,1205.0,1300.0,7232,1300.0,2026-09-03T19:34:20.898816+00:00
2022-01-12,1289.0,1304.0,1250.0,1268.0,9746,1268.0,2026-09-03T19:34:20.898816+00:00
2022-01-13,1280.0,1315.0,1250.0,1313.0,14178,1313.0,2026-09-03T19:34:20.898816+00:00
2022-01-16,1339.0,1393.0,1339.0,1370.0,8619,1370.0,2026-09-03T19:34:20.898816+00:00
2022-01-17,1370.0,1379.9,1343.0,1375.0,4918,1375.0,2026-09-03T19:34:20.898816+00:00
2022-01-18,1389.1,1390.0,1333.0,1369.0,10162,1369.0,2026-09-03T19:34:20.898816+00:00
2022-01-19,1350.0,1355.0,1311.1,1311.1,7781,1311.1,2026-09-03T19:34:20.898816+00:00
2022-01-20,1310.0,1335.0,1310.0,1327.0,11231,1327.0,2026-09-03T19:34:20.898816+00:00
2022-01-23,1330.0,1330.0,1295.0,1295.0,6329,1295.0,2026-09-03T19:34:20.898816+00:00
2022-01-24,1285.0,1285.3,1250.0,1260.0,9265,1260.0,2026-09-03T19:34:20.898816+00:00
2022-01-25,1242.0,1326.0,1242.0,1317.0,30451,1317.0,2026-09-03T19:34:20.898816+00:00
2022-01-26,1343.3,1360.0,1317.0,1343.0,18697,1343.0,2026-09-03T19:34:20.898816+00:00
2022-01-27,1330.1,1356.0,1325.0,1343.0,6776,1343.0,2026-09-03T19:34:20.898816+00:00
2022-01-30,1369.8,1393.0,1346.0,1349.0,26153,1349.0,2026-09-03T19:34:20.898816+00:00
2022-01-31,1350.0,1355.0,1327.0,1334.0,6230,1334.0,2026-09-03T19:34:20.898816+00:00
2022-02-01,1320.0,1365.0,1320.0,1365.0,9897,1365.0,2026-09-03T19:34:20.898816+00:00
2022-02-03,1370.0,1374.0,1331.0,1334.0,10385,1334.0,2026-09-03T19:34:20.898816+00:00
2022-02-06,1334.0,1339.0,1309.0,1319.1,2693,1319.1,2026-09-03T19:34:20.898816+00:00
2022-02-07,1319.0,1319.0,1297.1,1307.1,2149,1307.1,2026-09-03T19:34:20.898816+00:00
2022-02-08,1333.0,1346.0,1295.0,1295.0,5245,1295.0,2026-09-03T19:34:20.898816+00:00
2022-02-09,1295.0,1310.0,1270.0,1292.0,3711,1292.0,2026-09-03T19:34:20.898816+00:00
2022-02-10,1283.0,1294.9,1260.0,1260.0,10256,1260.0,2026-09-03T19:34:20.898816+00:00
2022-02-13,1235.0,1248.9,1225.1,1236.0,18528,1236.0,2026-09-03T19:34:20.898816+00:00
2022-02-14,1227.1,1275.0,1227.0,1268.0,3727,1268.0,2026-09-03T19:34:20.898816+00:00
2022-02-15,1253.0,1331.0,1245.0,1331.0,4254,1331.0,2026-09-03T19:34:20.898816+00:00
2022-02-16,1304.4,1335.0,1290.0,1335.0,7124,1335.0,2026-09-03T19:34:20.898816+00:00
2022-02-17,1310.8,1346.0,1309.0,1346.0,2525,1346.0,2026-09-03T19:34:20.898816+00:00
2022-02-20,1319.1,1345.0,1285.0,1345.0,6948,1345.0,2026-09-03T19:34:20.898816+00:00
2022-02-21,1319.0,1343.0,1311.0,1320.0,3066,1320.0,2026-09-03T19:34:20.898816+00:00
2022-02-22,1316.0,1319.0,1290.0,1307.9,6210,1307.9,2026-09-03T19:34:20.898816+00:00
2022-02-23,1290.0,1310.0,1270.0,1290.0,5892,1290.0,2026-09-03T19:34:20.898816+00:00
2022-02-24,1270.0,1280.0,1240.0,1260.0,8875,1260.0,2026-09-03T19:34:20.898816+00:00
2022-02-27,1250.0,1250.0,1230.0,1235.0,2501,1235.0,2026-09-03T19:34:20.898816+00:00
2022-02-28,1235.0,1243.0,1216.0,1216.0,2033,1216.0,2026-09-03T19:34:20.898816+00:00
2022-03-02,1196.0,1218.0,1191.0,1212.0,2703,1212.0,2026-09-03T19:34:20.898816+00:00
2022-03-06,1201.0,1230.0,1201.0,1208.0,2184,1208.0,2026-09-03T19:34:20.898816+00:00
2022-03-07,1208.0,1230.9,1202.1,1217.0,1127,1217.0,2026-09-03T19:34:20.898816+00:00
2022-03-09,1230.0,1230.0,1200.0,1200.0,2524,1200.0,2026-09-03T19:34:20.898816+00:00
2022-03-10,1195.0,1309.0,1184.0,1278.0,3328,1278.0,2026-09-03T19:34:20.898816+00:00
2022-03-13,1271.0,1294.8,1270.0,1293.9,5469,1293.9,2026-09-03T19:34:20.898816+00:00
2022-03-14,1271.0,1296.0,1250.0,1292.0,634,1292.0,2026-09-03T19:34:20.898816+00:00
2022-03-15,1270.1,1280.0,1257.1,1273.0,2193,1273.0,2026-09-03T19:34:20.898816+00:00
2022-03-16,1297.0,1297.0,1252.1,1252.1,1497,1252.1,2026-09-03T19:34:20.898816+00:00
2022-03-20,1250.0,1259.0,1232.1,1259.0,930,1259.0,2026-09-03T19:34:20.898816+00:00
2022-03-21,1259.0,1277.0,1250.0,1277.0,3126,1277.0,2026-09-03T19:34:20.898816+00:00
2022-03-22,1277.0,1299.0,1261.0,1295.0,4467,1295.0,2026-09-03T19:34:20.898816+00:00
2022-03-23,1271.0,1338.2,1271.0,1304.0,17216,1304.0,2026-09-03T19:34:20.898816+00:00
2022-03-24,1295.0,1359.0,1295.0,1330.0,11411,1330.0,2026-09-03T19:34:20.898816+00:00
2022-03-27,1330.0,1346.0,1295.0,1300.0,4843,1300.0,2026-09-03T19:34:20.898816+00:00
2022-03-28,1281.1,1300.0,1281.1,1282.0,4233,1282.0,2026-09-03T19:34:20.898816+00:00
2022-03-29,1299.0,1300.0,1275.0,1280.0,1999,1280.0,2026-09-03T19:34:20.898816+00:00
2022-03-30,1266.0,1305.0,1266.0,1285.0,2372,1285.0,2026-09-03T19:34:20.898816+00:00
2022-03-31,1267.0,1295.0,1267.0,1290.0,880,1290.0,2026-09-03T19:34:20.898816+00:00
2022-04-03,1280.0,1290.0,1266.2,1289.0,713,1289.0,2026-09-03T19:34:20.898816+00:00
2022-04-04,1267.0,1294.0,1267.0,1292.0,2782,1292.0,2026-09-03T19:34:20.898816+00:00
2022-04-05,1269.0,1270.0,1250.0,1251.1,3717,1251.1,2026-09-03T19:34:20.898816+00:00
2022-04-06,1250.0,1299.8,1233.1,1253.0,3293,1253.0,2026-09-03T19:34:20.898816+00:00
2022-04-07,1250.0,1299.0,1250.0,1275.0,3855,1275.0,2026-09-03T19:34:20.898816+00:00
2022-04-11,1260.2,1275.0,1255.0,1255.0,920,1255.0,2026-09-03T19:34:20.898816+00:00
2022-04-12,1248.0,1248.0,1232.2,1235.3,1584,1235.3,2026-09-03T19:34:20.898816+00:00
2022-04-13,1225.0,1318.8,1220.0,1310.0,5933,1310.0,2026-09-03T19:34:20.898816+00:00
2022-04-17,1284.0,1300.0,1249.0,1300.0,6594,1300.0,2026-09-03T19:34:20.898816+00:00
2022-04-18,1280.0,1318.0,1244.1,1318.0,3480,1318.0,2026-09-03T19:34:20.898816+00:00
2022-04-19,1291.7,1291.7,1250.0,1270.0,3520,1270.0,2026-09-03T19:34:20.898816+00:00
2022-04-20,1265.0,1265.0,1225.2,1225.4,2737,1225.4,2026-09-03T19:34:20.898816+00:00
2022-04-21,1225.0,1249.0,1202.0,1239.0,2085,1239.0,2026-09-03T19:34:20.898816+00:00
2022-04-24,1260.0,1300.0,1250.1,1298.7,4615,1298.7,2026-09-03T19:34:20.898816+00:00
2022-04-25,1272.8,1284.9,1250.0,1250.0,2392,1250.0,2026-09-03T19:34:20.898816+00:00
2022-04-26,1260.0,1270.0,1235.0,1245.0,1413,1245.0,2026-09-03T19:34:20.898816+00:00
2022-04-27,1245.0,1264.9,1240.0,1264.9,2729,1264.9,2026-09-03T19:34:20.898816+00:00
2022-04-28,1250.0,1275.0,1245.0,1245.0,1085,1245.0,2026-09-03T19:34:20.898816+00:00
2022-05-02,1260.0,1260.0,1213.0,1218.9,1917,1218.9,2026-09-03T19:34:20.898816+00:00
2022-05-04,1195.0,1219.0,1194.6,1196.1,1416,1196.1,2026-09-03T19:34:20.898816+00:00
2022-05-05,1173.0,1190.0,1162.0,1183.9,3377,1183.9,2026-09-03T19:34:20.898816+00:00
2022-05-08,1161.0,1196.5,1155.0,1196.5,1119,1196.5,2026-09-03T19:34:20.898816+00:00
2022-05-09,1173.0,1217.0,1173.0,1217.0,3343,1217.0,2026-09-03T19:34:20.898816+00:00
2022-05-10,1217.0,1232.0,1196.0,1232.0,439,1232.0,2026-09-03T19:34:20.898816+00:00
2022-05-11,1232.0,1255.0,1215.0,1254.9,1725,1254.9,2026-09-03T19:34:20.898816+00:00
2022-05-12,1254.0,1254.0,1225.0,1225.0,1618,1225.0,2026-09-03T19:34:20.898816+00:00
2022-05-17,1249.5,1249.5,1188.1,1188.1,796,1188.1,2026-09-03T19:34:20.898816+00:00
2022-05-18,1195.0,1200.0,1165.0,1200.0,902,1200.0,2026-09-03T19:34:20.898816+00:00
2022-05-19,1190.0,1224.0,1177.0,1197.9,772,1197.9,2026-09-03T19:34:20.898816+00:00
2022-05-20,1190.0,1190.0,1177.0,1189.0,959,1189.0,2026-09-03T19:34:20.898816+00:00
2022-05-23,1165.3,1203.5,1132.0,1175.0,998,1175.0,2026-09-03T19:34:20.898816+00:00
2022-05-24,1153.0,1198.9,1153.0,1170.0,1788,1170.0,2026-09-03T19:34:20.898816+00:00
2022-05-25,1165.0,1193.0,1165.0,1190.0,780,1190.0,2026-09-03T19:34:20.898816+00:00
2022-05-26,1172.0,1199.9,1170.0,1176.0,858,1176.0,2026-09-03T19:34:20.898816+00:00
2022-05-27,1176.0,1198.5,1157.0,1198.5,504,1198.5,2026-09-03T19:34:20.898816+00:00
2022-05-30,1214.5,1222.4,1152.0,1156.0,1596,1156.0,2026-09-03T19:34:20.898816+00:00
2022-05-31,1170.0,1170.0,1140.0,1147.0,1379,1147.0,2026-09-03T19:34:20.898816+00:00
2022-06-01,1130.2,1168.0,1120.0,1168.0,1066,1168.0,2026-09-03T19:34:20.898816+00:00
2022-06-02,1146.1,1164.0,1120.0,1140.9,1324,1140.9,2026-09-03T19:34:20.898816+00:00
2022-06-03,1120.1,1120.1,1075.0,1105.0,2196,1105.0,2026-09-03T19:34:20.898816+00:00
2022-06-06,1086.0,1105.0,1063.0,1105.0,927,1105.0,2026-09-03T19:34:20.898816+00:00
2022-06-07,1085.0,1085.0,1044.0,1055.0,780,1055.0,2026-09-03T19:34:20.898816+00:00
2022-06-08,1069.0,1160.5,1069.0,1160.0,3626,1160.0,2026-09-03T19:34:20.898816+00:00
2022-06-09,1140.0,1145.0,1101.0,1122.0,2633,1122.0,2026-09-03T19:34:20.898816+00:00
2022-06-10,1100.0,1115.0,1084.0,1084.0,330,1084.0,2026-09-03T19:34:20.898816+00:00
2022-06-13,1100.0,1100.0,1064.0,1094.9,308,1094.9,2026-09-03T19:34:20.898816+00:00
2022-06-14,1073.1,1073.1,1050.0,1056.0,884,1056.0,2026-09-03T19:34:20.898816+00:00
2022-06-15,1036.0,1045.0,1005.0,1028.9,1109,1028.9,2026-09-03T19:34:20.898816+00:00
2022-06-16,1009.0,1108.0,1009.0,1108.0,2939,1108.0,2026-09-03T19:34:20.898816+00:00
2022-06-17,1086.0,1120.0,1047.1,1120.0,522,1120.0,2026-09-03T19:34:20.898816+00:00
2022-06-19,1098.0,1098.0,1038.0,1065.0,2369,1065.0,2026-09-03T19:34:20.898816+00:00
2022-06-20,1043.7,1064.5,1024.0,1024.0,568,1024.0,2026-09-03T19:34:20.898816+00:00
2022-06-21,1044.0,1075.0,1023.3,1075.0,1961,1075.0,2026-09-03T19:34:20.898816+00:00
2022-06-22,1075.0,1075.0,1033.0,1033.1,1015,1033.1,2026-09-03T19:34:20.898816+00:00
2022-06-23,1013.2,1013.2,981.0,982.0,1890,982.0,2026-09-03T19:34:20.898816+00:00
2022-06-24,962.6,1018.9,950.0,1018.9,592,1018.9,2026-09-03T19:34:20.898816+00:00
2022-06-26,1039.0,1086.3,1030.0,1060.0,1802,1060.0,2026-09-03T19:34:20.898816+00:00
2022-06-27,1040.0,1073.9,1026.0,1040.0,1948,1040.0,2026-09-03T19:34:20.898816+00:00
2022-06-28,1030.0,1034.0,1010.0,1025.0,700,1025.0,2026-09-03T19:34:20.898816+00:00
2022-06-29,1035.0,1065.8,1035.0,1051.1,1990,1051.1,2026-09-03T19:34:20.898816+00:00
2022-06-30,1035.0,1115.0,1035.0,1105.0,4911,1105.0,2026-09-03T19:34:20.898816+00:00
2022-07-01,1100.0,1140.0,1060.0,1117.0,5985,1117.0,2026-09-03T19:34:20.898816+00:00
2022-07-03,1112.0,1122.0,1090.0,1110.0,4437,1110.0,2026-09-03T19:34:20.898816+00:00
2022-07-04,1130.0,1154.8,1081.0,1119.0,7162,1119.0,2026-09-03T19:34:20.898816+00:00
2022-07-05,1097.0,1100.0,1067.1,1075.0,1781,1075.0,2026-09-03T19:34:20.898816+00:00
2022-07-06,1070.0,1080.0,1040.0,1080.0,1398,1080.0,2026-09-03T19:34:20.898816+00:00
2022-07-07,1095.0,1101.0,1031.0,1084.0,3040,1084.0,2026-09-03T19:34:20.898816+00:00
2022-07-08,1062.5,1062.5,1044.0,1060.0,371,1060.0,2026-09-03T19:34:20.898816+00:00
2022-07-11,1038.8,1038.8,1000.0,1000.0,1913,1000.0,2026-09-03T19:34:20.898816+00:00
2022-07-12,1019.0,1035.0,1001.0,1027.0,2488,1027.0,2026-09-03T19:34:20.898816+00:00
2022-07-13,1008.0,1087.0,1008.0,1087.0,2395,1087.0,2026-09-03T19:34:20.898816+00:00
2022-07-14,1080.0,1130.1,1050.0,1130.1,3160,1130.1,2026-09-03T19:34:20.898816+00:00
2022-07-15,1107.6,1198.5,1064.0,1198.5,5812,1198.5,2026-09-03T19:34:20.898816+00:00
2022-07-17,1200.0,1200.0,1128.0,1150.0,3192,1150.0,2026-09-03T19:34:20.898816+00:00
2022-07-18,1127.0,1145.0,1121.0,1127.0,337,1127.0,2026-09-03T19:34:20.898816+00:00
2022-07-19,1149.0,1172.4,1128.0,1138.0,2837,1138.0,2026-09-03T19:34:20.898816+00:00
2022-07-20,1135.0,1150.0,1126.0,1130.0,323,1130.0,2026-09-03T19:34:20.898816+00:00
2022-07-21,1139.0,1165.0,1122.6,1122.6,2156,1122.6,2026-09-03T19:34:20.898816+00:00
2022-07-22,1145.0,1145.0,1110.0,1110.0,2711,1110.0,2026-09-03T19:34:20.898816+00:00
2022-07-24,1132.0,1145.0,1130.0,1140.0,4377,1140.0,2026-09-03T19:34:20.898816+00:00
2022-07-25,1145.0,1175.0,1145.0,1173.9,5382,1173.9,2026-09-03T19:34:20.898816+00:00
2022-07-26,1160.0,1160.0,1122.1,1133.0,2967,1133.0,2026-09-03T19:34:20.898816+00:00
2022-07-27,1125.0,1149.0,1088.8,1149.0,4533,1149.0,2026-09-03T19:34:20.898816+00:00
2022-07-28,1165.0,1190.0,1135.0,1163.0,3670,1163.0,2026-09-03T19:34:20.898816+00:00
2022-07-29,1150.0,1175.0,1129.0,1151.0,1120,1151.0,2026-09-03T19:34:20.898816+00:00
2022-07-31,1152.0,1165.0,1130.0,1130.0,3530,1130.0,2026-09-03T19:34:20.898816+00:00
2022-08-01,1152.0,1175.0,1121.0,1150.0,6593,1150.0,2026-09-03T19:34:20.898816+00:00
2022-08-02,1135.0,1152.0,1127.0,1140.0,1931,1140.0,2026-09-03T19:34:20.898816+00:00
2022-08-03,1161.9,1173.0,1140.0,1163.9,8608,1163.9,2026-09-03T19:34:20.898816+00:00
2022-08-04,1160.0,1210.0,1123.0,1124.0,13751,1124.0,2026-09-03T19:34:20.898816+00:00
2022-08-05,1145.0,1167.0,1117.0,1158.9,5357,1158.9,2026-09-03T19:34:20.898816+00:00
2022-08-07,1136.0,1140.0,1125.0,1137.0,2923,1137.0,2026-09-03T19:34:20.898816+00:00
2022-08-08,1125.0,1137.0,1110.0,1110.0,7462,1110.0,2026-09-03T19:34:20.898816+00:00
2022-08-09,1105.0,1121.0,1080.0,1090.0,2500,1090.0,2026-09-03T19:34:20.898816+00:00
2022-08-10,1075.1,1111.0,1075.0,1090.0,1116,1090.0,2026-09-03T19:34:20.898816+00:00
2022-08-11,1100.0,1100.0,1070.0,1089.5,2963,1089.5,2026-09-03T19:34:20.898816+00:00
2022-08-14,1090.0,1098.0,1056.1,1070.0,1553,1070.0,2026-09-03T19:34:20.898816+00:00
2022-08-15,1088.0,1113.0,1060.0,1105.0,1889,1105.0,2026-09-03T19:34:20.898816+00:00
2022-08-16,1100.0,1110.0,1068.6,1090.0,1954,1090.0,2026-09-03T19:34:20.898816+00:00
2022-08-17,1069.1,1090.0,1069.1,1087.0,915,1087.0,2026-09-03T19:34:20.898816+00:00
2022-08-18,1068.0,1105.0,1068.0,1099.0,1297,1099.0,2026-09-03T19:34:20.898816+00:00
2022-08-21,1080.0,1098.9,1078.1,1097.8,2417,1097.8,2026-09-03T19:34:20.898816+00:00
2022-08-22,1076.0,1084.9,1056.0,1084.9,993,1084.9,2026-09-03T19:34:20.898816+00:00
2022-08-23,1085.0,1087.8,1070.5,1071.0,799,1071.0,2026-09-03T19:34:20.898816+00:00
2022-08-24,1085.0,1085.0,1070.0,1074.9,1242,1074.9,2026-09-03T19:34:20.898816+00:00
2022-08-25,1080.0,1080.0,1065.0,1066.1,541,1066.1,2026-09-03T19:34:20.898816+00:00
2022-08-26,1053.0,1053.0,1050.0,1050.0,611,1050.0,2026-09-03T19:34:20.898816+00:00
2022-08-28,1049.0,1050.0,1030.0,1030.0,1012,1030.0,2026-09-03T19:34:20.898816+00:00
2022-08-29,1030.0,1039.0,1022.0,1027.0,551,1027.0,2026-09-03T19:34:20.898816+00:00
2022-08-30,1046.0,1047.0,1015.0,1033.0,702,1033.0,2026-09-03T19:34:20.898816+00:00
2022-08-31,1035.0,1035.0,1003.0,1023.9,1150,1023.9,2026-09-03T19:34:20.898816+00:00
2022-09-01,1015.0,1020.0,1003.6,1003.6,823,1003.6,2026-09-03T19:34:20.898816+00:00
2022-09-02,1010.0,1018.9,999.0,1018.9,764,1018.9,2026-09-03T19:34:20.898816+00:00
2022-09-04,1018.0,1023.5,1015.5,1016.0,592,1016.0,2026-09-03T19:34:20.898816+00:00
2022-09-05,1020.0,1036.0,1016.2,1034.0,418,1034.0,2026-09-03T19:34:20.898816+00:00
2022-09-06,1015.2,1020.0,1014.0,1014.0,497,1014.0,2026-09-03T19:34:20.898816+00:00
2022-09-07,1000.0,1013.9,994.1,1010.0,386,1010.0,2026-09-03T19:34:20.898816+00:00
2022-09-08,991.0,1010.0,990.2,1001.6,299,1001.6,2026-09-03T19:34:20.898816+00:00
2022-09-11,991.0,1000.0,990.0,995.0,1440,995.0,2026-09-03T19:34:20.898816+00:00
2022-09-12,995.0,995.0,976.0,977.0,1385,977.0,2026-09-03T19:34:20.898816+00:00
2022-09-13,970.0,1015.9,970.0,1015.9,897,1015.9,2026-09-03T19:34:20.898816+00:00
2022-09-14,1029.0,1029.0,1016.0,1027.0,1025,1027.0,2026-09-03T19:34:20.898816+00:00
2022-09-15,1006.5,1006.5,987.0,987.0,670,987.0,2026-09-03T19:34:20.898816+00:00
2022-09-16,995.0,1003.0,981.0,998.0,285,998.0,2026-09-03T19:34:20.898816+00:00
2022-09-18,980.0,985.0,960.4,974.0,1378,974.0,2026-09-03T19:34:20.898816+00:00
2022-09-20,955.0,955.0,925.1,940.0,3027,940.0,2026-09-03T19:34:20.898816+00:00
2022-09-21,950.0,955.0,940.0,951.0,393,951.0,2026-09-03T19:34:20.898816+00:00
2022-09-22,936.0,960.0,918.1,960.0,273,960.0,2026-09-03T19:34:20.898816+00:00
2022-09-25,940.8,940.8,920.0,924.3,850,924.3,2026-09-03T19:34:20.898816+00:00
2022-09-27,925.0,940.0,925.0,930.0,701,930.0,2026-09-03T19:34:20.898816+00:00
2022-09-28,925.0,938.0,925.0,937.0,53,937.0,2026-09-03T19:34:20.898816+00:00
2022-09-29,955.7,960.0,940.1,955.1,384,955.1,2026-09-03T19:34:20.898816+00:00
2022-10-09,974.2,993.5,956.0,981.0,775,981.0,2026-09-03T19:34:20.898816+00:00
2022-10-10,965.0,965.0,942.6,959.7,772,959.7,2026-09-03T19:34:20.898816+00:00
2022-10-11,941.0,970.0,941.0,970.0,61,970.0,2026-09-03T19:34:20.898816+00:00
2022-10-12,970.0,984.0,946.0,946.0,921,946.0,2026-09-03T19:34:20.898816+00:00
2022-10-13,950.1,952.0,934.1,943.1,1025,943.1,2026-09-03T19:34:20.898816+00:00
2022-10-16,931.0,947.0,928.7,946.0,239,946.0,2026-09-03T19:34:20.898816+00:00
2022-10-17,928.0,940.0,928.0,940.0,635,940.0,2026-09-03T19:34:20.898816+00:00
2022-10-19,922.1,923.0,912.0,912.0,1095,912.0,2026-09-03T19:34:20.898816+00:00
2022-10-20,910.0,912.9,894.0,902.0,1047,902.0,2026-09-03T19:34:20.898816+00:00
2022-10-23,900.0,916.9,900.0,905.0,130,905.0,2026-09-03T19:34:20.898816+00:00
2022-10-31,892.0,908.0,890.3,897.0,212,897.0,2026-09-03T19:34:20.898816+00:00
2022-11-01,905.0,923.1,905.0,911.0,675,911.0,2026-09-03T19:34:20.898816+00:00
2022-11-02,908.1,949.0,908.1,949.0,693,949.0,2026-09-03T19:34:20.898816+00:00
2022-11-03,949.0,949.0,912.0,940.0,460,940.0,2026-09-03T19:34:20.898816+00:00
2022-11-06,958.0,988.9,950.0,988.9,1761,988.9,2026-09-03T19:34:20.898816+00:00
2022-11-07,970.0,1005.0,969.0,979.0,1928,979.0,2026-09-03T19:34:20.898816+00:00
2022-11-08,959.5,960.0,922.5,922.5,2426,922.5,2026-09-03T19:34:20.898816+00:00
2022-11-09,907.4,915.0,889.0,889.0,2679,889.0,2026-09-03T19:34:20.898816+00:00
2022-11-10,889.0,906.0,865.0,882.3,1850,882.3,2026-09-03T19:34:20.898816+00:00
2022-11-13,866.0,880.0,865.0,880.0,741,880.0,2026-09-03T19:34:20.898816+00:00
2022-11-14,863.7,880.9,863.7,880.9,434,880.9,2026-09-03T19:34:20.898816+00:00
2022-11-15,890.0,890.0,870.1,870.1,356,870.1,2026-09-03T19:34:20.898816+00:00
2022-11-16,875.0,875.0,852.8,872.1,1325,872.1,2026-09-03T19:34:20.898816+00:00
2022-11-17,889.5,906.0,866.0,906.0,1650,906.0,2026-09-03T19:34:20.898816+00:00
2022-11-22,887.9,924.0,870.0,887.0,712,887.0,2026-09-03T19:34:20.898816+00:00
2022-11-23,869.3,880.0,860.0,880.0,1120,880.0,2026-09-03T19:34:20.898816+00:00
2022-11-24,884.9,896.0,875.1,888.0,499,888.0,2026-09-03T19:34:20.898816+00:00
2022-11-27,870.3,976.0,870.3,932.0,873,932.0,2026-09-03T19:34:20.898816+00:00
2022-11-28,950.6,953.7,903.0,903.6,525,903.6,2026-09-03T19:34:20.898816+00:00
2022-11-29,891.0,907.8,887.0,897.0,528,897.0,2026-09-03T19:34:20.898816+00:00
2022-11-30,895.1,895.1,885.0,885.0,264,885.0,2026-09-03T19:34:20.898816+00:00
2022-12-01,902.0,902.7,886.0,900.0,865,900.0,2026-09-03T19:34:20.898816+00:00
2022-12-04,910.0,925.0,890.0,898.0,373,898.0,2026-09-03T19:34:20.898816+00:00
2022-12-05,884.0,890.0,884.0,886.0,379,886.0,2026-09-03T19:34:20.898816+00:00
2022-12-06,870.4,903.7,870.4,894.0,5541,894.0,2026-09-03T19:34:20.898816+00:00
2022-12-07,880.1,889.0,870.0,875.1,909,875.1,2026-09-03T19:34:20.898816+00:00
2022-12-11,861.0,871.0,861.0,865.0,847,865.0,2026-09-03T19:34:20.898816+00:00
2022-12-12,882.0,882.0,857.5,880.0,735,880.0,2026-09-03T19:34:20.898816+00:00
2022-12-13,872.0,924.0,867.0,896.0,283,896.0,2026-09-03T19:34:20.898816+00:00
2022-12-14,881.0,911.0,881.0,888.0,164,888.0,2026-09-03T19:34:20.898816+00:00
2022-12-15,870.3,886.0,869.0,870.0,547,870.0,2026-09-03T19:34:20.898816+00:00
2022-12-18,861.0,870.0,860.1,870.0,370,870.0,2026-09-03T19:34:20.898816+00:00
2022-12-19,870.0,870.0,862.1,865.0,48,865.0,2026-09-03T19:34:20.898816+00:00
2022-12-20,882.3,885.0,875.0,885.0,893,885.0,2026-09-03T19:34:20.898816+00:00
2022-12-21,872.1,885.0,872.0,884.0,327,884.0,2026-09-03T19:34:20.898816+00:00
2022-12-22,870.0,880.0,870.0,877.0,305,877.0,2026-09-03T19:34:20.898816+00:00
2022-12-26,878.0,911.0,878.0,911.0,1453,911.0,2026-09-03T19:34:20.898816+00:00
2022-12-27,928.0,930.0,905.1,905.1,1650,905.1,2026-09-03T19:34:20.898816+00:00
2022-12-28,905.0,908.9,891.0,897.0,1611,897.0,2026-09-03T19:34:20.898816+00:00
2022-12-29,890.0,917.0,886.1,917.0,1762,917.0,2026-09-03T19:34:20.898816+00:00
2023-01-01,915.0,950.0,910.0,920.0,1818,920.0,2026-09-03T19:34:20.898816+00:00
2023-01-02,917.0,934.0,917.0,929.0,464,929.0,2026-09-03T19:34:20.898816+00:00
2023-01-03,929.9,960.2,927.0,954.0,2311,954.0,2026-09-03T19:34:20.898816+00:00
2023-01-04,964.0,1049.4,955.0,1049.4,6802,1049.4,2026-09-03T19:34:20.898816+00:00
2023-01-05,1060.0,1065.0,1000.0,1039.0,6260,1039.0,2026-09-03T19:34:20.898816+00:00
2023-01-08,1040.0,1123.0,1030.0,1079.0,8360,1079.0,2026-09-03T19:34:20.898816+00:00
2023-01-09,1087.0,1127.0,1078.0,1100.0,7964,1100.0,2026-09-03T19:34:20.898816+00:00
2023-01-10,1100.0,1120.0,1046.0,1061.0,7263,1061.0,2026-09-03T19:34:20.898816+00:00
2023-01-12,1082.2,1103.8,1052.0,1065.0,7031,1065.0,2026-09-03T19:34:20.898816+00:00
2023-01-17,1084.0,1084.0,1046.2,1065.0,1543,1065.0,2026-09-03T19:34:20.898816+00:00
2023-01-18,1046.1,1060.0,1028.2,1045.9,2153,1045.9,2026-09-03T19:34:20.898816+00:00
2023-01-19,1031.0,1045.0,1010.5,1020.0,1136,1020.0,2026-09-03T19:34:20.898816+00:00
2023-01-23,1040.4,1061.0,1030.0,1032.0,2970,1032.0,2026-09-03T19:34:20.898816+00:00
2023-01-24,1022.0,1036.0,1020.0,1036.0,1445,1036.0,2026-09-03T19:34:20.898816+00:00
2023-01-25,1050.0,1056.7,1030.0,1055.0,2645,1055.0,2026-09-03T19:34:20.898816+00:00
2023-01-26,1036.0,1054.5,1036.0,1054.0,891,1054.0,2026-09-03T19:34:20.898816+00:00
2023-01-29,1050.0,1050.0,1015.0,1020.0,1489,1020.0,2026-09-03T19:34:20.898816+00:00
2023-01-30,1003.5,1003.5,982.0,983.0,1402,983.0,2026-09-03T19:34:20.898816+00:00
2023-01-31,971.0,975.0,960.0,960.0,1425,960.0,2026-09-03T19:34:20.898816+00:00
2023-02-01,955.0,960.0,942.0,954.1,632,954.1,2026-09-03T19:34:20.898816+00:00
2023-02-02,950.0,965.0,930.0,930.1,3198,930.1,2026-09-03T19:34:20.898816+00:00
2023-02-05,932.0,950.0,932.0,940.0,785,940.0,2026-09-03T19:34:20.898816+00:00
2023-02-06,930.0,960.0,927.3,960.0,858,960.0,2026-09-03T19:34:20.898816+00:00
2023-02-07,960.0,999.0,960.0,994.9,1124,994.9,2026-09-03T19:34:20.898816+00:00
2023-02-08,995.0,1014.0,980.0,982.0,873,982.0,2026-09-03T19:34:20.898816+00:00
2023-02-09,985.0,986.0,970.0,980.0,724,980.0,2026-09-03T19:34:20.898816+00:00
2023-02-12,980.0,980.0,942.0,964.0,912,964.0,2026-09-03T19:34:20.898816+00:00
2023-02-14,946.0,964.0,945.0,949.8,1787,949.8,2026-09-03T19:34:20.898816+00:00
2023-02-15,960.0,960.0,926.0,944.5,1439,944.5,2026-09-03T19:34:20.898816+00:00
2023-02-16,945.0,945.0,928.0,933.0,518,933.0,2026-09-03T19:34:20.898816+00:00
2023-02-20,933.0,933.0,900.0,910.0,1670,910.0,2026-09-03T19:34:20.898816+00:00
2023-02-22,910.0,913.0,900.0,913.0,1343,913.0,2026-09-03T19:34:20.898816+00:00
2023-02-23,894.8,894.8,821.7,821.7,6294,821.7,2026-09-03T19:34:20.898816+00:00
2023-02-26,805.3,859.0,775.0,827.0,1897,827.0,2026-09-03T19:34:20.898816+00:00
2023-02-27,827.0,894.0,811.0,846.0,2507,846.0,2026-09-03T19:34:20.898816+00:00
2023-02-28,836.0,853.0,830.0,848.0,788,848.0,2026-09-03T19:34:20.898816+00:00
2023-03-01,850.0,851.0,822.0,841.0,495,841.0,2026-09-03T19:34:20.898816+00:00
2023-03-02,830.0,830.0,795.0,810.0,313,810.0,2026-09-03T19:34:20.898816+00:00
2023-03-05,795.0,795.0,780.0,780.0,730,780.0,2026-09-03T19:34:20.898816+00:00
2023-03-07,795.6,798.0,782.1,797.0,378,797.0,2026-09-03T19:34:20.898816+00:00
2023-03-09,812.9,812.9,796.0,810.0,758,810.0,2026-09-03T19:34:20.898816+00:00
2023-03-12,810.0,815.0,800.0,802.0,573,802.0,2026-09-03T19:34:20.898816+00:00
2023-03-13,794.0,794.5,778.2,790.0,2274,790.0,2026-09-03T19:34:20.898816+00:00
2023-03-14,783.0,783.0,773.1,779.0,173,779.0,2026-09-03T19:34:20.898816+00:00
2023-03-15,780.0,810.0,765.0,793.8,376,793.8,2026-09-03T19:34:20.898816+00:00
2023-03-16,780.0,790.0,761.0,788.9,560,788.9,2026-09-03T19:34:20.898816+00:00
2023-03-19,778.0,784.0,775.0,784.0,294,784.0,2026-09-03T19:34:20.898816+00:00
2023-03-20,785.0,809.0,770.0,791.0,4782,791.0,2026-09-03T19:34:20.898816+00:00
2023-03-22,803.0,804.9,791.0,791.0,458,791.0,2026-09-03T19:34:20.898816+00:00
2023-03-23,775.2,796.0,775.2,780.0,1509,780.0,2026-09-03T19:34:20.898816+00:00
2023-03-26,795.6,795.6,755.0,755.0,2259,755.0,2026-09-03T19:34:20.898816+00:00
2023-03-27,741.0,765.0,735.0,765.0,936,765.0,2026-09-03T19:34:20.898816+00:00
2023-03-28,761.0,780.2,760.0,780.0,1615,780.0,2026-09-03T19:34:20.898816+00:00
2023-03-29,775.1,794.5,775.0,785.0,6077,785.0,2026-09-03T19:34:20.898816+00:00
2023-03-30,660.0,663.0,650.0,654.0,1216,654.0,2026-09-03T19:34:20.898816+00:00
2023-04-02,645.0,645.0,605.0,605.0,2566,605.0,2026-09-03T19:34:20.898816+00:00
2023-04-03,602.0,602.0,594.2,595.0,1812,595.0,2026-09-03T19:34:20.898816+00:00
2023-04-04,585.1,605.0,585.1,600.0,245,600.0,2026-09-03T19:34:20.898816+00:00
2023-04-05,593.0,596.1,590.0,590.0,801,590.0,2026-09-03T19:34:20.898816+00:00
2023-04-06,590.0,604.0,590.0,603.0,1170,603.0,2026-09-03T19:34:20.898816+00:00
2023-04-09,591.1,601.9,580.1,580.1,494,580.1,2026-09-03T19:34:20.898816+00:00
2023-04-10,570.0,581.0,570.0,570.0,971,570.0,2026-09-03T19:34:20.898816+00:00
2023-04-11,570.0,578.0,570.0,578.0,944,578.0,2026-09-03T19:34:20.898816+00:00
2023-04-12,588.9,625.1,584.0,625.1,3426,625.1,2026-09-03T19:34:20.898816+00:00
2023-04-13,612.6,629.0,610.0,617.9,1659,617.9,2026-09-03T19:34:20.898816+00:00
2023-04-16,615.0,615.0,597.8,610.0,362,610.0,2026-09-03T19:34:20.898816+00:00
2023-04-17,598.0,598.0,585.0,585.0,849,585.0,2026-09-03T19:34:20.898816+00:00
2023-04-18,585.0,589.5,578.0,579.0,458,579.0,2026-09-03T19:34:20.898816+00:00
2023-04-19,590.5,626.5,578.2,590.0,359,590.0,2026-09-03T19:34:20.898816+00:00
2023-04-20,580.0,600.8,580.0,597.0,1002,597.0,2026-09-03T19:34:20.898816+00:00
2023-04-23,595.0,605.0,582.0,585.0,989,585.0,2026-09-03T19:34:20.898816+00:00
2023-04-24,576.0,593.0,573.0,593.0,407,593.0,2026-09-03T19:34:20.898816+00:00
2023-04-25,586.0,591.0,580.0,591.0,1173,591.0,2026-09-03T19:34:20.898816+00:00
2023-04-26,591.0,599.0,578.0,582.0,880,582.0,2026-09-03T19:34:20.898816+00:00
2023-04-27,572.0,576.0,570.0,575.0,132,575.0,2026-09-03T19:34:20.898816+00:00
2023-04-30,570.1,581.0,570.1,573.1,152,573.1,2026-09-03T19:34:20.898816+00:00
2023-05-02,565.0,580.0,565.0,566.0,853,566.0,2026-09-03T19:34:20.898816+00:00
2023-05-03,565.0,565.0,561.1,561.1,39,561.1,2026-09-03T19:34:20.898816+00:00
2023-05-04,571.0,571.0,555.1,570.0,321,570.0,2026-09-03T19:34:20.898816+00:00
2023-05-07,580.0,580.0,560.1,567.0,350,567.0,2026-09-03T19:34:20.898816+00:00
2023-05-08,560.0,567.3,551.0,567.3,533,567.3,2026-09-03T19:34:20.898816+00:00
2023-05-09,576.0,576.0,575.0,576.0,173,576.0,2026-09-03T19:34:20.898816+00:00
2023-05-10,570.0,580.0,570.0,580.0,61,580.0,2026-09-03T19:34:20.898816+00:00
2023-05-11,569.0,569.0,564.0,564.0,52,564.0,2026-09-03T19:34:20.898816+00:00
2023-05-14,552.8,566.0,552.8,565.0,72,565.0,2026-09-03T19:34:20.898816+00:00
2023-05-15,556.0,575.0,556.0,575.0,91,575.0,2026-09-03T19:34:20.898816+00:00
2023-05-16,563.5,584.8,552.3,574.0,122,574.0,2026-09-03T19:34:20.898816+00:00
2023-05-17,563.0,579.0,552.0,578.5,518,578.5,2026-09-03T19:34:20.898816+00:00
2023-05-18,590.0,612.8,565.5,595.0,760,595.0,2026-09-03T19:34:20.898816+00:00
2023-05-21,606.0,612.0,595.0,612.0,998,612.0,2026-09-03T19:34:20.898816+00:00
2023-05-22,624.2,636.6,610.0,610.0,140,610.0,2026-09-03T19:34:20.898816+00:00
2023-05-23,613.5,671.0,610.1,671.0,3258,671.0,2026-09-03T19:34:20.898816+00:00
2023-05-24,680.0,693.6,648.9,659.0,2251,659.0,2026-09-03T19:34:20.898816+00:00
2023-05-28,650.0,698.0,650.0,650.0,1848,650.0,2026-09-03T19:34:20.898816+00:00
2023-05-30,638.5,638.5,618.0,618.0,590,618.0,2026-09-03T19:34:20.898816+00:00
2023-05-31,605.7,618.0,605.7,615.0,2147,615.0,2026-09-03T19:34:20.898816+00:00
2023-06-01,605.0,622.0,605.0,622.0,978,622.0,2026-09-03T19:34:20.898816+00:00
2023-06-04,634.4,675.0,634.4,647.0,411,647.0,2026-09-03T19:34:20.898816+00:00
2023-06-05,650.0,659.0,617.0,620.0,1150,620.0,2026-09-03T19:34:20.898816+00:00
2023-06-06,608.0,640.0,608.0,635.0,553,635.0,2026-09-03T19:34:20.898816+00:00
2023-06-07,635.0,647.6,628.1,640.0,982,640.0,2026-09-03T19:34:20.898816+00:00
2023-06-08,650.0,652.0,627.2,650.0,1534,650.0,2026-09-03T19:34:20.898816+00:00
2023-06-11,637.0,689.0,625.0,680.0,2488,680.0,2026-09-03T19:34:20.898816+00:00
2023-06-12,680.0,683.9,680.0,680.0,468,680.0,2026-09-03T19:34:20.898816+00:00
2023-06-13,667.0,721.0,667.0,709.0,1733,709.0,2026-09-03T19:34:20.898816+00:00
2023-06-14,708.5,749.0,691.9,691.9,3093,691.9,2026-09-03T19:34:20.898816+00:00
2023-06-15,705.7,748.0,670.0,747.7,6110,747.7,2026-09-03T19:34:20.898816+00:00
2023-06-18,762.6,770.0,729.0,754.6,3998,754.6,2026-09-03T19:34:20.898816+00:00
2023-06-19,741.0,755.0,726.3,749.7,1740,749.7,2026-09-03T19:34:20.898816+00:00
2023-06-20,740.0,750.0,702.0,715.0,1952,715.0,2026-09-03T19:34:20.898816+00:00
2023-06-21,729.0,729.0,700.7,709.0,771,709.0,2026-09-03T19:34:20.898816+00:00
2023-06-22,700.0,708.0,694.0,705.0,959,705.0,2026-09-03T19:34:20.898816+00:00
2023-06-25,691.0,719.1,691.0,700.0,1784,700.0,2026-09-03T19:34:20.898816+00:00
2023-06-26,713.9,740.0,705.0,732.8,2816,732.8,2026-09-03T19:34:20.898816+00:00
2023-06-27,747.0,802.0,732.6,785.0,11406,785.0,2026-09-03T19:34:20.898816+00:00
2023-06-28,800.0,800.0,744.8,759.0,3831,759.0,2026-09-03T19:34:20.898816+00:00
2023-07-02,744.0,744.0,720.0,720.0,1006,720.0,2026-09-03T19:34:20.898816+00:00
2023-07-03,706.0,732.0,696.0,708.0,2830,708.0,2026-09-03T19:34:20.898816+00:00
2023-07-04,722.0,722.0,692.1,702.0,1329,702.0,2026-09-03T19:34:20.898816+00:00
2023-07-05,714.0,714.0,680.0,688.0,1316,688.0,2026-09-03T19:34:20.898816+00:00
2023-07-06,700.0,700.0,682.0,690.0,377,690.0,2026-09-03T19:34:20.898816+00:00
2023-07-09,703.0,703.9,690.0,690.0,2835,690.0,2026-09-03T19:34:20.898816+00:00
2023-07-10,703.8,720.0,692.0,700.0,2618,700.0,2026-09-03T19:34:20.898816+00:00
2023-07-11,691.0,710.0,691.0,709.0,2219,709.0,2026-09-03T19:34:20.898816+00:00
2023-07-12,700.0,724.2,700.0,720.0,1647,720.0,2026-09-03T19:34:20.898816+00:00
2023-07-13,734.0,754.0,706.0,754.0,6509,754.0,2026-09-03T19:34:20.898816+00:00
2023-07-16,754.0,754.0,725.2,736.0,1238,736.0,2026-09-03T19:34:20.898816+00:00
2023-07-17,736.0,742.9,726.0,732.1,1247,732.1,2026-09-03T19:34:20.898816+00:00
2023-07-18,735.0,790.0,735.0,759.0,2651,759.0,2026-09-03T19:34:20.898816+00:00
2023-07-19,760.0,767.0,744.0,750.0,964,750.0,2026-09-03T19:34:20.898816+00:00
2023-07-20,740.0,748.0,722.0,735.0,1876,735.0,2026-09-03T19:34:20.898816+00:00
2023-07-23,740.0,750.0,731.0,750.0,2579,750.0,2026-09-03T19:34:20.898816+00:00
2023-07-24,764.8,764.8,735.1,738.1,2659,738.1,2026-09-03T19:34:20.898816+00:00
2023-07-25,724.0,738.0,724.0,728.0,1126,728.0,2026-09-03T19:34:20.898816+00:00
2023-07-26,728.0,728.0,715.0,720.0,962,720.0,2026-09-03T19:34:20.898816+00:00
2023-07-27,710.3,720.0,706.3,706.3,2157,706.3,2026-09-03T19:34:20.898816+00:00
2023-07-30,705.0,705.0,695.1,695.8,1737,695.8,2026-09-03T19:34:20.898816+00:00
2023-07-31,683.1,710.0,683.1,699.0,1369,699.0,2026-09-03T19:34:20.898816+00:00
2023-08-01,699.0,702.0,687.0,687.0,815,687.0,2026-09-03T19:34:20.898816+00:00
2023-08-02,681.0,690.0,675.0,689.9,788,689.9,2026-09-03T19:34:20.898816+00:00
2023-08-03,701.0,701.0,676.3,676.4,779,676.4,2026-09-03T19:34:20.898816+00:00
2023-08-06,671.0,671.0,660.0,670.0,1369,670.0,2026-09-03T19:34:20.898816+00:00
2023-08-07,656.6,682.0,656.6,670.2,887,670.2,2026-09-03T19:34:20.898816+00:00
2023-08-08,657.3,661.1,656.0,656.0,1183,656.0,2026-09-03T19:34:20.898816+00:00
2023-08-09,659.0,668.0,646.0,663.0,738,663.0,2026-09-03T19:34:20.898816+00:00
2023-08-10,650.0,671.0,637.0,650.0,1425,650.0,2026-09-03T19:34:20.898816+00:00
2023-08-13,643.1,657.7,643.1,646.2,895,646.2,2026-09-03T19:34:20.898816+00:00
2023-08-14,640.0,649.0,637.0,641.0,703,641.0,2026-09-03T19:34:20.898816+00:00
2023-08-15,652.8,653.0,635.0,646.0,2183,646.0,2026-09-03T19:34:20.898816+00:00
2023-08-16,640.0,649.0,637.0,640.0,1131,640.0,2026-09-03T19:34:20.898816+00:00
2023-08-17,650.0,661.0,637.2,660.0,1984,660.0,2026-09-03T19:34:20.898816+00:00
2023-08-20,648.0,660.0,615.0,646.0,2032,646.0,2026-09-03T19:34:20.898816+00:00
2023-08-21,633.1,645.0,623.0,623.0,627,623.0,2026-09-03T19:34:20.898816+00:00
2023-08-22,614.0,634.4,601.8,619.0,2244,619.0,2026-09-03T19:34:20.898816+00:00
2023-08-23,615.0,635.0,613.0,630.0,574,630.0,2026-09-03T19:34:20.898816+00:00
2023-08-24,631.0,632.4,619.0,627.0,414,627.0,2026-09-03T19:34:20.898816+00:00
2023-08-27,621.1,622.0,616.0,616.0,997,616.0,2026-09-03T19:34:20.898816+00:00
2023-08-28,615.0,616.0,610.1,613.3,238,613.3,2026-09-03T19:34:20.898816+00:00
2023-08-29,610.0,631.0,610.0,620.0,677,620.0,2026-09-03T19:34:20.898816+00:00
2023-08-30,620.0,620.0,611.5,615.0,263,615.0,2026-09-03T19:34:20.898816+00:00
2023-09-03,610.0,614.0,604.0,604.0,152,604.0,2026-09-03T19:34:20.898816+00:00
2023-09-04,600.0,605.0,595.0,597.1,686,597.1,2026-09-03T19:34:20.898816+00:00
2023-09-05,609.0,609.0,592.0,600.0,633,600.0,2026-09-03T19:34:20.898816+00:00
2023-09-07,588.1,603.0,588.0,590.0,451,590.0,2026-09-03T19:34:20.898816+00:00
2023-09-10,581.0,601.7,581.0,599.0,188,599.0,2026-09-03T19:34:20.898816+00:00
2023-09-11,610.0,629.0,600.1,625.0,939,625.0,2026-09-03T19:34:20.898816+00:00
2023-09-12,637.4,637.4,600.0,600.0,241,600.0,2026-09-03T19:34:20.898816+00:00
2023-09-13,612.0,624.0,610.0,621.0,1008,621.0,2026-09-03T19:34:20.898816+00:00
2023-09-17,609.0,629.0,609.0,610.0,1250,610.0,2026-09-03T19:34:20.898816+00:00
2023-09-18,622.0,622.0,609.6,620.0,93,620.0,2026-09-03T19:34:20.898816+00:00
2023-09-19,607.8,632.0,607.8,628.0,253,628.0,2026-09-03T19:34:20.898816+00:00
2023-09-21,640.0,650.0,619.0,648.7,424,648.7,2026-09-03T19:34:20.898816+00:00
2023-09-24,661.6,661.6,630.0,635.0,1755,635.0,2026-09-03T19:34:20.898816+00:00
2023-09-25,647.7,660.0,627.2,627.2,1164,627.2,2026-09-03T19:34:20.898816+00:00
2023-09-26,637.0,660.0,637.0,657.0,1371,657.0,2026-09-03T19:34:20.898816+00:00
2023-09-27,645.0,651.0,643.9,650.0,1361,650.0,2026-09-03T19:34:20.898816+00:00
2023-10-01,637.5,648.9,613.0,613.0,1035,613.0,2026-09-03T19:34:20.898816+00:00
2023-10-02,615.0,637.3,615.0,630.0,1018,630.0,2026-09-03T19:34:20.898816+00:00
2023-10-03,619.0,640.0,608.1,608.1,1043,608.1,2026-09-03T19:34:20.898816+00:00
2023-10-04,601.0,640.0,601.0,635.0,699,635.0,2026-09-03T19:34:20.898816+00:00
2023-10-05,625.0,642.0,624.0,630.0,786,630.0,2026-09-03T19:34:20.898816+00:00
2023-10-08,620.0,633.0,613.0,633.0,1022,633.0,2026-09-03T19:34:20.898816+00:00
2023-10-09,622.0,634.0,620.0,623.1,1697,623.1,2026-09-03T19:34:20.898816+00:00
2023-10-10,613.0,622.0,612.1,613.0,759,613.0,2026-09-03T19:34:20.898816+00:00
2023-10-11,620.0,631.9,613.0,631.9,312,631.9,2026-09-03T19:34:20.898816+00:00
2023-10-12,620.0,625.0,607.6,624.9,125,624.9,2026-09-03T19:34:20.898816+00:00
2023-10-16,613.0,613.0,579.0,602.6,1683,602.6,2026-09-03T19:34:20.898816+00:00
2023-10-17,605.0,616.9,595.0,616.9,717,616.9,2026-09-03T19:34:20.898816+00:00
2023-10-18,625.0,625.0,604.6,620.0,668,620.0,2026-09-03T19:34:20.898816+00:00
2023-10-19,608.0,628.0,608.0,627.0,870,627.0,2026-09-03T19:34:20.898816+00:00
2023-10-29,637.0,637.0,615.0,627.3,171,627.3,2026-09-03T19:34:20.898816+00:00
2023-10-30,630.0,630.0,617.6,617.6,74,617.6,2026-09-03T19:34:20.898816+00:00
2023-10-31,629.9,629.9,570.5,620.0,2552,620.0,2026-09-03T19:34:20.898816+00:00
2023-11-01,608.0,608.0,595.5,601.0,391,601.0,2026-09-03T19:34:20.898816+00:00
2023-11-02,613.0,613.0,588.0,588.0,260,588.0,2026-09-03T19:34:20.898816+00:00
2023-11-05,577.0,580.0,558.0,560.0,2584,560.0,2026-09-03T19:34:20.898816+00:00
2023-11-06,560.0,575.0,551.0,570.0,842,570.0,2026-09-03T19:34:20.898816+00:00
2023-11-07,577.0,579.0,560.0,560.0,1218,560.0,2026-09-03T19:34:20.898816+00:00
2023-11-08,552.1,567.0,552.1,555.4,2019,555.4,2026-09-03T19:34:20.898816+00:00
2023-11-09,548.0,563.9,545.0,546.0,3415,546.0,2026-09-03T19:34:20.898816+00:00
2023-11-20,536.0,557.6,536.0,555.0,1183,555.0,2026-09-03T19:34:20.898816+00:00
2023-11-21,565.0,565.0,530.1,540.0,480,540.0,2026-09-03T19:34:20.898816+00:00
2023-11-22,549.9,571.0,549.8,560.0,376,560.0,2026-09-03T19:34:20.898816+00:00
2023-11-23,550.2,563.0,539.0,563.0,434,563.0,2026-09-03T19:34:20.898816+00:00
2023-11-26,568.0,568.0,553.0,555.0,732,555.0,2026-09-03T19:34:20.898816+00:00
2023-11-27,545.0,564.0,544.5,557.9,604,557.9,2026-09-03T19:34:20.898816+00:00
2023-11-28,562.0,564.9,540.0,563.9,742,563.9,2026-09-03T19:34:20.898816+00:00
2023-11-29,553.0,564.0,545.7,560.0,244,560.0,2026-09-03T19:34:20.898816+00:00
2023-11-30,549.0,561.0,538.1,561.0,1529,561.0,2026-09-03T19:34:20.898816+00:00
2023-12-03,563.0,563.0,550.0,560.0,128,560.0,2026-09-03T19:34:20.898816+00:00
2023-12-04,565.7,565.7,549.0,562.9,164,562.9,2026-09-03T19:34:20.898816+00:00
2023-12-05,555.0,559.4,526.0,550.0,915,550.0,2026-09-03T19:34:20.898816+00:00
2023-12-06,540.0,560.3,540.0,560.3,1084,560.3,2026-09-03T19:34:20.898816+00:00
2023-12-07,549.1,580.0,549.1,580.0,1589,580.0,2026-09-03T19:34:20.898816+00:00
2023-12-10,568.4,579.7,568.4,579.7,33,579.7,2026-09-03T19:34:20.898816+00:00
2023-12-11,591.2,637.0,591.2,620.0,4451,620.0,2026-09-03T19:34:20.898816+00:00
2023-12-12,632.4,680.0,595.5,669.0,3086,669.0,2026-09-03T19:34:20.898816+00:00
2023-12-13,660.0,671.0,612.0,661.0,2621,661.0,2026-09-03T19:34:20.898816+00:00
2023-12-14,655.0,668.0,595.0,650.0,1328,650.0,2026-09-03T19:34:20.898816+00:00
2023-12-17,645.0,649.7,613.0,625.0,4057,625.0,2026-09-03T19:34:20.898816+00:00
2023-12-18,635.0,658.9,625.0,658.0,4142,658.0,2026-09-03T19:34:20.898816+00:00
2023-12-19,658.0,669.9,645.0,655.0,1644,655.0,2026-09-03T19:34:20.898816+00:00
2023-12-20,668.1,694.0,652.5,665.0,3669,665.0,2026-09-03T19:34:20.898816+00:00
2023-12-21,656.7,676.9,640.1,664.0,3600,664.0,2026-09-03T19:34:20.898816+00:00
2023-12-24,664.0,680.5,652.2,666.0,1952,666.0,2026-09-03T19:34:20.898816+00:00
2023-12-27,652.7,665.7,648.8,650.0,1329,650.0,2026-09-03T19:34:20.898816+00:00
2023-12-28,640.2,659.9,626.0,626.0,6280,626.0,2026-09-03T19:34:20.898816+00:00
2024-01-01,625.0,651.2,625.0,635.0,1410,635.0,2026-09-03T19:34:20.898816+00:00
2024-01-02,623.1,634.0,610.0,619.0,1667,619.0,2026-09-03T19:34:20.898816+00:00
2024-01-03,608.0,620.0,607.5,611.5,969,611.5,2026-09-03T19:34:20.898816+00:00
2024-01-04,623.0,650.0,611.7,619.0,2876,619.0,2026-09-03T19:34:20.898816+00:00
2024-01-07,625.0,629.0,612.5,629.0,3020,629.0,2026-09-03T19:34:20.898816+00:00
2024-01-08,621.0,640.0,611.0,626.0,1744,626.0,2026-09-03T19:34:20.898816+00:00
2024-01-09,637.9,688.6,625.3,688.6,2776,688.6,2026-09-03T19:34:20.898816+00:00
2024-01-10,688.6,688.6,648.3,660.0,3034,660.0,2026-09-03T19:34:20.898816+00:00
2024-01-11,648.1,663.0,646.0,658.8,1289,658.8,2026-09-03T19:34:20.898816+00:00
2024-01-14,651.0,685.3,640.1,670.0,7396,670.0,2026-09-03T19:34:20.898816+00:00
2024-01-16,657.3,715.0,657.0,713.0,12893,713.0,2026-09-03T19:34:20.898816+00:00
2024-01-17,726.0,726.0,693.0,706.0,3974,706.0,2026-09-03T19:34:20.898816+00:00
2024-01-18,700.0,700.0,678.5,696.0,1800,696.0,2026-09-03T19:34:20.898816+00:00
2024-01-21,697.0,697.0,656.6,678.0,4166,678.0,2026-09-03T19:34:20.898816+00:00
2024-01-22,678.0,688.8,639.0,644.0,2216,644.0,2026-09-03T19:34:20.898816+00:00
2024-01-23,631.2,656.6,631.2,649.0,887,649.0,2026-09-03T19:34:20.898816+00:00
2024-01-24,641.1,687.4,641.1,665.0,3137,665.0,2026-09-03T19:34:20.898816+00:00
2024-01-25,671.0,671.0,641.9,645.0,1151,645.0,2026-09-03T19:34:20.898816+00:00
2024-01-28,633.1,667.9,630.0,647.0,1898,647.0,2026-09-03T19:34:20.898816+00:00
2024-01-29,659.9,667.0,642.1,660.0,3341,660.0,2026-09-03T19:34:20.898816+00:00
2024-01-30,673.0,673.0,646.1,650.0,4688,650.0,2026-09-03T19:34:20.898816+00:00
2024-01-31,663.0,663.0,635.0,644.0,929,644.0,2026-09-03T19:34:20.898816+00:00
2024-02-01,650.0,656.8,622.0,637.8,2019,637.8,2026-09-03T19:34:20.898816+00:00
2024-02-04,625.1,637.6,622.3,629.9,1375,629.9,2026-09-03T19:34:20.898816+00:00
2024-02-05,620.0,650.0,620.0,650.0,4998,650.0,2026-09-03T19:34:20.898816+00:00
2024-02-06,655.0,655.0,630.0,654.9,2622,654.9,2026-09-03T19:34:20.898816+00:00
2024-02-07,660.0,667.0,650.0,665.0,1459,665.0,2026-09-03T19:34:20.898816+00:00
2024-02-08,652.2,665.1,652.2,665.0,1766,665.0,2026-09-03T19:34:20.898816+00:00
2024-02-11,678.0,678.0,650.0,658.0,2663,658.0,2026-09-03T19:34:20.898816+00:00
2024-02-12,645.0,678.0,640.1,657.8,1208,657.8,2026-09-03T19:34:20.898816+00:00
2024-02-13,666.0,666.0,641.0,641.0,2828,641.0,2026-09-03T19:34:20.898816+00:00
2024-02-14,634.0,648.0,633.5,642.1,401,642.1,2026-09-03T19:34:20.898816+00:00
2024-02-15,654.9,654.9,640.0,651.0,2444,651.0,2026-09-03T19:34:20.898816+00:00
2024-02-18,640.0,651.0,640.0,650.0,2031,650.0,2026-09-03T19:34:20.898816+00:00
2024-02-20,639.0,645.0,635.0,639.9,3502,639.9,2026-09-03T19:34:20.898816+00:00
2024-02-21,635.0,649.9,635.0,642.1,4144,642.1,2026-09-03T19:34:20.898816+00:00
2024-02-22,654.9,654.9,638.1,645.0,4846,645.0,2026-09-03T19:34:20.898816+00:00
2024-02-25,655.0,655.0,633.0,636.0,1200,636.0,2026-09-03T19:34:20.898816+00:00
2024-02-26,636.0,636.0,632.0,632.0,690,632.0,2026-09-03T19:34:20.898816+00:00
2024-02-27,644.6,644.6,632.0,634.1,389,634.1,2026-09-03T19:34:20.898816+00:00
2024-02-28,646.0,646.0,625.0,637.0,928,637.0,2026-09-03T19:34:20.898816+00:00
2024-02-29,637.0,637.0,628.0,636.0,1402,636.0,2026-09-03T19:34:20.898816+00:00
2024-03-03,645.0,645.0,622.6,642.0,2958,642.0,2026-09-03T19:34:20.898816+00:00
2024-03-04,648.59,654.8,648.59,654.8,439,654.8,2026-09-03T19:34:20.898816+00:00
2024-03-05,667.8,667.8,628.0,659.5,2339,659.5,2026-09-03T19:34:20.898816+00:00
2024-03-06,646.4,670.0,646.0,662.0,2662,662.0,2026-09-03T19:34:20.898816+00:00
2024-03-07,665.0,673.1,642.0,673.0,13785,673.0,2026-09-03T19:34:20.898816+00:00
2024-03-10,673.0,714.0,667.0,703.4,12482,703.4,2026-09-03T19:34:20.898816+00:00
2024-03-12,717.0,773.7,710.0,752.0,17350,752.0,2026-09-03T19:34:20.898816+00:00
2024-03-13,767.0,783.0,723.3,759.5,15290,759.5,2026-09-03T19:34:20.898816+00:00
2024-03-14,755.0,783.3,748.0,748.0,9237,748.0,2026-09-03T19:34:20.898816+00:00
2024-03-17,748.0,794.9,748.0,781.9,10000,781.9,2026-09-03T19:34:20.898816+00:00
2024-03-18,791.0,791.0,771.0,788.9,5031,788.9,2026-09-03T19:34:20.898816+00:00
2024-03-19,780.1,828.0,780.1,825.0,21356,825.0,2026-09-03T19:34:20.898816+00:00
2024-03-20,839.9,855.0,811.0,822.0,26639,822.0,2026-09-03T19:34:20.898816+00:00
2024-03-21,828.0,838.0,812.0,812.0,7647,812.0,2026-09-03T19:34:20.898816+00:00
2024-03-25,800.0,802.0,787.0,790.0,12833,790.0,2026-09-03T19:34:20.898816+00:00
2024-03-26,805.7,805.8,760.0,798.9,2819,798.9,2026-09-03T19:34:20.898816+00:00
2024-03-27,812.0,813.0,735.0,753.7,8338,753.7,2026-09-03T19:34:20.898816+00:00
2024-03-28,740.0,768.7,728.0,750.0,9118,750.0,2026-09-03T19:34:20.898816+00:00
2024-03-31,735.0,747.5,733.0,733.0,1507,733.0,2026-09-03T19:34:20.898816+00:00
2024-04-01,733.0,740.0,720.1,739.5,12205,739.5,2026-09-03T19:34:20.898816+00:00
2024-04-02,724.8,779.0,724.8,754.0,7519,754.0,2026-09-03T19:34:20.898816+00:00
2024-04-03,769.0,798.0,769.0,780.0,7021,780.0,2026-09-03T19:34:20.898816+00:00
2024-04-04,790.0,823.0,790.0,806.1,12033,806.1,2026-09-03T19:34:20.898816+00:00
2024-04-07,820.0,822.2,771.0,771.0,7080,771.0,2026-09-03T19:34:20.898816+00:00
2024-04-09,786.4,800.1,770.0,785.0,9090,785.0,2026-09-03T19:34:20.898816+00:00
2024-04-10,795.0,798.9,762.0,762.0,2938,762.0,2026-09-03T19:34:20.898816+00:00
2024-04-14,762.0,831.0,750.1,823.9,15508,823.9,2026-09-03T19:34:20.898816+00:00
2024-04-15,807.5,820.0,795.0,807.0,7630,807.0,2026-09-03T19:34:20.898816+00:00
2024-04-16,795.0,803.7,781.2,784.0,1607,784.0,2026-09-03T19:34:20.898816+00:00
2024-04-18,781.0,782.0,756.0,762.0,3292,762.0,2026-09-03T19:34:20.898816+00:00
2024-04-21,751.0,785.4,751.0,770.0,2591,770.0,2026-09-03T19:34:20.898816+00:00
2024-04-22,757.5,773.0,757.5,757.5,1310,757.5,2026-09-03T19:34:20.898816+00:00
2024-04-24,746.4,775.0,732.5,755.1,1127,755.1,2026-09-03T19:34:20.898816+00:00
2024-04-25,750.2,765.0,750.2,765.0,1138,765.0,2026-09-03T19:34:20.898816+00:00
2024-04-28,757.2,799.6,757.1,776.0,1658,776.0,2026-09-03T19:34:20.898816+00:00
2024-04-29,778.0,790.0,774.5,774.5,1061,774.5,2026-09-03T19:34:20.898816+00:00
2024-04-30,774.0,805.0,767.1,794.0,2493,794.0,2026-09-03T19:34:20.898816+00:00
2024-05-02,783.0,855.0,783.0,820.0,19550,820.0,2026-09-03T19:34:20.898816+00:00
2024-05-05,820.0,885.0,820.0,847.4,29408,847.4,2026-09-03T19:34:20.898816+00:00
2024-05-06,863.0,863.0,838.0,855.9,19940,855.9,2026-09-03T19:34:20.898816+00:00
2024-05-07,860.0,904.0,860.0,901.9,21721,901.9,2026-09-03T19:34:20.898816+00:00
2024-05-08,900.0,945.0,900.0,945.0,25117,945.0,2026-09-03T19:34:20.898816+00:00
2024-05-09,931.0,944.0,900.1,921.0,22630,921.0,2026-09-03T19:34:20.898816+00:00
2024-05-12,938.9,938.9,892.0,905.0,5120,905.0,2026-09-03T19:34:20.898816+00:00
2024-05-13,910.0,948.0,900.8,948.0,11554,948.0,2026-09-03T19:34:20.898816+00:00
2024-05-14,932.0,970.0,930.0,960.0,8746,960.0,2026-09-03T19:34:20.898816+00:00
2024-05-15,960.0,969.9,917.0,935.0,11312,935.0,2026-09-03T19:34:20.898816+00:00
2024-05-16,916.3,979.0,916.3,960.0,16504,960.0,2026-09-03T19:34:20.898816+00:00
2024-05-19,970.0,979.2,940.8,948.5,19741,948.5,2026-09-03T19:34:20.898816+00:00
2024-05-20,962.0,981.0,930.0,933.0,12736,933.0,2026-09-03T19:34:20.898816+00:00
2024-05-21,914.4,997.0,914.4,997.0,17872,997.0,2026-09-03T19:34:20.898816+00:00
2024-05-22,977.1,1058.0,960.0,1050.0,23184,1050.0,2026-09-03T19:34:20.898816+00:00
2024-05-26,1029.0,1111.0,1008.5,1111.0,28722,1111.0,2026-09-03T19:34:20.898816+00:00
2024-05-27,1133.2,1133.2,1025.0,1080.0,24482,1080.0,2026-09-03T19:34:20.898816+00:00
2024-05-29,1058.4,1142.0,1035.0,1049.0,16564,1049.0,2026-09-03T19:34:20.898816+00:00
2024-05-30,1028.1,1089.0,988.0,988.0,26192,988.0,2026-09-03T19:34:20.898816+00:00
2024-06-02,970.0,1047.0,950.6,1044.0,7593,1044.0,2026-09-03T19:34:20.898816+00:00
2024-06-03,1064.0,1064.0,989.8,1048.0,22304,1048.0,2026-09-03T19:34:20.898816+00:00
2024-06-04,1027.1,1105.0,1027.1,1090.0,36879,1090.0,2026-09-03T19:34:20.898816+00:00
2024-06-05,1068.2,1132.0,1054.0,1087.9,21301,1087.9,2026-09-03T19:34:20.898816+00:00
2024-06-06,1066.2,1134.8,1066.2,1107.0,43376,1107.0,2026-09-03T19:34:20.898816+00:00
2024-06-09,1084.9,1128.0,1070.0,1095.0,56508,1095.0,2026-09-03T19:34:20.898816+00:00
2024-06-10,1073.1,1160.0,1073.1,1098.0,24728,1098.0,2026-09-03T19:34:20.898816+00:00
2024-06-11,1076.1,1140.0,1076.1,1123.9,17919,1123.9,2026-09-03T19:34:20.898816+00:00
2024-06-12,1105.0,1126.0,1086.0,1106.0,23538,1106.0,2026-09-03T19:34:20.898816+00:00
2024-06-13,1085.0,1128.1,1075.0,1089.0,22032,1089.0,2026-09-03T19:34:20.898816+00:00
2024-06-16,1088.0,1123.0,1061.1,1095.0,30007,1095.0,2026-09-03T19:34:20.898816+00:00
2024-06-18,1075.0,1155.0,1036.1,1095.0,34990,1095.0,2026-09-03T19:34:20.898816+00:00
2024-06-19,1075.0,1095.9,1052.1,1077.0,9064,1077.0,2026-09-03T19:34:20.898816+00:00
2024-06-20,1055.5,1160.0,1050.1,1160.0,20133,1160.0,2026-09-03T19:34:20.898816+00:00
2024-06-23,1136.8,1136.8,1044.0,1099.9,24587,1099.9,2026-09-03T19:34:20.898816+00:00
2024-06-24,1078.0,1142.0,1058.0,1091.8,16022,1091.8,2026-09-03T19:34:20.898816+00:00
2024-06-25,1070.0,1110.0,1051.0,1084.7,13877,1084.7,2026-09-03T19:34:20.898816+00:00
2024-06-26,1063.1,1083.0,1060.0,1075.0,10670,1075.0,2026-09-03T19:34:20.898816+00:00
2024-06-27,1055.0,1089.0,1055.0,1075.0,14809,1075.0,2026-09-03T19:34:20.898816+00:00
2024-06-30,1055.0,1080.0,1055.0,1075.0,15113,1075.0,2026-09-03T19:34:20.898816+00:00
2024-07-01,1060.0,1080.0,1039.1,1080.0,17377,1080.0,2026-09-03T19:34:20.898816+00:00
2024-07-02,1101.0,1145.0,1056.6,1085.0,13759,1085.0,2026-09-03T19:34:20.898816+00:00
2024-07-03,1065.0,1099.9,1035.2,1070.0,24629,1070.0,2026-09-03T19:34:20.898816+00:00
2024-07-04,1048.6,1100.0,1048.6,1096.0,12697,1096.0,2026-09-03T19:34:20.898816+00:00
2024-07-07,1074.1,1125.0,1070.1,1110.1,25237,1110.1,2026-09-03T19:34:20.898816+00:00
2024-07-08,1087.9,1173.0,1087.9,1151.0,49720,1151.0,2026-09-03T19:34:20.898816+00:00
2024-07-09,1128.0,1192.0,1128.0,1181.1,31576,1181.1,2026-09-03T19:34:20.898816+00:00
2024-07-10,1157.5,1251.0,1134.4,1205.0,35531,1205.0,2026-09-03T19:34:20.898816+00:00
2024-07-11,1180.9,1272.0,1132.6,1220.0,39289,1220.0,2026-09-03T19:34:20.898816+00:00
2024-07-14,1244.4,1265.0,1154.0,1238.5,19524,1238.5,2026-09-03T19:34:20.898816+00:00
2024-07-15,1213.8,1285.0,1177.0,1199.9,22730,1199.9,2026-09-03T19:34:20.898816+00:00
2024-07-16,1176.0,1239.3,1160.0,1231.1,18881,1231.1,2026-09-03T19:34:20.898816+00:00
2024-07-17,1206.5,1280.0,1180.0,1227.9,23967,1227.9,2026-09-03T19:34:20.898816+00:00
2024-07-18,1209.9,1265.0,1182.0,1205.0,26251,1205.0,2026-09-03T19:34:20.898816+00:00
2024-07-21,1210.0,1215.0,1170.0,1180.0,23537,1180.0,2026-09-03T19:34:20.898816+00:00
2024-07-22,1202.0,1251.0,1158.0,1174.1,19404,1174.1,2026-09-03T19:34:20.898816+00:00
2024-07-23,1152.1,1244.0,1152.1,1177.9,32090,1177.9,2026-09-03T19:34:20.898816+00:00
2024-07-24,1177.1,1197.9,1136.8,1144.5,22346,1144.5,2026-09-03T19:34:20.898816+00:00
2024-07-25,1167.3,1203.0,1155.0,1189.0,23713,1189.0,2026-09-03T19:34:20.898816+00:00
2024-07-28,1189.0,1220.0,1120.1,1163.0,13442,1163.0,2026-09-03T19:34:20.898816+00:00
2024-07-29,1163.0,1163.8,1122.0,1122.4,22987,1122.4,2026-09-03T19:34:20.898816+00:00
2024-07-30,1120.0,1141.0,1110.0,1137.9,8510,1137.9,2026-09-03T19:34:20.898816+00:00
2024-07-31,1155.0,1201.6,1134.0,1145.0,11873,1145.0,2026-09-03T19:34:20.898816+00:00
2024-08-01,1125.0,1160.0,1090.0,1100.0,20165,1100.0,2026-09-03T19:34:20.898816+00:00
2024-08-05,1078.0,1167.2,1078.0,1125.2,11317,1125.2,2026-09-03T19:34:20.898816+00:00
2024-08-06,1143.3,1163.3,1080.1,1080.1,14203,1080.1,2026-09-03T19:34:20.898816+00:00
2024-08-07,1090.0,1133.0,1080.0,1124.0,14088,1124.0,2026-09-03T19:34:20.898816+00:00
2024-08-08,1139.0,1139.0,1078.0,1085.0,9961,1085.0,2026-09-03T19:34:20.898816+00:00
2024-08-11,1106.7,1149.9,1106.7,1137.0,20271,1137.0,2026-09-03T19:34:20.898816+00:00
2024-08-12,1159.0,1159.0,1090.0,1125.0,17486,1125.0,2026-09-03T19:34:20.898816+00:00
2024-08-13,1130.0,1144.0,1102.5,1111.9,10986,1111.9,2026-09-03T19:34:20.898816+00:00
2024-08-14,1111.9,1111.9,1089.8,1099.0,6435,1099.0,2026-09-03T19:34:20.898816+00:00
2024-08-15,1082.1,1111.0,1082.0,1094.0,11386,1094.0,2026-09-03T19:34:20.898816+00:00
2024-08-18,1085.0,1203.4,1080.1,1096.0,12907,1096.0,2026-09-03T19:34:20.898816+00:00
2024-08-21,1080.0,1161.0,1080.0,1107.0,5719,1107.0,2026-09-03T19:34:20.898816+00:00
2024-08-22,1109.9,1135.0,1091.1,1100.0,10770,1100.0,2026-09-03T19:34:20.898816+00:00
2024-08-25,1085.0,1186.2,1085.0,1140.1,24479,1140.1,2026-09-03T19:34:20.898816+00:00
2024-08-27,1117.3,1214.8,1115.0,1122.0,27105,1122.0,2026-09-03T19:34:20.898816+00:00
2024-08-28,1143.9,1144.0,1110.0,1110.0,10632,1110.0,2026-09-03T19:34:20.898816+00:00
2024-08-29,1132.2,1132.2,1074.0,1074.0,8583,1074.0,2026-09-03T19:34:20.898816+00:00
2024-09-01,1060.0,1095.4,1025.2,1034.0,13608,1034.0,2026-09-03T19:34:20.898816+00:00
2024-09-02,1034.0,1079.0,1034.0,1059.0,4000,1059.0,2026-09-03T19:34:20.898816+00:00
2024-09-03,1037.9,1108.0,1037.9,1084.0,7042,1084.0,2026-09-03T19:34:20.898816+00:00
2024-09-04,1062.4,1150.0,1029.0,1085.6,5989,1085.6,2026-09-03T19:34:20.898816+00:00
2024-09-05,1063.9,1122.0,1042.8,1101.1,8072,1101.1,2026-09-03T19:34:20.898816+00:00
2024-09-08,1080.0,1144.7,1080.0,1097.1,14968,1097.1,2026-09-03T19:34:20.898816+00:00
2024-09-09,1091.0,1141.3,1050.0,1050.0,11685,1050.0,2026-09-03T19:34:20.898816+00:00
2024-09-10,1035.2,1142.0,1035.2,1050.0,4945,1050.0,2026-09-03T19:34:20.898816+00:00
2024-09-11,1070.0,1135.0,1040.0,1119.9,8195,1119.9,2026-09-03T19:34:20.898816+00:00
2024-09-12,1098.0,1118.0,1060.0,1105.1,6788,1105.1,2026-09-03T19:34:20.898816+00:00
2024-09-15,1083.0,1148.5,1065.0,1075.0,4454,1075.0,2026-09-03T19:34:20.898816+00:00
2024-09-16,1054.0,1089.1,1040.0,1040.0,6030,1040.0,2026-09-03T19:34:20.898816+00:00
2024-09-18,1035.0,1124.8,1035.0,1124.0,8171,1124.0,2026-09-03T19:34:20.898816+00:00
2024-09-22,1101.6,1101.6,1050.0,1062.0,6976,1062.0,2026-09-03T19:34:20.898816+00:00
2024-09-23,1050.0,1079.0,1025.0,1037.0,7260,1037.0,2026-09-03T19:34:20.898816+00:00
2024-09-24,1050.0,1050.0,1000.0,1009.9,3271,1009.9,2026-09-03T19:34:20.898816+00:00
2024-09-25,1014.9,1050.6,970.2,1050.6,12616,1050.6,2026-09-03T19:34:20.898816+00:00
2024-09-26,1030.5,1046.0,983.0,1010.1,7105,1010.1,2026-09-03T19:34:20.898816+00:00
2024-09-29,990.0,999.0,973.0,980.0,4561,980.0,2026-09-03T19:34:20.898816+00:00
2024-09-30,960.4,1015.0,960.4,1009.9,1929,1009.9,2026-09-03T19:34:20.898816+00:00
2024-10-01,1002.0,1044.0,1002.0,1044.0,7355,1044.0,2026-09-03T19:34:20.898816+00:00
2024-10-02,1025.0,1044.5,995.7,1002.0,3548,1002.0,2026-09-03T19:34:20.898816+00:00
2024-10-06,1002.0,1022.0,984.0,1004.0,4109,1004.0,2026-09-03T19:34:20.898816+00:00
2024-10-07,1005.0,1070.0,985.0,1040.0,4018,1040.0,2026-09-03T19:34:20.898816+00:00
2024-10-08,1025.0,1025.0,1005.0,1010.0,973,1010.0,2026-09-03T19:34:20.898816+00:00
2024-10-09,990.0,1071.0,971.0,1022.0,1225,1022.0,2026-09-03T19:34:20.898816+00:00
2024-10-15,1004.2,1063.2,1004.1,1023.1,729,1023.1,2026-09-03T19:34:20.898816+00:00
2024-10-16,1043.0,1043.0,1015.0,1030.0,1735,1030.0,2026-09-03T19:34:20.898816+00:00
2024-10-17,1035.0,1049.9,1028.0,1034.9,3276,1034.9,2026-09-03T19:34:20.898816+00:00
2024-10-20,1049.0,1076.6,1015.0,1033.0,3348,1033.0,2026-09-03T19:34:20.898816+00:00
2024-10-21,1013.0,1090.0,1000.0,1090.0,4712,1090.0,2026-09-03T19:34:20.898816+00:00
2024-10-22,1068.2,1068.2,1006.2,1038.9,2692,1038.9,2026-09-03T19:34:20.898816+00:00
2024-10-23,1020.0,1040.3,1008.0,1027.8,1176,1027.8,2026-09-03T19:34:20.898816+00:00
2024-10-24,1027.0,1040.0,1008.1,1008.2,1610,1008.2,2026-09-03T19:34:20.898816+00:00
2024-10-27,990.0,1049.0,990.0,1018.0,1230,1018.0,2026-09-03T19:34:20.898816+00:00
2024-10-28,999.2,1029.0,999.2,1028.0,1238,1028.0,2026-09-03T19:34:20.898816+00:00
2024-10-29,1007.5,1048.1,1007.5,1046.9,5042,1046.9,2026-09-03T19:34:20.898816+00:00
2024-10-30,1026.0,1096.5,1016.1,1090.0,6326,1090.0,2026-09-03T19:34:20.898816+00:00
2024-11-05,1068.2,1068.2,1026.0,1060.0,2191,1060.0,2026-09-03T19:34:20.898816+00:00
2024-11-06,1060.0,1081.0,1018.2,1044.9,3880,1044.9,2026-09-03T19:34:20.898816+00:00
2024-11-10,1030.0,1055.69,1024.2,1050.1,3011,1050.1,2026-09-03T19:34:20.898816+00:00
2024-11-11,1030.2,1107.0,1010.0,1103.0,12974,1103.0,2026-09-03T19:34:20.898816+00:00
2024-11-12,1081.0,1150.0,1060.1,1105.0,23420,1105.0,2026-09-03T19:34:20.898816+00:00
2024-11-13,1082.9,1140.0,1082.9,1108.8,6997,1108.8,2026-09-03T19:34:20.898816+00:00
2024-11-14,1086.7,1170.0,1086.7,1130.0,19170,1130.0,2026-09-03T19:34:20.898816+00:00
2024-11-17,1107.4,1182.0,1107.4,1168.9,23908,1168.9,2026-09-03T19:34:20.898816+00:00
2024-11-19,1189.0,1200.0,1132.7,1139.9,18331,1139.9,2026-09-03T19:34:20.898816+00:00
2024-11-20,1125.0,1161.0,1110.1,1134.0,6657,1134.0,2026-09-03T19:34:20.898816+00:00
2024-11-21,1140.0,1160.0,1111.4,1112.1,11830,1112.1,2026-09-03T19:34:20.898816+00:00
2024-11-24,1091.0,1133.0,1091.0,1120.0,4429,1120.0,2026-09-03T19:34:20.898816+00:00
2024-11-25,1100.0,1140.0,1100.0,1130.0,5190,1130.0,2026-09-03T19:34:20.898816+00:00
2024-11-26,1130.0,1131.0,1109.1,1127.0,4018,1127.0,2026-09-03T19:34:20.898816+00:00
2024-11-27,1127.0,1141.0,1120.0,1138.0,5458,1138.0,2026-09-03T19:34:20.898816+00:00
2024-11-28,1141.0,1160.0,1116.0,1116.0,6816,1116.0,2026-09-03T19:34:20.898816+00:00
2024-12-01,1095.0,1130.0,1094.0,1114.9,4027,1114.9,2026-09-03T19:34:20.898816+00:00
2024-12-02,1132.9,1133.0,1113.0,1125.0,5357,1125.0,2026-09-03T19:34:20.898816+00:00
2024-12-03,1139.9,1145.0,1104.0,1107.4,5706,1107.4,2026-09-03T19:34:20.898816+00:00
2024-12-04,1102.7,1138.8,1102.7,1110.0,10421,1110.0,2026-09-03T19:34:20.898816+00:00
2024-12-05,1132.0,1132.0,1110.0,1119.0,6728,1119.0,2026-09-03T19:34:20.898816+00:00
2024-12-08,1119.0,1126.1,1102.0,1113.9,6326,1113.9,2026-09-03T19:34:20.898816+00:00
2024-12-09,1136.0,1136.0,1092.0,1109.9,4124,1109.9,2026-09-03T19:34:20.898816+00:00
2024-12-10,1132.0,1132.0,1100.0,1117.9,1852,1117.9,2026-09-03T19:34:20.898816+00:00
2024-12-11,1140.0,1140.0,1105.0,1125.0,4515,1125.0,2026-09-03T19:34:20.898816+00:00
2024-12-12,1107.0,1145.0,1090.0,1124.8,4637,1124.8,2026-09-03T19:34:20.898816+00:00
2024-12-16,1137.0,1137.0,1092.1,1092.1,2059,1092.1,2026-09-03T19:34:20.898816+00:00
2024-12-17,1113.0,1113.0,1090.0,1105.9,4078,1105.9,2026-09-03T19:34:20.898816+00:00
2024-12-18,1128.0,1128.0,1095.0,1108.9,3533,1108.9,2026-09-03T19:34:20.898816+00:00
2024-12-19,1113.3,1113.3,1087.0,1097.1,4318,1097.1,2026-09-03T19:34:20.898816+00:00
2024-12-22,1077.0,1107.8,1076.1,1097.0,2408,1097.0,2026-09-03T19:34:20.898816+00:00
2024-12-23,1080.1,1095.7,1075.1,1090.1,2175,1090.1,2026-09-03T19:34:20.898816+00:00
2024-12-24,1074.0,1111.0,1074.0,1103.5,2904,1103.5,2026-09-03T19:34:20.898816+00:00
2024-12-26,1108.0,1110.4,1082.0,1101.9,2703,1101.9,2026-09-03T19:34:20.898816+00:00
2024-12-29,1080.2,1130.0,1080.2,1107.0,5984,1107.0,2026-09-03T19:34:20.898816+00:00
2024-12-31,1124.9,1129.0,1081.0,1093.9,8574,1093.9,2026-09-03T19:34:20.898816+00:00
2025-01-01,1080.0,1138.0,1080.0,1100.0,2770,1100.0,2026-09-03T19:34:20.898816+00:00
2025-01-02,1118.0,1122.0,1090.0,1100.0,3791,1100.0,2026-09-03T19:34:20.898816+00:00
2025-01-05,1024.6,1024.6,970.1,1005.0,958,1005.0,2026-09-03T19:34:20.898816+00:00
2025-01-06,1000.0,1020.0,985.0,1011.0,1402,1011.0,2026-09-03T19:34:20.898816+00:00
2025-01-07,1027.9,1027.9,997.0,1008.0,990,1008.0,2026-09-03T19:34:20.898816+00:00
2025-01-08,1028.0,1068.0,1008.0,1030.0,2794,1030.0,2026-09-03T19:34:20.898816+00:00
2025-01-09,1010.0,1049.9,1010.0,1037.0,2004,1037.0,2026-09-03T19:34:20.898816+00:00
2025-01-12,1050.0,1050.0,1017.0,1040.0,2903,1040.0,2026-09-03T19:34:20.898816+00:00
2025-01-13,1019.2,1039.0,1001.1,1021.0,4969,1021.0,2026-09-03T19:34:20.898816+00:00
2025-01-15,1005.0,1034.9,1005.0,1021.0,2787,1021.0,2026-09-03T19:34:20.898816+00:00
2025-01-16,1029.0,1029.0,1009.0,1021.9,2194,1021.9,2026-09-03T19:34:20.898816+00:00
2025-01-19,1010.0,1048.0,1005.0,1048.0,8723,1048.0,2026-09-03T19:34:20.898816+00:00
2025-01-20,1060.0,1080.0,1048.0,1070.0,15429,1070.0,2026-09-03T19:34:20.898816+00:00
2025-01-21,1050.0,1085.0,1050.0,1070.0,2220,1070.0,2026-09-03T19:34:20.898816+00:00
2025-01-22,1085.0,1085.0,1027.7,1060.0,7651,1060.0,2026-09-03T19:34:20.898816+00:00
2025-01-23,1055.0,1080.0,1035.3,1058.9,2236,1058.9,2026-09-03T19:34:20.898816+00:00
2025-01-26,1041.0,1110.0,1041.0,1098.0,15053,1098.0,2026-09-03T19:34:20.898816+00:00
2025-01-27,1076.1,1125.0,1076.1,1105.0,19814,1105.0,2026-09-03T19:34:20.898816+00:00
2025-01-28,1100.0,1119.0,1099.0,1115.0,5588,1115.0,2026-09-03T19:34:20.898816+00:00
2025-02-02,1123.0,1210.0,1116.0,1200.0,43272,1200.0,2026-09-03T19:34:20.898816+00:00
2025-02-03,1219.0,1224.0,1157.0,1159.0,16178,1159.0,2026-09-03T19:34:20.898816+00:00
2025-02-04,1182.0,1205.0,1160.0,1170.0,22665,1170.0,2026-09-03T19:34:20.898816+00:00
2025-02-05,1161.0,1205.0,1161.0,1172.0,19149,1172.0,2026-09-03T19:34:20.898816+00:00
2025-02-06,1150.0,1189.0,1150.0,1183.1,19578,1183.1,2026-09-03T19:34:20.898816+00:00
2025-02-09,1170.0,1189.0,1160.0,1171.9,6422,1171.9,2026-09-03T19:34:20.898816+00:00
2025-02-10,1158.0,1193.4,1150.0,1160.1,6178,1160.1,2026-09-03T19:34:20.898816+00:00
2025-02-11,1172.0,1182.0,1130.0,1145.0,8093,1145.0,2026-09-03T19:34:20.898816+00:00
2025-02-12,1131.0,1191.2,1131.0,1166.8,9075,1166.8,2026-09-03T19:34:20.898816+00:00
2025-02-13,1150.0,1188.0,1145.1,1179.0,16405,1179.0,2026-09-03T19:34:20.898816+00:00
2025-02-16,1166.0,1210.0,1166.0,1200.2,28877,1200.2,2026-09-03T19:34:20.898816+00:00
2025-02-17,1224.2,1270.0,1203.0,1253.0,29442,1253.0,2026-09-03T19:34:20.898816+00:00
2025-02-18,1255.0,1269.0,1215.0,1224.0,29343,1224.0,2026-09-03T19:34:20.898816+00:00
2025-02-20,1220.0,1245.0,1206.0,1223.0,6394,1223.0,2026-09-03T19:34:20.898816+00:00
2025-02-23,1203.0,1230.0,1199.0,1215.1,15981,1215.1,2026-09-03T19:34:20.898816+00:00
2025-02-24,1201.1,1235.0,1190.0,1204.0,15927,1204.0,2026-09-03T19:34:20.898816+00:00
2025-02-25,1226.4,1227.9,1190.0,1200.0,7751,1200.0,2026-09-03T19:34:20.898816+00:00
2025-02-27,1224.0,1248.4,1185.0,1198.0,16008,1198.0,2026-09-03T19:34:20.898816+00:00
2025-03-02,1175.3,1230.0,1175.3,1200.0,8230,1200.0,2026-09-03T19:34:20.898816+00:00
2025-03-03,1180.0,1199.9,1165.0,1165.0,5511,1165.0,2026-09-03T19:34:20.898816+00:00
2025-03-04,1165.0,1205.0,1131.0,1144.0,11516,1144.0,2026-09-03T19:34:20.898816+00:00
2025-03-05,1138.0,1213.0,1135.0,1153.0,7742,1153.0,2026-09-03T19:34:20.898816+00:00
2025-03-06,1131.0,1171.4,1123.1,1156.0,8506,1156.0,2026-09-03T19:34:20.898816+00:00
2025-03-09,1135.0,1155.0,1114.0,1136.0,5587,1136.0,2026-09-03T19:34:20.898816+00:00
2025-03-10,1120.0,1149.8,1095.0,1100.0,4930,1100.0,2026-09-03T19:34:20.898816+00:00
2025-03-11,1120.0,1120.0,1076.0,1076.0,4902,1076.0,2026-09-03T19:34:20.898816+00:00
2025-03-12,1075.0,1119.0,1063.0,1097.9,3013,1097.9,2026-09-03T19:34:20.898816+00:00
2025-03-16,1100.0,1100.0,1057.5,1066.3,3089,1066.3,2026-09-03T19:34:20.898816+00:00
2025-03-17,1051.5,1135.0,1051.5,1060.0,4914,1060.0,2026-09-03T19:34:20.898816+00:00
2025-03-18,1081.2,1100.0,1050.1,1055.0,4467,1055.0,2026-09-03T19:34:20.898816+00:00
2025-03-19,1055.0,1097.5,1041.3,1071.0,8288,1071.0,2026-09-03T19:34:20.898816+00:00
2025-03-20,1090.0,1090.0,1048.6,1065.0,3439,1065.0,2026-09-03T19:34:20.898816+00:00
2025-03-23,1047.1,1064.8,1027.6,1028.47,3190,1028.47,2026-09-03T19:34:20.898816+00:00
2025-03-24,1025.0,1060.0,1020.0,1052.13,1422,1052.13,2026-09-03T19:34:20.898816+00:00
2025-03-25,1031.2,1050.0,1015.0,1017.08,3677,1017.08,2026-09-03T19:34:20.898816+00:00
2025-03-26,1033.9,1075.6,1018.0,1048.25,2447,1048.25,2026-09-03T19:34:20.898816+00:00
2025-03-27,1056.0,1079.0,1039.1,1066.27,3703,1066.27,2026-09-03T19:34:20.898816+00:00
2025-03-30,1046.0,1089.0,1046.0,1074.5,3161,1074.5,2026-09-03T19:34:20.898816+00:00
2025-04-01,1087.0,1090.0,1054.0,1070.0,2209,1070.0,2026-09-03T19:34:20.898816+00:00
2025-04-02,1089.8,1109.7,1051.1,1092.02,4942,1092.02,2026-09-03T19:34:20.898816+00:00
2025-04-03,1109.0,1109.0,1070.0,1086.0,1198,1086.0,2026-09-03T19:34:20.898816+00:00
2025-04-07,1087.0,1087.0,1044.0,1060.16,1635,1060.16,2026-09-03T19:34:20.898816+00:00
2025-04-08,1040.1,1074.9,1040.1,1066.84,1866,1066.84,2026-09-03T19:34:20.898816+00:00
2025-04-09,1065.0,1122.0,1045.6,1052.02,3440,1052.02,2026-09-03T19:34:20.898816+00:00
2025-04-10,1072.0,1073.0,1050.0,1056.97,2041,1056.97,2026-09-03T19:34:20.898816+00:00
2025-04-13,1045.0,1070.0,1040.0,1041.87,2663,1041.87,2026-09-03T19:34:20.898816+00:00
2025-04-15,1022.0,1083.9,1022.0,1039.2,2122,1039.2,2026-09-03T19:34:20.898816+00:00
2025-04-16,1039.2,1100.0,1037.0,1049.1,2862,1049.1,2026-09-03T19:34:20.898816+00:00
2025-04-17,1060.0,1079.9,1033.0,1069.85,5026,1069.85,2026-09-03T19:34:20.898816+00:00
2025-04-20,1048.5,1069.0,1044.0,1055.92,1219,1055.92,2026-09-03T19:34:20.898816+00:00
2025-04-21,1068.0,1068.0,1030.0,1040.44,4821,1040.44,2026-09-03T19:34:20.898816+00:00
2025-04-22,1021.0,1060.0,1021.0,1030.42,5146,1030.42,2026-09-03T19:34:20.898816+00:00
2025-04-23,1020.0,1093.0,1020.0,1028.42,1007,1028.42,2026-09-03T19:34:20.898816+00:00
2025-04-24,1028.0,1047.9,1014.1,1023.45,3049,1023.45,2026-09-03T19:34:20.898816+00:00
2025-04-27,1010.0,1043.8,1003.0,1008.91,5242,1008.91,2026-09-03T19:34:20.898816+00:00
2025-04-28,1005.0,1049.5,990.1,992.01,6376,992.01,2026-09-03T19:34:20.898816+00:00
2025-04-29,985.0,1040.0,980.0,991.92,3598,991.92,2026-09-03T19:34:20.898816+00:00
2025-04-30,988.0,1030.0,980.0,993.14,3883,993.14,2026-09-03T19:34:20.898816+00:00
2025-05-04,1010.0,1010.0,980.0,995.69,5417,995.69,2026-09-03T19:34:20.898816+00:00
2025-05-05,983.6,1003.2,970.1,977.08,2043,977.08,2026-09-03T19:34:20.898816+00:00
2025-05-06,996.6,1035.0,980.1,986.96,1171,986.96,2026-09-03T19:34:20.898816+00:00
2025-05-07,980.0,1006.0,950.6,994.61,9111,994.61,2026-09-03T19:34:20.898816+00:00
2025-05-08,975.1,1068.0,975.1,994.76,3606,994.76,2026-09-03T19:34:20.898816+00:00
2025-05-11,1014.6,1055.4,990.0,1001.87,4449,1001.87,2026-09-03T19:34:20.898816+00:00
2025-05-13,1021.0,1039.9,991.0,1005.0,3793,1005.0,2026-09-03T19:34:20.898816+00:00
2025-05-14,991.0,1030.0,991.0,1010.26,5015,1010.26,2026-09-03T19:34:20.898816+00:00
2025-05-15,1029.0,1029.0,989.8,1006.25,3001,1006.25,2026-09-03T19:34:20.898816+00:00
2025-05-18,1025.0,1026.0,992.0,1007.97,3890,1007.97,2026-09-03T19:34:20.898816+00:00
2025-05-19,1000.0,1027.9,1000.0,1004.42,6638,1004.42,2026-09-03T19:34:20.898816+00:00
2025-05-20,1022.5,1030.0,1003.0,1021.87,2845,1021.87,2026-09-03T19:34:20.898816+00:00
2025-05-21,1042.3,1043.0,1005.0,1022.1,1719,1022.1,2026-09-03T19:34:20.898816+00:00
2025-05-22,1042.5,1069.9,1005.6,1057.24,13577,1057.24,2026-09-03T19:34:20.898816+00:00
2025-05-25,1077.0,1098.9,1050.0,1088.94,11907,1088.94,2026-09-03T19:34:20.898816+00:00
2025-05-26,1110.0,1132.0,1063.0,1072.02,5003,1072.02,2026-09-03T19:34:20.898816+00:00
2025-05-27,1060.1,1081.9,1040.0,1053.33,2877,1053.33,2026-09-03T19:34:20.898816+00:00
2025-05-28,1055.0,1060.0,1020.0,1045.93,5641,1045.93,2026-09-03T19:34:20.898816+00:00
2025-06-02,1066.0,1099.0,1021.3,1027.02,3914,1027.02,2026-09-03T19:34:20.898816+00:00
2025-06-03,1025.0,1046.0,1000.7,1008.6,5078,1008.6,2026-09-03T19:34:20.898816+00:00
2025-06-04,1005.0,1009.3,992.0,994.89,6251,994.89,2026-09-03T19:34:20.898816+00:00
2025-06-05,995.2,1014.9,995.0,995.62,3250,995.62,2026-09-03T19:34:20.898816+00:00
2025-06-08,990.0,1009.8,990.0,1004.35,1382,1004.35,2026-09-03T19:34:20.898816+00:00
2025-06-09,1006.0,1031.8,995.1,1021.76,4261,1021.76,2026-09-03T19:34:20.898816+00:00
2025-06-10,1002.0,1041.9,1002.0,1005.13,4364,1005.13,2026-09-03T19:34:20.898816+00:00
2025-06-11,1025.0,1025.0,997.1,999.48,3586,999.48,2026-09-03T19:34:20.898816+00:00
2025-06-12,1019.0,1039.3,995.0,1008.31,3299,1008.31,2026-09-03T19:34:20.898816+00:00
2025-06-15,995.0,1025.0,995.0,1001.8,3462,1001.8,2026-09-03T19:34:20.898816+00:00
2025-06-16,1001.8,1014.9,1000.0,1005.23,1979,1005.23,2026-09-03T19:34:20.898816+00:00
2025-06-17,1000.0,1034.8,1000.0,1024.45,4344,1024.45,2026-09-03T19:34:20.898816+00:00
2025-06-18,1038.0,1038.0,1001.3,1014.33,3091,1014.33,2026-09-03T19:34:20.898816+00:00
2025-06-19,1001.7,1033.0,1001.1,1013.15,3109,1013.15,2026-09-03T19:34:20.898816+00:00
2025-06-22,1000.0,1009.0,995.0,997.48,3034,997.48,2026-09-03T19:34:20.898816+00:00
2025-06-23,1000.0,1009.0,985.1,988.77,1461,988.77,2026-09-03T19:34:20.898816+00:00
2025-06-24,1004.0,1004.0,982.1,984.88,2417,984.88,2026-09-03T19:34:20.898816+00:00
2025-06-25,990.0,1000.0,970.3,987.24,1563,987.24,2026-09-03T19:34:20.898816+00:00
2025-06-26,973.0,998.0,973.0,976.7,3864,976.7,2026-09-03T19:34:20.898816+00:00
2025-06-29,996.0,1016.0,993.7,1004.02,2948,1004.02,2026-09-03T19:34:20.898816+00:00
2025-06-30,995.0,1019.0,995.0,1011.09,1792,1011.09,2026-09-03T19:34:20.898816+00:00
2025-07-01,994.3,1069.4,994.3,1052.31,12990,1052.31,2026-09-03T19:34:20.898816+00:00
2025-07-02,1072.0,1094.0,1037.9,1054.27,5718,1054.27,2026-09-03T19:34:20.898816+00:00
2025-07-03,1069.0,1069.0,1028.0,1035.6,4861,1035.6,2026-09-03T19:34:20.898816+00:00
2025-07-06,1049.0,1060.0,1024.0,1035.74,3465,1035.74,2026-09-03T19:34:20.898816+00:00
2025-07-07,1052.0,1052.0,1015.3,1019.7,5254,1019.7,2026-09-03T19:34:20.898816+00:00
2025-07-08,1017.0,1039.0,1015.1,1025.04,1107,1025.04,2026-09-03T19:34:20.898816+00:00
2025-07-09,1021.0,1044.6,1019.1,1041.52,3749,1041.52,2026-09-03T19:34:20.898816+00:00
2025-07-10,1036.1,1058.0,1027.5,1040.33,12531,1040.33,2026-09-03T19:34:20.898816+00:00
2025-07-13,1061.1,1100.0,1050.0,1065.41,11223,1065.41,2026-09-03T19:34:20.898816+00:00
2025-07-14,1055.0,1073.9,1035.2,1040.96,6005,1040.96,2026-09-03T19:34:20.898816+00:00
2025-07-15,1024.1,1060.0,1024.1,1046.27,7216,1046.27,2026-09-03T19:34:20.898816+00:00
2025-07-16,1031.0,1075.0,1030.0,1059.5,9482,1059.5,2026-09-03T19:34:20.898816+00:00
2025-07-17,1050.0,1098.0,1050.0,1087.39,8034,1087.39,2026-09-03T19:34:20.898816+00:00
2025-07-20,1065.7,1169.0,1065.7,1083.32,7470,1083.32,2026-09-03T19:34:20.898816+00:00
2025-07-21,1065.0,1119.0,1049.0,1105.01,10776,1105.01,2026-09-03T19:34:20.898816+00:00
2025-07-22,1083.0,1170.0,1083.0,1128.2,16198,1128.2,2026-09-03T19:34:20.898816+00:00
2025-07-23,1140.0,1150.0,1099.0,1124.78,10983,1124.78,2026-09-03T19:34:20.898816+00:00
2025-07-24,1145.0,1145.0,1110.0,1111.93,6536,1111.93,2026-09-03T19:34:20.898816+00:00
2025-07-27,1134.0,1223.0,1102.2,1128.48,15414,1128.48,2026-09-03T19:34:20.898816+00:00
2025-07-28,1120.0,1139.9,1107.2,1134.76,10516,1134.76,2026-09-03T19:34:20.898816+00:00
2025-07-29,1155.0,1188.0,1148.0,1163.27,18499,1163.27,2026-09-03T19:34:20.898816+00:00
2025-07-30,1185.5,1200.0,1110.0,1118.59,16848,1118.59,2026-09-03T19:34:20.898816+00:00
2025-07-31,1140.0,1180.0,1086.0,1093.77,11161,1093.77,2026-09-03T19:34:20.898816+00:00
2025-08-03,1100.0,1107.0,1050.1,1056.3,8073,1056.3,2026-09-03T19:34:20.898816+00:00
2025-08-04,1035.2,1089.5,1035.2,1064.94,7880,1064.94,2026-09-03T19:34:20.898816+00:00
2025-08-05,1046.0,1152.0,1046.0,1080.72,11400,1080.72,2026-09-03T19:34:20.898816+00:00
2025-08-06,1059.2,1124.0,1045.0,1079.96,7857,1079.96,2026-09-03T19:34:20.898816+00:00
2025-08-07,1090.0,1121.0,1087.0,1104.99,11062,1104.99,2026-09-03T19:34:20.898816+00:00
2025-08-11,1082.9,1126.5,1082.9,1107.09,12647,1107.09,2026-09-03T19:34:20.898816+00:00
2025-08-12,1091.2,1139.0,1086.0,1131.17,14898,1131.17,2026-09-03T19:34:20.898816+00:00
2025-08-13,1108.6,1138.0,1108.6,1129.18,19378,1129.18,2026-09-03T19:34:20.898816+00:00
2025-08-14,1117.0,1170.0,1117.0,1142.62,10870,1142.62,2026-09-03T19:34:20.898816+00:00
2025-08-17,1119.8,1149.0,1100.0,1105.25,7119,1105.25,2026-09-03T19:34:20.898816+00:00
2025-08-18,1100.0,1126.0,1073.0,1079.03,7961,1079.03,2026-09-03T19:34:20.898816+00:00
2025-08-19,1062.0,1118.0,1062.0,1099.58,8616,1099.58,2026-09-03T19:34:20.898816+00:00
2025-08-20,1078.0,1108.0,1076.0,1079.18,5312,1079.18,2026-09-03T19:34:20.898816+00:00
2025-08-21,1065.0,1093.0,1065.0,1077.35,5984,1077.35,2026-09-03T19:34:20.898816+00:00
2025-08-24,1057.0,1090.0,1057.0,1062.32,3343,1062.32,2026-09-03T19:34:20.898816+00:00
2025-08-25,1078.0,1093.0,1072.0,1079.29,3267,1079.29,2026-09-03T19:34:20.898816+00:00
2025-08-26,1079.29,1106.5,1076.1,1087.43,3238,1087.43,2026-09-03T19:34:20.898816+00:00
2025-08-27,1088.0,1105.0,1081.0,1097.92,5542,1097.92,2026-09-03T19:34:20.898816+00:00
2025-08-28,1086.3,1098.0,1060.0,1067.76,8838,1067.76,2026-09-03T19:34:20.898816+00:00
2025-08-31,1061.0,1089.0,1049.0,1064.98,2777,1064.98,2026-09-03T19:34:20.898816+00:00
2025-09-01,1049.0,1080.9,1049.0,1076.8,1011,1076.8,2026-09-03T19:34:20.898816+00:00
2025-09-02,1076.8,1097.8,1065.0,1068.2,4193,1068.2,2026-09-03T19:34:20.898816+00:00
2025-09-03,1046.9,1084.0,1046.9,1068.76,6824,1068.76,2026-09-03T19:34:20.898816+00:00
2025-09-04,1065.0,1073.0,1055.0,1059.3,2388,1059.3,2026-09-03T19:34:20.898816+00:00
2025-09-07,1041.0,1080.0,1041.0,1059.6,3329,1059.6,2026-09-03T19:34:20.898816+00:00
2025-09-08,1040.0,1059.0,1035.2,1041.48,3037,1041.48,2026-09-03T19:34:20.898816+00:00
2025-09-18,1020.7,1020.7,994.8,994.8,110,994.8,2026-09-03T19:34:20.898816+00:00
2025-09-21,981.0,1076.0,981.0,1035.42,4335,1035.42,2026-09-03T19:34:20.898816+00:00
2025-09-23,1050.0,1050.0,1020.2,1029.7,3615,1029.7,2026-09-03T19:34:20.898816+00:00
2025-09-24,1030.0,1035.0,1014.0,1028.0,3226,1028.0,2026-09-03T19:34:20.898816+00:00
2025-09-25,1040.0,1040.0,1025.0,1030.0,1183,1030.0,2026-09-03T19:34:20.898816+00:00
2025-09-28,1044.0,1120.0,1026.0,1057.0,3515,1057.0,2026-09-03T19:34:20.898816+00:00
2025-10-07,1057.0,1057.0,1016.0,1036.0,3606,1036.0,2026-09-03T19:34:20.898816+00:00
2025-10-08,1035.0,1035.0,996.0,1009.0,4014,1009.0,2026-09-03T19:34:20.898816+00:00
2025-10-09,1029.0,1109.9,1010.0,1010.0,2228,1010.0,2026-09-03T19:34:20.898816+00:00
2025-10-12,990.0,1008.0,955.6,955.6,4526,955.6,2026-09-03T19:34:20.898816+00:00
2025-10-13,942.0,1004.0,942.0,975.0,2604,975.0,2026-09-03T19:34:20.898816+00:00
2025-10-14,965.0,1001.9,965.0,970.8,1716,970.8,2026-09-03T19:34:20.898816+00:00
2025-10-15,956.0,1004.0,956.0,960.4,3866,960.4,2026-09-03T19:34:20.898816+00:00
2025-10-16,942.0,1015.0,942.0,1015.0,4287,1015.0,2026-09-03T19:34:20.898816+00:00
2025-10-19,1015.0,1015.0,975.0,975.0,312,975.0,2026-09-03T19:34:20.898816+00:00
2025-10-26,955.5,990.0,936.6,980.0,1854,980.0,2026-09-03T19:34:20.898816+00:00
2025-10-28,961.5,1078.0,961.5,1007.0,6284,1007.0,2026-09-03T19:34:20.898816+00:00
2025-10-29,991.0,1021.9,990.0,1002.9,1668,1002.9,2026-09-03T19:34:20.898816+00:00
2025-10-30,1003.0,1015.0,985.0,1010.0,3559,1010.0,2026-09-03T19:34:20.898816+00:00
2025-11-02,1010.0,1043.0,989.9,1035.4,5590,1035.4,2026-09-03T19:34:20.898816+00:00
2025-11-03,1015.0,1054.0,995.1,1019.7,3258,1019.7,2026-09-03T19:34:20.898816+00:00
2025-11-04,1000.0,1039.9,995.0,995.0,1238,995.0,2026-09-03T19:34:20.898816+00:00
2025-11-05,987.1,1008.9,985.0,1007.0,4326,1007.0,2026-09-03T19:34:20.898816+00:00
2025-11-06,1007.0,1027.1,995.0,1022.0,2897,1022.0,2026-09-03T19:34:20.898816+00:00
2025-11-09,1002.1,1008.0,986.0,995.0,2886,995.0,2026-09-03T19:34:20.898816+00:00
2025-11-10,995.0,1008.0,991.0,1002.0,2927,1002.0,2026-09-03T19:34:20.898816+00:00
2025-11-11,982.0,1070.0,982.0,1007.1,2551,1007.1,2026-09-03T19:34:20.898816+00:00
2025-11-12,993.5,1013.0,993.5,997.0,1397,997.0,2026-09-03T19:34:20.898816+00:00
2025-11-13,980.0,1005.0,980.0,1005.0,2290,1005.0,2026-09-03T19:34:20.898816+00:00
2025-11-16,986.7,1014.0,986.1,987.4,366,987.4,2026-09-03T19:34:20.898816+00:00
2025-11-17,981.0,999.9,981.0,997.0,641,997.0,2026-09-03T19:34:20.898816+00:00
2025-11-18,982.0,1010.0,982.0,1003.9,1142,1003.9,2026-09-03T19:34:20.898816+00:00
2025-11-19,1014.0,1014.0,990.0,992.0,904,992.0,2026-09-03T19:34:20.898816+00:00
2025-11-20,987.1,1003.9,986.0,997.9,1377,997.9,2026-09-03T19:34:20.898816+00:00
2025-11-23,980.0,1025.0,980.0,1015.0,3147,1015.0,2026-09-03T19:34:20.898816+00:00
2025-11-24,994.7,1061.2,994.7,1049.0,6452,1049.0,2026-09-03T19:34:20.898816+00:00
2025-11-25,1028.1,1055.0,1025.1,1034.0,3720,1034.0,2026-09-03T19:34:20.898816+00:00
2025-11-26,1013.4,1033.0,1013.4,1032.0,1816,1032.0,2026-09-03T19:34:20.898816+00:00
2025-11-27,1011.4,1036.0,1011.4,1036.0,1851,1036.0,2026-09-03T19:34:20.898816+00:00
2025-11-30,1015.3,1100.0,1015.3,1048.0,10530,1048.0,2026-09-03T19:34:20.898816+00:00
2025-12-01,1028.0,1128.0,1028.0,1080.0,15371,1080.0,2026-09-03T19:34:20.898816+00:00
2025-12-02,1058.4,1135.0,1058.4,1100.0,19761,1100.0,2026-09-03T19:34:20.898816+00:00
2025-12-03,1078.0,1122.0,1078.0,1110.0,18238,1110.0,2026-09-03T19:34:20.898816+00:00
2025-12-07,1110.0,1170.7,1110.0,1134.0,52118,1134.0,2026-09-03T19:34:20.898816+00:00
2025-12-08,1134.0,1139.0,1110.0,1137.9,24385,1137.9,2026-09-03T19:34:20.898816+00:00
2025-12-09,1115.2,1116.1,1095.2,1100.1,11028,1100.1,2026-09-03T19:34:20.898816+00:00
2025-12-10,1081.0,1189.3,1070.0,1090.0,20664,1090.0,2026-09-03T19:34:20.898816+00:00
2025-12-11,1100.0,1110.0,1045.0,1073.0,5241,1073.0,2026-09-03T19:34:20.898816+00:00
2025-12-14,1070.0,1090.9,1036.0,1041.5,30362,1041.5,2026-09-03T19:34:20.898816+00:00
2025-12-15,1020.7,1104.0,1020.7,1050.1,5160,1050.1,2026-09-03T19:34:20.898816+00:00
2025-12-16,1029.1,1110.0,1029.1,1110.0,5504,1110.0,2026-09-03T19:34:20.898816+00:00
2025-12-17,1087.8,1100.0,1045.0,1100.0,11218,1100.0,2026-09-03T19:34:20.898816+00:00
2025-12-18,1078.0,1098.0,1043.0,1080.0,13785,1080.0,2026-09-03T19:34:20.898816+00:00
2025-12-21,1058.4,1070.0,1016.0,1034.9,18200,1034.9,2026-09-03T19:34:20.898816+00:00
2025-12-22,1014.3,1075.6,1000.7,1039.0,9776,1039.0,2026-09-03T19:34:20.898816+00:00
2025-12-23,1059.0,1059.0,1012.0,1015.0,2903,1015.0,2026-09-03T19:34:20.898816+00:00
2025-12-24,1000.0,1071.0,1000.0,1036.9,4804,1036.9,2026-09-03T19:34:20.898816+00:00
2025-12-28,1036.9,1055.0,1030.1,1047.0,6011,1047.0,2026-09-03T19:34:20.898816+00:00
2025-12-29,1026.1,1131.0,1026.1,1057.0,4184,1057.0,2026-09-03T19:34:20.898816+00:00
2025-12-31,1035.9,1119.0,1035.9,1087.0,16189,1087.0,2026-09-03T19:34:20.898816+00:00
2026-01-01,1065.3,1140.0,1042.0,1119.0,20959,1119.0,2026-09-03T19:34:20.898816+00:00
2026-01-04,1096.7,1140.0,1045.0,1081.0,25895,1081.0,2026-09-03T19:34:20.898816+00:00
2026-01-05,963.1,1015.0,963.1,1000.0,11222,1000.0,2026-09-03T19:34:20.898816+00:00
2026-01-06,980.0,1080.0,980.0,1000.0,6392,1000.0,2026-09-03T19:34:20.898816+00:00
2026-01-07,980.0,995.0,969.0,993.0,7662,993.0,2026-09-03T19:34:20.898816+00:00
2026-01-08,973.2,992.0,970.0,988.0,4657,988.0,2026-09-03T19:34:20.898816+00:00
2026-01-12,969.0,988.0,950.0,950.0,15901,950.0,2026-09-03T19:34:20.898816+00:00
2026-01-13,964.0,964.0,921.3,945.0,10428,945.0,2026-09-03T19:34:20.898816+00:00
2026-01-14,955.0,955.0,924.0,953.0,5995,953.0,2026-09-03T19:34:20.898816+00:00
2026-01-18,955.0,984.8,937.1,965.0,5219,965.0,2026-09-03T19:34:20.898816+00:00
2026-01-20,979.9,979.9,951.6,954.0,5114,954.0,2026-09-03T19:34:20.898816+00:00
2026-01-21,968.0,968.0,952.0,952.0,6382,952.0,2026-09-03T19:34:20.898816+00:00
2026-01-22,964.0,964.0,933.1,960.2,9323,960.2,2026-09-03T19:34:20.898816+00:00
2026-01-25,960.2,970.0,950.0,960.1,7785,960.1,2026-09-03T19:34:20.898816+00:00
2026-01-26,960.2,971.9,948.0,960.0,8047,960.0,2026-09-03T19:34:20.898816+00:00
2026-01-27,970.0,970.0,942.0,943.0,5391,943.0,2026-09-03T19:34:20.898816+00:00
2026-01-28,943.0,961.8,935.0,961.8,11456,961.8,2026-09-03T19:34:20.898816+00:00
2026-01-29,960.0,961.8,943.4,951.0,6144,951.0,2026-09-03T19:34:20.898816+00:00
2026-02-01,947.0,963.9,947.0,953.1,3035,953.1,2026-09-03T19:34:20.898816+00:00
2026-02-02,955.0,955.0,940.2,941.0,2557,941.0,2026-09-03T19:34:20.898816+00:00
2026-02-03,953.7,953.9,925.0,945.0,4150,945.0,2026-09-03T19:34:20.898816+00:00
2026-02-04,956.0,957.0,926.2,926.2,3460,926.2,2026-09-03T19:34:20.898816+00:00
2026-02-05,922.3,957.0,922.3,935.0,3091,935.0,2026-09-03T19:34:20.898816+00:00
2026-02-08,922.3,953.0,922.3,931.0,3138,931.0,2026-09-03T19:34:20.898816+00:00
2026-02-09,925.0,941.0,923.0,925.0,3104,925.0,2026-09-03T19:34:20.898816+00:00
2026-02-10,921.8,930.0,915.0,923.0,1842,923.0,2026-09-03T19:34:20.898816+00:00
2026-02-11,936.0,938.0,920.0,924.8,2545,924.8,2026-09-03T19:34:20.898816+00:00
2026-02-12,935.0,935.0,915.0,917.0,6085,917.0,2026-09-03T19:34:20.898816+00:00
2026-02-16,928.0,928.0,898.0,910.0,8550,910.0,2026-09-03T19:34:20.898816+00:00
2026-02-17,897.3,987.2,897.3,911.0,3660,911.0,2026-09-03T19:34:20.898816+00:00
2026-02-22,911.0,958.1,893.0,958.1,4633,958.1,2026-09-03T19:34:20.898816+00:00
2026-02-23,939.0,939.0,915.2,920.0,3386,920.0,2026-09-03T19:34:20.898816+00:00
2026-02-24,933.0,933.0,909.0,929.9,1408,929.9,2026-09-03T19:34:20.898816+00:00
2026-02-25,915.1,925.0,910.0,925.0,3536,925.0,2026-09-03T19:34:20.898816+00:00
2026-02-26,930.0,930.0,911.5,917.0,565,917.0,2026-09-03T19:34:20.898816+00:00
2026-03-01,900.0,924.0,899.1,917.0,1776,917.0,2026-09-03T19:34:20.898816+00:00
2026-03-03,917.0,930.9,907.0,924.5,2558,924.5,2026-09-03T19:34:20.898816+00:00
2026-03-09,942.9,942.9,942.9,942.9,310,942.9,2026-09-03T19:34:20.898816+00:00
2026-03-10,961.7,998.5,945.1,977.0,12942,977.0,2026-09-03T19:34:20.898816+00:00
2026-03-11,958.0,980.0,947.8,950.2,5399,950.2,2026-09-03T19:34:20.898816+00:00
2026-03-12,938.0,969.0,938.0,958.5,1914,958.5,2026-09-03T19:34:20.898816+00:00
2026-03-15,960.0,970.0,938.0,950.0,6359,950.0,2026-09-03T19:34:20.898816+00:00
2026-03-16,940.0,950.0,934.0,949.7,1970,949.7,2026-09-03T19:34:20.898816+00:00
2026-03-17,955.0,955.0,935.9,946.0,2273,946.0,2026-09-03T19:34:20.898816+00:00
2026-03-19,936.1,970.0,936.1,965.0,8053,965.0,2026-09-03T19:34:20.898816+00:00
2026-03-22,975.0,1012.0,965.1,1001.9,21930,1001.9,2026-09-03T19:34:20.898816+00:00
2026-03-23,1021.9,1021.9,990.0,993.0,7148,993.0,2026-09-03T19:34:20.898816+00:00
2026-03-24,974.0,1014.0,974.0,995.0,10241,995.0,2026-09-03T19:34:20.898816+00:00
2026-03-25,977.1,996.0,970.0,976.0,9397,976.0,2026-09-03T19:34:20.898816+00:00
2026-03-26,976.0,985.0,965.0,985.0,3333,985.0,2026-09-03T19:34:20.898816+00:00
2026-03-29,968.5,968.5,950.1,953.0,8570,953.0,2026-09-03T19:34:20.898816+00:00
2026-03-30,951.0,963.5,911.4,939.0,13207,939.0,2026-09-03T19:34:20.898816+00:00
2026-03-31,926.0,951.0,920.0,942.1,6585,942.1,2026-09-03T19:34:20.898816+00:00
2026-04-01,931.0,942.0,920.0,920.0,3454,920.0,2026-09-03T19:34:20.898816+00:00
2026-04-02,907.2,928.0,895.0,901.5,8464,901.5,2026-09-03T19:34:20.898816+00:00
2026-04-05,919.5,919.5,861.0,875.0,10769,875.0,2026-09-03T19:34:20.898816+00:00
2026-04-06,892.5,901.0,874.7,900.0,7988,900.0,2026-09-03T19:34:20.898816+00:00
2026-04-07,913.0,918.0,893.1,904.0,4434,904.0,2026-09-03T19:34:20.898816+00:00
2026-04-08,890.0,937.5,890.0,937.5,6303,937.5,2026-09-03T19:34:20.898816+00:00
2026-04-09,931.0,958.0,926.2,950.0,5553,950.0,2026-09-03T19:34:20.898816+00:00
2026-04-10,950.0,963.0,926.2,928.0,9136,928.0,2026-09-03T19:34:20.898816+00:00
2026-04-13,929.0,930.0,911.0,915.0,6480,915.0,2026-09-03T19:34:20.898816+00:00
2026-04-15,915.0,933.0,902.0,921.0,8168,921.0,2026-09-03T19:34:20.898816+00:00
2026-04-16,936.5,957.0,900.5,925.0,6534,925.0,2026-09-03T19:34:20.898816+00:00
2026-04-17,937.0,937.0,900.0,910.0,5226,910.0,2026-09-03T19:34:20.898816+00:00
2026-04-20,890.0,926.4,890.0,915.0,4281,915.0,2026-09-03T19:34:20.898816+00:00
2026-04-21,905.1,918.0,905.0,908.0,13365,908.0,2026-09-03T19:34:20.898816+00:00
2026-04-22,890.1,917.0,885.0,895.0,13300,895.0,2026-09-03T19:34:20.898816+00:00
2026-04-23,890.1,910.0,890.0,893.1,3520,893.1,2026-09-03T19:34:20.898816+00:00
2026-04-24,893.1,1004.2,873.1,915.0,3907,915.0,2026-09-03T19:34:20.898816+00:00
2026-04-27,915.0,910.0,890.0,899.5,7092,899.5,2026-09-03T19:34:20.898816+00:00
2026-04-28,899.5,900.0,885.1,885.1,2442,885.1,2026-09-03T19:34:20.898816+00:00
2026-04-29,885.1,894.9,865.1,869.0,2857,869.0,2026-09-03T19:34:20.898816+00:00
2026-04-30,889.9,889.9,865.0,879.0,3124,879.0,2026-09-03T19:34:20.898816+00:00
2026-05-04,865.3,880.0,865.3,870.0,2918,870.0,2026-09-03T19:34:20.898816+00:00
2026-05-05,870.0,896.0,860.0,888.0,2611,888.0,2026-09-03T19:34:20.898816+00:00
2026-05-06,888.0,888.0,865.6,870.0,470,870.0,2026-09-03T19:34:20.898816+00:00
2026-05-07,882.0,882.0,870.1,877.7,492,877.7,2026-09-03T19:34:20.898816+00:00
2026-05-08,886.0,886.0,872.0,885.8,2072,885.8,2026-09-03T19:34:20.898816+00:00
2026-05-11,885.8,889.0,875.0,879.0,5168,879.0,2026-09-03T19:34:20.898816+00:00
2026-05-12,922.0,922.0,870.0,889.7,3586,889.7,2026-09-03T19:34:20.898816+00:00
2026-05-13,875.5,885.0,875.5,884.8,283,884.8,2026-09-03T19:34:20.898816+00:00
2026-05-14,861.5,886.0,861.2,866.0,1276,866.0,2026-09-03T19:34:20.898816+00:00
2026-05-15,870.0,872.7,863.1,872.0,927,872.0,2026-09-03T19:34:20.898816+00:00
2026-05-18,857.0,870.0,857.0,864.0,2194,864.0,2026-09-03T19:34:20.898816+00:00
2026-05-19,845.5,867.0,845.5,865.0,1066,865.0,2026-09-03T19:34:20.898816+00:00
2026-05-20,865.0,867.0,860.1,860.2,3970,860.2,2026-09-03T19:34:20.898816+00:00
2026-05-21,869.5,869.5,855.5,866.0,879,866.0,2026-09-03T19:34:20.898816+00:00
2026-05-22,841.1,860.0,840.5,860.0,4603,860.0,2026-09-03T19:34:20.898816+00:00
2026-05-25,860.0,875.0,855.0,875.0,2633,875.0,2026-09-03T19:34:20.898816+00:00
2026-05-26,884.0,884.0,862.2,872.0,2007,872.0,2026-09-03T19:34:20.898816+00:00
2026-05-27,850.0,928.5,850.0,874.9,316,874.9,2026-09-03T19:34:20.898816+00:00
2026-06-01,861.5,868.0,860.0,863.9,775,863.9,2026-09-03T19:34:20.898816+00:00
2026-06-02,859.0,873.7,859.0,860.0,538,860.0,2026-09-03T19:34:20.898816+00:00
2026-06-03,867.0,879.0,861.1,863.0,1642,863.0,2026-09-03T19:34:20.898816+00:00
2026-06-04,865.0,875.0,865.0,872.0,1223,872.0,2026-09-03T19:34:20.898816+00:00
2026-06-05,872.0,872.0,861.0,871.0,496,871.0,2026-09-03T19:34:20.898816+00:00
2026-06-08,865.0,865.0,852.0,859.0,1833,859.0,2026-09-03T19:34:20.898816+00:00
2026-06-09,854.0,868.0,850.4,850.4,2596,850.4,2026-09-03T19:34:20.898816+00:00
2026-06-10,850.2,860.0,850.2,856.1,303,856.1,2026-09-03T19:34:20.898816+00:00
2026-06-11,843.0,856.0,843.0,847.1,1117,847.1,2026-09-03T19:34:20.898816+00:00
2026-06-12,845.0,854.0,842.0,854.0,426,854.0,2026-09-03T19:34:20.898816+00:00
2026-06-15,854.5,854.5,840.1,847.9,3946,847.9,2026-09-03T19:34:20.898816+00:00
2026-06-16,848.2,852.0,840.0,849.0,3271,849.0,2026-09-03T19:34:20.898816+00:00
2026-06-17,860.0,860.9,845.0,846.0,746,846.0,2026-09-03T19:34:20.898816+00:00
2026-06-18,835.0,849.9,830.0,837.0,1620,837.0,2026-09-03T19:34:20.898816+00:00
2026-06-19,831.0,843.0,826.3,830.0,1507,830.0,2026-09-03T19:34:20.898816+00:00
2026-06-22,789.0,854.0,789.0,844.9,2288,844.9,2026-09-03T19:34:20.898816+00:00
2026-06-23,825.0,849.0,825.0,830.3,2018,830.3,2026-09-03T19:34:20.898816+00:00
2026-06-24,820.0,828.0,815.0,815.3,1040,815.3,2026-09-03T19:34:20.898816+00:00
2026-06-25,806.0,930.0,803.2,920.0,5195,920.0,2026-09-03T19:34:20.898816+00:00
2026-06-26,892.4,892.4,820.6,821.0,2723,821.0,2026-09-03T19:34:20.898816+00:00
2026-06-29,797.2,845.6,791.0,823.0,2052,823.0,2026-09-03T19:34:20.898816+00:00
2026-06-30,823.0,823.0,777.7,816.9,6047,816.9,2026-09-03T19:34:20.898816+00:00
2026-07-01,816.9,824.0,800.1,810.0,1970,810.0,2026-09-03T19:34:20.898816+00:00
2026-07-02,832.9,832.9,795.1,815.5,2168,815.5,2026-09-03T19:34:20.898816+00:00
2026-07-03,816.6,819.0,800.0,815.0,1864,815.0,2026-09-03T19:34:20.898816+00:00
2026-07-06,797.0,809.9,790.0,809.0,1915,809.0,2026-09-03T19:34:20.898816+00:00
2026-07-07,809.0,825.3,800.6,818.0,413,818.0,2026-09-03T19:34:20.898816+00:00
2026-07-08,794.0,808.9,777.7,794.9,1303,794.9,2026-09-03T19:34:20.898816+00:00
2026-07-09,779.0,790.0,770.0,790.0,1876,790.0,2026-09-03T19:34:20.898816+00:00
2026-07-10,813.6,837.9,780.0,800.0,1186,800.0,2026-09-03T19:34:20.898816+00:00
2026-07-13,808.0,809.0,760.0,766.0,7732,766.0,2026-09-03T19:34:20.898816+00:00
2026-07-14,787.5,787.5,735.0,760.0,4432,760.0,2026-09-03T19:34:20.898816+00:00
2026-07-15,739.2,782.5,739.2,760.0,1322,760.0,2026-09-03T19:34:20.898816+00:00
2026-07-16,761.0,780.0,750.0,772.6,857,772.6,2026-09-03T19:34:20.898816+00:00
2026-07-17,782.0,799.9,770.0,797.9,2603,797.9,2026-09-03T19:34:20.898816+00:00
2026-07-20,809.0,810.0,785.0,802.0,1073,802.0,2026-09-03T19:34:20.898816+00:00
2026-07-21,802.0,823.0,802.0,815.0,609,815.0,2026-09-03T19:34:20.898816+00:00
2026-07-22,792.0,815.0,791.0,803.0,3285,803.0,2026-09-03T19:34:20.898816+00:00
2026-07-23,808.0,808.0,779.5,806.9,1276,806.9,2026-09-03T19:34:20.898816+00:00
2026-07-24,800.0,806.0,791.6,806.0,1517,806.0,2026-09-03T19:34:20.898816+00:00
2026-07-27,800.0,800.0,777.0,780.0,3094,780.0,2026-09-03T19:34:20.898816+00:00
2026-07-28,761.0,788.0,756.6,787.0,2495,787.0,2026-09-03T19:34:20.898816+00:00
2026-07-29,787.0,789.0,763.8,784.0,4774,784.0,2026-09-03T19:34:20.898816+00:00
2026-07-30,784.0,784.0,761.3,779.5,2158,779.5,2026-09-03T19:34:20.898816+00:00
2026-07-31,779.0,787.0,760.3,766.4,2071,766.4,2026-09-03T19:34:20.898816+00:00
2026-08-03,750.1,789.7,750.0,777.9,1097,777.9,2026-09-03T19:34:20.898816+00:00
2026-08-04,774.0,774.0,759.0,770.0,1947,770.0,2026-09-03T19:34:20.898816+00:00
2026-08-05,770.0,775.0,770.0,770.0,338,770.0,2026-09-03T19:34:20.898816+00:00
2026-08-06,757.6,765.0,757.6,760.2,1750,760.2,2026-09-03T19:34:20.898816+00:00
2026-08-07,771.8,780.0,760.0,777.0,5331,777.0,2026-09-03T19:34:20.898816+00:00
2026-08-10,738.2,815.0,738.2,807.9,10382,807.9,2026-09-03T19:34:20.898816+00:00
2026-08-11,807.9,815.0,798.0,800.0,2606,800.0,2026-09-03T19:34:20.898816+00:00
2026-08-12,800.0,808.0,750.0,796.3,6542,796.3,2026-09-03T19:34:20.898816+00:00
2026-08-13,795.0,796.0,772.0,780.0,4044,780.0,2026-09-03T19:34:20.898816+00:00
2026-08-14,800.0,800.0,775.0,785.0,1672,785.0,2026-09-03T19:34:20.898816+00:00
2026-08-17,793.0,793.0,770.0,770.0,310,770.0,2026-09-03T19:34:20.898816+00:00
2026-08-18,761.0,783.0,761.0,783.0,1323,783.0,2026-09-03T19:34:20.898816+00:00
2026-08-19,788.7,788.9,765.0,785.0,2713,785.0,2026-09-03T19:34:20.898816+00:00
2026-08-20,790.0,797.7,774.0,780.0,321,780.0,2026-09-03T19:34:20.898816+00:00
2026-08-21,766.1,784.0,766.1,774.0,2114,774.0,2026-09-03T19:34:20.898816+00:00
2026-08-24,783.3,783.3,766.6,770.0,1976,770.0,2026-09-03T19:34:20.898816+00:00
2026-08-25,770.0,783.0,761.5,783.0,1999,783.0,2026-09-03T19:34:20.898816+00:00
2026-08-26,780.0,780.0,762.0,778.0,2228,778.0,2026-09-03T19:34:20.898816+00:00
2026-08-27,763.0,775.0,763.0,774.6,382,774.6,2026-09-03T19:34:20.898816+00:00
2026-08-31,762.0,768.0,745.5,767.0,2055,767.0,2026-09-03T19:34:20.898816+00:00
2026-09-01,782.0,782.0,762.0,762.1,895,762.1,2026-09-03T19:34:20.898816+00:00
2026-09-02,755.1,764.0,743.1,763.0,1864,763.0,2026-09-03T19:34:20.898816+00:00
2026-09-03,735.0,875.0,735.0,772.0,9805,772.0,2026-09-03T19:34:20.898816+00:00
