date,open,high,low,close,volume,adj_close,fetched_at
2017-09-26,216.0,218.0,214.0,218.0,10633,218.0,2026-09-03T19:34:09.256426+00:00
2017-10-03,218.0,218.0,213.0,217.0,2751,217.0,2026-09-03T19:34:09.256426+00:00
2017-10-04,217.0,222.0,215.0,215.0,6871,215.0,2026-09-03T19:34:09.256426+00:00
2017-10-08,215.0,212.0,203.0,211.0,12008,211.0,2026-09-03T19:34:09.256426+00:00
2017-10-09,211.0,212.0,204.0,206.0,7255,206.0,2026-09-03T19:34:09.256426+00:00
2017-10-10,206.0,211.0,205.0,207.0,5882,207.0,2026-09-03T19:34:09.256426+00:00
2017-10-11,207.0,210.0,204.0,207.0,5223,207.0,2026-09-03T19:34:09.256426+00:00
2017-10-12,207.0,209.0,207.0,209.0,2728,209.0,2026-09-03T19:34:09.256426+00:00
2017-10-15,209.0,213.0,207.0,208.0,4111,208.0,2026-09-03T19:34:09.256426+00:00
2017-10-16,208.0,217.0,208.0,217.0,6763,217.0,2026-09-03T19:34:09.256426+00:00
2017-10-17,217.0,221.0,212.0,213.0,3147,213.0,2026-09-03T19:34:09.256426+00:00
2017-10-18,213.0,217.0,211.0,217.0,10641,217.0,2026-09-03T19:34:09.256426+00:00
2017-10-22,217.0,223.0,217.0,218.0,4750,218.0,2026-09-03T19:34:09.256426+00:00
2017-10-23,218.0,216.0,214.0,216.0,8048,216.0,2026-09-03T19:34:09.256426+00:00
2017-10-24,216.0,217.0,212.0,217.0,8416,217.0,2026-09-03T19:34:09.256426+00:00
2017-10-25,217.0,215.0,212.0,213.0,2494,213.0,2026-09-03T19:34:09.256426+00:00
2017-10-29,213.0,215.0,211.0,211.0,4124,211.0,2026-09-03T19:34:09.256426+00:00
2017-10-30,211.0,213.0,208.0,211.0,5957,211.0,2026-09-03T19:34:09.256426+00:00
2017-10-31,211.0,212.0,209.0,210.0,1228,210.0,2026-09-03T19:34:09.256426+00:00
2017-11-01,210.0,209.0,206.0,208.0,8997,208.0,2026-09-03T19:34:09.256426+00:00
2017-11-02,208.0,209.0,206.0,208.0,6568,208.0,2026-09-03T19:34:09.256426+00:00
2017-11-05,208.0,208.0,203.0,205.0,11845,205.0,2026-09-03T19:34:09.256426+00:00
2017-11-06,205.0,209.0,200.0,202.0,16064,202.0,2026-09-03T19:34:09.256426+00:00
2017-11-07,202.0,207.0,201.0,202.0,7720,202.0,2026-09-03T19:34:09.256426+00:00
2017-11-08,202.0,203.0,200.0,200.0,10537,200.0,2026-09-03T19:34:09.256426+00:00
2017-11-09,200.0,204.0,197.0,200.0,12107,200.0,2026-09-03T19:34:09.256426+00:00
2017-11-12,200.0,205.0,200.0,205.0,6391,205.0,2026-09-03T19:34:09.256426+00:00
2017-11-13,205.0,206.0,200.0,203.0,3313,203.0,2026-09-03T19:34:09.256426+00:00
2017-11-14,203.0,205.0,202.0,205.0,13191,205.0,2026-09-03T19:34:09.256426+00:00
2017-11-15,205.0,206.0,201.0,202.0,4215,202.0,2026-09-03T19:34:09.256426+00:00
2017-11-16,202.0,202.0,199.0,199.0,7950,199.0,2026-09-03T19:34:09.256426+00:00
2017-11-19,199.0,197.0,195.0,195.0,6493,195.0,2026-09-03T19:34:09.256426+00:00
2017-11-20,195.0,197.0,195.0,195.0,3732,195.0,2026-09-03T19:34:09.256426+00:00
2017-11-21,195.0,197.0,192.0,192.0,7785,192.0,2026-09-03T19:34:09.256426+00:00
2017-11-22,192.0,195.0,190.0,195.0,16639,195.0,2026-09-03T19:34:09.256426+00:00
2017-11-23,195.0,196.0,191.0,194.0,10125,194.0,2026-09-03T19:34:09.256426+00:00
2017-11-26,194.0,199.0,193.0,199.0,7093,199.0,2026-09-03T19:34:09.256426+00:00
2017-11-27,199.0,198.0,192.0,192.0,13620,192.0,2026-09-03T19:34:09.256426+00:00
2017-11-28,192.0,196.0,193.0,195.0,4445,195.0,2026-09-03T19:34:09.256426+00:00
2017-11-29,195.0,201.0,193.0,193.0,12044,193.0,2026-09-03T19:34:09.256426+00:00
2017-11-30,193.0,196.0,191.0,193.0,11202,193.0,2026-09-03T19:34:09.256426+00:00
2017-12-04,193.0,197.0,193.0,196.0,4879,196.0,2026-09-03T19:34:09.256426+00:00
2017-12-05,196.0,198.0,193.0,194.0,3183,194.0,2026-09-03T19:34:09.256426+00:00
2017-12-06,194.0,199.0,194.0,199.0,6643,199.0,2026-09-03T19:34:09.256426+00:00
2017-12-10,199.0,202.0,191.0,194.0,19133,194.0,2026-09-03T19:34:09.256426+00:00
2017-12-11,194.0,195.0,192.0,193.0,7804,193.0,2026-09-03T19:34:09.256426+00:00
2017-12-12,193.0,194.0,190.0,194.0,13955,194.0,2026-09-03T19:34:09.256426+00:00
2017-12-13,194.0,195.0,191.0,192.0,2131,192.0,2026-09-03T19:34:09.256426+00:00
2017-12-14,192.0,193.0,189.0,193.0,5148,193.0,2026-09-03T19:34:09.256426+00:00
2017-12-17,193.0,196.0,191.0,195.0,10321,195.0,2026-09-03T19:34:09.256426+00:00
2017-12-18,195.0,194.0,191.0,191.0,6507,191.0,2026-09-03T19:34:09.256426+00:00
2017-12-19,191.0,192.0,189.0,190.0,14384,190.0,2026-09-03T19:34:09.256426+00:00
2017-12-20,190.0,191.0,187.0,190.0,1704,190.0,2026-09-03T19:34:09.256426+00:00
2017-12-21,190.0,193.0,187.0,190.0,6024,190.0,2026-09-03T19:34:09.256426+00:00
2017-12-24,190.0,189.0,185.0,185.0,3509,185.0,2026-09-03T19:34:09.256426+00:00
2017-12-26,185.0,188.0,183.0,185.0,17861,185.0,2026-09-03T19:34:09.256426+00:00
2017-12-27,185.0,185.0,177.0,177.0,17070,177.0,2026-09-03T19:34:09.256426+00:00
2017-12-28,177.0,178.0,173.0,174.0,12381,174.0,2026-09-03T19:34:09.256426+00:00
2017-12-31,174.0,177.0,172.0,177.0,6510,177.0,2026-09-03T19:34:09.256426+00:00
2018-01-01,177.0,183.0,172.0,182.0,14498,182.0,2026-09-03T19:34:09.256426+00:00
2018-01-02,182.0,183.0,176.0,179.0,9568,179.0,2026-09-03T19:34:09.256426+00:00
2018-01-03,179.0,179.0,174.0,177.0,6772,177.0,2026-09-03T19:34:09.256426+00:00
2018-01-04,177.0,179.0,174.0,175.0,7766,175.0,2026-09-03T19:34:09.256426+00:00
2018-01-07,175.0,176.0,173.0,174.0,11665,174.0,2026-09-03T19:34:09.256426+00:00
2018-01-08,174.0,180.0,176.0,179.0,8284,179.0,2026-09-03T19:34:09.256426+00:00
2018-01-09,179.0,182.0,177.0,178.0,8927,178.0,2026-09-03T19:34:09.256426+00:00
2018-01-10,178.0,179.0,174.0,179.0,12521,179.0,2026-09-03T19:34:09.256426+00:00
2018-01-14,179.0,179.0,173.0,175.0,12179,175.0,2026-09-03T19:34:09.256426+00:00
2018-01-16,175.0,175.0,168.0,175.0,51856,175.0,2026-09-03T19:34:09.256426+00:00
2018-01-17,165.0,168.0,156.0,161.0,12215,161.0,2026-09-03T19:34:09.256426+00:00
2018-01-21,161.0,162.0,156.0,158.0,4398,158.0,2026-09-03T19:34:09.256426+00:00
2018-01-22,158.0,170.0,155.0,170.0,13749,170.0,2026-09-03T19:34:09.256426+00:00
2018-01-23,170.0,167.0,161.0,164.0,6111,164.0,2026-09-03T19:34:09.256426+00:00
2018-01-24,164.0,163.0,160.0,161.0,7786,161.0,2026-09-03T19:34:09.256426+00:00
2018-01-25,161.0,165.0,161.0,164.0,7200,164.0,2026-09-03T19:34:09.256426+00:00
2018-01-28,164.0,167.0,162.0,162.0,16245,162.0,2026-09-03T19:34:09.256426+00:00
2018-01-29,162.0,167.0,161.0,165.0,15792,165.0,2026-09-03T19:34:09.256426+00:00
2018-01-31,165.0,166.0,163.0,166.0,3574,166.0,2026-09-03T19:34:09.256426+00:00
2018-02-01,166.0,169.0,165.0,167.0,4312,167.0,2026-09-03T19:34:09.256426+00:00
2018-02-04,167.0,168.0,165.0,166.0,4970,166.0,2026-09-03T19:34:09.256426+00:00
2018-02-05,166.0,167.0,164.0,164.0,7246,164.0,2026-09-03T19:34:09.256426+00:00
2018-02-06,164.0,164.0,162.0,162.0,8133,162.0,2026-09-03T19:34:09.256426+00:00
2018-02-07,162.0,165.0,160.0,161.0,4684,161.0,2026-09-03T19:34:09.256426+00:00
2018-02-08,161.0,163.0,161.0,162.0,3816,162.0,2026-09-03T19:34:09.256426+00:00
2018-02-11,162.0,164.0,162.0,162.0,3559,162.0,2026-09-03T19:34:09.256426+00:00
2018-02-12,162.0,165.0,161.0,165.0,5787,165.0,2026-09-03T19:34:09.256426+00:00
2018-02-14,165.0,165.0,161.0,165.0,5939,165.0,2026-09-03T19:34:09.256426+00:00
2018-02-15,165.0,170.0,165.0,170.0,15960,170.0,2026-09-03T19:34:09.256426+00:00
2018-02-18,173.0,173.0,167.0,167.0,12374,167.0,2026-09-03T19:34:09.256426+00:00
2018-02-20,170.0,173.0,164.0,164.0,4917,164.0,2026-09-03T19:34:09.256426+00:00
2018-02-21,164.0,165.0,162.0,163.0,4196,163.0,2026-09-03T19:34:09.256426+00:00
2018-02-22,162.0,165.0,162.0,164.0,10102,164.0,2026-09-03T19:34:09.256426+00:00
2018-02-25,164.0,165.0,162.0,162.0,3524,162.0,2026-09-03T19:34:09.256426+00:00
2018-02-26,160.0,163.0,160.0,161.0,12149,161.0,2026-09-03T19:34:09.256426+00:00
2018-02-27,161.0,164.0,160.0,160.0,14687,160.0,2026-09-03T19:34:09.256426+00:00
2018-02-28,162.0,162.0,158.0,158.0,13147,158.0,2026-09-03T19:34:09.256426+00:00
2018-03-04,157.0,160.0,153.0,157.0,16652,157.0,2026-09-03T19:34:09.256426+00:00
2018-03-05,160.0,160.0,153.0,153.0,8549,153.0,2026-09-03T19:34:09.256426+00:00
2018-03-06,155.0,159.0,152.0,155.0,15596,155.0,2026-09-03T19:34:09.256426+00:00
2018-03-07,155.0,161.0,155.0,157.0,8461,157.0,2026-09-03T19:34:09.256426+00:00
2018-03-11,157.0,157.0,153.0,153.0,8722,153.0,2026-09-03T19:34:09.256426+00:00
2018-03-12,152.0,156.0,152.0,153.0,5064,153.0,2026-09-03T19:34:09.256426+00:00
2018-03-13,152.0,154.0,152.0,152.0,5771,152.0,2026-09-03T19:34:09.256426+00:00
2018-03-14,154.0,155.0,152.0,152.0,3266,152.0,2026-09-03T19:34:09.256426+00:00
2018-03-15,152.0,155.0,152.0,154.0,6164,154.0,2026-09-03T19:34:09.256426+00:00
2018-03-18,154.0,156.0,151.0,153.0,5494,153.0,2026-09-03T19:34:09.256426+00:00
2018-03-19,152.0,153.0,150.0,151.0,9491,151.0,2026-09-03T19:34:09.256426+00:00
2018-03-20,151.0,152.0,149.0,150.0,6850,150.0,2026-09-03T19:34:09.256426+00:00
2018-03-21,150.0,153.0,146.0,147.0,13773,147.0,2026-09-03T19:34:09.256426+00:00
2018-03-22,147.0,151.0,147.0,148.0,3368,148.0,2026-09-03T19:34:09.256426+00:00
2018-03-26,146.0,149.0,141.0,144.0,7627,144.0,2026-09-03T19:34:09.256426+00:00
2018-03-27,145.0,150.0,139.0,147.0,19831,147.0,2026-09-03T19:34:09.256426+00:00
2018-03-28,149.0,149.0,142.0,145.0,4110,145.0,2026-09-03T19:34:09.256426+00:00
2018-03-29,147.0,153.0,145.0,153.0,9664,153.0,2026-09-03T19:34:09.256426+00:00
2018-04-01,150.0,150.0,145.0,149.0,4827,149.0,2026-09-03T19:34:09.256426+00:00
2018-04-02,149.0,150.0,146.0,147.0,3043,147.0,2026-09-03T19:34:09.256426+00:00
2018-04-03,147.0,150.0,145.0,149.0,2982,149.0,2026-09-03T19:34:09.256426+00:00
2018-04-04,150.0,155.0,147.0,155.0,18059,155.0,2026-09-03T19:34:09.256426+00:00
2018-04-05,158.0,158.0,149.0,156.0,16538,156.0,2026-09-03T19:34:09.256426+00:00
2018-04-08,159.0,162.0,153.0,158.0,25851,158.0,2026-09-03T19:34:09.256426+00:00
2018-04-09,161.0,164.0,152.0,152.0,21365,152.0,2026-09-03T19:34:09.256426+00:00
2018-04-10,149.0,156.0,149.0,156.0,12966,156.0,2026-09-03T19:34:09.256426+00:00
2018-04-11,153.0,155.0,150.0,154.0,4098,154.0,2026-09-03T19:34:09.256426+00:00
2018-04-12,151.0,155.0,151.0,153.0,22179,153.0,2026-09-03T19:34:09.256426+00:00
2018-04-15,151.0,154.0,151.0,152.0,6634,152.0,2026-09-03T19:34:09.256426+00:00
2018-04-16,152.0,158.0,152.0,154.0,6743,154.0,2026-09-03T19:34:09.256426+00:00
2018-04-17,155.0,159.0,154.0,157.0,11656,157.0,2026-09-03T19:34:09.256426+00:00
2018-04-18,157.0,172.0,155.0,165.0,22922,165.0,2026-09-03T19:34:09.256426+00:00
2018-04-19,165.0,170.0,162.0,170.0,25208,170.0,2026-09-03T19:34:09.256426+00:00
2018-04-22,173.0,180.0,168.0,180.0,29361,180.0,2026-09-03T19:34:09.256426+00:00
2018-04-23,179.0,180.0,169.0,170.0,25972,170.0,2026-09-03T19:34:09.256426+00:00
2018-04-24,168.0,169.0,165.0,165.0,7601,165.0,2026-09-03T19:34:09.256426+00:00
2018-04-25,165.0,172.0,164.0,167.0,9428,167.0,2026-09-03T19:34:09.256426+00:00
2018-04-26,165.0,168.0,162.0,162.0,13429,162.0,2026-09-03T19:34:09.256426+00:00
2018-04-29,162.0,169.0,161.0,164.0,19353,164.0,2026-09-03T19:34:09.256426+00:00
2018-05-02,165.0,167.0,160.0,166.0,7013,166.0,2026-09-03T19:34:09.256426+00:00
2018-05-03,167.0,172.0,167.0,170.0,27699,170.0,2026-09-03T19:34:09.256426+00:00
2018-05-06,173.0,173.0,170.0,171.0,17493,171.0,2026-09-03T19:34:09.256426+00:00
2018-05-07,173.0,173.0,166.0,167.0,4203,167.0,2026-09-03T19:34:09.256426+00:00
2018-05-08,168.0,171.0,165.0,171.0,5413,171.0,2026-09-03T19:34:09.256426+00:00
2018-05-09,171.0,172.0,169.0,170.0,8643,170.0,2026-09-03T19:34:09.256426+00:00
2018-05-10,170.0,170.0,167.0,167.0,14200,167.0,2026-09-03T19:34:09.256426+00:00
2018-05-14,164.0,167.0,164.0,165.0,9729,165.0,2026-09-03T19:34:09.256426+00:00
2018-05-15,165.0,165.0,162.0,162.0,7705,162.0,2026-09-03T19:34:09.256426+00:00
2018-05-16,161.0,167.0,161.0,166.0,3831,166.0,2026-09-03T19:34:09.256426+00:00
2018-05-17,167.0,167.0,165.0,167.0,2310,167.0,2026-09-03T19:34:09.256426+00:00
2018-05-20,165.0,168.0,163.0,168.0,4755,168.0,2026-09-03T19:34:09.256426+00:00
2018-05-21,165.0,168.0,162.0,165.0,6687,165.0,2026-09-03T19:34:09.256426+00:00
2018-05-22,162.0,168.0,162.0,166.0,8368,166.0,2026-09-03T19:34:09.256426+00:00
2018-05-23,166.0,166.0,164.0,166.0,2903,166.0,2026-09-03T19:34:09.256426+00:00
2018-05-24,168.0,168.0,162.0,162.0,8218,162.0,2026-09-03T19:34:09.256426+00:00
2018-05-27,161.0,163.0,158.0,160.0,13277,160.0,2026-09-03T19:34:09.256426+00:00
2018-05-28,160.0,166.0,158.0,165.0,17792,165.0,2026-09-03T19:34:09.256426+00:00
2018-05-29,168.0,168.0,161.0,163.0,9215,163.0,2026-09-03T19:34:09.256426+00:00
2018-05-30,165.0,168.0,163.0,164.0,7007,164.0,2026-09-03T19:34:09.256426+00:00
2018-05-31,165.0,165.0,161.0,162.0,2801,162.0,2026-09-03T19:34:09.256426+00:00
2018-06-03,160.0,162.0,154.0,157.0,15912,157.0,2026-09-03T19:34:09.256426+00:00
2018-06-04,154.0,160.0,153.0,156.0,7558,156.0,2026-09-03T19:34:09.256426+00:00
2018-06-06,159.0,160.0,157.0,157.0,3050,157.0,2026-09-03T19:34:09.256426+00:00
2018-06-07,159.0,159.0,155.0,156.0,15380,156.0,2026-09-03T19:34:09.256426+00:00
2018-06-10,157.0,157.0,153.0,156.0,13771,156.0,2026-09-03T19:34:09.256426+00:00
2018-06-11,155.0,157.0,153.0,154.0,7649,154.0,2026-09-03T19:34:09.256426+00:00
2018-06-12,154.0,156.0,154.0,155.0,4329,155.0,2026-09-03T19:34:09.256426+00:00
2018-06-13,152.0,158.0,152.0,155.0,2044,155.0,2026-09-03T19:34:09.256426+00:00
2018-06-14,158.0,161.0,156.0,156.0,9394,156.0,2026-09-03T19:34:09.256426+00:00
2018-06-17,154.0,157.0,154.0,155.0,13075,155.0,2026-09-03T19:34:09.256426+00:00
2018-06-18,155.0,156.0,154.0,156.0,11019,156.0,2026-09-03T19:34:09.256426+00:00
2018-06-19,153.0,155.0,153.0,154.0,1685,154.0,2026-09-03T19:34:09.256426+00:00
2018-06-20,156.0,156.0,153.0,153.0,3319,153.0,2026-09-03T19:34:09.256426+00:00
2018-06-21,152.0,155.0,152.0,154.0,5841,154.0,2026-09-03T19:34:09.256426+00:00
2018-06-24,154.0,157.0,152.0,152.0,2738,152.0,2026-09-03T19:34:09.256426+00:00
2018-06-25,155.0,157.0,148.0,150.0,8099,150.0,2026-09-03T19:34:09.256426+00:00
2018-06-26,150.0,155.0,149.0,152.0,6837,152.0,2026-09-03T19:34:09.256426+00:00
2018-06-27,153.0,154.0,152.0,152.0,2743,152.0,2026-09-03T19:34:09.256426+00:00
2018-06-28,152.0,154.0,152.0,153.0,9678,153.0,2026-09-03T19:34:09.256426+00:00
2018-07-01,152.0,156.0,151.0,151.0,30209,151.0,2026-09-03T19:34:09.256426+00:00
2018-07-02,143.0,144.0,138.0,144.0,8151,144.0,2026-09-03T19:34:09.256426+00:00
2018-07-03,143.0,143.0,138.0,138.0,7821,138.0,2026-09-03T19:34:09.256426+00:00
2018-07-04,138.0,143.0,138.0,140.0,6890,140.0,2026-09-03T19:34:09.256426+00:00
2018-07-05,140.0,144.0,139.0,144.0,11979,144.0,2026-09-03T19:34:09.256426+00:00
2018-07-08,143.0,145.0,140.0,143.0,7123,143.0,2026-09-03T19:34:09.256426+00:00
2018-07-09,143.0,144.0,140.0,144.0,18505,144.0,2026-09-03T19:34:09.256426+00:00
2018-07-10,144.0,144.0,142.0,142.0,7817,142.0,2026-09-03T19:34:09.256426+00:00
2018-07-11,142.0,144.0,140.0,141.0,8038,141.0,2026-09-03T19:34:09.256426+00:00
2018-07-12,142.0,143.0,139.0,140.0,5679,140.0,2026-09-03T19:34:09.256426+00:00
2018-07-15,141.0,142.0,139.0,141.0,4356,141.0,2026-09-03T19:34:09.256426+00:00
2018-07-16,143.0,145.0,142.0,144.0,3530,144.0,2026-09-03T19:34:09.256426+00:00
2018-07-17,146.0,146.0,142.0,142.0,224,142.0,2026-09-03T19:34:09.256426+00:00
2018-07-18,140.0,141.0,139.0,139.0,4264,139.0,2026-09-03T19:34:09.256426+00:00
2018-07-19,139.0,141.0,139.0,139.0,3210,139.0,2026-09-03T19:34:09.256426+00:00
2018-07-22,141.0,141.0,137.0,138.0,12608,138.0,2026-09-03T19:34:09.256426+00:00
2018-07-23,137.0,140.0,137.0,140.0,1845,140.0,2026-09-03T19:34:09.256426+00:00
2018-07-24,142.0,143.0,139.0,141.0,4833,141.0,2026-09-03T19:34:09.256426+00:00
2018-07-25,140.0,142.0,140.0,140.0,5570,140.0,2026-09-03T19:34:09.256426+00:00
2018-07-26,140.0,140.0,138.0,140.0,3265,140.0,2026-09-03T19:34:09.256426+00:00
2018-07-29,142.0,142.0,139.0,141.0,3005,141.0,2026-09-03T19:34:09.256426+00:00
2018-07-30,140.0,141.0,139.0,140.0,3659,140.0,2026-09-03T19:34:09.256426+00:00
2018-07-31,142.0,142.0,139.0,141.0,7276,141.0,2026-09-03T19:34:09.256426+00:00
2018-08-01,139.0,141.0,139.0,141.0,5859,141.0,2026-09-03T19:34:09.256426+00:00
2018-08-02,140.0,142.0,140.0,142.0,3014,142.0,2026-09-03T19:34:09.256426+00:00
2018-08-05,141.0,143.0,140.0,143.0,7462,143.0,2026-09-03T19:34:09.256426+00:00
2018-08-06,142.0,144.0,142.0,144.0,9856,144.0,2026-09-03T19:34:09.256426+00:00
2018-08-07,143.0,144.0,143.0,143.0,3851,143.0,2026-09-03T19:34:09.256426+00:00
2018-08-08,141.0,144.0,141.0,143.0,4484,143.0,2026-09-03T19:34:09.256426+00:00
2018-08-09,143.0,145.0,143.0,143.0,5306,143.0,2026-09-03T19:34:09.256426+00:00
2018-08-12,143.0,143.0,140.0,140.0,15519,140.0,2026-09-03T19:34:09.256426+00:00
2018-08-13,140.0,142.0,140.0,141.0,1840,141.0,2026-09-03T19:34:09.256426+00:00
2018-08-14,142.0,143.0,141.0,143.0,3115,143.0,2026-09-03T19:34:09.256426+00:00
2018-08-15,145.0,145.0,142.0,144.0,8570,144.0,2026-09-03T19:34:09.256426+00:00
2018-08-16,145.0,146.0,144.0,144.0,14978,144.0,2026-09-03T19:34:09.256426+00:00
2018-08-19,142.0,145.0,142.0,144.0,9773,144.0,2026-09-03T19:34:09.256426+00:00
2018-08-20,143.0,143.0,140.0,141.0,10516,141.0,2026-09-03T19:34:09.256426+00:00
2018-08-21,142.0,143.0,141.0,142.0,2709,142.0,2026-09-03T19:34:09.256426+00:00
2018-08-22,141.0,143.0,141.0,141.0,5037,141.0,2026-09-03T19:34:09.256426+00:00
2018-08-23,140.0,142.0,140.0,142.0,2114,142.0,2026-09-03T19:34:09.256426+00:00
2018-08-26,141.0,141.0,139.0,139.0,4134,139.0,2026-09-03T19:34:09.256426+00:00
2018-08-28,141.0,141.0,140.0,140.0,4523,140.0,2026-09-03T19:34:09.256426+00:00
2018-08-29,139.0,141.0,139.0,140.0,7247,140.0,2026-09-03T19:34:09.256426+00:00
2018-08-30,140.0,142.0,140.0,140.0,3228,140.0,2026-09-03T19:34:09.256426+00:00
2018-09-02,142.0,143.0,141.0,143.0,10775,143.0,2026-09-03T19:34:09.256426+00:00
2018-09-03,143.0,146.0,142.0,146.0,25500,146.0,2026-09-03T19:34:09.256426+00:00
2018-09-04,145.0,146.0,143.0,146.0,17133,146.0,2026-09-03T19:34:09.256426+00:00
2018-09-05,146.0,152.0,146.0,150.0,55733,150.0,2026-09-03T19:34:09.256426+00:00
2018-09-06,152.0,152.0,147.0,147.0,43830,147.0,2026-09-03T19:34:09.256426+00:00
2018-09-09,145.0,148.0,144.0,145.0,13142,145.0,2026-09-03T19:34:09.256426+00:00
2018-09-10,143.0,146.0,143.0,143.0,1514,143.0,2026-09-03T19:34:09.256426+00:00
2018-09-11,145.0,149.0,145.0,147.0,4165,147.0,2026-09-03T19:34:09.256426+00:00
2018-09-12,147.0,149.0,145.0,149.0,16664,149.0,2026-09-03T19:34:09.256426+00:00
2018-09-13,151.0,151.0,145.0,145.0,13241,145.0,2026-09-03T19:34:09.256426+00:00
2018-09-16,147.0,157.0,147.0,149.0,26539,149.0,2026-09-03T19:34:09.256426+00:00
2018-09-17,151.0,154.0,150.0,150.0,15882,150.0,2026-09-03T19:34:09.256426+00:00
2018-09-18,151.0,154.0,150.0,152.0,15334,152.0,2026-09-03T19:34:09.256426+00:00
2018-09-20,152.0,154.0,151.0,153.0,7954,153.0,2026-09-03T19:34:09.256426+00:00
2018-09-23,151.0,155.0,151.0,154.0,19309,154.0,2026-09-03T19:34:09.256426+00:00
2018-09-25,157.0,161.0,155.0,161.0,60035,161.0,2026-09-03T19:34:09.256426+00:00
2018-09-26,160.0,164.0,156.0,160.0,29502,160.0,2026-09-03T19:34:09.256426+00:00
2018-09-27,159.0,159.0,156.0,157.0,12014,157.0,2026-09-03T19:34:09.256426+00:00
2018-09-30,158.0,157.0,154.0,154.0,14150,154.0,2026-09-03T19:34:09.256426+00:00
2018-10-01,155.0,155.0,152.0,152.0,8413,152.0,2026-09-03T19:34:09.256426+00:00
2018-10-02,150.0,154.0,150.0,154.0,13843,154.0,2026-09-03T19:34:09.256426+00:00
2018-10-03,152.0,153.0,151.0,152.0,6105,152.0,2026-09-03T19:34:09.256426+00:00
2018-10-04,150.0,152.0,149.0,152.0,12475,152.0,2026-09-03T19:34:09.256426+00:00
2018-10-07,150.0,153.0,147.0,148.0,19391,148.0,2026-09-03T19:34:09.256426+00:00
2018-10-08,147.0,150.0,147.0,148.0,22926,148.0,2026-09-03T19:34:09.256426+00:00
2018-10-09,150.0,152.0,148.0,148.0,2487,148.0,2026-09-03T19:34:09.256426+00:00
2018-10-10,150.0,151.0,148.0,148.0,10807,148.0,2026-09-03T19:34:09.256426+00:00
2018-10-11,147.0,151.0,147.0,151.0,2948,151.0,2026-09-03T19:34:09.256426+00:00
2018-10-14,150.0,152.0,150.0,152.0,10837,152.0,2026-09-03T19:34:09.256426+00:00
2018-10-15,152.0,152.0,150.0,151.0,3421,151.0,2026-09-03T19:34:09.256426+00:00
2018-10-21,148.0,150.0,148.0,150.0,437,150.0,2026-09-03T19:34:09.256426+00:00
2018-10-22,150.0,151.0,150.0,151.0,2002,151.0,2026-09-03T19:34:09.256426+00:00
2018-10-23,151.0,152.0,149.0,151.0,4040,151.0,2026-09-03T19:34:09.256426+00:00
2018-10-24,153.0,153.0,149.0,151.0,4542,151.0,2026-09-03T19:34:09.256426+00:00
2018-10-25,148.0,150.0,148.0,150.0,1089,150.0,2026-09-03T19:34:09.256426+00:00
2018-10-28,150.0,150.0,147.0,148.0,6250,148.0,2026-09-03T19:34:09.256426+00:00
2018-10-29,146.0,148.0,146.0,147.0,4741,147.0,2026-09-03T19:34:09.256426+00:00
2018-10-30,148.0,151.0,148.0,148.0,3674,148.0,2026-09-03T19:34:09.256426+00:00
2018-10-31,148.0,150.0,147.0,149.0,3666,149.0,2026-09-03T19:34:09.256426+00:00
2018-11-01,151.0,151.0,148.0,150.0,1406,150.0,2026-09-03T19:34:09.256426+00:00
2018-11-04,147.0,149.0,147.0,148.0,8339,148.0,2026-09-03T19:34:09.256426+00:00
2018-11-05,149.0,150.0,145.0,147.0,20248,147.0,2026-09-03T19:34:09.256426+00:00
2018-11-06,147.0,148.0,143.0,144.0,8373,144.0,2026-09-03T19:34:09.256426+00:00
2018-11-11,144.0,146.0,142.0,144.0,29876,144.0,2026-09-03T19:34:09.256426+00:00
2018-11-12,143.0,145.0,143.0,143.0,2140,143.0,2026-09-03T19:34:09.256426+00:00
2018-11-13,143.0,145.0,143.0,145.0,8747,145.0,2026-09-03T19:34:09.256426+00:00
2018-11-14,143.0,145.0,143.0,143.0,4755,143.0,2026-09-03T19:34:09.256426+00:00
2018-11-15,144.0,144.0,141.0,144.0,10662,144.0,2026-09-03T19:34:09.256426+00:00
2018-11-18,141.0,144.0,140.0,141.0,5402,141.0,2026-09-03T19:34:09.256426+00:00
2018-11-19,141.0,142.0,140.0,140.0,10614,140.0,2026-09-03T19:34:09.256426+00:00
2018-11-20,139.0,140.0,138.0,139.0,5716,139.0,2026-09-03T19:34:09.256426+00:00
2018-11-21,139.0,140.0,138.0,139.0,7493,139.0,2026-09-03T19:34:09.256426+00:00
2018-11-22,140.0,140.0,137.0,138.0,14022,138.0,2026-09-03T19:34:09.256426+00:00
2018-11-25,140.0,140.0,137.0,137.0,3897,137.0,2026-09-03T19:34:09.256426+00:00
2018-11-26,137.0,138.0,136.0,138.0,2183,138.0,2026-09-03T19:34:09.256426+00:00
2018-11-27,135.0,139.0,135.0,137.0,3082,137.0,2026-09-03T19:34:09.256426+00:00
2018-11-28,137.0,138.0,136.0,138.0,3678,138.0,2026-09-03T19:34:09.256426+00:00
2018-11-29,138.0,138.0,134.0,136.0,5290,136.0,2026-09-03T19:34:09.256426+00:00
2018-12-02,137.0,137.0,134.0,134.0,6857,134.0,2026-09-03T19:34:09.256426+00:00
2018-12-03,134.0,135.0,133.0,134.0,6002,134.0,2026-09-03T19:34:09.256426+00:00
2018-12-04,132.0,136.0,132.0,136.0,1260,136.0,2026-09-03T19:34:09.256426+00:00
2018-12-05,134.0,134.0,130.0,131.0,7436,131.0,2026-09-03T19:34:09.256426+00:00
2018-12-06,129.0,135.0,129.0,132.0,4495,132.0,2026-09-03T19:34:09.256426+00:00
2018-12-09,133.0,134.0,132.0,134.0,2924,134.0,2026-09-03T19:34:09.256426+00:00
2018-12-10,136.0,138.0,135.0,137.0,4016,137.0,2026-09-03T19:34:09.256426+00:00
2018-12-11,136.0,138.0,136.0,137.0,2609,137.0,2026-09-03T19:34:09.256426+00:00
2018-12-12,136.0,140.0,136.0,137.0,1381,137.0,2026-09-03T19:34:09.256426+00:00
2018-12-13,135.0,138.0,135.0,137.0,1793,137.0,2026-09-03T19:34:09.256426+00:00
2018-12-16,139.0,144.0,138.0,139.0,5082,139.0,2026-09-03T19:34:09.256426+00:00
2018-12-17,139.0,139.0,135.0,135.0,2564,135.0,2026-09-03T19:34:09.256426+00:00
2018-12-18,136.0,137.0,135.0,135.0,4027,135.0,2026-09-03T19:34:09.256426+00:00
2018-12-19,136.0,138.0,135.0,138.0,2614,138.0,2026-09-03T19:34:09.256426+00:00
2018-12-20,138.0,140.0,136.0,140.0,1748,140.0,2026-09-03T19:34:09.256426+00:00
2018-12-23,142.0,145.0,139.0,142.0,19489,142.0,2026-09-03T19:34:09.256426+00:00
2018-12-24,142.0,144.0,138.0,140.0,7870,140.0,2026-09-03T19:34:09.256426+00:00
2018-12-25,140.0,140.0,136.0,140.0,2162,140.0,2026-09-03T19:34:09.256426+00:00
2018-12-26,142.0,144.0,140.0,142.0,12866,142.0,2026-09-03T19:34:09.256426+00:00
2018-12-27,143.0,143.0,138.0,138.0,23256,138.0,2026-09-03T19:34:09.256426+00:00
2018-12-30,138.0,141.0,135.0,140.0,8843,140.0,2026-09-03T19:34:09.256426+00:00
2018-12-31,140.0,140.0,137.0,137.0,3056,137.0,2026-09-03T19:34:09.256426+00:00
2019-01-01,139.0,139.0,136.0,138.0,8872,138.0,2026-09-03T19:34:09.256426+00:00
2019-01-02,136.0,138.0,136.0,138.0,4232,138.0,2026-09-03T19:34:09.256426+00:00
2019-01-03,140.0,140.0,136.0,137.0,7463,137.0,2026-09-03T19:34:09.256426+00:00
2019-01-06,136.0,139.0,135.0,135.0,14135,135.0,2026-09-03T19:34:09.256426+00:00
2019-01-07,137.0,137.0,136.0,136.0,2346,136.0,2026-09-03T19:34:09.256426+00:00
2019-01-08,136.0,137.0,135.0,135.0,7241,135.0,2026-09-03T19:34:09.256426+00:00
2019-01-09,135.0,139.0,135.0,136.0,6728,136.0,2026-09-03T19:34:09.256426+00:00
2019-01-10,137.0,138.0,136.0,136.0,7929,136.0,2026-09-03T19:34:09.256426+00:00
2019-01-13,136.0,137.0,136.0,136.0,3735,136.0,2026-09-03T19:34:09.256426+00:00
2019-01-14,137.0,138.0,136.0,138.0,3460,138.0,2026-09-03T19:34:09.256426+00:00
2019-01-15,144.0,144.0,137.0,140.0,3226,140.0,2026-09-03T19:34:09.256426+00:00
2019-01-16,139.0,142.0,138.0,142.0,12363,142.0,2026-09-03T19:34:09.256426+00:00
2019-01-17,144.0,144.0,139.0,140.0,5862,140.0,2026-09-03T19:34:09.256426+00:00
2019-01-20,139.0,139.0,137.0,137.0,1491,137.0,2026-09-03T19:34:09.256426+00:00
2019-01-21,136.0,138.0,135.0,135.0,9920,135.0,2026-09-03T19:34:09.256426+00:00
2019-01-22,135.0,139.0,135.0,137.0,2243,137.0,2026-09-03T19:34:09.256426+00:00
2019-01-23,137.0,139.0,137.0,139.0,10596,139.0,2026-09-03T19:34:09.256426+00:00
2019-01-24,137.0,140.0,137.0,139.0,8318,139.0,2026-09-03T19:34:09.256426+00:00
2019-01-27,137.0,139.0,137.0,138.0,2045,138.0,2026-09-03T19:34:09.256426+00:00
2019-01-28,139.0,140.0,137.0,139.0,2884,139.0,2026-09-03T19:34:09.256426+00:00
2019-01-29,138.0,139.0,137.0,138.0,4078,138.0,2026-09-03T19:34:09.256426+00:00
2019-01-30,137.0,138.0,136.0,137.0,7633,137.0,2026-09-03T19:34:09.256426+00:00
2019-01-31,139.0,139.0,136.0,136.0,2974,136.0,2026-09-03T19:34:09.256426+00:00
2019-02-03,135.0,138.0,135.0,136.0,5691,136.0,2026-09-03T19:34:09.256426+00:00
2019-02-04,136.0,137.0,135.0,136.0,3684,136.0,2026-09-03T19:34:09.256426+00:00
2019-02-05,137.0,137.0,136.0,136.0,2677,136.0,2026-09-03T19:34:09.256426+00:00
2019-02-06,135.0,136.0,135.0,136.0,5969,136.0,2026-09-03T19:34:09.256426+00:00
2019-02-07,135.0,136.0,135.0,136.0,3916,136.0,2026-09-03T19:34:09.256426+00:00
2019-02-10,135.0,136.0,133.0,134.0,7597,134.0,2026-09-03T19:34:09.256426+00:00
2019-02-11,134.0,136.0,134.0,135.0,6375,135.0,2026-09-03T19:34:09.256426+00:00
2019-02-12,135.0,135.0,134.0,134.0,3601,134.0,2026-09-03T19:34:09.256426+00:00
2019-02-13,134.0,136.0,133.0,133.0,3273,133.0,2026-09-03T19:34:09.256426+00:00
2019-02-14,134.0,134.0,133.0,133.0,2539,133.0,2026-09-03T19:34:09.256426+00:00
2019-02-17,134.0,134.0,133.0,133.0,1607,133.0,2026-09-03T19:34:09.256426+00:00
2019-02-18,132.0,134.0,132.0,134.0,2841,134.0,2026-09-03T19:34:09.256426+00:00
2019-02-19,135.0,138.0,133.0,138.0,4540,138.0,2026-09-03T19:34:09.256426+00:00
2019-02-20,136.0,136.0,132.0,132.0,5255,132.0,2026-09-03T19:34:09.256426+00:00
2019-02-21,132.0,134.0,132.0,134.0,4934,134.0,2026-09-03T19:34:09.256426+00:00
2019-02-24,132.0,133.0,132.0,133.0,1982,133.0,2026-09-03T19:34:09.256426+00:00
2019-02-25,133.0,134.0,132.0,134.0,4762,134.0,2026-09-03T19:34:09.256426+00:00
2019-02-26,132.0,134.0,132.0,133.0,5196,133.0,2026-09-03T19:34:09.256426+00:00
2019-02-27,131.0,134.0,131.0,132.0,3636,132.0,2026-09-03T19:34:09.256426+00:00
2019-03-03,132.0,134.0,132.0,132.0,1449,132.0,2026-09-03T19:34:09.256426+00:00
2019-03-05,133.0,135.0,133.0,135.0,2295,135.0,2026-09-03T19:34:09.256426+00:00
2019-03-06,136.0,136.0,132.0,134.0,4935,134.0,2026-09-03T19:34:09.256426+00:00
2019-03-07,136.0,137.0,134.0,135.0,4737,135.0,2026-09-03T19:34:09.256426+00:00
2019-03-10,135.0,137.0,135.0,137.0,4746,137.0,2026-09-03T19:34:09.256426+00:00
2019-03-11,136.0,139.0,136.0,138.0,7788,138.0,2026-09-03T19:34:09.256426+00:00
2019-03-12,138.0,143.0,138.0,142.0,13940,142.0,2026-09-03T19:34:09.256426+00:00
2019-03-13,146.0,146.0,139.0,140.0,16133,140.0,2026-09-03T19:34:09.256426+00:00
2019-03-14,139.0,144.0,139.0,143.0,10564,143.0,2026-09-03T19:34:09.256426+00:00
2019-03-17,142.0,143.0,140.0,140.0,6495,140.0,2026-09-03T19:34:09.256426+00:00
2019-03-18,140.0,145.0,140.0,140.0,4424,140.0,2026-09-03T19:34:09.256426+00:00
2019-03-19,142.0,142.0,140.0,140.0,4451,140.0,2026-09-03T19:34:09.256426+00:00
2019-03-21,140.0,140.0,137.0,138.0,5846,138.0,2026-09-03T19:34:09.256426+00:00
2019-03-24,139.0,139.0,136.0,137.0,7550,137.0,2026-09-03T19:34:09.256426+00:00
2019-03-25,136.0,139.0,136.0,139.0,6106,139.0,2026-09-03T19:34:09.256426+00:00
2019-03-26,139.0,139.0,136.0,139.0,12360,139.0,2026-09-03T19:34:09.256426+00:00
2019-03-27,138.0,139.0,137.0,139.0,3883,139.0,2026-09-03T19:34:09.256426+00:00
2019-03-28,140.0,141.0,138.0,140.0,8575,140.0,2026-09-03T19:34:09.256426+00:00
2019-03-31,140.0,140.0,138.0,139.0,5762,139.0,2026-09-03T19:34:09.256426+00:00
2019-04-01,138.0,141.0,138.0,140.0,3275,140.0,2026-09-03T19:34:09.256426+00:00
2019-04-02,142.0,143.0,139.0,141.0,11294,141.0,2026-09-03T19:34:09.256426+00:00
2019-04-03,141.0,144.0,141.0,141.0,16143,141.0,2026-09-03T19:34:09.256426+00:00
2019-04-04,141.0,143.0,139.0,141.0,7144,141.0,2026-09-03T19:34:09.256426+00:00
2019-04-07,143.0,144.0,140.0,144.0,11610,144.0,2026-09-03T19:34:09.256426+00:00
2019-04-08,146.0,148.0,141.0,143.0,25931,143.0,2026-09-03T19:34:09.256426+00:00
2019-04-09,145.0,147.0,142.0,144.0,61405,144.0,2026-09-03T19:34:09.256426+00:00
2019-04-11,146.0,147.0,143.0,143.0,10430,143.0,2026-09-03T19:34:09.256426+00:00
2019-04-15,143.0,145.0,142.0,143.0,6400,143.0,2026-09-03T19:34:09.256426+00:00
2019-04-16,143.0,147.0,143.0,146.0,10940,146.0,2026-09-03T19:34:09.256426+00:00
2019-04-17,147.0,148.0,145.0,146.0,10855,146.0,2026-09-03T19:34:09.256426+00:00
2019-04-18,145.0,148.0,144.0,146.0,14629,146.0,2026-09-03T19:34:09.256426+00:00
2019-04-21,146.0,150.0,144.0,146.0,17326,146.0,2026-09-03T19:34:09.256426+00:00
2019-04-22,148.0,150.0,145.0,145.0,21299,145.0,2026-09-03T19:34:09.256426+00:00
2019-04-23,145.0,148.0,145.0,146.0,12828,146.0,2026-09-03T19:34:09.256426+00:00
2019-04-24,145.0,150.0,145.0,150.0,23919,150.0,2026-09-03T19:34:09.256426+00:00
2019-04-25,153.0,155.0,150.0,153.0,36052,153.0,2026-09-03T19:34:09.256426+00:00
2019-04-28,155.0,157.0,151.0,154.0,28546,154.0,2026-09-03T19:34:09.256426+00:00
2019-04-29,157.0,159.0,148.0,152.0,14413,152.0,2026-09-03T19:34:09.256426+00:00
2019-04-30,149.0,152.0,148.0,151.0,9005,151.0,2026-09-03T19:34:09.256426+00:00
2019-05-02,150.0,150.0,148.0,150.0,4892,150.0,2026-09-03T19:34:09.256426+00:00
2019-05-05,151.0,151.0,146.0,147.0,8250,147.0,2026-09-03T19:34:09.256426+00:00
2019-05-06,145.0,148.0,145.0,148.0,9263,148.0,2026-09-03T19:34:09.256426+00:00
2019-05-07,150.0,151.0,148.0,148.0,8950,148.0,2026-09-03T19:34:09.256426+00:00
2019-05-08,148.0,150.0,147.0,148.0,8379,148.0,2026-09-03T19:34:09.256426+00:00
2019-05-09,148.0,149.0,148.0,149.0,5444,149.0,2026-09-03T19:34:09.256426+00:00
2019-05-12,149.0,151.0,148.0,148.0,12790,148.0,2026-09-03T19:34:09.256426+00:00
2019-05-13,149.0,152.0,148.0,152.0,7617,152.0,2026-09-03T19:34:09.256426+00:00
2019-05-14,150.0,153.0,150.0,153.0,13101,153.0,2026-09-03T19:34:09.256426+00:00
2019-05-15,152.0,155.0,150.0,153.0,38785,153.0,2026-09-03T19:34:09.256426+00:00
2019-05-16,154.0,158.0,154.0,157.0,73454,157.0,2026-09-03T19:34:09.256426+00:00
2019-05-19,159.0,163.0,159.0,162.0,71987,162.0,2026-09-03T19:34:09.256426+00:00
2019-05-20,163.0,164.0,158.0,159.0,25009,159.0,2026-09-03T19:34:09.256426+00:00
2019-05-21,157.0,161.0,157.0,160.0,16484,160.0,2026-09-03T19:34:09.256426+00:00
2019-05-22,159.0,161.0,159.0,160.0,16248,160.0,2026-09-03T19:34:09.256426+00:00
2019-05-23,158.0,159.0,155.0,159.0,21114,159.0,2026-09-03T19:34:09.256426+00:00
2019-05-26,159.0,159.0,155.0,155.0,12225,155.0,2026-09-03T19:34:09.256426+00:00
2019-05-27,155.0,159.0,155.0,156.0,12172,156.0,2026-09-03T19:34:09.256426+00:00
2019-05-28,158.0,159.0,157.0,159.0,7634,159.0,2026-09-03T19:34:09.256426+00:00
2019-05-29,161.0,167.0,160.0,165.0,69795,165.0,2026-09-03T19:34:09.256426+00:00
2019-05-30,168.0,171.0,162.0,164.0,49653,164.0,2026-09-03T19:34:09.256426+00:00
2019-06-02,167.0,167.0,161.0,163.0,13268,163.0,2026-09-03T19:34:09.256426+00:00
2019-06-03,166.0,166.0,157.0,158.0,36824,158.0,2026-09-03T19:34:09.256426+00:00
2019-06-04,160.0,160.0,157.0,160.0,7324,160.0,2026-09-03T19:34:09.256426+00:00
2019-06-06,163.0,164.0,160.0,162.0,13930,162.0,2026-09-03T19:34:09.256426+00:00
2019-06-10,165.0,168.0,162.0,164.0,35089,164.0,2026-09-03T19:34:09.256426+00:00
2019-06-11,166.0,168.0,164.0,165.0,41706,165.0,2026-09-03T19:34:09.256426+00:00
2019-06-12,163.0,166.0,162.0,166.0,26245,166.0,2026-09-03T19:34:09.256426+00:00
2019-06-13,166.0,166.0,163.0,165.0,67378,165.0,2026-09-03T19:34:09.256426+00:00
2019-06-16,160.0,160.0,153.0,155.0,13538,155.0,2026-09-03T19:34:09.256426+00:00
2019-06-17,155.0,155.0,150.0,152.0,9178,152.0,2026-09-03T19:34:09.256426+00:00
2019-06-18,153.0,154.0,152.0,153.0,4220,153.0,2026-09-03T19:34:09.256426+00:00
2019-06-19,156.0,156.0,152.0,154.0,6619,154.0,2026-09-03T19:34:09.256426+00:00
2019-06-20,152.0,155.0,152.0,155.0,2630,155.0,2026-09-03T19:34:09.256426+00:00
2019-06-23,154.0,155.0,152.0,152.0,7138,152.0,2026-09-03T19:34:09.256426+00:00
2019-06-24,153.0,153.0,152.0,153.0,5857,153.0,2026-09-03T19:34:09.256426+00:00
2019-06-25,154.0,155.0,153.0,154.0,2532,154.0,2026-09-03T19:34:09.256426+00:00
2019-06-26,155.0,156.0,154.0,154.0,10738,154.0,2026-09-03T19:34:09.256426+00:00
2019-06-27,153.0,157.0,153.0,156.0,11333,156.0,2026-09-03T19:34:09.256426+00:00
2019-06-30,155.0,155.0,154.0,154.0,3436,154.0,2026-09-03T19:34:09.256426+00:00
2019-07-01,154.0,155.0,153.0,154.0,10367,154.0,2026-09-03T19:34:09.256426+00:00
2019-07-02,153.0,154.0,153.0,154.0,8810,154.0,2026-09-03T19:34:09.256426+00:00
2019-07-03,152.0,158.0,152.0,157.0,9556,157.0,2026-09-03T19:34:09.256426+00:00
2019-07-04,156.0,157.0,154.0,157.0,17184,157.0,2026-09-03T19:34:09.256426+00:00
2019-07-07,157.0,162.0,157.0,161.0,34358,161.0,2026-09-03T19:34:09.256426+00:00
2019-07-08,160.0,160.0,156.0,156.0,17875,156.0,2026-09-03T19:34:09.256426+00:00
2019-07-09,155.0,158.0,155.0,157.0,14331,157.0,2026-09-03T19:34:09.256426+00:00
2019-07-10,157.0,160.0,157.0,159.0,19263,159.0,2026-09-03T19:34:09.256426+00:00
2019-07-11,159.0,160.0,157.0,159.0,16827,159.0,2026-09-03T19:34:09.256426+00:00
2019-07-14,159.0,162.0,159.0,162.0,14121,162.0,2026-09-03T19:34:09.256426+00:00
2019-07-15,160.0,162.0,159.0,159.0,14440,159.0,2026-09-03T19:34:09.256426+00:00
2019-07-16,156.0,161.0,156.0,160.0,1019,160.0,2026-09-03T19:34:09.256426+00:00
2019-07-17,160.0,164.0,160.0,164.0,8318,164.0,2026-09-03T19:34:09.256426+00:00
2019-07-18,162.0,164.0,160.0,162.0,17391,162.0,2026-09-03T19:34:09.256426+00:00
2019-07-21,159.0,161.0,159.0,161.0,1558,161.0,2026-09-03T19:34:09.256426+00:00
2019-07-22,158.0,162.0,158.0,160.0,9741,160.0,2026-09-03T19:34:09.256426+00:00
2019-07-23,159.0,161.0,159.0,160.0,5548,160.0,2026-09-03T19:34:09.256426+00:00
2019-07-24,160.0,162.0,159.0,160.0,4632,160.0,2026-09-03T19:34:09.256426+00:00
2019-07-25,160.0,161.0,156.0,157.0,10890,157.0,2026-09-03T19:34:09.256426+00:00
2019-07-28,156.0,157.0,154.0,156.0,13216,156.0,2026-09-03T19:34:09.256426+00:00
2019-07-29,156.0,158.0,153.0,154.0,12210,154.0,2026-09-03T19:34:09.256426+00:00
2019-07-30,157.0,157.0,154.0,154.0,3495,154.0,2026-09-03T19:34:09.256426+00:00
2019-07-31,154.0,155.0,153.0,153.0,8946,153.0,2026-09-03T19:34:09.256426+00:00
2019-08-01,153.0,156.0,153.0,154.0,11213,154.0,2026-09-03T19:34:09.256426+00:00
2019-08-04,157.0,157.0,154.0,154.0,8486,154.0,2026-09-03T19:34:09.256426+00:00
2019-08-05,155.0,155.0,152.0,155.0,6671,155.0,2026-09-03T19:34:09.256426+00:00
2019-08-06,153.0,153.0,152.0,153.0,1703,153.0,2026-09-03T19:34:09.256426+00:00
2019-08-07,152.0,153.0,150.0,150.0,4636,150.0,2026-09-03T19:34:09.256426+00:00
2019-08-08,151.0,152.0,149.0,149.0,11641,149.0,2026-09-03T19:34:09.256426+00:00
2019-08-11,148.0,150.0,148.0,149.0,3644,149.0,2026-09-03T19:34:09.256426+00:00
2019-08-12,150.0,152.0,148.0,150.0,8556,150.0,2026-09-03T19:34:09.256426+00:00
2019-08-13,149.0,152.0,149.0,150.0,2271,150.0,2026-09-03T19:34:09.256426+00:00
2019-08-14,150.0,150.0,148.0,149.0,5776,149.0,2026-09-03T19:34:09.256426+00:00
2019-08-15,149.0,151.0,148.0,148.0,1257,148.0,2026-09-03T19:34:09.256426+00:00
2019-08-18,146.0,148.0,146.0,148.0,4097,148.0,2026-09-03T19:34:09.256426+00:00
2019-08-19,148.0,153.0,147.0,151.0,2395,151.0,2026-09-03T19:34:09.256426+00:00
2019-08-20,149.0,150.0,148.0,148.0,3100,148.0,2026-09-03T19:34:09.256426+00:00
2019-08-21,147.0,147.0,145.0,145.0,8208,145.0,2026-09-03T19:34:09.256426+00:00
2019-08-22,145.0,146.0,142.0,142.0,17331,142.0,2026-09-03T19:34:09.256426+00:00
2019-08-25,144.0,144.0,142.0,143.0,9927,143.0,2026-09-03T19:34:09.256426+00:00
2019-08-26,145.0,145.0,145.0,145.0,1251,145.0,2026-09-03T19:34:09.256426+00:00
2019-08-27,147.0,147.0,144.0,146.0,2703,146.0,2026-09-03T19:34:09.256426+00:00
2019-08-28,146.0,146.0,143.0,143.0,4259,143.0,2026-09-03T19:34:09.256426+00:00
2019-08-29,145.0,145.0,143.0,144.0,2645,144.0,2026-09-03T19:34:09.256426+00:00
2019-09-01,143.0,145.0,142.0,142.0,1635,142.0,2026-09-03T19:34:09.256426+00:00
2019-09-02,141.0,142.0,140.0,142.0,10286,142.0,2026-09-03T19:34:09.256426+00:00
2019-09-03,140.0,149.0,140.0,149.0,5376,149.0,2026-09-03T19:34:09.256426+00:00
2019-09-04,147.0,147.0,144.0,145.0,1300,145.0,2026-09-03T19:34:09.256426+00:00
2019-09-05,143.0,145.0,143.0,145.0,3321,145.0,2026-09-03T19:34:09.256426+00:00
2019-09-08,145.0,145.0,141.0,141.0,1330,141.0,2026-09-03T19:34:09.256426+00:00
2019-09-09,141.0,142.0,138.0,140.0,9571,140.0,2026-09-03T19:34:09.256426+00:00
2019-09-10,142.0,143.0,140.0,140.0,4624,140.0,2026-09-03T19:34:09.256426+00:00
2019-09-11,141.0,141.0,140.0,140.0,3553,140.0,2026-09-03T19:34:09.256426+00:00
2019-09-12,141.0,141.0,139.0,139.0,7643,139.0,2026-09-03T19:34:09.256426+00:00
2019-09-15,139.0,139.0,136.0,138.0,11198,138.0,2026-09-03T19:34:09.256426+00:00
2019-09-16,138.0,140.0,137.0,138.0,7686,138.0,2026-09-03T19:34:09.256426+00:00
2019-09-17,138.0,143.0,138.0,142.0,7318,142.0,2026-09-03T19:34:09.256426+00:00
2019-09-18,135.0,145.0,135.0,145.0,7799,145.0,2026-09-03T19:34:09.256426+00:00
2019-09-19,143.0,143.0,141.0,143.0,1367,143.0,2026-09-03T19:34:09.256426+00:00
2019-09-22,138.0,139.0,138.0,139.0,1734,139.0,2026-09-03T19:34:09.256426+00:00
2019-09-23,138.0,140.0,138.0,139.0,2522,139.0,2026-09-03T19:34:09.256426+00:00
2019-09-24,138.0,139.0,138.0,139.0,3594,139.0,2026-09-03T19:34:09.256426+00:00
2019-09-25,139.0,140.0,138.0,140.0,3190,140.0,2026-09-03T19:34:09.256426+00:00
2019-09-26,138.0,140.0,138.0,138.0,3961,138.0,2026-09-03T19:34:09.256426+00:00
2019-09-29,140.0,140.0,138.0,140.0,4613,140.0,2026-09-03T19:34:09.256426+00:00
2019-09-30,138.0,142.0,137.0,142.0,2068,142.0,2026-09-03T19:34:09.256426+00:00
2019-10-01,142.0,144.0,140.0,142.0,5293,142.0,2026-09-03T19:34:09.256426+00:00
2019-10-02,142.0,142.0,140.0,140.0,12118,140.0,2026-09-03T19:34:09.256426+00:00
2019-10-03,142.0,145.0,142.0,145.0,5461,145.0,2026-09-03T19:34:09.256426+00:00
2019-10-10,144.0,144.0,143.0,143.0,403,143.0,2026-09-03T19:34:09.256426+00:00
2019-10-14,141.0,142.0,141.0,141.0,1900,141.0,2026-09-03T19:34:09.256426+00:00
2019-10-15,140.0,142.0,140.0,142.0,3462,142.0,2026-09-03T19:34:09.256426+00:00
2019-10-16,141.0,143.0,141.0,141.0,3461,141.0,2026-09-03T19:34:09.256426+00:00
2019-10-17,140.0,142.0,140.0,141.0,5756,141.0,2026-09-03T19:34:09.256426+00:00
2019-10-20,140.0,142.0,140.0,142.0,2851,142.0,2026-09-03T19:34:09.256426+00:00
2019-10-21,144.0,144.0,141.0,141.0,3179,141.0,2026-09-03T19:34:09.256426+00:00
2019-10-22,141.0,143.0,141.0,143.0,2002,143.0,2026-09-03T19:34:09.256426+00:00
2019-10-23,141.0,144.0,141.0,144.0,3024,144.0,2026-09-03T19:34:09.256426+00:00
2019-10-24,143.0,145.0,143.0,145.0,2590,145.0,2026-09-03T19:34:09.256426+00:00
2019-10-31,145.0,145.0,144.0,145.0,1137,145.0,2026-09-03T19:34:09.256426+00:00
2019-11-03,145.0,145.0,143.0,144.0,1413,144.0,2026-09-03T19:34:09.256426+00:00
2019-11-04,143.0,145.0,143.0,145.0,3664,145.0,2026-09-03T19:34:09.256426+00:00
2019-11-05,143.0,144.0,143.0,143.0,3447,143.0,2026-09-03T19:34:09.256426+00:00
2019-11-06,141.0,144.0,141.0,144.0,1179,144.0,2026-09-03T19:34:09.256426+00:00
2019-11-07,142.0,144.0,142.0,144.0,721,144.0,2026-09-03T19:34:09.256426+00:00
2019-11-10,144.0,144.0,143.0,144.0,1988,144.0,2026-09-03T19:34:09.256426+00:00
2019-11-11,144.0,146.0,141.0,143.0,6006,143.0,2026-09-03T19:34:09.256426+00:00
2019-11-12,141.0,141.0,140.0,140.0,5041,140.0,2026-09-03T19:34:09.256426+00:00
2019-11-13,139.0,142.0,138.0,138.0,12055,138.0,2026-09-03T19:34:09.256426+00:00
2019-11-14,138.0,138.0,137.0,137.0,5532,137.0,2026-09-03T19:34:09.256426+00:00
2019-11-17,137.0,138.0,134.0,134.0,5958,134.0,2026-09-03T19:34:09.256426+00:00
2019-11-18,135.0,136.0,133.0,134.0,6371,134.0,2026-09-03T19:34:09.256426+00:00
2019-11-19,135.0,135.0,134.0,135.0,6919,135.0,2026-09-03T19:34:09.256426+00:00
2019-11-20,135.0,135.0,135.0,135.0,4090,135.0,2026-09-03T19:34:09.256426+00:00
2019-11-21,136.0,136.0,134.0,134.0,6504,134.0,2026-09-03T19:34:09.256426+00:00
2019-11-24,132.0,135.0,132.0,132.0,8387,132.0,2026-09-03T19:34:09.256426+00:00
2019-11-25,134.0,136.0,133.0,133.0,1598,133.0,2026-09-03T19:34:09.256426+00:00
2019-11-26,134.0,134.0,131.0,133.0,822,133.0,2026-09-03T19:34:09.256426+00:00
2019-11-27,133.0,134.0,133.0,133.0,4921,133.0,2026-09-03T19:34:09.256426+00:00
2019-11-28,135.0,135.0,131.0,131.0,12735,131.0,2026-09-03T19:34:09.256426+00:00
2019-12-01,131.0,133.0,131.0,132.0,11982,132.0,2026-09-03T19:34:09.256426+00:00
2019-12-02,132.0,133.0,131.0,132.0,2301,132.0,2026-09-03T19:34:09.256426+00:00
2019-12-03,132.0,134.0,132.0,133.0,4704,133.0,2026-09-03T19:34:09.256426+00:00
2019-12-04,134.0,134.0,133.0,133.0,2528,133.0,2026-09-03T19:34:09.256426+00:00
2019-12-05,135.0,135.0,132.0,132.0,4587,132.0,2026-09-03T19:34:09.256426+00:00
2019-12-08,132.0,134.0,132.0,133.0,2282,133.0,2026-09-03T19:34:09.256426+00:00
2019-12-09,135.0,139.0,134.0,139.0,6895,139.0,2026-09-03T19:34:09.256426+00:00
2019-12-10,140.0,140.0,136.0,137.0,1722,137.0,2026-09-03T19:34:09.256426+00:00
2019-12-11,136.0,140.0,136.0,140.0,4113,140.0,2026-09-03T19:34:09.256426+00:00
2019-12-12,139.0,140.0,136.0,138.0,12298,138.0,2026-09-03T19:34:09.256426+00:00
2019-12-15,140.0,142.0,140.0,141.0,24528,141.0,2026-09-03T19:34:09.256426+00:00
2019-12-16,139.0,139.0,136.0,136.0,9682,136.0,2026-09-03T19:34:09.256426+00:00
2019-12-17,135.0,136.0,134.0,135.0,5268,135.0,2026-09-03T19:34:09.256426+00:00
2019-12-18,134.0,135.0,134.0,134.0,1015,134.0,2026-09-03T19:34:09.256426+00:00
2019-12-19,134.0,135.0,133.0,134.0,3669,134.0,2026-09-03T19:34:09.256426+00:00
2019-12-22,132.0,136.0,131.0,136.0,2280,136.0,2026-09-03T19:34:09.256426+00:00
2019-12-23,135.0,137.0,135.0,137.0,3219,137.0,2026-09-03T19:34:09.256426+00:00
2019-12-24,137.0,137.0,135.0,137.0,14488,137.0,2026-09-03T19:34:09.256426+00:00
2019-12-25,137.0,138.0,136.0,136.0,646,136.0,2026-09-03T19:34:09.256426+00:00
2019-12-26,138.0,138.0,134.0,134.0,3310,134.0,2026-09-03T19:34:09.256426+00:00
2019-12-29,134.0,136.0,133.0,133.0,4668,133.0,2026-09-03T19:34:09.256426+00:00
2019-12-30,135.0,139.0,134.0,136.0,2872,136.0,2026-09-03T19:34:09.256426+00:00
2019-12-31,134.0,136.0,134.0,134.0,4516,134.0,2026-09-03T19:34:09.256426+00:00
2020-01-01,135.0,135.0,133.0,135.0,3828,135.0,2026-09-03T19:34:09.256426+00:00
2020-01-02,137.0,137.0,134.0,134.0,7967,134.0,2026-09-03T19:34:09.256426+00:00
2020-01-05,132.0,139.0,132.0,135.0,41151,135.0,2026-09-03T19:34:09.256426+00:00
2020-01-06,136.0,140.0,136.0,139.0,41481,139.0,2026-09-03T19:34:09.256426+00:00
2020-01-07,140.0,141.0,138.0,141.0,17824,141.0,2026-09-03T19:34:09.256426+00:00
2020-01-08,140.0,143.0,138.0,138.0,9841,138.0,2026-09-03T19:34:09.256426+00:00
2020-01-09,140.0,140.0,138.0,138.0,712,138.0,2026-09-03T19:34:09.256426+00:00
2020-01-12,138.0,145.0,138.0,142.0,20496,142.0,2026-09-03T19:34:09.256426+00:00
2020-01-13,144.0,152.0,143.0,145.0,33985,145.0,2026-09-03T19:34:09.256426+00:00
2020-01-14,145.0,145.0,142.0,144.0,6641,144.0,2026-09-03T19:34:09.256426+00:00
2020-01-15,145.0,152.0,145.0,148.0,14525,148.0,2026-09-03T19:34:09.256426+00:00
2020-01-16,150.0,156.0,149.0,155.0,60145,155.0,2026-09-03T19:34:09.256426+00:00
2020-01-19,158.0,167.0,155.0,162.0,55796,162.0,2026-09-03T19:34:09.256426+00:00
2020-01-20,164.0,164.0,154.0,156.0,56373,156.0,2026-09-03T19:34:09.256426+00:00
2020-01-21,154.0,161.0,153.0,157.0,28985,157.0,2026-09-03T19:34:09.256426+00:00
2020-01-22,157.0,157.0,154.0,156.0,11324,156.0,2026-09-03T19:34:09.256426+00:00
2020-01-23,155.0,155.0,152.0,154.0,17992,154.0,2026-09-03T19:34:09.256426+00:00
2020-01-26,152.0,155.0,150.0,151.0,18791,151.0,2026-09-03T19:34:09.256426+00:00
2020-01-27,151.0,157.0,149.0,157.0,18583,157.0,2026-09-03T19:34:09.256426+00:00
2020-01-28,155.0,157.0,152.0,153.0,16305,153.0,2026-09-03T19:34:09.256426+00:00
2020-01-29,153.0,155.0,152.0,154.0,9795,154.0,2026-09-03T19:34:09.256426+00:00
2020-01-30,153.0,156.0,153.0,154.0,12042,154.0,2026-09-03T19:34:09.256426+00:00
2020-02-02,155.0,159.0,155.0,158.0,26364,158.0,2026-09-03T19:34:09.256426+00:00
2020-02-03,161.0,163.0,156.0,162.0,31405,162.0,2026-09-03T19:34:09.256426+00:00
2020-02-04,159.0,171.0,159.0,161.0,49995,161.0,2026-09-03T19:34:09.256426+00:00
2020-02-05,163.0,165.0,161.0,162.0,14981,162.0,2026-09-03T19:34:09.256426+00:00
2020-02-06,161.0,164.0,161.0,162.0,11445,162.0,2026-09-03T19:34:09.256426+00:00
2020-02-09,164.0,164.0,158.0,160.0,11835,160.0,2026-09-03T19:34:09.256426+00:00
2020-02-10,160.0,163.0,158.0,162.0,30001,162.0,2026-09-03T19:34:09.256426+00:00
2020-02-11,164.0,165.0,160.0,162.0,14308,162.0,2026-09-03T19:34:09.256426+00:00
2020-02-12,163.0,163.0,160.0,160.0,18800,160.0,2026-09-03T19:34:09.256426+00:00
2020-02-13,161.0,162.0,160.0,160.0,18577,160.0,2026-09-03T19:34:09.256426+00:00
2020-02-16,160.0,161.0,159.0,160.0,19356,160.0,2026-09-03T19:34:09.256426+00:00
2020-02-17,162.0,166.0,161.0,162.0,25586,162.0,2026-09-03T19:34:09.256426+00:00
2020-02-18,165.0,171.0,163.0,168.0,78813,168.0,2026-09-03T19:34:09.256426+00:00
2020-02-19,169.0,173.0,167.0,173.0,49743,173.0,2026-09-03T19:34:09.256426+00:00
2020-02-20,174.0,175.0,169.0,172.0,18588,172.0,2026-09-03T19:34:09.256426+00:00
2020-02-23,175.0,187.0,172.0,186.0,86856,186.0,2026-09-03T19:34:09.256426+00:00
2020-02-24,185.0,185.0,177.0,178.0,34528,178.0,2026-09-03T19:34:09.256426+00:00
2020-02-25,178.0,181.0,175.0,179.0,25573,179.0,2026-09-03T19:34:09.256426+00:00
2020-02-26,180.0,188.0,180.0,180.0,44397,180.0,2026-09-03T19:34:09.256426+00:00
2020-02-27,180.0,198.0,178.0,190.0,134163,190.0,2026-09-03T19:34:09.256426+00:00
2020-03-01,192.0,196.0,181.0,181.0,75055,181.0,2026-09-03T19:34:09.256426+00:00
2020-03-02,178.0,184.0,172.0,172.0,36329,172.0,2026-09-03T19:34:09.256426+00:00
2020-03-03,169.0,177.0,166.0,173.0,55370,173.0,2026-09-03T19:34:09.256426+00:00
2020-03-04,171.0,176.0,167.0,167.0,36897,167.0,2026-09-03T19:34:09.256426+00:00
2020-03-05,170.0,175.0,164.0,169.0,25224,169.0,2026-09-03T19:34:09.256426+00:00
2020-03-10,166.0,166.0,157.0,157.0,16850,157.0,2026-09-03T19:34:09.256426+00:00
2020-03-11,160.0,168.0,159.0,168.0,23159,168.0,2026-09-03T19:34:09.256426+00:00
2020-03-12,165.0,168.0,161.0,163.0,10818,163.0,2026-09-03T19:34:09.256426+00:00
2020-03-15,166.0,166.0,155.0,156.0,28780,156.0,2026-09-03T19:34:09.256426+00:00
2020-03-16,154.0,162.0,154.0,157.0,27046,157.0,2026-09-03T19:34:09.256426+00:00
2020-03-17,156.0,159.0,150.0,151.0,33573,151.0,2026-09-03T19:34:09.256426+00:00
2020-03-18,153.0,153.0,146.0,148.0,19199,148.0,2026-09-03T19:34:09.256426+00:00
2020-03-19,146.0,155.0,145.0,155.0,21633,155.0,2026-09-03T19:34:09.256426+00:00
2020-03-22,155.0,155.0,152.0,152.0,200,152.0,2026-09-03T19:34:09.256426+00:00
2020-05-12,149.0,149.0,148.0,148.0,2010,148.0,2026-09-03T19:34:09.256426+00:00
2020-06-29,146.0,146.0,136.0,139.0,18933,139.0,2026-09-03T19:34:09.256426+00:00
2020-06-30,140.0,144.0,140.0,144.0,960,144.0,2026-09-03T19:34:09.256426+00:00
2020-07-01,144.0,146.0,144.0,145.0,1015,145.0,2026-09-03T19:34:09.256426+00:00
2020-07-02,147.0,147.0,142.0,142.0,2419,142.0,2026-09-03T19:34:09.256426+00:00
2020-07-05,140.0,142.0,136.0,139.0,12271,139.0,2026-09-03T19:34:09.256426+00:00
2020-07-06,140.0,143.0,139.0,143.0,6869,143.0,2026-09-03T19:34:09.256426+00:00
2020-07-07,145.0,149.0,145.0,146.0,8842,146.0,2026-09-03T19:34:09.256426+00:00
2020-07-08,144.0,146.0,144.0,146.0,11918,146.0,2026-09-03T19:34:09.256426+00:00
2020-07-09,148.0,149.0,146.0,149.0,2991,149.0,2026-09-03T19:34:09.256426+00:00
2020-07-12,151.0,151.0,146.0,148.0,14457,148.0,2026-09-03T19:34:09.256426+00:00
2020-07-13,147.0,149.0,146.0,147.0,5865,147.0,2026-09-03T19:34:09.256426+00:00
2020-07-14,145.0,147.0,144.0,144.0,7058,144.0,2026-09-03T19:34:09.256426+00:00
2020-07-15,145.0,148.0,145.0,145.0,4977,145.0,2026-09-03T19:34:09.256426+00:00
2020-07-16,146.0,156.0,146.0,153.0,9519,153.0,2026-09-03T19:34:09.256426+00:00
2020-07-19,159.0,165.0,159.0,165.0,140,165.0,2026-09-03T19:34:09.256426+00:00
2020-07-20,173.0,176.0,161.0,161.0,22852,161.0,2026-09-03T19:34:09.256426+00:00
2020-07-21,158.0,163.0,155.0,155.0,10477,155.0,2026-09-03T19:34:09.256426+00:00
2020-07-22,158.0,161.0,154.0,157.0,7999,157.0,2026-09-03T19:34:09.256426+00:00
2020-07-23,160.0,160.0,155.0,156.0,3271,156.0,2026-09-03T19:34:09.256426+00:00
2020-07-26,158.0,158.0,153.0,157.0,11526,157.0,2026-09-03T19:34:09.256426+00:00
2020-07-27,157.0,159.0,155.0,159.0,14769,159.0,2026-09-03T19:34:09.256426+00:00
2020-07-28,158.0,158.0,156.0,158.0,2154,158.0,2026-09-03T19:34:09.256426+00:00
2020-07-29,155.0,158.0,153.0,154.0,8379,154.0,2026-09-03T19:34:09.256426+00:00
2020-07-30,151.0,159.0,151.0,155.0,6360,155.0,2026-09-03T19:34:09.256426+00:00
2020-08-02,152.0,155.0,150.0,152.0,12989,152.0,2026-09-03T19:34:09.256426+00:00
2020-08-03,149.0,154.0,147.0,151.0,15874,151.0,2026-09-03T19:34:09.256426+00:00
2020-08-05,151.0,157.0,147.0,153.0,9785,153.0,2026-09-03T19:34:09.256426+00:00
2020-08-06,153.0,154.0,146.0,153.0,5975,153.0,2026-09-03T19:34:09.256426+00:00
2020-08-09,150.0,153.0,147.0,153.0,7008,153.0,2026-09-03T19:34:09.256426+00:00
2020-08-10,153.0,155.0,151.0,155.0,6878,155.0,2026-09-03T19:34:09.256426+00:00
2020-08-11,156.0,156.0,150.0,154.0,15640,154.0,2026-09-03T19:34:09.256426+00:00
2020-08-12,151.0,155.0,151.0,153.0,2898,153.0,2026-09-03T19:34:09.256426+00:00
2020-08-13,153.0,153.0,150.0,152.0,3107,152.0,2026-09-03T19:34:09.256426+00:00
2020-08-16,149.0,149.0,142.0,145.0,31922,145.0,2026-09-03T19:34:09.256426+00:00
2020-08-17,143.0,145.0,143.0,145.0,4052,145.0,2026-09-03T19:34:09.256426+00:00
2020-08-18,146.0,146.0,141.0,141.0,13962,141.0,2026-09-03T19:34:09.256426+00:00
2020-08-19,139.0,146.0,137.0,144.0,11349,144.0,2026-09-03T19:34:09.256426+00:00
2020-08-20,144.0,147.0,141.0,144.0,10541,144.0,2026-09-03T19:34:09.256426+00:00
2020-08-23,143.0,145.0,142.0,144.0,8611,144.0,2026-09-03T19:34:09.256426+00:00
2020-08-24,146.0,146.0,143.0,143.0,11503,143.0,2026-09-03T19:34:09.256426+00:00
2020-08-25,144.0,145.0,143.0,145.0,12344,145.0,2026-09-03T19:34:09.256426+00:00
2020-08-26,145.0,145.0,142.0,145.0,20701,145.0,2026-09-03T19:34:09.256426+00:00
2020-08-27,144.0,145.0,142.0,142.0,9026,142.0,2026-09-03T19:34:09.256426+00:00
2020-08-30,144.0,144.0,140.0,141.0,15283,141.0,2026-09-03T19:34:09.256426+00:00
2020-08-31,142.0,144.0,140.0,142.0,43866,142.0,2026-09-03T19:34:09.256426+00:00
2020-09-02,142.0,148.0,141.0,148.0,44436,148.0,2026-09-03T19:34:09.256426+00:00
2020-09-03,150.0,153.0,145.0,145.0,8711,145.0,2026-09-03T19:34:09.256426+00:00
2020-09-06,152.0,152.0,142.0,144.0,26578,144.0,2026-09-03T19:34:09.256426+00:00
2020-09-07,142.0,143.0,141.0,142.0,14706,142.0,2026-09-03T19:34:09.256426+00:00
2020-09-08,142.0,143.0,141.0,142.0,6481,142.0,2026-09-03T19:34:09.256426+00:00
2020-09-09,149.0,149.0,140.0,140.0,11808,140.0,2026-09-03T19:34:09.256426+00:00
2020-09-10,142.0,143.0,140.0,143.0,12889,143.0,2026-09-03T19:34:09.256426+00:00
2020-09-13,142.0,144.0,141.0,143.0,16578,143.0,2026-09-03T19:34:09.256426+00:00
2020-09-14,143.0,145.0,143.0,144.0,18672,144.0,2026-09-03T19:34:09.256426+00:00
2020-09-15,145.0,145.0,141.0,142.0,16909,142.0,2026-09-03T19:34:09.256426+00:00
2020-09-16,149.0,149.0,141.0,143.0,14428,143.0,2026-09-03T19:34:09.256426+00:00
2020-09-17,144.0,157.0,142.0,154.0,97859,154.0,2026-09-03T19:34:09.256426+00:00
2020-09-20,161.0,165.0,154.0,154.0,66364,154.0,2026-09-03T19:34:09.256426+00:00
2020-09-21,155.0,157.0,149.0,151.0,21858,151.0,2026-09-03T19:34:09.256426+00:00
2020-09-22,150.0,153.0,148.0,150.0,22321,150.0,2026-09-03T19:34:09.256426+00:00
2020-09-23,147.0,153.0,147.0,152.0,14681,152.0,2026-09-03T19:34:09.256426+00:00
2020-09-24,152.0,156.0,152.0,156.0,42158,156.0,2026-09-03T19:34:09.256426+00:00
2020-09-27,158.0,161.0,154.0,156.0,54123,156.0,2026-09-03T19:34:09.256426+00:00
2020-09-28,156.0,164.0,156.0,162.0,92618,162.0,2026-09-03T19:34:09.256426+00:00
2020-09-29,160.0,172.0,159.0,170.0,115935,170.0,2026-09-03T19:34:09.256426+00:00
2020-09-30,178.0,187.0,170.0,187.0,273028,187.0,2026-09-03T19:34:09.256426+00:00
2020-10-01,195.0,205.0,188.0,205.0,336568,205.0,2026-09-03T19:34:09.256426+00:00
2020-10-04,200.0,214.0,199.0,200.0,205340,200.0,2026-09-03T19:34:09.256426+00:00
2020-10-05,196.0,220.0,194.0,220.0,366764,220.0,2026-09-03T19:34:09.256426+00:00
2020-10-06,218.0,224.0,207.0,213.0,189698,213.0,2026-09-03T19:34:09.256426+00:00
2020-10-07,210.0,234.0,210.0,229.0,269536,229.0,2026-09-03T19:34:09.256426+00:00
2020-10-08,233.0,235.0,221.0,223.0,133931,223.0,2026-09-03T19:34:09.256426+00:00
2020-10-11,224.0,231.0,214.0,219.0,301910,219.0,2026-09-03T19:34:09.256426+00:00
2020-10-12,219.0,232.0,217.0,229.0,303789,229.0,2026-09-03T19:34:09.256426+00:00
2020-10-13,232.0,234.0,226.0,228.0,180317,228.0,2026-09-03T19:34:09.256426+00:00
2020-10-14,239.0,239.0,221.0,224.0,108280,224.0,2026-09-03T19:34:09.256426+00:00
2020-10-15,235.0,235.0,221.0,223.0,99770,223.0,2026-09-03T19:34:09.256426+00:00
2020-10-18,227.0,230.0,215.0,217.0,89664,217.0,2026-09-03T19:34:09.256426+00:00
2020-10-19,217.0,226.0,217.0,224.0,53574,224.0,2026-09-03T19:34:09.256426+00:00
2020-10-20,226.0,229.0,224.0,228.0,75138,228.0,2026-09-03T19:34:09.256426+00:00
2020-10-21,227.0,228.0,224.0,224.0,56983,224.0,2026-09-03T19:34:09.256426+00:00
2020-10-22,228.0,236.0,224.0,225.0,35109,225.0,2026-09-03T19:34:09.256426+00:00
2020-10-28,228.0,244.0,222.0,234.0,67586,234.0,2026-09-03T19:34:09.256426+00:00
2020-10-29,230.0,242.0,229.0,232.0,71382,232.0,2026-09-03T19:34:09.256426+00:00
2020-11-01,232.0,234.0,226.0,230.0,65561,230.0,2026-09-03T19:34:09.256426+00:00
2020-11-02,233.0,239.0,231.0,236.0,206120,236.0,2026-09-03T19:34:09.256426+00:00
2020-11-03,236.0,239.0,233.0,238.0,84891,238.0,2026-09-03T19:34:09.256426+00:00
2020-11-04,239.0,239.0,229.0,229.0,74726,229.0,2026-09-03T19:34:09.256426+00:00
2020-11-05,227.0,239.0,227.0,235.0,108930,235.0,2026-09-03T19:34:09.256426+00:00
2020-11-08,238.0,239.0,232.0,235.0,76858,235.0,2026-09-03T19:34:09.256426+00:00
2020-11-09,239.0,239.0,231.0,236.0,66240,236.0,2026-09-03T19:34:09.256426+00:00
2020-11-10,247.0,250.0,232.0,233.0,700104,233.0,2026-09-03T19:34:09.256426+00:00
2020-11-11,244.0,244.0,226.0,228.0,135977,228.0,2026-09-03T19:34:09.256426+00:00
2020-11-12,231.0,231.0,220.0,224.0,115950,224.0,2026-09-03T19:34:09.256426+00:00
2020-11-18,213.0,236.0,213.0,220.0,107632,220.0,2026-09-03T19:34:09.256426+00:00
2020-11-19,224.0,232.0,219.0,226.0,103550,226.0,2026-09-03T19:34:09.256426+00:00
2020-11-22,230.0,234.0,221.0,226.0,88766,226.0,2026-09-03T19:34:09.256426+00:00
2020-11-23,230.0,230.0,221.0,222.0,73214,222.0,2026-09-03T19:34:09.256426+00:00
2020-11-24,222.0,227.0,222.0,224.0,70360,224.0,2026-09-03T19:34:09.256426+00:00
2020-11-25,227.0,233.0,224.0,225.0,131444,225.0,2026-09-03T19:34:09.256426+00:00
2020-11-26,236.0,236.0,222.0,223.0,98843,223.0,2026-09-03T19:34:09.256426+00:00
2020-11-29,227.0,245.0,227.0,241.0,274641,241.0,2026-09-03T19:34:09.256426+00:00
2020-11-30,250.0,250.0,233.0,235.0,132714,235.0,2026-09-03T19:34:09.256426+00:00
2020-12-01,242.0,242.0,228.0,229.0,58199,229.0,2026-09-03T19:34:09.256426+00:00
2020-12-02,229.0,232.0,226.0,227.0,61700,227.0,2026-09-03T19:34:09.256426+00:00
2020-12-03,231.0,235.0,225.0,228.0,78329,228.0,2026-09-03T19:34:09.256426+00:00
2020-12-06,230.0,236.0,222.0,222.0,74608,222.0,2026-09-03T19:34:09.256426+00:00
2020-12-07,222.0,231.0,222.0,231.0,84931,231.0,2026-09-03T19:34:09.256426+00:00
2020-12-08,235.0,239.0,226.0,228.0,54978,228.0,2026-09-03T19:34:09.256426+00:00
2020-12-09,231.0,231.0,225.0,229.0,85676,229.0,2026-09-03T19:34:09.256426+00:00
2020-12-10,231.0,231.0,225.0,227.0,30552,227.0,2026-09-03T19:34:09.256426+00:00
2020-12-13,226.0,228.0,223.0,227.0,44357,227.0,2026-09-03T19:34:09.256426+00:00
2020-12-14,227.0,231.0,226.0,230.0,47929,230.0,2026-09-03T19:34:09.256426+00:00
2020-12-15,230.0,233.0,225.0,225.0,23335,225.0,2026-09-03T19:34:09.256426+00:00
2020-12-16,225.0,229.0,222.0,223.0,31722,223.0,2026-09-03T19:34:09.256426+00:00
2020-12-17,223.0,228.0,223.0,223.0,29642,223.0,2026-09-03T19:34:09.256426+00:00
2020-12-20,234.0,234.0,215.0,217.0,146977,217.0,2026-09-03T19:34:09.256426+00:00
2020-12-21,215.0,224.0,206.0,224.0,52540,224.0,2026-09-03T19:34:09.256426+00:00
2020-12-22,227.0,230.0,220.0,225.0,66819,225.0,2026-09-03T19:34:09.256426+00:00
2020-12-23,228.0,229.0,218.0,220.0,34700,220.0,2026-09-03T19:34:09.256426+00:00
2020-12-24,220.0,226.0,218.0,218.0,16617,218.0,2026-09-03T19:34:09.256426+00:00
2020-12-27,222.0,223.0,217.0,220.0,34151,220.0,2026-09-03T19:34:09.256426+00:00
2020-12-28,221.0,222.0,218.0,219.0,40882,219.0,2026-09-03T19:34:09.256426+00:00
2020-12-29,216.0,222.0,215.0,218.0,28126,218.0,2026-09-03T19:34:09.256426+00:00
2020-12-30,218.0,225.0,216.0,225.0,55281,225.0,2026-09-03T19:34:09.256426+00:00
2020-12-31,219.0,219.0,212.0,217.0,28128,217.0,2026-09-03T19:34:09.256426+00:00
2021-01-03,220.0,220.0,216.0,220.0,45948,220.0,2026-09-03T19:34:09.256426+00:00
2021-01-04,224.0,224.0,218.0,220.0,44468,220.0,2026-09-03T19:34:09.256426+00:00
2021-01-05,217.0,222.0,216.0,218.0,19996,218.0,2026-09-03T19:34:09.256426+00:00
2021-01-06,216.0,221.0,216.0,221.0,41390,221.0,2026-09-03T19:34:09.256426+00:00
2021-01-07,222.0,222.0,215.0,219.0,60322,219.0,2026-09-03T19:34:09.256426+00:00
2021-01-10,222.0,229.0,222.0,228.0,125733,228.0,2026-09-03T19:34:09.256426+00:00
2021-01-11,229.0,243.0,226.0,239.0,221781,239.0,2026-09-03T19:34:09.256426+00:00
2021-01-12,241.0,245.0,236.0,237.0,111292,237.0,2026-09-03T19:34:09.256426+00:00
2021-01-13,238.0,246.0,238.0,245.0,148601,245.0,2026-09-03T19:34:09.256426+00:00
2021-01-17,248.0,269.0,248.0,269.0,182631,269.0,2026-09-03T19:34:09.256426+00:00
2021-01-18,282.0,295.0,282.0,295.0,142124,295.0,2026-09-03T19:34:09.256426+00:00
2021-01-19,309.0,320.0,284.0,288.0,421369,288.0,2026-09-03T19:34:09.256426+00:00
2021-01-20,290.0,292.0,270.0,277.0,183770,277.0,2026-09-03T19:34:09.256426+00:00
2021-01-21,290.0,290.0,269.0,275.0,170039,275.0,2026-09-03T19:34:09.256426+00:00
2021-01-24,275.0,285.0,272.0,274.0,117722,274.0,2026-09-03T19:34:09.256426+00:00
2021-01-25,277.0,284.0,269.0,284.0,125490,284.0,2026-09-03T19:34:09.256426+00:00
2021-01-26,298.0,298.0,277.0,283.0,141710,283.0,2026-09-03T19:34:09.256426+00:00
2021-01-27,297.0,297.0,279.0,283.0,83640,283.0,2026-09-03T19:34:09.256426+00:00
2021-01-28,280.0,284.0,278.0,278.0,86152,278.0,2026-09-03T19:34:09.256426+00:00
2021-01-31,280.0,285.0,275.0,278.0,160225,278.0,2026-09-03T19:34:09.256426+00:00
2021-02-01,276.0,293.0,276.0,290.0,128243,290.0,2026-09-03T19:34:09.256426+00:00
2021-02-02,290.0,298.0,285.0,293.0,110595,293.0,2026-09-03T19:34:09.256426+00:00
2021-02-03,294.0,298.0,287.0,289.0,99709,289.0,2026-09-03T19:34:09.256426+00:00
2021-02-04,284.0,292.0,284.0,288.0,71906,288.0,2026-09-03T19:34:09.256426+00:00
2021-02-07,293.0,295.0,287.0,290.0,55578,290.0,2026-09-03T19:34:09.256426+00:00
2021-02-08,294.0,310.0,290.0,309.0,277398,309.0,2026-09-03T19:34:09.256426+00:00
2021-02-09,315.0,333.0,305.0,330.0,311903,330.0,2026-09-03T19:34:09.256426+00:00
2021-02-10,330.0,336.0,317.0,325.0,150286,325.0,2026-09-03T19:34:09.256426+00:00
2021-02-11,341.0,341.0,319.0,321.0,107509,321.0,2026-09-03T19:34:09.256426+00:00
2021-02-14,320.0,324.0,310.0,314.0,148364,314.0,2026-09-03T19:34:09.256426+00:00
2021-02-15,320.0,333.0,320.0,332.0,125852,332.0,2026-09-03T19:34:09.256426+00:00
2021-02-16,334.0,339.0,325.0,325.0,110605,325.0,2026-09-03T19:34:09.256426+00:00
2021-02-17,330.0,330.0,320.0,326.0,66884,326.0,2026-09-03T19:34:09.256426+00:00
2021-02-18,327.0,333.0,323.0,330.0,74861,330.0,2026-09-03T19:34:09.256426+00:00
2021-02-21,335.0,335.0,323.0,324.0,61645,324.0,2026-09-03T19:34:09.256426+00:00
2021-02-22,322.0,323.0,312.0,315.0,118283,315.0,2026-09-03T19:34:09.256426+00:00
2021-02-23,330.0,330.0,301.0,311.0,114268,311.0,2026-09-03T19:34:09.256426+00:00
2021-02-24,312.0,322.0,310.0,316.0,59173,316.0,2026-09-03T19:34:09.256426+00:00
2021-02-25,312.0,316.0,307.0,309.0,64579,309.0,2026-09-03T19:34:09.256426+00:00
2021-02-28,309.0,310.0,301.0,303.0,95541,303.0,2026-09-03T19:34:09.256426+00:00
2021-03-01,308.0,314.0,295.0,308.0,58829,308.0,2026-09-03T19:34:09.256426+00:00
2021-03-02,306.0,309.0,295.0,297.0,78216,297.0,2026-09-03T19:34:09.256426+00:00
2021-03-03,296.0,297.0,290.0,295.0,80150,295.0,2026-09-03T19:34:09.256426+00:00
2021-03-04,299.0,310.0,295.0,305.0,57741,305.0,2026-09-03T19:34:09.256426+00:00
2021-03-07,308.0,310.0,300.0,301.0,43549,301.0,2026-09-03T19:34:09.256426+00:00
2021-03-09,303.0,303.0,298.0,300.0,30180,300.0,2026-09-03T19:34:09.256426+00:00
2021-03-10,306.0,306.0,296.0,297.0,33447,297.0,2026-09-03T19:34:09.256426+00:00
2021-03-14,299.0,302.0,290.0,294.0,33736,294.0,2026-09-03T19:34:09.256426+00:00
2021-03-15,289.0,298.0,289.0,293.0,48637,293.0,2026-09-03T19:34:09.256426+00:00
2021-03-16,293.0,298.0,291.0,295.0,22701,295.0,2026-09-03T19:34:09.256426+00:00
2021-03-17,298.0,302.0,295.0,302.0,38062,302.0,2026-09-03T19:34:09.256426+00:00
2021-03-18,305.0,311.0,301.0,310.0,61053,310.0,2026-09-03T19:34:09.256426+00:00
2021-03-21,315.0,317.0,308.0,316.0,62460,316.0,2026-09-03T19:34:09.256426+00:00
2021-03-22,312.0,316.0,310.0,311.0,60175,311.0,2026-09-03T19:34:09.256426+00:00
2021-03-23,311.0,313.0,307.0,310.0,21069,310.0,2026-09-03T19:34:09.256426+00:00
2021-03-24,313.0,314.0,308.0,313.0,33782,313.0,2026-09-03T19:34:09.256426+00:00
2021-03-25,312.0,321.0,307.0,308.0,62936,308.0,2026-09-03T19:34:09.256426+00:00
2021-03-29,314.0,314.0,307.0,308.0,16732,308.0,2026-09-03T19:34:09.256426+00:00
2021-03-30,309.0,311.0,307.0,309.0,22286,309.0,2026-09-03T19:34:09.256426+00:00
2021-03-31,314.0,328.0,310.0,326.0,93668,326.0,2026-09-03T19:34:09.256426+00:00
2021-04-01,326.0,350.0,322.0,339.0,319281,339.0,2026-09-03T19:34:09.256426+00:00
2021-04-04,342.0,348.0,338.0,339.0,124894,339.0,2026-09-03T19:34:09.256426+00:00
2021-04-05,344.0,348.0,333.0,334.0,125232,334.0,2026-09-03T19:34:09.256426+00:00
2021-04-06,332.0,338.0,330.0,336.0,109776,336.0,2026-09-03T19:34:09.256426+00:00
2021-04-07,336.0,346.0,335.0,341.0,128744,341.0,2026-09-03T19:34:09.256426+00:00
2021-04-08,345.0,345.0,338.0,340.0,78697,340.0,2026-09-03T19:34:09.256426+00:00
2021-04-12,345.0,346.0,339.0,340.0,48840,340.0,2026-09-03T19:34:09.256426+00:00
2021-04-13,341.0,356.0,341.0,352.0,213710,352.0,2026-09-03T19:34:09.256426+00:00
2021-04-15,354.0,379.0,354.0,368.0,285112,368.0,2026-09-03T19:34:09.256426+00:00
2021-04-18,385.0,385.0,368.0,374.0,661059,374.0,2026-09-03T19:34:09.256426+00:00
2021-04-19,380.0,382.0,360.0,362.0,250909,362.0,2026-09-03T19:34:09.256426+00:00
2021-04-20,365.0,372.0,360.0,363.0,96705,363.0,2026-09-03T19:34:09.256426+00:00
2021-04-21,370.0,370.0,350.0,352.0,105184,352.0,2026-09-03T19:34:09.256426+00:00
2021-04-22,369.0,369.0,348.0,353.0,88210,353.0,2026-09-03T19:34:09.256426+00:00
2021-04-25,353.0,359.0,338.0,340.0,127205,340.0,2026-09-03T19:34:09.256426+00:00
2021-04-26,340.0,347.0,328.0,331.0,100903,331.0,2026-09-03T19:34:09.256426+00:00
2021-04-27,331.0,350.0,331.0,345.0,81464,345.0,2026-09-03T19:34:09.256426+00:00
2021-04-28,350.0,350.0,340.0,343.0,38808,343.0,2026-09-03T19:34:09.256426+00:00
2021-04-29,343.0,347.0,340.0,343.0,35132,343.0,2026-09-03T19:34:09.256426+00:00
2021-05-02,346.0,360.0,344.0,351.0,83426,351.0,2026-09-03T19:34:09.256426+00:00
2021-05-03,355.0,359.0,345.0,349.0,55473,349.0,2026-09-03T19:34:09.256426+00:00
2021-05-04,349.0,354.0,338.0,348.0,83569,348.0,2026-09-03T19:34:09.256426+00:00
2021-05-05,355.0,355.0,341.0,343.0,41359,343.0,2026-09-03T19:34:09.256426+00:00
2021-05-06,348.0,348.0,341.0,344.0,32124,344.0,2026-09-03T19:34:09.256426+00:00
2021-05-09,347.0,347.0,337.0,341.0,81355,341.0,2026-09-03T19:34:09.256426+00:00
2021-05-10,339.0,346.0,339.0,341.0,27634,341.0,2026-09-03T19:34:09.256426+00:00
2021-05-11,340.0,347.0,340.0,345.0,33394,345.0,2026-09-03T19:34:09.256426+00:00
2021-05-12,346.0,347.0,343.0,344.0,26349,344.0,2026-09-03T19:34:09.256426+00:00
2021-05-13,347.0,356.0,345.0,356.0,99989,356.0,2026-09-03T19:34:09.256426+00:00
2021-05-16,360.0,378.0,360.0,377.0,254004,377.0,2026-09-03T19:34:09.256426+00:00
2021-05-17,385.0,385.0,370.0,374.0,146405,374.0,2026-09-03T19:34:09.256426+00:00
2021-05-18,379.0,384.0,372.0,382.0,126070,382.0,2026-09-03T19:34:09.256426+00:00
2021-05-19,395.0,395.0,372.0,377.0,127706,377.0,2026-09-03T19:34:09.256426+00:00
2021-05-20,359.0,387.0,359.0,386.0,185729,386.0,2026-09-03T19:34:09.256426+00:00
2021-05-23,375.0,417.0,373.0,417.0,474297,417.0,2026-09-03T19:34:09.256426+00:00
2021-05-24,421.0,441.0,407.0,416.0,353669,416.0,2026-09-03T19:34:09.256426+00:00
2021-05-25,420.0,425.0,406.0,410.0,313114,410.0,2026-09-03T19:34:09.256426+00:00
2021-05-27,410.0,445.0,394.0,433.0,370626,433.0,2026-09-03T19:34:09.256426+00:00
2021-05-30,440.0,471.0,428.0,464.0,529093,464.0,2026-09-03T19:34:09.256426+00:00
2021-05-31,473.0,479.0,446.0,446.0,325310,446.0,2026-09-03T19:34:09.256426+00:00
2021-06-01,446.0,455.0,433.0,440.0,177595,440.0,2026-09-03T19:34:09.256426+00:00
2021-06-02,455.0,463.0,432.0,459.0,297718,459.0,2026-09-03T19:34:09.256426+00:00
2021-06-03,468.0,485.0,463.0,467.0,462000,467.0,2026-09-03T19:34:09.256426+00:00
2021-06-06,467.0,487.0,460.0,471.0,319906,471.0,2026-09-03T19:34:09.256426+00:00
2021-06-07,450.0,518.0,450.0,518.0,572087,518.0,2026-09-03T19:34:09.256426+00:00
2021-06-08,530.0,569.0,528.0,569.0,422590,569.0,2026-09-03T19:34:09.256426+00:00
2021-06-09,575.0,617.0,539.0,551.0,512279,551.0,2026-09-03T19:34:09.256426+00:00
2021-06-10,550.0,580.0,534.0,577.0,448007,577.0,2026-09-03T19:34:09.256426+00:00
2021-06-13,577.0,633.0,570.0,632.0,505732,632.0,2026-09-03T19:34:09.256426+00:00
2021-06-14,663.0,663.0,607.0,624.0,379256,624.0,2026-09-03T19:34:09.256426+00:00
2021-06-15,624.0,626.0,579.0,593.0,455848,593.0,2026-09-03T19:34:09.256426+00:00
2021-06-16,593.0,620.0,545.0,573.0,295535,573.0,2026-09-03T19:34:09.256426+00:00
2021-06-17,573.0,601.0,550.0,580.0,190856,580.0,2026-09-03T19:34:09.256426+00:00
2021-06-20,585.0,591.0,541.0,558.0,270969,558.0,2026-09-03T19:34:09.256426+00:00
2021-06-21,532.0,565.0,530.0,531.0,259880,531.0,2026-09-03T19:34:09.256426+00:00
2021-06-22,531.0,574.0,513.0,572.0,230397,572.0,2026-09-03T19:34:09.256426+00:00
2021-06-23,575.0,578.0,543.0,547.0,169737,547.0,2026-09-03T19:34:09.256426+00:00
2021-06-24,551.0,551.0,532.0,536.0,119383,536.0,2026-09-03T19:34:09.256426+00:00
2021-06-27,539.0,550.0,525.0,527.0,91105,527.0,2026-09-03T19:34:09.256426+00:00
2021-06-28,527.0,537.0,511.0,517.0,114235,517.0,2026-09-03T19:34:09.256426+00:00
2021-06-29,492.0,521.0,492.0,498.0,149440,498.0,2026-09-03T19:34:09.256426+00:00
2021-06-30,485.0,525.0,480.0,514.0,185562,514.0,2026-09-03T19:34:09.256426+00:00
2021-07-01,523.0,543.0,510.0,528.0,194198,528.0,2026-09-03T19:34:09.256426+00:00
2021-07-04,537.0,547.0,526.0,526.0,127715,526.0,2026-09-03T19:34:09.256426+00:00
2021-07-05,519.0,525.0,511.0,513.0,65645,513.0,2026-09-03T19:34:09.256426+00:00
2021-07-06,505.0,525.0,505.0,515.0,45112,515.0,2026-09-03T19:34:09.256426+00:00
2021-07-07,510.0,523.0,510.0,516.0,40694,516.0,2026-09-03T19:34:09.256426+00:00
2021-07-08,520.0,530.0,510.0,528.0,90082,528.0,2026-09-03T19:34:09.256426+00:00
2021-07-11,532.0,580.0,532.0,577.0,272752,577.0,2026-09-03T19:34:09.256426+00:00
2021-07-12,588.0,590.0,548.0,563.0,320392,563.0,2026-09-03T19:34:09.256426+00:00
2021-07-13,563.0,590.0,563.0,585.0,173371,585.0,2026-09-03T19:34:09.256426+00:00
2021-07-14,595.0,600.0,574.0,581.0,91634,581.0,2026-09-03T19:34:09.256426+00:00
2021-07-15,581.0,590.0,576.0,580.0,113276,580.0,2026-09-03T19:34:09.256426+00:00
2021-07-18,591.6,629.0,591.6,619.5,551994,619.5,2026-09-03T19:34:09.256426+00:00
2021-07-19,631.0,635.0,601.8,606.0,249420,606.0,2026-09-03T19:34:09.256426+00:00
2021-07-20,593.9,613.0,593.9,603.0,117195,603.0,2026-09-03T19:34:09.256426+00:00
2021-07-22,605.0,610.0,590.1,592.0,148801,592.0,2026-09-03T19:34:09.256426+00:00
2021-07-25,592.0,592.0,580.2,587.0,185376,587.0,2026-09-03T19:34:09.256426+00:00
2021-07-26,595.0,595.0,580.0,581.0,92459,581.0,2026-09-03T19:34:09.256426+00:00
2021-07-27,575.0,585.0,567.0,581.0,137761,581.0,2026-09-03T19:34:09.256426+00:00
2021-07-28,592.6,599.0,581.0,584.5,89736,584.5,2026-09-03T19:34:09.256426+00:00
2021-07-29,590.0,593.0,577.3,581.0,116817,581.0,2026-09-03T19:34:09.256426+00:00
2021-08-01,590.0,595.7,580.0,582.0,109416,582.0,2026-09-03T19:34:09.256426+00:00
2021-08-02,587.0,591.6,575.2,576.6,62327,576.6,2026-09-03T19:34:09.256426+00:00
2021-08-03,584.0,584.0,573.0,577.0,80969,577.0,2026-09-03T19:34:09.256426+00:00
2021-08-04,585.0,585.0,575.0,582.0,73495,582.0,2026-09-03T19:34:09.256426+00:00
2021-08-05,589.0,603.7,582.0,590.0,165430,590.0,2026-09-03T19:34:09.256426+00:00
2021-08-08,600.0,600.0,590.0,591.0,98317,591.0,2026-09-03T19:34:09.256426+00:00
2021-08-09,597.0,597.0,584.6,587.0,76552,587.0,2026-09-03T19:34:09.256426+00:00
2021-08-10,590.0,645.7,588.0,645.7,550047,645.7,2026-09-03T19:34:09.256426+00:00
2021-08-11,658.6,685.1,637.0,648.0,411810,648.0,2026-09-03T19:34:09.256426+00:00
2021-08-12,655.0,712.8,655.0,712.8,854026,712.8,2026-09-03T19:34:09.256426+00:00
2021-08-15,698.6,740.0,656.0,700.0,724311,700.0,2026-09-03T19:34:09.256426+00:00
2021-08-16,710.0,745.0,685.0,745.0,517583,745.0,2026-09-03T19:34:09.256426+00:00
2021-08-17,759.0,796.0,737.0,790.0,327659,790.0,2026-09-03T19:34:09.256426+00:00
2021-08-18,805.8,866.9,770.0,845.0,677717,845.0,2026-09-03T19:34:09.256426+00:00
2021-08-19,845.0,860.0,801.0,808.0,517749,808.0,2026-09-03T19:34:09.256426+00:00
2021-08-24,810.0,814.0,765.1,784.0,429815,784.0,2026-09-03T19:34:09.256426+00:00
2021-08-25,768.4,779.0,735.0,745.0,389613,745.0,2026-09-03T19:34:09.256426+00:00
2021-08-26,740.0,795.0,740.0,776.2,389263,776.2,2026-09-03T19:34:09.256426+00:00
2021-08-29,791.7,791.7,753.0,756.0,223073,756.0,2026-09-03T19:34:09.256426+00:00
2021-08-31,756.0,758.0,715.0,718.0,308415,718.0,2026-09-03T19:34:09.256426+00:00
2021-09-01,725.0,740.0,710.2,718.0,190853,718.0,2026-09-03T19:34:09.256426+00:00
2021-09-02,718.0,730.0,682.0,694.0,174838,694.0,2026-09-03T19:34:09.256426+00:00
2021-09-05,699.0,699.0,625.2,652.0,337019,652.0,2026-09-03T19:34:09.256426+00:00
2021-09-06,652.0,717.2,630.0,717.2,248405,717.2,2026-09-03T19:34:09.256426+00:00
2021-09-07,730.0,731.0,685.0,702.0,177331,702.0,2026-09-03T19:34:09.256426+00:00
2021-09-08,711.0,711.0,675.0,686.0,123551,686.0,2026-09-03T19:34:09.256426+00:00
2021-09-09,686.0,699.0,675.0,683.0,101090,683.0,2026-09-03T19:34:09.256426+00:00
2021-09-12,696.6,737.0,683.0,731.0,234170,731.0,2026-09-03T19:34:09.256426+00:00
2021-09-13,745.6,755.0,722.0,725.0,181495,725.0,2026-09-03T19:34:09.256426+00:00
2021-09-14,732.0,739.0,709.5,719.0,98752,719.0,2026-09-03T19:34:09.256426+00:00
2021-09-15,722.0,725.0,697.0,705.0,163537,705.0,2026-09-03T19:34:09.256426+00:00
2021-09-16,700.0,700.0,670.0,683.2,206278,683.2,2026-09-03T19:34:09.256426+00:00
2021-09-20,683.2,686.0,635.0,640.0,211982,640.0,2026-09-03T19:34:09.256426+00:00
2021-09-21,628.0,672.1,619.0,645.0,168159,645.0,2026-09-03T19:34:09.256426+00:00
2021-09-22,657.0,703.0,657.0,694.0,137572,694.0,2026-09-03T19:34:09.256426+00:00
2021-09-23,707.8,715.0,677.0,678.0,126021,678.0,2026-09-03T19:34:09.256426+00:00
2021-09-26,691.5,733.0,685.0,691.0,293946,691.0,2026-09-03T19:34:09.256426+00:00
2021-09-27,704.0,704.0,657.1,660.0,137656,660.0,2026-09-03T19:34:09.256426+00:00
2021-09-28,647.0,673.0,637.0,645.0,102922,645.0,2026-09-03T19:34:09.256426+00:00
2021-09-29,643.0,670.1,634.0,663.0,104374,663.0,2026-09-03T19:34:09.256426+00:00
2021-09-30,665.0,677.0,645.0,646.0,78556,646.0,2026-09-03T19:34:09.256426+00:00
2021-10-03,649.0,659.0,634.0,636.0,94379,636.0,2026-09-03T19:34:09.256426+00:00
2021-10-04,638.0,645.0,627.0,630.0,67486,630.0,2026-09-03T19:34:09.256426+00:00
2021-10-05,642.5,655.0,630.0,645.0,56379,645.0,2026-09-03T19:34:09.256426+00:00
2021-10-06,657.0,667.0,646.0,666.9,75485,666.9,2026-09-03T19:34:09.256426+00:00
2021-10-10,680.0,681.5,655.0,660.0,64769,660.0,2026-09-03T19:34:09.256426+00:00
2021-10-11,670.0,670.0,632.2,655.0,47534,655.0,2026-09-03T19:34:09.256426+00:00
2021-10-17,668.1,683.0,658.0,682.9,62170,682.9,2026-09-03T19:34:09.256426+00:00
2021-10-18,690.0,690.0,656.6,661.0,72200,661.0,2026-09-03T19:34:09.256426+00:00
2021-10-19,651.0,660.0,625.5,635.0,83719,635.0,2026-09-03T19:34:09.256426+00:00
2021-10-20,647.0,668.0,647.0,660.0,61228,660.0,2026-09-03T19:34:09.256426+00:00
2021-10-21,665.0,666.0,643.0,648.0,42893,648.0,2026-09-03T19:34:09.256426+00:00
2021-10-24,660.9,660.9,646.0,651.0,32813,651.0,2026-09-03T19:34:09.256426+00:00
2021-10-25,662.0,710.0,652.0,710.0,144525,710.0,2026-09-03T19:34:09.256426+00:00
2021-10-26,724.2,770.0,710.6,719.0,617763,719.0,2026-09-03T19:34:09.256426+00:00
2021-10-27,607.0,646.6,595.0,613.0,129060,613.0,2026-09-03T19:34:09.256426+00:00
2021-10-28,625.0,663.0,605.0,663.0,107354,663.0,2026-09-03T19:34:09.256426+00:00
2021-10-31,663.0,729.0,624.3,729.0,246158,729.0,2026-09-03T19:34:09.256426+00:00
2021-11-01,729.0,729.0,669.5,680.0,367377,680.0,2026-09-03T19:34:09.256426+00:00
2021-11-02,680.0,735.9,650.0,670.0,330728,670.0,2026-09-03T19:34:09.256426+00:00
2021-11-03,670.0,675.0,647.8,652.0,173643,652.0,2026-09-03T19:34:09.256426+00:00
2021-11-08,650.0,660.0,639.0,640.0,72331,640.0,2026-09-03T19:34:09.256426+00:00
2021-11-09,640.0,640.0,602.0,607.0,160686,607.0,2026-09-03T19:34:09.256426+00:00
2021-11-11,607.0,615.0,583.0,593.0,156563,593.0,2026-09-03T19:34:09.256426+00:00
2021-11-14,590.0,608.0,585.1,595.0,78685,595.0,2026-09-03T19:34:09.256426+00:00
2021-11-15,606.9,626.8,606.9,617.5,82659,617.5,2026-09-03T19:34:09.256426+00:00
2021-11-16,620.0,625.0,610.0,616.2,72564,616.2,2026-09-03T19:34:09.256426+00:00
2021-11-17,628.5,628.5,608.0,608.0,77902,608.0,2026-09-03T19:34:09.256426+00:00
2021-11-18,608.0,618.8,594.0,595.0,71187,595.0,2026-09-03T19:34:09.256426+00:00
2021-11-21,605.0,605.0,585.1,590.0,52986,590.0,2026-09-03T19:34:09.256426+00:00
2021-11-22,590.0,600.0,577.0,580.0,88056,580.0,2026-09-03T19:34:09.256426+00:00
2021-11-23,580.0,587.0,555.7,564.9,66079,564.9,2026-09-03T19:34:09.256426+00:00
2021-11-24,556.0,583.7,546.0,583.0,60439,583.0,2026-09-03T19:34:09.256426+00:00
2021-11-25,588.0,588.0,570.0,570.0,43648,570.0,2026-09-03T19:34:09.256426+00:00
2021-11-28,560.0,570.0,539.0,541.9,108171,541.9,2026-09-03T19:34:09.256426+00:00
2021-11-29,536.0,558.0,530.0,533.0,83325,533.0,2026-09-03T19:34:09.256426+00:00
2021-11-30,543.0,553.8,525.0,532.9,53999,532.9,2026-09-03T19:34:09.256426+00:00
2021-12-01,538.0,549.7,533.1,542.0,45065,542.0,2026-09-03T19:34:09.256426+00:00
2021-12-02,545.0,547.0,519.4,520.0,46669,520.0,2026-09-03T19:34:09.256426+00:00
2021-12-05,510.0,528.1,495.0,500.0,64930,500.0,2026-09-03T19:34:09.256426+00:00
2021-12-06,500.0,520.0,471.5,510.0,89802,510.0,2026-09-03T19:34:09.256426+00:00
2021-12-07,519.0,526.0,485.0,485.2,70375,485.2,2026-09-03T19:34:09.256426+00:00
2021-12-08,476.0,498.0,470.0,474.0,44402,474.0,2026-09-03T19:34:09.256426+00:00
2021-12-09,474.0,478.0,464.0,465.0,43157,465.0,2026-09-03T19:34:09.256426+00:00
2021-12-12,462.2,467.0,431.0,432.0,46086,432.0,2026-09-03T19:34:09.256426+00:00
2021-12-13,426.0,430.0,398.0,400.0,94847,400.0,2026-09-03T19:34:09.256426+00:00
2021-12-14,408.0,440.0,404.0,440.0,31325,440.0,2026-09-03T19:34:09.256426+00:00
2021-12-15,448.0,480.0,434.2,446.1,105409,446.1,2026-09-03T19:34:09.256426+00:00
2021-12-16,445.0,446.0,426.0,430.6,39653,430.6,2026-09-03T19:34:09.256426+00:00
2021-12-20,435.0,435.0,418.0,423.0,23287,423.0,2026-09-03T19:34:09.256426+00:00
2021-12-21,431.0,439.0,423.5,437.0,26988,437.0,2026-09-03T19:34:09.256426+00:00
2021-12-22,445.0,473.7,445.0,469.0,67315,469.0,2026-09-03T19:34:09.256426+00:00
2021-12-23,478.0,478.0,453.0,463.7,48944,463.7,2026-09-03T19:34:09.256426+00:00
2021-12-26,472.0,472.0,460.0,461.0,50557,461.0,2026-09-03T19:34:09.256426+00:00
2021-12-27,470.0,470.0,440.0,441.0,67478,441.0,2026-09-03T19:34:09.256426+00:00
2021-12-28,432.2,442.0,426.0,436.0,46605,436.0,2026-09-03T19:34:09.256426+00:00
2021-12-29,438.0,444.0,427.3,435.0,29013,435.0,2026-09-03T19:34:09.256426+00:00
2022-01-02,440.0,450.8,430.1,448.0,44696,448.0,2026-09-03T19:34:09.256426+00:00
2022-01-03,456.9,469.0,449.0,459.0,57667,459.0,2026-09-03T19:34:09.256426+00:00
2022-01-04,467.9,491.6,452.1,489.0,102186,489.0,2026-09-03T19:34:09.256426+00:00
2022-01-05,495.0,504.0,474.0,474.0,84716,474.0,2026-09-03T19:34:09.256426+00:00
2022-01-06,474.0,491.6,466.0,486.0,84786,486.0,2026-09-03T19:34:09.256426+00:00
2022-01-09,490.0,515.0,490.0,515.0,136830,515.0,2026-09-03T19:34:09.256426+00:00
2022-01-10,525.0,530.0,514.0,521.0,78925,521.0,2026-09-03T19:34:09.256426+00:00
2022-01-11,521.0,567.0,510.1,558.0,149844,558.0,2026-09-03T19:34:09.256426+00:00
2022-01-12,558.0,565.7,535.0,540.0,152591,540.0,2026-09-03T19:34:09.256426+00:00
2022-01-13,539.0,569.0,533.0,563.0,117059,563.0,2026-09-03T19:34:09.256426+00:00
2022-01-16,574.2,590.0,568.0,575.0,158485,575.0,2026-09-03T19:34:09.256426+00:00
2022-01-17,580.0,584.0,562.0,578.0,126908,578.0,2026-09-03T19:34:09.256426+00:00
2022-01-18,577.0,578.0,546.9,555.1,165150,555.1,2026-09-03T19:34:09.256426+00:00
2022-01-19,560.0,566.0,540.0,541.5,84969,541.5,2026-09-03T19:34:09.256426+00:00
2022-01-20,540.0,578.2,535.0,574.0,97604,574.0,2026-09-03T19:34:09.256426+00:00
2022-01-23,585.0,585.4,556.0,559.0,100708,559.0,2026-09-03T19:34:09.256426+00:00
2022-01-24,559.0,559.0,530.1,533.0,162513,533.0,2026-09-03T19:34:09.256426+00:00
2022-01-25,543.0,546.0,519.0,527.0,143088,527.0,2026-09-03T19:34:09.256426+00:00
2022-01-26,521.0,532.0,510.0,514.5,88744,514.5,2026-09-03T19:34:09.256426+00:00
2022-01-27,514.0,525.0,510.0,511.0,56196,511.0,2026-09-03T19:34:09.256426+00:00
2022-01-30,521.2,550.0,521.2,550.0,109917,550.0,2026-09-03T19:34:09.256426+00:00
2022-01-31,552.0,560.0,537.0,538.0,58588,538.0,2026-09-03T19:34:09.256426+00:00
2022-02-01,530.0,551.5,530.0,549.0,76648,549.0,2026-09-03T19:34:09.256426+00:00
2022-02-03,555.0,565.9,538.1,539.0,99985,539.0,2026-09-03T19:34:09.256426+00:00
2022-02-06,530.0,544.0,529.0,530.1,51915,530.1,2026-09-03T19:34:09.256426+00:00
2022-02-07,530.0,542.9,529.0,534.0,47655,534.0,2026-09-03T19:34:09.256426+00:00
2022-02-08,544.6,560.0,529.0,530.0,70348,530.0,2026-09-03T19:34:09.256426+00:00
2022-02-09,539.9,539.9,520.0,525.0,32287,525.0,2026-09-03T19:34:09.256426+00:00
2022-02-10,525.0,530.0,516.2,521.5,32855,521.5,2026-09-03T19:34:09.256426+00:00
2022-02-13,522.0,522.0,493.0,499.0,79112,499.0,2026-09-03T19:34:09.256426+00:00
2022-02-14,498.0,507.9,498.0,498.1,41036,498.1,2026-09-03T19:34:09.256426+00:00
2022-02-15,508.0,516.8,500.0,516.0,34464,516.0,2026-09-03T19:34:09.256426+00:00
2022-02-16,517.0,525.0,501.0,505.0,28013,505.0,2026-09-03T19:34:09.256426+00:00
2022-02-17,501.0,509.0,500.0,504.0,18933,504.0,2026-09-03T19:34:09.256426+00:00
2022-02-20,494.0,505.0,481.0,498.0,48069,498.0,2026-09-03T19:34:09.256426+00:00
2022-02-21,500.0,504.0,497.0,499.0,22781,499.0,2026-09-03T19:34:09.256426+00:00
2022-02-22,508.9,509.9,502.0,505.0,36610,505.0,2026-09-03T19:34:09.256426+00:00
2022-02-23,510.0,511.9,498.2,500.5,26150,500.5,2026-09-03T19:34:09.256426+00:00
2022-02-24,495.0,500.0,485.0,487.0,37722,487.0,2026-09-03T19:34:09.256426+00:00
2022-02-27,490.0,490.0,474.0,480.2,34975,480.2,2026-09-03T19:34:09.256426+00:00
2022-02-28,489.0,498.0,472.0,474.0,44148,474.0,2026-09-03T19:34:09.256426+00:00
2022-03-02,471.0,472.0,454.0,457.0,41214,457.0,2026-09-03T19:34:09.256426+00:00
2022-03-06,458.0,475.0,455.0,462.5,46128,462.5,2026-09-03T19:34:09.256426+00:00
2022-03-07,465.0,473.9,458.0,459.0,23220,459.0,2026-09-03T19:34:09.256426+00:00
2022-03-09,460.0,466.0,448.0,448.1,33844,448.1,2026-09-03T19:34:09.256426+00:00
2022-03-10,444.0,476.4,444.0,476.4,32422,476.4,2026-09-03T19:34:09.256426+00:00
2022-03-13,480.0,508.0,480.0,500.0,70560,500.0,2026-09-03T19:34:09.256426+00:00
2022-03-14,505.0,509.9,491.0,500.0,16544,500.0,2026-09-03T19:34:09.256426+00:00
2022-03-15,503.0,503.0,490.0,497.0,35491,497.0,2026-09-03T19:34:09.256426+00:00
2022-03-16,497.0,505.0,488.0,490.0,30045,490.0,2026-09-03T19:34:09.256426+00:00
2022-03-20,499.0,500.0,484.0,485.0,20384,485.0,2026-09-03T19:34:09.256426+00:00
2022-03-21,492.0,507.0,482.0,502.1,36616,502.1,2026-09-03T19:34:09.256426+00:00
2022-03-22,506.0,515.0,505.0,507.0,42177,507.0,2026-09-03T19:34:09.256426+00:00
2022-03-23,500.0,506.0,498.3,502.0,25557,502.0,2026-09-03T19:34:09.256426+00:00
2022-03-24,510.0,510.0,490.0,493.0,29584,493.0,2026-09-03T19:34:09.256426+00:00
2022-03-27,495.0,495.0,473.9,474.0,45538,474.0,2026-09-03T19:34:09.256426+00:00
2022-03-28,467.0,485.0,467.0,471.0,26610,471.0,2026-09-03T19:34:09.256426+00:00
2022-03-29,474.0,480.4,463.0,467.0,24634,467.0,2026-09-03T19:34:09.256426+00:00
2022-03-30,475.0,486.0,464.2,486.0,24122,486.0,2026-09-03T19:34:09.256426+00:00
2022-03-31,488.0,491.0,467.0,471.0,23306,471.0,2026-09-03T19:34:09.256426+00:00
2022-04-03,472.0,472.0,463.0,465.0,19620,465.0,2026-09-03T19:34:09.256426+00:00
2022-04-04,466.0,474.0,463.2,465.0,20593,465.0,2026-09-03T19:34:09.256426+00:00
2022-04-05,460.0,465.0,450.0,457.0,51150,457.0,2026-09-03T19:34:09.256426+00:00
2022-04-06,451.0,461.0,439.0,449.0,30197,449.0,2026-09-03T19:34:09.256426+00:00
2022-04-07,450.0,460.0,448.0,456.0,20804,456.0,2026-09-03T19:34:09.256426+00:00
2022-04-11,465.0,473.0,446.1,446.9,27320,446.9,2026-09-03T19:34:09.256426+00:00
2022-04-12,447.0,447.0,438.0,439.1,22265,439.1,2026-09-03T19:34:09.256426+00:00
2022-04-13,440.5,452.0,434.9,447.5,18498,447.5,2026-09-03T19:34:09.256426+00:00
2022-04-17,454.0,455.0,440.0,440.0,14612,440.0,2026-09-03T19:34:09.256426+00:00
2022-04-18,443.0,443.0,428.0,430.1,22143,430.1,2026-09-03T19:34:09.256426+00:00
2022-04-19,438.6,439.9,417.7,430.3,16452,430.3,2026-09-03T19:34:09.256426+00:00
2022-04-20,438.9,438.9,413.0,413.0,19411,413.0,2026-09-03T19:34:09.256426+00:00
2022-04-21,413.0,425.0,402.0,420.0,21678,420.0,2026-09-03T19:34:09.256426+00:00
2022-04-24,428.0,462.0,420.0,455.0,35395,455.0,2026-09-03T19:34:09.256426+00:00
2022-04-25,461.0,464.0,441.0,441.0,25532,441.0,2026-09-03T19:34:09.256426+00:00
2022-04-26,448.5,448.5,430.0,435.0,12636,435.0,2026-09-03T19:34:09.256426+00:00
2022-04-27,435.0,445.0,428.0,445.0,18245,445.0,2026-09-03T19:34:09.256426+00:00
2022-04-28,445.0,451.0,432.0,432.3,23973,432.3,2026-09-03T19:34:09.256426+00:00
2022-05-02,424.0,431.0,414.8,421.0,17464,421.0,2026-09-03T19:34:09.256426+00:00
2022-05-04,421.0,424.8,410.5,412.0,22108,412.0,2026-09-03T19:34:09.256426+00:00
2022-05-05,409.0,417.1,401.8,408.0,24848,408.0,2026-09-03T19:34:09.256426+00:00
2022-05-08,408.0,414.0,394.0,413.0,38756,413.0,2026-09-03T19:34:09.256426+00:00
2022-05-09,416.0,420.9,405.0,410.0,27473,410.0,2026-09-03T19:34:09.256426+00:00
2022-05-10,409.0,425.0,409.0,422.0,24909,422.0,2026-09-03T19:34:09.256426+00:00
2022-05-11,422.0,437.9,422.0,435.0,28367,435.0,2026-09-03T19:34:09.256426+00:00
2022-05-12,430.0,443.0,421.0,422.0,32483,422.0,2026-09-03T19:34:09.256426+00:00
2022-05-17,414.0,421.0,405.8,405.8,21058,405.8,2026-09-03T19:34:09.256426+00:00
2022-05-18,401.0,415.0,400.0,410.6,18985,410.6,2026-09-03T19:34:09.256426+00:00
2022-05-19,404.5,415.0,403.1,405.0,17359,405.0,2026-09-03T19:34:09.256426+00:00
2022-05-20,403.3,409.0,398.0,401.0,22536,401.0,2026-09-03T19:34:09.256426+00:00
2022-05-23,399.0,407.0,393.5,396.2,17248,396.2,2026-09-03T19:34:09.256426+00:00
2022-05-24,400.0,410.0,398.0,402.5,23799,402.5,2026-09-03T19:34:09.256426+00:00
2022-05-25,410.5,413.0,400.0,404.0,11417,404.0,2026-09-03T19:34:09.256426+00:00
2022-05-26,407.0,410.1,398.0,401.8,17717,401.8,2026-09-03T19:34:09.256426+00:00
2022-05-27,405.0,405.0,396.0,398.0,13275,398.0,2026-09-03T19:34:09.256426+00:00
2022-05-30,398.0,398.0,383.0,385.2,28755,385.2,2026-09-03T19:34:09.256426+00:00
2022-05-31,385.0,389.0,374.0,374.1,24464,374.1,2026-09-03T19:34:09.256426+00:00
2022-06-01,380.0,385.0,375.1,380.0,15181,380.0,2026-09-03T19:34:09.256426+00:00
2022-06-02,373.1,388.9,373.0,377.0,10906,377.0,2026-09-03T19:34:09.256426+00:00
2022-06-03,380.0,380.0,372.4,373.6,25343,373.6,2026-09-03T19:34:09.256426+00:00
2022-06-06,380.9,388.0,370.5,376.2,16319,376.2,2026-09-03T19:34:09.256426+00:00
2022-06-07,379.0,379.0,356.8,362.0,43121,362.0,2026-09-03T19:34:09.256426+00:00
2022-06-08,366.0,382.0,360.0,370.0,24201,370.0,2026-09-03T19:34:09.256426+00:00
2022-06-09,374.0,380.0,359.0,359.0,57171,359.0,2026-09-03T19:34:09.256426+00:00
2022-06-10,354.2,361.0,352.2,357.1,18469,357.1,2026-09-03T19:34:09.256426+00:00
2022-06-13,364.2,370.0,351.0,352.0,12814,352.0,2026-09-03T19:34:09.256426+00:00
2022-06-14,355.0,358.0,341.1,342.0,24694,342.0,2026-09-03T19:34:09.256426+00:00
2022-06-15,338.0,344.0,330.9,336.0,36349,336.0,2026-09-03T19:34:09.256426+00:00
2022-06-16,336.0,349.9,335.2,338.0,18243,338.0,2026-09-03T19:34:09.256426+00:00
2022-06-17,333.0,343.0,333.0,338.0,8021,338.0,2026-09-03T19:34:09.256426+00:00
2022-06-19,338.0,339.0,325.0,325.0,17950,325.0,2026-09-03T19:34:09.256426+00:00
2022-06-20,320.0,322.0,310.0,314.0,40431,314.0,2026-09-03T19:34:09.256426+00:00
2022-06-21,314.0,330.0,313.4,324.1,26347,324.1,2026-09-03T19:34:09.256426+00:00
2022-06-22,324.1,324.1,313.0,319.9,9788,319.9,2026-09-03T19:34:09.256426+00:00
2022-06-23,315.0,315.0,304.1,308.0,19918,308.0,2026-09-03T19:34:09.256426+00:00
2022-06-24,308.0,320.0,296.1,315.0,36759,315.0,2026-09-03T19:34:09.256426+00:00
2022-06-26,321.3,341.0,318.0,339.5,33688,339.5,2026-09-03T19:34:09.256426+00:00
2022-06-27,344.0,350.0,326.0,328.0,49572,328.0,2026-09-03T19:34:09.256426+00:00
2022-06-28,321.5,328.0,320.0,324.0,14346,324.0,2026-09-03T19:34:09.256426+00:00
2022-06-29,330.0,347.0,320.0,341.0,35432,341.0,2026-09-03T19:34:09.256426+00:00
2022-06-30,337.8,363.0,337.8,362.0,49556,362.0,2026-09-03T19:34:09.256426+00:00
2022-07-01,365.0,369.2,350.0,355.8,28667,355.8,2026-09-03T19:34:09.256426+00:00
2022-07-03,350.0,370.0,348.0,369.0,40526,369.0,2026-09-03T19:34:09.256426+00:00
2022-07-04,370.0,389.0,350.0,362.0,72505,362.0,2026-09-03T19:34:09.256426+00:00
2022-07-05,355.0,373.0,346.0,348.0,50111,348.0,2026-09-03T19:34:09.256426+00:00
2022-07-06,345.0,356.0,338.0,355.0,34920,355.0,2026-09-03T19:34:09.256426+00:00
2022-07-07,362.1,369.3,349.7,352.0,29375,352.0,2026-09-03T19:34:09.256426+00:00
2022-07-08,352.0,353.0,340.0,342.0,13793,342.0,2026-09-03T19:34:09.256426+00:00
2022-07-11,337.0,337.1,326.0,327.9,126886,327.9,2026-09-03T19:34:09.256426+00:00
2022-07-12,331.0,333.9,314.0,324.0,54560,324.0,2026-09-03T19:34:09.256426+00:00
2022-07-13,329.5,344.9,329.5,343.0,35146,343.0,2026-09-03T19:34:09.256426+00:00
2022-07-14,348.0,358.0,339.0,349.0,39591,349.0,2026-09-03T19:34:09.256426+00:00
2022-07-15,342.1,355.9,339.1,349.9,105800,349.9,2026-09-03T19:34:09.256426+00:00
2022-07-17,356.0,356.0,344.2,351.0,26384,351.0,2026-09-03T19:34:09.256426+00:00
2022-07-18,351.0,358.0,346.0,356.0,13610,356.0,2026-09-03T19:34:09.256426+00:00
2022-07-19,360.0,367.0,353.0,360.9,32178,360.9,2026-09-03T19:34:09.256426+00:00
2022-07-20,361.0,365.8,355.0,359.0,31994,359.0,2026-09-03T19:34:09.256426+00:00
2022-07-21,360.0,362.0,353.0,354.0,29149,354.0,2026-09-03T19:34:09.256426+00:00
2022-07-22,350.0,356.0,343.1,346.0,13250,346.0,2026-09-03T19:34:09.256426+00:00
2022-07-24,352.0,365.0,348.0,365.0,87898,365.0,2026-09-03T19:34:09.256426+00:00
2022-07-25,372.3,392.0,368.0,392.0,80123,392.0,2026-09-03T19:34:09.256426+00:00
2022-07-26,391.0,398.0,376.6,378.0,74353,378.0,2026-09-03T19:34:09.256426+00:00
2022-07-27,371.0,390.6,365.0,385.0,78332,385.0,2026-09-03T19:34:09.256426+00:00
2022-07-28,392.0,400.0,370.0,390.0,93032,390.0,2026-09-03T19:34:09.256426+00:00
2022-07-29,384.0,415.0,382.2,408.0,91018,408.0,2026-09-03T19:34:09.256426+00:00
2022-07-31,413.0,424.0,405.1,412.0,123793,412.0,2026-09-03T19:34:09.256426+00:00
2022-08-01,417.0,417.0,401.2,403.0,77556,403.0,2026-09-03T19:34:09.256426+00:00
2022-08-02,404.0,411.0,396.0,400.0,66743,400.0,2026-09-03T19:34:09.256426+00:00
2022-08-03,401.4,412.0,397.1,399.0,43460,399.0,2026-09-03T19:34:09.256426+00:00
2022-08-04,400.0,403.0,385.0,386.0,64237,386.0,2026-09-03T19:34:09.256426+00:00
2022-08-05,386.0,390.0,374.0,378.9,45411,378.9,2026-09-03T19:34:09.256426+00:00
2022-08-07,378.0,390.0,375.0,378.0,55144,378.0,2026-09-03T19:34:09.256426+00:00
2022-08-08,385.0,386.0,367.0,371.9,43657,371.9,2026-09-03T19:34:09.256426+00:00
2022-08-09,371.9,373.0,354.0,354.1,66582,354.1,2026-09-03T19:34:09.256426+00:00
2022-08-10,350.0,358.9,346.6,352.0,51957,352.0,2026-09-03T19:34:09.256426+00:00
2022-08-11,353.0,358.0,343.0,343.0,31258,343.0,2026-09-03T19:34:09.256426+00:00
2022-08-14,348.0,349.7,337.5,338.0,22988,338.0,2026-09-03T19:34:09.256426+00:00
2022-08-15,340.0,363.9,340.0,363.0,47979,363.0,2026-09-03T19:34:09.256426+00:00
2022-08-16,366.0,370.0,351.0,351.0,57674,351.0,2026-09-03T19:34:09.256426+00:00
2022-08-17,352.0,360.0,347.0,354.0,24061,354.0,2026-09-03T19:34:09.256426+00:00
2022-08-18,360.0,370.0,354.0,367.0,47077,367.0,2026-09-03T19:34:09.256426+00:00
2022-08-21,372.0,379.4,363.1,363.1,37369,363.1,2026-09-03T19:34:09.256426+00:00
2022-08-22,360.0,368.0,357.0,361.5,44190,361.5,2026-09-03T19:34:09.256426+00:00
2022-08-23,367.0,367.0,356.0,360.0,17094,360.0,2026-09-03T19:34:09.256426+00:00
2022-08-24,361.0,367.0,360.0,361.0,19118,361.0,2026-09-03T19:34:09.256426+00:00
2022-08-25,360.0,366.0,353.0,355.0,24955,355.0,2026-09-03T19:34:09.256426+00:00
2022-08-26,355.0,355.0,345.0,347.0,21119,347.0,2026-09-03T19:34:09.256426+00:00
2022-08-28,347.0,347.0,333.2,334.1,45091,334.1,2026-09-03T19:34:09.256426+00:00
2022-08-29,334.3,342.0,332.3,342.0,21353,342.0,2026-09-03T19:34:09.256426+00:00
2022-08-30,348.0,348.0,341.0,346.0,26505,346.0,2026-09-03T19:34:09.256426+00:00
2022-08-31,351.9,351.9,335.0,336.0,17328,336.0,2026-09-03T19:34:09.256426+00:00
2022-09-01,336.0,346.8,331.0,339.0,17783,339.0,2026-09-03T19:34:09.256426+00:00
2022-09-02,340.0,344.9,334.1,336.0,9690,336.0,2026-09-03T19:34:09.256426+00:00
2022-09-04,340.0,342.7,336.5,339.0,15664,339.0,2026-09-03T19:34:09.256426+00:00
2022-09-05,344.0,344.0,335.2,337.9,11634,337.9,2026-09-03T19:34:09.256426+00:00
2022-09-06,340.0,340.0,332.1,336.5,6518,336.5,2026-09-03T19:34:09.256426+00:00
2022-09-07,334.0,334.0,328.5,330.0,21852,330.0,2026-09-03T19:34:09.256426+00:00
2022-09-08,330.0,336.0,325.0,332.5,22290,332.5,2026-09-03T19:34:09.256426+00:00
2022-09-11,339.0,339.0,325.9,325.9,9527,325.9,2026-09-03T19:34:09.256426+00:00
2022-09-12,325.0,330.0,323.0,327.0,11583,327.0,2026-09-03T19:34:09.256426+00:00
2022-09-13,328.0,338.0,328.0,333.0,17773,333.0,2026-09-03T19:34:09.256426+00:00
2022-09-14,333.0,350.0,333.0,347.0,32269,347.0,2026-09-03T19:34:09.256426+00:00
2022-09-15,347.0,350.0,327.5,329.4,36791,329.4,2026-09-03T19:34:09.256426+00:00
2022-09-16,322.9,326.9,312.0,325.0,40234,325.0,2026-09-03T19:34:09.256426+00:00
2022-09-18,320.0,322.0,313.6,314.0,26552,314.0,2026-09-03T19:34:09.256426+00:00
2022-09-20,313.0,315.0,301.9,303.0,27535,303.0,2026-09-03T19:34:09.256426+00:00
2022-09-21,309.0,316.0,305.8,310.9,15688,310.9,2026-09-03T19:34:09.256426+00:00
2022-09-22,310.5,315.0,302.0,303.0,17515,303.0,2026-09-03T19:34:09.256426+00:00
2022-09-25,300.0,310.0,300.0,301.0,18634,301.0,2026-09-03T19:34:09.256426+00:00
2022-09-27,306.0,313.0,301.1,308.0,8741,308.0,2026-09-03T19:34:09.256426+00:00
2022-09-28,310.0,314.0,306.1,307.0,6042,307.0,2026-09-03T19:34:09.256426+00:00
2022-09-29,312.0,312.0,306.3,309.0,11688,309.0,2026-09-03T19:34:09.256426+00:00
2022-10-09,315.0,325.0,315.0,323.0,18077,323.0,2026-09-03T19:34:09.256426+00:00
2022-10-10,324.0,327.9,310.0,313.0,21931,313.0,2026-09-03T19:34:09.256426+00:00
2022-10-11,317.0,317.0,308.0,310.0,10825,310.0,2026-09-03T19:34:09.256426+00:00
2022-10-12,310.0,321.5,305.2,320.0,23217,320.0,2026-09-03T19:34:09.256426+00:00
2022-10-13,324.0,326.4,320.0,321.9,10007,321.9,2026-09-03T19:34:09.256426+00:00
2022-10-16,328.0,328.0,312.0,313.0,9183,313.0,2026-09-03T19:34:09.256426+00:00
2022-10-17,312.0,313.5,309.6,312.9,10052,312.9,2026-09-03T19:34:09.256426+00:00
2022-10-19,316.5,316.5,303.9,306.0,13333,306.0,2026-09-03T19:34:09.256426+00:00
2022-10-20,303.0,309.0,301.0,305.6,10027,305.6,2026-09-03T19:34:09.256426+00:00
2022-10-23,311.0,311.0,306.0,310.1,4347,310.1,2026-09-03T19:34:09.256426+00:00
2022-10-31,310.0,310.0,300.0,301.1,27227,301.1,2026-09-03T19:34:09.256426+00:00
2022-11-01,306.0,319.9,299.0,319.9,25697,319.9,2026-09-03T19:34:09.256426+00:00
2022-11-02,321.0,324.5,313.6,319.0,22066,319.0,2026-09-03T19:34:09.256426+00:00
2022-11-03,320.0,320.0,310.0,311.0,13120,311.0,2026-09-03T19:34:09.256426+00:00
2022-11-06,312.0,321.3,310.0,321.0,19843,321.0,2026-09-03T19:34:09.256426+00:00
2022-11-07,325.0,326.4,315.8,315.8,28624,315.8,2026-09-03T19:34:09.256426+00:00
2022-11-08,319.5,319.5,311.0,312.1,15872,312.1,2026-09-03T19:34:09.256426+00:00
2022-11-09,311.5,317.0,303.8,303.8,19443,303.8,2026-09-03T19:34:09.256426+00:00
2022-11-10,309.8,309.8,299.3,300.0,37408,300.0,2026-09-03T19:34:09.256426+00:00
2022-11-13,300.0,306.0,297.3,298.0,20817,298.0,2026-09-03T19:34:09.256426+00:00
2022-11-14,302.0,306.0,298.0,305.0,12621,305.0,2026-09-03T19:34:09.256426+00:00
2022-11-15,306.0,307.0,300.0,302.9,13798,302.9,2026-09-03T19:34:09.256426+00:00
2022-11-16,308.0,309.0,304.1,307.0,10304,307.0,2026-09-03T19:34:09.256426+00:00
2022-11-17,310.0,315.0,310.0,312.0,20119,312.0,2026-09-03T19:34:09.256426+00:00
2022-11-22,315.0,316.0,306.0,308.0,8207,308.0,2026-09-03T19:34:09.256426+00:00
2022-11-23,301.9,308.0,301.9,307.5,8232,307.5,2026-09-03T19:34:09.256426+00:00
2022-11-24,305.0,315.0,304.0,315.0,10161,315.0,2026-09-03T19:34:09.256426+00:00
2022-11-27,321.0,321.0,312.0,318.0,29358,318.0,2026-09-03T19:34:09.256426+00:00
2022-11-28,315.0,321.0,312.0,313.9,17693,313.9,2026-09-03T19:34:09.256426+00:00
2022-11-29,309.0,316.3,308.9,316.3,13704,316.3,2026-09-03T19:34:09.256426+00:00
2022-11-30,319.0,319.0,309.1,312.5,10790,312.5,2026-09-03T19:34:09.256426+00:00
2022-12-01,313.0,317.9,310.0,312.0,17468,312.0,2026-09-03T19:34:09.256426+00:00
2022-12-04,313.1,318.8,310.0,311.0,27401,311.0,2026-09-03T19:34:09.256426+00:00
2022-12-05,311.0,317.2,307.0,309.0,19858,309.0,2026-09-03T19:34:09.256426+00:00
2022-12-06,305.1,312.0,305.1,309.0,11795,309.0,2026-09-03T19:34:09.256426+00:00
2022-12-07,308.0,309.0,305.0,305.0,13320,305.0,2026-09-03T19:34:09.256426+00:00
2022-12-11,303.0,305.0,300.4,302.9,18115,302.9,2026-09-03T19:34:09.256426+00:00
2022-12-12,302.0,308.0,302.0,307.9,15818,307.9,2026-09-03T19:34:09.256426+00:00
2022-12-13,306.0,310.0,305.0,307.0,6801,307.0,2026-09-03T19:34:09.256426+00:00
2022-12-14,306.0,307.0,304.2,306.0,4757,306.0,2026-09-03T19:34:09.256426+00:00
2022-12-15,301.3,305.0,301.3,302.9,6577,302.9,2026-09-03T19:34:09.256426+00:00
2022-12-18,300.0,304.8,297.0,297.5,15387,297.5,2026-09-03T19:34:09.256426+00:00
2022-12-19,295.0,302.0,292.0,296.0,14200,296.0,2026-09-03T19:34:09.256426+00:00
2022-12-20,295.0,305.0,295.0,300.0,12597,300.0,2026-09-03T19:34:09.256426+00:00
2022-12-21,300.0,302.0,297.1,299.0,13469,299.0,2026-09-03T19:34:09.256426+00:00
2022-12-22,295.0,298.0,295.0,296.5,7202,296.5,2026-09-03T19:34:09.256426+00:00
2022-12-26,301.0,309.7,298.2,308.0,53880,308.0,2026-09-03T19:34:09.256426+00:00
2022-12-27,314.0,318.9,308.7,312.0,48227,312.0,2026-09-03T19:34:09.256426+00:00
2022-12-28,312.0,316.8,306.2,309.0,24102,309.0,2026-09-03T19:34:09.256426+00:00
2022-12-29,315.0,324.1,305.0,322.5,54457,322.5,2026-09-03T19:34:09.256426+00:00
2023-01-01,328.9,339.0,317.0,324.0,84194,324.0,2026-09-03T19:34:09.256426+00:00
2023-01-02,321.0,330.1,321.0,328.0,31838,328.0,2026-09-03T19:34:09.256426+00:00
2023-01-03,328.0,334.2,322.0,324.3,34859,324.3,2026-09-03T19:34:09.256426+00:00
2023-01-04,327.0,342.7,325.0,340.5,54466,340.5,2026-09-03T19:34:09.256426+00:00
2023-01-05,347.0,347.2,328.3,337.3,65147,337.3,2026-09-03T19:34:09.256426+00:00
2023-01-08,339.0,360.0,331.0,343.1,91842,343.1,2026-09-03T19:34:09.256426+00:00
2023-01-09,342.0,360.0,342.0,359.0,81937,359.0,2026-09-03T19:34:09.256426+00:00
2023-01-10,365.0,381.0,351.9,358.0,146772,358.0,2026-09-03T19:34:09.256426+00:00
2023-01-12,365.1,372.5,340.0,343.0,101169,343.0,2026-09-03T19:34:09.256426+00:00
2023-01-17,345.0,360.0,339.0,351.1,55268,351.1,2026-09-03T19:34:09.256426+00:00
2023-01-18,358.0,368.2,351.1,366.0,175894,366.0,2026-09-03T19:34:09.256426+00:00
2023-01-19,365.0,374.9,360.7,365.0,80932,365.0,2026-09-03T19:34:09.256426+00:00
2023-01-23,357.7,364.0,347.1,349.0,125414,349.0,2026-09-03T19:34:09.256426+00:00
2023-01-24,342.3,352.0,339.0,350.0,51674,350.0,2026-09-03T19:34:09.256426+00:00
2023-01-25,345.0,356.0,339.0,344.1,69126,344.1,2026-09-03T19:34:09.256426+00:00
2023-01-26,350.0,350.0,338.0,339.0,36146,339.0,2026-09-03T19:34:09.256426+00:00
2023-01-29,338.0,345.0,333.0,335.3,40166,335.3,2026-09-03T19:34:09.256426+00:00
2023-01-30,332.0,338.5,323.1,325.0,48238,325.0,2026-09-03T19:34:09.256426+00:00
2023-01-31,320.1,330.0,320.0,323.5,45762,323.5,2026-09-03T19:34:09.256426+00:00
2023-02-01,324.0,333.0,324.0,328.9,23916,328.9,2026-09-03T19:34:09.256426+00:00
2023-02-02,328.9,328.9,319.0,322.9,32717,322.9,2026-09-03T19:34:09.256426+00:00
2023-02-05,322.0,327.0,317.1,324.5,37724,324.5,2026-09-03T19:34:09.256426+00:00
2023-02-06,318.7,327.0,318.7,324.5,18792,324.5,2026-09-03T19:34:09.256426+00:00
2023-02-07,326.0,343.0,326.0,343.0,45490,343.0,2026-09-03T19:34:09.256426+00:00
2023-02-08,348.9,351.0,336.2,336.3,47173,336.3,2026-09-03T19:34:09.256426+00:00
2023-02-09,336.3,343.9,335.0,342.0,26359,342.0,2026-09-03T19:34:09.256426+00:00
2023-02-12,336.0,341.0,325.1,326.0,48830,326.0,2026-09-03T19:34:09.256426+00:00
2023-02-14,329.9,330.0,325.1,326.0,13289,326.0,2026-09-03T19:34:09.256426+00:00
2023-02-15,326.0,329.0,322.0,324.0,20042,324.0,2026-09-03T19:34:09.256426+00:00
2023-02-16,321.1,326.9,318.4,318.5,27500,318.5,2026-09-03T19:34:09.256426+00:00
2023-02-20,319.0,321.0,316.0,317.0,14981,317.0,2026-09-03T19:34:09.256426+00:00
2023-02-22,318.0,329.0,318.0,329.0,17318,329.0,2026-09-03T19:34:09.256426+00:00
2023-02-23,322.5,335.0,317.1,320.0,21453,320.0,2026-09-03T19:34:09.256426+00:00
2023-02-26,319.0,327.0,308.0,323.9,35709,323.9,2026-09-03T19:34:09.256426+00:00
2023-02-27,330.0,330.0,314.0,322.9,20183,322.9,2026-09-03T19:34:09.256426+00:00
2023-02-28,323.5,324.0,319.0,320.0,5939,320.0,2026-09-03T19:34:09.256426+00:00
2023-03-01,319.1,320.9,315.0,315.0,6131,315.0,2026-09-03T19:34:09.256426+00:00
2023-03-02,315.0,316.0,310.0,311.0,15255,311.0,2026-09-03T19:34:09.256426+00:00
2023-03-05,310.0,314.0,308.0,309.0,19481,309.0,2026-09-03T19:34:09.256426+00:00
2023-03-07,314.9,319.0,309.0,316.0,13688,316.0,2026-09-03T19:34:09.256426+00:00
2023-03-09,322.3,325.0,317.1,323.0,22316,323.0,2026-09-03T19:34:09.256426+00:00
2023-03-12,327.9,327.9,315.0,315.0,22031,315.0,2026-09-03T19:34:09.256426+00:00
2023-03-13,318.9,318.9,311.2,315.8,2452,315.8,2026-09-03T19:34:09.256426+00:00
2023-03-14,316.0,320.0,310.4,314.0,7329,314.0,2026-09-03T19:34:09.256426+00:00
2023-03-15,314.1,314.9,310.0,312.0,8315,312.0,2026-09-03T19:34:09.256426+00:00
2023-03-16,308.2,313.9,308.0,312.9,12195,312.9,2026-09-03T19:34:09.256426+00:00
2023-03-19,311.0,318.0,307.4,313.1,6171,313.1,2026-09-03T19:34:09.256426+00:00
2023-03-20,317.0,318.9,312.0,316.0,6480,316.0,2026-09-03T19:34:09.256426+00:00
2023-03-22,314.0,318.9,312.0,313.0,9668,313.0,2026-09-03T19:34:09.256426+00:00
2023-03-23,312.0,312.9,307.0,309.0,23397,309.0,2026-09-03T19:34:09.256426+00:00
2023-03-26,305.0,309.5,304.3,306.0,13918,306.0,2026-09-03T19:34:09.256426+00:00
2023-03-27,306.0,314.0,303.0,313.0,23343,313.0,2026-09-03T19:34:09.256426+00:00
2023-03-28,317.0,317.0,308.0,313.0,19984,313.0,2026-09-03T19:34:09.256426+00:00
2023-03-29,310.0,313.0,308.0,308.6,4962,308.6,2026-09-03T19:34:09.256426+00:00
2023-03-30,309.6,314.0,308.5,313.0,17538,313.0,2026-09-03T19:34:09.256426+00:00
2023-04-02,313.0,314.0,300.0,304.0,33862,304.0,2026-09-03T19:34:09.256426+00:00
2023-04-03,302.0,304.9,298.0,300.9,11768,300.9,2026-09-03T19:34:09.256426+00:00
2023-04-04,300.0,305.0,297.0,301.0,8251,301.0,2026-09-03T19:34:09.256426+00:00
2023-04-05,301.0,306.0,296.0,300.0,13508,300.0,2026-09-03T19:34:09.256426+00:00
2023-04-06,305.0,306.0,297.0,297.0,8760,297.0,2026-09-03T19:34:09.256426+00:00
2023-04-09,295.1,295.3,289.0,291.4,20138,291.4,2026-09-03T19:34:09.256426+00:00
2023-04-10,297.1,297.1,292.0,295.0,7233,295.0,2026-09-03T19:34:09.256426+00:00
2023-04-11,292.0,303.0,292.0,300.0,9555,300.0,2026-09-03T19:34:09.256426+00:00
2023-04-12,301.0,320.0,301.0,319.0,27652,319.0,2026-09-03T19:34:09.256426+00:00
2023-04-13,325.0,325.0,309.1,310.0,20206,310.0,2026-09-03T19:34:09.256426+00:00
2023-04-16,310.0,316.0,305.5,311.0,7717,311.0,2026-09-03T19:34:09.256426+00:00
2023-04-17,308.0,311.0,304.0,304.0,9658,304.0,2026-09-03T19:34:09.256426+00:00
2023-04-18,302.0,307.9,300.0,301.0,7511,301.0,2026-09-03T19:34:09.256426+00:00
2023-04-19,300.0,306.0,300.0,305.0,17787,305.0,2026-09-03T19:34:09.256426+00:00
2023-04-20,300.0,306.0,300.0,301.0,6824,301.0,2026-09-03T19:34:09.256426+00:00
2023-04-23,297.1,300.0,296.1,297.0,6157,297.0,2026-09-03T19:34:09.256426+00:00
2023-04-24,295.5,303.0,295.0,301.0,6767,301.0,2026-09-03T19:34:09.256426+00:00
2023-04-25,301.1,308.0,298.0,306.0,7660,306.0,2026-09-03T19:34:09.256426+00:00
2023-04-26,307.0,308.0,300.0,300.0,13396,300.0,2026-09-03T19:34:09.256426+00:00
2023-04-27,300.0,306.0,297.0,300.8,22469,300.8,2026-09-03T19:34:09.256426+00:00
2023-04-30,293.8,293.8,288.1,292.0,10092,292.0,2026-09-03T19:34:09.256426+00:00
2023-05-02,295.1,296.0,288.0,291.6,5344,291.6,2026-09-03T19:34:09.256426+00:00
2023-05-03,290.0,291.5,288.0,288.5,7280,288.5,2026-09-03T19:34:09.256426+00:00
2023-05-04,288.0,293.0,287.0,287.6,10470,287.6,2026-09-03T19:34:09.256426+00:00
2023-05-07,287.0,291.0,285.0,285.0,7519,285.0,2026-09-03T19:34:09.256426+00:00
2023-05-08,285.0,289.0,281.4,288.0,15375,288.0,2026-09-03T19:34:09.256426+00:00
2023-05-09,290.0,296.8,285.0,296.8,14309,296.8,2026-09-03T19:34:09.256426+00:00
2023-05-10,295.0,299.5,288.0,299.5,6518,299.5,2026-09-03T19:34:09.256426+00:00
2023-05-11,295.0,295.0,289.2,290.0,5121,290.0,2026-09-03T19:34:09.256426+00:00
2023-05-14,292.0,292.0,279.5,280.0,21387,280.0,2026-09-03T19:34:09.256426+00:00
2023-05-15,277.7,285.6,275.0,280.0,20282,280.0,2026-09-03T19:34:09.256426+00:00
2023-05-16,279.0,280.0,275.1,277.0,29254,277.0,2026-09-03T19:34:09.256426+00:00
2023-05-17,277.0,288.0,277.0,286.0,9381,286.0,2026-09-03T19:34:09.256426+00:00
2023-05-18,287.0,298.8,287.0,290.0,21672,290.0,2026-09-03T19:34:09.256426+00:00
2023-05-21,295.8,297.0,288.0,292.9,18693,292.9,2026-09-03T19:34:09.256426+00:00
2023-05-22,287.4,296.6,287.3,294.0,10901,294.0,2026-09-03T19:34:09.256426+00:00
2023-05-23,297.5,305.0,295.2,303.0,24687,303.0,2026-09-03T19:34:09.256426+00:00
2023-05-24,302.9,305.5,297.0,301.0,15184,301.0,2026-09-03T19:34:09.256426+00:00
2023-05-28,300.0,309.0,295.0,299.0,34836,299.0,2026-09-03T19:34:09.256426+00:00
2023-05-30,293.5,295.0,289.0,292.4,12632,292.4,2026-09-03T19:34:09.256426+00:00
2023-05-31,289.1,294.0,283.0,283.0,19317,283.0,2026-09-03T19:34:09.256426+00:00
2023-06-01,280.2,288.0,279.0,283.0,16641,283.0,2026-09-03T19:34:09.256426+00:00
2023-06-04,288.6,300.0,282.9,297.6,13081,297.6,2026-09-03T19:34:09.256426+00:00
2023-06-05,297.0,302.9,291.2,291.2,15978,291.2,2026-09-03T19:34:09.256426+00:00
2023-06-06,295.0,295.0,290.1,295.0,10947,295.0,2026-09-03T19:34:09.256426+00:00
2023-06-07,300.0,308.0,298.1,305.0,122482,305.0,2026-09-03T19:34:09.256426+00:00
2023-06-08,304.0,318.0,302.0,313.2,44499,313.2,2026-09-03T19:34:09.256426+00:00
2023-06-11,315.0,328.0,315.0,326.0,71322,326.0,2026-09-03T19:34:09.256426+00:00
2023-06-12,327.0,330.0,318.0,320.0,39727,320.0,2026-09-03T19:34:09.256426+00:00
2023-06-13,315.2,326.0,314.1,322.0,42458,322.0,2026-09-03T19:34:09.256426+00:00
2023-06-14,322.2,328.0,316.1,321.9,44740,321.9,2026-09-03T19:34:09.256426+00:00
2023-06-15,321.8,325.0,317.0,323.0,29735,323.0,2026-09-03T19:34:09.256426+00:00
2023-06-18,324.0,332.0,320.0,326.2,42167,326.2,2026-09-03T19:34:09.256426+00:00
2023-06-19,326.2,340.5,326.2,334.0,67201,334.0,2026-09-03T19:34:09.256426+00:00
2023-06-20,340.0,350.0,326.0,328.0,83267,328.0,2026-09-03T19:34:09.256426+00:00
2023-06-21,332.0,333.9,322.0,322.6,30678,322.6,2026-09-03T19:34:09.256426+00:00
2023-06-22,321.1,328.0,318.0,322.0,33360,322.0,2026-09-03T19:34:09.256426+00:00
2023-06-25,322.0,342.0,321.4,337.0,72461,337.0,2026-09-03T19:34:09.256426+00:00
2023-06-26,343.0,349.0,331.0,341.7,61494,341.7,2026-09-03T19:34:09.256426+00:00
2023-06-27,346.0,359.9,333.0,343.0,122561,343.0,2026-09-03T19:34:09.256426+00:00
2023-06-28,348.0,351.9,333.1,333.3,54805,333.3,2026-09-03T19:34:09.256426+00:00
2023-07-02,335.0,335.0,325.0,325.0,45229,325.0,2026-09-03T19:34:09.256426+00:00
2023-07-03,331.0,331.0,320.0,320.9,43154,320.9,2026-09-03T19:34:09.256426+00:00
2023-07-04,327.0,333.8,318.7,324.5,36903,324.5,2026-09-03T19:34:09.256426+00:00
2023-07-05,323.0,326.0,316.0,317.0,28327,317.0,2026-09-03T19:34:09.256426+00:00
2023-07-06,315.1,324.3,313.6,316.0,25358,316.0,2026-09-03T19:34:09.256426+00:00
2023-07-09,322.3,324.9,314.2,319.0,38658,319.0,2026-09-03T19:34:09.256426+00:00
2023-07-10,320.0,327.0,318.0,320.0,47646,320.0,2026-09-03T19:34:09.256426+00:00
2023-07-11,320.0,337.5,318.0,334.0,71437,334.0,2026-09-03T19:34:09.256426+00:00
2023-07-12,335.0,339.0,331.0,336.0,28294,336.0,2026-09-03T19:34:09.256426+00:00
2023-07-13,341.8,341.8,327.0,330.0,43541,330.0,2026-09-03T19:34:09.256426+00:00
2023-07-16,324.2,336.6,324.2,327.0,14094,327.0,2026-09-03T19:34:09.256426+00:00
2023-07-17,322.0,345.0,322.0,345.0,101357,345.0,2026-09-03T19:34:09.256426+00:00
2023-07-18,351.0,352.0,339.0,342.0,72520,342.0,2026-09-03T19:34:09.256426+00:00
2023-07-19,340.2,352.0,340.2,349.0,128346,349.0,2026-09-03T19:34:09.256426+00:00
2023-07-20,355.0,361.9,350.0,359.3,150982,359.3,2026-09-03T19:34:09.256426+00:00
2023-07-23,360.0,380.0,355.0,380.0,213038,380.0,2026-09-03T19:34:09.256426+00:00
2023-07-24,380.0,380.0,363.2,364.0,209585,364.0,2026-09-03T19:34:09.256426+00:00
2023-07-25,363.0,363.0,351.3,355.0,117393,355.0,2026-09-03T19:34:09.256426+00:00
2023-07-26,361.9,362.0,351.8,357.5,59442,357.5,2026-09-03T19:34:09.256426+00:00
2023-07-27,362.0,362.0,351.1,352.5,80546,352.5,2026-09-03T19:34:09.256426+00:00
2023-07-30,353.0,355.0,345.3,347.1,42026,347.1,2026-09-03T19:34:09.256426+00:00
2023-07-31,347.0,354.9,345.0,352.0,74887,352.0,2026-09-03T19:34:09.256426+00:00
2023-08-01,357.5,357.5,338.6,344.0,40929,344.0,2026-09-03T19:34:09.256426+00:00
2023-08-02,340.0,350.0,339.0,350.0,53562,350.0,2026-09-03T19:34:09.256426+00:00
2023-08-03,355.0,355.0,334.0,336.0,98784,336.0,2026-09-03T19:34:09.256426+00:00
2023-08-06,334.0,334.0,320.0,320.0,66578,320.0,2026-09-03T19:34:09.256426+00:00
2023-08-07,319.0,327.0,317.0,325.0,34390,325.0,2026-09-03T19:34:09.256426+00:00
2023-08-08,320.1,325.0,315.3,316.1,26725,316.1,2026-09-03T19:34:09.256426+00:00
2023-08-09,314.0,338.1,312.0,333.0,43432,333.0,2026-09-03T19:34:09.256426+00:00
2023-08-10,337.0,337.0,318.3,325.0,57554,325.0,2026-09-03T19:34:09.256426+00:00
2023-08-13,329.9,330.0,322.0,325.0,24114,325.0,2026-09-03T19:34:09.256426+00:00
2023-08-14,328.0,328.0,321.0,322.0,28431,322.0,2026-09-03T19:34:09.256426+00:00
2023-08-15,325.0,325.0,315.0,315.0,41027,315.0,2026-09-03T19:34:09.256426+00:00
2023-08-16,315.6,317.7,313.0,314.0,19228,314.0,2026-09-03T19:34:09.256426+00:00
2023-08-17,320.0,320.0,315.0,315.0,30887,315.0,2026-09-03T19:34:09.256426+00:00
2023-08-20,314.0,317.0,308.7,312.9,19024,312.9,2026-09-03T19:34:09.256426+00:00
2023-08-21,314.0,317.0,308.2,310.3,21498,310.3,2026-09-03T19:34:09.256426+00:00
2023-08-22,308.2,316.0,308.2,313.5,23826,313.5,2026-09-03T19:34:09.256426+00:00
2023-08-23,315.0,320.1,315.0,319.0,46496,319.0,2026-09-03T19:34:09.256426+00:00
2023-08-24,315.0,323.7,312.0,313.0,31400,313.0,2026-09-03T19:34:09.256426+00:00
2023-08-27,313.0,313.0,308.3,310.0,15348,310.0,2026-09-03T19:34:09.256426+00:00
2023-08-28,313.9,314.0,307.2,309.0,9035,309.0,2026-09-03T19:34:09.256426+00:00
2023-08-29,310.0,315.0,307.7,308.2,8649,308.2,2026-09-03T19:34:09.256426+00:00
2023-08-30,307.5,310.0,306.1,309.8,10145,309.8,2026-09-03T19:34:09.256426+00:00
2023-09-03,311.0,311.0,301.0,304.0,14509,304.0,2026-09-03T19:34:09.256426+00:00
2023-09-04,302.1,305.0,300.0,304.1,21614,304.1,2026-09-03T19:34:09.256426+00:00
2023-09-05,302.0,306.0,301.1,306.0,12715,306.0,2026-09-03T19:34:09.256426+00:00
2023-09-07,306.0,306.0,300.0,302.0,9298,302.0,2026-09-03T19:34:09.256426+00:00
2023-09-10,300.0,305.0,300.0,303.0,8832,303.0,2026-09-03T19:34:09.256426+00:00
2023-09-11,304.0,314.1,303.0,312.0,13457,312.0,2026-09-03T19:34:09.256426+00:00
2023-09-12,317.9,317.9,308.0,309.2,5511,309.2,2026-09-03T19:34:09.256426+00:00
2023-09-13,312.0,317.0,305.8,316.0,22786,316.0,2026-09-03T19:34:09.256426+00:00
2023-09-17,310.0,315.0,305.0,307.0,10553,307.0,2026-09-03T19:34:09.256426+00:00
2023-09-18,305.1,312.9,305.1,307.4,4283,307.4,2026-09-03T19:34:09.256426+00:00
2023-09-19,306.2,309.8,305.5,307.0,15524,307.0,2026-09-03T19:34:09.256426+00:00
2023-09-21,313.0,325.0,312.7,322.0,54793,322.0,2026-09-03T19:34:09.256426+00:00
2023-09-24,327.0,330.0,315.0,325.0,45913,325.0,2026-09-03T19:34:09.256426+00:00
2023-09-25,320.0,327.0,318.5,320.1,74230,320.1,2026-09-03T19:34:09.256426+00:00
2023-09-26,326.0,327.0,318.0,320.0,21067,320.0,2026-09-03T19:34:09.256426+00:00
2023-09-27,325.0,326.0,315.0,324.0,91325,324.0,2026-09-03T19:34:09.256426+00:00
2023-10-01,318.0,320.0,313.4,315.9,21641,315.9,2026-09-03T19:34:09.256426+00:00
2023-10-02,311.0,324.0,310.2,320.5,38461,320.5,2026-09-03T19:34:09.256426+00:00
2023-10-03,320.0,320.0,312.0,315.0,13508,315.0,2026-09-03T19:34:09.256426+00:00
2023-10-04,319.0,319.0,313.5,315.0,7530,315.0,2026-09-03T19:34:09.256426+00:00
2023-10-05,320.0,320.0,312.6,315.0,10339,315.0,2026-09-03T19:34:09.256426+00:00
2023-10-08,311.0,312.8,300.0,307.0,46955,307.0,2026-09-03T19:34:09.256426+00:00
2023-10-09,302.1,309.0,302.0,303.0,31562,303.0,2026-09-03T19:34:09.256426+00:00
2023-10-10,303.0,307.0,301.1,301.3,9888,301.3,2026-09-03T19:34:09.256426+00:00
2023-10-11,303.0,310.0,301.9,308.0,24541,308.0,2026-09-03T19:34:09.256426+00:00
2023-10-12,302.0,307.0,297.0,301.0,47513,301.0,2026-09-03T19:34:09.256426+00:00
2023-10-16,300.0,305.0,296.1,296.5,17017,296.5,2026-09-03T19:34:09.256426+00:00
2023-10-17,302.0,305.0,290.6,298.8,29512,298.8,2026-09-03T19:34:09.256426+00:00
2023-10-18,299.0,303.5,296.0,301.0,16241,301.0,2026-09-03T19:34:09.256426+00:00
2023-10-19,300.0,305.0,300.0,300.1,30944,300.1,2026-09-03T19:34:09.256426+00:00
2023-10-29,302.0,304.8,297.4,298.5,9951,298.5,2026-09-03T19:34:09.256426+00:00
2023-10-30,295.2,300.0,295.0,298.0,6130,298.0,2026-09-03T19:34:09.256426+00:00
2023-10-31,303.9,303.9,292.0,292.0,7898,292.0,2026-09-03T19:34:09.256426+00:00
2023-11-01,297.8,299.0,294.0,294.0,6439,294.0,2026-09-03T19:34:09.256426+00:00
2023-11-02,294.0,299.6,293.0,295.0,12549,295.0,2026-09-03T19:34:09.256426+00:00
2023-11-05,293.0,296.0,291.1,296.0,8557,296.0,2026-09-03T19:34:09.256426+00:00
2023-11-06,295.5,301.0,295.5,296.5,13977,296.5,2026-09-03T19:34:09.256426+00:00
2023-11-07,296.0,300.0,296.0,297.2,6074,297.2,2026-09-03T19:34:09.256426+00:00
2023-11-06,295.5,301.0,295.5,296.5,13977,296.5,2026-09-03T19:34:09.256426+00:00
2023-11-07,296.0,300.0,296.0,297.2,6074,297.2,2026-09-03T19:34:09.256426+00:00
2023-11-08,291.3,297.9,291.3,292.0,19282,292.0,2026-09-03T19:34:09.256426+00:00
2023-11-09,290.4,294.0,290.2,290.5,9355,290.5,2026-09-03T19:34:09.256426+00:00
2023-11-20,284.7,302.0,284.7,292.0,11330,292.0,2026-09-03T19:34:09.256426+00:00
2023-11-21,289.0,294.0,286.0,288.0,6639,288.0,2026-09-03T19:34:09.256426+00:00
2023-11-22,285.2,295.0,285.1,288.2,21033,288.2,2026-09-03T19:34:09.256426+00:00
2023-11-23,290.0,298.0,289.0,296.0,11979,296.0,2026-09-03T19:34:09.256426+00:00
2023-11-26,301.0,305.0,299.1,303.0,15315,303.0,2026-09-03T19:34:09.256426+00:00
2023-11-27,305.0,306.9,299.2,302.0,26152,302.0,2026-09-03T19:34:09.256426+00:00
2023-11-28,302.0,304.9,298.0,298.0,11803,298.0,2026-09-03T19:34:09.256426+00:00
2023-11-29,300.0,303.0,296.1,297.2,10824,297.2,2026-09-03T19:34:09.256426+00:00
2023-11-30,301.0,301.0,291.2,292.0,14649,292.0,2026-09-03T19:34:09.256426+00:00
2023-12-03,289.0,298.9,288.2,294.1,15818,294.1,2026-09-03T19:34:09.256426+00:00
2023-12-04,294.0,297.9,291.1,291.1,6291,291.1,2026-09-03T19:34:09.256426+00:00
2023-12-05,296.9,296.9,288.0,293.4,12169,293.4,2026-09-03T19:34:09.256426+00:00
2023-12-06,288.1,295.0,288.1,291.0,6596,291.0,2026-09-03T19:34:09.256426+00:00
2023-12-07,291.0,298.0,288.2,297.0,21795,297.0,2026-09-03T19:34:09.256426+00:00
2023-12-10,302.9,318.0,302.9,318.0,6054,318.0,2026-09-03T19:34:09.256426+00:00
2023-12-11,320.0,320.0,302.0,309.6,68362,309.6,2026-09-03T19:34:09.256426+00:00
2023-12-12,304.5,318.0,304.5,315.8,48123,315.8,2026-09-03T19:34:09.256426+00:00
2023-12-13,315.8,327.9,314.1,319.9,60206,319.9,2026-09-03T19:34:09.256426+00:00
2023-12-14,315.0,329.9,314.0,329.5,49847,329.5,2026-09-03T19:34:09.256426+00:00
2023-12-17,323.0,336.0,320.0,336.0,54052,336.0,2026-09-03T19:34:09.256426+00:00
2023-12-18,342.0,354.9,338.0,343.0,194763,343.0,2026-09-03T19:34:09.256426+00:00
2023-12-19,345.0,350.0,337.1,346.0,62622,346.0,2026-09-03T19:34:09.256426+00:00
2023-12-20,349.0,360.3,345.0,349.0,102261,349.0,2026-09-03T19:34:09.256426+00:00
2023-12-21,351.9,351.9,336.0,336.7,79341,336.7,2026-09-03T19:34:09.256426+00:00
2023-12-24,341.0,341.0,327.8,335.0,64340,335.0,2026-09-03T19:34:09.256426+00:00
2023-12-27,328.3,336.0,325.0,327.0,39049,327.0,2026-09-03T19:34:09.256426+00:00
2023-12-28,332.0,333.0,324.0,325.0,52393,325.0,2026-09-03T19:34:09.256426+00:00
2024-01-01,326.1,336.7,323.0,323.0,45340,323.0,2026-09-03T19:34:09.256426+00:00
2024-01-02,325.0,325.0,316.2,322.0,48467,322.0,2026-09-03T19:34:09.256426+00:00
2024-01-03,316.0,330.0,316.0,330.0,25721,330.0,2026-09-03T19:34:09.256426+00:00
2024-01-04,324.0,329.9,320.0,320.0,32842,320.0,2026-09-03T19:34:09.256426+00:00
2024-01-07,317.0,323.0,315.1,316.0,32693,316.0,2026-09-03T19:34:09.256426+00:00
2024-01-08,322.3,334.9,311.0,330.0,43633,330.0,2026-09-03T19:34:09.256426+00:00
2024-01-09,335.0,355.0,330.0,349.9,157874,349.9,2026-09-03T19:34:09.256426+00:00
2024-01-10,356.7,358.0,345.0,345.0,115594,345.0,2026-09-03T19:34:09.256426+00:00
2024-01-11,342.0,350.0,340.2,349.8,52478,349.8,2026-09-03T19:34:09.256426+00:00
2024-01-14,356.7,360.0,349.6,352.9,48336,352.9,2026-09-03T19:34:09.256426+00:00
2024-01-16,359.9,368.0,359.9,361.8,99684,361.8,2026-09-03T19:34:09.256426+00:00
2024-01-17,369.0,382.0,358.0,361.0,240257,361.0,2026-09-03T19:34:09.256426+00:00
2024-01-18,368.2,375.5,359.7,365.0,125666,365.0,2026-09-03T19:34:09.256426+00:00
2024-01-21,372.3,372.3,348.0,349.5,102150,349.5,2026-09-03T19:34:09.256426+00:00
2024-01-22,355.0,356.4,342.0,345.0,46845,345.0,2026-09-03T19:34:09.256426+00:00
2024-01-23,349.0,354.0,343.1,344.2,32305,344.2,2026-09-03T19:34:09.256426+00:00
2024-01-24,351.0,351.0,331.0,331.0,57415,331.0,2026-09-03T19:34:09.256426+00:00
2024-01-25,336.0,344.0,335.0,338.0,46979,338.0,2026-09-03T19:34:09.256426+00:00
2024-01-28,344.0,352.0,340.0,347.0,60846,347.0,2026-09-03T19:34:09.256426+00:00
2024-01-29,350.1,353.8,349.0,351.0,41564,351.0,2026-09-03T19:34:09.256426+00:00
2024-01-30,357.8,357.8,350.7,352.0,32401,352.0,2026-09-03T19:34:09.256426+00:00
2024-01-31,355.0,357.5,342.4,343.2,59064,343.2,2026-09-03T19:34:09.256426+00:00
2024-02-01,337.2,344.0,337.2,342.0,36270,342.0,2026-09-03T19:34:09.256426+00:00
2024-02-04,340.1,345.7,340.0,343.5,19397,343.5,2026-09-03T19:34:09.256426+00:00
2024-02-05,350.3,352.0,343.3,346.0,27248,346.0,2026-09-03T19:34:09.256426+00:00
2024-02-06,346.0,355.0,345.1,351.0,19168,351.0,2026-09-03T19:34:09.256426+00:00
2024-02-07,354.9,363.0,352.2,356.0,79525,356.0,2026-09-03T19:34:09.256426+00:00
2024-02-08,360.0,361.0,352.7,357.2,28396,357.2,2026-09-03T19:34:09.256426+00:00
2024-02-11,358.0,364.0,358.0,359.2,74352,359.2,2026-09-03T19:34:09.256426+00:00
2024-02-12,364.0,364.0,357.7,362.0,36456,362.0,2026-09-03T19:34:09.256426+00:00
2024-02-13,355.1,359.0,350.5,353.9,63523,353.9,2026-09-03T19:34:09.256426+00:00
2024-02-14,352.0,372.0,349.0,360.0,98182,360.0,2026-09-03T19:34:09.256426+00:00
2024-02-15,361.0,364.7,352.0,352.1,35318,352.1,2026-09-03T19:34:09.256426+00:00
2024-02-18,348.4,351.2,347.0,347.1,22411,347.1,2026-09-03T19:34:09.256426+00:00
2024-02-20,354.0,356.9,347.8,351.1,39484,351.1,2026-09-03T19:34:09.256426+00:00
2024-02-21,352.1,355.0,348.0,348.1,20209,348.1,2026-09-03T19:34:09.256426+00:00
2024-02-22,345.0,357.9,343.0,349.5,38593,349.5,2026-09-03T19:34:09.256426+00:00
2024-02-25,344.2,353.0,343.0,343.0,29863,343.0,2026-09-03T19:34:09.256426+00:00
2024-02-26,349.0,349.0,340.0,343.9,21064,343.9,2026-09-03T19:34:09.256426+00:00
2024-02-27,345.0,350.0,342.1,343.0,13994,343.0,2026-09-03T19:34:09.256426+00:00
2024-02-28,341.1,344.9,341.0,342.0,19455,342.0,2026-09-03T19:34:09.256426+00:00
2024-02-29,336.2,340.0,332.6,335.0,21860,335.0,2026-09-03T19:34:09.256426+00:00
2024-03-03,335.0,336.0,330.0,331.6,16678,331.6,2026-09-03T19:34:09.256426+00:00
2024-03-04,338.2,364.7,338.2,364.7,8984,364.7,2026-09-03T19:34:09.256426+00:00
2024-03-05,357.5,357.5,343.0,345.0,55508,345.0,2026-09-03T19:34:09.256426+00:00
2024-03-06,349.0,350.0,337.0,343.0,40520,343.0,2026-09-03T19:34:09.256426+00:00
2024-03-07,349.1,355.0,344.1,344.9,16460,344.9,2026-09-03T19:34:09.256426+00:00
2024-03-10,351.6,355.0,345.5,350.0,22484,350.0,2026-09-03T19:34:09.256426+00:00
2024-03-12,355.0,360.0,351.3,358.0,44384,358.0,2026-09-03T19:34:09.256426+00:00
2024-03-13,363.0,365.0,357.1,358.0,55582,358.0,2026-09-03T19:34:09.256426+00:00
2024-03-14,361.7,361.7,354.9,355.0,26235,355.0,2026-09-03T19:34:09.256426+00:00
2024-03-17,355.0,369.0,353.5,355.1,89384,355.1,2026-09-03T19:34:09.256426+00:00
2024-03-18,362.0,367.3,358.0,367.3,120890,367.3,2026-09-03T19:34:09.256426+00:00
2024-03-19,370.0,373.9,364.0,367.0,90384,367.0,2026-09-03T19:34:09.256426+00:00
2024-03-20,368.0,370.0,361.0,364.0,69494,364.0,2026-09-03T19:34:09.256426+00:00
2024-03-21,358.0,369.9,358.0,362.0,67791,362.0,2026-09-03T19:34:09.256426+00:00
2024-03-25,365.0,368.0,355.0,355.9,34377,355.9,2026-09-03T19:34:09.256426+00:00
2024-03-26,360.0,367.0,355.0,360.0,39572,360.0,2026-09-03T19:34:09.256426+00:00
2024-03-27,356.2,362.0,355.0,359.0,42447,359.0,2026-09-03T19:34:09.256426+00:00
2024-03-28,364.5,365.0,355.0,359.0,31337,359.0,2026-09-03T19:34:09.256426+00:00
2024-03-31,352.0,359.4,350.0,355.0,36223,355.0,2026-09-03T19:34:09.256426+00:00
2024-04-01,350.0,357.0,347.0,349.9,33752,349.9,2026-09-03T19:34:09.256426+00:00
2024-04-02,349.0,354.0,347.0,347.0,16253,347.0,2026-09-03T19:34:09.256426+00:00
2024-04-03,347.5,355.9,345.1,348.9,30198,348.9,2026-09-03T19:34:09.256426+00:00
2024-04-04,354.0,354.0,344.5,347.9,23924,347.9,2026-09-03T19:34:09.256426+00:00
2024-04-07,345.0,360.0,345.0,357.9,36099,357.9,2026-09-03T19:34:09.256426+00:00
2024-04-09,355.0,365.6,355.0,363.9,70365,363.9,2026-09-03T19:34:09.256426+00:00
2024-04-10,367.8,367.8,355.0,357.0,33066,357.0,2026-09-03T19:34:09.256426+00:00
2024-04-14,354.4,361.0,354.4,356.8,26801,356.8,2026-09-03T19:34:09.256426+00:00
2024-04-15,359.8,374.0,350.0,354.5,19921,354.5,2026-09-03T19:34:09.256426+00:00
2024-04-16,347.5,355.0,345.1,347.5,21904,347.5,2026-09-03T19:34:09.256426+00:00
2024-04-18,346.5,346.5,341.0,343.4,15426,343.4,2026-09-03T19:34:09.256426+00:00
2024-04-21,347.0,358.0,341.1,352.9,27987,352.9,2026-09-03T19:34:09.256426+00:00
2024-04-22,348.0,356.5,345.0,347.5,19092,347.5,2026-09-03T19:34:09.256426+00:00
2024-04-24,348.0,353.5,346.0,350.0,9754,350.0,2026-09-03T19:34:09.256426+00:00
2024-04-25,347.0,354.5,345.0,350.0,31822,350.0,2026-09-03T19:34:09.256426+00:00
2024-04-28,350.0,364.0,350.0,361.0,59668,361.0,2026-09-03T19:34:09.256426+00:00
2024-04-29,361.0,370.0,360.2,366.0,124832,366.0,2026-09-03T19:34:09.256426+00:00
2024-04-30,363.0,392.0,363.0,387.0,337394,387.0,2026-09-03T19:34:09.256426+00:00
2024-05-02,394.7,395.0,377.4,379.0,142184,379.0,2026-09-03T19:34:09.256426+00:00
2024-05-05,380.0,380.0,363.0,364.0,110027,364.0,2026-09-03T19:34:09.256426+00:00
2024-05-06,364.0,372.0,361.0,368.6,52438,368.6,2026-09-03T19:34:09.256426+00:00
2024-05-07,372.0,379.3,364.6,371.6,79784,371.6,2026-09-03T19:34:09.256426+00:00
2024-05-08,377.4,377.4,368.1,371.0,32299,371.0,2026-09-03T19:34:09.256426+00:00
2024-05-09,374.0,375.8,368.0,370.0,65481,370.0,2026-09-03T19:34:09.256426+00:00
2024-05-12,371.0,381.0,371.0,378.0,113173,378.0,2026-09-03T19:34:09.256426+00:00
2024-05-13,380.0,382.9,374.0,378.0,30318,378.0,2026-09-03T19:34:09.256426+00:00
2024-05-14,377.1,381.0,376.0,377.4,39121,377.4,2026-09-03T19:34:09.256426+00:00
2024-05-15,384.4,388.0,375.0,378.0,105335,378.0,2026-09-03T19:34:09.256426+00:00
2024-05-16,374.6,379.5,370.5,371.0,41011,371.0,2026-09-03T19:34:09.256426+00:00
2024-05-19,378.4,378.4,371.3,373.6,54174,373.6,2026-09-03T19:34:09.256426+00:00
2024-05-20,366.2,385.0,366.2,378.0,57482,378.0,2026-09-03T19:34:09.256426+00:00
2024-05-21,380.0,383.0,375.0,377.6,57803,377.6,2026-09-03T19:34:09.256426+00:00
2024-05-22,377.6,387.0,377.6,381.3,107355,381.3,2026-09-03T19:34:09.256426+00:00
2024-05-26,373.7,388.0,373.7,381.0,75027,381.0,2026-09-03T19:34:09.256426+00:00
2024-05-27,387.5,387.5,374.0,383.0,44740,383.0,2026-09-03T19:34:09.256426+00:00
2024-05-29,389.0,389.0,377.7,377.8,65040,377.8,2026-09-03T19:34:09.256426+00:00
2024-05-30,384.0,384.0,370.0,370.0,58971,370.0,2026-09-03T19:34:09.256426+00:00
2024-06-02,376.5,377.4,370.0,370.2,35154,370.2,2026-09-03T19:34:09.256426+00:00
2024-06-03,377.0,377.0,369.5,372.0,30143,372.0,2026-09-03T19:34:09.256426+00:00
2024-06-04,370.0,376.9,370.0,374.8,14257,374.8,2026-09-03T19:34:09.256426+00:00
2024-06-05,370.0,375.0,370.0,370.4,38385,370.4,2026-09-03T19:34:09.256426+00:00
2024-06-06,370.0,374.9,368.6,370.0,23358,370.0,2026-09-03T19:34:09.256426+00:00
2024-06-09,370.0,371.8,366.5,366.5,31358,366.5,2026-09-03T19:34:09.256426+00:00
2024-06-10,363.1,372.9,362.0,372.9,44682,372.9,2026-09-03T19:34:09.256426+00:00
2024-06-11,380.3,380.3,366.0,374.0,44496,374.0,2026-09-03T19:34:09.256426+00:00
2024-06-12,374.0,381.0,374.0,376.5,56946,376.5,2026-09-03T19:34:09.256426+00:00
2024-06-13,371.1,391.0,371.0,379.0,97452,379.0,2026-09-03T19:34:09.256426+00:00
2024-06-16,379.0,382.0,372.0,372.0,27293,372.0,2026-09-03T19:34:09.256426+00:00
2024-06-18,369.1,377.9,368.0,371.0,28904,371.0,2026-09-03T19:34:09.256426+00:00
2024-06-19,371.0,376.3,368.5,370.0,13649,370.0,2026-09-03T19:34:09.256426+00:00
2024-06-20,370.0,370.2,365.0,366.8,31573,366.8,2026-09-03T19:34:09.256426+00:00
2024-06-23,370.0,370.0,364.1,366.0,40333,366.0,2026-09-03T19:34:09.256426+00:00
2024-06-24,373.3,373.3,366.0,368.0,37534,368.0,2026-09-03T19:34:09.256426+00:00
2024-06-25,375.0,380.0,369.1,373.0,42967,373.0,2026-09-03T19:34:09.256426+00:00
2024-06-26,371.1,375.0,367.1,368.0,30888,368.0,2026-09-03T19:34:09.256426+00:00
2024-06-27,366.0,370.0,365.0,368.2,27476,368.2,2026-09-03T19:34:09.256426+00:00
2024-06-30,374.5,374.5,363.2,370.0,37906,370.0,2026-09-03T19:34:09.256426+00:00
2024-07-01,374.0,374.0,367.0,370.0,24555,370.0,2026-09-03T19:34:09.256426+00:00
2024-07-02,377.4,395.0,372.1,381.0,86982,381.0,2026-09-03T19:34:09.256426+00:00
2024-07-03,381.0,391.0,373.1,390.8,120269,390.8,2026-09-03T19:34:09.256426+00:00
2024-07-04,398.6,413.0,391.0,407.3,286687,407.3,2026-09-03T19:34:09.256426+00:00
2024-07-07,408.0,413.6,403.0,406.0,115834,406.0,2026-09-03T19:34:09.256426+00:00
2024-07-08,414.1,414.1,402.8,407.6,79396,407.6,2026-09-03T19:34:09.256426+00:00
2024-07-09,408.0,420.2,405.7,419.0,126765,419.0,2026-09-03T19:34:09.256426+00:00
2024-07-10,420.0,422.0,412.1,414.7,71513,414.7,2026-09-03T19:34:09.256426+00:00
2024-07-11,418.0,429.0,416.0,417.7,103250,417.7,2026-09-03T19:34:09.256426+00:00
2024-07-14,426.0,434.0,418.5,420.0,89950,420.0,2026-09-03T19:34:09.256426+00:00
2024-07-15,428.4,428.4,411.0,416.0,120148,416.0,2026-09-03T19:34:09.256426+00:00
2024-07-16,415.0,431.0,412.0,429.9,88075,429.9,2026-09-03T19:34:09.256426+00:00
2024-07-17,438.4,456.0,426.0,455.0,183323,455.0,2026-09-03T19:34:09.256426+00:00
2024-07-18,455.9,465.2,447.0,448.0,142792,448.0,2026-09-03T19:34:09.256426+00:00
2024-07-21,448.1,456.0,439.1,455.0,140476,455.0,2026-09-03T19:34:09.256426+00:00
2024-07-22,457.0,460.0,445.0,453.5,201280,453.5,2026-09-03T19:34:09.256426+00:00
2024-07-23,448.1,469.0,448.0,465.1,106985,465.1,2026-09-03T19:34:09.256426+00:00
2024-07-24,474.4,505.0,474.4,483.0,368450,483.0,2026-09-03T19:34:09.256426+00:00
2024-07-25,490.0,492.0,475.3,479.0,128156,479.0,2026-09-03T19:34:09.256426+00:00
2024-07-28,488.5,498.2,472.2,492.0,187990,492.0,2026-09-03T19:34:09.256426+00:00
2024-07-29,495.0,500.0,480.0,481.0,128321,481.0,2026-09-03T19:34:09.256426+00:00
2024-07-30,481.0,493.5,470.4,483.0,146696,483.0,2026-09-03T19:34:09.256426+00:00
2024-07-31,492.6,503.0,484.1,494.0,231826,494.0,2026-09-03T19:34:09.256426+00:00
2024-08-01,494.0,506.0,485.1,499.0,294250,499.0,2026-09-03T19:34:09.256426+00:00
2024-08-05,508.9,508.9,492.1,501.0,197226,501.0,2026-09-03T19:34:09.256426+00:00
2024-08-06,502.0,510.0,483.0,485.0,336947,485.0,2026-09-03T19:34:09.256426+00:00
2024-08-07,485.0,502.0,485.0,496.0,168913,496.0,2026-09-03T19:34:09.256426+00:00
2024-08-08,498.0,505.9,493.0,493.0,154680,493.0,2026-09-03T19:34:09.256426+00:00
2024-08-11,501.0,506.0,494.0,504.0,174980,504.0,2026-09-03T19:34:09.256426+00:00
2024-08-12,514.0,537.5,506.0,531.0,324104,531.0,2026-09-03T19:34:09.256426+00:00
2024-08-13,541.0,541.0,522.0,531.9,272873,531.9,2026-09-03T19:34:09.256426+00:00
2024-08-14,531.9,552.0,524.0,546.0,199488,546.0,2026-09-03T19:34:09.256426+00:00
2024-08-15,550.0,554.8,540.0,540.1,268744,540.1,2026-09-03T19:34:09.256426+00:00
2024-08-18,544.0,548.0,512.0,535.0,238271,535.0,2026-09-03T19:34:09.256426+00:00
2024-08-21,533.5,533.5,522.0,524.0,131677,524.0,2026-09-03T19:34:09.256426+00:00
2024-08-22,534.0,564.8,530.0,536.0,349504,536.0,2026-09-03T19:34:09.256426+00:00
2024-08-25,538.0,547.0,523.4,530.0,207994,530.0,2026-09-03T19:34:09.256426+00:00
2024-08-27,533.0,536.0,508.1,511.0,207508,511.0,2026-09-03T19:34:09.256426+00:00
2024-08-28,521.0,526.0,507.0,510.2,139087,510.2,2026-09-03T19:34:09.256426+00:00
2024-08-29,511.5,519.0,500.0,502.0,169417,502.0,2026-09-03T19:34:09.256426+00:00
2024-09-01,502.0,515.0,489.0,493.0,142855,493.0,2026-09-03T19:34:09.256426+00:00
2024-09-02,502.8,525.3,490.0,525.3,134143,525.3,2026-09-03T19:34:09.256426+00:00
2024-09-03,530.0,537.5,508.0,529.0,138616,529.0,2026-09-03T19:34:09.256426+00:00
2024-09-04,537.9,537.9,506.0,508.0,171356,508.0,2026-09-03T19:34:09.256426+00:00
2024-09-05,497.9,512.0,497.0,506.0,69313,506.0,2026-09-03T19:34:09.256426+00:00
2024-09-08,512.0,516.0,500.1,503.0,82689,503.0,2026-09-03T19:34:09.256426+00:00
2024-09-09,493.5,503.0,484.0,486.0,95687,486.0,2026-09-03T19:34:09.256426+00:00
2024-09-10,494.0,500.0,474.0,474.0,57554,474.0,2026-09-03T19:34:09.256426+00:00
2024-09-11,474.0,485.0,465.5,469.0,99767,469.0,2026-09-03T19:34:09.256426+00:00
2024-09-12,469.0,484.5,466.0,483.0,61153,483.0,2026-09-03T19:34:09.256426+00:00
2024-09-15,492.6,497.0,476.0,477.0,72491,477.0,2026-09-03T19:34:09.256426+00:00
2024-09-16,470.0,476.0,461.0,466.0,42231,466.0,2026-09-03T19:34:09.256426+00:00
2024-09-18,457.0,476.1,456.7,468.9,39751,468.9,2026-09-03T19:34:09.256426+00:00
2024-09-22,478.2,487.7,460.0,484.5,35609,484.5,2026-09-03T19:34:09.256426+00:00
2024-09-23,475.0,482.0,458.0,459.0,46295,459.0,2026-09-03T19:34:09.256426+00:00
2024-09-24,450.3,468.0,448.5,448.5,26731,448.5,2026-09-03T19:34:09.256426+00:00
2024-09-25,449.0,462.9,442.3,460.0,25156,460.0,2026-09-03T19:34:09.256426+00:00
2024-09-26,468.0,469.0,455.2,457.9,28885,457.9,2026-09-03T19:34:09.256426+00:00
2024-09-29,455.0,464.0,448.9,455.7,39749,455.7,2026-09-03T19:34:09.256426+00:00
2024-09-30,463.0,466.9,458.3,462.6,55459,462.6,2026-09-03T19:34:09.256426+00:00
2024-10-01,434.1,455.0,434.1,450.0,33567,450.0,2026-09-03T19:34:09.256426+00:00
2024-10-02,455.0,457.0,442.0,446.0,51697,446.0,2026-09-03T19:34:09.256426+00:00
2024-10-06,442.0,458.0,442.0,457.0,21215,457.0,2026-09-03T19:34:09.256426+00:00
2024-10-07,460.0,469.2,458.0,466.0,21413,466.0,2026-09-03T19:34:09.256426+00:00
2024-10-08,464.0,466.0,456.2,462.9,15283,462.9,2026-09-03T19:34:09.256426+00:00
2024-10-09,454.0,463.0,454.0,462.0,12201,462.0,2026-09-03T19:34:09.256426+00:00
2024-10-15,454.0,471.0,454.0,470.0,23105,470.0,2026-09-03T19:34:09.256426+00:00
2024-10-16,470.0,477.0,470.0,473.4,20621,473.4,2026-09-03T19:34:09.256426+00:00
2024-10-17,478.0,481.9,471.0,476.5,36122,476.5,2026-09-03T19:34:09.256426+00:00
2024-10-20,472.0,478.0,458.0,458.0,42699,458.0,2026-09-03T19:34:09.256426+00:00
2024-10-21,458.0,458.0,445.1,446.1,21709,446.1,2026-09-03T19:34:09.256426+00:00
2024-10-22,445.0,457.9,445.0,451.0,17514,451.0,2026-09-03T19:34:09.256426+00:00
2024-10-23,460.0,464.8,445.0,448.0,24223,448.0,2026-09-03T19:34:09.256426+00:00
2024-10-24,445.0,456.0,440.1,456.0,24007,456.0,2026-09-03T19:34:09.256426+00:00
2024-10-27,447.1,455.0,446.9,449.2,14437,449.2,2026-09-03T19:34:09.256426+00:00
2024-10-28,458.0,458.0,447.1,453.0,11268,453.0,2026-09-03T19:34:09.256426+00:00
2024-10-29,457.0,460.9,452.1,459.0,17261,459.0,2026-09-03T19:34:09.256426+00:00
2024-10-30,462.0,463.0,457.2,459.0,14473,459.0,2026-09-03T19:34:09.256426+00:00
2024-11-05,456.0,459.8,451.1,456.0,5727,456.0,2026-09-03T19:34:09.256426+00:00
2024-11-06,459.0,459.8,451.3,455.0,14163,455.0,2026-09-03T19:34:09.256426+00:00
2024-11-10,455.1,469.0,455.1,466.9,26223,466.9,2026-09-03T19:34:09.256426+00:00
2024-11-11,468.1,475.0,463.5,469.0,52489,469.0,2026-09-03T19:34:09.256426+00:00
2024-11-12,462.0,475.0,462.0,466.0,27927,466.0,2026-09-03T19:34:09.256426+00:00
2024-11-13,467.5,474.0,462.5,473.4,32344,473.4,2026-09-03T19:34:09.256426+00:00
2024-11-14,473.0,488.5,472.0,482.0,59107,482.0,2026-09-03T19:34:09.256426+00:00
2024-11-17,484.0,489.0,480.0,480.0,38964,480.0,2026-09-03T19:34:09.256426+00:00
2024-11-19,478.1,478.1,465.0,466.9,46906,466.9,2026-09-03T19:34:09.256426+00:00
2024-11-20,466.6,481.0,461.0,477.0,39819,477.0,2026-09-03T19:34:09.256426+00:00
2024-11-21,482.0,485.0,464.0,464.0,27269,464.0,2026-09-03T19:34:09.256426+00:00
2024-11-24,464.1,467.0,460.0,460.0,18702,460.0,2026-09-03T19:34:09.256426+00:00
2024-11-25,460.0,468.0,460.0,461.0,10065,461.0,2026-09-03T19:34:09.256426+00:00
2024-11-26,465.0,469.0,458.2,466.0,22045,466.0,2026-09-03T19:34:09.256426+00:00
2024-11-27,467.1,476.0,465.0,471.0,32734,471.0,2026-09-03T19:34:09.256426+00:00
2024-11-28,479.0,489.6,475.0,475.0,62848,475.0,2026-09-03T19:34:09.256426+00:00
2024-12-01,471.0,510.0,465.5,498.0,158817,498.0,2026-09-03T19:34:09.256426+00:00
2024-12-02,507.9,525.0,484.0,493.0,158031,493.0,2026-09-03T19:34:09.256426+00:00
2024-12-03,502.0,522.0,486.0,494.0,50257,494.0,2026-09-03T19:34:09.256426+00:00
2024-12-04,492.0,495.0,486.0,486.0,49513,486.0,2026-09-03T19:34:09.256426+00:00
2024-12-05,490.0,490.0,476.5,479.0,54126,479.0,2026-09-03T19:34:09.256426+00:00
2024-12-08,470.0,482.7,468.0,469.0,49973,469.0,2026-09-03T19:34:09.256426+00:00
2024-12-09,459.7,477.0,455.0,460.0,38622,460.0,2026-09-03T19:34:09.256426+00:00
2024-12-10,452.3,469.0,452.2,461.0,17831,461.0,2026-09-03T19:34:09.256426+00:00
2024-12-11,455.0,468.0,455.0,465.0,19054,465.0,2026-09-03T19:34:09.256426+00:00
2024-12-12,465.1,469.0,450.0,456.0,18708,456.0,2026-09-03T19:34:09.256426+00:00
2024-12-16,448.2,456.0,438.1,448.4,36511,448.4,2026-09-03T19:34:09.256426+00:00
2024-12-17,441.6,453.0,441.0,449.0,18643,449.0,2026-09-03T19:34:09.256426+00:00
2024-12-18,442.2,452.7,442.2,444.0,35168,444.0,2026-09-03T19:34:09.256426+00:00
2024-12-19,441.4,448.0,435.1,445.0,26642,445.0,2026-09-03T19:34:09.256426+00:00
2024-12-22,440.0,444.0,430.0,431.5,30721,431.5,2026-09-03T19:34:09.256426+00:00
2024-12-23,435.0,448.0,435.0,442.1,15919,442.1,2026-09-03T19:34:09.256426+00:00
2024-12-24,450.0,455.0,441.0,447.9,27393,447.9,2026-09-03T19:34:09.256426+00:00
2024-12-26,443.7,444.0,431.2,440.0,35258,440.0,2026-09-03T19:34:09.256426+00:00
2024-12-29,433.0,442.0,430.0,432.9,22772,432.9,2026-09-03T19:34:09.256426+00:00
2024-12-31,433.0,433.0,417.0,423.0,46050,423.0,2026-09-03T19:34:09.256426+00:00
2025-01-01,416.0,431.0,416.0,430.0,30194,430.0,2026-09-03T19:34:09.256426+00:00
2025-01-02,430.0,436.0,425.0,435.0,16647,435.0,2026-09-03T19:34:09.256426+00:00
2025-01-05,428.0,435.0,428.0,430.0,20402,430.0,2026-09-03T19:34:09.256426+00:00
2025-01-06,430.0,438.9,430.0,437.0,52333,437.0,2026-09-03T19:34:09.256426+00:00
2025-01-07,441.9,445.0,433.1,434.0,17704,434.0,2026-09-03T19:34:09.256426+00:00
2025-01-08,434.1,444.8,431.2,442.0,26506,442.0,2026-09-03T19:34:09.256426+00:00
2025-01-09,436.0,445.0,435.2,437.0,23717,437.0,2026-09-03T19:34:09.256426+00:00
2025-01-12,437.0,437.0,425.1,426.1,12925,426.1,2026-09-03T19:34:09.256426+00:00
2025-01-13,426.0,436.0,420.0,433.0,24588,433.0,2026-09-03T19:34:09.256426+00:00
2025-01-15,433.0,441.0,428.1,430.0,22618,430.0,2026-09-03T19:34:09.256426+00:00
2025-01-16,430.0,430.0,423.0,428.5,14061,428.5,2026-09-03T19:34:09.256426+00:00
2025-01-19,429.2,429.2,421.9,424.9,14970,424.9,2026-09-03T19:34:09.256426+00:00
2025-01-20,430.0,439.0,423.0,427.2,50906,427.2,2026-09-03T19:34:09.256426+00:00
2025-01-21,430.0,442.0,428.0,435.0,37068,435.0,2026-09-03T19:34:09.256426+00:00
2025-01-22,430.5,448.9,430.4,446.0,42827,446.0,2026-09-03T19:34:09.256426+00:00
2025-01-23,451.0,452.0,438.1,440.0,51246,440.0,2026-09-03T19:34:09.256426+00:00
2025-01-26,440.0,448.0,435.1,440.0,30107,440.0,2026-09-03T19:34:09.256426+00:00
2025-01-27,432.2,446.0,432.2,440.0,23640,440.0,2026-09-03T19:34:09.256426+00:00
2025-01-28,447.0,455.0,441.5,454.0,65077,454.0,2026-09-03T19:34:09.256426+00:00
2025-02-02,463.0,472.0,459.0,468.0,47766,468.0,2026-09-03T19:34:09.256426+00:00
2025-02-03,471.0,471.0,460.1,460.1,57717,460.1,2026-09-03T19:34:09.256426+00:00
2025-02-04,469.0,469.0,452.8,453.0,37070,453.0,2026-09-03T19:34:09.256426+00:00
2025-02-05,450.0,461.0,450.0,455.0,24198,455.0,2026-09-03T19:34:09.256426+00:00
2025-02-06,450.0,464.0,450.0,455.0,24849,455.0,2026-09-03T19:34:09.256426+00:00
2025-02-09,455.0,459.0,441.0,441.0,52475,441.0,2026-09-03T19:34:09.256426+00:00
2025-02-10,435.6,453.1,435.6,445.0,34570,445.0,2026-09-03T19:34:09.256426+00:00
2025-02-11,450.0,455.0,446.5,454.0,31137,454.0,2026-09-03T19:34:09.256426+00:00
2025-02-12,462.8,462.8,455.0,455.0,29037,455.0,2026-09-03T19:34:09.256426+00:00
2025-02-13,456.1,460.0,447.8,450.0,23939,450.0,2026-09-03T19:34:09.256426+00:00
2025-02-16,445.0,451.0,443.0,450.9,38082,450.9,2026-09-03T19:34:09.256426+00:00
2025-02-17,455.0,455.0,449.0,454.0,65239,454.0,2026-09-03T19:34:09.256426+00:00
2025-02-18,456.0,459.0,448.6,450.0,42638,450.0,2026-09-03T19:34:09.256426+00:00
2025-02-20,443.0,450.0,443.0,450.0,36348,450.0,2026-09-03T19:34:09.256426+00:00
2025-02-23,445.0,454.9,441.0,448.0,37461,448.0,2026-09-03T19:34:09.256426+00:00
2025-02-24,445.2,455.5,440.0,440.0,63552,440.0,2026-09-03T19:34:09.256426+00:00
2025-02-25,448.0,448.8,443.9,444.1,44622,444.1,2026-09-03T19:34:09.256426+00:00
2025-02-27,452.9,459.0,447.0,455.0,56663,455.0,2026-09-03T19:34:09.256426+00:00
2025-03-02,464.0,470.0,455.3,469.0,61483,469.0,2026-09-03T19:34:09.256426+00:00
2025-03-03,459.7,479.9,456.2,461.7,83210,461.7,2026-09-03T19:34:09.256426+00:00
2025-03-04,455.1,470.0,455.1,466.0,40384,466.0,2026-09-03T19:34:09.256426+00:00
2025-03-05,458.0,465.0,456.0,463.0,49032,463.0,2026-09-03T19:34:09.256426+00:00
2025-03-06,455.0,471.9,455.0,468.0,69792,468.0,2026-09-03T19:34:09.256426+00:00
2025-03-09,476.9,476.9,458.7,460.0,35922,460.0,2026-09-03T19:34:09.256426+00:00
2025-03-10,464.0,464.0,455.0,462.5,37395,462.5,2026-09-03T19:34:09.256426+00:00
2025-03-11,453.5,478.0,450.0,464.0,156099,464.0,2026-09-03T19:34:09.256426+00:00
2025-03-12,461.2,469.9,458.0,462.0,58894,462.0,2026-09-03T19:34:09.256426+00:00
2025-03-16,463.0,463.0,447.6,451.0,49532,451.0,2026-09-03T19:34:09.256426+00:00
2025-03-17,452.0,456.8,445.8,448.0,23700,448.0,2026-09-03T19:34:09.256426+00:00
2025-03-18,456.9,456.9,440.2,442.5,42551,442.5,2026-09-03T19:34:09.256426+00:00
2025-03-19,440.2,459.0,440.0,440.1,44877,440.1,2026-09-03T19:34:09.256426+00:00
2025-03-20,444.9,445.0,440.0,440.73,25689,440.73,2026-09-03T19:34:09.256426+00:00
2025-03-23,441.0,441.0,427.3,428.02,35197,428.02,2026-09-03T19:34:09.256426+00:00
2025-03-24,429.0,442.0,423.1,440.96,36163,440.96,2026-09-03T19:34:09.256426+00:00
2025-03-25,440.0,440.0,426.0,438.31,40694,438.31,2026-09-03T19:34:09.256426+00:00
2025-03-26,447.0,447.0,432.3,437.24,14713,437.24,2026-09-03T19:34:09.256426+00:00
2025-03-27,445.9,445.9,434.1,439.3,28602,439.3,2026-09-03T19:34:09.256426+00:00
2025-03-30,439.3,449.0,435.1,440.27,28640,440.27,2026-09-03T19:34:09.256426+00:00
2025-04-01,441.0,441.0,433.0,434.2,31749,434.2,2026-09-03T19:34:09.256426+00:00
2025-04-02,440.0,440.0,433.0,433.55,31551,433.55,2026-09-03T19:34:09.256426+00:00
2025-04-03,440.0,441.0,436.2,438.03,19179,438.03,2026-09-03T19:34:09.256426+00:00
2025-04-07,430.0,456.0,429.3,431.73,32324,431.73,2026-09-03T19:34:09.256426+00:00
2025-04-08,440.0,445.0,428.0,433.28,17188,433.28,2026-09-03T19:34:09.256426+00:00
2025-04-09,434.0,444.2,434.0,440.95,23583,440.95,2026-09-03T19:34:09.256426+00:00
2025-04-10,436.0,443.0,435.4,441.48,15124,441.48,2026-09-03T19:34:09.256426+00:00
2025-04-13,434.6,440.5,434.5,437.27,10341,437.27,2026-09-03T19:34:09.256426+00:00
2025-04-15,440.0,446.9,438.1,440.5,18058,440.5,2026-09-03T19:34:09.256426+00:00
2025-04-16,440.5,444.5,435.1,440.45,18882,440.45,2026-09-03T19:34:09.256426+00:00
2025-04-17,437.1,450.0,437.1,448.18,19218,448.18,2026-09-03T19:34:09.256426+00:00
2025-04-20,454.0,455.0,447.3,450.98,25533,450.98,2026-09-03T19:34:09.256426+00:00
2025-04-21,455.0,457.5,447.1,453.71,29812,453.71,2026-09-03T19:34:09.256426+00:00
2025-04-22,460.0,460.0,443.1,445.43,17548,445.43,2026-09-03T19:34:09.256426+00:00
2025-04-23,442.0,442.6,435.0,437.55,15597,437.55,2026-09-03T19:34:09.256426+00:00
2025-04-24,437.0,443.0,436.0,440.46,16225,440.46,2026-09-03T19:34:09.256426+00:00
2025-04-27,445.0,449.2,435.8,437.56,20378,437.56,2026-09-03T19:34:09.256426+00:00
2025-04-28,444.9,444.9,435.0,437.27,17641,437.27,2026-09-03T19:34:09.256426+00:00
2025-04-29,436.0,440.0,433.2,433.56,9021,433.56,2026-09-03T19:34:09.256426+00:00
2025-04-30,440.0,442.0,428.0,428.62,34725,428.62,2026-09-03T19:34:09.256426+00:00
2025-05-04,422.0,440.0,422.0,435.04,33670,435.04,2026-09-03T19:34:09.256426+00:00
2025-05-05,438.7,438.7,435.0,436.11,11702,436.11,2026-09-03T19:34:09.256426+00:00
2025-05-06,440.0,440.0,430.2,433.13,31280,433.13,2026-09-03T19:34:09.256426+00:00
2025-05-07,431.1,442.0,429.8,440.66,29090,440.66,2026-09-03T19:34:09.256426+00:00
2025-05-08,440.66,447.5,433.0,440.17,31814,440.17,2026-09-03T19:34:09.256426+00:00
2025-05-11,440.0,452.0,436.0,447.52,37818,447.52,2026-09-03T19:34:09.256426+00:00
2025-05-13,441.0,461.0,441.0,450.41,33982,450.41,2026-09-03T19:34:09.256426+00:00
2025-05-14,452.0,469.0,447.0,452.92,83190,452.92,2026-09-03T19:34:09.256426+00:00
2025-05-15,455.0,460.0,447.0,448.56,50108,448.56,2026-09-03T19:34:09.256426+00:00
2025-05-18,456.0,456.0,443.5,445.31,35550,445.31,2026-09-03T19:34:09.256426+00:00
2025-05-19,447.0,453.0,445.0,448.04,31857,448.04,2026-09-03T19:34:09.256426+00:00
2025-05-20,451.0,460.0,445.0,455.98,46326,455.98,2026-09-03T19:34:09.256426+00:00
2025-05-21,465.0,474.0,451.1,454.94,88758,454.94,2026-09-03T19:34:09.256426+00:00
2025-05-22,460.0,464.0,455.0,456.83,46131,456.83,2026-09-03T19:34:09.256426+00:00
2025-05-25,448.0,460.0,448.0,451.63,27991,451.63,2026-09-03T19:34:09.256426+00:00
2025-05-26,460.6,469.7,450.1,451.16,39638,451.16,2026-09-03T19:34:09.256426+00:00
2025-05-27,450.0,460.0,446.6,454.03,27593,454.03,2026-09-03T19:34:09.256426+00:00
2025-05-28,451.0,459.0,450.1,455.44,16570,455.44,2026-09-03T19:34:09.256426+00:00
2025-06-02,458.2,465.0,451.5,455.34,53785,455.34,2026-09-03T19:34:09.256426+00:00
2025-06-03,462.9,462.9,450.0,451.54,43595,451.54,2026-09-03T19:34:09.256426+00:00
2025-06-04,453.0,456.9,446.4,447.75,32347,447.75,2026-09-03T19:34:09.256426+00:00
2025-06-05,450.0,453.0,445.7,449.52,19807,449.52,2026-09-03T19:34:09.256426+00:00
2025-06-08,455.0,455.0,441.5,443.21,22975,443.21,2026-09-03T19:34:09.256426+00:00
2025-06-09,443.1,448.0,441.2,445.62,49168,445.62,2026-09-03T19:34:09.256426+00:00
2025-06-10,453.0,454.0,448.0,450.89,28178,450.89,2026-09-03T19:34:09.256426+00:00
2025-06-11,451.1,455.0,450.0,452.28,36456,452.28,2026-09-03T19:34:09.256426+00:00
2025-06-12,460.9,460.9,446.6,448.69,26510,448.69,2026-09-03T19:34:09.256426+00:00
2025-06-15,449.0,455.0,448.0,448.98,19287,448.98,2026-09-03T19:34:09.256426+00:00
2025-06-16,445.0,455.0,445.0,448.63,36316,448.63,2026-09-03T19:34:09.256426+00:00
2025-06-17,453.9,453.9,445.9,449.35,26223,449.35,2026-09-03T19:34:09.256426+00:00
2025-06-18,450.0,450.0,444.1,446.19,19287,446.19,2026-09-03T19:34:09.256426+00:00
2025-06-19,444.0,446.5,443.0,443.52,25230,443.52,2026-09-03T19:34:09.256426+00:00
2025-06-22,444.0,448.0,443.2,443.42,13417,443.42,2026-09-03T19:34:09.256426+00:00
2025-06-23,450.0,450.0,441.0,443.27,22026,443.27,2026-09-03T19:34:09.256426+00:00
2025-06-24,448.9,448.9,441.0,441.83,22434,441.83,2026-09-03T19:34:09.256426+00:00
2025-06-25,440.1,444.9,440.1,440.42,14601,440.42,2026-09-03T19:34:09.256426+00:00
2025-06-26,440.0,445.0,438.0,442.48,13635,442.48,2026-09-03T19:34:09.256426+00:00
2025-06-29,442.0,450.0,442.0,446.41,20088,446.41,2026-09-03T19:34:09.256426+00:00
2025-06-30,455.3,458.0,446.0,453.05,27988,453.05,2026-09-03T19:34:09.256426+00:00
2025-07-01,453.0,464.0,453.0,462.5,66169,462.5,2026-09-03T19:34:09.256426+00:00
2025-07-02,465.0,469.9,450.0,464.14,80908,464.14,2026-09-03T19:34:09.256426+00:00
2025-07-03,473.4,473.4,452.4,467.94,155448,467.94,2026-09-03T19:34:09.256426+00:00
2025-07-06,476.0,477.2,459.0,465.8,50624,465.8,2026-09-03T19:34:09.256426+00:00
2025-07-07,474.9,484.0,460.0,464.75,64668,464.75,2026-09-03T19:34:09.256426+00:00
2025-07-08,465.0,465.0,457.1,463.31,22917,463.31,2026-09-03T19:34:09.256426+00:00
2025-07-09,460.0,467.9,458.0,463.33,32623,463.33,2026-09-03T19:34:09.256426+00:00
2025-07-10,470.0,477.0,463.5,472.07,117105,472.07,2026-09-03T19:34:09.256426+00:00
2025-07-13,481.5,491.0,471.9,485.69,226053,485.69,2026-09-03T19:34:09.256426+00:00
2025-07-14,485.1,487.0,475.6,480.74,115480,480.74,2026-09-03T19:34:09.256426+00:00
2025-07-15,481.5,490.5,481.1,487.93,132321,487.93,2026-09-03T19:34:09.256426+00:00
2025-07-16,497.0,505.0,485.0,500.69,468917,500.69,2026-09-03T19:34:09.256426+00:00
2025-07-17,508.8,535.0,502.0,526.83,368891,526.83,2026-09-03T19:34:09.256426+00:00
2025-07-20,520.0,535.5,517.3,520.48,546123,520.48,2026-09-03T19:34:09.256426+00:00
2025-07-21,512.0,545.8,511.1,534.94,392376,534.94,2026-09-03T19:34:09.256426+00:00
2025-07-22,538.0,547.0,535.0,537.16,236718,537.16,2026-09-03T19:34:09.256426+00:00
2025-07-23,545.0,545.0,520.0,532.6,235974,532.6,2026-09-03T19:34:09.256426+00:00
2025-07-24,535.0,553.0,525.0,548.02,343930,548.02,2026-09-03T19:34:09.256426+00:00
2025-07-27,554.0,577.0,549.0,574.26,552834,574.26,2026-09-03T19:34:09.256426+00:00
2025-07-28,574.0,588.0,565.2,577.51,452455,577.51,2026-09-03T19:34:09.256426+00:00
2025-07-29,586.0,587.0,569.1,573.65,231783,573.65,2026-09-03T19:34:09.256426+00:00
2025-07-30,585.0,585.0,548.2,551.83,287285,551.83,2026-09-03T19:34:09.256426+00:00
2025-07-31,560.0,560.0,535.0,538.82,204769,538.82,2026-09-03T19:34:09.256426+00:00
2025-08-03,536.0,546.0,533.0,537.55,198937,537.55,2026-09-03T19:34:09.256426+00:00
2025-08-04,539.0,555.9,530.0,540.73,150783,540.73,2026-09-03T19:34:09.256426+00:00
2025-08-05,543.0,545.2,528.2,530.29,192094,530.29,2026-09-03T19:34:09.256426+00:00
2025-08-06,529.2,537.0,525.2,526.9,81545,526.9,2026-09-03T19:34:09.256426+00:00
2025-08-07,535.0,535.0,526.3,532.64,106759,532.64,2026-09-03T19:34:09.256426+00:00
2025-08-11,534.0,537.5,515.0,517.02,112669,517.02,2026-09-03T19:34:09.256426+00:00
2025-08-12,516.9,525.0,508.0,516.23,122047,516.23,2026-09-03T19:34:09.256426+00:00
2025-08-13,519.9,524.1,517.0,520.87,114328,520.87,2026-09-03T19:34:09.256426+00:00
2025-08-14,522.0,528.0,519.5,524.05,62546,524.05,2026-09-03T19:34:09.256426+00:00
2025-08-17,534.5,534.5,518.1,519.36,117941,519.36,2026-09-03T19:34:09.256426+00:00
2025-08-18,518.0,525.9,516.5,523.22,64274,523.22,2026-09-03T19:34:09.256426+00:00
2025-08-19,520.8,530.0,517.0,523.37,43249,523.37,2026-09-03T19:34:09.256426+00:00
2025-08-20,528.0,529.0,517.5,518.35,61691,518.35,2026-09-03T19:34:09.256426+00:00
2025-08-21,526.0,526.0,515.1,516.2,35301,516.2,2026-09-03T19:34:09.256426+00:00
2025-08-24,515.0,519.9,508.0,508.61,57503,508.61,2026-09-03T19:34:09.256426+00:00
2025-08-25,509.0,515.1,504.0,514.46,35493,514.46,2026-09-03T19:34:09.256426+00:00
2025-08-26,522.2,528.3,517.0,525.58,78884,525.58,2026-09-03T19:34:09.256426+00:00
2025-08-27,535.0,548.0,525.0,546.57,163944,546.57,2026-09-03T19:34:09.256426+00:00
2025-08-28,547.0,548.0,527.0,527.92,209893,527.92,2026-09-03T19:34:09.256426+00:00
2025-08-31,521.1,529.9,520.2,529.01,86557,529.01,2026-09-03T19:34:09.256426+00:00
2025-09-01,530.0,539.9,527.0,535.63,124106,535.63,2026-09-03T19:34:09.256426+00:00
2025-09-02,544.5,555.3,528.3,539.22,167333,539.22,2026-09-03T19:34:09.256426+00:00
2025-09-03,550.0,550.0,532.7,534.38,59844,534.38,2026-09-03T19:34:09.256426+00:00
2025-09-04,527.5,537.5,527.5,533.17,86970,533.17,2026-09-03T19:34:09.256426+00:00
2025-09-07,523.2,540.9,523.2,535.66,71734,535.66,2026-09-03T19:34:09.256426+00:00
2025-09-08,546.3,546.3,521.1,523.34,165506,523.34,2026-09-03T19:34:09.256426+00:00
2025-09-18,513.1,513.1,484.0,490.0,20599,490.0,2026-09-03T19:34:09.256426+00:00
2025-09-21,490.0,519.0,490.0,514.59,104692,514.59,2026-09-03T19:34:09.256426+00:00
2025-09-23,518.0,529.9,516.3,525.5,177163,525.5,2026-09-03T19:34:09.256426+00:00
2025-09-24,486.9,487.2,472.0,475.0,61814,475.0,2026-09-03T19:34:09.256426+00:00
2025-09-25,480.0,480.0,471.1,473.5,30828,473.5,2026-09-03T19:34:09.256426+00:00
2025-09-28,480.0,480.0,465.0,466.0,19736,466.0,2026-09-03T19:34:09.256426+00:00
2025-10-07,461.0,465.0,445.0,449.0,51542,449.0,2026-09-03T19:34:09.256426+00:00
2025-10-08,444.0,447.0,433.5,436.0,47258,436.0,2026-09-03T19:34:09.256426+00:00
2025-10-09,444.7,462.0,433.6,438.0,75245,438.0,2026-09-03T19:34:09.256426+00:00
2025-10-12,430.2,432.8,415.1,418.5,69548,418.5,2026-09-03T19:34:09.256426+00:00
2025-10-13,416.0,430.0,405.0,429.7,37994,429.7,2026-09-03T19:34:09.256426+00:00
2025-10-14,429.7,433.5,418.1,418.1,19962,418.1,2026-09-03T19:34:09.256426+00:00
2025-10-15,415.0,421.0,414.0,416.1,35709,416.1,2026-09-03T19:34:09.256426+00:00
2025-10-16,423.0,423.0,405.1,413.0,29581,413.0,2026-09-03T19:34:09.256426+00:00
2025-10-19,410.0,416.0,410.0,413.9,18341,413.9,2026-09-03T19:34:09.256426+00:00
2025-10-26,406.1,417.9,404.1,414.0,14934,414.0,2026-09-03T19:34:09.256426+00:00
2025-10-28,421.9,440.0,421.0,436.0,37160,436.0,2026-09-03T19:34:09.256426+00:00
2025-10-29,431.0,445.0,430.0,434.8,31483,434.8,2026-09-03T19:34:09.256426+00:00
2025-10-30,430.1,438.0,430.1,438.0,15209,438.0,2026-09-03T19:34:09.256426+00:00
2025-11-02,440.0,447.0,433.0,445.9,57079,445.9,2026-09-03T19:34:09.256426+00:00
2025-11-03,438.2,449.9,438.2,441.7,31973,441.7,2026-09-03T19:34:09.256426+00:00
2025-11-04,440.0,441.0,431.0,434.0,31486,434.0,2026-09-03T19:34:09.256426+00:00
2025-11-05,426.6,435.0,425.2,435.0,12971,435.0,2026-09-03T19:34:09.256426+00:00
2025-11-06,439.0,442.9,427.0,429.8,19588,429.8,2026-09-03T19:34:09.256426+00:00
2025-11-09,425.2,430.0,419.0,423.0,31185,423.0,2026-09-03T19:34:09.256426+00:00
2025-11-10,420.0,425.0,416.0,421.0,11650,421.0,2026-09-03T19:34:09.256426+00:00
2025-11-11,416.7,427.0,415.0,418.0,18535,418.0,2026-09-03T19:34:09.256426+00:00
2025-11-12,417.0,424.0,412.0,418.0,7329,418.0,2026-09-03T19:34:09.256426+00:00
2025-11-13,416.0,426.3,413.1,419.0,11758,419.0,2026-09-03T19:34:09.256426+00:00
2025-11-16,415.2,420.0,413.0,418.9,5960,418.9,2026-09-03T19:34:09.256426+00:00
2025-11-17,415.0,427.0,415.0,427.0,15102,427.0,2026-09-03T19:34:09.256426+00:00
2025-11-18,427.0,433.6,427.0,429.2,10711,429.2,2026-09-03T19:34:09.256426+00:00
2025-11-19,430.0,431.0,421.0,425.0,21632,425.0,2026-09-03T19:34:09.256426+00:00
2025-11-20,421.4,427.0,421.4,426.9,29164,426.9,2026-09-03T19:34:09.256426+00:00
2025-11-23,429.3,438.0,429.3,434.0,17208,434.0,2026-09-03T19:34:09.256426+00:00
2025-11-24,435.0,440.5,433.1,437.9,32739,437.9,2026-09-03T19:34:09.256426+00:00
2025-11-25,433.1,439.8,433.0,438.9,11732,438.9,2026-09-03T19:34:09.256426+00:00
2025-11-26,436.0,442.0,433.2,440.0,17794,440.0,2026-09-03T19:34:09.256426+00:00
2025-11-27,440.0,444.0,434.0,444.0,20058,444.0,2026-09-03T19:34:09.256426+00:00
2025-11-30,446.9,446.9,440.1,440.1,26863,440.1,2026-09-03T19:34:09.256426+00:00
2025-12-01,440.0,440.8,434.2,439.0,7030,439.0,2026-09-03T19:34:09.256426+00:00
2025-12-02,434.0,440.0,434.0,437.0,7866,437.0,2026-09-03T19:34:09.256426+00:00
2025-12-03,439.0,439.0,432.1,433.1,16185,433.1,2026-09-03T19:34:09.256426+00:00
2025-12-07,424.6,437.0,424.6,428.0,9015,428.0,2026-09-03T19:34:09.256426+00:00
2025-12-08,435.0,435.0,426.3,431.5,10600,431.5,2026-09-03T19:34:09.256426+00:00
2025-12-09,429.0,434.0,429.0,431.9,9081,431.9,2026-09-03T19:34:09.256426+00:00
2025-12-10,424.2,432.3,424.1,428.0,6243,428.0,2026-09-03T19:34:09.256426+00:00
2025-12-11,428.1,432.4,428.1,429.0,10170,429.0,2026-09-03T19:34:09.256426+00:00
2025-12-14,429.0,430.0,423.0,429.7,22051,429.7,2026-09-03T19:34:09.256426+00:00
2025-12-15,424.0,431.3,420.0,430.9,22207,430.9,2026-09-03T19:34:09.256426+00:00
2025-12-16,424.1,433.2,423.0,433.2,11994,433.2,2026-09-03T19:34:09.256426+00:00
2025-12-17,435.0,437.0,431.0,435.0,18331,435.0,2026-09-03T19:34:09.256426+00:00
2025-12-18,428.0,436.0,427.3,430.0,35210,430.0,2026-09-03T19:34:09.256426+00:00
2025-12-21,422.2,427.9,422.2,427.9,13279,427.9,2026-09-03T19:34:09.256426+00:00
2025-12-22,423.9,429.0,421.0,427.0,13863,427.0,2026-09-03T19:34:09.256426+00:00
2025-12-23,423.2,432.0,423.2,430.0,25233,430.0,2026-09-03T19:34:09.256426+00:00
2025-12-24,430.0,430.0,425.0,429.5,17366,429.5,2026-09-03T19:34:09.256426+00:00
2025-12-28,430.0,437.5,430.0,437.0,21304,437.0,2026-09-03T19:34:09.256426+00:00
2025-12-29,441.9,441.9,435.5,437.0,20397,437.0,2026-09-03T19:34:09.256426+00:00
2025-12-31,441.0,441.0,435.2,440.9,22177,440.9,2026-09-03T19:34:09.256426+00:00
2026-01-01,435.0,439.0,432.1,435.0,22327,435.0,2026-09-03T19:34:09.256426+00:00
2026-01-04,435.0,439.5,431.0,431.8,21479,431.8,2026-09-03T19:34:09.256426+00:00
2026-01-05,431.0,445.0,430.2,444.0,76908,444.0,2026-09-03T19:34:09.256426+00:00
2026-01-06,447.0,464.0,446.0,451.0,55306,451.0,2026-09-03T19:34:09.256426+00:00
2026-01-07,456.0,456.0,446.9,449.0,40806,449.0,2026-09-03T19:34:09.256426+00:00
2026-01-08,448.0,455.0,445.1,455.0,20212,455.0,2026-09-03T19:34:09.256426+00:00
2026-01-12,464.1,464.1,451.1,453.8,19598,453.8,2026-09-03T19:34:09.256426+00:00
2026-01-13,455.0,457.0,450.0,452.0,43856,452.0,2026-09-03T19:34:09.256426+00:00
2026-01-14,455.0,457.0,450.3,453.0,32716,453.0,2026-09-03T19:34:09.256426+00:00
2026-01-18,450.7,472.0,450.0,472.0,56819,472.0,2026-09-03T19:34:09.256426+00:00
2026-01-20,473.5,487.0,472.0,484.5,152071,484.5,2026-09-03T19:34:09.256426+00:00
2026-01-21,484.0,488.0,475.2,476.0,79601,476.0,2026-09-03T19:34:09.256426+00:00
2026-01-22,475.0,480.0,469.0,472.9,40338,472.9,2026-09-03T19:34:09.256426+00:00
2026-01-25,480.0,484.5,475.0,481.9,77913,481.9,2026-09-03T19:34:09.256426+00:00
2026-01-26,487.0,487.8,475.3,479.0,60656,479.0,2026-09-03T19:34:09.256426+00:00
2026-01-27,475.6,479.0,456.7,463.0,69439,463.0,2026-09-03T19:34:09.256426+00:00
2026-01-28,463.0,466.0,455.5,458.9,38639,458.9,2026-09-03T19:34:09.256426+00:00
2026-01-29,455.3,468.9,455.3,458.0,28253,458.0,2026-09-03T19:34:09.256426+00:00
2026-02-01,454.0,459.9,449.0,457.0,46780,457.0,2026-09-03T19:34:09.256426+00:00
2026-02-02,460.0,462.0,455.0,459.0,27424,459.0,2026-09-03T19:34:09.256426+00:00
2026-02-03,462.0,464.0,455.0,456.5,36798,456.5,2026-09-03T19:34:09.256426+00:00
2026-02-04,464.0,464.0,454.9,456.9,30428,456.9,2026-09-03T19:34:09.256426+00:00
2026-02-05,451.2,465.0,451.2,462.0,26959,462.0,2026-09-03T19:34:09.256426+00:00
2026-02-08,465.0,469.0,458.0,460.0,27668,460.0,2026-09-03T19:34:09.256426+00:00
2026-02-09,460.0,462.9,455.1,455.1,31587,455.1,2026-09-03T19:34:09.256426+00:00
2026-02-10,455.1,456.0,446.7,448.0,52551,448.0,2026-09-03T19:34:09.256426+00:00
2026-02-11,456.9,465.0,447.0,451.0,30566,451.0,2026-09-03T19:34:09.256426+00:00
2026-02-12,452.1,459.7,452.1,456.9,20797,456.9,2026-09-03T19:34:09.256426+00:00
2026-02-16,460.0,460.0,457.6,458.0,15531,458.0,2026-09-03T19:34:09.256426+00:00
2026-02-17,458.0,460.0,455.0,455.6,58147,455.6,2026-09-03T19:34:09.256426+00:00
2026-02-22,455.0,456.0,446.7,449.2,14140,449.2,2026-09-03T19:34:09.256426+00:00
2026-02-23,451.0,452.0,447.0,452.0,17700,452.0,2026-09-03T19:34:09.256426+00:00
2026-02-24,452.0,458.0,452.0,458.0,18427,458.0,2026-09-03T19:34:09.256426+00:00
2026-02-25,461.0,466.0,456.0,460.0,23165,460.0,2026-09-03T19:34:09.256426+00:00
2026-02-26,469.2,469.2,457.0,458.0,14232,458.0,2026-09-03T19:34:09.256426+00:00
2026-03-01,467.1,471.2,452.3,462.0,15816,462.0,2026-09-03T19:34:09.256426+00:00
2026-03-03,462.0,475.9,461.1,468.0,27792,468.0,2026-09-03T19:34:09.256426+00:00
2026-03-09,477.3,506.4,477.3,496.0,4971,496.0,2026-09-03T19:34:09.256426+00:00
2026-03-10,505.9,505.9,481.0,491.9,118686,491.9,2026-09-03T19:34:09.256426+00:00
2026-03-11,500.0,500.0,480.5,484.0,93239,484.0,2026-09-03T19:34:09.256426+00:00
2026-03-12,480.0,491.0,480.0,488.0,37996,488.0,2026-09-03T19:34:09.256426+00:00
2026-03-15,497.7,497.7,488.2,489.0,39497,489.0,2026-09-03T19:34:09.256426+00:00
2026-03-16,489.0,490.9,481.3,485.0,49335,485.0,2026-09-03T19:34:09.256426+00:00
2026-03-17,480.0,492.0,476.1,482.3,37097,482.3,2026-09-03T19:34:09.256426+00:00
2026-03-19,491.0,505.0,487.1,503.0,171152,503.0,2026-09-03T19:34:09.256426+00:00
2026-03-22,504.0,511.0,496.0,509.9,215996,509.9,2026-09-03T19:34:09.256426+00:00
2026-03-23,520.0,520.0,499.1,507.0,101213,507.0,2026-09-03T19:34:09.256426+00:00
2026-03-24,510.9,520.0,502.0,517.0,303323,517.0,2026-09-03T19:34:09.256426+00:00
2026-03-25,511.0,518.0,504.2,506.0,134747,506.0,2026-09-03T19:34:09.256426+00:00
2026-03-26,500.0,507.3,497.4,506.0,58050,506.0,2026-09-03T19:34:09.256426+00:00
2026-03-29,497.2,505.0,486.0,492.0,93446,492.0,2026-09-03T19:34:09.256426+00:00
2026-03-30,485.3,495.5,473.2,473.5,95370,473.5,2026-09-03T19:34:09.256426+00:00
2026-03-31,482.0,490.0,472.0,485.0,73513,485.0,2026-09-03T19:34:09.256426+00:00
2026-04-01,480.0,485.0,462.7,470.1,123354,470.1,2026-09-03T19:34:09.256426+00:00
2026-04-02,470.0,480.0,463.6,475.0,48468,475.0,2026-09-03T19:34:09.256426+00:00
2026-04-05,475.1,475.1,455.0,460.0,104661,460.0,2026-09-03T19:34:09.256426+00:00
2026-04-06,455.0,500.0,455.0,492.0,151427,492.0,2026-09-03T19:34:09.256426+00:00
2026-04-07,498.0,498.8,477.0,482.0,105054,482.0,2026-09-03T19:34:09.256426+00:00
2026-04-08,483.9,494.6,478.1,494.6,54752,494.6,2026-09-03T19:34:09.256426+00:00
2026-04-09,485.2,499.0,485.0,494.1,143102,494.1,2026-09-03T19:34:09.256426+00:00
2026-04-10,490.1,494.0,481.0,490.0,57844,490.0,2026-09-03T19:34:09.256426+00:00
2026-04-13,492.9,492.9,483.1,485.2,44855,485.2,2026-09-03T19:34:09.256426+00:00
2026-04-15,486.1,494.0,486.1,493.9,121226,493.9,2026-09-03T19:34:09.256426+00:00
2026-04-16,494.0,497.9,485.0,486.0,40342,486.0,2026-09-03T19:34:09.256426+00:00
2026-04-17,484.0,490.0,481.6,485.0,45087,485.0,2026-09-03T19:34:09.256426+00:00
2026-04-20,485.0,489.8,478.0,480.0,24101,480.0,2026-09-03T19:34:09.256426+00:00
2026-04-21,494.3,494.3,470.5,478.9,40125,478.9,2026-09-03T19:34:09.256426+00:00
2026-04-22,465.0,489.0,465.0,484.0,94160,484.0,2026-09-03T19:34:09.256426+00:00
2026-04-23,486.0,486.0,476.2,479.5,26605,479.5,2026-09-03T19:34:09.256426+00:00
2026-04-24,479.5,480.0,473.1,478.0,28261,478.0,2026-09-03T19:34:09.256426+00:00
2026-04-27,478.0,485.0,478.0,480.0,20989,480.0,2026-09-03T19:34:09.256426+00:00
2026-04-28,480.0,488.9,476.0,480.0,16655,480.0,2026-09-03T19:34:09.256426+00:00
2026-04-29,480.0,482.0,471.7,475.0,26122,475.0,2026-09-03T19:34:09.256426+00:00
2026-04-30,483.9,483.9,460.0,477.9,29763,477.9,2026-09-03T19:34:09.256426+00:00
2026-05-04,470.1,477.9,468.0,470.0,14706,470.0,2026-09-03T19:34:09.256426+00:00
2026-05-05,468.1,475.9,461.0,472.0,20003,472.0,2026-09-03T19:34:09.256426+00:00
2026-05-06,481.9,481.9,472.0,478.5,34405,478.5,2026-09-03T19:34:09.256426+00:00
2026-05-07,475.0,480.0,462.0,478.0,43870,478.0,2026-09-03T19:34:09.256426+00:00
2026-05-08,472.0,481.0,471.2,480.0,19183,480.0,2026-09-03T19:34:09.256426+00:00
2026-05-11,482.0,489.0,480.0,485.0,30553,485.0,2026-09-03T19:34:09.256426+00:00
2026-05-12,494.0,494.0,480.0,480.0,27460,480.0,2026-09-03T19:34:09.256426+00:00
2026-05-13,476.0,482.0,470.3,482.0,21671,482.0,2026-09-03T19:34:09.256426+00:00
2026-05-14,482.0,483.0,475.7,482.0,7830,482.0,2026-09-03T19:34:09.256426+00:00
2026-05-15,483.0,485.0,480.0,481.0,8602,481.0,2026-09-03T19:34:09.256426+00:00
2026-05-18,484.0,486.0,480.0,484.0,19421,484.0,2026-09-03T19:34:09.256426+00:00
2026-05-19,485.0,485.0,479.5,480.0,25668,480.0,2026-09-03T19:34:09.256426+00:00
2026-05-20,504.0,504.0,479.0,486.0,7520,486.0,2026-09-03T19:34:09.256426+00:00
2026-05-21,486.9,486.9,480.0,484.0,18360,484.0,2026-09-03T19:34:09.256426+00:00
2026-05-22,484.0,487.0,480.0,482.1,46749,482.1,2026-09-03T19:34:09.256426+00:00
2026-05-25,484.0,490.0,484.0,487.0,39948,487.0,2026-09-03T19:34:09.256426+00:00
2026-05-26,498.9,499.0,485.0,490.0,80891,490.0,2026-09-03T19:34:09.256426+00:00
2026-05-27,482.2,495.0,482.2,493.0,65923,493.0,2026-09-03T19:34:09.256426+00:00
2026-06-01,494.1,496.0,487.7,491.0,26761,491.0,2026-09-03T19:34:09.256426+00:00
2026-06-02,490.0,495.0,485.1,490.0,51196,490.0,2026-09-03T19:34:09.256426+00:00
2026-06-03,486.5,493.0,486.2,491.0,32131,491.0,2026-09-03T19:34:09.256426+00:00
2026-06-04,495.0,496.0,485.6,490.0,15941,490.0,2026-09-03T19:34:09.256426+00:00
2026-06-05,499.9,504.7,487.0,491.0,49124,491.0,2026-09-03T19:34:09.256426+00:00
2026-06-08,490.0,493.0,483.1,491.9,21172,491.9,2026-09-03T19:34:09.256426+00:00
2026-06-09,487.0,492.0,483.0,490.0,55117,490.0,2026-09-03T19:34:09.256426+00:00
2026-06-10,503.0,534.0,478.0,489.0,34624,489.0,2026-09-03T19:34:09.256426+00:00
2026-06-11,485.2,489.0,485.2,487.0,14287,487.0,2026-09-03T19:34:09.256426+00:00
2026-06-12,488.0,488.0,482.0,482.0,13132,482.0,2026-09-03T19:34:09.256426+00:00
2026-06-15,481.1,490.0,480.3,483.0,5249,483.0,2026-09-03T19:34:09.256426+00:00
2026-06-16,484.9,488.8,481.6,485.0,6556,485.0,2026-09-03T19:34:09.256426+00:00
2026-06-17,482.0,489.9,482.0,487.0,5458,487.0,2026-09-03T19:34:09.256426+00:00
2026-06-18,492.0,500.0,482.0,482.0,12686,482.0,2026-09-03T19:34:09.256426+00:00
2026-06-19,489.8,489.8,480.5,482.0,26913,482.0,2026-09-03T19:34:09.256426+00:00
2026-06-22,481.0,488.9,480.4,482.4,4101,482.4,2026-09-03T19:34:09.256426+00:00
2026-06-23,481.1,486.9,480.0,480.0,26442,480.0,2026-09-03T19:34:09.256426+00:00
2026-06-24,479.2,482.0,474.0,475.0,26732,475.0,2026-09-03T19:34:09.256426+00:00
2026-06-25,476.1,479.8,475.0,475.2,16131,475.2,2026-09-03T19:34:09.256426+00:00
2026-06-26,475.4,476.0,472.0,475.0,12549,475.0,2026-09-03T19:34:09.256426+00:00
2026-06-29,481.0,483.0,470.2,472.0,26250,472.0,2026-09-03T19:34:09.256426+00:00
2026-06-30,470.1,472.0,466.1,469.0,13598,469.0,2026-09-03T19:34:09.256426+00:00
2026-07-01,473.0,479.5,470.2,476.3,7679,476.3,2026-09-03T19:34:09.256426+00:00
2026-07-02,475.0,475.0,470.0,474.0,6323,474.0,2026-09-03T19:34:09.256426+00:00
2026-07-03,475.0,485.0,474.6,477.0,10575,477.0,2026-09-03T19:34:09.256426+00:00
2026-07-06,477.0,477.0,474.0,475.0,13948,475.0,2026-09-03T19:34:09.256426+00:00
2026-07-07,474.0,476.8,470.4,476.0,25657,476.0,2026-09-03T19:34:09.256426+00:00
2026-07-08,470.1,483.7,470.0,475.0,7425,475.0,2026-09-03T19:34:09.256426+00:00
2026-07-09,475.0,477.0,470.0,470.0,20163,470.0,2026-09-03T19:34:09.256426+00:00
2026-07-10,470.0,475.0,467.1,468.5,26190,468.5,2026-09-03T19:34:09.256426+00:00
2026-07-13,468.5,470.0,467.0,468.0,21045,468.0,2026-09-03T19:34:09.256426+00:00
2026-07-14,463.0,470.0,463.0,470.0,22414,470.0,2026-09-03T19:34:09.256426+00:00
2026-07-15,480.0,482.0,469.0,470.0,11263,470.0,2026-09-03T19:34:09.256426+00:00
2026-07-16,470.4,474.0,467.0,474.0,65907,474.0,2026-09-03T19:34:09.256426+00:00
2026-07-17,475.0,487.5,475.0,485.8,12637,485.8,2026-09-03T19:34:09.256426+00:00
2026-07-20,490.0,500.0,485.1,488.4,53127,488.4,2026-09-03T19:34:09.256426+00:00
2026-07-21,488.0,493.0,485.0,490.0,69100,490.0,2026-09-03T19:34:09.256426+00:00
2026-07-22,494.0,494.7,485.3,486.0,10178,486.0,2026-09-03T19:34:09.256426+00:00
2026-07-23,488.8,488.8,480.0,488.0,16398,488.0,2026-09-03T19:34:09.256426+00:00
2026-07-24,485.0,491.0,485.0,488.6,17265,488.6,2026-09-03T19:34:09.256426+00:00
2026-07-27,489.0,493.0,485.0,485.1,13245,485.1,2026-09-03T19:34:09.256426+00:00
2026-07-28,489.7,489.7,480.1,486.0,14418,486.0,2026-09-03T19:34:09.256426+00:00
2026-07-29,487.8,487.8,482.8,482.8,22894,482.8,2026-09-03T19:34:09.256426+00:00
2026-07-30,484.9,484.9,472.0,479.0,20940,479.0,2026-09-03T19:34:09.256426+00:00
2026-07-31,475.1,485.0,472.1,478.0,18173,478.0,2026-09-03T19:34:09.256426+00:00
2026-08-03,480.0,482.0,474.3,475.0,30231,475.0,2026-09-03T19:34:09.256426+00:00
2026-08-04,475.5,479.0,474.1,476.0,15433,476.0,2026-09-03T19:34:09.256426+00:00
2026-08-05,473.1,478.0,473.1,475.0,15768,475.0,2026-09-03T19:34:09.256426+00:00
2026-08-06,473.1,475.0,471.5,472.0,18622,472.0,2026-09-03T19:34:09.256426+00:00
2026-08-07,470.1,475.8,470.0,473.6,14143,473.6,2026-09-03T19:34:09.256426+00:00
2026-08-10,475.0,475.0,464.1,468.0,74163,468.0,2026-09-03T19:34:09.256426+00:00
2026-08-11,464.0,471.5,464.0,470.8,45848,470.8,2026-09-03T19:34:09.256426+00:00
2026-08-12,468.0,475.0,466.6,474.9,26203,474.9,2026-09-03T19:34:09.256426+00:00
2026-08-13,475.0,479.0,473.1,479.0,22050,479.0,2026-09-03T19:34:09.256426+00:00
2026-08-14,478.0,479.5,477.2,479.4,6615,479.4,2026-09-03T19:34:09.256426+00:00
2026-08-17,477.0,480.0,471.0,476.0,14115,476.0,2026-09-03T19:34:09.256426+00:00
2026-08-18,474.1,479.0,470.4,475.0,21887,475.0,2026-09-03T19:34:09.256426+00:00
2026-08-19,476.9,479.0,469.4,479.0,10045,479.0,2026-09-03T19:34:09.256426+00:00
2026-08-20,476.0,480.0,472.5,480.0,19586,480.0,2026-09-03T19:34:09.256426+00:00
2026-08-21,480.0,480.0,474.0,474.0,9433,474.0,2026-09-03T19:34:09.256426+00:00
2026-08-24,474.0,487.0,469.4,470.0,30491,470.0,2026-09-03T19:34:09.256426+00:00
2026-08-25,473.1,479.0,469.4,470.0,58122,470.0,2026-09-03T19:34:09.256426+00:00
2026-08-26,471.0,472.0,468.0,470.0,57511,470.0,2026-09-03T19:34:09.256426+00:00
2026-08-27,470.0,475.0,469.0,474.0,25087,474.0,2026-09-03T19:34:09.256426+00:00
2026-08-31,474.0,477.9,471.0,474.0,22039,474.0,2026-09-03T19:34:09.256426+00:00
2026-09-01,470.2,479.1,470.2,474.6,40097,474.6,2026-09-03T19:34:09.256426+00:00
2026-09-02,475.0,480.0,475.0,480.0,93966,480.0,2026-09-03T19:34:09.256426+00:00
2026-09-03,475.0,475.0,463.0,463.0,27883,463.0,2026-09-03T19:34:09.256426+00:00
