date,open,high,low,close,volume,adj_close,fetched_at
2019-05-12,91.0,91.0,88.0,88.0,200,88.0,2026-09-03T19:35:03.345644+00:00
2019-05-13,89.0,93.0,89.0,93.0,730,93.0,2026-09-03T19:35:03.345644+00:00
2019-05-14,94.0,94.0,90.0,90.0,300,90.0,2026-09-03T19:35:03.345644+00:00
2019-05-15,86.0,89.0,86.0,89.0,550,89.0,2026-09-03T19:35:03.345644+00:00
2019-05-16,90.0,92.0,90.0,92.0,360,92.0,2026-09-03T19:35:03.345644+00:00
2019-05-19,88.0,94.0,88.0,94.0,660,94.0,2026-09-03T19:35:03.345644+00:00
2019-05-20,95.0,98.0,92.0,97.0,1540,97.0,2026-09-03T19:35:03.345644+00:00
2019-05-21,96.0,100.0,96.0,99.0,1270,99.0,2026-09-03T19:35:03.345644+00:00
2019-05-22,100.0,108.0,100.0,104.0,18720,104.0,2026-09-03T19:35:03.345644+00:00
2019-05-23,106.0,109.0,97.0,99.0,5440,99.0,2026-09-03T19:35:03.345644+00:00
2019-05-26,100.0,105.0,100.0,102.0,5630,102.0,2026-09-03T19:35:03.345644+00:00
2019-05-27,100.0,107.0,99.0,105.0,1040,105.0,2026-09-03T19:35:03.345644+00:00
2019-05-28,102.0,102.0,98.0,98.0,2200,98.0,2026-09-03T19:35:03.345644+00:00
2019-05-29,99.0,107.0,99.0,105.0,7770,105.0,2026-09-03T19:35:03.345644+00:00
2019-05-30,107.0,113.0,104.0,104.0,4820,104.0,2026-09-03T19:35:03.345644+00:00
2019-06-02,102.0,112.0,102.0,110.0,790,110.0,2026-09-03T19:35:03.345644+00:00
2019-06-03,108.0,108.0,102.0,104.0,1850,104.0,2026-09-03T19:35:03.345644+00:00
2019-06-04,103.0,104.0,101.0,104.0,1510,104.0,2026-09-03T19:35:03.345644+00:00
2019-06-06,103.0,103.0,100.0,100.0,2140,100.0,2026-09-03T19:35:03.345644+00:00
2019-06-10,102.0,103.0,100.0,100.0,860,100.0,2026-09-03T19:35:03.345644+00:00
2019-06-11,102.0,108.0,101.0,107.0,5228,107.0,2026-09-03T19:35:03.345644+00:00
2019-06-12,107.0,107.0,104.0,104.0,1310,104.0,2026-09-03T19:35:03.345644+00:00
2019-06-13,102.0,108.0,102.0,103.0,2250,103.0,2026-09-03T19:35:03.345644+00:00
2019-06-16,105.0,105.0,100.0,100.0,4750,100.0,2026-09-03T19:35:03.345644+00:00
2019-06-17,102.0,102.0,101.0,101.0,1000,101.0,2026-09-03T19:35:03.345644+00:00
2019-06-18,102.0,107.0,101.0,105.0,3310,105.0,2026-09-03T19:35:03.345644+00:00
2019-06-19,103.0,107.0,103.0,106.0,3290,106.0,2026-09-03T19:35:03.345644+00:00
2019-06-20,104.0,109.0,102.0,107.0,2080,107.0,2026-09-03T19:35:03.345644+00:00
2019-06-23,105.0,109.0,105.0,105.0,4250,105.0,2026-09-03T19:35:03.345644+00:00
2019-06-24,104.0,107.0,104.0,104.0,730,104.0,2026-09-03T19:35:03.345644+00:00
2019-06-25,102.0,105.0,102.0,104.0,570,104.0,2026-09-03T19:35:03.345644+00:00
2019-06-26,102.0,105.0,102.0,105.0,810,105.0,2026-09-03T19:35:03.345644+00:00
2019-06-27,103.0,105.0,103.0,104.0,680,104.0,2026-09-03T19:35:03.345644+00:00
2019-06-30,102.0,105.0,102.0,103.0,580,103.0,2026-09-03T19:35:03.345644+00:00
2019-07-01,101.0,105.0,101.0,104.0,1150,104.0,2026-09-03T19:35:03.345644+00:00
2019-07-02,104.0,105.0,103.0,104.0,570,104.0,2026-09-03T19:35:03.345644+00:00
2019-07-03,103.0,107.0,103.0,106.0,2290,106.0,2026-09-03T19:35:03.345644+00:00
2019-07-04,104.0,107.0,104.0,107.0,1020,107.0,2026-09-03T19:35:03.345644+00:00
2019-07-07,105.0,106.0,104.0,104.0,770,104.0,2026-09-03T19:35:03.345644+00:00
2019-07-08,103.0,106.0,102.0,102.0,1210,102.0,2026-09-03T19:35:03.345644+00:00
2019-07-09,102.0,104.0,102.0,104.0,640,104.0,2026-09-03T19:35:03.345644+00:00
2019-07-10,103.0,105.0,103.0,105.0,590,105.0,2026-09-03T19:35:03.345644+00:00
2019-07-11,103.0,104.0,102.0,104.0,540,104.0,2026-09-03T19:35:03.345644+00:00
2019-07-14,103.0,104.0,103.0,104.0,430,104.0,2026-09-03T19:35:03.345644+00:00
2019-07-15,103.0,103.0,103.0,103.0,360,103.0,2026-09-03T19:35:03.345644+00:00
2019-07-16,104.0,107.0,104.0,105.0,1350,105.0,2026-09-03T19:35:03.345644+00:00
2019-07-17,103.0,109.0,103.0,106.0,820,106.0,2026-09-03T19:35:03.345644+00:00
2019-07-18,104.0,106.0,104.0,105.0,290,105.0,2026-09-03T19:35:03.345644+00:00
2019-07-21,107.0,107.0,103.0,103.0,370,103.0,2026-09-03T19:35:03.345644+00:00
2019-07-22,103.0,103.0,103.0,103.0,570,103.0,2026-09-03T19:35:03.345644+00:00
2019-07-23,103.0,103.0,102.0,102.0,430,102.0,2026-09-03T19:35:03.345644+00:00
2019-07-24,103.0,103.0,101.0,101.0,1440,101.0,2026-09-03T19:35:03.345644+00:00
2019-07-25,102.0,106.0,100.0,101.0,2240,101.0,2026-09-03T19:35:03.345644+00:00
2019-07-28,100.0,101.0,100.0,100.0,1380,100.0,2026-09-03T19:35:03.345644+00:00
2019-07-29,100.0,101.0,100.0,100.0,400,100.0,2026-09-03T19:35:03.345644+00:00
2019-07-30,100.0,102.0,99.0,100.0,1940,100.0,2026-09-03T19:35:03.345644+00:00
2019-07-31,99.0,100.0,98.0,99.0,540,99.0,2026-09-03T19:35:03.345644+00:00
2019-08-01,100.0,107.0,99.0,104.0,3296,104.0,2026-09-03T19:35:03.345644+00:00
2019-08-04,105.0,114.0,105.0,108.0,9469,108.0,2026-09-03T19:35:03.345644+00:00
2019-08-05,108.0,108.0,104.0,105.0,1110,105.0,2026-09-03T19:35:03.345644+00:00
2019-08-06,103.0,109.0,101.0,104.0,1320,104.0,2026-09-03T19:35:03.345644+00:00
2019-08-07,102.0,106.0,101.0,106.0,735,106.0,2026-09-03T19:35:03.345644+00:00
2019-08-08,104.0,104.0,102.0,103.0,850,103.0,2026-09-03T19:35:03.345644+00:00
2019-08-11,101.0,103.0,100.0,102.0,690,102.0,2026-09-03T19:35:03.345644+00:00
2019-08-12,100.0,105.0,100.0,102.0,1140,102.0,2026-09-03T19:35:03.345644+00:00
2019-08-13,102.0,102.0,101.0,101.0,290,101.0,2026-09-03T19:35:03.345644+00:00
2019-08-14,102.0,102.0,101.0,101.0,390,101.0,2026-09-03T19:35:03.345644+00:00
2019-08-15,100.0,102.0,100.0,100.0,560,100.0,2026-09-03T19:35:03.345644+00:00
2019-08-18,101.0,101.0,99.0,100.0,370,100.0,2026-09-03T19:35:03.345644+00:00
2019-08-19,100.0,102.0,99.0,99.0,870,99.0,2026-09-03T19:35:03.345644+00:00
2019-08-20,99.0,99.0,100.0,100.0,4110,100.0,2026-09-03T19:35:03.345644+00:00
2019-08-21,98.0,99.0,96.0,96.0,1180,96.0,2026-09-03T19:35:03.345644+00:00
2019-08-22,96.0,96.0,95.0,96.0,1130,96.0,2026-09-03T19:35:03.345644+00:00
2019-08-25,96.0,96.0,93.0,94.0,760,94.0,2026-09-03T19:35:03.345644+00:00
2019-08-26,93.0,96.0,93.0,95.0,230,95.0,2026-09-03T19:35:03.345644+00:00
2019-08-27,96.0,96.0,94.0,95.0,205,95.0,2026-09-03T19:35:03.345644+00:00
2019-08-28,94.0,95.0,94.0,94.0,300,94.0,2026-09-03T19:35:03.345644+00:00
2019-08-29,93.0,93.0,93.0,93.0,380,93.0,2026-09-03T19:35:03.345644+00:00
2019-09-01,92.0,92.0,90.0,91.0,480,91.0,2026-09-03T19:35:03.345644+00:00
2019-09-02,90.0,90.0,88.0,88.0,580,88.0,2026-09-03T19:35:03.345644+00:00
2019-09-03,87.0,89.0,82.0,89.0,2120,89.0,2026-09-03T19:35:03.345644+00:00
2019-09-04,88.0,93.0,88.0,90.0,870,90.0,2026-09-03T19:35:03.345644+00:00
2019-09-05,91.0,92.0,87.0,87.0,620,87.0,2026-09-03T19:35:03.345644+00:00
2019-09-08,86.0,86.0,84.0,85.0,260,85.0,2026-09-03T19:35:03.345644+00:00
2019-09-09,84.0,84.0,82.0,83.0,385,83.0,2026-09-03T19:35:03.345644+00:00
2019-09-10,83.0,88.0,83.0,88.0,2190,88.0,2026-09-03T19:35:03.345644+00:00
2019-09-11,88.0,88.0,86.0,86.0,150,86.0,2026-09-03T19:35:03.345644+00:00
2019-09-12,85.0,85.0,82.0,83.0,270,83.0,2026-09-03T19:35:03.345644+00:00
2019-09-15,82.0,82.0,81.0,82.0,1170,82.0,2026-09-03T19:35:03.345644+00:00
2019-09-16,81.0,82.0,79.0,79.0,870,79.0,2026-09-03T19:35:03.345644+00:00
2019-09-17,80.0,82.0,80.0,82.0,100,82.0,2026-09-03T19:35:03.345644+00:00
2019-09-18,82.0,87.0,82.0,87.0,720,87.0,2026-09-03T19:35:03.345644+00:00
2019-09-19,88.0,88.0,87.0,87.0,120,87.0,2026-09-03T19:35:03.345644+00:00
2019-09-22,84.0,84.0,81.0,81.0,210,81.0,2026-09-03T19:35:03.345644+00:00
2019-09-23,80.0,80.0,78.0,78.0,730,78.0,2026-09-03T19:35:03.345644+00:00
2019-09-24,78.0,78.0,77.0,78.0,240,78.0,2026-09-03T19:35:03.345644+00:00
2019-09-25,79.0,80.0,79.0,80.0,260,80.0,2026-09-03T19:35:03.345644+00:00
2019-09-26,80.0,81.0,79.0,81.0,630,81.0,2026-09-03T19:35:03.345644+00:00
2019-09-30,80.0,81.0,78.0,78.0,1440,78.0,2026-09-03T19:35:03.345644+00:00
2019-10-01,77.0,78.0,76.0,78.0,640,78.0,2026-09-03T19:35:03.345644+00:00
2019-10-02,77.0,80.0,77.0,79.0,515,79.0,2026-09-03T19:35:03.345644+00:00
2019-10-03,78.0,80.0,78.0,80.0,785,80.0,2026-09-03T19:35:03.345644+00:00
2019-10-10,81.0,82.0,81.0,82.0,110,82.0,2026-09-03T19:35:03.345644+00:00
2019-10-14,81.0,81.0,79.0,79.0,845,79.0,2026-09-03T19:35:03.345644+00:00
2019-10-15,78.0,80.0,78.0,80.0,116,80.0,2026-09-03T19:35:03.345644+00:00
2019-10-16,80.0,80.0,79.0,79.0,70,79.0,2026-09-03T19:35:03.345644+00:00
2019-10-17,80.0,80.0,79.0,79.0,485,79.0,2026-09-03T19:35:03.345644+00:00
2019-10-21,79.0,79.0,78.0,78.0,3385,78.0,2026-09-03T19:35:03.345644+00:00
2019-10-22,79.0,81.0,78.0,78.0,1300,78.0,2026-09-03T19:35:03.345644+00:00
2019-10-23,79.0,79.0,79.0,79.0,120,79.0,2026-09-03T19:35:03.345644+00:00
2019-10-24,79.0,84.0,79.0,84.0,610,84.0,2026-09-03T19:35:03.345644+00:00
2019-10-31,85.0,85.0,81.0,81.0,460,81.0,2026-09-03T19:35:03.345644+00:00
2019-11-03,80.0,80.0,80.0,80.0,570,80.0,2026-09-03T19:35:03.345644+00:00
2019-11-04,79.0,79.0,77.0,77.0,990,77.0,2026-09-03T19:35:03.345644+00:00
2019-11-05,78.0,79.0,77.0,77.0,380,77.0,2026-09-03T19:35:03.345644+00:00
2019-11-06,77.0,78.0,76.0,76.0,380,76.0,2026-09-03T19:35:03.345644+00:00
2019-11-07,77.0,78.0,75.0,75.0,1670,75.0,2026-09-03T19:35:03.345644+00:00
2019-11-10,74.0,75.0,74.0,75.0,60,75.0,2026-09-03T19:35:03.345644+00:00
2019-11-11,74.0,76.0,74.0,76.0,310,76.0,2026-09-03T19:35:03.345644+00:00
2019-11-12,77.0,77.0,76.0,76.0,228,76.0,2026-09-03T19:35:03.345644+00:00
2019-11-13,76.0,79.0,76.0,79.0,1730,79.0,2026-09-03T19:35:03.345644+00:00
2019-11-14,79.0,80.0,77.0,78.0,2960,78.0,2026-09-03T19:35:03.345644+00:00
2019-11-17,78.0,80.0,77.0,79.0,1060,79.0,2026-09-03T19:35:03.345644+00:00
2019-11-18,78.0,78.0,78.0,78.0,50,78.0,2026-09-03T19:35:03.345644+00:00
2019-11-19,78.0,78.0,77.0,77.0,360,77.0,2026-09-03T19:35:03.345644+00:00
2019-11-20,77.0,82.0,76.0,82.0,1863,82.0,2026-09-03T19:35:03.345644+00:00
2019-11-21,82.0,82.0,79.0,79.0,180,79.0,2026-09-03T19:35:03.345644+00:00
2019-11-24,78.0,78.0,76.0,76.0,80,76.0,2026-09-03T19:35:03.345644+00:00
2019-11-25,76.0,76.0,75.0,75.0,260,75.0,2026-09-03T19:35:03.345644+00:00
2019-11-26,75.0,76.0,75.0,75.0,1150,75.0,2026-09-03T19:35:03.345644+00:00
2019-11-27,74.0,76.0,74.0,76.0,130,76.0,2026-09-03T19:35:03.345644+00:00
2019-11-28,75.0,80.0,75.0,80.0,1050,80.0,2026-09-03T19:35:03.345644+00:00
2019-12-01,79.0,79.0,78.0,78.0,90,78.0,2026-09-03T19:35:03.345644+00:00
2019-12-03,77.0,77.0,77.0,77.0,60,77.0,2026-09-03T19:35:03.345644+00:00
2019-12-04,76.0,77.0,76.0,77.0,220,77.0,2026-09-03T19:35:03.345644+00:00
2019-12-05,76.0,76.0,75.0,75.0,330,75.0,2026-09-03T19:35:03.345644+00:00
2019-12-08,74.0,76.0,74.0,75.0,460,75.0,2026-09-03T19:35:03.345644+00:00
2019-12-09,74.0,76.0,74.0,75.0,230,75.0,2026-09-03T19:35:03.345644+00:00
2019-12-10,75.0,80.0,75.0,80.0,750,80.0,2026-09-03T19:35:03.345644+00:00
2019-12-11,80.0,80.0,78.0,79.0,710,79.0,2026-09-03T19:35:03.345644+00:00
2019-12-12,79.0,86.0,79.0,84.0,2220,84.0,2026-09-03T19:35:03.345644+00:00
2019-12-15,83.0,85.0,80.0,85.0,980,85.0,2026-09-03T19:35:03.345644+00:00
2019-12-16,84.0,84.0,81.0,81.0,90,81.0,2026-09-03T19:35:03.345644+00:00
2019-12-17,81.0,82.0,80.0,81.0,530,81.0,2026-09-03T19:35:03.345644+00:00
2019-12-18,80.0,81.0,80.0,80.0,510,80.0,2026-09-03T19:35:03.345644+00:00
2019-12-19,81.0,81.0,80.0,80.0,250,80.0,2026-09-03T19:35:03.345644+00:00
2019-12-22,80.0,83.0,80.0,83.0,640,83.0,2026-09-03T19:35:03.345644+00:00
2019-12-23,84.0,85.0,82.0,83.0,860,83.0,2026-09-03T19:35:03.345644+00:00
2019-12-24,82.0,83.0,82.0,83.0,335,83.0,2026-09-03T19:35:03.345644+00:00
2019-12-25,82.0,84.0,82.0,84.0,450,84.0,2026-09-03T19:35:03.345644+00:00
2019-12-26,84.0,85.0,84.0,84.0,440,84.0,2026-09-03T19:35:03.345644+00:00
2019-12-29,84.0,90.0,84.0,90.0,850,90.0,2026-09-03T19:35:03.345644+00:00
2019-12-30,89.0,89.0,85.0,85.0,890,85.0,2026-09-03T19:35:03.345644+00:00
2019-12-31,84.0,84.0,82.0,83.0,180,83.0,2026-09-03T19:35:03.345644+00:00
2020-01-01,84.0,84.0,83.0,84.0,890,84.0,2026-09-03T19:35:03.345644+00:00
2020-01-02,83.0,85.0,83.0,85.0,450,85.0,2026-09-03T19:35:03.345644+00:00
2020-01-05,84.0,87.0,83.0,87.0,790,87.0,2026-09-03T19:35:03.345644+00:00
2020-01-06,87.0,88.0,86.0,87.0,800,87.0,2026-09-03T19:35:03.345644+00:00
2020-01-07,86.0,91.0,86.0,88.0,1540,88.0,2026-09-03T19:35:03.345644+00:00
2020-01-08,88.0,95.0,88.0,95.0,11165,95.0,2026-09-03T19:35:03.345644+00:00
2020-01-09,95.0,96.0,93.0,93.0,2310,93.0,2026-09-03T19:35:03.345644+00:00
2020-01-12,94.0,95.0,90.0,91.0,1160,91.0,2026-09-03T19:35:03.345644+00:00
2020-01-13,91.0,98.0,90.0,93.0,1020,93.0,2026-09-03T19:35:03.345644+00:00
2020-01-14,92.0,94.0,92.0,92.0,750,92.0,2026-09-03T19:35:03.345644+00:00
2020-01-15,91.0,99.0,91.0,98.0,1490,98.0,2026-09-03T19:35:03.345644+00:00
2020-01-16,99.0,99.0,100.0,104.0,6540,104.0,2026-09-03T19:35:03.345644+00:00
2020-01-19,104.0,106.0,100.0,104.0,8320,104.0,2026-09-03T19:35:03.345644+00:00
2020-01-20,102.0,102.0,96.0,96.0,4030,96.0,2026-09-03T19:35:03.345644+00:00
2020-01-21,95.0,96.0,94.0,95.0,935,95.0,2026-09-03T19:35:03.345644+00:00
2020-01-22,94.0,95.0,93.0,94.0,250,94.0,2026-09-03T19:35:03.345644+00:00
2020-01-23,94.0,94.0,92.0,94.0,470,94.0,2026-09-03T19:35:03.345644+00:00
2020-01-26,93.0,93.0,89.0,90.0,510,90.0,2026-09-03T19:35:03.345644+00:00
2020-01-27,90.0,91.0,88.0,90.0,500,90.0,2026-09-03T19:35:03.345644+00:00
2020-01-28,90.0,91.0,89.0,89.0,450,89.0,2026-09-03T19:35:03.345644+00:00
2020-01-29,89.0,91.0,88.0,90.0,1110,90.0,2026-09-03T19:35:03.345644+00:00
2020-01-30,90.0,91.0,89.0,90.0,1579,90.0,2026-09-03T19:35:03.345644+00:00
2020-02-02,90.0,92.0,89.0,90.0,3280,90.0,2026-09-03T19:35:03.345644+00:00
2020-02-03,89.0,92.0,88.0,92.0,755,92.0,2026-09-03T19:35:03.345644+00:00
2020-02-04,93.0,94.0,92.0,92.0,1510,92.0,2026-09-03T19:35:03.345644+00:00
2020-02-05,91.0,93.0,91.0,93.0,510,93.0,2026-09-03T19:35:03.345644+00:00
2020-02-06,94.0,95.0,93.0,93.0,610,93.0,2026-09-03T19:35:03.345644+00:00
2020-02-09,92.0,93.0,91.0,91.0,290,91.0,2026-09-03T19:35:03.345644+00:00
2020-02-10,90.0,91.0,89.0,90.0,540,90.0,2026-09-03T19:35:03.345644+00:00
2020-02-11,89.0,90.0,88.0,90.0,420,90.0,2026-09-03T19:35:03.345644+00:00
2020-02-12,89.0,90.0,89.0,89.0,460,89.0,2026-09-03T19:35:03.345644+00:00
2020-02-13,88.0,89.0,87.0,88.0,470,88.0,2026-09-03T19:35:03.345644+00:00
2020-02-16,87.0,90.0,87.0,88.0,775,88.0,2026-09-03T19:35:03.345644+00:00
2020-02-17,88.0,94.0,88.0,93.0,1039,93.0,2026-09-03T19:35:03.345644+00:00
2020-02-18,94.0,97.0,94.0,97.0,2140,97.0,2026-09-03T19:35:03.345644+00:00
2020-02-19,97.0,97.0,93.0,94.0,540,94.0,2026-09-03T19:35:03.345644+00:00
2020-02-20,94.0,97.0,94.0,97.0,670,97.0,2026-09-03T19:35:03.345644+00:00
2020-02-23,98.0,98.0,96.0,97.0,1470,97.0,2026-09-03T19:35:03.345644+00:00
2020-02-24,96.0,97.0,95.0,95.0,1290,95.0,2026-09-03T19:35:03.345644+00:00
2020-02-25,94.0,97.0,92.0,97.0,1980,97.0,2026-09-03T19:35:03.345644+00:00
2020-02-26,96.0,99.0,95.0,96.0,1490,96.0,2026-09-03T19:35:03.345644+00:00
2020-02-27,96.0,98.0,95.0,98.0,560,98.0,2026-09-03T19:35:03.345644+00:00
2020-03-01,97.0,98.0,96.0,96.0,2580,96.0,2026-09-03T19:35:03.345644+00:00
2020-03-02,96.0,96.0,94.0,94.0,400,94.0,2026-09-03T19:35:03.345644+00:00
2020-03-03,93.0,93.0,90.0,91.0,900,91.0,2026-09-03T19:35:03.345644+00:00
2020-03-10,90.0,90.0,88.0,88.0,140,88.0,2026-09-03T19:35:03.345644+00:00
2020-03-11,87.0,88.0,87.0,88.0,560,88.0,2026-09-03T19:35:03.345644+00:00
2020-03-12,87.0,87.0,84.0,84.0,570,84.0,2026-09-03T19:35:03.345644+00:00
2020-03-16,83.0,83.0,80.0,81.0,1270,81.0,2026-09-03T19:35:03.345644+00:00
2020-03-17,80.0,80.0,77.0,77.0,1895,77.0,2026-09-03T19:35:03.345644+00:00
2020-03-18,77.0,83.0,77.0,83.0,660,83.0,2026-09-03T19:35:03.345644+00:00
2020-03-19,84.0,89.0,84.0,88.0,6427,88.0,2026-09-03T19:35:03.345644+00:00
2020-07-06,87.0,87.0,86.0,87.0,2180,87.0,2026-09-03T19:35:03.345644+00:00
2020-07-07,86.0,86.0,86.0,86.0,360,86.0,2026-09-03T19:35:03.345644+00:00
2020-07-08,85.0,86.0,85.0,86.0,1510,86.0,2026-09-03T19:35:03.345644+00:00
2020-07-09,85.0,86.0,85.0,86.0,8510,86.0,2026-09-03T19:35:03.345644+00:00
2020-07-12,85.0,87.0,85.0,86.0,460,86.0,2026-09-03T19:35:03.345644+00:00
2020-07-13,85.0,86.0,82.0,83.0,1240,83.0,2026-09-03T19:35:03.345644+00:00
2020-07-14,83.0,83.0,79.0,80.0,930,80.0,2026-09-03T19:35:03.345644+00:00
2020-07-15,80.0,80.0,79.0,79.0,730,79.0,2026-09-03T19:35:03.345644+00:00
2020-07-16,78.0,80.0,77.0,80.0,650,80.0,2026-09-03T19:35:03.345644+00:00
2020-07-20,79.0,79.0,76.0,79.0,590,79.0,2026-09-03T19:35:03.345644+00:00
2020-07-21,78.0,79.0,78.0,79.0,940,79.0,2026-09-03T19:35:03.345644+00:00
2020-07-22,78.0,80.0,78.0,79.0,1200,79.0,2026-09-03T19:35:03.345644+00:00
2020-07-23,79.0,83.0,79.0,81.0,1800,81.0,2026-09-03T19:35:03.345644+00:00
2020-07-26,81.0,82.0,79.0,79.0,2650,79.0,2026-09-03T19:35:03.345644+00:00
2020-07-27,80.0,82.0,80.0,82.0,1420,82.0,2026-09-03T19:35:03.345644+00:00
2020-07-28,81.0,84.0,81.0,84.0,660,84.0,2026-09-03T19:35:03.345644+00:00
2020-07-29,85.0,88.0,84.0,88.0,1447,88.0,2026-09-03T19:35:03.345644+00:00
2020-07-30,88.0,89.0,87.0,87.0,913,87.0,2026-09-03T19:35:03.345644+00:00
2020-08-02,86.0,87.0,86.0,86.0,790,86.0,2026-09-03T19:35:03.345644+00:00
2020-08-03,86.0,87.0,86.0,87.0,1325,87.0,2026-09-03T19:35:03.345644+00:00
2020-08-05,86.0,87.0,86.0,86.0,1445,86.0,2026-09-03T19:35:03.345644+00:00
2020-08-06,86.0,86.0,84.0,84.0,1670,84.0,2026-09-03T19:35:03.345644+00:00
2020-08-09,83.0,84.0,80.0,83.0,800,83.0,2026-09-03T19:35:03.345644+00:00
2020-08-10,82.0,83.0,79.0,83.0,1370,83.0,2026-09-03T19:35:03.345644+00:00
2020-08-11,82.0,83.0,81.0,82.0,4370,82.0,2026-09-03T19:35:03.345644+00:00
2020-08-12,82.0,82.0,81.0,82.0,780,82.0,2026-09-03T19:35:03.345644+00:00
2020-08-13,81.0,82.0,81.0,81.0,810,81.0,2026-09-03T19:35:03.345644+00:00
2020-08-16,80.0,82.0,80.0,82.0,2340,82.0,2026-09-03T19:35:03.345644+00:00
2020-08-17,81.0,82.0,79.0,81.0,1290,81.0,2026-09-03T19:35:03.345644+00:00
2020-08-18,80.0,82.0,79.0,82.0,5928,82.0,2026-09-03T19:35:03.345644+00:00
2020-08-19,81.0,82.0,79.0,82.0,740,82.0,2026-09-03T19:35:03.345644+00:00
2020-08-20,81.0,81.0,79.0,80.0,500,80.0,2026-09-03T19:35:03.345644+00:00
2020-08-23,79.0,80.0,78.0,80.0,1620,80.0,2026-09-03T19:35:03.345644+00:00
2020-08-24,79.0,81.0,78.0,81.0,2920,81.0,2026-09-03T19:35:03.345644+00:00
2020-08-25,80.0,82.0,79.0,81.0,3180,81.0,2026-09-03T19:35:03.345644+00:00
2020-08-26,80.0,80.0,78.0,80.0,3940,80.0,2026-09-03T19:35:03.345644+00:00
2020-08-27,80.0,80.0,78.0,78.0,1990,78.0,2026-09-03T19:35:03.345644+00:00
2020-08-30,78.0,80.0,78.0,80.0,1190,80.0,2026-09-03T19:35:03.345644+00:00
2020-08-31,80.0,84.0,80.0,81.0,4730,81.0,2026-09-03T19:35:03.345644+00:00
2020-09-02,82.0,89.0,79.0,89.0,18953,89.0,2026-09-03T19:35:03.345644+00:00
2020-09-03,90.0,93.0,86.0,88.0,15280,88.0,2026-09-03T19:35:03.345644+00:00
2020-09-06,88.0,92.0,88.0,91.0,4770,91.0,2026-09-03T19:35:03.345644+00:00
2020-09-07,90.0,90.0,85.0,88.0,6485,88.0,2026-09-03T19:35:03.345644+00:00
2020-09-08,87.0,88.0,86.0,86.0,1885,86.0,2026-09-03T19:35:03.345644+00:00
2020-09-09,86.0,89.0,86.0,88.0,1323,88.0,2026-09-03T19:35:03.345644+00:00
2020-09-10,87.0,90.0,87.0,89.0,2383,89.0,2026-09-03T19:35:03.345644+00:00
2020-09-13,88.0,97.0,88.0,96.0,9088,96.0,2026-09-03T19:35:03.345644+00:00
2020-09-14,97.0,105.0,97.0,103.0,16050,103.0,2026-09-03T19:35:03.345644+00:00
2020-09-15,102.0,102.0,97.0,98.0,8245,98.0,2026-09-03T19:35:03.345644+00:00
2020-09-16,97.0,107.0,97.0,107.0,11910,107.0,2026-09-03T19:35:03.345644+00:00
2020-09-17,109.0,117.0,108.0,117.0,26755,117.0,2026-09-03T19:35:03.345644+00:00
2020-09-20,122.0,126.0,107.0,114.0,11848,114.0,2026-09-03T19:35:03.345644+00:00
2020-09-21,115.0,115.0,105.0,105.0,11849,105.0,2026-09-03T19:35:03.345644+00:00
2020-09-22,103.0,105.0,101.0,103.0,6870,103.0,2026-09-03T19:35:03.345644+00:00
2020-09-23,101.0,113.0,101.0,113.0,11545,113.0,2026-09-03T19:35:03.345644+00:00
2020-09-24,115.0,124.0,112.0,124.0,43132,124.0,2026-09-03T19:35:03.345644+00:00
2020-09-27,124.0,136.0,124.0,136.0,27277,136.0,2026-09-03T19:35:03.345644+00:00
2020-09-28,134.0,138.0,126.0,138.0,14860,138.0,2026-09-03T19:35:03.345644+00:00
2020-09-29,136.0,145.0,128.0,145.0,24775,145.0,2026-09-03T19:35:03.345644+00:00
2020-09-30,145.0,154.0,134.0,153.0,31136,153.0,2026-09-03T19:35:03.345644+00:00
2020-10-01,150.0,150.0,138.0,138.0,17665,138.0,2026-09-03T19:35:03.345644+00:00
2020-10-04,132.0,136.0,129.0,134.0,9750,134.0,2026-09-03T19:35:03.345644+00:00
2020-10-05,129.0,140.0,129.0,140.0,9440,140.0,2026-09-03T19:35:03.345644+00:00
2020-10-06,142.0,154.0,136.0,154.0,39794,154.0,2026-09-03T19:35:03.345644+00:00
2020-10-07,147.0,169.0,147.0,169.0,44247,169.0,2026-09-03T19:35:03.345644+00:00
2020-10-08,166.0,172.0,158.0,161.0,23883,161.0,2026-09-03T19:35:03.345644+00:00
2020-10-11,158.0,164.0,153.0,153.0,13430,153.0,2026-09-03T19:35:03.345644+00:00
2020-10-12,160.0,160.0,142.0,158.0,10330,158.0,2026-09-03T19:35:03.345644+00:00
2020-10-13,155.0,162.0,155.0,155.0,17765,155.0,2026-09-03T19:35:03.345644+00:00
2020-10-14,152.0,156.0,145.0,150.0,12135,150.0,2026-09-03T19:35:03.345644+00:00
2020-10-15,153.0,164.0,150.0,161.0,9230,161.0,2026-09-03T19:35:03.345644+00:00
2020-10-18,158.0,162.0,152.0,162.0,6255,162.0,2026-09-03T19:35:03.345644+00:00
2020-10-19,161.0,176.0,158.0,176.0,11860,176.0,2026-09-03T19:35:03.345644+00:00
2020-10-20,176.0,193.0,176.0,193.0,24995,193.0,2026-09-03T19:35:03.345644+00:00
2020-10-21,190.0,207.0,187.0,194.0,12855,194.0,2026-09-03T19:35:03.345644+00:00
2020-10-22,191.0,200.0,182.0,187.0,8457,187.0,2026-09-03T19:35:03.345644+00:00
2020-10-28,184.0,184.0,178.0,182.0,5100,182.0,2026-09-03T19:35:03.345644+00:00
2020-10-29,179.0,194.0,173.0,190.0,8163,190.0,2026-09-03T19:35:03.345644+00:00
2020-11-01,187.0,194.0,185.0,194.0,6110,194.0,2026-09-03T19:35:03.345644+00:00
2020-11-02,197.0,205.0,192.0,202.0,22940,202.0,2026-09-03T19:35:03.345644+00:00
2020-11-03,198.0,205.0,195.0,202.0,15095,202.0,2026-09-03T19:35:03.345644+00:00
2020-11-04,205.0,205.0,197.0,198.0,10780,198.0,2026-09-03T19:35:03.345644+00:00
2020-11-05,196.0,202.0,196.0,201.0,15665,201.0,2026-09-03T19:35:03.345644+00:00
2020-11-08,200.0,218.0,200.0,218.0,14790,218.0,2026-09-03T19:35:03.345644+00:00
2020-11-09,220.0,220.0,205.0,212.0,8410,212.0,2026-09-03T19:35:03.345644+00:00
2020-11-10,209.0,213.0,206.0,208.0,14890,208.0,2026-09-03T19:35:03.345644+00:00
2020-11-11,204.0,206.0,201.0,203.0,7340,203.0,2026-09-03T19:35:03.345644+00:00
2020-11-12,213.0,213.0,200.0,209.0,11824,209.0,2026-09-03T19:35:03.345644+00:00
2020-11-18,219.0,219.0,199.0,206.0,4400,206.0,2026-09-03T19:35:03.345644+00:00
2020-11-19,202.0,224.0,198.0,224.0,13505,224.0,2026-09-03T19:35:03.345644+00:00
2020-11-22,228.0,228.0,204.0,204.0,6177,204.0,2026-09-03T19:35:03.345644+00:00
2020-11-23,214.0,215.0,204.0,208.0,16857,208.0,2026-09-03T19:35:03.345644+00:00
2020-11-24,205.0,215.0,204.0,214.0,11990,214.0,2026-09-03T19:35:03.345644+00:00
2020-11-25,210.0,215.0,206.0,215.0,9006,215.0,2026-09-03T19:35:03.345644+00:00
2020-11-26,225.0,225.0,207.0,208.0,10147,208.0,2026-09-03T19:35:03.345644+00:00
2020-11-29,205.0,209.0,204.0,205.0,12674,205.0,2026-09-03T19:35:03.345644+00:00
2020-11-30,204.0,218.0,204.0,215.0,9692,215.0,2026-09-03T19:35:03.345644+00:00
2020-12-01,215.0,225.0,208.0,219.0,10790,219.0,2026-09-03T19:35:03.345644+00:00
2020-12-02,220.0,224.0,210.0,217.0,25793,217.0,2026-09-03T19:35:03.345644+00:00
2020-12-03,217.0,217.0,205.0,212.0,8573,212.0,2026-09-03T19:35:03.345644+00:00
2020-12-06,208.0,208.0,198.0,202.0,7760,202.0,2026-09-03T19:35:03.345644+00:00
2020-12-07,202.0,206.0,196.0,205.0,4285,205.0,2026-09-03T19:35:03.345644+00:00
2020-12-08,205.0,209.0,200.0,201.0,16248,201.0,2026-09-03T19:35:03.345644+00:00
2020-12-09,198.0,214.0,198.0,207.0,37498,207.0,2026-09-03T19:35:03.345644+00:00
2020-12-10,203.0,211.0,199.0,211.0,11430,211.0,2026-09-03T19:35:03.345644+00:00
2020-12-13,210.0,214.0,201.0,209.0,7555,209.0,2026-09-03T19:35:03.345644+00:00
2020-12-14,209.0,209.0,199.0,201.0,15480,201.0,2026-09-03T19:35:03.345644+00:00
2020-12-15,201.0,203.0,199.0,201.0,9245,201.0,2026-09-03T19:35:03.345644+00:00
2020-12-16,211.0,213.0,199.0,199.0,8580,199.0,2026-09-03T19:35:03.345644+00:00
2020-12-17,199.0,200.0,193.0,193.0,11095,193.0,2026-09-03T19:35:03.345644+00:00
2020-12-20,191.0,191.0,184.0,184.0,6290,184.0,2026-09-03T19:35:03.345644+00:00
2020-12-21,181.0,189.0,175.0,184.0,4155,184.0,2026-09-03T19:35:03.345644+00:00
2020-12-22,182.0,192.0,181.0,192.0,4607,192.0,2026-09-03T19:35:03.345644+00:00
2020-12-23,193.0,193.0,178.0,182.0,4250,182.0,2026-09-03T19:35:03.345644+00:00
2020-12-24,179.0,185.0,176.0,181.0,2165,181.0,2026-09-03T19:35:03.345644+00:00
2020-12-27,178.0,183.0,178.0,178.0,4932,178.0,2026-09-03T19:35:03.345644+00:00
2020-12-28,177.0,184.0,175.0,184.0,4700,184.0,2026-09-03T19:35:03.345644+00:00
2020-12-29,182.0,184.0,177.0,181.0,2040,181.0,2026-09-03T19:35:03.345644+00:00
2020-12-30,178.0,180.0,175.0,176.0,2040,176.0,2026-09-03T19:35:03.345644+00:00
2020-12-31,174.0,183.0,173.0,183.0,6458,183.0,2026-09-03T19:35:03.345644+00:00
2021-01-03,181.0,181.0,179.0,181.0,1650,181.0,2026-09-03T19:35:03.345644+00:00
2021-01-04,179.0,182.0,179.0,182.0,3890,182.0,2026-09-03T19:35:03.345644+00:00
2021-01-05,185.0,200.0,177.0,197.0,7350,197.0,2026-09-03T19:35:03.345644+00:00
2021-01-06,200.0,205.0,196.0,196.0,11910,196.0,2026-09-03T19:35:03.345644+00:00
2021-01-07,196.0,196.0,191.0,192.0,2970,192.0,2026-09-03T19:35:03.345644+00:00
2021-01-10,189.0,192.0,187.0,187.0,6090,187.0,2026-09-03T19:35:03.345644+00:00
2021-01-11,184.0,194.0,184.0,190.0,4250,190.0,2026-09-03T19:35:03.345644+00:00
2021-01-12,187.0,195.0,185.0,188.0,5605,188.0,2026-09-03T19:35:03.345644+00:00
2021-01-13,191.0,193.0,184.0,187.0,12649,187.0,2026-09-03T19:35:03.345644+00:00
2021-01-17,187.0,195.0,184.0,192.0,7320,192.0,2026-09-03T19:35:03.345644+00:00
2021-01-18,189.0,192.0,188.0,188.0,6200,188.0,2026-09-03T19:35:03.345644+00:00
2021-01-19,187.0,192.0,187.0,188.0,3200,188.0,2026-09-03T19:35:03.345644+00:00
2021-01-20,188.0,198.0,187.0,194.0,5016,194.0,2026-09-03T19:35:03.345644+00:00
2021-01-21,197.0,212.0,190.0,210.0,27707,210.0,2026-09-03T19:35:03.345644+00:00
2021-01-24,210.0,222.0,209.0,221.0,24990,221.0,2026-09-03T19:35:03.345644+00:00
2021-01-25,217.0,226.0,217.0,220.0,14365,220.0,2026-09-03T19:35:03.345644+00:00
2021-01-26,221.0,221.0,210.0,220.0,16476,220.0,2026-09-03T19:35:03.345644+00:00
2021-01-27,216.0,219.0,210.0,216.0,5901,216.0,2026-09-03T19:35:03.345644+00:00
2021-01-28,226.0,226.0,206.0,222.0,4270,222.0,2026-09-03T19:35:03.345644+00:00
2021-01-31,223.0,223.0,202.0,209.0,5320,209.0,2026-09-03T19:35:03.345644+00:00
2021-02-01,207.0,214.0,203.0,210.0,14417,210.0,2026-09-03T19:35:03.345644+00:00
2021-02-02,214.0,215.0,208.0,214.0,7078,214.0,2026-09-03T19:35:03.345644+00:00
2021-02-03,218.0,230.0,214.0,223.0,54567,223.0,2026-09-03T19:35:03.345644+00:00
2021-02-04,234.0,245.0,222.0,245.0,46112,245.0,2026-09-03T19:35:03.345644+00:00
2021-02-07,257.0,269.0,252.0,269.0,23488,269.0,2026-09-03T19:35:03.345644+00:00
2021-02-08,270.0,295.0,260.0,264.0,23260,264.0,2026-09-03T19:35:03.345644+00:00
2021-02-09,259.0,265.0,244.0,258.0,15656,258.0,2026-09-03T19:35:03.345644+00:00
2021-02-10,253.0,258.0,248.0,250.0,12541,250.0,2026-09-03T19:35:03.345644+00:00
2021-02-11,245.0,255.0,244.0,244.0,10760,244.0,2026-09-03T19:35:03.345644+00:00
2021-02-14,240.0,240.0,223.0,227.0,34119,227.0,2026-09-03T19:35:03.345644+00:00
2021-02-15,231.0,245.0,217.0,242.0,50933,242.0,2026-09-03T19:35:03.345644+00:00
2021-02-16,238.0,239.0,228.0,231.0,12764,231.0,2026-09-03T19:35:03.345644+00:00
2021-02-17,231.0,235.0,227.0,232.0,11987,232.0,2026-09-03T19:35:03.345644+00:00
2021-02-18,228.0,234.0,228.0,232.0,6216,232.0,2026-09-03T19:35:03.345644+00:00
2021-02-21,232.0,253.0,232.0,240.0,24863,240.0,2026-09-03T19:35:03.345644+00:00
2021-02-22,252.0,252.0,233.0,240.0,10058,240.0,2026-09-03T19:35:03.345644+00:00
2021-02-23,236.0,244.0,221.0,244.0,6942,244.0,2026-09-03T19:35:03.345644+00:00
2021-02-24,240.0,240.0,235.0,239.0,9140,239.0,2026-09-03T19:35:03.345644+00:00
2021-02-25,235.0,235.0,227.0,229.0,6400,229.0,2026-09-03T19:35:03.345644+00:00
2021-02-28,225.0,225.0,218.0,219.0,6493,219.0,2026-09-03T19:35:03.345644+00:00
2021-03-01,219.0,230.0,217.0,224.0,4517,224.0,2026-09-03T19:35:03.345644+00:00
2021-03-02,221.0,225.0,216.0,222.0,10470,222.0,2026-09-03T19:35:03.345644+00:00
2021-03-03,222.0,225.0,217.0,218.0,18425,218.0,2026-09-03T19:35:03.345644+00:00
2021-03-04,208.0,236.0,208.0,234.0,8615,234.0,2026-09-03T19:35:03.345644+00:00
2021-03-07,238.0,239.0,228.0,229.0,9930,229.0,2026-09-03T19:35:03.345644+00:00
2021-03-09,228.0,239.0,220.0,237.0,28509,237.0,2026-09-03T19:35:03.345644+00:00
2021-03-10,236.0,258.0,236.0,250.0,44851,250.0,2026-09-03T19:35:03.345644+00:00
2021-03-14,262.0,262.0,243.0,250.0,24527,250.0,2026-09-03T19:35:03.345644+00:00
2021-03-15,250.0,256.0,242.0,254.0,21425,254.0,2026-09-03T19:35:03.345644+00:00
2021-03-16,255.0,255.0,245.0,249.0,8445,249.0,2026-09-03T19:35:03.345644+00:00
2021-03-17,237.0,252.0,237.0,249.0,13692,249.0,2026-09-03T19:35:03.345644+00:00
2021-03-18,253.0,253.0,245.0,246.0,11200,246.0,2026-09-03T19:35:03.345644+00:00
2021-03-21,247.0,251.0,242.0,245.0,10068,245.0,2026-09-03T19:35:03.345644+00:00
2021-03-22,241.0,249.0,236.0,239.0,8358,239.0,2026-09-03T19:35:03.345644+00:00
2021-03-23,239.0,255.0,236.0,242.0,13363,242.0,2026-09-03T19:35:03.345644+00:00
2021-03-24,238.0,266.0,238.0,266.0,48389,266.0,2026-09-03T19:35:03.345644+00:00
2021-03-25,268.0,292.0,256.0,285.0,75134,285.0,2026-09-03T19:35:03.345644+00:00
2021-03-29,288.0,288.0,263.0,266.0,23001,266.0,2026-09-03T19:35:03.345644+00:00
2021-03-30,266.0,273.0,262.0,269.0,17538,269.0,2026-09-03T19:35:03.345644+00:00
2021-03-31,280.0,280.0,259.0,264.0,26168,264.0,2026-09-03T19:35:03.345644+00:00
2021-04-01,264.0,269.0,254.0,260.0,13275,260.0,2026-09-03T19:35:03.345644+00:00
2021-04-04,256.0,268.0,251.0,264.0,27513,264.0,2026-09-03T19:35:03.345644+00:00
2021-04-05,264.0,278.0,257.0,264.0,20945,264.0,2026-09-03T19:35:03.345644+00:00
2021-04-06,262.0,270.0,259.0,268.0,19000,268.0,2026-09-03T19:35:03.345644+00:00
2021-04-07,273.0,273.0,255.0,259.0,32260,259.0,2026-09-03T19:35:03.345644+00:00
2021-04-08,255.0,270.0,255.0,258.0,12761,258.0,2026-09-03T19:35:03.345644+00:00
2021-04-12,253.0,260.0,253.0,257.0,8581,257.0,2026-09-03T19:35:03.345644+00:00
2021-04-13,253.0,259.0,253.0,258.0,3000,258.0,2026-09-03T19:35:03.345644+00:00
2021-04-15,258.0,266.0,258.0,258.0,35870,258.0,2026-09-03T19:35:03.345644+00:00
2021-04-18,260.0,265.0,254.0,261.0,10463,261.0,2026-09-03T19:35:03.345644+00:00
2021-04-19,274.0,274.0,259.0,261.0,20319,261.0,2026-09-03T19:35:03.345644+00:00
2021-04-20,265.0,272.0,260.0,270.0,25117,270.0,2026-09-03T19:35:03.345644+00:00
2021-04-21,270.0,290.0,267.0,270.0,34290,270.0,2026-09-03T19:35:03.345644+00:00
2021-04-22,266.0,275.0,262.0,271.0,24572,271.0,2026-09-03T19:35:03.345644+00:00
2021-04-25,268.0,269.0,255.0,261.0,10844,261.0,2026-09-03T19:35:03.345644+00:00
2021-04-26,256.0,258.0,250.0,250.0,9567,250.0,2026-09-03T19:35:03.345644+00:00
2021-04-27,247.0,265.0,246.0,264.0,9270,264.0,2026-09-03T19:35:03.345644+00:00
2021-04-28,260.0,265.0,250.0,262.0,2602,262.0,2026-09-03T19:35:03.345644+00:00
2021-04-29,257.0,270.0,257.0,270.0,8647,270.0,2026-09-03T19:35:03.345644+00:00
2021-05-02,265.0,282.0,262.0,277.0,26128,277.0,2026-09-03T19:35:03.345644+00:00
2021-05-03,272.0,280.0,270.0,275.0,12805,275.0,2026-09-03T19:35:03.345644+00:00
2021-05-04,279.0,296.0,266.0,284.0,32867,284.0,2026-09-03T19:35:03.345644+00:00
2021-05-05,285.0,301.0,282.0,297.0,44067,297.0,2026-09-03T19:35:03.345644+00:00
2021-05-06,293.0,293.0,281.0,286.0,28253,286.0,2026-09-03T19:35:03.345644+00:00
2021-05-09,281.0,282.0,273.0,277.0,12390,277.0,2026-09-03T19:35:03.345644+00:00
2021-05-10,279.0,281.0,267.0,281.0,11380,281.0,2026-09-03T19:35:03.345644+00:00
2021-05-11,277.0,290.0,277.0,288.0,18456,288.0,2026-09-03T19:35:03.345644+00:00
2021-05-12,293.0,298.0,278.0,295.0,23497,295.0,2026-09-03T19:35:03.345644+00:00
2021-05-13,300.0,306.0,289.0,290.0,37151,290.0,2026-09-03T19:35:03.345644+00:00
2021-05-16,289.0,292.0,283.0,286.0,18857,286.0,2026-09-03T19:35:03.345644+00:00
2021-05-17,284.0,301.0,282.0,291.0,33649,291.0,2026-09-03T19:35:03.345644+00:00
2021-05-18,296.0,318.0,296.0,313.0,88706,313.0,2026-09-03T19:35:03.345644+00:00
2021-05-19,317.0,317.0,294.0,299.0,39008,299.0,2026-09-03T19:35:03.345644+00:00
2021-05-20,294.0,297.0,288.0,290.0,24905,290.0,2026-09-03T19:35:03.345644+00:00
2021-05-23,304.0,316.0,284.0,314.0,45973,314.0,2026-09-03T19:35:03.345644+00:00
2021-05-24,324.0,345.0,320.0,345.0,208921,345.0,2026-09-03T19:35:03.345644+00:00
2021-05-25,350.0,379.0,350.0,379.0,90896,379.0,2026-09-03T19:35:03.345644+00:00
2021-05-27,379.0,415.0,371.0,414.0,71904,414.0,2026-09-03T19:35:03.345644+00:00
2021-05-30,406.0,412.0,379.0,392.0,191123,392.0,2026-09-03T19:35:03.345644+00:00
2021-05-31,388.0,388.0,354.0,360.0,72288,360.0,2026-09-03T19:35:03.345644+00:00
2021-06-01,353.0,369.0,338.0,347.0,26262,347.0,2026-09-03T19:35:03.345644+00:00
2021-06-02,364.0,373.0,341.0,359.0,32298,359.0,2026-09-03T19:35:03.345644+00:00
2021-06-03,364.0,365.0,345.0,349.0,30929,349.0,2026-09-03T19:35:03.345644+00:00
2021-06-06,343.0,347.0,331.0,340.0,33638,340.0,2026-09-03T19:35:03.345644+00:00
2021-06-07,346.0,370.0,345.0,370.0,28271,370.0,2026-09-03T19:35:03.345644+00:00
2021-06-08,377.0,384.0,370.0,370.0,45104,370.0,2026-09-03T19:35:03.345644+00:00
2021-06-09,364.0,384.0,357.0,363.0,36761,363.0,2026-09-03T19:35:03.345644+00:00
2021-06-10,345.0,392.0,345.0,387.0,78594,387.0,2026-09-03T19:35:03.345644+00:00
2021-06-13,390.0,420.0,378.0,419.0,90600,419.0,2026-09-03T19:35:03.345644+00:00
2021-06-14,439.0,439.0,392.0,398.0,98154,398.0,2026-09-03T19:35:03.345644+00:00
2021-06-15,400.0,413.0,375.0,379.0,44391,379.0,2026-09-03T19:35:03.345644+00:00
2021-06-16,361.0,377.0,342.0,348.0,50427,348.0,2026-09-03T19:35:03.345644+00:00
2021-06-17,347.0,364.0,335.0,350.0,26932,350.0,2026-09-03T19:35:03.345644+00:00
2021-06-20,350.0,356.0,330.0,337.0,26870,337.0,2026-09-03T19:35:03.345644+00:00
2021-06-21,343.0,343.0,315.0,319.0,15660,319.0,2026-09-03T19:35:03.345644+00:00
2021-06-22,317.0,350.0,317.0,349.0,19234,349.0,2026-09-03T19:35:03.345644+00:00
2021-06-23,350.0,354.0,335.0,339.0,22499,339.0,2026-09-03T19:35:03.345644+00:00
2021-06-24,333.0,344.0,331.0,331.0,12960,331.0,2026-09-03T19:35:03.345644+00:00
2021-06-27,337.0,342.0,329.0,330.0,12181,330.0,2026-09-03T19:35:03.345644+00:00
2021-06-28,335.0,335.0,320.0,320.0,12339,320.0,2026-09-03T19:35:03.345644+00:00
2021-06-29,336.0,336.0,310.0,311.0,9672,311.0,2026-09-03T19:35:03.345644+00:00
2021-06-30,305.0,323.0,300.0,317.0,11654,317.0,2026-09-03T19:35:03.345644+00:00
2021-07-01,323.0,330.0,319.0,325.0,7439,325.0,2026-09-03T19:35:03.345644+00:00
2021-07-04,309.0,331.0,309.0,317.0,13172,317.0,2026-09-03T19:35:03.345644+00:00
2021-07-05,313.0,320.0,313.0,313.0,4029,313.0,2026-09-03T19:35:03.345644+00:00
2021-07-06,310.0,316.0,308.0,311.0,3942,311.0,2026-09-03T19:35:03.345644+00:00
2021-07-07,317.0,317.0,303.0,303.0,6710,303.0,2026-09-03T19:35:03.345644+00:00
2021-07-08,300.0,325.0,298.0,310.0,5367,310.0,2026-09-03T19:35:03.345644+00:00
2021-07-11,316.0,334.0,310.0,331.0,6995,331.0,2026-09-03T19:35:03.345644+00:00
2021-07-12,331.0,337.0,322.0,325.0,6824,325.0,2026-09-03T19:35:03.345644+00:00
2021-07-13,325.0,328.0,315.0,325.0,5845,325.0,2026-09-03T19:35:03.345644+00:00
2021-07-14,319.0,342.0,319.0,338.0,15659,338.0,2026-09-03T19:35:03.345644+00:00
2021-07-15,338.0,358.0,338.0,346.0,25592,346.0,2026-09-03T19:35:03.345644+00:00
2021-07-18,350.0,377.1,350.0,369.0,51339,369.0,2026-09-03T19:35:03.345644+00:00
2021-07-19,376.0,388.0,365.0,377.0,24940,377.0,2026-09-03T19:35:03.345644+00:00
2021-07-20,384.0,413.1,375.0,412.0,150996,412.0,2026-09-03T19:35:03.345644+00:00
2021-07-22,414.7,453.2,405.0,453.0,87411,453.0,2026-09-03T19:35:03.345644+00:00
2021-07-25,444.0,494.7,433.0,490.0,159111,490.0,2026-09-03T19:35:03.345644+00:00
2021-07-26,495.0,539.0,464.0,539.0,161225,539.0,2026-09-03T19:35:03.345644+00:00
2021-07-27,540.0,590.0,540.0,561.1,53015,561.1,2026-09-03T19:35:03.345644+00:00
2021-07-28,568.0,590.4,534.1,590.4,76787,590.4,2026-09-03T19:35:03.345644+00:00
2021-07-29,580.0,591.0,541.0,554.0,138232,554.0,2026-09-03T19:35:03.345644+00:00
2021-08-01,545.1,606.0,545.1,603.0,99347,603.0,2026-09-03T19:35:03.345644+00:00
2021-08-02,603.0,603.0,569.0,590.0,76838,590.0,2026-09-03T19:35:03.345644+00:00
2021-08-03,578.4,601.7,567.0,582.0,37627,582.0,2026-09-03T19:35:03.345644+00:00
2021-08-04,574.0,601.7,574.0,600.0,75113,600.0,2026-09-03T19:35:03.345644+00:00
2021-08-05,600.0,603.0,572.1,603.0,62443,603.0,2026-09-03T19:35:03.345644+00:00
2021-08-08,591.0,626.0,575.0,596.1,102982,596.1,2026-09-03T19:35:03.345644+00:00
2021-08-09,608.0,633.0,597.1,628.0,91036,628.0,2026-09-03T19:35:03.345644+00:00
2021-08-10,640.0,652.8,614.6,633.0,76816,633.0,2026-09-03T19:35:03.345644+00:00
2021-08-11,633.0,696.3,621.0,667.2,114365,667.2,2026-09-03T19:35:03.345644+00:00
2021-08-12,680.5,720.0,667.0,682.0,78656,682.0,2026-09-03T19:35:03.345644+00:00
2021-08-15,668.4,718.0,620.0,645.0,97765,645.0,2026-09-03T19:35:03.345644+00:00
2021-08-16,640.0,678.3,640.0,655.0,59323,655.0,2026-09-03T19:35:03.345644+00:00
2021-08-17,668.0,697.0,657.0,685.0,91132,685.0,2026-09-03T19:35:03.345644+00:00
2021-08-18,690.0,717.0,679.0,685.0,76913,685.0,2026-09-03T19:35:03.345644+00:00
2021-08-19,672.0,672.0,627.0,629.0,39635,629.0,2026-09-03T19:35:03.345644+00:00
2021-08-24,617.0,617.0,566.1,567.0,49045,567.0,2026-09-03T19:35:03.345644+00:00
2021-08-25,555.7,583.0,520.0,550.0,45973,550.0,2026-09-03T19:35:03.345644+00:00
2021-08-26,561.0,605.0,542.0,594.3,52145,594.3,2026-09-03T19:35:03.345644+00:00
2021-08-29,595.0,595.0,558.0,580.0,17709,580.0,2026-09-03T19:35:03.345644+00:00
2021-08-31,568.4,568.4,522.0,535.0,80649,535.0,2026-09-03T19:35:03.345644+00:00
2021-09-01,545.7,560.0,515.0,528.0,26599,528.0,2026-09-03T19:35:03.345644+00:00
2021-09-02,538.5,549.0,490.0,514.9,19542,514.9,2026-09-03T19:35:03.345644+00:00
2021-09-05,505.0,510.0,463.5,463.5,38478,463.5,2026-09-03T19:35:03.345644+00:00
2021-09-06,472.0,509.8,436.1,509.8,33974,509.8,2026-09-03T19:35:03.345644+00:00
2021-09-07,501.0,535.0,489.1,507.0,44999,507.0,2026-09-03T19:35:03.345644+00:00
2021-09-08,500.0,520.0,490.0,515.8,29743,515.8,2026-09-03T19:35:03.345644+00:00
2021-09-09,520.0,560.0,518.0,554.0,98103,554.0,2026-09-03T19:35:03.345644+00:00
2021-09-12,565.0,604.0,565.0,595.0,85157,595.0,2026-09-03T19:35:03.345644+00:00
2021-09-13,606.0,606.0,553.8,565.0,69741,565.0,2026-09-03T19:35:03.345644+00:00
2021-09-14,575.0,587.5,554.0,558.0,29727,558.0,2026-09-03T19:35:03.345644+00:00
2021-09-15,552.0,569.0,539.0,539.0,17932,539.0,2026-09-03T19:35:03.345644+00:00
2021-09-16,529.0,529.0,494.1,509.0,53345,509.0,2026-09-03T19:35:03.345644+00:00
2021-09-20,519.1,519.1,459.0,465.0,29340,465.0,2026-09-03T19:35:03.345644+00:00
2021-09-21,458.1,495.0,449.0,467.0,21626,467.0,2026-09-03T19:35:03.345644+00:00
2021-09-22,476.3,513.7,476.3,513.5,27088,513.5,2026-09-03T19:35:03.345644+00:00
2021-09-23,520.0,530.0,475.1,502.0,28628,502.0,2026-09-03T19:35:03.345644+00:00
2021-09-26,493.0,500.0,461.0,465.0,27187,465.0,2026-09-03T19:35:03.345644+00:00
2021-09-27,474.3,483.7,432.0,444.0,12362,444.0,2026-09-03T19:35:03.345644+00:00
2021-09-28,435.2,438.0,402.2,417.1,28111,417.1,2026-09-03T19:35:03.345644+00:00
2021-09-29,425.0,450.0,408.0,433.0,41444,433.0,2026-09-03T19:35:03.345644+00:00
2021-09-30,440.0,447.9,412.0,421.0,6418,421.0,2026-09-03T19:35:03.345644+00:00
2021-10-03,421.0,421.0,378.9,385.0,33524,385.0,2026-09-03T19:35:03.345644+00:00
2021-10-04,392.0,399.8,361.0,361.0,15217,361.0,2026-09-03T19:35:03.345644+00:00
2021-10-05,368.0,394.0,368.0,389.0,13699,389.0,2026-09-03T19:35:03.345644+00:00
2021-10-06,396.7,410.9,381.5,410.0,24056,410.0,2026-09-03T19:35:03.345644+00:00
2021-10-10,402.0,418.2,376.1,383.6,22377,383.6,2026-09-03T19:35:03.345644+00:00
2021-10-11,376.0,390.0,355.0,365.6,23343,365.6,2026-09-03T19:35:03.345644+00:00
2021-10-17,372.9,376.0,362.0,372.0,2280,372.0,2026-09-03T19:35:03.345644+00:00
2021-10-18,365.0,373.0,346.2,350.0,10563,350.0,2026-09-03T19:35:03.345644+00:00
2021-10-19,343.0,355.0,320.0,330.0,9493,330.0,2026-09-03T19:35:03.345644+00:00
2021-10-20,336.6,350.1,330.4,344.9,11865,344.9,2026-09-03T19:35:03.345644+00:00
2021-10-21,341.1,355.0,333.3,345.0,7197,345.0,2026-09-03T19:35:03.345644+00:00
2021-10-24,339.0,372.0,332.3,365.0,15610,365.0,2026-09-03T19:35:03.345644+00:00
2021-10-25,372.2,401.5,359.0,400.0,30924,400.0,2026-09-03T19:35:03.345644+00:00
2021-10-26,408.0,440.0,408.0,440.0,34728,440.0,2026-09-03T19:35:03.345644+00:00
2021-10-27,445.0,484.0,414.6,454.0,49066,454.0,2026-09-03T19:35:03.345644+00:00
2021-10-28,445.0,468.0,436.1,462.0,25522,462.0,2026-09-03T19:35:03.345644+00:00
2021-10-31,470.0,490.0,451.0,486.0,56795,486.0,2026-09-03T19:35:03.345644+00:00
2021-11-01,486.0,495.0,462.0,465.0,38225,465.0,2026-09-03T19:35:03.345644+00:00
2021-11-02,474.0,511.4,446.6,500.0,32025,500.0,2026-09-03T19:35:03.345644+00:00
2021-11-03,510.0,510.0,490.0,497.0,17805,497.0,2026-09-03T19:35:03.345644+00:00
2021-11-08,487.1,534.6,484.2,496.0,40849,496.0,2026-09-03T19:35:03.345644+00:00
2021-11-09,486.1,488.0,461.0,468.0,20249,468.0,2026-09-03T19:35:03.345644+00:00
2021-11-11,458.7,467.0,442.1,445.1,14979,445.1,2026-09-03T19:35:03.345644+00:00
2021-11-14,445.1,477.0,437.0,454.9,26359,454.9,2026-09-03T19:35:03.345644+00:00
2021-11-15,463.9,475.0,454.0,458.9,22444,458.9,2026-09-03T19:35:03.345644+00:00
2021-11-16,468.0,492.0,463.3,487.0,20388,487.0,2026-09-03T19:35:03.345644+00:00
2021-11-17,496.7,526.0,496.7,500.0,43534,500.0,2026-09-03T19:35:03.345644+00:00
2021-11-18,510.0,510.0,477.0,479.9,28751,479.9,2026-09-03T19:35:03.345644+00:00
2021-11-21,485.0,499.8,480.0,490.0,17903,490.0,2026-09-03T19:35:03.345644+00:00
2021-11-22,499.0,504.5,485.1,485.2,21474,485.2,2026-09-03T19:35:03.345644+00:00
2021-11-23,479.0,485.0,462.0,471.5,18972,471.5,2026-09-03T19:35:03.345644+00:00
2021-11-24,463.0,499.8,451.0,480.0,31622,480.0,2026-09-03T19:35:03.345644+00:00
2021-11-25,480.0,500.0,480.0,486.0,20387,486.0,2026-09-03T19:35:03.345644+00:00
2021-11-28,476.3,480.0,442.0,459.0,74102,459.0,2026-09-03T19:35:03.345644+00:00
2021-11-29,460.0,480.0,451.1,458.0,15223,458.0,2026-09-03T19:35:03.345644+00:00
2021-11-30,467.0,470.0,450.0,465.1,12539,465.1,2026-09-03T19:35:03.345644+00:00
2021-12-01,467.0,489.0,467.0,483.0,49420,483.0,2026-09-03T19:35:03.345644+00:00
2021-12-02,475.0,487.0,461.0,466.0,23735,466.0,2026-09-03T19:35:03.345644+00:00
2021-12-05,457.1,465.0,440.0,441.0,31581,441.0,2026-09-03T19:35:03.345644+00:00
2021-12-06,433.0,466.0,420.0,455.0,20088,455.0,2026-09-03T19:35:03.345644+00:00
2021-12-07,464.1,467.9,436.0,436.0,12972,436.0,2026-09-03T19:35:03.345644+00:00
2021-12-08,431.0,444.5,411.6,415.0,18757,415.0,2026-09-03T19:35:03.345644+00:00
2021-12-09,410.0,438.0,404.0,416.5,9152,416.5,2026-09-03T19:35:03.345644+00:00
2021-12-12,415.0,415.0,381.3,394.0,16614,394.0,2026-09-03T19:35:03.345644+00:00
2021-12-13,386.2,395.0,364.0,367.0,13078,367.0,2026-09-03T19:35:03.345644+00:00
2021-12-14,374.0,403.7,368.0,403.7,9495,403.7,2026-09-03T19:35:03.345644+00:00
2021-12-15,411.7,438.6,391.0,410.0,16945,410.0,2026-09-03T19:35:03.345644+00:00
2021-12-16,402.1,410.0,385.0,385.0,12784,385.0,2026-09-03T19:35:03.345644+00:00
2021-12-20,378.0,387.0,373.5,376.0,9955,376.0,2026-09-03T19:35:03.345644+00:00
2021-12-21,383.5,403.0,378.1,399.0,10946,399.0,2026-09-03T19:35:03.345644+00:00
2021-12-22,406.0,423.4,406.0,420.0,14868,420.0,2026-09-03T19:35:03.345644+00:00
2021-12-23,427.8,432.3,414.0,426.0,24283,426.0,2026-09-03T19:35:03.345644+00:00
2021-12-26,427.0,433.0,414.0,422.0,12268,422.0,2026-09-03T19:35:03.345644+00:00
2021-12-27,420.0,423.0,397.7,398.0,27206,398.0,2026-09-03T19:35:03.345644+00:00
2021-12-28,400.0,410.0,390.1,406.0,17919,406.0,2026-09-03T19:35:03.345644+00:00
2021-12-29,397.9,412.0,397.9,401.0,7181,401.0,2026-09-03T19:35:03.345644+00:00
2022-01-02,407.0,420.0,401.1,407.0,6716,407.0,2026-09-03T19:35:03.345644+00:00
2022-01-03,414.9,425.0,407.0,409.0,7478,409.0,2026-09-03T19:35:03.345644+00:00
2022-01-04,410.0,420.0,410.0,417.0,6302,417.0,2026-09-03T19:35:03.345644+00:00
2022-01-05,409.0,439.0,409.0,423.2,33739,423.2,2026-09-03T19:35:03.345644+00:00
2022-01-06,414.9,434.0,414.9,430.0,4299,430.0,2026-09-03T19:35:03.345644+00:00
2022-01-09,438.0,467.0,438.0,467.0,41985,467.0,2026-09-03T19:35:03.345644+00:00
2022-01-10,475.0,484.0,455.0,465.0,27492,465.0,2026-09-03T19:35:03.345644+00:00
2022-01-11,465.0,482.0,460.0,482.0,39025,482.0,2026-09-03T19:35:03.345644+00:00
2022-01-12,474.0,493.9,463.5,465.0,48897,465.0,2026-09-03T19:35:03.345644+00:00
2022-01-13,474.3,508.9,462.0,508.9,31776,508.9,2026-09-03T19:35:03.345644+00:00
2022-01-16,519.0,529.0,500.0,508.0,55455,508.0,2026-09-03T19:35:03.345644+00:00
2022-01-17,498.1,531.3,493.1,530.0,76362,530.0,2026-09-03T19:35:03.345644+00:00
2022-01-18,530.1,551.3,511.0,530.0,61876,530.0,2026-09-03T19:35:03.345644+00:00
2022-01-19,540.0,540.0,517.0,526.0,25908,526.0,2026-09-03T19:35:03.345644+00:00
2022-01-20,536.5,545.0,525.0,540.0,45537,540.0,2026-09-03T19:35:03.345644+00:00
2022-01-23,549.0,549.0,525.0,525.5,13363,525.5,2026-09-03T19:35:03.345644+00:00
2022-01-24,526.0,526.0,482.0,485.0,59192,485.0,2026-09-03T19:35:03.345644+00:00
2022-01-25,478.0,512.0,477.1,493.0,40717,493.0,2026-09-03T19:35:03.345644+00:00
2022-01-26,502.8,502.8,474.1,488.0,20547,488.0,2026-09-03T19:35:03.345644+00:00
2022-01-27,496.0,504.0,488.0,497.0,20998,497.0,2026-09-03T19:35:03.345644+00:00
2022-01-30,506.9,527.0,506.9,524.0,34749,524.0,2026-09-03T19:35:03.345644+00:00
2022-01-31,534.4,534.4,505.1,506.0,18083,506.0,2026-09-03T19:35:03.345644+00:00
2022-02-01,516.1,529.0,504.0,515.0,32379,515.0,2026-09-03T19:35:03.345644+00:00
2022-02-03,525.0,536.0,511.0,516.0,79292,516.0,2026-09-03T19:35:03.345644+00:00
2022-02-06,510.0,526.0,509.0,516.0,39787,516.0,2026-09-03T19:35:03.345644+00:00
2022-02-07,513.0,524.0,510.0,518.0,29786,518.0,2026-09-03T19:35:03.345644+00:00
2022-02-08,528.3,538.8,502.0,508.9,46344,508.9,2026-09-03T19:35:03.345644+00:00
2022-02-09,509.0,509.0,495.4,503.0,8881,503.0,2026-09-03T19:35:03.345644+00:00
2022-02-10,500.0,513.0,494.0,495.0,10021,495.0,2026-09-03T19:35:03.345644+00:00
2022-02-13,486.0,487.0,467.0,467.0,27512,467.0,2026-09-03T19:35:03.345644+00:00
2022-02-14,476.0,494.1,467.5,478.0,19955,478.0,2026-09-03T19:35:03.345644+00:00
2022-02-15,487.0,500.0,476.0,500.0,7836,500.0,2026-09-03T19:35:03.345644+00:00
2022-02-16,510.0,510.0,476.7,489.8,10366,489.8,2026-09-03T19:35:03.345644+00:00
2022-02-17,499.5,499.5,479.0,488.9,7545,488.9,2026-09-03T19:35:03.345644+00:00
2022-02-20,498.6,498.6,470.0,486.9,17439,486.9,2026-09-03T19:35:03.345644+00:00
2022-02-21,496.6,496.6,480.0,496.0,7097,496.0,2026-09-03T19:35:03.345644+00:00
2022-02-22,505.9,509.9,496.0,497.0,18156,497.0,2026-09-03T19:35:03.345644+00:00
2022-02-23,506.9,506.9,486.1,492.0,19423,492.0,2026-09-03T19:35:03.345644+00:00
2022-02-24,501.8,501.8,463.0,490.0,18612,490.0,2026-09-03T19:35:03.345644+00:00
2022-02-27,499.8,503.0,481.0,483.5,17058,483.5,2026-09-03T19:35:03.345644+00:00
2022-02-28,493.1,501.9,452.0,464.0,27233,464.0,2026-09-03T19:35:03.345644+00:00
2022-03-02,473.2,473.2,438.2,446.9,6404,446.9,2026-09-03T19:35:03.345644+00:00
2022-03-06,455.8,455.8,428.3,433.0,11022,433.0,2026-09-03T19:35:03.345644+00:00
2022-03-07,441.6,441.6,416.0,418.0,10929,418.0,2026-09-03T19:35:03.345644+00:00
2022-03-09,426.3,426.3,398.0,398.2,12372,398.2,2026-09-03T19:35:03.345644+00:00
2022-03-10,405.9,438.0,402.0,422.9,15280,422.9,2026-09-03T19:35:03.345644+00:00
2022-03-13,431.3,444.0,426.0,440.0,23635,440.0,2026-09-03T19:35:03.345644+00:00
2022-03-14,445.0,445.0,427.1,435.0,6596,435.0,2026-09-03T19:35:03.345644+00:00
2022-03-15,443.7,444.0,411.6,420.0,23535,420.0,2026-09-03T19:35:03.345644+00:00
2022-03-16,428.4,428.4,413.0,415.0,14883,415.0,2026-09-03T19:35:03.345644+00:00
2022-03-20,423.3,423.3,409.1,416.9,12907,416.9,2026-09-03T19:35:03.345644+00:00
2022-03-21,425.2,445.0,410.0,445.0,122566,445.0,2026-09-03T19:35:03.345644+00:00
2022-03-22,447.0,462.0,439.2,441.0,28909,441.0,2026-09-03T19:35:03.345644+00:00
2022-03-23,432.3,440.0,426.0,433.0,8119,433.0,2026-09-03T19:35:03.345644+00:00
2022-03-24,426.0,433.0,414.2,415.0,29900,415.0,2026-09-03T19:35:03.345644+00:00
2022-03-27,423.0,423.0,397.0,400.0,17770,400.0,2026-09-03T19:35:03.345644+00:00
2022-03-28,408.0,415.0,393.0,395.0,9967,395.0,2026-09-03T19:35:03.345644+00:00
2022-03-29,401.0,402.9,390.0,390.0,6775,390.0,2026-09-03T19:35:03.345644+00:00
2022-03-30,397.8,413.1,395.0,413.0,11144,413.0,2026-09-03T19:35:03.345644+00:00
2022-03-31,421.2,421.2,395.0,404.0,11575,404.0,2026-09-03T19:35:03.345644+00:00
2022-04-03,404.0,406.0,396.0,399.0,4238,399.0,2026-09-03T19:35:03.345644+00:00
2022-04-04,405.0,405.0,392.0,394.0,3009,394.0,2026-09-03T19:35:03.345644+00:00
2022-04-05,387.0,390.0,377.3,390.0,5229,390.0,2026-09-03T19:35:03.345644+00:00
2022-04-06,384.0,390.0,374.0,377.0,5095,377.0,2026-09-03T19:35:03.345644+00:00
2022-04-07,384.0,389.9,378.0,379.0,6135,379.0,2026-09-03T19:35:03.345644+00:00
2022-04-11,386.5,395.0,375.0,375.8,7509,375.8,2026-09-03T19:35:03.345644+00:00
2022-04-12,382.9,382.9,365.0,372.0,4400,372.0,2026-09-03T19:35:03.345644+00:00
2022-04-13,372.0,386.9,365.0,371.0,4390,371.0,2026-09-03T19:35:03.345644+00:00
2022-04-17,376.0,377.0,356.8,360.0,2968,360.0,2026-09-03T19:35:03.345644+00:00
2022-04-18,360.0,365.0,345.0,348.0,6234,348.0,2026-09-03T19:35:03.345644+00:00
2022-04-19,341.4,353.9,328.3,345.0,8264,345.0,2026-09-03T19:35:03.345644+00:00
2022-04-20,351.9,351.9,330.0,330.0,5419,330.0,2026-09-03T19:35:03.345644+00:00
2022-04-21,323.4,339.0,317.0,338.0,8507,338.0,2026-09-03T19:35:03.345644+00:00
2022-04-24,343.0,371.8,334.1,370.0,20744,370.0,2026-09-03T19:35:03.345644+00:00
2022-04-25,375.0,382.4,350.0,357.0,12036,357.0,2026-09-03T19:35:03.345644+00:00
2022-04-26,362.0,369.9,350.0,360.0,3162,360.0,2026-09-03T19:35:03.345644+00:00
2022-04-27,366.9,366.9,353.0,361.0,7420,361.0,2026-09-03T19:35:03.345644+00:00
2022-04-28,368.2,375.0,346.0,353.0,5917,353.0,2026-09-03T19:35:03.345644+00:00
2022-05-02,346.0,360.0,338.0,342.0,4372,342.0,2026-09-03T19:35:03.345644+00:00
2022-05-04,336.0,355.1,323.6,324.0,6375,324.0,2026-09-03T19:35:03.345644+00:00
2022-05-05,320.0,328.0,307.0,310.1,10735,310.1,2026-09-03T19:35:03.345644+00:00
2022-05-08,305.0,322.0,295.0,322.0,7008,322.0,2026-09-03T19:35:03.345644+00:00
2022-05-09,322.0,330.0,316.0,318.0,5450,318.0,2026-09-03T19:35:03.345644+00:00
2022-05-10,324.0,336.0,320.0,336.0,5975,336.0,2026-09-03T19:35:03.345644+00:00
2022-05-11,331.0,360.0,331.0,360.0,20692,360.0,2026-09-03T19:35:03.345644+00:00
2022-05-12,365.0,371.0,350.0,350.0,7180,350.0,2026-09-03T19:35:03.345644+00:00
2022-05-17,357.0,364.1,324.0,324.0,12008,324.0,2026-09-03T19:35:03.345644+00:00
2022-05-18,318.0,344.0,305.6,330.0,14038,330.0,2026-09-03T19:35:03.345644+00:00
2022-05-19,328.0,334.0,315.0,326.0,6521,326.0,2026-09-03T19:35:03.345644+00:00
2022-05-20,330.0,332.0,315.0,317.0,3406,317.0,2026-09-03T19:35:03.345644+00:00
2022-05-23,311.0,318.0,310.0,312.0,3848,312.0,2026-09-03T19:35:03.345644+00:00
2022-05-24,317.0,324.0,311.0,321.0,5175,321.0,2026-09-03T19:35:03.345644+00:00
2022-05-25,321.0,330.0,319.6,329.5,8015,329.5,2026-09-03T19:35:03.345644+00:00
2022-05-26,336.0,336.0,319.0,321.0,3356,321.0,2026-09-03T19:35:03.345644+00:00
2022-05-27,327.0,327.0,309.0,318.0,10055,318.0,2026-09-03T19:35:03.345644+00:00
2022-05-30,312.1,317.9,305.5,309.1,8650,309.1,2026-09-03T19:35:03.345644+00:00
2022-05-31,305.0,322.0,305.0,310.8,5709,310.8,2026-09-03T19:35:03.345644+00:00
2022-06-01,315.0,315.0,304.6,307.1,7295,307.1,2026-09-03T19:35:03.345644+00:00
2022-06-02,313.0,324.0,288.0,320.0,417643,320.0,2026-09-03T19:35:03.345644+00:00
2022-06-03,320.0,326.4,304.1,308.0,11952,308.0,2026-09-03T19:35:03.345644+00:00
2022-06-06,314.1,320.3,300.0,311.4,10090,311.4,2026-09-03T19:35:03.345644+00:00
2022-06-07,306.0,323.3,291.0,323.3,30514,323.3,2026-09-03T19:35:03.345644+00:00
2022-06-08,316.9,322.3,298.0,310.0,45406,310.0,2026-09-03T19:35:03.345644+00:00
2022-06-09,314.0,314.9,295.0,303.0,37916,303.0,2026-09-03T19:35:03.345644+00:00
2022-06-10,302.0,308.9,292.1,299.8,11174,299.8,2026-09-03T19:35:03.345644+00:00
2022-06-13,294.0,299.8,289.0,293.0,6125,293.0,2026-09-03T19:35:03.345644+00:00
2022-06-14,290.0,303.9,272.0,303.9,45478,303.9,2026-09-03T19:35:03.345644+00:00
2022-06-15,309.9,309.9,273.6,286.0,35840,286.0,2026-09-03T19:35:03.345644+00:00
2022-06-16,289.9,290.0,275.0,284.0,40302,284.0,2026-09-03T19:35:03.345644+00:00
2022-06-17,285.0,285.0,268.7,273.0,5388,273.0,2026-09-03T19:35:03.345644+00:00
2022-06-19,277.0,277.0,249.0,253.0,22770,253.0,2026-09-03T19:35:03.345644+00:00
2022-06-20,248.0,248.0,230.0,231.0,33659,231.0,2026-09-03T19:35:03.345644+00:00
2022-06-21,235.0,248.7,230.0,242.0,18618,242.0,2026-09-03T19:35:03.345644+00:00
2022-06-22,240.0,240.7,228.4,240.7,11700,240.7,2026-09-03T19:35:03.345644+00:00
2022-06-23,235.9,235.9,221.0,228.0,13075,228.0,2026-09-03T19:35:03.345644+00:00
2022-06-24,223.5,237.5,215.6,237.5,14535,237.5,2026-09-03T19:35:03.345644+00:00
2022-06-26,240.9,257.0,232.8,257.0,49906,257.0,2026-09-03T19:35:03.345644+00:00
2022-06-27,252.0,262.0,242.0,250.0,18316,250.0,2026-09-03T19:35:03.345644+00:00
2022-06-28,253.0,253.0,235.2,239.9,11844,239.9,2026-09-03T19:35:03.345644+00:00
2022-06-29,243.0,256.0,238.0,250.0,20272,250.0,2026-09-03T19:35:03.345644+00:00
2022-06-30,255.0,265.0,250.0,263.0,38176,263.0,2026-09-03T19:35:03.345644+00:00
2022-07-01,268.2,275.0,253.0,275.0,23059,275.0,2026-09-03T19:35:03.345644+00:00
2022-07-03,270.0,294.0,268.0,290.0,34666,290.0,2026-09-03T19:35:03.345644+00:00
2022-07-04,294.0,306.0,269.5,300.0,45149,300.0,2026-09-03T19:35:03.345644+00:00
2022-07-05,306.0,306.0,275.1,284.0,48208,284.0,2026-09-03T19:35:03.345644+00:00
2022-07-06,280.0,289.0,267.0,278.0,28093,278.0,2026-09-03T19:35:03.345644+00:00
2022-07-07,281.0,293.7,274.0,287.0,43645,287.0,2026-09-03T19:35:03.345644+00:00
2022-07-08,291.0,291.0,272.0,277.0,5858,277.0,2026-09-03T19:35:03.345644+00:00
2022-07-11,271.5,271.5,252.0,252.0,21613,252.0,2026-09-03T19:35:03.345644+00:00
2022-07-12,257.0,269.6,246.0,259.0,14761,259.0,2026-09-03T19:35:03.345644+00:00
2022-07-13,263.0,284.0,258.0,283.0,34461,283.0,2026-09-03T19:35:03.345644+00:00
2022-07-14,280.0,288.0,272.0,285.6,26892,285.6,2026-09-03T19:35:03.345644+00:00
2022-07-15,291.3,291.3,272.0,272.0,11235,272.0,2026-09-03T19:35:03.345644+00:00
2022-07-17,277.4,277.4,261.4,270.0,10002,270.0,2026-09-03T19:35:03.345644+00:00
2022-07-18,275.0,278.0,265.0,274.0,9215,274.0,2026-09-03T19:35:03.345644+00:00
2022-07-19,278.0,284.0,271.0,279.0,24117,279.0,2026-09-03T19:35:03.345644+00:00
2022-07-20,284.5,284.5,272.0,272.1,17094,272.1,2026-09-03T19:35:03.345644+00:00
2022-07-21,277.5,277.5,269.0,275.5,14214,275.5,2026-09-03T19:35:03.345644+00:00
2022-07-22,281.0,281.0,262.0,271.2,13360,271.2,2026-09-03T19:35:03.345644+00:00
2022-07-24,276.6,287.0,270.0,286.9,36109,286.9,2026-09-03T19:35:03.345644+00:00
2022-07-25,292.6,312.9,284.0,305.0,76714,305.0,2026-09-03T19:35:03.345644+00:00
2022-07-26,300.0,305.9,290.0,294.8,53210,294.8,2026-09-03T19:35:03.345644+00:00
2022-07-27,290.0,306.0,284.5,300.0,62228,300.0,2026-09-03T19:35:03.345644+00:00
2022-07-28,304.0,312.0,294.0,304.0,95219,304.0,2026-09-03T19:35:03.345644+00:00
2022-07-29,310.0,310.0,292.1,300.0,18903,300.0,2026-09-03T19:35:03.345644+00:00
2022-07-31,300.0,309.0,300.0,303.0,49306,303.0,2026-09-03T19:35:03.345644+00:00
2022-08-01,309.0,314.1,301.0,301.2,70850,301.2,2026-09-03T19:35:03.345644+00:00
2022-08-02,295.6,315.1,295.6,313.0,101742,313.0,2026-09-03T19:35:03.345644+00:00
2022-08-03,306.8,339.0,306.8,328.3,142683,328.3,2026-09-03T19:35:03.345644+00:00
2022-08-04,321.8,331.0,309.0,313.0,74383,313.0,2026-09-03T19:35:03.345644+00:00
2022-08-05,310.0,318.0,305.5,305.5,36230,305.5,2026-09-03T19:35:03.345644+00:00
2022-08-07,305.0,318.0,305.0,312.9,44613,312.9,2026-09-03T19:35:03.345644+00:00
2022-08-08,317.0,317.0,302.9,302.9,46960,302.9,2026-09-03T19:35:03.345644+00:00
2022-08-09,307.0,307.0,294.0,294.0,45500,294.0,2026-09-03T19:35:03.345644+00:00
2022-08-10,299.8,301.0,290.0,296.2,20875,296.2,2026-09-03T19:35:03.345644+00:00
2022-08-11,296.0,308.0,285.0,287.0,35143,287.0,2026-09-03T19:35:03.345644+00:00
2022-08-14,292.7,298.0,284.0,289.0,42607,289.0,2026-09-03T19:35:03.345644+00:00
2022-08-15,292.7,306.0,291.2,303.0,39183,303.0,2026-09-03T19:35:03.345644+00:00
2022-08-16,303.0,307.0,290.2,291.0,39644,291.0,2026-09-03T19:35:03.345644+00:00
2022-08-17,291.1,306.0,291.0,295.0,44158,295.0,2026-09-03T19:35:03.345644+00:00
2022-08-18,299.0,308.0,296.3,303.2,37304,303.2,2026-09-03T19:35:03.345644+00:00
2022-08-21,307.0,310.9,295.4,297.6,42262,297.6,2026-09-03T19:35:03.345644+00:00
2022-08-22,300.0,302.0,295.0,296.8,24479,296.8,2026-09-03T19:35:03.345644+00:00
2022-08-23,298.9,300.0,292.1,297.0,23901,297.0,2026-09-03T19:35:03.345644+00:00
2022-08-24,297.0,300.0,290.0,296.8,34490,296.8,2026-09-03T19:35:03.345644+00:00
2022-08-25,299.9,299.9,286.2,291.9,28858,291.9,2026-09-03T19:35:03.345644+00:00
2022-08-26,286.4,290.0,280.7,282.1,20464,282.1,2026-09-03T19:35:03.345644+00:00
2022-08-28,280.0,282.0,268.0,268.0,30202,268.0,2026-09-03T19:35:03.345644+00:00
2022-08-29,267.0,274.0,267.0,272.0,12368,272.0,2026-09-03T19:35:03.345644+00:00
2022-08-30,274.9,275.0,268.0,270.0,11105,270.0,2026-09-03T19:35:03.345644+00:00
2022-08-31,270.0,273.0,262.0,262.0,9427,262.0,2026-09-03T19:35:03.345644+00:00
2022-09-01,261.0,270.2,260.7,262.2,19947,262.2,2026-09-03T19:35:03.345644+00:00
2022-09-02,266.0,267.0,260.0,265.0,7480,265.0,2026-09-03T19:35:03.345644+00:00
2022-09-04,268.0,273.0,264.2,272.9,4443,272.9,2026-09-03T19:35:03.345644+00:00
2022-09-05,276.0,276.0,270.2,270.2,7257,270.2,2026-09-03T19:35:03.345644+00:00
2022-09-06,270.0,270.0,262.8,263.0,10901,263.0,2026-09-03T19:35:03.345644+00:00
2022-09-07,258.1,261.0,255.1,261.0,6364,261.0,2026-09-03T19:35:03.345644+00:00
2022-09-08,258.0,266.0,256.3,264.0,8270,264.0,2026-09-03T19:35:03.345644+00:00
2022-09-11,260.8,265.0,258.0,260.0,4085,260.0,2026-09-03T19:35:03.345644+00:00
2022-09-12,258.1,258.1,252.0,255.0,6725,255.0,2026-09-03T19:35:03.345644+00:00
2022-09-13,259.0,263.9,257.0,261.0,8149,261.0,2026-09-03T19:35:03.345644+00:00
2022-09-14,264.9,280.0,260.0,275.9,19460,275.9,2026-09-03T19:35:03.345644+00:00
2022-09-15,276.0,276.0,257.1,264.0,37195,264.0,2026-09-03T19:35:03.345644+00:00
2022-09-16,259.0,259.0,245.0,256.9,21971,256.9,2026-09-03T19:35:03.345644+00:00
2022-09-18,252.0,255.0,239.3,240.0,19090,240.0,2026-09-03T19:35:03.345644+00:00
2022-09-20,236.2,237.1,232.0,234.0,9650,234.0,2026-09-03T19:35:03.345644+00:00
2022-09-21,236.0,242.6,235.0,236.0,7480,236.0,2026-09-03T19:35:03.345644+00:00
2022-09-22,239.0,239.0,230.0,232.0,5027,232.0,2026-09-03T19:35:03.345644+00:00
2022-09-25,228.0,234.0,219.0,222.2,7530,222.2,2026-09-03T19:35:03.345644+00:00
2022-09-27,225.0,235.0,225.0,228.0,14480,228.0,2026-09-03T19:35:03.345644+00:00
2022-09-28,231.0,235.6,229.2,229.2,5752,229.2,2026-09-03T19:35:03.345644+00:00
2022-09-29,230.0,230.0,226.0,229.8,11765,229.8,2026-09-03T19:35:03.345644+00:00
2022-10-09,234.0,242.7,234.0,241.0,5860,241.0,2026-09-03T19:35:03.345644+00:00
2022-10-10,239.0,239.0,231.0,231.0,1630,231.0,2026-09-03T19:35:03.345644+00:00
2022-10-11,227.0,230.0,227.0,230.0,1330,230.0,2026-09-03T19:35:03.345644+00:00
2022-10-12,234.0,236.9,224.9,235.0,1659,235.0,2026-09-03T19:35:03.345644+00:00
2022-10-13,235.0,237.0,227.5,230.0,4970,230.0,2026-09-03T19:35:03.345644+00:00
2022-10-16,230.0,230.0,225.0,228.0,5025,228.0,2026-09-03T19:35:03.345644+00:00
2022-10-17,223.5,227.0,220.0,223.0,4999,223.0,2026-09-03T19:35:03.345644+00:00
2022-10-19,219.0,223.0,216.1,216.1,3516,216.1,2026-09-03T19:35:03.345644+00:00
2022-10-20,213.0,224.0,212.0,217.6,3393,217.6,2026-09-03T19:35:03.345644+00:00
2022-10-23,217.6,220.0,215.8,217.3,850,217.3,2026-09-03T19:35:03.345644+00:00
2022-10-31,216.0,218.0,215.0,217.9,2346,217.9,2026-09-03T19:35:03.345644+00:00
2022-11-01,215.3,237.0,215.3,237.0,16332,237.0,2026-09-03T19:35:03.345644+00:00
2022-11-02,240.0,244.7,231.0,231.2,21381,231.2,2026-09-03T19:35:03.345644+00:00
2022-11-03,234.0,240.0,232.4,232.5,6955,232.5,2026-09-03T19:35:03.345644+00:00
2022-11-06,235.0,249.2,235.0,249.2,9197,249.2,2026-09-03T19:35:03.345644+00:00
2022-11-07,244.5,256.8,240.0,240.0,27781,240.0,2026-09-03T19:35:03.345644+00:00
2022-11-08,235.5,250.9,235.2,240.6,11879,240.6,2026-09-03T19:35:03.345644+00:00
2022-11-09,241.0,243.0,233.0,237.0,19590,237.0,2026-09-03T19:35:03.345644+00:00
2022-11-10,234.0,237.0,225.0,230.5,15453,230.5,2026-09-03T19:35:03.345644+00:00
2022-11-13,233.0,234.0,226.1,230.6,3920,230.6,2026-09-03T19:35:03.345644+00:00
2022-11-14,233.0,235.2,230.0,235.0,12729,235.0,2026-09-03T19:35:03.345644+00:00
2022-11-15,237.0,243.0,236.0,236.0,9580,236.0,2026-09-03T19:35:03.345644+00:00
2022-11-16,235.0,243.0,235.0,242.9,12545,242.9,2026-09-03T19:35:03.345644+00:00
2022-11-17,243.0,255.0,242.1,253.0,35004,253.0,2026-09-03T19:35:03.345644+00:00
2022-11-22,258.0,264.1,253.0,255.0,37302,255.0,2026-09-03T19:35:03.345644+00:00
2022-11-23,252.0,258.4,248.0,258.0,14653,258.0,2026-09-03T19:35:03.345644+00:00
2022-11-24,260.0,260.0,251.0,259.0,14463,259.0,2026-09-03T19:35:03.345644+00:00
2022-11-27,264.0,275.4,258.0,273.8,36528,273.8,2026-09-03T19:35:03.345644+00:00
2022-11-28,279.0,279.0,263.3,265.0,19160,265.0,2026-09-03T19:35:03.345644+00:00
2022-11-29,267.0,269.0,260.0,264.4,25129,264.4,2026-09-03T19:35:03.345644+00:00
2022-11-30,260.0,269.0,260.0,265.0,11249,265.0,2026-09-03T19:35:03.345644+00:00
2022-12-01,268.8,268.8,260.6,261.0,9725,261.0,2026-09-03T19:35:03.345644+00:00
2022-12-04,262.0,266.0,259.0,263.5,6905,263.5,2026-09-03T19:35:03.345644+00:00
2022-12-05,260.0,261.0,251.0,251.0,12841,251.0,2026-09-03T19:35:03.345644+00:00
2022-12-06,251.0,257.0,248.1,253.0,11695,253.0,2026-09-03T19:35:03.345644+00:00
2022-12-07,255.0,255.0,248.2,252.9,12643,252.9,2026-09-03T19:35:03.345644+00:00
2022-12-11,248.1,251.0,243.0,247.0,8790,247.0,2026-09-03T19:35:03.345644+00:00
2022-12-12,250.0,255.0,245.0,248.9,13395,248.9,2026-09-03T19:35:03.345644+00:00
2022-12-13,248.0,252.0,247.1,251.0,2860,251.0,2026-09-03T19:35:03.345644+00:00
2022-12-14,249.0,254.0,246.2,248.0,5230,248.0,2026-09-03T19:35:03.345644+00:00
2022-12-15,250.0,250.0,243.0,246.8,6367,246.8,2026-09-03T19:35:03.345644+00:00
2022-12-18,241.9,243.0,235.0,235.5,16124,235.5,2026-09-03T19:35:03.345644+00:00
2022-12-19,231.6,243.0,231.6,236.1,6601,236.1,2026-09-03T19:35:03.345644+00:00
2022-12-20,236.0,244.0,236.0,241.0,5678,241.0,2026-09-03T19:35:03.345644+00:00
2022-12-21,240.0,240.0,236.4,239.0,3675,239.0,2026-09-03T19:35:03.345644+00:00
2022-12-22,235.0,239.6,231.5,233.0,6889,233.0,2026-09-03T19:35:03.345644+00:00
2022-12-26,237.6,253.0,236.6,249.0,21444,249.0,2026-09-03T19:35:03.345644+00:00
2022-12-27,253.9,265.0,253.9,260.0,48668,260.0,2026-09-03T19:35:03.345644+00:00
2022-12-28,255.0,265.2,254.0,256.7,36003,256.7,2026-09-03T19:35:03.345644+00:00
2022-12-29,256.0,271.0,252.1,270.0,38228,270.0,2026-09-03T19:35:03.345644+00:00
2023-01-01,270.0,280.0,263.0,267.5,66163,267.5,2026-09-03T19:35:03.345644+00:00
2023-01-02,267.5,278.0,262.3,273.9,38636,273.9,2026-09-03T19:35:03.345644+00:00
2023-01-03,271.0,287.6,269.0,277.0,39081,277.0,2026-09-03T19:35:03.345644+00:00
2023-01-04,280.0,300.9,277.0,299.0,62499,299.0,2026-09-03T19:35:03.345644+00:00
2023-01-05,300.0,307.0,291.1,303.0,86342,303.0,2026-09-03T19:35:03.345644+00:00
2023-01-08,306.0,319.0,294.0,303.8,80536,303.8,2026-09-03T19:35:03.345644+00:00
2023-01-09,307.0,329.8,303.0,328.0,114087,328.0,2026-09-03T19:35:03.345644+00:00
2023-01-10,334.0,356.9,321.6,322.0,145405,322.0,2026-09-03T19:35:03.345644+00:00
2023-01-12,327.0,347.0,317.0,319.0,105244,319.0,2026-09-03T19:35:03.345644+00:00
2023-01-17,320.0,339.6,316.2,338.0,96508,338.0,2026-09-03T19:35:03.345644+00:00
2023-01-18,344.0,352.0,333.2,336.0,81105,336.0,2026-09-03T19:35:03.345644+00:00
2023-01-19,342.0,347.8,331.3,339.8,43333,339.8,2026-09-03T19:35:03.345644+00:00
2023-01-23,340.0,342.1,324.0,325.0,80754,325.0,2026-09-03T19:35:03.345644+00:00
2023-01-24,330.0,330.0,313.0,325.0,106814,325.0,2026-09-03T19:35:03.345644+00:00
2023-01-25,331.4,350.2,326.1,340.0,126806,340.0,2026-09-03T19:35:03.345644+00:00
2023-01-26,342.0,352.0,340.0,343.9,67525,343.9,2026-09-03T19:35:03.345644+00:00
2023-01-29,338.1,343.0,333.0,337.0,38355,337.0,2026-09-03T19:35:03.345644+00:00
2023-01-30,335.0,337.0,326.0,330.0,50375,330.0,2026-09-03T19:35:03.345644+00:00
2023-01-31,324.5,336.0,319.1,325.0,42731,325.0,2026-09-03T19:35:03.345644+00:00
2023-02-01,329.9,330.0,322.5,327.0,17128,327.0,2026-09-03T19:35:03.345644+00:00
2023-02-02,332.0,333.0,317.1,319.5,41186,319.5,2026-09-03T19:35:03.345644+00:00
2023-02-05,320.0,330.0,320.0,321.5,16408,321.5,2026-09-03T19:35:03.345644+00:00
2023-02-06,316.1,326.4,316.1,326.0,12535,326.0,2026-09-03T19:35:03.345644+00:00
2023-02-07,332.5,344.0,326.4,344.0,49921,344.0,2026-09-03T19:35:03.345644+00:00
2023-02-08,349.8,355.0,334.0,335.1,82104,335.1,2026-09-03T19:35:03.345644+00:00
2023-02-09,338.9,348.0,330.0,337.0,37063,337.0,2026-09-03T19:35:03.345644+00:00
2023-02-12,330.3,330.3,316.7,317.0,81623,317.0,2026-09-03T19:35:03.345644+00:00
2023-02-14,318.0,325.0,315.0,315.7,26533,315.7,2026-09-03T19:35:03.345644+00:00
2023-02-15,322.0,324.8,307.0,307.0,64997,307.0,2026-09-03T19:35:03.345644+00:00
2023-02-16,306.1,314.0,301.9,302.0,35574,302.0,2026-09-03T19:35:03.345644+00:00
2023-02-20,301.0,305.0,295.0,301.0,41270,301.0,2026-09-03T19:35:03.345644+00:00
2023-02-22,303.0,314.9,302.0,311.8,41994,311.8,2026-09-03T19:35:03.345644+00:00
2023-02-23,310.9,310.9,298.7,302.5,25114,302.5,2026-09-03T19:35:03.345644+00:00
2023-02-26,296.5,308.9,290.6,305.0,44660,305.0,2026-09-03T19:35:03.345644+00:00
2023-02-27,310.0,313.7,296.7,304.7,29861,304.7,2026-09-03T19:35:03.345644+00:00
2023-02-28,305.0,309.0,301.1,301.1,18911,301.1,2026-09-03T19:35:03.345644+00:00
2023-03-01,307.0,313.0,297.0,300.0,17090,300.0,2026-09-03T19:35:03.345644+00:00
2023-03-02,295.1,303.0,292.1,295.0,19706,295.0,2026-09-03T19:35:03.345644+00:00
2023-03-05,300.5,300.5,287.0,287.0,15240,287.0,2026-09-03T19:35:03.345644+00:00
2023-03-07,282.1,299.2,282.1,291.0,17420,291.0,2026-09-03T19:35:03.345644+00:00
2023-03-09,295.0,306.0,295.0,305.0,35942,305.0,2026-09-03T19:35:03.345644+00:00
2023-03-12,309.0,310.9,299.0,301.9,29772,301.9,2026-09-03T19:35:03.345644+00:00
2023-03-13,304.0,305.0,295.0,296.1,41584,296.1,2026-09-03T19:35:03.345644+00:00
2023-03-14,301.0,301.0,295.2,300.0,14800,300.0,2026-09-03T19:35:03.345644+00:00
2023-03-15,306.0,306.0,295.0,300.0,9645,300.0,2026-09-03T19:35:03.345644+00:00
2023-03-16,299.9,303.0,296.1,301.0,10595,301.0,2026-09-03T19:35:03.345644+00:00
2023-03-19,301.4,302.9,296.0,296.0,18811,296.0,2026-09-03T19:35:03.345644+00:00
2023-03-20,293.5,305.7,293.5,301.6,17756,301.6,2026-09-03T19:35:03.345644+00:00
2023-03-22,307.0,308.0,297.0,299.0,21605,299.0,2026-09-03T19:35:03.345644+00:00
2023-03-23,296.2,301.0,296.2,296.5,5645,296.5,2026-09-03T19:35:03.345644+00:00
2023-03-26,291.5,295.5,290.0,295.5,9276,295.5,2026-09-03T19:35:03.345644+00:00
2023-03-27,295.4,301.4,290.1,300.0,20293,300.0,2026-09-03T19:35:03.345644+00:00
2023-03-28,306.0,306.0,295.0,304.0,29099,304.0,2026-09-03T19:35:03.345644+00:00
2023-03-29,299.0,303.2,297.0,303.0,2725,303.0,2026-09-03T19:35:03.345644+00:00
2023-03-30,305.0,305.0,295.0,299.5,19204,299.5,2026-09-03T19:35:03.345644+00:00
2023-04-02,305.4,305.4,292.0,292.0,10590,292.0,2026-09-03T19:35:03.345644+00:00
2023-04-03,291.0,294.0,289.0,289.0,11118,289.0,2026-09-03T19:35:03.345644+00:00
2023-04-04,290.0,292.9,285.2,289.9,6397,289.9,2026-09-03T19:35:03.345644+00:00
2023-04-05,295.0,295.0,286.0,289.0,9792,289.0,2026-09-03T19:35:03.345644+00:00
2023-04-06,286.1,293.3,286.1,289.0,7575,289.0,2026-09-03T19:35:03.345644+00:00
2023-04-09,294.6,294.6,280.0,281.0,9132,281.0,2026-09-03T19:35:03.345644+00:00
2023-04-10,284.0,286.0,280.3,285.0,3080,285.0,2026-09-03T19:35:03.345644+00:00
2023-04-11,290.0,293.9,285.0,293.6,5935,293.6,2026-09-03T19:35:03.345644+00:00
2023-04-12,293.6,308.0,292.0,308.0,36808,308.0,2026-09-03T19:35:03.345644+00:00
2023-04-13,314.0,315.0,300.0,302.0,22328,302.0,2026-09-03T19:35:03.345644+00:00
2023-04-16,304.0,304.0,296.0,299.7,6456,299.7,2026-09-03T19:35:03.345644+00:00
2023-04-17,300.0,301.0,290.7,291.0,8910,291.0,2026-09-03T19:35:03.345644+00:00
2023-04-18,296.0,296.0,286.0,290.0,13925,290.0,2026-09-03T19:35:03.345644+00:00
2023-04-19,295.0,299.0,286.7,290.1,5520,290.1,2026-09-03T19:35:03.345644+00:00
2023-04-20,295.9,300.0,288.7,289.0,2600,289.0,2026-09-03T19:35:03.345644+00:00
2023-04-23,286.2,290.0,285.0,285.0,3729,285.0,2026-09-03T19:35:03.345644+00:00
2023-04-24,284.0,289.0,280.0,283.0,7406,283.0,2026-09-03T19:35:03.345644+00:00
2023-04-25,280.1,291.0,280.1,289.9,9712,289.9,2026-09-03T19:35:03.345644+00:00
2023-04-26,289.9,294.0,284.2,284.5,1520,284.5,2026-09-03T19:35:03.345644+00:00
2023-04-27,281.1,288.0,281.1,284.0,5690,284.0,2026-09-03T19:35:03.345644+00:00
2023-04-30,280.4,283.0,278.6,279.0,4568,279.0,2026-09-03T19:35:03.345644+00:00
2023-05-02,277.0,284.0,277.0,279.5,3590,279.5,2026-09-03T19:35:03.345644+00:00
2023-05-03,283.9,283.9,263.4,273.9,5144,273.9,2026-09-03T19:35:03.345644+00:00
2023-05-04,279.0,279.0,267.0,277.7,7570,277.7,2026-09-03T19:35:03.345644+00:00
2023-05-07,280.0,280.0,271.0,273.0,3380,273.0,2026-09-03T19:35:03.345644+00:00
2023-05-08,270.0,270.0,258.8,268.2,10174,268.2,2026-09-03T19:35:03.345644+00:00
2023-05-09,273.5,274.0,264.0,267.0,4753,267.0,2026-09-03T19:35:03.345644+00:00
2023-05-10,262.1,266.0,262.1,265.0,2790,265.0,2026-09-03T19:35:03.345644+00:00
2023-05-11,263.1,274.0,263.0,274.0,1630,274.0,2026-09-03T19:35:03.345644+00:00
2023-05-14,274.0,284.9,260.0,264.4,3836,264.4,2026-09-03T19:35:03.345644+00:00
2023-05-15,265.0,280.0,256.0,267.9,7460,267.9,2026-09-03T19:35:03.345644+00:00
2023-05-16,273.0,273.0,262.6,271.0,5072,271.0,2026-09-03T19:35:03.345644+00:00
2023-05-17,271.0,280.0,265.0,273.0,11701,273.0,2026-09-03T19:35:03.345644+00:00
2023-05-18,268.0,283.0,262.7,277.0,16909,277.0,2026-09-03T19:35:03.345644+00:00
2023-05-21,282.3,287.0,269.0,277.0,27240,277.0,2026-09-03T19:35:03.345644+00:00
2023-05-22,271.5,279.5,268.3,274.0,16755,274.0,2026-09-03T19:35:03.345644+00:00
2023-05-23,279.4,285.0,276.1,282.9,24165,282.9,2026-09-03T19:35:03.345644+00:00
2023-05-24,287.0,287.0,277.0,281.0,17349,281.0,2026-09-03T19:35:03.345644+00:00
2023-05-28,286.0,286.0,277.1,279.0,21489,279.0,2026-09-03T19:35:03.345644+00:00
2023-05-30,275.0,280.5,266.6,273.0,19609,273.0,2026-09-03T19:35:03.345644+00:00
2023-05-31,267.6,277.0,261.7,266.0,14740,266.0,2026-09-03T19:35:03.345644+00:00
2023-06-01,267.0,270.3,260.0,270.3,12736,270.3,2026-09-03T19:35:03.345644+00:00
2023-06-04,275.7,278.0,273.2,274.0,11354,274.0,2026-09-03T19:35:03.345644+00:00
2023-06-05,270.0,284.0,270.0,270.0,7375,270.0,2026-09-03T19:35:03.345644+00:00
2023-06-06,270.0,275.2,269.1,275.0,35206,275.0,2026-09-03T19:35:03.345644+00:00
2023-06-07,280.0,286.0,276.0,279.9,38564,279.9,2026-09-03T19:35:03.345644+00:00
2023-06-08,285.3,285.3,276.1,278.0,6131,278.0,2026-09-03T19:35:03.345644+00:00
2023-06-11,280.0,286.6,279.9,285.8,40240,285.8,2026-09-03T19:35:03.345644+00:00
2023-06-12,289.0,291.5,283.5,290.0,30077,290.0,2026-09-03T19:35:03.345644+00:00
2023-06-13,290.0,296.6,284.4,290.0,43689,290.0,2026-09-03T19:35:03.345644+00:00
2023-06-14,295.2,300.0,285.3,291.0,28981,291.0,2026-09-03T19:35:03.345644+00:00
2023-06-15,295.0,296.5,285.2,288.9,5611,288.9,2026-09-03T19:35:03.345644+00:00
2023-06-18,286.0,297.5,286.0,287.3,59660,287.3,2026-09-03T19:35:03.345644+00:00
2023-06-19,290.0,290.0,268.0,279.8,229164,279.8,2026-09-03T19:35:03.345644+00:00
2023-06-20,285.0,285.0,263.7,266.2,86252,266.2,2026-09-03T19:35:03.345644+00:00
2023-06-21,271.0,274.0,264.6,267.9,23146,267.9,2026-09-03T19:35:03.345644+00:00
2023-06-22,268.0,269.0,254.8,260.0,65394,260.0,2026-09-03T19:35:03.345644+00:00
2023-06-25,255.0,260.0,245.0,254.1,102079,254.1,2026-09-03T19:35:03.345644+00:00
2023-06-26,259.1,268.0,252.0,252.9,37812,252.9,2026-09-03T19:35:03.345644+00:00
2023-06-27,257.9,262.0,252.0,256.0,51275,256.0,2026-09-03T19:35:03.345644+00:00
2023-06-28,260.0,261.1,254.8,258.0,42579,258.0,2026-09-03T19:35:03.345644+00:00
2023-07-02,258.1,260.0,243.1,245.0,23914,245.0,2026-09-03T19:35:03.345644+00:00
2023-07-03,245.0,254.0,237.3,239.7,33481,239.7,2026-09-03T19:35:03.345644+00:00
2023-07-04,241.1,244.0,238.3,241.0,28106,241.0,2026-09-03T19:35:03.345644+00:00
2023-07-05,236.2,243.0,232.0,234.9,11673,234.9,2026-09-03T19:35:03.345644+00:00
2023-07-06,232.0,236.0,227.5,228.0,28912,228.0,2026-09-03T19:35:03.345644+00:00
2023-07-09,231.0,240.0,228.0,230.0,15750,230.0,2026-09-03T19:35:03.345644+00:00
2023-07-10,225.4,238.6,224.0,230.9,22584,230.9,2026-09-03T19:35:03.345644+00:00
2023-07-11,226.3,233.5,222.0,224.9,24719,224.9,2026-09-03T19:35:03.345644+00:00
2023-07-12,228.0,243.0,228.0,241.0,39571,241.0,2026-09-03T19:35:03.345644+00:00
2023-07-13,244.0,245.0,234.0,235.0,22492,235.0,2026-09-03T19:35:03.345644+00:00
2023-07-16,235.0,248.0,230.0,238.0,22264,238.0,2026-09-03T19:35:03.345644+00:00
2023-07-17,235.1,239.6,234.0,239.0,10154,239.0,2026-09-03T19:35:03.345644+00:00
2023-07-18,242.0,242.0,233.3,233.3,15401,233.3,2026-09-03T19:35:03.345644+00:00
2023-07-19,235.0,236.0,230.1,232.5,15515,232.5,2026-09-03T19:35:03.345644+00:00
2023-07-20,227.9,241.9,227.9,237.0,18370,237.0,2026-09-03T19:35:03.345644+00:00
2023-07-23,240.0,246.0,238.1,242.0,22804,242.0,2026-09-03T19:35:03.345644+00:00
2023-07-24,242.0,249.0,240.0,242.1,30346,242.1,2026-09-03T19:35:03.345644+00:00
2023-07-25,240.1,242.0,237.3,237.4,14442,237.4,2026-09-03T19:35:03.345644+00:00
2023-07-26,241.0,242.1,237.5,238.1,11578,238.1,2026-09-03T19:35:03.345644+00:00
2023-07-27,238.0,240.0,235.6,237.0,10743,237.0,2026-09-03T19:35:03.345644+00:00
2023-07-30,232.3,236.9,232.0,232.0,24295,232.0,2026-09-03T19:35:03.345644+00:00
2023-07-31,236.6,236.6,230.3,230.3,9364,230.3,2026-09-03T19:35:03.345644+00:00
2023-08-01,232.0,232.5,227.0,229.0,14610,229.0,2026-09-03T19:35:03.345644+00:00
2023-08-02,231.0,231.0,226.4,230.0,6890,230.0,2026-09-03T19:35:03.345644+00:00
2023-08-03,230.0,231.0,227.0,227.4,6316,227.4,2026-09-03T19:35:03.345644+00:00
2023-08-06,230.0,230.0,219.0,219.0,9047,219.0,2026-09-03T19:35:03.345644+00:00
2023-08-07,215.1,222.0,215.1,218.0,8128,218.0,2026-09-03T19:35:03.345644+00:00
2023-08-08,218.0,222.3,216.0,217.7,5798,217.7,2026-09-03T19:35:03.345644+00:00
2023-08-09,213.5,219.2,213.5,219.0,9132,219.0,2026-09-03T19:35:03.345644+00:00
2023-08-10,221.0,222.0,217.0,219.9,5594,219.9,2026-09-03T19:35:03.345644+00:00
2023-08-13,217.0,220.0,216.0,218.0,5482,218.0,2026-09-03T19:35:03.345644+00:00
2023-08-14,216.0,216.0,212.2,216.0,7665,216.0,2026-09-03T19:35:03.345644+00:00
2023-08-15,214.0,214.0,207.5,211.0,14038,211.0,2026-09-03T19:35:03.345644+00:00
2023-08-16,207.2,208.0,194.0,194.0,51799,194.0,2026-09-03T19:35:03.345644+00:00
2023-08-17,190.3,197.5,189.0,190.0,23326,190.0,2026-09-03T19:35:03.345644+00:00
2023-08-20,189.0,189.0,175.7,178.0,29170,178.0,2026-09-03T19:35:03.345644+00:00
2023-08-21,177.1,180.0,172.0,173.4,27650,173.4,2026-09-03T19:35:03.345644+00:00
2023-08-22,174.0,190.3,174.0,186.9,9625,186.9,2026-09-03T19:35:03.345644+00:00
2023-08-23,188.1,192.0,186.2,189.0,12862,189.0,2026-09-03T19:35:03.345644+00:00
2023-08-24,187.0,192.7,180.3,180.5,15493,180.5,2026-09-03T19:35:03.345644+00:00
2023-08-27,183.0,183.0,172.4,174.9,10448,174.9,2026-09-03T19:35:03.345644+00:00
2023-08-28,175.0,178.3,172.5,176.0,10553,176.0,2026-09-03T19:35:03.345644+00:00
2023-08-29,176.0,183.0,173.5,180.9,4080,180.9,2026-09-03T19:35:03.345644+00:00
2023-08-30,178.0,184.0,177.2,184.0,13821,184.0,2026-09-03T19:35:03.345644+00:00
2023-09-03,186.0,189.6,177.0,180.0,9846,180.0,2026-09-03T19:35:03.345644+00:00
2023-09-04,182.0,182.0,176.0,179.0,3187,179.0,2026-09-03T19:35:03.345644+00:00
2023-09-05,179.0,179.0,174.5,175.0,8805,175.0,2026-09-03T19:35:03.345644+00:00
2023-09-07,172.0,178.0,169.0,175.0,11380,175.0,2026-09-03T19:35:03.345644+00:00
2023-09-10,174.0,178.5,174.0,175.0,3190,175.0,2026-09-03T19:35:03.345644+00:00
2023-09-11,172.0,178.9,171.5,177.3,5420,177.3,2026-09-03T19:35:03.345644+00:00
2023-09-12,177.3,179.0,175.6,175.6,5151,175.6,2026-09-03T19:35:03.345644+00:00
2023-09-13,173.5,190.0,173.5,190.0,12145,190.0,2026-09-03T19:35:03.345644+00:00
2023-09-17,191.0,191.0,185.0,189.0,22910,189.0,2026-09-03T19:35:03.345644+00:00
2023-09-18,190.9,190.9,184.0,189.0,10586,189.0,2026-09-03T19:35:03.345644+00:00
2023-09-19,192.7,200.0,187.0,199.9,11796,199.9,2026-09-03T19:35:03.345644+00:00
2023-09-21,202.0,214.4,202.0,208.7,24138,208.7,2026-09-03T19:35:03.345644+00:00
2023-09-24,209.0,214.0,202.0,209.0,22225,209.0,2026-09-03T19:35:03.345644+00:00
2023-09-25,205.2,219.3,205.0,212.0,13308,212.0,2026-09-03T19:35:03.345644+00:00
2023-09-26,215.0,218.0,209.0,216.0,23586,216.0,2026-09-03T19:35:03.345644+00:00
2023-09-27,215.1,216.0,205.0,208.7,13529,208.7,2026-09-03T19:35:03.345644+00:00
2023-10-01,205.0,209.0,195.0,203.0,13582,203.0,2026-09-03T19:35:03.345644+00:00
2023-10-02,200.0,207.0,199.2,205.0,5755,205.0,2026-09-03T19:35:03.345644+00:00
2023-10-03,201.8,204.0,197.8,200.0,11152,200.0,2026-09-03T19:35:03.345644+00:00
2023-10-04,204.0,204.5,200.0,200.0,6465,200.0,2026-09-03T19:35:03.345644+00:00
2023-10-05,196.1,205.0,196.1,201.8,5888,201.8,2026-09-03T19:35:03.345644+00:00
2023-10-08,197.8,199.0,194.1,195.0,9049,195.0,2026-09-03T19:35:03.345644+00:00
2023-10-09,195.0,197.9,194.0,194.0,2916,194.0,2026-09-03T19:35:03.345644+00:00
2023-10-10,194.0,194.0,188.0,190.0,2073,190.0,2026-09-03T19:35:03.345644+00:00
2023-10-11,192.0,192.4,188.7,188.9,4230,188.9,2026-09-03T19:35:03.345644+00:00
2023-10-12,190.0,191.0,183.0,190.0,8957,190.0,2026-09-03T19:35:03.345644+00:00
2023-10-16,186.3,190.0,183.5,187.0,4087,187.0,2026-09-03T19:35:03.345644+00:00
2023-10-17,189.0,194.5,183.7,184.1,4042,184.1,2026-09-03T19:35:03.345644+00:00
2023-10-18,186.0,198.0,186.0,193.0,6900,193.0,2026-09-03T19:35:03.345644+00:00
2023-10-19,192.0,196.7,189.2,189.2,1038,189.2,2026-09-03T19:35:03.345644+00:00
2023-10-29,190.0,190.0,187.0,187.0,125,187.0,2026-09-03T19:35:03.345644+00:00
2023-10-30,184.0,195.5,180.5,188.0,4911,188.0,2026-09-03T19:35:03.345644+00:00
2023-10-31,185.0,194.7,184.2,184.2,2035,184.2,2026-09-03T19:35:03.345644+00:00
2023-11-01,182.0,192.4,182.0,188.9,2139,188.9,2026-09-03T19:35:03.345644+00:00
2023-11-02,186.0,186.1,180.1,180.5,4701,180.5,2026-09-03T19:35:03.345644+00:00
2023-11-05,180.0,183.9,174.0,178.0,3446,178.0,2026-09-03T19:35:03.345644+00:00
2023-11-06,177.1,188.2,175.0,188.0,12771,188.0,2026-09-03T19:35:03.345644+00:00
2023-11-07,188.0,195.4,177.4,191.9,10390,191.9,2026-09-03T19:35:03.345644+00:00
2023-11-06,177.1,188.2,175.0,188.0,12771,188.0,2026-09-03T19:35:03.345644+00:00
2023-11-07,188.0,195.4,177.4,191.9,10390,191.9,2026-09-03T19:35:03.345644+00:00
2023-11-08,195.7,197.9,186.5,190.0,4125,190.0,2026-09-03T19:35:03.345644+00:00
2023-11-09,186.2,186.2,183.0,184.0,1343,184.0,2026-09-03T19:35:03.345644+00:00
2023-11-20,187.6,187.6,180.9,185.0,2187,185.0,2026-09-03T19:35:03.345644+00:00
2023-11-21,182.0,183.0,176.4,182.0,4460,182.0,2026-09-03T19:35:03.345644+00:00
2023-11-22,180.0,190.0,180.0,190.0,2333,190.0,2026-09-03T19:35:03.345644+00:00
2023-11-23,187.9,193.0,181.1,192.5,4339,192.5,2026-09-03T19:35:03.345644+00:00
2023-11-26,192.5,198.9,190.0,197.9,6970,197.9,2026-09-03T19:35:03.345644+00:00
2023-11-27,194.0,197.8,192.0,195.0,3934,195.0,2026-09-03T19:35:03.345644+00:00
2023-11-28,198.9,198.9,190.2,193.0,4181,193.0,2026-09-03T19:35:03.345644+00:00
2023-11-29,195.0,196.8,188.9,194.9,2870,194.9,2026-09-03T19:35:03.345644+00:00
2023-11-30,191.1,191.4,186.2,189.9,3524,189.9,2026-09-03T19:35:03.345644+00:00
2023-12-03,186.2,189.9,186.2,186.3,2660,186.3,2026-09-03T19:35:03.345644+00:00
2023-12-04,186.0,192.7,185.3,187.8,4515,187.8,2026-09-03T19:35:03.345644+00:00
2023-12-05,185.0,185.0,181.7,183.0,9062,183.0,2026-09-03T19:35:03.345644+00:00
2023-12-06,185.1,186.6,180.6,184.0,3970,184.0,2026-09-03T19:35:03.345644+00:00
2023-12-07,186.0,187.6,182.6,186.0,4742,186.0,2026-09-03T19:35:03.345644+00:00
2023-12-10,188.0,201.1,188.0,201.1,950,201.1,2026-09-03T19:35:03.345644+00:00
2023-12-11,205.1,216.3,195.0,198.8,14463,198.8,2026-09-03T19:35:03.345644+00:00
2023-12-12,202.7,210.0,200.1,206.0,19442,206.0,2026-09-03T19:35:03.345644+00:00
2023-12-13,206.0,213.0,203.0,206.0,15181,206.0,2026-09-03T19:35:03.345644+00:00
2023-12-14,209.9,209.9,202.1,209.9,16475,209.9,2026-09-03T19:35:03.345644+00:00
2023-12-17,206.0,225.5,206.0,225.5,42176,225.5,2026-09-03T19:35:03.345644+00:00
2023-12-18,230.0,238.0,223.0,226.2,60627,226.2,2026-09-03T19:35:03.345644+00:00
2023-12-19,230.6,235.0,224.8,229.0,31517,229.0,2026-09-03T19:35:03.345644+00:00
2023-12-20,233.5,251.9,223.0,239.7,49738,239.7,2026-09-03T19:35:03.345644+00:00
2023-12-21,235.0,249.0,231.0,238.4,37499,238.4,2026-09-03T19:35:03.345644+00:00
2023-12-24,235.1,245.0,223.5,225.0,33613,225.0,2026-09-03T19:35:03.345644+00:00
2023-12-27,225.2,238.6,225.1,230.0,29967,230.0,2026-09-03T19:35:03.345644+00:00
2023-12-28,234.6,237.6,230.0,232.9,38597,232.9,2026-09-03T19:35:03.345644+00:00
2024-01-01,229.2,233.6,219.7,225.0,16619,225.0,2026-09-03T19:35:03.345644+00:00
2024-01-02,228.6,228.6,214.4,217.9,9498,217.9,2026-09-03T19:35:03.345644+00:00
2024-01-03,222.1,229.5,213.2,221.0,38205,221.0,2026-09-03T19:35:03.345644+00:00
2024-01-04,225.0,235.0,225.0,231.1,46507,231.1,2026-09-03T19:35:03.345644+00:00
2024-01-07,227.3,241.5,227.3,235.5,41164,235.5,2026-09-03T19:35:03.345644+00:00
2024-01-08,235.8,245.0,231.7,245.0,43455,245.0,2026-09-03T19:35:03.345644+00:00
2024-01-09,249.9,254.3,237.0,237.0,58252,237.0,2026-09-03T19:35:03.345644+00:00
2024-01-10,235.3,241.0,232.3,232.3,32759,232.3,2026-09-03T19:35:03.345644+00:00
2024-01-11,236.9,241.5,228.1,238.0,34006,238.0,2026-09-03T19:35:03.345644+00:00
2024-01-14,242.7,260.1,242.7,259.5,134415,259.5,2026-09-03T19:35:03.345644+00:00
2024-01-16,264.0,278.0,262.1,273.5,74383,273.5,2026-09-03T19:35:03.345644+00:00
2024-01-17,273.0,273.0,253.0,254.0,74322,254.0,2026-09-03T19:35:03.345644+00:00
2024-01-18,249.0,265.0,247.0,260.0,51736,260.0,2026-09-03T19:35:03.345644+00:00
2024-01-21,260.0,273.9,255.0,259.9,83446,259.9,2026-09-03T19:35:03.345644+00:00
2024-01-22,265.0,267.0,256.0,257.0,63696,257.0,2026-09-03T19:35:03.345644+00:00
2024-01-23,262.1,270.0,262.0,264.1,73382,264.1,2026-09-03T19:35:03.345644+00:00
2024-01-24,269.0,273.0,260.0,261.1,56587,261.1,2026-09-03T19:35:03.345644+00:00
2024-01-25,266.0,268.0,261.0,264.9,58218,264.9,2026-09-03T19:35:03.345644+00:00
2024-01-28,269.8,291.0,263.0,286.0,161463,286.0,2026-09-03T19:35:03.345644+00:00
2024-01-29,291.7,302.0,286.6,287.0,78904,287.0,2026-09-03T19:35:03.345644+00:00
2024-01-30,292.7,297.0,282.0,288.0,46919,288.0,2026-09-03T19:35:03.345644+00:00
2024-01-31,293.0,309.0,275.1,280.0,105620,280.0,2026-09-03T19:35:03.345644+00:00
2024-02-01,274.5,279.5,265.0,269.9,96427,269.9,2026-09-03T19:35:03.345644+00:00
2024-02-04,271.0,273.6,264.0,266.0,32634,266.0,2026-09-03T19:35:03.345644+00:00
2024-02-05,271.0,271.0,261.0,268.0,33813,268.0,2026-09-03T19:35:03.345644+00:00
2024-02-06,269.0,271.0,262.8,270.0,23231,270.0,2026-09-03T19:35:03.345644+00:00
2024-02-07,275.0,279.2,271.1,279.0,35476,279.0,2026-09-03T19:35:03.345644+00:00
2024-02-08,274.0,282.4,273.5,281.0,28813,281.0,2026-09-03T19:35:03.345644+00:00
2024-02-11,283.0,283.0,272.0,273.7,23495,273.7,2026-09-03T19:35:03.345644+00:00
2024-02-12,275.0,279.0,272.1,279.0,23457,279.0,2026-09-03T19:35:03.345644+00:00
2024-02-13,274.0,295.0,268.6,280.0,85008,280.0,2026-09-03T19:35:03.345644+00:00
2024-02-14,285.6,288.2,274.5,281.0,40536,281.0,2026-09-03T19:35:03.345644+00:00
2024-02-15,277.0,294.0,277.0,282.1,91761,282.1,2026-09-03T19:35:03.345644+00:00
2024-02-18,280.0,285.6,272.0,272.6,23775,272.6,2026-09-03T19:35:03.345644+00:00
2024-02-20,268.2,277.4,267.0,269.0,21664,269.0,2026-09-03T19:35:03.345644+00:00
2024-02-21,274.0,274.0,261.0,262.0,25969,262.0,2026-09-03T19:35:03.345644+00:00
2024-02-22,258.4,264.0,251.0,251.0,29262,251.0,2026-09-03T19:35:03.345644+00:00
2024-02-25,256.0,259.8,244.1,249.0,21305,249.0,2026-09-03T19:35:03.345644+00:00
2024-02-26,249.0,254.0,246.5,254.0,13246,254.0,2026-09-03T19:35:03.345644+00:00
2024-02-27,250.2,256.0,249.9,253.9,13509,253.9,2026-09-03T19:35:03.345644+00:00
2024-02-28,258.0,258.0,246.4,247.0,9760,247.0,2026-09-03T19:35:03.345644+00:00
2024-02-29,251.9,251.9,235.0,238.0,27436,238.0,2026-09-03T19:35:03.345644+00:00
2024-03-03,233.3,253.5,233.0,237.6,18735,237.6,2026-09-03T19:35:03.345644+00:00
2024-03-04,239.0,253.4,239.0,253.4,80,253.4,2026-09-03T19:35:03.345644+00:00
2024-03-05,253.4,255.0,242.0,244.7,39251,244.7,2026-09-03T19:35:03.345644+00:00
2024-03-06,249.4,255.0,241.0,245.0,26924,245.0,2026-09-03T19:35:03.345644+00:00
2024-03-07,249.5,254.4,245.0,249.8,9951,249.8,2026-09-03T19:35:03.345644+00:00
2024-03-10,254.0,255.0,248.0,252.0,18900,252.0,2026-09-03T19:35:03.345644+00:00
2024-03-12,256.9,256.9,249.0,255.5,18174,255.5,2026-09-03T19:35:03.345644+00:00
2024-03-13,258.0,258.0,250.5,255.5,16907,255.5,2026-09-03T19:35:03.345644+00:00
2024-03-14,260.6,260.6,251.0,251.0,7085,251.0,2026-09-03T19:35:03.345644+00:00
2024-03-17,255.8,255.8,246.8,249.0,12576,249.0,2026-09-03T19:35:03.345644+00:00
2024-03-18,252.0,252.0,245.4,246.4,6601,246.4,2026-09-03T19:35:03.345644+00:00
2024-03-19,246.4,259.0,241.5,247.0,10735,247.0,2026-09-03T19:35:03.345644+00:00
2024-03-20,251.8,251.8,240.9,248.4,4872,248.4,2026-09-03T19:35:03.345644+00:00
2024-03-21,244.2,249.0,239.6,241.0,20536,241.0,2026-09-03T19:35:03.345644+00:00
2024-03-25,236.2,242.8,236.2,240.0,5501,240.0,2026-09-03T19:35:03.345644+00:00
2024-03-26,243.0,244.0,236.3,242.0,9365,242.0,2026-09-03T19:35:03.345644+00:00
2024-03-27,242.0,244.5,239.4,239.4,3217,239.4,2026-09-03T19:35:03.345644+00:00
2024-03-28,234.8,241.0,234.2,238.1,8265,238.1,2026-09-03T19:35:03.345644+00:00
2024-03-31,233.6,247.3,233.6,239.0,7365,239.0,2026-09-03T19:35:03.345644+00:00
2024-04-01,242.5,242.6,238.0,240.9,6792,240.9,2026-09-03T19:35:03.345644+00:00
2024-04-02,243.0,245.0,236.5,236.6,3613,236.6,2026-09-03T19:35:03.345644+00:00
2024-04-03,236.0,242.0,235.0,238.0,4150,238.0,2026-09-03T19:35:03.345644+00:00
2024-04-04,242.7,242.7,231.0,235.5,11982,235.5,2026-09-03T19:35:03.345644+00:00
2024-04-07,240.0,240.0,230.0,239.9,10055,239.9,2026-09-03T19:35:03.345644+00:00
2024-04-09,244.6,249.0,235.4,238.9,3580,238.9,2026-09-03T19:35:03.345644+00:00
2024-04-10,239.0,239.0,231.0,233.0,10379,233.0,2026-09-03T19:35:03.345644+00:00
2024-04-14,237.6,237.6,228.1,228.2,6033,228.2,2026-09-03T19:35:03.345644+00:00
2024-04-15,224.1,240.1,224.1,236.9,12335,236.9,2026-09-03T19:35:03.345644+00:00
2024-04-16,240.6,240.6,230.3,235.0,2865,235.0,2026-09-03T19:35:03.345644+00:00
2024-04-18,239.4,239.4,225.5,230.0,14605,230.0,2026-09-03T19:35:03.345644+00:00
2024-04-21,233.0,233.0,225.1,231.0,4822,231.0,2026-09-03T19:35:03.345644+00:00
2024-04-22,235.0,235.0,226.3,229.0,6220,229.0,2026-09-03T19:35:03.345644+00:00
2024-04-24,233.5,233.5,224.5,224.5,4270,224.5,2026-09-03T19:35:03.345644+00:00
2024-04-25,228.9,231.9,215.7,228.0,5631,228.0,2026-09-03T19:35:03.345644+00:00
2024-04-28,232.0,232.0,224.0,228.0,4770,228.0,2026-09-03T19:35:03.345644+00:00
2024-04-29,232.5,237.0,224.0,230.0,7173,230.0,2026-09-03T19:35:03.345644+00:00
2024-04-30,233.7,234.5,220.9,233.0,17338,233.0,2026-09-03T19:35:03.345644+00:00
2024-05-02,234.0,237.0,230.0,233.9,14169,233.9,2026-09-03T19:35:03.345644+00:00
2024-05-05,229.3,233.8,226.0,229.0,4671,229.0,2026-09-03T19:35:03.345644+00:00
2024-05-06,230.0,248.5,222.4,248.5,18265,248.5,2026-09-03T19:35:03.345644+00:00
2024-05-07,244.0,244.0,231.0,234.0,15721,234.0,2026-09-03T19:35:03.345644+00:00
2024-05-08,238.6,238.6,228.0,230.0,1346,230.0,2026-09-03T19:35:03.345644+00:00
2024-05-09,226.0,234.0,225.0,228.0,6628,228.0,2026-09-03T19:35:03.345644+00:00
2024-05-12,232.5,232.5,221.5,228.0,16110,228.0,2026-09-03T19:35:03.345644+00:00
2024-05-13,232.5,237.1,224.0,228.0,1452,228.0,2026-09-03T19:35:03.345644+00:00
2024-05-14,232.5,237.0,226.0,237.0,19994,237.0,2026-09-03T19:35:03.345644+00:00
2024-05-15,240.9,241.0,228.6,230.0,10313,230.0,2026-09-03T19:35:03.345644+00:00
2024-05-16,225.5,234.6,225.4,226.0,8476,226.0,2026-09-03T19:35:03.345644+00:00
2024-05-19,230.5,244.0,225.0,244.0,14352,244.0,2026-09-03T19:35:03.345644+00:00
2024-05-20,239.2,239.2,231.2,235.9,17890,235.9,2026-09-03T19:35:03.345644+00:00
2024-05-21,231.3,257.0,231.3,251.9,34435,251.9,2026-09-03T19:35:03.345644+00:00
2024-05-22,256.0,256.0,240.3,241.1,20630,241.1,2026-09-03T19:35:03.345644+00:00
2024-05-26,245.9,245.9,233.1,235.0,7093,235.0,2026-09-03T19:35:03.345644+00:00
2024-05-27,236.0,238.0,232.0,233.0,11581,233.0,2026-09-03T19:35:03.345644+00:00
2024-05-29,237.6,252.0,230.0,230.0,17595,230.0,2026-09-03T19:35:03.345644+00:00
2024-05-30,229.0,236.0,226.1,230.9,7225,230.9,2026-09-03T19:35:03.345644+00:00
2024-06-02,230.0,253.9,228.0,237.0,11413,237.0,2026-09-03T19:35:03.345644+00:00
2024-06-03,232.3,241.0,232.3,233.0,6770,233.0,2026-09-03T19:35:03.345644+00:00
2024-06-04,230.2,234.8,230.1,234.8,2725,234.8,2026-09-03T19:35:03.345644+00:00
2024-06-05,230.2,235.0,228.1,233.5,6744,233.5,2026-09-03T19:35:03.345644+00:00
2024-06-06,238.1,238.1,227.0,229.0,8090,229.0,2026-09-03T19:35:03.345644+00:00
2024-06-09,226.0,247.6,226.0,246.0,12998,246.0,2026-09-03T19:35:03.345644+00:00
2024-06-10,250.9,261.0,226.9,261.0,43985,261.0,2026-09-03T19:35:03.345644+00:00
2024-06-11,257.1,271.5,240.9,257.0,80230,257.0,2026-09-03T19:35:03.345644+00:00
2024-06-12,251.9,272.0,243.0,255.0,32554,255.0,2026-09-03T19:35:03.345644+00:00
2024-06-13,260.1,270.0,241.0,265.0,63680,265.0,2026-09-03T19:35:03.345644+00:00
2024-06-16,270.3,270.3,244.7,253.0,40310,253.0,2026-09-03T19:35:03.345644+00:00
2024-06-18,248.0,248.0,243.1,246.0,21676,246.0,2026-09-03T19:35:03.345644+00:00
2024-06-19,241.5,248.9,241.5,247.9,2773,247.9,2026-09-03T19:35:03.345644+00:00
2024-06-20,243.0,257.8,235.3,240.0,36775,240.0,2026-09-03T19:35:03.345644+00:00
2024-06-23,235.5,244.8,235.5,238.0,12643,238.0,2026-09-03T19:35:03.345644+00:00
2024-06-24,235.0,241.0,233.3,238.0,12091,238.0,2026-09-03T19:35:03.345644+00:00
2024-06-25,234.2,258.0,234.2,248.9,45686,248.9,2026-09-03T19:35:03.345644+00:00
2024-06-26,244.0,245.5,237.2,240.9,14484,240.9,2026-09-03T19:35:03.345644+00:00
2024-06-27,236.1,250.0,236.1,250.0,16187,250.0,2026-09-03T19:35:03.345644+00:00
2024-06-30,245.0,249.9,235.3,237.0,19909,237.0,2026-09-03T19:35:03.345644+00:00
2024-07-01,235.0,245.8,235.0,240.0,2410,240.0,2026-09-03T19:35:03.345644+00:00
2024-07-02,244.8,259.0,236.0,241.0,23611,241.0,2026-09-03T19:35:03.345644+00:00
2024-07-03,240.0,244.9,236.5,237.2,7859,237.2,2026-09-03T19:35:03.345644+00:00
2024-07-04,241.0,244.7,238.1,239.0,9724,239.0,2026-09-03T19:35:03.345644+00:00
2024-07-07,240.0,243.7,236.0,237.1,14390,237.1,2026-09-03T19:35:03.345644+00:00
2024-07-08,240.0,241.0,235.5,235.7,9112,235.7,2026-09-03T19:35:03.345644+00:00
2024-07-09,235.0,237.8,234.6,235.6,4105,235.6,2026-09-03T19:35:03.345644+00:00
2024-07-10,237.0,240.6,235.4,236.1,15135,236.1,2026-09-03T19:35:03.345644+00:00
2024-07-11,240.0,257.0,237.0,249.0,60133,249.0,2026-09-03T19:35:03.345644+00:00
2024-07-14,253.9,264.0,250.0,254.6,26840,254.6,2026-09-03T19:35:03.345644+00:00
2024-07-15,255.0,259.0,246.3,249.0,32246,249.0,2026-09-03T19:35:03.345644+00:00
2024-07-16,253.0,262.0,245.1,260.0,74564,260.0,2026-09-03T19:35:03.345644+00:00
2024-07-17,263.9,284.5,260.0,268.0,90118,268.0,2026-09-03T19:35:03.345644+00:00
2024-07-18,269.0,270.5,261.7,263.0,57739,263.0,2026-09-03T19:35:03.345644+00:00
2024-07-21,264.0,279.9,261.1,279.9,113550,279.9,2026-09-03T19:35:03.345644+00:00
2024-07-22,284.0,288.0,265.0,282.9,88625,282.9,2026-09-03T19:35:03.345644+00:00
2024-07-23,278.0,298.8,274.0,284.5,74475,284.5,2026-09-03T19:35:03.345644+00:00
2024-07-24,290.0,297.5,278.0,285.0,125490,285.0,2026-09-03T19:35:03.345644+00:00
2024-07-25,290.0,290.0,276.1,278.0,60919,278.0,2026-09-03T19:35:03.345644+00:00
2024-07-28,283.5,293.7,274.5,282.0,92124,282.0,2026-09-03T19:35:03.345644+00:00
2024-07-29,287.0,287.0,276.0,277.0,47754,277.0,2026-09-03T19:35:03.345644+00:00
2024-07-30,273.1,290.0,272.0,284.0,69755,284.0,2026-09-03T19:35:03.345644+00:00
2024-07-31,289.0,304.0,283.5,293.9,143857,293.9,2026-09-03T19:35:03.345644+00:00
2024-08-01,292.0,303.0,282.5,284.9,71045,284.9,2026-09-03T19:35:03.345644+00:00
2024-08-05,289.0,313.3,286.2,313.3,219555,313.3,2026-09-03T19:35:03.345644+00:00
2024-08-06,319.5,331.0,294.0,300.0,250508,300.0,2026-09-03T19:35:03.345644+00:00
2024-08-07,300.0,314.0,295.0,310.0,102128,310.0,2026-09-03T19:35:03.345644+00:00
2024-08-08,315.0,324.9,305.0,309.0,140295,309.0,2026-09-03T19:35:03.345644+00:00
2024-08-11,311.0,330.0,307.0,325.0,152246,325.0,2026-09-03T19:35:03.345644+00:00
2024-08-12,325.0,339.0,325.0,330.3,181190,330.3,2026-09-03T19:35:03.345644+00:00
2024-08-13,329.0,336.9,319.1,326.0,85195,326.0,2026-09-03T19:35:03.345644+00:00
2024-08-14,320.0,358.6,318.0,358.6,168330,358.6,2026-09-03T19:35:03.345644+00:00
2024-08-15,351.5,379.0,350.0,360.0,175404,360.0,2026-09-03T19:35:03.345644+00:00
2024-08-18,366.9,366.9,333.0,337.0,121024,337.0,2026-09-03T19:35:03.345644+00:00
2024-08-21,335.0,347.0,325.0,328.0,78000,328.0,2026-09-03T19:35:03.345644+00:00
2024-08-22,328.0,345.0,321.5,330.0,70481,330.0,2026-09-03T19:35:03.345644+00:00
2024-08-25,327.0,336.0,310.0,315.0,63650,315.0,2026-09-03T19:35:03.345644+00:00
2024-08-27,314.0,320.0,301.0,301.0,69254,301.0,2026-09-03T19:35:03.345644+00:00
2024-08-28,307.0,316.2,295.0,297.2,36277,297.2,2026-09-03T19:35:03.345644+00:00
2024-08-29,292.0,303.7,292.0,298.0,37894,298.0,2026-09-03T19:35:03.345644+00:00
2024-09-01,303.0,310.0,295.0,299.0,45262,299.0,2026-09-03T19:35:03.345644+00:00
2024-09-02,304.9,321.0,301.0,318.0,59202,318.0,2026-09-03T19:35:03.345644+00:00
2024-09-03,319.0,320.0,308.9,315.0,54455,315.0,2026-09-03T19:35:03.345644+00:00
2024-09-04,315.0,315.0,298.0,302.9,25962,302.9,2026-09-03T19:35:03.345644+00:00
2024-09-05,306.0,306.0,282.2,295.0,35152,295.0,2026-09-03T19:35:03.345644+00:00
2024-09-08,300.0,312.1,290.0,290.0,34561,290.0,2026-09-03T19:35:03.345644+00:00
2024-09-09,295.8,303.0,281.0,281.0,36667,281.0,2026-09-03T19:35:03.345644+00:00
2024-09-10,286.6,293.0,280.0,285.0,29931,285.0,2026-09-03T19:35:03.345644+00:00
2024-09-11,290.7,296.0,278.0,280.0,10804,280.0,2026-09-03T19:35:03.345644+00:00
2024-09-12,278.0,292.0,278.0,292.0,25922,292.0,2026-09-03T19:35:03.345644+00:00
2024-09-15,297.8,302.0,280.1,282.0,21047,282.0,2026-09-03T19:35:03.345644+00:00
2024-09-16,285.0,285.0,271.0,278.1,19250,278.1,2026-09-03T19:35:03.345644+00:00
2024-09-18,280.0,280.0,265.0,272.9,25104,272.9,2026-09-03T19:35:03.345644+00:00
2024-09-22,278.0,282.9,268.0,274.0,9585,274.0,2026-09-03T19:35:03.345644+00:00
2024-09-23,279.0,279.4,262.0,266.9,15286,266.9,2026-09-03T19:35:03.345644+00:00
2024-09-24,262.6,272.0,257.8,257.8,19421,257.8,2026-09-03T19:35:03.345644+00:00
2024-09-25,260.0,266.8,255.0,264.0,14899,264.0,2026-09-03T19:35:03.345644+00:00
2024-09-26,269.2,271.5,257.0,262.0,9932,262.0,2026-09-03T19:35:03.345644+00:00
2024-09-29,256.8,265.0,239.0,243.1,49148,243.1,2026-09-03T19:35:03.345644+00:00
2024-09-30,238.3,246.0,234.0,243.0,17260,243.0,2026-09-03T19:35:03.345644+00:00
2024-10-01,246.0,262.0,245.0,262.0,15744,262.0,2026-09-03T19:35:03.345644+00:00
2024-10-02,262.3,265.0,250.0,260.0,18278,260.0,2026-09-03T19:35:03.345644+00:00
2024-10-06,259.0,269.9,256.0,267.0,11459,267.0,2026-09-03T19:35:03.345644+00:00
2024-10-07,272.0,289.0,268.0,275.0,21824,275.0,2026-09-03T19:35:03.345644+00:00
2024-10-08,270.1,280.4,253.0,270.0,8019,270.0,2026-09-03T19:35:03.345644+00:00
2024-10-09,265.0,275.0,265.0,273.0,2265,273.0,2026-09-03T19:35:03.345644+00:00
2024-10-15,273.0,278.0,269.0,277.0,9401,277.0,2026-09-03T19:35:03.345644+00:00
2024-10-16,281.0,286.9,276.9,282.0,6282,282.0,2026-09-03T19:35:03.345644+00:00
2024-10-17,287.5,287.6,275.0,275.1,10156,275.1,2026-09-03T19:35:03.345644+00:00
2024-10-20,273.0,274.9,261.0,264.8,14031,264.8,2026-09-03T19:35:03.345644+00:00
2024-10-21,260.2,270.0,258.5,261.0,13070,261.0,2026-09-03T19:35:03.345644+00:00
2024-10-22,257.0,275.0,257.0,266.0,5509,266.0,2026-09-03T19:35:03.345644+00:00
2024-10-23,271.3,276.7,262.0,265.5,5342,265.5,2026-09-03T19:35:03.345644+00:00
2024-10-24,260.2,265.4,260.0,263.0,6613,263.0,2026-09-03T19:35:03.345644+00:00
2024-10-27,259.0,266.2,258.6,263.0,4710,263.0,2026-09-03T19:35:03.345644+00:00
2024-10-28,268.0,268.0,262.0,264.0,10112,264.0,2026-09-03T19:35:03.345644+00:00
2024-10-29,269.0,277.0,269.0,270.0,28739,270.0,2026-09-03T19:35:03.345644+00:00
2024-10-30,275.0,276.0,270.0,274.0,11743,274.0,2026-09-03T19:35:03.345644+00:00
2024-11-05,268.6,270.0,260.0,269.7,16424,269.7,2026-09-03T19:35:03.345644+00:00
2024-11-06,264.4,269.1,262.9,269.1,9555,269.1,2026-09-03T19:35:03.345644+00:00
2024-11-10,271.0,296.0,271.0,293.0,41062,293.0,2026-09-03T19:35:03.345644+00:00
2024-11-11,294.0,297.0,283.3,286.0,26954,286.0,2026-09-03T19:35:03.345644+00:00
2024-11-12,291.7,291.7,278.0,286.0,19473,286.0,2026-09-03T19:35:03.345644+00:00
2024-11-13,283.4,303.0,283.4,296.0,37966,296.0,2026-09-03T19:35:03.345644+00:00
2024-11-14,291.0,301.9,291.0,300.0,58674,300.0,2026-09-03T19:35:03.345644+00:00
2024-11-17,306.0,306.0,289.1,294.0,43417,294.0,2026-09-03T19:35:03.345644+00:00
2024-11-19,290.0,294.8,272.9,278.9,29972,278.9,2026-09-03T19:35:03.345644+00:00
2024-11-20,284.4,290.0,271.0,283.0,25489,283.0,2026-09-03T19:35:03.345644+00:00
2024-11-21,288.3,288.3,267.0,274.0,36303,274.0,2026-09-03T19:35:03.345644+00:00
2024-11-24,268.6,279.4,267.1,270.0,17323,270.0,2026-09-03T19:35:03.345644+00:00
2024-11-25,275.4,275.4,254.8,273.5,8909,273.5,2026-09-03T19:35:03.345644+00:00
2024-11-26,278.7,279.0,270.0,275.0,23110,275.0,2026-09-03T19:35:03.345644+00:00
2024-11-27,280.5,299.0,275.0,294.0,96867,294.0,2026-09-03T19:35:03.345644+00:00
2024-11-28,294.0,297.0,284.0,288.0,21035,288.0,2026-09-03T19:35:03.345644+00:00
2024-12-01,284.0,285.0,273.0,285.0,40350,285.0,2026-09-03T19:35:03.345644+00:00
2024-12-02,288.6,298.0,280.1,289.0,42798,289.0,2026-09-03T19:35:03.345644+00:00
2024-12-03,294.7,300.5,290.4,296.0,75125,296.0,2026-09-03T19:35:03.345644+00:00
2024-12-04,300.0,304.8,291.2,291.2,53311,291.2,2026-09-03T19:35:03.345644+00:00
2024-12-05,286.0,292.0,281.0,281.8,24627,281.8,2026-09-03T19:35:03.345644+00:00
2024-12-08,287.0,295.6,276.0,276.0,21229,276.0,2026-09-03T19:35:03.345644+00:00
2024-12-09,276.0,284.0,275.0,282.0,21293,282.0,2026-09-03T19:35:03.345644+00:00
2024-12-10,287.6,287.6,272.6,278.0,17790,278.0,2026-09-03T19:35:03.345644+00:00
2024-12-11,283.5,284.0,272.5,282.0,10464,282.0,2026-09-03T19:35:03.345644+00:00
2024-12-12,287.6,287.6,274.6,274.6,17867,274.6,2026-09-03T19:35:03.345644+00:00
2024-12-16,269.5,275.0,266.2,270.0,20021,270.0,2026-09-03T19:35:03.345644+00:00
2024-12-17,272.0,275.4,268.0,272.0,11301,272.0,2026-09-03T19:35:03.345644+00:00
2024-12-18,271.0,275.0,266.6,266.8,9293,266.8,2026-09-03T19:35:03.345644+00:00
2024-12-19,265.0,270.0,260.0,264.0,14882,264.0,2026-09-03T19:35:03.345644+00:00
2024-12-22,263.8,270.3,256.0,269.9,13637,269.9,2026-09-03T19:35:03.345644+00:00
2024-12-23,264.6,274.0,264.6,272.5,11612,272.5,2026-09-03T19:35:03.345644+00:00
2024-12-24,275.9,275.9,261.1,266.0,16995,266.0,2026-09-03T19:35:03.345644+00:00
2024-12-26,262.5,269.9,261.1,264.0,11962,264.0,2026-09-03T19:35:03.345644+00:00
2024-12-29,260.0,267.0,258.8,260.0,12658,260.0,2026-09-03T19:35:03.345644+00:00
2024-12-31,255.1,259.0,245.0,249.0,25943,249.0,2026-09-03T19:35:03.345644+00:00
2025-01-01,250.0,257.0,245.0,248.5,11603,248.5,2026-09-03T19:35:03.345644+00:00
2025-01-02,246.1,252.0,243.0,245.0,33025,245.0,2026-09-03T19:35:03.345644+00:00
2025-01-05,247.5,248.0,240.0,245.8,42228,245.8,2026-09-03T19:35:03.345644+00:00
2025-01-06,242.4,265.0,242.4,259.0,25203,259.0,2026-09-03T19:35:03.345644+00:00
2025-01-07,264.0,265.0,255.0,258.0,13573,258.0,2026-09-03T19:35:03.345644+00:00
2025-01-08,263.0,263.0,251.1,254.0,21308,254.0,2026-09-03T19:35:03.345644+00:00
2025-01-09,258.9,264.0,246.1,261.0,41845,261.0,2026-09-03T19:35:03.345644+00:00
2025-01-12,264.0,264.0,255.0,256.0,14875,256.0,2026-09-03T19:35:03.345644+00:00
2025-01-13,255.0,257.0,249.0,254.0,16930,254.0,2026-09-03T19:35:03.345644+00:00
2025-01-15,249.0,258.0,246.0,255.9,13767,255.9,2026-09-03T19:35:03.345644+00:00
2025-01-16,255.0,255.0,250.0,252.0,9912,252.0,2026-09-03T19:35:03.345644+00:00
2025-01-19,252.0,256.0,250.5,253.0,19255,253.0,2026-09-03T19:35:03.345644+00:00
2025-01-20,258.0,266.8,253.0,262.1,22775,262.1,2026-09-03T19:35:03.345644+00:00
2025-01-21,267.0,267.0,258.0,259.9,10940,259.9,2026-09-03T19:35:03.345644+00:00
2025-01-22,259.0,275.4,259.0,264.2,31790,264.2,2026-09-03T19:35:03.345644+00:00
2025-01-23,267.5,273.0,265.0,265.5,40376,265.5,2026-09-03T19:35:03.345644+00:00
2025-01-26,269.9,269.9,261.1,266.0,18537,266.0,2026-09-03T19:35:03.345644+00:00
2025-01-27,263.0,278.0,263.0,270.0,18877,270.0,2026-09-03T19:35:03.345644+00:00
2025-01-28,273.0,285.0,265.0,281.9,64023,281.9,2026-09-03T19:35:03.345644+00:00
2025-02-02,281.9,290.0,281.9,284.0,60173,284.0,2026-09-03T19:35:03.345644+00:00
2025-02-03,289.6,289.6,276.0,277.0,33994,277.0,2026-09-03T19:35:03.345644+00:00
2025-02-04,282.0,282.0,276.0,277.0,20430,277.0,2026-09-03T19:35:03.345644+00:00
2025-02-05,277.0,292.8,275.3,285.0,40964,285.0,2026-09-03T19:35:03.345644+00:00
2025-02-06,281.2,290.7,280.0,284.0,34085,284.0,2026-09-03T19:35:03.345644+00:00
2025-02-09,285.2,286.9,280.6,280.7,29927,280.7,2026-09-03T19:35:03.345644+00:00
2025-02-10,280.7,281.3,270.0,277.4,22576,277.4,2026-09-03T19:35:03.345644+00:00
2025-02-11,272.1,277.9,270.4,272.6,14665,272.6,2026-09-03T19:35:03.345644+00:00
2025-02-12,271.3,281.0,271.0,277.0,36076,277.0,2026-09-03T19:35:03.345644+00:00
2025-02-13,282.0,282.4,273.0,273.5,11442,273.5,2026-09-03T19:35:03.345644+00:00
2025-02-16,272.3,277.6,270.3,274.0,26295,274.0,2026-09-03T19:35:03.345644+00:00
2025-02-17,278.9,278.9,270.0,272.0,21849,272.0,2026-09-03T19:35:03.345644+00:00
2025-02-18,277.0,293.0,269.0,271.0,19062,271.0,2026-09-03T19:35:03.345644+00:00
2025-02-20,270.0,275.0,266.2,266.6,23301,266.6,2026-09-03T19:35:03.345644+00:00
2025-02-23,262.0,270.0,260.0,265.0,42515,265.0,2026-09-03T19:35:03.345644+00:00
2025-02-24,270.3,274.0,262.1,266.0,16126,266.0,2026-09-03T19:35:03.345644+00:00
2025-02-25,264.0,271.3,264.0,266.9,15695,266.9,2026-09-03T19:35:03.345644+00:00
2025-02-27,272.0,281.0,266.1,278.5,29557,278.5,2026-09-03T19:35:03.345644+00:00
2025-03-02,280.0,285.3,278.0,285.0,37981,285.0,2026-09-03T19:35:03.345644+00:00
2025-03-03,285.0,290.0,280.0,280.0,22090,280.0,2026-09-03T19:35:03.345644+00:00
2025-03-04,280.0,295.0,280.0,280.2,33500,280.2,2026-09-03T19:35:03.345644+00:00
2025-03-05,285.0,308.2,282.0,304.9,212335,304.9,2026-09-03T19:35:03.345644+00:00
2025-03-06,305.0,316.0,295.1,299.0,119196,299.0,2026-09-03T19:35:03.345644+00:00
2025-03-09,294.5,300.0,286.0,286.0,52571,286.0,2026-09-03T19:35:03.345644+00:00
2025-03-10,290.0,296.0,275.5,280.0,36477,280.0,2026-09-03T19:35:03.345644+00:00
2025-03-11,280.0,283.9,274.0,279.7,40304,279.7,2026-09-03T19:35:03.345644+00:00
2025-03-12,282.0,282.0,269.2,278.8,27211,278.8,2026-09-03T19:35:03.345644+00:00
2025-03-16,284.0,284.0,263.8,265.2,50890,265.2,2026-09-03T19:35:03.345644+00:00
2025-03-17,269.9,273.0,265.0,267.0,27913,267.0,2026-09-03T19:35:03.345644+00:00
2025-03-18,272.3,274.7,264.0,274.0,15795,274.0,2026-09-03T19:35:03.345644+00:00
2025-03-19,275.0,275.0,266.0,269.9,12853,269.9,2026-09-03T19:35:03.345644+00:00
2025-03-20,275.1,275.1,265.0,266.14,14786,266.14,2026-09-03T19:35:03.345644+00:00
2025-03-23,271.3,271.4,258.0,259.49,19034,259.49,2026-09-03T19:35:03.345644+00:00
2025-03-24,258.0,265.2,255.3,264.07,12502,264.07,2026-09-03T19:35:03.345644+00:00
2025-03-25,259.1,261.0,250.0,250.62,26460,250.62,2026-09-03T19:35:03.345644+00:00
2025-03-26,251.0,267.0,250.4,265.29,19289,265.29,2026-09-03T19:35:03.345644+00:00
2025-03-27,270.0,274.7,262.8,265.67,14065,265.67,2026-09-03T19:35:03.345644+00:00
2025-03-30,261.0,275.0,261.0,271.34,32591,271.34,2026-09-03T19:35:03.345644+00:00
2025-04-01,274.9,274.9,261.0,263.81,17883,263.81,2026-09-03T19:35:03.345644+00:00
2025-04-02,267.0,271.7,262.0,266.32,11653,266.32,2026-09-03T19:35:03.345644+00:00
2025-04-03,265.0,271.8,261.1,262.38,29656,262.38,2026-09-03T19:35:03.345644+00:00
2025-04-07,267.6,272.8,258.0,259.12,4592,259.12,2026-09-03T19:35:03.345644+00:00
2025-04-08,263.1,263.1,251.7,255.4,15320,255.4,2026-09-03T19:35:03.345644+00:00
2025-04-09,260.0,264.9,255.0,256.25,18150,256.25,2026-09-03T19:35:03.345644+00:00
2025-04-10,261.0,262.0,253.6,255.77,27830,255.77,2026-09-03T19:35:03.345644+00:00
2025-04-13,253.5,260.8,253.5,258.16,10228,258.16,2026-09-03T19:35:03.345644+00:00
2025-04-15,262.9,270.0,253.5,268.63,15502,268.63,2026-09-03T19:35:03.345644+00:00
2025-04-16,268.0,273.3,260.0,271.06,24301,271.06,2026-09-03T19:35:03.345644+00:00
2025-04-17,265.7,282.8,265.7,277.86,45874,277.86,2026-09-03T19:35:03.345644+00:00
2025-04-20,277.8,278.9,268.0,269.61,9959,269.61,2026-09-03T19:35:03.345644+00:00
2025-04-21,266.0,280.0,266.0,272.07,37391,272.07,2026-09-03T19:35:03.345644+00:00
2025-04-22,277.0,279.9,270.1,271.48,12727,271.48,2026-09-03T19:35:03.345644+00:00
2025-04-23,266.4,280.5,265.1,275.27,21062,275.27,2026-09-03T19:35:03.345644+00:00
2025-04-24,275.0,275.0,267.2,270.48,17113,270.48,2026-09-03T19:35:03.345644+00:00
2025-04-27,265.6,279.0,265.6,272.08,40825,272.08,2026-09-03T19:35:03.345644+00:00
2025-04-28,266.7,287.0,266.7,269.51,21978,269.51,2026-09-03T19:35:03.345644+00:00
2025-04-29,270.0,270.3,264.0,266.64,23689,266.64,2026-09-03T19:35:03.345644+00:00
2025-04-30,263.0,275.0,263.0,267.3,22330,267.3,2026-09-03T19:35:03.345644+00:00
2025-05-04,268.1,274.0,266.6,270.2,14787,270.2,2026-09-03T19:35:03.345644+00:00
2025-05-05,264.8,272.4,264.0,264.95,17726,264.95,2026-09-03T19:35:03.345644+00:00
2025-05-06,259.8,269.9,259.8,264.64,20498,264.64,2026-09-03T19:35:03.345644+00:00
2025-05-07,269.0,275.0,265.1,273.02,19310,273.02,2026-09-03T19:35:03.345644+00:00
2025-05-08,273.0,285.0,270.0,277.87,61606,277.87,2026-09-03T19:35:03.345644+00:00
2025-05-11,273.1,287.5,273.0,273.45,23023,273.45,2026-09-03T19:35:03.345644+00:00
2025-05-13,270.1,270.1,265.0,268.0,23056,268.0,2026-09-03T19:35:03.345644+00:00
2025-05-14,269.0,269.0,261.1,263.71,16471,263.71,2026-09-03T19:35:03.345644+00:00
2025-05-15,260.1,265.0,260.0,261.76,23138,261.76,2026-09-03T19:35:03.345644+00:00
2025-05-18,262.0,266.0,256.7,258.27,14839,258.27,2026-09-03T19:35:03.345644+00:00
2025-05-19,260.0,263.1,254.0,257.32,20550,257.32,2026-09-03T19:35:03.345644+00:00
2025-05-20,259.7,264.8,254.7,264.07,26420,264.07,2026-09-03T19:35:03.345644+00:00
2025-05-21,269.3,272.0,258.0,260.82,23020,260.82,2026-09-03T19:35:03.345644+00:00
2025-05-22,266.0,267.0,258.0,259.43,12929,259.43,2026-09-03T19:35:03.345644+00:00
2025-05-25,260.5,262.0,255.0,256.51,18432,256.51,2026-09-03T19:35:03.345644+00:00
2025-05-26,261.6,266.8,256.0,259.73,12950,259.73,2026-09-03T19:35:03.345644+00:00
2025-05-27,255.1,260.0,252.5,254.1,22034,254.1,2026-09-03T19:35:03.345644+00:00
2025-05-28,259.0,259.0,254.0,254.38,12813,254.38,2026-09-03T19:35:03.345644+00:00
2025-06-02,259.4,269.6,255.5,261.43,20309,261.43,2026-09-03T19:35:03.345644+00:00
2025-06-03,266.6,266.6,256.0,256.69,9069,256.69,2026-09-03T19:35:03.345644+00:00
2025-06-04,261.8,261.8,254.0,258.82,14299,258.82,2026-09-03T19:35:03.345644+00:00
2025-06-05,262.3,262.9,251.1,255.06,14922,255.06,2026-09-03T19:35:03.345644+00:00
2025-06-08,252.2,257.2,252.2,253.03,11323,253.03,2026-09-03T19:35:03.345644+00:00
2025-06-09,250.1,259.0,250.1,257.96,19923,257.96,2026-09-03T19:35:03.345644+00:00
2025-06-10,257.9,263.0,255.1,256.83,24646,256.83,2026-09-03T19:35:03.345644+00:00
2025-06-11,261.0,277.8,252.1,265.83,97065,265.83,2026-09-03T19:35:03.345644+00:00
2025-06-12,271.0,274.5,259.4,264.38,28892,264.38,2026-09-03T19:35:03.345644+00:00
2025-06-15,269.5,279.4,257.0,258.08,40772,258.08,2026-09-03T19:35:03.345644+00:00
2025-06-16,263.2,270.0,258.8,262.18,32462,262.18,2026-09-03T19:35:03.345644+00:00
2025-06-17,257.5,266.9,252.4,257.53,18244,257.53,2026-09-03T19:35:03.345644+00:00
2025-06-18,253.1,260.8,253.0,257.83,53586,257.83,2026-09-03T19:35:03.345644+00:00
2025-06-19,252.7,274.5,252.7,265.65,111385,265.65,2026-09-03T19:35:03.345644+00:00
2025-06-22,265.0,270.0,257.0,257.34,32505,257.34,2026-09-03T19:35:03.345644+00:00
2025-06-23,255.0,267.6,255.0,258.36,52749,258.36,2026-09-03T19:35:03.345644+00:00
2025-06-24,263.5,269.3,258.1,265.02,38852,265.02,2026-09-03T19:35:03.345644+00:00
2025-06-25,266.0,290.0,261.0,283.93,131039,283.93,2026-09-03T19:35:03.345644+00:00
2025-06-26,287.0,294.0,275.0,280.79,140301,280.79,2026-09-03T19:35:03.345644+00:00
2025-06-29,282.0,292.9,271.1,285.2,65456,285.2,2026-09-03T19:35:03.345644+00:00
2025-06-30,281.0,290.0,278.0,286.95,75273,286.95,2026-09-03T19:35:03.345644+00:00
2025-07-01,282.1,298.0,282.1,295.73,125361,295.73,2026-09-03T19:35:03.345644+00:00
2025-07-02,296.0,298.8,289.0,291.03,99559,291.03,2026-09-03T19:35:03.345644+00:00
2025-07-03,292.0,296.0,282.0,283.5,72613,283.5,2026-09-03T19:35:03.345644+00:00
2025-07-06,278.0,289.1,278.0,283.2,56847,283.2,2026-09-03T19:35:03.345644+00:00
2025-07-07,278.1,287.0,267.2,271.78,69105,271.78,2026-09-03T19:35:03.345644+00:00
2025-07-08,267.0,277.0,267.0,275.4,26055,275.4,2026-09-03T19:35:03.345644+00:00
2025-07-09,275.4,278.0,271.0,274.28,35364,274.28,2026-09-03T19:35:03.345644+00:00
2025-07-10,279.7,280.5,269.1,270.26,26273,270.26,2026-09-03T19:35:03.345644+00:00
2025-07-13,275.6,277.0,261.0,262.23,68756,262.23,2026-09-03T19:35:03.345644+00:00
2025-07-14,265.0,274.0,260.0,267.7,27465,267.7,2026-09-03T19:35:03.345644+00:00
2025-07-15,267.0,272.7,265.0,265.92,30531,265.92,2026-09-03T19:35:03.345644+00:00
2025-07-16,271.2,275.9,263.3,264.87,29393,264.87,2026-09-03T19:35:03.345644+00:00
2025-07-17,260.0,285.0,260.0,284.16,87139,284.16,2026-09-03T19:35:03.345644+00:00
2025-07-20,285.0,293.6,278.6,282.25,94102,282.25,2026-09-03T19:35:03.345644+00:00
2025-07-21,277.1,295.7,277.1,291.57,109610,291.57,2026-09-03T19:35:03.345644+00:00
2025-07-22,288.1,300.0,288.1,290.27,65131,290.27,2026-09-03T19:35:03.345644+00:00
2025-07-23,291.0,293.8,283.5,286.31,55822,286.31,2026-09-03T19:35:03.345644+00:00
2025-07-24,280.7,302.9,280.7,292.03,83168,292.03,2026-09-03T19:35:03.345644+00:00
2025-07-27,287.1,295.0,282.0,284.35,82086,284.35,2026-09-03T19:35:03.345644+00:00
2025-07-28,280.2,289.4,279.4,286.57,62893,286.57,2026-09-03T19:35:03.345644+00:00
2025-07-29,281.0,298.0,281.0,287.89,55893,287.89,2026-09-03T19:35:03.345644+00:00
2025-07-30,291.0,291.0,277.0,278.62,84355,278.62,2026-09-03T19:35:03.345644+00:00
2025-07-31,282.9,282.9,269.0,269.84,55047,269.84,2026-09-03T19:35:03.345644+00:00
2025-08-03,270.0,274.0,267.0,268.02,27954,268.02,2026-09-03T19:35:03.345644+00:00
2025-08-04,272.7,278.7,267.2,270.25,22694,270.25,2026-09-03T19:35:03.345644+00:00
2025-08-05,265.1,274.0,265.1,266.11,28298,266.11,2026-09-03T19:35:03.345644+00:00
2025-08-06,271.0,276.0,263.7,267.96,31962,267.96,2026-09-03T19:35:03.345644+00:00
2025-08-07,269.9,272.4,265.6,270.04,18635,270.04,2026-09-03T19:35:03.345644+00:00
2025-08-11,275.0,275.0,264.0,265.07,21632,265.07,2026-09-03T19:35:03.345644+00:00
2025-08-12,263.1,270.3,262.7,263.55,21191,263.55,2026-09-03T19:35:03.345644+00:00
2025-08-13,261.1,268.0,260.6,266.92,13927,266.92,2026-09-03T19:35:03.345644+00:00
2025-08-14,265.0,270.0,262.0,266.35,16460,266.35,2026-09-03T19:35:03.345644+00:00
2025-08-17,270.0,274.9,262.0,263.11,34483,263.11,2026-09-03T19:35:03.345644+00:00
2025-08-18,260.1,270.0,260.1,267.69,14684,267.69,2026-09-03T19:35:03.345644+00:00
2025-08-19,263.0,273.0,263.0,271.84,37640,271.84,2026-09-03T19:35:03.345644+00:00
2025-08-20,277.2,277.2,264.0,273.54,19046,273.54,2026-09-03T19:35:03.345644+00:00
2025-08-21,269.0,272.8,266.8,271.31,14626,271.31,2026-09-03T19:35:03.345644+00:00
2025-08-24,266.1,274.9,264.0,266.27,16615,266.27,2026-09-03T19:35:03.345644+00:00
2025-08-25,263.1,276.0,263.1,271.87,12154,271.87,2026-09-03T19:35:03.345644+00:00
2025-08-26,277.2,282.0,266.1,270.76,14810,270.76,2026-09-03T19:35:03.345644+00:00
2025-08-27,266.0,273.3,266.0,271.81,35323,271.81,2026-09-03T19:35:03.345644+00:00
2025-08-28,267.0,271.9,255.0,263.13,72466,263.13,2026-09-03T19:35:03.345644+00:00
2025-08-31,264.0,265.0,254.0,257.19,25872,257.19,2026-09-03T19:35:03.345644+00:00
2025-09-01,253.1,267.0,250.5,257.41,28159,257.41,2026-09-03T19:35:03.345644+00:00
2025-09-02,258.1,259.1,250.1,255.7,18893,255.7,2026-09-03T19:35:03.345644+00:00
2025-09-03,250.8,255.0,248.0,249.55,12257,249.55,2026-09-03T19:35:03.345644+00:00
2025-09-04,246.2,253.9,244.2,249.19,18379,249.19,2026-09-03T19:35:03.345644+00:00
2025-09-07,246.1,250.0,245.0,245.92,16007,245.92,2026-09-03T19:35:03.345644+00:00
2025-09-08,242.5,250.8,242.3,245.13,19219,245.13,2026-09-03T19:35:03.345644+00:00
2025-09-18,245.0,245.0,235.3,235.3,305,235.3,2026-09-03T19:35:03.345644+00:00
2025-09-21,235.0,255.0,234.0,250.21,36838,250.21,2026-09-03T19:35:03.345644+00:00
2025-09-23,245.5,255.0,245.5,254.9,16837,254.9,2026-09-03T19:35:03.345644+00:00
2025-09-24,258.9,258.9,245.1,253.8,6284,253.8,2026-09-03T19:35:03.345644+00:00
2025-09-25,253.0,253.7,245.6,246.5,16730,246.5,2026-09-03T19:35:03.345644+00:00
2025-09-28,246.6,251.2,246.5,250.0,8346,250.0,2026-09-03T19:35:03.345644+00:00
2025-10-07,251.0,253.0,243.2,243.2,5010,243.2,2026-09-03T19:35:03.345644+00:00
2025-10-08,247.0,256.9,239.1,243.1,11327,243.1,2026-09-03T19:35:03.345644+00:00
2025-10-09,247.9,259.7,240.0,249.0,17546,249.0,2026-09-03T19:35:03.345644+00:00
2025-10-12,244.1,248.5,231.4,238.9,21972,238.9,2026-09-03T19:35:03.345644+00:00
2025-10-13,235.1,245.6,232.1,245.6,9879,245.6,2026-09-03T19:35:03.345644+00:00
2025-10-14,241.0,242.0,237.1,240.0,6224,240.0,2026-09-03T19:35:03.345644+00:00
2025-10-15,235.2,241.0,232.0,241.0,12216,241.0,2026-09-03T19:35:03.345644+00:00
2025-10-16,236.3,239.9,232.3,239.0,7519,239.0,2026-09-03T19:35:03.345644+00:00
2025-10-19,234.3,243.0,226.0,238.9,4987,238.9,2026-09-03T19:35:03.345644+00:00
2025-10-26,235.0,236.0,226.2,236.0,4724,236.0,2026-09-03T19:35:03.345644+00:00
2025-10-28,236.5,243.0,228.0,243.0,11120,243.0,2026-09-03T19:35:03.345644+00:00
2025-10-29,241.0,244.5,236.2,244.5,23218,244.5,2026-09-03T19:35:03.345644+00:00
2025-10-30,239.7,249.0,238.1,247.5,17774,247.5,2026-09-03T19:35:03.345644+00:00
2025-11-02,248.0,253.3,243.0,253.3,17602,253.3,2026-09-03T19:35:03.345644+00:00
2025-11-03,249.0,253.3,241.0,252.8,6644,252.8,2026-09-03T19:35:03.345644+00:00
2025-11-04,257.8,257.8,242.0,247.7,12340,247.7,2026-09-03T19:35:03.345644+00:00
2025-11-05,242.9,252.0,239.3,246.0,5266,246.0,2026-09-03T19:35:03.345644+00:00
2025-11-06,250.9,250.9,241.2,247.4,9523,247.4,2026-09-03T19:35:03.345644+00:00
2025-11-09,242.6,247.4,237.0,243.9,13840,243.9,2026-09-03T19:35:03.345644+00:00
2025-11-10,239.1,247.4,235.7,240.0,8061,240.0,2026-09-03T19:35:03.345644+00:00
2025-11-11,236.3,241.0,236.0,240.3,6466,240.3,2026-09-03T19:35:03.345644+00:00
2025-11-12,236.4,240.0,236.4,240.0,5532,240.0,2026-09-03T19:35:03.345644+00:00
2025-11-13,235.2,240.0,235.2,240.0,9110,240.0,2026-09-03T19:35:03.345644+00:00
2025-11-16,244.0,246.7,238.0,238.0,17772,238.0,2026-09-03T19:35:03.345644+00:00
2025-11-17,242.7,247.0,235.6,243.8,25165,243.8,2026-09-03T19:35:03.345644+00:00
2025-11-18,244.5,256.0,239.8,255.5,44085,255.5,2026-09-03T19:35:03.345644+00:00
2025-11-19,260.0,260.0,244.9,257.5,16758,257.5,2026-09-03T19:35:03.345644+00:00
2025-11-20,253.0,259.8,244.0,257.0,44210,257.0,2026-09-03T19:35:03.345644+00:00
2025-11-23,262.0,272.3,248.0,259.0,12675,259.0,2026-09-03T19:35:03.345644+00:00
2025-11-24,259.0,264.0,255.1,259.0,25425,259.0,2026-09-03T19:35:03.345644+00:00
2025-11-25,255.1,259.8,252.3,258.0,14408,258.0,2026-09-03T19:35:03.345644+00:00
2025-11-26,253.2,259.0,253.2,254.0,9307,254.0,2026-09-03T19:35:03.345644+00:00
2025-11-27,250.5,258.0,250.5,251.3,24169,251.3,2026-09-03T19:35:03.345644+00:00
2025-11-30,246.3,261.3,246.3,252.8,17847,252.8,2026-09-03T19:35:03.345644+00:00
2025-12-01,252.7,252.7,250.0,252.5,5309,252.5,2026-09-03T19:35:03.345644+00:00
2025-12-02,249.2,255.5,248.1,253.0,10119,253.0,2026-09-03T19:35:03.345644+00:00
2025-12-03,258.0,258.0,245.6,246.0,13142,246.0,2026-09-03T19:35:03.345644+00:00
2025-12-07,244.3,246.0,242.1,244.9,2642,244.9,2026-09-03T19:35:03.345644+00:00
2025-12-08,240.2,247.0,240.2,245.0,9634,245.0,2026-09-03T19:35:03.345644+00:00
2025-12-09,242.1,248.0,240.7,246.0,5224,246.0,2026-09-03T19:35:03.345644+00:00
2025-12-10,243.0,249.6,242.9,246.5,13555,246.5,2026-09-03T19:35:03.345644+00:00
2025-12-11,242.6,247.0,242.6,246.0,9919,246.0,2026-09-03T19:35:03.345644+00:00
2025-12-14,250.9,261.0,243.1,249.4,17830,249.4,2026-09-03T19:35:03.345644+00:00
2025-12-15,244.6,250.0,242.5,249.9,7769,249.9,2026-09-03T19:35:03.345644+00:00
2025-12-16,252.9,260.0,247.8,254.0,20529,254.0,2026-09-03T19:35:03.345644+00:00
2025-12-17,259.0,259.0,246.0,250.8,17217,250.8,2026-09-03T19:35:03.345644+00:00
2025-12-18,248.0,248.9,245.0,246.7,5413,246.7,2026-09-03T19:35:03.345644+00:00
2025-12-21,250.0,250.0,242.0,245.7,14235,245.7,2026-09-03T19:35:03.345644+00:00
2025-12-22,241.0,243.9,240.0,242.9,9646,242.9,2026-09-03T19:35:03.345644+00:00
2025-12-23,241.0,244.9,241.0,244.9,2635,244.9,2026-09-03T19:35:03.345644+00:00
2025-12-24,242.3,243.0,241.5,241.6,6887,241.6,2026-09-03T19:35:03.345644+00:00
2025-12-28,239.5,250.0,239.5,245.0,15096,245.0,2026-09-03T19:35:03.345644+00:00
2025-12-29,246.0,247.9,244.3,245.9,5420,245.9,2026-09-03T19:35:03.345644+00:00
2025-12-31,246.0,248.0,243.5,247.0,18161,247.0,2026-09-03T19:35:03.345644+00:00
2026-01-01,250.0,250.0,240.1,241.1,11425,241.1,2026-09-03T19:35:03.345644+00:00
2026-01-04,238.1,244.0,238.1,243.0,5945,243.0,2026-09-03T19:35:03.345644+00:00
2026-01-05,247.6,247.6,239.3,244.3,22893,244.3,2026-09-03T19:35:03.345644+00:00
2026-01-06,244.0,246.6,240.4,244.8,8918,244.8,2026-09-03T19:35:03.345644+00:00
2026-01-07,245.9,245.9,240.0,242.7,9383,242.7,2026-09-03T19:35:03.345644+00:00
2026-01-08,240.0,244.0,239.1,244.0,10487,244.0,2026-09-03T19:35:03.345644+00:00
2026-01-12,240.0,244.4,232.0,242.0,26053,242.0,2026-09-03T19:35:03.345644+00:00
2026-01-13,239.9,243.9,238.0,240.0,5882,240.0,2026-09-03T19:35:03.345644+00:00
2026-01-14,244.8,247.0,239.0,239.0,10180,239.0,2026-09-03T19:35:03.345644+00:00
2026-01-18,242.9,246.0,240.1,246.0,15237,246.0,2026-09-03T19:35:03.345644+00:00
2026-01-20,242.0,251.0,242.0,251.0,22062,251.0,2026-09-03T19:35:03.345644+00:00
2026-01-21,252.6,254.9,248.0,252.5,31787,252.5,2026-09-03T19:35:03.345644+00:00
2026-01-22,253.0,269.9,250.0,268.9,70480,268.9,2026-09-03T19:35:03.345644+00:00
2026-01-25,266.1,269.0,264.0,269.0,35548,269.0,2026-09-03T19:35:03.345644+00:00
2026-01-26,267.1,295.9,260.1,295.9,198740,295.9,2026-09-03T19:35:03.345644+00:00
2026-01-27,301.8,307.0,272.0,280.0,141038,280.0,2026-09-03T19:35:03.345644+00:00
2026-01-28,274.4,288.7,274.3,286.0,83587,286.0,2026-09-03T19:35:03.345644+00:00
2026-01-29,286.0,295.7,265.1,273.0,119793,273.0,2026-09-03T19:35:03.345644+00:00
2026-02-01,277.0,283.0,269.4,276.0,59646,276.0,2026-09-03T19:35:03.345644+00:00
2026-02-02,271.0,281.5,265.1,272.6,22766,272.6,2026-09-03T19:35:03.345644+00:00
2026-02-03,277.9,278.0,263.2,268.0,36163,268.0,2026-09-03T19:35:03.345644+00:00
2026-02-04,273.3,278.0,263.2,268.7,41517,268.7,2026-09-03T19:35:03.345644+00:00
2026-02-05,270.0,286.8,266.6,277.0,54806,277.0,2026-09-03T19:35:03.345644+00:00
2026-02-08,279.8,285.0,274.4,277.0,27315,277.0,2026-09-03T19:35:03.345644+00:00
2026-02-09,272.0,279.0,268.0,272.0,24024,272.0,2026-09-03T19:35:03.345644+00:00
2026-02-10,277.4,289.9,269.0,280.0,78221,280.0,2026-09-03T19:35:03.345644+00:00
2026-02-11,281.1,291.0,278.3,290.0,99584,290.0,2026-09-03T19:35:03.345644+00:00
2026-02-12,291.0,295.0,284.3,287.0,77823,287.0,2026-09-03T19:35:03.345644+00:00
2026-02-16,287.0,287.0,271.0,277.0,66002,277.0,2026-09-03T19:35:03.345644+00:00
2026-02-17,277.0,277.0,265.0,265.7,34562,265.7,2026-09-03T19:35:03.345644+00:00
2026-02-22,265.0,265.0,255.0,256.0,29101,256.0,2026-09-03T19:35:03.345644+00:00
2026-02-23,261.0,261.0,252.1,255.9,22323,255.9,2026-09-03T19:35:03.345644+00:00
2026-02-24,252.1,260.0,252.1,260.0,17849,260.0,2026-09-03T19:35:03.345644+00:00
2026-02-25,264.0,264.0,258.0,262.6,6424,262.6,2026-09-03T19:35:03.345644+00:00
2026-02-26,266.9,266.9,257.7,258.9,13994,258.9,2026-09-03T19:35:03.345644+00:00
2026-03-01,254.0,259.9,254.0,256.7,13790,256.7,2026-09-03T19:35:03.345644+00:00
2026-03-03,259.7,272.0,259.7,266.8,24587,266.8,2026-09-03T19:35:03.345644+00:00
2026-03-09,272.1,277.5,272.1,277.5,40,277.5,2026-09-03T19:35:03.345644+00:00
2026-03-10,283.0,294.0,271.3,278.9,113457,278.9,2026-09-03T19:35:03.345644+00:00
2026-03-11,283.9,289.6,274.2,280.5,53949,280.5,2026-09-03T19:35:03.345644+00:00
2026-03-12,280.5,290.7,277.0,287.1,65417,287.1,2026-09-03T19:35:03.345644+00:00
2026-03-15,292.0,301.1,287.0,297.0,173370,297.0,2026-09-03T19:35:03.345644+00:00
2026-03-16,299.8,300.0,288.1,293.7,64373,293.7,2026-09-03T19:35:03.345644+00:00
2026-03-17,290.0,307.7,288.0,307.7,85623,307.7,2026-09-03T19:35:03.345644+00:00
2026-03-19,313.8,324.0,302.2,323.5,216889,323.5,2026-09-03T19:35:03.345644+00:00
2026-03-22,322.0,324.0,304.6,317.9,147712,317.9,2026-09-03T19:35:03.345644+00:00
2026-03-23,313.0,314.0,306.0,312.0,93465,312.0,2026-09-03T19:35:03.345644+00:00
2026-03-24,312.0,321.1,310.0,314.1,80585,314.1,2026-09-03T19:35:03.345644+00:00
2026-03-25,315.0,316.0,305.3,311.9,63426,311.9,2026-09-03T19:35:03.345644+00:00
2026-03-26,305.7,315.0,305.7,314.7,37784,314.7,2026-09-03T19:35:03.345644+00:00
2026-03-29,315.0,316.0,295.0,297.8,87154,297.8,2026-09-03T19:35:03.345644+00:00
2026-03-30,297.8,304.0,284.3,289.0,52347,289.0,2026-09-03T19:35:03.345644+00:00
2026-03-31,289.0,293.8,279.0,286.0,35639,286.0,2026-09-03T19:35:03.345644+00:00
2026-04-01,287.0,287.0,270.0,276.0,42366,276.0,2026-09-03T19:35:03.345644+00:00
2026-04-02,272.0,279.0,261.7,269.5,27961,269.5,2026-09-03T19:35:03.345644+00:00
2026-04-05,270.5,270.5,255.0,258.8,42856,258.8,2026-09-03T19:35:03.345644+00:00
2026-04-06,255.4,277.0,255.4,273.5,42308,273.5,2026-09-03T19:35:03.345644+00:00
2026-04-07,275.0,280.0,268.3,274.9,29668,274.9,2026-09-03T19:35:03.345644+00:00
2026-04-08,270.1,279.0,270.1,279.0,33671,279.0,2026-09-03T19:35:03.345644+00:00
2026-04-09,284.0,286.7,275.1,282.0,57271,282.0,2026-09-03T19:35:03.345644+00:00
2026-04-10,277.0,287.5,273.0,273.6,44497,273.6,2026-09-03T19:35:03.345644+00:00
2026-04-13,279.0,283.0,269.1,279.0,32429,279.0,2026-09-03T19:35:03.345644+00:00
2026-04-15,274.2,299.0,274.2,287.0,62055,287.0,2026-09-03T19:35:03.345644+00:00
2026-04-16,285.0,287.0,275.0,280.0,26950,280.0,2026-09-03T19:35:03.345644+00:00
2026-04-17,276.1,280.0,274.5,279.2,28921,279.2,2026-09-03T19:35:03.345644+00:00
2026-04-20,265.3,298.3,265.3,278.0,11016,278.0,2026-09-03T19:35:03.345644+00:00
2026-04-21,283.7,283.7,270.1,270.1,12481,270.1,2026-09-03T19:35:03.345644+00:00
2026-04-22,256.6,280.2,256.6,274.0,23143,274.0,2026-09-03T19:35:03.345644+00:00
2026-04-23,278.0,278.0,265.8,271.9,3680,271.9,2026-09-03T19:35:03.345644+00:00
2026-04-24,271.9,272.8,265.0,270.0,9282,270.0,2026-09-03T19:35:03.345644+00:00
2026-04-27,270.0,275.0,266.8,268.0,12010,268.0,2026-09-03T19:35:03.345644+00:00
2026-04-28,255.0,286.6,255.0,267.8,11463,267.8,2026-09-03T19:35:03.345644+00:00
2026-04-29,267.8,265.9,260.0,264.3,20363,264.3,2026-09-03T19:35:03.345644+00:00
2026-04-30,251.1,264.0,251.1,261.0,22857,261.0,2026-09-03T19:35:03.345644+00:00
2026-05-04,261.0,261.0,255.5,256.5,8799,256.5,2026-09-03T19:35:03.345644+00:00
2026-05-05,264.0,288.4,256.1,258.6,6629,258.6,2026-09-03T19:35:03.345644+00:00
2026-05-06,263.0,264.9,258.0,259.0,9810,259.0,2026-09-03T19:35:03.345644+00:00
2026-05-07,259.2,282.0,256.6,265.0,17497,265.0,2026-09-03T19:35:03.345644+00:00
2026-05-08,260.1,290.0,260.1,269.2,11669,269.2,2026-09-03T19:35:03.345644+00:00
2026-05-11,274.9,285.0,262.0,268.8,15497,268.8,2026-09-03T19:35:03.345644+00:00
2026-05-12,255.4,277.8,255.4,270.0,11275,270.0,2026-09-03T19:35:03.345644+00:00
2026-05-13,283.0,283.0,263.2,268.7,2421,268.7,2026-09-03T19:35:03.345644+00:00
2026-05-14,282.0,282.0,263.0,263.0,5817,263.0,2026-09-03T19:35:03.345644+00:00
2026-05-15,276.1,276.1,260.9,266.0,4981,266.0,2026-09-03T19:35:03.345644+00:00
2026-05-18,260.9,265.0,260.1,263.0,2395,263.0,2026-09-03T19:35:03.345644+00:00
2026-05-19,268.0,268.0,261.0,261.0,9838,261.0,2026-09-03T19:35:03.345644+00:00
2026-05-20,261.0,292.0,260.0,292.0,27294,292.0,2026-09-03T19:35:03.345644+00:00
2026-05-21,290.0,290.0,268.5,270.4,29335,270.4,2026-09-03T19:35:03.345644+00:00
2026-05-22,257.0,274.9,257.0,270.0,17707,270.0,2026-09-03T19:35:03.345644+00:00
2026-05-25,268.0,276.0,268.0,274.0,6517,274.0,2026-09-03T19:35:03.345644+00:00
2026-05-26,275.0,279.9,269.0,274.0,3364,274.0,2026-09-03T19:35:03.345644+00:00
2026-05-27,274.0,275.8,270.0,273.9,11115,273.9,2026-09-03T19:35:03.345644+00:00
2026-06-01,275.0,275.0,260.0,268.0,24317,268.0,2026-09-03T19:35:03.345644+00:00
2026-06-02,260.0,270.0,260.0,269.0,22416,269.0,2026-09-03T19:35:03.345644+00:00
2026-06-03,268.0,270.0,260.0,267.0,16659,267.0,2026-09-03T19:35:03.345644+00:00
2026-06-04,280.0,280.0,258.2,266.8,14747,266.8,2026-09-03T19:35:03.345644+00:00
2026-06-05,267.0,268.0,258.0,262.0,21350,262.0,2026-09-03T19:35:03.345644+00:00
2026-06-08,263.0,263.0,258.0,258.0,7345,258.0,2026-09-03T19:35:03.345644+00:00
2026-06-09,258.0,262.0,255.0,261.0,17841,261.0,2026-09-03T19:35:03.345644+00:00
2026-06-10,254.0,264.8,254.0,259.0,5509,259.0,2026-09-03T19:35:03.345644+00:00
2026-06-11,260.0,260.0,257.0,260.0,6508,260.0,2026-09-03T19:35:03.345644+00:00
2026-06-12,263.0,263.0,257.8,259.0,5740,259.0,2026-09-03T19:35:03.345644+00:00
2026-06-15,257.0,261.0,256.5,258.8,6114,258.8,2026-09-03T19:35:03.345644+00:00
2026-06-16,256.5,260.9,256.5,258.3,6823,258.3,2026-09-03T19:35:03.345644+00:00
2026-06-17,260.0,260.0,256.0,259.0,9316,259.0,2026-09-03T19:35:03.345644+00:00
2026-06-18,256.2,262.0,256.1,258.8,5044,258.8,2026-09-03T19:35:03.345644+00:00
2026-06-19,245.9,259.0,245.9,257.0,9338,257.0,2026-09-03T19:35:03.345644+00:00
2026-06-22,258.0,263.9,255.0,257.0,7557,257.0,2026-09-03T19:35:03.345644+00:00
2026-06-23,255.0,256.0,250.2,250.4,15635,250.4,2026-09-03T19:35:03.345644+00:00
2026-06-24,252.0,252.0,240.0,251.0,13999,251.0,2026-09-03T19:35:03.345644+00:00
2026-06-25,263.4,263.4,240.4,247.0,3481,247.0,2026-09-03T19:35:03.345644+00:00
2026-06-26,247.0,250.0,243.2,250.0,3731,250.0,2026-09-03T19:35:03.345644+00:00
2026-06-29,243.2,247.0,243.2,243.5,1922,243.5,2026-09-03T19:35:03.345644+00:00
2026-06-30,240.2,243.3,233.0,239.4,19091,239.4,2026-09-03T19:35:03.345644+00:00
2026-07-01,245.0,246.5,241.1,244.0,7320,244.0,2026-09-03T19:35:03.345644+00:00
2026-07-02,243.0,245.6,238.0,245.6,18888,245.6,2026-09-03T19:35:03.345644+00:00
2026-07-03,242.0,244.0,235.0,241.0,19546,241.0,2026-09-03T19:35:03.345644+00:00
2026-07-06,240.0,240.0,234.6,236.0,14910,236.0,2026-09-03T19:35:03.345644+00:00
2026-07-07,240.9,240.9,234.1,235.5,12325,235.5,2026-09-03T19:35:03.345644+00:00
2026-07-08,235.9,238.9,230.1,234.0,7885,234.0,2026-09-03T19:35:03.345644+00:00
2026-07-09,239.0,239.0,229.0,233.0,12347,233.0,2026-09-03T19:35:03.345644+00:00
2026-07-10,226.0,237.9,226.0,235.0,39780,235.0,2026-09-03T19:35:03.345644+00:00
2026-07-13,228.1,240.0,223.0,229.0,20459,229.0,2026-09-03T19:35:03.345644+00:00
2026-07-14,229.0,230.9,223.0,226.0,44919,226.0,2026-09-03T19:35:03.345644+00:00
2026-07-15,227.5,235.9,226.6,231.0,10896,231.0,2026-09-03T19:35:03.345644+00:00
2026-07-16,233.0,235.0,226.0,235.0,7796,235.0,2026-09-03T19:35:03.345644+00:00
2026-07-17,227.0,248.9,227.0,244.5,33394,244.5,2026-09-03T19:35:03.345644+00:00
2026-07-20,240.0,248.8,233.0,246.9,18310,246.9,2026-09-03T19:35:03.345644+00:00
2026-07-21,247.0,248.0,235.4,244.5,33353,244.5,2026-09-03T19:35:03.345644+00:00
2026-07-22,237.3,244.0,237.3,242.9,16493,242.9,2026-09-03T19:35:03.345644+00:00
2026-07-23,242.5,246.0,237.7,245.0,12010,245.0,2026-09-03T19:35:03.345644+00:00
2026-07-24,240.0,246.8,240.0,241.5,9321,241.5,2026-09-03T19:35:03.345644+00:00
2026-07-27,240.8,245.0,235.0,243.8,8338,243.8,2026-09-03T19:35:03.345644+00:00
2026-07-28,236.5,243.0,236.5,242.9,8180,242.9,2026-09-03T19:35:03.345644+00:00
2026-07-29,237.0,243.1,237.0,243.0,7798,243.0,2026-09-03T19:35:03.345644+00:00
2026-07-30,241.9,245.0,237.5,245.0,10825,245.0,2026-09-03T19:35:03.345644+00:00
2026-07-31,248.0,248.0,235.6,242.0,14192,242.0,2026-09-03T19:35:03.345644+00:00
2026-08-03,239.2,243.9,238.2,240.9,16325,240.9,2026-09-03T19:35:03.345644+00:00
2026-08-04,241.0,241.0,235.1,240.8,22641,240.8,2026-09-03T19:35:03.345644+00:00
2026-08-05,246.0,246.0,238.7,241.7,4821,241.7,2026-09-03T19:35:03.345644+00:00
2026-08-06,239.5,242.9,237.4,239.9,14350,239.9,2026-09-03T19:35:03.345644+00:00
2026-08-07,237.7,242.0,237.5,242.0,3176,242.0,2026-09-03T19:35:03.345644+00:00
2026-08-10,241.0,241.5,236.2,240.9,7666,240.9,2026-09-03T19:35:03.345644+00:00
2026-08-11,238.0,242.0,235.2,242.0,7638,242.0,2026-09-03T19:35:03.345644+00:00
2026-08-12,254.1,254.1,234.8,240.0,4858,240.0,2026-09-03T19:35:03.345644+00:00
2026-08-13,228.0,247.9,228.0,244.0,18187,244.0,2026-09-03T19:35:03.345644+00:00
2026-08-14,242.1,245.0,242.1,244.9,20572,244.9,2026-09-03T19:35:03.345644+00:00
2026-08-17,245.2,246.0,242.0,243.8,25236,243.8,2026-09-03T19:35:03.345644+00:00
2026-08-18,240.1,243.9,240.1,241.9,11983,241.9,2026-09-03T19:35:03.345644+00:00
2026-08-19,236.6,243.0,236.5,242.4,11085,242.4,2026-09-03T19:35:03.345644+00:00
2026-08-20,237.0,245.0,237.0,244.6,10655,244.6,2026-09-03T19:35:03.345644+00:00
2026-08-21,246.0,249.7,239.0,244.0,19873,244.0,2026-09-03T19:35:03.345644+00:00
2026-08-24,239.1,244.0,239.1,241.8,13016,241.8,2026-09-03T19:35:03.345644+00:00
2026-08-25,239.2,242.9,235.0,239.0,9875,239.0,2026-09-03T19:35:03.345644+00:00
2026-08-26,236.2,239.2,230.1,237.8,23992,237.8,2026-09-03T19:35:03.345644+00:00
2026-08-27,230.7,240.0,226.1,238.8,15056,238.8,2026-09-03T19:35:03.345644+00:00
2026-08-31,236.0,236.0,226.0,233.9,8450,233.9,2026-09-03T19:35:03.345644+00:00
2026-09-01,226.9,236.7,226.9,231.0,7622,231.0,2026-09-03T19:35:03.345644+00:00
2026-09-02,230.0,236.9,226.0,236.9,2653,236.9,2026-09-03T19:35:03.345644+00:00
2026-09-03,235.0,236.8,232.0,235.5,2318,235.5,2026-09-03T19:35:03.345644+00:00
