date,open,high,low,close,volume,adj_close,fetched_at
2017-02-07,234.0,234.0,228.0,232.0,2431,232.0,2026-09-03T19:34:05.547109+00:00
2017-02-08,232.0,245.0,231.0,245.0,11204,245.0,2026-09-03T19:34:05.547109+00:00
2017-02-09,245.0,251.0,231.0,240.0,24264,240.0,2026-09-03T19:34:05.547109+00:00
2017-02-12,240.0,236.0,220.0,221.0,12830,221.0,2026-09-03T19:34:05.547109+00:00
2017-02-13,221.0,232.0,201.0,228.0,9848,228.0,2026-09-03T19:34:05.547109+00:00
2017-02-14,228.0,232.0,220.0,224.0,10215,224.0,2026-09-03T19:34:05.547109+00:00
2017-02-15,224.0,238.0,227.0,236.0,9269,236.0,2026-09-03T19:34:05.547109+00:00
2017-02-16,236.0,244.0,230.0,240.0,11339,240.0,2026-09-03T19:34:05.547109+00:00
2017-02-19,240.0,242.0,234.0,240.0,7194,240.0,2026-09-03T19:34:05.547109+00:00
2017-02-20,240.0,244.0,233.0,235.0,6048,235.0,2026-09-03T19:34:05.547109+00:00
2017-02-21,235.0,246.0,235.0,235.0,11285,235.0,2026-09-03T19:34:05.547109+00:00
2017-02-22,235.0,252.0,232.0,251.0,23669,251.0,2026-09-03T19:34:05.547109+00:00
2017-02-23,251.0,271.0,252.0,260.0,42316,260.0,2026-09-03T19:34:05.547109+00:00
2017-02-26,260.0,265.0,250.0,259.0,19321,259.0,2026-09-03T19:34:05.547109+00:00
2017-02-28,259.0,261.0,246.0,248.0,310966,248.0,2026-09-03T19:34:05.547109+00:00
2017-03-01,248.0,259.0,245.0,250.0,7707,250.0,2026-09-03T19:34:05.547109+00:00
2017-03-02,250.0,258.0,250.0,250.0,13144,250.0,2026-09-03T19:34:05.547109+00:00
2017-03-05,250.0,261.0,253.0,256.0,7909,256.0,2026-09-03T19:34:05.547109+00:00
2017-03-06,256.0,256.0,248.0,249.0,5126,249.0,2026-09-03T19:34:05.547109+00:00
2017-03-07,249.0,253.0,251.0,251.0,194,251.0,2026-09-03T19:34:05.547109+00:00
2017-03-09,251.0,248.0,248.0,248.0,122,248.0,2026-09-03T19:34:05.547109+00:00
2017-03-13,248.0,248.0,238.0,240.0,9135,240.0,2026-09-03T19:34:05.547109+00:00
2017-03-14,240.0,240.0,226.0,228.0,19713,228.0,2026-09-03T19:34:05.547109+00:00
2017-08-13,219.0,240.0,223.0,240.0,192,240.0,2026-09-03T19:34:05.547109+00:00
2017-08-15,240.0,264.0,244.0,264.0,112861,264.0,2026-09-03T19:34:05.547109+00:00
2017-08-16,264.0,274.0,250.0,253.0,61187,253.0,2026-09-03T19:34:05.547109+00:00
2017-08-17,253.0,258.0,250.0,255.0,18577,255.0,2026-09-03T19:34:05.547109+00:00
2017-08-20,255.0,256.0,245.0,249.0,12602,249.0,2026-09-03T19:34:05.547109+00:00
2017-08-21,249.0,251.0,241.0,246.0,4225,246.0,2026-09-03T19:34:05.547109+00:00
2017-08-22,246.0,255.0,244.0,248.0,8606,248.0,2026-09-03T19:34:05.547109+00:00
2017-08-23,248.0,252.0,244.0,245.0,6056,245.0,2026-09-03T19:34:05.547109+00:00
2017-08-24,245.0,249.0,245.0,248.0,14584,248.0,2026-09-03T19:34:05.547109+00:00
2017-08-27,248.0,252.0,242.0,245.0,25857,245.0,2026-09-03T19:34:05.547109+00:00
2017-08-28,245.0,245.0,234.0,238.0,20147,238.0,2026-09-03T19:34:05.547109+00:00
2017-08-30,238.0,242.0,229.0,234.0,32015,234.0,2026-09-03T19:34:05.547109+00:00
2017-08-31,234.0,238.0,228.0,230.0,32649,230.0,2026-09-03T19:34:05.547109+00:00
2017-09-04,230.0,239.0,225.0,230.0,124846,230.0,2026-09-03T19:34:05.547109+00:00
2017-09-06,230.0,235.0,226.0,233.0,18204,233.0,2026-09-03T19:34:05.547109+00:00
2017-09-07,233.0,233.0,224.0,227.0,26831,227.0,2026-09-03T19:34:05.547109+00:00
2017-09-10,227.0,225.0,218.0,220.0,23074,220.0,2026-09-03T19:34:05.547109+00:00
2017-09-11,220.0,225.0,218.0,223.0,15650,223.0,2026-09-03T19:34:05.547109+00:00
2017-09-12,223.0,225.0,216.0,219.0,10514,219.0,2026-09-03T19:34:05.547109+00:00
2017-09-13,219.0,224.0,218.0,218.0,10069,218.0,2026-09-03T19:34:05.547109+00:00
2017-09-14,218.0,230.0,215.0,220.0,35355,220.0,2026-09-03T19:34:05.547109+00:00
2017-09-17,220.0,227.0,218.0,225.0,11085,225.0,2026-09-03T19:34:05.547109+00:00
2017-09-18,225.0,229.0,220.0,228.0,12721,228.0,2026-09-03T19:34:05.547109+00:00
2017-09-20,228.0,224.0,220.0,224.0,10210,224.0,2026-09-03T19:34:05.547109+00:00
2017-09-24,224.0,225.0,220.0,222.0,8815,222.0,2026-09-03T19:34:05.547109+00:00
2017-09-25,222.0,227.0,220.0,223.0,6592,223.0,2026-09-03T19:34:05.547109+00:00
2017-09-26,223.0,227.0,222.0,224.0,8594,224.0,2026-09-03T19:34:05.547109+00:00
2017-10-03,224.0,226.0,216.0,226.0,6800,226.0,2026-09-03T19:34:05.547109+00:00
2017-10-04,226.0,225.0,222.0,222.0,3692,222.0,2026-09-03T19:34:05.547109+00:00
2017-10-08,222.0,220.0,215.0,220.0,24867,220.0,2026-09-03T19:34:05.547109+00:00
2017-10-09,220.0,219.0,214.0,219.0,15913,219.0,2026-09-03T19:34:05.547109+00:00
2017-10-10,219.0,224.0,219.0,220.0,2470,220.0,2026-09-03T19:34:05.547109+00:00
2017-10-11,220.0,223.0,218.0,218.0,6723,218.0,2026-09-03T19:34:05.547109+00:00
2017-10-12,218.0,224.0,216.0,217.0,10594,217.0,2026-09-03T19:34:05.547109+00:00
2017-10-15,217.0,225.0,217.0,220.0,10365,220.0,2026-09-03T19:34:05.547109+00:00
2017-10-16,220.0,228.0,220.0,227.0,12111,227.0,2026-09-03T19:34:05.547109+00:00
2017-10-17,227.0,229.0,219.0,224.0,10538,224.0,2026-09-03T19:34:05.547109+00:00
2017-10-18,224.0,228.0,222.0,227.0,9833,227.0,2026-09-03T19:34:05.547109+00:00
2017-10-22,227.0,231.0,225.0,227.0,8875,227.0,2026-09-03T19:34:05.547109+00:00
2017-10-23,227.0,229.0,223.0,226.0,9180,226.0,2026-09-03T19:34:05.547109+00:00
2017-10-24,226.0,227.0,223.0,224.0,7539,224.0,2026-09-03T19:34:05.547109+00:00
2017-10-25,224.0,225.0,221.0,223.0,2109,223.0,2026-09-03T19:34:05.547109+00:00
2017-10-29,223.0,227.0,223.0,224.0,4374,224.0,2026-09-03T19:34:05.547109+00:00
2017-10-30,224.0,226.0,221.0,223.0,15472,223.0,2026-09-03T19:34:05.547109+00:00
2017-10-31,223.0,226.0,221.0,222.0,5081,222.0,2026-09-03T19:34:05.547109+00:00
2017-11-01,222.0,225.0,221.0,221.0,2697,221.0,2026-09-03T19:34:05.547109+00:00
2017-11-02,221.0,224.0,221.0,223.0,2245,223.0,2026-09-03T19:34:05.547109+00:00
2017-11-05,223.0,225.0,219.0,219.0,5728,219.0,2026-09-03T19:34:05.547109+00:00
2017-11-06,219.0,223.0,217.0,218.0,11221,218.0,2026-09-03T19:34:05.547109+00:00
2017-11-07,218.0,223.0,218.0,220.0,5953,220.0,2026-09-03T19:34:05.547109+00:00
2017-11-08,220.0,218.0,214.0,216.0,4171,216.0,2026-09-03T19:34:05.547109+00:00
2017-11-09,216.0,212.0,204.0,209.0,9096,209.0,2026-09-03T19:34:05.547109+00:00
2017-11-12,209.0,217.0,209.0,217.0,5340,217.0,2026-09-03T19:34:05.547109+00:00
2017-11-13,217.0,222.0,217.0,220.0,3594,220.0,2026-09-03T19:34:05.547109+00:00
2017-11-14,220.0,220.0,217.0,220.0,5617,220.0,2026-09-03T19:34:05.547109+00:00
2017-11-15,220.0,220.0,215.0,216.0,6802,216.0,2026-09-03T19:34:05.547109+00:00
2017-11-16,216.0,213.0,208.0,211.0,1735,211.0,2026-09-03T19:34:05.547109+00:00
2017-11-19,211.0,212.0,209.0,210.0,1755,210.0,2026-09-03T19:34:05.547109+00:00
2017-11-20,210.0,209.0,205.0,205.0,9937,205.0,2026-09-03T19:34:05.547109+00:00
2017-11-21,205.0,208.0,202.0,204.0,2745,204.0,2026-09-03T19:34:05.547109+00:00
2017-11-22,204.0,208.0,205.0,207.0,9276,207.0,2026-09-03T19:34:05.547109+00:00
2017-11-23,207.0,214.0,204.0,206.0,4963,206.0,2026-09-03T19:34:05.547109+00:00
2017-11-26,206.0,213.0,203.0,212.0,6835,212.0,2026-09-03T19:34:05.547109+00:00
2017-11-27,212.0,214.0,208.0,214.0,1748,214.0,2026-09-03T19:34:05.547109+00:00
2017-11-28,214.0,213.0,209.0,212.0,3325,212.0,2026-09-03T19:34:05.547109+00:00
2017-11-29,212.0,218.0,210.0,215.0,3007,215.0,2026-09-03T19:34:05.547109+00:00
2017-11-30,215.0,218.0,212.0,213.0,4579,213.0,2026-09-03T19:34:05.547109+00:00
2017-12-04,213.0,211.0,208.0,211.0,730,211.0,2026-09-03T19:34:05.547109+00:00
2017-12-05,211.0,212.0,208.0,208.0,2384,208.0,2026-09-03T19:34:05.547109+00:00
2017-12-06,208.0,212.0,208.0,208.0,8391,208.0,2026-09-03T19:34:05.547109+00:00
2017-12-10,208.0,214.0,210.0,210.0,550,210.0,2026-09-03T19:34:05.547109+00:00
2017-12-11,210.0,218.0,206.0,214.0,4518,214.0,2026-09-03T19:34:05.547109+00:00
2017-12-12,214.0,212.0,210.0,212.0,950,212.0,2026-09-03T19:34:05.547109+00:00
2017-12-13,212.0,212.0,208.0,211.0,2909,211.0,2026-09-03T19:34:05.547109+00:00
2017-12-14,211.0,210.0,207.0,207.0,1720,207.0,2026-09-03T19:34:05.547109+00:00
2017-12-17,207.0,215.0,208.0,210.0,4564,210.0,2026-09-03T19:34:05.547109+00:00
2017-12-18,210.0,210.0,207.0,210.0,8818,210.0,2026-09-03T19:34:05.547109+00:00
2017-12-19,210.0,213.0,206.0,206.0,4395,206.0,2026-09-03T19:34:05.547109+00:00
2017-12-20,206.0,210.0,206.0,209.0,3428,209.0,2026-09-03T19:34:05.547109+00:00
2017-12-21,209.0,206.0,202.0,206.0,2483,206.0,2026-09-03T19:34:05.547109+00:00
2017-12-24,206.0,208.0,202.0,204.0,7452,204.0,2026-09-03T19:34:05.547109+00:00
2017-12-26,204.0,205.0,196.0,201.0,13141,201.0,2026-09-03T19:34:05.547109+00:00
2017-12-27,201.0,199.0,193.0,194.0,8210,194.0,2026-09-03T19:34:05.547109+00:00
2017-12-28,194.0,198.0,188.0,198.0,21316,198.0,2026-09-03T19:34:05.547109+00:00
2017-12-31,198.0,195.0,186.0,190.0,6141,190.0,2026-09-03T19:34:05.547109+00:00
2018-01-01,190.0,193.0,190.0,190.0,14903,190.0,2026-09-03T19:34:05.547109+00:00
2018-01-02,190.0,195.0,191.0,192.0,7639,192.0,2026-09-03T19:34:05.547109+00:00
2018-01-03,192.0,190.0,188.0,188.0,2444,188.0,2026-09-03T19:34:05.547109+00:00
2018-01-04,188.0,193.0,187.0,192.0,3548,192.0,2026-09-03T19:34:05.547109+00:00
2018-01-07,192.0,194.0,189.0,191.0,5112,191.0,2026-09-03T19:34:05.547109+00:00
2018-01-08,191.0,191.0,187.0,191.0,2423,191.0,2026-09-03T19:34:05.547109+00:00
2018-01-09,191.0,194.0,190.0,193.0,3998,193.0,2026-09-03T19:34:05.547109+00:00
2018-01-10,193.0,191.0,189.0,190.0,3636,190.0,2026-09-03T19:34:05.547109+00:00
2018-01-14,190.0,190.0,182.0,182.0,13679,182.0,2026-09-03T19:34:05.547109+00:00
2018-01-16,182.0,180.0,175.0,176.0,12970,176.0,2026-09-03T19:34:05.547109+00:00
2018-01-17,176.0,180.0,173.0,179.0,7672,179.0,2026-09-03T19:34:05.547109+00:00
2018-01-21,179.0,183.0,180.0,181.0,9708,181.0,2026-09-03T19:34:05.547109+00:00
2018-01-22,181.0,184.0,180.0,182.0,6425,182.0,2026-09-03T19:34:05.547109+00:00
2018-01-23,182.0,183.0,181.0,182.0,2621,182.0,2026-09-03T19:34:05.547109+00:00
2018-01-24,182.0,187.0,182.0,187.0,4993,187.0,2026-09-03T19:34:05.547109+00:00
2018-01-25,187.0,184.0,181.0,184.0,1709,184.0,2026-09-03T19:34:05.547109+00:00
2018-01-28,184.0,187.0,183.0,187.0,4781,187.0,2026-09-03T19:34:05.547109+00:00
2018-01-29,187.0,190.0,183.0,187.0,4012,187.0,2026-09-03T19:34:05.547109+00:00
2018-01-31,187.0,190.0,187.0,188.0,4939,188.0,2026-09-03T19:34:05.547109+00:00
2018-02-01,188.0,190.0,188.0,188.0,1722,188.0,2026-09-03T19:34:05.547109+00:00
2018-02-04,188.0,193.0,189.0,192.0,4319,192.0,2026-09-03T19:34:05.547109+00:00
2018-02-05,192.0,195.0,189.0,190.0,673,190.0,2026-09-03T19:34:05.547109+00:00
2018-02-06,190.0,193.0,188.0,190.0,2274,190.0,2026-09-03T19:34:05.547109+00:00
2018-02-07,190.0,190.0,186.0,190.0,2861,190.0,2026-09-03T19:34:05.547109+00:00
2018-02-08,190.0,192.0,187.0,190.0,14424,190.0,2026-09-03T19:34:05.547109+00:00
2018-02-11,190.0,191.0,187.0,191.0,785,191.0,2026-09-03T19:34:05.547109+00:00
2018-02-12,191.0,190.0,188.0,190.0,704,190.0,2026-09-03T19:34:05.547109+00:00
2018-02-14,190.0,190.0,187.0,188.0,2559,188.0,2026-09-03T19:34:05.547109+00:00
2018-02-15,188.0,197.0,191.0,195.0,6611,195.0,2026-09-03T19:34:05.547109+00:00
2018-02-18,192.0,194.0,190.0,190.0,2323,190.0,2026-09-03T19:34:05.547109+00:00
2018-02-20,191.0,192.0,189.0,190.0,4636,190.0,2026-09-03T19:34:05.547109+00:00
2018-02-21,187.0,191.0,187.0,190.0,1584,190.0,2026-09-03T19:34:05.547109+00:00
2018-02-22,189.0,191.0,189.0,190.0,5376,190.0,2026-09-03T19:34:05.547109+00:00
2018-02-25,189.0,190.0,188.0,188.0,4992,188.0,2026-09-03T19:34:05.547109+00:00
2018-02-26,186.0,187.0,185.0,186.0,5821,186.0,2026-09-03T19:34:05.547109+00:00
2018-02-27,185.0,189.0,182.0,187.0,8501,187.0,2026-09-03T19:34:05.547109+00:00
2018-02-28,184.0,185.0,182.0,185.0,3650,185.0,2026-09-03T19:34:05.547109+00:00
2018-03-04,182.0,182.0,173.0,179.0,3794,179.0,2026-09-03T19:34:05.547109+00:00
2018-03-05,180.0,180.0,175.0,176.0,6810,176.0,2026-09-03T19:34:05.547109+00:00
2018-03-06,178.0,184.0,173.0,184.0,9284,184.0,2026-09-03T19:34:05.547109+00:00
2018-03-07,184.0,187.0,182.0,182.0,6764,182.0,2026-09-03T19:34:05.547109+00:00
2018-03-11,180.0,182.0,177.0,182.0,493,182.0,2026-09-03T19:34:05.547109+00:00
2018-03-12,179.0,179.0,173.0,177.0,3114,177.0,2026-09-03T19:34:05.547109+00:00
2018-03-13,177.0,177.0,174.0,177.0,2049,177.0,2026-09-03T19:34:05.547109+00:00
2018-03-14,176.0,178.0,175.0,178.0,1271,178.0,2026-09-03T19:34:05.547109+00:00
2018-03-15,175.0,181.0,175.0,179.0,11346,179.0,2026-09-03T19:34:05.547109+00:00
2018-03-18,179.0,179.0,175.0,175.0,9491,175.0,2026-09-03T19:34:05.547109+00:00
2018-03-19,173.0,177.0,173.0,176.0,33501,176.0,2026-09-03T19:34:05.547109+00:00
2018-03-20,173.0,176.0,173.0,175.0,4795,175.0,2026-09-03T19:34:05.547109+00:00
2018-03-21,173.0,176.0,173.0,174.0,1519,174.0,2026-09-03T19:34:05.547109+00:00
2018-03-22,174.0,175.0,168.0,168.0,22227,168.0,2026-09-03T19:34:05.547109+00:00
2018-03-26,165.0,173.0,160.0,160.0,17218,160.0,2026-09-03T19:34:05.547109+00:00
2018-03-27,161.0,169.0,158.0,166.0,14083,166.0,2026-09-03T19:34:05.547109+00:00
2018-03-28,165.0,169.0,164.0,167.0,11053,167.0,2026-09-03T19:34:05.547109+00:00
2018-03-29,170.0,172.0,168.0,170.0,9531,170.0,2026-09-03T19:34:05.547109+00:00
2018-04-01,168.0,169.0,164.0,164.0,3865,164.0,2026-09-03T19:34:05.547109+00:00
2018-04-02,161.0,169.0,161.0,168.0,4112,168.0,2026-09-03T19:34:05.547109+00:00
2018-04-03,171.0,171.0,165.0,167.0,6100,167.0,2026-09-03T19:34:05.547109+00:00
2018-04-04,170.0,175.0,169.0,175.0,10464,175.0,2026-09-03T19:34:05.547109+00:00
2018-04-05,175.0,179.0,173.0,179.0,7369,179.0,2026-09-03T19:34:05.547109+00:00
2018-04-08,180.0,190.0,179.0,183.0,7069,183.0,2026-09-03T19:34:05.547109+00:00
2018-04-09,185.0,185.0,180.0,180.0,4893,180.0,2026-09-03T19:34:05.547109+00:00
2018-04-10,177.0,177.0,175.0,175.0,1955,175.0,2026-09-03T19:34:05.547109+00:00
2018-04-11,172.0,177.0,170.0,173.0,2106,173.0,2026-09-03T19:34:05.547109+00:00
2018-04-12,171.0,176.0,168.0,176.0,2437,176.0,2026-09-03T19:34:05.547109+00:00
2018-04-15,176.0,176.0,173.0,173.0,1975,173.0,2026-09-03T19:34:05.547109+00:00
2018-04-16,174.0,186.0,174.0,186.0,12232,186.0,2026-09-03T19:34:05.547109+00:00
2018-04-17,183.0,192.0,183.0,192.0,24335,192.0,2026-09-03T19:34:05.547109+00:00
2018-04-18,195.0,205.0,190.0,195.0,16332,195.0,2026-09-03T19:34:05.547109+00:00
2018-04-19,198.0,201.0,192.0,196.0,20831,196.0,2026-09-03T19:34:05.547109+00:00
2018-04-22,194.0,199.0,190.0,199.0,18742,199.0,2026-09-03T19:34:05.547109+00:00
2018-04-23,199.0,201.0,189.0,193.0,9281,193.0,2026-09-03T19:34:05.547109+00:00
2018-04-24,195.0,195.0,187.0,190.0,2370,190.0,2026-09-03T19:34:05.547109+00:00
2018-04-25,188.0,190.0,184.0,186.0,11315,186.0,2026-09-03T19:34:05.547109+00:00
2018-04-26,185.0,185.0,184.0,184.0,4360,184.0,2026-09-03T19:34:05.547109+00:00
2018-04-29,181.0,187.0,181.0,185.0,5617,185.0,2026-09-03T19:34:05.547109+00:00
2018-05-02,188.0,188.0,179.0,187.0,4070,187.0,2026-09-03T19:34:05.547109+00:00
2018-05-03,190.0,190.0,185.0,187.0,4105,187.0,2026-09-03T19:34:05.547109+00:00
2018-05-06,185.0,187.0,183.0,184.0,3607,184.0,2026-09-03T19:34:05.547109+00:00
2018-05-07,183.0,184.0,180.0,184.0,1918,184.0,2026-09-03T19:34:05.547109+00:00
2018-05-08,183.0,186.0,181.0,186.0,3600,186.0,2026-09-03T19:34:05.547109+00:00
2018-05-09,188.0,189.0,183.0,185.0,6832,185.0,2026-09-03T19:34:05.547109+00:00
2018-05-10,183.0,185.0,181.0,184.0,5432,184.0,2026-09-03T19:34:05.547109+00:00
2018-05-14,184.0,184.0,181.0,181.0,2393,181.0,2026-09-03T19:34:05.547109+00:00
2018-05-15,179.0,181.0,179.0,181.0,165,181.0,2026-09-03T19:34:05.547109+00:00
2018-05-16,181.0,184.0,181.0,182.0,2095,182.0,2026-09-03T19:34:05.547109+00:00
2018-05-17,183.0,185.0,182.0,183.0,2167,183.0,2026-09-03T19:34:05.547109+00:00
2018-05-20,185.0,186.0,182.0,182.0,5820,182.0,2026-09-03T19:34:05.547109+00:00
2018-05-21,179.0,183.0,179.0,181.0,684,181.0,2026-09-03T19:34:05.547109+00:00
2018-05-22,180.0,182.0,180.0,181.0,952,181.0,2026-09-03T19:34:05.547109+00:00
2018-05-23,181.0,183.0,180.0,180.0,2440,180.0,2026-09-03T19:34:05.547109+00:00
2018-05-24,180.0,180.0,179.0,179.0,3814,179.0,2026-09-03T19:34:05.547109+00:00
2018-05-27,177.0,180.0,176.0,177.0,1293,177.0,2026-09-03T19:34:05.547109+00:00
2018-05-28,175.0,183.0,175.0,181.0,49155,181.0,2026-09-03T19:34:05.547109+00:00
2018-05-29,180.0,185.0,180.0,184.0,6283,184.0,2026-09-03T19:34:05.547109+00:00
2018-05-30,181.0,187.0,181.0,183.0,4623,183.0,2026-09-03T19:34:05.547109+00:00
2018-05-31,180.0,181.0,178.0,178.0,3761,178.0,2026-09-03T19:34:05.547109+00:00
2018-06-03,179.0,179.0,176.0,177.0,4008,177.0,2026-09-03T19:34:05.547109+00:00
2018-06-04,177.0,177.0,175.0,175.0,200,175.0,2026-09-03T19:34:05.547109+00:00
2018-06-06,178.0,181.0,178.0,178.0,2835,178.0,2026-09-03T19:34:05.547109+00:00
2018-06-07,176.0,178.0,173.0,175.0,6995,175.0,2026-09-03T19:34:05.547109+00:00
2018-06-10,173.0,174.0,172.0,172.0,4250,172.0,2026-09-03T19:34:05.547109+00:00
2018-06-11,170.0,175.0,168.0,170.0,17492,170.0,2026-09-03T19:34:05.547109+00:00
2018-06-12,170.0,172.0,170.0,170.0,131,170.0,2026-09-03T19:34:05.547109+00:00
2018-06-13,168.0,171.0,165.0,169.0,806,169.0,2026-09-03T19:34:05.547109+00:00
2018-06-14,168.0,173.0,168.0,168.0,2780,168.0,2026-09-03T19:34:05.547109+00:00
2018-06-17,171.0,175.0,165.0,165.0,3021,165.0,2026-09-03T19:34:05.547109+00:00
2018-06-18,165.0,168.0,165.0,167.0,540,167.0,2026-09-03T19:34:05.547109+00:00
2018-06-19,167.0,167.0,165.0,167.0,4660,167.0,2026-09-03T19:34:05.547109+00:00
2018-06-20,168.0,168.0,165.0,168.0,3358,168.0,2026-09-03T19:34:05.547109+00:00
2018-06-21,166.0,169.0,165.0,167.0,5060,167.0,2026-09-03T19:34:05.547109+00:00
2018-06-24,168.0,173.0,168.0,170.0,11993,170.0,2026-09-03T19:34:05.547109+00:00
2018-06-25,172.0,172.0,169.0,169.0,6920,169.0,2026-09-03T19:34:05.547109+00:00
2018-06-26,168.0,168.0,165.0,166.0,1134,166.0,2026-09-03T19:34:05.547109+00:00
2018-06-27,169.0,169.0,169.0,169.0,100,169.0,2026-09-03T19:34:05.547109+00:00
2018-06-28,170.0,170.0,168.0,169.0,7246,169.0,2026-09-03T19:34:05.547109+00:00
2018-07-01,166.0,167.0,164.0,166.0,2734,166.0,2026-09-03T19:34:05.547109+00:00
2018-07-02,163.0,167.0,163.0,167.0,614,167.0,2026-09-03T19:34:05.547109+00:00
2018-07-03,164.0,170.0,164.0,170.0,10924,170.0,2026-09-03T19:34:05.547109+00:00
2018-07-04,169.0,170.0,167.0,169.0,2733,169.0,2026-09-03T19:34:05.547109+00:00
2018-07-05,168.0,175.0,168.0,175.0,11065,175.0,2026-09-03T19:34:05.547109+00:00
2018-07-08,172.0,178.0,172.0,178.0,46695,178.0,2026-09-03T19:34:05.547109+00:00
2018-07-09,179.0,179.0,169.0,170.0,1928,170.0,2026-09-03T19:34:05.547109+00:00
2018-07-10,167.0,175.0,167.0,171.0,5195,171.0,2026-09-03T19:34:05.547109+00:00
2018-07-11,168.0,171.0,168.0,171.0,4214,171.0,2026-09-03T19:34:05.547109+00:00
2018-07-12,172.0,173.0,169.0,169.0,1231,169.0,2026-09-03T19:34:05.547109+00:00
2018-07-15,166.0,170.0,165.0,170.0,8257,170.0,2026-09-03T19:34:05.547109+00:00
2018-07-16,170.0,173.0,170.0,171.0,140,171.0,2026-09-03T19:34:05.547109+00:00
2018-07-17,172.0,174.0,171.0,174.0,636,174.0,2026-09-03T19:34:05.547109+00:00
2018-07-18,171.0,173.0,171.0,173.0,1243,173.0,2026-09-03T19:34:05.547109+00:00
2018-07-19,172.0,174.0,172.0,173.0,1188,173.0,2026-09-03T19:34:05.547109+00:00
2018-07-22,172.0,176.0,171.0,173.0,3398,173.0,2026-09-03T19:34:05.547109+00:00
2018-07-23,175.0,177.0,174.0,175.0,3852,175.0,2026-09-03T19:34:05.547109+00:00
2018-07-24,175.0,181.0,173.0,175.0,4460,175.0,2026-09-03T19:34:05.547109+00:00
2018-07-25,176.0,178.0,175.0,175.0,3191,175.0,2026-09-03T19:34:05.547109+00:00
2018-07-26,178.0,186.0,178.0,180.0,12252,180.0,2026-09-03T19:34:05.547109+00:00
2018-07-29,180.0,181.0,179.0,179.0,22470,179.0,2026-09-03T19:34:05.547109+00:00
2018-07-30,178.0,183.0,178.0,183.0,12993,183.0,2026-09-03T19:34:05.547109+00:00
2018-07-31,183.0,185.0,182.0,182.0,8703,182.0,2026-09-03T19:34:05.547109+00:00
2018-08-01,182.0,188.0,182.0,186.0,14857,186.0,2026-09-03T19:34:05.547109+00:00
2018-08-02,189.0,189.0,184.0,186.0,5852,186.0,2026-09-03T19:34:05.547109+00:00
2018-08-05,188.0,193.0,188.0,193.0,7573,193.0,2026-09-03T19:34:05.547109+00:00
2018-08-06,190.0,190.0,187.0,190.0,3584,190.0,2026-09-03T19:34:05.547109+00:00
2018-08-07,191.0,192.0,189.0,190.0,5485,190.0,2026-09-03T19:34:05.547109+00:00
2018-08-08,189.0,189.0,188.0,189.0,2361,189.0,2026-09-03T19:34:05.547109+00:00
2018-08-09,190.0,190.0,186.0,186.0,4326,186.0,2026-09-03T19:34:05.547109+00:00
2018-08-12,185.0,188.0,185.0,185.0,4359,185.0,2026-09-03T19:34:05.547109+00:00
2018-08-13,185.0,188.0,182.0,188.0,2536,188.0,2026-09-03T19:34:05.547109+00:00
2018-08-14,187.0,192.0,187.0,192.0,3020,192.0,2026-09-03T19:34:05.547109+00:00
2018-08-15,191.0,198.0,189.0,198.0,5405,198.0,2026-09-03T19:34:05.547109+00:00
2018-08-16,195.0,195.0,192.0,193.0,9905,193.0,2026-09-03T19:34:05.547109+00:00
2018-08-19,196.0,196.0,190.0,190.0,2713,190.0,2026-09-03T19:34:05.547109+00:00
2018-08-20,187.0,191.0,186.0,190.0,2738,190.0,2026-09-03T19:34:05.547109+00:00
2018-08-21,187.0,193.0,187.0,193.0,1404,193.0,2026-09-03T19:34:05.547109+00:00
2018-08-22,190.0,194.0,187.0,189.0,7306,189.0,2026-09-03T19:34:05.547109+00:00
2018-08-23,187.0,190.0,187.0,187.0,5839,187.0,2026-09-03T19:34:05.547109+00:00
2018-08-26,188.0,193.0,188.0,190.0,2747,190.0,2026-09-03T19:34:05.547109+00:00
2018-08-28,193.0,199.0,190.0,190.0,48038,190.0,2026-09-03T19:34:05.547109+00:00
2018-08-29,191.0,193.0,189.0,191.0,8879,191.0,2026-09-03T19:34:05.547109+00:00
2018-08-30,192.0,192.0,190.0,191.0,7807,191.0,2026-09-03T19:34:05.547109+00:00
2018-09-02,191.0,194.0,190.0,191.0,8213,191.0,2026-09-03T19:34:05.547109+00:00
2018-09-03,193.0,195.0,190.0,190.0,8466,190.0,2026-09-03T19:34:05.547109+00:00
2018-09-04,191.0,194.0,190.0,193.0,17813,193.0,2026-09-03T19:34:05.547109+00:00
2018-09-05,191.0,197.0,191.0,197.0,13353,197.0,2026-09-03T19:34:05.547109+00:00
2018-09-06,197.0,198.0,192.0,193.0,13635,193.0,2026-09-03T19:34:05.547109+00:00
2018-09-09,196.0,196.0,191.0,191.0,7286,191.0,2026-09-03T19:34:05.547109+00:00
2018-09-10,191.0,192.0,190.0,190.0,700,190.0,2026-09-03T19:34:05.547109+00:00
2018-09-11,193.0,196.0,193.0,193.0,9235,193.0,2026-09-03T19:34:05.547109+00:00
2018-09-12,190.0,195.0,187.0,195.0,58808,195.0,2026-09-03T19:34:05.547109+00:00
2018-09-13,192.0,196.0,192.0,194.0,8604,194.0,2026-09-03T19:34:05.547109+00:00
2018-09-16,193.0,200.0,193.0,196.0,9779,196.0,2026-09-03T19:34:05.547109+00:00
2018-09-17,194.0,197.0,194.0,195.0,3297,195.0,2026-09-03T19:34:05.547109+00:00
2018-09-18,195.0,196.0,193.0,195.0,6281,195.0,2026-09-03T19:34:05.547109+00:00
2018-09-20,193.0,198.0,193.0,198.0,13112,198.0,2026-09-03T19:34:05.547109+00:00
2018-09-23,196.0,198.0,195.0,198.0,36147,198.0,2026-09-03T19:34:05.547109+00:00
2018-09-25,201.0,204.0,199.0,205.0,32714,205.0,2026-09-03T19:34:05.547109+00:00
2018-09-26,205.0,205.0,202.0,204.0,12261,204.0,2026-09-03T19:34:05.547109+00:00
2018-09-27,203.0,207.0,202.0,207.0,39980,207.0,2026-09-03T19:34:05.547109+00:00
2018-09-30,189.0,189.0,179.0,180.0,32068,180.0,2026-09-03T19:34:05.547109+00:00
2018-10-01,178.0,180.0,176.0,177.0,7455,177.0,2026-09-03T19:34:05.547109+00:00
2018-10-02,177.0,178.0,177.0,177.0,3816,177.0,2026-09-03T19:34:05.547109+00:00
2018-10-03,177.0,177.0,173.0,173.0,10721,173.0,2026-09-03T19:34:05.547109+00:00
2018-10-04,171.0,177.0,171.0,177.0,3180,177.0,2026-09-03T19:34:05.547109+00:00
2018-10-07,178.0,178.0,171.0,175.0,1983,175.0,2026-09-03T19:34:05.547109+00:00
2018-10-08,172.0,174.0,172.0,173.0,5955,173.0,2026-09-03T19:34:05.547109+00:00
2018-10-09,176.0,177.0,174.0,175.0,1125,175.0,2026-09-03T19:34:05.547109+00:00
2018-10-10,173.0,174.0,173.0,174.0,850,174.0,2026-09-03T19:34:05.547109+00:00
2018-10-11,172.0,177.0,172.0,177.0,213,177.0,2026-09-03T19:34:05.547109+00:00
2018-10-14,177.0,181.0,176.0,181.0,4835,181.0,2026-09-03T19:34:05.547109+00:00
2018-10-15,182.0,182.0,179.0,179.0,8240,179.0,2026-09-03T19:34:05.547109+00:00
2018-10-21,176.0,179.0,176.0,178.0,835,178.0,2026-09-03T19:34:05.547109+00:00
2018-10-22,177.0,183.0,175.0,183.0,2890,183.0,2026-09-03T19:34:05.547109+00:00
2018-10-23,180.0,180.0,178.0,180.0,8023,180.0,2026-09-03T19:34:05.547109+00:00
2018-10-24,180.0,181.0,180.0,181.0,1800,181.0,2026-09-03T19:34:05.547109+00:00
2018-10-25,178.0,180.0,178.0,179.0,2116,179.0,2026-09-03T19:34:05.547109+00:00
2018-10-28,180.0,180.0,175.0,176.0,9458,176.0,2026-09-03T19:34:05.547109+00:00
2018-10-29,173.0,178.0,173.0,177.0,1367,177.0,2026-09-03T19:34:05.547109+00:00
2018-10-30,180.0,180.0,177.0,180.0,7531,180.0,2026-09-03T19:34:05.547109+00:00
2018-10-31,178.0,180.0,177.0,178.0,5100,178.0,2026-09-03T19:34:05.547109+00:00
2018-11-01,176.0,179.0,176.0,179.0,1203,179.0,2026-09-03T19:34:05.547109+00:00
2018-11-04,176.0,178.0,176.0,176.0,3783,176.0,2026-09-03T19:34:05.547109+00:00
2018-11-05,173.0,180.0,173.0,180.0,583,180.0,2026-09-03T19:34:05.547109+00:00
2018-11-06,180.0,178.0,176.0,178.0,70,178.0,2026-09-03T19:34:05.547109+00:00
2018-11-11,178.0,178.0,175.0,175.0,200,175.0,2026-09-03T19:34:05.547109+00:00
2018-11-12,177.0,177.0,174.0,176.0,323,176.0,2026-09-03T19:34:05.547109+00:00
2018-11-13,176.0,181.0,176.0,178.0,1778,178.0,2026-09-03T19:34:05.547109+00:00
2018-11-14,177.0,181.0,177.0,181.0,1626,181.0,2026-09-03T19:34:05.547109+00:00
2018-11-15,178.0,181.0,178.0,180.0,4421,180.0,2026-09-03T19:34:05.547109+00:00
2018-11-18,178.0,180.0,178.0,180.0,2072,180.0,2026-09-03T19:34:05.547109+00:00
2018-11-19,178.0,180.0,176.0,177.0,4078,177.0,2026-09-03T19:34:05.547109+00:00
2018-11-20,179.0,179.0,173.0,173.0,4677,173.0,2026-09-03T19:34:05.547109+00:00
2018-11-21,174.0,176.0,174.0,176.0,2816,176.0,2026-09-03T19:34:05.547109+00:00
2018-11-22,176.0,176.0,173.0,173.0,2590,173.0,2026-09-03T19:34:05.547109+00:00
2018-11-25,173.0,176.0,173.0,176.0,1001,176.0,2026-09-03T19:34:05.547109+00:00
2018-11-26,174.0,174.0,171.0,171.0,5873,171.0,2026-09-03T19:34:05.547109+00:00
2018-11-27,174.0,175.0,172.0,175.0,1967,175.0,2026-09-03T19:34:05.547109+00:00
2018-11-28,172.0,176.0,172.0,174.0,842,174.0,2026-09-03T19:34:05.547109+00:00
2018-11-29,177.0,177.0,172.0,173.0,592,173.0,2026-09-03T19:34:05.547109+00:00
2018-12-02,172.0,174.0,171.0,171.0,4675,171.0,2026-09-03T19:34:05.547109+00:00
2018-12-03,170.0,173.0,170.0,172.0,1746,172.0,2026-09-03T19:34:05.547109+00:00
2018-12-04,170.0,172.0,167.0,172.0,11000,172.0,2026-09-03T19:34:05.547109+00:00
2018-12-05,169.0,170.0,165.0,166.0,7170,166.0,2026-09-03T19:34:05.547109+00:00
2018-12-06,168.0,169.0,165.0,166.0,7375,166.0,2026-09-03T19:34:05.547109+00:00
2018-12-09,168.0,168.0,163.0,164.0,7286,164.0,2026-09-03T19:34:05.547109+00:00
2018-12-10,164.0,169.0,164.0,166.0,8500,166.0,2026-09-03T19:34:05.547109+00:00
2018-12-11,166.0,170.0,166.0,170.0,1061,170.0,2026-09-03T19:34:05.547109+00:00
2018-12-12,171.0,171.0,166.0,167.0,804,167.0,2026-09-03T19:34:05.547109+00:00
2018-12-13,167.0,170.0,167.0,170.0,2730,170.0,2026-09-03T19:34:05.547109+00:00
2018-12-16,170.0,173.0,170.0,170.0,1806,170.0,2026-09-03T19:34:05.547109+00:00
2018-12-17,170.0,175.0,170.0,175.0,885,175.0,2026-09-03T19:34:05.547109+00:00
2018-12-18,172.0,172.0,167.0,168.0,3067,168.0,2026-09-03T19:34:05.547109+00:00
2018-12-19,168.0,169.0,167.0,167.0,2507,167.0,2026-09-03T19:34:05.547109+00:00
2018-12-20,167.0,172.0,167.0,168.0,3339,168.0,2026-09-03T19:34:05.547109+00:00
2018-12-23,171.0,176.0,170.0,175.0,4220,175.0,2026-09-03T19:34:05.547109+00:00
2018-12-24,172.0,175.0,172.0,173.0,1796,173.0,2026-09-03T19:34:05.547109+00:00
2018-12-25,170.0,171.0,168.0,169.0,234,169.0,2026-09-03T19:34:05.547109+00:00
2018-12-26,170.0,176.0,169.0,176.0,2463,176.0,2026-09-03T19:34:05.547109+00:00
2018-12-27,179.0,179.0,174.0,174.0,5884,174.0,2026-09-03T19:34:05.547109+00:00
2018-12-30,175.0,175.0,169.0,173.0,2574,173.0,2026-09-03T19:34:05.547109+00:00
2018-12-31,172.0,172.0,169.0,169.0,5552,169.0,2026-09-03T19:34:05.547109+00:00
2019-01-01,170.0,171.0,169.0,171.0,395,171.0,2026-09-03T19:34:05.547109+00:00
2019-01-02,170.0,170.0,169.0,169.0,2283,169.0,2026-09-03T19:34:05.547109+00:00
2019-01-03,167.0,170.0,167.0,168.0,1470,168.0,2026-09-03T19:34:05.547109+00:00
2019-01-06,169.0,169.0,168.0,168.0,846,168.0,2026-09-03T19:34:05.547109+00:00
2019-01-07,167.0,169.0,167.0,169.0,807,169.0,2026-09-03T19:34:05.547109+00:00
2019-01-08,168.0,169.0,168.0,169.0,801,169.0,2026-09-03T19:34:05.547109+00:00
2019-01-09,169.0,170.0,168.0,168.0,5310,168.0,2026-09-03T19:34:05.547109+00:00
2019-01-10,170.0,170.0,167.0,168.0,1373,168.0,2026-09-03T19:34:05.547109+00:00
2019-01-13,167.0,169.0,167.0,167.0,1342,167.0,2026-09-03T19:34:05.547109+00:00
2019-01-14,166.0,170.0,166.0,167.0,1636,167.0,2026-09-03T19:34:05.547109+00:00
2019-01-15,169.0,175.0,169.0,175.0,2426,175.0,2026-09-03T19:34:05.547109+00:00
2019-01-16,174.0,174.0,168.0,172.0,1490,172.0,2026-09-03T19:34:05.547109+00:00
2019-01-17,172.0,172.0,170.0,170.0,8891,170.0,2026-09-03T19:34:05.547109+00:00
2019-01-20,170.0,171.0,170.0,171.0,1420,171.0,2026-09-03T19:34:05.547109+00:00
2019-01-21,170.0,170.0,168.0,168.0,1040,168.0,2026-09-03T19:34:05.547109+00:00
2019-01-22,168.0,171.0,167.0,170.0,1756,170.0,2026-09-03T19:34:05.547109+00:00
2019-01-23,169.0,172.0,169.0,170.0,2372,170.0,2026-09-03T19:34:05.547109+00:00
2019-01-24,170.0,171.0,169.0,171.0,1575,171.0,2026-09-03T19:34:05.547109+00:00
2019-01-27,168.0,169.0,168.0,169.0,1991,169.0,2026-09-03T19:34:05.547109+00:00
2019-01-28,168.0,170.0,167.0,170.0,2112,170.0,2026-09-03T19:34:05.547109+00:00
2019-01-29,170.0,173.0,169.0,173.0,5147,173.0,2026-09-03T19:34:05.547109+00:00
2019-01-30,173.0,173.0,171.0,172.0,1241,172.0,2026-09-03T19:34:05.547109+00:00
2019-01-31,172.0,174.0,170.0,174.0,4482,174.0,2026-09-03T19:34:05.547109+00:00
2019-02-03,172.0,172.0,169.0,169.0,859,169.0,2026-09-03T19:34:05.547109+00:00
2019-02-04,168.0,174.0,168.0,168.0,5268,168.0,2026-09-03T19:34:05.547109+00:00
2019-02-05,167.0,170.0,167.0,169.0,2719,169.0,2026-09-03T19:34:05.547109+00:00
2019-02-06,169.0,169.0,167.0,167.0,2543,167.0,2026-09-03T19:34:05.547109+00:00
2019-02-07,166.0,170.0,166.0,168.0,1476,168.0,2026-09-03T19:34:05.547109+00:00
2019-02-10,167.0,168.0,165.0,166.0,2056,166.0,2026-09-03T19:34:05.547109+00:00
2019-02-11,164.0,172.0,164.0,172.0,2040,172.0,2026-09-03T19:34:05.547109+00:00
2019-02-12,169.0,169.0,166.0,166.0,7720,166.0,2026-09-03T19:34:05.547109+00:00
2019-02-13,166.0,167.0,163.0,163.0,8791,163.0,2026-09-03T19:34:05.547109+00:00
2019-02-14,160.0,164.0,160.0,163.0,990,163.0,2026-09-03T19:34:05.547109+00:00
2019-02-17,161.0,163.0,160.0,160.0,17501,160.0,2026-09-03T19:34:05.547109+00:00
2019-02-18,163.0,163.0,159.0,160.0,4472,160.0,2026-09-03T19:34:05.547109+00:00
2019-02-19,158.0,163.0,158.0,162.0,2085,162.0,2026-09-03T19:34:05.547109+00:00
2019-02-20,160.0,161.0,160.0,161.0,927,161.0,2026-09-03T19:34:05.547109+00:00
2019-02-21,159.0,161.0,159.0,161.0,153,161.0,2026-09-03T19:34:05.547109+00:00
2019-02-24,160.0,160.0,156.0,156.0,11893,156.0,2026-09-03T19:34:05.547109+00:00
2019-02-25,156.0,159.0,156.0,159.0,1804,159.0,2026-09-03T19:34:05.547109+00:00
2019-02-26,159.0,160.0,157.0,160.0,973,160.0,2026-09-03T19:34:05.547109+00:00
2019-02-27,158.0,159.0,157.0,157.0,1862,157.0,2026-09-03T19:34:05.547109+00:00
2019-03-03,155.0,158.0,155.0,156.0,1732,156.0,2026-09-03T19:34:05.547109+00:00
2019-03-05,155.0,159.0,155.0,157.0,1204,157.0,2026-09-03T19:34:05.547109+00:00
2019-03-06,158.0,160.0,157.0,158.0,1230,158.0,2026-09-03T19:34:05.547109+00:00
2019-03-07,157.0,166.0,157.0,166.0,4794,166.0,2026-09-03T19:34:05.547109+00:00
2019-03-10,163.0,163.0,160.0,163.0,1032,163.0,2026-09-03T19:34:05.547109+00:00
2019-03-11,162.0,169.0,160.0,167.0,4367,167.0,2026-09-03T19:34:05.547109+00:00
2019-03-12,168.0,170.0,165.0,168.0,4232,168.0,2026-09-03T19:34:05.547109+00:00
2019-03-13,166.0,170.0,166.0,167.0,13645,167.0,2026-09-03T19:34:05.547109+00:00
2019-03-14,164.0,173.0,164.0,172.0,34013,172.0,2026-09-03T19:34:05.547109+00:00
2019-03-17,170.0,175.0,170.0,171.0,1867,171.0,2026-09-03T19:34:05.547109+00:00
2019-03-18,170.0,175.0,168.0,170.0,13954,170.0,2026-09-03T19:34:05.547109+00:00
2019-03-19,169.0,169.0,167.0,167.0,2394,167.0,2026-09-03T19:34:05.547109+00:00
2019-03-21,164.0,170.0,164.0,170.0,3047,170.0,2026-09-03T19:34:05.547109+00:00
2019-03-24,169.0,169.0,167.0,167.0,13561,167.0,2026-09-03T19:34:05.547109+00:00
2019-03-25,168.0,170.0,167.0,170.0,9462,170.0,2026-09-03T19:34:05.547109+00:00
2019-03-26,168.0,170.0,168.0,170.0,5041,170.0,2026-09-03T19:34:05.547109+00:00
2019-03-27,168.0,168.0,167.0,167.0,5295,167.0,2026-09-03T19:34:05.547109+00:00
2019-03-28,168.0,169.0,167.0,169.0,6902,169.0,2026-09-03T19:34:05.547109+00:00
2019-03-31,168.0,171.0,168.0,169.0,1605,169.0,2026-09-03T19:34:05.547109+00:00
2019-04-01,170.0,172.0,168.0,172.0,71131,172.0,2026-09-03T19:34:05.547109+00:00
2019-04-02,172.0,172.0,169.0,171.0,3314,171.0,2026-09-03T19:34:05.547109+00:00
2019-04-03,168.0,173.0,168.0,173.0,7021,173.0,2026-09-03T19:34:05.547109+00:00
2019-04-04,170.0,173.0,169.0,170.0,2745,170.0,2026-09-03T19:34:05.547109+00:00
2019-04-07,172.0,174.0,170.0,174.0,8342,174.0,2026-09-03T19:34:05.547109+00:00
2019-04-08,173.0,175.0,171.0,173.0,13456,173.0,2026-09-03T19:34:05.547109+00:00
2019-04-09,173.0,174.0,170.0,170.0,7864,170.0,2026-09-03T19:34:05.547109+00:00
2019-04-10,169.0,172.0,169.0,172.0,3193,172.0,2026-09-03T19:34:05.547109+00:00
2019-04-11,172.0,175.0,171.0,172.0,4973,172.0,2026-09-03T19:34:05.547109+00:00
2019-04-15,170.0,178.0,170.0,178.0,4531,178.0,2026-09-03T19:34:05.547109+00:00
2019-04-16,175.0,179.0,175.0,179.0,3227,179.0,2026-09-03T19:34:05.547109+00:00
2019-04-17,177.0,178.0,174.0,178.0,2947,178.0,2026-09-03T19:34:05.547109+00:00
2019-04-18,179.0,179.0,175.0,175.0,2356,175.0,2026-09-03T19:34:05.547109+00:00
2019-04-21,174.0,178.0,174.0,178.0,9743,178.0,2026-09-03T19:34:05.547109+00:00
2019-04-22,178.0,180.0,175.0,175.0,3216,175.0,2026-09-03T19:34:05.547109+00:00
2019-04-23,175.0,178.0,175.0,178.0,2634,178.0,2026-09-03T19:34:05.547109+00:00
2019-04-24,180.0,186.0,180.0,186.0,16854,186.0,2026-09-03T19:34:05.547109+00:00
2019-04-25,188.0,197.0,187.0,197.0,22356,197.0,2026-09-03T19:34:05.547109+00:00
2019-04-28,200.0,204.0,194.0,195.0,19075,195.0,2026-09-03T19:34:05.547109+00:00
2019-04-29,193.0,193.0,188.0,192.0,5452,192.0,2026-09-03T19:34:05.547109+00:00
2019-04-30,190.0,192.0,186.0,190.0,6181,190.0,2026-09-03T19:34:05.547109+00:00
2019-05-02,187.0,192.0,186.0,190.0,3912,190.0,2026-09-03T19:34:05.547109+00:00
2019-05-05,187.0,190.0,184.0,188.0,6702,188.0,2026-09-03T19:34:05.547109+00:00
2019-05-06,188.0,195.0,185.0,195.0,8386,195.0,2026-09-03T19:34:05.547109+00:00
2019-05-07,197.0,197.0,188.0,190.0,6491,190.0,2026-09-03T19:34:05.547109+00:00
2019-05-08,187.0,190.0,187.0,188.0,2559,188.0,2026-09-03T19:34:05.547109+00:00
2019-05-09,187.0,190.0,186.0,190.0,8012,190.0,2026-09-03T19:34:05.547109+00:00
2019-05-12,190.0,190.0,186.0,189.0,10352,189.0,2026-09-03T19:34:05.547109+00:00
2019-05-13,188.0,190.0,188.0,190.0,6500,190.0,2026-09-03T19:34:05.547109+00:00
2019-05-14,189.0,195.0,188.0,193.0,12474,193.0,2026-09-03T19:34:05.547109+00:00
2019-05-15,194.0,196.0,192.0,192.0,15939,192.0,2026-09-03T19:34:05.547109+00:00
2019-05-16,195.0,205.0,194.0,202.0,41518,202.0,2026-09-03T19:34:05.547109+00:00
2019-05-19,202.0,207.0,200.0,207.0,26667,207.0,2026-09-03T19:34:05.547109+00:00
2019-05-20,203.0,209.0,199.0,199.0,10272,199.0,2026-09-03T19:34:05.547109+00:00
2019-05-21,201.0,202.0,196.0,201.0,4649,201.0,2026-09-03T19:34:05.547109+00:00
2019-05-22,199.0,202.0,197.0,200.0,9736,200.0,2026-09-03T19:34:05.547109+00:00
2019-05-23,202.0,202.0,196.0,197.0,5469,197.0,2026-09-03T19:34:05.547109+00:00
2019-05-26,197.0,198.0,196.0,196.0,9202,196.0,2026-09-03T19:34:05.547109+00:00
2019-05-27,193.0,199.0,193.0,197.0,1806,197.0,2026-09-03T19:34:05.547109+00:00
2019-05-28,195.0,197.0,195.0,197.0,4811,197.0,2026-09-03T19:34:05.547109+00:00
2019-05-29,200.0,202.0,197.0,197.0,3385,197.0,2026-09-03T19:34:05.547109+00:00
2019-05-30,200.0,203.0,197.0,198.0,18348,198.0,2026-09-03T19:34:05.547109+00:00
2019-06-02,197.0,200.0,195.0,197.0,6668,197.0,2026-09-03T19:34:05.547109+00:00
2019-06-03,196.0,199.0,194.0,195.0,23324,195.0,2026-09-03T19:34:05.547109+00:00
2019-06-04,195.0,197.0,193.0,194.0,15245,194.0,2026-09-03T19:34:05.547109+00:00
2019-06-06,193.0,197.0,191.0,194.0,11839,194.0,2026-09-03T19:34:05.547109+00:00
2019-06-10,197.0,197.0,193.0,195.0,4025,195.0,2026-09-03T19:34:05.547109+00:00
2019-06-11,194.0,196.0,194.0,195.0,4233,195.0,2026-09-03T19:34:05.547109+00:00
2019-06-12,192.0,196.0,192.0,195.0,2035,195.0,2026-09-03T19:34:05.547109+00:00
2019-06-13,193.0,195.0,193.0,194.0,4348,194.0,2026-09-03T19:34:05.547109+00:00
2019-06-16,194.0,194.0,191.0,192.0,14102,192.0,2026-09-03T19:34:05.547109+00:00
2019-06-17,191.0,195.0,191.0,192.0,8899,192.0,2026-09-03T19:34:05.547109+00:00
2019-06-18,191.0,197.0,191.0,194.0,19711,194.0,2026-09-03T19:34:05.547109+00:00
2019-06-19,196.0,196.0,193.0,195.0,1744,195.0,2026-09-03T19:34:05.547109+00:00
2019-06-20,193.0,194.0,192.0,194.0,2959,194.0,2026-09-03T19:34:05.547109+00:00
2019-06-23,192.0,193.0,191.0,191.0,3177,191.0,2026-09-03T19:34:05.547109+00:00
2019-06-24,190.0,193.0,190.0,192.0,2967,192.0,2026-09-03T19:34:05.547109+00:00
2019-06-25,193.0,193.0,192.0,192.0,2807,192.0,2026-09-03T19:34:05.547109+00:00
2019-06-26,190.0,194.0,190.0,193.0,1379,193.0,2026-09-03T19:34:05.547109+00:00
2019-06-27,192.0,193.0,191.0,192.0,2624,192.0,2026-09-03T19:34:05.547109+00:00
2019-06-30,191.0,193.0,191.0,192.0,7661,192.0,2026-09-03T19:34:05.547109+00:00
2019-07-01,192.0,194.0,190.0,194.0,3009,194.0,2026-09-03T19:34:05.547109+00:00
2019-07-02,191.0,194.0,191.0,192.0,3154,192.0,2026-09-03T19:34:05.547109+00:00
2019-07-03,191.0,195.0,191.0,193.0,2011,193.0,2026-09-03T19:34:05.547109+00:00
2019-07-04,194.0,195.0,190.0,192.0,15275,192.0,2026-09-03T19:34:05.547109+00:00
2019-07-07,192.0,193.0,190.0,191.0,2790,191.0,2026-09-03T19:34:05.547109+00:00
2019-07-08,191.0,193.0,190.0,193.0,5436,193.0,2026-09-03T19:34:05.547109+00:00
2019-07-09,193.0,197.0,192.0,197.0,8203,197.0,2026-09-03T19:34:05.547109+00:00
2019-07-10,195.0,196.0,193.0,193.0,3638,193.0,2026-09-03T19:34:05.547109+00:00
2019-07-11,190.0,193.0,190.0,191.0,3422,191.0,2026-09-03T19:34:05.547109+00:00
2019-07-14,192.0,195.0,192.0,194.0,3918,194.0,2026-09-03T19:34:05.547109+00:00
2019-07-15,196.0,197.0,194.0,197.0,3122,197.0,2026-09-03T19:34:05.547109+00:00
2019-07-16,195.0,198.0,194.0,195.0,2416,195.0,2026-09-03T19:34:05.547109+00:00
2019-07-17,195.0,205.0,195.0,201.0,19178,201.0,2026-09-03T19:34:05.547109+00:00
2019-07-18,205.0,205.0,200.0,200.0,7261,200.0,2026-09-03T19:34:05.547109+00:00
2019-07-21,199.0,200.0,197.0,200.0,6149,200.0,2026-09-03T19:34:05.547109+00:00
2019-07-22,199.0,201.0,198.0,199.0,13046,199.0,2026-09-03T19:34:05.547109+00:00
2019-07-23,202.0,203.0,200.0,203.0,8903,203.0,2026-09-03T19:34:05.547109+00:00
2019-07-24,203.0,204.0,202.0,204.0,7808,204.0,2026-09-03T19:34:05.547109+00:00
2019-07-25,201.0,203.0,200.0,200.0,9780,200.0,2026-09-03T19:34:05.547109+00:00
2019-07-28,196.0,198.0,196.0,197.0,7191,197.0,2026-09-03T19:34:05.547109+00:00
2019-07-29,200.0,202.0,197.0,202.0,2787,202.0,2026-09-03T19:34:05.547109+00:00
2019-07-30,200.0,204.0,199.0,203.0,6571,203.0,2026-09-03T19:34:05.547109+00:00
2019-07-31,199.0,205.0,199.0,205.0,5117,205.0,2026-09-03T19:34:05.547109+00:00
2019-08-01,202.0,206.0,201.0,206.0,6722,206.0,2026-09-03T19:34:05.547109+00:00
2019-08-04,203.0,205.0,201.0,201.0,961,201.0,2026-09-03T19:34:05.547109+00:00
2019-08-05,200.0,206.0,200.0,201.0,15008,201.0,2026-09-03T19:34:05.547109+00:00
2019-08-06,200.0,201.0,199.0,199.0,16541,199.0,2026-09-03T19:34:05.547109+00:00
2019-08-07,200.0,202.0,199.0,200.0,4338,200.0,2026-09-03T19:34:05.547109+00:00
2019-08-08,201.0,201.0,198.0,200.0,32661,200.0,2026-09-03T19:34:05.547109+00:00
2019-08-11,198.0,199.0,197.0,197.0,2241,197.0,2026-09-03T19:34:05.547109+00:00
2019-08-12,200.0,201.0,197.0,198.0,5286,198.0,2026-09-03T19:34:05.547109+00:00
2019-08-13,200.0,201.0,199.0,199.0,11090,199.0,2026-09-03T19:34:05.547109+00:00
2019-08-14,199.0,200.0,196.0,197.0,5325,197.0,2026-09-03T19:34:05.547109+00:00
2019-08-15,200.0,205.0,199.0,203.0,34331,203.0,2026-09-03T19:34:05.547109+00:00
2019-08-18,205.0,209.0,202.0,203.0,31070,203.0,2026-09-03T19:34:05.547109+00:00
2019-08-19,203.0,212.0,203.0,211.0,41550,211.0,2026-09-03T19:34:05.547109+00:00
2019-08-20,210.0,210.0,207.0,209.0,40504,209.0,2026-09-03T19:34:05.547109+00:00
2019-08-21,208.0,211.0,207.0,211.0,37259,211.0,2026-09-03T19:34:05.547109+00:00
2019-08-22,214.0,214.0,210.0,212.0,34987,212.0,2026-09-03T19:34:05.547109+00:00
2019-08-25,212.0,212.0,207.0,211.0,33271,211.0,2026-09-03T19:34:05.547109+00:00
2019-08-26,210.0,210.0,206.0,208.0,32600,208.0,2026-09-03T19:34:05.547109+00:00
2019-08-27,208.0,209.0,207.0,208.0,38306,208.0,2026-09-03T19:34:05.547109+00:00
2019-08-28,208.0,211.0,208.0,209.0,22549,209.0,2026-09-03T19:34:05.547109+00:00
2019-08-29,210.0,213.0,210.0,211.0,11582,211.0,2026-09-03T19:34:05.547109+00:00
2019-09-01,212.0,214.0,212.0,213.0,10651,213.0,2026-09-03T19:34:05.547109+00:00
2019-09-02,211.0,211.0,208.0,210.0,16916,210.0,2026-09-03T19:34:05.547109+00:00
2019-09-03,214.0,214.0,206.0,212.0,14927,212.0,2026-09-03T19:34:05.547109+00:00
2019-09-04,209.0,215.0,209.0,213.0,33840,213.0,2026-09-03T19:34:05.547109+00:00
2019-09-05,215.0,215.0,211.0,212.0,8003,212.0,2026-09-03T19:34:05.547109+00:00
2019-09-08,212.0,213.0,209.0,209.0,19752,209.0,2026-09-03T19:34:05.547109+00:00
2019-09-09,211.0,211.0,208.0,211.0,6410,211.0,2026-09-03T19:34:05.547109+00:00
2019-09-10,212.0,215.0,209.0,211.0,8993,211.0,2026-09-03T19:34:05.547109+00:00
2019-09-11,213.0,213.0,211.0,213.0,11651,213.0,2026-09-03T19:34:05.547109+00:00
2019-09-12,211.0,214.0,211.0,212.0,13870,212.0,2026-09-03T19:34:05.547109+00:00
2019-09-15,210.0,210.0,207.0,208.0,12650,208.0,2026-09-03T19:34:05.547109+00:00
2019-09-16,207.0,209.0,206.0,207.0,8866,207.0,2026-09-03T19:34:05.547109+00:00
2019-09-17,207.0,214.0,207.0,214.0,26269,214.0,2026-09-03T19:34:05.547109+00:00
2019-09-18,213.0,214.0,212.0,213.0,6973,213.0,2026-09-03T19:34:05.547109+00:00
2019-09-19,212.0,213.0,211.0,212.0,5073,212.0,2026-09-03T19:34:05.547109+00:00
2019-09-22,215.0,215.0,209.0,212.0,4822,212.0,2026-09-03T19:34:05.547109+00:00
2019-09-23,214.0,214.0,209.0,211.0,5365,211.0,2026-09-03T19:34:05.547109+00:00
2019-09-24,209.0,211.0,209.0,211.0,1710,211.0,2026-09-03T19:34:05.547109+00:00
2019-09-25,210.0,211.0,208.0,210.0,5965,210.0,2026-09-03T19:34:05.547109+00:00
2019-09-26,209.0,210.0,207.0,208.0,5024,208.0,2026-09-03T19:34:05.547109+00:00
2019-09-29,210.0,211.0,208.0,211.0,5535,211.0,2026-09-03T19:34:05.547109+00:00
2019-09-30,209.0,213.0,209.0,213.0,4462,213.0,2026-09-03T19:34:05.547109+00:00
2019-10-01,212.0,214.0,211.0,213.0,8554,213.0,2026-09-03T19:34:05.547109+00:00
2019-10-02,215.0,215.0,212.0,212.0,6200,212.0,2026-09-03T19:34:05.547109+00:00
2019-10-03,214.0,214.0,213.0,214.0,2236,214.0,2026-09-03T19:34:05.547109+00:00
2019-10-10,216.0,217.0,213.0,217.0,16348,217.0,2026-09-03T19:34:05.547109+00:00
2019-10-14,217.0,218.0,214.0,215.0,9126,215.0,2026-09-03T19:34:05.547109+00:00
2019-10-15,216.0,217.0,216.0,217.0,15673,217.0,2026-09-03T19:34:05.547109+00:00
2019-10-16,219.0,220.0,215.0,216.0,7244,216.0,2026-09-03T19:34:05.547109+00:00
2019-10-17,216.0,216.0,212.0,212.0,9540,212.0,2026-09-03T19:34:05.547109+00:00
2019-10-20,214.0,215.0,212.0,214.0,2373,214.0,2026-09-03T19:34:05.547109+00:00
2019-10-21,213.0,215.0,213.0,214.0,20685,214.0,2026-09-03T19:34:05.547109+00:00
2019-10-22,212.0,213.0,211.0,213.0,1017,213.0,2026-09-03T19:34:05.547109+00:00
2019-10-23,213.0,213.0,212.0,213.0,1999,213.0,2026-09-03T19:34:05.547109+00:00
2019-10-24,213.0,214.0,212.0,214.0,3868,214.0,2026-09-03T19:34:05.547109+00:00
2019-10-31,214.0,218.0,212.0,214.0,10111,214.0,2026-09-03T19:34:05.547109+00:00
2019-11-03,214.0,215.0,212.0,213.0,7379,213.0,2026-09-03T19:34:05.547109+00:00
2019-11-04,214.0,214.0,212.0,212.0,4380,212.0,2026-09-03T19:34:05.547109+00:00
2019-11-05,213.0,214.0,210.0,211.0,41268,211.0,2026-09-03T19:34:05.547109+00:00
2019-11-06,192.0,192.0,186.0,187.0,3947,187.0,2026-09-03T19:34:05.547109+00:00
2019-11-07,189.0,190.0,183.0,183.0,2185,183.0,2026-09-03T19:34:05.547109+00:00
2019-11-10,183.0,184.0,178.0,182.0,4770,182.0,2026-09-03T19:34:05.547109+00:00
2019-11-11,180.0,189.0,180.0,189.0,6952,189.0,2026-09-03T19:34:05.547109+00:00
2019-11-12,187.0,187.0,184.0,184.0,397,184.0,2026-09-03T19:34:05.547109+00:00
2019-11-13,181.0,184.0,181.0,184.0,1741,184.0,2026-09-03T19:34:05.547109+00:00
2019-11-14,184.0,184.0,184.0,184.0,14,184.0,2026-09-03T19:34:05.547109+00:00
2019-11-17,184.0,184.0,179.0,179.0,5837,179.0,2026-09-03T19:34:05.547109+00:00
2019-11-18,182.0,182.0,178.0,178.0,473,178.0,2026-09-03T19:34:05.547109+00:00
2019-11-19,179.0,179.0,177.0,177.0,4164,177.0,2026-09-03T19:34:05.547109+00:00
2019-11-20,179.0,179.0,172.0,176.0,27758,176.0,2026-09-03T19:34:05.547109+00:00
2019-11-21,176.0,176.0,172.0,175.0,15836,175.0,2026-09-03T19:34:05.547109+00:00
2019-11-24,175.0,175.0,170.0,173.0,21712,173.0,2026-09-03T19:34:05.547109+00:00
2019-11-25,171.0,172.0,170.0,170.0,2414,170.0,2026-09-03T19:34:05.547109+00:00
2019-11-26,169.0,170.0,169.0,170.0,10222,170.0,2026-09-03T19:34:05.547109+00:00
2019-11-27,167.0,176.0,167.0,176.0,1115,176.0,2026-09-03T19:34:05.547109+00:00
2019-11-28,173.0,173.0,170.0,171.0,1852,171.0,2026-09-03T19:34:05.547109+00:00
2019-12-01,170.0,172.0,169.0,172.0,820,172.0,2026-09-03T19:34:05.547109+00:00
2019-12-02,172.0,172.0,170.0,171.0,4824,171.0,2026-09-03T19:34:05.547109+00:00
2019-12-03,170.0,173.0,170.0,172.0,2657,172.0,2026-09-03T19:34:05.547109+00:00
2019-12-04,172.0,174.0,172.0,173.0,3552,173.0,2026-09-03T19:34:05.547109+00:00
2019-12-05,172.0,174.0,171.0,172.0,4772,172.0,2026-09-03T19:34:05.547109+00:00
2019-12-08,172.0,178.0,172.0,178.0,3629,178.0,2026-09-03T19:34:05.547109+00:00
2019-12-09,178.0,180.0,174.0,180.0,9165,180.0,2026-09-03T19:34:05.547109+00:00
2019-12-10,177.0,178.0,175.0,178.0,821,178.0,2026-09-03T19:34:05.547109+00:00
2019-12-11,180.0,181.0,178.0,180.0,3350,180.0,2026-09-03T19:34:05.547109+00:00
2019-12-12,178.0,181.0,177.0,180.0,6223,180.0,2026-09-03T19:34:05.547109+00:00
2019-12-15,181.0,181.0,177.0,178.0,1375,178.0,2026-09-03T19:34:05.547109+00:00
2019-12-16,175.0,178.0,173.0,173.0,2199,173.0,2026-09-03T19:34:05.547109+00:00
2019-12-17,172.0,176.0,171.0,176.0,223,176.0,2026-09-03T19:34:05.547109+00:00
2019-12-18,174.0,177.0,174.0,177.0,1122,177.0,2026-09-03T19:34:05.547109+00:00
2019-12-19,175.0,175.0,174.0,174.0,2604,174.0,2026-09-03T19:34:05.547109+00:00
2019-12-22,174.0,175.0,172.0,174.0,10891,174.0,2026-09-03T19:34:05.547109+00:00
2019-12-23,175.0,176.0,172.0,174.0,2489,174.0,2026-09-03T19:34:05.547109+00:00
2019-12-24,173.0,174.0,171.0,171.0,7440,171.0,2026-09-03T19:34:05.547109+00:00
2019-12-25,173.0,175.0,173.0,175.0,2485,175.0,2026-09-03T19:34:05.547109+00:00
2019-12-26,176.0,176.0,173.0,173.0,1218,173.0,2026-09-03T19:34:05.547109+00:00
2019-12-29,171.0,173.0,171.0,171.0,1329,171.0,2026-09-03T19:34:05.547109+00:00
2019-12-30,171.0,171.0,170.0,170.0,1060,170.0,2026-09-03T19:34:05.547109+00:00
2019-12-31,170.0,175.0,170.0,172.0,1365,172.0,2026-09-03T19:34:05.547109+00:00
2020-01-01,172.0,175.0,172.0,174.0,885,174.0,2026-09-03T19:34:05.547109+00:00
2020-01-02,174.0,177.0,173.0,175.0,2569,175.0,2026-09-03T19:34:05.547109+00:00
2020-01-05,177.0,178.0,175.0,175.0,4015,175.0,2026-09-03T19:34:05.547109+00:00
2020-01-06,178.0,179.0,175.0,175.0,6503,175.0,2026-09-03T19:34:05.547109+00:00
2020-01-07,176.0,181.0,176.0,180.0,7916,180.0,2026-09-03T19:34:05.547109+00:00
2020-01-08,181.0,183.0,179.0,180.0,16618,180.0,2026-09-03T19:34:05.547109+00:00
2020-01-09,180.0,184.0,178.0,184.0,9929,184.0,2026-09-03T19:34:05.547109+00:00
2020-01-12,182.0,192.0,182.0,185.0,3950,185.0,2026-09-03T19:34:05.547109+00:00
2020-01-13,186.0,194.0,186.0,190.0,12960,190.0,2026-09-03T19:34:05.547109+00:00
2020-01-14,190.0,194.0,188.0,194.0,7539,194.0,2026-09-03T19:34:05.547109+00:00
2020-01-15,197.0,200.0,193.0,200.0,10159,200.0,2026-09-03T19:34:05.547109+00:00
2020-01-16,197.0,211.0,197.0,211.0,18750,211.0,2026-09-03T19:34:05.547109+00:00
2020-01-19,215.0,220.0,210.0,220.0,42050,220.0,2026-09-03T19:34:05.547109+00:00
2020-01-20,218.0,218.0,205.0,209.0,15933,209.0,2026-09-03T19:34:05.547109+00:00
2020-01-21,209.0,211.0,206.0,206.0,13399,206.0,2026-09-03T19:34:05.547109+00:00
2020-01-22,205.0,210.0,205.0,210.0,6556,210.0,2026-09-03T19:34:05.547109+00:00
2020-01-23,206.0,207.0,202.0,202.0,7083,202.0,2026-09-03T19:34:05.547109+00:00
2020-01-26,200.0,202.0,199.0,200.0,13619,200.0,2026-09-03T19:34:05.547109+00:00
2020-01-27,199.0,206.0,197.0,206.0,14683,206.0,2026-09-03T19:34:05.547109+00:00
2020-01-28,207.0,210.0,203.0,204.0,2937,204.0,2026-09-03T19:34:05.547109+00:00
2020-01-29,204.0,205.0,202.0,202.0,5665,202.0,2026-09-03T19:34:05.547109+00:00
2020-01-30,202.0,210.0,202.0,210.0,5593,210.0,2026-09-03T19:34:05.547109+00:00
2020-02-02,210.0,216.0,206.0,212.0,16637,212.0,2026-09-03T19:34:05.547109+00:00
2020-02-03,210.0,220.0,204.0,214.0,42414,214.0,2026-09-03T19:34:05.547109+00:00
2020-02-04,210.0,218.0,210.0,213.0,18946,213.0,2026-09-03T19:34:05.547109+00:00
2020-02-05,210.0,212.0,209.0,211.0,12941,211.0,2026-09-03T19:34:05.547109+00:00
2020-02-06,213.0,221.0,211.0,213.0,53662,213.0,2026-09-03T19:34:05.547109+00:00
2020-02-09,213.0,213.0,210.0,210.0,24874,210.0,2026-09-03T19:34:05.547109+00:00
2020-02-10,208.0,214.0,208.0,214.0,45202,214.0,2026-09-03T19:34:05.547109+00:00
2020-02-11,210.0,217.0,210.0,215.0,32856,215.0,2026-09-03T19:34:05.547109+00:00
2020-02-12,217.0,218.0,214.0,216.0,17547,216.0,2026-09-03T19:34:05.547109+00:00
2020-02-13,216.0,217.0,213.0,213.0,18523,213.0,2026-09-03T19:34:05.547109+00:00
2020-02-16,215.0,216.0,213.0,215.0,22154,215.0,2026-09-03T19:34:05.547109+00:00
2020-02-17,218.0,222.0,215.0,219.0,41129,219.0,2026-09-03T19:34:05.547109+00:00
2020-02-18,223.0,225.0,219.0,220.0,24631,220.0,2026-09-03T19:34:05.547109+00:00
2020-02-19,223.0,225.0,219.0,223.0,32675,223.0,2026-09-03T19:34:05.547109+00:00
2020-02-20,224.0,225.0,222.0,222.0,12229,222.0,2026-09-03T19:34:05.547109+00:00
2020-02-23,226.0,238.0,225.0,238.0,37394,238.0,2026-09-03T19:34:05.547109+00:00
2020-02-24,238.0,243.0,232.0,237.0,24729,237.0,2026-09-03T19:34:05.547109+00:00
2020-02-25,233.0,251.0,233.0,249.0,33924,249.0,2026-09-03T19:34:05.547109+00:00
2020-02-26,250.0,255.0,244.0,250.0,25075,250.0,2026-09-03T19:34:05.547109+00:00
2020-02-27,245.0,249.0,240.0,247.0,34388,247.0,2026-09-03T19:34:05.547109+00:00
2020-03-01,248.0,251.0,234.0,238.0,45656,238.0,2026-09-03T19:34:05.547109+00:00
2020-03-02,234.0,236.0,223.0,223.0,21536,223.0,2026-09-03T19:34:05.547109+00:00
2020-03-03,219.0,230.0,219.0,226.0,25049,226.0,2026-09-03T19:34:05.547109+00:00
2020-03-04,222.0,226.0,219.0,219.0,25961,219.0,2026-09-03T19:34:05.547109+00:00
2020-03-05,215.0,224.0,215.0,221.0,28483,221.0,2026-09-03T19:34:05.547109+00:00
2020-03-10,217.0,217.0,207.0,209.0,7661,209.0,2026-09-03T19:34:05.547109+00:00
2020-03-11,213.0,224.0,209.0,213.0,42255,213.0,2026-09-03T19:34:05.547109+00:00
2020-03-12,210.0,220.0,207.0,213.0,36560,213.0,2026-09-03T19:34:05.547109+00:00
2020-03-15,211.0,211.0,200.0,200.0,28875,200.0,2026-09-03T19:34:05.547109+00:00
2020-03-16,197.0,207.0,194.0,203.0,6889,203.0,2026-09-03T19:34:05.547109+00:00
2020-03-17,200.0,201.0,196.0,200.0,18872,200.0,2026-09-03T19:34:05.547109+00:00
2020-03-18,199.0,199.0,191.0,197.0,9219,197.0,2026-09-03T19:34:05.547109+00:00
2020-03-19,194.0,197.0,188.0,194.0,40986,194.0,2026-09-03T19:34:05.547109+00:00
2020-03-22,194.0,197.0,194.0,197.0,2041,197.0,2026-09-03T19:34:05.547109+00:00
2020-05-13,194.0,194.0,194.0,194.0,10,194.0,2026-09-03T19:34:05.547109+00:00
2020-06-29,191.0,191.0,182.0,176.0,5033,176.0,2026-09-03T19:34:05.547109+00:00
2020-06-30,175.0,187.0,175.0,187.0,2501,187.0,2026-09-03T19:34:05.547109+00:00
2020-07-01,190.0,193.0,190.0,193.0,2688,193.0,2026-09-03T19:34:05.547109+00:00
2020-07-02,196.0,202.0,182.0,183.0,1053,183.0,2026-09-03T19:34:05.547109+00:00
2020-07-05,183.0,183.0,174.0,182.0,11660,182.0,2026-09-03T19:34:05.547109+00:00
2020-07-06,180.0,184.0,177.0,182.0,16956,182.0,2026-09-03T19:34:05.547109+00:00
2020-07-07,182.0,189.0,180.0,187.0,25500,187.0,2026-09-03T19:34:05.547109+00:00
2020-07-08,184.0,185.0,181.0,183.0,15085,183.0,2026-09-03T19:34:05.547109+00:00
2020-07-09,183.0,183.0,180.0,181.0,9973,181.0,2026-09-03T19:34:05.547109+00:00
2020-07-12,182.0,185.0,179.0,182.0,9705,182.0,2026-09-03T19:34:05.547109+00:00
2020-07-13,182.0,190.0,182.0,183.0,5827,183.0,2026-09-03T19:34:05.547109+00:00
2020-07-14,184.0,185.0,180.0,181.0,6781,181.0,2026-09-03T19:34:05.547109+00:00
2020-07-15,182.0,185.0,181.0,183.0,11134,183.0,2026-09-03T19:34:05.547109+00:00
2020-07-16,183.0,191.0,183.0,191.0,12023,191.0,2026-09-03T19:34:05.547109+00:00
2020-07-19,194.0,194.0,194.0,194.0,20,194.0,2026-09-03T19:34:05.547109+00:00
2020-07-20,203.0,213.0,203.0,203.0,44958,203.0,2026-09-03T19:34:05.547109+00:00
2020-07-21,203.0,211.0,200.0,207.0,31149,207.0,2026-09-03T19:34:05.547109+00:00
2020-07-22,210.0,211.0,206.0,206.0,28225,206.0,2026-09-03T19:34:05.547109+00:00
2020-07-23,205.0,210.0,205.0,206.0,7839,206.0,2026-09-03T19:34:05.547109+00:00
2020-07-26,207.0,207.0,202.0,203.0,10207,203.0,2026-09-03T19:34:05.547109+00:00
2020-07-27,205.0,210.0,203.0,203.0,8560,203.0,2026-09-03T19:34:05.547109+00:00
2020-07-28,200.0,208.0,200.0,200.0,7921,200.0,2026-09-03T19:34:05.547109+00:00
2020-07-29,202.0,202.0,196.0,196.0,14435,196.0,2026-09-03T19:34:05.547109+00:00
2020-07-30,193.0,201.0,193.0,199.0,11958,199.0,2026-09-03T19:34:05.547109+00:00
2020-08-02,196.0,198.0,194.0,195.0,6480,195.0,2026-09-03T19:34:05.547109+00:00
2020-08-03,192.0,201.0,189.0,194.0,8778,194.0,2026-09-03T19:34:05.547109+00:00
2020-08-05,193.0,196.0,190.0,191.0,14356,191.0,2026-09-03T19:34:05.547109+00:00
2020-08-06,191.0,192.0,190.0,192.0,4456,192.0,2026-09-03T19:34:05.547109+00:00
2020-08-09,189.0,197.0,189.0,194.0,6965,194.0,2026-09-03T19:34:05.547109+00:00
2020-08-10,196.0,200.0,194.0,200.0,11393,200.0,2026-09-03T19:34:05.547109+00:00
2020-08-11,199.0,200.0,196.0,198.0,7489,198.0,2026-09-03T19:34:05.547109+00:00
2020-08-12,195.0,199.0,195.0,198.0,1947,198.0,2026-09-03T19:34:05.547109+00:00
2020-08-13,195.0,197.0,195.0,196.0,3149,196.0,2026-09-03T19:34:05.547109+00:00
2020-08-16,193.0,193.0,186.0,188.0,22478,188.0,2026-09-03T19:34:05.547109+00:00
2020-08-17,186.0,190.0,186.0,189.0,5139,189.0,2026-09-03T19:34:05.547109+00:00
2020-08-18,187.0,190.0,186.0,188.0,18280,188.0,2026-09-03T19:34:05.547109+00:00
2020-08-19,185.0,187.0,183.0,185.0,23276,185.0,2026-09-03T19:34:05.547109+00:00
2020-08-20,184.0,198.0,183.0,187.0,3796,187.0,2026-09-03T19:34:05.547109+00:00
2020-08-23,190.0,192.0,187.0,191.0,3930,191.0,2026-09-03T19:34:05.547109+00:00
2020-08-24,191.0,193.0,191.0,192.0,8592,192.0,2026-09-03T19:34:05.547109+00:00
2020-08-25,192.0,198.0,189.0,190.0,21636,190.0,2026-09-03T19:34:05.547109+00:00
2020-08-26,189.0,201.0,189.0,198.0,9668,198.0,2026-09-03T19:34:05.547109+00:00
2020-08-27,196.0,197.0,190.0,191.0,14816,191.0,2026-09-03T19:34:05.547109+00:00
2020-08-30,191.0,194.0,190.0,194.0,3522,194.0,2026-09-03T19:34:05.547109+00:00
2020-08-31,196.0,196.0,192.0,194.0,5178,194.0,2026-09-03T19:34:05.547109+00:00
2020-09-02,195.0,197.0,193.0,195.0,13852,195.0,2026-09-03T19:34:05.547109+00:00
2020-09-03,194.0,197.0,192.0,197.0,5970,197.0,2026-09-03T19:34:05.547109+00:00
2020-09-06,206.0,206.0,193.0,194.0,9641,194.0,2026-09-03T19:34:05.547109+00:00
2020-09-07,191.0,196.0,191.0,194.0,10949,194.0,2026-09-03T19:34:05.547109+00:00
2020-09-08,194.0,194.0,190.0,192.0,8489,192.0,2026-09-03T19:34:05.547109+00:00
2020-09-09,192.0,193.0,191.0,193.0,9494,193.0,2026-09-03T19:34:05.547109+00:00
2020-09-10,191.0,195.0,191.0,193.0,8830,193.0,2026-09-03T19:34:05.547109+00:00
2020-09-13,193.0,194.0,191.0,193.0,15558,193.0,2026-09-03T19:34:05.547109+00:00
2020-09-14,194.0,199.0,192.0,198.0,21645,198.0,2026-09-03T19:34:05.547109+00:00
2020-09-15,199.0,199.0,195.0,195.0,34357,195.0,2026-09-03T19:34:05.547109+00:00
2020-09-16,193.0,199.0,193.0,197.0,8964,197.0,2026-09-03T19:34:05.547109+00:00
2020-09-17,195.0,211.0,195.0,205.0,53361,205.0,2026-09-03T19:34:05.547109+00:00
2020-09-20,209.0,213.0,204.0,206.0,33342,206.0,2026-09-03T19:34:05.547109+00:00
2020-09-21,205.0,207.0,202.0,204.0,14625,204.0,2026-09-03T19:34:05.547109+00:00
2020-09-22,203.0,207.0,200.0,200.0,31745,200.0,2026-09-03T19:34:05.547109+00:00
2020-09-23,198.0,206.0,198.0,206.0,7240,206.0,2026-09-03T19:34:05.547109+00:00
2020-09-24,205.0,205.0,202.0,204.0,12057,204.0,2026-09-03T19:34:05.547109+00:00
2020-09-27,200.0,207.0,200.0,205.0,11841,205.0,2026-09-03T19:34:05.547109+00:00
2020-09-28,205.0,208.0,204.0,205.0,10930,205.0,2026-09-03T19:34:05.547109+00:00
2020-09-29,205.0,205.0,203.0,205.0,10842,205.0,2026-09-03T19:34:05.547109+00:00
2020-09-30,205.0,209.0,202.0,207.0,19726,207.0,2026-09-03T19:34:05.547109+00:00
2020-10-01,209.0,213.0,209.0,212.0,45035,212.0,2026-09-03T19:34:05.547109+00:00
2020-10-04,216.0,224.0,214.0,222.0,84140,222.0,2026-09-03T19:34:05.547109+00:00
2020-10-05,224.0,227.0,221.0,226.0,93595,226.0,2026-09-03T19:34:05.547109+00:00
2020-10-06,225.0,232.0,224.0,231.0,82806,231.0,2026-09-03T19:34:05.547109+00:00
2020-10-07,230.0,237.0,229.0,237.0,83740,237.0,2026-09-03T19:34:05.547109+00:00
2020-10-08,236.0,237.0,227.0,228.0,46403,228.0,2026-09-03T19:34:05.547109+00:00
2020-10-11,228.0,235.0,225.0,229.0,70038,229.0,2026-09-03T19:34:05.547109+00:00
2020-10-12,229.0,238.0,225.0,235.0,76694,235.0,2026-09-03T19:34:05.547109+00:00
2020-10-13,237.0,239.0,230.0,232.0,50082,232.0,2026-09-03T19:34:05.547109+00:00
2020-10-14,236.0,236.0,226.0,226.0,23481,226.0,2026-09-03T19:34:05.547109+00:00
2020-10-15,230.0,230.0,223.0,226.0,11794,226.0,2026-09-03T19:34:05.547109+00:00
2020-10-18,223.0,224.0,222.0,222.0,11433,222.0,2026-09-03T19:34:05.547109+00:00
2020-10-19,222.0,229.0,222.0,229.0,13511,229.0,2026-09-03T19:34:05.547109+00:00
2020-10-20,230.0,231.0,228.0,230.0,7943,230.0,2026-09-03T19:34:05.547109+00:00
2020-10-21,234.0,234.0,230.0,232.0,7592,232.0,2026-09-03T19:34:05.547109+00:00
2020-10-22,235.0,235.0,231.0,233.0,15080,233.0,2026-09-03T19:34:05.547109+00:00
2020-10-28,235.0,239.0,232.0,238.0,25617,238.0,2026-09-03T19:34:05.547109+00:00
2020-10-29,240.0,242.0,235.0,235.0,61994,235.0,2026-09-03T19:34:05.547109+00:00
2020-11-01,234.0,236.0,233.0,235.0,27215,235.0,2026-09-03T19:34:05.547109+00:00
2020-11-02,234.0,236.0,233.0,235.0,23536,235.0,2026-09-03T19:34:05.547109+00:00
2020-11-03,232.0,234.0,229.0,229.0,24571,229.0,2026-09-03T19:34:05.547109+00:00
2020-11-04,233.0,233.0,228.0,228.0,25295,228.0,2026-09-03T19:34:05.547109+00:00
2020-11-05,226.0,228.0,225.0,228.0,19736,228.0,2026-09-03T19:34:05.547109+00:00
2020-11-08,232.0,232.0,225.0,227.0,27915,227.0,2026-09-03T19:34:05.547109+00:00
2020-11-09,228.0,231.0,225.0,228.0,23144,228.0,2026-09-03T19:34:05.547109+00:00
2020-11-10,230.0,233.0,228.0,231.0,19896,231.0,2026-09-03T19:34:05.547109+00:00
2020-11-11,235.0,235.0,228.0,231.0,21425,231.0,2026-09-03T19:34:05.547109+00:00
2020-11-12,231.0,233.0,230.0,231.0,19430,231.0,2026-09-03T19:34:05.547109+00:00
2020-11-18,231.0,234.0,230.0,231.0,12175,231.0,2026-09-03T19:34:05.547109+00:00
2020-11-19,230.0,236.0,230.0,235.0,45310,235.0,2026-09-03T19:34:05.547109+00:00
2020-11-22,239.0,251.0,235.0,235.0,57578,235.0,2026-09-03T19:34:05.547109+00:00
2020-11-23,233.0,245.0,233.0,241.0,73074,241.0,2026-09-03T19:34:05.547109+00:00
2020-11-24,241.0,245.0,240.0,243.0,61793,243.0,2026-09-03T19:34:05.547109+00:00
2020-11-25,246.0,252.0,244.0,250.0,53176,250.0,2026-09-03T19:34:05.547109+00:00
2020-11-26,255.0,255.0,241.0,243.0,53064,243.0,2026-09-03T19:34:05.547109+00:00
2020-11-29,246.0,267.0,246.0,267.0,123877,267.0,2026-09-03T19:34:05.547109+00:00
2020-11-30,275.0,277.0,251.0,258.0,60258,258.0,2026-09-03T19:34:05.547109+00:00
2020-12-01,254.0,262.0,249.0,253.0,41791,253.0,2026-09-03T19:34:05.547109+00:00
2020-12-02,250.0,255.0,249.0,252.0,52777,252.0,2026-09-03T19:34:05.547109+00:00
2020-12-03,255.0,255.0,245.0,249.0,51045,249.0,2026-09-03T19:34:05.547109+00:00
2020-12-06,245.0,246.0,238.0,239.0,30546,239.0,2026-09-03T19:34:05.547109+00:00
2020-12-07,250.0,250.0,231.0,248.0,19192,248.0,2026-09-03T19:34:05.547109+00:00
2020-12-08,260.0,260.0,242.0,249.0,36003,249.0,2026-09-03T19:34:05.547109+00:00
2020-12-09,261.0,261.0,236.0,247.0,158511,247.0,2026-09-03T19:34:05.547109+00:00
2020-12-10,243.0,244.0,239.0,242.0,25910,242.0,2026-09-03T19:34:05.547109+00:00
2020-12-13,242.0,248.0,242.0,245.0,23475,245.0,2026-09-03T19:34:05.547109+00:00
2020-12-14,245.0,250.0,242.0,250.0,21773,250.0,2026-09-03T19:34:05.547109+00:00
2020-12-15,255.0,257.0,250.0,251.0,74754,251.0,2026-09-03T19:34:05.547109+00:00
2020-12-16,249.0,255.0,240.0,251.0,34348,251.0,2026-09-03T19:34:05.547109+00:00
2020-12-17,250.0,251.0,245.0,247.0,14059,247.0,2026-09-03T19:34:05.547109+00:00
2020-12-20,243.0,246.0,235.0,237.0,33616,237.0,2026-09-03T19:34:05.547109+00:00
2020-12-21,237.0,238.0,225.0,235.0,43494,235.0,2026-09-03T19:34:05.547109+00:00
2020-12-22,235.0,246.0,235.0,241.0,14743,241.0,2026-09-03T19:34:05.547109+00:00
2020-12-23,245.0,245.0,237.0,238.0,51187,238.0,2026-09-03T19:34:05.547109+00:00
2020-12-24,238.0,242.0,234.0,238.0,20892,238.0,2026-09-03T19:34:05.547109+00:00
2020-12-27,234.0,242.0,232.0,236.0,23653,236.0,2026-09-03T19:34:05.547109+00:00
2020-12-28,232.0,235.0,230.0,232.0,33922,232.0,2026-09-03T19:34:05.547109+00:00
2020-12-29,231.0,237.0,229.0,230.0,22765,230.0,2026-09-03T19:34:05.547109+00:00
2020-12-30,230.0,232.0,230.0,231.0,8048,231.0,2026-09-03T19:34:05.547109+00:00
2020-12-31,233.0,235.0,230.0,233.0,27585,233.0,2026-09-03T19:34:05.547109+00:00
2021-01-03,232.0,240.0,232.0,239.0,37168,239.0,2026-09-03T19:34:05.547109+00:00
2021-01-04,239.0,244.0,237.0,241.0,60676,241.0,2026-09-03T19:34:05.547109+00:00
2021-01-05,245.0,245.0,238.0,240.0,31402,240.0,2026-09-03T19:34:05.547109+00:00
2021-01-06,238.0,255.0,237.0,251.0,67104,251.0,2026-09-03T19:34:05.547109+00:00
2021-01-07,256.0,259.0,253.0,255.0,66881,255.0,2026-09-03T19:34:05.547109+00:00
2021-01-10,255.0,276.0,255.0,276.0,128188,276.0,2026-09-03T19:34:05.547109+00:00
2021-01-11,276.0,280.0,269.0,272.0,61921,272.0,2026-09-03T19:34:05.547109+00:00
2021-01-12,285.0,285.0,266.0,274.0,49735,274.0,2026-09-03T19:34:05.547109+00:00
2021-01-13,278.0,278.0,273.0,274.0,37047,274.0,2026-09-03T19:34:05.547109+00:00
2021-01-17,278.0,294.0,275.0,278.0,154054,278.0,2026-09-03T19:34:05.547109+00:00
2021-01-18,291.0,291.0,278.0,283.0,206096,283.0,2026-09-03T19:34:05.547109+00:00
2021-01-19,288.0,298.0,279.0,284.0,168268,284.0,2026-09-03T19:34:05.547109+00:00
2021-01-20,284.0,288.0,283.0,286.0,111393,286.0,2026-09-03T19:34:05.547109+00:00
2021-01-21,290.0,300.0,287.0,290.0,90777,290.0,2026-09-03T19:34:05.547109+00:00
2021-01-24,295.0,305.0,295.0,296.0,135526,296.0,2026-09-03T19:34:05.547109+00:00
2021-01-25,295.0,297.0,290.0,294.0,59622,294.0,2026-09-03T19:34:05.547109+00:00
2021-01-26,293.0,295.0,289.0,291.0,41900,291.0,2026-09-03T19:34:05.547109+00:00
2021-01-27,305.0,305.0,284.0,290.0,55523,290.0,2026-09-03T19:34:05.547109+00:00
2021-01-28,304.0,304.0,281.0,283.0,88166,283.0,2026-09-03T19:34:05.547109+00:00
2021-01-31,280.0,283.0,274.0,276.0,63900,276.0,2026-09-03T19:34:05.547109+00:00
2021-02-01,278.0,283.0,275.0,283.0,63005,283.0,2026-09-03T19:34:05.547109+00:00
2021-02-02,285.0,291.0,284.0,288.0,63810,288.0,2026-09-03T19:34:05.547109+00:00
2021-02-03,302.0,302.0,286.0,289.0,156652,289.0,2026-09-03T19:34:05.547109+00:00
2021-02-04,287.0,293.0,284.0,285.0,94382,285.0,2026-09-03T19:34:05.547109+00:00
2021-02-07,299.0,299.0,283.0,284.0,74312,284.0,2026-09-03T19:34:05.547109+00:00
2021-02-08,287.0,293.0,280.0,293.0,121984,293.0,2026-09-03T19:34:05.547109+00:00
2021-02-09,300.0,301.0,292.0,299.0,133527,299.0,2026-09-03T19:34:05.547109+00:00
2021-02-10,313.0,313.0,292.0,305.0,75794,305.0,2026-09-03T19:34:05.547109+00:00
2021-02-11,306.0,309.0,300.0,305.0,94087,305.0,2026-09-03T19:34:05.547109+00:00
2021-02-14,320.0,320.0,296.0,300.0,57076,300.0,2026-09-03T19:34:05.547109+00:00
2021-02-15,304.0,312.0,303.0,310.0,113436,310.0,2026-09-03T19:34:05.547109+00:00
2021-02-16,325.0,325.0,310.0,315.0,117624,315.0,2026-09-03T19:34:05.547109+00:00
2021-02-17,315.0,320.0,315.0,320.0,70463,320.0,2026-09-03T19:34:05.547109+00:00
2021-02-18,336.0,336.0,315.0,323.0,56610,323.0,2026-09-03T19:34:05.547109+00:00
2021-02-21,325.0,325.0,310.0,318.0,89504,318.0,2026-09-03T19:34:05.547109+00:00
2021-02-22,333.0,333.0,311.0,312.0,66724,312.0,2026-09-03T19:34:05.547109+00:00
2021-02-23,327.0,327.0,300.0,312.0,58433,312.0,2026-09-03T19:34:05.547109+00:00
2021-02-24,327.0,327.0,303.0,309.0,112861,309.0,2026-09-03T19:34:05.547109+00:00
2021-02-25,310.0,314.0,303.0,304.0,77074,304.0,2026-09-03T19:34:05.547109+00:00
2021-02-28,310.0,310.0,295.0,295.0,71722,295.0,2026-09-03T19:34:05.547109+00:00
2021-03-01,291.0,300.0,290.0,299.0,47069,299.0,2026-09-03T19:34:05.547109+00:00
2021-03-02,304.0,304.0,290.0,294.0,45024,294.0,2026-09-03T19:34:05.547109+00:00
2021-03-03,290.0,292.0,285.0,288.0,40317,288.0,2026-09-03T19:34:05.547109+00:00
2021-03-04,290.0,301.0,290.0,301.0,43665,301.0,2026-09-03T19:34:05.547109+00:00
2021-03-07,316.0,316.0,301.0,301.0,69922,301.0,2026-09-03T19:34:05.547109+00:00
2021-03-09,304.0,306.0,298.0,298.0,47104,298.0,2026-09-03T19:34:05.547109+00:00
2021-03-10,298.0,302.0,296.0,299.0,26751,299.0,2026-09-03T19:34:05.547109+00:00
2021-03-14,300.0,304.0,293.0,297.0,31577,297.0,2026-09-03T19:34:05.547109+00:00
2021-03-15,311.0,311.0,289.0,293.0,97334,293.0,2026-09-03T19:34:05.547109+00:00
2021-03-16,269.0,270.0,258.0,266.0,49825,266.0,2026-09-03T19:34:05.547109+00:00
2021-03-17,279.0,279.0,260.0,264.0,31463,264.0,2026-09-03T19:34:05.547109+00:00
2021-03-18,260.0,270.0,260.0,266.0,35328,266.0,2026-09-03T19:34:05.547109+00:00
2021-03-21,279.0,279.0,268.0,275.0,52869,275.0,2026-09-03T19:34:05.547109+00:00
2021-03-22,278.0,278.0,271.0,273.0,17240,273.0,2026-09-03T19:34:05.547109+00:00
2021-03-23,274.0,274.0,266.0,268.0,18625,268.0,2026-09-03T19:34:05.547109+00:00
2021-03-24,268.0,270.0,266.0,270.0,19857,270.0,2026-09-03T19:34:05.547109+00:00
2021-03-25,275.0,277.0,265.0,270.0,38179,270.0,2026-09-03T19:34:05.547109+00:00
2021-03-29,270.0,270.0,265.0,268.0,9792,268.0,2026-09-03T19:34:05.547109+00:00
2021-03-30,270.0,270.0,265.0,267.0,18288,267.0,2026-09-03T19:34:05.547109+00:00
2021-03-31,270.0,273.0,267.0,272.0,53647,272.0,2026-09-03T19:34:05.547109+00:00
2021-04-01,274.0,279.0,271.0,277.0,48887,277.0,2026-09-03T19:34:05.547109+00:00
2021-04-04,281.0,285.0,279.0,280.0,50336,280.0,2026-09-03T19:34:05.547109+00:00
2021-04-05,281.0,285.0,278.0,279.0,46005,279.0,2026-09-03T19:34:05.547109+00:00
2021-04-06,278.0,285.0,275.0,285.0,39084,285.0,2026-09-03T19:34:05.547109+00:00
2021-04-07,286.0,295.0,282.0,292.0,76377,292.0,2026-09-03T19:34:05.547109+00:00
2021-04-08,292.0,295.0,287.0,292.0,38748,292.0,2026-09-03T19:34:05.547109+00:00
2021-04-12,296.0,297.0,289.0,295.0,85919,295.0,2026-09-03T19:34:05.547109+00:00
2021-04-13,296.0,310.0,296.0,310.0,142282,310.0,2026-09-03T19:34:05.547109+00:00
2021-04-15,310.0,318.0,307.0,309.0,126615,309.0,2026-09-03T19:34:05.547109+00:00
2021-04-18,324.0,324.0,302.0,302.0,55682,302.0,2026-09-03T19:34:05.547109+00:00
2021-04-19,302.0,303.0,295.0,295.0,45890,295.0,2026-09-03T19:34:05.547109+00:00
2021-04-20,295.0,306.0,283.0,292.0,149173,292.0,2026-09-03T19:34:05.547109+00:00
2021-04-21,287.0,292.0,282.0,284.0,71535,284.0,2026-09-03T19:34:05.547109+00:00
2021-04-22,285.0,299.0,279.0,299.0,61876,299.0,2026-09-03T19:34:05.547109+00:00
2021-04-25,298.0,298.0,284.0,289.0,135071,289.0,2026-09-03T19:34:05.547109+00:00
2021-04-26,285.0,288.0,278.0,280.0,69533,280.0,2026-09-03T19:34:05.547109+00:00
2021-04-27,280.0,287.0,280.0,286.0,54727,286.0,2026-09-03T19:34:05.547109+00:00
2021-04-28,285.0,285.0,278.0,281.0,25287,281.0,2026-09-03T19:34:05.547109+00:00
2021-04-29,284.0,284.0,280.0,284.0,17885,284.0,2026-09-03T19:34:05.547109+00:00
2021-05-02,285.0,289.0,280.0,287.0,22365,287.0,2026-09-03T19:34:05.547109+00:00
2021-05-03,290.0,290.0,282.0,284.0,17199,284.0,2026-09-03T19:34:05.547109+00:00
2021-05-04,280.0,283.0,280.0,282.0,21748,282.0,2026-09-03T19:34:05.547109+00:00
2021-05-05,296.0,296.0,280.0,282.0,15270,282.0,2026-09-03T19:34:05.547109+00:00
2021-05-06,283.0,283.0,279.0,281.0,7707,281.0,2026-09-03T19:34:05.547109+00:00
2021-05-09,278.0,280.0,276.0,279.0,24975,279.0,2026-09-03T19:34:05.547109+00:00
2021-05-10,278.0,281.0,277.0,280.0,12195,280.0,2026-09-03T19:34:05.547109+00:00
2021-05-11,277.0,284.0,277.0,283.0,30371,283.0,2026-09-03T19:34:05.547109+00:00
2021-05-12,285.0,285.0,280.0,282.0,26755,282.0,2026-09-03T19:34:05.547109+00:00
2021-05-13,286.0,289.0,283.0,287.0,37595,287.0,2026-09-03T19:34:05.547109+00:00
2021-05-16,290.0,303.0,290.0,303.0,206731,303.0,2026-09-03T19:34:05.547109+00:00
2021-05-17,304.0,306.0,297.0,299.0,108770,299.0,2026-09-03T19:34:05.547109+00:00
2021-05-18,300.0,307.0,300.0,306.0,146143,306.0,2026-09-03T19:34:05.547109+00:00
2021-05-19,308.0,312.0,300.0,300.0,63406,300.0,2026-09-03T19:34:05.547109+00:00
2021-05-20,298.0,315.0,298.0,311.0,99704,311.0,2026-09-03T19:34:05.547109+00:00
2021-05-23,315.0,342.0,299.0,342.0,266181,342.0,2026-09-03T19:34:05.547109+00:00
2021-05-24,344.0,357.0,323.0,332.0,272517,332.0,2026-09-03T19:34:05.547109+00:00
2021-05-25,348.0,348.0,322.0,325.0,84623,325.0,2026-09-03T19:34:05.547109+00:00
2021-05-27,319.0,342.0,314.0,332.0,155138,332.0,2026-09-03T19:34:05.547109+00:00
2021-05-30,338.0,365.0,332.0,363.0,403867,363.0,2026-09-03T19:34:05.547109+00:00
2021-05-31,370.0,380.0,348.0,350.0,281170,350.0,2026-09-03T19:34:05.547109+00:00
2021-06-01,351.0,371.0,343.0,369.0,240420,369.0,2026-09-03T19:34:05.547109+00:00
2021-06-02,372.0,395.0,358.0,395.0,394493,395.0,2026-09-03T19:34:05.547109+00:00
2021-06-03,414.0,430.0,390.0,405.0,413499,405.0,2026-09-03T19:34:05.547109+00:00
2021-06-06,410.0,417.0,395.0,416.0,352356,416.0,2026-09-03T19:34:05.547109+00:00
2021-06-07,425.0,448.0,422.0,443.0,362541,443.0,2026-09-03T19:34:05.547109+00:00
2021-06-08,450.0,487.0,450.0,487.0,400699,487.0,2026-09-03T19:34:05.547109+00:00
2021-06-09,495.0,495.0,453.0,456.0,324218,456.0,2026-09-03T19:34:05.547109+00:00
2021-06-10,450.0,461.0,436.0,460.0,285346,460.0,2026-09-03T19:34:05.547109+00:00
2021-06-13,460.0,502.0,455.0,495.0,376034,495.0,2026-09-03T19:34:05.547109+00:00
2021-06-14,504.0,514.0,484.0,486.0,360180,486.0,2026-09-03T19:34:05.547109+00:00
2021-06-15,486.0,486.0,455.0,458.0,202609,458.0,2026-09-03T19:34:05.547109+00:00
2021-06-16,449.0,469.0,425.0,440.0,190302,440.0,2026-09-03T19:34:05.547109+00:00
2021-06-17,445.0,455.0,428.0,441.0,207194,441.0,2026-09-03T19:34:05.547109+00:00
2021-06-20,449.0,449.0,412.0,431.0,134326,431.0,2026-09-03T19:34:05.547109+00:00
2021-06-21,452.0,452.0,399.0,399.0,169823,399.0,2026-09-03T19:34:05.547109+00:00
2021-06-22,418.0,425.0,389.0,422.0,241779,422.0,2026-09-03T19:34:05.547109+00:00
2021-06-23,443.0,443.0,402.0,403.0,158773,403.0,2026-09-03T19:34:05.547109+00:00
2021-06-24,411.0,411.0,395.0,402.0,73386,402.0,2026-09-03T19:34:05.547109+00:00
2021-06-27,403.0,406.0,397.0,403.0,86984,403.0,2026-09-03T19:34:05.547109+00:00
2021-06-28,408.0,408.0,391.0,397.0,88404,397.0,2026-09-03T19:34:05.547109+00:00
2021-06-29,416.0,416.0,385.0,387.0,96151,387.0,2026-09-03T19:34:05.547109+00:00
2021-06-30,393.0,408.0,373.0,395.0,105537,395.0,2026-09-03T19:34:05.547109+00:00
2021-07-01,402.0,418.0,396.0,412.0,201675,412.0,2026-09-03T19:34:05.547109+00:00
2021-07-04,432.0,432.0,408.0,408.0,90174,408.0,2026-09-03T19:34:05.547109+00:00
2021-07-05,411.0,414.0,400.0,402.0,47013,402.0,2026-09-03T19:34:05.547109+00:00
2021-07-06,400.0,413.0,396.0,402.0,59614,402.0,2026-09-03T19:34:05.547109+00:00
2021-07-07,406.0,412.0,401.0,405.0,84224,405.0,2026-09-03T19:34:05.547109+00:00
2021-07-08,407.0,424.0,405.0,423.0,158378,423.0,2026-09-03T19:34:05.547109+00:00
2021-07-11,425.0,465.0,425.0,465.0,274411,465.0,2026-09-03T19:34:05.547109+00:00
2021-07-12,470.0,472.0,441.0,450.0,314073,450.0,2026-09-03T19:34:05.547109+00:00
2021-07-13,446.0,464.0,444.0,454.0,130323,454.0,2026-09-03T19:34:05.547109+00:00
2021-07-14,476.0,476.0,448.0,454.0,72890,454.0,2026-09-03T19:34:05.547109+00:00
2021-07-15,457.0,460.0,445.0,445.0,125734,445.0,2026-09-03T19:34:05.547109+00:00
2021-07-18,450.0,484.5,450.0,480.0,305402,480.0,2026-09-03T19:34:05.547109+00:00
2021-07-19,482.0,499.0,476.0,477.0,228377,477.0,2026-09-03T19:34:05.547109+00:00
2021-07-20,480.0,485.0,475.1,481.0,123322,481.0,2026-09-03T19:34:05.547109+00:00
2021-07-22,490.6,505.0,478.0,481.0,321883,481.0,2026-09-03T19:34:05.547109+00:00
2021-07-25,489.0,489.0,476.3,480.0,165009,480.0,2026-09-03T19:34:05.547109+00:00
2021-07-26,481.0,485.0,465.2,470.0,175535,470.0,2026-09-03T19:34:05.547109+00:00
2021-07-27,470.0,484.0,456.0,479.0,177735,479.0,2026-09-03T19:34:05.547109+00:00
2021-07-28,488.5,495.0,479.0,488.0,191788,488.0,2026-09-03T19:34:05.547109+00:00
2021-07-29,495.0,500.0,487.0,498.0,294975,498.0,2026-09-03T19:34:05.547109+00:00
2021-08-01,505.0,515.0,493.7,493.7,159300,493.7,2026-09-03T19:34:05.547109+00:00
2021-08-02,503.0,503.0,479.0,486.0,90824,486.0,2026-09-03T19:34:05.547109+00:00
2021-08-03,486.0,490.0,479.3,487.0,66495,487.0,2026-09-03T19:34:05.547109+00:00
2021-08-04,489.0,494.0,480.1,491.0,98562,491.0,2026-09-03T19:34:05.547109+00:00
2021-08-05,500.0,514.0,490.0,502.0,340046,502.0,2026-09-03T19:34:05.547109+00:00
2021-08-08,512.0,525.0,506.0,518.0,246061,518.0,2026-09-03T19:34:05.547109+00:00
2021-08-09,528.3,528.3,510.1,513.0,124476,513.0,2026-09-03T19:34:05.547109+00:00
2021-08-10,518.0,564.3,517.0,564.3,623746,564.3,2026-09-03T19:34:05.547109+00:00
2021-08-11,575.5,609.0,545.0,567.0,293733,567.0,2026-09-03T19:34:05.547109+00:00
2021-08-12,567.0,623.7,557.0,623.7,623102,623.7,2026-09-03T19:34:05.547109+00:00
2021-08-15,623.7,652.0,574.0,612.0,718817,612.0,2026-09-03T19:34:05.547109+00:00
2021-08-16,612.0,655.0,600.0,635.0,402927,635.0,2026-09-03T19:34:05.547109+00:00
2021-08-17,635.0,695.0,635.0,683.0,377862,683.0,2026-09-03T19:34:05.547109+00:00
2021-08-18,683.0,751.3,665.0,751.0,787390,751.0,2026-09-03T19:34:05.547109+00:00
2021-08-19,760.0,777.0,724.0,727.0,427184,727.0,2026-09-03T19:34:05.547109+00:00
2021-08-24,712.5,744.0,699.0,700.0,354614,700.0,2026-09-03T19:34:05.547109+00:00
2021-08-25,714.0,714.0,653.7,672.0,335708,672.0,2026-09-03T19:34:05.547109+00:00
2021-08-26,685.4,715.0,657.0,700.0,462286,700.0,2026-09-03T19:34:05.547109+00:00
2021-08-29,714.0,720.0,678.0,690.0,323187,690.0,2026-09-03T19:34:05.547109+00:00
2021-08-31,680.0,686.9,655.0,660.0,316062,660.0,2026-09-03T19:34:05.547109+00:00
2021-09-01,665.0,675.1,638.0,659.1,168856,659.1,2026-09-03T19:34:05.547109+00:00
2021-09-02,652.1,665.0,630.0,635.0,171198,635.0,2026-09-03T19:34:05.547109+00:00
2021-09-05,630.0,635.0,571.5,575.0,329453,575.0,2026-09-03T19:34:05.547109+00:00
2021-09-06,570.0,632.5,559.0,632.5,310950,632.5,2026-09-03T19:34:05.547109+00:00
2021-09-07,645.0,645.1,610.1,619.0,162196,619.0,2026-09-03T19:34:05.547109+00:00
2021-09-08,619.0,619.0,593.0,597.0,131583,597.0,2026-09-03T19:34:05.547109+00:00
2021-09-09,606.0,624.0,585.0,597.0,127035,597.0,2026-09-03T19:34:05.547109+00:00
2021-09-12,608.9,638.0,605.0,635.0,272647,635.0,2026-09-03T19:34:05.547109+00:00
2021-09-13,647.0,662.0,626.0,635.0,251520,635.0,2026-09-03T19:34:05.547109+00:00
2021-09-14,636.0,645.0,619.0,624.0,110965,624.0,2026-09-03T19:34:05.547109+00:00
2021-09-15,627.0,627.0,605.0,608.0,189100,608.0,2026-09-03T19:34:05.547109+00:00
2021-09-16,595.9,605.0,570.0,581.0,195153,581.0,2026-09-03T19:34:05.547109+00:00
2021-09-20,592.6,592.6,540.1,542.0,198128,542.0,2026-09-03T19:34:05.547109+00:00
2021-09-21,535.0,570.0,521.5,547.0,156700,547.0,2026-09-03T19:34:05.547109+00:00
2021-09-22,557.0,600.0,557.0,597.0,223281,597.0,2026-09-03T19:34:05.547109+00:00
2021-09-23,608.9,615.0,578.2,590.0,184035,590.0,2026-09-03T19:34:05.547109+00:00
2021-09-26,601.0,610.0,566.0,570.0,120108,570.0,2026-09-03T19:34:05.547109+00:00
2021-09-27,574.0,574.0,545.0,558.0,120679,558.0,2026-09-03T19:34:05.547109+00:00
2021-09-28,547.0,567.7,537.0,540.0,91740,540.0,2026-09-03T19:34:05.547109+00:00
2021-09-29,540.0,560.8,526.0,558.1,115966,558.1,2026-09-03T19:34:05.547109+00:00
2021-09-30,565.0,565.0,535.0,542.0,54158,542.0,2026-09-03T19:34:05.547109+00:00
2021-10-03,552.8,552.8,528.0,529.0,95118,529.0,2026-09-03T19:34:05.547109+00:00
2021-10-04,525.0,539.0,516.0,523.1,55560,523.1,2026-09-03T19:34:05.547109+00:00
2021-10-05,520.0,550.7,515.1,535.0,33835,535.0,2026-09-03T19:34:05.547109+00:00
2021-10-06,545.0,586.0,535.2,586.0,126166,586.0,2026-09-03T19:34:05.547109+00:00
2021-10-10,597.0,631.3,568.0,631.3,182631,631.3,2026-09-03T19:34:05.547109+00:00
2021-10-11,643.0,643.0,574.0,576.0,212485,576.0,2026-09-03T19:34:05.547109+00:00
2021-10-17,587.0,595.0,565.0,583.0,45499,583.0,2026-09-03T19:34:05.547109+00:00
2021-10-18,573.0,594.6,555.0,594.6,100245,594.6,2026-09-03T19:34:05.547109+00:00
2021-10-19,594.6,600.0,545.0,579.0,106382,579.0,2026-09-03T19:34:05.547109+00:00
2021-10-20,590.5,612.0,566.5,578.0,74076,578.0,2026-09-03T19:34:05.547109+00:00
2021-10-21,588.59,601.0,559.0,560.0,41305,560.0,2026-09-03T19:34:05.547109+00:00
2021-10-24,560.0,604.0,549.0,604.0,85711,604.0,2026-09-03T19:34:05.547109+00:00
2021-10-25,592.0,615.0,568.0,605.0,269663,605.0,2026-09-03T19:34:05.547109+00:00
2021-10-26,610.0,633.0,601.0,627.0,181152,627.0,2026-09-03T19:34:05.547109+00:00
2021-10-27,627.0,644.0,609.6,627.0,167682,627.0,2026-09-03T19:34:05.547109+00:00
2021-10-28,639.5,639.5,613.0,620.0,129829,620.0,2026-09-03T19:34:05.547109+00:00
2021-10-31,632.4,675.0,615.2,668.0,271606,668.0,2026-09-03T19:34:05.547109+00:00
2021-11-01,675.0,720.0,670.0,695.0,523925,695.0,2026-09-03T19:34:05.547109+00:00
2021-11-02,708.9,735.0,695.1,730.0,651976,730.0,2026-09-03T19:34:05.547109+00:00
2021-11-03,744.0,803.0,720.0,803.0,479520,803.0,2026-09-03T19:34:05.547109+00:00
2021-11-08,787.0,883.0,740.8,882.0,678625,882.0,2026-09-03T19:34:05.547109+00:00
2021-11-09,864.4,864.4,793.8,793.8,62320,793.8,2026-09-03T19:34:05.547109+00:00
2021-11-11,809.0,809.0,714.5,714.5,656213,714.5,2026-09-03T19:34:05.547109+00:00
2021-11-14,701.0,785.9,696.0,785.0,379514,785.0,2026-09-03T19:34:05.547109+00:00
2021-11-15,769.3,800.2,725.0,750.0,474864,750.0,2026-09-03T19:34:05.547109+00:00
2021-11-16,750.0,825.0,735.0,823.0,493830,823.0,2026-09-03T19:34:05.547109+00:00
2021-11-17,806.6,806.6,759.3,762.0,501124,762.0,2026-09-03T19:34:05.547109+00:00
2021-11-18,746.9,838.0,740.0,740.0,753041,740.0,2026-09-03T19:34:05.547109+00:00
2021-11-21,754.8,800.8,725.2,740.0,682071,740.0,2026-09-03T19:34:05.547109+00:00
2021-11-22,754.0,765.0,740.0,740.0,462197,740.0,2026-09-03T19:34:05.547109+00:00
2021-11-23,740.0,748.0,712.0,721.1,143579,721.1,2026-09-03T19:34:05.547109+00:00
2021-11-24,707.0,730.0,705.1,717.0,159977,717.0,2026-09-03T19:34:05.547109+00:00
2021-11-25,713.0,729.0,699.0,703.0,227434,703.0,2026-09-03T19:34:05.547109+00:00
2021-11-28,689.0,696.0,643.5,652.0,449129,652.0,2026-09-03T19:34:05.547109+00:00
2021-11-29,665.0,691.8,605.3,617.4,949154,617.4,2026-09-03T19:34:05.547109+00:00
2021-11-30,629.0,659.9,623.0,650.0,219049,650.0,2026-09-03T19:34:05.547109+00:00
2021-12-01,663.0,663.0,640.0,648.0,114361,648.0,2026-09-03T19:34:05.547109+00:00
2021-12-02,660.0,660.0,611.0,620.0,199585,620.0,2026-09-03T19:34:05.547109+00:00
2021-12-05,620.0,627.0,598.0,602.0,202465,602.0,2026-09-03T19:34:05.547109+00:00
2021-12-06,602.0,622.3,582.0,622.2,238826,622.2,2026-09-03T19:34:05.547109+00:00
2021-12-07,634.6,634.6,598.0,599.0,192974,599.0,2026-09-03T19:34:05.547109+00:00
2021-12-08,599.0,603.5,575.0,577.0,157397,577.0,2026-09-03T19:34:05.547109+00:00
2021-12-09,566.0,588.0,565.0,571.0,141310,571.0,2026-09-03T19:34:05.547109+00:00
2021-12-12,567.1,570.0,537.0,537.5,150432,537.5,2026-09-03T19:34:05.547109+00:00
2021-12-13,526.8,547.0,510.0,517.0,195086,517.0,2026-09-03T19:34:05.547109+00:00
2021-12-14,524.0,568.0,519.0,565.0,81936,565.0,2026-09-03T19:34:05.547109+00:00
2021-12-15,576.0,599.0,545.0,559.9,290221,559.9,2026-09-03T19:34:05.547109+00:00
2021-12-16,559.0,565.0,534.0,535.3,115214,535.3,2026-09-03T19:34:05.547109+00:00
2021-12-20,546.0,546.0,519.0,526.8,98322,526.8,2026-09-03T19:34:05.547109+00:00
2021-12-21,537.3,550.0,530.0,547.0,99591,547.0,2026-09-03T19:34:05.547109+00:00
2021-12-22,547.0,576.0,547.0,574.0,166291,574.0,2026-09-03T19:34:05.547109+00:00
2021-12-23,580.0,584.0,563.1,572.0,117797,572.0,2026-09-03T19:34:05.547109+00:00
2021-12-26,583.4,583.4,570.0,574.0,125310,574.0,2026-09-03T19:34:05.547109+00:00
2021-12-27,585.0,589.0,555.0,564.4,321653,564.4,2026-09-03T19:34:05.547109+00:00
2021-12-28,470.3,470.3,449.0,458.0,92721,458.0,2026-09-03T19:34:05.547109+00:00
2021-12-29,458.0,460.0,446.0,446.1,51340,446.1,2026-09-03T19:34:05.547109+00:00
2022-01-02,450.0,467.0,442.0,466.0,107893,466.0,2026-09-03T19:34:05.547109+00:00
2022-01-03,466.0,487.5,458.0,470.0,112151,470.0,2026-09-03T19:34:05.547109+00:00
2022-01-04,466.1,502.9,466.0,499.0,100327,499.0,2026-09-03T19:34:05.547109+00:00
2022-01-05,507.0,507.0,480.0,483.0,90540,483.0,2026-09-03T19:34:05.547109+00:00
2022-01-06,473.5,492.4,473.4,486.1,61001,486.1,2026-09-03T19:34:05.547109+00:00
2022-01-09,495.0,515.0,495.0,513.5,126342,513.5,2026-09-03T19:34:05.547109+00:00
2022-01-10,520.0,528.0,503.0,512.0,135045,512.0,2026-09-03T19:34:05.547109+00:00
2022-01-11,512.0,541.9,510.0,538.0,162028,538.0,2026-09-03T19:34:05.547109+00:00
2022-01-12,548.0,548.0,517.0,521.0,187528,521.0,2026-09-03T19:34:05.547109+00:00
2022-01-13,521.0,540.0,515.0,535.1,100168,535.1,2026-09-03T19:34:05.547109+00:00
2022-01-16,545.0,565.0,545.0,560.0,192025,560.0,2026-09-03T19:34:05.547109+00:00
2022-01-17,569.0,569.9,548.0,552.0,112722,552.0,2026-09-03T19:34:05.547109+00:00
2022-01-18,560.0,560.0,527.0,536.0,148338,536.0,2026-09-03T19:34:05.547109+00:00
2022-01-19,531.0,544.0,514.0,522.3,121353,522.3,2026-09-03T19:34:05.547109+00:00
2022-01-20,532.7,549.0,515.5,548.9,103782,548.9,2026-09-03T19:34:05.547109+00:00
2022-01-23,559.8,580.0,540.5,547.0,198937,547.0,2026-09-03T19:34:05.547109+00:00
2022-01-24,547.0,547.0,515.1,520.0,205029,520.0,2026-09-03T19:34:05.547109+00:00
2022-01-25,530.4,533.5,510.6,520.0,118614,520.0,2026-09-03T19:34:05.547109+00:00
2022-01-26,509.6,526.0,504.7,510.0,105900,510.0,2026-09-03T19:34:05.547109+00:00
2022-01-27,520.0,520.1,505.0,508.6,53245,508.6,2026-09-03T19:34:05.547109+00:00
2022-01-30,518.0,545.5,518.0,545.0,143131,545.0,2026-09-03T19:34:05.547109+00:00
2022-01-31,555.9,555.9,532.0,532.2,89001,532.2,2026-09-03T19:34:05.547109+00:00
2022-02-01,529.1,548.0,529.1,542.0,107861,542.0,2026-09-03T19:34:05.547109+00:00
2022-02-03,552.0,554.8,533.0,538.0,146006,538.0,2026-09-03T19:34:05.547109+00:00
2022-02-06,530.0,537.0,524.0,525.0,120823,525.0,2026-09-03T19:34:05.547109+00:00
2022-02-07,524.0,530.8,517.1,529.0,45194,529.0,2026-09-03T19:34:05.547109+00:00
2022-02-08,539.5,555.0,520.0,522.0,82634,522.0,2026-09-03T19:34:05.547109+00:00
2022-02-09,525.0,525.0,510.1,515.0,45328,515.0,2026-09-03T19:34:05.547109+00:00
2022-02-10,512.2,522.0,512.2,514.0,44261,514.0,2026-09-03T19:34:05.547109+00:00
2022-02-13,503.8,508.0,488.1,490.0,120488,490.0,2026-09-03T19:34:05.547109+00:00
2022-02-14,487.0,507.0,481.0,490.0,60906,490.0,2026-09-03T19:34:05.547109+00:00
2022-02-15,499.0,504.6,484.0,504.0,66410,504.0,2026-09-03T19:34:05.547109+00:00
2022-02-16,500.1,509.0,490.0,495.0,41466,495.0,2026-09-03T19:34:05.547109+00:00
2022-02-17,504.0,504.0,490.0,490.1,38226,490.1,2026-09-03T19:34:05.547109+00:00
2022-02-20,480.3,489.0,470.7,481.0,46348,481.0,2026-09-03T19:34:05.547109+00:00
2022-02-21,488.6,489.0,478.0,485.0,37144,485.0,2026-09-03T19:34:05.547109+00:00
2022-02-22,494.0,503.0,490.0,492.0,41506,492.0,2026-09-03T19:34:05.547109+00:00
2022-02-23,500.0,500.0,485.0,490.0,29765,490.0,2026-09-03T19:34:05.547109+00:00
2022-02-24,490.0,490.0,474.0,478.0,56422,478.0,2026-09-03T19:34:05.547109+00:00
2022-02-27,477.0,484.0,470.0,472.0,31887,472.0,2026-09-03T19:34:05.547109+00:00
2022-02-28,481.4,488.0,461.1,462.0,35364,462.0,2026-09-03T19:34:05.547109+00:00
2022-03-02,471.2,471.2,441.0,445.0,71937,445.0,2026-09-03T19:34:05.547109+00:00
2022-03-06,451.0,459.0,441.1,448.0,40990,448.0,2026-09-03T19:34:05.547109+00:00
2022-03-07,456.0,456.0,447.0,447.0,23330,447.0,2026-09-03T19:34:05.547109+00:00
2022-03-09,454.0,454.0,435.0,435.0,28718,435.0,2026-09-03T19:34:05.547109+00:00
2022-03-10,442.0,453.0,433.0,453.0,36960,453.0,2026-09-03T19:34:05.547109+00:00
2022-03-13,462.0,475.0,456.0,468.0,81349,468.0,2026-09-03T19:34:05.547109+00:00
2022-03-14,472.0,477.3,465.1,474.9,26966,474.9,2026-09-03T19:34:05.547109+00:00
2022-03-15,474.0,479.0,467.0,470.2,61417,470.2,2026-09-03T19:34:05.547109+00:00
2022-03-16,470.2,479.0,465.0,467.0,27705,467.0,2026-09-03T19:34:05.547109+00:00
2022-03-20,467.0,475.0,455.0,456.9,46598,456.9,2026-09-03T19:34:05.547109+00:00
2022-03-21,465.0,474.0,453.2,472.5,33355,472.5,2026-09-03T19:34:05.547109+00:00
2022-03-22,481.0,485.0,472.2,477.5,57509,477.5,2026-09-03T19:34:05.547109+00:00
2022-03-23,482.0,482.0,465.0,469.0,26608,469.0,2026-09-03T19:34:05.547109+00:00
2022-03-24,474.9,474.9,460.1,463.0,29638,463.0,2026-09-03T19:34:05.547109+00:00
2022-03-27,463.0,463.0,446.1,448.0,44772,448.0,2026-09-03T19:34:05.547109+00:00
2022-03-28,448.0,456.0,441.0,441.0,36493,441.0,2026-09-03T19:34:05.547109+00:00
2022-03-29,441.0,449.0,440.0,443.0,18512,443.0,2026-09-03T19:34:05.547109+00:00
2022-03-30,451.6,454.0,440.0,454.0,65469,454.0,2026-09-03T19:34:05.547109+00:00
2022-03-31,459.0,459.0,441.1,441.2,19668,441.2,2026-09-03T19:34:05.547109+00:00
2022-04-03,441.0,441.0,430.0,431.0,38903,431.0,2026-09-03T19:34:05.547109+00:00
2022-04-04,433.0,439.0,427.0,429.0,33274,429.0,2026-09-03T19:34:05.547109+00:00
2022-04-05,436.9,436.9,410.0,417.0,62204,417.0,2026-09-03T19:34:05.547109+00:00
2022-04-06,412.0,419.0,407.0,408.5,37913,408.5,2026-09-03T19:34:05.547109+00:00
2022-04-07,405.0,420.2,405.0,417.0,33945,417.0,2026-09-03T19:34:05.547109+00:00
2022-04-11,425.3,432.0,408.0,410.0,50873,410.0,2026-09-03T19:34:05.547109+00:00
2022-04-12,406.6,409.0,401.0,403.0,41603,403.0,2026-09-03T19:34:05.547109+00:00
2022-04-13,403.0,414.0,401.0,410.0,29747,410.0,2026-09-03T19:34:05.547109+00:00
2022-04-17,415.0,415.1,402.0,403.0,51949,403.0,2026-09-03T19:34:05.547109+00:00
2022-04-18,400.0,411.0,393.0,399.0,112104,399.0,2026-09-03T19:34:05.547109+00:00
2022-04-19,406.9,420.0,401.1,414.0,93338,414.0,2026-09-03T19:34:05.547109+00:00
2022-04-20,419.0,419.0,401.0,401.0,46927,401.0,2026-09-03T19:34:05.547109+00:00
2022-04-21,400.0,416.9,393.2,404.0,49247,404.0,2026-09-03T19:34:05.547109+00:00
2022-04-24,404.2,438.0,404.2,429.0,121340,429.0,2026-09-03T19:34:05.547109+00:00
2022-04-25,433.0,443.0,413.5,422.0,87921,422.0,2026-09-03T19:34:05.547109+00:00
2022-04-26,429.0,429.9,413.6,417.0,50647,417.0,2026-09-03T19:34:05.547109+00:00
2022-04-27,412.7,425.0,412.7,423.0,60214,423.0,2026-09-03T19:34:05.547109+00:00
2022-04-28,425.5,429.6,416.0,416.2,73549,416.2,2026-09-03T19:34:05.547109+00:00
2022-05-02,414.0,417.9,403.0,406.1,53912,406.1,2026-09-03T19:34:05.547109+00:00
2022-05-04,409.0,409.4,395.0,397.0,61830,397.0,2026-09-03T19:34:05.547109+00:00
2022-05-05,397.0,400.0,385.0,386.0,77028,386.0,2026-09-03T19:34:05.547109+00:00
2022-05-08,386.0,405.0,380.0,397.0,31442,397.0,2026-09-03T19:34:05.547109+00:00
2022-05-09,401.0,411.6,393.2,393.2,69171,393.2,2026-09-03T19:34:05.547109+00:00
2022-05-10,396.0,407.0,393.4,405.0,67926,405.0,2026-09-03T19:34:05.547109+00:00
2022-05-11,413.0,420.0,405.0,420.0,78118,420.0,2026-09-03T19:34:05.547109+00:00
2022-05-12,422.0,427.0,415.0,416.0,84695,416.0,2026-09-03T19:34:05.547109+00:00
2022-05-17,410.1,410.1,397.0,399.5,56993,399.5,2026-09-03T19:34:05.547109+00:00
2022-05-18,395.0,410.0,391.8,405.0,37451,405.0,2026-09-03T19:34:05.547109+00:00
2022-05-19,413.1,413.1,396.0,396.1,49183,396.1,2026-09-03T19:34:05.547109+00:00
2022-05-20,403.9,404.0,392.0,393.2,27893,393.2,2026-09-03T19:34:05.547109+00:00
2022-05-23,399.0,399.0,386.0,387.0,39531,387.0,2026-09-03T19:34:05.547109+00:00
2022-05-24,391.9,399.0,385.0,394.0,24283,394.0,2026-09-03T19:34:05.547109+00:00
2022-05-25,401.8,403.0,393.0,398.0,31953,398.0,2026-09-03T19:34:05.547109+00:00
2022-05-26,402.0,403.0,394.2,395.0,16462,395.0,2026-09-03T19:34:05.547109+00:00
2022-05-27,399.0,400.0,389.6,392.0,34096,392.0,2026-09-03T19:34:05.547109+00:00
2022-05-30,390.0,390.2,380.0,380.1,71169,380.1,2026-09-03T19:34:05.547109+00:00
2022-05-31,379.0,387.0,373.0,374.0,50899,374.0,2026-09-03T19:34:05.547109+00:00
2022-06-01,380.0,385.0,374.5,378.0,16130,378.0,2026-09-03T19:34:05.547109+00:00
2022-06-02,382.0,385.0,375.1,376.0,18705,376.0,2026-09-03T19:34:05.547109+00:00
2022-06-03,376.0,379.9,370.2,372.0,40403,372.0,2026-09-03T19:34:05.547109+00:00
2022-06-06,377.0,382.4,369.5,371.2,25858,371.2,2026-09-03T19:34:05.547109+00:00
2022-06-07,371.0,377.9,361.1,364.0,31943,364.0,2026-09-03T19:34:05.547109+00:00
2022-06-08,365.0,384.0,363.8,380.0,39639,380.0,2026-09-03T19:34:05.547109+00:00
2022-06-09,384.0,385.0,370.0,371.0,39187,371.0,2026-09-03T19:34:05.547109+00:00
2022-06-10,365.1,372.3,365.0,366.6,16659,366.6,2026-09-03T19:34:05.547109+00:00
2022-06-13,368.0,373.0,362.0,365.0,13662,365.0,2026-09-03T19:34:05.547109+00:00
2022-06-14,363.0,367.0,352.1,358.0,32933,358.0,2026-09-03T19:34:05.547109+00:00
2022-06-15,353.0,358.0,347.1,352.0,54884,352.0,2026-09-03T19:34:05.547109+00:00
2022-06-16,348.1,365.0,348.1,352.9,24339,352.9,2026-09-03T19:34:05.547109+00:00
2022-06-17,355.0,358.0,350.0,354.8,9528,354.8,2026-09-03T19:34:05.547109+00:00
2022-06-19,350.1,353.0,340.0,340.0,36933,340.0,2026-09-03T19:34:05.547109+00:00
2022-06-20,337.0,337.0,321.0,325.0,59010,325.0,2026-09-03T19:34:05.547109+00:00
2022-06-21,325.0,343.0,325.0,335.2,22751,335.2,2026-09-03T19:34:05.547109+00:00
2022-06-22,339.0,339.0,326.3,328.0,18120,328.0,2026-09-03T19:34:05.547109+00:00
2022-06-23,325.0,325.0,310.8,316.0,30327,316.0,2026-09-03T19:34:05.547109+00:00
2022-06-24,310.3,334.0,305.2,324.0,22786,324.0,2026-09-03T19:34:05.547109+00:00
2022-06-26,330.0,356.4,330.0,355.0,77256,355.0,2026-09-03T19:34:05.547109+00:00
2022-06-27,362.1,367.0,340.0,340.0,73378,340.0,2026-09-03T19:34:05.547109+00:00
2022-06-28,334.1,345.0,328.0,341.0,43485,341.0,2026-09-03T19:34:05.547109+00:00
2022-06-29,345.0,356.0,335.0,354.0,39257,354.0,2026-09-03T19:34:05.547109+00:00
2022-06-30,359.0,377.0,353.0,374.0,77446,374.0,2026-09-03T19:34:05.547109+00:00
2022-07-01,377.0,381.4,365.0,369.0,39309,369.0,2026-09-03T19:34:05.547109+00:00
2022-07-03,365.1,384.0,361.0,384.0,51611,384.0,2026-09-03T19:34:05.547109+00:00
2022-07-04,386.0,399.7,366.0,373.0,116346,373.0,2026-09-03T19:34:05.547109+00:00
2022-07-05,366.0,385.0,360.0,360.0,82397,360.0,2026-09-03T19:34:05.547109+00:00
2022-07-06,363.0,372.0,349.0,370.0,55006,370.0,2026-09-03T19:34:05.547109+00:00
2022-07-07,377.4,388.0,364.0,368.0,50580,368.0,2026-09-03T19:34:05.547109+00:00
2022-07-08,368.0,368.0,354.8,355.0,24440,355.0,2026-09-03T19:34:05.547109+00:00
2022-07-11,355.0,355.0,332.0,335.0,103161,335.0,2026-09-03T19:34:05.547109+00:00
2022-07-12,341.7,346.9,330.0,342.0,46710,342.0,2026-09-03T19:34:05.547109+00:00
2022-07-13,345.0,366.0,342.0,366.0,50525,366.0,2026-09-03T19:34:05.547109+00:00
2022-07-14,370.0,379.9,362.0,374.0,61999,374.0,2026-09-03T19:34:05.547109+00:00
2022-07-15,377.9,379.1,364.0,378.0,40772,378.0,2026-09-03T19:34:05.547109+00:00
2022-07-17,378.0,385.0,371.0,379.0,33891,379.0,2026-09-03T19:34:05.547109+00:00
2022-07-18,380.0,385.0,375.0,382.0,18538,382.0,2026-09-03T19:34:05.547109+00:00
2022-07-19,388.0,391.9,379.9,385.0,65324,385.0,2026-09-03T19:34:05.547109+00:00
2022-07-20,388.0,391.0,380.0,389.0,64578,389.0,2026-09-03T19:34:05.547109+00:00
2022-07-21,385.0,392.0,385.0,385.2,23713,385.2,2026-09-03T19:34:05.547109+00:00
2022-07-22,384.0,384.0,372.2,373.1,35888,373.1,2026-09-03T19:34:05.547109+00:00
2022-07-24,380.0,395.0,370.0,392.0,64007,392.0,2026-09-03T19:34:05.547109+00:00
2022-07-25,399.0,423.1,395.0,419.0,122350,419.0,2026-09-03T19:34:05.547109+00:00
2022-07-26,420.0,426.9,403.0,404.1,109405,404.1,2026-09-03T19:34:05.547109+00:00
2022-07-27,398.0,415.0,395.0,411.0,92227,411.0,2026-09-03T19:34:05.547109+00:00
2022-07-28,415.0,430.9,405.0,419.9,121840,419.9,2026-09-03T19:34:05.547109+00:00
2022-07-29,423.0,443.0,403.4,438.0,140962,438.0,2026-09-03T19:34:05.547109+00:00
2022-07-31,444.0,446.0,434.0,437.9,168003,437.9,2026-09-03T19:34:05.547109+00:00
2022-08-01,440.0,440.0,426.0,428.0,83916,428.0,2026-09-03T19:34:05.547109+00:00
2022-08-02,436.5,436.5,416.1,430.0,99673,430.0,2026-09-03T19:34:05.547109+00:00
2022-08-03,430.0,437.0,422.4,422.4,62694,422.4,2026-09-03T19:34:05.547109+00:00
2022-08-04,423.0,426.5,415.5,415.8,117727,415.8,2026-09-03T19:34:05.547109+00:00
2022-08-05,409.0,419.0,404.0,405.1,81874,405.1,2026-09-03T19:34:05.547109+00:00
2022-08-07,413.2,417.0,404.0,414.7,96426,414.7,2026-09-03T19:34:05.547109+00:00
2022-08-08,420.0,425.0,401.9,406.0,98886,406.0,2026-09-03T19:34:05.547109+00:00
2022-08-09,402.1,409.9,391.1,392.2,89830,392.2,2026-09-03T19:34:05.547109+00:00
2022-08-10,397.5,400.0,385.2,395.0,80061,395.0,2026-09-03T19:34:05.547109+00:00
2022-08-11,390.1,402.5,389.0,389.0,54982,389.0,2026-09-03T19:34:05.547109+00:00
2022-08-14,385.0,396.0,380.0,384.9,53875,384.9,2026-09-03T19:34:05.547109+00:00
2022-08-15,382.0,403.7,382.0,402.8,69493,402.8,2026-09-03T19:34:05.547109+00:00
2022-08-16,408.0,412.1,392.2,393.2,145685,393.2,2026-09-03T19:34:05.547109+00:00
2022-08-17,394.0,403.0,390.0,394.1,55250,394.1,2026-09-03T19:34:05.547109+00:00
2022-08-18,392.0,410.0,392.0,408.0,66532,408.0,2026-09-03T19:34:05.547109+00:00
2022-08-21,410.0,414.0,401.1,402.0,58559,402.0,2026-09-03T19:34:05.547109+00:00
2022-08-22,403.0,405.0,396.5,397.0,36072,397.0,2026-09-03T19:34:05.547109+00:00
2022-08-23,400.0,404.9,396.0,399.8,23394,399.8,2026-09-03T19:34:05.547109+00:00
2022-08-24,404.0,404.9,398.0,399.2,35483,399.2,2026-09-03T19:34:05.547109+00:00
2022-08-25,407.1,407.1,392.0,393.8,35564,393.8,2026-09-03T19:34:05.547109+00:00
2022-08-26,390.0,392.0,385.0,389.0,34172,389.0,2026-09-03T19:34:05.547109+00:00
2022-08-28,392.0,392.0,375.5,376.0,68417,376.0,2026-09-03T19:34:05.547109+00:00
2022-08-29,374.0,381.3,373.1,380.0,27133,380.0,2026-09-03T19:34:05.547109+00:00
2022-08-30,385.0,385.0,377.0,379.8,21904,379.8,2026-09-03T19:34:05.547109+00:00
2022-08-31,376.0,383.4,373.0,374.9,28157,374.9,2026-09-03T19:34:05.547109+00:00
2022-09-01,370.0,377.8,368.1,371.0,35147,371.0,2026-09-03T19:34:05.547109+00:00
2022-09-02,378.4,378.4,363.0,369.0,20227,369.0,2026-09-03T19:34:05.547109+00:00
2022-09-04,376.3,379.6,373.0,373.1,21835,373.1,2026-09-03T19:34:05.547109+00:00
2022-09-05,375.0,378.0,372.0,373.0,12178,373.0,2026-09-03T19:34:05.547109+00:00
2022-09-06,370.0,374.0,365.0,366.0,22549,366.0,2026-09-03T19:34:05.547109+00:00
2022-09-07,362.8,368.0,361.0,363.0,10606,363.0,2026-09-03T19:34:05.547109+00:00
2022-09-08,363.0,368.0,356.0,366.0,32709,366.0,2026-09-03T19:34:05.547109+00:00
2022-09-11,365.1,368.9,358.1,359.5,18025,359.5,2026-09-03T19:34:05.547109+00:00
2022-09-12,356.4,364.0,356.0,359.4,23112,359.4,2026-09-03T19:34:05.547109+00:00
2022-09-13,357.0,370.9,357.0,367.0,25767,367.0,2026-09-03T19:34:05.547109+00:00
2022-09-14,371.0,388.5,370.5,386.0,46840,386.0,2026-09-03T19:34:05.547109+00:00
2022-09-15,390.0,390.0,365.0,367.0,80220,367.0,2026-09-03T19:34:05.547109+00:00
2022-09-16,360.0,365.9,348.1,360.0,41116,360.0,2026-09-03T19:34:05.547109+00:00
2022-09-18,358.0,360.0,347.0,348.0,32266,348.0,2026-09-03T19:34:05.547109+00:00
2022-09-20,349.0,349.0,332.0,335.0,49478,335.0,2026-09-03T19:34:05.547109+00:00
2022-09-21,335.0,346.0,335.0,340.0,25933,340.0,2026-09-03T19:34:05.547109+00:00
2022-09-22,340.0,346.0,336.3,337.5,19691,337.5,2026-09-03T19:34:05.547109+00:00
2022-09-25,330.8,344.0,330.0,336.0,32646,336.0,2026-09-03T19:34:05.547109+00:00
2022-09-27,340.0,346.0,337.2,342.0,24518,342.0,2026-09-03T19:34:05.547109+00:00
2022-09-28,344.0,348.8,342.0,346.0,12185,346.0,2026-09-03T19:34:05.547109+00:00
2022-09-29,350.0,352.2,345.0,350.0,19211,350.0,2026-09-03T19:34:05.547109+00:00
2022-10-09,356.0,372.0,356.0,365.0,24093,365.0,2026-09-03T19:34:05.547109+00:00
2022-10-10,368.0,368.0,350.0,351.0,48490,351.0,2026-09-03T19:34:05.547109+00:00
2022-10-11,358.0,358.0,345.0,350.0,30226,350.0,2026-09-03T19:34:05.547109+00:00
2022-10-12,348.0,367.0,346.2,359.9,22741,359.9,2026-09-03T19:34:05.547109+00:00
2022-10-13,365.0,369.0,361.0,366.8,32638,366.8,2026-09-03T19:34:05.547109+00:00
2022-10-16,368.5,369.0,357.1,360.0,25085,360.0,2026-09-03T19:34:05.547109+00:00
2022-10-17,367.0,367.2,353.0,354.0,13240,354.0,2026-09-03T19:34:05.547109+00:00
2022-10-19,360.0,360.0,345.0,347.0,18460,347.0,2026-09-03T19:34:05.547109+00:00
2022-10-20,347.0,357.0,343.2,351.0,9855,351.0,2026-09-03T19:34:05.547109+00:00
2022-10-23,349.9,357.0,349.9,355.0,8160,355.0,2026-09-03T19:34:05.547109+00:00
2022-10-31,347.9,348.1,341.0,345.0,20512,345.0,2026-09-03T19:34:05.547109+00:00
2022-11-01,345.0,359.8,343.0,356.0,30594,356.0,2026-09-03T19:34:05.547109+00:00
2022-11-02,358.0,364.0,352.0,360.0,39810,360.0,2026-09-03T19:34:05.547109+00:00
2022-11-03,360.2,365.9,355.0,356.0,28122,356.0,2026-09-03T19:34:05.547109+00:00
2022-11-06,360.0,365.0,353.0,363.0,35241,363.0,2026-09-03T19:34:05.547109+00:00
2022-11-07,363.0,374.9,361.0,362.5,41242,362.5,2026-09-03T19:34:05.547109+00:00
2022-11-08,360.0,365.0,356.0,358.9,48772,358.9,2026-09-03T19:34:05.547109+00:00
2022-11-09,355.0,357.0,346.0,347.0,39257,347.0,2026-09-03T19:34:05.547109+00:00
2022-11-10,351.0,357.0,341.5,343.0,38755,343.0,2026-09-03T19:34:05.547109+00:00
2022-11-13,344.3,348.0,338.3,344.9,11626,344.9,2026-09-03T19:34:05.547109+00:00
2022-11-14,340.2,350.0,340.1,350.0,26371,350.0,2026-09-03T19:34:05.547109+00:00
2022-11-15,350.5,350.5,341.0,341.0,28056,341.0,2026-09-03T19:34:05.547109+00:00
2022-11-16,341.0,347.0,340.1,344.0,19665,344.0,2026-09-03T19:34:05.547109+00:00
2022-11-17,345.0,357.0,345.0,353.5,43835,353.5,2026-09-03T19:34:05.547109+00:00
2022-11-22,358.0,360.0,344.0,350.0,18583,350.0,2026-09-03T19:34:05.547109+00:00
2022-11-23,350.0,350.0,340.0,345.0,14529,345.0,2026-09-03T19:34:05.547109+00:00
2022-11-24,350.0,350.8,342.0,347.0,14431,347.0,2026-09-03T19:34:05.547109+00:00
2022-11-27,347.0,358.0,347.0,356.9,25195,356.9,2026-09-03T19:34:05.547109+00:00
2022-11-28,362.0,362.9,352.0,352.1,27084,352.1,2026-09-03T19:34:05.547109+00:00
2022-11-29,350.0,359.0,350.0,355.0,13283,355.0,2026-09-03T19:34:05.547109+00:00
2022-11-30,362.0,362.0,352.5,356.0,21948,356.0,2026-09-03T19:34:05.547109+00:00
2022-12-01,354.1,360.0,353.0,357.0,20490,357.0,2026-09-03T19:34:05.547109+00:00
2022-12-04,356.0,360.0,353.0,355.0,28548,355.0,2026-09-03T19:34:05.547109+00:00
2022-12-05,357.0,357.0,345.5,348.0,24025,348.0,2026-09-03T19:34:05.547109+00:00
2022-12-06,348.0,350.0,342.2,342.5,17316,342.5,2026-09-03T19:34:05.547109+00:00
2022-12-07,345.0,345.4,340.1,341.0,18189,341.0,2026-09-03T19:34:05.547109+00:00
2022-12-11,336.2,341.0,335.0,335.0,19364,335.0,2026-09-03T19:34:05.547109+00:00
2022-12-12,332.1,347.7,332.0,343.3,20424,343.3,2026-09-03T19:34:05.547109+00:00
2022-12-13,350.1,350.1,338.1,344.0,8079,344.0,2026-09-03T19:34:05.547109+00:00
2022-12-14,345.0,347.0,339.0,343.0,10748,343.0,2026-09-03T19:34:05.547109+00:00
2022-12-15,336.6,343.0,336.4,336.5,16921,336.5,2026-09-03T19:34:05.547109+00:00
2022-12-18,329.8,329.8,309.7,311.9,68320,311.9,2026-09-03T19:34:05.547109+00:00
2022-12-19,310.0,314.0,307.2,309.0,18955,309.0,2026-09-03T19:34:05.547109+00:00
2022-12-20,311.0,311.0,297.0,302.0,58553,302.0,2026-09-03T19:34:05.547109+00:00
2022-12-21,307.0,307.0,298.5,300.0,20961,300.0,2026-09-03T19:34:05.547109+00:00
2022-12-22,298.0,301.0,297.0,299.0,17629,299.0,2026-09-03T19:34:05.547109+00:00
2022-12-26,304.9,318.0,302.2,318.0,40776,318.0,2026-09-03T19:34:05.547109+00:00
2022-12-27,324.1,341.0,316.0,332.0,63063,332.0,2026-09-03T19:34:05.547109+00:00
2022-12-28,327.0,335.6,321.4,326.5,25035,326.5,2026-09-03T19:34:05.547109+00:00
2022-12-29,323.1,344.0,321.1,342.5,79787,342.5,2026-09-03T19:34:05.547109+00:00
2023-01-01,349.3,359.0,340.1,347.0,99308,347.0,2026-09-03T19:34:05.547109+00:00
2023-01-02,338.6,344.0,327.0,342.0,47168,342.0,2026-09-03T19:34:05.547109+00:00
2023-01-03,348.0,348.0,333.0,336.0,49349,336.0,2026-09-03T19:34:05.547109+00:00
2023-01-04,337.0,367.0,333.0,367.0,86181,367.0,2026-09-03T19:34:05.547109+00:00
2023-01-05,374.3,380.0,353.1,361.9,106666,361.9,2026-09-03T19:34:05.547109+00:00
2023-01-08,360.0,365.0,353.0,357.0,111557,357.0,2026-09-03T19:34:05.547109+00:00
2023-01-09,351.1,366.9,350.1,364.0,131850,364.0,2026-09-03T19:34:05.547109+00:00
2023-01-10,369.0,388.9,356.1,361.0,224759,361.0,2026-09-03T19:34:05.547109+00:00
2023-01-12,368.2,375.5,345.0,350.0,82353,350.0,2026-09-03T19:34:05.547109+00:00
2023-01-17,357.0,363.0,345.1,359.0,66195,359.0,2026-09-03T19:34:05.547109+00:00
2023-01-18,360.3,373.9,351.1,357.0,81527,357.0,2026-09-03T19:34:05.547109+00:00
2023-01-19,362.0,365.9,352.5,359.0,58913,359.0,2026-09-03T19:34:05.547109+00:00
2023-01-23,352.0,365.0,346.1,346.1,69031,346.1,2026-09-03T19:34:05.547109+00:00
2023-01-24,347.0,349.0,338.3,345.0,45944,345.0,2026-09-03T19:34:05.547109+00:00
2023-01-25,351.8,365.1,349.0,352.0,116601,352.0,2026-09-03T19:34:05.547109+00:00
2023-01-26,358.0,360.0,352.0,354.0,28506,354.0,2026-09-03T19:34:05.547109+00:00
2023-01-29,352.0,355.0,347.3,347.5,42047,347.5,2026-09-03T19:34:05.547109+00:00
2023-01-30,342.0,348.0,337.0,338.0,35021,338.0,2026-09-03T19:34:05.547109+00:00
2023-01-31,338.1,343.7,334.0,338.0,37953,338.0,2026-09-03T19:34:05.547109+00:00
2023-02-01,343.0,344.5,337.3,340.0,25524,340.0,2026-09-03T19:34:05.547109+00:00
2023-02-02,346.0,346.0,332.0,333.0,38329,333.0,2026-09-03T19:34:05.547109+00:00
2023-02-05,332.0,338.0,326.0,331.9,31141,331.9,2026-09-03T19:34:05.547109+00:00
2023-02-06,330.0,334.8,327.1,333.0,15832,333.0,2026-09-03T19:34:05.547109+00:00
2023-02-07,336.0,351.9,333.6,350.1,63803,350.1,2026-09-03T19:34:05.547109+00:00
2023-02-08,357.0,362.0,349.1,352.0,92276,352.0,2026-09-03T19:34:05.547109+00:00
2023-02-09,352.0,355.0,347.3,354.0,31538,354.0,2026-09-03T19:34:05.547109+00:00
2023-02-12,347.0,347.0,337.0,337.0,51157,337.0,2026-09-03T19:34:05.547109+00:00
2023-02-14,335.0,341.0,332.0,332.2,11485,332.2,2026-09-03T19:34:05.547109+00:00
2023-02-15,332.2,337.0,330.0,331.0,21440,331.0,2026-09-03T19:34:05.547109+00:00
2023-02-16,330.0,334.9,326.1,327.0,33967,327.0,2026-09-03T19:34:05.547109+00:00
2023-02-20,328.0,330.0,323.2,326.0,22003,326.0,2026-09-03T19:34:05.547109+00:00
2023-02-22,332.5,339.0,328.0,331.0,23180,331.0,2026-09-03T19:34:05.547109+00:00
2023-02-23,329.0,329.0,322.3,324.0,30715,324.0,2026-09-03T19:34:05.547109+00:00
2023-02-26,318.0,330.0,308.0,325.1,32957,325.1,2026-09-03T19:34:05.547109+00:00
2023-02-27,331.6,334.9,316.1,325.0,69915,325.0,2026-09-03T19:34:05.547109+00:00
2023-02-28,320.1,329.9,320.1,322.5,22057,322.5,2026-09-03T19:34:05.547109+00:00
2023-03-01,322.0,325.0,316.0,316.0,18649,316.0,2026-09-03T19:34:05.547109+00:00
2023-03-02,317.0,320.0,312.0,312.9,15795,312.9,2026-09-03T19:34:05.547109+00:00
2023-03-05,312.0,318.0,309.0,312.8,26904,312.8,2026-09-03T19:34:05.547109+00:00
2023-03-07,318.0,318.5,312.4,314.9,25348,314.9,2026-09-03T19:34:05.547109+00:00
2023-03-09,318.9,323.5,315.1,322.9,39877,322.9,2026-09-03T19:34:05.547109+00:00
2023-03-12,329.0,330.0,315.0,317.1,23142,317.1,2026-09-03T19:34:05.547109+00:00
2023-03-13,314.0,319.0,312.8,313.0,9295,313.0,2026-09-03T19:34:05.547109+00:00
2023-03-14,313.0,320.0,313.0,315.0,21701,315.0,2026-09-03T19:34:05.547109+00:00
2023-03-15,315.0,316.0,311.1,311.9,17371,311.9,2026-09-03T19:34:05.547109+00:00
2023-03-16,310.1,314.0,310.0,313.0,13609,313.0,2026-09-03T19:34:05.547109+00:00
2023-03-19,316.0,316.0,310.3,310.3,14564,310.3,2026-09-03T19:34:05.547109+00:00
2023-03-20,314.0,317.0,313.0,316.0,14520,316.0,2026-09-03T19:34:05.547109+00:00
2023-03-22,316.0,320.0,312.0,312.0,9875,312.0,2026-09-03T19:34:05.547109+00:00
2023-03-23,313.9,314.0,307.7,310.5,9707,310.5,2026-09-03T19:34:05.547109+00:00
2023-03-26,307.0,312.0,306.0,307.7,15076,307.7,2026-09-03T19:34:05.547109+00:00
2023-03-27,309.0,315.8,303.0,315.0,15494,315.0,2026-09-03T19:34:05.547109+00:00
2023-03-28,318.0,320.9,314.0,316.0,19401,316.0,2026-09-03T19:34:05.547109+00:00
2023-03-29,316.0,316.0,311.0,314.8,7855,314.8,2026-09-03T19:34:05.547109+00:00
2023-03-30,319.9,319.9,310.5,310.5,7108,310.5,2026-09-03T19:34:05.547109+00:00
2023-04-02,314.0,314.9,305.0,305.0,12714,305.0,2026-09-03T19:34:05.547109+00:00
2023-04-03,311.0,311.0,303.5,306.3,9659,306.3,2026-09-03T19:34:05.547109+00:00
2023-04-04,302.0,309.9,302.0,309.7,16597,309.7,2026-09-03T19:34:05.547109+00:00
2023-04-05,305.0,311.9,304.0,310.0,17799,310.0,2026-09-03T19:34:05.547109+00:00
2023-04-06,307.0,310.0,305.0,305.3,12401,305.3,2026-09-03T19:34:05.547109+00:00
2023-04-09,300.1,305.0,297.0,300.0,23677,300.0,2026-09-03T19:34:05.547109+00:00
2023-04-10,302.0,305.0,299.0,299.3,16544,299.3,2026-09-03T19:34:05.547109+00:00
2023-04-11,305.0,311.0,300.0,310.0,18627,310.0,2026-09-03T19:34:05.547109+00:00
2023-04-12,315.0,330.0,309.0,330.0,40253,330.0,2026-09-03T19:34:05.547109+00:00
2023-04-13,334.0,335.0,318.5,320.0,28990,320.0,2026-09-03T19:34:05.547109+00:00
2023-04-16,319.0,325.0,313.0,319.0,12072,319.0,2026-09-03T19:34:05.547109+00:00
2023-04-17,324.9,324.9,310.5,312.0,8128,312.0,2026-09-03T19:34:05.547109+00:00
2023-04-18,310.0,313.2,303.0,309.5,7176,309.5,2026-09-03T19:34:05.547109+00:00
2023-04-19,315.0,315.0,308.3,312.0,7308,312.0,2026-09-03T19:34:05.547109+00:00
2023-04-20,305.8,313.0,301.2,303.0,38462,303.0,2026-09-03T19:34:05.547109+00:00
2023-04-23,297.2,301.9,296.0,297.4,20170,297.4,2026-09-03T19:34:05.547109+00:00
2023-04-24,299.0,300.9,292.1,297.0,23492,297.0,2026-09-03T19:34:05.547109+00:00
2023-04-25,302.0,303.9,296.0,303.0,14144,303.0,2026-09-03T19:34:05.547109+00:00
2023-04-26,302.0,306.9,298.0,300.0,15753,300.0,2026-09-03T19:34:05.547109+00:00
2023-04-27,297.1,303.9,297.0,300.0,12830,300.0,2026-09-03T19:34:05.547109+00:00
2023-04-30,300.0,300.0,294.5,295.0,16004,295.0,2026-09-03T19:34:05.547109+00:00
2023-05-02,296.0,298.0,294.2,295.9,7606,295.9,2026-09-03T19:34:05.547109+00:00
2023-05-03,290.5,299.9,290.5,298.0,8711,298.0,2026-09-03T19:34:05.547109+00:00
2023-05-04,298.0,303.7,293.0,302.0,9144,302.0,2026-09-03T19:34:05.547109+00:00
2023-05-07,296.0,300.0,296.0,298.0,7818,298.0,2026-09-03T19:34:05.547109+00:00
2023-05-08,295.0,296.0,290.0,296.0,13998,296.0,2026-09-03T19:34:05.547109+00:00
2023-05-09,295.0,302.0,294.0,302.0,14575,302.0,2026-09-03T19:34:05.547109+00:00
2023-05-10,300.1,300.1,296.0,300.0,5966,300.0,2026-09-03T19:34:05.547109+00:00
2023-05-11,300.0,300.0,296.0,296.7,5776,296.7,2026-09-03T19:34:05.547109+00:00
2023-05-14,297.0,299.0,291.1,294.0,4532,294.0,2026-09-03T19:34:05.547109+00:00
2023-05-15,294.0,297.2,289.0,295.0,5040,295.0,2026-09-03T19:34:05.547109+00:00
2023-05-16,295.0,299.9,291.2,297.0,2650,297.0,2026-09-03T19:34:05.547109+00:00
2023-05-17,297.0,306.0,293.1,301.0,35018,301.0,2026-09-03T19:34:05.547109+00:00
2023-05-18,307.0,311.9,301.0,310.0,19956,310.0,2026-09-03T19:34:05.547109+00:00
2023-05-21,314.0,314.9,303.0,306.0,21176,306.0,2026-09-03T19:34:05.547109+00:00
2023-05-22,300.3,308.7,300.0,307.5,13346,307.5,2026-09-03T19:34:05.547109+00:00
2023-05-23,312.6,315.0,308.1,313.5,31454,313.5,2026-09-03T19:34:05.547109+00:00
2023-05-24,319.7,319.7,308.0,312.9,15021,312.9,2026-09-03T19:34:05.547109+00:00
2023-05-28,315.0,318.0,305.1,305.2,27045,305.2,2026-09-03T19:34:05.547109+00:00
2023-05-30,302.9,307.0,295.0,297.9,28851,297.9,2026-09-03T19:34:05.547109+00:00
2023-05-31,292.0,299.7,288.8,288.8,35361,288.8,2026-09-03T19:34:05.547109+00:00
2023-06-01,294.5,300.0,281.0,291.0,35033,291.0,2026-09-03T19:34:05.547109+00:00
2023-06-04,295.0,305.0,295.0,304.4,21524,304.4,2026-09-03T19:34:05.547109+00:00
2023-06-05,308.0,309.0,297.1,297.1,19145,297.1,2026-09-03T19:34:05.547109+00:00
2023-06-06,297.0,302.0,295.0,298.0,15264,298.0,2026-09-03T19:34:05.547109+00:00
2023-06-07,303.0,308.9,298.0,300.0,13372,300.0,2026-09-03T19:34:05.547109+00:00
2023-06-08,295.5,308.0,295.5,308.0,46740,308.0,2026-09-03T19:34:05.547109+00:00
2023-06-11,309.9,328.0,306.8,326.0,103816,326.0,2026-09-03T19:34:05.547109+00:00
2023-06-12,332.0,332.0,319.0,320.0,55328,320.0,2026-09-03T19:34:05.547109+00:00
2023-06-13,316.0,330.0,315.6,326.7,44087,326.7,2026-09-03T19:34:05.547109+00:00
2023-06-14,322.0,335.0,316.0,323.9,72568,323.9,2026-09-03T19:34:05.547109+00:00
2023-06-15,323.0,326.0,318.0,323.0,29816,323.0,2026-09-03T19:34:05.547109+00:00
2023-06-18,323.0,332.0,321.0,330.0,55660,330.0,2026-09-03T19:34:05.547109+00:00
2023-06-19,327.0,348.8,326.0,340.0,89412,340.0,2026-09-03T19:34:05.547109+00:00
2023-06-20,343.0,353.9,330.0,331.0,111032,331.0,2026-09-03T19:34:05.547109+00:00
2023-06-21,331.0,337.0,325.3,327.0,53853,327.0,2026-09-03T19:34:05.547109+00:00
2023-06-22,322.0,334.9,321.5,325.0,34117,325.0,2026-09-03T19:34:05.547109+00:00
2023-06-25,331.5,346.0,326.0,340.0,97255,340.0,2026-09-03T19:34:05.547109+00:00
2023-06-26,346.0,350.0,338.0,341.8,72332,341.8,2026-09-03T19:34:05.547109+00:00
2023-06-27,348.0,354.0,341.3,349.5,98266,349.5,2026-09-03T19:34:05.547109+00:00
2023-06-28,355.0,356.4,338.0,338.0,88728,338.0,2026-09-03T19:34:05.547109+00:00
2023-07-02,335.0,341.0,322.1,325.0,57843,325.0,2026-09-03T19:34:05.547109+00:00
2023-07-03,325.0,331.5,318.6,320.0,55667,320.0,2026-09-03T19:34:05.547109+00:00
2023-07-04,326.4,332.9,317.0,324.0,20911,324.0,2026-09-03T19:34:05.547109+00:00
2023-07-05,319.1,323.9,317.0,317.0,33344,317.0,2026-09-03T19:34:05.547109+00:00
2023-07-06,320.0,322.0,311.7,314.0,39975,314.0,2026-09-03T19:34:05.547109+00:00
2023-07-09,320.2,325.0,317.0,324.0,21021,324.0,2026-09-03T19:34:05.547109+00:00
2023-07-10,330.4,330.4,320.2,322.0,36240,322.0,2026-09-03T19:34:05.547109+00:00
2023-07-11,328.0,336.6,320.1,334.0,74767,334.0,2026-09-03T19:34:05.547109+00:00
2023-07-12,338.0,343.0,330.0,335.0,47643,335.0,2026-09-03T19:34:05.547109+00:00
2023-07-13,341.6,341.6,328.4,328.4,51750,328.4,2026-09-03T19:34:05.547109+00:00
2023-07-16,334.9,334.9,324.0,325.5,41162,325.5,2026-09-03T19:34:05.547109+00:00
2023-07-17,330.0,346.0,329.0,345.0,53465,345.0,2026-09-03T19:34:05.547109+00:00
2023-07-18,350.9,353.6,341.5,343.8,112800,343.8,2026-09-03T19:34:05.547109+00:00
2023-07-19,343.0,351.8,341.4,349.0,109065,349.0,2026-09-03T19:34:05.547109+00:00
2023-07-20,353.0,354.9,348.6,352.5,105316,352.5,2026-09-03T19:34:05.547109+00:00
2023-07-23,354.9,379.0,350.0,370.5,185400,370.5,2026-09-03T19:34:05.547109+00:00
2023-07-24,365.0,369.1,355.8,357.0,181397,357.0,2026-09-03T19:34:05.547109+00:00
2023-07-25,361.0,361.0,345.0,347.7,98410,347.7,2026-09-03T19:34:05.547109+00:00
2023-07-26,349.0,359.9,344.0,350.0,63756,350.0,2026-09-03T19:34:05.547109+00:00
2023-07-27,355.9,357.0,339.1,340.9,57917,340.9,2026-09-03T19:34:05.547109+00:00
2023-07-30,346.0,346.0,331.0,338.0,40077,338.0,2026-09-03T19:34:05.547109+00:00
2023-07-31,344.0,344.5,335.2,339.0,43196,339.0,2026-09-03T19:34:05.547109+00:00
2023-08-01,343.0,344.0,325.0,329.0,57763,329.0,2026-09-03T19:34:05.547109+00:00
2023-08-02,325.2,335.0,325.0,334.0,24414,334.0,2026-09-03T19:34:05.547109+00:00
2023-08-03,336.0,341.0,331.2,333.9,29836,333.9,2026-09-03T19:34:05.547109+00:00
2023-08-06,330.1,336.0,320.1,321.0,37191,321.0,2026-09-03T19:34:05.547109+00:00
2023-08-07,318.0,327.0,318.0,325.0,33837,325.0,2026-09-03T19:34:05.547109+00:00
2023-08-08,330.0,330.0,316.0,318.0,15830,318.0,2026-09-03T19:34:05.547109+00:00
2023-08-09,317.0,326.0,315.0,326.0,27141,326.0,2026-09-03T19:34:05.547109+00:00
2023-08-10,323.1,330.0,322.5,324.0,20629,324.0,2026-09-03T19:34:05.547109+00:00
2023-08-13,321.0,330.0,320.0,325.0,26953,325.0,2026-09-03T19:34:05.547109+00:00
2023-08-14,324.0,329.5,324.0,325.0,21547,325.0,2026-09-03T19:34:05.547109+00:00
2023-08-15,320.9,325.0,316.6,320.0,33494,320.0,2026-09-03T19:34:05.547109+00:00
2023-08-16,319.0,324.0,317.0,319.6,21951,319.6,2026-09-03T19:34:05.547109+00:00
2023-08-17,322.0,325.8,316.1,322.0,14403,322.0,2026-09-03T19:34:05.547109+00:00
2023-08-20,317.3,323.0,311.8,317.0,30828,317.0,2026-09-03T19:34:05.547109+00:00
2023-08-21,315.0,320.0,310.0,313.0,31241,313.0,2026-09-03T19:34:05.547109+00:00
2023-08-22,318.8,318.8,310.6,315.0,10588,315.0,2026-09-03T19:34:05.547109+00:00
2023-08-23,315.0,324.0,315.0,321.1,29255,321.1,2026-09-03T19:34:05.547109+00:00
2023-08-24,327.4,327.4,313.2,313.5,23097,313.5,2026-09-03T19:34:05.547109+00:00
2023-08-27,317.0,317.0,308.0,310.0,22111,310.0,2026-09-03T19:34:05.547109+00:00
2023-08-28,308.6,316.0,308.6,312.0,6468,312.0,2026-09-03T19:34:05.547109+00:00
2023-08-29,311.0,313.0,310.2,311.5,7692,311.5,2026-09-03T19:34:05.547109+00:00
2023-08-30,305.8,314.0,305.8,311.0,18180,311.0,2026-09-03T19:34:05.547109+00:00
2023-09-03,306.7,310.0,306.0,307.9,13077,307.9,2026-09-03T19:34:05.547109+00:00
2023-09-04,310.0,310.9,300.5,306.9,15783,306.9,2026-09-03T19:34:05.547109+00:00
2023-09-05,307.0,309.5,303.8,306.0,9378,306.0,2026-09-03T19:34:05.547109+00:00
2023-09-07,305.0,305.0,300.0,300.0,19272,300.0,2026-09-03T19:34:05.547109+00:00
2023-09-10,305.0,305.0,302.1,303.0,17729,303.0,2026-09-03T19:34:05.547109+00:00
2023-09-11,302.0,317.0,302.0,315.0,25122,315.0,2026-09-03T19:34:05.547109+00:00
2023-09-12,319.0,319.0,304.8,308.0,10890,308.0,2026-09-03T19:34:05.547109+00:00
2023-09-13,310.0,320.0,308.0,319.5,21535,319.5,2026-09-03T19:34:05.547109+00:00
2023-09-17,314.0,315.0,307.8,310.0,24557,310.0,2026-09-03T19:34:05.547109+00:00
2023-09-18,310.0,314.0,308.0,312.8,7169,312.8,2026-09-03T19:34:05.547109+00:00
2023-09-19,312.0,316.0,312.0,314.0,7679,314.0,2026-09-03T19:34:05.547109+00:00
2023-09-21,320.0,330.0,317.0,328.9,50228,328.9,2026-09-03T19:34:05.547109+00:00
2023-09-24,331.0,331.0,321.1,322.0,19212,322.0,2026-09-03T19:34:05.547109+00:00
2023-09-25,317.0,328.0,317.0,323.8,16531,323.8,2026-09-03T19:34:05.547109+00:00
2023-09-26,325.0,330.0,325.0,327.0,14838,327.0,2026-09-03T19:34:05.547109+00:00
2023-09-27,326.9,329.5,319.0,320.0,36120,320.0,2026-09-03T19:34:05.547109+00:00
2023-10-01,318.2,320.0,315.2,316.9,20212,316.9,2026-09-03T19:34:05.547109+00:00
2023-10-02,313.0,324.9,312.1,322.0,18487,322.0,2026-09-03T19:34:05.547109+00:00
2023-10-03,321.0,321.5,313.0,316.9,6943,316.9,2026-09-03T19:34:05.547109+00:00
2023-10-04,320.0,323.2,317.0,320.0,26310,320.0,2026-09-03T19:34:05.547109+00:00
2023-10-05,316.0,318.0,314.2,317.0,11113,317.0,2026-09-03T19:34:05.547109+00:00
2023-10-08,314.9,315.0,308.0,309.4,26165,309.4,2026-09-03T19:34:05.547109+00:00
2023-10-09,308.0,313.9,307.1,308.2,13295,308.2,2026-09-03T19:34:05.547109+00:00
2023-10-10,306.0,308.0,300.0,300.1,54093,300.1,2026-09-03T19:34:05.547109+00:00
2023-10-11,306.0,306.0,300.0,302.0,26781,302.0,2026-09-03T19:34:05.547109+00:00
2023-10-12,306.0,306.0,298.0,299.6,39411,299.6,2026-09-03T19:34:05.547109+00:00
2023-10-16,299.0,299.5,295.0,296.8,23264,296.8,2026-09-03T19:34:05.547109+00:00
2023-10-17,302.0,307.0,298.0,298.1,14126,298.1,2026-09-03T19:34:05.547109+00:00
2023-10-18,299.8,308.0,298.0,306.5,15785,306.5,2026-09-03T19:34:05.547109+00:00
2023-10-19,312.0,312.0,302.2,306.0,5620,306.0,2026-09-03T19:34:05.547109+00:00
2023-10-29,300.3,303.0,295.0,301.0,5699,301.0,2026-09-03T19:34:05.547109+00:00
2023-10-30,295.5,307.0,295.5,305.0,6284,305.0,2026-09-03T19:34:05.547109+00:00
2023-10-31,300.5,304.0,300.0,304.0,5741,304.0,2026-09-03T19:34:05.547109+00:00
2023-11-01,299.0,304.8,296.0,298.0,17573,298.0,2026-09-03T19:34:05.547109+00:00
2023-11-02,298.0,300.0,295.0,295.3,10027,295.3,2026-09-03T19:34:05.547109+00:00
2023-11-05,293.1,295.0,291.0,292.1,13942,292.1,2026-09-03T19:34:05.547109+00:00
2023-11-06,292.3,303.5,292.0,298.8,12325,298.8,2026-09-03T19:34:05.547109+00:00
2023-11-07,300.0,304.7,294.0,300.0,8261,300.0,2026-09-03T19:34:05.547109+00:00
2023-11-06,292.3,303.5,292.0,298.8,12325,298.8,2026-09-03T19:34:05.547109+00:00
2023-11-07,300.0,304.7,294.0,300.0,8261,300.0,2026-09-03T19:34:05.547109+00:00
2023-11-08,295.0,303.0,295.0,299.0,12010,299.0,2026-09-03T19:34:05.547109+00:00
2023-11-09,299.0,299.0,295.0,296.0,15971,296.0,2026-09-03T19:34:05.547109+00:00
2023-11-20,301.9,306.9,300.0,306.0,11627,306.0,2026-09-03T19:34:05.547109+00:00
2023-11-21,301.0,303.0,295.2,299.0,6701,299.0,2026-09-03T19:34:05.547109+00:00
2023-11-22,293.3,303.0,293.3,295.0,9853,295.0,2026-09-03T19:34:05.547109+00:00
2023-11-23,300.0,305.0,299.0,305.0,20213,305.0,2026-09-03T19:34:05.547109+00:00
2023-11-26,310.0,311.0,305.7,311.0,24180,311.0,2026-09-03T19:34:05.547109+00:00
2023-11-27,305.1,317.0,305.1,316.0,46211,316.0,2026-09-03T19:34:05.547109+00:00
2023-11-28,322.0,322.0,311.5,314.8,12809,314.8,2026-09-03T19:34:05.547109+00:00
2023-11-29,315.0,321.0,305.9,308.0,18860,308.0,2026-09-03T19:34:05.547109+00:00
2023-11-30,304.0,309.0,302.6,304.8,5524,304.8,2026-09-03T19:34:05.547109+00:00
2023-12-03,300.0,305.0,298.0,304.0,7294,304.0,2026-09-03T19:34:05.547109+00:00
2023-12-04,306.0,309.7,298.0,300.9,22654,300.9,2026-09-03T19:34:05.547109+00:00
2023-12-05,294.9,302.0,294.9,299.0,5462,299.0,2026-09-03T19:34:05.547109+00:00
2023-12-06,304.8,304.8,295.0,296.0,13159,296.0,2026-09-03T19:34:05.547109+00:00
2023-12-07,294.0,304.9,294.0,298.1,16567,298.1,2026-09-03T19:34:05.547109+00:00
2023-12-10,304.0,320.0,304.0,316.0,2428,316.0,2026-09-03T19:34:05.547109+00:00
2023-12-11,322.0,322.0,306.4,315.0,80205,315.0,2026-09-03T19:34:05.547109+00:00
2023-12-12,309.0,320.2,309.0,319.0,38877,319.0,2026-09-03T19:34:05.547109+00:00
2023-12-13,315.0,328.0,315.0,322.0,71612,322.0,2026-09-03T19:34:05.547109+00:00
2023-12-14,316.1,331.0,316.1,327.0,78666,327.0,2026-09-03T19:34:05.547109+00:00
2023-12-17,321.9,333.5,321.1,333.4,50230,333.4,2026-09-03T19:34:05.547109+00:00
2023-12-18,340.0,352.0,334.0,345.0,172866,345.0,2026-09-03T19:34:05.547109+00:00
2023-12-19,350.0,352.0,336.0,352.0,84606,352.0,2026-09-03T19:34:05.547109+00:00
2023-12-20,345.0,353.0,340.0,351.0,143398,351.0,2026-09-03T19:34:05.547109+00:00
2023-12-21,344.0,347.0,335.0,341.0,88332,341.0,2026-09-03T19:34:05.547109+00:00
2023-12-24,335.1,344.0,330.2,330.3,76099,330.3,2026-09-03T19:34:05.547109+00:00
2023-12-27,330.0,335.0,327.5,331.0,52373,331.0,2026-09-03T19:34:05.547109+00:00
2023-12-28,327.0,334.0,326.3,326.3,28114,326.3,2026-09-03T19:34:05.547109+00:00
2024-01-01,322.0,333.0,320.2,326.0,39396,326.0,2026-09-03T19:34:05.547109+00:00
2024-01-02,322.2,329.9,317.2,320.0,40906,320.0,2026-09-03T19:34:05.547109+00:00
2024-01-03,324.0,324.5,319.0,323.9,24964,323.9,2026-09-03T19:34:05.547109+00:00
2024-01-04,328.6,328.6,317.0,317.0,31476,317.0,2026-09-03T19:34:05.547109+00:00
2024-01-07,323.3,323.3,308.3,310.0,33819,310.0,2026-09-03T19:34:05.547109+00:00
2024-01-08,316.1,323.0,305.8,321.8,27987,321.8,2026-09-03T19:34:05.547109+00:00
2024-01-09,324.0,347.8,323.0,337.9,74061,337.9,2026-09-03T19:34:05.547109+00:00
2024-01-10,344.0,357.0,340.2,350.0,199756,350.0,2026-09-03T19:34:05.547109+00:00
2024-01-11,348.0,348.0,337.0,342.0,42557,342.0,2026-09-03T19:34:05.547109+00:00
2024-01-14,344.0,347.0,338.2,341.0,39819,341.0,2026-09-03T19:34:05.547109+00:00
2024-01-16,346.0,358.0,345.0,350.9,106945,350.9,2026-09-03T19:34:05.547109+00:00
2024-01-17,355.0,367.0,347.5,348.1,256625,348.1,2026-09-03T19:34:05.547109+00:00
2024-01-18,345.0,355.0,345.0,348.9,69494,348.9,2026-09-03T19:34:05.547109+00:00
2024-01-21,343.0,350.0,335.0,335.0,96191,335.0,2026-09-03T19:34:05.547109+00:00
2024-01-22,334.0,341.0,328.0,339.1,64400,339.1,2026-09-03T19:34:05.547109+00:00
2024-01-23,339.0,343.0,335.0,341.8,39007,341.8,2026-09-03T19:34:05.547109+00:00
2024-01-24,344.9,344.9,331.5,338.0,31299,338.0,2026-09-03T19:34:05.547109+00:00
2024-01-25,340.0,340.0,325.0,334.0,20378,334.0,2026-09-03T19:34:05.547109+00:00
2024-01-28,336.5,342.0,330.6,337.0,31100,337.0,2026-09-03T19:34:05.547109+00:00
2024-01-29,331.0,346.8,331.0,338.3,31531,338.3,2026-09-03T19:34:05.547109+00:00
2024-01-30,343.0,347.1,337.8,340.0,41838,340.0,2026-09-03T19:34:05.547109+00:00
2024-01-31,346.8,352.0,328.4,329.0,47469,329.0,2026-09-03T19:34:05.547109+00:00
2024-02-01,335.5,335.5,325.6,327.0,23791,327.0,2026-09-03T19:34:05.547109+00:00
2024-02-04,325.0,329.5,325.0,326.0,19060,326.0,2026-09-03T19:34:05.547109+00:00
2024-02-05,332.5,337.0,327.3,336.0,23871,336.0,2026-09-03T19:34:05.547109+00:00
2024-02-06,339.0,339.6,332.3,338.0,21641,338.0,2026-09-03T19:34:05.547109+00:00
2024-02-07,340.0,340.0,333.2,334.5,19379,334.5,2026-09-03T19:34:05.547109+00:00
2024-02-08,331.0,342.0,330.6,337.2,23672,337.2,2026-09-03T19:34:05.547109+00:00
2024-02-11,338.0,344.7,336.7,338.0,36463,338.0,2026-09-03T19:34:05.547109+00:00
2024-02-12,344.7,344.7,337.9,342.0,16080,342.0,2026-09-03T19:34:05.547109+00:00
2024-02-13,336.1,338.0,331.5,333.0,40163,333.0,2026-09-03T19:34:05.547109+00:00
2024-02-14,335.0,356.7,335.0,343.0,72808,343.0,2026-09-03T19:34:05.547109+00:00
2024-02-15,346.0,347.0,336.1,336.1,14397,336.1,2026-09-03T19:34:05.547109+00:00
2024-02-18,332.0,335.0,329.0,330.0,21364,330.0,2026-09-03T19:34:05.547109+00:00
2024-02-20,329.0,333.9,327.0,330.6,20824,330.6,2026-09-03T19:34:05.547109+00:00
2024-02-21,330.6,336.9,326.2,327.0,12741,327.0,2026-09-03T19:34:05.547109+00:00
2024-02-22,326.0,330.0,323.0,326.0,28975,326.0,2026-09-03T19:34:05.547109+00:00
2024-02-25,321.2,327.6,320.0,320.2,21927,320.2,2026-09-03T19:34:05.547109+00:00
2024-02-26,325.0,325.0,318.7,322.0,12318,322.0,2026-09-03T19:34:05.547109+00:00
2024-02-27,325.0,325.0,320.0,322.9,15044,322.9,2026-09-03T19:34:05.547109+00:00
2024-02-28,319.0,324.4,318.0,319.0,14266,319.0,2026-09-03T19:34:05.547109+00:00
2024-02-29,317.0,317.9,312.1,315.2,24992,315.2,2026-09-03T19:34:05.547109+00:00
2024-03-03,311.0,334.9,308.0,314.9,11740,314.9,2026-09-03T19:34:05.547109+00:00
2024-03-04,321.1,333.5,321.1,333.5,80,333.5,2026-09-03T19:34:05.547109+00:00
2024-03-05,335.0,339.0,318.7,319.0,30931,319.0,2026-09-03T19:34:05.547109+00:00
2024-03-06,325.2,330.0,317.2,320.0,22823,320.0,2026-09-03T19:34:05.547109+00:00
2024-03-07,326.4,331.0,320.0,320.2,8356,320.2,2026-09-03T19:34:05.547109+00:00
2024-03-10,325.8,332.0,325.4,327.0,27927,327.0,2026-09-03T19:34:05.547109+00:00
2024-03-12,333.5,340.0,329.0,339.9,23984,339.9,2026-09-03T19:34:05.547109+00:00
2024-03-13,346.6,346.6,335.0,339.0,21508,339.0,2026-09-03T19:34:05.547109+00:00
2024-03-14,339.0,339.5,328.4,330.0,19790,330.0,2026-09-03T19:34:05.547109+00:00
2024-03-17,333.0,338.9,328.1,333.0,17204,333.0,2026-09-03T19:34:05.547109+00:00
2024-03-18,330.0,344.0,330.0,339.0,35922,339.0,2026-09-03T19:34:05.547109+00:00
2024-03-19,339.0,345.0,334.0,337.0,22694,337.0,2026-09-03T19:34:05.547109+00:00
2024-03-20,333.0,340.0,331.0,334.0,27256,334.0,2026-09-03T19:34:05.547109+00:00
2024-03-21,331.5,340.6,327.4,331.0,31975,331.0,2026-09-03T19:34:05.547109+00:00
2024-03-25,331.0,331.0,325.0,325.1,13158,325.1,2026-09-03T19:34:05.547109+00:00
2024-03-26,330.0,331.0,325.2,328.0,8093,328.0,2026-09-03T19:34:05.547109+00:00
2024-03-27,326.0,326.0,317.6,321.8,17290,321.8,2026-09-03T19:34:05.547109+00:00
2024-03-28,317.0,327.4,317.0,324.8,12989,324.8,2026-09-03T19:34:05.547109+00:00
2024-03-31,321.0,324.5,319.0,319.0,19045,319.0,2026-09-03T19:34:05.547109+00:00
2024-04-01,319.0,323.0,318.0,323.0,8532,323.0,2026-09-03T19:34:05.547109+00:00
2024-04-02,318.3,323.0,317.1,320.0,26137,320.0,2026-09-03T19:34:05.547109+00:00
2024-04-03,325.0,325.0,315.0,318.0,17828,318.0,2026-09-03T19:34:05.547109+00:00
2024-04-04,321.0,322.0,315.2,316.1,15063,316.1,2026-09-03T19:34:05.547109+00:00
2024-04-07,316.0,333.0,316.0,333.0,27549,333.0,2026-09-03T19:34:05.547109+00:00
2024-04-09,337.8,337.8,325.0,330.1,59016,330.1,2026-09-03T19:34:05.547109+00:00
2024-04-10,330.0,330.0,322.0,323.9,28269,323.9,2026-09-03T19:34:05.547109+00:00
2024-04-14,321.0,325.0,320.1,321.2,14609,321.2,2026-09-03T19:34:05.547109+00:00
2024-04-15,321.0,326.4,318.6,318.7,17111,318.7,2026-09-03T19:34:05.547109+00:00
2024-04-16,316.3,322.0,316.3,320.0,18447,320.0,2026-09-03T19:34:05.547109+00:00
2024-04-18,320.0,320.0,314.2,315.0,15786,315.0,2026-09-03T19:34:05.547109+00:00
2024-04-21,313.1,319.2,313.0,319.0,12687,319.0,2026-09-03T19:34:05.547109+00:00
2024-04-22,319.8,320.0,313.1,315.0,13789,315.0,2026-09-03T19:34:05.547109+00:00
2024-04-24,315.0,318.0,313.1,314.9,7811,314.9,2026-09-03T19:34:05.547109+00:00
2024-04-25,315.0,321.0,312.8,314.5,19571,314.5,2026-09-03T19:34:05.547109+00:00
2024-04-28,314.9,324.8,313.0,323.0,38962,323.0,2026-09-03T19:34:05.547109+00:00
2024-04-29,325.0,327.9,322.0,326.9,32744,326.9,2026-09-03T19:34:05.547109+00:00
2024-04-30,327.0,350.0,327.0,339.1,136252,339.1,2026-09-03T19:34:05.547109+00:00
2024-05-02,343.0,348.0,329.0,333.0,43378,333.0,2026-09-03T19:34:05.547109+00:00
2024-05-05,330.0,331.0,320.0,323.0,52864,323.0,2026-09-03T19:34:05.547109+00:00
2024-05-06,329.0,331.0,317.2,322.1,36772,322.1,2026-09-03T19:34:05.547109+00:00
2024-05-07,319.2,338.0,319.2,328.0,27434,328.0,2026-09-03T19:34:05.547109+00:00
2024-05-08,328.0,329.0,323.0,326.8,15004,326.8,2026-09-03T19:34:05.547109+00:00
2024-05-09,332.0,332.0,319.0,326.0,39040,326.0,2026-09-03T19:34:05.547109+00:00
2024-05-12,332.5,337.0,326.0,330.3,32828,330.3,2026-09-03T19:34:05.547109+00:00
2024-05-13,335.0,336.0,328.5,333.0,33105,333.0,2026-09-03T19:34:05.547109+00:00
2024-05-14,339.0,339.0,331.0,334.1,40793,334.1,2026-09-03T19:34:05.547109+00:00
2024-05-15,340.0,340.0,328.0,330.0,28747,330.0,2026-09-03T19:34:05.547109+00:00
2024-05-16,333.0,333.0,326.0,328.0,21541,328.0,2026-09-03T19:34:05.547109+00:00
2024-05-19,334.5,334.5,327.4,330.7,31223,330.7,2026-09-03T19:34:05.547109+00:00
2024-05-20,335.0,341.0,332.0,334.0,39361,334.0,2026-09-03T19:34:05.547109+00:00
2024-05-21,330.3,338.0,330.0,335.0,28519,335.0,2026-09-03T19:34:05.547109+00:00
2024-05-22,335.0,339.0,330.3,332.6,34584,332.6,2026-09-03T19:34:05.547109+00:00
2024-05-26,332.0,338.0,329.0,329.0,22911,329.0,2026-09-03T19:34:05.547109+00:00
2024-05-27,332.0,335.7,329.1,331.0,34184,331.0,2026-09-03T19:34:05.547109+00:00
2024-05-29,336.0,337.0,325.0,325.1,32634,325.1,2026-09-03T19:34:05.547109+00:00
2024-05-30,325.0,327.7,321.4,323.9,28370,323.9,2026-09-03T19:34:05.547109+00:00
2024-06-02,330.0,330.0,321.0,322.2,19020,322.2,2026-09-03T19:34:05.547109+00:00
2024-06-03,327.9,328.0,322.2,323.8,21671,323.8,2026-09-03T19:34:05.547109+00:00
2024-06-04,330.0,330.0,323.0,324.0,44527,324.0,2026-09-03T19:34:05.547109+00:00
2024-06-05,328.7,328.7,321.1,323.7,9293,323.7,2026-09-03T19:34:05.547109+00:00
2024-06-06,323.0,325.0,321.0,322.2,28273,322.2,2026-09-03T19:34:05.547109+00:00
2024-06-09,323.1,324.9,320.1,322.5,22355,322.5,2026-09-03T19:34:05.547109+00:00
2024-06-10,321.0,326.0,320.0,321.0,19322,321.0,2026-09-03T19:34:05.547109+00:00
2024-06-11,321.0,327.0,321.0,324.5,20047,324.5,2026-09-03T19:34:05.547109+00:00
2024-06-12,329.9,330.0,323.4,325.9,21334,325.9,2026-09-03T19:34:05.547109+00:00
2024-06-13,329.0,339.0,324.0,329.0,70287,329.0,2026-09-03T19:34:05.547109+00:00
2024-06-16,330.0,336.0,326.1,326.1,25799,326.1,2026-09-03T19:34:05.547109+00:00
2024-06-18,331.0,331.0,323.0,323.0,15147,323.0,2026-09-03T19:34:05.547109+00:00
2024-06-19,329.0,329.3,321.0,323.7,15340,323.7,2026-09-03T19:34:05.547109+00:00
2024-06-20,321.1,322.0,318.0,318.6,38952,318.6,2026-09-03T19:34:05.547109+00:00
2024-06-23,324.8,324.8,317.2,317.2,19492,317.2,2026-09-03T19:34:05.547109+00:00
2024-06-24,322.0,327.9,319.0,326.0,126801,326.0,2026-09-03T19:34:05.547109+00:00
2024-06-25,329.0,329.9,324.6,324.8,34515,324.8,2026-09-03T19:34:05.547109+00:00
2024-06-26,323.0,328.0,320.0,321.8,18654,321.8,2026-09-03T19:34:05.547109+00:00
2024-06-27,318.2,324.0,316.7,318.0,32221,318.0,2026-09-03T19:34:05.547109+00:00
2024-06-30,311.7,318.1,311.7,315.3,18669,315.3,2026-09-03T19:34:05.547109+00:00
2024-07-01,316.2,324.0,316.2,323.0,56827,323.0,2026-09-03T19:34:05.547109+00:00
2024-07-02,329.4,341.0,323.0,327.0,81009,327.0,2026-09-03T19:34:05.547109+00:00
2024-07-03,322.0,336.0,321.3,336.0,137793,336.0,2026-09-03T19:34:05.547109+00:00
2024-07-04,340.0,354.0,335.0,350.0,492748,350.0,2026-09-03T19:34:05.547109+00:00
2024-07-07,354.9,357.0,346.0,348.9,138907,348.9,2026-09-03T19:34:05.547109+00:00
2024-07-08,350.0,350.0,342.2,345.0,81427,345.0,2026-09-03T19:34:05.547109+00:00
2024-07-09,349.0,360.0,345.0,357.9,221445,357.9,2026-09-03T19:34:05.547109+00:00
2024-07-10,360.0,364.0,355.2,358.0,86067,358.0,2026-09-03T19:34:05.547109+00:00
2024-07-11,364.9,364.9,355.0,357.0,87865,357.0,2026-09-03T19:34:05.547109+00:00
2024-07-14,364.1,371.0,357.5,362.8,116544,362.8,2026-09-03T19:34:05.547109+00:00
2024-07-15,370.0,370.0,350.0,352.0,119376,352.0,2026-09-03T19:34:05.547109+00:00
2024-07-16,350.0,375.0,350.0,370.0,111293,370.0,2026-09-03T19:34:05.547109+00:00
2024-07-17,377.4,384.5,366.1,384.0,180537,384.0,2026-09-03T19:34:05.547109+00:00
2024-07-18,386.0,399.8,381.0,385.3,227089,385.3,2026-09-03T19:34:05.547109+00:00
2024-07-21,387.0,392.7,376.0,389.9,151508,389.9,2026-09-03T19:34:05.547109+00:00
2024-07-22,389.9,392.0,377.3,389.0,133922,389.0,2026-09-03T19:34:05.547109+00:00
2024-07-23,386.6,403.9,382.0,398.1,183818,398.1,2026-09-03T19:34:05.547109+00:00
2024-07-24,390.2,417.0,390.2,400.3,297488,400.3,2026-09-03T19:34:05.547109+00:00
2024-07-25,397.0,407.5,396.0,402.5,135904,402.5,2026-09-03T19:34:05.547109+00:00
2024-07-28,410.5,430.0,406.0,427.0,206498,427.0,2026-09-03T19:34:05.547109+00:00
2024-07-29,435.5,435.5,410.0,413.0,197784,413.0,2026-09-03T19:34:05.547109+00:00
2024-07-30,412.0,428.0,403.0,419.8,176059,419.8,2026-09-03T19:34:05.547109+00:00
2024-07-31,427.9,461.7,418.0,460.0,466288,460.0,2026-09-03T19:34:05.547109+00:00
2024-08-01,452.8,475.0,452.8,458.0,221378,458.0,2026-09-03T19:34:05.547109+00:00
2024-08-05,467.0,467.0,436.0,447.2,238541,447.2,2026-09-03T19:34:05.547109+00:00
2024-08-06,447.0,449.8,410.1,413.0,247767,413.0,2026-09-03T19:34:05.547109+00:00
2024-08-07,413.0,441.9,410.0,441.0,209561,441.0,2026-09-03T19:34:05.547109+00:00
2024-08-08,449.5,459.0,435.0,437.0,162896,437.0,2026-09-03T19:34:05.547109+00:00
2024-08-11,445.0,453.9,438.0,447.0,220766,447.0,2026-09-03T19:34:05.547109+00:00
2024-08-12,455.9,477.9,446.2,475.0,333974,475.0,2026-09-03T19:34:05.547109+00:00
2024-08-13,475.0,483.0,462.1,463.0,165238,463.0,2026-09-03T19:34:05.547109+00:00
2024-08-14,464.0,487.0,455.0,482.0,245179,482.0,2026-09-03T19:34:05.547109+00:00
2024-08-15,486.0,495.2,480.0,480.2,266680,480.2,2026-09-03T19:34:05.547109+00:00
2024-08-18,480.0,483.0,455.0,459.0,199030,459.0,2026-09-03T19:34:05.547109+00:00
2024-08-21,466.0,475.0,452.1,454.0,104029,454.0,2026-09-03T19:34:05.547109+00:00
2024-08-22,462.0,498.0,458.0,485.0,523775,485.0,2026-09-03T19:34:05.547109+00:00
2024-08-25,490.0,491.6,462.3,465.0,212496,465.0,2026-09-03T19:34:05.547109+00:00
2024-08-27,465.0,465.0,436.5,438.0,179099,438.0,2026-09-03T19:34:05.547109+00:00
2024-08-28,438.0,453.9,432.1,439.0,142696,439.0,2026-09-03T19:34:05.547109+00:00
2024-08-29,432.2,444.0,424.0,430.0,85447,430.0,2026-09-03T19:34:05.547109+00:00
2024-09-01,430.0,438.0,413.4,417.8,88639,417.8,2026-09-03T19:34:05.547109+00:00
2024-09-02,426.0,438.6,415.1,434.0,131493,434.0,2026-09-03T19:34:05.547109+00:00
2024-09-03,440.0,456.0,426.0,441.0,160954,441.0,2026-09-03T19:34:05.547109+00:00
2024-09-04,442.0,457.1,427.2,428.0,207475,428.0,2026-09-03T19:34:05.547109+00:00
2024-09-05,427.5,434.0,415.0,425.4,83697,425.4,2026-09-03T19:34:05.547109+00:00
2024-09-08,426.0,432.0,415.0,415.0,73466,415.0,2026-09-03T19:34:05.547109+00:00
2024-09-09,421.5,421.5,405.0,406.0,83407,406.0,2026-09-03T19:34:05.547109+00:00
2024-09-10,397.9,417.0,397.9,406.9,44260,406.9,2026-09-03T19:34:05.547109+00:00
2024-09-11,407.0,413.0,400.3,405.0,36731,405.0,2026-09-03T19:34:05.547109+00:00
2024-09-12,396.9,420.0,396.9,419.0,51838,419.0,2026-09-03T19:34:05.547109+00:00
2024-09-15,427.0,427.3,399.0,402.0,95251,402.0,2026-09-03T19:34:05.547109+00:00
2024-09-16,407.0,407.0,390.0,393.0,49971,393.0,2026-09-03T19:34:05.547109+00:00
2024-09-18,399.9,412.0,386.2,393.0,51675,393.0,2026-09-03T19:34:05.547109+00:00
2024-09-22,400.8,410.0,393.0,393.2,23031,393.2,2026-09-03T19:34:05.547109+00:00
2024-09-23,388.0,397.9,375.1,379.0,58589,379.0,2026-09-03T19:34:05.547109+00:00
2024-09-24,380.0,386.5,375.0,375.0,38485,375.0,2026-09-03T19:34:05.547109+00:00
2024-09-25,382.5,387.0,368.4,387.0,47759,387.0,2026-09-03T19:34:05.547109+00:00
2024-09-26,390.0,390.0,375.1,375.1,39569,375.1,2026-09-03T19:34:05.547109+00:00
2024-09-29,369.0,387.6,369.0,376.8,28554,376.8,2026-09-03T19:34:05.547109+00:00
2024-09-30,376.9,387.0,376.9,385.0,17420,385.0,2026-09-03T19:34:05.547109+00:00
2024-10-01,392.0,413.0,390.0,410.0,43980,410.0,2026-09-03T19:34:05.547109+00:00
2024-10-02,410.0,413.0,396.9,399.0,80782,399.0,2026-09-03T19:34:05.547109+00:00
2024-10-06,404.0,410.0,396.0,410.0,30200,410.0,2026-09-03T19:34:05.547109+00:00
2024-10-07,416.0,418.2,410.0,412.0,35228,412.0,2026-09-03T19:34:05.547109+00:00
2024-10-08,415.0,415.0,400.0,404.0,28034,404.0,2026-09-03T19:34:05.547109+00:00
2024-10-09,411.0,411.0,402.0,407.6,12170,407.6,2026-09-03T19:34:05.547109+00:00
2024-10-15,404.0,415.0,404.0,415.0,9177,415.0,2026-09-03T19:34:05.547109+00:00
2024-10-16,412.0,424.1,411.0,421.9,24249,421.9,2026-09-03T19:34:05.547109+00:00
2024-10-17,422.0,427.6,415.2,419.0,43751,419.0,2026-09-03T19:34:05.547109+00:00
2024-10-20,415.0,417.0,407.0,409.5,53345,409.5,2026-09-03T19:34:05.547109+00:00
2024-10-21,409.0,410.0,400.0,400.0,55584,400.0,2026-09-03T19:34:05.547109+00:00
2024-10-22,404.0,407.0,400.0,404.9,18445,404.9,2026-09-03T19:34:05.547109+00:00
2024-10-23,400.2,405.0,397.1,398.0,23981,398.0,2026-09-03T19:34:05.547109+00:00
2024-10-24,398.0,398.0,392.1,397.7,19590,397.7,2026-09-03T19:34:05.547109+00:00
2024-10-27,400.0,402.0,392.1,392.5,21213,392.5,2026-09-03T19:34:05.547109+00:00
2024-10-28,399.5,400.0,394.0,398.0,35472,398.0,2026-09-03T19:34:05.547109+00:00
2024-10-29,399.0,406.0,399.0,405.8,36242,405.8,2026-09-03T19:34:05.547109+00:00
2024-10-30,403.0,409.0,395.1,397.0,31943,397.0,2026-09-03T19:34:05.547109+00:00
2024-11-05,394.0,401.0,394.0,397.5,20371,397.5,2026-09-03T19:34:05.547109+00:00
2024-11-06,400.0,408.9,395.4,403.2,21090,403.2,2026-09-03T19:34:05.547109+00:00
2024-11-10,404.0,415.5,400.6,415.5,70814,415.5,2026-09-03T19:34:05.547109+00:00
2024-11-11,422.9,428.0,412.6,415.0,69667,415.0,2026-09-03T19:34:05.547109+00:00
2024-11-12,420.0,420.8,413.0,416.8,58859,416.8,2026-09-03T19:34:05.547109+00:00
2024-11-13,413.0,424.3,412.0,422.0,40448,422.0,2026-09-03T19:34:05.547109+00:00
2024-11-14,422.0,432.0,420.0,425.0,86086,425.0,2026-09-03T19:34:05.547109+00:00
2024-11-17,433.0,438.0,423.1,429.0,67830,429.0,2026-09-03T19:34:05.547109+00:00
2024-11-19,425.1,427.0,413.0,413.0,60731,413.0,2026-09-03T19:34:05.547109+00:00
2024-11-20,411.0,429.9,410.1,426.9,87734,426.9,2026-09-03T19:34:05.547109+00:00
2024-11-21,427.0,434.0,415.0,417.5,82844,417.5,2026-09-03T19:34:05.547109+00:00
2024-11-24,418.0,423.0,408.0,410.0,40794,410.0,2026-09-03T19:34:05.547109+00:00
2024-11-25,408.1,416.0,407.2,412.0,28261,412.0,2026-09-03T19:34:05.547109+00:00
2024-11-26,420.2,420.2,413.0,416.0,35943,416.0,2026-09-03T19:34:05.547109+00:00
2024-11-27,418.0,430.0,414.0,426.0,68958,426.0,2026-09-03T19:34:05.547109+00:00
2024-11-28,417.5,447.0,417.5,429.8,230299,429.8,2026-09-03T19:34:05.547109+00:00
2024-12-01,422.0,447.0,416.0,445.9,226995,445.9,2026-09-03T19:34:05.547109+00:00
2024-12-02,450.0,460.0,432.0,434.0,208230,434.0,2026-09-03T19:34:05.547109+00:00
2024-12-03,442.4,442.6,425.5,434.6,52538,434.6,2026-09-03T19:34:05.547109+00:00
2024-12-04,443.2,443.2,422.0,423.0,75877,423.0,2026-09-03T19:34:05.547109+00:00
2024-12-05,420.1,428.0,416.2,425.0,119589,425.0,2026-09-03T19:34:05.547109+00:00
2024-12-08,417.3,429.9,410.0,415.0,67822,415.0,2026-09-03T19:34:05.547109+00:00
2024-12-09,417.0,418.0,410.0,411.9,38120,411.9,2026-09-03T19:34:05.547109+00:00
2024-12-10,418.0,418.0,405.0,410.0,28382,410.0,2026-09-03T19:34:05.547109+00:00
2024-12-11,405.2,414.8,405.2,414.8,19201,414.8,2026-09-03T19:34:05.547109+00:00
2024-12-12,415.0,415.0,403.1,405.0,40078,405.0,2026-09-03T19:34:05.547109+00:00
2024-12-16,407.0,407.0,391.5,394.0,48371,394.0,2026-09-03T19:34:05.547109+00:00
2024-12-17,388.1,400.0,388.1,395.0,21264,395.0,2026-09-03T19:34:05.547109+00:00
2024-12-18,397.0,402.0,390.2,394.9,42086,394.9,2026-09-03T19:34:05.547109+00:00
2024-12-19,396.0,396.8,384.1,390.0,46747,390.0,2026-09-03T19:34:05.547109+00:00
2024-12-22,386.0,396.0,380.5,384.0,35279,384.0,2026-09-03T19:34:05.547109+00:00
2024-12-23,386.0,393.0,382.6,393.0,17687,393.0,2026-09-03T19:34:05.547109+00:00
2024-12-24,393.0,402.0,388.4,391.4,41290,391.4,2026-09-03T19:34:05.547109+00:00
2024-12-26,385.2,394.0,384.0,389.2,24142,389.2,2026-09-03T19:34:05.547109+00:00
2024-12-29,396.0,399.0,387.0,389.0,55303,389.0,2026-09-03T19:34:05.547109+00:00
2024-12-31,371.1,372.9,358.7,362.0,44801,362.0,2026-09-03T19:34:05.547109+00:00
2025-01-01,367.0,370.0,360.1,364.9,33723,364.9,2026-09-03T19:34:05.547109+00:00
2025-01-02,365.0,372.1,361.3,369.0,26738,369.0,2026-09-03T19:34:05.547109+00:00
2025-01-05,368.5,372.8,367.1,367.3,20595,367.3,2026-09-03T19:34:05.547109+00:00
2025-01-06,365.0,378.0,364.0,376.0,28419,376.0,2026-09-03T19:34:05.547109+00:00
2025-01-07,376.0,381.7,372.2,376.0,27740,376.0,2026-09-03T19:34:05.547109+00:00
2025-01-08,379.9,392.0,374.0,388.0,56114,388.0,2026-09-03T19:34:05.547109+00:00
2025-01-09,393.0,393.0,380.0,380.0,39381,380.0,2026-09-03T19:34:05.547109+00:00
2025-01-12,376.5,379.1,369.5,369.5,53481,369.5,2026-09-03T19:34:05.547109+00:00
2025-01-13,374.0,374.9,365.0,367.0,48325,367.0,2026-09-03T19:34:05.547109+00:00
2025-01-15,374.3,374.3,368.2,369.0,15896,369.0,2026-09-03T19:34:05.547109+00:00
2025-01-16,370.1,374.5,363.6,365.0,27984,365.0,2026-09-03T19:34:05.547109+00:00
2025-01-19,365.0,370.0,362.1,368.0,32425,368.0,2026-09-03T19:34:05.547109+00:00
2025-01-20,373.1,373.1,364.4,365.5,20208,365.5,2026-09-03T19:34:05.547109+00:00
2025-01-21,365.0,371.0,364.0,369.7,43602,369.7,2026-09-03T19:34:05.547109+00:00
2025-01-22,365.2,378.8,365.2,377.0,44890,377.0,2026-09-03T19:34:05.547109+00:00
2025-01-23,382.0,382.0,368.0,368.2,24649,368.2,2026-09-03T19:34:05.547109+00:00
2025-01-26,368.0,371.0,366.1,368.5,43872,368.5,2026-09-03T19:34:05.547109+00:00
2025-01-27,366.0,389.9,366.0,385.0,104771,385.0,2026-09-03T19:34:05.547109+00:00
2025-01-28,386.9,409.0,386.5,402.0,161943,402.0,2026-09-03T19:34:05.547109+00:00
2025-02-02,410.0,420.3,403.0,417.8,99231,417.8,2026-09-03T19:34:05.547109+00:00
2025-02-03,417.8,443.0,409.0,416.9,135576,416.9,2026-09-03T19:34:05.547109+00:00
2025-02-04,416.0,421.0,407.0,409.0,68048,409.0,2026-09-03T19:34:05.547109+00:00
2025-02-05,409.0,415.0,403.0,412.0,31236,412.0,2026-09-03T19:34:05.547109+00:00
2025-02-06,420.0,420.0,402.4,402.7,73695,402.7,2026-09-03T19:34:05.547109+00:00
2025-02-09,407.0,409.0,397.0,398.0,41688,398.0,2026-09-03T19:34:05.547109+00:00
2025-02-10,398.0,407.0,389.0,391.0,53360,391.0,2026-09-03T19:34:05.547109+00:00
2025-02-11,390.1,412.9,390.0,412.9,69676,412.9,2026-09-03T19:34:05.547109+00:00
2025-02-12,415.0,423.3,407.2,411.1,118343,411.1,2026-09-03T19:34:05.547109+00:00
2025-02-13,415.0,415.0,405.0,405.0,35728,405.0,2026-09-03T19:34:05.547109+00:00
2025-02-16,405.0,413.1,403.0,413.0,59294,413.0,2026-09-03T19:34:05.547109+00:00
2025-02-17,415.0,420.5,407.2,419.0,99556,419.0,2026-09-03T19:34:05.547109+00:00
2025-02-18,421.0,421.0,405.1,407.0,71114,407.0,2026-09-03T19:34:05.547109+00:00
2025-02-20,407.0,409.7,401.1,401.1,54995,401.1,2026-09-03T19:34:05.547109+00:00
2025-02-23,393.1,403.0,390.1,391.0,107553,391.0,2026-09-03T19:34:05.547109+00:00
2025-02-24,387.0,406.0,387.0,392.1,47283,392.1,2026-09-03T19:34:05.547109+00:00
2025-02-25,399.7,399.7,392.0,392.9,31635,392.9,2026-09-03T19:34:05.547109+00:00
2025-02-27,398.0,402.0,395.0,400.0,57939,400.0,2026-09-03T19:34:05.547109+00:00
2025-03-02,403.0,415.0,399.0,412.0,90859,412.0,2026-09-03T19:34:05.547109+00:00
2025-03-03,412.0,416.0,403.0,403.6,44732,403.6,2026-09-03T19:34:05.547109+00:00
2025-03-04,403.6,411.0,401.1,404.0,79949,404.0,2026-09-03T19:34:05.547109+00:00
2025-03-05,407.8,407.9,392.0,397.8,191274,397.8,2026-09-03T19:34:05.547109+00:00
2025-03-06,404.0,434.0,398.0,429.0,492632,429.0,2026-09-03T19:34:05.547109+00:00
2025-03-09,429.0,435.0,415.0,422.0,257645,422.0,2026-09-03T19:34:05.547109+00:00
2025-03-10,422.0,428.8,405.2,405.9,281330,405.9,2026-09-03T19:34:05.547109+00:00
2025-03-11,414.0,446.4,409.0,446.4,991444,446.4,2026-09-03T19:34:05.547109+00:00
2025-03-12,455.3,488.0,455.3,467.9,817090,467.9,2026-09-03T19:34:05.547109+00:00
2025-03-16,458.6,465.0,435.2,444.0,829355,444.0,2026-09-03T19:34:05.547109+00:00
2025-03-17,436.1,440.0,417.0,420.0,524637,420.0,2026-09-03T19:34:05.547109+00:00
2025-03-18,428.4,428.4,416.0,416.6,93125,416.6,2026-09-03T19:34:05.547109+00:00
2025-03-19,408.3,431.7,408.3,418.0,287403,418.0,2026-09-03T19:34:05.547109+00:00
2025-03-20,418.0,422.0,409.2,410.39,225151,410.39,2026-09-03T19:34:05.547109+00:00
2025-03-23,411.0,411.0,396.3,398.16,299984,398.16,2026-09-03T19:34:05.547109+00:00
2025-03-24,391.0,405.0,391.0,400.81,115424,400.81,2026-09-03T19:34:05.547109+00:00
2025-03-25,398.0,399.0,385.0,386.05,176737,386.05,2026-09-03T19:34:05.547109+00:00
2025-03-26,388.0,403.5,383.0,396.91,78912,396.91,2026-09-03T19:34:05.547109+00:00
2025-03-27,391.5,408.0,391.5,405.76,206869,405.76,2026-09-03T19:34:05.547109+00:00
2025-03-30,401.3,415.0,400.0,405.28,137611,405.28,2026-09-03T19:34:05.547109+00:00
2025-04-01,405.0,408.0,395.0,396.97,95440,396.97,2026-09-03T19:34:05.547109+00:00
2025-04-02,397.0,402.1,392.2,396.34,61569,396.34,2026-09-03T19:34:05.547109+00:00
2025-04-03,388.5,405.0,388.5,395.43,94468,395.43,2026-09-03T19:34:05.547109+00:00
2025-04-07,396.0,399.0,389.0,390.16,76857,390.16,2026-09-03T19:34:05.547109+00:00
2025-04-08,393.0,393.0,384.2,390.05,86945,390.05,2026-09-03T19:34:05.547109+00:00
2025-04-09,391.0,395.0,388.1,389.68,67285,389.68,2026-09-03T19:34:05.547109+00:00
2025-04-10,390.0,392.0,385.2,386.89,71834,386.89,2026-09-03T19:34:05.547109+00:00
2025-04-13,385.5,393.0,384.8,388.59,71820,388.59,2026-09-03T19:34:05.547109+00:00
2025-04-15,396.0,402.0,384.1,395.61,131387,395.61,2026-09-03T19:34:05.547109+00:00
2025-04-16,403.0,403.0,390.0,394.99,58933,394.99,2026-09-03T19:34:05.547109+00:00
2025-04-17,401.0,403.0,394.2,399.54,117791,399.54,2026-09-03T19:34:05.547109+00:00
2025-04-20,407.5,407.5,388.1,390.34,77769,390.34,2026-09-03T19:34:05.547109+00:00
2025-04-21,390.0,392.7,387.0,389.45,73060,389.45,2026-09-03T19:34:05.547109+00:00
2025-04-22,387.1,390.0,385.0,386.22,58266,386.22,2026-09-03T19:34:05.547109+00:00
2025-04-23,388.9,388.9,380.0,380.16,82251,380.16,2026-09-03T19:34:05.547109+00:00
2025-04-24,372.6,384.9,372.6,381.42,49666,381.42,2026-09-03T19:34:05.547109+00:00
2025-04-27,378.1,386.0,376.5,378.36,88358,378.36,2026-09-03T19:34:05.547109+00:00
2025-04-28,377.0,381.8,375.0,375.75,77777,375.75,2026-09-03T19:34:05.547109+00:00
2025-04-29,379.8,380.0,369.2,369.86,82289,369.86,2026-09-03T19:34:05.547109+00:00
2025-04-30,375.0,375.0,368.0,369.06,52643,369.06,2026-09-03T19:34:05.547109+00:00
2025-05-04,374.0,375.0,367.0,370.12,68498,370.12,2026-09-03T19:34:05.547109+00:00
2025-05-05,370.0,372.9,365.0,365.28,34368,365.28,2026-09-03T19:34:05.547109+00:00
2025-05-06,368.0,371.0,358.0,363.27,131672,363.27,2026-09-03T19:34:05.547109+00:00
2025-05-07,368.0,379.5,361.0,377.32,78212,377.32,2026-09-03T19:34:05.547109+00:00
2025-05-08,380.1,382.5,373.3,378.68,60301,378.68,2026-09-03T19:34:05.547109+00:00
2025-05-11,380.0,391.5,375.0,387.01,125519,387.01,2026-09-03T19:34:05.547109+00:00
2025-05-13,391.0,406.0,387.1,395.26,274403,395.26,2026-09-03T19:34:05.547109+00:00
2025-05-14,398.8,413.0,392.9,409.57,289119,409.57,2026-09-03T19:34:05.547109+00:00
2025-05-15,403.0,412.0,392.1,397.06,153935,397.06,2026-09-03T19:34:05.547109+00:00
2025-05-18,393.2,400.0,382.2,384.18,115285,384.18,2026-09-03T19:34:05.547109+00:00
2025-05-19,385.0,393.0,384.0,389.55,84114,389.55,2026-09-03T19:34:05.547109+00:00
2025-05-20,390.0,400.0,384.5,396.96,85393,396.96,2026-09-03T19:34:05.547109+00:00
2025-05-21,404.8,411.0,396.0,396.8,174929,396.8,2026-09-03T19:34:05.547109+00:00
2025-05-22,400.0,407.0,398.0,400.0,124010,400.0,2026-09-03T19:34:05.547109+00:00
2025-05-25,407.9,408.0,390.0,394.66,60080,394.66,2026-09-03T19:34:05.547109+00:00
2025-05-26,398.0,405.9,390.0,391.61,95552,391.61,2026-09-03T19:34:05.547109+00:00
2025-05-27,385.3,396.4,385.3,390.24,88333,390.24,2026-09-03T19:34:05.547109+00:00
2025-05-28,392.0,395.6,390.0,393.8,125829,393.8,2026-09-03T19:34:05.547109+00:00
2025-06-02,398.0,401.6,392.1,392.59,82913,392.59,2026-09-03T19:34:05.547109+00:00
2025-06-03,393.0,394.0,386.1,386.47,63169,386.47,2026-09-03T19:34:05.547109+00:00
2025-06-04,388.0,390.0,382.2,385.39,47099,385.39,2026-09-03T19:34:05.547109+00:00
2025-06-05,388.0,391.5,382.1,382.55,46563,382.55,2026-09-03T19:34:05.547109+00:00
2025-06-08,382.1,386.0,381.2,382.49,33231,382.49,2026-09-03T19:34:05.547109+00:00
2025-06-09,384.0,395.0,383.9,391.37,118406,391.37,2026-09-03T19:34:05.547109+00:00
2025-06-10,397.5,397.5,388.0,391.12,46913,391.12,2026-09-03T19:34:05.547109+00:00
2025-06-11,395.0,395.0,386.2,390.31,49259,390.31,2026-09-03T19:34:05.547109+00:00
2025-06-12,390.0,393.0,386.1,389.01,127591,389.01,2026-09-03T19:34:05.547109+00:00
2025-06-15,394.0,394.0,386.0,386.34,43539,386.34,2026-09-03T19:34:05.547109+00:00
2025-06-16,388.0,394.0,386.0,387.38,103412,387.38,2026-09-03T19:34:05.547109+00:00
2025-06-17,387.0,390.0,384.0,385.74,49632,385.74,2026-09-03T19:34:05.547109+00:00
2025-06-18,388.0,390.4,384.1,387.21,46235,387.21,2026-09-03T19:34:05.547109+00:00
2025-06-19,385.1,389.0,383.0,383.25,46947,383.25,2026-09-03T19:34:05.547109+00:00
2025-06-22,378.5,387.0,376.0,377.94,45922,377.94,2026-09-03T19:34:05.547109+00:00
2025-06-23,380.5,380.5,374.5,374.88,32374,374.88,2026-09-03T19:34:05.547109+00:00
2025-06-24,374.0,380.0,372.4,372.85,39791,372.85,2026-09-03T19:34:05.547109+00:00
2025-06-25,373.0,377.8,372.0,372.96,28495,372.96,2026-09-03T19:34:05.547109+00:00
2025-06-26,377.7,379.9,373.0,373.82,23812,373.82,2026-09-03T19:34:05.547109+00:00
2025-06-29,372.1,379.0,372.0,378.47,26398,378.47,2026-09-03T19:34:05.547109+00:00
2025-06-30,386.0,386.0,376.0,381.73,27304,381.73,2026-09-03T19:34:05.547109+00:00
2025-07-01,389.0,389.0,377.5,387.32,39946,387.32,2026-09-03T19:34:05.547109+00:00
2025-07-02,389.5,395.5,383.2,393.28,89045,393.28,2026-09-03T19:34:05.547109+00:00
2025-07-03,400.0,405.0,392.2,398.56,127351,398.56,2026-09-03T19:34:05.547109+00:00
2025-07-06,402.0,402.0,390.0,390.74,38741,390.74,2026-09-03T19:34:05.547109+00:00
2025-07-07,393.8,393.8,378.5,383.4,69391,383.4,2026-09-03T19:34:05.547109+00:00
2025-07-08,391.0,391.0,378.4,380.31,34442,380.31,2026-09-03T19:34:05.547109+00:00
2025-07-09,382.0,387.8,382.0,385.67,53202,385.67,2026-09-03T19:34:05.547109+00:00
2025-07-10,389.0,397.0,383.1,393.11,54547,393.11,2026-09-03T19:34:05.547109+00:00
2025-07-13,400.9,408.0,397.0,399.33,154621,399.33,2026-09-03T19:34:05.547109+00:00
2025-07-14,400.0,400.0,390.6,391.35,72062,391.35,2026-09-03T19:34:05.547109+00:00
2025-07-15,395.8,399.9,390.0,397.07,35055,397.07,2026-09-03T19:34:05.547109+00:00
2025-07-16,403.0,419.0,400.0,411.67,284936,411.67,2026-09-03T19:34:05.547109+00:00
2025-07-17,417.3,429.3,415.5,422.49,235903,422.49,2026-09-03T19:34:05.547109+00:00
2025-07-20,425.0,440.0,415.6,421.05,212364,421.05,2026-09-03T19:34:05.547109+00:00
2025-07-21,417.0,439.0,413.5,430.17,358424,430.17,2026-09-03T19:34:05.547109+00:00
2025-07-22,435.0,444.5,430.0,438.83,330915,438.83,2026-09-03T19:34:05.547109+00:00
2025-07-23,447.6,447.6,425.5,434.1,172435,434.1,2026-09-03T19:34:05.547109+00:00
2025-07-24,442.0,442.0,423.4,434.28,202731,434.28,2026-09-03T19:34:05.547109+00:00
2025-07-27,436.0,452.8,435.0,441.03,380671,441.03,2026-09-03T19:34:05.547109+00:00
2025-07-28,443.0,462.0,437.1,459.47,623912,459.47,2026-09-03T19:34:05.547109+00:00
2025-07-29,465.0,468.6,450.0,452.66,206098,452.66,2026-09-03T19:34:05.547109+00:00
2025-07-30,443.7,460.0,435.0,436.31,185892,436.31,2026-09-03T19:34:05.547109+00:00
2025-07-31,440.0,440.0,425.0,427.89,179598,427.89,2026-09-03T19:34:05.547109+00:00
2025-08-03,428.5,430.0,417.1,418.23,126326,418.23,2026-09-03T19:34:05.547109+00:00
2025-08-04,424.0,432.0,412.7,422.86,119798,422.86,2026-09-03T19:34:05.547109+00:00
2025-08-05,424.0,426.0,408.8,409.86,101681,409.86,2026-09-03T19:34:05.547109+00:00
2025-08-06,409.0,414.5,407.3,409.53,84930,409.53,2026-09-03T19:34:05.547109+00:00
2025-08-07,415.0,415.0,411.0,413.46,53606,413.46,2026-09-03T19:34:05.547109+00:00
2025-08-11,407.2,413.0,401.0,402.21,126170,402.21,2026-09-03T19:34:05.547109+00:00
2025-08-12,400.0,407.2,396.4,398.25,50484,398.25,2026-09-03T19:34:05.547109+00:00
2025-08-13,395.6,404.9,395.6,398.73,53361,398.73,2026-09-03T19:34:05.547109+00:00
2025-08-14,403.0,403.0,395.8,398.96,49939,398.96,2026-09-03T19:34:05.547109+00:00
2025-08-17,400.0,406.0,393.0,396.42,59149,396.42,2026-09-03T19:34:05.547109+00:00
2025-08-18,401.0,402.5,395.0,398.6,58806,398.6,2026-09-03T19:34:05.547109+00:00
2025-08-19,397.0,404.0,396.6,399.57,61644,399.57,2026-09-03T19:34:05.547109+00:00
2025-08-20,396.0,403.0,396.0,397.4,42785,397.4,2026-09-03T19:34:05.547109+00:00
2025-08-21,400.0,400.0,394.0,394.57,42715,394.57,2026-09-03T19:34:05.547109+00:00
2025-08-24,393.5,397.9,388.1,388.62,43098,388.62,2026-09-03T19:34:05.547109+00:00
2025-08-25,390.0,394.7,387.2,393.38,31040,393.38,2026-09-03T19:34:05.547109+00:00
2025-08-26,396.0,399.9,391.0,391.96,27247,391.96,2026-09-03T19:34:05.547109+00:00
2025-08-27,391.0,410.1,391.0,409.21,85902,409.21,2026-09-03T19:34:05.547109+00:00
2025-08-28,409.0,411.9,397.0,397.7,103163,397.7,2026-09-03T19:34:05.547109+00:00
2025-08-31,400.9,400.9,391.2,393.46,47851,393.46,2026-09-03T19:34:05.547109+00:00
2025-09-01,390.0,397.0,390.0,393.96,35168,393.96,2026-09-03T19:34:05.547109+00:00
2025-09-02,393.96,396.0,390.0,391.38,35128,391.38,2026-09-03T19:34:05.547109+00:00
2025-09-03,399.2,399.2,388.3,389.5,45309,389.5,2026-09-03T19:34:05.547109+00:00
2025-09-04,387.2,393.0,386.0,389.7,38423,389.7,2026-09-03T19:34:05.547109+00:00
2025-09-07,390.0,396.8,388.1,390.44,32622,390.44,2026-09-03T19:34:05.547109+00:00
2025-09-08,392.5,392.5,383.0,384.24,40854,384.24,2026-09-03T19:34:05.547109+00:00
2025-09-18,376.6,376.6,351.1,356.0,12211,356.0,2026-09-03T19:34:05.547109+00:00
2025-09-21,348.9,383.8,348.9,382.6,67152,382.6,2026-09-03T19:34:05.547109+00:00
2025-09-23,390.0,393.9,383.1,390.0,64170,390.0,2026-09-03T19:34:05.547109+00:00
2025-09-24,390.0,394.0,383.1,383.2,33268,383.2,2026-09-03T19:34:05.547109+00:00
2025-09-25,383.2,388.0,381.0,385.0,31679,385.0,2026-09-03T19:34:05.547109+00:00
2025-09-28,388.9,392.7,385.0,392.7,16777,392.7,2026-09-03T19:34:05.547109+00:00
2025-10-07,391.9,394.0,380.3,389.8,39988,389.8,2026-09-03T19:34:05.547109+00:00
2025-10-08,385.0,389.0,375.0,379.9,28830,379.9,2026-09-03T19:34:05.547109+00:00
2025-10-09,387.4,401.0,378.6,383.0,66663,383.0,2026-09-03T19:34:05.547109+00:00
2025-10-12,379.0,387.9,362.6,369.5,39110,369.5,2026-09-03T19:34:05.547109+00:00
2025-10-13,367.1,375.0,366.2,374.0,20194,374.0,2026-09-03T19:34:05.547109+00:00
2025-10-14,368.1,377.0,362.0,368.0,30571,368.0,2026-09-03T19:34:05.547109+00:00
2025-10-15,364.0,370.0,364.0,366.0,15407,366.0,2026-09-03T19:34:05.547109+00:00
2025-10-16,373.0,373.3,359.0,363.9,31713,363.9,2026-09-03T19:34:05.547109+00:00
2025-10-19,371.0,373.0,364.0,373.0,7334,373.0,2026-09-03T19:34:05.547109+00:00
2025-10-26,365.6,376.0,361.1,372.0,9534,372.0,2026-09-03T19:34:05.547109+00:00
2025-10-28,375.0,385.0,372.4,383.6,34244,383.6,2026-09-03T19:34:05.547109+00:00
2025-10-29,389.0,389.0,376.2,376.2,31150,376.2,2026-09-03T19:34:05.547109+00:00
2025-10-30,374.0,385.0,373.0,380.0,41031,380.0,2026-09-03T19:34:05.547109+00:00
2025-11-02,386.0,391.0,380.0,386.4,53238,386.4,2026-09-03T19:34:05.547109+00:00
2025-11-03,393.8,399.0,388.2,391.5,111138,391.5,2026-09-03T19:34:05.547109+00:00
2025-11-04,390.0,398.0,387.0,387.0,46702,387.0,2026-09-03T19:34:05.547109+00:00
2025-11-05,389.0,392.0,384.0,388.0,34835,388.0,2026-09-03T19:34:05.547109+00:00
2025-11-06,387.0,392.0,383.5,384.7,25138,384.7,2026-09-03T19:34:05.547109+00:00
2025-11-09,380.1,382.9,376.5,379.9,36893,379.9,2026-09-03T19:34:05.547109+00:00
2025-11-10,381.9,381.9,374.0,378.0,15942,378.0,2026-09-03T19:34:05.547109+00:00
2025-11-11,377.1,380.5,373.1,375.0,16817,375.0,2026-09-03T19:34:05.547109+00:00
2025-11-12,378.0,382.0,375.0,380.0,16649,380.0,2026-09-03T19:34:05.547109+00:00
2025-11-13,373.6,381.2,373.6,379.0,18619,379.0,2026-09-03T19:34:05.547109+00:00
2025-11-16,376.0,381.9,376.0,378.0,14237,378.0,2026-09-03T19:34:05.547109+00:00
2025-11-17,374.0,380.8,374.0,378.0,10938,378.0,2026-09-03T19:34:05.547109+00:00
2025-11-18,381.0,385.5,380.4,383.9,30486,383.9,2026-09-03T19:34:05.547109+00:00
2025-11-19,386.9,386.9,380.2,380.6,9174,380.6,2026-09-03T19:34:05.547109+00:00
2025-11-20,380.9,380.9,377.0,377.0,15561,377.0,2026-09-03T19:34:05.547109+00:00
2025-11-23,380.0,386.0,380.0,384.8,60162,384.8,2026-09-03T19:34:05.547109+00:00
2025-11-24,383.0,389.7,382.3,388.0,94189,388.0,2026-09-03T19:34:05.547109+00:00
2025-11-25,387.0,390.0,385.0,389.8,48076,389.8,2026-09-03T19:34:05.547109+00:00
2025-11-26,387.0,392.6,387.0,388.8,39658,388.8,2026-09-03T19:34:05.547109+00:00
2025-11-27,391.9,392.7,386.1,387.1,22342,387.1,2026-09-03T19:34:05.547109+00:00
2025-11-30,389.0,391.0,382.5,385.9,48403,385.9,2026-09-03T19:34:05.547109+00:00
2025-12-01,387.2,387.4,384.0,385.8,23630,385.8,2026-09-03T19:34:05.547109+00:00
2025-12-02,387.9,387.9,382.9,383.9,18637,383.9,2026-09-03T19:34:05.547109+00:00
2025-12-03,386.0,386.0,382.0,382.0,37298,382.0,2026-09-03T19:34:05.547109+00:00
2025-12-07,380.4,385.7,379.0,380.0,27198,380.0,2026-09-03T19:34:05.547109+00:00
2025-12-08,379.2,380.0,377.2,378.3,22939,378.3,2026-09-03T19:34:05.547109+00:00
2025-12-09,379.0,380.0,378.2,379.3,15621,379.3,2026-09-03T19:34:05.547109+00:00
2025-12-10,379.5,380.1,378.0,379.9,12218,379.9,2026-09-03T19:34:05.547109+00:00
2025-12-11,379.9,382.0,377.0,377.6,28087,377.6,2026-09-03T19:34:05.547109+00:00
2025-12-14,376.2,381.6,376.2,378.4,15208,378.4,2026-09-03T19:34:05.547109+00:00
2025-12-15,376.1,380.0,376.0,380.0,20640,380.0,2026-09-03T19:34:05.547109+00:00
2025-12-16,381.0,385.0,379.5,384.9,44049,384.9,2026-09-03T19:34:05.547109+00:00
2025-12-17,392.5,392.5,384.0,386.4,24916,386.4,2026-09-03T19:34:05.547109+00:00
2025-12-18,387.6,388.0,383.4,384.2,16446,384.2,2026-09-03T19:34:05.547109+00:00
2025-12-21,380.0,387.0,380.0,384.0,68663,384.0,2026-09-03T19:34:05.547109+00:00
2025-12-22,359.0,361.0,355.2,359.0,22661,359.0,2026-09-03T19:34:05.547109+00:00
2025-12-23,359.0,359.0,352.1,355.0,13487,355.0,2026-09-03T19:34:05.547109+00:00
2025-12-24,359.0,359.0,351.8,354.5,33102,354.5,2026-09-03T19:34:05.547109+00:00
2025-12-28,356.5,364.0,356.1,363.4,30870,363.4,2026-09-03T19:34:05.547109+00:00
2025-12-29,364.9,367.0,358.0,367.0,35050,367.0,2026-09-03T19:34:05.547109+00:00
2025-12-31,365.0,369.0,363.1,365.5,28064,365.5,2026-09-03T19:34:05.547109+00:00
2026-01-01,368.9,368.9,359.0,359.0,15786,359.0,2026-09-03T19:34:05.547109+00:00
2026-01-04,359.0,361.0,355.7,358.0,18850,358.0,2026-09-03T19:34:05.547109+00:00
2026-01-05,355.3,367.0,355.0,366.0,42765,366.0,2026-09-03T19:34:05.547109+00:00
2026-01-06,369.7,373.3,367.5,370.0,43907,370.0,2026-09-03T19:34:05.547109+00:00
2026-01-07,369.4,372.0,366.0,367.0,28675,367.0,2026-09-03T19:34:05.547109+00:00
2026-01-08,365.9,369.0,363.0,367.0,26062,367.0,2026-09-03T19:34:05.547109+00:00
2026-01-12,370.9,371.0,362.0,362.0,22767,362.0,2026-09-03T19:34:05.547109+00:00
2026-01-13,361.2,370.0,361.2,367.9,27979,367.9,2026-09-03T19:34:05.547109+00:00
2026-01-14,371.0,371.0,363.4,366.5,49560,366.5,2026-09-03T19:34:05.547109+00:00
2026-01-18,370.0,380.0,368.3,378.0,64444,378.0,2026-09-03T19:34:05.547109+00:00
2026-01-20,380.1,390.0,380.0,384.7,109086,384.7,2026-09-03T19:34:05.547109+00:00
2026-01-21,384.0,389.0,377.2,381.9,37064,381.9,2026-09-03T19:34:05.547109+00:00
2026-01-22,380.0,382.8,377.0,382.8,44090,382.8,2026-09-03T19:34:05.547109+00:00
2026-01-25,385.0,393.1,385.0,392.0,77119,392.0,2026-09-03T19:34:05.547109+00:00
2026-01-26,395.0,396.9,382.0,382.0,76227,382.0,2026-09-03T19:34:05.547109+00:00
2026-01-27,378.1,387.9,371.0,375.9,85489,375.9,2026-09-03T19:34:05.547109+00:00
2026-01-28,372.0,380.0,371.2,377.0,26284,377.0,2026-09-03T19:34:05.547109+00:00
2026-01-29,372.0,383.4,371.0,372.0,50864,372.0,2026-09-03T19:34:05.547109+00:00
2026-02-01,370.4,374.6,369.3,373.8,27332,373.8,2026-09-03T19:34:05.547109+00:00
2026-02-02,373.0,373.0,368.1,368.5,27444,368.5,2026-09-03T19:34:05.547109+00:00
2026-02-03,368.5,373.0,366.6,369.0,24689,369.0,2026-09-03T19:34:05.547109+00:00
2026-02-04,372.0,372.0,365.0,367.0,27116,367.0,2026-09-03T19:34:05.547109+00:00
2026-02-05,367.0,372.0,367.0,372.0,49119,372.0,2026-09-03T19:34:05.547109+00:00
2026-02-08,376.0,376.0,369.0,370.0,26127,370.0,2026-09-03T19:34:05.547109+00:00
2026-02-09,366.2,373.0,366.0,367.8,38860,367.8,2026-09-03T19:34:05.547109+00:00
2026-02-10,366.1,370.9,361.0,365.9,33563,365.9,2026-09-03T19:34:05.547109+00:00
2026-02-11,369.0,369.0,364.0,368.8,26670,368.8,2026-09-03T19:34:05.547109+00:00
2026-02-12,365.3,374.5,365.3,370.1,43766,370.1,2026-09-03T19:34:05.547109+00:00
2026-02-16,370.1,372.0,366.2,367.0,12618,367.0,2026-09-03T19:34:05.547109+00:00
2026-02-17,366.2,369.0,364.1,364.1,34755,364.1,2026-09-03T19:34:05.547109+00:00
2026-02-22,364.0,364.0,359.2,360.9,54783,360.9,2026-09-03T19:34:05.547109+00:00
2026-02-23,359.2,364.0,359.2,364.0,21960,364.0,2026-09-03T19:34:05.547109+00:00
2026-02-24,361.0,369.5,361.0,369.5,12419,369.5,2026-09-03T19:34:05.547109+00:00
2026-02-25,372.8,372.8,365.1,365.1,14295,365.1,2026-09-03T19:34:05.547109+00:00
2026-02-26,369.0,370.0,363.0,364.9,12661,364.9,2026-09-03T19:34:05.547109+00:00
2026-03-01,362.0,370.4,361.0,370.4,27274,370.4,2026-09-03T19:34:05.547109+00:00
2026-03-03,365.0,376.0,365.0,376.0,24124,376.0,2026-09-03T19:34:05.547109+00:00
2026-03-09,383.5,400.0,383.5,400.0,2911,400.0,2026-09-03T19:34:05.547109+00:00
2026-03-10,400.0,400.0,385.1,397.8,157782,397.8,2026-09-03T19:34:05.547109+00:00
2026-03-11,390.0,397.0,384.1,388.0,70532,388.0,2026-09-03T19:34:05.547109+00:00
2026-03-12,384.0,395.0,383.0,392.0,64108,392.0,2026-09-03T19:34:05.547109+00:00
2026-03-15,392.1,398.0,390.2,394.0,50142,394.0,2026-09-03T19:34:05.547109+00:00
2026-03-16,399.0,399.0,386.0,386.1,55863,386.1,2026-09-03T19:34:05.547109+00:00
2026-03-17,389.9,392.0,383.3,386.0,40374,386.0,2026-09-03T19:34:05.547109+00:00
2026-03-19,393.0,408.0,389.3,405.1,199086,405.1,2026-09-03T19:34:05.547109+00:00
2026-03-22,405.0,418.0,405.0,412.0,195252,412.0,2026-09-03T19:34:05.547109+00:00
2026-03-23,415.0,415.0,401.7,408.0,104521,408.0,2026-09-03T19:34:05.547109+00:00
2026-03-24,411.0,411.0,403.1,408.3,86375,408.3,2026-09-03T19:34:05.547109+00:00
2026-03-25,408.0,410.0,399.0,400.0,87148,400.0,2026-09-03T19:34:05.547109+00:00
2026-03-26,400.0,402.0,395.4,398.0,40754,398.0,2026-09-03T19:34:05.547109+00:00
2026-03-29,398.0,401.0,382.4,382.4,121970,382.4,2026-09-03T19:34:05.547109+00:00
2026-03-30,381.0,389.0,380.0,382.9,82427,382.9,2026-09-03T19:34:05.547109+00:00
2026-03-31,378.6,392.4,376.2,388.0,58973,388.0,2026-09-03T19:34:05.547109+00:00
2026-04-01,389.9,391.0,375.0,378.0,63617,378.0,2026-09-03T19:34:05.547109+00:00
2026-04-02,373.4,381.0,371.0,378.0,32943,378.0,2026-09-03T19:34:05.547109+00:00
2026-04-05,371.6,375.0,358.0,360.0,118965,360.0,2026-09-03T19:34:05.547109+00:00
2026-04-06,360.0,375.8,360.0,374.7,67509,374.7,2026-09-03T19:34:05.547109+00:00
2026-04-07,375.1,378.1,369.0,377.0,56188,377.0,2026-09-03T19:34:05.547109+00:00
2026-04-08,370.6,382.0,370.6,382.0,55633,382.0,2026-09-03T19:34:05.547109+00:00
2026-04-09,380.0,387.0,374.4,382.2,56457,382.2,2026-09-03T19:34:05.547109+00:00
2026-04-10,380.0,384.9,376.0,377.2,37764,377.2,2026-09-03T19:34:05.547109+00:00
2026-04-13,378.0,381.5,375.1,375.4,111714,375.4,2026-09-03T19:34:05.547109+00:00
2026-04-15,376.1,386.9,375.0,385.7,54787,385.7,2026-09-03T19:34:05.547109+00:00
2026-04-16,387.0,389.0,379.5,382.5,90766,382.5,2026-09-03T19:34:05.547109+00:00
2026-04-17,386.9,386.9,376.0,380.0,24666,380.0,2026-09-03T19:34:05.547109+00:00
2026-04-20,391.0,391.0,375.1,375.1,19345,375.1,2026-09-03T19:34:05.547109+00:00
2026-04-21,374.0,383.5,372.5,372.5,17653,372.5,2026-09-03T19:34:05.547109+00:00
2026-04-22,370.0,377.0,366.1,372.0,32422,372.0,2026-09-03T19:34:05.547109+00:00
2026-04-23,374.9,374.9,365.0,370.0,25630,370.0,2026-09-03T19:34:05.547109+00:00
2026-04-24,368.0,372.0,363.3,369.8,42796,369.8,2026-09-03T19:34:05.547109+00:00
2026-04-27,369.8,373.0,368.8,369.7,16322,369.7,2026-09-03T19:34:05.547109+00:00
2026-04-28,369.7,373.0,366.1,369.9,24866,369.9,2026-09-03T19:34:05.547109+00:00
2026-04-29,369.9,369.0,364.0,366.0,34783,366.0,2026-09-03T19:34:05.547109+00:00
2026-04-30,361.0,368.0,360.1,366.0,17001,366.0,2026-09-03T19:34:05.547109+00:00
2026-05-04,363.0,365.0,361.0,365.0,24467,365.0,2026-09-03T19:34:05.547109+00:00
2026-05-05,360.1,365.8,358.0,363.0,19441,363.0,2026-09-03T19:34:05.547109+00:00
2026-05-06,365.0,366.0,362.1,362.5,6094,362.5,2026-09-03T19:34:05.547109+00:00
2026-05-07,362.0,365.0,360.1,365.0,11419,365.0,2026-09-03T19:34:05.547109+00:00
2026-05-08,361.2,368.7,361.2,367.9,17458,367.9,2026-09-03T19:34:05.547109+00:00
2026-05-11,370.0,374.9,368.3,374.0,17612,374.0,2026-09-03T19:34:05.547109+00:00
2026-05-12,377.9,377.9,365.3,368.0,11807,368.0,2026-09-03T19:34:05.547109+00:00
2026-05-13,367.0,369.7,363.0,366.8,6499,366.8,2026-09-03T19:34:05.547109+00:00
2026-05-14,363.0,369.7,363.0,365.0,5207,365.0,2026-09-03T19:34:05.547109+00:00
2026-05-15,367.2,369.5,363.7,365.9,12839,365.9,2026-09-03T19:34:05.547109+00:00
2026-05-18,365.0,365.0,357.0,363.0,38481,363.0,2026-09-03T19:34:05.547109+00:00
2026-05-19,360.2,365.0,360.2,364.1,13454,364.1,2026-09-03T19:34:05.547109+00:00
2026-05-20,365.0,368.3,363.0,368.0,10353,368.0,2026-09-03T19:34:05.547109+00:00
2026-05-21,368.0,368.0,363.0,365.0,14693,365.0,2026-09-03T19:34:05.547109+00:00
2026-05-22,366.0,366.0,363.9,365.9,8094,365.9,2026-09-03T19:34:05.547109+00:00
2026-05-25,369.9,371.0,367.3,370.9,21133,370.9,2026-09-03T19:34:05.547109+00:00
2026-05-26,367.5,370.8,365.0,367.0,8922,367.0,2026-09-03T19:34:05.547109+00:00
2026-05-27,366.0,373.0,366.0,369.9,15867,369.9,2026-09-03T19:34:05.547109+00:00
2026-06-01,370.0,370.9,362.2,364.0,15487,364.0,2026-09-03T19:34:05.547109+00:00
2026-06-02,360.0,375.6,360.0,375.0,82564,375.0,2026-09-03T19:34:05.547109+00:00
2026-06-03,375.0,379.8,370.2,372.9,35658,372.9,2026-09-03T19:34:05.547109+00:00
2026-06-04,370.0,373.9,368.0,369.9,11598,369.9,2026-09-03T19:34:05.547109+00:00
2026-06-05,351.5,377.0,351.5,367.5,13150,367.5,2026-09-03T19:34:05.547109+00:00
2026-06-08,366.7,369.0,363.1,363.5,20853,363.5,2026-09-03T19:34:05.547109+00:00
2026-06-09,374.0,374.4,361.2,363.9,14380,363.9,2026-09-03T19:34:05.547109+00:00
2026-06-10,363.9,366.0,362.2,363.2,19936,363.2,2026-09-03T19:34:05.547109+00:00
2026-06-11,361.7,366.0,361.0,361.0,36641,361.0,2026-09-03T19:34:05.547109+00:00
2026-06-12,360.5,365.9,360.0,364.0,25509,364.0,2026-09-03T19:34:05.547109+00:00
2026-06-15,367.0,367.0,360.4,360.7,37156,360.7,2026-09-03T19:34:05.547109+00:00
2026-06-16,361.0,363.0,359.9,361.7,16049,361.7,2026-09-03T19:34:05.547109+00:00
2026-06-17,361.7,364.9,360.0,362.0,16732,362.0,2026-09-03T19:34:05.547109+00:00
2026-06-18,360.0,363.5,357.1,357.6,13856,357.6,2026-09-03T19:34:05.547109+00:00
2026-06-19,357.0,362.0,357.0,359.1,6906,359.1,2026-09-03T19:34:05.547109+00:00
2026-06-22,361.1,361.1,357.4,358.0,37025,358.0,2026-09-03T19:34:05.547109+00:00
2026-06-23,358.1,359.9,356.0,356.0,29145,356.0,2026-09-03T19:34:05.547109+00:00
2026-06-24,356.1,357.0,350.2,355.0,20668,355.0,2026-09-03T19:34:05.547109+00:00
2026-06-25,352.2,359.0,351.0,356.0,21917,356.0,2026-09-03T19:34:05.547109+00:00
2026-06-26,356.0,359.2,352.4,354.9,11205,354.9,2026-09-03T19:34:05.547109+00:00
2026-06-29,351.2,356.0,350.2,353.0,21753,353.0,2026-09-03T19:34:05.547109+00:00
2026-06-30,355.9,355.9,349.0,352.0,24329,352.0,2026-09-03T19:34:05.547109+00:00
2026-07-01,354.8,360.0,350.2,355.5,15638,355.5,2026-09-03T19:34:05.547109+00:00
2026-07-02,355.5,355.5,350.3,355.0,20147,355.0,2026-09-03T19:34:05.547109+00:00
2026-07-03,352.1,358.0,352.0,356.0,14719,356.0,2026-09-03T19:34:05.547109+00:00
2026-07-06,356.0,357.0,350.0,354.0,11054,354.0,2026-09-03T19:34:05.547109+00:00
2026-07-07,357.9,357.9,350.6,356.8,4977,356.8,2026-09-03T19:34:05.547109+00:00
2026-07-08,350.5,354.9,349.9,352.0,21816,352.0,2026-09-03T19:34:05.547109+00:00
2026-07-09,349.5,354.0,348.0,348.0,13077,348.0,2026-09-03T19:34:05.547109+00:00
2026-07-10,351.0,353.9,345.3,345.4,15835,345.4,2026-09-03T19:34:05.547109+00:00
2026-07-13,345.1,345.1,341.1,343.0,13825,343.0,2026-09-03T19:34:05.547109+00:00
2026-07-14,340.1,346.9,340.1,344.5,9655,344.5,2026-09-03T19:34:05.547109+00:00
2026-07-15,350.0,351.0,343.3,350.0,7687,350.0,2026-09-03T19:34:05.547109+00:00
2026-07-16,355.8,355.8,346.0,346.0,4387,346.0,2026-09-03T19:34:05.547109+00:00
2026-07-17,353.0,360.5,350.0,360.5,20242,360.5,2026-09-03T19:34:05.547109+00:00
2026-07-20,360.0,365.0,357.0,364.6,28740,364.6,2026-09-03T19:34:05.547109+00:00
2026-07-21,366.9,366.9,358.3,361.0,25201,361.0,2026-09-03T19:34:05.547109+00:00
2026-07-22,364.9,364.9,355.5,358.9,10084,358.9,2026-09-03T19:34:05.547109+00:00
2026-07-23,355.7,360.0,355.0,360.0,13600,360.0,2026-09-03T19:34:05.547109+00:00
2026-07-24,365.0,365.0,360.0,364.0,29485,364.0,2026-09-03T19:34:05.547109+00:00
2026-07-27,366.8,367.7,358.0,358.0,45835,358.0,2026-09-03T19:34:05.547109+00:00
2026-07-28,355.5,360.0,355.4,356.1,8796,356.1,2026-09-03T19:34:05.547109+00:00
2026-07-29,356.1,358.9,354.5,358.0,12719,358.0,2026-09-03T19:34:05.547109+00:00
2026-07-30,355.1,357.8,352.4,352.9,8814,352.9,2026-09-03T19:34:05.547109+00:00
2026-07-31,352.9,359.0,350.4,357.0,10082,357.0,2026-09-03T19:34:05.547109+00:00
2026-08-03,359.8,364.9,356.1,356.2,17873,356.2,2026-09-03T19:34:05.547109+00:00
2026-08-04,355.0,355.0,351.7,355.0,16382,355.0,2026-09-03T19:34:05.547109+00:00
2026-08-05,355.2,358.8,353.8,357.0,17103,357.0,2026-09-03T19:34:05.547109+00:00
2026-08-06,357.0,357.0,350.0,354.3,13045,354.3,2026-09-03T19:34:05.547109+00:00
2026-08-07,353.8,354.0,350.4,350.9,19251,350.9,2026-09-03T19:34:05.547109+00:00
2026-08-10,351.0,352.0,348.0,348.0,17511,348.0,2026-09-03T19:34:05.547109+00:00
2026-08-11,348.0,351.0,346.2,348.0,9658,348.0,2026-09-03T19:34:05.547109+00:00
2026-08-12,330.7,358.0,330.7,346.5,9353,346.5,2026-09-03T19:34:05.547109+00:00
2026-08-13,348.0,352.9,346.3,351.0,15180,351.0,2026-09-03T19:34:05.547109+00:00
2026-08-14,350.0,352.0,348.7,350.0,5948,350.0,2026-09-03T19:34:05.547109+00:00
2026-08-17,345.2,349.9,345.2,349.7,2477,349.7,2026-09-03T19:34:05.547109+00:00
2026-08-18,347.0,349.0,345.4,345.4,14415,345.4,2026-09-03T19:34:05.547109+00:00
2026-08-19,345.4,348.0,343.7,348.0,7870,348.0,2026-09-03T19:34:05.547109+00:00
2026-08-20,347.0,349.0,342.0,349.0,7294,349.0,2026-09-03T19:34:05.547109+00:00
2026-08-21,350.0,351.0,346.0,350.0,8792,350.0,2026-09-03T19:34:05.547109+00:00
2026-08-24,348.1,351.0,345.0,349.8,20948,349.8,2026-09-03T19:34:05.547109+00:00
2026-08-25,350.0,351.0,345.2,348.9,9353,348.9,2026-09-03T19:34:05.547109+00:00
2026-08-26,343.2,345.9,338.0,344.0,42896,344.0,2026-09-03T19:34:05.547109+00:00
2026-08-27,336.6,350.0,336.6,347.8,20729,347.8,2026-09-03T19:34:05.547109+00:00
2026-08-31,340.0,349.0,338.2,340.0,18802,340.0,2026-09-03T19:34:05.547109+00:00
2026-09-01,340.0,344.9,340.0,341.9,6399,341.9,2026-09-03T19:34:05.547109+00:00
2026-09-02,344.9,344.9,338.2,343.8,4602,343.8,2026-09-03T19:34:05.547109+00:00
2026-09-03,340.0,344.4,340.0,344.0,5673,344.0,2026-09-03T19:34:05.547109+00:00
