date,open,high,low,close,volume,adj_close,fetched_at
2012-09-09,1443.0,1449.0,1435.0,1448.0,1031,1448.0,2026-09-03T19:33:13.380850+00:00
2012-09-10,1448.0,1441.0,1426.0,1426.0,524,1426.0,2026-09-03T19:33:13.380850+00:00
2012-09-11,1426.0,1520.0,1454.0,1490.0,7009,1490.0,2026-09-03T19:33:13.380850+00:00
2012-09-12,1490.0,1505.0,1480.0,1480.0,5042,1480.0,2026-09-03T19:33:13.380850+00:00
2012-09-13,1480.0,1489.0,1478.0,1481.0,1771,1481.0,2026-09-03T19:33:13.380850+00:00
2012-09-16,1481.0,1491.0,1480.0,1485.0,1019,1485.0,2026-09-03T19:33:13.380850+00:00
2012-09-17,1485.0,1488.0,1481.0,1488.0,1287,1488.0,2026-09-03T19:33:13.380850+00:00
2012-09-18,1488.0,1500.0,1486.0,1486.0,897,1486.0,2026-09-03T19:33:13.380850+00:00
2012-09-19,1486.0,1490.0,1480.0,1482.0,998,1482.0,2026-09-03T19:33:13.380850+00:00
2012-09-20,1482.0,1470.0,1445.0,1470.0,350,1470.0,2026-09-03T19:33:13.380850+00:00
2012-09-23,1470.0,1460.0,1442.0,1452.0,921,1452.0,2026-09-03T19:33:13.380850+00:00
2012-09-24,1452.0,1436.0,1410.0,1436.0,898,1436.0,2026-09-03T19:33:13.380850+00:00
2012-09-25,1436.0,1434.0,1415.0,1426.0,1942,1426.0,2026-09-03T19:33:13.380850+00:00
2012-09-26,1426.0,1452.0,1400.0,1410.0,6206,1410.0,2026-09-03T19:33:13.380850+00:00
2012-09-30,1419.0,1444.0,1400.0,1400.0,1097,1400.0,2026-09-03T19:33:13.380850+00:00
2012-10-01,1400.0,1428.0,1400.0,1402.0,4518,1402.0,2026-09-03T19:33:13.380850+00:00
2012-10-02,1402.0,1413.0,1375.0,1385.0,5576,1385.0,2026-09-03T19:33:13.380850+00:00
2012-10-03,1385.0,1131.0,1120.0,1120.0,218,1120.0,2026-09-03T19:33:13.380850+00:00
2012-10-04,1120.0,1125.0,1101.0,1125.0,723,1125.0,2026-09-03T19:33:13.380850+00:00
2012-10-07,1125.0,1145.0,1133.0,1145.0,1039,1145.0,2026-09-03T19:33:13.380850+00:00
2012-10-08,1145.0,1160.0,1145.0,1150.0,570,1150.0,2026-09-03T19:33:13.380850+00:00
2012-10-09,1150.0,1162.0,1140.0,1162.0,514,1162.0,2026-09-03T19:33:13.380850+00:00
2012-10-10,1162.0,1152.0,1143.0,1152.0,224,1152.0,2026-09-03T19:33:13.380850+00:00
2012-10-11,1152.0,1140.0,1135.0,1135.0,377,1135.0,2026-09-03T19:33:13.380850+00:00
2012-10-14,1135.0,1157.0,1135.0,1157.0,177,1157.0,2026-09-03T19:33:13.380850+00:00
2012-10-15,1157.0,1160.0,1160.0,1160.0,26,1160.0,2026-09-03T19:33:13.380850+00:00
2012-10-17,1160.0,1160.0,1160.0,1160.0,211,1160.0,2026-09-03T19:33:13.380850+00:00
2012-10-18,1160.0,1165.0,1137.0,1165.0,636,1165.0,2026-09-03T19:33:13.380850+00:00
2012-10-30,1165.0,1224.0,1185.0,1224.0,291,1224.0,2026-09-03T19:33:13.380850+00:00
2012-10-31,1224.0,1248.0,1224.0,1247.0,806,1247.0,2026-09-03T19:33:13.380850+00:00
2012-11-01,1247.0,1249.0,1220.0,1249.0,1358,1249.0,2026-09-03T19:33:13.380850+00:00
2012-11-04,1249.0,1290.0,1250.0,1265.0,602,1265.0,2026-09-03T19:33:13.380850+00:00
2012-11-05,1265.0,1310.0,1280.0,1280.0,521,1280.0,2026-09-03T19:33:13.380850+00:00
2012-11-06,1280.0,1329.0,1300.0,1316.0,2280,1316.0,2026-09-03T19:33:13.380850+00:00
2012-11-07,1316.0,1447.0,1342.0,1447.0,1661,1447.0,2026-09-03T19:33:13.380850+00:00
2012-11-08,1447.0,1575.0,1475.0,1504.0,5562,1504.0,2026-09-03T19:33:13.380850+00:00
2012-11-11,1504.0,1505.0,1376.0,1410.0,3220,1410.0,2026-09-03T19:33:13.380850+00:00
2012-11-12,1410.0,1455.0,1400.0,1455.0,1858,1455.0,2026-09-03T19:33:13.380850+00:00
2012-11-18,1455.0,1504.0,1455.0,1503.0,5211,1503.0,2026-09-03T19:33:13.380850+00:00
2012-11-20,1503.0,1572.0,1529.0,1550.0,3483,1550.0,2026-09-03T19:33:13.380850+00:00
2012-11-21,1550.0,1565.0,1525.0,1535.0,2159,1535.0,2026-09-03T19:33:13.380850+00:00
2012-11-22,1535.0,1510.0,1480.0,1510.0,3477,1510.0,2026-09-03T19:33:13.380850+00:00
2012-11-25,1510.0,1517.0,1480.0,1501.0,5926,1501.0,2026-09-03T19:33:13.380850+00:00
2012-11-26,1501.0,1492.0,1470.0,1478.0,1592,1478.0,2026-09-03T19:33:13.380850+00:00
2012-11-27,1478.0,1485.0,1467.0,1485.0,2331,1485.0,2026-09-03T19:33:13.380850+00:00
2012-11-28,1485.0,1499.0,1460.0,1499.0,1685,1499.0,2026-09-03T19:33:13.380850+00:00
2012-11-29,1499.0,1470.0,1452.0,1460.0,513,1460.0,2026-09-03T19:33:13.380850+00:00
2012-12-02,1460.0,1461.0,1426.0,1445.0,3251,1445.0,2026-09-03T19:33:13.380850+00:00
2012-12-03,1445.0,1460.0,1403.0,1460.0,1078,1460.0,2026-09-03T19:33:13.380850+00:00
2012-12-04,1460.0,1489.0,1460.0,1466.0,1708,1466.0,2026-09-03T19:33:13.380850+00:00
2012-12-05,1466.0,1510.0,1475.0,1503.0,6029,1503.0,2026-09-03T19:33:13.380850+00:00
2012-12-06,1503.0,1500.0,1475.0,1498.0,2285,1498.0,2026-09-03T19:33:13.380850+00:00
2012-12-09,1498.0,1475.0,1450.0,1450.0,718,1450.0,2026-09-03T19:33:13.380850+00:00
2012-12-10,1450.0,1450.0,1420.0,1450.0,1548,1450.0,2026-09-03T19:33:13.380850+00:00
2012-12-11,1450.0,1464.0,1445.0,1450.0,742,1450.0,2026-09-03T19:33:13.380850+00:00
2012-12-12,1450.0,1485.0,1450.0,1480.0,1125,1480.0,2026-09-03T19:33:13.380850+00:00
2012-12-13,1480.0,1509.0,1465.0,1490.0,601,1490.0,2026-09-03T19:33:13.380850+00:00
2012-12-16,1490.0,1534.0,1500.0,1528.0,4987,1528.0,2026-09-03T19:33:13.380850+00:00
2012-12-17,1528.0,1579.0,1535.0,1559.0,5971,1559.0,2026-09-03T19:33:13.380850+00:00
2012-12-18,1559.0,1528.0,1500.0,1522.0,2787,1522.0,2026-09-03T19:33:13.380850+00:00
2012-12-19,1522.0,1555.0,1523.0,1547.0,4192,1547.0,2026-09-03T19:33:13.380850+00:00
2012-12-20,1547.0,1559.0,1530.0,1556.0,4104,1556.0,2026-09-03T19:33:13.380850+00:00
2012-12-23,1556.0,1575.0,1545.0,1575.0,4289,1575.0,2026-09-03T19:33:13.380850+00:00
2012-12-24,1575.0,1579.0,1550.0,1567.0,6737,1567.0,2026-09-03T19:33:13.380850+00:00
2012-12-26,1567.0,1623.0,1560.0,1615.0,5465,1615.0,2026-09-03T19:33:13.380850+00:00
2012-12-27,1615.0,1701.0,1506.0,1701.0,7127,1701.0,2026-09-03T19:33:13.380850+00:00
2012-12-31,1701.0,1695.0,1610.0,1693.0,3896,1693.0,2026-09-03T19:33:13.380850+00:00
2013-01-01,1693.0,1698.0,1660.0,1660.0,2821,1660.0,2026-09-03T19:33:13.380850+00:00
2013-01-02,1660.0,1684.0,1635.0,1661.0,3397,1661.0,2026-09-03T19:33:13.380850+00:00
2013-01-03,1661.0,1690.0,1660.0,1689.0,5596,1689.0,2026-09-03T19:33:13.380850+00:00
2013-01-06,1689.0,1698.0,1675.0,1675.0,1363,1675.0,2026-09-03T19:33:13.380850+00:00
2013-01-07,1675.0,1683.0,1650.0,1665.0,4852,1665.0,2026-09-03T19:33:13.380850+00:00
2013-01-08,1665.0,1665.0,1653.0,1654.0,619,1654.0,2026-09-03T19:33:13.380850+00:00
2013-01-09,1654.0,1650.0,1640.0,1650.0,1314,1650.0,2026-09-03T19:33:13.380850+00:00
2013-01-10,1650.0,1646.0,1620.0,1640.0,2114,1640.0,2026-09-03T19:33:13.380850+00:00
2013-01-13,1640.0,1665.0,1646.0,1650.0,1896,1650.0,2026-09-03T19:33:13.380850+00:00
2013-01-15,1650.0,1668.0,1650.0,1650.0,1850,1650.0,2026-09-03T19:33:13.380850+00:00
2013-01-16,1650.0,1662.0,1640.0,1650.0,1823,1650.0,2026-09-03T19:33:13.380850+00:00
2013-01-17,1650.0,1635.0,1617.0,1620.0,2605,1620.0,2026-09-03T19:33:13.380850+00:00
2013-01-20,1620.0,1590.0,1540.0,1550.0,2151,1550.0,2026-09-03T19:33:13.380850+00:00
2013-01-21,1550.0,1612.0,1581.0,1590.0,468,1590.0,2026-09-03T19:33:13.380850+00:00
2013-01-22,1590.0,1620.0,1590.0,1600.0,1194,1600.0,2026-09-03T19:33:13.380850+00:00
2013-01-23,1600.0,1600.0,1575.0,1583.0,1800,1583.0,2026-09-03T19:33:13.380850+00:00
2013-01-24,1583.0,1601.0,1578.0,1601.0,3866,1601.0,2026-09-03T19:33:13.380850+00:00
2013-01-27,1601.0,1605.0,1590.0,1605.0,1580,1605.0,2026-09-03T19:33:13.380850+00:00
2013-01-28,1605.0,1610.0,1591.0,1605.0,2032,1605.0,2026-09-03T19:33:13.380850+00:00
2013-01-30,1605.0,1606.0,1580.0,1585.0,6011,1585.0,2026-09-03T19:33:13.380850+00:00
2013-01-31,1585.0,1593.0,1580.0,1580.0,2399,1580.0,2026-09-03T19:33:13.380850+00:00
2013-02-03,1580.0,1625.0,1595.0,1620.0,4537,1620.0,2026-09-03T19:33:13.380850+00:00
2013-02-04,1620.0,1624.0,1600.0,1622.0,1449,1622.0,2026-09-03T19:33:13.380850+00:00
2013-02-05,1622.0,1625.0,1600.0,1605.0,2714,1605.0,2026-09-03T19:33:13.380850+00:00
2013-02-06,1605.0,1609.0,1595.0,1608.0,4577,1608.0,2026-09-03T19:33:13.380850+00:00
2013-02-07,1608.0,1611.0,1600.0,1606.0,1056,1606.0,2026-09-03T19:33:13.380850+00:00
2013-02-10,1606.0,1687.0,1637.0,1655.0,4707,1655.0,2026-09-03T19:33:13.380850+00:00
2013-02-12,1655.0,1735.0,1688.0,1730.0,5007,1730.0,2026-09-03T19:33:13.380850+00:00
2013-02-13,1730.0,1729.0,1682.0,1711.0,5548,1711.0,2026-09-03T19:33:13.380850+00:00
2013-02-14,1711.0,1755.0,1737.0,1749.0,5508,1749.0,2026-09-03T19:33:13.380850+00:00
2013-02-17,1749.0,1923.0,1783.0,1890.0,3388,1890.0,2026-09-03T19:33:13.380850+00:00
2013-02-19,1890.0,2000.0,1862.0,1866.0,11302,1866.0,2026-09-03T19:33:13.380850+00:00
2013-02-20,1866.0,1870.0,1813.0,1840.0,3753,1840.0,2026-09-03T19:33:13.380850+00:00
2013-02-21,1840.0,1894.0,1820.0,1850.0,4683,1850.0,2026-09-03T19:33:13.380850+00:00
2013-02-24,1850.0,1860.0,1840.0,1851.0,1719,1851.0,2026-09-03T19:33:13.380850+00:00
2013-02-25,1851.0,1950.0,1850.0,1885.0,2323,1885.0,2026-09-03T19:33:13.380850+00:00
2013-02-26,1885.0,1922.0,1880.0,1899.0,4719,1899.0,2026-09-03T19:33:13.380850+00:00
2013-02-27,1899.0,1875.0,1862.0,1870.0,1777,1870.0,2026-09-03T19:33:13.380850+00:00
2013-02-28,1870.0,1889.0,1868.0,1888.0,1426,1888.0,2026-09-03T19:33:13.380850+00:00
2013-03-03,1888.0,1889.0,1871.0,1887.0,3654,1887.0,2026-09-03T19:33:13.380850+00:00
2013-03-04,1887.0,1886.0,1875.0,1880.0,2969,1880.0,2026-09-03T19:33:13.380850+00:00
2013-03-05,1880.0,1888.0,1855.0,1868.0,5639,1868.0,2026-09-03T19:33:13.380850+00:00
2013-03-06,1868.0,1895.0,1860.0,1890.0,1309,1890.0,2026-09-03T19:33:13.380850+00:00
2013-03-07,1890.0,1925.0,1850.0,1925.0,4043,1925.0,2026-09-03T19:33:13.380850+00:00
2013-03-11,1925.0,1939.0,1880.0,1900.0,2354,1900.0,2026-09-03T19:33:13.380850+00:00
2013-03-13,1900.0,1911.0,1872.0,1908.0,3412,1908.0,2026-09-03T19:33:13.380850+00:00
2013-03-14,1908.0,1998.0,1900.0,1921.0,2905,1921.0,2026-09-03T19:33:13.380850+00:00
2013-03-17,1921.0,1916.0,1900.0,1904.0,2533,1904.0,2026-09-03T19:33:13.380850+00:00
2013-03-18,1904.0,1909.0,1861.0,1880.0,1067,1880.0,2026-09-03T19:33:13.380850+00:00
2013-03-19,1880.0,1923.0,1860.0,1890.0,1872,1890.0,2026-09-03T19:33:13.380850+00:00
2013-03-20,1890.0,1901.0,1875.0,1878.0,688,1878.0,2026-09-03T19:33:13.380850+00:00
2013-03-21,1878.0,1900.0,1870.0,1880.0,498,1880.0,2026-09-03T19:33:13.380850+00:00
2013-03-24,1880.0,1851.0,1825.0,1835.0,2994,1835.0,2026-09-03T19:33:13.380850+00:00
2013-03-25,1835.0,1852.0,1800.0,1852.0,2653,1852.0,2026-09-03T19:33:13.380850+00:00
2013-03-27,1852.0,1888.0,1841.0,1849.0,2300,1849.0,2026-09-03T19:33:13.380850+00:00
2013-03-28,1849.0,1852.0,1825.0,1852.0,4364,1852.0,2026-09-03T19:33:13.380850+00:00
2013-03-31,1852.0,1830.0,1785.0,1785.0,2556,1785.0,2026-09-03T19:33:13.380850+00:00
2013-04-01,1785.0,1811.0,1750.0,1795.0,3861,1795.0,2026-09-03T19:33:13.380850+00:00
2013-04-02,1795.0,1856.0,1760.0,1830.0,2688,1830.0,2026-09-03T19:33:13.380850+00:00
2013-04-03,1830.0,1840.0,1820.0,1825.0,1741,1825.0,2026-09-03T19:33:13.380850+00:00
2013-04-04,1825.0,1825.0,1801.0,1808.0,2424,1808.0,2026-09-03T19:33:13.380850+00:00
2013-04-07,1808.0,1808.0,1780.0,1790.0,1811,1790.0,2026-09-03T19:33:13.380850+00:00
2013-04-08,1790.0,1820.0,1787.0,1800.0,785,1800.0,2026-09-03T19:33:13.380850+00:00
2013-04-09,1800.0,1850.0,1801.0,1850.0,2545,1850.0,2026-09-03T19:33:13.380850+00:00
2013-04-11,1850.0,1860.0,1835.0,1845.0,3477,1845.0,2026-09-03T19:33:13.380850+00:00
2013-04-15,1845.0,1849.0,1815.0,1835.0,1900,1835.0,2026-09-03T19:33:13.380850+00:00
2013-04-16,1835.0,1845.0,1815.0,1830.0,3250,1830.0,2026-09-03T19:33:13.380850+00:00
2013-04-17,1830.0,1826.0,1805.0,1805.0,1167,1805.0,2026-09-03T19:33:13.380850+00:00
2013-04-18,1805.0,1830.0,1806.0,1815.0,1755,1815.0,2026-09-03T19:33:13.380850+00:00
2013-04-21,1815.0,1835.0,1805.0,1820.0,1114,1820.0,2026-09-03T19:33:13.380850+00:00
2013-04-22,1820.0,1820.0,1750.0,1765.0,3818,1765.0,2026-09-03T19:33:13.380850+00:00
2013-04-23,1765.0,1836.0,1790.0,1804.0,1983,1804.0,2026-09-03T19:33:13.380850+00:00
2013-04-25,1804.0,1800.0,1780.0,1780.0,1273,1780.0,2026-09-03T19:33:13.380850+00:00
2013-04-28,1780.0,1777.0,1770.0,1770.0,1757,1770.0,2026-09-03T19:33:13.380850+00:00
2013-04-29,1770.0,1795.0,1770.0,1770.0,1506,1770.0,2026-09-03T19:33:13.380850+00:00
2013-04-30,1770.0,1785.0,1769.0,1770.0,515,1770.0,2026-09-03T19:33:13.380850+00:00
2013-05-02,1770.0,1771.0,1740.0,1770.0,1071,1770.0,2026-09-03T19:33:13.380850+00:00
2013-05-05,1770.0,1780.0,1720.0,1735.0,1168,1735.0,2026-09-03T19:33:13.380850+00:00
2013-05-06,1735.0,1715.0,1678.0,1678.0,848,1678.0,2026-09-03T19:33:13.380850+00:00
2013-05-07,1678.0,1738.0,1675.0,1704.0,3840,1704.0,2026-09-03T19:33:13.380850+00:00
2013-05-08,1704.0,1700.0,1690.0,1690.0,234,1690.0,2026-09-03T19:33:13.380850+00:00
2013-05-09,1690.0,1702.0,1685.0,1685.0,998,1685.0,2026-09-03T19:33:13.380850+00:00
2013-05-12,1685.0,1718.0,1660.0,1681.0,3800,1681.0,2026-09-03T19:33:13.380850+00:00
2013-05-13,1681.0,1718.0,1680.0,1718.0,2165,1718.0,2026-09-03T19:33:13.380850+00:00
2013-05-14,1718.0,1722.0,1690.0,1690.0,3704,1690.0,2026-09-03T19:33:13.380850+00:00
2013-05-15,1690.0,1723.0,1690.0,1695.0,9162,1695.0,2026-09-03T19:33:13.380850+00:00
2013-05-16,1695.0,1750.0,1700.0,1750.0,1993,1750.0,2026-09-03T19:33:13.380850+00:00
2013-05-19,1750.0,1765.0,1720.0,1726.0,10617,1726.0,2026-09-03T19:33:13.380850+00:00
2013-05-20,1726.0,1760.0,1730.0,1745.0,2532,1745.0,2026-09-03T19:33:13.380850+00:00
2013-05-21,1745.0,1753.0,1740.0,1750.0,3286,1750.0,2026-09-03T19:33:13.380850+00:00
2013-05-22,1750.0,1763.0,1735.0,1745.0,2178,1745.0,2026-09-03T19:33:13.380850+00:00
2013-05-23,1745.0,1745.0,1725.0,1745.0,3462,1745.0,2026-09-03T19:33:13.380850+00:00
2013-05-26,1745.0,1750.0,1740.0,1741.0,1188,1741.0,2026-09-03T19:33:13.380850+00:00
2013-05-27,1741.0,1804.0,1760.0,1804.0,1415,1804.0,2026-09-03T19:33:13.380850+00:00
2013-05-28,1804.0,1785.0,1760.0,1761.0,1016,1761.0,2026-09-03T19:33:13.380850+00:00
2013-05-30,1761.0,1761.0,1745.0,1745.0,2567,1745.0,2026-09-03T19:33:13.380850+00:00
2013-06-02,1745.0,1754.0,1730.0,1730.0,1852,1730.0,2026-09-03T19:33:13.380850+00:00
2013-06-03,1730.0,1760.0,1749.0,1750.0,669,1750.0,2026-09-03T19:33:13.380850+00:00
2013-06-04,1750.0,1755.0,1740.0,1750.0,590,1750.0,2026-09-03T19:33:13.380850+00:00
2013-06-05,1750.0,1750.0,1744.0,1744.0,357,1744.0,2026-09-03T19:33:13.380850+00:00
2013-06-06,1744.0,1750.0,1731.0,1746.0,746,1746.0,2026-09-03T19:33:13.380850+00:00
2013-06-09,1746.0,1740.0,1740.0,1740.0,1721,1740.0,2026-09-03T19:33:13.380850+00:00
2013-06-10,1740.0,1742.0,1735.0,1740.0,3401,1740.0,2026-09-03T19:33:13.380850+00:00
2013-06-11,1740.0,1755.0,1744.0,1752.0,630,1752.0,2026-09-03T19:33:13.380850+00:00
2013-06-12,1752.0,1743.0,1735.0,1736.0,812,1736.0,2026-09-03T19:33:13.380850+00:00
2013-06-13,1736.0,1735.0,1725.0,1728.0,1716,1728.0,2026-09-03T19:33:13.380850+00:00
2013-06-16,1728.0,1740.0,1725.0,1738.0,1064,1738.0,2026-09-03T19:33:13.380850+00:00
2013-06-17,1738.0,1731.0,1720.0,1720.0,1445,1720.0,2026-09-03T19:33:13.380850+00:00
2013-06-18,1720.0,1721.0,1701.0,1719.0,1011,1719.0,2026-09-03T19:33:13.380850+00:00
2013-06-19,1719.0,1722.0,1706.0,1721.0,1715,1721.0,2026-09-03T19:33:13.380850+00:00
2013-06-20,1721.0,1715.0,1706.0,1711.0,1816,1711.0,2026-09-03T19:33:13.380850+00:00
2013-06-23,1711.0,1718.0,1700.0,1715.0,528,1715.0,2026-09-03T19:33:13.380850+00:00
2013-06-24,1715.0,1721.0,1705.0,1716.0,812,1716.0,2026-09-03T19:33:13.380850+00:00
2013-06-25,1716.0,1730.0,1709.0,1730.0,1982,1730.0,2026-09-03T19:33:13.380850+00:00
2013-06-26,1730.0,1785.0,1730.0,1765.0,2051,1765.0,2026-09-03T19:33:13.380850+00:00
2013-06-27,1765.0,1785.0,1750.0,1773.0,1651,1773.0,2026-09-03T19:33:13.380850+00:00
2013-06-30,1773.0,1771.0,1730.0,1750.0,1692,1750.0,2026-09-03T19:33:13.380850+00:00
2013-07-01,1750.0,1759.0,1745.0,1747.0,1948,1747.0,2026-09-03T19:33:13.380850+00:00
2013-07-02,1747.0,1748.0,1740.0,1748.0,869,1748.0,2026-09-03T19:33:13.380850+00:00
2013-07-03,1748.0,1753.0,1725.0,1743.0,1706,1743.0,2026-09-03T19:33:13.380850+00:00
2013-07-04,1743.0,1746.0,1735.0,1741.0,1636,1741.0,2026-09-03T19:33:13.380850+00:00
2013-07-07,1741.0,1747.0,1730.0,1741.0,2216,1741.0,2026-09-03T19:33:13.380850+00:00
2013-07-08,1741.0,1754.0,1736.0,1750.0,2866,1750.0,2026-09-03T19:33:13.380850+00:00
2013-07-09,1750.0,1779.0,1753.0,1779.0,1603,1779.0,2026-09-03T19:33:13.380850+00:00
2013-07-10,1779.0,1809.0,1780.0,1805.0,5003,1805.0,2026-09-03T19:33:13.380850+00:00
2013-07-11,1805.0,1795.0,1786.0,1786.0,632,1786.0,2026-09-03T19:33:13.380850+00:00
2013-07-14,1786.0,1800.0,1788.0,1790.0,1240,1790.0,2026-09-03T19:33:13.380850+00:00
2013-07-15,1790.0,1823.0,1810.0,1815.0,553,1815.0,2026-09-03T19:33:13.380850+00:00
2013-07-16,1815.0,1819.0,1795.0,1800.0,2427,1800.0,2026-09-03T19:33:13.380850+00:00
2013-07-17,1800.0,1825.0,1801.0,1825.0,3409,1825.0,2026-09-03T19:33:13.380850+00:00
2013-07-18,1825.0,1872.0,1811.0,1865.0,5092,1865.0,2026-09-03T19:33:13.380850+00:00
2013-07-21,1865.0,1970.0,1890.0,1910.0,5250,1910.0,2026-09-03T19:33:13.380850+00:00
2013-07-22,1910.0,1915.0,1885.0,1885.0,1031,1885.0,2026-09-03T19:33:13.380850+00:00
2013-07-23,1885.0,1920.0,1870.0,1920.0,898,1920.0,2026-09-03T19:33:13.380850+00:00
2013-07-24,1920.0,1900.0,1843.0,1890.0,2886,1890.0,2026-09-03T19:33:13.380850+00:00
2013-07-25,1890.0,1905.0,1880.0,1889.0,1962,1889.0,2026-09-03T19:33:13.380850+00:00
2013-07-28,1889.0,1918.0,1880.0,1905.0,2279,1905.0,2026-09-03T19:33:13.380850+00:00
2013-07-29,1905.0,1910.0,1890.0,1900.0,2562,1900.0,2026-09-03T19:33:13.380850+00:00
2013-07-30,1900.0,1915.0,1900.0,1910.0,2927,1910.0,2026-09-03T19:33:13.380850+00:00
2013-07-31,1910.0,1935.0,1900.0,1925.0,2384,1925.0,2026-09-03T19:33:13.380850+00:00
2013-08-01,1925.0,1950.0,1900.0,1910.0,2696,1910.0,2026-09-03T19:33:13.380850+00:00
2013-08-04,1910.0,1915.0,1891.0,1915.0,3186,1915.0,2026-09-03T19:33:13.380850+00:00
2013-08-05,1915.0,1901.0,1890.0,1895.0,1105,1895.0,2026-09-03T19:33:13.380850+00:00
2013-08-06,1895.0,1905.0,1885.0,1903.0,2029,1903.0,2026-09-03T19:33:13.380850+00:00
2013-08-07,1903.0,1920.0,1890.0,1890.0,635,1890.0,2026-09-03T19:33:13.380850+00:00
2013-08-08,1890.0,1926.0,1880.0,1900.0,2663,1900.0,2026-09-03T19:33:13.380850+00:00
2013-08-11,1900.0,1875.0,1850.0,1870.0,867,1870.0,2026-09-03T19:33:13.380850+00:00
2013-08-12,1870.0,1870.0,1842.0,1850.0,1648,1850.0,2026-09-03T19:33:13.380850+00:00
2013-08-13,1850.0,1850.0,1812.0,1830.0,2663,1830.0,2026-09-03T19:33:13.380850+00:00
2013-08-14,1830.0,1860.0,1819.0,1819.0,1105,1819.0,2026-09-03T19:33:13.380850+00:00
2013-08-15,1819.0,1845.0,1818.0,1845.0,651,1845.0,2026-09-03T19:33:13.380850+00:00
2013-08-18,1845.0,1845.0,1822.0,1825.0,1294,1825.0,2026-09-03T19:33:13.380850+00:00
2013-08-19,1825.0,1850.0,1830.0,1838.0,1782,1838.0,2026-09-03T19:33:13.380850+00:00
2013-08-20,1838.0,1855.0,1830.0,1855.0,807,1855.0,2026-09-03T19:33:13.380850+00:00
2013-08-25,1855.0,1870.0,1850.0,1860.0,1577,1860.0,2026-09-03T19:33:13.380850+00:00
2013-08-26,1860.0,1860.0,1840.0,1851.0,1868,1851.0,2026-09-03T19:33:13.380850+00:00
2013-08-27,1851.0,1859.0,1840.0,1853.0,1193,1853.0,2026-09-03T19:33:13.380850+00:00
2013-08-29,1853.0,1856.0,1830.0,1834.0,1962,1834.0,2026-09-03T19:33:13.380850+00:00
2013-09-01,1834.0,1840.0,1830.0,1830.0,787,1830.0,2026-09-03T19:33:13.380850+00:00
2013-09-02,1830.0,1825.0,1820.0,1820.0,802,1820.0,2026-09-03T19:33:13.380850+00:00
2013-09-03,1820.0,1828.0,1800.0,1820.0,3564,1820.0,2026-09-03T19:33:13.380850+00:00
2013-09-04,1820.0,1840.0,1803.0,1820.0,2269,1820.0,2026-09-03T19:33:13.380850+00:00
2013-09-05,1820.0,1820.0,1799.0,1820.0,3902,1820.0,2026-09-03T19:33:13.380850+00:00
2013-09-08,1820.0,2002.0,1856.0,2002.0,9905,2002.0,2026-09-03T19:33:13.380850+00:00
2013-09-09,2002.0,2039.0,1961.0,1965.0,8448,1965.0,2026-09-03T19:33:13.380850+00:00
2013-09-10,1965.0,1965.0,1926.0,1940.0,5604,1940.0,2026-09-03T19:33:13.380850+00:00
2013-09-11,1940.0,1958.0,1940.0,1958.0,5974,1958.0,2026-09-03T19:33:13.380850+00:00
2013-09-12,1958.0,1975.0,1960.0,1965.0,3529,1965.0,2026-09-03T19:33:13.380850+00:00
2013-09-15,1965.0,1995.0,1960.0,1990.0,9143,1990.0,2026-09-03T19:33:13.380850+00:00
2013-09-16,1990.0,2002.0,1990.0,1996.0,4647,1996.0,2026-09-03T19:33:13.380850+00:00
2013-09-17,1996.0,2003.0,1985.0,2000.0,9843,2000.0,2026-09-03T19:33:13.380850+00:00
2013-09-19,2000.0,1991.0,1965.0,1980.0,2291,1980.0,2026-09-03T19:33:13.380850+00:00
2013-09-22,1980.0,1980.0,1950.0,1975.0,2397,1975.0,2026-09-03T19:33:13.380850+00:00
2013-09-23,1975.0,1975.0,1941.0,1970.0,3089,1970.0,2026-09-03T19:33:13.380850+00:00
2013-09-24,1970.0,1990.0,1961.0,1980.0,4740,1980.0,2026-09-03T19:33:13.380850+00:00
2013-09-25,1980.0,1986.0,1976.0,1980.0,2790,1980.0,2026-09-03T19:33:13.380850+00:00
2013-09-26,1980.0,2000.0,1979.0,1980.0,837,1980.0,2026-09-03T19:33:13.380850+00:00
2013-09-29,1980.0,1990.0,1970.0,1975.0,2802,1975.0,2026-09-03T19:33:13.380850+00:00
2013-09-30,1975.0,1980.0,1975.0,1975.0,1938,1975.0,2026-09-03T19:33:13.380850+00:00
2013-10-01,1975.0,2012.0,1974.0,1980.0,2887,1980.0,2026-09-03T19:33:13.380850+00:00
2013-10-02,1980.0,1985.0,1950.0,1983.0,1303,1983.0,2026-09-03T19:33:13.380850+00:00
2013-10-03,1983.0,1980.0,1960.0,1976.0,2340,1976.0,2026-09-03T19:33:13.380850+00:00
2013-10-06,1976.0,1980.0,1970.0,1980.0,1379,1980.0,2026-09-03T19:33:13.380850+00:00
2013-10-07,1980.0,1995.0,1980.0,1992.0,1594,1992.0,2026-09-03T19:33:13.380850+00:00
2013-10-08,1992.0,2010.0,1995.0,2010.0,2489,2010.0,2026-09-03T19:33:13.380850+00:00
2013-10-09,2010.0,2014.0,2000.0,2008.0,2821,2008.0,2026-09-03T19:33:13.380850+00:00
2013-10-10,2008.0,2035.0,2015.0,2030.0,1255,2030.0,2026-09-03T19:33:13.380850+00:00
2013-10-17,2030.0,2065.0,2035.0,2065.0,3332,2065.0,2026-09-03T19:33:13.380850+00:00
2013-10-20,2065.0,2151.0,2050.0,2150.0,8573,2150.0,2026-09-03T19:33:13.380850+00:00
2013-10-21,2150.0,2240.0,2124.0,2200.0,6354,2200.0,2026-09-03T19:33:13.380850+00:00
2013-10-22,2200.0,2200.0,2100.0,2150.0,7336,2150.0,2026-09-03T19:33:13.380850+00:00
2013-10-23,2150.0,2160.0,2111.0,2140.0,2544,2140.0,2026-09-03T19:33:13.380850+00:00
2013-10-24,2140.0,2160.0,2118.0,2160.0,3527,2160.0,2026-09-03T19:33:13.380850+00:00
2013-10-27,2160.0,2201.0,2117.0,2200.0,3228,2200.0,2026-09-03T19:33:13.380850+00:00
2013-10-28,2200.0,2230.0,2191.0,2198.0,5747,2198.0,2026-09-03T19:33:13.380850+00:00
2013-10-29,2198.0,2204.0,2190.0,2201.0,2987,2201.0,2026-09-03T19:33:13.380850+00:00
2013-10-30,2201.0,2206.0,2195.0,2200.0,8171,2200.0,2026-09-03T19:33:13.380850+00:00
2013-10-31,2200.0,2208.0,2195.0,2198.0,5454,2198.0,2026-09-03T19:33:13.380850+00:00
2013-11-06,2198.0,2200.0,2191.0,2194.0,1535,2194.0,2026-09-03T19:33:13.380850+00:00
2013-11-07,2194.0,2199.0,2175.0,2175.0,3254,2175.0,2026-09-03T19:33:13.380850+00:00
2013-11-11,2170.0,2210.0,2150.0,2201.0,10578,2201.0,2026-09-03T19:33:13.380850+00:00
2013-11-12,2200.0,2250.0,2200.0,2205.0,3891,2205.0,2026-09-03T19:33:13.380850+00:00
2013-11-13,2205.0,2240.0,2205.0,2213.0,8998,2213.0,2026-09-03T19:33:13.380850+00:00
2013-11-14,2213.0,2260.0,2200.0,2229.0,9683,2229.0,2026-09-03T19:33:13.380850+00:00
2013-11-21,2229.0,2451.0,2273.0,2451.0,10177,2451.0,2026-09-03T19:33:13.380850+00:00
2013-11-24,2451.0,2567.0,2400.0,2523.0,7026,2523.0,2026-09-03T19:33:13.380850+00:00
2013-11-25,2523.0,2478.0,2380.0,2447.0,4977,2447.0,2026-09-03T19:33:13.380850+00:00
2013-11-26,2447.0,2440.0,2380.0,2390.0,5083,2390.0,2026-09-03T19:33:13.380850+00:00
2013-11-27,2390.0,2390.0,2365.0,2380.0,1841,2380.0,2026-09-03T19:33:13.380850+00:00
2013-11-28,2380.0,2380.0,2333.0,2380.0,3395,2380.0,2026-09-03T19:33:13.380850+00:00
2013-12-01,2380.0,2495.0,2427.0,2474.0,5618,2474.0,2026-09-03T19:33:13.380850+00:00
2013-12-02,2474.0,2500.0,2470.0,2491.0,5399,2491.0,2026-09-03T19:33:13.380850+00:00
2013-12-03,2491.0,2605.0,2491.0,2575.0,6324,2575.0,2026-09-03T19:33:13.380850+00:00
2013-12-04,2575.0,2725.0,2610.0,2715.0,6447,2715.0,2026-09-03T19:33:13.380850+00:00
2013-12-05,2715.0,2800.0,2695.0,2720.0,9860,2720.0,2026-09-03T19:33:13.380850+00:00
2013-12-08,2720.0,2790.0,2700.0,2750.0,18668,2750.0,2026-09-03T19:33:13.380850+00:00
2013-12-09,2200.0,2400.0,2244.0,2290.0,5002,2290.0,2026-09-03T19:33:13.380850+00:00
2013-12-10,2290.0,2290.0,2240.0,2255.0,1767,2255.0,2026-09-03T19:33:13.380850+00:00
2013-12-11,2255.0,2305.0,2260.0,2290.0,2056,2290.0,2026-09-03T19:33:13.380850+00:00
2013-12-12,2290.0,2300.0,2240.0,2245.0,1285,2245.0,2026-09-03T19:33:13.380850+00:00
2013-12-15,2245.0,2300.0,2216.0,2300.0,1243,2300.0,2026-09-03T19:33:13.380850+00:00
2013-12-16,2300.0,2386.0,2310.0,2386.0,716,2386.0,2026-09-03T19:33:13.380850+00:00
2013-12-18,2386.0,2410.0,2386.0,2410.0,900,2410.0,2026-09-03T19:33:13.380850+00:00
2013-12-19,2410.0,2400.0,2257.0,2399.0,3807,2399.0,2026-09-03T19:33:13.380850+00:00
2013-12-22,2399.0,2405.0,2361.0,2362.0,2354,2362.0,2026-09-03T19:33:13.380850+00:00
2013-12-23,2357.0,2330.0,2245.0,2245.0,1786,2245.0,2026-09-03T19:33:13.380850+00:00
2013-12-24,2245.0,2280.0,2245.0,2258.0,2047,2258.0,2026-09-03T19:33:13.380850+00:00
2013-12-26,2258.0,2320.0,2260.0,2270.0,4278,2270.0,2026-09-03T19:33:13.380850+00:00
2013-12-29,2270.0,2275.0,2220.0,2250.0,3809,2250.0,2026-09-03T19:33:13.380850+00:00
2013-12-31,2250.0,2250.0,2200.0,2210.0,2064,2210.0,2026-09-03T19:33:13.380850+00:00
2014-01-01,2210.0,2180.0,2142.0,2151.0,433,2151.0,2026-09-03T19:33:13.380850+00:00
2014-01-02,2151.0,2150.0,2090.0,2125.0,10110,2125.0,2026-09-03T19:33:13.380850+00:00
2014-01-05,2125.0,2125.0,2100.0,2125.0,5113,2125.0,2026-09-03T19:33:13.380850+00:00
2014-01-06,2125.0,2118.0,2095.0,2110.0,3381,2110.0,2026-09-03T19:33:13.380850+00:00
2014-01-07,2110.0,2135.0,2070.0,2126.0,4731,2126.0,2026-09-03T19:33:13.380850+00:00
2014-01-08,2126.0,2180.0,2100.0,2168.0,2502,2168.0,2026-09-03T19:33:13.380850+00:00
2014-01-09,2168.0,2172.0,2125.0,2172.0,1115,2172.0,2026-09-03T19:33:13.380850+00:00
2014-01-12,2172.0,2225.0,2105.0,2225.0,1788,2225.0,2026-09-03T19:33:13.380850+00:00
2014-01-13,2225.0,2260.0,2225.0,2250.0,1385,2250.0,2026-09-03T19:33:13.380850+00:00
2014-01-14,2250.0,2250.0,2220.0,2220.0,287,2220.0,2026-09-03T19:33:13.380850+00:00
2014-01-16,2220.0,2230.0,2199.0,2199.0,163,2199.0,2026-09-03T19:33:13.380850+00:00
2014-01-19,2199.0,2230.0,2190.0,2210.0,1484,2210.0,2026-09-03T19:33:13.380850+00:00
2014-01-20,2210.0,2200.0,2166.0,2185.0,1001,2185.0,2026-09-03T19:33:13.380850+00:00
2014-01-21,2185.0,2177.0,2100.0,2129.0,1824,2129.0,2026-09-03T19:33:13.380850+00:00
2014-01-22,2129.0,2115.0,2070.0,2090.0,2490,2090.0,2026-09-03T19:33:13.380850+00:00
2014-01-23,2090.0,2100.0,2050.0,2080.0,1919,2080.0,2026-09-03T19:33:13.380850+00:00
2014-01-26,2080.0,2100.0,2035.0,2085.0,2305,2085.0,2026-09-03T19:33:13.380850+00:00
2014-01-27,2085.0,2105.0,2075.0,2075.0,700,2075.0,2026-09-03T19:33:13.380850+00:00
2014-01-28,2075.0,2085.0,2040.0,2057.0,3039,2057.0,2026-09-03T19:33:13.380850+00:00
2014-01-29,2057.0,2060.0,2025.0,2050.0,1516,2050.0,2026-09-03T19:33:13.380850+00:00
2014-02-02,2050.0,2061.0,2020.0,2060.0,3221,2060.0,2026-09-03T19:33:13.380850+00:00
2014-02-03,2060.0,2025.0,1995.0,2009.0,1729,2009.0,2026-09-03T19:33:13.380850+00:00
2014-02-04,2009.0,2020.0,2000.0,2015.0,701,2015.0,2026-09-03T19:33:13.380850+00:00
2014-02-06,2060.0,2077.0,2050.0,2077.0,3009,2077.0,2026-09-03T19:33:13.380850+00:00
2014-02-09,2077.0,2100.0,2075.0,2100.0,884,2100.0,2026-09-03T19:33:13.380850+00:00
2014-02-10,2100.0,2227.0,2142.0,2155.0,3551,2155.0,2026-09-03T19:33:13.380850+00:00
2014-02-11,2155.0,2130.0,2100.0,2130.0,2034,2130.0,2026-09-03T19:33:13.380850+00:00
2014-02-12,2130.0,2124.0,2090.0,2102.0,1982,2102.0,2026-09-03T19:33:13.380850+00:00
2014-02-13,2102.0,2103.0,2089.0,2095.0,902,2095.0,2026-09-03T19:33:13.380850+00:00
2014-02-16,2095.0,2100.0,2075.0,2080.0,1096,2080.0,2026-09-03T19:33:13.380850+00:00
2014-02-17,2080.0,2100.0,2080.0,2088.0,687,2088.0,2026-09-03T19:33:13.380850+00:00
2014-02-18,2088.0,2105.0,2085.0,2105.0,814,2105.0,2026-09-03T19:33:13.380850+00:00
2014-02-20,2105.0,2140.0,2098.0,2098.0,466,2098.0,2026-09-03T19:33:13.380850+00:00
2014-02-23,2098.0,2150.0,2100.0,2108.0,4237,2108.0,2026-09-03T19:33:13.380850+00:00
2014-02-24,2108.0,2140.0,2107.0,2133.0,2640,2133.0,2026-09-03T19:33:13.380850+00:00
2014-02-25,2133.0,2130.0,2100.0,2130.0,1845,2130.0,2026-09-03T19:33:13.380850+00:00
2014-02-26,2130.0,2180.0,2100.0,2149.0,1200,2149.0,2026-09-03T19:33:13.380850+00:00
2014-03-03,2149.0,2130.0,2059.0,2065.0,1114,2065.0,2026-09-03T19:33:13.380850+00:00
2014-03-04,2065.0,2065.0,1975.0,2015.0,2767,2015.0,2026-09-03T19:33:13.380850+00:00
2014-03-05,2015.0,2090.0,2000.0,2090.0,1527,2090.0,2026-09-03T19:33:13.380850+00:00
2014-03-06,2090.0,2050.0,2001.0,2015.0,1631,2015.0,2026-09-03T19:33:13.380850+00:00
2014-03-09,2015.0,2055.0,1990.0,2000.0,1254,2000.0,2026-09-03T19:33:13.380850+00:00
2014-03-10,2000.0,2005.0,1965.0,1980.0,904,1980.0,2026-09-03T19:33:13.380850+00:00
2014-03-11,1980.0,1981.0,1960.0,1979.0,1671,1979.0,2026-09-03T19:33:13.380850+00:00
2014-03-12,1979.0,1970.0,1870.0,1955.0,4854,1955.0,2026-09-03T19:33:13.380850+00:00
2014-03-13,1955.0,1930.0,1900.0,1907.0,2402,1907.0,2026-09-03T19:33:13.380850+00:00
2014-03-17,1907.0,1885.0,1840.0,1855.0,1944,1855.0,2026-09-03T19:33:13.380850+00:00
2014-03-18,1855.0,1865.0,1799.0,1799.0,2968,1799.0,2026-09-03T19:33:13.380850+00:00
2014-03-19,1799.0,1876.0,1790.0,1845.0,5212,1845.0,2026-09-03T19:33:13.380850+00:00
2014-03-20,1845.0,1910.0,1840.0,1910.0,2633,1910.0,2026-09-03T19:33:13.380850+00:00
2014-03-23,1910.0,1895.0,1881.0,1886.0,1880,1886.0,2026-09-03T19:33:13.380850+00:00
2014-03-24,1886.0,1940.0,1910.0,1915.0,1043,1915.0,2026-09-03T19:33:13.380850+00:00
2014-03-25,1915.0,1910.0,1880.0,1900.0,1319,1900.0,2026-09-03T19:33:13.380850+00:00
2014-03-26,1900.0,1895.0,1871.0,1872.0,781,1872.0,2026-09-03T19:33:13.380850+00:00
2014-03-27,1872.0,1905.0,1877.0,1900.0,2287,1900.0,2026-09-03T19:33:13.380850+00:00
2014-03-31,1900.0,1911.0,1895.0,1895.0,1049,1895.0,2026-09-03T19:33:13.380850+00:00
2014-04-01,1895.0,1920.0,1880.0,1900.0,2849,1900.0,2026-09-03T19:33:13.380850+00:00
2014-04-02,1900.0,1920.0,1900.0,1900.0,4093,1900.0,2026-09-03T19:33:13.380850+00:00
2014-04-03,1900.0,1950.0,1915.0,1950.0,1392,1950.0,2026-09-03T19:33:13.380850+00:00
2014-04-06,1950.0,2000.0,1965.0,1965.0,438,1965.0,2026-09-03T19:33:13.380850+00:00
2014-04-07,1965.0,1950.0,1893.0,1945.0,3054,1945.0,2026-09-03T19:33:13.380850+00:00
2014-04-09,1945.0,1960.0,1900.0,1960.0,1858,1960.0,2026-09-03T19:33:13.380850+00:00
2014-04-10,1960.0,2000.0,1961.0,1989.0,2242,1989.0,2026-09-03T19:33:13.380850+00:00
2014-04-13,1989.0,2009.0,1970.0,1995.0,4388,1995.0,2026-09-03T19:33:13.380850+00:00
2014-04-15,1995.0,2003.0,1995.0,1995.0,572,1995.0,2026-09-03T19:33:13.380850+00:00
2014-04-16,1995.0,1991.0,1970.0,1990.0,606,1990.0,2026-09-03T19:33:13.380850+00:00
2014-04-17,1990.0,1980.0,1943.0,1943.0,1617,1943.0,2026-09-03T19:33:13.380850+00:00
2014-04-20,1943.0,1950.0,1944.0,1950.0,2145,1950.0,2026-09-03T19:33:13.380850+00:00
2014-04-21,1950.0,1950.0,1920.0,1930.0,1235,1930.0,2026-09-03T19:33:13.380850+00:00
2014-04-22,1930.0,1960.0,1930.0,1930.0,382,1930.0,2026-09-03T19:33:13.380850+00:00
2014-04-23,1930.0,1940.0,1918.0,1940.0,699,1940.0,2026-09-03T19:33:13.380850+00:00
2014-04-27,1940.0,1930.0,1890.0,1900.0,1374,1900.0,2026-09-03T19:33:13.380850+00:00
2014-04-28,1900.0,1920.0,1890.0,1910.0,1057,1910.0,2026-09-03T19:33:13.380850+00:00
2014-04-29,1910.0,1910.0,1910.0,1910.0,45,1910.0,2026-09-03T19:33:13.380850+00:00
2014-04-30,1910.0,1940.0,1910.0,1940.0,326,1940.0,2026-09-03T19:33:13.380850+00:00
2014-05-04,1940.0,1940.0,1904.0,1935.0,3143,1935.0,2026-09-03T19:33:13.380850+00:00
2014-05-05,1935.0,1965.0,1940.0,1960.0,1684,1960.0,2026-09-03T19:33:13.380850+00:00
2014-05-06,1960.0,2077.0,1999.0,2030.0,2557,2030.0,2026-09-03T19:33:13.380850+00:00
2014-05-07,2030.0,2111.0,2040.0,2040.0,2142,2040.0,2026-09-03T19:33:13.380850+00:00
2014-05-08,2040.0,2020.0,2000.0,2012.0,1301,2012.0,2026-09-03T19:33:13.380850+00:00
2014-05-11,2012.0,2040.0,1995.0,2013.0,1554,2013.0,2026-09-03T19:33:13.380850+00:00
2014-05-12,2013.0,2040.0,1995.0,2015.0,2015,2015.0,2026-09-03T19:33:13.380850+00:00
2014-05-13,2015.0,2030.0,1990.0,2000.0,1034,2000.0,2026-09-03T19:33:13.380850+00:00
2014-05-15,2000.0,2029.0,1960.0,1960.0,1801,1960.0,2026-09-03T19:33:13.380850+00:00
2014-05-18,1960.0,1965.0,1941.0,1950.0,3500,1950.0,2026-09-03T19:33:13.380850+00:00
2014-05-19,1950.0,1950.0,1882.0,1925.0,4777,1925.0,2026-09-03T19:33:13.380850+00:00
2014-05-20,1925.0,1940.0,1903.0,1915.0,3836,1915.0,2026-09-03T19:33:13.380850+00:00
2014-05-21,1915.0,1926.0,1890.0,1915.0,3692,1915.0,2026-09-03T19:33:13.380850+00:00
2014-05-22,1915.0,1925.0,1859.0,1859.0,21890,1859.0,2026-09-03T19:33:13.380850+00:00
2014-05-25,1859.0,1945.0,1788.0,1922.0,27558,1922.0,2026-09-03T19:33:13.380850+00:00
2014-05-26,1922.0,1989.0,1900.0,1989.0,8695,1989.0,2026-09-03T19:33:13.380850+00:00
2014-05-27,1989.0,1960.0,1925.0,1950.0,5571,1950.0,2026-09-03T19:33:13.380850+00:00
2014-05-28,1950.0,1989.0,1940.0,1985.0,3993,1985.0,2026-09-03T19:33:13.380850+00:00
2014-06-01,1985.0,2050.0,1970.0,2035.0,6733,2035.0,2026-09-03T19:33:13.380850+00:00
2014-06-02,2035.0,2065.0,2020.0,2050.0,8876,2050.0,2026-09-03T19:33:13.380850+00:00
2014-06-03,2050.0,2090.0,2057.0,2069.0,5985,2069.0,2026-09-03T19:33:13.380850+00:00
2014-06-04,2069.0,2075.0,2050.0,2075.0,5664,2075.0,2026-09-03T19:33:13.380850+00:00
2014-06-05,2075.0,2074.0,2035.0,2052.0,4170,2052.0,2026-09-03T19:33:13.380850+00:00
2014-06-08,2052.0,2099.0,2050.0,2078.0,4816,2078.0,2026-09-03T19:33:13.380850+00:00
2014-06-09,2078.0,2115.0,2078.0,2110.0,6302,2110.0,2026-09-03T19:33:13.380850+00:00
2014-06-10,2110.0,2150.0,2115.0,2143.0,6260,2143.0,2026-09-03T19:33:13.380850+00:00
2014-06-11,2143.0,2190.0,2130.0,2160.0,7131,2160.0,2026-09-03T19:33:13.380850+00:00
2014-06-12,2160.0,2185.0,2127.0,2160.0,5552,2160.0,2026-09-03T19:33:13.380850+00:00
2014-06-15,2160.0,2376.0,2160.0,2330.0,9465,2330.0,2026-09-03T19:33:13.380850+00:00
2014-06-16,2330.0,2380.0,2312.0,2363.0,11146,2363.0,2026-09-03T19:33:13.380850+00:00
2014-06-17,2363.0,2413.0,2310.0,2360.0,6689,2360.0,2026-09-03T19:33:13.380850+00:00
2014-06-18,2360.0,2370.0,2335.0,2335.0,2313,2335.0,2026-09-03T19:33:13.380850+00:00
2014-06-19,2335.0,2290.0,2265.0,2270.0,3475,2270.0,2026-09-03T19:33:13.380850+00:00
2014-06-23,2270.0,2235.0,2186.0,2198.0,7097,2198.0,2026-09-03T19:33:13.380850+00:00
2014-06-24,2198.0,2255.0,2117.0,2254.0,4796,2254.0,2026-09-03T19:33:13.380850+00:00
2014-06-25,2254.0,2309.0,2250.0,2290.0,2781,2290.0,2026-09-03T19:33:13.380850+00:00
2014-06-26,2290.0,2335.0,2301.0,2301.0,1527,2301.0,2026-09-03T19:33:13.380850+00:00
2014-06-29,2301.0,2340.0,2280.0,2325.0,4526,2325.0,2026-09-03T19:33:13.380850+00:00
2014-06-30,2325.0,2340.0,2300.0,2310.0,2748,2310.0,2026-09-03T19:33:13.380850+00:00
2014-07-01,2310.0,2355.0,2320.0,2335.0,3169,2335.0,2026-09-03T19:33:13.380850+00:00
2014-07-02,2335.0,2355.0,2300.0,2345.0,4313,2345.0,2026-09-03T19:33:13.380850+00:00
2014-07-03,2345.0,2400.0,2350.0,2360.0,3317,2360.0,2026-09-03T19:33:13.380850+00:00
2014-07-06,2360.0,2420.0,2360.0,2390.0,4442,2390.0,2026-09-03T19:33:13.380850+00:00
2014-07-07,2390.0,2450.0,2400.0,2425.0,3657,2425.0,2026-09-03T19:33:13.380850+00:00
2014-07-08,2425.0,2450.0,2400.0,2450.0,7731,2450.0,2026-09-03T19:33:13.380850+00:00
2014-07-09,2450.0,2460.0,2438.0,2438.0,1438,2438.0,2026-09-03T19:33:13.380850+00:00
2014-07-10,2438.0,2500.0,2430.0,2500.0,3612,2500.0,2026-09-03T19:33:13.380850+00:00
2014-07-13,2500.0,2661.0,2520.0,2554.0,4717,2554.0,2026-09-03T19:33:13.380850+00:00
2014-07-14,2554.0,2605.0,2530.0,2550.0,1345,2550.0,2026-09-03T19:33:13.380850+00:00
2014-07-15,2550.0,2540.0,2515.0,2538.0,2092,2538.0,2026-09-03T19:33:13.380850+00:00
2014-07-16,2538.0,2574.0,2515.0,2535.0,1482,2535.0,2026-09-03T19:33:13.380850+00:00
2014-07-17,2535.0,2555.0,2490.0,2528.0,4066,2528.0,2026-09-03T19:33:13.380850+00:00
2014-07-20,2528.0,2629.0,2550.0,2620.0,3391,2620.0,2026-09-03T19:33:13.380850+00:00
2014-07-21,2620.0,2635.0,2590.0,2610.0,6600,2610.0,2026-09-03T19:33:13.380850+00:00
2014-07-22,2610.0,2657.0,2559.0,2657.0,11797,2657.0,2026-09-03T19:33:13.380850+00:00
2014-07-23,2657.0,2680.0,2600.0,2680.0,2677,2680.0,2026-09-03T19:33:13.380850+00:00
2014-07-24,2680.0,2670.0,2610.0,2652.0,2761,2652.0,2026-09-03T19:33:13.380850+00:00
2014-07-27,2652.0,2620.0,2600.0,2600.0,856,2600.0,2026-09-03T19:33:13.380850+00:00
2014-07-28,2600.0,2610.0,2560.0,2610.0,281,2610.0,2026-09-03T19:33:13.380850+00:00
2014-07-30,2610.0,2610.0,2576.0,2580.0,1885,2580.0,2026-09-03T19:33:13.380850+00:00
2014-07-31,2580.0,2612.0,2565.0,2571.0,2070,2571.0,2026-09-03T19:33:13.380850+00:00
2014-08-03,2571.0,2600.0,2575.0,2583.0,2243,2583.0,2026-09-03T19:33:13.380850+00:00
2014-08-04,2583.0,2560.0,2470.0,2480.0,1906,2480.0,2026-09-03T19:33:13.380850+00:00
2014-08-05,2480.0,2550.0,2500.0,2500.0,4958,2500.0,2026-09-03T19:33:13.380850+00:00
2014-08-06,2500.0,2505.0,2480.0,2489.0,3605,2489.0,2026-09-03T19:33:13.380850+00:00
2014-08-07,2489.0,2500.0,2470.0,2472.0,2121,2472.0,2026-09-03T19:33:13.380850+00:00
2014-08-12,2472.0,2470.0,2415.0,2415.0,1179,2415.0,2026-09-03T19:33:13.380850+00:00
2014-08-13,2415.0,2505.0,2385.0,2450.0,3685,2450.0,2026-09-03T19:33:13.380850+00:00
2014-08-14,2450.0,2550.0,2425.0,2513.0,3681,2513.0,2026-09-03T19:33:13.380850+00:00
2014-08-18,2513.0,2555.0,2490.0,2505.0,7582,2505.0,2026-09-03T19:33:13.380850+00:00
2014-08-19,2505.0,2511.0,2475.0,2475.0,2987,2475.0,2026-09-03T19:33:13.380850+00:00
2014-08-20,2475.0,2480.0,2400.0,2418.0,5743,2418.0,2026-09-03T19:33:13.380850+00:00
2014-08-21,2418.0,2502.0,2270.0,2441.0,4752,2441.0,2026-09-03T19:33:13.380850+00:00
2014-08-24,2441.0,2520.0,2439.0,2470.0,2179,2470.0,2026-09-03T19:33:13.380850+00:00
2014-08-25,2470.0,2519.0,2280.0,2360.0,4877,2360.0,2026-09-03T19:33:13.380850+00:00
2014-08-26,2360.0,2407.0,2223.0,2223.0,7014,2223.0,2026-09-03T19:33:13.380850+00:00
2014-08-27,2223.0,2400.0,2267.0,2365.0,7514,2365.0,2026-09-03T19:33:13.380850+00:00
2014-08-28,2365.0,2530.0,2410.0,2412.0,7784,2412.0,2026-09-03T19:33:13.380850+00:00
2014-08-31,2412.0,2578.0,2460.0,2462.0,28055,2462.0,2026-09-03T19:33:13.380850+00:00
2014-09-01,2462.0,2460.0,2380.0,2402.0,8973,2402.0,2026-09-03T19:33:13.380850+00:00
2014-09-03,2402.0,2488.0,2400.0,2424.0,6112,2424.0,2026-09-03T19:33:13.380850+00:00
2014-09-04,2424.0,2410.0,2377.0,2397.0,4050,2397.0,2026-09-03T19:33:13.380850+00:00
2014-09-07,2397.0,2375.0,2230.0,2230.0,3957,2230.0,2026-09-03T19:33:13.380850+00:00
2014-09-09,2230.0,2387.0,2250.0,2365.0,2375,2365.0,2026-09-03T19:33:13.380850+00:00
2014-09-10,2365.0,2425.0,2320.0,2320.0,4288,2320.0,2026-09-03T19:33:13.380850+00:00
2014-09-11,2320.0,2320.0,2250.0,2260.0,2728,2260.0,2026-09-03T19:33:13.380850+00:00
2014-09-14,2260.0,2285.0,2220.0,2276.0,3404,2276.0,2026-09-03T19:33:13.380850+00:00
2014-09-15,2276.0,2346.0,2260.0,2300.0,2930,2300.0,2026-09-03T19:33:13.380850+00:00
2014-09-16,2300.0,2346.0,2285.0,2325.0,3472,2325.0,2026-09-03T19:33:13.380850+00:00
2014-09-17,2325.0,2350.0,2300.0,2300.0,3375,2300.0,2026-09-03T19:33:13.380850+00:00
2014-09-18,2300.0,2310.0,2230.0,2247.0,3648,2247.0,2026-09-03T19:33:13.380850+00:00
2014-09-21,2247.0,2215.0,2165.0,2190.0,2116,2190.0,2026-09-03T19:33:13.380850+00:00
2014-09-22,2190.0,2175.0,2140.0,2174.0,2830,2174.0,2026-09-03T19:33:13.380850+00:00
2014-09-23,2174.0,2270.0,2195.0,2213.0,2415,2213.0,2026-09-03T19:33:13.380850+00:00
2014-09-24,2213.0,2346.0,2250.0,2344.0,2407,2344.0,2026-09-03T19:33:13.380850+00:00
2014-09-28,2344.0,2375.0,2330.0,2345.0,2614,2345.0,2026-09-03T19:33:13.380850+00:00
2014-09-29,2345.0,2427.0,2360.0,2399.0,4217,2399.0,2026-09-03T19:33:13.380850+00:00
2014-09-30,2399.0,2407.0,2357.0,2395.0,2574,2395.0,2026-09-03T19:33:13.380850+00:00
2014-10-08,2395.0,2394.0,2370.0,2370.0,433,2370.0,2026-09-03T19:33:13.380850+00:00
2014-10-09,2370.0,2380.0,2340.0,2380.0,704,2380.0,2026-09-03T19:33:13.380850+00:00
2014-10-12,2380.0,2360.0,2320.0,2360.0,1152,2360.0,2026-09-03T19:33:13.380850+00:00
2014-10-13,2360.0,2315.0,2250.0,2272.0,2487,2272.0,2026-09-03T19:33:13.380850+00:00
2014-10-14,2272.0,2310.0,2280.0,2290.0,1237,2290.0,2026-09-03T19:33:13.380850+00:00
2014-10-15,2290.0,2340.0,2298.0,2340.0,845,2340.0,2026-09-03T19:33:13.380850+00:00
2014-10-16,2340.0,2375.0,2328.0,2340.0,1374,2340.0,2026-09-03T19:33:13.380850+00:00
2014-10-19,2340.0,2324.0,2295.0,2315.0,2320,2315.0,2026-09-03T19:33:13.380850+00:00
2014-10-20,2315.0,2320.0,2300.0,2320.0,1595,2320.0,2026-09-03T19:33:13.380850+00:00
2014-10-21,2320.0,2361.0,2310.0,2324.0,1935,2324.0,2026-09-03T19:33:13.380850+00:00
2014-10-22,2324.0,2366.0,2314.0,2350.0,1509,2350.0,2026-09-03T19:33:13.380850+00:00
2014-10-26,2350.0,2359.0,2350.0,2350.0,428,2350.0,2026-09-03T19:33:13.380850+00:00
2014-10-27,2350.0,2375.0,2349.0,2364.0,185,2364.0,2026-09-03T19:33:13.380850+00:00
2014-10-28,2364.0,2364.0,2340.0,2350.0,1392,2350.0,2026-09-03T19:33:13.380850+00:00
2014-10-30,2350.0,2376.0,2306.0,2325.0,2519,2325.0,2026-09-03T19:33:13.380850+00:00
2014-11-02,2325.0,2325.0,2280.0,2290.0,1073,2290.0,2026-09-03T19:33:13.380850+00:00
2014-11-03,2290.0,2255.0,2200.0,2200.0,3592,2200.0,2026-09-03T19:33:13.380850+00:00
2014-11-04,2200.0,2210.0,2160.0,2210.0,2684,2210.0,2026-09-03T19:33:13.380850+00:00
2014-11-05,2210.0,2218.0,2170.0,2206.0,6995,2206.0,2026-09-03T19:33:13.380850+00:00
2014-11-06,2206.0,2235.0,2191.0,2220.0,7739,2220.0,2026-09-03T19:33:13.380850+00:00
2014-11-09,2220.0,2252.0,2200.0,2217.0,11263,2217.0,2026-09-03T19:33:13.380850+00:00
2014-11-10,2217.0,2249.0,2180.0,2200.0,6328,2200.0,2026-09-03T19:33:13.380850+00:00
2014-11-11,2200.0,2200.0,2175.0,2200.0,6449,2200.0,2026-09-03T19:33:13.380850+00:00
2014-11-12,2200.0,2209.0,2170.0,2170.0,11776,2170.0,2026-09-03T19:33:13.380850+00:00
2014-11-13,1808.0,1830.0,1800.0,1800.0,99,1800.0,2026-09-03T19:33:13.380850+00:00
2014-11-16,1800.0,1765.0,1670.0,1709.0,2309,1709.0,2026-09-03T19:33:13.380850+00:00
2014-11-17,1709.0,1678.0,1611.0,1635.0,3945,1635.0,2026-09-03T19:33:13.380850+00:00
2014-11-18,1635.0,1667.0,1564.0,1667.0,2897,1667.0,2026-09-03T19:33:13.380850+00:00
2014-11-19,1667.0,1710.0,1634.0,1710.0,2153,1710.0,2026-09-03T19:33:13.380850+00:00
2014-11-20,1710.0,1765.0,1700.0,1739.0,2401,1739.0,2026-09-03T19:33:13.380850+00:00
2014-11-23,1739.0,1773.0,1695.0,1742.0,4018,1742.0,2026-09-03T19:33:13.380850+00:00
2014-11-24,1742.0,1724.0,1710.0,1715.0,2010,1715.0,2026-09-03T19:33:13.380850+00:00
2014-11-25,1715.0,1710.0,1666.0,1696.0,3089,1696.0,2026-09-03T19:33:13.380850+00:00
2014-11-30,1696.0,1700.0,1680.0,1680.0,2125,1680.0,2026-09-03T19:33:13.380850+00:00
2014-12-01,1680.0,1701.0,1670.0,1692.0,3262,1692.0,2026-09-03T19:33:13.380850+00:00
2014-12-02,1692.0,1680.0,1635.0,1680.0,3265,1680.0,2026-09-03T19:33:13.380850+00:00
2014-12-03,1680.0,1710.0,1665.0,1665.0,2392,1665.0,2026-09-03T19:33:13.380850+00:00
2014-12-04,1665.0,1720.0,1687.0,1714.0,3338,1714.0,2026-09-03T19:33:13.380850+00:00
2014-12-07,1714.0,1718.0,1700.0,1701.0,3015,1701.0,2026-09-03T19:33:13.380850+00:00
2014-12-08,1701.0,1707.0,1700.0,1707.0,1571,1707.0,2026-09-03T19:33:13.380850+00:00
2014-12-09,1707.0,1720.0,1700.0,1715.0,2452,1715.0,2026-09-03T19:33:13.380850+00:00
2014-12-10,1715.0,1745.0,1682.0,1720.0,1666,1720.0,2026-09-03T19:33:13.380850+00:00
2014-12-11,1720.0,1800.0,1686.0,1800.0,4183,1800.0,2026-09-03T19:33:13.380850+00:00
2014-12-14,1800.0,1947.0,1836.0,1945.0,864,1945.0,2026-09-03T19:33:13.380850+00:00
2014-12-15,1945.0,2000.0,1881.0,1950.0,3945,1950.0,2026-09-03T19:33:13.380850+00:00
2014-12-16,1950.0,1950.0,1915.0,1926.0,3779,1926.0,2026-09-03T19:33:13.380850+00:00
2014-12-17,1926.0,1915.0,1875.0,1875.0,2618,1875.0,2026-09-03T19:33:13.380850+00:00
2014-12-18,1875.0,1938.0,1885.0,1938.0,701,1938.0,2026-09-03T19:33:13.380850+00:00
2014-12-22,1938.0,1900.0,1825.0,1836.0,1715,1836.0,2026-09-03T19:33:13.380850+00:00
2014-12-23,1836.0,1810.0,1800.0,1800.0,1178,1800.0,2026-09-03T19:33:13.380850+00:00
2014-12-24,1800.0,1856.0,1800.0,1856.0,3276,1856.0,2026-09-03T19:33:13.380850+00:00
2014-12-28,1856.0,1892.0,1858.0,1870.0,2045,1870.0,2026-09-03T19:33:13.380850+00:00
2014-12-29,1870.0,1890.0,1835.0,1873.0,1493,1873.0,2026-09-03T19:33:13.380850+00:00
2014-12-31,1873.0,1855.0,1820.0,1820.0,2162,1820.0,2026-09-03T19:33:13.380850+00:00
2015-01-01,1820.0,1875.0,1835.0,1875.0,2383,1875.0,2026-09-03T19:33:13.380850+00:00
2015-01-04,1875.0,1889.0,1866.0,1880.0,1918,1880.0,2026-09-03T19:33:13.380850+00:00
2015-01-05,1880.0,1901.0,1855.0,1886.0,2264,1886.0,2026-09-03T19:33:13.380850+00:00
2015-01-06,1886.0,1862.0,1852.0,1852.0,421,1852.0,2026-09-03T19:33:13.380850+00:00
2015-01-07,1852.0,1898.0,1870.0,1885.0,1365,1885.0,2026-09-03T19:33:13.380850+00:00
2015-01-08,1885.0,1901.0,1880.0,1890.0,1201,1890.0,2026-09-03T19:33:13.380850+00:00
2015-01-11,1890.0,1881.0,1855.0,1855.0,1113,1855.0,2026-09-03T19:33:13.380850+00:00
2015-01-12,1855.0,1859.0,1840.0,1855.0,490,1855.0,2026-09-03T19:33:13.380850+00:00
2015-01-13,1855.0,1890.0,1825.0,1890.0,1921,1890.0,2026-09-03T19:33:13.380850+00:00
2015-01-14,1890.0,1890.0,1866.0,1869.0,643,1869.0,2026-09-03T19:33:13.380850+00:00
2015-01-18,1869.0,1894.0,1866.0,1894.0,1573,1894.0,2026-09-03T19:33:13.380850+00:00
2015-01-19,1894.0,2038.0,1857.0,1982.0,22822,1982.0,2026-09-03T19:33:13.380850+00:00
2015-01-20,1982.0,1950.0,1932.0,1950.0,2981,1950.0,2026-09-03T19:33:13.380850+00:00
2015-01-22,1950.0,1940.0,1853.0,1940.0,2851,1940.0,2026-09-03T19:33:13.380850+00:00
2015-01-25,1940.0,1960.0,1876.0,1950.0,2272,1950.0,2026-09-03T19:33:13.380850+00:00
2015-01-26,1950.0,1986.0,1950.0,1950.0,3083,1950.0,2026-09-03T19:33:13.380850+00:00
2015-01-27,1950.0,1974.0,1950.0,1974.0,1708,1974.0,2026-09-03T19:33:13.380850+00:00
2015-01-28,1974.0,2020.0,1974.0,2020.0,4973,2020.0,2026-09-03T19:33:13.380850+00:00
2015-01-29,2020.0,2030.0,1990.0,2012.0,2342,2012.0,2026-09-03T19:33:13.380850+00:00
2015-02-01,2012.0,2060.0,1912.0,2051.0,2215,2051.0,2026-09-03T19:33:13.380850+00:00
2015-02-02,2051.0,2062.0,2033.0,2050.0,5873,2050.0,2026-09-03T19:33:13.380850+00:00
2015-02-03,2050.0,2055.0,2006.0,2021.0,4156,2021.0,2026-09-03T19:33:13.380850+00:00
2015-02-04,2021.0,2025.0,2001.0,2010.0,4416,2010.0,2026-09-03T19:33:13.380850+00:00
2015-02-05,2010.0,2020.0,1995.0,2012.0,3419,2012.0,2026-09-03T19:33:13.380850+00:00
2015-02-08,2012.0,2017.0,2000.0,2010.0,1634,2010.0,2026-09-03T19:33:13.380850+00:00
2015-02-09,2010.0,2010.0,1980.0,1990.0,2813,1990.0,2026-09-03T19:33:13.380850+00:00
2015-02-10,1990.0,1998.0,1990.0,1998.0,1360,1998.0,2026-09-03T19:33:13.380850+00:00
2015-02-11,1998.0,2000.0,1998.0,1998.0,418,1998.0,2026-09-03T19:33:13.380850+00:00
2015-02-12,1998.0,2005.0,1985.0,2005.0,2850,2005.0,2026-09-03T19:33:13.380850+00:00
2015-02-15,2005.0,2004.0,1996.0,2000.0,2124,2000.0,2026-09-03T19:33:13.380850+00:00
2015-02-16,2000.0,2000.0,1985.0,1995.0,1483,1995.0,2026-09-03T19:33:13.380850+00:00
2015-02-18,1995.0,1985.0,1975.0,1985.0,1539,1985.0,2026-09-03T19:33:13.380850+00:00
2015-02-22,1985.0,1960.0,1930.0,1947.0,2341,1947.0,2026-09-03T19:33:13.380850+00:00
2015-02-23,1947.0,1940.0,1905.0,1939.0,3583,1939.0,2026-09-03T19:33:13.380850+00:00
2015-02-24,1939.0,1950.0,1915.0,1950.0,499,1950.0,2026-09-03T19:33:13.380850+00:00
2015-02-25,1950.0,1952.0,1940.0,1952.0,1894,1952.0,2026-09-03T19:33:13.380850+00:00
2015-02-26,1952.0,1960.0,1921.0,1926.0,470,1926.0,2026-09-03T19:33:13.380850+00:00
2015-03-01,1926.0,1940.0,1903.0,1930.0,1809,1930.0,2026-09-03T19:33:13.380850+00:00
2015-03-02,1930.0,1930.0,1920.0,1925.0,6343,1925.0,2026-09-03T19:33:13.380850+00:00
2015-03-03,1925.0,1930.0,1920.0,1930.0,316,1930.0,2026-09-03T19:33:13.380850+00:00
2015-03-04,1930.0,1961.0,1935.0,1940.0,1399,1940.0,2026-09-03T19:33:13.380850+00:00
2015-03-09,1940.0,1975.0,1949.0,1961.0,2158,1961.0,2026-09-03T19:33:13.380850+00:00
2015-03-10,1961.0,1972.0,1940.0,1942.0,1395,1942.0,2026-09-03T19:33:13.380850+00:00
2015-03-11,1942.0,1960.0,1940.0,1960.0,855,1960.0,2026-09-03T19:33:13.380850+00:00
2015-03-12,1960.0,1945.0,1930.0,1945.0,504,1945.0,2026-09-03T19:33:13.380850+00:00
2015-03-15,1945.0,1930.0,1916.0,1925.0,851,1925.0,2026-09-03T19:33:13.380850+00:00
2015-03-16,1925.0,1920.0,1910.0,1911.0,681,1911.0,2026-09-03T19:33:13.380850+00:00
2015-03-17,1911.0,1920.0,1905.0,1906.0,1912,1906.0,2026-09-03T19:33:13.380850+00:00
2015-03-18,1906.0,1917.0,1880.0,1901.0,1952,1901.0,2026-09-03T19:33:13.380850+00:00
2015-03-19,1901.0,1925.0,1900.0,1925.0,803,1925.0,2026-09-03T19:33:13.380850+00:00
2015-03-22,1925.0,1920.0,1900.0,1909.0,2388,1909.0,2026-09-03T19:33:13.380850+00:00
2015-03-23,1909.0,1904.0,1888.0,1900.0,1911,1900.0,2026-09-03T19:33:13.380850+00:00
2015-03-24,1900.0,1900.0,1880.0,1900.0,919,1900.0,2026-09-03T19:33:13.380850+00:00
2015-03-25,1900.0,1901.0,1865.0,1887.0,1876,1887.0,2026-09-03T19:33:13.380850+00:00
2015-03-26,1887.0,1887.0,1860.0,1870.0,1816,1870.0,2026-09-03T19:33:13.380850+00:00
2015-03-29,1870.0,1880.0,1840.0,1880.0,794,1880.0,2026-09-03T19:33:13.380850+00:00
2015-03-30,1880.0,1882.0,1879.0,1881.0,1513,1881.0,2026-09-03T19:33:13.380850+00:00
2015-03-31,1881.0,1890.0,1875.0,1875.0,808,1875.0,2026-09-03T19:33:13.380850+00:00
2015-04-01,1875.0,1875.0,1860.0,1875.0,232,1875.0,2026-09-03T19:33:13.380850+00:00
2015-04-02,1875.0,1889.0,1855.0,1889.0,1601,1889.0,2026-09-03T19:33:13.380850+00:00
2015-04-05,1889.0,1870.0,1850.0,1865.0,1849,1865.0,2026-09-03T19:33:13.380850+00:00
2015-04-06,1865.0,1880.0,1830.0,1880.0,719,1880.0,2026-09-03T19:33:13.380850+00:00
2015-04-07,1880.0,1870.0,1870.0,1870.0,134,1870.0,2026-09-03T19:33:13.380850+00:00
2015-04-08,1870.0,1895.0,1865.0,1895.0,649,1895.0,2026-09-03T19:33:13.380850+00:00
2015-04-09,1895.0,1930.0,1900.0,1905.0,633,1905.0,2026-09-03T19:33:13.380850+00:00
2015-04-12,1905.0,1960.0,1900.0,1940.0,1785,1940.0,2026-09-03T19:33:13.380850+00:00
2015-04-13,1940.0,1930.0,1895.0,1920.0,1721,1920.0,2026-09-03T19:33:13.380850+00:00
2015-04-15,1920.0,1930.0,1895.0,1895.0,738,1895.0,2026-09-03T19:33:13.380850+00:00
2015-04-16,1895.0,1950.0,1885.0,1950.0,1399,1950.0,2026-09-03T19:33:13.380850+00:00
2015-04-19,1950.0,1930.0,1895.0,1925.0,1956,1925.0,2026-09-03T19:33:13.380850+00:00
2015-04-20,1925.0,1940.0,1900.0,1940.0,1739,1940.0,2026-09-03T19:33:13.380850+00:00
2015-04-21,1940.0,1930.0,1900.0,1930.0,6138,1930.0,2026-09-03T19:33:13.380850+00:00
2015-04-22,1930.0,1916.0,1880.0,1900.0,2300,1900.0,2026-09-03T19:33:13.380850+00:00
2015-04-23,1900.0,1905.0,1870.0,1902.0,2509,1902.0,2026-09-03T19:33:13.380850+00:00
2015-05-25,1902.0,1864.0,1712.0,1712.0,731,1712.0,2026-09-03T19:33:13.380850+00:00
2015-05-26,1712.0,1695.0,1603.0,1650.0,7687,1650.0,2026-09-03T19:33:13.380850+00:00
2015-05-27,1650.0,1640.0,1585.0,1615.0,2258,1615.0,2026-09-03T19:33:13.380850+00:00
2015-05-28,1615.0,1632.0,1575.0,1602.0,4064,1602.0,2026-09-03T19:33:13.380850+00:00
2015-05-31,1602.0,1723.0,1634.0,1723.0,2975,1723.0,2026-09-03T19:33:13.380850+00:00
2015-06-01,1723.0,1841.0,1750.0,1819.0,2683,1819.0,2026-09-03T19:33:13.380850+00:00
2015-06-02,1819.0,1850.0,1810.0,1850.0,1778,1850.0,2026-09-03T19:33:13.380850+00:00
2015-06-03,1850.0,1908.0,1860.0,1908.0,1392,1908.0,2026-09-03T19:33:13.380850+00:00
2015-06-04,1908.0,1930.0,1880.0,1900.0,2197,1900.0,2026-09-03T19:33:13.380850+00:00
2015-06-07,1900.0,1911.0,1900.0,1910.0,1707,1910.0,2026-09-03T19:33:13.380850+00:00
2015-06-08,1910.0,1940.0,1915.0,1935.0,478,1935.0,2026-09-03T19:33:13.380850+00:00
2015-06-09,1935.0,2010.0,1963.0,2010.0,2923,2010.0,2026-09-03T19:33:13.380850+00:00
2015-06-10,2010.0,2002.0,1980.0,1982.0,3961,1982.0,2026-09-03T19:33:13.380850+00:00
2015-06-11,1982.0,1970.0,1940.0,1940.0,661,1940.0,2026-09-03T19:33:13.380850+00:00
2015-06-14,1940.0,1965.0,1921.0,1925.0,1089,1925.0,2026-09-03T19:33:13.380850+00:00
2015-06-16,1925.0,1930.0,1900.0,1900.0,600,1900.0,2026-09-03T19:33:13.380850+00:00
2015-06-17,1900.0,1900.0,1881.0,1881.0,2620,1881.0,2026-09-03T19:33:13.380850+00:00
2015-06-18,1881.0,1880.0,1880.0,1880.0,332,1880.0,2026-09-03T19:33:13.380850+00:00
2015-06-21,1880.0,1875.0,1860.0,1875.0,436,1875.0,2026-09-03T19:33:13.380850+00:00
2015-06-22,1875.0,1885.0,1860.0,1875.0,3016,1875.0,2026-09-03T19:33:13.380850+00:00
2015-06-23,1875.0,1880.0,1851.0,1880.0,2293,1880.0,2026-09-03T19:33:13.380850+00:00
2015-06-24,1880.0,1885.0,1880.0,1881.0,1352,1881.0,2026-09-03T19:33:13.380850+00:00
2015-06-25,1881.0,1885.0,1850.0,1885.0,3274,1885.0,2026-09-03T19:33:13.380850+00:00
2015-06-28,1885.0,1901.0,1886.0,1900.0,911,1900.0,2026-09-03T19:33:13.380850+00:00
2015-06-29,1900.0,1920.0,1890.0,1905.0,3878,1905.0,2026-09-03T19:33:13.380850+00:00
2015-06-30,1905.0,1930.0,1892.0,1909.0,2117,1909.0,2026-09-03T19:33:13.380850+00:00
2015-07-01,1909.0,1925.0,1896.0,1909.0,2457,1909.0,2026-09-03T19:33:13.380850+00:00
2015-07-02,1909.0,1910.0,1900.0,1909.0,2986,1909.0,2026-09-03T19:33:13.380850+00:00
2015-07-05,1909.0,1920.0,1901.0,1919.0,2251,1919.0,2026-09-03T19:33:13.380850+00:00
2015-07-06,1919.0,1923.0,1900.0,1923.0,902,1923.0,2026-09-03T19:33:13.380850+00:00
2015-07-07,1923.0,1930.0,1902.0,1911.0,3906,1911.0,2026-09-03T19:33:13.380850+00:00
2015-07-08,1911.0,1916.0,1905.0,1910.0,1567,1910.0,2026-09-03T19:33:13.380850+00:00
2015-07-09,1910.0,1922.0,1900.0,1920.0,1628,1920.0,2026-09-03T19:33:13.380850+00:00
2015-07-12,1920.0,1935.0,1900.0,1935.0,2796,1935.0,2026-09-03T19:33:13.380850+00:00
2015-07-13,1935.0,1932.0,1907.0,1924.0,1398,1924.0,2026-09-03T19:33:13.380850+00:00
2015-07-14,1924.0,1925.0,1910.0,1920.0,439,1920.0,2026-09-03T19:33:13.380850+00:00
2015-07-15,1920.0,1930.0,1916.0,1930.0,1266,1930.0,2026-09-03T19:33:13.380850+00:00
2015-07-16,1930.0,1930.0,1901.0,1910.0,2248,1910.0,2026-09-03T19:33:13.380850+00:00
2015-07-22,1910.0,1925.0,1900.0,1900.0,3604,1900.0,2026-09-03T19:33:13.380850+00:00
2015-07-23,1900.0,2010.0,1900.0,2010.0,6999,2010.0,2026-09-03T19:33:13.380850+00:00
2015-07-26,2010.0,2091.0,2050.0,2091.0,2070,2091.0,2026-09-03T19:33:13.380850+00:00
2015-07-27,2091.0,2300.0,2132.0,2300.0,46545,2300.0,2026-09-03T19:33:13.380850+00:00
2015-07-28,2300.0,2305.0,2200.0,2250.0,15694,2250.0,2026-09-03T19:33:13.380850+00:00
2015-07-29,2250.0,2250.0,2225.0,2240.0,7549,2240.0,2026-09-03T19:33:13.380850+00:00
2015-07-30,2240.0,2346.0,2240.0,2300.0,5450,2300.0,2026-09-03T19:33:13.380850+00:00
2015-08-02,2300.0,2346.0,2300.0,2310.0,6054,2310.0,2026-09-03T19:33:13.380850+00:00
2015-08-03,2310.0,2310.0,2298.0,2309.0,6203,2309.0,2026-09-03T19:33:13.380850+00:00
2015-08-04,2309.0,2310.0,2271.0,2289.0,6686,2289.0,2026-09-03T19:33:13.380850+00:00
2015-08-05,2289.0,2290.0,2279.0,2280.0,6523,2280.0,2026-09-03T19:33:13.380850+00:00
2015-08-06,2280.0,2340.0,2290.0,2300.0,9493,2300.0,2026-09-03T19:33:13.380850+00:00
2015-08-09,2300.0,2398.0,2320.0,2398.0,7017,2398.0,2026-09-03T19:33:13.380850+00:00
2015-08-10,2398.0,2493.0,2420.0,2490.0,7210,2490.0,2026-09-03T19:33:13.380850+00:00
2015-08-11,2490.0,2500.0,2450.0,2470.0,5823,2470.0,2026-09-03T19:33:13.380850+00:00
2015-08-12,2470.0,2480.0,2430.0,2471.0,4389,2471.0,2026-09-03T19:33:13.380850+00:00
2015-08-13,2471.0,2500.0,2440.0,2500.0,7919,2500.0,2026-09-03T19:33:13.380850+00:00
2015-08-16,2500.0,2650.0,2519.0,2595.0,8792,2595.0,2026-09-03T19:33:13.380850+00:00
2015-08-17,2595.0,2750.0,2623.0,2690.0,14195,2690.0,2026-09-03T19:33:13.380850+00:00
2015-08-18,2690.0,2784.0,2637.0,2700.0,14079,2700.0,2026-09-03T19:33:13.380850+00:00
2015-08-19,2700.0,2709.0,2660.0,2690.0,7336,2690.0,2026-09-03T19:33:13.380850+00:00
2015-08-20,2690.0,2794.0,2690.0,2695.0,8915,2695.0,2026-09-03T19:33:13.380850+00:00
2015-08-23,2695.0,2719.0,2630.0,2670.0,7495,2670.0,2026-09-03T19:33:13.380850+00:00
2015-08-24,2670.0,2680.0,2600.0,2610.0,7472,2610.0,2026-09-03T19:33:13.380850+00:00
2015-08-25,2610.0,2600.0,2566.0,2579.0,2958,2579.0,2026-09-03T19:33:13.380850+00:00
2015-08-26,2579.0,2585.0,2555.0,2556.0,1184,2556.0,2026-09-03T19:33:13.380850+00:00
2015-08-27,2556.0,2615.0,2570.0,2580.0,5228,2580.0,2026-09-03T19:33:13.380850+00:00
2015-08-31,2580.0,2600.0,2580.0,2599.0,5198,2599.0,2026-09-03T19:33:13.380850+00:00
2015-09-01,2599.0,2606.0,2570.0,2579.0,4880,2579.0,2026-09-03T19:33:13.380850+00:00
2015-09-02,2579.0,2550.0,2456.0,2480.0,5980,2480.0,2026-09-03T19:33:13.380850+00:00
2015-09-03,2480.0,2505.0,2454.0,2465.0,7315,2465.0,2026-09-03T19:33:13.380850+00:00
2015-09-06,2465.0,2475.0,2400.0,2450.0,7695,2450.0,2026-09-03T19:33:13.380850+00:00
2015-09-07,2450.0,2510.0,2480.0,2499.0,6420,2499.0,2026-09-03T19:33:13.380850+00:00
2015-09-08,2499.0,2548.0,2527.0,2531.0,5434,2531.0,2026-09-03T19:33:13.380850+00:00
2015-09-09,2531.0,2550.0,2511.0,2511.0,2291,2511.0,2026-09-03T19:33:13.380850+00:00
2015-09-10,2511.0,2515.0,2496.0,2500.0,3357,2500.0,2026-09-03T19:33:13.380850+00:00
2015-09-13,2500.0,2530.0,2500.0,2505.0,3986,2505.0,2026-09-03T19:33:13.380850+00:00
2015-09-14,2505.0,2630.0,2555.0,2578.0,5240,2578.0,2026-09-03T19:33:13.380850+00:00
2015-09-15,2578.0,2674.0,2616.0,2674.0,7770,2674.0,2026-09-03T19:33:13.380850+00:00
2015-09-16,2674.0,2720.0,2665.0,2675.0,8423,2675.0,2026-09-03T19:33:13.380850+00:00
2015-09-17,2675.0,2725.0,2640.0,2640.0,7164,2640.0,2026-09-03T19:33:13.380850+00:00
2015-09-22,2640.0,2601.0,2490.0,2510.0,6135,2510.0,2026-09-03T19:33:13.380850+00:00
2015-09-23,2510.0,2710.0,2560.0,2600.0,4063,2600.0,2026-09-03T19:33:13.380850+00:00
2015-09-24,2600.0,2610.0,2550.0,2575.0,2943,2575.0,2026-09-03T19:33:13.380850+00:00
2015-09-28,2575.0,2524.0,2425.0,2491.0,7147,2491.0,2026-09-03T19:33:13.380850+00:00
2015-09-29,2491.0,2550.0,2530.0,2540.0,1860,2540.0,2026-09-03T19:33:13.380850+00:00
2015-09-30,2540.0,2580.0,2550.0,2560.0,3841,2560.0,2026-09-03T19:33:13.380850+00:00
2015-10-01,2560.0,2579.0,2550.0,2550.0,4485,2550.0,2026-09-03T19:33:13.380850+00:00
2015-10-04,2550.0,2600.0,2570.0,2570.0,3832,2570.0,2026-09-03T19:33:13.380850+00:00
2015-10-05,2570.0,2519.0,2400.0,2440.0,8896,2440.0,2026-09-03T19:33:13.380850+00:00
2015-10-06,2440.0,2415.0,2392.0,2395.0,5150,2395.0,2026-09-03T19:33:13.380850+00:00
2015-10-07,2395.0,2390.0,2315.0,2350.0,4895,2350.0,2026-09-03T19:33:13.380850+00:00
2015-10-08,2350.0,2440.0,2300.0,2440.0,8804,2440.0,2026-09-03T19:33:13.380850+00:00
2015-10-11,2440.0,2480.0,2375.0,2375.0,5062,2375.0,2026-09-03T19:33:13.380850+00:00
2015-10-14,2375.0,2398.0,2350.0,2375.0,1262,2375.0,2026-09-03T19:33:13.380850+00:00
2015-10-15,2375.0,2360.0,2355.0,2360.0,645,2360.0,2026-09-03T19:33:13.380850+00:00
2015-10-18,2360.0,2358.0,2350.0,2358.0,635,2358.0,2026-09-03T19:33:13.380850+00:00
2015-10-19,2358.0,2430.0,2345.0,2400.0,1322,2400.0,2026-09-03T19:33:13.380850+00:00
2015-10-25,2400.0,2356.0,2356.0,2356.0,200,2356.0,2026-09-03T19:33:13.380850+00:00
2015-10-27,2356.0,2340.0,2280.0,2280.0,2207,2280.0,2026-09-03T19:33:13.380850+00:00
2015-10-28,2280.0,2270.0,2190.0,2240.0,4705,2240.0,2026-09-03T19:33:13.380850+00:00
2015-10-29,2240.0,2290.0,2242.0,2279.0,3741,2279.0,2026-09-03T19:33:13.380850+00:00
2015-11-01,2279.0,2300.0,2250.0,2275.0,3800,2275.0,2026-09-03T19:33:13.380850+00:00
2015-11-02,2275.0,2330.0,2290.0,2310.0,2382,2310.0,2026-09-03T19:33:13.380850+00:00
2015-11-03,2310.0,2289.0,2266.0,2270.0,1031,2270.0,2026-09-03T19:33:13.380850+00:00
2015-11-04,2270.0,2280.0,2270.0,2280.0,1000,2280.0,2026-09-03T19:33:13.380850+00:00
2015-11-05,2280.0,2260.0,2250.0,2250.0,1347,2250.0,2026-09-03T19:33:13.380850+00:00
2015-11-08,2250.0,2251.0,2225.0,2249.0,1418,2249.0,2026-09-03T19:33:13.380850+00:00
2015-11-09,2249.0,2320.0,2270.0,2280.0,2009,2280.0,2026-09-03T19:33:13.380850+00:00
2015-11-10,2280.0,2320.0,2300.0,2310.0,850,2310.0,2026-09-03T19:33:13.380850+00:00
2015-11-15,2310.0,2305.0,2275.0,2305.0,911,2305.0,2026-09-03T19:33:13.380850+00:00
2015-11-16,2305.0,2290.0,2275.0,2288.0,628,2288.0,2026-09-03T19:33:13.380850+00:00
2015-11-18,2288.0,2315.0,2300.0,2309.0,1524,2309.0,2026-09-03T19:33:13.380850+00:00
2015-11-19,2309.0,2300.0,2288.0,2288.0,1574,2288.0,2026-09-03T19:33:13.380850+00:00
2015-11-22,2288.0,2255.0,2200.0,2205.0,2830,2205.0,2026-09-03T19:33:13.380850+00:00
2015-11-23,2205.0,2210.0,2100.0,2210.0,1707,2210.0,2026-09-03T19:33:13.380850+00:00
2015-11-24,2210.0,2210.0,2170.0,2180.0,3418,2180.0,2026-09-03T19:33:13.380850+00:00
2015-11-25,2180.0,2160.0,2125.0,2130.0,1678,2130.0,2026-09-03T19:33:13.380850+00:00
2015-11-26,2130.0,2130.0,2060.0,2100.0,4339,2100.0,2026-09-03T19:33:13.380850+00:00
2015-11-29,2100.0,2100.0,2000.0,2020.0,7340,2020.0,2026-09-03T19:33:13.380850+00:00
2015-11-30,2020.0,2090.0,2046.0,2090.0,3522,2090.0,2026-09-03T19:33:13.380850+00:00
2015-12-01,2090.0,2220.0,2131.0,2200.0,2984,2200.0,2026-09-03T19:33:13.380850+00:00
2015-12-02,2200.0,2250.0,2181.0,2248.0,6332,2248.0,2026-09-03T19:33:13.380850+00:00
2015-12-03,2248.0,2300.0,2205.0,2300.0,9386,2300.0,2026-09-03T19:33:13.380850+00:00
2015-12-06,1769.0,1840.0,1799.0,1819.0,2215,1819.0,2026-09-03T19:33:13.380850+00:00
2015-12-07,1819.0,1950.0,1850.0,1895.0,3087,1895.0,2026-09-03T19:33:13.380850+00:00
2015-12-08,1895.0,1900.0,1858.0,1900.0,670,1900.0,2026-09-03T19:33:13.380850+00:00
2015-12-09,1900.0,1940.0,1910.0,1940.0,2083,1940.0,2026-09-03T19:33:13.380850+00:00
2015-12-10,1940.0,1940.0,1900.0,1900.0,1769,1900.0,2026-09-03T19:33:13.380850+00:00
2015-12-13,1900.0,1903.0,1881.0,1903.0,1240,1903.0,2026-09-03T19:33:13.380850+00:00
2015-12-14,1903.0,1890.0,1880.0,1890.0,1024,1890.0,2026-09-03T19:33:13.380850+00:00
2015-12-15,1890.0,1890.0,1860.0,1860.0,1870,1860.0,2026-09-03T19:33:13.380850+00:00
2015-12-16,1860.0,1865.0,1850.0,1854.0,1084,1854.0,2026-09-03T19:33:13.380850+00:00
2015-12-17,1854.0,1860.0,1810.0,1842.0,17060,1842.0,2026-09-03T19:33:13.380850+00:00
2015-12-20,1842.0,1844.0,1815.0,1830.0,2620,1830.0,2026-09-03T19:33:13.380850+00:00
2015-12-21,1830.0,1825.0,1800.0,1800.0,3696,1800.0,2026-09-03T19:33:13.380850+00:00
2015-12-22,1800.0,1841.0,1800.0,1840.0,11125,1840.0,2026-09-03T19:33:13.380850+00:00
2015-12-23,1840.0,1840.0,1800.0,1821.0,4272,1821.0,2026-09-03T19:33:13.380850+00:00
2015-12-24,1821.0,1830.0,1810.0,1815.0,10147,1815.0,2026-09-03T19:33:13.380850+00:00
2015-12-27,1815.0,1820.0,1800.0,1800.0,6169,1800.0,2026-09-03T19:33:13.380850+00:00
2015-12-28,1800.0,1820.0,1800.0,1820.0,3102,1820.0,2026-09-03T19:33:13.380850+00:00
2015-12-29,1820.0,1854.0,1820.0,1853.0,2077,1853.0,2026-09-03T19:33:13.380850+00:00
2015-12-31,1853.0,1870.0,1855.0,1860.0,1657,1860.0,2026-09-03T19:33:13.380850+00:00
2016-01-03,1860.0,1860.0,1825.0,1840.0,2053,1840.0,2026-09-03T19:33:13.380850+00:00
2016-01-04,1840.0,1850.0,1800.0,1800.0,2496,1800.0,2026-09-03T19:33:13.380850+00:00
2016-01-05,1800.0,1829.0,1798.0,1800.0,4394,1800.0,2026-09-03T19:33:13.380850+00:00
2016-01-06,1800.0,1808.0,1795.0,1795.0,2708,1795.0,2026-09-03T19:33:13.380850+00:00
2016-01-07,1795.0,1815.0,1800.0,1815.0,2329,1815.0,2026-09-03T19:33:13.380850+00:00
2016-01-10,1815.0,1825.0,1810.0,1820.0,1164,1820.0,2026-09-03T19:33:13.380850+00:00
2016-01-11,1820.0,1835.0,1820.0,1826.0,3689,1826.0,2026-09-03T19:33:13.380850+00:00
2016-01-12,1826.0,1830.0,1820.0,1830.0,1925,1830.0,2026-09-03T19:33:13.380850+00:00
2016-01-13,1830.0,1830.0,1814.0,1814.0,3603,1814.0,2026-09-03T19:33:13.380850+00:00
2016-01-14,1814.0,1860.0,1820.0,1850.0,5613,1850.0,2026-09-03T19:33:13.380850+00:00
2016-01-17,1850.0,1899.0,1870.0,1890.0,4290,1890.0,2026-09-03T19:33:13.380850+00:00
2016-01-18,1890.0,1965.0,1920.0,1920.0,9726,1920.0,2026-09-03T19:33:13.380850+00:00
2016-01-19,1920.0,1930.0,1880.0,1920.0,1608,1920.0,2026-09-03T19:33:13.380850+00:00
2016-01-20,1920.0,1935.0,1915.0,1921.0,3643,1921.0,2026-09-03T19:33:13.380850+00:00
2016-01-21,1921.0,1920.0,1905.0,1905.0,2078,1905.0,2026-09-03T19:33:13.380850+00:00
2016-01-24,1905.0,1910.0,1882.0,1895.0,2193,1895.0,2026-09-03T19:33:13.380850+00:00
2016-01-25,1895.0,1920.0,1900.0,1920.0,4535,1920.0,2026-09-03T19:33:13.380850+00:00
2016-01-26,1920.0,1904.0,1888.0,1898.0,3551,1898.0,2026-09-03T19:33:13.380850+00:00
2016-01-27,1898.0,1900.0,1884.0,1885.0,2929,1885.0,2026-09-03T19:33:13.380850+00:00
2016-01-28,1885.0,1899.0,1880.0,1890.0,2050,1890.0,2026-09-03T19:33:13.380850+00:00
2016-01-31,1890.0,1900.0,1880.0,1890.0,3302,1890.0,2026-09-03T19:33:13.380850+00:00
2016-02-01,1890.0,1923.0,1892.0,1905.0,3476,1905.0,2026-09-03T19:33:13.380850+00:00
2016-02-02,1905.0,1929.0,1890.0,1900.0,3778,1900.0,2026-09-03T19:33:13.380850+00:00
2016-02-03,1900.0,1905.0,1894.0,1900.0,2036,1900.0,2026-09-03T19:33:13.380850+00:00
2016-02-04,1900.0,1935.0,1905.0,1917.0,4192,1917.0,2026-09-03T19:33:13.380850+00:00
2016-02-07,1917.0,1970.0,1930.0,1935.0,4515,1935.0,2026-09-03T19:33:13.380850+00:00
2016-02-08,1935.0,1935.0,1915.0,1919.0,3886,1919.0,2026-09-03T19:33:13.380850+00:00
2016-02-11,1919.0,1930.0,1900.0,1912.0,3387,1912.0,2026-09-03T19:33:13.380850+00:00
2016-02-14,1912.0,1901.0,1890.0,1900.0,4307,1900.0,2026-09-03T19:33:13.380850+00:00
2016-02-15,1900.0,1900.0,1875.0,1900.0,2053,1900.0,2026-09-03T19:33:13.380850+00:00
2016-02-16,1900.0,1890.0,1880.0,1880.0,1449,1880.0,2026-09-03T19:33:13.380850+00:00
2016-02-17,1880.0,1886.0,1878.0,1886.0,5273,1886.0,2026-09-03T19:33:13.380850+00:00
2016-02-18,1886.0,1898.0,1887.0,1893.0,3228,1893.0,2026-09-03T19:33:13.380850+00:00
2016-02-21,1893.0,1925.0,1893.0,1907.0,4217,1907.0,2026-09-03T19:33:13.380850+00:00
2016-02-22,1907.0,1976.0,1900.0,1955.0,4212,1955.0,2026-09-03T19:33:13.380850+00:00
2016-02-23,1955.0,1985.0,1940.0,1950.0,5681,1950.0,2026-09-03T19:33:13.380850+00:00
2016-02-24,1950.0,1960.0,1915.0,1915.0,4195,1915.0,2026-09-03T19:33:13.380850+00:00
2016-02-25,1915.0,1925.0,1877.0,1921.0,4285,1921.0,2026-09-03T19:33:13.380850+00:00
2016-02-28,1921.0,1929.0,1920.0,1920.0,2725,1920.0,2026-09-03T19:33:13.380850+00:00
2016-02-29,1920.0,1920.0,1900.0,1906.0,5612,1906.0,2026-09-03T19:33:13.380850+00:00
2016-03-01,1906.0,1915.0,1900.0,1900.0,4458,1900.0,2026-09-03T19:33:13.380850+00:00
2016-03-02,1900.0,1907.0,1900.0,1900.0,7900,1900.0,2026-09-03T19:33:13.380850+00:00
2016-03-03,1900.0,1907.0,1891.0,1900.0,5331,1900.0,2026-09-03T19:33:13.380850+00:00
2016-03-06,1900.0,1932.0,1909.0,1909.0,6376,1909.0,2026-09-03T19:33:13.380850+00:00
2016-03-10,1909.0,1925.0,1890.0,1900.0,5309,1900.0,2026-09-03T19:33:13.380850+00:00
2016-03-13,1900.0,1905.0,1895.0,1904.0,6881,1904.0,2026-09-03T19:33:13.380850+00:00
2016-03-14,1904.0,1910.0,1895.0,1895.0,2691,1895.0,2026-09-03T19:33:13.380850+00:00
2016-03-15,1895.0,1900.0,1880.0,1890.0,2344,1890.0,2026-09-03T19:33:13.380850+00:00
2016-03-16,1890.0,1905.0,1885.0,1895.0,4862,1895.0,2026-09-03T19:33:13.380850+00:00
2016-03-17,1895.0,1909.0,1887.0,1900.0,4783,1900.0,2026-09-03T19:33:13.380850+00:00
2016-03-20,1900.0,1919.0,1900.0,1910.0,6955,1910.0,2026-09-03T19:33:13.380850+00:00
2016-03-21,1910.0,1938.0,1910.0,1919.0,5128,1919.0,2026-09-03T19:33:13.380850+00:00
2016-03-23,1919.0,1930.0,1918.0,1925.0,9561,1925.0,2026-09-03T19:33:13.380850+00:00
2016-03-24,1925.0,1986.0,1930.0,1985.0,19150,1985.0,2026-09-03T19:33:13.380850+00:00
2016-03-27,1985.0,2115.0,1990.0,2111.0,24872,2111.0,2026-09-03T19:33:13.380850+00:00
2016-03-28,2111.0,2200.0,2111.0,2120.0,21421,2120.0,2026-09-03T19:33:13.380850+00:00
2016-03-29,2120.0,2120.0,2069.0,2099.0,12316,2099.0,2026-09-03T19:33:13.380850+00:00
2016-03-30,2099.0,2110.0,2089.0,2090.0,9623,2090.0,2026-09-03T19:33:13.380850+00:00
2016-03-31,2090.0,2099.0,2050.0,2060.0,6321,2060.0,2026-09-03T19:33:13.380850+00:00
2016-04-03,2060.0,2065.0,2008.0,2044.0,16615,2044.0,2026-09-03T19:33:13.380850+00:00
2016-04-04,2044.0,2075.0,2044.0,2065.0,6426,2065.0,2026-09-03T19:33:13.380850+00:00
2016-04-05,2065.0,2110.0,2080.0,2091.0,9382,2091.0,2026-09-03T19:33:13.380850+00:00
2016-04-06,2091.0,2105.0,2082.0,2092.0,6587,2092.0,2026-09-03T19:33:13.380850+00:00
2016-04-10,2092.0,2099.0,2080.0,2090.0,6121,2090.0,2026-09-03T19:33:13.380850+00:00
2016-04-11,2090.0,2100.0,2075.0,2100.0,5118,2100.0,2026-09-03T19:33:13.380850+00:00
2016-04-12,2100.0,2115.0,2095.0,2110.0,12264,2110.0,2026-09-03T19:33:13.380850+00:00
2016-04-14,2110.0,2121.0,2110.0,2120.0,16535,2120.0,2026-09-03T19:33:13.380850+00:00
2016-04-17,2120.0,2133.0,2115.0,2119.0,16462,2119.0,2026-09-03T19:33:13.380850+00:00
2016-04-18,2119.0,2174.0,2120.0,2170.0,19064,2170.0,2026-09-03T19:33:13.380850+00:00
2016-04-19,2170.0,2234.0,2196.0,2200.0,20539,2200.0,2026-09-03T19:33:13.380850+00:00
2016-04-20,2200.0,2280.0,2240.0,2260.0,12612,2260.0,2026-09-03T19:33:13.380850+00:00
2016-04-21,2260.0,2261.0,2220.0,2241.0,10389,2241.0,2026-09-03T19:33:13.380850+00:00
2016-04-24,2241.0,2261.0,2235.0,2251.0,23129,2251.0,2026-09-03T19:33:13.380850+00:00
2016-04-25,2251.0,2260.0,2231.0,2260.0,12157,2260.0,2026-09-03T19:33:13.380850+00:00
2016-04-26,2260.0,2258.0,2230.0,2235.0,6028,2235.0,2026-09-03T19:33:13.380850+00:00
2016-04-27,2235.0,2234.0,2205.0,2232.0,5481,2232.0,2026-09-03T19:33:13.380850+00:00
2016-04-28,2232.0,2260.0,2236.0,2237.0,6911,2237.0,2026-09-03T19:33:13.380850+00:00
2016-05-02,2237.0,2303.0,2250.0,2302.0,13851,2302.0,2026-09-03T19:33:13.380850+00:00
2016-05-03,2302.0,2320.0,2281.0,2281.0,7205,2281.0,2026-09-03T19:33:13.380850+00:00
2016-05-04,2281.0,2270.0,2251.0,2260.0,7234,2260.0,2026-09-03T19:33:13.380850+00:00
2016-05-05,2260.0,2244.0,2200.0,2232.0,11076,2232.0,2026-09-03T19:33:13.380850+00:00
2016-05-08,2232.0,2295.0,2260.0,2270.0,17095,2270.0,2026-09-03T19:33:13.380850+00:00
2016-05-09,2270.0,2290.0,2265.0,2280.0,11426,2280.0,2026-09-03T19:33:13.380850+00:00
2016-05-10,2280.0,2284.0,2262.0,2269.0,5672,2269.0,2026-09-03T19:33:13.380850+00:00
2016-05-11,2269.0,2269.0,2241.0,2269.0,6580,2269.0,2026-09-03T19:33:13.380850+00:00
2016-05-12,2269.0,2265.0,2242.0,2250.0,4234,2250.0,2026-09-03T19:33:13.380850+00:00
2016-05-15,2250.0,2260.0,2237.0,2237.0,6561,2237.0,2026-09-03T19:33:13.380850+00:00
2016-05-16,2237.0,2248.0,2226.0,2227.0,4570,2227.0,2026-09-03T19:33:13.380850+00:00
2016-05-17,2227.0,2270.0,2195.0,2270.0,6183,2270.0,2026-09-03T19:33:13.380850+00:00
2016-05-18,2270.0,2270.0,2260.0,2270.0,7071,2270.0,2026-09-03T19:33:13.380850+00:00
2016-05-19,2270.0,2294.0,2260.0,2281.0,12779,2281.0,2026-09-03T19:33:13.380850+00:00
2016-05-22,2281.0,2290.0,2270.0,2273.0,8195,2273.0,2026-09-03T19:33:13.380850+00:00
2016-05-23,2273.0,2286.0,2275.0,2275.0,17102,2275.0,2026-09-03T19:33:13.380850+00:00
2016-05-24,2275.0,2315.0,2255.0,2310.0,22878,2310.0,2026-09-03T19:33:13.380850+00:00
2016-05-25,2310.0,2340.0,2255.0,2280.0,17473,2280.0,2026-09-03T19:33:13.380850+00:00
2016-05-26,2280.0,2295.0,2230.0,2271.0,21199,2271.0,2026-09-03T19:33:13.380850+00:00
2016-05-29,2271.0,2275.0,2251.0,2268.0,8274,2268.0,2026-09-03T19:33:13.380850+00:00
2016-05-30,2268.0,2260.0,2233.0,2241.0,5929,2241.0,2026-09-03T19:33:13.380850+00:00
2016-05-31,2241.0,2260.0,2211.0,2220.0,14443,2220.0,2026-09-03T19:33:13.380850+00:00
2016-06-01,2220.0,2230.0,2200.0,2220.0,13154,2220.0,2026-09-03T19:33:13.380850+00:00
2016-06-02,2220.0,2220.0,2190.0,2208.0,7999,2208.0,2026-09-03T19:33:13.380850+00:00
2016-06-05,2208.0,2205.0,2150.0,2150.0,9695,2150.0,2026-09-03T19:33:13.380850+00:00
2016-06-06,2150.0,2200.0,2170.0,2195.0,5723,2195.0,2026-09-03T19:33:13.380850+00:00
2016-06-07,2195.0,2240.0,2200.0,2235.0,2553,2235.0,2026-09-03T19:33:13.380850+00:00
2016-06-08,2235.0,2241.0,2225.0,2241.0,3432,2241.0,2026-09-03T19:33:13.380850+00:00
2016-06-09,2241.0,2241.0,2229.0,2239.0,6121,2239.0,2026-09-03T19:33:13.380850+00:00
2016-06-12,2239.0,2360.0,2200.0,2341.0,10137,2341.0,2026-09-03T19:33:13.380850+00:00
2016-06-13,2341.0,2433.0,2281.0,2310.0,11973,2310.0,2026-09-03T19:33:13.380850+00:00
2016-06-14,2310.0,2330.0,2280.0,2280.0,13714,2280.0,2026-09-03T19:33:13.380850+00:00
2016-06-15,2280.0,2310.0,2280.0,2289.0,4013,2289.0,2026-09-03T19:33:13.380850+00:00
2016-06-16,2289.0,2298.0,2280.0,2295.0,6768,2295.0,2026-09-03T19:33:13.380850+00:00
2016-06-19,2295.0,2299.0,2260.0,2275.0,2634,2275.0,2026-09-03T19:33:13.380850+00:00
2016-06-20,2275.0,2300.0,2275.0,2276.0,5110,2276.0,2026-09-03T19:33:13.380850+00:00
2016-06-21,2276.0,2295.0,2275.0,2286.0,7090,2286.0,2026-09-03T19:33:13.380850+00:00
2016-06-22,2286.0,2330.0,2290.0,2308.0,8859,2308.0,2026-09-03T19:33:13.380850+00:00
2016-06-23,2308.0,2380.0,2285.0,2340.0,15451,2340.0,2026-09-03T19:33:13.380850+00:00
2016-06-26,2340.0,2412.0,2350.0,2400.0,17602,2400.0,2026-09-03T19:33:13.380850+00:00
2016-06-27,2400.0,2460.0,2400.0,2450.0,26477,2450.0,2026-09-03T19:33:13.380850+00:00
2016-06-28,2450.0,2509.0,2450.0,2471.0,17785,2471.0,2026-09-03T19:33:13.380850+00:00
2016-06-29,2471.0,2490.0,2450.0,2450.0,5774,2450.0,2026-09-03T19:33:13.380850+00:00
2016-06-30,2450.0,2432.0,2382.0,2410.0,7877,2410.0,2026-09-03T19:33:13.380850+00:00
2016-07-03,2410.0,2404.0,2389.0,2400.0,7898,2400.0,2026-09-03T19:33:13.380850+00:00
2016-07-04,2400.0,2400.0,2380.0,2395.0,5504,2395.0,2026-09-03T19:33:13.380850+00:00
2016-07-05,2395.0,2400.0,2371.0,2380.0,9924,2380.0,2026-09-03T19:33:13.380850+00:00
2016-07-06,2380.0,2399.0,2370.0,2375.0,7384,2375.0,2026-09-03T19:33:13.380850+00:00
2016-07-10,2375.0,2408.0,2382.0,2395.0,12007,2395.0,2026-09-03T19:33:13.380850+00:00
2016-07-11,2395.0,2400.0,2360.0,2380.0,4852,2380.0,2026-09-03T19:33:13.380850+00:00
2016-07-12,2380.0,2382.0,2250.0,2363.0,11880,2363.0,2026-09-03T19:33:13.380850+00:00
2016-07-13,2363.0,2340.0,2281.0,2330.0,6603,2330.0,2026-09-03T19:33:13.380850+00:00
2016-07-14,2330.0,2397.0,2325.0,2344.0,8541,2344.0,2026-09-03T19:33:13.380850+00:00
2016-07-17,2344.0,2395.0,2345.0,2370.0,7199,2370.0,2026-09-03T19:33:13.380850+00:00
2016-07-18,2370.0,2417.0,2370.0,2389.0,12061,2389.0,2026-09-03T19:33:13.380850+00:00
2016-07-19,2389.0,2450.0,2390.0,2415.0,16715,2415.0,2026-09-03T19:33:13.380850+00:00
2016-07-20,2415.0,2463.0,2411.0,2420.0,14158,2420.0,2026-09-03T19:33:13.380850+00:00
2016-07-21,2420.0,2445.0,2400.0,2425.0,8852,2425.0,2026-09-03T19:33:13.380850+00:00
2016-07-25,2425.0,2480.0,2435.0,2460.0,10227,2460.0,2026-09-03T19:33:13.380850+00:00
2016-07-26,2460.0,2500.0,2445.0,2450.0,15494,2450.0,2026-09-03T19:33:13.380850+00:00
2016-07-27,2450.0,2480.0,2450.0,2466.0,13182,2466.0,2026-09-03T19:33:13.380850+00:00
2016-07-28,2466.0,2500.0,2435.0,2465.0,16728,2465.0,2026-09-03T19:33:13.380850+00:00
2016-07-31,2465.0,2495.0,2368.0,2463.0,9411,2463.0,2026-09-03T19:33:13.380850+00:00
2016-08-01,2463.0,2470.0,2420.0,2451.0,4693,2451.0,2026-09-03T19:33:13.380850+00:00
2016-08-02,2451.0,2440.0,2400.0,2440.0,2757,2440.0,2026-09-03T19:33:13.380850+00:00
2016-08-03,2440.0,2412.0,2376.0,2385.0,5966,2385.0,2026-09-03T19:33:13.380850+00:00
2016-08-04,2385.0,2385.0,2320.0,2342.0,7256,2342.0,2026-09-03T19:33:13.380850+00:00
2016-08-07,2342.0,2399.0,2340.0,2345.0,6957,2345.0,2026-09-03T19:33:13.380850+00:00
2016-08-08,2345.0,2316.0,2240.0,2240.0,5806,2240.0,2026-09-03T19:33:13.380850+00:00
2016-08-09,2240.0,2329.0,2284.0,2329.0,100,2329.0,2026-09-03T19:33:13.380850+00:00
2016-08-10,2329.0,2420.0,2290.0,2350.0,10963,2350.0,2026-09-03T19:33:13.380850+00:00
2016-08-11,2350.0,2397.0,2340.0,2360.0,6065,2360.0,2026-09-03T19:33:13.380850+00:00
2016-08-14,2360.0,2400.0,2321.0,2340.0,9548,2340.0,2026-09-03T19:33:13.380850+00:00
2016-08-15,2340.0,2300.0,2205.0,2260.0,6011,2260.0,2026-09-03T19:33:13.380850+00:00
2016-08-16,2260.0,2290.0,2215.0,2285.0,5042,2285.0,2026-09-03T19:33:13.380850+00:00
2016-08-17,2285.0,2305.0,2275.0,2290.0,5701,2290.0,2026-09-03T19:33:13.380850+00:00
2016-08-21,2290.0,2310.0,2280.0,2290.0,4223,2290.0,2026-09-03T19:33:13.380850+00:00
2016-08-22,2290.0,2300.0,2265.0,2277.0,5345,2277.0,2026-09-03T19:33:13.380850+00:00
2016-08-23,2277.0,2290.0,2270.0,2289.0,4326,2289.0,2026-09-03T19:33:13.380850+00:00
2016-08-24,2289.0,2305.0,2280.0,2300.0,5288,2300.0,2026-09-03T19:33:13.380850+00:00
2016-08-28,2300.0,2340.0,2274.0,2325.0,7682,2325.0,2026-09-03T19:33:13.380850+00:00
2016-08-29,2325.0,2380.0,2320.0,2320.0,10886,2320.0,2026-09-03T19:33:13.380850+00:00
2016-08-30,2320.0,2380.0,2350.0,2368.0,3240,2368.0,2026-09-03T19:33:13.380850+00:00
2016-08-31,2368.0,2364.0,2340.0,2360.0,4905,2360.0,2026-09-03T19:33:13.380850+00:00
2016-09-01,2360.0,2377.0,2350.0,2365.0,5878,2365.0,2026-09-03T19:33:13.380850+00:00
2016-09-03,2365.0,2420.0,2372.0,2408.0,4415,2408.0,2026-09-03T19:33:13.380850+00:00
2016-09-04,2365.0,2420.0,2372.0,2408.0,4415,2408.0,2026-09-03T19:33:13.380850+00:00
2016-09-05,2408.0,2479.0,2450.0,2472.0,9127,2472.0,2026-09-03T19:33:13.380850+00:00
2016-09-06,2472.0,2495.0,2395.0,2450.0,9151,2450.0,2026-09-03T19:33:13.380850+00:00
2016-09-07,2450.0,2548.0,2450.0,2468.0,54493,2468.0,2026-09-03T19:33:13.380850+00:00
2016-09-08,2468.0,2469.0,2430.0,2438.0,15550,2438.0,2026-09-03T19:33:13.380850+00:00
2016-09-11,2438.0,2440.0,2400.0,2410.0,7702,2410.0,2026-09-03T19:33:13.380850+00:00
2016-09-12,2410.0,2405.0,2375.0,2390.0,10027,2390.0,2026-09-03T19:33:13.380850+00:00
2016-09-14,2390.0,2450.0,2400.0,2411.0,25405,2411.0,2026-09-03T19:33:13.380850+00:00
2016-09-18,2411.0,2430.0,2360.0,2369.0,24822,2369.0,2026-09-03T19:33:13.380850+00:00
2016-09-20,2369.0,2390.0,2340.0,2350.0,75157,2350.0,2026-09-03T19:33:13.380850+00:00
2016-09-22,1808.0,1800.0,1750.0,1765.0,16998,1765.0,2026-09-03T19:33:13.380850+00:00
2016-09-25,1765.0,1760.0,1700.0,1700.0,14267,1700.0,2026-09-03T19:33:13.380850+00:00
2016-09-26,1700.0,1781.0,1685.0,1781.0,6711,1781.0,2026-09-03T19:33:13.380850+00:00
2016-09-27,1781.0,1785.0,1760.0,1768.0,6462,1768.0,2026-09-03T19:33:13.380850+00:00
2016-09-28,1768.0,1770.0,1757.0,1764.0,2686,1764.0,2026-09-03T19:33:13.380850+00:00
2016-09-29,1764.0,1798.0,1760.0,1792.0,7195,1792.0,2026-09-03T19:33:13.380850+00:00
2016-10-02,1792.0,1800.0,1780.0,1780.0,9133,1780.0,2026-09-03T19:33:13.380850+00:00
2016-10-03,1780.0,1800.0,1782.0,1788.0,3604,1788.0,2026-09-03T19:33:13.380850+00:00
2016-10-04,1788.0,1809.0,1795.0,1800.0,10545,1800.0,2026-09-03T19:33:13.380850+00:00
2016-10-05,1800.0,1810.0,1780.0,1790.0,4046,1790.0,2026-09-03T19:33:13.380850+00:00
2016-10-06,1790.0,1800.0,1780.0,1780.0,6546,1780.0,2026-09-03T19:33:13.380850+00:00
2016-10-16,1780.0,1800.0,1760.0,1770.0,2605,1770.0,2026-09-03T19:33:13.380850+00:00
2016-10-17,1770.0,1780.0,1743.0,1774.0,4532,1774.0,2026-09-03T19:33:13.380850+00:00
2016-10-18,1774.0,1800.0,1746.0,1789.0,4476,1789.0,2026-09-03T19:33:13.380850+00:00
2016-10-19,1789.0,1795.0,1781.0,1790.0,3025,1790.0,2026-09-03T19:33:13.380850+00:00
2016-10-20,1790.0,1790.0,1775.0,1785.0,4051,1785.0,2026-09-03T19:33:13.380850+00:00
2016-10-23,1785.0,1785.0,1762.0,1765.0,8690,1765.0,2026-09-03T19:33:13.380850+00:00
2016-10-24,1765.0,1770.0,1740.0,1740.0,10127,1740.0,2026-09-03T19:33:13.380850+00:00
2016-10-25,1740.0,1741.0,1702.0,1729.0,2830,1729.0,2026-09-03T19:33:13.380850+00:00
2016-10-26,1729.0,1744.0,1705.0,1740.0,6550,1740.0,2026-09-03T19:33:13.380850+00:00
2016-10-27,1740.0,1755.0,1730.0,1755.0,3259,1755.0,2026-09-03T19:33:13.380850+00:00
2016-11-03,1755.0,1795.0,1760.0,1760.0,5932,1760.0,2026-09-03T19:33:13.380850+00:00
2016-11-07,1760.0,1760.0,1735.0,1739.0,4023,1739.0,2026-09-03T19:33:13.380850+00:00
2016-11-08,1739.0,1758.0,1712.0,1725.0,3671,1725.0,2026-09-03T19:33:13.380850+00:00
2016-11-09,1725.0,1716.0,1675.0,1708.0,5692,1708.0,2026-09-03T19:33:13.380850+00:00
2016-11-10,1708.0,1710.0,1697.0,1700.0,8482,1700.0,2026-09-03T19:33:13.380850+00:00
2016-11-13,1700.0,1720.0,1690.0,1703.0,9265,1703.0,2026-09-03T19:33:13.380850+00:00
2016-11-14,1703.0,1730.0,1703.0,1722.0,4633,1722.0,2026-09-03T19:33:13.380850+00:00
2016-11-15,1722.0,1725.0,1710.0,1716.0,4705,1716.0,2026-09-03T19:33:13.380850+00:00
2016-11-16,1716.0,1721.0,1695.0,1695.0,6094,1695.0,2026-09-03T19:33:13.380850+00:00
2016-11-17,1695.0,1705.0,1660.0,1670.0,8823,1670.0,2026-09-03T19:33:13.380850+00:00
2016-11-20,1670.0,1650.0,1596.0,1630.0,8592,1630.0,2026-09-03T19:33:13.380850+00:00
2016-11-21,1630.0,1680.0,1605.0,1635.0,5441,1635.0,2026-09-03T19:33:13.380850+00:00
2016-11-22,1635.0,1655.0,1605.0,1630.0,7277,1630.0,2026-09-03T19:33:13.380850+00:00
2016-11-23,1630.0,1626.0,1596.0,1600.0,8590,1600.0,2026-09-03T19:33:13.380850+00:00
2016-11-24,1600.0,1610.0,1589.0,1595.0,6007,1595.0,2026-09-03T19:33:13.380850+00:00
2016-11-27,1595.0,1588.0,1540.0,1555.0,4670,1555.0,2026-09-03T19:33:13.380850+00:00
2016-11-28,1555.0,1640.0,1450.0,1640.0,10412,1640.0,2026-09-03T19:33:13.380850+00:00
2016-11-29,1640.0,1655.0,1600.0,1655.0,7847,1655.0,2026-09-03T19:33:13.380850+00:00
2016-11-30,1655.0,1700.0,1640.0,1691.0,7451,1691.0,2026-09-03T19:33:13.380850+00:00
2016-12-01,1691.0,1734.0,1652.0,1674.0,7265,1674.0,2026-09-03T19:33:13.380850+00:00
2016-12-04,1674.0,1670.0,1600.0,1670.0,4200,1670.0,2026-09-03T19:33:13.380850+00:00
2016-12-05,1670.0,1690.0,1610.0,1640.0,2489,1640.0,2026-09-03T19:33:13.380850+00:00
2016-12-06,1640.0,1650.0,1618.0,1638.0,2942,1638.0,2026-09-03T19:33:13.380850+00:00
2016-12-07,1638.0,1640.0,1625.0,1635.0,944,1635.0,2026-09-03T19:33:13.380850+00:00
2016-12-08,1635.0,1635.0,1616.0,1630.0,2418,1630.0,2026-09-03T19:33:13.380850+00:00
2016-12-11,1630.0,1615.0,1600.0,1600.0,2229,1600.0,2026-09-03T19:33:13.380850+00:00
2016-12-12,1600.0,1605.0,1590.0,1590.0,3275,1590.0,2026-09-03T19:33:13.380850+00:00
2016-12-14,1590.0,1605.0,1575.0,1580.0,3618,1580.0,2026-09-03T19:33:13.380850+00:00
2016-12-15,1580.0,1596.0,1565.0,1580.0,3144,1580.0,2026-09-03T19:33:13.380850+00:00
2016-12-18,1580.0,1590.0,1565.0,1575.0,2536,1575.0,2026-09-03T19:33:13.380850+00:00
2016-12-19,1575.0,1581.0,1571.0,1580.0,6814,1580.0,2026-09-03T19:33:13.380850+00:00
2016-12-20,1580.0,1581.0,1565.0,1570.0,4956,1570.0,2026-09-03T19:33:13.380850+00:00
2016-12-21,1570.0,1561.0,1530.0,1533.0,2243,1533.0,2026-09-03T19:33:13.380850+00:00
2016-12-22,1533.0,1540.0,1524.0,1530.0,4389,1530.0,2026-09-03T19:33:13.380850+00:00
2016-12-26,1530.0,1518.0,1500.0,1508.0,5860,1508.0,2026-09-03T19:33:13.380850+00:00
2016-12-27,1508.0,1500.0,1421.0,1479.0,3491,1479.0,2026-09-03T19:33:13.380850+00:00
2016-12-28,1479.0,1485.0,1450.0,1475.0,6181,1475.0,2026-09-03T19:33:13.380850+00:00
2016-12-29,1475.0,1519.0,1481.0,1519.0,3186,1519.0,2026-09-03T19:33:13.380850+00:00
2017-01-01,1519.0,1548.0,1525.0,1530.0,3097,1530.0,2026-09-03T19:33:13.380850+00:00
2017-01-02,1530.0,1550.0,1525.0,1544.0,10617,1544.0,2026-09-03T19:33:13.380850+00:00
2017-01-03,1544.0,1550.0,1525.0,1525.0,5907,1525.0,2026-09-03T19:33:13.380850+00:00
2017-01-04,1525.0,1529.0,1515.0,1515.0,1430,1515.0,2026-09-03T19:33:13.380850+00:00
2017-01-05,1515.0,1520.0,1500.0,1505.0,4175,1505.0,2026-09-03T19:33:13.380850+00:00
2017-01-08,1505.0,1510.0,1495.0,1510.0,2781,1510.0,2026-09-03T19:33:13.380850+00:00
2017-01-09,1510.0,1529.0,1510.0,1519.0,1389,1519.0,2026-09-03T19:33:13.380850+00:00
2017-01-10,1519.0,1551.0,1525.0,1538.0,3248,1538.0,2026-09-03T19:33:13.380850+00:00
2017-01-11,1538.0,1565.0,1540.0,1565.0,4054,1565.0,2026-09-03T19:33:13.380850+00:00
2017-01-12,1565.0,1565.0,1546.0,1560.0,1982,1560.0,2026-09-03T19:33:13.380850+00:00
2017-01-15,1560.0,1550.0,1530.0,1540.0,2316,1540.0,2026-09-03T19:33:13.380850+00:00
2017-01-16,1540.0,1540.0,1505.0,1508.0,5298,1508.0,2026-09-03T19:33:13.380850+00:00
2017-01-17,1508.0,1525.0,1500.0,1505.0,3743,1505.0,2026-09-03T19:33:13.380850+00:00
2017-01-18,1505.0,1512.0,1490.0,1504.0,5013,1504.0,2026-09-03T19:33:13.380850+00:00
2017-01-19,1504.0,1515.0,1500.0,1500.0,3585,1500.0,2026-09-03T19:33:13.380850+00:00
2017-01-22,1500.0,1515.0,1500.0,1506.0,2713,1506.0,2026-09-03T19:33:13.380850+00:00
2017-01-23,1506.0,1516.0,1500.0,1500.0,2874,1500.0,2026-09-03T19:33:13.380850+00:00
2017-01-24,1500.0,1500.0,1481.0,1487.0,2963,1487.0,2026-09-03T19:33:13.380850+00:00
2017-01-25,1487.0,1459.0,1426.0,1441.0,7828,1441.0,2026-09-03T19:33:13.380850+00:00
2017-01-26,1441.0,1445.0,1400.0,1432.0,4524,1432.0,2026-09-03T19:33:13.380850+00:00
2017-01-30,1432.0,1425.0,1350.0,1365.0,6198,1365.0,2026-09-03T19:33:13.380850+00:00
2017-01-31,1365.0,1390.0,1304.0,1390.0,7174,1390.0,2026-09-03T19:33:13.380850+00:00
2017-02-01,1390.0,1450.0,1400.0,1442.0,5711,1442.0,2026-09-03T19:33:13.380850+00:00
2017-02-02,1442.0,1485.0,1440.0,1455.0,5462,1455.0,2026-09-03T19:33:13.380850+00:00
2017-02-05,1455.0,1480.0,1412.0,1455.0,4887,1455.0,2026-09-03T19:33:13.380850+00:00
2017-02-06,1455.0,1455.0,1420.0,1420.0,3203,1420.0,2026-09-03T19:33:13.380850+00:00
2017-02-07,1420.0,1422.0,1400.0,1405.0,7394,1405.0,2026-09-03T19:33:13.380850+00:00
2017-02-08,1405.0,1420.0,1382.0,1395.0,6077,1395.0,2026-09-03T19:33:13.380850+00:00
2017-02-09,1395.0,1391.0,1370.0,1370.0,4797,1370.0,2026-09-03T19:33:13.380850+00:00
2017-02-12,1370.0,1343.0,1295.0,1305.0,11250,1305.0,2026-09-03T19:33:13.380850+00:00
2017-02-13,1305.0,1380.0,1275.0,1370.0,10589,1370.0,2026-09-03T19:33:13.380850+00:00
2017-02-14,1370.0,1375.0,1346.0,1360.0,8847,1360.0,2026-09-03T19:33:13.380850+00:00
2017-02-15,1360.0,1412.0,1370.0,1412.0,6199,1412.0,2026-09-03T19:33:13.380850+00:00
2017-02-16,1412.0,1458.0,1415.0,1456.0,7547,1456.0,2026-09-03T19:33:13.380850+00:00
2017-02-19,1456.0,1500.0,1427.0,1496.0,7010,1496.0,2026-09-03T19:33:13.380850+00:00
2017-02-20,1496.0,1549.0,1510.0,1520.0,7377,1520.0,2026-09-03T19:33:13.380850+00:00
2017-02-21,1520.0,1550.0,1495.0,1515.0,7723,1515.0,2026-09-03T19:33:13.380850+00:00
2017-02-22,1515.0,1505.0,1475.0,1485.0,1883,1485.0,2026-09-03T19:33:13.380850+00:00
2017-02-23,1485.0,1485.0,1465.0,1471.0,2710,1471.0,2026-09-03T19:33:13.380850+00:00
2017-02-26,1471.0,1470.0,1405.0,1405.0,4770,1405.0,2026-09-03T19:33:13.380850+00:00
2017-02-28,1405.0,1400.0,1377.0,1395.0,4357,1395.0,2026-09-03T19:33:13.380850+00:00
2017-03-01,1395.0,1407.0,1388.0,1400.0,8356,1400.0,2026-09-03T19:33:13.380850+00:00
2017-03-02,1400.0,1421.0,1401.0,1420.0,3487,1420.0,2026-09-03T19:33:13.380850+00:00
2017-03-05,1420.0,1461.0,1395.0,1450.0,5909,1450.0,2026-09-03T19:33:13.380850+00:00
2017-03-06,1450.0,1470.0,1451.0,1469.0,3287,1469.0,2026-09-03T19:33:13.380850+00:00
2017-03-07,1469.0,1450.0,1424.0,1435.0,4045,1435.0,2026-09-03T19:33:13.380850+00:00
2017-03-09,1435.0,1463.0,1436.0,1436.0,3014,1436.0,2026-09-03T19:33:13.380850+00:00
2017-03-13,1436.0,1460.0,1435.0,1455.0,2366,1455.0,2026-09-03T19:33:13.380850+00:00
2017-03-14,1455.0,1465.0,1440.0,1449.0,1385,1449.0,2026-09-03T19:33:13.380850+00:00
2017-03-15,1449.0,1449.0,1421.0,1440.0,1235,1440.0,2026-09-03T19:33:13.380850+00:00
2017-03-16,1440.0,1449.0,1431.0,1440.0,3233,1440.0,2026-09-03T19:33:13.380850+00:00
2017-03-19,1440.0,1446.0,1430.0,1440.0,4640,1440.0,2026-09-03T19:33:13.380850+00:00
2017-03-20,1440.0,1465.0,1440.0,1460.0,10234,1460.0,2026-09-03T19:33:13.380850+00:00
2017-03-21,1460.0,1475.0,1450.0,1475.0,7625,1475.0,2026-09-03T19:33:13.380850+00:00
2017-03-22,1475.0,1538.0,1480.0,1481.0,12277,1481.0,2026-09-03T19:33:13.380850+00:00
2017-03-23,1481.0,1499.0,1465.0,1470.0,8543,1470.0,2026-09-03T19:33:13.380850+00:00
2017-03-26,1470.0,1529.0,1480.0,1500.0,14931,1500.0,2026-09-03T19:33:13.380850+00:00
2017-03-28,1500.0,1581.0,1529.0,1575.0,9939,1575.0,2026-09-03T19:33:13.380850+00:00
2017-03-29,1575.0,1606.0,1550.0,1570.0,18088,1570.0,2026-09-03T19:33:13.380850+00:00
2017-03-30,1570.0,1570.0,1541.0,1550.0,9746,1550.0,2026-09-03T19:33:13.380850+00:00
2017-04-02,1550.0,1591.0,1560.0,1579.0,8810,1579.0,2026-09-03T19:33:13.380850+00:00
2017-04-03,1579.0,1716.0,1550.0,1577.0,15195,1577.0,2026-09-03T19:33:13.380850+00:00
2017-04-04,1577.0,1594.0,1550.0,1580.0,8995,1580.0,2026-09-03T19:33:13.380850+00:00
2017-04-06,1580.0,1580.0,1556.0,1570.0,5503,1570.0,2026-09-03T19:33:13.380850+00:00
2017-04-09,1570.0,1585.0,1539.0,1568.0,4935,1568.0,2026-09-03T19:33:13.380850+00:00
2017-04-10,1568.0,1575.0,1550.0,1575.0,8280,1575.0,2026-09-03T19:33:13.380850+00:00
2017-04-11,1575.0,1628.0,1592.0,1600.0,9167,1600.0,2026-09-03T19:33:13.380850+00:00
2017-04-12,1600.0,1635.0,1592.0,1615.0,8132,1615.0,2026-09-03T19:33:13.380850+00:00
2017-04-13,1615.0,1600.0,1565.0,1590.0,4916,1590.0,2026-09-03T19:33:13.380850+00:00
2017-04-16,1590.0,1590.0,1540.0,1556.0,2911,1556.0,2026-09-03T19:33:13.380850+00:00
2017-04-18,1556.0,1556.0,1515.0,1515.0,2972,1515.0,2026-09-03T19:33:13.380850+00:00
2017-04-19,1515.0,1545.0,1500.0,1540.0,3753,1540.0,2026-09-03T19:33:13.380850+00:00
2017-04-20,1540.0,1570.0,1540.0,1551.0,4148,1551.0,2026-09-03T19:33:13.380850+00:00
2017-04-23,1551.0,1650.0,1580.0,1599.0,7475,1599.0,2026-09-03T19:33:13.380850+00:00
2017-04-24,1599.0,1600.0,1575.0,1599.0,4041,1599.0,2026-09-03T19:33:13.380850+00:00
2017-04-25,1599.0,1596.0,1570.0,1590.0,3009,1590.0,2026-09-03T19:33:13.380850+00:00
2017-04-26,1590.0,1579.0,1565.0,1574.0,2038,1574.0,2026-09-03T19:33:13.380850+00:00
2017-04-27,1574.0,1581.0,1557.0,1580.0,3571,1580.0,2026-09-03T19:33:13.380850+00:00
2017-04-30,1580.0,1580.0,1545.0,1545.0,6533,1545.0,2026-09-03T19:33:13.380850+00:00
2017-05-02,1545.0,1545.0,1535.0,1535.0,2341,1535.0,2026-09-03T19:33:13.380850+00:00
2017-05-03,1535.0,1596.0,1560.0,1569.0,3461,1569.0,2026-09-03T19:33:13.380850+00:00
2017-05-04,1569.0,1570.0,1552.0,1560.0,2743,1560.0,2026-09-03T19:33:13.380850+00:00
2017-05-07,1560.0,1560.0,1525.0,1535.0,3218,1535.0,2026-09-03T19:33:13.380850+00:00
2017-05-08,1535.0,1564.0,1520.0,1540.0,2702,1540.0,2026-09-03T19:33:13.380850+00:00
2017-05-09,1540.0,1580.0,1550.0,1560.0,2023,1560.0,2026-09-03T19:33:13.380850+00:00
2017-05-11,1560.0,1570.0,1560.0,1560.0,2672,1560.0,2026-09-03T19:33:13.380850+00:00
2017-05-15,1560.0,1577.0,1560.0,1560.0,3167,1560.0,2026-09-03T19:33:13.380850+00:00
2017-05-16,1560.0,1560.0,1536.0,1558.0,1888,1558.0,2026-09-03T19:33:13.380850+00:00
2017-05-17,1558.0,1560.0,1550.0,1560.0,2503,1560.0,2026-09-03T19:33:13.380850+00:00
2017-05-18,1560.0,1565.0,1540.0,1554.0,5123,1554.0,2026-09-03T19:33:13.380850+00:00
2017-05-21,1554.0,1560.0,1535.0,1550.0,1204,1550.0,2026-09-03T19:33:13.380850+00:00
2017-05-22,1550.0,1559.0,1535.0,1535.0,1271,1535.0,2026-09-03T19:33:13.380850+00:00
2017-05-23,1535.0,1560.0,1540.0,1550.0,3558,1550.0,2026-09-03T19:33:13.380850+00:00
2017-05-24,1550.0,1557.0,1541.0,1557.0,3326,1557.0,2026-09-03T19:33:13.380850+00:00
2017-05-28,1557.0,1553.0,1535.0,1538.0,4688,1538.0,2026-09-03T19:33:13.380850+00:00
2017-05-30,1538.0,1545.0,1499.0,1499.0,4117,1499.0,2026-09-03T19:33:13.380850+00:00
2017-05-31,1499.0,1515.0,1490.0,1500.0,5049,1500.0,2026-09-03T19:33:13.380850+00:00
2017-06-01,1500.0,1525.0,1495.0,1500.0,8966,1500.0,2026-09-03T19:33:13.380850+00:00
2017-06-04,1500.0,1501.0,1470.0,1480.0,8738,1480.0,2026-09-03T19:33:13.380850+00:00
2017-06-05,1480.0,1509.0,1480.0,1500.0,3695,1500.0,2026-09-03T19:33:13.380850+00:00
2017-06-06,1500.0,1530.0,1500.0,1519.0,8003,1519.0,2026-09-03T19:33:13.380850+00:00
2017-06-07,1519.0,1540.0,1514.0,1515.0,10804,1515.0,2026-09-03T19:33:13.380850+00:00
2017-06-08,1515.0,1515.0,1500.0,1512.0,3132,1512.0,2026-09-03T19:33:13.380850+00:00
2017-06-11,1512.0,1512.0,1470.0,1472.0,6190,1472.0,2026-09-03T19:33:13.380850+00:00
2017-06-12,1472.0,1479.0,1451.0,1460.0,9507,1460.0,2026-09-03T19:33:13.380850+00:00
2017-06-13,1460.0,1479.0,1455.0,1460.0,5712,1460.0,2026-09-03T19:33:13.380850+00:00
2017-06-14,1460.0,1460.0,1450.0,1452.0,10596,1452.0,2026-09-03T19:33:13.380850+00:00
2017-06-15,1452.0,1504.0,1458.0,1480.0,4356,1480.0,2026-09-03T19:33:13.380850+00:00
2017-06-18,1480.0,1480.0,1453.0,1459.0,3120,1459.0,2026-09-03T19:33:13.380850+00:00
2017-06-19,1459.0,1460.0,1445.0,1450.0,6395,1450.0,2026-09-03T19:33:13.380850+00:00
2017-06-20,1450.0,1455.0,1436.0,1442.0,4585,1442.0,2026-09-03T19:33:13.380850+00:00
2017-06-21,1442.0,1460.0,1450.0,1460.0,3699,1460.0,2026-09-03T19:33:13.380850+00:00
2017-06-22,1460.0,1484.0,1451.0,1452.0,3172,1452.0,2026-09-03T19:33:13.380850+00:00
2017-06-25,1452.0,1490.0,1465.0,1489.0,3963,1489.0,2026-09-03T19:33:13.380850+00:00
2017-06-27,1489.0,1499.0,1485.0,1491.0,3543,1491.0,2026-09-03T19:33:13.380850+00:00
2017-06-28,1491.0,1500.0,1485.0,1499.0,4402,1499.0,2026-09-03T19:33:13.380850+00:00
2017-07-02,1499.0,1499.0,1460.0,1479.0,3363,1479.0,2026-09-03T19:33:13.380850+00:00
2017-07-03,1479.0,1480.0,1470.0,1475.0,2096,1475.0,2026-09-03T19:33:13.380850+00:00
2017-07-04,1475.0,1479.0,1472.0,1476.0,2778,1476.0,2026-09-03T19:33:13.380850+00:00
2017-07-05,1476.0,1485.0,1475.0,1475.0,2783,1475.0,2026-09-03T19:33:13.380850+00:00
2017-07-06,1475.0,1500.0,1475.0,1500.0,3154,1500.0,2026-09-03T19:33:13.380850+00:00
2017-07-09,1500.0,1525.0,1490.0,1500.0,6988,1500.0,2026-09-03T19:33:13.380850+00:00
2017-07-10,1500.0,1505.0,1490.0,1493.0,6071,1493.0,2026-09-03T19:33:13.380850+00:00
2017-07-11,1493.0,1510.0,1500.0,1506.0,3583,1506.0,2026-09-03T19:33:13.380850+00:00
2017-07-12,1506.0,1520.0,1510.0,1519.0,2244,1519.0,2026-09-03T19:33:13.380850+00:00
2017-07-13,1519.0,1525.0,1512.0,1523.0,2709,1523.0,2026-09-03T19:33:13.380850+00:00
2017-07-16,1523.0,1530.0,1500.0,1530.0,2912,1530.0,2026-09-03T19:33:13.380850+00:00
2017-07-17,1530.0,1599.0,1540.0,1597.0,11170,1597.0,2026-09-03T19:33:13.380850+00:00
2017-07-18,1597.0,1650.0,1599.0,1638.0,12310,1638.0,2026-09-03T19:33:13.380850+00:00
2017-07-19,1638.0,1670.0,1650.0,1658.0,12595,1658.0,2026-09-03T19:33:13.380850+00:00
2017-07-20,1658.0,1670.0,1656.0,1658.0,6554,1658.0,2026-09-03T19:33:13.380850+00:00
2017-07-23,1658.0,1665.0,1630.0,1635.0,4811,1635.0,2026-09-03T19:33:13.380850+00:00
2017-07-24,1635.0,1650.0,1600.0,1610.0,4650,1610.0,2026-09-03T19:33:13.380850+00:00
2017-07-25,1610.0,1620.0,1607.0,1612.0,5546,1612.0,2026-09-03T19:33:13.380850+00:00
2017-07-26,1612.0,1643.0,1612.0,1620.0,3897,1620.0,2026-09-03T19:33:13.380850+00:00
2017-07-27,1620.0,1640.0,1625.0,1627.0,4790,1627.0,2026-09-03T19:33:13.380850+00:00
2017-07-30,1627.0,1630.0,1610.0,1620.0,3503,1620.0,2026-09-03T19:33:13.380850+00:00
2017-07-31,1620.0,1629.0,1620.0,1622.0,3329,1622.0,2026-09-03T19:33:13.380850+00:00
2017-08-01,1622.0,1642.0,1625.0,1635.0,3486,1635.0,2026-09-03T19:33:13.380850+00:00
2017-08-02,1635.0,1640.0,1630.0,1638.0,4095,1638.0,2026-09-03T19:33:13.380850+00:00
2017-08-03,1638.0,1675.0,1652.0,1667.0,15706,1667.0,2026-09-03T19:33:13.380850+00:00
2017-08-06,1667.0,1733.0,1700.0,1728.0,18127,1728.0,2026-09-03T19:33:13.380850+00:00
2017-08-07,1728.0,1773.0,1750.0,1768.0,17674,1768.0,2026-09-03T19:33:13.380850+00:00
2017-08-09,1768.0,1798.0,1775.0,1780.0,12288,1780.0,2026-09-03T19:33:13.380850+00:00
2017-08-10,1780.0,1779.0,1736.0,1758.0,10168,1758.0,2026-09-03T19:33:13.380850+00:00
2017-08-13,1758.0,1769.0,1745.0,1750.0,9970,1750.0,2026-09-03T19:33:13.380850+00:00
2017-08-15,1750.0,1749.0,1720.0,1720.0,5048,1720.0,2026-09-03T19:33:13.380850+00:00
2017-08-16,1720.0,1735.0,1713.0,1718.0,7982,1718.0,2026-09-03T19:33:13.380850+00:00
2017-08-17,1718.0,1751.0,1710.0,1737.0,10056,1737.0,2026-09-03T19:33:13.380850+00:00
2017-08-20,1737.0,1760.0,1732.0,1735.0,5888,1735.0,2026-09-03T19:33:13.380850+00:00
2017-08-21,1735.0,1730.0,1715.0,1720.0,3081,1720.0,2026-09-03T19:33:13.380850+00:00
2017-08-22,1720.0,1730.0,1717.0,1729.0,5422,1729.0,2026-09-03T19:33:13.380850+00:00
2017-08-23,1729.0,1740.0,1730.0,1730.0,4741,1730.0,2026-09-03T19:33:13.380850+00:00
2017-08-24,1730.0,1730.0,1718.0,1729.0,4183,1729.0,2026-09-03T19:33:13.380850+00:00
2017-08-27,1729.0,1810.0,1755.0,1767.0,31262,1767.0,2026-09-03T19:33:13.380850+00:00
2017-08-28,1767.0,1799.0,1758.0,1762.0,20703,1762.0,2026-09-03T19:33:13.380850+00:00
2017-08-30,1762.0,1770.0,1722.0,1737.0,11486,1737.0,2026-09-03T19:33:13.380850+00:00
2017-08-31,1737.0,1750.0,1699.0,1700.0,13665,1700.0,2026-09-03T19:33:13.380850+00:00
2017-09-04,1700.0,1701.0,1640.0,1665.0,13365,1665.0,2026-09-03T19:33:13.380850+00:00
2017-09-06,1665.0,1715.0,1670.0,1694.0,19799,1694.0,2026-09-03T19:33:13.380850+00:00
2017-09-07,1694.0,1700.0,1675.0,1675.0,28839,1675.0,2026-09-03T19:33:13.380850+00:00
2017-09-10,1675.0,1688.0,1632.0,1634.0,29951,1634.0,2026-09-03T19:33:13.380850+00:00
2017-09-11,1634.0,1650.0,1613.0,1630.0,63239,1630.0,2026-09-03T19:33:13.380850+00:00
2017-09-12,1254.0,1235.0,1191.0,1191.0,16172,1191.0,2026-09-03T19:33:13.380850+00:00
2017-09-13,1191.0,1190.0,1170.0,1185.0,6694,1185.0,2026-09-03T19:33:13.380850+00:00
2017-09-14,1185.0,1210.0,1189.0,1205.0,9574,1205.0,2026-09-03T19:33:13.380850+00:00
2017-09-17,1205.0,1255.0,1210.0,1245.0,8537,1245.0,2026-09-03T19:33:13.380850+00:00
2017-09-18,1245.0,1270.0,1255.0,1264.0,6829,1264.0,2026-09-03T19:33:13.380850+00:00
2017-09-20,1264.0,1274.0,1254.0,1254.0,5611,1254.0,2026-09-03T19:33:13.380850+00:00
2017-09-24,1254.0,1260.0,1242.0,1254.0,8497,1254.0,2026-09-03T19:33:13.380850+00:00
2017-09-25,1254.0,1265.0,1258.0,1260.0,2474,1260.0,2026-09-03T19:33:13.380850+00:00
2017-09-26,1260.0,1265.0,1251.0,1264.0,6134,1264.0,2026-09-03T19:33:13.380850+00:00
2017-10-03,1264.0,1265.0,1243.0,1265.0,1586,1265.0,2026-09-03T19:33:13.380850+00:00
2017-10-04,1265.0,1269.0,1245.0,1245.0,5471,1245.0,2026-09-03T19:33:13.380850+00:00
2017-10-08,1245.0,1245.0,1200.0,1218.0,5817,1218.0,2026-09-03T19:33:13.380850+00:00
2017-10-09,1218.0,1225.0,1200.0,1205.0,6902,1205.0,2026-09-03T19:33:13.380850+00:00
2017-10-10,1205.0,1211.0,1190.0,1205.0,2185,1205.0,2026-09-03T19:33:13.380850+00:00
2017-10-11,1205.0,1209.0,1199.0,1200.0,5616,1200.0,2026-09-03T19:33:13.380850+00:00
2017-10-12,1200.0,1205.0,1195.0,1200.0,6344,1200.0,2026-09-03T19:33:13.380850+00:00
2017-10-15,1200.0,1219.0,1200.0,1219.0,1432,1219.0,2026-09-03T19:33:13.380850+00:00
2017-10-16,1219.0,1285.0,1220.0,1285.0,6273,1285.0,2026-09-03T19:33:13.380850+00:00
2017-10-17,1285.0,1291.0,1265.0,1273.0,6476,1273.0,2026-09-03T19:33:13.380850+00:00
2017-10-18,1273.0,1280.0,1264.0,1277.0,4812,1277.0,2026-09-03T19:33:13.380850+00:00
2017-10-22,1277.0,1285.0,1270.0,1272.0,1070,1272.0,2026-09-03T19:33:13.380850+00:00
2017-10-23,1272.0,1280.0,1260.0,1265.0,1708,1265.0,2026-09-03T19:33:13.380850+00:00
2017-10-24,1265.0,1270.0,1251.0,1257.0,2908,1257.0,2026-09-03T19:33:13.380850+00:00
2017-10-25,1257.0,1265.0,1235.0,1235.0,2350,1235.0,2026-09-03T19:33:13.380850+00:00
2017-10-29,1235.0,1240.0,1225.0,1230.0,2416,1230.0,2026-09-03T19:33:13.380850+00:00
2017-10-30,1230.0,1234.0,1220.0,1225.0,5881,1225.0,2026-09-03T19:33:13.380850+00:00
2017-10-31,1225.0,1225.0,1210.0,1219.0,4315,1219.0,2026-09-03T19:33:13.380850+00:00
2017-11-01,1219.0,1235.0,1220.0,1220.0,3253,1220.0,2026-09-03T19:33:13.380850+00:00
2017-11-02,1220.0,1230.0,1208.0,1215.0,7706,1215.0,2026-09-03T19:33:13.380850+00:00
2017-11-05,1215.0,1210.0,1194.0,1203.0,7767,1203.0,2026-09-03T19:33:13.380850+00:00
2017-11-06,1203.0,1200.0,1180.0,1190.0,5666,1190.0,2026-09-03T19:33:13.380850+00:00
2017-11-07,1190.0,1195.0,1175.0,1179.0,9207,1179.0,2026-09-03T19:33:13.380850+00:00
2017-11-08,1179.0,1180.0,1165.0,1165.0,4291,1165.0,2026-09-03T19:33:13.380850+00:00
2017-11-09,1165.0,1165.0,1130.0,1130.0,18364,1130.0,2026-09-03T19:33:13.380850+00:00
2017-11-12,1130.0,1150.0,1121.0,1150.0,10024,1150.0,2026-09-03T19:33:13.380850+00:00
2017-11-13,1150.0,1165.0,1150.0,1161.0,10925,1161.0,2026-09-03T19:33:13.380850+00:00
2017-11-14,1161.0,1200.0,1163.0,1200.0,11066,1200.0,2026-09-03T19:33:13.380850+00:00
2017-11-15,1200.0,1208.0,1197.0,1200.0,8902,1200.0,2026-09-03T19:33:13.380850+00:00
2017-11-16,1200.0,1200.0,1180.0,1182.0,4677,1182.0,2026-09-03T19:33:13.380850+00:00
2017-11-19,1182.0,1200.0,1168.0,1168.0,2558,1168.0,2026-09-03T19:33:13.380850+00:00
2017-11-20,1168.0,1157.0,1140.0,1140.0,11937,1140.0,2026-09-03T19:33:13.380850+00:00
2017-11-21,1140.0,1162.0,1130.0,1145.0,4337,1145.0,2026-09-03T19:33:13.380850+00:00
2017-11-22,1145.0,1168.0,1160.0,1166.0,3050,1166.0,2026-09-03T19:33:13.380850+00:00
2017-11-23,1166.0,1175.0,1166.0,1166.0,5085,1166.0,2026-09-03T19:33:13.380850+00:00
2017-11-26,1166.0,1180.0,1170.0,1175.0,7461,1175.0,2026-09-03T19:33:13.380850+00:00
2017-11-27,1175.0,1184.0,1160.0,1165.0,7045,1165.0,2026-09-03T19:33:13.380850+00:00
2017-11-28,1165.0,1180.0,1165.0,1180.0,5031,1180.0,2026-09-03T19:33:13.380850+00:00
2017-11-29,1180.0,1190.0,1180.0,1180.0,11254,1180.0,2026-09-03T19:33:13.380850+00:00
2017-11-30,1180.0,1190.0,1170.0,1179.0,8116,1179.0,2026-09-03T19:33:13.380850+00:00
2017-12-04,1179.0,1181.0,1166.0,1166.0,4406,1166.0,2026-09-03T19:33:13.380850+00:00
2017-12-05,1166.0,1170.0,1155.0,1170.0,4113,1170.0,2026-09-03T19:33:13.380850+00:00
2017-12-06,1170.0,1180.0,1165.0,1168.0,4018,1168.0,2026-09-03T19:33:13.380850+00:00
2017-12-10,1168.0,1176.0,1155.0,1164.0,9654,1164.0,2026-09-03T19:33:13.380850+00:00
2017-12-11,1164.0,1167.0,1152.0,1167.0,2773,1167.0,2026-09-03T19:33:13.380850+00:00
2017-12-12,1167.0,1170.0,1153.0,1160.0,950,1160.0,2026-09-03T19:33:13.380850+00:00
2017-12-13,1160.0,1160.0,1155.0,1156.0,2013,1156.0,2026-09-03T19:33:13.380850+00:00
2017-12-14,1156.0,1169.0,1159.0,1160.0,1117,1160.0,2026-09-03T19:33:13.380850+00:00
2017-12-17,1160.0,1160.0,1150.0,1155.0,3691,1155.0,2026-09-03T19:33:13.380850+00:00
2017-12-18,1155.0,1164.0,1160.0,1160.0,1545,1160.0,2026-09-03T19:33:13.380850+00:00
2017-12-19,1160.0,1161.0,1155.0,1155.0,2366,1155.0,2026-09-03T19:33:13.380850+00:00
2017-12-20,1155.0,1160.0,1145.0,1155.0,2665,1155.0,2026-09-03T19:33:13.380850+00:00
2017-12-21,1155.0,1160.0,1145.0,1149.0,4245,1149.0,2026-09-03T19:33:13.380850+00:00
2017-12-24,1149.0,1155.0,1148.0,1150.0,4231,1150.0,2026-09-03T19:33:13.380850+00:00
2017-12-26,1150.0,1155.0,1130.0,1145.0,2029,1145.0,2026-09-03T19:33:13.380850+00:00
2017-12-27,1145.0,1143.0,1130.0,1134.0,2831,1134.0,2026-09-03T19:33:13.380850+00:00
2017-12-28,1134.0,1129.0,1085.0,1090.0,15690,1090.0,2026-09-03T19:33:13.380850+00:00
2017-12-31,1090.0,1090.0,1015.0,1020.0,19263,1020.0,2026-09-03T19:33:13.380850+00:00
2018-01-01,1020.0,1065.0,1020.0,1065.0,15122,1065.0,2026-09-03T19:33:13.380850+00:00
2018-01-02,1065.0,1101.0,1065.0,1080.0,24418,1080.0,2026-09-03T19:33:13.380850+00:00
2018-01-03,1080.0,1100.0,1050.0,1055.0,12532,1055.0,2026-09-03T19:33:13.380850+00:00
2018-01-04,1055.0,1081.0,1059.0,1080.0,7265,1080.0,2026-09-03T19:33:13.380850+00:00
2018-01-07,1080.0,1090.0,1074.0,1081.0,8667,1081.0,2026-09-03T19:33:13.380850+00:00
2018-01-08,1081.0,1097.0,1080.0,1089.0,14120,1089.0,2026-09-03T19:33:13.380850+00:00
2018-01-09,1089.0,1100.0,1089.0,1090.0,9727,1090.0,2026-09-03T19:33:13.380850+00:00
2018-01-10,1090.0,1093.0,1070.0,1070.0,12309,1070.0,2026-09-03T19:33:13.380850+00:00
2018-01-14,1070.0,1073.0,1055.0,1065.0,9390,1065.0,2026-09-03T19:33:13.380850+00:00
2018-01-16,1065.0,1066.0,1025.0,1030.0,22276,1030.0,2026-09-03T19:33:13.380850+00:00
2018-01-17,1030.0,1045.0,1010.0,1039.0,20617,1039.0,2026-09-03T19:33:13.380850+00:00
2018-01-21,1039.0,1045.0,1025.0,1039.0,12003,1039.0,2026-09-03T19:33:13.380850+00:00
2018-01-22,1039.0,1043.0,1033.0,1039.0,11946,1039.0,2026-09-03T19:33:13.380850+00:00
2018-01-23,1039.0,1040.0,1030.0,1031.0,6612,1031.0,2026-09-03T19:33:13.380850+00:00
2018-01-24,1031.0,1032.0,1010.0,1015.0,19823,1015.0,2026-09-03T19:33:13.380850+00:00
2018-01-25,1015.0,1039.0,1020.0,1037.0,8156,1037.0,2026-09-03T19:33:13.380850+00:00
2018-01-28,1037.0,1055.0,1044.0,1048.0,10059,1048.0,2026-09-03T19:33:13.380850+00:00
2018-01-29,1048.0,1055.0,1045.0,1052.0,11653,1052.0,2026-09-03T19:33:13.380850+00:00
2018-01-31,1052.0,1070.0,1058.0,1070.0,10033,1070.0,2026-09-03T19:33:13.380850+00:00
2018-02-01,1070.0,1098.0,1075.0,1090.0,12664,1090.0,2026-09-03T19:33:13.380850+00:00
2018-02-04,1090.0,1099.0,1086.0,1086.0,19894,1086.0,2026-09-03T19:33:13.380850+00:00
2018-02-05,1086.0,1092.0,1074.0,1077.0,12146,1077.0,2026-09-03T19:33:13.380850+00:00
2018-02-06,1077.0,1073.0,1065.0,1072.0,4578,1072.0,2026-09-03T19:33:13.380850+00:00
2018-02-07,1072.0,1066.0,1060.0,1066.0,7436,1066.0,2026-09-03T19:33:13.380850+00:00
2018-02-08,1066.0,1070.0,1057.0,1065.0,8717,1065.0,2026-09-03T19:33:13.380850+00:00
2018-02-11,1065.0,1070.0,1060.0,1070.0,6351,1070.0,2026-09-03T19:33:13.380850+00:00
2018-02-12,1070.0,1074.0,1061.0,1062.0,6125,1062.0,2026-09-03T19:33:13.380850+00:00
2018-02-14,1062.0,1075.0,1060.0,1068.0,11870,1068.0,2026-09-03T19:33:13.380850+00:00
2018-02-15,1068.0,1104.0,1075.0,1104.0,18692,1104.0,2026-09-03T19:33:13.380850+00:00
2018-02-18,1110.0,1126.0,1106.0,1112.0,19540,1112.0,2026-09-03T19:33:13.380850+00:00
2018-02-20,1120.0,1130.0,1093.0,1100.0,9378,1100.0,2026-09-03T19:33:13.380850+00:00
2018-02-21,1095.0,1096.0,1085.0,1095.0,2594,1095.0,2026-09-03T19:33:13.380850+00:00
2018-02-22,1100.0,1100.0,1086.0,1090.0,8036,1090.0,2026-09-03T19:33:13.380850+00:00
2018-02-25,1090.0,1090.0,1065.0,1070.0,10593,1070.0,2026-09-03T19:33:13.380850+00:00
2018-02-26,1080.0,1085.0,1059.0,1059.0,12348,1059.0,2026-09-03T19:33:13.380850+00:00
2018-02-27,1060.0,1075.0,1055.0,1068.0,19270,1068.0,2026-09-03T19:33:13.380850+00:00
2018-02-28,1060.0,1067.0,1055.0,1060.0,12588,1060.0,2026-09-03T19:33:13.380850+00:00
2018-03-04,1045.0,1045.0,1022.0,1034.0,13490,1034.0,2026-09-03T19:33:13.380850+00:00
2018-03-05,1054.0,1070.0,1031.0,1035.0,9593,1035.0,2026-09-03T19:33:13.380850+00:00
2018-03-06,1035.0,1060.0,1025.0,1050.0,15880,1050.0,2026-09-03T19:33:13.380850+00:00
2018-03-07,1051.0,1065.0,1051.0,1060.0,21280,1060.0,2026-09-03T19:33:13.380850+00:00
2018-03-11,1060.0,1060.0,1040.0,1044.0,11768,1044.0,2026-09-03T19:33:13.380850+00:00
2018-03-12,1040.0,1043.0,1035.0,1043.0,8110,1043.0,2026-09-03T19:33:13.380850+00:00
2018-03-13,1037.0,1041.0,1024.0,1030.0,14786,1030.0,2026-09-03T19:33:13.380850+00:00
2018-03-14,1040.0,1040.0,1030.0,1030.0,9600,1030.0,2026-09-03T19:33:13.380850+00:00
2018-03-15,1030.0,1035.0,1023.0,1023.0,11196,1023.0,2026-09-03T19:33:13.380850+00:00
2018-03-18,1025.0,1029.0,1019.0,1025.0,12162,1025.0,2026-09-03T19:33:13.380850+00:00
2018-03-19,1030.0,1030.0,1012.0,1015.0,12030,1015.0,2026-09-03T19:33:13.380850+00:00
2018-03-20,1010.0,1015.0,998.0,1015.0,23717,1015.0,2026-09-03T19:33:13.380850+00:00
2018-03-21,1000.0,1001.0,985.0,985.0,20783,985.0,2026-09-03T19:33:13.380850+00:00
2018-03-22,976.0,990.0,969.0,975.0,20012,975.0,2026-09-03T19:33:13.380850+00:00
2018-03-26,975.0,965.0,920.0,925.0,16921,925.0,2026-09-03T19:33:13.380850+00:00
2018-03-27,925.0,950.0,888.0,939.0,25557,939.0,2026-09-03T19:33:13.380850+00:00
2018-03-28,950.0,968.0,931.0,968.0,23753,968.0,2026-09-03T19:33:13.380850+00:00
2018-03-29,974.0,987.0,967.0,970.0,18810,970.0,2026-09-03T19:33:13.380850+00:00
2018-04-01,975.0,975.0,917.0,945.0,15347,945.0,2026-09-03T19:33:13.380850+00:00
2018-04-02,945.0,949.0,937.0,945.0,8678,945.0,2026-09-03T19:33:13.380850+00:00
2018-04-03,945.0,950.0,939.0,950.0,11371,950.0,2026-09-03T19:33:13.380850+00:00
2018-04-04,952.0,965.0,950.0,965.0,16959,965.0,2026-09-03T19:33:13.380850+00:00
2018-04-05,970.0,978.0,965.0,970.0,27949,970.0,2026-09-03T19:33:13.380850+00:00
2018-04-08,972.0,1010.0,972.0,999.0,31730,999.0,2026-09-03T19:33:13.380850+00:00
2018-04-09,1015.0,1030.0,994.0,994.0,35267,994.0,2026-09-03T19:33:13.380850+00:00
2018-04-10,990.0,1000.0,980.0,986.0,11944,986.0,2026-09-03T19:33:13.380850+00:00
2018-04-11,983.0,994.0,980.0,988.0,8026,988.0,2026-09-03T19:33:13.380850+00:00
2018-04-12,999.0,999.0,988.0,989.0,14218,989.0,2026-09-03T19:33:13.380850+00:00
2018-04-15,995.0,999.0,979.0,990.0,13102,990.0,2026-09-03T19:33:13.380850+00:00
2018-04-16,990.0,999.0,980.0,996.0,8325,996.0,2026-09-03T19:33:13.380850+00:00
2018-04-17,1000.0,1005.0,997.0,1002.0,16009,1002.0,2026-09-03T19:33:13.380850+00:00
2018-04-18,1005.0,1050.0,999.0,1040.0,21999,1040.0,2026-09-03T19:33:13.380850+00:00
2018-04-19,1050.0,1060.0,1041.0,1055.0,15695,1055.0,2026-09-03T19:33:13.380850+00:00
2018-04-22,1066.0,1076.0,1058.0,1065.0,20691,1065.0,2026-09-03T19:33:13.380850+00:00
2018-04-23,1081.0,1081.0,1050.0,1050.0,16208,1050.0,2026-09-03T19:33:13.380850+00:00
2018-04-24,1055.0,1064.0,1032.0,1032.0,8229,1032.0,2026-09-03T19:33:13.380850+00:00
2018-04-25,1040.0,1045.0,1030.0,1040.0,10589,1040.0,2026-09-03T19:33:13.380850+00:00
2018-04-26,1050.0,1050.0,1020.0,1030.0,13380,1030.0,2026-09-03T19:33:13.380850+00:00
2018-04-29,1015.0,1020.0,1002.0,1013.0,7378,1013.0,2026-09-03T19:33:13.380850+00:00
2018-05-02,1017.0,1025.0,996.0,1009.0,10811,1009.0,2026-09-03T19:33:13.380850+00:00
2018-05-03,1011.0,1025.0,1009.0,1009.0,6662,1009.0,2026-09-03T19:33:13.380850+00:00
2018-05-06,1005.0,1006.0,1000.0,1005.0,6340,1005.0,2026-09-03T19:33:13.380850+00:00
2018-05-07,1010.0,1010.0,998.0,999.0,6050,999.0,2026-09-03T19:33:13.380850+00:00
2018-05-08,1006.0,1010.0,997.0,1010.0,8831,1010.0,2026-09-03T19:33:13.380850+00:00
2018-05-09,1005.0,1014.0,1003.0,1003.0,7968,1003.0,2026-09-03T19:33:13.380850+00:00
2018-05-10,1000.0,1010.0,996.0,1003.0,3212,1003.0,2026-09-03T19:33:13.380850+00:00
2018-05-14,1003.0,1004.0,990.0,1000.0,8898,1000.0,2026-09-03T19:33:13.380850+00:00
2018-05-15,1000.0,1007.0,995.0,1002.0,2596,1002.0,2026-09-03T19:33:13.380850+00:00
2018-05-16,1002.0,1002.0,999.0,1000.0,6058,1000.0,2026-09-03T19:33:13.380850+00:00
2018-05-17,1005.0,1005.0,1001.0,1002.0,3295,1002.0,2026-09-03T19:33:13.380850+00:00
2018-05-20,1022.0,1022.0,1000.0,1000.0,9372,1000.0,2026-09-03T19:33:13.380850+00:00
2018-05-21,1000.0,1010.0,996.0,999.0,6405,999.0,2026-09-03T19:33:13.380850+00:00
2018-05-22,1000.0,1003.0,995.0,995.0,6365,995.0,2026-09-03T19:33:13.380850+00:00
2018-05-23,995.0,999.0,984.0,987.0,5655,987.0,2026-09-03T19:33:13.380850+00:00
2018-05-24,992.0,999.0,990.0,990.0,5307,990.0,2026-09-03T19:33:13.380850+00:00
2018-05-27,990.0,990.0,978.0,989.0,3069,989.0,2026-09-03T19:33:13.380850+00:00
2018-05-28,989.0,1012.0,985.0,1012.0,4170,1012.0,2026-09-03T19:33:13.380850+00:00
2018-05-29,1007.0,1010.0,999.0,999.0,4198,999.0,2026-09-03T19:33:13.380850+00:00
2018-05-30,1000.0,1013.0,999.0,1000.0,2360,1000.0,2026-09-03T19:33:13.380850+00:00
2018-05-31,1005.0,1005.0,995.0,1000.0,3164,1000.0,2026-09-03T19:33:13.380850+00:00
2018-06-03,1000.0,1000.0,980.0,980.0,5913,980.0,2026-09-03T19:33:13.380850+00:00
2018-06-04,970.0,985.0,970.0,979.0,3875,979.0,2026-09-03T19:33:13.380850+00:00
2018-06-06,998.0,1000.0,988.0,990.0,1882,990.0,2026-09-03T19:33:13.380850+00:00
2018-06-07,990.0,990.0,975.0,975.0,4786,975.0,2026-09-03T19:33:13.380850+00:00
2018-06-10,970.0,970.0,944.0,956.0,5466,956.0,2026-09-03T19:33:13.380850+00:00
2018-06-11,955.0,975.0,945.0,955.0,5198,955.0,2026-09-03T19:33:13.380850+00:00
2018-06-12,960.0,960.0,945.0,955.0,4558,955.0,2026-09-03T19:33:13.380850+00:00
2018-06-13,960.0,960.0,945.0,955.0,3803,955.0,2026-09-03T19:33:13.380850+00:00
2018-06-14,960.0,963.0,955.0,958.0,947,958.0,2026-09-03T19:33:13.380850+00:00
2018-06-17,955.0,959.0,940.0,942.0,3161,942.0,2026-09-03T19:33:13.380850+00:00
2018-06-18,945.0,955.0,937.0,943.0,2878,943.0,2026-09-03T19:33:13.380850+00:00
2018-06-19,944.0,944.0,940.0,941.0,1365,941.0,2026-09-03T19:33:13.380850+00:00
2018-06-20,940.0,945.0,940.0,940.0,3344,940.0,2026-09-03T19:33:13.380850+00:00
2018-06-21,945.0,945.0,940.0,942.0,2308,942.0,2026-09-03T19:33:13.380850+00:00
2018-06-24,943.0,943.0,936.0,942.0,4494,942.0,2026-09-03T19:33:13.380850+00:00
2018-06-25,945.0,945.0,930.0,932.0,4988,932.0,2026-09-03T19:33:13.380850+00:00
2018-06-26,925.0,931.0,922.0,928.0,1174,928.0,2026-09-03T19:33:13.380850+00:00
2018-06-27,930.0,935.0,921.0,930.0,5047,930.0,2026-09-03T19:33:13.380850+00:00
2018-06-28,932.0,955.0,931.0,931.0,2623,931.0,2026-09-03T19:33:13.380850+00:00
2018-07-01,945.0,945.0,925.0,928.0,4235,928.0,2026-09-03T19:33:13.380850+00:00
2018-07-02,928.0,928.0,917.0,920.0,2420,920.0,2026-09-03T19:33:13.380850+00:00
2018-07-03,920.0,926.0,918.0,920.0,5734,920.0,2026-09-03T19:33:13.380850+00:00
2018-07-04,920.0,920.0,913.0,917.0,6221,917.0,2026-09-03T19:33:13.380850+00:00
2018-07-05,920.0,928.0,919.0,924.0,12676,924.0,2026-09-03T19:33:13.380850+00:00
2018-07-08,942.0,953.0,928.0,940.0,12880,940.0,2026-09-03T19:33:13.380850+00:00
2018-07-09,941.0,941.0,918.0,918.0,11028,918.0,2026-09-03T19:33:13.380850+00:00
2018-07-10,920.0,926.0,917.0,917.0,3949,917.0,2026-09-03T19:33:13.380850+00:00
2018-07-11,920.0,928.0,917.0,918.0,9218,918.0,2026-09-03T19:33:13.380850+00:00
2018-07-12,915.0,922.0,911.0,912.0,5387,912.0,2026-09-03T19:33:13.380850+00:00
2018-07-15,912.0,920.0,912.0,920.0,5465,920.0,2026-09-03T19:33:13.380850+00:00
2018-07-16,915.0,921.0,903.0,921.0,10813,921.0,2026-09-03T19:33:13.380850+00:00
2018-07-17,917.0,917.0,899.0,900.0,64608,900.0,2026-09-03T19:33:13.380850+00:00
2018-07-18,905.0,905.0,897.0,900.0,28537,900.0,2026-09-03T19:33:13.380850+00:00
2018-07-19,900.0,905.0,898.0,900.0,36821,900.0,2026-09-03T19:33:13.380850+00:00
2018-07-22,900.0,900.0,897.0,900.0,6188,900.0,2026-09-03T19:33:13.380850+00:00
2018-07-23,899.0,900.0,898.0,900.0,11306,900.0,2026-09-03T19:33:13.380850+00:00
2018-07-24,900.0,905.0,898.0,899.0,20936,899.0,2026-09-03T19:33:13.380850+00:00
2018-07-25,900.0,900.0,897.0,897.0,7248,897.0,2026-09-03T19:33:13.380850+00:00
2018-07-26,900.0,908.0,899.0,905.0,13263,905.0,2026-09-03T19:33:13.380850+00:00
2018-07-29,919.0,919.0,909.0,910.0,5574,910.0,2026-09-03T19:33:13.380850+00:00
2018-07-30,910.0,913.0,907.0,909.0,5174,909.0,2026-09-03T19:33:13.380850+00:00
2018-07-31,905.0,910.0,905.0,905.0,5144,905.0,2026-09-03T19:33:13.380850+00:00
2018-08-01,910.0,910.0,904.0,908.0,5960,908.0,2026-09-03T19:33:13.380850+00:00
2018-08-02,908.0,909.0,904.0,906.0,5552,906.0,2026-09-03T19:33:13.380850+00:00
2018-08-05,906.0,907.0,900.0,905.0,6414,905.0,2026-09-03T19:33:13.380850+00:00
2018-08-06,907.0,907.0,900.0,903.0,6662,903.0,2026-09-03T19:33:13.380850+00:00
2018-08-07,919.0,919.0,904.0,904.0,2142,904.0,2026-09-03T19:33:13.380850+00:00
2018-08-08,905.0,910.0,903.0,904.0,2673,904.0,2026-09-03T19:33:13.380850+00:00
2018-08-09,922.0,922.0,904.0,909.0,3307,909.0,2026-09-03T19:33:13.380850+00:00
2018-08-12,910.0,910.0,894.0,900.0,6359,900.0,2026-09-03T19:33:13.380850+00:00
2018-08-13,900.0,907.0,900.0,907.0,5383,907.0,2026-09-03T19:33:13.380850+00:00
2018-08-14,907.0,907.0,900.0,907.0,6383,907.0,2026-09-03T19:33:13.380850+00:00
2018-08-15,916.0,940.0,913.0,935.0,17869,935.0,2026-09-03T19:33:13.380850+00:00
2018-08-16,930.0,966.0,930.0,957.0,17494,957.0,2026-09-03T19:33:13.380850+00:00
2018-08-19,960.0,965.0,954.0,959.0,11046,959.0,2026-09-03T19:33:13.380850+00:00
2018-08-20,960.0,960.0,942.0,948.0,9155,948.0,2026-09-03T19:33:13.380850+00:00
2018-08-21,948.0,947.0,940.0,940.0,4925,940.0,2026-09-03T19:33:13.380850+00:00
2018-08-22,935.0,945.0,935.0,945.0,2174,945.0,2026-09-03T19:33:13.380850+00:00
2018-08-23,945.0,945.0,941.0,945.0,4749,945.0,2026-09-03T19:33:13.380850+00:00
2018-08-26,945.0,948.0,944.0,945.0,5990,945.0,2026-09-03T19:33:13.380850+00:00
2018-08-28,946.0,950.0,943.0,949.0,6091,949.0,2026-09-03T19:33:13.380850+00:00
2018-08-29,947.0,949.0,945.0,947.0,3171,947.0,2026-09-03T19:33:13.380850+00:00
2018-08-30,950.0,952.0,945.0,947.0,5231,947.0,2026-09-03T19:33:13.380850+00:00
2018-09-02,949.0,952.0,946.0,950.0,7021,950.0,2026-09-03T19:33:13.380850+00:00
2018-09-03,969.0,970.0,955.0,964.0,7503,964.0,2026-09-03T19:33:13.380850+00:00
2018-09-04,970.0,971.0,961.0,966.0,8115,966.0,2026-09-03T19:33:13.380850+00:00
2018-09-05,967.0,974.0,965.0,970.0,10041,970.0,2026-09-03T19:33:13.380850+00:00
2018-09-06,972.0,984.0,963.0,965.0,16698,965.0,2026-09-03T19:33:13.380850+00:00
2018-09-09,955.0,974.0,955.0,970.0,7541,970.0,2026-09-03T19:33:13.380850+00:00
2018-09-10,965.0,967.0,960.0,964.0,7438,964.0,2026-09-03T19:33:13.380850+00:00
2018-09-11,965.0,969.0,960.0,966.0,6852,966.0,2026-09-03T19:33:13.380850+00:00
2018-09-12,966.0,967.0,965.0,965.0,4296,965.0,2026-09-03T19:33:13.380850+00:00
2018-09-13,966.0,970.0,966.0,968.0,5373,968.0,2026-09-03T19:33:13.380850+00:00
2018-09-16,970.0,974.0,968.0,969.0,9770,969.0,2026-09-03T19:33:13.380850+00:00
2018-09-17,967.0,970.0,965.0,968.0,1984,968.0,2026-09-03T19:33:13.380850+00:00
2018-09-18,970.0,970.0,966.0,968.0,5243,968.0,2026-09-03T19:33:13.380850+00:00
2018-09-20,970.0,970.0,960.0,962.0,6516,962.0,2026-09-03T19:33:13.380850+00:00
2018-09-23,961.0,964.0,950.0,961.0,3193,961.0,2026-09-03T19:33:13.380850+00:00
2018-09-25,965.0,965.0,960.0,965.0,4909,965.0,2026-09-03T19:33:13.380850+00:00
2018-09-26,960.0,969.0,960.0,966.0,9356,966.0,2026-09-03T19:33:13.380850+00:00
2018-09-27,960.0,970.0,960.0,961.0,3070,961.0,2026-09-03T19:33:13.380850+00:00
2018-09-30,961.0,961.0,950.0,950.0,7218,950.0,2026-09-03T19:33:13.380850+00:00
2018-10-01,955.0,956.0,934.0,945.0,2593,945.0,2026-09-03T19:33:13.380850+00:00
2018-10-02,945.0,950.0,940.0,945.0,3936,945.0,2026-09-03T19:33:13.380850+00:00
2018-10-03,945.0,945.0,932.0,942.0,5114,942.0,2026-09-03T19:33:13.380850+00:00
2018-10-04,940.0,958.0,916.0,944.0,5142,944.0,2026-09-03T19:33:13.380850+00:00
2018-10-07,944.0,944.0,927.0,927.0,5803,927.0,2026-09-03T19:33:13.380850+00:00
2018-10-08,927.0,944.0,927.0,929.0,3337,929.0,2026-09-03T19:33:13.380850+00:00
2018-10-09,931.0,939.0,927.0,930.0,2484,930.0,2026-09-03T19:33:13.380850+00:00
2018-10-10,929.0,932.0,927.0,930.0,4393,930.0,2026-09-03T19:33:13.380850+00:00
2018-10-11,931.0,937.0,929.0,931.0,5113,931.0,2026-09-03T19:33:13.380850+00:00
2018-10-14,935.0,939.0,935.0,938.0,1925,938.0,2026-09-03T19:33:13.380850+00:00
2018-10-15,940.0,956.0,940.0,953.0,1245,953.0,2026-09-03T19:33:13.380850+00:00
2018-10-21,955.0,955.0,950.0,953.0,193,953.0,2026-09-03T19:33:13.380850+00:00
2018-10-22,951.0,959.0,950.0,951.0,1928,951.0,2026-09-03T19:33:13.380850+00:00
2018-10-23,955.0,960.0,950.0,960.0,2006,960.0,2026-09-03T19:33:13.380850+00:00
2018-10-24,960.0,970.0,956.0,962.0,3191,962.0,2026-09-03T19:33:13.380850+00:00
2018-10-25,963.0,963.0,956.0,956.0,1044,956.0,2026-09-03T19:33:13.380850+00:00
2018-10-28,956.0,956.0,939.0,942.0,2511,942.0,2026-09-03T19:33:13.380850+00:00
2018-10-29,939.0,945.0,939.0,940.0,2862,940.0,2026-09-03T19:33:13.380850+00:00
2018-10-30,940.0,945.0,940.0,940.0,1768,940.0,2026-09-03T19:33:13.380850+00:00
2018-10-31,941.0,952.0,940.0,952.0,2427,952.0,2026-09-03T19:33:13.380850+00:00
2018-11-01,940.0,949.0,940.0,946.0,1572,946.0,2026-09-03T19:33:13.380850+00:00
2018-11-04,947.0,947.0,938.0,940.0,2099,940.0,2026-09-03T19:33:13.380850+00:00
2018-11-05,939.0,940.0,935.0,938.0,2736,938.0,2026-09-03T19:33:13.380850+00:00
2018-11-06,938.0,900.0,900.0,946.0,230,946.0,2026-09-03T19:33:13.380850+00:00
2018-11-11,946.0,946.0,897.0,911.0,2235,911.0,2026-09-03T19:33:13.380850+00:00
2018-11-12,910.0,911.0,897.0,904.0,4075,904.0,2026-09-03T19:33:13.380850+00:00
2018-11-13,915.0,921.0,905.0,919.0,833,919.0,2026-09-03T19:33:13.380850+00:00
2018-11-14,919.0,920.0,915.0,919.0,4373,919.0,2026-09-03T19:33:13.380850+00:00
2018-11-15,920.0,940.0,920.0,926.0,7548,926.0,2026-09-03T19:33:13.380850+00:00
2018-11-18,930.0,930.0,916.0,916.0,3113,916.0,2026-09-03T19:33:13.380850+00:00
2018-11-19,915.0,918.0,908.0,917.0,2568,917.0,2026-09-03T19:33:13.380850+00:00
2018-11-20,918.0,918.0,902.0,902.0,760,902.0,2026-09-03T19:33:13.380850+00:00
2018-11-21,891.0,906.0,890.0,906.0,3991,906.0,2026-09-03T19:33:13.380850+00:00
2018-11-22,910.0,915.0,900.0,900.0,4595,900.0,2026-09-03T19:33:13.380850+00:00
2018-11-25,904.0,904.0,898.0,898.0,3792,898.0,2026-09-03T19:33:13.380850+00:00
2018-11-26,898.0,898.0,888.0,888.0,5967,888.0,2026-09-03T19:33:13.380850+00:00
2018-11-27,885.0,899.0,885.0,889.0,4029,889.0,2026-09-03T19:33:13.380850+00:00
2018-11-28,892.0,900.0,888.0,889.0,5451,889.0,2026-09-03T19:33:13.380850+00:00
2018-11-29,885.0,890.0,882.0,882.0,3294,882.0,2026-09-03T19:33:13.380850+00:00
2018-12-02,880.0,880.0,865.0,865.0,4594,865.0,2026-09-03T19:33:13.380850+00:00
2018-12-03,870.0,875.0,862.0,863.0,3135,863.0,2026-09-03T19:33:13.380850+00:00
2018-12-04,860.0,860.0,841.0,860.0,13920,860.0,2026-09-03T19:33:13.380850+00:00
2018-12-05,860.0,860.0,849.0,851.0,7992,851.0,2026-09-03T19:33:13.380850+00:00
2018-12-06,850.0,850.0,830.0,850.0,6099,850.0,2026-09-03T19:33:13.380850+00:00
2018-12-09,853.0,856.0,850.0,852.0,4171,852.0,2026-09-03T19:33:13.380850+00:00
2018-12-10,855.0,860.0,850.0,853.0,8181,853.0,2026-09-03T19:33:13.380850+00:00
2018-12-11,855.0,860.0,844.0,855.0,3869,855.0,2026-09-03T19:33:13.380850+00:00
2018-12-12,855.0,860.0,845.0,851.0,3175,851.0,2026-09-03T19:33:13.380850+00:00
2018-12-13,852.0,855.0,847.0,847.0,4879,847.0,2026-09-03T19:33:13.380850+00:00
2018-12-16,859.0,859.0,850.0,853.0,9410,853.0,2026-09-03T19:33:13.380850+00:00
2018-12-17,850.0,869.0,850.0,862.0,2512,862.0,2026-09-03T19:33:13.380850+00:00
2018-12-18,862.0,862.0,856.0,858.0,5028,858.0,2026-09-03T19:33:13.380850+00:00
2018-12-19,860.0,860.0,850.0,850.0,7082,850.0,2026-09-03T19:33:13.380850+00:00
2018-12-20,855.0,860.0,845.0,851.0,3393,851.0,2026-09-03T19:33:13.380850+00:00
2018-12-23,860.0,870.0,860.0,870.0,8974,870.0,2026-09-03T19:33:13.380850+00:00
2018-12-24,870.0,876.0,865.0,868.0,5253,868.0,2026-09-03T19:33:13.380850+00:00
2018-12-25,870.0,870.0,855.0,862.0,1588,862.0,2026-09-03T19:33:13.380850+00:00
2018-12-26,870.0,870.0,860.0,864.0,7037,864.0,2026-09-03T19:33:13.380850+00:00
2018-12-27,875.0,880.0,865.0,865.0,6193,865.0,2026-09-03T19:33:13.380850+00:00
2018-12-30,866.0,877.0,865.0,866.0,4130,866.0,2026-09-03T19:33:13.380850+00:00
2018-12-31,879.0,879.0,860.0,860.0,7190,860.0,2026-09-03T19:33:13.380850+00:00
2019-01-01,861.0,863.0,851.0,851.0,5002,851.0,2026-09-03T19:33:13.380850+00:00
2019-01-02,859.0,859.0,850.0,850.0,5122,850.0,2026-09-03T19:33:13.380850+00:00
2019-01-03,851.0,855.0,841.0,841.0,9928,841.0,2026-09-03T19:33:13.380850+00:00
2019-01-06,845.0,848.0,835.0,837.0,7310,837.0,2026-09-03T19:33:13.380850+00:00
2019-01-07,838.0,840.0,835.0,835.0,4589,835.0,2026-09-03T19:33:13.380850+00:00
2019-01-08,836.0,839.0,835.0,837.0,3971,837.0,2026-09-03T19:33:13.380850+00:00
2019-01-09,840.0,840.0,834.0,834.0,4380,834.0,2026-09-03T19:33:13.380850+00:00
2019-01-10,836.0,848.0,834.0,835.0,5480,835.0,2026-09-03T19:33:13.380850+00:00
2019-01-13,851.0,851.0,838.0,838.0,3132,838.0,2026-09-03T19:33:13.380850+00:00
2019-01-14,839.0,844.0,830.0,836.0,4045,836.0,2026-09-03T19:33:13.380850+00:00
2019-01-15,842.0,842.0,834.0,842.0,2708,842.0,2026-09-03T19:33:13.380850+00:00
2019-01-16,858.0,858.0,841.0,845.0,2960,845.0,2026-09-03T19:33:13.380850+00:00
2019-01-17,845.0,845.0,836.0,844.0,2128,844.0,2026-09-03T19:33:13.380850+00:00
2019-01-20,844.0,850.0,844.0,850.0,2650,850.0,2026-09-03T19:33:13.380850+00:00
2019-01-21,842.0,848.0,836.0,843.0,3420,843.0,2026-09-03T19:33:13.380850+00:00
2019-01-22,841.0,845.0,841.0,842.0,1670,842.0,2026-09-03T19:33:13.380850+00:00
2019-01-23,843.0,850.0,838.0,838.0,4189,838.0,2026-09-03T19:33:13.380850+00:00
2019-01-24,843.0,843.0,839.0,840.0,2567,840.0,2026-09-03T19:33:13.380850+00:00
2019-01-27,841.0,841.0,832.0,838.0,3910,838.0,2026-09-03T19:33:13.380850+00:00
2019-01-28,835.0,837.0,832.0,834.0,2227,834.0,2026-09-03T19:33:13.380850+00:00
2019-01-29,830.0,835.0,830.0,830.0,6286,830.0,2026-09-03T19:33:13.380850+00:00
2019-01-30,835.0,841.0,835.0,837.0,3605,837.0,2026-09-03T19:33:13.380850+00:00
2019-01-31,838.0,844.0,838.0,841.0,4408,841.0,2026-09-03T19:33:13.380850+00:00
2019-02-03,842.0,845.0,840.0,841.0,4165,841.0,2026-09-03T19:33:13.380850+00:00
2019-02-04,837.0,838.0,825.0,829.0,5154,829.0,2026-09-03T19:33:13.380850+00:00
2019-02-05,830.0,835.0,830.0,830.0,2150,830.0,2026-09-03T19:33:13.380850+00:00
2019-02-06,825.0,829.0,825.0,828.0,3267,828.0,2026-09-03T19:33:13.380850+00:00
2019-02-07,828.0,835.0,826.0,831.0,3757,831.0,2026-09-03T19:33:13.380850+00:00
2019-02-10,830.0,830.0,820.0,824.0,2399,824.0,2026-09-03T19:33:13.380850+00:00
2019-02-11,830.0,830.0,823.0,825.0,3879,825.0,2026-09-03T19:33:13.380850+00:00
2019-02-12,826.0,830.0,825.0,825.0,2448,825.0,2026-09-03T19:33:13.380850+00:00
2019-02-13,830.0,830.0,818.0,822.0,3151,822.0,2026-09-03T19:33:13.380850+00:00
2019-02-14,820.0,825.0,818.0,818.0,2494,818.0,2026-09-03T19:33:13.380850+00:00
2019-02-17,829.0,829.0,807.0,807.0,6470,807.0,2026-09-03T19:33:13.380850+00:00
2019-02-18,815.0,815.0,778.0,783.0,29718,783.0,2026-09-03T19:33:13.380850+00:00
2019-02-19,793.0,795.0,776.0,793.0,7663,793.0,2026-09-03T19:33:13.380850+00:00
2019-02-20,793.0,793.0,780.0,789.0,9080,789.0,2026-09-03T19:33:13.380850+00:00
2019-02-21,792.0,803.0,789.0,803.0,17561,803.0,2026-09-03T19:33:13.380850+00:00
2019-02-24,810.0,810.0,792.0,795.0,15486,795.0,2026-09-03T19:33:13.380850+00:00
2019-02-25,795.0,799.0,789.0,794.0,31622,794.0,2026-09-03T19:33:13.380850+00:00
2019-02-26,700.0,700.0,678.0,687.0,9887,687.0,2026-09-03T19:33:13.380850+00:00
2019-02-27,686.0,689.0,681.0,687.0,4794,687.0,2026-09-03T19:33:13.380850+00:00
2019-03-03,690.0,691.0,680.0,682.0,8715,682.0,2026-09-03T19:33:13.380850+00:00
2019-03-05,682.0,690.0,681.0,683.0,6279,683.0,2026-09-03T19:33:13.380850+00:00
2019-03-06,683.0,688.0,680.0,686.0,10200,686.0,2026-09-03T19:33:13.380850+00:00
2019-03-07,689.0,690.0,685.0,688.0,7555,688.0,2026-09-03T19:33:13.380850+00:00
2019-03-10,689.0,691.0,686.0,691.0,1992,691.0,2026-09-03T19:33:13.380850+00:00
2019-03-11,694.0,700.0,691.0,696.0,16082,696.0,2026-09-03T19:33:13.380850+00:00
2019-03-12,705.0,720.0,705.0,720.0,12524,720.0,2026-09-03T19:33:13.380850+00:00
2019-03-13,725.0,731.0,715.0,715.0,11208,715.0,2026-09-03T19:33:13.380850+00:00
2019-03-14,719.0,720.0,708.0,715.0,3812,715.0,2026-09-03T19:33:13.380850+00:00
2019-03-17,715.0,730.0,715.0,722.0,9881,722.0,2026-09-03T19:33:13.380850+00:00
2019-03-18,726.0,730.0,722.0,722.0,9174,722.0,2026-09-03T19:33:13.380850+00:00
2019-03-19,722.0,724.0,718.0,723.0,1020,723.0,2026-09-03T19:33:13.380850+00:00
2019-03-21,722.0,722.0,708.0,710.0,8927,710.0,2026-09-03T19:33:13.380850+00:00
2019-03-24,721.0,721.0,709.0,712.0,5859,712.0,2026-09-03T19:33:13.380850+00:00
2019-03-25,709.0,716.0,709.0,712.0,7028,712.0,2026-09-03T19:33:13.380850+00:00
2019-03-26,710.0,712.0,706.0,712.0,3898,712.0,2026-09-03T19:33:13.380850+00:00
2019-03-27,713.0,715.0,709.0,709.0,9163,709.0,2026-09-03T19:33:13.380850+00:00
2019-03-28,708.0,719.0,708.0,714.0,5004,714.0,2026-09-03T19:33:13.380850+00:00
2019-03-31,715.0,717.0,707.0,712.0,7019,712.0,2026-09-03T19:33:13.380850+00:00
2019-04-01,713.0,714.0,709.0,712.0,11973,712.0,2026-09-03T19:33:13.380850+00:00
2019-04-02,713.0,718.0,710.0,717.0,15403,717.0,2026-09-03T19:33:13.380850+00:00
2019-04-03,731.0,731.0,712.0,724.0,14196,724.0,2026-09-03T19:33:13.380850+00:00
2019-04-04,724.0,728.0,718.0,727.0,8188,727.0,2026-09-03T19:33:13.380850+00:00
2019-04-07,730.0,732.0,721.0,732.0,23725,732.0,2026-09-03T19:33:13.380850+00:00
2019-04-08,735.0,755.0,730.0,740.0,23599,740.0,2026-09-03T19:33:13.380850+00:00
2019-04-09,741.0,750.0,740.0,743.0,12325,743.0,2026-09-03T19:33:13.380850+00:00
2019-04-10,749.0,749.0,735.0,740.0,8232,740.0,2026-09-03T19:33:13.380850+00:00
2019-04-11,742.0,743.0,736.0,736.0,7882,736.0,2026-09-03T19:33:13.380850+00:00
2019-04-15,736.0,746.0,736.0,746.0,3377,746.0,2026-09-03T19:33:13.380850+00:00
2019-04-16,749.0,773.0,747.0,766.0,6057,766.0,2026-09-03T19:33:13.380850+00:00
2019-04-17,775.0,780.0,766.0,773.0,11183,773.0,2026-09-03T19:33:13.380850+00:00
2019-04-18,785.0,810.0,785.0,810.0,15287,810.0,2026-09-03T19:33:13.380850+00:00
2019-04-21,815.0,867.0,815.0,866.0,28899,866.0,2026-09-03T19:33:13.380850+00:00
2019-04-22,880.0,900.0,868.0,880.0,29675,880.0,2026-09-03T19:33:13.380850+00:00
2019-04-23,875.0,890.0,859.0,881.0,15000,881.0,2026-09-03T19:33:13.380850+00:00
2019-04-24,881.0,894.0,864.0,878.0,6811,878.0,2026-09-03T19:33:13.380850+00:00
2019-04-25,890.0,895.0,877.0,880.0,9441,880.0,2026-09-03T19:33:13.380850+00:00
2019-04-28,885.0,891.0,873.0,873.0,9506,873.0,2026-09-03T19:33:13.380850+00:00
2019-04-29,875.0,880.0,866.0,868.0,8403,868.0,2026-09-03T19:33:13.380850+00:00
2019-04-30,871.0,871.0,851.0,856.0,7584,856.0,2026-09-03T19:33:13.380850+00:00
2019-05-02,850.0,855.0,845.0,847.0,6201,847.0,2026-09-03T19:33:13.380850+00:00
2019-05-05,843.0,844.0,830.0,835.0,9479,835.0,2026-09-03T19:33:13.380850+00:00
2019-05-06,845.0,855.0,834.0,851.0,8355,851.0,2026-09-03T19:33:13.380850+00:00
2019-05-07,856.0,869.0,850.0,850.0,8243,850.0,2026-09-03T19:33:13.380850+00:00
2019-05-08,855.0,855.0,840.0,846.0,7578,846.0,2026-09-03T19:33:13.380850+00:00
2019-05-09,862.0,862.0,838.0,841.0,2950,841.0,2026-09-03T19:33:13.380850+00:00
2019-05-12,841.0,845.0,831.0,841.0,3539,841.0,2026-09-03T19:33:13.380850+00:00
2019-05-13,845.0,855.0,841.0,844.0,2652,844.0,2026-09-03T19:33:13.380850+00:00
2019-05-14,840.0,850.0,837.0,848.0,3614,848.0,2026-09-03T19:33:13.380850+00:00
2019-05-15,848.0,860.0,844.0,851.0,5163,851.0,2026-09-03T19:33:13.380850+00:00
2019-05-16,851.0,858.0,845.0,845.0,6365,845.0,2026-09-03T19:33:13.380850+00:00
2019-05-19,855.0,855.0,831.0,843.0,6356,843.0,2026-09-03T19:33:13.380850+00:00
2019-05-20,849.0,849.0,830.0,830.0,5507,830.0,2026-09-03T19:33:13.380850+00:00
2019-05-21,829.0,840.0,827.0,840.0,4169,840.0,2026-09-03T19:33:13.380850+00:00
2019-05-22,856.0,856.0,835.0,841.0,1981,841.0,2026-09-03T19:33:13.380850+00:00
2019-05-23,843.0,845.0,835.0,841.0,5508,841.0,2026-09-03T19:33:13.380850+00:00
2019-05-26,857.0,857.0,835.0,840.0,5463,840.0,2026-09-03T19:33:13.380850+00:00
2019-05-27,835.0,840.0,835.0,840.0,2539,840.0,2026-09-03T19:33:13.380850+00:00
2019-05-28,830.0,844.0,830.0,836.0,2822,836.0,2026-09-03T19:33:13.380850+00:00
2019-05-29,840.0,840.0,837.0,840.0,3151,840.0,2026-09-03T19:33:13.380850+00:00
2019-05-30,856.0,882.0,847.0,847.0,9146,847.0,2026-09-03T19:33:13.380850+00:00
2019-06-02,848.0,848.0,832.0,834.0,6077,834.0,2026-09-03T19:33:13.380850+00:00
2019-06-03,835.0,835.0,830.0,833.0,2874,833.0,2026-09-03T19:33:13.380850+00:00
2019-06-04,843.0,843.0,829.0,829.0,3935,829.0,2026-09-03T19:33:13.380850+00:00
2019-06-06,832.0,832.0,826.0,828.0,4877,828.0,2026-09-03T19:33:13.380850+00:00
2019-06-10,820.0,842.0,820.0,826.0,4518,826.0,2026-09-03T19:33:13.380850+00:00
2019-06-11,825.0,826.0,820.0,822.0,8030,822.0,2026-09-03T19:33:13.380850+00:00
2019-06-12,818.0,823.0,815.0,820.0,8943,820.0,2026-09-03T19:33:13.380850+00:00
2019-06-13,820.0,834.0,818.0,827.0,9849,827.0,2026-09-03T19:33:13.380850+00:00
2019-06-16,820.0,822.0,813.0,814.0,13511,814.0,2026-09-03T19:33:13.380850+00:00
2019-06-17,814.0,816.0,807.0,816.0,10347,816.0,2026-09-03T19:33:13.380850+00:00
2019-06-18,816.0,816.0,806.0,814.0,8230,814.0,2026-09-03T19:33:13.380850+00:00
2019-06-19,829.0,829.0,803.0,814.0,3158,814.0,2026-09-03T19:33:13.380850+00:00
2019-06-20,814.0,814.0,805.0,812.0,4301,812.0,2026-09-03T19:33:13.380850+00:00
2019-06-23,820.0,820.0,804.0,805.0,5595,805.0,2026-09-03T19:33:13.380850+00:00
2019-06-24,807.0,808.0,802.0,808.0,3446,808.0,2026-09-03T19:33:13.380850+00:00
2019-06-25,805.0,810.0,800.0,810.0,4883,810.0,2026-09-03T19:33:13.380850+00:00
2019-06-26,810.0,810.0,802.0,804.0,7826,804.0,2026-09-03T19:33:13.380850+00:00
2019-06-27,805.0,815.0,799.0,800.0,12955,800.0,2026-09-03T19:33:13.380850+00:00
2019-06-30,806.0,806.0,785.0,785.0,28406,785.0,2026-09-03T19:33:13.380850+00:00
2019-07-01,783.0,785.0,780.0,785.0,8539,785.0,2026-09-03T19:33:13.380850+00:00
2019-07-02,781.0,785.0,775.0,784.0,9500,784.0,2026-09-03T19:33:13.380850+00:00
2019-07-03,787.0,799.0,775.0,795.0,7949,795.0,2026-09-03T19:33:13.380850+00:00
2019-07-04,796.0,800.0,795.0,798.0,10401,798.0,2026-09-03T19:33:13.380850+00:00
2019-07-07,800.0,805.0,790.0,790.0,6481,790.0,2026-09-03T19:33:13.380850+00:00
2019-07-08,790.0,790.0,785.0,787.0,4253,787.0,2026-09-03T19:33:13.380850+00:00
2019-07-09,787.0,806.0,786.0,806.0,11678,806.0,2026-09-03T19:33:13.380850+00:00
2019-07-10,803.0,815.0,801.0,811.0,9931,811.0,2026-09-03T19:33:13.380850+00:00
2019-07-11,813.0,824.0,813.0,823.0,8966,823.0,2026-09-03T19:33:13.380850+00:00
2019-07-14,824.0,827.0,820.0,825.0,3781,825.0,2026-09-03T19:33:13.380850+00:00
2019-07-15,826.0,833.0,799.0,799.0,30861,799.0,2026-09-03T19:33:13.380850+00:00
2019-07-16,838.0,838.0,792.0,800.0,25920,800.0,2026-09-03T19:33:13.380850+00:00
2019-07-17,800.0,814.0,800.0,813.0,17512,813.0,2026-09-03T19:33:13.380850+00:00
2019-07-18,820.0,820.0,808.0,812.0,15304,812.0,2026-09-03T19:33:13.380850+00:00
2019-07-21,808.0,810.0,800.0,801.0,19195,801.0,2026-09-03T19:33:13.380850+00:00
2019-07-22,810.0,819.0,803.0,805.0,19698,805.0,2026-09-03T19:33:13.380850+00:00
2019-07-23,810.0,810.0,802.0,808.0,13387,808.0,2026-09-03T19:33:13.380850+00:00
2019-07-24,815.0,815.0,805.0,812.0,17884,812.0,2026-09-03T19:33:13.380850+00:00
2019-07-25,807.0,811.0,800.0,805.0,11336,805.0,2026-09-03T19:33:13.380850+00:00
2019-07-28,808.0,808.0,796.0,797.0,17431,797.0,2026-09-03T19:33:13.380850+00:00
2019-07-29,800.0,805.0,798.0,803.0,10970,803.0,2026-09-03T19:33:13.380850+00:00
2019-07-30,803.0,805.0,800.0,801.0,10926,801.0,2026-09-03T19:33:13.380850+00:00
2019-07-31,800.0,805.0,800.0,800.0,9199,800.0,2026-09-03T19:33:13.380850+00:00
2019-08-01,802.0,805.0,800.0,801.0,11281,801.0,2026-09-03T19:33:13.380850+00:00
2019-08-04,802.0,803.0,796.0,799.0,11095,799.0,2026-09-03T19:33:13.380850+00:00
2019-08-05,795.0,800.0,795.0,800.0,9946,800.0,2026-09-03T19:33:13.380850+00:00
2019-08-06,795.0,795.0,789.0,790.0,13321,790.0,2026-09-03T19:33:13.380850+00:00
2019-08-07,790.0,795.0,784.0,790.0,9174,790.0,2026-09-03T19:33:13.380850+00:00
2019-08-08,794.0,796.0,787.0,790.0,10432,790.0,2026-09-03T19:33:13.380850+00:00
2019-08-11,788.0,788.0,781.0,784.0,9920,784.0,2026-09-03T19:33:13.380850+00:00
2019-08-12,782.0,788.0,782.0,783.0,5650,783.0,2026-09-03T19:33:13.380850+00:00
2019-08-13,785.0,785.0,781.0,782.0,6190,782.0,2026-09-03T19:33:13.380850+00:00
2019-08-14,784.0,784.0,775.0,779.0,11640,779.0,2026-09-03T19:33:13.380850+00:00
2019-08-15,782.0,785.0,780.0,784.0,13055,784.0,2026-09-03T19:33:13.380850+00:00
2019-08-18,790.0,790.0,779.0,779.0,12387,779.0,2026-09-03T19:33:13.380850+00:00
2019-08-19,779.0,784.0,776.0,778.0,10297,778.0,2026-09-03T19:33:13.380850+00:00
2019-08-20,782.0,782.0,777.0,778.0,12518,778.0,2026-09-03T19:33:13.380850+00:00
2019-08-21,777.0,779.0,775.0,778.0,13659,778.0,2026-09-03T19:33:13.380850+00:00
2019-08-22,778.0,781.0,777.0,777.0,7473,777.0,2026-09-03T19:33:13.380850+00:00
2019-08-25,771.0,780.0,771.0,776.0,7386,776.0,2026-09-03T19:33:13.380850+00:00
2019-08-26,776.0,776.0,760.0,775.0,23330,775.0,2026-09-03T19:33:13.380850+00:00
2019-08-27,772.0,780.0,771.0,778.0,5949,778.0,2026-09-03T19:33:13.380850+00:00
2019-08-28,780.0,790.0,770.0,770.0,4274,770.0,2026-09-03T19:33:13.380850+00:00
2019-08-29,771.0,775.0,768.0,770.0,9213,770.0,2026-09-03T19:33:13.380850+00:00
2019-09-01,771.0,772.0,767.0,769.0,9261,769.0,2026-09-03T19:33:13.380850+00:00
2019-09-02,769.0,769.0,756.0,758.0,6969,758.0,2026-09-03T19:33:13.380850+00:00
2019-09-03,758.0,775.0,750.0,774.0,8894,774.0,2026-09-03T19:33:13.380850+00:00
2019-09-04,780.0,781.0,770.0,777.0,15241,777.0,2026-09-03T19:33:13.380850+00:00
2019-09-05,792.0,792.0,777.0,780.0,8861,780.0,2026-09-03T19:33:13.380850+00:00
2019-09-08,778.0,781.0,775.0,776.0,9562,776.0,2026-09-03T19:33:13.380850+00:00
2019-09-09,775.0,778.0,770.0,776.0,4931,776.0,2026-09-03T19:33:13.380850+00:00
2019-09-10,772.0,775.0,767.0,769.0,7569,769.0,2026-09-03T19:33:13.380850+00:00
2019-09-11,765.0,772.0,765.0,772.0,4673,772.0,2026-09-03T19:33:13.380850+00:00
2019-09-12,770.0,771.0,765.0,770.0,10514,770.0,2026-09-03T19:33:13.380850+00:00
2019-09-15,770.0,775.0,759.0,759.0,6359,759.0,2026-09-03T19:33:13.380850+00:00
2019-09-16,756.0,756.0,742.0,742.0,10591,742.0,2026-09-03T19:33:13.380850+00:00
2019-09-17,745.0,772.0,745.0,750.0,10137,750.0,2026-09-03T19:33:13.380850+00:00
2019-09-18,765.0,780.0,762.0,775.0,7924,775.0,2026-09-03T19:33:13.380850+00:00
2019-09-19,784.0,784.0,772.0,775.0,6481,775.0,2026-09-03T19:33:13.380850+00:00
2019-09-22,768.0,770.0,762.0,765.0,7591,765.0,2026-09-03T19:33:13.380850+00:00
2019-09-23,761.0,768.0,760.0,760.0,6194,760.0,2026-09-03T19:33:13.380850+00:00
2019-09-24,760.0,760.0,757.0,760.0,7998,760.0,2026-09-03T19:33:13.380850+00:00
2019-09-25,760.0,765.0,759.0,759.0,3910,759.0,2026-09-03T19:33:13.380850+00:00
2019-09-26,760.0,762.0,755.0,759.0,3989,759.0,2026-09-03T19:33:13.380850+00:00
2019-09-29,760.0,760.0,751.0,752.0,3598,752.0,2026-09-03T19:33:13.380850+00:00
2019-09-30,760.0,760.0,754.0,760.0,4706,760.0,2026-09-03T19:33:13.380850+00:00
2019-10-01,763.0,777.0,761.0,772.0,2719,772.0,2026-09-03T19:33:13.380850+00:00
2019-10-02,777.0,780.0,770.0,772.0,4486,772.0,2026-09-03T19:33:13.380850+00:00
2019-10-03,778.0,778.0,769.0,769.0,5226,769.0,2026-09-03T19:33:13.380850+00:00
2019-10-10,765.0,773.0,765.0,770.0,728,770.0,2026-09-03T19:33:13.380850+00:00
2019-10-14,770.0,770.0,757.0,765.0,16518,765.0,2026-09-03T19:33:13.380850+00:00
2019-10-15,765.0,765.0,760.0,763.0,4973,763.0,2026-09-03T19:33:13.380850+00:00
2019-10-16,768.0,768.0,754.0,762.0,4902,762.0,2026-09-03T19:33:13.380850+00:00
2019-10-17,762.0,765.0,759.0,760.0,8157,760.0,2026-09-03T19:33:13.380850+00:00
2019-10-20,766.0,766.0,756.0,757.0,4145,757.0,2026-09-03T19:33:13.380850+00:00
2019-10-21,757.0,764.0,755.0,758.0,6056,758.0,2026-09-03T19:33:13.380850+00:00
2019-10-22,758.0,762.0,754.0,756.0,17493,756.0,2026-09-03T19:33:13.380850+00:00
2019-10-23,756.0,765.0,756.0,762.0,3122,762.0,2026-09-03T19:33:13.380850+00:00
2019-10-24,765.0,768.0,755.0,768.0,8808,768.0,2026-09-03T19:33:13.380850+00:00
2019-10-31,768.0,768.0,753.0,761.0,6352,761.0,2026-09-03T19:33:13.380850+00:00
2019-11-03,760.0,760.0,752.0,760.0,8041,760.0,2026-09-03T19:33:13.380850+00:00
2019-11-04,764.0,780.0,762.0,768.0,25965,768.0,2026-09-03T19:33:13.380850+00:00
2019-11-05,775.0,777.0,763.0,770.0,16182,770.0,2026-09-03T19:33:13.380850+00:00
2019-11-06,774.0,774.0,765.0,768.0,13493,768.0,2026-09-03T19:33:13.380850+00:00
2019-11-07,772.0,772.0,755.0,755.0,23312,755.0,2026-09-03T19:33:13.380850+00:00
2019-11-10,760.0,763.0,753.0,755.0,10153,755.0,2026-09-03T19:33:13.380850+00:00
2019-11-11,759.0,765.0,750.0,753.0,15505,753.0,2026-09-03T19:33:13.380850+00:00
2019-11-12,760.0,760.0,749.0,750.0,21447,750.0,2026-09-03T19:33:13.380850+00:00
2019-11-13,750.0,755.0,750.0,750.0,6681,750.0,2026-09-03T19:33:13.380850+00:00
2019-11-14,750.0,754.0,749.0,749.0,3797,749.0,2026-09-03T19:33:13.380850+00:00
2019-11-17,753.0,755.0,745.0,755.0,7383,755.0,2026-09-03T19:33:13.380850+00:00
2019-11-18,755.0,756.0,750.0,755.0,23592,755.0,2026-09-03T19:33:13.380850+00:00
2019-11-19,755.0,755.0,750.0,753.0,18207,753.0,2026-09-03T19:33:13.380850+00:00
2019-11-20,755.0,760.0,750.0,750.0,29088,750.0,2026-09-03T19:33:13.380850+00:00
2019-11-21,750.0,750.0,739.0,740.0,7681,740.0,2026-09-03T19:33:13.380850+00:00
2019-11-24,739.0,742.0,730.0,730.0,12391,730.0,2026-09-03T19:33:13.380850+00:00
2019-11-25,731.0,732.0,727.0,730.0,10567,730.0,2026-09-03T19:33:13.380850+00:00
2019-11-26,726.0,735.0,725.0,730.0,8682,730.0,2026-09-03T19:33:13.380850+00:00
2019-11-27,731.0,735.0,729.0,732.0,18463,732.0,2026-09-03T19:33:13.380850+00:00
2019-11-28,732.0,733.0,724.0,725.0,15634,725.0,2026-09-03T19:33:13.380850+00:00
2019-12-01,725.0,730.0,723.0,723.0,24232,723.0,2026-09-03T19:33:13.380850+00:00
2019-12-02,726.0,726.0,723.0,725.0,6572,725.0,2026-09-03T19:33:13.380850+00:00
2019-12-03,728.0,730.0,725.0,725.0,9589,725.0,2026-09-03T19:33:13.380850+00:00
2019-12-04,727.0,729.0,725.0,725.0,9772,725.0,2026-09-03T19:33:13.380850+00:00
2019-12-05,730.0,737.0,728.0,730.0,13130,730.0,2026-09-03T19:33:13.380850+00:00
2019-12-08,739.0,739.0,725.0,729.0,11013,729.0,2026-09-03T19:33:13.380850+00:00
2019-12-09,730.0,749.0,730.0,736.0,5466,736.0,2026-09-03T19:33:13.380850+00:00
2019-12-10,736.0,745.0,736.0,743.0,4466,743.0,2026-09-03T19:33:13.380850+00:00
2019-12-11,745.0,750.0,743.0,747.0,8847,747.0,2026-09-03T19:33:13.380850+00:00
2019-12-12,750.0,751.0,744.0,749.0,16206,749.0,2026-09-03T19:33:13.380850+00:00
2019-12-15,755.0,755.0,744.0,744.0,16928,744.0,2026-09-03T19:33:13.380850+00:00
2019-12-16,750.0,750.0,737.0,737.0,11742,737.0,2026-09-03T19:33:13.380850+00:00
2019-12-17,746.0,747.0,739.0,743.0,9416,743.0,2026-09-03T19:33:13.380850+00:00
2019-12-18,748.0,750.0,742.0,748.0,15298,748.0,2026-09-03T19:33:13.380850+00:00
2019-12-19,749.0,755.0,749.0,753.0,15015,753.0,2026-09-03T19:33:13.380850+00:00
2019-12-22,755.0,760.0,750.0,756.0,34362,756.0,2026-09-03T19:33:13.380850+00:00
2019-12-23,760.0,762.0,750.0,750.0,66023,750.0,2026-09-03T19:33:13.380850+00:00
2019-12-24,662.0,670.0,660.0,667.0,22863,667.0,2026-09-03T19:33:13.380850+00:00
2019-12-25,665.0,669.0,665.0,669.0,12220,669.0,2026-09-03T19:33:13.380850+00:00
2019-12-26,667.0,677.0,665.0,676.0,14538,676.0,2026-09-03T19:33:13.380850+00:00
2019-12-29,678.0,679.0,673.0,674.0,14830,674.0,2026-09-03T19:33:13.380850+00:00
2019-12-30,673.0,687.0,673.0,675.0,17063,675.0,2026-09-03T19:33:13.380850+00:00
2019-12-31,679.0,682.0,676.0,681.0,15116,681.0,2026-09-03T19:33:13.380850+00:00
2020-01-01,683.0,690.0,680.0,690.0,10882,690.0,2026-09-03T19:33:13.380850+00:00
2020-01-02,688.0,690.0,684.0,685.0,20018,685.0,2026-09-03T19:33:13.380850+00:00
2020-01-05,690.0,699.0,690.0,697.0,17152,697.0,2026-09-03T19:33:13.380850+00:00
2020-01-06,700.0,715.0,700.0,713.0,23487,713.0,2026-09-03T19:33:13.380850+00:00
2020-01-07,725.0,734.0,719.0,722.0,24397,722.0,2026-09-03T19:33:13.380850+00:00
2020-01-08,725.0,725.0,715.0,721.0,17879,721.0,2026-09-03T19:33:13.380850+00:00
2020-01-09,711.0,723.0,711.0,716.0,9624,716.0,2026-09-03T19:33:13.380850+00:00
2020-01-12,722.0,728.0,720.0,726.0,30359,726.0,2026-09-03T19:33:13.380850+00:00
2020-01-13,735.0,749.0,726.0,730.0,40571,730.0,2026-09-03T19:33:13.380850+00:00
2020-01-14,735.0,735.0,716.0,730.0,12535,730.0,2026-09-03T19:33:13.380850+00:00
2020-01-15,735.0,743.0,733.0,740.0,11175,740.0,2026-09-03T19:33:13.380850+00:00
2020-01-16,740.0,759.0,740.0,751.0,26914,751.0,2026-09-03T19:33:13.380850+00:00
2020-01-19,760.0,766.0,757.0,764.0,22863,764.0,2026-09-03T19:33:13.380850+00:00
2020-01-20,779.0,780.0,755.0,761.0,25615,761.0,2026-09-03T19:33:13.380850+00:00
2020-01-21,767.0,767.0,749.0,755.0,18428,755.0,2026-09-03T19:33:13.380850+00:00
2020-01-22,750.0,756.0,745.0,745.0,12755,745.0,2026-09-03T19:33:13.380850+00:00
2020-01-23,745.0,745.0,722.0,727.0,19663,727.0,2026-09-03T19:33:13.380850+00:00
2020-01-26,727.0,727.0,709.0,712.0,20914,712.0,2026-09-03T19:33:13.380850+00:00
2020-01-27,712.0,729.0,706.0,720.0,17628,720.0,2026-09-03T19:33:13.380850+00:00
2020-01-28,734.0,735.0,725.0,725.0,15203,725.0,2026-09-03T19:33:13.380850+00:00
2020-01-29,727.0,732.0,721.0,724.0,10541,724.0,2026-09-03T19:33:13.380850+00:00
2020-01-30,724.0,737.0,724.0,736.0,14728,736.0,2026-09-03T19:33:13.380850+00:00
2020-02-02,740.0,754.0,740.0,752.0,37634,752.0,2026-09-03T19:33:13.380850+00:00
2020-02-03,757.0,758.0,733.0,738.0,33172,738.0,2026-09-03T19:33:13.380850+00:00
2020-02-04,741.0,744.0,732.0,739.0,27241,739.0,2026-09-03T19:33:13.380850+00:00
2020-02-05,739.0,739.0,734.0,734.0,20827,734.0,2026-09-03T19:33:13.380850+00:00
2020-02-06,735.0,740.0,726.0,726.0,15362,726.0,2026-09-03T19:33:13.380850+00:00
2020-02-09,732.0,732.0,720.0,721.0,18422,721.0,2026-09-03T19:33:13.380850+00:00
2020-02-10,725.0,727.0,716.0,720.0,23380,720.0,2026-09-03T19:33:13.380850+00:00
2020-02-11,716.0,730.0,715.0,723.0,27491,723.0,2026-09-03T19:33:13.380850+00:00
2020-02-12,729.0,729.0,721.0,722.0,11735,722.0,2026-09-03T19:33:13.380850+00:00
2020-02-13,725.0,727.0,721.0,723.0,16258,723.0,2026-09-03T19:33:13.380850+00:00
2020-02-16,726.0,726.0,719.0,724.0,17985,724.0,2026-09-03T19:33:13.380850+00:00
2020-02-17,738.0,757.0,728.0,750.0,51893,750.0,2026-09-03T19:33:13.380850+00:00
2020-02-18,764.0,765.0,744.0,753.0,47604,753.0,2026-09-03T19:33:13.380850+00:00
2020-02-19,752.0,753.0,746.0,751.0,23379,751.0,2026-09-03T19:33:13.380850+00:00
2020-02-20,752.0,755.0,746.0,755.0,21585,755.0,2026-09-03T19:33:13.380850+00:00
2020-02-23,758.0,804.0,758.0,790.0,65129,790.0,2026-09-03T19:33:13.380850+00:00
2020-02-24,805.0,821.0,791.0,800.0,93540,800.0,2026-09-03T19:33:13.380850+00:00
2020-02-25,805.0,814.0,779.0,814.0,37640,814.0,2026-09-03T19:33:13.380850+00:00
2020-02-26,830.0,875.0,828.0,870.0,83212,870.0,2026-09-03T19:33:13.380850+00:00
2020-02-27,861.0,955.0,845.0,955.0,167082,955.0,2026-09-03T19:33:13.380850+00:00
2020-03-01,965.0,1000.0,936.0,940.0,163043,940.0,2026-09-03T19:33:13.380850+00:00
2020-03-02,926.0,939.0,850.0,850.0,68203,850.0,2026-09-03T19:33:13.380850+00:00
2020-03-03,835.0,910.0,815.0,888.0,150206,888.0,2026-09-03T19:33:13.380850+00:00
2020-03-04,888.0,888.0,838.0,847.0,107177,847.0,2026-09-03T19:33:13.380850+00:00
2020-03-05,831.0,852.0,813.0,840.0,78904,840.0,2026-09-03T19:33:13.380850+00:00
2020-03-10,824.0,824.0,776.0,776.0,60824,776.0,2026-09-03T19:33:13.380850+00:00
2020-03-11,791.0,822.0,766.0,815.0,83501,815.0,2026-09-03T19:33:13.380850+00:00
2020-03-12,831.0,831.0,784.0,790.0,65403,790.0,2026-09-03T19:33:13.380850+00:00
2020-03-15,780.0,787.0,748.0,750.0,70304,750.0,2026-09-03T19:33:13.380850+00:00
2020-03-16,741.0,764.0,723.0,750.0,55501,750.0,2026-09-03T19:33:13.380850+00:00
2020-03-17,765.0,765.0,721.0,731.0,46620,731.0,2026-09-03T19:33:13.380850+00:00
2020-03-18,731.0,739.0,700.0,715.0,43913,715.0,2026-09-03T19:33:13.380850+00:00
2020-03-19,701.0,740.0,690.0,730.0,55806,730.0,2026-09-03T19:33:13.380850+00:00
2020-03-22,744.0,744.0,700.0,701.0,15101,701.0,2026-09-03T19:33:13.380850+00:00
2020-05-12,687.0,687.0,680.0,680.0,2295,680.0,2026-09-03T19:33:13.380850+00:00
2020-05-13,667.0,667.0,660.0,660.0,435,660.0,2026-09-03T19:33:13.380850+00:00
2020-06-29,627.0,659.0,594.0,660.0,40720,660.0,2026-09-03T19:33:13.380850+00:00
2020-06-30,670.0,726.0,670.0,725.0,8769,725.0,2026-09-03T19:33:13.380850+00:00
2020-07-01,725.0,770.0,725.0,770.0,15536,770.0,2026-09-03T19:33:13.380850+00:00
2020-07-02,785.0,785.0,702.0,720.0,21024,720.0,2026-09-03T19:33:13.380850+00:00
2020-07-05,722.0,734.0,699.0,729.0,59244,729.0,2026-09-03T19:33:13.380850+00:00
2020-07-06,725.0,740.0,715.0,737.0,32963,737.0,2026-09-03T19:33:13.380850+00:00
2020-07-07,750.0,751.0,740.0,744.0,41752,744.0,2026-09-03T19:33:13.380850+00:00
2020-07-08,752.0,756.0,730.0,741.0,30143,741.0,2026-09-03T19:33:13.380850+00:00
2020-07-09,745.0,749.0,725.0,742.0,30119,742.0,2026-09-03T19:33:13.380850+00:00
2020-07-12,756.0,770.0,746.0,747.0,27529,747.0,2026-09-03T19:33:13.380850+00:00
2020-07-13,761.0,769.0,741.0,742.0,28339,742.0,2026-09-03T19:33:13.380850+00:00
2020-07-14,756.0,760.0,742.0,745.0,29973,745.0,2026-09-03T19:33:13.380850+00:00
2020-07-15,750.0,765.0,744.0,765.0,43439,765.0,2026-09-03T19:33:13.380850+00:00
2020-07-16,775.0,790.0,774.0,790.0,38787,790.0,2026-09-03T19:33:13.380850+00:00
2020-07-19,805.0,869.0,805.0,869.0,711,869.0,2026-09-03T19:33:13.380850+00:00
2020-07-20,912.0,955.0,816.0,879.0,118430,879.0,2026-09-03T19:33:13.380850+00:00
2020-07-21,885.0,886.0,857.0,865.0,69536,865.0,2026-09-03T19:33:13.380850+00:00
2020-07-22,860.0,875.0,846.0,846.0,51597,846.0,2026-09-03T19:33:13.380850+00:00
2020-07-23,846.0,854.0,831.0,850.0,55386,850.0,2026-09-03T19:33:13.380850+00:00
2020-07-26,860.0,870.0,853.0,861.0,58534,861.0,2026-09-03T19:33:13.380850+00:00
2020-07-27,870.0,882.0,860.0,860.0,104636,860.0,2026-09-03T19:33:13.380850+00:00
2020-07-28,872.0,872.0,854.0,854.0,51916,854.0,2026-09-03T19:33:13.380850+00:00
2020-07-29,855.0,855.0,840.0,845.0,45527,845.0,2026-09-03T19:33:13.380850+00:00
2020-07-30,842.0,854.0,840.0,851.0,41463,851.0,2026-09-03T19:33:13.380850+00:00
2020-08-02,840.0,850.0,820.0,820.0,63388,820.0,2026-09-03T19:33:13.380850+00:00
2020-08-03,809.0,828.0,808.0,824.0,42609,824.0,2026-09-03T19:33:13.380850+00:00
2020-08-05,824.0,824.0,810.0,819.0,49182,819.0,2026-09-03T19:33:13.380850+00:00
2020-08-06,859.0,859.0,801.0,814.0,21551,814.0,2026-09-03T19:33:13.380850+00:00
2020-08-09,815.0,815.0,800.0,813.0,36927,813.0,2026-09-03T19:33:13.380850+00:00
2020-08-10,825.0,840.0,810.0,832.0,47830,832.0,2026-09-03T19:33:13.380850+00:00
2020-08-11,847.0,847.0,825.0,830.0,29776,830.0,2026-09-03T19:33:13.380850+00:00
2020-08-12,844.0,844.0,821.0,836.0,23975,836.0,2026-09-03T19:33:13.380850+00:00
2020-08-13,877.0,877.0,820.0,825.0,36200,825.0,2026-09-03T19:33:13.380850+00:00
2020-08-16,835.0,835.0,810.0,822.0,29088,822.0,2026-09-03T19:33:13.380850+00:00
2020-08-17,822.0,824.0,815.0,822.0,16623,822.0,2026-09-03T19:33:13.380850+00:00
2020-08-18,833.0,840.0,824.0,830.0,20561,830.0,2026-09-03T19:33:13.380850+00:00
2020-08-19,815.0,825.0,814.0,822.0,17216,822.0,2026-09-03T19:33:13.380850+00:00
2020-08-20,812.0,822.0,812.0,817.0,10175,817.0,2026-09-03T19:33:13.380850+00:00
2020-08-23,824.0,824.0,814.0,824.0,14020,824.0,2026-09-03T19:33:13.380850+00:00
2020-08-24,833.0,835.0,825.0,830.0,22795,830.0,2026-09-03T19:33:13.380850+00:00
2020-08-25,839.0,840.0,823.0,830.0,23396,830.0,2026-09-03T19:33:13.380850+00:00
2020-08-26,839.0,850.0,830.0,841.0,44021,841.0,2026-09-03T19:33:13.380850+00:00
2020-08-27,841.0,855.0,841.0,845.0,23000,845.0,2026-09-03T19:33:13.380850+00:00
2020-08-30,850.0,850.0,835.0,839.0,11698,839.0,2026-09-03T19:33:13.380850+00:00
2020-08-31,840.0,846.0,832.0,839.0,49117,839.0,2026-09-03T19:33:13.380850+00:00
2020-09-02,839.0,866.0,839.0,858.0,68044,858.0,2026-09-03T19:33:13.380850+00:00
2020-09-03,861.0,864.0,843.0,860.0,54696,860.0,2026-09-03T19:33:13.380850+00:00
2020-09-06,903.0,903.0,854.0,855.0,56147,855.0,2026-09-03T19:33:13.380850+00:00
2020-09-07,863.0,863.0,842.0,849.0,19865,849.0,2026-09-03T19:33:13.380850+00:00
2020-09-08,858.0,858.0,840.0,846.0,21968,846.0,2026-09-03T19:33:13.380850+00:00
2020-09-09,846.0,846.0,839.0,844.0,36262,844.0,2026-09-03T19:33:13.380850+00:00
2020-09-10,849.0,868.0,835.0,845.0,26842,845.0,2026-09-03T19:33:13.380850+00:00
2020-09-13,855.0,855.0,845.0,849.0,32164,849.0,2026-09-03T19:33:13.380850+00:00
2020-09-14,855.0,870.0,852.0,856.0,33179,856.0,2026-09-03T19:33:13.380850+00:00
2020-09-15,860.0,864.0,853.0,856.0,31304,856.0,2026-09-03T19:33:13.380850+00:00
2020-09-16,858.0,858.0,850.0,853.0,15690,853.0,2026-09-03T19:33:13.380850+00:00
2020-09-17,853.0,865.0,851.0,859.0,33660,859.0,2026-09-03T19:33:13.380850+00:00
2020-09-20,876.0,895.0,870.0,880.0,72747,880.0,2026-09-03T19:33:13.380850+00:00
2020-09-21,892.0,892.0,876.0,883.0,61628,883.0,2026-09-03T19:33:13.380850+00:00
2020-09-22,888.0,890.0,870.0,871.0,51572,871.0,2026-09-03T19:33:13.380850+00:00
2020-09-23,866.0,877.0,866.0,874.0,30912,874.0,2026-09-03T19:33:13.380850+00:00
2020-09-24,866.0,877.0,866.0,875.0,23476,875.0,2026-09-03T19:33:13.380850+00:00
2020-09-27,880.0,883.0,870.0,874.0,23447,874.0,2026-09-03T19:33:13.380850+00:00
2020-09-28,885.0,885.0,868.0,871.0,17676,871.0,2026-09-03T19:33:13.380850+00:00
2020-09-29,875.0,875.0,862.0,864.0,20446,864.0,2026-09-03T19:33:13.380850+00:00
2020-09-30,864.0,875.0,857.0,859.0,22250,859.0,2026-09-03T19:33:13.380850+00:00
2020-10-01,860.0,869.0,860.0,867.0,30640,867.0,2026-09-03T19:33:13.380850+00:00
2020-10-04,890.0,895.0,875.0,880.0,52843,880.0,2026-09-03T19:33:13.380850+00:00
2020-10-05,885.0,889.0,872.0,876.0,22147,876.0,2026-09-03T19:33:13.380850+00:00
2020-10-06,878.0,885.0,872.0,877.0,18761,877.0,2026-09-03T19:33:13.380850+00:00
2020-10-07,880.0,882.0,868.0,872.0,26029,872.0,2026-09-03T19:33:13.380850+00:00
2020-10-08,880.0,882.0,866.0,869.0,27048,869.0,2026-09-03T19:33:13.380850+00:00
2020-10-11,868.0,870.0,864.0,866.0,24647,866.0,2026-09-03T19:33:13.380850+00:00
2020-10-12,860.0,865.0,860.0,864.0,19390,864.0,2026-09-03T19:33:13.380850+00:00
2020-10-13,865.0,865.0,861.0,864.0,15218,864.0,2026-09-03T19:33:13.380850+00:00
2020-10-14,864.0,865.0,859.0,860.0,29183,860.0,2026-09-03T19:33:13.380850+00:00
2020-10-15,817.0,872.0,817.0,860.0,25564,860.0,2026-09-03T19:33:13.380850+00:00
2020-10-18,860.0,874.0,859.0,859.0,18801,859.0,2026-09-03T19:33:13.380850+00:00
2020-10-19,860.0,868.0,860.0,863.0,11314,863.0,2026-09-03T19:33:13.380850+00:00
2020-10-20,865.0,872.0,862.0,868.0,11628,868.0,2026-09-03T19:33:13.380850+00:00
2020-10-21,870.0,884.0,870.0,880.0,30592,880.0,2026-09-03T19:33:13.380850+00:00
2020-10-22,890.0,893.0,880.0,885.0,46895,885.0,2026-09-03T19:33:13.380850+00:00
2020-10-28,895.0,903.0,892.0,903.0,59283,903.0,2026-09-03T19:33:13.380850+00:00
2020-10-29,948.0,948.0,898.0,902.0,51398,902.0,2026-09-03T19:33:13.380850+00:00
2020-11-01,902.0,902.0,890.0,894.0,40311,894.0,2026-09-03T19:33:13.380850+00:00
2020-11-02,891.0,897.0,884.0,886.0,29989,886.0,2026-09-03T19:33:13.380850+00:00
2020-11-03,897.0,897.0,884.0,888.0,15950,888.0,2026-09-03T19:33:13.380850+00:00
2020-11-04,885.0,890.0,884.0,888.0,20507,888.0,2026-09-03T19:33:13.380850+00:00
2020-11-05,890.0,890.0,875.0,880.0,34927,880.0,2026-09-03T19:33:13.380850+00:00
2020-11-08,880.0,880.0,864.0,870.0,72463,870.0,2026-09-03T19:33:13.380850+00:00
2020-11-09,866.0,872.0,858.0,862.0,90972,862.0,2026-09-03T19:33:13.380850+00:00
2020-11-10,870.0,890.0,865.0,879.0,29034,879.0,2026-09-03T19:33:13.380850+00:00
2020-11-11,896.0,896.0,872.0,883.0,41751,883.0,2026-09-03T19:33:13.380850+00:00
2020-11-12,890.0,891.0,883.0,887.0,36591,887.0,2026-09-03T19:33:13.380850+00:00
2020-11-18,890.0,905.0,888.0,901.0,61321,901.0,2026-09-03T19:33:13.380850+00:00
2020-11-19,906.0,953.0,900.0,905.0,94311,905.0,2026-09-03T19:33:13.380850+00:00
2020-11-22,920.0,985.0,920.0,965.0,229261,965.0,2026-09-03T19:33:13.380850+00:00
2020-11-23,970.0,994.0,969.0,978.0,75761,978.0,2026-09-03T19:33:13.380850+00:00
2020-11-24,1000.0,1000.0,960.0,972.0,58491,972.0,2026-09-03T19:33:13.380850+00:00
2020-11-25,981.0,1039.0,972.0,1038.0,295613,1038.0,2026-09-03T19:33:13.380850+00:00
2020-11-26,1050.0,1141.0,1050.0,1130.0,343732,1130.0,2026-09-03T19:33:13.380850+00:00
2020-11-29,1150.0,1200.0,1141.0,1185.0,283683,1185.0,2026-09-03T19:33:13.380850+00:00
2020-11-30,1244.0,1244.0,1150.0,1159.0,196359,1159.0,2026-09-03T19:33:13.380850+00:00
2020-12-01,1150.0,1165.0,1115.0,1119.0,177245,1119.0,2026-09-03T19:33:13.380850+00:00
2020-12-02,1120.0,1147.0,1096.0,1125.0,205216,1125.0,2026-09-03T19:33:13.380850+00:00
2020-12-03,1106.0,1196.0,1106.0,1140.0,159437,1140.0,2026-09-03T19:33:13.380850+00:00
2020-12-06,1123.0,1145.0,1078.0,1078.0,161986,1078.0,2026-09-03T19:33:13.380850+00:00
2020-12-07,1070.0,1147.0,1057.0,1118.0,164879,1118.0,2026-09-03T19:33:13.380850+00:00
2020-12-08,1140.0,1162.0,1115.0,1124.0,113499,1124.0,2026-09-03T19:33:13.380850+00:00
2020-12-09,1125.0,1135.0,1095.0,1101.0,77270,1101.0,2026-09-03T19:33:13.380850+00:00
2020-12-10,1115.0,1127.0,1094.0,1120.0,86977,1120.0,2026-09-03T19:33:13.380850+00:00
2020-12-13,1064.0,1165.0,1064.0,1159.0,110589,1159.0,2026-09-03T19:33:13.380850+00:00
2020-12-14,1172.0,1248.0,1160.0,1227.0,273113,1227.0,2026-09-03T19:33:13.380850+00:00
2020-12-15,1210.0,1293.0,1202.0,1240.0,161533,1240.0,2026-09-03T19:33:13.380850+00:00
2020-12-16,1240.0,1254.0,1200.0,1248.0,149009,1248.0,2026-09-03T19:33:13.380850+00:00
2020-12-17,1250.0,1255.0,1228.0,1235.0,101916,1235.0,2026-09-03T19:33:13.380850+00:00
2020-12-20,1240.0,1246.0,1175.0,1207.0,323547,1207.0,2026-09-03T19:33:13.380850+00:00
2020-12-21,1180.0,1236.0,1160.0,1231.0,263971,1231.0,2026-09-03T19:33:13.380850+00:00
2020-12-22,1292.0,1354.0,1292.0,1354.0,48213,1354.0,2026-09-03T19:33:13.380850+00:00
2020-12-23,1400.0,1489.0,1400.0,1489.0,187508,1489.0,2026-09-03T19:33:13.380850+00:00
2020-12-24,1550.0,1550.0,1403.0,1425.0,425873,1425.0,2026-09-03T19:33:13.380850+00:00
2020-12-27,1425.0,1450.0,1381.0,1384.0,290409,1384.0,2026-09-03T19:33:13.380850+00:00
2020-12-28,1380.0,1395.0,1360.0,1379.0,176237,1379.0,2026-09-03T19:33:13.380850+00:00
2020-12-29,1380.0,1400.0,1380.0,1386.0,381895,1386.0,2026-09-03T19:33:13.380850+00:00
2020-12-30,1080.0,1108.0,1048.0,1101.0,240703,1101.0,2026-09-03T19:33:13.380850+00:00
2020-12-31,1110.0,1130.0,1100.0,1100.0,126022,1100.0,2026-09-03T19:33:13.380850+00:00
2021-01-03,1100.0,1130.0,1080.0,1125.0,152668,1125.0,2026-09-03T19:33:13.380850+00:00
2021-01-04,1135.0,1136.0,1102.0,1111.0,91228,1111.0,2026-09-03T19:33:13.380850+00:00
2021-01-05,1111.0,1118.0,1095.0,1097.0,90991,1097.0,2026-09-03T19:33:13.380850+00:00
2021-01-06,1097.0,1104.0,1086.0,1096.0,76530,1096.0,2026-09-03T19:33:13.380850+00:00
2021-01-07,1042.0,1112.0,1042.0,1091.0,77627,1091.0,2026-09-03T19:33:13.380850+00:00
2021-01-10,1095.0,1134.0,1095.0,1126.0,182457,1126.0,2026-09-03T19:33:13.380850+00:00
2021-01-11,1182.0,1182.0,1120.0,1125.0,67113,1125.0,2026-09-03T19:33:13.380850+00:00
2021-01-12,1081.0,1150.0,1081.0,1140.0,78962,1140.0,2026-09-03T19:33:13.380850+00:00
2021-01-13,1130.0,1147.0,1130.0,1132.0,48737,1132.0,2026-09-03T19:33:13.380850+00:00
2021-01-17,1140.0,1140.0,1117.0,1128.0,54196,1128.0,2026-09-03T19:33:13.380850+00:00
2021-01-18,1180.0,1180.0,1115.0,1128.0,79293,1128.0,2026-09-03T19:33:13.380850+00:00
2021-01-19,1180.0,1180.0,1112.0,1117.0,65561,1117.0,2026-09-03T19:33:13.380850+00:00
2021-01-20,1172.0,1172.0,1100.0,1103.0,85123,1103.0,2026-09-03T19:33:13.380850+00:00
2021-01-21,1100.0,1110.0,1095.0,1109.0,108401,1109.0,2026-09-03T19:33:13.380850+00:00
2021-01-24,1120.0,1139.0,1109.0,1115.0,128981,1115.0,2026-09-03T19:33:13.380850+00:00
2021-01-25,1115.0,1205.0,1110.0,1176.0,287254,1176.0,2026-09-03T19:33:13.380850+00:00
2021-01-26,1190.0,1194.0,1165.0,1168.0,133717,1168.0,2026-09-03T19:33:13.380850+00:00
2021-01-27,1126.0,1186.0,1126.0,1182.0,97355,1182.0,2026-09-03T19:33:13.380850+00:00
2021-01-28,1182.0,1182.0,1129.0,1145.0,143020,1145.0,2026-09-03T19:33:13.380850+00:00
2021-01-31,1088.0,1145.0,1088.0,1110.0,114576,1110.0,2026-09-03T19:33:13.380850+00:00
2021-02-01,1065.0,1151.0,1065.0,1120.0,60104,1120.0,2026-09-03T19:33:13.380850+00:00
2021-02-02,1130.0,1140.0,1120.0,1129.0,79207,1129.0,2026-09-03T19:33:13.380850+00:00
2021-02-03,1150.0,1160.0,1110.0,1120.0,110383,1120.0,2026-09-03T19:33:13.380850+00:00
2021-02-04,1150.0,1150.0,1111.0,1116.0,82322,1116.0,2026-09-03T19:33:13.380850+00:00
2021-02-07,1116.0,1125.0,1111.0,1114.0,121996,1114.0,2026-09-03T19:33:13.380850+00:00
2021-02-08,1130.0,1180.0,1115.0,1165.0,292168,1165.0,2026-09-03T19:33:13.380850+00:00
2021-02-09,1107.0,1197.0,1107.0,1160.0,181209,1160.0,2026-09-03T19:33:13.380850+00:00
2021-02-10,1160.0,1189.0,1152.0,1176.0,130150,1176.0,2026-09-03T19:33:13.380850+00:00
2021-02-11,1180.0,1250.0,1170.0,1213.0,317291,1213.0,2026-09-03T19:33:13.380850+00:00
2021-02-14,1230.0,1242.0,1200.0,1221.0,168891,1221.0,2026-09-03T19:33:13.380850+00:00
2021-02-15,1230.0,1328.0,1230.0,1321.0,524258,1321.0,2026-09-03T19:33:13.380850+00:00
2021-02-16,1330.0,1386.0,1324.0,1365.0,399457,1365.0,2026-09-03T19:33:13.380850+00:00
2021-02-17,1433.0,1433.0,1350.0,1391.0,295552,1391.0,2026-09-03T19:33:13.380850+00:00
2021-02-18,1400.0,1405.0,1358.0,1367.0,188406,1367.0,2026-09-03T19:33:13.380850+00:00
2021-02-21,1435.0,1435.0,1335.0,1355.0,186705,1355.0,2026-09-03T19:33:13.380850+00:00
2021-02-22,1360.0,1360.0,1319.0,1319.0,182067,1319.0,2026-09-03T19:33:13.380850+00:00
2021-02-23,1300.0,1344.0,1286.0,1335.0,285817,1335.0,2026-09-03T19:33:13.380850+00:00
2021-02-24,1350.0,1375.0,1330.0,1350.0,143200,1350.0,2026-09-03T19:33:13.380850+00:00
2021-02-25,1360.0,1377.0,1314.0,1322.0,163157,1322.0,2026-09-03T19:33:13.380850+00:00
2021-02-28,1322.0,1325.0,1287.0,1296.0,176137,1296.0,2026-09-03T19:33:13.380850+00:00
2021-03-01,1259.0,1315.0,1259.0,1314.0,102909,1314.0,2026-09-03T19:33:13.380850+00:00
2021-03-02,1320.0,1323.0,1250.0,1274.0,133848,1274.0,2026-09-03T19:33:13.380850+00:00
2021-03-03,1258.0,1270.0,1226.0,1244.0,152652,1244.0,2026-09-03T19:33:13.380850+00:00
2021-03-04,1268.0,1314.0,1260.0,1300.0,155720,1300.0,2026-09-03T19:33:13.380850+00:00
2021-03-07,1300.0,1305.0,1271.0,1285.0,67034,1285.0,2026-09-03T19:33:13.380850+00:00
2021-03-09,1300.0,1300.0,1264.0,1275.0,81515,1275.0,2026-09-03T19:33:13.380850+00:00
2021-03-10,1338.0,1338.0,1252.0,1255.0,69416,1255.0,2026-09-03T19:33:13.380850+00:00
2021-03-14,1250.0,1250.0,1205.0,1215.0,169858,1215.0,2026-09-03T19:33:13.380850+00:00
2021-03-15,1208.0,1226.0,1190.0,1205.0,163239,1205.0,2026-09-03T19:33:13.380850+00:00
2021-03-16,1145.0,1225.0,1145.0,1207.0,115007,1207.0,2026-09-03T19:33:13.380850+00:00
2021-03-17,1215.0,1224.0,1200.0,1219.0,96573,1219.0,2026-09-03T19:33:13.380850+00:00
2021-03-18,1279.0,1279.0,1215.0,1243.0,91022,1243.0,2026-09-03T19:33:13.380850+00:00
2021-03-21,1250.0,1274.0,1250.0,1259.0,110107,1259.0,2026-09-03T19:33:13.380850+00:00
2021-03-22,1271.0,1295.0,1238.0,1244.0,93451,1244.0,2026-09-03T19:33:13.380850+00:00
2021-03-23,1245.0,1245.0,1229.0,1234.0,55201,1234.0,2026-09-03T19:33:13.380850+00:00
2021-03-24,1250.0,1257.0,1230.0,1239.0,53495,1239.0,2026-09-03T19:33:13.380850+00:00
2021-03-25,1246.0,1255.0,1221.0,1227.0,57130,1227.0,2026-09-03T19:33:13.380850+00:00
2021-03-29,1227.0,1243.0,1227.0,1232.0,51438,1232.0,2026-09-03T19:33:13.380850+00:00
2021-03-30,1232.0,1240.0,1230.0,1236.0,97016,1236.0,2026-09-03T19:33:13.380850+00:00
2021-03-31,1239.0,1305.0,1238.0,1294.0,187475,1294.0,2026-09-03T19:33:13.380850+00:00
2021-04-01,1294.0,1318.0,1280.0,1283.0,108284,1283.0,2026-09-03T19:33:13.380850+00:00
2021-04-04,1347.0,1347.0,1293.0,1316.0,188377,1316.0,2026-09-03T19:33:13.380850+00:00
2021-04-05,1315.0,1332.0,1303.0,1315.0,117881,1315.0,2026-09-03T19:33:13.380850+00:00
2021-04-06,1314.0,1324.0,1300.0,1311.0,103143,1311.0,2026-09-03T19:33:13.380850+00:00
2021-04-07,1310.0,1334.0,1310.0,1317.0,104059,1317.0,2026-09-03T19:33:13.380850+00:00
2021-04-08,1325.0,1339.0,1316.0,1330.0,136914,1330.0,2026-09-03T19:33:13.380850+00:00
2021-04-12,1335.0,1360.0,1320.0,1348.0,183552,1348.0,2026-09-03T19:33:13.380850+00:00
2021-04-13,1281.0,1381.0,1281.0,1380.0,209373,1380.0,2026-09-03T19:33:13.380850+00:00
2021-04-15,1449.0,1449.0,1350.0,1370.0,168272,1370.0,2026-09-03T19:33:13.380850+00:00
2021-04-18,1370.0,1370.0,1330.0,1335.0,173619,1335.0,2026-09-03T19:33:13.380850+00:00
2021-04-19,1369.0,1369.0,1310.0,1318.0,142149,1318.0,2026-09-03T19:33:13.380850+00:00
2021-04-20,1318.0,1344.0,1305.0,1315.0,120001,1315.0,2026-09-03T19:33:13.380850+00:00
2021-04-21,1380.0,1380.0,1290.0,1295.0,109757,1295.0,2026-09-03T19:33:13.380850+00:00
2021-04-22,1295.0,1307.0,1280.0,1298.0,125239,1298.0,2026-09-03T19:33:13.380850+00:00
2021-04-25,1361.0,1361.0,1255.0,1270.0,165129,1270.0,2026-09-03T19:33:13.380850+00:00
2021-04-26,1250.0,1281.0,1230.0,1231.0,156529,1231.0,2026-09-03T19:33:13.380850+00:00
2021-04-27,1231.0,1280.0,1231.0,1278.0,107440,1278.0,2026-09-03T19:33:13.380850+00:00
2021-04-28,1225.0,1300.0,1225.0,1264.0,84413,1264.0,2026-09-03T19:33:13.380850+00:00
2021-04-29,1266.0,1275.0,1257.0,1270.0,75819,1270.0,2026-09-03T19:33:13.380850+00:00
2021-05-02,1295.0,1295.0,1265.0,1275.0,93567,1275.0,2026-09-03T19:33:13.380850+00:00
2021-05-03,1300.0,1304.0,1275.0,1284.0,117310,1284.0,2026-09-03T19:33:13.380850+00:00
2021-05-04,1299.0,1299.0,1271.0,1274.0,80193,1274.0,2026-09-03T19:33:13.380850+00:00
2021-05-05,1290.0,1290.0,1265.0,1266.0,67433,1266.0,2026-09-03T19:33:13.380850+00:00
2021-05-06,1273.0,1273.0,1260.0,1265.0,60497,1265.0,2026-09-03T19:33:13.380850+00:00
2021-05-09,1265.0,1274.0,1250.0,1259.0,94346,1259.0,2026-09-03T19:33:13.380850+00:00
2021-05-10,1264.0,1273.0,1255.0,1260.0,67445,1260.0,2026-09-03T19:33:13.380850+00:00
2021-05-11,1256.0,1274.0,1256.0,1265.0,95404,1265.0,2026-09-03T19:33:13.380850+00:00
2021-05-12,1265.0,1275.0,1259.0,1262.0,94423,1262.0,2026-09-03T19:33:13.380850+00:00
2021-05-13,1270.0,1270.0,1260.0,1267.0,76245,1267.0,2026-09-03T19:33:13.380850+00:00
2021-05-16,1265.0,1300.0,1265.0,1288.0,165718,1288.0,2026-09-03T19:33:13.380850+00:00
2021-05-17,1299.0,1320.0,1299.0,1308.0,103727,1308.0,2026-09-03T19:33:13.380850+00:00
2021-05-18,1373.0,1373.0,1304.0,1308.0,73064,1308.0,2026-09-03T19:33:13.380850+00:00
2021-05-19,1373.0,1373.0,1290.0,1302.0,103756,1302.0,2026-09-03T19:33:13.380850+00:00
2021-05-20,1340.0,1340.0,1282.0,1300.0,65407,1300.0,2026-09-03T19:33:13.380850+00:00
2021-05-23,1275.0,1313.0,1275.0,1312.0,107284,1312.0,2026-09-03T19:33:13.380850+00:00
2021-05-24,1377.0,1377.0,1310.0,1320.0,127131,1320.0,2026-09-03T19:33:13.380850+00:00
2021-05-25,1286.0,1329.0,1286.0,1306.0,85759,1306.0,2026-09-03T19:33:13.380850+00:00
2021-05-27,1300.0,1302.0,1282.0,1294.0,108286,1294.0,2026-09-03T19:33:13.380850+00:00
2021-05-30,1294.0,1316.0,1294.0,1300.0,90621,1300.0,2026-09-03T19:33:13.380850+00:00
2021-05-31,1300.0,1312.0,1282.0,1285.0,123090,1285.0,2026-09-03T19:33:13.380850+00:00
2021-06-01,1285.0,1295.0,1276.0,1292.0,110156,1292.0,2026-09-03T19:33:13.380850+00:00
2021-06-02,1356.0,1356.0,1286.0,1293.0,60397,1293.0,2026-09-03T19:33:13.380850+00:00
2021-06-03,1255.0,1321.0,1255.0,1309.0,175139,1309.0,2026-09-03T19:33:13.380850+00:00
2021-06-06,1374.0,1374.0,1320.0,1330.0,193387,1330.0,2026-09-03T19:33:13.380850+00:00
2021-06-07,1350.0,1350.0,1308.0,1316.0,148222,1316.0,2026-09-03T19:33:13.380850+00:00
2021-06-08,1307.0,1321.0,1307.0,1315.0,120498,1315.0,2026-09-03T19:33:13.380850+00:00
2021-06-09,1380.0,1380.0,1289.0,1310.0,148864,1310.0,2026-09-03T19:33:13.380850+00:00
2021-06-10,1326.0,1326.0,1299.0,1304.0,132428,1304.0,2026-09-03T19:33:13.380850+00:00
2021-06-13,1305.0,1312.0,1300.0,1304.0,142630,1304.0,2026-09-03T19:33:13.380850+00:00
2021-06-14,1304.0,1330.0,1301.0,1309.0,176408,1309.0,2026-09-03T19:33:13.380850+00:00
2021-06-15,1374.0,1374.0,1295.0,1312.0,110411,1312.0,2026-09-03T19:33:13.380850+00:00
2021-06-16,1312.0,1340.0,1303.0,1308.0,94402,1308.0,2026-09-03T19:33:13.380850+00:00
2021-06-17,1308.0,1315.0,1300.0,1309.0,92288,1309.0,2026-09-03T19:33:13.380850+00:00
2021-06-20,1312.0,1312.0,1290.0,1297.0,117221,1297.0,2026-09-03T19:33:13.380850+00:00
2021-06-21,1300.0,1304.0,1284.0,1285.0,129080,1285.0,2026-09-03T19:33:13.380850+00:00
2021-06-22,1285.0,1300.0,1280.0,1298.0,106023,1298.0,2026-09-03T19:33:13.380850+00:00
2021-06-23,1362.0,1362.0,1288.0,1291.0,94681,1291.0,2026-09-03T19:33:13.380850+00:00
2021-06-24,1300.0,1300.0,1280.0,1286.0,80446,1286.0,2026-09-03T19:33:13.380850+00:00
2021-06-27,1250.0,1306.0,1250.0,1298.0,81126,1298.0,2026-09-03T19:33:13.380850+00:00
2021-06-28,1334.0,1334.0,1297.0,1302.0,66695,1302.0,2026-09-03T19:33:13.380850+00:00
2021-06-29,1310.0,1310.0,1295.0,1296.0,62112,1296.0,2026-09-03T19:33:13.380850+00:00
2021-06-30,1232.0,1315.0,1232.0,1296.0,69882,1296.0,2026-09-03T19:33:13.380850+00:00
2021-07-01,1296.0,1305.0,1293.0,1297.0,41519,1297.0,2026-09-03T19:33:13.380850+00:00
2021-07-04,1300.0,1305.0,1296.0,1298.0,47249,1298.0,2026-09-03T19:33:13.380850+00:00
2021-07-05,1360.0,1360.0,1295.0,1297.0,46953,1297.0,2026-09-03T19:33:13.380850+00:00
2021-07-06,1261.0,1303.0,1261.0,1301.0,68703,1301.0,2026-09-03T19:33:13.380850+00:00
2021-07-07,1309.0,1309.0,1297.0,1299.0,66773,1299.0,2026-09-03T19:33:13.380850+00:00
2021-07-08,1350.0,1350.0,1297.0,1317.0,90493,1317.0,2026-09-03T19:33:13.380850+00:00
2021-07-11,1317.0,1353.0,1317.0,1345.0,192294,1345.0,2026-09-03T19:33:13.380850+00:00
2021-07-12,1400.0,1400.0,1324.0,1338.0,162964,1338.0,2026-09-03T19:33:13.380850+00:00
2021-07-13,1275.0,1355.0,1275.0,1347.0,136946,1347.0,2026-09-03T19:33:13.380850+00:00
2021-07-14,1350.0,1358.0,1330.0,1349.0,101853,1349.0,2026-09-03T19:33:13.380850+00:00
2021-07-15,1350.0,1361.0,1349.0,1359.0,87922,1359.0,2026-09-03T19:33:13.380850+00:00
2021-07-18,1368.0,1440.0,1368.0,1440.0,272476,1440.0,2026-09-03T19:33:13.380850+00:00
2021-07-19,1468.0,1493.0,1450.0,1451.0,226566,1451.0,2026-09-03T19:33:13.380850+00:00
2021-07-20,1480.0,1490.0,1430.0,1454.0,113294,1454.0,2026-09-03T19:33:13.380850+00:00
2021-07-22,1454.0,1463.0,1449.0,1459.0,147151,1459.0,2026-09-03T19:33:13.380850+00:00
2021-07-25,1488.0,1500.0,1470.0,1499.5,171727,1499.5,2026-09-03T19:33:13.380850+00:00
2021-07-26,1500.0,1515.0,1480.0,1492.0,196175,1492.0,2026-09-03T19:33:13.380850+00:00
2021-07-27,1462.2,1500.0,1433.0,1489.0,211397,1489.0,2026-09-03T19:33:13.380850+00:00
2021-07-28,1500.0,1500.0,1480.0,1482.0,84254,1482.0,2026-09-03T19:33:13.380850+00:00
2021-07-29,1482.0,1490.0,1475.1,1477.0,80443,1477.0,2026-09-03T19:33:13.380850+00:00
2021-08-01,1494.0,1494.0,1466.5,1480.0,75284,1480.0,2026-09-03T19:33:13.380850+00:00
2021-08-02,1480.0,1495.0,1479.5,1487.0,59355,1487.0,2026-09-03T19:33:13.380850+00:00
2021-08-03,1500.0,1500.0,1485.0,1490.0,58914,1490.0,2026-09-03T19:33:13.380850+00:00
2021-08-04,1500.0,1500.0,1488.0,1488.9,63649,1488.9,2026-09-03T19:33:13.380850+00:00
2021-08-05,1490.0,1499.0,1482.1,1488.0,54477,1488.0,2026-09-03T19:33:13.380850+00:00
2021-08-08,1489.0,1503.0,1488.0,1494.0,88896,1494.0,2026-09-03T19:33:13.380850+00:00
2021-08-09,1499.0,1499.0,1490.0,1494.0,51624,1494.0,2026-09-03T19:33:13.380850+00:00
2021-08-10,1496.0,1522.0,1490.0,1512.0,131079,1512.0,2026-09-03T19:33:13.380850+00:00
2021-08-11,1520.0,1540.0,1512.2,1514.0,76570,1514.0,2026-09-03T19:33:13.380850+00:00
2021-08-12,1520.0,1530.0,1515.0,1519.0,61561,1519.0,2026-09-03T19:33:13.380850+00:00
2021-08-15,1520.0,1525.0,1475.0,1505.0,247612,1505.0,2026-09-03T19:33:13.380850+00:00
2021-08-16,1535.0,1560.0,1499.0,1507.4,201928,1507.4,2026-09-03T19:33:13.380850+00:00
2021-08-17,1518.0,1518.0,1489.0,1495.0,216309,1495.0,2026-09-03T19:33:13.380850+00:00
2021-08-18,1500.0,1505.0,1485.0,1495.0,119338,1495.0,2026-09-03T19:33:13.380850+00:00
2021-08-19,1500.0,1501.0,1485.0,1490.0,106885,1490.0,2026-09-03T19:33:13.380850+00:00
2021-08-24,1499.0,1499.0,1477.0,1477.0,108363,1477.0,2026-09-03T19:33:13.380850+00:00
2021-08-25,1479.0,1479.0,1448.0,1459.0,120921,1459.0,2026-09-03T19:33:13.380850+00:00
2021-08-26,1460.0,1480.1,1441.0,1450.0,159476,1450.0,2026-09-03T19:33:13.380850+00:00
2021-08-29,1430.0,1469.0,1413.0,1433.0,183055,1433.0,2026-09-03T19:33:13.380850+00:00
2021-08-31,1433.0,1433.0,1402.0,1419.0,126285,1419.0,2026-09-03T19:33:13.380850+00:00
2021-09-01,1435.0,1446.0,1408.0,1420.0,124665,1420.0,2026-09-03T19:33:13.380850+00:00
2021-09-02,1420.5,1440.0,1414.0,1418.0,105395,1418.0,2026-09-03T19:33:13.380850+00:00
2021-09-05,1420.0,1420.0,1372.0,1388.0,177307,1388.0,2026-09-03T19:33:13.380850+00:00
2021-09-06,1390.0,1445.0,1380.0,1442.0,134284,1442.0,2026-09-03T19:33:13.380850+00:00
2021-09-07,1455.0,1470.0,1419.0,1429.9,79191,1429.9,2026-09-03T19:33:13.380850+00:00
2021-09-08,1429.9,1430.0,1404.0,1415.0,59583,1415.0,2026-09-03T19:33:13.380850+00:00
2021-09-09,1410.0,1420.0,1410.0,1410.0,70348,1410.0,2026-09-03T19:33:13.380850+00:00
2021-09-12,1415.0,1447.0,1410.0,1440.0,75225,1440.0,2026-09-03T19:33:13.380850+00:00
2021-09-13,1468.8,1482.0,1440.0,1455.0,210616,1455.0,2026-09-03T19:33:13.380850+00:00
2021-09-14,1473.0,1473.0,1445.0,1453.0,46726,1453.0,2026-09-03T19:33:13.380850+00:00
2021-09-15,1470.0,1470.0,1440.0,1445.0,37192,1445.0,2026-09-03T19:33:13.380850+00:00
2021-09-16,1430.0,1440.0,1408.0,1424.5,108701,1424.5,2026-09-03T19:33:13.380850+00:00
2021-09-20,1432.0,1440.0,1380.0,1393.0,132043,1393.0,2026-09-03T19:33:13.380850+00:00
2021-09-21,1393.0,1415.0,1345.0,1389.0,148677,1389.0,2026-09-03T19:33:13.380850+00:00
2021-09-22,1415.0,1425.0,1400.0,1424.4,79284,1424.4,2026-09-03T19:33:13.380850+00:00
2021-09-23,1441.1,1455.0,1430.0,1438.0,136670,1438.0,2026-09-03T19:33:13.380850+00:00
2021-09-26,1450.0,1465.0,1427.0,1431.0,116113,1431.0,2026-09-03T19:33:13.380850+00:00
2021-09-27,1435.0,1435.0,1403.0,1415.0,47830,1415.0,2026-09-03T19:33:13.380850+00:00
2021-09-28,1415.0,1415.0,1380.0,1395.0,86659,1395.0,2026-09-03T19:33:13.380850+00:00
2021-09-29,1420.0,1420.0,1379.0,1408.0,58596,1408.0,2026-09-03T19:33:13.380850+00:00
2021-09-30,1413.0,1419.0,1401.0,1407.0,47037,1407.0,2026-09-03T19:33:13.380850+00:00
2021-10-03,1429.9,1429.9,1393.0,1395.0,55819,1395.0,2026-09-03T19:33:13.380850+00:00
2021-10-04,1392.0,1407.0,1370.0,1397.0,60200,1397.0,2026-09-03T19:33:13.380850+00:00
2021-10-05,1410.0,1410.0,1394.0,1410.0,44358,1410.0,2026-09-03T19:33:13.380850+00:00
2021-10-06,1410.0,1453.0,1410.0,1444.9,57353,1444.9,2026-09-03T19:33:13.380850+00:00
2021-10-10,1462.6,1500.0,1462.6,1474.0,77855,1474.0,2026-09-03T19:33:13.380850+00:00
2021-10-11,1503.0,1503.0,1439.9,1450.0,118043,1450.0,2026-09-03T19:33:13.380850+00:00
2021-10-17,1479.0,1507.0,1465.0,1482.0,56389,1482.0,2026-09-03T19:33:13.380850+00:00
2021-10-18,1482.0,1482.0,1448.0,1468.0,67707,1468.0,2026-09-03T19:33:13.380850+00:00
2021-10-19,1448.0,1450.0,1420.1,1431.0,77881,1431.0,2026-09-03T19:33:13.380850+00:00
2021-10-20,1459.6,1479.0,1430.0,1460.0,65244,1460.0,2026-09-03T19:33:13.380850+00:00
2021-10-21,1460.0,1480.0,1447.0,1471.0,65682,1471.0,2026-09-03T19:33:13.380850+00:00
2021-10-24,1472.0,1479.0,1462.0,1470.9,54884,1470.9,2026-09-03T19:33:13.380850+00:00
2021-10-25,1500.3,1500.3,1470.3,1497.0,78485,1497.0,2026-09-03T19:33:13.380850+00:00
2021-10-26,1505.5,1578.0,1498.0,1569.0,225327,1569.0,2026-09-03T19:33:13.380850+00:00
2021-10-27,1569.0,1620.0,1559.0,1606.0,270557,1606.0,2026-09-03T19:33:13.380850+00:00
2021-10-28,1610.0,1619.0,1595.0,1598.0,141749,1598.0,2026-09-03T19:33:13.380850+00:00
2021-10-31,1600.0,1629.9,1573.0,1580.0,176045,1580.0,2026-09-03T19:33:13.380850+00:00
2021-11-01,1580.0,1620.0,1551.0,1620.0,215086,1620.0,2026-09-03T19:33:13.380850+00:00
2021-11-02,1650.0,1650.0,1594.0,1608.0,131659,1608.0,2026-09-03T19:33:13.380850+00:00
2021-11-03,1640.1,1740.0,1640.1,1653.0,705430,1653.0,2026-09-03T19:33:13.380850+00:00
2021-11-08,1660.0,1660.0,1605.0,1614.7,186984,1614.7,2026-09-03T19:33:13.380850+00:00
2021-11-09,1614.7,1614.7,1570.0,1579.0,188332,1579.0,2026-09-03T19:33:13.380850+00:00
2021-11-11,1579.0,1580.0,1540.0,1550.0,199932,1550.0,2026-09-03T19:33:13.380850+00:00
2021-11-14,1570.0,1575.0,1540.0,1548.0,107590,1548.0,2026-09-03T19:33:13.380850+00:00
2021-11-15,1552.0,1576.0,1540.0,1540.0,104146,1540.0,2026-09-03T19:33:13.380850+00:00
2021-11-16,1550.0,1565.0,1546.1,1559.0,74044,1559.0,2026-09-03T19:33:13.380850+00:00
2021-11-17,1570.0,1570.0,1548.0,1556.0,99187,1556.0,2026-09-03T19:33:13.380850+00:00
2021-11-18,1587.1,1587.1,1546.0,1547.0,89460,1547.0,2026-09-03T19:33:13.380850+00:00
2021-11-21,1560.0,1565.0,1538.0,1544.0,75509,1544.0,2026-09-03T19:33:13.380850+00:00
2021-11-22,1544.0,1554.9,1540.0,1546.0,80745,1546.0,2026-09-03T19:33:13.380850+00:00
2021-11-23,1550.0,1550.0,1532.0,1537.0,62286,1537.0,2026-09-03T19:33:13.380850+00:00
2021-11-24,1545.0,1550.0,1527.0,1545.0,54975,1545.0,2026-09-03T19:33:13.380850+00:00
2021-11-25,1547.0,1550.0,1535.0,1538.0,64950,1538.0,2026-09-03T19:33:13.380850+00:00
2021-11-28,1538.0,1538.0,1520.0,1523.0,85621,1523.0,2026-09-03T19:33:13.380850+00:00
2021-11-29,1523.0,1530.0,1508.0,1526.0,60022,1526.0,2026-09-03T19:33:13.380850+00:00
2021-11-30,1535.0,1535.0,1518.7,1521.0,52965,1521.0,2026-09-03T19:33:13.380850+00:00
2021-12-01,1535.3,1535.3,1523.0,1524.2,36610,1524.2,2026-09-03T19:33:13.380850+00:00
2021-12-02,1524.2,1530.0,1509.0,1512.0,60311,1512.0,2026-09-03T19:33:13.380850+00:00
2021-12-05,1514.0,1514.0,1471.0,1474.0,108142,1474.0,2026-09-03T19:33:13.380850+00:00
2021-12-06,1445.0,1495.0,1415.0,1485.0,118177,1485.0,2026-09-03T19:33:13.380850+00:00
2021-12-07,1513.9,1514.0,1475.0,1475.0,60813,1475.0,2026-09-03T19:33:13.380850+00:00
2021-12-08,1475.0,1480.0,1450.0,1456.8,47379,1456.8,2026-09-03T19:33:13.380850+00:00
2021-12-09,1456.0,1459.0,1434.0,1452.9,56323,1452.9,2026-09-03T19:33:13.380850+00:00
2021-12-12,1453.0,1453.0,1420.5,1421.0,80982,1421.0,2026-09-03T19:33:13.380850+00:00
2021-12-13,1421.0,1421.0,1364.0,1366.1,130695,1366.1,2026-09-03T19:33:13.380850+00:00
2021-12-14,1393.0,1460.0,1380.0,1460.0,64277,1460.0,2026-09-03T19:33:13.380850+00:00
2021-12-15,1460.0,1500.0,1412.0,1450.0,90423,1450.0,2026-09-03T19:33:13.380850+00:00
2021-12-16,1450.0,1460.0,1421.0,1430.0,43538,1430.0,2026-09-03T19:33:13.380850+00:00
2021-12-20,1439.9,1439.9,1412.0,1420.0,58668,1420.0,2026-09-03T19:33:13.380850+00:00
2021-12-21,1423.0,1452.5,1423.0,1452.5,98889,1452.5,2026-09-03T19:33:13.380850+00:00
2021-12-22,1460.0,1492.0,1455.0,1485.0,79765,1485.0,2026-09-03T19:33:13.380850+00:00
2021-12-23,1494.0,1499.0,1471.0,1485.0,51892,1485.0,2026-09-03T19:33:13.380850+00:00
2021-12-26,1514.7,1570.8,1506.0,1524.0,209837,1524.0,2026-09-03T19:33:13.380850+00:00
2021-12-27,1549.0,1550.0,1485.0,1499.0,201767,1499.0,2026-09-03T19:33:13.380850+00:00
2021-12-28,1500.0,1500.0,1479.2,1480.0,170269,1480.0,2026-09-03T19:33:13.380850+00:00
2021-12-29,1499.0,1500.0,1450.0,1450.0,326139,1450.0,2026-09-03T19:33:13.380850+00:00
2022-01-02,1107.0,1151.5,1086.0,1144.0,263845,1144.0,2026-09-03T19:33:13.380850+00:00
2022-01-03,1150.0,1160.0,1137.0,1137.0,130041,1137.0,2026-09-03T19:33:13.380850+00:00
2022-01-04,1137.0,1139.0,1117.2,1119.0,116739,1119.0,2026-09-03T19:33:13.380850+00:00
2022-01-05,1122.0,1138.0,1110.0,1111.9,75462,1111.9,2026-09-03T19:33:13.380850+00:00
2022-01-06,1111.0,1123.0,1099.6,1114.0,67780,1114.0,2026-09-03T19:33:13.380850+00:00
2022-01-09,1120.0,1129.0,1110.0,1113.0,126780,1113.0,2026-09-03T19:33:13.380850+00:00
2022-01-10,1113.0,1119.9,1106.1,1111.3,120640,1111.3,2026-09-03T19:33:13.380850+00:00
2022-01-11,1112.0,1117.0,1105.5,1114.8,102845,1114.8,2026-09-03T19:33:13.380850+00:00
2022-01-12,1120.0,1120.0,1107.0,1107.0,105760,1107.0,2026-09-03T19:33:13.380850+00:00
2022-01-13,1110.0,1112.0,1104.0,1110.0,92618,1110.0,2026-09-03T19:33:13.380850+00:00
2022-01-16,1120.0,1147.0,1110.0,1140.0,176667,1140.0,2026-09-03T19:33:13.380850+00:00
2022-01-17,1162.0,1179.0,1140.0,1178.9,113189,1178.9,2026-09-03T19:33:13.380850+00:00
2022-01-18,1180.0,1209.0,1180.0,1190.0,116223,1190.0,2026-09-03T19:33:13.380850+00:00
2022-01-19,1213.0,1213.0,1170.1,1177.0,73385,1177.0,2026-09-03T19:33:13.380850+00:00
2022-01-20,1182.0,1182.0,1160.0,1178.0,47782,1178.0,2026-09-03T19:33:13.380850+00:00
2022-01-23,1178.0,1178.0,1155.0,1161.0,79765,1161.0,2026-09-03T19:33:13.380850+00:00
2022-01-24,1165.0,1165.0,1125.0,1127.0,96165,1127.0,2026-09-03T19:33:13.380850+00:00
2022-01-25,1135.0,1145.0,1110.0,1129.1,52041,1129.1,2026-09-03T19:33:13.380850+00:00
2022-01-26,1129.0,1134.9,1115.0,1121.0,61217,1121.0,2026-09-03T19:33:13.380850+00:00
2022-01-27,1121.0,1130.0,1115.0,1117.0,56308,1117.0,2026-09-03T19:33:13.380850+00:00
2022-01-30,1139.0,1139.0,1127.1,1135.0,59027,1135.0,2026-09-03T19:33:13.380850+00:00
2022-01-31,1149.0,1149.0,1125.0,1127.0,38126,1127.0,2026-09-03T19:33:13.380850+00:00
2022-02-01,1129.9,1129.9,1119.3,1121.1,54175,1121.1,2026-09-03T19:33:13.380850+00:00
2022-02-03,1141.5,1143.5,1121.0,1122.0,61153,1122.0,2026-09-03T19:33:13.380850+00:00
2022-02-06,1130.0,1130.0,1108.5,1109.0,71516,1109.0,2026-09-03T19:33:13.380850+00:00
2022-02-07,1112.0,1112.0,1106.0,1109.0,68960,1109.0,2026-09-03T19:33:13.380850+00:00
2022-02-08,1128.0,1129.0,1106.0,1107.0,51383,1107.0,2026-09-03T19:33:13.380850+00:00
2022-02-09,1110.0,1110.0,1098.0,1100.9,59639,1100.9,2026-09-03T19:33:13.380850+00:00
2022-02-10,1101.0,1101.0,1095.0,1097.1,62380,1097.1,2026-09-03T19:33:13.380850+00:00
2022-02-13,1095.0,1095.0,1069.0,1070.0,87909,1070.0,2026-09-03T19:33:13.380850+00:00
2022-02-14,1070.0,1079.0,1064.0,1064.0,68303,1064.0,2026-09-03T19:33:13.380850+00:00
2022-02-15,1085.0,1085.0,1066.1,1075.0,53230,1075.0,2026-09-03T19:33:13.380850+00:00
2022-02-16,1096.0,1096.0,1070.3,1080.0,46381,1080.0,2026-09-03T19:33:13.380850+00:00
2022-02-17,1081.0,1094.0,1070.0,1079.0,34444,1079.0,2026-09-03T19:33:13.380850+00:00
2022-02-20,1070.0,1075.0,1045.0,1062.0,61489,1062.0,2026-09-03T19:33:13.380850+00:00
2022-02-21,1070.0,1073.0,1063.0,1067.0,39297,1067.0,2026-09-03T19:33:13.380850+00:00
2022-02-22,1080.0,1080.0,1069.0,1070.5,41743,1070.5,2026-09-03T19:33:13.380850+00:00
2022-02-23,1084.0,1085.0,1065.0,1067.5,29641,1067.5,2026-09-03T19:33:13.380850+00:00
2022-02-24,1065.0,1067.0,1048.0,1051.0,72385,1051.0,2026-09-03T19:33:13.380850+00:00
2022-02-27,1051.0,1051.0,1040.0,1041.0,43253,1041.0,2026-09-03T19:33:13.380850+00:00
2022-02-28,1050.0,1059.0,1037.0,1040.0,45316,1040.0,2026-09-03T19:33:13.380850+00:00
2022-03-02,1040.0,1048.0,1000.0,1006.0,74636,1006.0,2026-09-03T19:33:13.380850+00:00
2022-03-06,985.9,1020.0,985.9,1002.9,64365,1002.9,2026-09-03T19:33:13.380850+00:00
2022-03-07,1010.0,1012.0,1000.0,1011.9,47036,1011.9,2026-09-03T19:33:13.380850+00:00
2022-03-09,1020.0,1020.0,1006.0,1007.9,35691,1007.9,2026-09-03T19:33:13.380850+00:00
2022-03-10,988.7,1018.0,988.7,1018.0,31958,1018.0,2026-09-03T19:33:13.380850+00:00
2022-03-13,1036.0,1080.0,1034.0,1079.0,57510,1079.0,2026-09-03T19:33:13.380850+00:00
2022-03-14,1100.0,1100.5,1081.0,1092.0,23711,1092.0,2026-09-03T19:33:13.380850+00:00
2022-03-15,1100.0,1100.0,1075.0,1079.0,44505,1079.0,2026-09-03T19:33:13.380850+00:00
2022-03-16,1079.0,1089.0,1060.0,1064.0,25272,1064.0,2026-09-03T19:33:13.380850+00:00
2022-03-20,1080.0,1080.0,1055.3,1060.0,28034,1060.0,2026-09-03T19:33:13.380850+00:00
2022-03-21,1075.0,1075.0,1046.0,1052.0,32178,1052.0,2026-09-03T19:33:13.380850+00:00
2022-03-22,1060.0,1065.0,1048.1,1050.0,35572,1050.0,2026-09-03T19:33:13.380850+00:00
2022-03-23,1060.0,1060.0,1043.0,1047.0,29498,1047.0,2026-09-03T19:33:13.380850+00:00
2022-03-24,1057.0,1057.0,1036.0,1040.0,34482,1040.0,2026-09-03T19:33:13.380850+00:00
2022-03-27,1055.0,1055.0,1017.0,1020.0,37321,1020.0,2026-09-03T19:33:13.380850+00:00
2022-03-28,1029.0,1029.0,1010.0,1017.0,36394,1017.0,2026-09-03T19:33:13.380850+00:00
2022-03-29,1000.1,1030.0,1000.1,1009.0,53395,1009.0,2026-09-03T19:33:13.380850+00:00
2022-03-30,995.0,1006.0,993.0,1006.0,101034,1006.0,2026-09-03T19:33:13.380850+00:00
2022-03-31,1015.0,1019.9,1000.0,1002.0,62677,1002.0,2026-09-03T19:33:13.380850+00:00
2022-04-03,1010.1,1010.1,995.0,997.0,42507,997.0,2026-09-03T19:33:13.380850+00:00
2022-04-04,1000.0,1002.0,995.0,997.0,56895,997.0,2026-09-03T19:33:13.380850+00:00
2022-04-05,1000.0,1000.0,982.0,984.0,87147,984.0,2026-09-03T19:33:13.380850+00:00
2022-04-06,982.0,990.0,963.0,965.0,69199,965.0,2026-09-03T19:33:13.380850+00:00
2022-04-07,965.1,976.0,964.0,969.0,76197,969.0,2026-09-03T19:33:13.380850+00:00
2022-04-11,980.0,995.0,970.0,971.0,70697,971.0,2026-09-03T19:33:13.380850+00:00
2022-04-12,990.0,990.0,958.1,960.0,45151,960.0,2026-09-03T19:33:13.380850+00:00
2022-04-13,970.0,972.0,953.0,971.0,35450,971.0,2026-09-03T19:33:13.380850+00:00
2022-04-17,980.0,990.0,970.0,971.0,35787,971.0,2026-09-03T19:33:13.380850+00:00
2022-04-18,972.0,977.0,955.0,956.0,51642,956.0,2026-09-03T19:33:13.380850+00:00
2022-04-19,950.0,961.0,935.0,949.0,66610,949.0,2026-09-03T19:33:13.380850+00:00
2022-04-20,949.0,950.0,936.0,940.0,37902,940.0,2026-09-03T19:33:13.380850+00:00
2022-04-21,945.0,949.0,918.2,935.0,55028,935.0,2026-09-03T19:33:13.380850+00:00
2022-04-24,941.0,951.5,930.0,951.5,47975,951.5,2026-09-03T19:33:13.380850+00:00
2022-04-25,965.0,980.0,936.0,940.9,54841,940.9,2026-09-03T19:33:13.380850+00:00
2022-04-26,940.9,947.0,936.0,937.9,27496,937.9,2026-09-03T19:33:13.380850+00:00
2022-04-27,939.0,944.6,929.2,934.9,34974,934.9,2026-09-03T19:33:13.380850+00:00
2022-04-28,934.0,947.0,927.0,928.0,43224,928.0,2026-09-03T19:33:13.380850+00:00
2022-05-02,937.5,937.5,916.5,920.0,39086,920.0,2026-09-03T19:33:13.380850+00:00
2022-05-04,920.0,925.0,899.0,909.0,37775,909.0,2026-09-03T19:33:13.380850+00:00
2022-05-05,910.0,915.0,900.0,901.9,50023,901.9,2026-09-03T19:33:13.380850+00:00
2022-05-08,900.0,910.0,880.0,889.0,46835,889.0,2026-09-03T19:33:13.380850+00:00
2022-05-09,889.0,907.0,889.0,896.5,40948,896.5,2026-09-03T19:33:13.380850+00:00
2022-05-10,912.0,912.0,897.0,909.7,40752,909.7,2026-09-03T19:33:13.380850+00:00
2022-05-11,915.0,938.0,915.0,933.0,37027,933.0,2026-09-03T19:33:13.380850+00:00
2022-05-12,949.7,951.0,930.0,930.0,54739,930.0,2026-09-03T19:33:13.380850+00:00
2022-05-17,930.0,935.0,908.0,910.0,26873,910.0,2026-09-03T19:33:13.380850+00:00
2022-05-18,915.0,918.0,905.3,914.0,24747,914.0,2026-09-03T19:33:13.380850+00:00
2022-05-19,929.0,929.0,896.0,908.0,29333,908.0,2026-09-03T19:33:13.380850+00:00
2022-05-20,901.0,915.0,900.0,906.0,25594,906.0,2026-09-03T19:33:13.380850+00:00
2022-05-23,906.0,941.0,898.0,899.0,45910,899.0,2026-09-03T19:33:13.380850+00:00
2022-05-24,900.0,905.0,897.0,897.1,33616,897.1,2026-09-03T19:33:13.380850+00:00
2022-05-25,915.0,915.0,898.0,900.0,38263,900.0,2026-09-03T19:33:13.380850+00:00
2022-05-26,918.0,918.0,897.0,898.6,39717,898.6,2026-09-03T19:33:13.380850+00:00
2022-05-27,900.0,900.0,896.0,898.0,39790,898.0,2026-09-03T19:33:13.380850+00:00
2022-05-30,900.0,901.0,881.0,890.0,44382,890.0,2026-09-03T19:33:13.380850+00:00
2022-05-31,890.0,890.0,865.0,875.0,45502,875.0,2026-09-03T19:33:13.380850+00:00
2022-06-01,876.0,883.0,866.0,867.0,32984,867.0,2026-09-03T19:33:13.380850+00:00
2022-06-02,883.9,883.9,858.0,861.9,36911,861.9,2026-09-03T19:33:13.380850+00:00
2022-06-03,855.0,871.9,843.0,845.0,43168,845.0,2026-09-03T19:33:13.380850+00:00
2022-06-06,845.0,860.5,837.9,846.0,41330,846.0,2026-09-03T19:33:13.380850+00:00
2022-06-07,850.0,853.0,830.0,831.5,34581,831.5,2026-09-03T19:33:13.380850+00:00
2022-06-08,828.1,855.0,828.0,843.0,43083,843.0,2026-09-03T19:33:13.380850+00:00
2022-06-09,855.0,864.0,846.0,846.4,45493,846.4,2026-09-03T19:33:13.380850+00:00
2022-06-10,850.0,855.0,840.0,848.1,26409,848.1,2026-09-03T19:33:13.380850+00:00
2022-06-13,850.0,850.0,844.8,846.0,27758,846.0,2026-09-03T19:33:13.380850+00:00
2022-06-14,846.0,846.0,834.0,838.5,38169,838.5,2026-09-03T19:33:13.380850+00:00
2022-06-15,838.0,838.0,810.0,825.0,33494,825.0,2026-09-03T19:33:13.380850+00:00
2022-06-16,821.0,833.0,815.0,825.0,30303,825.0,2026-09-03T19:33:13.380850+00:00
2022-06-17,835.0,835.0,817.0,817.0,16582,817.0,2026-09-03T19:33:13.380850+00:00
2022-06-19,817.0,820.5,814.0,816.0,49808,816.0,2026-09-03T19:33:13.380850+00:00
2022-06-20,814.0,814.0,793.0,794.9,51029,794.9,2026-09-03T19:33:13.380850+00:00
2022-06-21,795.0,799.0,783.0,792.0,54464,792.0,2026-09-03T19:33:13.380850+00:00
2022-06-22,799.0,799.9,778.0,782.0,43206,782.0,2026-09-03T19:33:13.380850+00:00
2022-06-23,775.0,777.0,748.0,749.0,73119,749.0,2026-09-03T19:33:13.380850+00:00
2022-06-24,749.0,750.0,726.0,740.0,32412,740.0,2026-09-03T19:33:13.380850+00:00
2022-06-26,754.8,780.0,750.0,775.0,88020,775.0,2026-09-03T19:33:13.380850+00:00
2022-06-27,790.0,810.0,775.0,780.0,89874,780.0,2026-09-03T19:33:13.380850+00:00
2022-06-28,794.0,794.0,765.0,778.0,35763,778.0,2026-09-03T19:33:13.380850+00:00
2022-06-29,780.0,799.0,770.0,795.0,28748,795.0,2026-09-03T19:33:13.380850+00:00
2022-06-30,800.0,835.0,800.0,835.0,46615,835.0,2026-09-03T19:33:13.380850+00:00
2022-07-01,850.0,866.0,833.0,856.0,42203,856.0,2026-09-03T19:33:13.380850+00:00
2022-07-03,856.0,890.0,856.0,889.0,71068,889.0,2026-09-03T19:33:13.380850+00:00
2022-07-04,900.0,916.0,893.8,895.0,114314,895.0,2026-09-03T19:33:13.380850+00:00
2022-07-05,895.0,900.0,860.1,872.0,50999,872.0,2026-09-03T19:33:13.380850+00:00
2022-07-06,885.0,889.0,837.0,864.0,58061,864.0,2026-09-03T19:33:13.380850+00:00
2022-07-07,864.0,886.0,844.0,845.0,51271,845.0,2026-09-03T19:33:13.380850+00:00
2022-07-08,845.0,847.0,825.5,826.0,30318,826.0,2026-09-03T19:33:13.380850+00:00
2022-07-11,831.0,831.0,792.0,792.0,69864,792.0,2026-09-03T19:33:13.380850+00:00
2022-07-12,796.0,804.9,787.0,796.9,42720,796.9,2026-09-03T19:33:13.380850+00:00
2022-07-13,800.0,812.0,798.0,811.0,59513,811.0,2026-09-03T19:33:13.380850+00:00
2022-07-14,826.0,841.2,808.5,817.0,54640,817.0,2026-09-03T19:33:13.380850+00:00
2022-07-15,829.9,829.9,817.0,824.0,22065,824.0,2026-09-03T19:33:13.380850+00:00
2022-07-17,828.0,835.0,821.0,830.0,28983,830.0,2026-09-03T19:33:13.380850+00:00
2022-07-18,832.0,837.0,825.0,832.0,29302,832.0,2026-09-03T19:33:13.380850+00:00
2022-07-19,844.9,845.0,832.0,838.0,48099,838.0,2026-09-03T19:33:13.380850+00:00
2022-07-20,847.2,850.0,836.0,845.0,32488,845.0,2026-09-03T19:33:13.380850+00:00
2022-07-21,847.0,859.8,841.0,855.0,36824,855.0,2026-09-03T19:33:13.380850+00:00
2022-07-22,855.0,855.0,836.0,839.9,26240,839.9,2026-09-03T19:33:13.380850+00:00
2022-07-24,853.0,866.0,848.0,860.0,41717,860.0,2026-09-03T19:33:13.380850+00:00
2022-07-25,870.9,888.8,870.0,885.0,53131,885.0,2026-09-03T19:33:13.380850+00:00
2022-07-26,895.0,895.0,865.5,866.0,49899,866.0,2026-09-03T19:33:13.380850+00:00
2022-07-27,866.0,870.0,853.0,866.0,43850,866.0,2026-09-03T19:33:13.380850+00:00
2022-07-28,880.0,880.0,865.0,866.0,43396,866.0,2026-09-03T19:33:13.380850+00:00
2022-07-29,866.0,880.0,865.0,869.9,17497,869.9,2026-09-03T19:33:13.380850+00:00
2022-07-31,879.0,882.0,871.0,881.0,52796,881.0,2026-09-03T19:33:13.380850+00:00
2022-08-01,894.9,897.5,880.0,881.9,47675,881.9,2026-09-03T19:33:13.380850+00:00
2022-08-02,881.0,884.0,870.0,877.0,27948,877.0,2026-09-03T19:33:13.380850+00:00
2022-08-03,880.0,883.0,859.1,862.0,93835,862.0,2026-09-03T19:33:13.380850+00:00
2022-08-04,879.2,879.2,850.0,850.0,37325,850.0,2026-09-03T19:33:13.380850+00:00
2022-08-05,850.0,850.0,817.0,819.7,171702,819.7,2026-09-03T19:33:13.380850+00:00
2022-08-07,819.7,828.0,802.0,817.0,156363,817.0,2026-09-03T19:33:13.380850+00:00
2022-08-08,820.0,821.0,800.0,803.0,134201,803.0,2026-09-03T19:33:13.380850+00:00
2022-08-09,808.0,808.0,787.2,788.1,130944,788.1,2026-09-03T19:33:13.380850+00:00
2022-08-10,787.0,796.0,781.0,790.0,82028,790.0,2026-09-03T19:33:13.380850+00:00
2022-08-11,800.0,804.0,790.0,793.0,56771,793.0,2026-09-03T19:33:13.380850+00:00
2022-08-14,800.0,800.0,787.0,789.0,56155,789.0,2026-09-03T19:33:13.380850+00:00
2022-08-15,793.0,799.4,789.0,799.4,52346,799.4,2026-09-03T19:33:13.380850+00:00
2022-08-16,806.9,808.0,798.0,799.0,49399,799.0,2026-09-03T19:33:13.380850+00:00
2022-08-17,799.0,801.0,793.0,794.5,53622,794.5,2026-09-03T19:33:13.380850+00:00
2022-08-18,800.0,805.0,795.0,802.0,51320,802.0,2026-09-03T19:33:13.380850+00:00
2022-08-21,802.0,815.0,800.0,801.0,44730,801.0,2026-09-03T19:33:13.380850+00:00
2022-08-22,805.0,806.0,795.0,799.0,46726,799.0,2026-09-03T19:33:13.380850+00:00
2022-08-23,800.0,803.0,797.0,801.9,29742,801.9,2026-09-03T19:33:13.380850+00:00
2022-08-24,806.0,810.0,800.0,802.0,38238,802.0,2026-09-03T19:33:13.380850+00:00
2022-08-25,808.0,809.9,799.0,800.0,40361,800.0,2026-09-03T19:33:13.380850+00:00
2022-08-26,800.0,802.0,795.0,795.9,19821,795.9,2026-09-03T19:33:13.380850+00:00
2022-08-28,795.0,799.9,790.0,793.5,55498,793.5,2026-09-03T19:33:13.380850+00:00
2022-08-29,793.0,798.0,782.0,790.0,35660,790.0,2026-09-03T19:33:13.380850+00:00
2022-08-30,789.0,795.0,783.0,789.5,56298,789.5,2026-09-03T19:33:13.380850+00:00
2022-08-31,790.0,798.0,785.5,786.0,35820,786.0,2026-09-03T19:33:13.380850+00:00
2022-09-01,790.0,791.0,781.0,784.0,42923,784.0,2026-09-03T19:33:13.380850+00:00
2022-09-02,786.0,790.0,781.0,784.9,55803,784.9,2026-09-03T19:33:13.380850+00:00
2022-09-04,783.0,789.9,777.0,779.9,80710,779.9,2026-09-03T19:33:13.380850+00:00
2022-09-05,785.0,785.0,775.0,776.1,58697,776.1,2026-09-03T19:33:13.380850+00:00
2022-09-06,784.0,784.0,768.0,768.0,73282,768.0,2026-09-03T19:33:13.380850+00:00
2022-09-07,767.0,771.0,763.0,763.2,33333,763.2,2026-09-03T19:33:13.380850+00:00
2022-09-08,764.0,765.0,758.0,760.0,44066,760.0,2026-09-03T19:33:13.380850+00:00
2022-09-11,760.0,767.0,755.0,759.0,41713,759.0,2026-09-03T19:33:13.380850+00:00
2022-09-12,755.0,761.0,748.3,755.0,54259,755.0,2026-09-03T19:33:13.380850+00:00
2022-09-13,765.0,772.0,751.0,770.0,77706,770.0,2026-09-03T19:33:13.380850+00:00
2022-09-14,775.0,802.0,774.0,799.0,82172,799.0,2026-09-03T19:33:13.380850+00:00
2022-09-15,812.0,812.8,779.0,781.0,58510,781.0,2026-09-03T19:33:13.380850+00:00
2022-09-16,768.0,779.9,761.0,772.0,38993,772.0,2026-09-03T19:33:13.380850+00:00
2022-09-18,780.0,780.0,762.7,764.0,44695,764.0,2026-09-03T19:33:13.380850+00:00
2022-09-20,765.0,769.0,749.2,749.5,62804,749.5,2026-09-03T19:33:13.380850+00:00
2022-09-21,752.0,768.2,750.0,762.1,44522,762.1,2026-09-03T19:33:13.380850+00:00
2022-09-22,765.0,770.0,755.0,759.0,33966,759.0,2026-09-03T19:33:13.380850+00:00
2022-09-25,759.0,759.0,746.0,752.9,57127,752.9,2026-09-03T19:33:13.380850+00:00
2022-09-27,750.0,776.0,750.0,770.0,34179,770.0,2026-09-03T19:33:13.380850+00:00
2022-09-28,777.0,777.0,767.0,767.0,34948,767.0,2026-09-03T19:33:13.380850+00:00
2022-09-29,777.0,780.0,769.0,780.0,37569,780.0,2026-09-03T19:33:13.380850+00:00
2022-10-09,781.7,808.0,781.7,807.0,44112,807.0,2026-09-03T19:33:13.380850+00:00
2022-10-10,823.1,823.1,793.8,797.0,59995,797.0,2026-09-03T19:33:13.380850+00:00
2022-10-11,800.0,800.0,788.0,792.0,39129,792.0,2026-09-03T19:33:13.380850+00:00
2022-10-12,797.0,797.0,787.2,794.0,30352,794.0,2026-09-03T19:33:13.380850+00:00
2022-10-13,794.0,804.0,790.0,796.0,42798,796.0,2026-09-03T19:33:13.380850+00:00
2022-10-16,796.0,798.0,790.0,794.0,33880,794.0,2026-09-03T19:33:13.380850+00:00
2022-10-17,795.0,799.5,793.0,794.0,35066,794.0,2026-09-03T19:33:13.380850+00:00
2022-10-19,795.0,800.0,790.0,798.5,30433,798.5,2026-09-03T19:33:13.380850+00:00
2022-10-20,800.0,801.0,791.0,796.5,29921,796.5,2026-09-03T19:33:13.380850+00:00
2022-10-23,800.0,809.9,796.5,808.0,42040,808.0,2026-09-03T19:33:13.380850+00:00
2022-10-31,810.0,819.0,809.0,816.0,46691,816.0,2026-09-03T19:33:13.380850+00:00
2022-11-01,818.0,839.6,813.0,835.0,71557,835.0,2026-09-03T19:33:13.380850+00:00
2022-11-02,835.0,844.0,825.0,830.0,67918,830.0,2026-09-03T19:33:13.380850+00:00
2022-11-03,830.0,835.0,820.2,824.0,35595,824.0,2026-09-03T19:33:13.380850+00:00
2022-11-06,830.0,834.0,820.1,831.1,46206,831.1,2026-09-03T19:33:13.380850+00:00
2022-11-07,841.5,842.0,832.0,834.0,37460,834.0,2026-09-03T19:33:13.380850+00:00
2022-11-08,827.0,835.0,827.0,833.0,20635,833.0,2026-09-03T19:33:13.380850+00:00
2022-11-09,834.0,866.5,822.6,823.5,46477,823.5,2026-09-03T19:33:13.380850+00:00
2022-11-10,837.0,837.0,814.0,815.0,33090,815.0,2026-09-03T19:33:13.380850+00:00
2022-11-13,816.0,822.0,810.0,811.0,29230,811.0,2026-09-03T19:33:13.380850+00:00
2022-11-14,815.0,815.0,803.0,814.0,29743,814.0,2026-09-03T19:33:13.380850+00:00
2022-11-15,827.0,827.0,814.0,817.9,25680,817.9,2026-09-03T19:33:13.380850+00:00
2022-11-16,821.0,821.0,814.0,819.5,20391,819.5,2026-09-03T19:33:13.380850+00:00
2022-11-17,821.0,829.0,821.0,827.3,28777,827.3,2026-09-03T19:33:13.380850+00:00
2022-11-22,828.0,840.0,827.4,829.0,26547,829.0,2026-09-03T19:33:13.380850+00:00
2022-11-23,830.0,835.0,822.1,824.6,22341,824.6,2026-09-03T19:33:13.380850+00:00
2022-11-24,830.0,832.0,820.0,831.0,32640,831.0,2026-09-03T19:33:13.380850+00:00
2022-11-27,832.0,876.0,832.0,876.0,139753,876.0,2026-09-03T19:33:13.380850+00:00
2022-11-28,890.0,890.0,870.0,874.0,82399,874.0,2026-09-03T19:33:13.380850+00:00
2022-11-29,876.0,880.0,866.7,877.0,49511,877.0,2026-09-03T19:33:13.380850+00:00
2022-11-30,878.0,883.5,870.1,882.0,47288,882.0,2026-09-03T19:33:13.380850+00:00
2022-12-01,865.0,915.0,865.0,913.0,159865,913.0,2026-09-03T19:33:13.380850+00:00
2022-12-04,922.0,930.0,879.3,882.0,221592,882.0,2026-09-03T19:33:13.380850+00:00
2022-12-05,866.0,895.0,866.0,883.0,95864,883.0,2026-09-03T19:33:13.380850+00:00
2022-12-06,900.6,900.6,875.1,888.0,54482,888.0,2026-09-03T19:33:13.380850+00:00
2022-12-07,884.0,890.0,879.0,881.0,51341,881.0,2026-09-03T19:33:13.380850+00:00
2022-12-11,880.0,880.0,842.8,846.0,87795,846.0,2026-09-03T19:33:13.380850+00:00
2022-12-12,846.0,846.0,801.7,815.0,261519,815.0,2026-09-03T19:33:13.380850+00:00
2022-12-13,816.0,816.9,804.7,807.1,88690,807.1,2026-09-03T19:33:13.380850+00:00
2022-12-14,807.0,818.0,807.0,808.0,52009,808.0,2026-09-03T19:33:13.380850+00:00
2022-12-15,815.0,815.0,803.5,804.0,58542,804.0,2026-09-03T19:33:13.380850+00:00
2022-12-18,810.0,810.0,793.0,794.0,67787,794.0,2026-09-03T19:33:13.380850+00:00
2022-12-19,795.0,800.0,794.0,797.0,40026,797.0,2026-09-03T19:33:13.380850+00:00
2022-12-20,800.0,807.0,797.0,800.0,42079,800.0,2026-09-03T19:33:13.380850+00:00
2022-12-21,816.0,816.0,800.0,807.0,48877,807.0,2026-09-03T19:33:13.380850+00:00
2022-12-22,809.0,811.0,800.1,810.0,66052,810.0,2026-09-03T19:33:13.380850+00:00
2022-12-26,811.0,840.0,811.0,838.0,110057,838.0,2026-09-03T19:33:13.380850+00:00
2022-12-27,847.0,860.0,834.0,842.0,133855,842.0,2026-09-03T19:33:13.380850+00:00
2022-12-28,845.0,847.0,826.1,834.9,105429,834.9,2026-09-03T19:33:13.380850+00:00
2022-12-29,840.0,844.0,835.1,843.0,110579,843.0,2026-09-03T19:33:13.380850+00:00
2023-01-01,859.0,865.0,850.0,854.5,263159,854.5,2026-09-03T19:33:13.380850+00:00
2023-01-02,735.5,751.0,725.0,739.0,227630,739.0,2026-09-03T19:33:13.380850+00:00
2023-01-03,743.0,750.0,735.0,736.0,107994,736.0,2026-09-03T19:33:13.380850+00:00
2023-01-04,750.0,750.0,730.0,736.9,89872,736.9,2026-09-03T19:33:13.380850+00:00
2023-01-05,744.0,745.0,727.0,727.0,132642,727.0,2026-09-03T19:33:13.380850+00:00
2023-01-08,738.9,739.0,718.5,719.1,146327,719.1,2026-09-03T19:33:13.380850+00:00
2023-01-09,733.4,733.4,712.0,719.0,167381,719.0,2026-09-03T19:33:13.380850+00:00
2023-01-10,720.0,735.0,718.0,719.2,182296,719.2,2026-09-03T19:33:13.380850+00:00
2023-01-12,733.5,733.5,713.7,714.0,101205,714.0,2026-09-03T19:33:13.380850+00:00
2023-01-17,724.0,725.0,709.0,711.0,88101,711.0,2026-09-03T19:33:13.380850+00:00
2023-01-18,712.0,718.0,703.0,703.9,94709,703.9,2026-09-03T19:33:13.380850+00:00
2023-01-19,705.0,710.0,701.0,703.5,93648,703.5,2026-09-03T19:33:13.380850+00:00
2023-01-23,717.5,729.0,710.0,710.9,114807,710.9,2026-09-03T19:33:13.380850+00:00
2023-01-24,711.0,715.0,709.0,713.0,67781,713.0,2026-09-03T19:33:13.380850+00:00
2023-01-25,717.0,719.0,709.0,709.1,63311,709.1,2026-09-03T19:33:13.380850+00:00
2023-01-26,714.0,714.5,705.3,705.6,57638,705.6,2026-09-03T19:33:13.380850+00:00
2023-01-29,707.0,709.0,701.1,702.5,57268,702.5,2026-09-03T19:33:13.380850+00:00
2023-01-30,688.5,706.0,688.5,698.0,71228,698.0,2026-09-03T19:33:13.380850+00:00
2023-01-31,700.0,700.0,688.0,690.4,67697,690.4,2026-09-03T19:33:13.380850+00:00
2023-02-01,695.0,695.0,686.0,690.0,57940,690.0,2026-09-03T19:33:13.380850+00:00
2023-02-02,692.0,694.5,685.1,688.0,54429,688.0,2026-09-03T19:33:13.380850+00:00
2023-02-05,690.0,698.0,678.0,681.0,84062,681.0,2026-09-03T19:33:13.380850+00:00
2023-02-06,682.0,688.0,675.0,677.3,54726,677.3,2026-09-03T19:33:13.380850+00:00
2023-02-07,677.3,692.0,677.3,691.9,69751,691.9,2026-09-03T19:33:13.380850+00:00
2023-02-08,705.0,705.7,685.0,688.0,75546,688.0,2026-09-03T19:33:13.380850+00:00
2023-02-09,690.0,698.0,676.0,693.0,83791,693.0,2026-09-03T19:33:13.380850+00:00
2023-02-12,689.0,690.0,680.0,683.0,53279,683.0,2026-09-03T19:33:13.380850+00:00
2023-02-14,683.0,683.0,674.0,675.0,59511,675.0,2026-09-03T19:33:13.380850+00:00
2023-02-15,675.0,688.5,670.1,674.5,39631,674.5,2026-09-03T19:33:13.380850+00:00
2023-02-16,675.0,676.0,669.0,670.2,57195,670.2,2026-09-03T19:33:13.380850+00:00
2023-02-20,670.2,670.2,661.0,662.5,53643,662.5,2026-09-03T19:33:13.380850+00:00
2023-02-22,674.8,689.5,664.2,678.9,57464,678.9,2026-09-03T19:33:13.380850+00:00
2023-02-23,678.0,679.0,665.0,669.0,47679,669.0,2026-09-03T19:33:13.380850+00:00
2023-02-26,668.0,670.0,652.0,663.5,57017,663.5,2026-09-03T19:33:13.380850+00:00
2023-02-27,672.0,675.1,658.0,661.0,41206,661.0,2026-09-03T19:33:13.380850+00:00
2023-02-28,665.0,669.0,656.1,657.0,31890,657.0,2026-09-03T19:33:13.380850+00:00
2023-03-01,657.0,660.0,654.0,655.0,35796,655.0,2026-09-03T19:33:13.380850+00:00
2023-03-02,652.0,653.0,648.0,649.1,59279,649.1,2026-09-03T19:33:13.380850+00:00
2023-03-05,650.0,650.0,635.0,637.3,54153,637.3,2026-09-03T19:33:13.380850+00:00
2023-03-07,640.0,642.0,637.0,639.0,41137,639.0,2026-09-03T19:33:13.380850+00:00
2023-03-09,641.0,648.9,641.0,647.0,55564,647.0,2026-09-03T19:33:13.380850+00:00
2023-03-12,650.0,653.0,635.0,636.9,51762,636.9,2026-09-03T19:33:13.380850+00:00
2023-03-13,624.2,635.0,624.2,629.9,55971,629.9,2026-09-03T19:33:13.380850+00:00
2023-03-14,634.0,634.0,623.0,625.0,55015,625.0,2026-09-03T19:33:13.380850+00:00
2023-03-15,628.0,628.0,618.0,618.0,69209,618.0,2026-09-03T19:33:13.380850+00:00
2023-03-16,623.0,623.0,605.0,613.0,65028,613.0,2026-09-03T19:33:13.380850+00:00
2023-03-19,625.0,625.0,605.0,606.0,50724,606.0,2026-09-03T19:33:13.380850+00:00
2023-03-20,607.0,613.7,606.5,613.0,51889,613.0,2026-09-03T19:33:13.380850+00:00
2023-03-22,615.0,619.9,610.0,613.0,59448,613.0,2026-09-03T19:33:13.380850+00:00
2023-03-23,610.0,612.0,603.0,605.0,63514,605.0,2026-09-03T19:33:13.380850+00:00
2023-03-26,605.5,605.5,596.0,596.0,58085,596.0,2026-09-03T19:33:13.380850+00:00
2023-03-27,596.0,605.0,588.1,604.0,68181,604.0,2026-09-03T19:33:13.380850+00:00
2023-03-28,607.0,612.5,602.0,606.5,48081,606.5,2026-09-03T19:33:13.380850+00:00
2023-03-29,610.0,610.0,599.0,609.0,31811,609.0,2026-09-03T19:33:13.380850+00:00
2023-03-30,612.0,612.0,600.6,603.0,33868,603.0,2026-09-03T19:33:13.380850+00:00
2023-04-02,606.0,610.0,595.0,597.8,39669,597.8,2026-09-03T19:33:13.380850+00:00
2023-04-03,600.0,600.0,587.0,589.9,61504,589.9,2026-09-03T19:33:13.380850+00:00
2023-04-04,595.0,595.0,586.1,589.0,41355,589.0,2026-09-03T19:33:13.380850+00:00
2023-04-05,595.0,595.0,588.0,590.0,39978,590.0,2026-09-03T19:33:13.380850+00:00
2023-04-06,595.0,600.0,588.0,592.2,49701,592.2,2026-09-03T19:33:13.380850+00:00
2023-04-09,590.0,590.0,578.1,580.0,99562,580.0,2026-09-03T19:33:13.380850+00:00
2023-04-10,580.0,588.0,577.0,582.1,46442,582.1,2026-09-03T19:33:13.380850+00:00
2023-04-11,593.7,593.7,582.1,592.0,39186,592.0,2026-09-03T19:33:13.380850+00:00
2023-04-12,603.8,630.9,598.0,629.0,86971,629.0,2026-09-03T19:33:13.380850+00:00
2023-04-13,641.5,643.8,610.0,618.9,72785,618.9,2026-09-03T19:33:13.380850+00:00
2023-04-16,618.9,630.0,613.0,617.0,25772,617.0,2026-09-03T19:33:13.380850+00:00
2023-04-17,617.0,625.0,615.0,616.0,28045,616.0,2026-09-03T19:33:13.380850+00:00
2023-04-18,604.0,620.0,604.0,616.0,32979,616.0,2026-09-03T19:33:13.380850+00:00
2023-04-19,603.7,627.0,603.7,620.0,59588,620.0,2026-09-03T19:33:13.380850+00:00
2023-04-20,608.0,632.0,608.0,620.0,41287,620.0,2026-09-03T19:33:13.380850+00:00
2023-04-23,620.0,621.0,607.7,609.0,34734,609.0,2026-09-03T19:33:13.380850+00:00
2023-04-24,610.0,612.0,603.0,605.0,35512,605.0,2026-09-03T19:33:13.380850+00:00
2023-04-25,606.0,607.0,600.0,605.5,44615,605.5,2026-09-03T19:33:13.380850+00:00
2023-04-26,607.5,610.0,603.5,604.0,40984,604.0,2026-09-03T19:33:13.380850+00:00
2023-04-27,602.0,605.5,598.0,600.0,54508,600.0,2026-09-03T19:33:13.380850+00:00
2023-04-30,605.0,605.0,593.0,597.0,54304,597.0,2026-09-03T19:33:13.380850+00:00
2023-05-02,585.1,608.0,585.1,599.5,30177,599.5,2026-09-03T19:33:13.380850+00:00
2023-05-03,600.0,600.0,595.0,598.5,22982,598.5,2026-09-03T19:33:13.380850+00:00
2023-05-04,600.0,600.0,595.0,598.9,32806,598.9,2026-09-03T19:33:13.380850+00:00
2023-05-07,600.0,600.0,593.1,595.0,28270,595.0,2026-09-03T19:33:13.380850+00:00
2023-05-08,595.0,595.0,591.0,593.0,27670,593.0,2026-09-03T19:33:13.380850+00:00
2023-05-09,581.8,612.0,581.8,595.0,34345,595.0,2026-09-03T19:33:13.380850+00:00
2023-05-10,600.0,600.0,589.0,590.0,59646,590.0,2026-09-03T19:33:13.380850+00:00
2023-05-11,590.0,594.0,589.0,590.0,26707,590.0,2026-09-03T19:33:13.380850+00:00
2023-05-14,590.0,601.0,583.5,584.9,52485,584.9,2026-09-03T19:33:13.380850+00:00
2023-05-15,584.0,595.0,583.1,583.8,34630,583.8,2026-09-03T19:33:13.380850+00:00
2023-05-16,592.0,592.0,582.0,584.0,37052,584.0,2026-09-03T19:33:13.380850+00:00
2023-05-17,590.0,594.0,586.0,590.0,28470,590.0,2026-09-03T19:33:13.380850+00:00
2023-05-18,590.0,600.0,590.0,590.0,50008,590.0,2026-09-03T19:33:13.380850+00:00
2023-05-21,601.0,611.0,595.0,595.1,45034,595.1,2026-09-03T19:33:13.380850+00:00
2023-05-22,600.0,601.0,592.0,599.0,27093,599.0,2026-09-03T19:33:13.380850+00:00
2023-05-23,605.0,607.0,598.0,605.5,41814,605.5,2026-09-03T19:33:13.380850+00:00
2023-05-24,605.0,613.9,603.0,606.0,39756,606.0,2026-09-03T19:33:13.380850+00:00
2023-05-28,610.0,615.0,600.0,601.0,69792,601.0,2026-09-03T19:33:13.380850+00:00
2023-05-30,600.0,602.0,584.0,587.3,76105,587.3,2026-09-03T19:33:13.380850+00:00
2023-05-31,585.0,592.0,575.6,581.5,57976,581.5,2026-09-03T19:33:13.380850+00:00
2023-06-01,584.0,590.0,580.0,587.8,38294,587.8,2026-09-03T19:33:13.380850+00:00
2023-06-04,590.0,606.9,590.0,595.4,34455,595.4,2026-09-03T19:33:13.380850+00:00
2023-06-05,599.9,606.0,591.0,591.0,28519,591.0,2026-09-03T19:33:13.380850+00:00
2023-06-06,590.1,599.0,590.0,591.7,29785,591.7,2026-09-03T19:33:13.380850+00:00
2023-06-07,591.7,599.0,591.0,591.3,33681,591.3,2026-09-03T19:33:13.380850+00:00
2023-06-08,590.0,595.0,587.0,590.9,36616,590.9,2026-09-03T19:33:13.380850+00:00
2023-06-11,585.0,596.7,585.0,594.0,52568,594.0,2026-09-03T19:33:13.380850+00:00
2023-06-12,600.0,602.0,595.0,597.0,39241,597.0,2026-09-03T19:33:13.380850+00:00
2023-06-13,599.9,601.0,595.0,597.0,67044,597.0,2026-09-03T19:33:13.380850+00:00
2023-06-14,603.0,604.0,597.0,599.0,117524,599.0,2026-09-03T19:33:13.380850+00:00
2023-06-15,610.0,610.0,596.0,598.0,39563,598.0,2026-09-03T19:33:13.380850+00:00
2023-06-18,600.0,601.0,595.1,596.0,77802,596.0,2026-09-03T19:33:13.380850+00:00
2023-06-19,598.0,605.2,593.1,594.0,69002,594.0,2026-09-03T19:33:13.380850+00:00
2023-06-20,599.0,603.0,595.0,595.3,77314,595.3,2026-09-03T19:33:13.380850+00:00
2023-06-21,600.0,600.0,589.1,590.1,74080,590.1,2026-09-03T19:33:13.380850+00:00
2023-06-22,595.0,597.0,585.4,588.5,57079,588.5,2026-09-03T19:33:13.380850+00:00
2023-06-25,594.0,594.0,581.5,587.0,123731,587.0,2026-09-03T19:33:13.380850+00:00
2023-06-26,593.0,593.0,585.2,586.0,125517,586.0,2026-09-03T19:33:13.380850+00:00
2023-06-27,593.0,609.9,587.0,608.9,184325,608.9,2026-09-03T19:33:13.380850+00:00
2023-06-28,620.0,633.0,605.0,606.0,151880,606.0,2026-09-03T19:33:13.380850+00:00
2023-07-02,615.0,615.0,591.0,594.0,111991,594.0,2026-09-03T19:33:13.380850+00:00
2023-07-03,594.0,594.0,584.0,584.9,111999,584.9,2026-09-03T19:33:13.380850+00:00
2023-07-04,585.1,590.0,584.0,586.0,69678,586.0,2026-09-03T19:33:13.380850+00:00
2023-07-05,574.3,597.1,574.3,582.6,70629,582.6,2026-09-03T19:33:13.380850+00:00
2023-07-06,584.0,594.0,580.0,582.1,61889,582.1,2026-09-03T19:33:13.380850+00:00
2023-07-09,590.0,593.6,582.0,583.0,79385,583.0,2026-09-03T19:33:13.380850+00:00
2023-07-10,593.0,593.0,581.0,583.0,88478,583.0,2026-09-03T19:33:13.380850+00:00
2023-07-11,584.0,587.0,580.0,583.0,88236,583.0,2026-09-03T19:33:13.380850+00:00
2023-07-12,585.0,589.9,585.0,586.0,51194,586.0,2026-09-03T19:33:13.380850+00:00
2023-07-13,574.3,597.9,574.3,590.0,66352,590.0,2026-09-03T19:33:13.380850+00:00
2023-07-16,595.0,605.9,590.0,599.2,73028,599.2,2026-09-03T19:33:13.380850+00:00
2023-07-17,607.0,612.0,598.0,611.0,73868,611.0,2026-09-03T19:33:13.380850+00:00
2023-07-18,620.9,621.6,610.0,613.0,76424,613.0,2026-09-03T19:33:13.380850+00:00
2023-07-19,619.0,619.0,612.0,616.8,76090,616.8,2026-09-03T19:33:13.380850+00:00
2023-07-20,620.0,628.9,620.0,624.0,124603,624.0,2026-09-03T19:33:13.380850+00:00
2023-07-23,630.0,649.6,625.2,649.0,147953,649.0,2026-09-03T19:33:13.380850+00:00
2023-07-24,650.0,653.0,636.0,639.0,172938,639.0,2026-09-03T19:33:13.380850+00:00
2023-07-25,640.0,640.0,621.0,623.6,103484,623.6,2026-09-03T19:33:13.380850+00:00
2023-07-26,629.0,629.5,618.0,623.5,56916,623.5,2026-09-03T19:33:13.380850+00:00
2023-07-27,625.0,628.0,616.0,618.0,80901,618.0,2026-09-03T19:33:13.380850+00:00
2023-07-30,623.0,623.9,614.0,616.0,79973,616.0,2026-09-03T19:33:13.380850+00:00
2023-07-31,605.0,623.0,605.0,615.0,55627,615.0,2026-09-03T19:33:13.380850+00:00
2023-08-01,620.0,621.0,611.0,611.1,41626,611.1,2026-09-03T19:33:13.380850+00:00
2023-08-02,619.9,620.0,609.0,613.0,36975,613.0,2026-09-03T19:33:13.380850+00:00
2023-08-03,618.0,621.0,612.0,613.0,44414,613.0,2026-09-03T19:33:13.380850+00:00
2023-08-06,625.2,637.7,607.0,612.0,113739,612.0,2026-09-03T19:33:13.380850+00:00
2023-08-07,612.0,614.9,602.0,610.0,78727,610.0,2026-09-03T19:33:13.380850+00:00
2023-08-08,610.0,614.0,600.0,600.0,58044,600.0,2026-09-03T19:33:13.380850+00:00
2023-08-09,604.0,604.0,594.0,603.0,58335,603.0,2026-09-03T19:33:13.380850+00:00
2023-08-10,604.0,607.3,602.0,606.5,47833,606.5,2026-09-03T19:33:13.380850+00:00
2023-08-13,608.0,610.0,600.0,603.5,60137,603.5,2026-09-03T19:33:13.380850+00:00
2023-08-14,591.5,605.0,591.5,602.8,43883,602.8,2026-09-03T19:33:13.380850+00:00
2023-08-15,601.0,601.0,596.6,599.0,65912,599.0,2026-09-03T19:33:13.380850+00:00
2023-08-16,599.0,600.0,590.0,592.0,53322,592.0,2026-09-03T19:33:13.380850+00:00
2023-08-17,602.5,602.7,592.0,593.0,32425,593.0,2026-09-03T19:33:13.380850+00:00
2023-08-20,595.0,597.0,588.0,591.9,58801,591.9,2026-09-03T19:33:13.380850+00:00
2023-08-21,590.0,598.9,585.0,591.5,40222,591.5,2026-09-03T19:33:13.380850+00:00
2023-08-22,592.0,600.0,590.0,594.0,41686,594.0,2026-09-03T19:33:13.380850+00:00
2023-08-23,594.0,599.9,592.1,599.0,29155,599.0,2026-09-03T19:33:13.380850+00:00
2023-08-24,595.0,600.0,591.1,592.5,43106,592.5,2026-09-03T19:33:13.380850+00:00
2023-08-27,592.5,595.0,589.1,590.0,45941,590.0,2026-09-03T19:33:13.380850+00:00
2023-08-28,596.0,596.0,590.0,590.1,25988,590.1,2026-09-03T19:33:13.380850+00:00
2023-08-29,592.1,596.0,588.1,590.0,29237,590.0,2026-09-03T19:33:13.380850+00:00
2023-08-30,596.0,596.0,586.2,587.3,51037,587.3,2026-09-03T19:33:13.380850+00:00
2023-09-03,587.3,590.0,583.0,584.0,46707,584.0,2026-09-03T19:33:13.380850+00:00
2023-09-04,584.0,587.0,575.3,584.0,66419,584.0,2026-09-03T19:33:13.380850+00:00
2023-09-05,586.0,589.9,580.6,581.8,27803,581.8,2026-09-03T19:33:13.380850+00:00
2023-09-07,585.0,585.0,576.5,577.2,51168,577.2,2026-09-03T19:33:13.380850+00:00
2023-09-10,578.9,582.0,577.0,580.0,51489,580.0,2026-09-03T19:33:13.380850+00:00
2023-09-11,587.0,592.0,578.3,588.7,70550,588.7,2026-09-03T19:33:13.380850+00:00
2023-09-12,598.0,599.0,583.0,584.0,42149,584.0,2026-09-03T19:33:13.380850+00:00
2023-09-13,581.0,590.0,581.0,588.0,40108,588.0,2026-09-03T19:33:13.380850+00:00
2023-09-17,599.7,608.0,590.0,593.0,72674,593.0,2026-09-03T19:33:13.380850+00:00
2023-09-18,592.0,592.0,585.0,591.1,36430,591.1,2026-09-03T19:33:13.380850+00:00
2023-09-19,592.0,598.0,586.0,589.0,31416,589.0,2026-09-03T19:33:13.380850+00:00
2023-09-21,591.0,603.0,591.0,593.0,38690,593.0,2026-09-03T19:33:13.380850+00:00
2023-09-24,593.0,598.0,586.8,592.0,51424,592.0,2026-09-03T19:33:13.380850+00:00
2023-09-25,591.1,598.9,588.0,595.0,50135,595.0,2026-09-03T19:33:13.380850+00:00
2023-09-26,603.0,603.0,592.0,594.0,23327,594.0,2026-09-03T19:33:13.380850+00:00
2023-09-27,600.0,604.0,590.0,591.5,30539,591.5,2026-09-03T19:33:13.380850+00:00
2023-10-01,590.0,591.5,584.0,585.0,37802,585.0,2026-09-03T19:33:13.380850+00:00
2023-10-02,583.0,588.4,579.5,583.0,44667,583.0,2026-09-03T19:33:13.380850+00:00
2023-10-03,585.0,589.0,582.1,584.0,47601,584.0,2026-09-03T19:33:13.380850+00:00
2023-10-04,586.8,586.8,580.5,583.8,47450,583.8,2026-09-03T19:33:13.380850+00:00
2023-10-05,580.2,584.6,580.0,581.7,54791,581.7,2026-09-03T19:33:13.380850+00:00
2023-10-08,593.3,593.3,574.5,575.0,92585,575.0,2026-09-03T19:33:13.380850+00:00
2023-10-09,579.0,580.0,571.0,571.8,61332,571.8,2026-09-03T19:33:13.380850+00:00
2023-10-10,572.0,575.0,568.0,569.0,60468,569.0,2026-09-03T19:33:13.380850+00:00
2023-10-11,570.0,570.9,566.5,567.0,58358,567.0,2026-09-03T19:33:13.380850+00:00
2023-10-12,570.0,570.0,560.5,566.9,50839,566.9,2026-09-03T19:33:13.380850+00:00
2023-10-16,578.0,578.0,566.5,568.0,30777,568.0,2026-09-03T19:33:13.380850+00:00
2023-10-17,579.0,580.0,570.0,572.1,37883,572.1,2026-09-03T19:33:13.380850+00:00
2023-10-18,583.0,589.9,573.0,589.5,27895,589.5,2026-09-03T19:33:13.380850+00:00
2023-10-19,596.5,596.5,586.0,590.0,66181,590.0,2026-09-03T19:33:13.380850+00:00
2023-10-29,590.0,590.4,579.2,581.0,37365,581.0,2026-09-03T19:33:13.380850+00:00
2023-10-30,575.0,580.0,572.0,580.0,39951,580.0,2026-09-03T19:33:13.380850+00:00
2023-10-31,579.0,585.0,575.0,578.0,25726,578.0,2026-09-03T19:33:13.380850+00:00
2023-11-01,575.0,580.0,575.0,577.6,18731,577.6,2026-09-03T19:33:13.380850+00:00
2023-11-02,582.0,582.0,572.0,572.9,36808,572.9,2026-09-03T19:33:13.380850+00:00
2023-11-05,572.0,573.0,564.0,566.0,50715,566.0,2026-09-03T19:33:13.380850+00:00
2023-11-06,570.0,577.0,567.0,568.0,29139,568.0,2026-09-03T19:33:13.380850+00:00
2023-11-07,577.8,577.8,567.0,569.9,32456,569.9,2026-09-03T19:33:13.380850+00:00
2023-11-08,571.0,575.0,568.0,571.5,28864,571.5,2026-09-03T19:33:13.380850+00:00
2023-11-09,571.5,571.5,569.0,569.2,25721,569.2,2026-09-03T19:33:13.380850+00:00
2023-11-20,572.0,572.5,562.0,565.0,37308,565.0,2026-09-03T19:33:13.380850+00:00
2023-11-21,566.0,575.0,560.0,561.0,33672,561.0,2026-09-03T19:33:13.380850+00:00
2023-11-22,563.0,563.0,558.0,561.0,38556,561.0,2026-09-03T19:33:13.380850+00:00
2023-11-23,549.9,549.9,505.1,515.0,254979,515.0,2026-09-03T19:33:13.380850+00:00
2023-11-26,510.0,533.4,499.0,533.4,143911,533.4,2026-09-03T19:33:13.380850+00:00
2023-11-27,540.0,540.0,522.0,526.0,35690,526.0,2026-09-03T19:33:13.380850+00:00
2023-11-28,529.8,529.8,515.5,517.0,32419,517.0,2026-09-03T19:33:13.380850+00:00
2023-11-29,517.0,520.0,508.9,511.9,46655,511.9,2026-09-03T19:33:13.380850+00:00
2023-11-30,512.0,512.0,507.0,508.9,34128,508.9,2026-09-03T19:33:13.380850+00:00
2023-12-03,516.0,516.0,505.0,506.0,33642,506.0,2026-09-03T19:33:13.380850+00:00
2023-12-04,498.0,510.0,498.0,502.0,35110,502.0,2026-09-03T19:33:13.380850+00:00
2023-12-05,504.0,510.0,502.0,502.1,34084,502.1,2026-09-03T19:33:13.380850+00:00
2023-12-06,508.0,509.0,500.0,505.0,23989,505.0,2026-09-03T19:33:13.380850+00:00
2023-12-07,513.5,514.0,501.0,507.6,16317,507.6,2026-09-03T19:33:13.380850+00:00
2023-12-10,516.8,530.0,514.0,528.5,5437,528.5,2026-09-03T19:33:13.380850+00:00
2023-12-11,539.0,539.0,520.0,522.0,71048,522.0,2026-09-03T19:33:13.380850+00:00
2023-12-12,528.0,528.0,520.0,521.2,61512,521.2,2026-09-03T19:33:13.380850+00:00
2023-12-13,530.0,530.0,520.0,521.0,62488,521.0,2026-09-03T19:33:13.380850+00:00
2023-12-14,525.0,527.9,521.0,522.8,63175,522.8,2026-09-03T19:33:13.380850+00:00
2023-12-17,515.0,518.9,493.0,513.0,136029,513.0,2026-09-03T19:33:13.380850+00:00
2023-12-18,513.7,519.5,510.0,513.0,110278,513.0,2026-09-03T19:33:13.380850+00:00
2023-12-19,523.2,523.2,514.0,518.0,91419,518.0,2026-09-03T19:33:13.380850+00:00
2023-12-20,525.0,528.0,518.6,520.0,145825,520.0,2026-09-03T19:33:13.380850+00:00
2023-12-21,520.0,525.0,520.0,523.0,91036,523.0,2026-09-03T19:33:13.380850+00:00
2023-12-24,523.0,527.0,515.0,515.0,85406,515.0,2026-09-03T19:33:13.380850+00:00
2023-12-27,520.0,520.0,508.0,508.0,70880,508.0,2026-09-03T19:33:13.380850+00:00
2023-12-28,499.0,514.0,499.0,506.0,55161,506.0,2026-09-03T19:33:13.380850+00:00
2024-01-01,513.0,513.0,505.0,505.9,56006,505.9,2026-09-03T19:33:13.380850+00:00
2024-01-02,506.0,510.0,498.0,499.9,97243,499.9,2026-09-03T19:33:13.380850+00:00
2024-01-03,500.0,501.5,488.6,496.0,150208,496.0,2026-09-03T19:33:13.380850+00:00
2024-01-04,498.0,500.9,495.0,495.5,93743,495.5,2026-09-03T19:33:13.380850+00:00
2024-01-07,500.0,500.0,489.5,490.0,97677,490.0,2026-09-03T19:33:13.380850+00:00
2024-01-08,495.0,495.0,488.0,488.1,109400,488.1,2026-09-03T19:33:13.380850+00:00
2024-01-09,488.1,495.0,488.1,490.0,123332,490.0,2026-09-03T19:33:13.380850+00:00
2024-01-10,495.0,500.0,490.0,492.0,91478,492.0,2026-09-03T19:33:13.380850+00:00
2024-01-11,499.0,499.9,490.0,493.0,52810,493.0,2026-09-03T19:33:13.380850+00:00
2024-01-14,500.0,501.0,493.5,494.5,66912,494.5,2026-09-03T19:33:13.380850+00:00
2024-01-16,500.0,502.0,498.0,501.0,126928,501.0,2026-09-03T19:33:13.380850+00:00
2024-01-17,503.5,512.0,503.0,504.0,111028,504.0,2026-09-03T19:33:13.380850+00:00
2024-01-18,507.0,507.0,498.0,498.0,78196,498.0,2026-09-03T19:33:13.380850+00:00
2024-01-21,504.0,504.0,492.0,493.0,85324,493.0,2026-09-03T19:33:13.380850+00:00
2024-01-22,495.0,495.0,486.5,489.0,106960,489.0,2026-09-03T19:33:13.380850+00:00
2024-01-23,489.0,496.0,484.0,484.5,102618,484.5,2026-09-03T19:33:13.380850+00:00
2024-01-24,492.0,493.0,484.0,484.9,75048,484.9,2026-09-03T19:33:13.380850+00:00
2024-01-25,492.5,492.5,483.2,488.0,78635,488.0,2026-09-03T19:33:13.380850+00:00
2024-01-28,497.0,497.0,487.7,491.0,62690,491.0,2026-09-03T19:33:13.380850+00:00
2024-01-29,492.0,495.0,485.0,488.0,112649,488.0,2026-09-03T19:33:13.380850+00:00
2024-01-30,485.0,494.0,485.0,487.0,58884,487.0,2026-09-03T19:33:13.380850+00:00
2024-01-31,489.0,490.0,484.6,484.6,101519,484.6,2026-09-03T19:33:13.380850+00:00
2024-02-01,494.2,494.2,480.0,480.6,88972,480.6,2026-09-03T19:33:13.380850+00:00
2024-02-04,482.0,483.9,477.0,477.0,79654,477.0,2026-09-03T19:33:13.380850+00:00
2024-02-05,481.0,481.0,474.9,475.0,65154,475.0,2026-09-03T19:33:13.380850+00:00
2024-02-06,479.0,484.0,475.0,475.0,62626,475.0,2026-09-03T19:33:13.380850+00:00
2024-02-07,484.5,484.5,474.5,475.1,72757,475.1,2026-09-03T19:33:13.380850+00:00
2024-02-08,476.0,480.0,475.0,476.5,40791,476.5,2026-09-03T19:33:13.380850+00:00
2024-02-11,486.0,486.0,474.5,475.0,87081,475.0,2026-09-03T19:33:13.380850+00:00
2024-02-12,476.0,477.0,474.0,477.0,48708,477.0,2026-09-03T19:33:13.380850+00:00
2024-02-13,477.0,479.9,469.1,471.5,83243,471.5,2026-09-03T19:33:13.380850+00:00
2024-02-14,471.5,471.5,464.5,465.5,63187,465.5,2026-09-03T19:33:13.380850+00:00
2024-02-15,465.0,466.0,462.0,462.5,51339,462.5,2026-09-03T19:33:13.380850+00:00
2024-02-18,456.0,465.0,455.5,457.7,65595,457.7,2026-09-03T19:33:13.380850+00:00
2024-02-20,456.0,460.0,448.0,449.0,90305,449.0,2026-09-03T19:33:13.380850+00:00
2024-02-21,450.0,454.8,448.0,449.0,61605,449.0,2026-09-03T19:33:13.380850+00:00
2024-02-22,450.0,452.9,443.0,445.0,62441,445.0,2026-09-03T19:33:13.380850+00:00
2024-02-25,445.0,445.0,434.0,436.5,68284,436.5,2026-09-03T19:33:13.380850+00:00
2024-02-26,436.5,440.0,430.1,434.0,63611,434.0,2026-09-03T19:33:13.380850+00:00
2024-02-27,434.0,440.0,432.5,437.8,44089,437.8,2026-09-03T19:33:13.380850+00:00
2024-02-28,442.0,442.0,435.0,435.0,32394,435.0,2026-09-03T19:33:13.380850+00:00
2024-02-29,435.0,435.0,429.0,429.5,84087,429.5,2026-09-03T19:33:13.380850+00:00
2024-03-03,429.5,432.0,422.0,424.0,57099,424.0,2026-09-03T19:33:13.380850+00:00
2024-03-04,432.4,458.3,432.0,458.3,14359,458.3,2026-09-03T19:33:13.380850+00:00
2024-03-05,459.0,459.0,435.0,446.0,85486,446.0,2026-09-03T19:33:13.380850+00:00
2024-03-06,448.0,450.0,440.0,442.0,46408,442.0,2026-09-03T19:33:13.380850+00:00
2024-03-07,450.0,450.0,442.0,445.5,27778,445.5,2026-09-03T19:33:13.380850+00:00
2024-03-10,448.0,451.0,447.0,449.8,38263,449.8,2026-09-03T19:33:13.380850+00:00
2024-03-12,458.7,470.0,455.0,469.0,62909,469.0,2026-09-03T19:33:13.380850+00:00
2024-03-13,477.0,479.9,467.0,473.0,66733,473.0,2026-09-03T19:33:13.380850+00:00
2024-03-14,480.0,480.0,468.3,471.9,48287,471.9,2026-09-03T19:33:13.380850+00:00
2024-03-17,478.0,480.0,462.0,464.0,51485,464.0,2026-09-03T19:33:13.380850+00:00
2024-03-18,473.0,473.0,459.0,461.0,36185,461.0,2026-09-03T19:33:13.380850+00:00
2024-03-19,460.0,462.0,456.0,460.0,34096,460.0,2026-09-03T19:33:13.380850+00:00
2024-03-20,463.0,465.0,456.0,457.0,31882,457.0,2026-09-03T19:33:13.380850+00:00
2024-03-21,459.9,459.9,449.0,451.0,46500,451.0,2026-09-03T19:33:13.380850+00:00
2024-03-25,458.0,458.0,444.4,445.0,33441,445.0,2026-09-03T19:33:13.380850+00:00
2024-03-26,445.1,448.0,440.0,441.8,40492,441.8,2026-09-03T19:33:13.380850+00:00
2024-03-27,442.0,447.0,440.0,440.5,30220,440.5,2026-09-03T19:33:13.380850+00:00
2024-03-28,442.0,444.0,440.0,442.5,32919,442.5,2026-09-03T19:33:13.380850+00:00
2024-03-31,443.0,448.0,437.9,440.0,55639,440.0,2026-09-03T19:33:13.380850+00:00
2024-04-01,437.0,439.0,432.0,439.0,44256,439.0,2026-09-03T19:33:13.380850+00:00
2024-04-02,437.0,440.0,432.0,436.0,26386,436.0,2026-09-03T19:33:13.380850+00:00
2024-04-03,439.0,439.0,432.0,434.0,40271,434.0,2026-09-03T19:33:13.380850+00:00
2024-04-04,434.0,436.0,432.7,434.0,37125,434.0,2026-09-03T19:33:13.380850+00:00
2024-04-07,434.0,438.0,430.1,438.0,83715,438.0,2026-09-03T19:33:13.380850+00:00
2024-04-09,446.7,446.7,432.0,439.0,51408,439.0,2026-09-03T19:33:13.380850+00:00
2024-04-10,440.0,442.0,436.0,438.0,46883,438.0,2026-09-03T19:33:13.380850+00:00
2024-04-14,438.0,446.0,436.6,438.0,37958,438.0,2026-09-03T19:33:13.380850+00:00
2024-04-15,438.0,439.0,434.1,435.0,33297,435.0,2026-09-03T19:33:13.380850+00:00
2024-04-16,435.0,435.0,431.0,433.0,33034,433.0,2026-09-03T19:33:13.380850+00:00
2024-04-18,433.0,434.0,429.0,429.9,39409,429.9,2026-09-03T19:33:13.380850+00:00
2024-04-21,437.0,437.0,422.0,428.0,68601,428.0,2026-09-03T19:33:13.380850+00:00
2024-04-22,428.0,435.0,428.0,429.0,30359,429.0,2026-09-03T19:33:13.380850+00:00
2024-04-24,430.0,435.0,428.5,429.0,35268,429.0,2026-09-03T19:33:13.380850+00:00
2024-04-25,429.0,433.0,427.0,427.3,52043,427.3,2026-09-03T19:33:13.380850+00:00
2024-04-28,435.8,435.8,427.0,427.0,43925,427.0,2026-09-03T19:33:13.380850+00:00
2024-04-29,435.5,435.5,424.5,429.0,51708,429.0,2026-09-03T19:33:13.380850+00:00
2024-04-30,437.5,437.5,426.0,431.5,44100,431.5,2026-09-03T19:33:13.380850+00:00
2024-05-02,440.1,440.1,427.5,429.5,47931,429.5,2026-09-03T19:33:13.380850+00:00
2024-05-05,430.0,432.0,425.0,426.0,41759,426.0,2026-09-03T19:33:13.380850+00:00
2024-05-06,427.0,427.0,423.0,424.0,26747,424.0,2026-09-03T19:33:13.380850+00:00
2024-05-07,422.3,430.7,421.9,422.0,38545,422.0,2026-09-03T19:33:13.380850+00:00
2024-05-08,427.0,427.0,422.0,424.5,18323,424.5,2026-09-03T19:33:13.380850+00:00
2024-05-09,428.0,428.0,419.0,422.7,40811,422.7,2026-09-03T19:33:13.380850+00:00
2024-05-12,421.1,425.0,420.0,422.0,44038,422.0,2026-09-03T19:33:13.380850+00:00
2024-05-13,426.0,431.5,422.4,430.8,68228,430.8,2026-09-03T19:33:13.380850+00:00
2024-05-14,435.5,435.5,430.0,433.5,35940,433.5,2026-09-03T19:33:13.380850+00:00
2024-05-15,440.0,441.0,434.0,434.0,36943,434.0,2026-09-03T19:33:13.380850+00:00
2024-05-16,442.6,442.6,428.0,431.0,40117,431.0,2026-09-03T19:33:13.380850+00:00
2024-05-19,439.6,439.6,432.2,437.0,47893,437.0,2026-09-03T19:33:13.380850+00:00
2024-05-20,443.0,463.4,441.0,458.0,97887,458.0,2026-09-03T19:33:13.380850+00:00
2024-05-21,460.0,481.0,457.0,480.9,144313,480.9,2026-09-03T19:33:13.380850+00:00
2024-05-22,480.9,515.0,480.9,514.0,307056,514.0,2026-09-03T19:33:13.380850+00:00
2024-05-26,515.0,532.0,507.0,517.0,257882,517.0,2026-09-03T19:33:13.380850+00:00
2024-05-27,523.9,523.9,500.2,507.9,101039,507.9,2026-09-03T19:33:13.380850+00:00
2024-05-29,505.0,522.0,488.5,489.0,124575,489.0,2026-09-03T19:33:13.380850+00:00
2024-05-30,485.0,492.0,469.8,478.3,104947,478.3,2026-09-03T19:33:13.380850+00:00
2024-06-02,476.0,490.5,476.0,490.0,77895,490.0,2026-09-03T19:33:13.380850+00:00
2024-06-03,496.9,497.0,484.0,484.9,46126,484.9,2026-09-03T19:33:13.380850+00:00
2024-06-04,493.0,493.0,480.3,483.0,37907,483.0,2026-09-03T19:33:13.380850+00:00
2024-06-05,483.0,487.6,479.0,480.0,43444,480.0,2026-09-03T19:33:13.380850+00:00
2024-06-06,480.1,485.0,477.0,477.0,40452,477.0,2026-09-03T19:33:13.380850+00:00
2024-06-09,486.5,486.5,474.0,474.0,42853,474.0,2026-09-03T19:33:13.380850+00:00
2024-06-10,483.4,483.4,462.6,468.0,57462,468.0,2026-09-03T19:33:13.380850+00:00
2024-06-11,477.3,478.1,466.1,478.0,50026,478.0,2026-09-03T19:33:13.380850+00:00
2024-06-12,480.0,490.0,480.0,483.0,45437,483.0,2026-09-03T19:33:13.380850+00:00
2024-06-13,490.0,490.0,479.0,479.1,63580,479.1,2026-09-03T19:33:13.380850+00:00
2024-06-16,488.6,488.6,473.2,475.0,48170,475.0,2026-09-03T19:33:13.380850+00:00
2024-06-18,483.0,483.0,468.7,469.0,43382,469.0,2026-09-03T19:33:13.380850+00:00
2024-06-19,469.0,475.0,469.0,472.0,29603,472.0,2026-09-03T19:33:13.380850+00:00
2024-06-20,481.4,481.4,469.6,470.1,51724,470.1,2026-09-03T19:33:13.380850+00:00
2024-06-23,469.0,469.0,465.0,466.0,53680,466.0,2026-09-03T19:33:13.380850+00:00
2024-06-24,464.0,467.0,461.1,461.1,45036,461.1,2026-09-03T19:33:13.380850+00:00
2024-06-25,462.0,465.0,455.3,458.2,56926,458.2,2026-09-03T19:33:13.380850+00:00
2024-06-26,458.8,460.0,455.1,456.0,57007,456.0,2026-09-03T19:33:13.380850+00:00
2024-06-27,456.0,457.0,454.6,456.0,29699,456.0,2026-09-03T19:33:13.380850+00:00
2024-06-30,456.9,461.0,450.8,452.0,55043,452.0,2026-09-03T19:33:13.380850+00:00
2024-07-01,457.0,458.8,450.0,458.8,31786,458.8,2026-09-03T19:33:13.380850+00:00
2024-07-02,467.9,499.3,466.0,477.1,93437,477.1,2026-09-03T19:33:13.380850+00:00
2024-07-03,477.0,484.0,469.0,484.0,48855,484.0,2026-09-03T19:33:13.380850+00:00
2024-07-04,485.0,490.0,480.0,487.0,58487,487.0,2026-09-03T19:33:13.380850+00:00
2024-07-07,487.0,490.0,482.0,487.0,59675,487.0,2026-09-03T19:33:13.380850+00:00
2024-07-08,487.0,490.0,482.0,490.0,79001,490.0,2026-09-03T19:33:13.380850+00:00
2024-07-09,490.0,491.9,482.1,490.2,48124,490.2,2026-09-03T19:33:13.380850+00:00
2024-07-10,500.0,500.0,490.0,497.1,82435,497.1,2026-09-03T19:33:13.380850+00:00
2024-07-11,507.0,507.0,498.6,507.0,115571,507.0,2026-09-03T19:33:13.380850+00:00
2024-07-14,517.1,547.0,517.0,529.0,138178,529.0,2026-09-03T19:33:13.380850+00:00
2024-07-15,539.5,545.0,521.0,524.0,157693,524.0,2026-09-03T19:33:13.380850+00:00
2024-07-16,534.4,534.4,514.5,532.9,116735,532.9,2026-09-03T19:33:13.380850+00:00
2024-07-17,539.0,543.0,531.0,538.0,138575,538.0,2026-09-03T19:33:13.380850+00:00
2024-07-18,538.0,589.0,538.0,567.0,242256,567.0,2026-09-03T19:33:13.380850+00:00
2024-07-21,578.0,584.0,568.0,577.0,248449,577.0,2026-09-03T19:33:13.380850+00:00
2024-07-22,580.0,587.0,563.0,574.0,183975,574.0,2026-09-03T19:33:13.380850+00:00
2024-07-23,574.0,580.0,563.0,579.0,185075,579.0,2026-09-03T19:33:13.380850+00:00
2024-07-24,576.0,590.0,570.0,579.0,162758,579.0,2026-09-03T19:33:13.380850+00:00
2024-07-25,579.0,579.0,570.0,575.9,129069,575.9,2026-09-03T19:33:13.380850+00:00
2024-07-28,587.4,633.4,587.4,633.4,348250,633.4,2026-09-03T19:33:13.380850+00:00
2024-07-29,646.0,690.0,643.0,649.0,451587,649.0,2026-09-03T19:33:13.380850+00:00
2024-07-30,658.9,658.9,620.0,644.0,331425,644.0,2026-09-03T19:33:13.380850+00:00
2024-07-31,656.8,656.8,640.0,649.3,288592,649.3,2026-09-03T19:33:13.380850+00:00
2024-08-01,649.3,660.0,638.0,645.0,197788,645.0,2026-09-03T19:33:13.380850+00:00
2024-08-05,657.9,700.0,657.0,660.0,314107,660.0,2026-09-03T19:33:13.380850+00:00
2024-08-06,668.0,668.0,624.0,625.0,421596,625.0,2026-09-03T19:33:13.380850+00:00
2024-08-07,613.0,640.0,608.0,631.5,251049,631.5,2026-09-03T19:33:13.380850+00:00
2024-08-08,644.1,644.1,628.0,630.0,154915,630.0,2026-09-03T19:33:13.380850+00:00
2024-08-11,640.0,643.0,635.0,639.1,196534,639.1,2026-09-03T19:33:13.380850+00:00
2024-08-12,645.0,657.9,640.0,646.9,228497,646.9,2026-09-03T19:33:13.380850+00:00
2024-08-13,648.0,658.9,643.0,647.9,208455,647.9,2026-09-03T19:33:13.380850+00:00
2024-08-14,650.0,650.0,640.0,645.0,160074,645.0,2026-09-03T19:33:13.380850+00:00
2024-08-15,657.9,673.0,647.0,660.0,460088,660.0,2026-09-03T19:33:13.380850+00:00
2024-08-18,670.0,682.0,656.0,662.0,385734,662.0,2026-09-03T19:33:13.380850+00:00
2024-08-21,675.0,675.0,651.0,658.3,251551,658.3,2026-09-03T19:33:13.380850+00:00
2024-08-22,658.3,668.0,652.0,654.0,210335,654.0,2026-09-03T19:33:13.380850+00:00
2024-08-25,654.0,654.0,636.0,636.9,206816,636.9,2026-09-03T19:33:13.380850+00:00
2024-08-27,625.0,640.0,605.0,605.6,307846,605.6,2026-09-03T19:33:13.380850+00:00
2024-08-28,617.7,630.0,609.7,616.0,256298,616.0,2026-09-03T19:33:13.380850+00:00
2024-08-29,625.0,625.0,600.0,605.0,155077,605.0,2026-09-03T19:33:13.380850+00:00
2024-09-01,614.0,614.0,589.0,595.0,150454,595.0,2026-09-03T19:33:13.380850+00:00
2024-09-02,600.0,612.0,585.0,611.7,174550,611.7,2026-09-03T19:33:13.380850+00:00
2024-09-03,615.0,623.0,610.0,610.0,107180,610.0,2026-09-03T19:33:13.380850+00:00
2024-09-04,622.2,622.2,595.0,595.0,139235,595.0,2026-09-03T19:33:13.380850+00:00
2024-09-05,596.0,598.0,585.0,592.0,92820,592.0,2026-09-03T19:33:13.380850+00:00
2024-09-08,603.8,603.8,585.0,586.0,99880,586.0,2026-09-03T19:33:13.380850+00:00
2024-09-09,588.0,592.0,572.0,573.0,93805,573.0,2026-09-03T19:33:13.380850+00:00
2024-09-10,583.0,583.0,567.5,569.8,97919,569.8,2026-09-03T19:33:13.380850+00:00
2024-09-11,577.0,577.5,560.0,561.5,78865,561.5,2026-09-03T19:33:13.380850+00:00
2024-09-12,572.7,572.7,554.0,569.0,91654,569.0,2026-09-03T19:33:13.380850+00:00
2024-09-15,574.0,590.0,570.0,571.0,100482,571.0,2026-09-03T19:33:13.380850+00:00
2024-09-16,571.0,571.0,560.1,561.2,56485,561.2,2026-09-03T19:33:13.380850+00:00
2024-09-18,562.0,565.0,550.0,556.0,68886,556.0,2026-09-03T19:33:13.380850+00:00
2024-09-22,556.0,578.0,556.0,562.0,55026,562.0,2026-09-03T19:33:13.380850+00:00
2024-09-23,573.2,573.2,555.0,568.0,123568,568.0,2026-09-03T19:33:13.380850+00:00
2024-09-24,567.0,567.0,552.1,553.5,66337,553.5,2026-09-03T19:33:13.380850+00:00
2024-09-25,550.0,560.0,545.1,555.0,50441,555.0,2026-09-03T19:33:13.380850+00:00
2024-09-26,555.2,562.0,549.0,550.0,50686,550.0,2026-09-03T19:33:13.380850+00:00
2024-09-29,550.0,550.0,540.0,541.5,46227,541.5,2026-09-03T19:33:13.380850+00:00
2024-09-30,540.0,550.5,540.0,550.0,49497,550.0,2026-09-03T19:33:13.380850+00:00
2024-10-01,550.0,571.0,550.0,568.0,74522,568.0,2026-09-03T19:33:13.380850+00:00
2024-10-02,571.0,579.3,565.0,565.0,56823,565.0,2026-09-03T19:33:13.380850+00:00
2024-10-06,565.0,574.0,556.0,574.0,84468,574.0,2026-09-03T19:33:13.380850+00:00
2024-10-07,584.0,593.2,580.0,591.5,69067,591.5,2026-09-03T19:33:13.380850+00:00
2024-10-08,592.0,600.0,580.0,591.0,65705,591.0,2026-09-03T19:33:13.380850+00:00
2024-10-09,595.0,595.0,580.0,593.0,38505,593.0,2026-09-03T19:33:13.380850+00:00
2024-10-15,593.0,601.0,593.0,600.0,69441,600.0,2026-09-03T19:33:13.380850+00:00
2024-10-16,608.0,608.0,601.0,608.0,94498,608.0,2026-09-03T19:33:13.380850+00:00
2024-10-17,615.0,619.0,602.0,607.1,70872,607.1,2026-09-03T19:33:13.380850+00:00
2024-10-20,600.0,606.0,593.0,597.0,100302,597.0,2026-09-03T19:33:13.380850+00:00
2024-10-21,595.0,597.0,584.0,585.5,112249,585.5,2026-09-03T19:33:13.380850+00:00
2024-10-22,581.5,592.0,577.0,591.0,77275,591.0,2026-09-03T19:33:13.380850+00:00
2024-10-23,591.0,607.2,591.0,594.0,63996,594.0,2026-09-03T19:33:13.380850+00:00
2024-10-24,590.1,600.0,590.0,591.5,41245,591.5,2026-09-03T19:33:13.380850+00:00
2024-10-27,588.09,599.0,585.1,587.0,33289,587.0,2026-09-03T19:33:13.380850+00:00
2024-10-28,585.0,594.9,583.5,585.0,51581,585.0,2026-09-03T19:33:13.380850+00:00
2024-10-29,595.0,595.0,586.1,591.8,38978,591.8,2026-09-03T19:33:13.380850+00:00
2024-10-30,580.0,583.0,569.0,576.0,215581,576.0,2026-09-03T19:33:13.380850+00:00
2024-11-05,570.1,576.0,565.0,567.0,98344,567.0,2026-09-03T19:33:13.380850+00:00
2024-11-06,565.0,567.0,562.8,564.6,54129,564.6,2026-09-03T19:33:13.380850+00:00
2024-11-10,565.0,573.0,565.0,570.0,108867,570.0,2026-09-03T19:33:13.380850+00:00
2024-11-11,573.0,579.0,568.0,569.0,87145,569.0,2026-09-03T19:33:13.380850+00:00
2024-11-12,570.6,572.0,566.0,566.2,58126,566.2,2026-09-03T19:33:13.380850+00:00
2024-11-13,566.2,570.0,560.2,561.0,48085,561.0,2026-09-03T19:33:13.380850+00:00
2024-11-14,566.0,566.0,557.0,562.0,59666,562.0,2026-09-03T19:33:13.380850+00:00
2024-11-17,562.0,570.0,562.0,562.1,62749,562.1,2026-09-03T19:33:13.380850+00:00
2024-11-19,560.0,568.0,557.0,559.8,84892,559.8,2026-09-03T19:33:13.380850+00:00
2024-11-20,560.0,562.0,552.0,557.0,61578,557.0,2026-09-03T19:33:13.380850+00:00
2024-11-21,565.0,565.0,552.2,553.7,56753,553.7,2026-09-03T19:33:13.380850+00:00
2024-11-24,564.0,564.7,555.0,558.0,109617,558.0,2026-09-03T19:33:13.380850+00:00
2024-11-25,569.1,569.1,542.7,547.6,78417,547.6,2026-09-03T19:33:13.380850+00:00
2024-11-26,547.6,556.0,540.0,545.0,96250,545.0,2026-09-03T19:33:13.380850+00:00
2024-11-27,545.0,549.5,544.0,548.0,59923,548.0,2026-09-03T19:33:13.380850+00:00
2024-11-28,545.0,551.0,539.0,540.0,98283,540.0,2026-09-03T19:33:13.380850+00:00
2024-12-01,537.3,540.0,534.1,536.0,79422,536.0,2026-09-03T19:33:13.380850+00:00
2024-12-02,546.7,546.7,533.0,534.0,80685,534.0,2026-09-03T19:33:13.380850+00:00
2024-12-03,544.6,544.6,530.2,532.0,62719,532.0,2026-09-03T19:33:13.380850+00:00
2024-12-04,542.6,542.6,530.0,530.0,69630,530.0,2026-09-03T19:33:13.380850+00:00
2024-12-05,540.6,540.6,523.0,525.0,61452,525.0,2026-09-03T19:33:13.380850+00:00
2024-12-08,526.0,526.0,513.5,514.5,76545,514.5,2026-09-03T19:33:13.380850+00:00
2024-12-09,505.0,516.9,505.0,510.0,54624,510.0,2026-09-03T19:33:13.380850+00:00
2024-12-10,510.0,514.0,505.0,508.1,51966,508.1,2026-09-03T19:33:13.380850+00:00
2024-12-11,508.0,529.8,506.1,528.0,70328,528.0,2026-09-03T19:33:13.380850+00:00
2024-12-12,535.0,538.5,518.3,520.0,56954,520.0,2026-09-03T19:33:13.380850+00:00
2024-12-16,520.0,524.0,509.7,512.9,47147,512.9,2026-09-03T19:33:13.380850+00:00
2024-12-17,513.0,518.0,509.1,512.0,53169,512.0,2026-09-03T19:33:13.380850+00:00
2024-12-18,501.8,520.4,501.8,511.8,57475,511.8,2026-09-03T19:33:13.380850+00:00
2024-12-19,512.0,514.0,508.0,508.0,73723,508.0,2026-09-03T19:33:13.380850+00:00
2024-12-22,497.9,511.0,497.9,502.9,67080,502.9,2026-09-03T19:33:13.380850+00:00
2024-12-23,502.9,502.9,498.0,501.0,86473,501.0,2026-09-03T19:33:13.380850+00:00
2024-12-24,503.0,506.0,499.1,501.0,66517,501.0,2026-09-03T19:33:13.380850+00:00
2024-12-26,511.0,511.0,498.0,502.0,127622,502.0,2026-09-03T19:33:13.380850+00:00
2024-12-29,504.1,508.9,499.0,502.7,64296,502.7,2026-09-03T19:33:13.380850+00:00
2024-12-31,512.7,512.7,498.0,502.0,53222,502.0,2026-09-03T19:33:13.380850+00:00
2025-01-01,502.0,502.9,500.0,501.4,29808,501.4,2026-09-03T19:33:13.380850+00:00
2025-01-02,502.0,502.0,499.0,499.3,43634,499.3,2026-09-03T19:33:13.380850+00:00
2025-01-05,502.0,504.0,498.0,499.0,67379,499.0,2026-09-03T19:33:13.380850+00:00
2025-01-06,501.5,501.5,498.0,499.0,102420,499.0,2026-09-03T19:33:13.380850+00:00
2025-01-07,499.0,504.0,498.0,500.0,64195,500.0,2026-09-03T19:33:13.380850+00:00
2025-01-08,510.0,510.0,497.0,498.9,74206,498.9,2026-09-03T19:33:13.380850+00:00
2025-01-09,499.0,500.0,494.0,495.5,138476,495.5,2026-09-03T19:33:13.380850+00:00
2025-01-12,505.4,505.4,490.0,490.6,46984,490.6,2026-09-03T19:33:13.380850+00:00
2025-01-13,491.0,496.0,489.5,489.5,86269,489.5,2026-09-03T19:33:13.380850+00:00
2025-01-15,492.1,494.0,489.0,489.5,52957,489.5,2026-09-03T19:33:13.380850+00:00
2025-01-16,490.0,495.0,487.0,489.1,51859,489.1,2026-09-03T19:33:13.380850+00:00
2025-01-19,489.0,497.0,485.0,488.2,52392,488.2,2026-09-03T19:33:13.380850+00:00
2025-01-20,490.0,495.0,482.2,484.5,82199,484.5,2026-09-03T19:33:13.380850+00:00
2025-01-21,484.0,489.0,480.3,483.4,50098,483.4,2026-09-03T19:33:13.380850+00:00
2025-01-22,483.0,488.8,483.0,486.0,62780,486.0,2026-09-03T19:33:13.380850+00:00
2025-01-23,490.0,492.0,485.3,488.0,51932,488.0,2026-09-03T19:33:13.380850+00:00
2025-01-26,492.0,492.0,482.1,482.2,54531,482.2,2026-09-03T19:33:13.380850+00:00
2025-01-27,481.0,483.0,477.2,479.5,62150,479.5,2026-09-03T19:33:13.380850+00:00
2025-01-28,478.0,481.0,475.0,476.0,108959,476.0,2026-09-03T19:33:13.380850+00:00
2025-02-02,479.0,493.4,476.1,491.4,105241,491.4,2026-09-03T19:33:13.380850+00:00
2025-02-03,492.0,503.0,491.4,495.9,109341,495.9,2026-09-03T19:33:13.380850+00:00
2025-02-04,500.0,500.0,490.0,493.0,53987,493.0,2026-09-03T19:33:13.380850+00:00
2025-02-05,491.1,493.0,489.5,490.0,70028,490.0,2026-09-03T19:33:13.380850+00:00
2025-02-06,494.0,495.0,486.0,486.7,50451,486.7,2026-09-03T19:33:13.380850+00:00
2025-02-09,495.0,495.0,485.0,486.3,49012,486.3,2026-09-03T19:33:13.380850+00:00
2025-02-10,486.5,490.0,484.0,490.0,51838,490.0,2026-09-03T19:33:13.380850+00:00
2025-02-11,492.0,492.0,486.0,487.0,29647,487.0,2026-09-03T19:33:13.380850+00:00
2025-02-12,487.0,487.0,482.1,485.0,51961,485.0,2026-09-03T19:33:13.380850+00:00
2025-02-13,488.0,490.0,482.1,485.5,40707,485.5,2026-09-03T19:33:13.380850+00:00
2025-02-16,486.8,488.3,482.9,487.0,53350,487.0,2026-09-03T19:33:13.380850+00:00
2025-02-17,487.0,495.9,485.3,494.0,70310,494.0,2026-09-03T19:33:13.380850+00:00
2025-02-18,500.0,500.0,494.0,496.0,60431,496.0,2026-09-03T19:33:13.380850+00:00
2025-02-20,486.1,503.8,486.1,494.9,44322,494.9,2026-09-03T19:33:13.380850+00:00
2025-02-23,485.1,495.0,485.1,489.9,84304,489.9,2026-09-03T19:33:13.380850+00:00
2025-02-24,490.0,495.0,488.5,489.0,63464,489.0,2026-09-03T19:33:13.380850+00:00
2025-02-25,490.0,490.0,488.0,489.0,36470,489.0,2026-09-03T19:33:13.380850+00:00
2025-02-27,498.7,518.0,498.0,501.8,123140,501.8,2026-09-03T19:33:13.380850+00:00
2025-03-02,511.8,519.0,506.0,519.0,114489,519.0,2026-09-03T19:33:13.380850+00:00
2025-03-03,523.0,529.2,515.0,515.0,110922,515.0,2026-09-03T19:33:13.380850+00:00
2025-03-04,520.0,520.0,504.0,507.0,116499,507.0,2026-09-03T19:33:13.380850+00:00
2025-03-05,509.5,509.5,498.5,499.0,66686,499.0,2026-09-03T19:33:13.380850+00:00
2025-03-06,502.0,502.0,498.1,498.1,76130,498.1,2026-09-03T19:33:13.380850+00:00
2025-03-09,498.0,502.0,493.0,495.0,53038,495.0,2026-09-03T19:33:13.380850+00:00
2025-03-10,496.0,500.0,490.0,491.0,44625,491.0,2026-09-03T19:33:13.380850+00:00
2025-03-11,492.0,495.0,486.1,491.0,45903,491.0,2026-09-03T19:33:13.380850+00:00
2025-03-12,494.0,494.0,489.0,491.0,39132,491.0,2026-09-03T19:33:13.380850+00:00
2025-03-16,494.9,494.9,485.0,491.1,71238,491.1,2026-09-03T19:33:13.380850+00:00
2025-03-17,491.1,498.0,486.0,490.0,41530,490.0,2026-09-03T19:33:13.380850+00:00
2025-03-18,499.8,499.8,488.0,491.4,28929,491.4,2026-09-03T19:33:13.380850+00:00
2025-03-19,495.0,496.0,487.0,488.9,49272,488.9,2026-09-03T19:33:13.380850+00:00
2025-03-20,489.0,490.0,487.0,487.31,36716,487.31,2026-09-03T19:33:13.380850+00:00
2025-03-23,488.0,488.0,482.0,482.62,48632,482.62,2026-09-03T19:33:13.380850+00:00
2025-03-24,484.5,486.0,476.5,484.03,54964,484.03,2026-09-03T19:33:13.380850+00:00
2025-03-25,485.0,485.0,478.0,480.13,78144,480.13,2026-09-03T19:33:13.380850+00:00
2025-03-26,485.0,485.0,477.0,481.31,49757,481.31,2026-09-03T19:33:13.380850+00:00
2025-03-27,490.9,490.9,480.0,485.09,38210,485.09,2026-09-03T19:33:13.380850+00:00
2025-03-30,485.0,492.0,484.0,485.96,52866,485.96,2026-09-03T19:33:13.380850+00:00
2025-04-01,490.0,493.0,483.0,484.56,37377,484.56,2026-09-03T19:33:13.380850+00:00
2025-04-02,494.2,494.2,484.0,485.26,36189,485.26,2026-09-03T19:33:13.380850+00:00
2025-04-03,491.0,494.0,486.1,488.73,42041,488.73,2026-09-03T19:33:13.380850+00:00
2025-04-07,490.0,497.0,482.0,486.97,46130,486.97,2026-09-03T19:33:13.380850+00:00
2025-04-08,485.0,486.0,478.0,484.65,38820,484.65,2026-09-03T19:33:13.380850+00:00
2025-04-09,494.0,494.0,483.2,486.27,26187,486.27,2026-09-03T19:33:13.380850+00:00
2025-04-10,491.0,492.4,484.0,485.97,30292,485.97,2026-09-03T19:33:13.380850+00:00
2025-04-13,495.6,495.6,484.1,486.97,44237,486.97,2026-09-03T19:33:13.380850+00:00
2025-04-15,496.0,496.0,486.0,487.96,62586,487.96,2026-09-03T19:33:13.380850+00:00
2025-04-16,497.0,497.0,488.0,489.31,43376,489.31,2026-09-03T19:33:13.380850+00:00
2025-04-17,490.8,495.6,489.0,494.38,54656,494.38,2026-09-03T19:33:13.380850+00:00
2025-04-20,500.0,501.2,490.0,492.09,79228,492.09,2026-09-03T19:33:13.380850+00:00
2025-04-21,494.9,495.0,490.0,490.87,49104,490.87,2026-09-03T19:33:13.380850+00:00
2025-04-22,490.0,494.0,485.0,487.76,31332,487.76,2026-09-03T19:33:13.380850+00:00
2025-04-23,487.0,488.0,482.0,486.77,65014,486.77,2026-09-03T19:33:13.380850+00:00
2025-04-24,483.0,489.9,483.0,485.87,30597,485.87,2026-09-03T19:33:13.380850+00:00
2025-04-27,490.0,490.0,483.2,485.01,50578,485.01,2026-09-03T19:33:13.380850+00:00
2025-04-28,485.3,487.9,480.6,481.3,45746,481.3,2026-09-03T19:33:13.380850+00:00
2025-04-29,480.0,488.0,480.0,481.45,29998,481.45,2026-09-03T19:33:13.380850+00:00
2025-04-30,480.0,487.0,478.0,478.18,49915,478.18,2026-09-03T19:33:13.380850+00:00
2025-05-04,480.0,487.4,477.0,478.32,44594,478.32,2026-09-03T19:33:13.380850+00:00
2025-05-05,478.0,481.0,477.0,478.25,39597,478.25,2026-09-03T19:33:13.380850+00:00
2025-05-06,478.0,484.0,475.1,476.94,39968,476.94,2026-09-03T19:33:13.380850+00:00
2025-05-07,477.0,485.0,474.1,483.31,66388,483.31,2026-09-03T19:33:13.380850+00:00
2025-05-08,490.0,490.0,480.5,482.64,54724,482.64,2026-09-03T19:33:13.380850+00:00
2025-05-11,490.0,490.0,484.5,485.65,44892,485.65,2026-09-03T19:33:13.380850+00:00
2025-05-13,488.0,493.6,481.0,487.41,65061,487.41,2026-09-03T19:33:13.380850+00:00
2025-05-14,490.0,490.0,482.0,483.85,25028,483.85,2026-09-03T19:33:13.380850+00:00
2025-05-15,485.0,486.0,481.5,482.11,47247,482.11,2026-09-03T19:33:13.380850+00:00
2025-05-18,483.0,485.0,479.0,480.49,37266,480.49,2026-09-03T19:33:13.380850+00:00
2025-05-19,488.0,488.0,479.9,482.58,42039,482.58,2026-09-03T19:33:13.380850+00:00
2025-05-20,482.6,489.0,481.0,488.16,43243,488.16,2026-09-03T19:33:13.380850+00:00
2025-05-21,497.9,527.0,492.5,494.21,91325,494.21,2026-09-03T19:33:13.380850+00:00
2025-05-22,499.5,503.0,494.6,499.55,71455,499.55,2026-09-03T19:33:13.380850+00:00
2025-05-25,509.5,510.0,495.0,496.75,108411,496.75,2026-09-03T19:33:13.380850+00:00
2025-05-26,506.6,516.0,496.1,498.07,87620,498.07,2026-09-03T19:33:13.380850+00:00
2025-05-27,498.0,498.1,493.6,496.48,33750,496.48,2026-09-03T19:33:13.380850+00:00
2025-05-28,501.9,501.9,494.0,500.42,66059,500.42,2026-09-03T19:33:13.380850+00:00
2025-06-02,510.4,510.4,500.1,500.78,73634,500.78,2026-09-03T19:33:13.380850+00:00
2025-06-03,505.9,505.9,495.0,497.45,54808,497.45,2026-09-03T19:33:13.380850+00:00
2025-06-04,499.0,499.0,490.0,491.11,48051,491.11,2026-09-03T19:33:13.380850+00:00
2025-06-05,498.0,498.0,489.0,492.37,47113,492.37,2026-09-03T19:33:13.380850+00:00
2025-06-08,490.0,495.0,489.0,489.65,50694,489.65,2026-09-03T19:33:13.380850+00:00
2025-06-09,489.9,494.9,489.0,490.93,29647,490.93,2026-09-03T19:33:13.380850+00:00
2025-06-10,494.9,494.9,490.0,491.77,38403,491.77,2026-09-03T19:33:13.380850+00:00
2025-06-11,495.0,495.0,490.0,490.34,39951,490.34,2026-09-03T19:33:13.380850+00:00
2025-06-12,493.0,493.0,488.3,489.44,53316,489.44,2026-09-03T19:33:13.380850+00:00
2025-06-15,495.0,495.0,490.0,490.73,43276,490.73,2026-09-03T19:33:13.380850+00:00
2025-06-16,497.0,497.0,489.0,490.59,48455,490.59,2026-09-03T19:33:13.380850+00:00
2025-06-17,490.0,492.0,487.1,488.99,36559,488.99,2026-09-03T19:33:13.380850+00:00
2025-06-18,490.0,492.0,488.0,489.97,44689,489.97,2026-09-03T19:33:13.380850+00:00
2025-06-19,494.8,494.8,487.0,489.04,78016,489.04,2026-09-03T19:33:13.380850+00:00
2025-06-22,493.0,493.0,485.0,488.99,47834,488.99,2026-09-03T19:33:13.380850+00:00
2025-06-23,489.9,489.9,485.0,487.35,30576,487.35,2026-09-03T19:33:13.380850+00:00
2025-06-24,489.0,493.0,483.2,487.3,54280,487.3,2026-09-03T19:33:13.380850+00:00
2025-06-25,488.0,488.9,481.0,486.24,24807,486.24,2026-09-03T19:33:13.380850+00:00
2025-06-26,486.0,488.5,485.1,485.95,33097,485.95,2026-09-03T19:33:13.380850+00:00
2025-06-29,482.0,490.0,482.0,489.82,40790,489.82,2026-09-03T19:33:13.380850+00:00
2025-06-30,490.1,493.1,490.1,491.81,37425,491.81,2026-09-03T19:33:13.380850+00:00
2025-07-01,496.4,496.4,491.0,491.79,35495,491.79,2026-09-03T19:33:13.380850+00:00
2025-07-02,494.5,495.8,491.0,494.96,55089,494.96,2026-09-03T19:33:13.380850+00:00
2025-07-03,491.1,500.0,490.0,498.22,91180,498.22,2026-09-03T19:33:13.380850+00:00
2025-07-06,506.0,506.8,499.1,500.89,64130,500.89,2026-09-03T19:33:13.380850+00:00
2025-07-07,500.0,503.0,496.3,497.07,36175,497.07,2026-09-03T19:33:13.380850+00:00
2025-07-08,500.0,500.0,493.0,495.46,33006,495.46,2026-09-03T19:33:13.380850+00:00
2025-07-09,500.0,500.0,495.2,499.01,42721,499.01,2026-09-03T19:33:13.380850+00:00
2025-07-10,503.0,522.0,500.0,511.17,264663,511.17,2026-09-03T19:33:13.380850+00:00
2025-07-13,521.3,537.5,521.3,535.77,270279,535.77,2026-09-03T19:33:13.380850+00:00
2025-07-14,538.0,538.0,521.1,522.22,165976,522.22,2026-09-03T19:33:13.380850+00:00
2025-07-15,524.0,530.0,515.0,529.8,136308,529.8,2026-09-03T19:33:13.380850+00:00
2025-07-16,530.0,543.6,530.0,541.37,260180,541.37,2026-09-03T19:33:13.380850+00:00
2025-07-17,545.0,554.0,542.2,548.66,192877,548.66,2026-09-03T19:33:13.380850+00:00
2025-07-20,550.0,560.0,548.0,549.77,233008,549.77,2026-09-03T19:33:13.380850+00:00
2025-07-21,550.0,554.0,540.0,545.21,126936,545.21,2026-09-03T19:33:13.380850+00:00
2025-07-22,545.2,555.5,545.2,554.63,172337,554.63,2026-09-03T19:33:13.380850+00:00
2025-07-23,543.6,562.0,543.6,551.41,132486,551.41,2026-09-03T19:33:13.380850+00:00
2025-07-24,552.0,556.0,547.1,548.08,95913,548.08,2026-09-03T19:33:13.380850+00:00
2025-07-27,550.0,554.0,545.1,547.84,147629,547.84,2026-09-03T19:33:13.380850+00:00
2025-07-28,545.5,547.0,536.0,540.43,183214,540.43,2026-09-03T19:33:13.380850+00:00
2025-07-29,547.0,552.0,545.0,548.55,142244,548.55,2026-09-03T19:33:13.380850+00:00
2025-07-30,550.7,555.0,545.0,545.18,115662,545.18,2026-09-03T19:33:13.380850+00:00
2025-07-31,540.1,548.2,535.0,536.48,110940,536.48,2026-09-03T19:33:13.380850+00:00
2025-08-03,536.0,538.0,522.5,524.4,166184,524.4,2026-09-03T19:33:13.380850+00:00
2025-08-04,524.4,532.0,519.0,527.97,103313,527.97,2026-09-03T19:33:13.380850+00:00
2025-08-05,517.5,540.0,517.5,527.73,91553,527.73,2026-09-03T19:33:13.380850+00:00
2025-08-06,530.0,530.0,523.0,525.93,48952,525.93,2026-09-03T19:33:13.380850+00:00
2025-08-07,534.9,534.9,525.6,527.36,63502,527.36,2026-09-03T19:33:13.380850+00:00
2025-08-11,533.0,534.0,525.0,526.3,69423,526.3,2026-09-03T19:33:13.380850+00:00
2025-08-12,530.0,534.5,524.2,524.86,79172,524.86,2026-09-03T19:33:13.380850+00:00
2025-08-13,523.0,524.9,522.0,523.63,50014,523.63,2026-09-03T19:33:13.380850+00:00
2025-08-14,524.1,526.5,523.1,523.82,47263,523.82,2026-09-03T19:33:13.380850+00:00
2025-08-17,525.0,528.0,519.0,521.21,63880,521.21,2026-09-03T19:33:13.380850+00:00
2025-08-18,520.0,524.0,517.0,518.95,48703,518.95,2026-09-03T19:33:13.380850+00:00
2025-08-19,525.0,525.0,518.0,518.81,44459,518.81,2026-09-03T19:33:13.380850+00:00
2025-08-20,518.0,521.0,517.0,518.81,43704,518.81,2026-09-03T19:33:13.380850+00:00
2025-08-21,524.9,524.9,517.3,518.14,38427,518.14,2026-09-03T19:33:13.380850+00:00
2025-08-24,520.0,520.0,513.0,513.56,72676,513.56,2026-09-03T19:33:13.380850+00:00
2025-08-25,512.0,525.0,509.0,522.58,81167,522.58,2026-09-03T19:33:13.380850+00:00
2025-08-26,514.5,533.0,514.5,529.35,67932,529.35,2026-09-03T19:33:13.380850+00:00
2025-08-27,539.9,539.9,526.5,533.87,64476,533.87,2026-09-03T19:33:13.380850+00:00
2025-08-28,532.0,538.9,527.0,528.86,83641,528.86,2026-09-03T19:33:13.380850+00:00
2025-08-31,535.0,536.9,520.0,520.84,66938,520.84,2026-09-03T19:33:13.380850+00:00
2025-09-01,531.2,531.2,518.0,527.66,42334,527.66,2026-09-03T19:33:13.380850+00:00
2025-09-02,538.2,538.2,523.3,523.75,34983,523.75,2026-09-03T19:33:13.380850+00:00
2025-09-03,520.0,529.0,519.0,519.88,34096,519.88,2026-09-03T19:33:13.380850+00:00
2025-09-04,528.0,528.0,515.0,517.58,40199,517.58,2026-09-03T19:33:13.380850+00:00
2025-09-07,507.3,517.8,507.3,514.87,25831,514.87,2026-09-03T19:33:13.380850+00:00
2025-09-08,515.0,515.0,510.0,513.15,42962,513.15,2026-09-03T19:33:13.380850+00:00
2025-09-18,502.9,502.9,471.0,483.0,16660,483.0,2026-09-03T19:33:13.380850+00:00
2025-09-21,474.0,514.0,474.0,510.18,122490,510.18,2026-09-03T19:33:13.380850+00:00
2025-09-23,516.9,525.0,513.0,523.5,55373,523.5,2026-09-03T19:33:13.380850+00:00
2025-09-24,525.0,528.0,515.0,522.0,59254,522.0,2026-09-03T19:33:13.380850+00:00
2025-09-25,523.0,524.9,516.0,521.6,28626,521.6,2026-09-03T19:33:13.380850+00:00
2025-09-28,524.0,528.0,521.0,527.0,30997,527.0,2026-09-03T19:33:13.380850+00:00
2025-10-07,530.0,530.0,512.6,521.0,48977,521.0,2026-09-03T19:33:13.380850+00:00
2025-10-08,523.0,523.0,505.0,514.0,78401,514.0,2026-09-03T19:33:13.380850+00:00
2025-10-09,523.9,544.0,514.0,519.9,43284,519.9,2026-09-03T19:33:13.380850+00:00
2025-10-12,530.2,530.2,505.0,510.5,65413,510.5,2026-09-03T19:33:13.380850+00:00
2025-10-13,519.9,520.0,506.0,510.0,53374,510.0,2026-09-03T19:33:13.380850+00:00
2025-10-14,518.5,518.5,510.0,510.0,31168,510.0,2026-09-03T19:33:13.380850+00:00
2025-10-15,518.0,518.0,507.0,508.7,38107,508.7,2026-09-03T19:33:13.380850+00:00
2025-10-16,517.9,517.9,506.0,509.0,37341,509.0,2026-09-03T19:33:13.380850+00:00
2025-10-19,512.0,512.0,506.0,507.9,38379,507.9,2026-09-03T19:33:13.380850+00:00
2025-10-26,508.0,508.0,503.0,505.3,32708,505.3,2026-09-03T19:33:13.380850+00:00
2025-10-28,505.3,510.0,505.0,509.0,49884,509.0,2026-09-03T19:33:13.380850+00:00
2025-10-29,509.0,516.3,507.0,507.0,51578,507.0,2026-09-03T19:33:13.380850+00:00
2025-10-30,503.1,512.0,503.1,506.0,37178,506.0,2026-09-03T19:33:13.380850+00:00
2025-11-02,516.1,516.1,508.0,511.1,33330,511.1,2026-09-03T19:33:13.380850+00:00
2025-11-03,515.0,517.0,510.1,513.1,32079,513.1,2026-09-03T19:33:13.380850+00:00
2025-11-04,515.0,517.9,511.1,511.1,27560,511.1,2026-09-03T19:33:13.380850+00:00
2025-11-05,513.0,516.9,508.0,513.1,27044,513.1,2026-09-03T19:33:13.380850+00:00
2025-11-06,515.0,517.0,506.7,507.3,46224,507.3,2026-09-03T19:33:13.380850+00:00
2025-11-09,510.0,514.9,507.0,508.5,39600,508.5,2026-09-03T19:33:13.380850+00:00
2025-11-10,509.0,510.0,506.0,509.0,49391,509.0,2026-09-03T19:33:13.380850+00:00
2025-11-11,510.0,510.0,505.3,507.9,21898,507.9,2026-09-03T19:33:13.380850+00:00
2025-11-12,508.0,508.9,504.0,504.0,29577,504.0,2026-09-03T19:33:13.380850+00:00
2025-11-13,505.1,505.1,502.0,503.0,32775,503.0,2026-09-03T19:33:13.380850+00:00
2025-11-16,503.0,506.9,501.0,503.5,31462,503.5,2026-09-03T19:33:13.380850+00:00
2025-11-17,504.0,509.9,504.0,508.0,24130,508.0,2026-09-03T19:33:13.380850+00:00
2025-11-18,508.0,510.0,505.6,507.1,24383,507.1,2026-09-03T19:33:13.380850+00:00
2025-11-19,511.0,511.0,505.0,507.0,18121,507.0,2026-09-03T19:33:13.380850+00:00
2025-11-20,508.0,508.0,503.0,506.0,27947,506.0,2026-09-03T19:33:13.380850+00:00
2025-11-23,505.0,510.5,505.0,509.5,48408,509.5,2026-09-03T19:33:13.380850+00:00
2025-11-24,508.0,513.9,507.0,513.0,22139,513.0,2026-09-03T19:33:13.380850+00:00
2025-11-25,518.0,518.0,508.5,510.5,29221,510.5,2026-09-03T19:33:13.380850+00:00
2025-11-26,510.0,513.0,507.0,511.0,35156,511.0,2026-09-03T19:33:13.380850+00:00
2025-11-27,511.0,517.0,509.0,514.9,50106,514.9,2026-09-03T19:33:13.380850+00:00
2025-11-30,518.0,522.0,513.0,513.2,40956,513.2,2026-09-03T19:33:13.380850+00:00
2025-12-01,519.4,519.4,510.5,512.0,21944,512.0,2026-09-03T19:33:13.380850+00:00
2025-12-02,512.0,516.8,510.0,512.5,39306,512.5,2026-09-03T19:33:13.380850+00:00
2025-12-03,515.0,515.0,510.0,510.2,25319,510.2,2026-09-03T19:33:13.380850+00:00
2025-12-07,502.0,510.0,502.0,503.0,88964,503.0,2026-09-03T19:33:13.380850+00:00
2025-12-08,503.0,503.0,495.0,495.0,81912,495.0,2026-09-03T19:33:13.380850+00:00
2025-12-09,500.0,500.0,491.1,496.0,55413,496.0,2026-09-03T19:33:13.380850+00:00
2025-12-10,500.0,500.0,493.0,494.7,29665,494.7,2026-09-03T19:33:13.380850+00:00
2025-12-11,492.2,497.5,492.0,495.0,37306,495.0,2026-09-03T19:33:13.380850+00:00
2025-12-14,500.0,500.0,490.0,492.0,78979,492.0,2026-09-03T19:33:13.380850+00:00
2025-12-15,492.0,495.0,489.0,494.0,36245,494.0,2026-09-03T19:33:13.380850+00:00
2025-12-16,494.0,500.0,494.0,499.0,30522,499.0,2026-09-03T19:33:13.380850+00:00
2025-12-17,503.0,505.0,497.0,499.9,44903,499.9,2026-09-03T19:33:13.380850+00:00
2025-12-18,500.0,504.0,495.1,499.0,39506,499.0,2026-09-03T19:33:13.380850+00:00
2025-12-21,500.0,504.4,493.0,497.0,24230,497.0,2026-09-03T19:33:13.380850+00:00
2025-12-22,500.0,500.0,492.0,497.1,36711,497.1,2026-09-03T19:33:13.380850+00:00
2025-12-23,499.0,502.0,496.5,497.2,33607,497.2,2026-09-03T19:33:13.380850+00:00
2025-12-24,498.5,500.0,496.1,498.6,40096,498.6,2026-09-03T19:33:13.380850+00:00
2025-12-28,499.0,504.0,496.0,503.4,61455,503.4,2026-09-03T19:33:13.380850+00:00
2025-12-29,508.0,508.9,500.0,506.5,78664,506.5,2026-09-03T19:33:13.380850+00:00
2025-12-31,500.0,502.0,494.7,496.7,65111,496.7,2026-09-03T19:33:13.380850+00:00
2026-01-01,495.0,496.0,490.0,492.0,35796,492.0,2026-09-03T19:33:13.380850+00:00
2026-01-04,491.5,495.0,488.1,490.3,44294,490.3,2026-09-03T19:33:13.380850+00:00
2026-01-05,492.0,492.0,488.1,489.5,57630,489.5,2026-09-03T19:33:13.380850+00:00
2026-01-06,490.0,492.0,489.0,489.5,47593,489.5,2026-09-03T19:33:13.380850+00:00
2026-01-07,493.0,493.9,489.0,489.0,38590,489.0,2026-09-03T19:33:13.380850+00:00
2026-01-08,492.0,492.0,486.5,489.0,35678,489.0,2026-09-03T19:33:13.380850+00:00
2026-01-12,490.0,495.0,487.0,487.0,40413,487.0,2026-09-03T19:33:13.380850+00:00
2026-01-13,496.0,496.0,485.0,488.1,60812,488.1,2026-09-03T19:33:13.380850+00:00
2026-01-14,490.0,490.0,487.0,487.5,44542,487.5,2026-09-03T19:33:13.380850+00:00
2026-01-18,488.0,492.0,487.7,490.8,71435,490.8,2026-09-03T19:33:13.380850+00:00
2026-01-20,490.8,500.0,490.8,496.5,72522,496.5,2026-09-03T19:33:13.380850+00:00
2026-01-21,502.0,504.0,493.0,496.1,44079,496.1,2026-09-03T19:33:13.380850+00:00
2026-01-22,498.0,498.0,492.3,493.1,63230,493.1,2026-09-03T19:33:13.380850+00:00
2026-01-25,496.9,499.0,492.0,497.2,104063,497.2,2026-09-03T19:33:13.380850+00:00
2026-01-26,501.0,504.0,496.0,497.0,109372,497.0,2026-09-03T19:33:13.380850+00:00
2026-01-27,497.0,500.0,492.1,494.9,72291,494.9,2026-09-03T19:33:13.380850+00:00
2026-01-28,492.1,495.0,490.1,492.0,48841,492.0,2026-09-03T19:33:13.380850+00:00
2026-01-29,500.0,508.0,493.0,497.0,132087,497.0,2026-09-03T19:33:13.380850+00:00
2026-02-01,500.0,506.0,497.0,498.1,84076,498.1,2026-09-03T19:33:13.380850+00:00
2026-02-02,488.2,500.0,488.2,498.8,61083,498.8,2026-09-03T19:33:13.380850+00:00
2026-02-03,500.0,500.0,496.0,498.0,78804,498.0,2026-09-03T19:33:13.380850+00:00
2026-02-04,489.0,502.0,489.0,496.1,49627,496.1,2026-09-03T19:33:13.380850+00:00
2026-02-05,499.9,501.0,496.5,499.3,98644,499.3,2026-09-03T19:33:13.380850+00:00
2026-02-08,497.3,500.9,497.0,498.5,75640,498.5,2026-09-03T19:33:13.380850+00:00
2026-02-09,499.0,499.0,494.0,495.9,68038,495.9,2026-09-03T19:33:13.380850+00:00
2026-02-10,496.0,499.8,492.1,496.4,63267,496.4,2026-09-03T19:33:13.380850+00:00
2026-02-11,500.0,500.0,495.0,496.0,42061,496.0,2026-09-03T19:33:13.380850+00:00
2026-02-12,495.0,498.7,492.5,495.0,83293,495.0,2026-09-03T19:33:13.380850+00:00
2026-02-16,498.7,498.8,493.0,497.9,82231,497.9,2026-09-03T19:33:13.380850+00:00
2026-02-17,495.0,498.5,492.0,497.0,90768,497.0,2026-09-03T19:33:13.380850+00:00
2026-02-22,497.8,497.8,490.0,495.0,43286,495.0,2026-09-03T19:33:13.380850+00:00
2026-02-23,494.5,498.6,493.0,495.4,57825,495.4,2026-09-03T19:33:13.380850+00:00
2026-02-24,496.0,497.9,495.0,496.0,33305,496.0,2026-09-03T19:33:13.380850+00:00
2026-02-25,497.0,499.0,495.0,496.0,30849,496.0,2026-09-03T19:33:13.380850+00:00
2026-02-26,498.0,499.0,496.5,497.9,32698,497.9,2026-09-03T19:33:13.380850+00:00
2026-03-01,497.9,500.0,494.0,499.0,58125,499.0,2026-09-03T19:33:13.380850+00:00
2026-03-03,508.9,508.9,497.0,504.0,53465,504.0,2026-09-03T19:33:13.380850+00:00
2026-03-09,514.0,550.0,514.0,545.0,4906,545.0,2026-09-03T19:33:13.380850+00:00
2026-03-10,545.0,555.0,528.0,534.8,271844,534.8,2026-09-03T19:33:13.380850+00:00
2026-03-11,539.0,539.0,525.0,527.0,78574,527.0,2026-09-03T19:33:13.380850+00:00
2026-03-12,522.1,531.7,522.0,529.0,81850,529.0,2026-09-03T19:33:13.380850+00:00
2026-03-15,531.0,539.0,528.5,530.5,92278,530.5,2026-09-03T19:33:13.380850+00:00
2026-03-16,530.0,532.0,523.0,523.0,67561,523.0,2026-09-03T19:33:13.380850+00:00
2026-03-17,523.0,530.0,523.0,525.8,47099,525.8,2026-09-03T19:33:13.380850+00:00
2026-03-19,528.0,536.0,527.0,535.2,151867,535.2,2026-09-03T19:33:13.380850+00:00
2026-03-22,545.0,545.9,537.0,542.1,178526,542.1,2026-09-03T19:33:13.380850+00:00
2026-03-23,542.1,546.0,536.7,542.0,100511,542.0,2026-09-03T19:33:13.380850+00:00
2026-03-24,546.0,546.0,542.5,544.6,99147,544.6,2026-09-03T19:33:13.380850+00:00
2026-03-25,544.0,548.0,538.0,539.0,133329,539.0,2026-09-03T19:33:13.380850+00:00
2026-03-26,539.0,543.0,533.0,543.0,58580,543.0,2026-09-03T19:33:13.380850+00:00
2026-03-29,550.0,550.0,534.0,534.1,174352,534.1,2026-09-03T19:33:13.380850+00:00
2026-03-30,533.0,539.0,525.1,527.0,104673,527.0,2026-09-03T19:33:13.380850+00:00
2026-03-31,535.0,535.0,520.0,531.0,86278,531.0,2026-09-03T19:33:13.380850+00:00
2026-04-01,531.0,531.0,520.0,523.0,70913,523.0,2026-09-03T19:33:13.380850+00:00
2026-04-02,512.6,524.9,512.0,517.5,83066,517.5,2026-09-03T19:33:13.380850+00:00
2026-04-05,510.0,518.0,499.8,505.3,103324,505.3,2026-09-03T19:33:13.380850+00:00
2026-04-06,506.0,522.0,505.0,518.0,66226,518.0,2026-09-03T19:33:13.380850+00:00
2026-04-07,523.9,525.9,518.0,520.0,48132,520.0,2026-09-03T19:33:13.380850+00:00
2026-04-08,520.0,525.0,520.0,524.0,63582,524.0,2026-09-03T19:33:13.380850+00:00
2026-04-09,521.0,530.0,521.0,528.0,38820,528.0,2026-09-03T19:33:13.380850+00:00
2026-04-10,532.0,538.0,526.2,529.5,85950,529.5,2026-09-03T19:33:13.380850+00:00
2026-04-13,540.0,540.0,520.0,530.0,51167,530.0,2026-09-03T19:33:13.380850+00:00
2026-04-15,530.5,534.0,530.0,531.9,57069,531.9,2026-09-03T19:33:13.380850+00:00
2026-04-16,535.0,538.0,530.0,531.0,59730,531.0,2026-09-03T19:33:13.380850+00:00
2026-04-17,541.6,541.6,528.0,530.0,39114,530.0,2026-09-03T19:33:13.380850+00:00
2026-04-20,533.0,534.9,527.1,528.0,39912,528.0,2026-09-03T19:33:13.380850+00:00
2026-04-21,550.0,550.0,525.0,526.0,35671,526.0,2026-09-03T19:33:13.380850+00:00
2026-04-22,526.0,527.0,519.0,526.5,66642,526.5,2026-09-03T19:33:13.380850+00:00
2026-04-23,530.0,530.0,518.0,520.0,33344,520.0,2026-09-03T19:33:13.380850+00:00
2026-04-24,520.0,520.0,515.0,518.0,38819,518.0,2026-09-03T19:33:13.380850+00:00
2026-04-27,518.0,522.0,517.5,519.2,36199,519.2,2026-09-03T19:33:13.380850+00:00
2026-04-28,519.2,532.0,519.2,525.0,66167,525.0,2026-09-03T19:33:13.380850+00:00
2026-04-29,525.0,527.0,522.0,524.9,36190,524.9,2026-09-03T19:33:13.380850+00:00
2026-04-30,524.0,528.1,520.0,528.0,47024,528.0,2026-09-03T19:33:13.380850+00:00
2026-05-04,528.0,535.0,516.0,521.0,62346,521.0,2026-09-03T19:33:13.380850+00:00
2026-05-05,520.0,526.0,516.0,521.6,38727,521.6,2026-09-03T19:33:13.380850+00:00
2026-05-06,525.0,527.0,522.0,522.3,23570,522.3,2026-09-03T19:33:13.380850+00:00
2026-05-07,525.0,525.0,522.2,523.0,32514,523.0,2026-09-03T19:33:13.380850+00:00
2026-05-08,525.0,528.0,520.1,523.0,44672,523.0,2026-09-03T19:33:13.380850+00:00
2026-05-11,523.0,532.0,523.0,527.0,37981,527.0,2026-09-03T19:33:13.380850+00:00
2026-05-12,530.0,533.0,527.0,527.0,37974,527.0,2026-09-03T19:33:13.380850+00:00
2026-05-13,527.0,528.0,523.1,527.0,29723,527.0,2026-09-03T19:33:13.380850+00:00
2026-05-14,530.0,530.0,525.0,527.0,23778,527.0,2026-09-03T19:33:13.380850+00:00
2026-05-15,525.1,531.0,525.0,527.0,22776,527.0,2026-09-03T19:33:13.380850+00:00
2026-05-18,527.0,532.0,525.0,526.0,44305,526.0,2026-09-03T19:33:13.380850+00:00
2026-05-19,526.0,530.0,523.0,526.0,41228,526.0,2026-09-03T19:33:13.380850+00:00
2026-05-20,529.9,531.0,524.0,527.4,55468,527.4,2026-09-03T19:33:13.380850+00:00
2026-05-21,527.4,530.0,526.2,527.9,27246,527.9,2026-09-03T19:33:13.380850+00:00
2026-05-22,529.0,530.8,527.9,530.0,42686,530.0,2026-09-03T19:33:13.380850+00:00
2026-05-25,530.0,536.0,530.0,535.4,59099,535.4,2026-09-03T19:33:13.380850+00:00
2026-05-26,540.0,540.0,532.1,537.0,59432,537.0,2026-09-03T19:33:13.380850+00:00
2026-05-27,538.7,540.0,534.0,537.0,68884,537.0,2026-09-03T19:33:13.380850+00:00
2026-06-01,537.0,544.0,531.0,534.0,44350,534.0,2026-09-03T19:33:13.380850+00:00
2026-06-02,540.0,540.0,530.0,536.9,43239,536.9,2026-09-03T19:33:13.380850+00:00
2026-06-03,536.0,539.0,532.0,536.5,36962,536.5,2026-09-03T19:33:13.380850+00:00
2026-06-04,563.0,563.0,531.1,538.8,35729,538.8,2026-09-03T19:33:13.380850+00:00
2026-06-05,537.0,540.0,535.0,535.0,38895,535.0,2026-09-03T19:33:13.380850+00:00
2026-06-08,536.0,539.9,530.2,533.0,52406,533.0,2026-09-03T19:33:13.380850+00:00
2026-06-09,531.0,535.0,530.1,533.0,49834,533.0,2026-09-03T19:33:13.380850+00:00
2026-06-10,535.0,538.0,531.5,536.0,29859,536.0,2026-09-03T19:33:13.380850+00:00
2026-06-11,536.0,537.8,533.1,533.1,31193,533.1,2026-09-03T19:33:13.380850+00:00
2026-06-12,533.1,535.0,532.0,533.0,27399,533.0,2026-09-03T19:33:13.380850+00:00
2026-06-15,533.0,536.7,530.0,531.5,39328,531.5,2026-09-03T19:33:13.380850+00:00
2026-06-16,532.0,535.0,531.3,532.0,30151,532.0,2026-09-03T19:33:13.380850+00:00
2026-06-17,532.0,535.0,530.5,532.0,20805,532.0,2026-09-03T19:33:13.380850+00:00
2026-06-18,505.4,539.0,505.4,532.0,23502,532.0,2026-09-03T19:33:13.380850+00:00
2026-06-19,536.0,536.0,530.1,531.0,37753,531.0,2026-09-03T19:33:13.380850+00:00
2026-06-22,535.0,535.0,527.0,531.0,34257,531.0,2026-09-03T19:33:13.380850+00:00
2026-06-23,531.0,531.0,528.0,529.0,33271,529.0,2026-09-03T19:33:13.380850+00:00
2026-06-24,529.0,534.8,520.0,524.5,68419,524.5,2026-09-03T19:33:13.380850+00:00
2026-06-25,524.0,524.0,521.0,521.9,47945,521.9,2026-09-03T19:33:13.380850+00:00
2026-06-26,523.0,529.9,519.5,525.0,47709,525.0,2026-09-03T19:33:13.380850+00:00
2026-06-29,525.0,530.0,522.0,524.0,29220,524.0,2026-09-03T19:33:13.380850+00:00
2026-06-30,526.0,527.0,520.2,521.9,24993,521.9,2026-09-03T19:33:13.380850+00:00
2026-07-01,520.0,526.0,515.09,525.0,44906,525.0,2026-09-03T19:33:13.380850+00:00
2026-07-02,530.0,545.2,512.0,541.0,231443,541.0,2026-09-03T19:33:13.380850+00:00
2026-07-03,540.0,541.0,519.0,530.0,114343,530.0,2026-09-03T19:33:13.380850+00:00
2026-07-06,530.0,535.0,523.0,526.0,37851,526.0,2026-09-03T19:33:13.380850+00:00
2026-07-07,527.0,545.0,520.0,534.0,192322,534.0,2026-09-03T19:33:13.380850+00:00
2026-07-08,534.0,539.8,528.1,532.0,32674,532.0,2026-09-03T19:33:13.380850+00:00
2026-07-09,532.0,533.0,527.5,528.6,42398,528.6,2026-09-03T19:33:13.380850+00:00
2026-07-10,534.0,534.0,527.0,527.8,53475,527.8,2026-09-03T19:33:13.380850+00:00
2026-07-13,530.0,531.0,525.0,526.3,48177,526.3,2026-09-03T19:33:13.380850+00:00
2026-07-14,525.1,532.9,525.1,530.1,76835,530.1,2026-09-03T19:33:13.380850+00:00
2026-07-15,515.0,536.0,515.0,534.0,57577,534.0,2026-09-03T19:33:13.380850+00:00
2026-07-16,535.5,537.9,534.0,534.9,28326,534.9,2026-09-03T19:33:13.380850+00:00
2026-07-17,539.0,546.0,536.0,542.7,66735,542.7,2026-09-03T19:33:13.380850+00:00
2026-07-20,550.0,551.1,542.7,550.0,100779,550.0,2026-09-03T19:33:13.380850+00:00
2026-07-21,552.0,554.9,548.0,549.0,102884,549.0,2026-09-03T19:33:13.380850+00:00
2026-07-22,550.0,550.0,546.0,546.8,48017,546.8,2026-09-03T19:33:13.380850+00:00
2026-07-23,546.0,550.0,545.0,550.0,40281,550.0,2026-09-03T19:33:13.380850+00:00
2026-07-24,550.0,557.6,546.1,553.1,91376,553.1,2026-09-03T19:33:13.380850+00:00
2026-07-27,553.0,568.0,553.0,560.0,155380,560.0,2026-09-03T19:33:13.380850+00:00
2026-07-28,560.0,560.0,554.0,558.0,61497,558.0,2026-09-03T19:33:13.380850+00:00
2026-07-29,558.0,560.0,553.5,557.5,58797,557.5,2026-09-03T19:33:13.380850+00:00
2026-07-30,530.0,566.0,530.0,554.5,50772,554.5,2026-09-03T19:33:13.380850+00:00
2026-07-31,554.5,558.6,550.0,556.0,45634,556.0,2026-09-03T19:33:13.380850+00:00
2026-08-03,528.2,568.0,528.2,557.1,53226,557.1,2026-09-03T19:33:13.380850+00:00
2026-08-04,560.0,561.8,556.5,558.0,60087,558.0,2026-09-03T19:33:13.380850+00:00
2026-08-05,530.1,563.0,530.1,557.0,75852,557.0,2026-09-03T19:33:13.380850+00:00
2026-08-06,568.0,568.0,550.0,552.0,53215,552.0,2026-09-03T19:33:13.380850+00:00
2026-08-07,552.0,560.0,550.1,556.0,83780,556.0,2026-09-03T19:33:13.380850+00:00
2026-08-10,556.0,556.1,548.0,549.4,44025,549.4,2026-09-03T19:33:13.380850+00:00
2026-08-11,556.0,556.0,549.0,551.0,26088,551.0,2026-09-03T19:33:13.380850+00:00
2026-08-12,551.0,555.0,549.0,550.0,27049,550.0,2026-09-03T19:33:13.380850+00:00
2026-08-13,550.0,553.0,548.0,550.0,20477,550.0,2026-09-03T19:33:13.380850+00:00
2026-08-14,550.0,552.0,549.0,549.9,22999,549.9,2026-09-03T19:33:13.380850+00:00
2026-08-17,549.9,555.0,549.9,551.5,30252,551.5,2026-09-03T19:33:13.380850+00:00
2026-08-18,555.0,555.0,548.0,550.0,36097,550.0,2026-09-03T19:33:13.380850+00:00
2026-08-19,556.0,556.0,545.0,548.0,95755,548.0,2026-09-03T19:33:13.380850+00:00
2026-08-20,550.0,552.0,547.0,548.5,27241,548.5,2026-09-03T19:33:13.380850+00:00
2026-08-21,550.0,552.0,544.2,545.0,38251,545.0,2026-09-03T19:33:13.380850+00:00
2026-08-24,545.0,546.0,540.0,541.5,34780,541.5,2026-09-03T19:33:13.380850+00:00
2026-08-25,541.5,543.0,540.0,540.6,31533,540.6,2026-09-03T19:33:13.380850+00:00
2026-08-26,540.6,542.0,534.9,536.8,42608,536.8,2026-09-03T19:33:13.380850+00:00
2026-08-27,535.0,542.0,530.0,540.2,36950,540.2,2026-09-03T19:33:13.380850+00:00
2026-08-31,540.0,545.0,535.1,535.2,43318,535.2,2026-09-03T19:33:13.380850+00:00
2026-09-01,535.0,539.8,533.0,536.5,25051,536.5,2026-09-03T19:33:13.380850+00:00
2026-09-02,540.0,541.9,537.0,537.5,24088,537.5,2026-09-03T19:33:13.380850+00:00
2026-09-03,540.0,540.0,537.5,539.0,21616,539.0,2026-09-03T19:33:13.380850+00:00
