date,open,high,low,close,volume,adj_close,fetched_at
2012-09-17,89.0,88.0,88.0,88.0,100,88.0,2026-09-03T19:33:43.126372+00:00
2012-09-18,88.0,90.0,89.0,90.0,357,90.0,2026-09-03T19:33:43.126372+00:00
2012-09-19,90.0,91.0,91.0,91.0,12,91.0,2026-09-03T19:33:43.126372+00:00
2012-09-20,91.0,92.0,91.0,92.0,40,92.0,2026-09-03T19:33:43.126372+00:00
2012-09-30,92.0,92.0,92.0,92.0,200,92.0,2026-09-03T19:33:43.126372+00:00
2012-10-01,92.0,91.0,91.0,91.0,68,91.0,2026-09-03T19:33:43.126372+00:00
2012-10-01,92.0,91.0,91.0,91.0,68,91.0,2026-09-03T19:33:43.126372+00:00
2012-10-02,91.0,90.0,90.0,90.0,111,90.0,2026-09-03T19:33:43.126372+00:00
2012-10-03,90.0,89.0,89.0,89.0,171,89.0,2026-09-03T19:33:43.126372+00:00
2012-10-07,89.0,90.0,90.0,90.0,200,90.0,2026-09-03T19:33:43.126372+00:00
2012-12-09,90.0,89.0,88.0,88.0,260,88.0,2026-09-03T19:33:43.126372+00:00
2013-04-09,88.0,90.0,89.0,90.0,1125,90.0,2026-09-03T19:33:43.126372+00:00
2013-06-30,90.0,90.0,90.0,90.0,111,90.0,2026-09-03T19:33:43.126372+00:00
2013-12-31,90.0,91.0,91.0,91.0,1114,91.0,2026-09-03T19:33:43.126372+00:00
2014-01-01,91.0,90.0,90.0,90.0,148,90.0,2026-09-03T19:33:43.126372+00:00
2014-03-06,90.0,89.0,89.0,89.0,91,89.0,2026-09-03T19:33:43.126372+00:00
2014-06-09,89.0,90.0,90.0,90.0,11641,90.0,2026-09-03T19:33:43.126372+00:00
2014-07-17,90.0,99.0,91.0,99.0,1160,99.0,2026-09-03T19:33:43.126372+00:00
2014-07-20,99.0,100.0,100.0,100.0,10,100.0,2026-09-03T19:33:43.126372+00:00
2014-07-21,100.0,110.0,102.0,110.0,2043,110.0,2026-09-03T19:33:43.126372+00:00
2014-07-22,110.0,121.0,112.0,121.0,1188,121.0,2026-09-03T19:33:43.126372+00:00
2014-07-23,121.0,133.0,123.0,133.0,12048,133.0,2026-09-03T19:33:43.126372+00:00
2014-07-24,133.0,146.0,135.0,146.0,10860,146.0,2026-09-03T19:33:43.126372+00:00
2014-07-27,146.0,160.0,148.0,160.0,6232,160.0,2026-09-03T19:33:43.126372+00:00
2014-07-28,160.0,175.0,163.0,175.0,763,175.0,2026-09-03T19:33:43.126372+00:00
2014-07-30,175.0,188.0,172.0,172.0,8803,172.0,2026-09-03T19:33:43.126372+00:00
2014-08-03,172.0,169.0,169.0,169.0,50,169.0,2026-09-03T19:33:43.126372+00:00
2014-08-05,169.0,166.0,163.0,163.0,261,163.0,2026-09-03T19:33:43.126372+00:00
2014-08-13,163.0,160.0,157.0,157.0,684,157.0,2026-09-03T19:33:43.126372+00:00
2014-08-18,157.0,154.0,151.0,154.0,616,154.0,2026-09-03T19:33:43.126372+00:00
2014-08-19,154.0,151.0,148.0,148.0,469,148.0,2026-09-03T19:33:43.126372+00:00
2014-08-20,148.0,146.0,134.0,134.0,850,134.0,2026-09-03T19:33:43.126372+00:00
2014-08-21,134.0,132.0,130.0,130.0,109,130.0,2026-09-03T19:33:43.126372+00:00
2014-09-11,130.0,128.0,126.0,126.0,991,126.0,2026-09-03T19:33:43.126372+00:00
2014-09-24,126.0,124.0,124.0,124.0,567,124.0,2026-09-03T19:33:43.126372+00:00
2019-12-17,124.0,136.0,122.0,136.0,865,136.0,2026-09-03T19:33:43.126372+00:00
2019-12-18,138.0,149.0,138.0,149.0,5155,149.0,2026-09-03T19:33:43.126372+00:00
2019-12-19,151.0,163.0,151.0,163.0,2934,163.0,2026-09-03T19:33:43.126372+00:00
2019-12-22,166.0,179.0,147.0,147.0,13863,147.0,2026-09-03T19:33:43.126372+00:00
2019-12-23,145.0,154.0,141.0,151.0,5539,151.0,2026-09-03T19:33:43.126372+00:00
2019-12-25,148.0,148.0,136.0,136.0,1210,136.0,2026-09-03T19:33:43.126372+00:00
2019-12-26,135.0,135.0,123.0,132.0,3835,132.0,2026-09-03T19:33:43.126372+00:00
2019-12-29,134.0,140.0,134.0,140.0,455,140.0,2026-09-03T19:33:43.126372+00:00
2019-12-31,142.0,144.0,130.0,144.0,5397,144.0,2026-09-03T19:33:43.126372+00:00
2020-01-01,146.0,146.0,140.0,140.0,1060,140.0,2026-09-03T19:33:43.126372+00:00
2020-01-02,142.0,144.0,142.0,142.0,1510,142.0,2026-09-03T19:33:43.126372+00:00
2020-01-05,140.0,140.0,130.0,134.0,815,134.0,2026-09-03T19:33:43.126372+00:00
2020-01-06,132.0,135.0,128.0,135.0,2220,135.0,2026-09-03T19:33:43.126372+00:00
2020-01-07,133.0,133.0,130.0,130.0,1005,130.0,2026-09-03T19:33:43.126372+00:00
2020-01-08,129.0,129.0,128.0,128.0,510,128.0,2026-09-03T19:33:43.126372+00:00
2020-01-09,128.0,128.0,126.0,126.0,940,126.0,2026-09-03T19:33:43.126372+00:00
2020-01-12,125.0,130.0,124.0,128.0,1398,128.0,2026-09-03T19:33:43.126372+00:00
2020-01-13,128.0,128.0,124.0,124.0,2930,124.0,2026-09-03T19:33:43.126372+00:00
2020-01-14,125.0,136.0,125.0,133.0,1875,133.0,2026-09-03T19:33:43.126372+00:00
2020-01-15,135.0,135.0,134.0,134.0,564,134.0,2026-09-03T19:33:43.126372+00:00
2020-01-16,136.0,142.0,136.0,141.0,740,141.0,2026-09-03T19:33:43.126372+00:00
2020-01-19,143.0,145.0,141.0,141.0,170,141.0,2026-09-03T19:33:43.126372+00:00
2020-01-20,143.0,143.0,143.0,143.0,135,143.0,2026-09-03T19:33:43.126372+00:00
2020-01-21,143.0,143.0,143.0,143.0,50,143.0,2026-09-03T19:33:43.126372+00:00
2020-01-26,145.0,145.0,143.0,143.0,3510,143.0,2026-09-03T19:33:43.126372+00:00
2020-01-27,145.0,147.0,145.0,147.0,20,147.0,2026-09-03T19:33:43.126372+00:00
2020-01-28,154.0,154.0,149.0,149.0,20,149.0,2026-09-03T19:33:43.126372+00:00
2020-01-29,156.0,156.0,153.0,153.0,110,153.0,2026-09-03T19:33:43.126372+00:00
2020-01-30,153.0,153.0,150.0,150.0,1500,150.0,2026-09-03T19:33:43.126372+00:00
2020-02-04,157.0,157.0,157.0,157.0,10,157.0,2026-09-03T19:33:43.126372+00:00
2020-02-06,154.0,154.0,142.0,142.0,2400,142.0,2026-09-03T19:33:43.126372+00:00
2020-02-09,140.0,140.0,129.0,134.0,3077,134.0,2026-09-03T19:33:43.126372+00:00
2020-02-10,134.0,135.0,134.0,135.0,990,135.0,2026-09-03T19:33:43.126372+00:00
2020-02-11,133.0,135.0,129.0,135.0,1585,135.0,2026-09-03T19:33:43.126372+00:00
2020-02-12,133.0,134.0,131.0,131.0,960,131.0,2026-09-03T19:33:43.126372+00:00
2020-02-13,132.0,137.0,132.0,137.0,2434,137.0,2026-09-03T19:33:43.126372+00:00
2020-02-16,136.0,136.0,135.0,135.0,330,135.0,2026-09-03T19:33:43.126372+00:00
2020-02-17,137.0,139.0,137.0,137.0,220,137.0,2026-09-03T19:33:43.126372+00:00
2020-02-18,135.0,135.0,132.0,132.0,1026,132.0,2026-09-03T19:33:43.126372+00:00
2020-02-19,132.0,132.0,131.0,132.0,830,132.0,2026-09-03T19:33:43.126372+00:00
2020-02-20,134.0,138.0,134.0,136.0,670,136.0,2026-09-03T19:33:43.126372+00:00
2020-02-23,136.0,136.0,136.0,136.0,130,136.0,2026-09-03T19:33:43.126372+00:00
2020-02-24,136.0,136.0,132.0,132.0,1200,132.0,2026-09-03T19:33:43.126372+00:00
2020-02-25,133.0,141.0,133.0,138.0,10925,138.0,2026-09-03T19:33:43.126372+00:00
2020-02-26,140.0,151.0,140.0,150.0,6537,150.0,2026-09-03T19:33:43.126372+00:00
2020-02-27,153.0,163.0,153.0,162.0,6148,162.0,2026-09-03T19:33:43.126372+00:00
2020-03-01,162.0,162.0,155.0,155.0,592,155.0,2026-09-03T19:33:43.126372+00:00
2020-03-02,158.0,158.0,149.0,149.0,2134,149.0,2026-09-03T19:33:43.126372+00:00
2020-03-03,148.0,154.0,146.0,154.0,2344,154.0,2026-09-03T19:33:43.126372+00:00
2020-03-05,151.0,151.0,151.0,151.0,500,151.0,2026-09-03T19:33:43.126372+00:00
2020-03-11,148.0,148.0,140.0,140.0,652,140.0,2026-09-03T19:33:43.126372+00:00
2020-03-12,141.0,141.0,130.0,130.0,1105,130.0,2026-09-03T19:33:43.126372+00:00
2020-03-15,128.0,128.0,124.0,126.0,1300,126.0,2026-09-03T19:33:43.126372+00:00
2020-03-16,128.0,128.0,126.0,127.0,993,127.0,2026-09-03T19:33:43.126372+00:00
2020-03-17,125.0,125.0,123.0,123.0,125,123.0,2026-09-03T19:33:43.126372+00:00
2020-03-18,121.0,121.0,119.0,121.0,3140,121.0,2026-09-03T19:33:43.126372+00:00
2020-03-19,119.0,121.0,119.0,119.0,420,119.0,2026-09-03T19:33:43.126372+00:00
2020-07-06,121.0,127.0,121.0,127.0,260,127.0,2026-09-03T19:33:43.126372+00:00
2020-07-07,129.0,135.0,129.0,135.0,1940,135.0,2026-09-03T19:33:43.126372+00:00
2020-07-08,135.0,139.0,135.0,139.0,120,139.0,2026-09-03T19:33:43.126372+00:00
2020-07-09,141.0,141.0,141.0,141.0,10,141.0,2026-09-03T19:33:43.126372+00:00
2020-07-12,139.0,139.0,137.0,137.0,120,137.0,2026-09-03T19:33:43.126372+00:00
2020-07-13,135.0,135.0,134.0,134.0,697,134.0,2026-09-03T19:33:43.126372+00:00
2020-07-14,136.0,136.0,130.0,130.0,595,130.0,2026-09-03T19:33:43.126372+00:00
2020-07-15,130.0,130.0,130.0,130.0,760,130.0,2026-09-03T19:33:43.126372+00:00
2020-07-16,129.0,132.0,129.0,132.0,420,132.0,2026-09-03T19:33:43.126372+00:00
2020-07-20,134.0,138.0,134.0,138.0,4015,138.0,2026-09-03T19:33:43.126372+00:00
2020-07-21,140.0,140.0,134.0,134.0,1689,134.0,2026-09-03T19:33:43.126372+00:00
2020-07-22,132.0,132.0,130.0,132.0,631,132.0,2026-09-03T19:33:43.126372+00:00
2020-07-23,134.0,136.0,130.0,130.0,1262,130.0,2026-09-03T19:33:43.126372+00:00
2020-07-26,130.0,130.0,128.0,130.0,227,130.0,2026-09-03T19:33:43.126372+00:00
2020-07-27,132.0,134.0,132.0,132.0,560,132.0,2026-09-03T19:33:43.126372+00:00
2020-07-28,131.0,133.0,130.0,133.0,1510,133.0,2026-09-03T19:33:43.126372+00:00
2020-07-29,133.0,133.0,133.0,133.0,200,133.0,2026-09-03T19:33:43.126372+00:00
2020-07-30,135.0,135.0,135.0,135.0,20,135.0,2026-09-03T19:33:43.126372+00:00
2020-08-02,137.0,148.0,137.0,148.0,6820,148.0,2026-09-03T19:33:43.126372+00:00
2020-08-03,150.0,162.0,150.0,162.0,2100,162.0,2026-09-03T19:33:43.126372+00:00
2020-08-05,170.0,178.0,170.0,178.0,26483,178.0,2026-09-03T19:33:43.126372+00:00
2020-08-06,181.0,195.0,181.0,195.0,26932,195.0,2026-09-03T19:33:43.126372+00:00
2020-08-09,204.0,214.0,195.0,196.0,17229,196.0,2026-09-03T19:33:43.126372+00:00
2020-08-10,196.0,214.0,177.0,204.0,5220,204.0,2026-09-03T19:33:43.126372+00:00
2020-08-11,200.0,200.0,184.0,184.0,560,184.0,2026-09-03T19:33:43.126372+00:00
2020-08-12,175.0,184.0,166.0,176.0,5336,176.0,2026-09-03T19:33:43.126372+00:00
2020-08-13,176.0,176.0,159.0,166.0,13888,166.0,2026-09-03T19:33:43.126372+00:00
2020-08-16,163.0,166.0,154.0,163.0,3025,163.0,2026-09-03T19:33:43.126372+00:00
2020-08-17,166.0,169.0,157.0,160.0,3081,160.0,2026-09-03T19:33:43.126372+00:00
2020-08-18,160.0,162.0,158.0,162.0,2685,162.0,2026-09-03T19:33:43.126372+00:00
2020-08-19,163.0,163.0,159.0,160.0,760,160.0,2026-09-03T19:33:43.126372+00:00
2020-08-20,163.0,163.0,159.0,162.0,1630,162.0,2026-09-03T19:33:43.126372+00:00
2020-08-23,164.0,166.0,163.0,166.0,3700,166.0,2026-09-03T19:33:43.126372+00:00
2020-08-24,168.0,174.0,168.0,174.0,7169,174.0,2026-09-03T19:33:43.126372+00:00
2020-08-25,177.0,191.0,174.0,174.0,9130,174.0,2026-09-03T19:33:43.126372+00:00
2020-08-26,177.0,188.0,177.0,187.0,6938,187.0,2026-09-03T19:33:43.126372+00:00
2020-08-27,190.0,192.0,182.0,182.0,6751,182.0,2026-09-03T19:33:43.126372+00:00
2020-08-30,179.0,181.0,179.0,179.0,250,179.0,2026-09-03T19:33:43.126372+00:00
2020-08-31,182.0,188.0,178.0,183.0,2475,183.0,2026-09-03T19:33:43.126372+00:00
2020-09-02,186.0,186.0,171.0,177.0,4797,177.0,2026-09-03T19:33:43.126372+00:00
2020-09-03,175.0,181.0,170.0,181.0,4585,181.0,2026-09-03T19:33:43.126372+00:00
2020-09-06,181.0,182.0,176.0,179.0,5305,179.0,2026-09-03T19:33:43.126372+00:00
2020-09-07,177.0,177.0,170.0,173.0,1794,173.0,2026-09-03T19:33:43.126372+00:00
2020-09-08,170.0,173.0,170.0,173.0,1545,173.0,2026-09-03T19:33:43.126372+00:00
2020-09-09,170.0,177.0,170.0,172.0,3246,172.0,2026-09-03T19:33:43.126372+00:00
2020-09-10,175.0,186.0,175.0,185.0,8425,185.0,2026-09-03T19:33:43.126372+00:00
2020-09-13,185.0,188.0,182.0,186.0,3905,186.0,2026-09-03T19:33:43.126372+00:00
2020-09-14,195.0,196.0,188.0,188.0,10717,188.0,2026-09-03T19:33:43.126372+00:00
2020-09-15,191.0,206.0,190.0,195.0,12210,195.0,2026-09-03T19:33:43.126372+00:00
2020-09-16,204.0,204.0,189.0,190.0,3084,190.0,2026-09-03T19:33:43.126372+00:00
2020-09-17,192.0,201.0,192.0,200.0,8811,200.0,2026-09-03T19:33:43.126372+00:00
2020-09-20,210.0,210.0,197.0,197.0,9905,197.0,2026-09-03T19:33:43.126372+00:00
2020-09-21,206.0,206.0,197.0,199.0,4614,199.0,2026-09-03T19:33:43.126372+00:00
2020-09-22,200.0,202.0,196.0,197.0,5617,197.0,2026-09-03T19:33:43.126372+00:00
2020-09-23,197.0,201.0,197.0,199.0,4820,199.0,2026-09-03T19:33:43.126372+00:00
2020-09-24,208.0,208.0,196.0,199.0,6749,199.0,2026-09-03T19:33:43.126372+00:00
2020-09-27,208.0,218.0,208.0,218.0,7485,218.0,2026-09-03T19:33:43.126372+00:00
2020-09-28,228.0,239.0,228.0,239.0,4031,239.0,2026-09-03T19:33:43.126372+00:00
2020-09-29,250.0,262.0,250.0,262.0,27077,262.0,2026-09-03T19:33:43.126372+00:00
2020-09-30,275.0,288.0,236.0,244.0,24152,244.0,2026-09-03T19:33:43.126372+00:00
2020-10-01,240.0,251.0,240.0,240.0,7205,240.0,2026-09-03T19:33:43.126372+00:00
2020-10-04,236.0,248.0,221.0,238.0,10947,238.0,2026-09-03T19:33:43.126372+00:00
2020-10-05,240.0,261.0,238.0,260.0,25872,260.0,2026-09-03T19:33:43.126372+00:00
2020-10-06,273.0,286.0,273.0,286.0,12469,286.0,2026-09-03T19:33:43.126372+00:00
2020-10-07,300.0,314.0,300.0,312.0,25215,312.0,2026-09-03T19:33:43.126372+00:00
2020-10-08,327.0,327.0,292.0,300.0,8451,300.0,2026-09-03T19:33:43.126372+00:00
2020-10-11,300.0,300.0,270.0,282.0,12770,282.0,2026-09-03T19:33:43.126372+00:00
2020-10-12,268.0,290.0,268.0,277.0,4935,277.0,2026-09-03T19:33:43.126372+00:00
2020-10-13,280.0,284.0,272.0,277.0,7444,277.0,2026-09-03T19:33:43.126372+00:00
2020-10-14,290.0,304.0,290.0,304.0,14340,304.0,2026-09-03T19:33:43.126372+00:00
2020-10-15,319.0,334.0,319.0,334.0,19237,334.0,2026-09-03T19:33:43.126372+00:00
2020-10-18,350.0,366.0,308.0,313.0,28079,313.0,2026-09-03T19:33:43.126372+00:00
2020-10-19,319.0,323.0,308.0,323.0,20270,323.0,2026-09-03T19:33:43.126372+00:00
2020-10-20,339.0,339.0,313.0,317.0,8827,317.0,2026-09-03T19:33:43.126372+00:00
2020-10-21,322.0,322.0,300.0,301.0,17120,301.0,2026-09-03T19:33:43.126372+00:00
2020-10-22,193.0,208.0,193.0,208.0,5027,208.0,2026-09-03T19:33:43.126372+00:00
2020-10-28,218.0,228.0,218.0,228.0,635,228.0,2026-09-03T19:33:43.126372+00:00
2020-10-29,239.0,250.0,239.0,250.0,2598,250.0,2026-09-03T19:33:43.126372+00:00
2020-11-01,262.0,275.0,262.0,275.0,4643,275.0,2026-09-03T19:33:43.126372+00:00
2020-11-02,288.0,302.0,265.0,295.0,40210,295.0,2026-09-03T19:33:43.126372+00:00
2020-11-03,300.0,305.0,290.0,292.0,10118,292.0,2026-09-03T19:33:43.126372+00:00
2020-11-04,297.0,297.0,280.0,285.0,4618,285.0,2026-09-03T19:33:43.126372+00:00
2020-11-05,280.0,281.0,276.0,280.0,3208,280.0,2026-09-03T19:33:43.126372+00:00
2020-11-08,275.0,275.0,265.0,270.0,11528,270.0,2026-09-03T19:33:43.126372+00:00
2020-11-09,275.0,280.0,274.0,274.0,3816,274.0,2026-09-03T19:33:43.126372+00:00
2020-11-10,275.0,275.0,272.0,275.0,2404,275.0,2026-09-03T19:33:43.126372+00:00
2020-11-11,280.0,280.0,270.0,274.0,1500,274.0,2026-09-03T19:33:43.126372+00:00
2020-11-12,273.0,273.0,269.0,271.0,4062,271.0,2026-09-03T19:33:43.126372+00:00
2020-11-18,271.0,272.0,267.0,271.0,2020,271.0,2026-09-03T19:33:43.126372+00:00
2020-11-19,268.0,270.0,265.0,268.0,4535,268.0,2026-09-03T19:33:43.126372+00:00
2020-11-22,268.0,280.0,254.0,269.0,12445,269.0,2026-09-03T19:33:43.126372+00:00
2020-11-23,274.0,274.0,269.0,269.0,2737,269.0,2026-09-03T19:33:43.126372+00:00
2020-11-24,273.0,273.0,265.0,265.0,4161,265.0,2026-09-03T19:33:43.126372+00:00
2020-11-25,263.0,268.0,260.0,262.0,4463,262.0,2026-09-03T19:33:43.126372+00:00
2020-11-26,263.0,263.0,260.0,260.0,1973,260.0,2026-09-03T19:33:43.126372+00:00
2020-11-29,260.0,260.0,250.0,254.0,6123,254.0,2026-09-03T19:33:43.126372+00:00
2020-11-30,254.0,254.0,247.0,249.0,2655,249.0,2026-09-03T19:33:43.126372+00:00
2020-12-01,247.0,248.0,240.0,247.0,10475,247.0,2026-09-03T19:33:43.126372+00:00
2020-12-02,248.0,248.0,243.0,243.0,3880,243.0,2026-09-03T19:33:43.126372+00:00
2020-12-03,243.0,243.0,238.0,239.0,5457,239.0,2026-09-03T19:33:43.126372+00:00
2020-12-06,235.0,240.0,228.0,228.0,3201,228.0,2026-09-03T19:33:43.126372+00:00
2020-12-07,229.0,240.0,225.0,239.0,2778,239.0,2026-09-03T19:33:43.126372+00:00
2020-12-08,242.0,242.0,238.0,238.0,1275,238.0,2026-09-03T19:33:43.126372+00:00
2020-12-09,234.0,238.0,226.0,230.0,6409,230.0,2026-09-03T19:33:43.126372+00:00
2020-12-10,234.0,242.0,226.0,230.0,2980,230.0,2026-09-03T19:33:43.126372+00:00
2020-12-13,234.0,237.0,226.0,230.0,555,230.0,2026-09-03T19:33:43.126372+00:00
2020-12-14,230.0,238.0,222.0,230.0,3276,230.0,2026-09-03T19:33:43.126372+00:00
2020-12-15,234.0,234.0,227.0,229.0,631,229.0,2026-09-03T19:33:43.126372+00:00
2020-12-16,227.0,231.0,217.0,225.0,2708,225.0,2026-09-03T19:33:43.126372+00:00
2020-12-17,228.0,233.0,228.0,233.0,4214,233.0,2026-09-03T19:33:43.126372+00:00
2020-12-20,236.0,236.0,218.0,218.0,1915,218.0,2026-09-03T19:33:43.126372+00:00
2020-12-21,214.0,220.0,203.0,214.0,2468,214.0,2026-09-03T19:33:43.126372+00:00
2020-12-22,214.0,214.0,209.0,214.0,2744,214.0,2026-09-03T19:33:43.126372+00:00
2020-12-23,218.0,219.0,211.0,219.0,4603,219.0,2026-09-03T19:33:43.126372+00:00
2020-12-24,217.0,217.0,212.0,213.0,3919,213.0,2026-09-03T19:33:43.126372+00:00
2020-12-27,211.0,215.0,209.0,209.0,1455,209.0,2026-09-03T19:33:43.126372+00:00
2020-12-28,213.0,213.0,199.0,206.0,4808,206.0,2026-09-03T19:33:43.126372+00:00
2020-12-29,207.0,213.0,203.0,208.0,3182,208.0,2026-09-03T19:33:43.126372+00:00
2020-12-30,208.0,210.0,203.0,207.0,4280,207.0,2026-09-03T19:33:43.126372+00:00
2020-12-31,204.0,206.0,202.0,206.0,2578,206.0,2026-09-03T19:33:43.126372+00:00
2021-01-03,202.0,216.0,202.0,216.0,2572,216.0,2026-09-03T19:33:43.126372+00:00
2021-01-04,220.0,224.0,208.0,208.0,1985,208.0,2026-09-03T19:33:43.126372+00:00
2021-01-05,210.0,219.0,210.0,216.0,2567,216.0,2026-09-03T19:33:43.126372+00:00
2021-01-06,219.0,232.0,219.0,230.0,7705,230.0,2026-09-03T19:33:43.126372+00:00
2021-01-07,234.0,238.0,228.0,230.0,4981,230.0,2026-09-03T19:33:43.126372+00:00
2021-01-10,240.0,253.0,239.0,250.0,10419,250.0,2026-09-03T19:33:43.126372+00:00
2021-01-11,250.0,250.0,247.0,248.0,6517,248.0,2026-09-03T19:33:43.126372+00:00
2021-01-12,248.0,248.0,245.0,245.0,7025,245.0,2026-09-03T19:33:43.126372+00:00
2021-01-13,245.0,253.0,245.0,246.0,3592,246.0,2026-09-03T19:33:43.126372+00:00
2021-01-17,248.0,248.0,244.0,246.0,3304,246.0,2026-09-03T19:33:43.126372+00:00
2021-01-18,248.0,270.0,245.0,270.0,8001,270.0,2026-09-03T19:33:43.126372+00:00
2021-01-19,282.0,297.0,275.0,297.0,31142,297.0,2026-09-03T19:33:43.126372+00:00
2021-01-20,311.0,326.0,311.0,326.0,9121,326.0,2026-09-03T19:33:43.126372+00:00
2021-01-21,342.0,358.0,342.0,358.0,7495,358.0,2026-09-03T19:33:43.126372+00:00
2021-01-24,365.0,393.0,323.0,374.0,36619,374.0,2026-09-03T19:33:43.126372+00:00
2021-01-25,381.0,395.0,348.0,356.0,15196,356.0,2026-09-03T19:33:43.126372+00:00
2021-01-26,349.0,351.0,331.0,344.0,15826,344.0,2026-09-03T19:33:43.126372+00:00
2021-01-27,350.0,350.0,326.0,328.0,5587,328.0,2026-09-03T19:33:43.126372+00:00
2021-01-28,344.0,344.0,302.0,316.0,16460,316.0,2026-09-03T19:33:43.126372+00:00
2021-01-31,322.0,322.0,305.0,305.0,9460,305.0,2026-09-03T19:33:43.126372+00:00
2021-02-01,310.0,321.0,305.0,316.0,3674,316.0,2026-09-03T19:33:43.126372+00:00
2021-02-02,316.0,322.0,316.0,316.0,4026,316.0,2026-09-03T19:33:43.126372+00:00
2021-02-03,315.0,341.0,315.0,328.0,7278,328.0,2026-09-03T19:33:43.126372+00:00
2021-02-04,328.0,331.0,319.0,319.0,5645,319.0,2026-09-03T19:33:43.126372+00:00
2021-02-07,334.0,334.0,288.0,299.0,117456,299.0,2026-09-03T19:33:43.126372+00:00
2021-02-08,298.0,322.0,290.0,319.0,65137,319.0,2026-09-03T19:33:43.126372+00:00
2021-02-09,319.0,325.0,308.0,316.0,22586,316.0,2026-09-03T19:33:43.126372+00:00
2021-02-10,317.0,317.0,305.0,312.0,24539,312.0,2026-09-03T19:33:43.126372+00:00
2021-02-11,298.0,322.0,298.0,303.0,34493,303.0,2026-09-03T19:33:43.126372+00:00
2021-02-14,298.0,298.0,288.0,296.0,22647,296.0,2026-09-03T19:33:43.126372+00:00
2021-02-15,301.0,301.0,296.0,298.0,18892,298.0,2026-09-03T19:33:43.126372+00:00
2021-02-16,303.0,303.0,293.0,295.0,8989,295.0,2026-09-03T19:33:43.126372+00:00
2021-02-17,300.0,300.0,289.0,292.0,25689,292.0,2026-09-03T19:33:43.126372+00:00
2021-02-18,306.0,306.0,289.0,295.0,17655,295.0,2026-09-03T19:33:43.126372+00:00
2021-02-21,300.0,300.0,292.0,292.0,16677,292.0,2026-09-03T19:33:43.126372+00:00
2021-02-22,297.0,297.0,290.0,292.0,13865,292.0,2026-09-03T19:33:43.126372+00:00
2021-02-23,305.0,321.0,301.0,321.0,152620,321.0,2026-09-03T19:33:43.126372+00:00
2021-02-24,337.0,353.0,337.0,353.0,55385,353.0,2026-09-03T19:33:43.126372+00:00
2021-02-25,370.0,388.0,338.0,341.0,87857,341.0,2026-09-03T19:33:43.126372+00:00
2021-02-28,341.0,342.0,313.0,318.0,60895,318.0,2026-09-03T19:33:43.126372+00:00
2021-03-01,315.0,338.0,311.0,324.0,29535,324.0,2026-09-03T19:33:43.126372+00:00
2021-03-02,324.0,328.0,305.0,313.0,18499,313.0,2026-09-03T19:33:43.126372+00:00
2021-03-03,313.0,319.0,300.0,315.0,14382,315.0,2026-09-03T19:33:43.126372+00:00
2021-03-04,321.0,327.0,312.0,320.0,5876,320.0,2026-09-03T19:33:43.126372+00:00
2021-03-07,320.0,340.0,313.0,324.0,20376,324.0,2026-09-03T19:33:43.126372+00:00
2021-03-09,322.0,322.0,314.0,316.0,13780,316.0,2026-09-03T19:33:43.126372+00:00
2021-03-10,331.0,331.0,307.0,310.0,15497,310.0,2026-09-03T19:33:43.126372+00:00
2021-03-14,316.0,321.0,300.0,306.0,12201,306.0,2026-09-03T19:33:43.126372+00:00
2021-03-15,312.0,312.0,296.0,308.0,10567,308.0,2026-09-03T19:33:43.126372+00:00
2021-03-16,309.0,313.0,299.0,304.0,6940,304.0,2026-09-03T19:33:43.126372+00:00
2021-03-17,319.0,319.0,302.0,308.0,9298,308.0,2026-09-03T19:33:43.126372+00:00
2021-03-18,308.0,314.0,305.0,312.0,6316,312.0,2026-09-03T19:33:43.126372+00:00
2021-03-21,317.0,317.0,307.0,309.0,8002,309.0,2026-09-03T19:33:43.126372+00:00
2021-03-22,313.0,313.0,303.0,304.0,14339,304.0,2026-09-03T19:33:43.126372+00:00
2021-03-23,304.0,307.0,304.0,307.0,5777,307.0,2026-09-03T19:33:43.126372+00:00
2021-03-24,313.0,313.0,304.0,308.0,14401,308.0,2026-09-03T19:33:43.126372+00:00
2021-03-25,310.0,310.0,304.0,307.0,10580,307.0,2026-09-03T19:33:43.126372+00:00
2021-03-29,305.0,308.0,303.0,305.0,7910,305.0,2026-09-03T19:33:43.126372+00:00
2021-03-30,302.0,308.0,302.0,306.0,12808,306.0,2026-09-03T19:33:43.126372+00:00
2021-03-31,310.0,312.0,304.0,307.0,11329,307.0,2026-09-03T19:33:43.126372+00:00
2021-04-01,310.0,325.0,308.0,317.0,30706,317.0,2026-09-03T19:33:43.126372+00:00
2021-04-04,323.0,323.0,311.0,317.0,7603,317.0,2026-09-03T19:33:43.126372+00:00
2021-04-05,304.0,322.0,304.0,311.0,14371,311.0,2026-09-03T19:33:43.126372+00:00
2021-04-06,317.0,317.0,306.0,311.0,10684,311.0,2026-09-03T19:33:43.126372+00:00
2021-04-07,306.0,315.0,306.0,309.0,8720,309.0,2026-09-03T19:33:43.126372+00:00
2021-04-08,315.0,321.0,312.0,313.0,26591,313.0,2026-09-03T19:33:43.126372+00:00
2021-04-12,319.0,325.0,315.0,315.0,18761,315.0,2026-09-03T19:33:43.126372+00:00
2021-04-13,316.0,321.0,310.0,312.0,7360,312.0,2026-09-03T19:33:43.126372+00:00
2021-04-15,308.0,318.0,306.0,314.0,16033,314.0,2026-09-03T19:33:43.126372+00:00
2021-04-18,315.0,316.0,306.0,309.0,15312,309.0,2026-09-03T19:33:43.126372+00:00
2021-04-19,308.0,312.0,305.0,305.0,12222,305.0,2026-09-03T19:33:43.126372+00:00
2021-04-20,308.0,314.0,303.0,306.0,11229,306.0,2026-09-03T19:33:43.126372+00:00
2021-04-21,311.0,311.0,304.0,304.0,11794,304.0,2026-09-03T19:33:43.126372+00:00
2021-04-22,302.0,308.0,302.0,304.0,12410,304.0,2026-09-03T19:33:43.126372+00:00
2021-04-25,302.0,306.0,295.0,299.0,19299,299.0,2026-09-03T19:33:43.126372+00:00
2021-04-26,295.0,295.0,288.0,294.0,24031,294.0,2026-09-03T19:33:43.126372+00:00
2021-04-27,290.0,305.0,290.0,305.0,5279,305.0,2026-09-03T19:33:43.126372+00:00
2021-04-28,300.0,305.0,299.0,300.0,4328,300.0,2026-09-03T19:33:43.126372+00:00
2021-04-29,300.0,300.0,298.0,300.0,4415,300.0,2026-09-03T19:33:43.126372+00:00
2021-05-02,300.0,306.0,300.0,301.0,6628,301.0,2026-09-03T19:33:43.126372+00:00
2021-05-03,316.0,316.0,304.0,304.0,22383,304.0,2026-09-03T19:33:43.126372+00:00
2021-05-04,301.0,310.0,301.0,306.0,2363,306.0,2026-09-03T19:33:43.126372+00:00
2021-05-05,316.0,316.0,304.0,305.0,7257,305.0,2026-09-03T19:33:43.126372+00:00
2021-05-06,320.0,320.0,302.0,305.0,14700,305.0,2026-09-03T19:33:43.126372+00:00
2021-05-09,320.0,320.0,298.0,298.0,13166,298.0,2026-09-03T19:33:43.126372+00:00
2021-05-10,303.0,307.0,297.0,306.0,22807,306.0,2026-09-03T19:33:43.126372+00:00
2021-05-11,306.0,308.0,304.0,306.0,3304,306.0,2026-09-03T19:33:43.126372+00:00
2021-05-12,308.0,317.0,304.0,310.0,21845,310.0,2026-09-03T19:33:43.126372+00:00
2021-05-13,311.0,334.0,311.0,325.0,91596,325.0,2026-09-03T19:33:43.126372+00:00
2021-05-16,330.0,345.0,318.0,329.0,40332,329.0,2026-09-03T19:33:43.126372+00:00
2021-05-17,345.0,361.0,328.0,361.0,130612,361.0,2026-09-03T19:33:43.126372+00:00
2021-05-18,379.0,397.0,379.0,397.0,33659,397.0,2026-09-03T19:33:43.126372+00:00
2021-05-19,416.0,436.0,373.0,436.0,270172,436.0,2026-09-03T19:33:43.126372+00:00
2021-05-20,450.0,450.0,406.0,439.0,135803,439.0,2026-09-03T19:33:43.126372+00:00
2021-05-23,435.0,444.0,408.0,433.0,89795,433.0,2026-09-03T19:33:43.126372+00:00
2021-05-24,440.0,440.0,410.0,420.0,63221,420.0,2026-09-03T19:33:43.126372+00:00
2021-05-25,441.0,441.0,406.0,409.0,48633,409.0,2026-09-03T19:33:43.126372+00:00
2021-05-27,409.0,434.0,395.0,416.0,43295,416.0,2026-09-03T19:33:43.126372+00:00
2021-05-30,424.0,430.0,408.0,418.0,59234,418.0,2026-09-03T19:33:43.126372+00:00
2021-05-31,424.0,424.0,395.0,398.0,42720,398.0,2026-09-03T19:33:43.126372+00:00
2021-06-01,400.0,405.0,391.0,399.0,22621,399.0,2026-09-03T19:33:43.126372+00:00
2021-06-02,395.0,427.0,395.0,425.0,65247,425.0,2026-09-03T19:33:43.126372+00:00
2021-06-03,425.0,458.0,424.0,426.0,113472,426.0,2026-09-03T19:33:43.126372+00:00
2021-06-06,425.0,430.0,406.0,412.0,32270,412.0,2026-09-03T19:33:43.126372+00:00
2021-06-07,415.0,440.0,415.0,434.0,65238,434.0,2026-09-03T19:33:43.126372+00:00
2021-06-08,440.0,477.0,440.0,477.0,99238,477.0,2026-09-03T19:33:43.126372+00:00
2021-06-09,477.0,495.0,449.0,460.0,98970,460.0,2026-09-03T19:33:43.126372+00:00
2021-06-10,460.0,469.0,440.0,466.0,69701,466.0,2026-09-03T19:33:43.126372+00:00
2021-06-13,475.0,512.0,466.0,512.0,127453,512.0,2026-09-03T19:33:43.126372+00:00
2021-06-14,520.0,555.0,498.0,504.0,66185,504.0,2026-09-03T19:33:43.126372+00:00
2021-06-15,505.0,505.0,472.0,474.0,56878,474.0,2026-09-03T19:33:43.126372+00:00
2021-06-16,470.0,470.0,427.0,428.0,58637,428.0,2026-09-03T19:33:43.126372+00:00
2021-06-17,428.0,460.0,412.0,452.0,54914,452.0,2026-09-03T19:33:43.126372+00:00
2021-06-20,455.0,469.0,414.0,432.0,31113,432.0,2026-09-03T19:33:43.126372+00:00
2021-06-21,411.0,450.0,411.0,424.0,28013,424.0,2026-09-03T19:33:43.126372+00:00
2021-06-22,430.0,458.0,415.0,456.0,18765,456.0,2026-09-03T19:33:43.126372+00:00
2021-06-23,447.0,452.0,427.0,431.0,22055,431.0,2026-09-03T19:33:43.126372+00:00
2021-06-24,431.0,441.0,423.0,436.0,18826,436.0,2026-09-03T19:33:43.126372+00:00
2021-06-27,440.0,444.0,428.0,441.0,26879,441.0,2026-09-03T19:33:43.126372+00:00
2021-06-28,449.0,457.0,439.0,445.0,36061,445.0,2026-09-03T19:33:43.126372+00:00
2021-06-29,453.0,453.0,435.0,436.0,25504,436.0,2026-09-03T19:33:43.126372+00:00
2021-06-30,443.0,479.0,428.0,479.0,101682,479.0,2026-09-03T19:33:43.126372+00:00
2021-07-01,502.0,502.0,471.0,472.0,45012,472.0,2026-09-03T19:33:43.126372+00:00
2021-07-04,477.0,499.0,461.0,491.0,90689,491.0,2026-09-03T19:33:43.126372+00:00
2021-07-05,500.0,530.0,492.0,500.0,82797,500.0,2026-09-03T19:33:43.126372+00:00
2021-07-06,510.0,511.0,491.0,496.0,34298,496.0,2026-09-03T19:33:43.126372+00:00
2021-07-07,490.0,500.0,486.0,489.0,17633,489.0,2026-09-03T19:33:43.126372+00:00
2021-07-08,481.0,497.0,481.0,492.0,27712,492.0,2026-09-03T19:33:43.126372+00:00
2021-07-11,480.0,539.0,480.0,528.0,57672,528.0,2026-09-03T19:33:43.126372+00:00
2021-07-12,535.0,550.0,499.0,509.0,80904,509.0,2026-09-03T19:33:43.126372+00:00
2021-07-13,509.0,535.0,505.0,519.0,33046,519.0,2026-09-03T19:33:43.126372+00:00
2021-07-14,521.0,565.0,511.0,559.0,122411,559.0,2026-09-03T19:33:43.126372+00:00
2021-07-15,568.0,580.0,547.0,570.0,63488,570.0,2026-09-03T19:33:43.126372+00:00
2021-07-18,578.0,626.0,570.0,609.0,130264,609.0,2026-09-03T19:33:43.126372+00:00
2021-07-19,620.0,621.0,586.3,599.0,70718,599.0,2026-09-03T19:33:43.126372+00:00
2021-07-20,587.1,598.0,585.0,587.0,46448,587.0,2026-09-03T19:33:43.126372+00:00
2021-07-22,580.0,598.0,570.0,575.0,101994,575.0,2026-09-03T19:33:43.126372+00:00
2021-07-25,565.0,605.0,565.0,584.0,52276,584.0,2026-09-03T19:33:43.126372+00:00
2021-07-26,576.0,597.0,576.0,584.0,35722,584.0,2026-09-03T19:33:43.126372+00:00
2021-07-27,575.0,610.0,572.4,582.0,37689,582.0,2026-09-03T19:33:43.126372+00:00
2021-07-28,593.0,640.0,591.0,620.0,89463,620.0,2026-09-03T19:33:43.126372+00:00
2021-07-29,632.4,641.0,619.8,631.0,51926,631.0,2026-09-03T19:33:43.126372+00:00
2021-08-01,631.0,650.0,613.0,650.0,84674,650.0,2026-09-03T19:33:43.126372+00:00
2021-08-02,663.0,680.0,635.1,665.0,50322,665.0,2026-09-03T19:33:43.126372+00:00
2021-08-03,675.0,675.0,640.0,655.0,37155,655.0,2026-09-03T19:33:43.126372+00:00
2021-08-04,642.1,660.0,640.0,655.0,33158,655.0,2026-09-03T19:33:43.126372+00:00
2021-08-05,660.0,720.5,660.0,720.5,177166,720.5,2026-09-03T19:33:43.126372+00:00
2021-08-08,734.0,792.5,734.0,785.0,128638,785.0,2026-09-03T19:33:43.126372+00:00
2021-08-09,800.0,800.0,755.0,765.0,130541,765.0,2026-09-03T19:33:43.126372+00:00
2021-08-10,779.0,804.3,765.0,766.0,99888,766.0,2026-09-03T19:33:43.126372+00:00
2021-08-11,775.0,785.0,740.0,751.0,60050,751.0,2026-09-03T19:33:43.126372+00:00
2021-08-12,741.0,806.0,740.0,790.0,138581,790.0,2026-09-03T19:33:43.126372+00:00
2021-08-15,790.0,790.0,719.4,766.0,88528,766.0,2026-09-03T19:33:43.126372+00:00
2021-08-16,781.3,796.9,742.0,747.0,45626,747.0,2026-09-03T19:33:43.126372+00:00
2021-08-17,761.9,763.0,730.0,750.0,45528,750.0,2026-09-03T19:33:43.126372+00:00
2021-08-18,765.0,780.0,750.0,765.0,78375,765.0,2026-09-03T19:33:43.126372+00:00
2021-08-19,780.0,780.0,740.0,740.0,36259,740.0,2026-09-03T19:33:43.126372+00:00
2021-08-24,742.0,771.0,715.0,737.0,32290,737.0,2026-09-03T19:33:43.126372+00:00
2021-08-25,737.0,740.0,686.0,696.0,53494,696.0,2026-09-03T19:33:43.126372+00:00
2021-08-26,685.0,745.6,685.0,723.0,64582,723.0,2026-09-03T19:33:43.126372+00:00
2021-08-29,737.4,760.0,726.0,728.0,83197,728.0,2026-09-03T19:33:43.126372+00:00
2021-08-31,730.0,730.0,695.0,705.0,31241,705.0,2026-09-03T19:33:43.126372+00:00
2021-09-01,700.0,724.0,690.0,690.0,21967,690.0,2026-09-03T19:33:43.126372+00:00
2021-09-02,700.0,703.8,635.4,664.0,36652,664.0,2026-09-03T19:33:43.126372+00:00
2021-09-05,650.8,650.8,597.6,597.6,36128,597.6,2026-09-03T19:33:43.126372+00:00
2021-09-06,592.0,653.0,565.0,650.0,35740,650.0,2026-09-03T19:33:43.126372+00:00
2021-09-07,663.0,674.2,621.0,629.0,34976,629.0,2026-09-03T19:33:43.126372+00:00
2021-09-08,620.0,624.0,594.9,600.0,28920,600.0,2026-09-03T19:33:43.126372+00:00
2021-09-09,601.0,630.3,596.0,621.0,26550,621.0,2026-09-03T19:33:43.126372+00:00
2021-09-12,633.4,664.0,625.0,658.0,40598,658.0,2026-09-03T19:33:43.126372+00:00
2021-09-13,670.0,688.0,646.8,659.0,41545,659.0,2026-09-03T19:33:43.126372+00:00
2021-09-14,660.0,670.0,622.3,649.8,26211,649.8,2026-09-03T19:33:43.126372+00:00
2021-09-15,662.7,662.7,627.0,627.0,23392,627.0,2026-09-03T19:33:43.126372+00:00
2021-09-16,615.1,620.0,592.0,599.0,40866,599.0,2026-09-03T19:33:43.126372+00:00
2021-09-20,610.9,610.9,539.1,540.0,33700,540.0,2026-09-03T19:33:43.126372+00:00
2021-09-21,530.0,572.0,500.0,540.0,28468,540.0,2026-09-03T19:33:43.126372+00:00
2021-09-22,550.0,591.0,540.1,583.0,34156,583.0,2026-09-03T19:33:43.126372+00:00
2021-09-23,593.0,596.1,549.0,560.0,47389,560.0,2026-09-03T19:33:43.126372+00:00
2021-09-26,550.0,571.2,517.0,529.9,12640,529.9,2026-09-03T19:33:43.126372+00:00
2021-09-27,535.0,535.0,482.2,489.0,28199,489.0,2026-09-03T19:33:43.126372+00:00
2021-09-28,491.0,493.9,440.1,445.9,26972,445.9,2026-09-03T19:33:43.126372+00:00
2021-09-29,450.0,482.0,417.0,480.0,23255,480.0,2026-09-03T19:33:43.126372+00:00
2021-09-30,489.6,528.0,489.6,528.0,74319,528.0,2026-09-03T19:33:43.126372+00:00
2021-10-03,538.4,549.0,491.1,500.0,29127,500.0,2026-09-03T19:33:43.126372+00:00
2021-10-04,492.0,514.5,481.0,490.0,14152,490.0,2026-09-03T19:33:43.126372+00:00
2021-10-05,499.8,508.0,495.0,502.0,10773,502.0,2026-09-03T19:33:43.126372+00:00
2021-10-06,512.0,538.0,502.0,526.0,18725,526.0,2026-09-03T19:33:43.126372+00:00
2021-10-10,526.0,545.0,500.0,519.0,22038,519.0,2026-09-03T19:33:43.126372+00:00
2021-10-11,529.0,529.0,500.0,508.0,8020,508.0,2026-09-03T19:33:43.126372+00:00
2021-10-17,518.1,518.1,500.0,515.0,3015,515.0,2026-09-03T19:33:43.126372+00:00
2021-10-18,510.0,510.0,486.0,486.0,12834,486.0,2026-09-03T19:33:43.126372+00:00
2021-10-19,477.0,485.9,451.0,465.0,14322,465.0,2026-09-03T19:33:43.126372+00:00
2021-10-20,474.0,502.0,469.0,501.0,14643,501.0,2026-09-03T19:33:43.126372+00:00
2021-10-21,511.0,520.0,480.1,499.0,11692,499.0,2026-09-03T19:33:43.126372+00:00
2021-10-24,508.9,542.0,500.0,530.0,32542,530.0,2026-09-03T19:33:43.126372+00:00
2021-10-25,539.0,582.0,539.0,569.0,31083,569.0,2026-09-03T19:33:43.126372+00:00
2021-10-26,580.0,600.0,579.0,590.0,19453,590.0,2026-09-03T19:33:43.126372+00:00
2021-10-27,595.0,605.0,560.0,594.0,38217,594.0,2026-09-03T19:33:43.126372+00:00
2021-10-28,605.0,605.0,569.6,588.0,25442,588.0,2026-09-03T19:33:43.126372+00:00
2021-10-31,588.0,625.0,581.0,615.0,25614,615.0,2026-09-03T19:33:43.126372+00:00
2021-11-01,624.9,624.9,588.1,590.0,27687,590.0,2026-09-03T19:33:43.126372+00:00
2021-11-02,580.0,601.0,567.1,599.0,20176,599.0,2026-09-03T19:33:43.126372+00:00
2021-11-03,610.0,612.0,587.2,591.0,20634,591.0,2026-09-03T19:33:43.126372+00:00
2021-11-08,592.0,615.0,592.0,600.0,18373,600.0,2026-09-03T19:33:43.126372+00:00
2021-11-09,612.0,612.0,575.0,584.0,26713,584.0,2026-09-03T19:33:43.126372+00:00
2021-11-11,575.0,584.0,565.0,565.0,32003,565.0,2026-09-03T19:33:43.126372+00:00
2021-11-14,564.0,587.0,561.0,570.0,13673,570.0,2026-09-03T19:33:43.126372+00:00
2021-11-15,581.0,594.9,581.0,587.0,17200,587.0,2026-09-03T19:33:43.126372+00:00
2021-11-16,590.0,632.4,578.0,620.0,22636,620.0,2026-09-03T19:33:43.126372+00:00
2021-11-17,632.0,636.0,611.1,611.1,26856,611.1,2026-09-03T19:33:43.126372+00:00
2021-11-18,599.0,620.0,590.0,593.0,16478,593.0,2026-09-03T19:33:43.126372+00:00
2021-11-21,581.2,616.0,581.2,599.0,13072,599.0,2026-09-03T19:33:43.126372+00:00
2021-11-22,600.0,602.0,585.0,594.5,11910,594.5,2026-09-03T19:33:43.126372+00:00
2021-11-23,594.0,605.0,566.0,579.0,19608,579.0,2026-09-03T19:33:43.126372+00:00
2021-11-24,567.7,597.0,560.0,580.0,12398,580.0,2026-09-03T19:33:43.126372+00:00
2021-11-25,590.0,623.0,571.0,596.0,27980,596.0,2026-09-03T19:33:43.126372+00:00
2021-11-28,584.1,595.7,563.0,584.0,17090,584.0,2026-09-03T19:33:43.126372+00:00
2021-11-29,585.0,610.0,576.3,585.0,45000,585.0,2026-09-03T19:33:43.126372+00:00
2021-11-30,595.0,596.7,572.0,583.0,23822,583.0,2026-09-03T19:33:43.126372+00:00
2021-12-01,594.0,605.0,586.5,595.0,29988,595.0,2026-09-03T19:33:43.126372+00:00
2021-12-02,604.9,605.0,575.0,579.9,19981,579.9,2026-09-03T19:33:43.126372+00:00
2021-12-05,569.0,580.0,550.0,555.0,22934,555.0,2026-09-03T19:33:43.126372+00:00
2021-12-06,562.5,592.0,529.2,564.9,19180,564.9,2026-09-03T19:33:43.126372+00:00
2021-12-07,576.1,580.0,540.0,542.0,21276,542.0,2026-09-03T19:33:43.126372+00:00
2021-12-08,535.0,549.0,508.0,513.0,19690,513.0,2026-09-03T19:33:43.126372+00:00
2021-12-09,522.0,522.0,500.1,513.0,11767,513.0,2026-09-03T19:33:43.126372+00:00
2021-12-12,513.0,513.0,489.0,489.5,14765,489.5,2026-09-03T19:33:43.126372+00:00
2021-12-13,479.8,489.4,458.0,458.0,20995,458.0,2026-09-03T19:33:43.126372+00:00
2021-12-14,460.0,503.8,460.0,503.8,13407,503.8,2026-09-03T19:33:43.126372+00:00
2021-12-15,513.0,534.4,490.0,511.0,29068,511.0,2026-09-03T19:33:43.126372+00:00
2021-12-16,511.0,511.0,490.0,490.0,11148,490.0,2026-09-03T19:33:43.126372+00:00
2021-12-20,499.0,499.0,470.9,470.9,6454,470.9,2026-09-03T19:33:43.126372+00:00
2021-12-21,475.0,489.0,472.0,486.0,8638,486.0,2026-09-03T19:33:43.126372+00:00
2021-12-22,495.0,518.0,490.0,515.9,17164,515.9,2026-09-03T19:33:43.126372+00:00
2021-12-23,516.0,524.8,501.9,510.0,17983,510.0,2026-09-03T19:33:43.126372+00:00
2021-12-26,515.0,520.2,505.0,515.0,16176,515.0,2026-09-03T19:33:43.126372+00:00
2021-12-27,508.0,515.0,480.0,480.0,13901,480.0,2026-09-03T19:33:43.126372+00:00
2021-12-28,471.0,497.0,470.5,495.0,27960,495.0,2026-09-03T19:33:43.126372+00:00
2021-12-29,490.0,524.0,490.0,498.0,13278,498.0,2026-09-03T19:33:43.126372+00:00
2022-01-02,498.0,507.0,490.0,499.0,8665,499.0,2026-09-03T19:33:43.126372+00:00
2022-01-03,506.9,515.1,495.0,498.8,16846,498.8,2026-09-03T19:33:43.126372+00:00
2022-01-04,508.0,523.0,500.0,522.0,20695,522.0,2026-09-03T19:33:43.126372+00:00
2022-01-05,529.3,542.0,518.5,523.0,26880,523.0,2026-09-03T19:33:43.126372+00:00
2022-01-06,532.0,575.3,519.0,575.3,47484,575.3,2026-09-03T19:33:43.126372+00:00
2022-01-09,586.8,615.0,577.0,615.0,92274,615.0,2026-09-03T19:33:43.126372+00:00
2022-01-10,627.0,635.0,610.0,630.0,72603,630.0,2026-09-03T19:33:43.126372+00:00
2022-01-11,630.0,693.0,620.0,693.0,102275,693.0,2026-09-03T19:33:43.126372+00:00
2022-01-12,693.0,720.0,669.0,680.0,80437,680.0,2026-09-03T19:33:43.126372+00:00
2022-01-13,690.0,703.0,670.0,702.0,53972,702.0,2026-09-03T19:33:43.126372+00:00
2022-01-16,715.0,729.0,688.0,695.0,59695,695.0,2026-09-03T19:33:43.126372+00:00
2022-01-17,708.9,730.0,690.0,720.0,88570,720.0,2026-09-03T19:33:43.126372+00:00
2022-01-18,734.4,734.4,695.0,716.0,39987,716.0,2026-09-03T19:33:43.126372+00:00
2022-01-19,720.0,720.0,690.0,693.0,45127,693.0,2026-09-03T19:33:43.126372+00:00
2022-01-20,706.8,715.0,683.1,715.0,51733,715.0,2026-09-03T19:33:43.126372+00:00
2022-01-23,720.0,731.0,703.0,706.0,49776,706.0,2026-09-03T19:33:43.126372+00:00
2022-01-24,720.0,720.0,680.3,686.0,84193,686.0,2026-09-03T19:33:43.126372+00:00
2022-01-25,672.3,699.9,672.3,682.0,34579,682.0,2026-09-03T19:33:43.126372+00:00
2022-01-26,680.0,691.0,670.5,677.0,33154,677.0,2026-09-03T19:33:43.126372+00:00
2022-01-27,690.5,690.5,673.0,678.0,13210,678.0,2026-09-03T19:33:43.126372+00:00
2022-01-30,691.5,737.0,685.0,730.0,103676,730.0,2026-09-03T19:33:43.126372+00:00
2022-01-31,725.0,735.0,710.0,730.0,67926,730.0,2026-09-03T19:33:43.126372+00:00
2022-02-01,720.0,739.9,715.4,735.0,50055,735.0,2026-09-03T19:33:43.126372+00:00
2022-02-03,735.0,760.0,722.0,744.6,64924,744.6,2026-09-03T19:33:43.126372+00:00
2022-02-06,750.0,750.0,707.0,715.0,40059,715.0,2026-09-03T19:33:43.126372+00:00
2022-02-07,710.0,726.0,710.0,715.0,45993,715.0,2026-09-03T19:33:43.126372+00:00
2022-02-08,729.3,743.8,700.0,701.0,30524,701.0,2026-09-03T19:33:43.126372+00:00
2022-02-09,690.0,710.0,685.0,710.0,27273,710.0,2026-09-03T19:33:43.126372+00:00
2022-02-10,696.3,708.0,688.0,688.0,13440,688.0,2026-09-03T19:33:43.126372+00:00
2022-02-13,680.0,680.0,652.0,670.0,40622,670.0,2026-09-03T19:33:43.126372+00:00
2022-02-14,670.0,685.0,666.0,670.0,17574,670.0,2026-09-03T19:33:43.126372+00:00
2022-02-15,666.0,698.7,666.0,690.0,13111,690.0,2026-09-03T19:33:43.126372+00:00
2022-02-16,702.0,702.0,673.0,680.0,8684,680.0,2026-09-03T19:33:43.126372+00:00
2022-02-17,681.0,690.0,666.0,670.0,14306,670.0,2026-09-03T19:33:43.126372+00:00
2022-02-20,660.0,719.0,646.8,698.0,57738,698.0,2026-09-03T19:33:43.126372+00:00
2022-02-21,690.0,718.8,684.1,715.0,33566,715.0,2026-09-03T19:33:43.126372+00:00
2022-02-22,719.0,719.0,705.0,714.9,21082,714.9,2026-09-03T19:33:43.126372+00:00
2022-02-23,715.0,717.9,688.0,689.0,12916,689.0,2026-09-03T19:33:43.126372+00:00
2022-02-24,702.7,702.7,668.0,670.0,28068,670.0,2026-09-03T19:33:43.126372+00:00
2022-02-27,680.0,694.0,667.1,675.0,15780,675.0,2026-09-03T19:33:43.126372+00:00
2022-02-28,676.0,680.0,659.7,660.0,12643,660.0,2026-09-03T19:33:43.126372+00:00
2022-03-02,651.1,665.0,630.0,638.0,30695,638.0,2026-09-03T19:33:43.126372+00:00
2022-03-06,640.0,650.0,628.0,638.0,11275,638.0,2026-09-03T19:33:43.126372+00:00
2022-03-07,649.0,649.0,621.1,640.0,12161,640.0,2026-09-03T19:33:43.126372+00:00
2022-03-09,640.0,640.0,615.0,621.0,16519,621.0,2026-09-03T19:33:43.126372+00:00
2022-03-10,610.1,649.9,610.1,647.0,19943,647.0,2026-09-03T19:33:43.126372+00:00
2022-03-13,655.0,678.4,652.0,675.0,41963,675.0,2026-09-03T19:33:43.126372+00:00
2022-03-14,670.0,678.0,660.0,673.9,7570,673.9,2026-09-03T19:33:43.126372+00:00
2022-03-15,687.0,687.0,655.0,669.0,21117,669.0,2026-09-03T19:33:43.126372+00:00
2022-03-16,669.0,695.0,665.1,688.0,28035,688.0,2026-09-03T19:33:43.126372+00:00
2022-03-20,674.3,687.7,663.0,669.0,18920,669.0,2026-09-03T19:33:43.126372+00:00
2022-03-21,679.0,680.0,660.0,675.0,17728,675.0,2026-09-03T19:33:43.126372+00:00
2022-03-22,675.0,687.0,667.0,667.0,15923,667.0,2026-09-03T19:33:43.126372+00:00
2022-03-23,680.0,680.0,654.0,664.0,65236,664.0,2026-09-03T19:33:43.126372+00:00
2022-03-24,677.2,677.2,633.0,633.0,44710,633.0,2026-09-03T19:33:43.126372+00:00
2022-03-27,645.0,645.0,610.0,611.0,21195,611.0,2026-09-03T19:33:43.126372+00:00
2022-03-28,602.0,623.2,602.0,612.0,14516,612.0,2026-09-03T19:33:43.126372+00:00
2022-03-29,623.0,623.0,600.0,605.0,10108,605.0,2026-09-03T19:33:43.126372+00:00
2022-03-30,597.1,617.0,585.0,600.1,35352,600.1,2026-09-03T19:33:43.126372+00:00
2022-03-31,592.0,614.0,592.0,611.0,20810,611.0,2026-09-03T19:33:43.126372+00:00
2022-04-03,615.0,615.0,596.0,598.0,8374,598.0,2026-09-03T19:33:43.126372+00:00
2022-04-04,593.0,602.0,587.3,590.0,4999,590.0,2026-09-03T19:33:43.126372+00:00
2022-04-05,595.0,595.0,566.0,569.0,16781,569.0,2026-09-03T19:33:43.126372+00:00
2022-04-06,558.0,568.0,550.0,560.0,14112,560.0,2026-09-03T19:33:43.126372+00:00
2022-04-07,565.0,572.0,558.0,559.0,11726,559.0,2026-09-03T19:33:43.126372+00:00
2022-04-11,570.1,581.5,550.1,550.5,7614,550.5,2026-09-03T19:33:43.126372+00:00
2022-04-12,540.2,551.0,520.0,529.0,12712,529.0,2026-09-03T19:33:43.126372+00:00
2022-04-13,530.0,535.0,513.0,527.0,13568,527.0,2026-09-03T19:33:43.126372+00:00
2022-04-17,530.0,530.0,508.7,510.1,7721,510.1,2026-09-03T19:33:43.126372+00:00
2022-04-18,510.1,511.0,484.2,485.6,25396,485.6,2026-09-03T19:33:43.126372+00:00
2022-04-19,494.8,495.0,477.0,487.2,22709,487.2,2026-09-03T19:33:43.126372+00:00
2022-04-20,495.9,495.9,460.0,460.0,7127,460.0,2026-09-03T19:33:43.126372+00:00
2022-04-21,451.0,452.0,425.0,445.0,74793,445.0,2026-09-03T19:33:43.126372+00:00
2022-04-24,453.0,489.5,445.9,479.0,23511,479.0,2026-09-03T19:33:43.126372+00:00
2022-04-25,485.0,485.0,462.0,465.0,21593,465.0,2026-09-03T19:33:43.126372+00:00
2022-04-26,465.0,480.1,464.0,469.0,15425,469.0,2026-09-03T19:33:43.126372+00:00
2022-04-27,478.0,505.8,475.0,501.0,68188,501.0,2026-09-03T19:33:43.126372+00:00
2022-04-28,511.0,527.0,507.0,510.0,58933,510.0,2026-09-03T19:33:43.126372+00:00
2022-05-02,510.0,514.0,459.0,459.0,84800,459.0,2026-09-03T19:33:43.126372+00:00
2022-05-04,317.0,340.0,313.0,317.0,35756,317.0,2026-09-03T19:33:43.126372+00:00
2022-05-05,317.0,317.0,295.0,298.0,13648,298.0,2026-09-03T19:33:43.126372+00:00
2022-05-08,303.0,303.0,290.1,295.0,18500,295.0,2026-09-03T19:33:43.126372+00:00
2022-05-09,298.0,309.8,295.0,298.0,28332,298.0,2026-09-03T19:33:43.126372+00:00
2022-05-10,303.0,305.9,294.0,303.0,22288,303.0,2026-09-03T19:33:43.126372+00:00
2022-05-11,309.0,333.3,300.0,333.3,34379,333.3,2026-09-03T19:33:43.126372+00:00
2022-05-12,339.9,366.6,334.0,343.0,53290,343.0,2026-09-03T19:33:43.126372+00:00
2022-05-17,337.0,338.0,318.0,318.0,20364,318.0,2026-09-03T19:33:43.126372+00:00
2022-05-18,311.7,336.0,301.0,325.0,14945,325.0,2026-09-03T19:33:43.126372+00:00
2022-05-19,331.0,335.0,317.0,320.0,10388,320.0,2026-09-03T19:33:43.126372+00:00
2022-05-20,326.0,329.9,310.0,311.0,8941,311.0,2026-09-03T19:33:43.126372+00:00
2022-05-23,317.0,317.2,306.0,309.0,9232,309.0,2026-09-03T19:33:43.126372+00:00
2022-05-24,303.0,317.0,303.0,310.0,8462,310.0,2026-09-03T19:33:43.126372+00:00
2022-05-25,310.0,318.0,303.0,308.1,8428,308.1,2026-09-03T19:33:43.126372+00:00
2022-05-26,314.0,317.0,305.0,312.0,6995,312.0,2026-09-03T19:33:43.126372+00:00
2022-05-27,316.0,316.0,303.0,304.0,9804,304.0,2026-09-03T19:33:43.126372+00:00
2022-05-30,308.0,308.0,296.1,301.9,13786,301.9,2026-09-03T19:33:43.126372+00:00
2022-05-31,296.0,301.5,290.0,296.0,13664,296.0,2026-09-03T19:33:43.126372+00:00
2022-06-01,300.0,306.0,294.0,296.0,11451,296.0,2026-09-03T19:33:43.126372+00:00
2022-06-02,299.0,307.0,295.2,296.0,6152,296.0,2026-09-03T19:33:43.126372+00:00
2022-06-03,299.0,299.0,290.0,294.0,7062,294.0,2026-09-03T19:33:43.126372+00:00
2022-06-06,297.0,304.9,288.5,295.0,13213,295.0,2026-09-03T19:33:43.126372+00:00
2022-06-07,295.1,298.0,283.3,283.3,5113,283.3,2026-09-03T19:33:43.126372+00:00
2022-06-08,287.0,301.0,277.0,296.0,12321,296.0,2026-09-03T19:33:43.126372+00:00
2022-06-09,300.0,303.0,283.4,285.0,13388,285.0,2026-09-03T19:33:43.126372+00:00
2022-06-10,280.0,288.0,274.0,285.6,6198,285.6,2026-09-03T19:33:43.126372+00:00
2022-06-13,280.1,285.0,276.5,276.5,5670,276.5,2026-09-03T19:33:43.126372+00:00
2022-06-14,275.0,275.0,269.0,275.0,4851,275.0,2026-09-03T19:33:43.126372+00:00
2022-06-15,276.0,276.0,264.6,267.2,4817,267.2,2026-09-03T19:33:43.126372+00:00
2022-06-16,262.0,282.0,262.0,268.0,3650,268.0,2026-09-03T19:33:43.126372+00:00
2022-06-17,273.0,273.0,263.0,265.2,2069,265.2,2026-09-03T19:33:43.126372+00:00
2022-06-19,260.0,260.0,250.0,254.5,5634,254.5,2026-09-03T19:33:43.126372+00:00
2022-06-20,250.0,255.0,236.2,237.2,8847,237.2,2026-09-03T19:33:43.126372+00:00
2022-06-21,240.0,250.0,240.0,248.0,9050,248.0,2026-09-03T19:33:43.126372+00:00
2022-06-22,252.0,252.0,240.0,244.0,7746,244.0,2026-09-03T19:33:43.126372+00:00
2022-06-23,239.2,239.2,227.1,229.5,3466,229.5,2026-09-03T19:33:43.126372+00:00
2022-06-24,225.0,241.0,213.3,231.0,7733,231.0,2026-09-03T19:33:43.126372+00:00
2022-06-26,234.0,254.1,234.0,250.0,16777,250.0,2026-09-03T19:33:43.126372+00:00
2022-06-27,250.0,265.3,236.5,241.0,16440,241.0,2026-09-03T19:33:43.126372+00:00
2022-06-28,240.0,240.0,235.0,235.0,6398,235.0,2026-09-03T19:33:43.126372+00:00
2022-06-29,236.0,250.0,233.0,249.0,6421,249.0,2026-09-03T19:33:43.126372+00:00
2022-06-30,253.0,273.9,244.1,273.9,16973,273.9,2026-09-03T19:33:43.126372+00:00
2022-07-01,279.0,300.0,255.1,295.0,35780,295.0,2026-09-03T19:33:43.126372+00:00
2022-07-03,300.9,315.0,299.0,314.9,29768,314.9,2026-09-03T19:33:43.126372+00:00
2022-07-04,315.0,334.5,305.0,308.0,47004,308.0,2026-09-03T19:33:43.126372+00:00
2022-07-05,302.0,317.3,290.0,291.0,18956,291.0,2026-09-03T19:33:43.126372+00:00
2022-07-06,287.0,313.0,280.0,300.3,20885,300.3,2026-09-03T19:33:43.126372+00:00
2022-07-07,304.0,314.0,295.0,296.0,11894,296.0,2026-09-03T19:33:43.126372+00:00
2022-07-08,292.1,296.0,285.0,287.0,6429,287.0,2026-09-03T19:33:43.126372+00:00
2022-07-11,281.3,286.0,266.0,268.0,20088,268.0,2026-09-03T19:33:43.126372+00:00
2022-07-12,273.0,285.0,265.0,277.0,13960,277.0,2026-09-03T19:33:43.126372+00:00
2022-07-13,282.0,304.7,272.0,304.7,21213,304.7,2026-09-03T19:33:43.126372+00:00
2022-07-14,308.0,317.0,295.1,304.9,19265,304.9,2026-09-03T19:33:43.126372+00:00
2022-07-15,303.0,307.0,294.0,300.8,10211,300.8,2026-09-03T19:33:43.126372+00:00
2022-07-17,300.0,306.0,297.1,298.0,8422,298.0,2026-09-03T19:33:43.126372+00:00
2022-07-18,298.0,309.0,290.0,306.0,12686,306.0,2026-09-03T19:33:43.126372+00:00
2022-07-19,307.0,315.9,306.1,308.0,16208,308.0,2026-09-03T19:33:43.126372+00:00
2022-07-20,305.1,318.0,301.9,312.0,17678,312.0,2026-09-03T19:33:43.126372+00:00
2022-07-21,315.0,315.0,300.0,310.0,11582,310.0,2026-09-03T19:33:43.126372+00:00
2022-07-22,315.0,316.0,296.0,297.5,12974,297.5,2026-09-03T19:33:43.126372+00:00
2022-07-24,303.0,319.1,303.0,319.1,22645,319.1,2026-09-03T19:33:43.126372+00:00
2022-07-25,322.2,344.1,322.2,341.0,45560,341.0,2026-09-03T19:33:43.126372+00:00
2022-07-26,345.0,347.0,323.5,325.0,37164,325.0,2026-09-03T19:33:43.126372+00:00
2022-07-27,320.0,355.8,316.0,346.0,33381,346.0,2026-09-03T19:33:43.126372+00:00
2022-07-28,347.0,362.0,337.0,354.0,46184,354.0,2026-09-03T19:33:43.126372+00:00
2022-07-29,361.0,361.0,341.0,349.0,18476,349.0,2026-09-03T19:33:43.126372+00:00
2022-07-31,350.0,350.0,338.3,341.0,37372,341.0,2026-09-03T19:33:43.126372+00:00
2022-08-01,340.0,346.0,324.0,339.9,29310,339.9,2026-09-03T19:33:43.126372+00:00
2022-08-02,333.2,352.0,314.1,343.1,216809,343.1,2026-09-03T19:33:43.126372+00:00
2022-08-03,349.0,349.0,335.2,343.7,95363,343.7,2026-09-03T19:33:43.126372+00:00
2022-08-04,336.9,347.9,331.3,334.0,38566,334.0,2026-09-03T19:33:43.126372+00:00
2022-08-05,328.0,339.0,315.1,317.0,67465,317.0,2026-09-03T19:33:43.126372+00:00
2022-08-07,310.7,332.0,310.7,321.4,51964,321.4,2026-09-03T19:33:43.126372+00:00
2022-08-08,322.0,327.8,312.7,318.0,36417,318.0,2026-09-03T19:33:43.126372+00:00
2022-08-09,312.1,322.0,304.0,304.0,54852,304.0,2026-09-03T19:33:43.126372+00:00
2022-08-10,303.0,313.0,298.0,306.0,50415,306.0,2026-09-03T19:33:43.126372+00:00
2022-08-11,306.0,311.8,292.5,295.0,26644,295.0,2026-09-03T19:33:43.126372+00:00
2022-08-14,295.0,300.9,291.1,292.0,25590,292.0,2026-09-03T19:33:43.126372+00:00
2022-08-15,292.0,313.1,288.0,311.1,53331,311.1,2026-09-03T19:33:43.126372+00:00
2022-08-16,315.0,319.0,295.0,296.0,44930,296.0,2026-09-03T19:33:43.126372+00:00
2022-08-17,296.0,308.0,294.0,301.9,27517,301.9,2026-09-03T19:33:43.126372+00:00
2022-08-18,305.0,312.8,302.0,308.0,35086,308.0,2026-09-03T19:33:43.126372+00:00
2022-08-21,314.0,317.0,300.0,302.1,34346,302.1,2026-09-03T19:33:43.126372+00:00
2022-08-22,300.0,308.2,296.2,306.0,29431,306.0,2026-09-03T19:33:43.126372+00:00
2022-08-23,306.0,307.0,302.0,304.0,11441,304.0,2026-09-03T19:33:43.126372+00:00
2022-08-24,309.0,309.0,300.0,303.0,17227,303.0,2026-09-03T19:33:43.126372+00:00
2022-08-25,303.0,307.0,295.1,298.0,26501,298.0,2026-09-03T19:33:43.126372+00:00
2022-08-26,297.9,298.0,290.0,291.1,21126,291.1,2026-09-03T19:33:43.126372+00:00
2022-08-28,289.0,291.9,276.4,278.0,57056,278.0,2026-09-03T19:33:43.126372+00:00
2022-08-29,280.0,285.5,275.0,282.2,22688,282.2,2026-09-03T19:33:43.126372+00:00
2022-08-30,280.0,293.0,280.0,283.0,14404,283.0,2026-09-03T19:33:43.126372+00:00
2022-08-31,283.0,287.0,272.0,275.0,18497,275.0,2026-09-03T19:33:43.126372+00:00
2022-09-01,275.0,285.0,267.0,274.0,23637,274.0,2026-09-03T19:33:43.126372+00:00
2022-09-02,270.0,283.5,270.0,274.0,5673,274.0,2026-09-03T19:33:43.126372+00:00
2022-09-04,279.4,284.0,275.0,279.0,14567,279.0,2026-09-03T19:33:43.126372+00:00
2022-09-05,280.1,284.0,276.0,280.0,9288,280.0,2026-09-03T19:33:43.126372+00:00
2022-09-06,282.9,283.0,272.0,273.9,9807,273.9,2026-09-03T19:33:43.126372+00:00
2022-09-07,270.0,273.0,264.6,270.0,7605,270.0,2026-09-03T19:33:43.126372+00:00
2022-09-08,272.0,280.0,266.0,274.0,11895,274.0,2026-09-03T19:33:43.126372+00:00
2022-09-11,274.0,280.0,270.0,270.9,9325,270.9,2026-09-03T19:33:43.126372+00:00
2022-09-12,276.2,276.2,265.5,266.0,9306,266.0,2026-09-03T19:33:43.126372+00:00
2022-09-13,261.0,277.8,261.0,272.1,10177,272.1,2026-09-03T19:33:43.126372+00:00
2022-09-14,276.0,291.0,275.0,291.0,31314,291.0,2026-09-03T19:33:43.126372+00:00
2022-09-15,294.0,296.0,275.0,279.0,34637,279.0,2026-09-03T19:33:43.126372+00:00
2022-09-16,273.5,275.0,262.8,273.0,13172,273.0,2026-09-03T19:33:43.126372+00:00
2022-09-18,268.0,270.0,263.1,263.5,14341,263.5,2026-09-03T19:33:43.126372+00:00
2022-09-20,260.0,263.0,250.0,250.0,16463,250.0,2026-09-03T19:33:43.126372+00:00
2022-09-21,255.0,263.0,251.5,253.2,12184,253.2,2026-09-03T19:33:43.126372+00:00
2022-09-22,253.0,258.0,247.3,248.0,10263,248.0,2026-09-03T19:33:43.126372+00:00
2022-09-25,244.1,248.0,238.0,238.0,12993,238.0,2026-09-03T19:33:43.126372+00:00
2022-09-27,242.0,248.0,238.0,242.5,8802,242.5,2026-09-03T19:33:43.126372+00:00
2022-09-28,243.0,249.0,239.0,239.0,6652,239.0,2026-09-03T19:33:43.126372+00:00
2022-09-29,243.0,247.8,240.5,247.0,4574,247.0,2026-09-03T19:33:43.126372+00:00
2022-10-09,251.0,260.0,248.0,258.0,10810,258.0,2026-09-03T19:33:43.126372+00:00
2022-10-10,263.0,263.0,250.0,252.0,14966,252.0,2026-09-03T19:33:43.126372+00:00
2022-10-11,249.0,249.9,242.1,247.0,5729,247.0,2026-09-03T19:33:43.126372+00:00
2022-10-12,251.9,257.0,245.2,252.1,13116,252.1,2026-09-03T19:33:43.126372+00:00
2022-10-13,257.0,265.1,255.0,261.0,30327,261.0,2026-09-03T19:33:43.126372+00:00
2022-10-16,262.0,263.0,252.0,254.0,14664,254.0,2026-09-03T19:33:43.126372+00:00
2022-10-17,251.0,258.0,249.1,249.2,9618,249.2,2026-09-03T19:33:43.126372+00:00
2022-10-19,248.0,249.0,242.1,247.0,8845,247.0,2026-09-03T19:33:43.126372+00:00
2022-10-20,248.0,251.0,242.1,243.5,6151,243.5,2026-09-03T19:33:43.126372+00:00
2022-10-23,247.0,248.0,243.0,246.0,6282,246.0,2026-09-03T19:33:43.126372+00:00
2022-10-31,247.0,248.9,242.1,247.8,5245,247.8,2026-09-03T19:33:43.126372+00:00
2022-11-01,242.9,267.0,242.9,265.9,25989,265.9,2026-09-03T19:33:43.126372+00:00
2022-11-02,268.0,276.0,255.0,265.0,25546,265.0,2026-09-03T19:33:43.126372+00:00
2022-11-03,265.0,268.0,261.0,264.0,12167,264.0,2026-09-03T19:33:43.126372+00:00
2022-11-06,264.0,277.0,264.0,275.0,19491,275.0,2026-09-03T19:33:43.126372+00:00
2022-11-07,280.0,290.7,270.0,273.0,38614,273.0,2026-09-03T19:33:43.126372+00:00
2022-11-08,276.0,289.0,267.6,279.0,13346,279.0,2026-09-03T19:33:43.126372+00:00
2022-11-09,273.5,282.0,258.9,260.2,21756,260.2,2026-09-03T19:33:43.126372+00:00
2022-11-10,263.0,269.0,247.5,254.0,20554,254.0,2026-09-03T19:33:43.126372+00:00
2022-11-13,255.0,257.9,249.1,254.0,8296,254.0,2026-09-03T19:33:43.126372+00:00
2022-11-14,259.0,262.6,251.0,262.0,13406,262.0,2026-09-03T19:33:43.126372+00:00
2022-11-15,265.0,266.8,253.0,254.9,13729,254.9,2026-09-03T19:33:43.126372+00:00
2022-11-16,258.0,260.1,252.0,254.3,23424,254.3,2026-09-03T19:33:43.126372+00:00
2022-11-17,257.0,266.0,257.0,265.0,18031,265.0,2026-09-03T19:33:43.126372+00:00
2022-11-22,270.0,271.0,258.0,264.0,10740,264.0,2026-09-03T19:33:43.126372+00:00
2022-11-23,259.1,262.9,250.0,260.0,6011,260.0,2026-09-03T19:33:43.126372+00:00
2022-11-24,260.0,265.0,260.0,263.0,9006,263.0,2026-09-03T19:33:43.126372+00:00
2022-11-27,268.2,270.0,263.5,266.0,17301,266.0,2026-09-03T19:33:43.126372+00:00
2022-11-28,270.0,276.0,262.8,265.0,26253,265.0,2026-09-03T19:33:43.126372+00:00
2022-11-29,269.5,271.9,263.1,271.6,11870,271.6,2026-09-03T19:33:43.126372+00:00
2022-11-30,267.3,273.9,265.0,270.0,9362,270.0,2026-09-03T19:33:43.126372+00:00
2022-12-01,274.9,274.9,266.0,270.0,12104,270.0,2026-09-03T19:33:43.126372+00:00
2022-12-04,273.0,274.0,264.8,268.0,6637,268.0,2026-09-03T19:33:43.126372+00:00
2022-12-05,269.0,269.0,257.1,258.0,7791,258.0,2026-09-03T19:33:43.126372+00:00
2022-12-06,257.0,264.0,255.0,261.9,12836,261.9,2026-09-03T19:33:43.126372+00:00
2022-12-07,260.0,260.0,251.6,260.0,11665,260.0,2026-09-03T19:33:43.126372+00:00
2022-12-11,254.8,256.0,251.0,253.9,11497,253.9,2026-09-03T19:33:43.126372+00:00
2022-12-12,256.0,259.9,252.7,259.0,9730,259.0,2026-09-03T19:33:43.126372+00:00
2022-12-13,260.0,263.0,254.0,254.0,2837,254.0,2026-09-03T19:33:43.126372+00:00
2022-12-14,254.0,259.0,250.0,254.0,2720,254.0,2026-09-03T19:33:43.126372+00:00
2022-12-15,250.1,255.0,245.5,250.0,10816,250.0,2026-09-03T19:33:43.126372+00:00
2022-12-18,250.0,253.0,243.0,245.0,6938,245.0,2026-09-03T19:33:43.126372+00:00
2022-12-19,247.5,249.9,240.4,245.0,3533,245.0,2026-09-03T19:33:43.126372+00:00
2022-12-20,249.8,250.0,246.0,249.8,2516,249.8,2026-09-03T19:33:43.126372+00:00
2022-12-21,251.0,251.0,243.6,245.0,5817,245.0,2026-09-03T19:33:43.126372+00:00
2022-12-22,243.2,245.0,240.7,245.0,13218,245.0,2026-09-03T19:33:43.126372+00:00
2022-12-26,249.0,262.0,249.0,258.0,19133,258.0,2026-09-03T19:33:43.126372+00:00
2022-12-27,263.1,276.0,262.0,271.3,51120,271.3,2026-09-03T19:33:43.126372+00:00
2022-12-28,272.9,280.0,266.6,270.0,48517,270.0,2026-09-03T19:33:43.126372+00:00
2022-12-29,272.0,290.0,267.1,290.0,48739,290.0,2026-09-03T19:33:43.126372+00:00
2023-01-01,294.8,307.0,290.0,299.0,78488,299.0,2026-09-03T19:33:43.126372+00:00
2023-01-02,299.0,306.9,287.3,300.0,63008,300.0,2026-09-03T19:33:43.126372+00:00
2023-01-03,304.0,305.0,294.1,297.0,40631,297.0,2026-09-03T19:33:43.126372+00:00
2023-01-04,297.0,307.0,297.0,306.0,39726,306.0,2026-09-03T19:33:43.126372+00:00
2023-01-05,312.1,323.0,302.9,314.0,70952,314.0,2026-09-03T19:33:43.126372+00:00
2023-01-08,315.0,330.0,304.0,325.0,57142,325.0,2026-09-03T19:33:43.126372+00:00
2023-01-09,328.0,337.0,318.6,336.0,114090,336.0,2026-09-03T19:33:43.126372+00:00
2023-01-10,341.0,349.0,313.6,319.0,104002,319.0,2026-09-03T19:33:43.126372+00:00
2023-01-12,325.3,340.4,307.0,307.0,71591,307.0,2026-09-03T19:33:43.126372+00:00
2023-01-17,313.1,324.8,307.0,323.0,56868,323.0,2026-09-03T19:33:43.126372+00:00
2023-01-18,328.0,333.0,315.0,320.0,51234,320.0,2026-09-03T19:33:43.126372+00:00
2023-01-19,325.9,325.9,314.0,318.0,27653,318.0,2026-09-03T19:33:43.126372+00:00
2023-01-23,318.0,330.0,311.7,315.0,48101,315.0,2026-09-03T19:33:43.126372+00:00
2023-01-24,315.0,335.0,311.8,332.0,106807,332.0,2026-09-03T19:33:43.126372+00:00
2023-01-25,337.0,340.0,329.0,330.0,76906,330.0,2026-09-03T19:33:43.126372+00:00
2023-01-26,326.0,335.0,326.0,329.0,33572,329.0,2026-09-03T19:33:43.126372+00:00
2023-01-29,323.0,328.0,313.6,316.8,59180,316.8,2026-09-03T19:33:43.126372+00:00
2023-01-30,320.0,320.0,305.0,307.0,52404,307.0,2026-09-03T19:33:43.126372+00:00
2023-01-31,307.0,310.0,299.0,300.0,55672,300.0,2026-09-03T19:33:43.126372+00:00
2023-02-01,300.0,310.0,300.0,304.5,18816,304.5,2026-09-03T19:33:43.126372+00:00
2023-02-02,304.6,307.0,295.0,295.1,27254,295.1,2026-09-03T19:33:43.126372+00:00
2023-02-05,300.0,305.2,296.0,296.0,35237,296.0,2026-09-03T19:33:43.126372+00:00
2023-02-06,300.0,306.0,295.0,303.0,24185,303.0,2026-09-03T19:33:43.126372+00:00
2023-02-07,307.0,332.0,303.1,330.0,75830,330.0,2026-09-03T19:33:43.126372+00:00
2023-02-08,336.0,338.0,320.0,324.0,58019,324.0,2026-09-03T19:33:43.126372+00:00
2023-02-09,326.0,328.4,319.0,328.0,46142,328.0,2026-09-03T19:33:43.126372+00:00
2023-02-12,323.0,323.0,308.7,310.0,55495,310.0,2026-09-03T19:33:43.126372+00:00
2023-02-14,304.0,314.9,304.0,306.9,24530,306.9,2026-09-03T19:33:43.126372+00:00
2023-02-15,310.0,314.0,303.0,305.0,25691,305.0,2026-09-03T19:33:43.126372+00:00
2023-02-16,302.0,311.1,299.3,300.0,36783,300.0,2026-09-03T19:33:43.126372+00:00
2023-02-20,300.0,308.0,300.0,304.9,23725,304.9,2026-09-03T19:33:43.126372+00:00
2023-02-22,309.0,321.0,308.0,316.7,57913,316.7,2026-09-03T19:33:43.126372+00:00
2023-02-23,315.0,317.9,304.0,306.0,39953,306.0,2026-09-03T19:33:43.126372+00:00
2023-02-26,299.9,312.0,290.0,309.0,50876,309.0,2026-09-03T19:33:43.126372+00:00
2023-02-27,309.0,311.0,299.0,309.0,31728,309.0,2026-09-03T19:33:43.126372+00:00
2023-02-28,314.0,314.0,305.0,308.0,11933,308.0,2026-09-03T19:33:43.126372+00:00
2023-03-01,308.0,308.0,300.4,304.0,14167,304.0,2026-09-03T19:33:43.126372+00:00
2023-03-02,299.0,304.0,296.0,300.0,13640,300.0,2026-09-03T19:33:43.126372+00:00
2023-03-05,301.0,301.0,290.0,294.0,16359,294.0,2026-09-03T19:33:43.126372+00:00
2023-03-07,293.0,302.0,293.0,297.0,15333,297.0,2026-09-03T19:33:43.126372+00:00
2023-03-09,300.9,310.0,300.9,308.0,19924,308.0,2026-09-03T19:33:43.126372+00:00
2023-03-12,311.0,313.1,302.0,305.0,15012,305.0,2026-09-03T19:33:43.126372+00:00
2023-03-13,300.0,306.0,298.0,298.4,12223,298.4,2026-09-03T19:33:43.126372+00:00
2023-03-14,304.0,305.0,298.1,304.0,17432,304.0,2026-09-03T19:33:43.126372+00:00
2023-03-15,308.9,308.9,298.3,298.3,10416,298.3,2026-09-03T19:33:43.126372+00:00
2023-03-16,298.0,302.0,298.0,299.0,13459,299.0,2026-09-03T19:33:43.126372+00:00
2023-03-19,302.0,302.5,298.0,298.5,14183,298.5,2026-09-03T19:33:43.126372+00:00
2023-03-20,302.0,305.0,300.7,304.8,12709,304.8,2026-09-03T19:33:43.126372+00:00
2023-03-22,308.6,308.9,302.5,302.5,6300,302.5,2026-09-03T19:33:43.126372+00:00
2023-03-23,302.5,302.5,295.0,299.0,11823,299.0,2026-09-03T19:33:43.126372+00:00
2023-03-26,300.0,303.8,294.0,296.9,11072,296.9,2026-09-03T19:33:43.126372+00:00
2023-03-27,296.9,302.7,295.0,302.0,10933,302.0,2026-09-03T19:33:43.126372+00:00
2023-03-28,300.0,306.0,298.9,301.0,12568,301.0,2026-09-03T19:33:43.126372+00:00
2023-03-29,301.0,301.0,297.3,298.0,5017,298.0,2026-09-03T19:33:43.126372+00:00
2023-03-30,298.1,301.9,296.2,298.0,9578,298.0,2026-09-03T19:33:43.126372+00:00
2023-04-02,301.9,303.9,290.3,293.0,11522,293.0,2026-09-03T19:33:43.126372+00:00
2023-04-03,289.1,295.0,287.0,288.0,10640,288.0,2026-09-03T19:33:43.126372+00:00
2023-04-04,288.0,293.0,287.0,287.0,8704,287.0,2026-09-03T19:33:43.126372+00:00
2023-04-05,287.0,291.0,284.3,289.0,6834,289.0,2026-09-03T19:33:43.126372+00:00
2023-04-06,288.1,289.8,282.3,283.0,7312,283.0,2026-09-03T19:33:43.126372+00:00
2023-04-09,280.0,280.0,273.0,279.0,15097,279.0,2026-09-03T19:33:43.126372+00:00
2023-04-10,280.0,286.0,279.0,281.0,10720,281.0,2026-09-03T19:33:43.126372+00:00
2023-04-11,283.0,290.0,281.2,289.0,11828,289.0,2026-09-03T19:33:43.126372+00:00
2023-04-12,294.5,309.0,294.5,308.0,24445,308.0,2026-09-03T19:33:43.126372+00:00
2023-04-13,309.0,313.0,300.0,304.0,13351,304.0,2026-09-03T19:33:43.126372+00:00
2023-04-16,304.0,307.0,297.0,299.0,10159,299.0,2026-09-03T19:33:43.126372+00:00
2023-04-17,293.1,298.9,289.0,290.0,13269,290.0,2026-09-03T19:33:43.126372+00:00
2023-04-18,290.0,291.7,285.0,290.0,8675,290.0,2026-09-03T19:33:43.126372+00:00
2023-04-19,294.0,295.0,288.5,295.0,7390,295.0,2026-09-03T19:33:43.126372+00:00
2023-04-20,292.6,292.6,287.0,287.0,6000,287.0,2026-09-03T19:33:43.126372+00:00
2023-04-23,285.0,286.4,280.0,284.8,12013,284.8,2026-09-03T19:33:43.126372+00:00
2023-04-24,284.0,285.0,280.0,283.0,6663,283.0,2026-09-03T19:33:43.126372+00:00
2023-04-25,285.0,287.0,280.0,284.0,5839,284.0,2026-09-03T19:33:43.126372+00:00
2023-04-26,285.0,286.1,278.9,280.0,8365,280.0,2026-09-03T19:33:43.126372+00:00
2023-04-27,278.0,283.0,277.5,278.0,7300,278.0,2026-09-03T19:33:43.126372+00:00
2023-04-30,274.0,279.0,273.0,273.0,9923,273.0,2026-09-03T19:33:43.126372+00:00
2023-05-02,276.0,278.0,270.1,273.9,4735,273.9,2026-09-03T19:33:43.126372+00:00
2023-05-03,269.1,275.4,269.0,270.9,6059,270.9,2026-09-03T19:33:43.126372+00:00
2023-05-04,270.9,275.0,269.0,275.0,4538,275.0,2026-09-03T19:33:43.126372+00:00
2023-05-07,275.0,276.0,268.2,268.3,2380,268.3,2026-09-03T19:33:43.126372+00:00
2023-05-08,268.3,270.0,260.0,264.9,8428,264.9,2026-09-03T19:33:43.126372+00:00
2023-05-09,270.1,273.9,265.0,267.1,5524,267.1,2026-09-03T19:33:43.126372+00:00
2023-05-10,265.0,268.0,265.0,268.0,1155,268.0,2026-09-03T19:33:43.126372+00:00
2023-05-11,263.3,268.4,263.2,268.0,3475,268.0,2026-09-03T19:33:43.126372+00:00
2023-05-14,268.0,268.0,260.0,263.0,1845,263.0,2026-09-03T19:33:43.126372+00:00
2023-05-15,263.0,267.0,260.1,263.0,5415,263.0,2026-09-03T19:33:43.126372+00:00
2023-05-16,257.8,265.0,255.5,263.9,4816,263.9,2026-09-03T19:33:43.126372+00:00
2023-05-17,263.9,271.0,263.0,271.0,4938,271.0,2026-09-03T19:33:43.126372+00:00
2023-05-18,271.0,281.9,271.0,279.0,15640,279.0,2026-09-03T19:33:43.126372+00:00
2023-05-21,280.0,283.9,271.0,271.1,16310,271.1,2026-09-03T19:33:43.126372+00:00
2023-05-22,272.0,283.0,268.0,278.0,12137,278.0,2026-09-03T19:33:43.126372+00:00
2023-05-23,281.2,290.0,276.0,290.0,28201,290.0,2026-09-03T19:33:43.126372+00:00
2023-05-24,286.0,295.8,286.0,295.8,22576,295.8,2026-09-03T19:33:43.126372+00:00
2023-05-28,290.0,296.0,284.5,285.0,13838,285.0,2026-09-03T19:33:43.126372+00:00
2023-05-30,280.0,285.0,270.0,272.0,24843,272.0,2026-09-03T19:33:43.126372+00:00
2023-05-31,267.0,274.9,262.0,265.8,26962,265.8,2026-09-03T19:33:43.126372+00:00
2023-06-01,269.0,274.8,260.5,269.9,14995,269.9,2026-09-03T19:33:43.126372+00:00
2023-06-04,270.0,286.0,270.0,281.7,17320,281.7,2026-09-03T19:33:43.126372+00:00
2023-06-05,282.0,285.9,275.2,278.9,19468,278.9,2026-09-03T19:33:43.126372+00:00
2023-06-06,280.0,284.0,279.0,282.0,16937,282.0,2026-09-03T19:33:43.126372+00:00
2023-06-07,286.0,290.0,279.0,282.0,16689,282.0,2026-09-03T19:33:43.126372+00:00
2023-06-08,282.0,284.9,280.0,281.0,10071,281.0,2026-09-03T19:33:43.126372+00:00
2023-06-11,285.0,300.0,285.0,295.0,55474,295.0,2026-09-03T19:33:43.126372+00:00
2023-06-12,299.0,304.4,286.2,290.6,19849,290.6,2026-09-03T19:33:43.126372+00:00
2023-06-13,285.0,302.0,285.0,297.0,41900,297.0,2026-09-03T19:33:43.126372+00:00
2023-06-14,297.0,304.0,288.0,293.0,47616,293.0,2026-09-03T19:33:43.126372+00:00
2023-06-15,298.0,298.0,287.4,291.9,29646,291.9,2026-09-03T19:33:43.126372+00:00
2023-06-18,297.7,300.0,295.0,299.8,42190,299.8,2026-09-03T19:33:43.126372+00:00
2023-06-19,305.7,327.4,300.0,323.8,115843,323.8,2026-09-03T19:33:43.126372+00:00
2023-06-20,330.2,331.0,309.0,309.1,77437,309.1,2026-09-03T19:33:43.126372+00:00
2023-06-21,315.2,318.0,306.0,308.9,46448,308.9,2026-09-03T19:33:43.126372+00:00
2023-06-22,313.9,317.0,306.0,308.1,33687,308.1,2026-09-03T19:33:43.126372+00:00
2023-06-25,314.2,323.0,307.8,322.0,45476,322.0,2026-09-03T19:33:43.126372+00:00
2023-06-26,328.4,335.0,321.0,328.0,104331,328.0,2026-09-03T19:33:43.126372+00:00
2023-06-27,334.5,339.0,327.0,332.0,82907,332.0,2026-09-03T19:33:43.126372+00:00
2023-06-28,338.6,338.6,319.0,320.5,60964,320.5,2026-09-03T19:33:43.126372+00:00
2023-07-02,326.9,336.9,315.1,317.7,80442,317.7,2026-09-03T19:33:43.126372+00:00
2023-07-03,315.3,327.0,312.8,314.0,67968,314.0,2026-09-03T19:33:43.126372+00:00
2023-07-04,320.0,328.0,316.2,323.2,42308,323.2,2026-09-03T19:33:43.126372+00:00
2023-07-05,329.6,346.8,326.4,331.8,202397,331.8,2026-09-03T19:33:43.126372+00:00
2023-07-06,338.0,338.1,327.0,331.9,55827,331.9,2026-09-03T19:33:43.126372+00:00
2023-07-09,335.0,347.0,332.0,346.0,101114,346.0,2026-09-03T19:33:43.126372+00:00
2023-07-10,352.9,372.0,347.0,368.0,166418,368.0,2026-09-03T19:33:43.126372+00:00
2023-07-11,375.2,388.9,360.0,380.0,107378,380.0,2026-09-03T19:33:43.126372+00:00
2023-07-12,387.6,390.0,359.0,360.0,139441,360.0,2026-09-03T19:33:43.126372+00:00
2023-07-13,360.0,366.8,350.0,353.0,62073,353.0,2026-09-03T19:33:43.126372+00:00
2023-07-16,360.0,360.0,348.0,351.0,56821,351.0,2026-09-03T19:33:43.126372+00:00
2023-07-17,358.0,372.0,347.6,369.9,53039,369.9,2026-09-03T19:33:43.126372+00:00
2023-07-18,377.0,377.0,358.1,364.0,56943,364.0,2026-09-03T19:33:43.126372+00:00
2023-07-19,371.0,371.0,356.0,357.0,37862,357.0,2026-09-03T19:33:43.126372+00:00
2023-07-20,364.0,364.0,352.4,353.9,43586,353.9,2026-09-03T19:33:43.126372+00:00
2023-07-23,360.8,365.0,350.0,359.4,50242,359.4,2026-09-03T19:33:43.126372+00:00
2023-07-24,361.0,361.0,348.0,350.0,39042,350.0,2026-09-03T19:33:43.126372+00:00
2023-07-25,356.9,356.9,339.0,342.9,61503,342.9,2026-09-03T19:33:43.126372+00:00
2023-07-26,336.1,348.8,336.1,342.9,28298,342.9,2026-09-03T19:33:43.126372+00:00
2023-07-27,343.0,350.8,333.2,336.1,33681,336.1,2026-09-03T19:33:43.126372+00:00
2023-07-30,342.0,342.0,328.0,329.9,29724,329.9,2026-09-03T19:33:43.126372+00:00
2023-07-31,335.0,340.0,328.3,334.0,31405,334.0,2026-09-03T19:33:43.126372+00:00
2023-08-01,340.6,340.6,323.0,326.0,36408,326.0,2026-09-03T19:33:43.126372+00:00
2023-08-02,320.0,334.9,320.0,334.9,34268,334.9,2026-09-03T19:33:43.126372+00:00
2023-08-03,338.0,338.0,329.0,333.0,15684,333.0,2026-09-03T19:33:43.126372+00:00
2023-08-06,326.4,328.4,310.0,311.9,61524,311.9,2026-09-03T19:33:43.126372+00:00
2023-08-07,318.0,320.0,309.0,314.9,22858,314.9,2026-09-03T19:33:43.126372+00:00
2023-08-08,311.1,317.4,305.4,307.0,17681,307.0,2026-09-03T19:33:43.126372+00:00
2023-08-09,311.0,318.0,303.1,318.0,26432,318.0,2026-09-03T19:33:43.126372+00:00
2023-08-10,323.9,329.0,315.6,323.9,24240,323.9,2026-09-03T19:33:43.126372+00:00
2023-08-13,330.0,330.0,318.0,322.0,14576,322.0,2026-09-03T19:33:43.126372+00:00
2023-08-14,316.0,328.4,316.0,317.0,17254,317.0,2026-09-03T19:33:43.126372+00:00
2023-08-15,312.0,322.0,309.0,312.0,19668,312.0,2026-09-03T19:33:43.126372+00:00
2023-08-16,316.0,316.0,305.2,308.0,16624,308.0,2026-09-03T19:33:43.126372+00:00
2023-08-17,314.0,314.2,308.0,310.0,18005,310.0,2026-09-03T19:33:43.126372+00:00
2023-08-20,311.0,315.0,305.0,305.3,5394,305.3,2026-09-03T19:33:43.126372+00:00
2023-08-21,301.1,305.9,297.0,299.0,17990,299.0,2026-09-03T19:33:43.126372+00:00
2023-08-22,295.2,310.9,295.0,308.9,11541,308.9,2026-09-03T19:33:43.126372+00:00
2023-08-23,303.0,318.0,303.0,316.3,11769,316.3,2026-09-03T19:33:43.126372+00:00
2023-08-24,314.0,314.0,305.0,308.0,13246,308.0,2026-09-03T19:33:43.126372+00:00
2023-08-27,303.0,307.9,297.0,302.8,11590,302.8,2026-09-03T19:33:43.126372+00:00
2023-08-28,302.0,308.0,299.0,300.0,5505,300.0,2026-09-03T19:33:43.126372+00:00
2023-08-29,300.0,305.0,298.5,300.0,4947,300.0,2026-09-03T19:33:43.126372+00:00
2023-08-30,303.0,305.0,297.2,298.0,4346,298.0,2026-09-03T19:33:43.126372+00:00
2023-09-03,295.0,298.8,292.0,294.0,8643,294.0,2026-09-03T19:33:43.126372+00:00
2023-09-04,292.0,298.0,292.0,295.0,8574,295.0,2026-09-03T19:33:43.126372+00:00
2023-09-05,295.0,298.9,289.1,292.8,8422,292.8,2026-09-03T19:33:43.126372+00:00
2023-09-07,288.0,293.7,283.1,286.0,7759,286.0,2026-09-03T19:33:43.126372+00:00
2023-09-10,290.0,293.9,285.0,288.0,7917,288.0,2026-09-03T19:33:43.126372+00:00
2023-09-11,291.8,302.0,290.1,300.0,10807,300.0,2026-09-03T19:33:43.126372+00:00
2023-09-12,301.0,301.0,293.0,295.8,10820,295.8,2026-09-03T19:33:43.126372+00:00
2023-09-13,301.4,307.0,296.0,306.0,13883,306.0,2026-09-03T19:33:43.126372+00:00
2023-09-17,302.0,305.0,292.2,295.0,11969,295.0,2026-09-03T19:33:43.126372+00:00
2023-09-18,290.1,301.0,289.5,299.9,6203,299.9,2026-09-03T19:33:43.126372+00:00
2023-09-19,294.7,314.0,294.0,314.0,16310,314.0,2026-09-03T19:33:43.126372+00:00
2023-09-21,319.0,329.9,315.0,322.0,25128,322.0,2026-09-03T19:33:43.126372+00:00
2023-09-24,321.0,325.0,311.0,317.0,24413,317.0,2026-09-03T19:33:43.126372+00:00
2023-09-25,311.0,322.3,311.0,314.9,12173,314.9,2026-09-03T19:33:43.126372+00:00
2023-09-26,319.0,325.0,316.0,321.0,14877,321.0,2026-09-03T19:33:43.126372+00:00
2023-09-27,316.0,317.0,310.1,314.8,11868,314.8,2026-09-03T19:33:43.126372+00:00
2023-10-01,309.0,310.0,305.1,307.0,10566,307.0,2026-09-03T19:33:43.126372+00:00
2023-10-02,302.3,311.0,302.0,307.0,9722,307.0,2026-09-03T19:33:43.126372+00:00
2023-10-03,308.0,309.0,301.9,307.8,7051,307.8,2026-09-03T19:33:43.126372+00:00
2023-10-04,305.0,312.0,305.0,309.5,10787,309.5,2026-09-03T19:33:43.126372+00:00
2023-10-05,310.0,313.0,303.0,303.1,8233,303.1,2026-09-03T19:33:43.126372+00:00
2023-10-08,297.1,306.9,297.1,304.0,16815,304.0,2026-09-03T19:33:43.126372+00:00
2023-10-09,298.0,308.0,298.0,304.0,5227,304.0,2026-09-03T19:33:43.126372+00:00
2023-10-10,298.0,308.0,296.1,300.0,5508,300.0,2026-09-03T19:33:43.126372+00:00
2023-10-11,303.0,303.5,295.0,298.0,14115,298.0,2026-09-03T19:33:43.126372+00:00
2023-10-12,302.0,302.0,290.0,294.0,11830,294.0,2026-09-03T19:33:43.126372+00:00
2023-10-16,298.0,298.0,289.0,291.0,5641,291.0,2026-09-03T19:33:43.126372+00:00
2023-10-17,295.0,305.1,294.5,295.1,6277,295.1,2026-09-03T19:33:43.126372+00:00
2023-10-18,300.0,303.8,296.2,298.0,4688,298.0,2026-09-03T19:33:43.126372+00:00
2023-10-19,302.0,302.0,292.1,292.5,4499,292.5,2026-09-03T19:33:43.126372+00:00
2023-10-29,297.0,297.0,281.1,288.6,3915,288.6,2026-09-03T19:33:43.126372+00:00
2023-10-30,291.9,294.0,288.5,293.0,6753,293.0,2026-09-03T19:33:43.126372+00:00
2023-10-31,288.0,291.8,287.2,289.0,3072,289.0,2026-09-03T19:33:43.126372+00:00
2023-11-01,289.0,290.2,287.1,287.1,5667,287.1,2026-09-03T19:33:43.126372+00:00
2023-11-02,290.0,290.0,283.5,284.0,2656,284.0,2026-09-03T19:33:43.126372+00:00
2023-11-05,286.0,286.0,280.6,280.6,2904,280.6,2026-09-03T19:33:43.126372+00:00
2023-11-06,285.0,293.9,282.0,282.0,6684,282.0,2026-09-03T19:33:43.126372+00:00
2023-11-07,286.0,299.0,282.5,288.0,1275,288.0,2026-09-03T19:33:43.126372+00:00
2023-11-06,285.0,293.9,282.0,282.0,6684,282.0,2026-09-03T19:33:43.126372+00:00
2023-11-07,286.0,299.0,282.5,288.0,1275,288.0,2026-09-03T19:33:43.126372+00:00
2023-11-08,291.9,291.9,286.0,289.5,3131,289.5,2026-09-03T19:33:43.126372+00:00
2023-11-09,286.0,286.0,281.0,284.0,4767,284.0,2026-09-03T19:33:43.126372+00:00
2023-11-20,287.6,290.0,282.0,282.0,4627,282.0,2026-09-03T19:33:43.126372+00:00
2023-11-21,279.0,281.9,270.0,277.9,11132,277.9,2026-09-03T19:33:43.126372+00:00
2023-11-22,276.0,283.0,275.0,280.0,2881,280.0,2026-09-03T19:33:43.126372+00:00
2023-11-23,281.0,290.0,281.0,290.0,8090,290.0,2026-09-03T19:33:43.126372+00:00
2023-11-26,293.9,300.0,290.0,299.5,12528,299.5,2026-09-03T19:33:43.126372+00:00
2023-11-27,302.4,305.0,292.0,296.9,13357,296.9,2026-09-03T19:33:43.126372+00:00
2023-11-28,299.0,302.8,294.0,297.6,9595,297.6,2026-09-03T19:33:43.126372+00:00
2023-11-29,303.5,309.0,291.5,295.6,2606,295.6,2026-09-03T19:33:43.126372+00:00
2023-11-30,300.0,300.0,287.1,290.0,9410,290.0,2026-09-03T19:33:43.126372+00:00
2023-12-03,285.0,289.0,282.4,289.0,5651,289.0,2026-09-03T19:33:43.126372+00:00
2023-12-04,285.0,294.5,285.0,288.8,8063,288.8,2026-09-03T19:33:43.126372+00:00
2023-12-05,291.0,292.0,286.0,288.6,3371,288.6,2026-09-03T19:33:43.126372+00:00
2023-12-06,285.0,289.0,285.0,289.0,3565,289.0,2026-09-03T19:33:43.126372+00:00
2023-12-07,284.0,294.7,284.0,291.9,7210,291.9,2026-09-03T19:33:43.126372+00:00
2023-12-10,297.7,315.6,297.7,315.6,130,315.6,2026-09-03T19:33:43.126372+00:00
2023-12-11,321.9,328.3,304.8,308.3,21571,308.3,2026-09-03T19:33:43.126372+00:00
2023-12-12,313.8,326.0,308.0,323.0,25508,323.0,2026-09-03T19:33:43.126372+00:00
2023-12-13,323.4,330.0,313.6,320.0,28152,320.0,2026-09-03T19:33:43.126372+00:00
2023-12-14,313.7,320.0,313.7,318.5,9624,318.5,2026-09-03T19:33:43.126372+00:00
2023-12-17,312.2,330.0,306.1,330.0,21759,330.0,2026-09-03T19:33:43.126372+00:00
2023-12-18,336.5,349.8,329.0,336.0,58410,336.0,2026-09-03T19:33:43.126372+00:00
2023-12-19,339.8,339.8,321.0,337.0,34088,337.0,2026-09-03T19:33:43.126372+00:00
2023-12-20,342.5,350.5,330.0,333.0,30655,333.0,2026-09-03T19:33:43.126372+00:00
2023-12-21,330.0,334.0,322.1,324.0,28380,324.0,2026-09-03T19:33:43.126372+00:00
2023-12-24,321.2,334.5,315.2,320.0,24277,320.0,2026-09-03T19:33:43.126372+00:00
2023-12-27,325.0,326.4,311.0,313.0,18164,313.0,2026-09-03T19:33:43.126372+00:00
2023-12-28,316.0,322.0,311.1,314.0,22856,314.0,2026-09-03T19:33:43.126372+00:00
2024-01-01,320.2,326.0,311.0,316.9,25577,316.9,2026-09-03T19:33:43.126372+00:00
2024-01-02,319.0,319.0,307.6,307.7,12827,307.7,2026-09-03T19:33:43.126372+00:00
2024-01-03,313.0,316.0,307.0,314.0,11988,314.0,2026-09-03T19:33:43.126372+00:00
2024-01-04,319.0,319.0,307.4,308.0,16652,308.0,2026-09-03T19:33:43.126372+00:00
2024-01-07,303.0,313.5,303.0,305.0,15326,305.0,2026-09-03T19:33:43.126372+00:00
2024-01-08,305.2,316.0,304.0,316.0,36492,316.0,2026-09-03T19:33:43.126372+00:00
2024-01-09,320.0,335.4,316.1,331.0,68595,331.0,2026-09-03T19:33:43.126372+00:00
2024-01-10,337.0,340.0,325.0,325.0,43568,325.0,2026-09-03T19:33:43.126372+00:00
2024-01-11,329.0,332.0,320.0,332.0,31177,332.0,2026-09-03T19:33:43.126372+00:00
2024-01-14,332.0,344.0,330.0,343.7,41598,343.7,2026-09-03T19:33:43.126372+00:00
2024-01-16,345.0,356.5,345.0,353.0,56877,353.0,2026-09-03T19:33:43.126372+00:00
2024-01-17,358.0,362.0,338.0,341.0,106543,341.0,2026-09-03T19:33:43.126372+00:00
2024-01-18,337.0,344.0,332.0,334.9,54061,334.9,2026-09-03T19:33:43.126372+00:00
2024-01-21,330.0,340.0,325.1,325.9,48446,325.9,2026-09-03T19:33:43.126372+00:00
2024-01-22,331.3,334.5,320.5,323.1,31189,323.1,2026-09-03T19:33:43.126372+00:00
2024-01-23,323.0,337.0,318.7,323.0,13601,323.0,2026-09-03T19:33:43.126372+00:00
2024-01-24,329.0,330.0,318.6,320.0,18281,320.0,2026-09-03T19:33:43.126372+00:00
2024-01-25,316.2,325.0,316.2,320.0,31724,320.0,2026-09-03T19:33:43.126372+00:00
2024-01-28,326.4,329.0,319.6,326.0,9041,326.0,2026-09-03T19:33:43.126372+00:00
2024-01-29,329.0,335.5,323.0,325.0,20874,325.0,2026-09-03T19:33:43.126372+00:00
2024-01-30,329.9,332.0,321.0,327.4,17938,327.4,2026-09-03T19:33:43.126372+00:00
2024-01-31,322.0,353.0,322.0,329.0,78067,329.0,2026-09-03T19:33:43.126372+00:00
2024-02-01,329.0,346.0,329.0,338.0,142959,338.0,2026-09-03T19:33:43.126372+00:00
2024-02-04,333.0,348.9,333.0,342.9,55849,342.9,2026-09-03T19:33:43.126372+00:00
2024-02-05,337.9,348.9,337.9,339.0,39113,339.0,2026-09-03T19:33:43.126372+00:00
2024-02-06,338.1,342.9,337.4,338.1,14937,338.1,2026-09-03T19:33:43.126372+00:00
2024-02-07,343.0,343.0,335.3,340.0,24692,340.0,2026-09-03T19:33:43.126372+00:00
2024-02-08,337.0,339.1,334.0,335.0,23520,335.0,2026-09-03T19:33:43.126372+00:00
2024-02-11,339.0,345.0,334.6,334.7,28403,334.7,2026-09-03T19:33:43.126372+00:00
2024-02-12,328.1,341.9,328.1,340.0,16812,340.0,2026-09-03T19:33:43.126372+00:00
2024-02-13,335.0,341.0,330.0,332.0,36428,332.0,2026-09-03T19:33:43.126372+00:00
2024-02-14,335.0,365.2,334.0,365.2,297546,365.2,2026-09-03T19:33:43.126372+00:00
2024-02-15,372.0,376.0,350.9,356.0,149300,356.0,2026-09-03T19:33:43.126372+00:00
2024-02-18,363.1,363.1,340.2,345.0,65560,345.0,2026-09-03T19:33:43.126372+00:00
2024-02-20,345.0,365.0,343.6,352.0,83849,352.0,2026-09-03T19:33:43.126372+00:00
2024-02-21,359.0,359.0,348.0,348.0,37267,348.0,2026-09-03T19:33:43.126372+00:00
2024-02-22,353.5,369.9,348.0,354.0,135101,354.0,2026-09-03T19:33:43.126372+00:00
2024-02-25,361.0,375.0,351.0,365.4,152699,365.4,2026-09-03T19:33:43.126372+00:00
2024-02-26,365.0,374.9,354.8,360.0,53489,360.0,2026-09-03T19:33:43.126372+00:00
2024-02-27,366.0,366.0,354.0,357.9,23501,357.9,2026-09-03T19:33:43.126372+00:00
2024-02-28,357.9,362.0,347.5,353.0,30054,353.0,2026-09-03T19:33:43.126372+00:00
2024-02-29,358.7,358.7,336.1,337.0,72146,337.0,2026-09-03T19:33:43.126372+00:00
2024-03-03,332.5,344.0,331.0,336.0,34575,336.0,2026-09-03T19:33:43.126372+00:00
2024-03-04,342.7,363.5,342.7,356.4,8952,356.4,2026-09-03T19:33:43.126372+00:00
2024-03-05,363.5,363.5,338.0,343.0,57544,343.0,2026-09-03T19:33:43.126372+00:00
2024-03-06,345.0,356.9,337.2,349.9,70282,349.9,2026-09-03T19:33:43.126372+00:00
2024-03-07,356.7,363.0,351.0,357.0,60185,357.0,2026-09-03T19:33:43.126372+00:00
2024-03-10,357.1,369.2,357.1,362.5,49038,362.5,2026-09-03T19:33:43.126372+00:00
2024-03-12,367.1,370.0,360.0,369.0,52061,369.0,2026-09-03T19:33:43.126372+00:00
2024-03-13,372.0,387.0,364.2,379.0,122482,379.0,2026-09-03T19:33:43.126372+00:00
2024-03-14,386.5,390.9,376.0,377.0,101615,377.0,2026-09-03T19:33:43.126372+00:00
2024-03-17,384.5,384.5,369.0,373.0,51365,373.0,2026-09-03T19:33:43.126372+00:00
2024-03-18,370.1,379.9,370.0,375.0,63569,375.0,2026-09-03T19:33:43.126372+00:00
2024-03-19,382.5,404.9,380.0,395.0,241527,395.0,2026-09-03T19:33:43.126372+00:00
2024-03-20,395.0,400.0,380.1,381.0,74989,381.0,2026-09-03T19:33:43.126372+00:00
2024-03-21,385.0,408.0,380.0,398.0,154768,398.0,2026-09-03T19:33:43.126372+00:00
2024-03-25,397.0,400.0,387.0,390.0,59548,390.0,2026-09-03T19:33:43.126372+00:00
2024-03-26,385.0,397.8,385.0,390.2,42850,390.2,2026-09-03T19:33:43.126372+00:00
2024-03-27,382.4,397.0,379.0,380.7,74827,380.7,2026-09-03T19:33:43.126372+00:00
2024-03-28,377.3,390.0,375.0,384.9,42674,384.9,2026-09-03T19:33:43.126372+00:00
2024-03-31,385.0,391.9,381.0,383.0,44880,383.0,2026-09-03T19:33:43.126372+00:00
2024-04-01,382.0,385.0,375.0,375.0,30269,375.0,2026-09-03T19:33:43.126372+00:00
2024-04-02,379.9,380.0,370.0,370.0,28165,370.0,2026-09-03T19:33:43.126372+00:00
2024-04-03,377.0,377.0,367.0,371.0,24450,371.0,2026-09-03T19:33:43.126372+00:00
2024-04-04,375.0,397.0,366.4,385.0,89001,385.0,2026-09-03T19:33:43.126372+00:00
2024-04-07,392.7,423.5,385.0,423.5,213428,423.5,2026-09-03T19:33:43.126372+00:00
2024-04-09,431.9,465.8,431.9,465.8,333095,465.8,2026-09-03T19:33:43.126372+00:00
2024-04-10,475.0,481.0,439.1,448.9,212833,448.9,2026-09-03T19:33:43.126372+00:00
2024-04-14,448.9,468.0,437.1,452.0,96206,452.0,2026-09-03T19:33:43.126372+00:00
2024-04-15,461.0,475.0,451.0,453.7,124208,453.7,2026-09-03T19:33:43.126372+00:00
2024-04-16,450.0,461.0,441.0,444.0,76916,444.0,2026-09-03T19:33:43.126372+00:00
2024-04-18,435.2,458.0,427.1,441.0,93720,441.0,2026-09-03T19:33:43.126372+00:00
2024-04-21,441.0,450.0,426.0,445.0,86157,445.0,2026-09-03T19:33:43.126372+00:00
2024-04-22,440.0,449.8,430.0,432.0,50163,432.0,2026-09-03T19:33:43.126372+00:00
2024-04-24,439.0,470.0,433.1,456.9,125721,456.9,2026-09-03T19:33:43.126372+00:00
2024-04-25,460.0,477.8,458.3,463.0,129378,463.0,2026-09-03T19:33:43.126372+00:00
2024-04-28,466.1,490.5,460.0,489.8,140357,489.8,2026-09-03T19:33:43.126372+00:00
2024-04-29,490.0,538.7,475.0,538.7,284292,538.7,2026-09-03T19:33:43.126372+00:00
2024-04-30,549.4,590.0,544.1,563.9,219856,563.9,2026-09-03T19:33:43.126372+00:00
2024-05-02,564.0,582.0,552.0,561.5,185359,561.5,2026-09-03T19:33:43.126372+00:00
2024-05-05,572.7,595.0,550.3,552.0,222578,552.0,2026-09-03T19:33:43.126372+00:00
2024-05-06,563.0,563.0,500.0,520.0,206809,520.0,2026-09-03T19:33:43.126372+00:00
2024-05-07,510.0,528.0,495.0,500.0,83802,500.0,2026-09-03T19:33:43.126372+00:00
2024-05-08,507.9,550.0,492.0,533.0,94405,533.0,2026-09-03T19:33:43.126372+00:00
2024-05-09,534.0,560.0,534.0,548.0,309663,548.0,2026-09-03T19:33:43.126372+00:00
2024-05-12,558.9,560.0,531.0,532.0,104801,532.0,2026-09-03T19:33:43.126372+00:00
2024-05-13,527.0,542.0,527.0,532.6,68439,532.6,2026-09-03T19:33:43.126372+00:00
2024-05-14,522.0,542.0,522.0,535.0,106535,535.0,2026-09-03T19:33:43.126372+00:00
2024-05-15,531.0,552.3,531.0,541.8,202923,541.8,2026-09-03T19:33:43.126372+00:00
2024-05-16,531.0,550.0,519.5,519.5,116356,519.5,2026-09-03T19:33:43.126372+00:00
2024-05-19,515.0,535.0,505.2,511.0,144993,511.0,2026-09-03T19:33:43.126372+00:00
2024-05-20,501.2,511.0,492.0,493.3,137198,493.3,2026-09-03T19:33:43.126372+00:00
2024-05-21,487.1,535.0,487.1,530.0,81100,530.0,2026-09-03T19:33:43.126372+00:00
2024-05-22,539.0,539.9,511.0,513.0,85340,513.0,2026-09-03T19:33:43.126372+00:00
2024-05-26,508.1,519.0,506.0,508.0,37038,508.0,2026-09-03T19:33:43.126372+00:00
2024-05-27,501.0,518.0,501.0,512.4,44962,512.4,2026-09-03T19:33:43.126372+00:00
2024-05-29,512.4,519.0,505.2,506.0,71599,506.0,2026-09-03T19:33:43.126372+00:00
2024-05-30,510.0,556.6,506.1,556.6,358012,556.6,2026-09-03T19:33:43.126372+00:00
2024-06-02,567.7,612.2,552.0,600.0,382035,600.0,2026-09-03T19:33:43.126372+00:00
2024-06-03,588.0,624.2,583.0,583.0,168744,583.0,2026-09-03T19:33:43.126372+00:00
2024-06-04,594.0,630.0,579.2,607.7,213458,607.7,2026-09-03T19:33:43.126372+00:00
2024-06-05,600.2,619.8,600.2,601.1,122735,601.1,2026-09-03T19:33:43.126372+00:00
2024-06-06,600.0,610.0,583.2,583.2,96030,583.2,2026-09-03T19:33:43.126372+00:00
2024-06-09,583.2,599.7,578.0,582.0,133617,582.0,2026-09-03T19:33:43.126372+00:00
2024-06-10,593.6,604.0,579.1,585.1,49912,585.1,2026-09-03T19:33:43.126372+00:00
2024-06-11,596.0,606.0,590.0,598.0,74525,598.0,2026-09-03T19:33:43.126372+00:00
2024-06-12,609.9,609.9,590.1,597.9,69439,597.9,2026-09-03T19:33:43.126372+00:00
2024-06-13,609.8,619.9,597.7,601.0,470952,601.0,2026-09-03T19:33:43.126372+00:00
2024-06-16,609.0,661.1,596.0,661.1,479987,661.1,2026-09-03T19:33:43.126372+00:00
2024-06-18,665.0,678.0,657.0,658.4,95392,658.4,2026-09-03T19:33:43.126372+00:00
2024-06-19,671.5,724.2,657.0,724.2,285040,724.2,2026-09-03T19:33:43.126372+00:00
2024-06-20,738.6,779.9,715.0,760.4,94548,760.4,2026-09-03T19:33:43.126372+00:00
2024-06-23,775.6,836.4,766.0,836.4,168880,836.4,2026-09-03T19:33:43.126372+00:00
2024-06-24,853.1,920.0,848.0,920.0,103346,920.0,2026-09-03T19:33:43.126372+00:00
2024-06-25,938.4,990.0,938.4,940.2,100811,940.2,2026-09-03T19:33:43.126372+00:00
2024-06-26,921.4,1034.2,881.0,1033.0,174988,1033.0,2026-09-03T19:33:43.126372+00:00
2024-06-27,1012.4,1099.0,929.7,929.7,238041,929.7,2026-09-03T19:33:43.126372+00:00
2024-06-30,948.2,985.0,877.5,970.0,141937,970.0,2026-09-03T19:33:43.126372+00:00
2024-07-01,950.6,950.6,873.0,873.0,216843,873.0,2026-09-03T19:33:43.126372+00:00
2024-07-02,890.4,907.8,838.0,881.1,76251,881.1,2026-09-03T19:33:43.126372+00:00
2024-07-03,898.7,904.5,863.2,899.8,133584,899.8,2026-09-03T19:33:43.126372+00:00
2024-07-04,881.9,900.6,830.2,883.0,202888,883.0,2026-09-03T19:33:43.126372+00:00
2024-07-07,865.4,883.9,833.0,857.0,63953,857.0,2026-09-03T19:33:43.126372+00:00
2024-07-08,839.9,868.0,839.9,849.0,73523,849.0,2026-09-03T19:33:43.126372+00:00
2024-07-09,832.1,861.0,799.0,815.0,198696,815.0,2026-09-03T19:33:43.126372+00:00
2024-07-10,831.3,831.3,800.1,820.0,64118,820.0,2026-09-03T19:33:43.126372+00:00
2024-07-11,807.5,848.0,807.5,836.2,62616,836.2,2026-09-03T19:33:43.126372+00:00
2024-07-14,852.9,886.0,840.1,884.0,220911,884.0,2026-09-03T19:33:43.126372+00:00
2024-07-15,901.6,918.0,885.0,894.0,116790,894.0,2026-09-03T19:33:43.126372+00:00
2024-07-16,911.8,911.8,893.0,897.0,75644,897.0,2026-09-03T19:33:43.126372+00:00
2024-07-17,914.9,930.0,891.1,907.1,124718,907.1,2026-09-03T19:33:43.126372+00:00
2024-07-18,889.0,997.8,889.0,997.8,434129,997.8,2026-09-03T19:33:43.126372+00:00
2024-07-21,1017.7,1097.0,1017.7,1084.9,175396,1084.9,2026-09-03T19:33:43.126372+00:00
2024-07-22,1106.0,1189.0,1064.0,1180.0,158194,1180.0,2026-09-03T19:33:43.126372+00:00
2024-07-23,1156.4,1248.9,1130.0,1209.0,84896,1209.0,2026-09-03T19:33:43.126372+00:00
2024-07-24,1233.1,1309.9,1219.5,1270.0,125473,1270.0,2026-09-03T19:33:43.126372+00:00
2024-07-25,1295.4,1397.0,1270.1,1389.0,152769,1389.0,2026-09-03T19:33:43.126372+00:00
2024-07-28,1361.3,1527.9,1335.0,1484.0,115710,1484.0,2026-09-03T19:33:43.126372+00:00
2024-07-29,1513.6,1632.4,1470.0,1629.0,239152,1629.0,2026-09-03T19:33:43.126372+00:00
2024-07-30,1596.5,1791.9,1564.6,1791.7,219412,1791.7,2026-09-03T19:33:43.126372+00:00
2024-07-31,1755.9,1970.8,1687.0,1958.9,215179,1958.9,2026-09-03T19:33:43.126372+00:00
2024-08-01,1919.8,2154.7,1822.8,2154.0,213771,2154.0,2026-09-03T19:33:43.126372+00:00
2024-08-05,2111.0,2111.0,1938.6,1938.6,34044,1938.6,2026-09-03T19:33:43.126372+00:00
2024-08-06,1899.9,1899.9,1744.8,1744.8,7180,1744.8,2026-09-03T19:33:43.126372+00:00
2024-08-07,1710.0,1919.2,1570.4,1900.0,388707,1900.0,2026-09-03T19:33:43.126372+00:00
2024-08-08,1862.0,2090.0,1754.2,2049.0,210335,2049.0,2026-09-03T19:33:43.126372+00:00
2024-08-11,2008.1,2241.9,1844.1,2241.9,309658,2241.9,2026-09-03T19:33:43.126372+00:00
2024-08-12,2197.1,2466.0,2017.8,2418.0,397535,2418.0,2026-09-03T19:33:43.126372+00:00
2024-08-13,2369.7,2614.9,2176.2,2178.0,360943,2178.0,2026-09-03T19:33:43.126372+00:00
2024-08-14,2134.5,2348.0,2009.1,2300.0,293526,2300.0,2026-09-03T19:33:43.126372+00:00
2024-08-15,2254.0,2254.0,2070.0,2070.0,136848,2070.0,2026-09-03T19:33:43.126372+00:00
2024-08-18,2111.4,2111.4,1863.0,1863.0,137472,1863.0,2026-09-03T19:33:43.126372+00:00
2024-08-21,1825.8,2002.0,1690.0,1970.0,140889,1970.0,2026-09-03T19:33:43.126372+00:00
2024-08-22,1930.6,2035.3,1800.0,1936.0,91875,1936.0,2026-09-03T19:33:43.126372+00:00
2024-08-25,1897.3,2094.3,1756.2,2030.0,145828,2030.0,2026-09-03T19:33:43.126372+00:00
2024-08-27,1989.4,2111.0,1827.0,1827.0,218596,1827.0,2026-09-03T19:33:43.126372+00:00
2024-08-28,1790.5,1900.0,1719.9,1830.0,231936,1830.0,2026-09-03T19:33:43.126372+00:00
2024-08-29,1793.4,1930.0,1696.4,1900.0,192184,1900.0,2026-09-03T19:33:43.126372+00:00
2024-09-01,1862.0,1862.0,1719.0,1719.0,190703,1719.0,2026-09-03T19:33:43.126372+00:00
2024-09-02,1684.7,1807.0,1635.0,1794.0,137047,1794.0,2026-09-03T19:33:43.126372+00:00
2024-09-03,1758.2,1788.0,1614.6,1688.0,125424,1688.0,2026-09-03T19:33:43.126372+00:00
2024-09-04,1688.0,1826.3,1595.0,1650.0,181314,1650.0,2026-09-03T19:33:43.126372+00:00
2024-09-05,1650.0,1785.9,1503.0,1503.0,253776,1503.0,2026-09-03T19:33:43.126372+00:00
2024-09-08,1533.0,1625.0,1533.0,1582.0,121560,1582.0,2026-09-03T19:33:43.126372+00:00
2024-09-09,1582.0,1610.0,1500.0,1575.0,108672,1575.0,2026-09-03T19:33:43.126372+00:00
2024-09-10,1543.5,1605.0,1520.0,1558.0,79478,1558.0,2026-09-03T19:33:43.126372+00:00
2024-09-11,1558.0,1575.0,1519.1,1549.0,77411,1549.0,2026-09-03T19:33:43.126372+00:00
2024-09-12,1518.1,1583.0,1518.1,1578.9,81472,1578.9,2026-09-03T19:33:43.126372+00:00
2024-09-15,1578.9,1598.9,1480.0,1485.0,109826,1485.0,2026-09-03T19:33:43.126372+00:00
2024-09-16,1485.0,1498.0,1336.5,1360.0,151109,1360.0,2026-09-03T19:33:43.126372+00:00
2024-09-18,1333.0,1390.0,1260.0,1365.9,129412,1365.9,2026-09-03T19:33:43.126372+00:00
2024-09-22,1365.9,1393.0,1319.0,1351.0,95860,1351.0,2026-09-03T19:33:43.126372+00:00
2024-09-23,1324.0,1432.9,1215.9,1420.0,165540,1420.0,2026-09-03T19:33:43.126372+00:00
2024-09-24,1391.6,1391.6,1278.0,1295.9,83871,1295.9,2026-09-03T19:33:43.126372+00:00
2024-09-25,1270.0,1321.3,1222.0,1300.0,69230,1300.0,2026-09-03T19:33:43.126372+00:00
2024-09-26,1274.0,1351.3,1220.0,1258.9,106073,1258.9,2026-09-03T19:33:43.126372+00:00
2024-09-29,1233.8,1233.8,1168.0,1168.0,60894,1168.0,2026-09-03T19:33:43.126372+00:00
2024-09-30,1168.0,1223.0,1125.2,1219.8,109852,1219.8,2026-09-03T19:33:43.126372+00:00
2024-10-01,1195.5,1341.7,1172.0,1341.7,158747,1341.7,2026-09-03T19:33:43.126372+00:00
2024-10-02,1341.1,1425.0,1341.1,1387.9,149192,1387.9,2026-09-03T19:33:43.126372+00:00
2024-10-06,1415.6,1499.0,1341.0,1494.8,110551,1494.8,2026-09-03T19:33:43.126372+00:00
2024-10-07,1524.6,1559.0,1451.0,1534.0,154161,1534.0,2026-09-03T19:33:43.126372+00:00
2024-10-08,1504.6,1533.0,1380.6,1427.0,167598,1427.0,2026-09-03T19:33:43.126372+00:00
2024-10-09,1398.5,1569.7,1342.6,1390.0,156930,1390.0,2026-09-03T19:33:43.126372+00:00
2024-10-15,1363.0,1457.0,1363.0,1450.0,79604,1450.0,2026-09-03T19:33:43.126372+00:00
2024-10-16,1435.0,1469.8,1420.0,1445.5,105373,1445.5,2026-09-03T19:33:43.126372+00:00
2024-10-17,1416.6,1502.2,1388.3,1446.0,84658,1446.0,2026-09-03T19:33:43.126372+00:00
2024-10-20,1417.1,1417.1,1355.4,1383.9,94542,1383.9,2026-09-03T19:33:43.126372+00:00
2024-10-21,1356.3,1466.9,1334.0,1350.0,101843,1350.0,2026-09-03T19:33:43.126372+00:00
2024-10-22,1335.0,1393.0,1335.0,1393.0,37839,1393.0,2026-09-03T19:33:43.126372+00:00
2024-10-23,1365.2,1402.9,1313.2,1350.0,89357,1350.0,2026-09-03T19:33:43.126372+00:00
2024-10-24,1340.0,1340.0,1301.5,1318.9,64270,1318.9,2026-09-03T19:33:43.126372+00:00
2024-10-27,1292.6,1407.0,1266.8,1407.0,136239,1407.0,2026-09-03T19:33:43.126372+00:00
2024-10-28,1378.9,1518.9,1353.0,1400.0,240803,1400.0,2026-09-03T19:33:43.126372+00:00
2024-10-29,1405.0,1425.0,1385.0,1400.0,55200,1400.0,2026-09-03T19:33:43.126372+00:00
2024-10-30,1400.0,1500.0,1352.4,1500.0,120546,1500.0,2026-09-03T19:33:43.126372+00:00
2024-11-05,1470.0,1559.8,1357.3,1550.0,211611,1550.0,2026-09-03T19:33:43.126372+00:00
2024-11-06,1519.0,1519.0,1395.0,1421.9,252277,1421.9,2026-09-03T19:33:43.126372+00:00
2024-11-10,1393.5,1407.0,1345.1,1386.1,90027,1386.1,2026-09-03T19:33:43.126372+00:00
2024-11-11,1375.0,1400.0,1345.0,1352.0,72145,1352.0,2026-09-03T19:33:43.126372+00:00
2024-11-12,1379.0,1379.0,1328.1,1333.0,43778,1333.0,2026-09-03T19:33:43.126372+00:00
2024-11-13,1310.0,1409.0,1310.0,1391.8,103796,1391.8,2026-09-03T19:33:43.126372+00:00
2024-11-14,1390.0,1470.5,1372.1,1425.1,150623,1425.1,2026-09-03T19:33:43.126372+00:00
2024-11-17,1397.0,1477.0,1397.0,1459.9,158166,1459.9,2026-09-03T19:33:43.126372+00:00
2024-11-19,1489.0,1489.0,1401.5,1468.0,108584,1468.0,2026-09-03T19:33:43.126372+00:00
2024-11-20,1438.7,1518.9,1411.2,1483.9,158786,1483.9,2026-09-03T19:33:43.126372+00:00
2024-11-21,1454.3,1605.0,1401.6,1479.0,173118,1479.0,2026-09-03T19:33:43.126372+00:00
2024-11-24,1449.5,1450.0,1391.6,1400.0,60828,1400.0,2026-09-03T19:33:43.126372+00:00
2024-11-25,1428.0,1460.0,1378.7,1458.0,141654,1458.0,2026-09-03T19:33:43.126372+00:00
2024-11-26,1428.9,1581.0,1397.5,1550.0,319916,1550.0,2026-09-03T19:33:43.126372+00:00
2024-11-27,1519.0,1519.0,1395.0,1445.0,169404,1445.0,2026-09-03T19:33:43.126372+00:00
2024-11-28,1416.1,1500.0,1357.4,1500.0,211985,1500.0,2026-09-03T19:33:43.126372+00:00
2024-12-01,1470.0,1470.0,1350.0,1362.8,205384,1362.8,2026-09-03T19:33:43.126372+00:00
2024-12-02,1335.6,1499.0,1244.0,1244.0,456988,1244.0,2026-09-03T19:33:43.126372+00:00
2024-12-03,1219.2,1332.0,1219.2,1299.9,88916,1299.9,2026-09-03T19:33:43.126372+00:00
2024-12-04,1274.0,1300.5,1234.8,1244.0,139864,1244.0,2026-09-03T19:33:43.126372+00:00
2024-12-05,1244.0,1254.5,1132.0,1155.0,359392,1155.0,2026-09-03T19:33:43.126372+00:00
2024-12-08,1132.0,1195.4,1110.0,1195.4,138669,1195.4,2026-09-03T19:33:43.126372+00:00
2024-12-09,1171.5,1171.5,1135.0,1150.0,54612,1150.0,2026-09-03T19:33:43.126372+00:00
2024-12-10,1149.0,1150.0,1120.0,1125.0,50257,1125.0,2026-09-03T19:33:43.126372+00:00
2024-12-11,1125.0,1145.9,1115.0,1125.0,66790,1125.0,2026-09-03T19:33:43.126372+00:00
2024-12-12,1125.0,1137.9,1085.0,1087.0,83171,1087.0,2026-09-03T19:33:43.126372+00:00
2024-12-16,1087.0,1087.0,1000.0,1006.0,124614,1006.0,2026-09-03T19:33:43.126372+00:00
2024-12-17,1006.0,1076.8,979.1,1067.8,147391,1067.8,2026-09-03T19:33:43.126372+00:00
2024-12-18,1080.0,1130.0,1045.0,1116.2,96887,1116.2,2026-09-03T19:33:43.126372+00:00
2024-12-19,1116.2,1136.2,1070.0,1098.8,91973,1098.8,2026-09-03T19:33:43.126372+00:00
2024-12-22,1098.0,1100.0,1032.0,1055.0,78066,1055.0,2026-09-03T19:33:43.126372+00:00
2024-12-23,1042.0,1062.0,1025.0,1040.0,54724,1040.0,2026-09-03T19:33:43.126372+00:00
2024-12-24,1050.0,1080.0,1049.0,1074.9,89249,1074.9,2026-09-03T19:33:43.126372+00:00
2024-12-26,1053.5,1060.0,1017.0,1044.9,67567,1044.9,2026-09-03T19:33:43.126372+00:00
2024-12-29,1024.1,1040.0,998.0,1002.0,79167,1002.0,2026-09-03T19:33:43.126372+00:00
2024-12-31,1002.0,1002.0,902.0,974.9,189918,974.9,2026-09-03T19:33:43.126372+00:00
2025-01-01,970.0,1050.0,938.1,1032.9,84218,1032.9,2026-09-03T19:33:43.126372+00:00
2025-01-02,1053.5,1117.3,1000.0,1048.0,83497,1048.0,2026-09-03T19:33:43.126372+00:00
2025-01-05,1047.0,1065.0,988.0,990.0,113180,990.0,2026-09-03T19:33:43.126372+00:00
2025-01-06,989.0,1018.0,980.0,994.0,35094,994.0,2026-09-03T19:33:43.126372+00:00
2025-01-07,1008.0,1008.0,981.0,985.0,32695,985.0,2026-09-03T19:33:43.126372+00:00
2025-01-08,984.0,1051.0,984.0,1001.1,144984,1001.1,2026-09-03T19:33:43.126372+00:00
2025-01-09,1001.1,1009.9,975.0,978.0,91146,978.0,2026-09-03T19:33:43.126372+00:00
2025-01-12,980.0,994.0,950.6,957.0,59169,957.0,2026-09-03T19:33:43.126372+00:00
2025-01-13,957.0,967.0,915.0,917.0,98530,917.0,2026-09-03T19:33:43.126372+00:00
2025-01-15,918.0,918.0,850.0,851.0,165842,851.0,2026-09-03T19:33:43.126372+00:00
2025-01-16,868.0,868.0,800.1,803.0,162874,803.0,2026-09-03T19:33:43.126372+00:00
2025-01-19,787.0,824.9,771.3,797.0,84109,797.0,2026-09-03T19:33:43.126372+00:00
2025-01-20,805.0,805.0,740.0,740.0,109805,740.0,2026-09-03T19:33:43.126372+00:00
2025-01-21,745.0,794.0,741.0,755.0,91345,755.0,2026-09-03T19:33:43.126372+00:00
2025-01-22,770.1,785.0,755.4,781.0,70252,781.0,2026-09-03T19:33:43.126372+00:00
2025-01-23,766.0,790.0,742.0,743.0,77192,743.0,2026-09-03T19:33:43.126372+00:00
2025-01-26,743.0,750.0,670.4,682.0,169362,682.0,2026-09-03T19:33:43.126372+00:00
2025-01-27,668.4,743.0,655.0,729.0,138490,729.0,2026-09-03T19:33:43.126372+00:00
2025-01-28,715.0,742.5,703.0,715.0,63472,715.0,2026-09-03T19:33:43.126372+00:00
2025-02-02,720.0,723.0,700.0,710.0,88657,710.0,2026-09-03T19:33:43.126372+00:00
2025-02-03,700.0,731.3,700.0,720.0,82282,720.0,2026-09-03T19:33:43.126372+00:00
2025-02-04,725.0,729.0,700.0,703.0,37140,703.0,2026-09-03T19:33:43.126372+00:00
2025-02-05,710.0,737.0,696.0,721.0,86608,721.0,2026-09-03T19:33:43.126372+00:00
2025-02-06,735.0,775.0,729.0,751.0,134776,751.0,2026-09-03T19:33:43.126372+00:00
2025-02-09,751.0,757.3,735.0,737.0,64371,737.0,2026-09-03T19:33:43.126372+00:00
2025-02-10,751.0,751.0,725.2,730.0,41358,730.0,2026-09-03T19:33:43.126372+00:00
2025-02-11,722.3,749.7,715.0,717.9,50594,717.9,2026-09-03T19:33:43.126372+00:00
2025-02-12,732.0,744.0,711.0,732.0,47665,732.0,2026-09-03T19:33:43.126372+00:00
2025-02-13,746.6,753.7,718.0,736.2,68231,736.2,2026-09-03T19:33:43.126372+00:00
2025-02-16,749.0,809.8,749.0,809.8,184154,809.8,2026-09-03T19:33:43.126372+00:00
2025-02-17,825.0,857.7,825.0,838.0,169128,838.0,2026-09-03T19:33:43.126372+00:00
2025-02-18,854.0,854.6,790.2,803.8,103656,803.8,2026-09-03T19:33:43.126372+00:00
2025-02-20,800.0,830.0,787.8,807.0,75169,807.0,2026-09-03T19:33:43.126372+00:00
2025-02-23,790.9,823.0,777.0,795.3,60813,795.3,2026-09-03T19:33:43.126372+00:00
2025-02-24,810.0,816.0,786.0,789.0,51878,789.0,2026-09-03T19:33:43.126372+00:00
2025-02-25,800.0,803.0,775.0,780.1,38969,780.1,2026-09-03T19:33:43.126372+00:00
2025-02-27,795.7,805.0,777.0,780.0,40045,780.0,2026-09-03T19:33:43.126372+00:00
2025-03-02,795.6,820.0,793.0,816.0,69552,816.0,2026-09-03T19:33:43.126372+00:00
2025-03-03,830.0,859.6,816.0,816.0,84989,816.0,2026-09-03T19:33:43.126372+00:00
2025-03-04,823.3,829.9,795.0,797.2,65550,797.2,2026-09-03T19:33:43.126372+00:00
2025-03-05,805.0,805.0,783.0,785.2,36685,785.2,2026-09-03T19:33:43.126372+00:00
2025-03-06,786.0,796.0,779.0,781.0,45858,781.0,2026-09-03T19:33:43.126372+00:00
2025-03-09,782.0,789.8,760.0,761.0,49414,761.0,2026-09-03T19:33:43.126372+00:00
2025-03-10,775.0,775.0,744.9,744.9,45612,744.9,2026-09-03T19:33:43.126372+00:00
2025-03-11,745.0,760.0,726.0,734.0,45841,734.0,2026-09-03T19:33:43.126372+00:00
2025-03-12,735.3,744.5,730.0,734.9,30046,734.9,2026-09-03T19:33:43.126372+00:00
2025-03-16,735.0,745.0,720.2,724.5,31019,724.5,2026-09-03T19:33:43.126372+00:00
2025-03-17,725.0,742.0,720.3,724.0,20937,724.0,2026-09-03T19:33:43.126372+00:00
2025-03-18,738.0,738.0,720.0,723.0,17315,723.0,2026-09-03T19:33:43.126372+00:00
2025-03-19,717.0,731.3,710.0,717.0,23634,717.0,2026-09-03T19:33:43.126372+00:00
2025-03-20,728.9,728.9,701.0,703.26,30580,703.26,2026-09-03T19:33:43.126372+00:00
2025-03-23,710.0,715.0,675.0,680.47,49925,680.47,2026-09-03T19:33:43.126372+00:00
2025-03-24,684.0,706.0,665.0,703.95,43880,703.95,2026-09-03T19:33:43.126372+00:00
2025-03-25,704.0,707.0,677.0,679.26,25254,679.26,2026-09-03T19:33:43.126372+00:00
2025-03-26,691.9,699.9,680.0,685.88,12453,685.88,2026-09-03T19:33:43.126372+00:00
2025-03-27,698.0,698.0,687.1,690.65,21941,690.65,2026-09-03T19:33:43.126372+00:00
2025-03-30,690.0,719.9,685.0,710.21,32521,710.21,2026-09-03T19:33:43.126372+00:00
2025-04-01,712.0,718.9,695.0,699.56,18892,699.56,2026-09-03T19:33:43.126372+00:00
2025-04-02,699.0,739.0,692.0,722.96,49235,722.96,2026-09-03T19:33:43.126372+00:00
2025-04-03,723.0,730.0,705.1,708.24,17436,708.24,2026-09-03T19:33:43.126372+00:00
2025-04-07,712.0,714.8,689.0,690.2,29788,690.2,2026-09-03T19:33:43.126372+00:00
2025-04-08,690.0,697.8,680.3,693.64,14052,693.64,2026-09-03T19:33:43.126372+00:00
2025-04-09,698.0,707.0,690.0,691.4,12323,691.4,2026-09-03T19:33:43.126372+00:00
2025-04-10,705.0,705.0,685.0,687.75,15727,687.75,2026-09-03T19:33:43.126372+00:00
2025-04-13,688.0,699.5,680.4,683.04,13196,683.04,2026-09-03T19:33:43.126372+00:00
2025-04-15,690.0,702.0,690.0,692.49,13883,692.49,2026-09-03T19:33:43.126372+00:00
2025-04-16,704.0,704.0,685.0,685.74,17222,685.74,2026-09-03T19:33:43.126372+00:00
2025-04-17,690.0,701.0,687.0,695.98,31686,695.98,2026-09-03T19:33:43.126372+00:00
2025-04-20,699.0,699.0,681.0,686.21,14728,686.21,2026-09-03T19:33:43.126372+00:00
2025-04-21,688.0,690.0,672.0,678.01,26676,678.01,2026-09-03T19:33:43.126372+00:00
2025-04-22,688.0,690.0,672.2,673.47,18828,673.47,2026-09-03T19:33:43.126372+00:00
2025-04-23,686.9,686.9,663.0,665.88,19147,665.88,2026-09-03T19:33:43.126372+00:00
2025-04-24,670.0,683.0,663.5,665.8,17296,665.8,2026-09-03T19:33:43.126372+00:00
2025-04-27,658.0,678.0,655.0,657.36,29907,657.36,2026-09-03T19:33:43.126372+00:00
2025-04-28,660.0,675.0,657.0,665.56,32548,665.56,2026-09-03T19:33:43.126372+00:00
2025-04-29,674.0,675.0,655.0,655.6,16659,655.6,2026-09-03T19:33:43.126372+00:00
2025-04-30,654.0,660.0,636.5,642.74,28346,642.74,2026-09-03T19:33:43.126372+00:00
2025-05-04,654.0,654.0,624.0,625.17,27866,625.17,2026-09-03T19:33:43.126372+00:00
2025-05-05,629.0,629.0,605.0,607.43,34272,607.43,2026-09-03T19:33:43.126372+00:00
2025-05-06,608.0,610.8,590.0,590.98,40934,590.98,2026-09-03T19:33:43.126372+00:00
2025-05-07,590.0,644.0,576.0,637.71,50556,637.71,2026-09-03T19:33:43.126372+00:00
2025-05-08,640.0,681.0,625.0,657.12,62391,657.12,2026-09-03T19:33:43.126372+00:00
2025-05-11,657.0,669.9,635.0,637.69,31827,637.69,2026-09-03T19:33:43.126372+00:00
2025-05-13,640.0,648.0,615.0,621.8,25390,621.8,2026-09-03T19:33:43.126372+00:00
2025-05-14,634.1,634.1,614.0,615.24,19365,615.24,2026-09-03T19:33:43.126372+00:00
2025-05-15,625.9,625.9,605.0,609.29,20970,609.29,2026-09-03T19:33:43.126372+00:00
2025-05-18,619.8,619.8,602.0,602.52,21796,602.52,2026-09-03T19:33:43.126372+00:00
2025-05-19,614.0,620.0,604.0,608.01,15738,608.01,2026-09-03T19:33:43.126372+00:00
2025-05-20,610.0,635.8,602.2,629.41,27174,629.41,2026-09-03T19:33:43.126372+00:00
2025-05-21,641.9,679.0,630.0,632.76,46613,632.76,2026-09-03T19:33:43.126372+00:00
2025-05-22,630.0,642.0,625.0,627.87,21139,627.87,2026-09-03T19:33:43.126372+00:00
2025-05-25,640.4,640.4,623.3,624.35,13357,624.35,2026-09-03T19:33:43.126372+00:00
2025-05-26,636.8,651.0,617.4,619.84,28004,619.84,2026-09-03T19:33:43.126372+00:00
2025-05-27,618.0,625.0,617.0,619.9,9604,619.9,2026-09-03T19:33:43.126372+00:00
2025-05-28,620.0,626.0,613.5,622.36,12897,622.36,2026-09-03T19:33:43.126372+00:00
2025-06-02,634.8,641.0,621.4,623.21,12827,623.21,2026-09-03T19:33:43.126372+00:00
2025-06-03,628.5,635.0,618.0,620.97,16177,620.97,2026-09-03T19:33:43.126372+00:00
2025-06-04,631.9,631.9,608.9,612.22,14490,612.22,2026-09-03T19:33:43.126372+00:00
2025-06-05,624.0,628.9,610.0,611.87,13293,611.87,2026-09-03T19:33:43.126372+00:00
2025-06-08,622.0,624.0,605.0,606.67,15950,606.67,2026-09-03T19:33:43.126372+00:00
2025-06-09,612.0,614.0,605.0,605.21,13496,605.21,2026-09-03T19:33:43.126372+00:00
2025-06-10,612.0,635.0,610.0,630.55,47781,630.55,2026-09-03T19:33:43.126372+00:00
2025-06-11,640.0,643.0,615.0,617.4,28302,617.4,2026-09-03T19:33:43.126372+00:00
2025-06-12,627.0,675.0,618.0,648.11,80010,648.11,2026-09-03T19:33:43.126372+00:00
2025-06-15,661.0,661.0,644.0,645.03,24540,645.03,2026-09-03T19:33:43.126372+00:00
2025-06-16,640.0,645.0,626.0,633.08,25985,633.08,2026-09-03T19:33:43.126372+00:00
2025-06-17,644.9,644.9,622.0,627.02,16509,627.02,2026-09-03T19:33:43.126372+00:00
2025-06-18,627.0,635.0,620.0,620.96,16416,620.96,2026-09-03T19:33:43.126372+00:00
2025-06-19,618.0,626.0,613.1,614.92,21688,614.92,2026-09-03T19:33:43.126372+00:00
2025-06-22,614.2,619.0,611.0,611.94,15687,611.94,2026-09-03T19:33:43.126372+00:00
2025-06-23,610.0,619.0,608.0,612.47,17819,612.47,2026-09-03T19:33:43.126372+00:00
2025-06-24,616.0,620.9,608.0,608.17,11842,608.17,2026-09-03T19:33:43.126372+00:00
2025-06-25,608.0,617.9,602.0,605.34,16227,605.34,2026-09-03T19:33:43.126372+00:00
2025-06-26,603.0,624.0,603.0,605.1,24934,605.1,2026-09-03T19:33:43.126372+00:00
2025-06-29,615.0,615.0,600.0,605.91,21997,605.91,2026-09-03T19:33:43.126372+00:00
2025-06-30,607.0,620.0,607.0,609.77,16946,609.77,2026-09-03T19:33:43.126372+00:00
2025-07-01,618.0,618.0,610.0,613.89,14038,613.89,2026-09-03T19:33:43.126372+00:00
2025-07-02,617.0,634.9,610.2,631.18,43499,631.18,2026-09-03T19:33:43.126372+00:00
2025-07-03,640.0,694.2,625.0,694.2,147307,694.2,2026-09-03T19:33:43.126372+00:00
2025-07-06,708.0,763.6,708.0,763.6,156869,763.6,2026-09-03T19:33:43.126372+00:00
2025-07-07,778.8,790.0,700.1,722.41,205841,722.41,2026-09-03T19:33:43.126372+00:00
2025-07-08,722.0,740.5,707.6,733.72,67045,733.72,2026-09-03T19:33:43.126372+00:00
2025-07-09,735.0,745.0,722.0,729.5,38322,729.5,2026-09-03T19:33:43.126372+00:00
2025-07-10,730.1,758.0,721.8,734.02,47796,734.02,2026-09-03T19:33:43.126372+00:00
2025-07-13,748.7,778.0,741.2,748.0,58532,748.0,2026-09-03T19:33:43.126372+00:00
2025-07-14,750.0,750.0,725.1,729.4,24547,729.4,2026-09-03T19:33:43.126372+00:00
2025-07-15,722.0,746.0,722.0,735.73,39042,735.73,2026-09-03T19:33:43.126372+00:00
2025-07-16,745.0,753.5,740.0,741.37,34643,741.37,2026-09-03T19:33:43.126372+00:00
2025-07-17,754.0,758.0,744.0,753.17,53341,753.17,2026-09-03T19:33:43.126372+00:00
2025-07-20,768.0,768.0,725.3,732.64,73718,732.64,2026-09-03T19:33:43.126372+00:00
2025-07-21,746.0,747.0,710.0,724.33,57341,724.33,2026-09-03T19:33:43.126372+00:00
2025-07-22,738.8,738.8,710.5,730.29,55342,730.29,2026-09-03T19:33:43.126372+00:00
2025-07-23,744.8,764.0,725.2,754.84,87938,754.84,2026-09-03T19:33:43.126372+00:00
2025-07-24,769.9,769.9,741.0,746.45,41367,746.45,2026-09-03T19:33:43.126372+00:00
2025-07-27,761.0,761.0,721.0,726.24,55441,726.24,2026-09-03T19:33:43.126372+00:00
2025-07-28,726.0,742.0,711.8,732.8,43191,732.8,2026-09-03T19:33:43.126372+00:00
2025-07-29,747.0,747.0,727.6,729.27,29839,729.27,2026-09-03T19:33:43.126372+00:00
2025-07-30,731.0,740.0,715.0,716.58,47021,716.58,2026-09-03T19:33:43.126372+00:00
2025-07-31,718.0,788.2,715.5,788.19,242942,788.19,2026-09-03T19:33:43.126372+00:00
2025-08-03,803.9,851.0,789.0,792.9,225063,792.9,2026-09-03T19:33:43.126372+00:00
2025-08-04,795.0,800.0,758.0,765.29,119695,765.29,2026-09-03T19:33:43.126372+00:00
2025-08-05,774.9,774.9,743.3,744.29,33949,744.29,2026-09-03T19:33:43.126372+00:00
2025-08-06,759.0,759.0,729.3,730.71,30284,730.71,2026-09-03T19:33:43.126372+00:00
2025-08-07,745.0,745.3,731.4,737.61,39494,737.61,2026-09-03T19:33:43.126372+00:00
2025-08-11,735.0,749.0,717.5,721.53,50160,721.53,2026-09-03T19:33:43.126372+00:00
2025-08-12,735.9,735.9,718.0,720.08,26904,720.08,2026-09-03T19:33:43.126372+00:00
2025-08-13,718.0,763.9,718.0,731.03,43683,731.03,2026-09-03T19:33:43.126372+00:00
2025-08-14,745.0,745.0,721.0,724.62,26840,724.62,2026-09-03T19:33:43.126372+00:00
2025-08-17,720.0,731.8,718.0,720.25,28707,720.25,2026-09-03T19:33:43.126372+00:00
2025-08-18,725.0,744.6,723.0,723.52,32239,723.52,2026-09-03T19:33:43.126372+00:00
2025-08-19,737.7,737.7,715.0,718.48,18973,718.48,2026-09-03T19:33:43.126372+00:00
2025-08-20,719.0,727.9,715.1,716.25,22578,716.25,2026-09-03T19:33:43.126372+00:00
2025-08-21,724.0,724.0,703.1,706.77,30367,706.77,2026-09-03T19:33:43.126372+00:00
2025-08-24,707.8,714.5,685.0,686.81,38769,686.81,2026-09-03T19:33:43.126372+00:00
2025-08-25,700.0,700.0,673.1,680.53,22304,680.53,2026-09-03T19:33:43.126372+00:00
2025-08-26,668.0,693.0,668.0,674.95,10253,674.95,2026-09-03T19:33:43.126372+00:00
2025-08-27,686.0,703.0,679.0,694.91,24771,694.91,2026-09-03T19:33:43.126372+00:00
2025-08-28,700.0,701.0,680.0,681.75,23492,681.75,2026-09-03T19:33:43.126372+00:00
2025-08-31,679.0,686.7,666.0,667.38,17023,667.38,2026-09-03T19:33:43.126372+00:00
2025-09-01,680.0,680.0,663.0,665.16,14157,665.16,2026-09-03T19:33:43.126372+00:00
2025-09-02,657.0,670.0,657.0,662.3,12071,662.3,2026-09-03T19:33:43.126372+00:00
2025-09-03,665.0,670.0,653.0,654.57,9069,654.57,2026-09-03T19:33:43.126372+00:00
2025-09-04,650.0,660.0,638.0,639.71,21551,639.71,2026-09-03T19:33:43.126372+00:00
2025-09-07,635.0,647.7,622.0,643.13,12558,643.13,2026-09-03T19:33:43.126372+00:00
2025-09-08,632.4,645.0,631.0,632.92,14762,632.92,2026-09-03T19:33:43.126372+00:00
2025-09-18,633.0,633.0,603.0,605.0,515,605.0,2026-09-03T19:33:43.126372+00:00
2025-09-21,605.0,664.9,600.0,660.01,32534,660.01,2026-09-03T19:33:43.126372+00:00
2025-09-23,655.0,683.0,650.0,671.0,21574,671.0,2026-09-03T19:33:43.126372+00:00
2025-09-24,666.0,672.9,650.0,655.0,7686,655.0,2026-09-03T19:33:43.126372+00:00
2025-09-25,650.0,662.4,637.0,646.0,13732,646.0,2026-09-03T19:33:43.126372+00:00
2025-09-28,646.2,660.0,646.2,647.4,7844,647.4,2026-09-03T19:33:43.126372+00:00
2025-10-07,660.0,660.0,628.1,639.0,11647,639.0,2026-09-03T19:33:43.126372+00:00
2025-10-08,631.1,636.0,605.9,626.0,22957,626.0,2026-09-03T19:33:43.126372+00:00
2025-10-09,638.5,660.9,631.5,633.0,19500,633.0,2026-09-03T19:33:43.126372+00:00
2025-10-12,621.0,624.0,608.0,615.1,25616,615.1,2026-09-03T19:33:43.126372+00:00
2025-10-13,608.0,627.4,608.0,626.0,13552,626.0,2026-09-03T19:33:43.126372+00:00
2025-10-14,623.0,629.0,614.0,614.0,7685,614.0,2026-09-03T19:33:43.126372+00:00
2025-10-15,611.1,619.0,605.2,608.0,10755,608.0,2026-09-03T19:33:43.126372+00:00
2025-10-16,614.9,614.9,606.0,609.0,12968,609.0,2026-09-03T19:33:43.126372+00:00
2025-10-19,619.9,619.9,605.0,610.0,6990,610.0,2026-09-03T19:33:43.126372+00:00
2025-10-26,605.0,610.0,600.3,609.0,3793,609.0,2026-09-03T19:33:43.126372+00:00
2025-10-28,616.7,640.5,616.7,631.3,11692,631.3,2026-09-03T19:33:43.126372+00:00
2025-10-29,641.0,655.0,621.0,629.0,15435,629.0,2026-09-03T19:33:43.126372+00:00
2025-10-30,640.0,652.0,625.3,638.1,16907,638.1,2026-09-03T19:33:43.126372+00:00
2025-11-02,640.0,665.0,640.0,657.5,29790,657.5,2026-09-03T19:33:43.126372+00:00
2025-11-03,662.0,670.0,650.0,652.0,11026,652.0,2026-09-03T19:33:43.126372+00:00
2025-11-04,645.0,669.0,639.0,639.0,19137,639.0,2026-09-03T19:33:43.126372+00:00
2025-11-05,651.0,698.0,637.0,698.0,88917,698.0,2026-09-03T19:33:43.126372+00:00
2025-11-06,709.0,725.0,699.0,710.0,88804,710.0,2026-09-03T19:33:43.126372+00:00
2025-11-09,695.8,707.0,660.0,662.0,80662,662.0,2026-09-03T19:33:43.126372+00:00
2025-11-10,669.0,669.0,640.0,650.0,35104,650.0,2026-09-03T19:33:43.126372+00:00
2025-11-11,662.8,662.8,641.0,644.5,18402,644.5,2026-09-03T19:33:43.126372+00:00
2025-11-12,644.5,668.0,636.0,641.9,19196,641.9,2026-09-03T19:33:43.126372+00:00
2025-11-13,629.1,653.9,629.1,643.0,24419,643.0,2026-09-03T19:33:43.126372+00:00
2025-11-16,650.0,675.0,640.0,640.0,23019,640.0,2026-09-03T19:33:43.126372+00:00
2025-11-17,652.0,666.0,638.0,664.0,33133,664.0,2026-09-03T19:33:43.126372+00:00
2025-11-18,669.0,677.0,658.0,670.4,37683,670.4,2026-09-03T19:33:43.126372+00:00
2025-11-19,671.0,677.0,648.0,659.9,23389,659.9,2026-09-03T19:33:43.126372+00:00
2025-11-20,646.8,659.0,638.0,640.0,35419,640.0,2026-09-03T19:33:43.126372+00:00
2025-11-23,652.0,660.0,640.0,644.5,25648,644.5,2026-09-03T19:33:43.126372+00:00
2025-11-24,655.0,657.3,648.1,653.0,16028,653.0,2026-09-03T19:33:43.126372+00:00
2025-11-25,665.0,665.0,650.0,650.0,14704,650.0,2026-09-03T19:33:43.126372+00:00
2025-11-26,650.0,659.9,649.0,650.0,14397,650.0,2026-09-03T19:33:43.126372+00:00
2025-11-27,646.3,654.9,644.0,648.0,13033,648.0,2026-09-03T19:33:43.126372+00:00
2025-11-30,650.0,653.0,638.0,638.3,16859,638.3,2026-09-03T19:33:43.126372+00:00
2025-12-01,633.6,650.0,633.6,639.3,16165,639.3,2026-09-03T19:33:43.126372+00:00
2025-12-02,648.0,651.9,639.0,640.0,15285,640.0,2026-09-03T19:33:43.126372+00:00
2025-12-03,640.9,662.0,640.9,642.3,24623,642.3,2026-09-03T19:33:43.126372+00:00
2025-12-07,643.0,645.0,638.0,638.5,6097,638.5,2026-09-03T19:33:43.126372+00:00
2025-12-08,633.0,644.0,630.0,631.0,13332,631.0,2026-09-03T19:33:43.126372+00:00
2025-12-09,632.0,642.0,631.0,632.0,8671,632.0,2026-09-03T19:33:43.126372+00:00
2025-12-10,642.0,642.0,630.1,635.0,10058,635.0,2026-09-03T19:33:43.126372+00:00
2025-12-11,630.0,640.0,625.0,627.9,11882,627.9,2026-09-03T19:33:43.126372+00:00
2025-12-14,625.0,632.0,616.0,623.0,14180,623.0,2026-09-03T19:33:43.126372+00:00
2025-12-15,620.0,629.7,615.0,624.0,13617,624.0,2026-09-03T19:33:43.126372+00:00
2025-12-16,621.1,629.9,621.1,623.0,8584,623.0,2026-09-03T19:33:43.126372+00:00
2025-12-17,631.5,639.0,624.1,633.1,14965,633.1,2026-09-03T19:33:43.126372+00:00
2025-12-18,644.8,644.8,631.0,631.0,9768,631.0,2026-09-03T19:33:43.126372+00:00
2025-12-21,630.0,630.6,618.0,623.5,10794,623.5,2026-09-03T19:33:43.126372+00:00
2025-12-22,617.0,625.0,612.9,614.0,13704,614.0,2026-09-03T19:33:43.126372+00:00
2025-12-23,614.0,622.5,610.3,617.9,6312,617.9,2026-09-03T19:33:43.126372+00:00
2025-12-24,618.0,622.0,612.2,612.3,6913,612.3,2026-09-03T19:33:43.126372+00:00
2025-12-28,623.9,632.0,616.0,624.0,11812,624.0,2026-09-03T19:33:43.126372+00:00
2025-12-29,636.0,647.0,626.2,628.2,21522,628.2,2026-09-03T19:33:43.126372+00:00
2025-12-31,632.0,638.8,619.5,619.5,32471,619.5,2026-09-03T19:33:43.126372+00:00
2026-01-01,619.5,630.0,618.0,618.0,8455,618.0,2026-09-03T19:33:43.126372+00:00
2026-01-04,612.0,626.9,610.2,618.0,16896,618.0,2026-09-03T19:33:43.126372+00:00
2026-01-05,618.0,632.0,618.0,632.0,24366,632.0,2026-09-03T19:33:43.126372+00:00
2026-01-06,640.4,644.0,633.2,639.0,33362,639.0,2026-09-03T19:33:43.126372+00:00
2026-01-07,632.1,650.0,632.1,636.1,32523,636.1,2026-09-03T19:33:43.126372+00:00
2026-01-08,626.8,642.0,626.8,630.0,23575,630.0,2026-09-03T19:33:43.126372+00:00
2026-01-12,642.0,642.4,623.1,628.0,21925,628.0,2026-09-03T19:33:43.126372+00:00
2026-01-13,628.0,628.0,620.1,625.5,17189,625.5,2026-09-03T19:33:43.126372+00:00
2026-01-14,625.1,639.9,623.3,630.0,30244,630.0,2026-09-03T19:33:43.126372+00:00
2026-01-18,636.0,666.3,635.0,658.1,81414,658.1,2026-09-03T19:33:43.126372+00:00
2026-01-20,661.0,682.0,660.0,667.0,66994,667.0,2026-09-03T19:33:43.126372+00:00
2026-01-21,667.0,678.0,655.0,659.9,32446,659.9,2026-09-03T19:33:43.126372+00:00
2026-01-22,647.0,683.0,647.0,675.8,66136,675.8,2026-09-03T19:33:43.126372+00:00
2026-01-25,662.3,696.0,662.3,680.3,53434,680.3,2026-09-03T19:33:43.126372+00:00
2026-01-26,693.0,693.0,661.5,676.0,44522,676.0,2026-09-03T19:33:43.126372+00:00
2026-01-27,662.5,688.5,655.0,657.0,42506,657.0,2026-09-03T19:33:43.126372+00:00
2026-01-28,643.9,679.2,643.9,666.0,50784,666.0,2026-09-03T19:33:43.126372+00:00
2026-01-29,673.0,673.0,653.0,653.5,37124,653.5,2026-09-03T19:33:43.126372+00:00
2026-02-01,645.5,658.0,645.4,647.0,14489,647.0,2026-09-03T19:33:43.126372+00:00
2026-02-02,641.0,657.9,641.0,647.9,13336,647.9,2026-09-03T19:33:43.126372+00:00
2026-02-03,640.0,652.1,635.0,644.9,25976,644.9,2026-09-03T19:33:43.126372+00:00
2026-02-04,633.1,682.0,633.1,666.0,116042,666.0,2026-09-03T19:33:43.126372+00:00
2026-02-05,675.0,676.0,656.6,659.0,20889,659.0,2026-09-03T19:33:43.126372+00:00
2026-02-08,659.0,672.0,654.0,660.0,40594,660.0,2026-09-03T19:33:43.126372+00:00
2026-02-09,655.5,660.5,638.0,640.0,30761,640.0,2026-09-03T19:33:43.126372+00:00
2026-02-10,630.0,650.0,630.0,638.0,18788,638.0,2026-09-03T19:33:43.126372+00:00
2026-02-11,650.7,650.7,632.0,635.0,14342,635.0,2026-09-03T19:33:43.126372+00:00
2026-02-12,635.1,640.0,630.4,632.0,21794,632.0,2026-09-03T19:33:43.126372+00:00
2026-02-16,643.0,643.0,628.0,629.9,17480,629.9,2026-09-03T19:33:43.126372+00:00
2026-02-17,630.2,637.0,620.1,625.0,15799,625.0,2026-09-03T19:33:43.126372+00:00
2026-02-22,625.0,628.0,617.0,619.3,18797,619.3,2026-09-03T19:33:43.126372+00:00
2026-02-23,625.0,625.0,618.0,622.9,11651,622.9,2026-09-03T19:33:43.126372+00:00
2026-02-24,625.8,625.8,620.0,625.0,9210,625.0,2026-09-03T19:33:43.126372+00:00
2026-02-25,622.0,631.8,622.0,627.0,8623,627.0,2026-09-03T19:33:43.126372+00:00
2026-02-26,618.0,638.0,618.0,626.0,11967,626.0,2026-09-03T19:33:43.126372+00:00
2026-03-01,615.0,638.0,615.0,637.9,19480,637.9,2026-09-03T19:33:43.126372+00:00
2026-03-03,630.1,649.0,630.1,644.0,11221,644.0,2026-09-03T19:33:43.126372+00:00
2026-03-09,656.8,696.0,656.8,695.0,1120,695.0,2026-09-03T19:33:43.126372+00:00
2026-03-10,708.0,708.0,666.6,671.0,53356,671.0,2026-09-03T19:33:43.126372+00:00
2026-03-11,663.0,679.0,653.0,657.9,22557,657.9,2026-09-03T19:33:43.126372+00:00
2026-03-12,644.8,666.0,644.8,659.0,19066,659.0,2026-09-03T19:33:43.126372+00:00
2026-03-15,671.0,671.0,650.0,656.0,13877,656.0,2026-09-03T19:33:43.126372+00:00
2026-03-16,645.0,664.9,645.0,653.9,10933,653.9,2026-09-03T19:33:43.126372+00:00
2026-03-17,640.9,657.0,640.9,653.9,13128,653.9,2026-09-03T19:33:43.126372+00:00
2026-03-19,660.0,668.0,655.0,663.0,29626,663.0,2026-09-03T19:33:43.126372+00:00
2026-03-22,674.5,684.0,665.1,684.0,50988,684.0,2026-09-03T19:33:43.126372+00:00
2026-03-23,684.0,684.0,670.0,676.4,24239,676.4,2026-09-03T19:33:43.126372+00:00
2026-03-24,670.0,682.9,666.6,666.6,25069,666.6,2026-09-03T19:33:43.126372+00:00
2026-03-25,671.7,673.0,660.0,661.0,18479,661.0,2026-09-03T19:33:43.126372+00:00
2026-03-26,666.6,667.0,659.0,663.0,21782,663.0,2026-09-03T19:33:43.126372+00:00
2026-03-29,664.0,665.0,646.0,646.0,24651,646.0,2026-09-03T19:33:43.126372+00:00
2026-03-30,650.0,653.0,630.0,635.0,20300,635.0,2026-09-03T19:33:43.126372+00:00
2026-03-31,625.2,647.0,625.2,635.0,13628,635.0,2026-09-03T19:33:43.126372+00:00
2026-04-01,645.0,647.7,613.0,617.0,28961,617.0,2026-09-03T19:33:43.126372+00:00
2026-04-02,617.0,629.9,610.0,617.0,20328,617.0,2026-09-03T19:33:43.126372+00:00
2026-04-05,608.0,619.0,590.0,590.0,39752,590.0,2026-09-03T19:33:43.126372+00:00
2026-04-06,590.0,614.0,590.0,610.0,21543,610.0,2026-09-03T19:33:43.126372+00:00
2026-04-07,618.0,619.0,605.0,606.0,20018,606.0,2026-09-03T19:33:43.126372+00:00
2026-04-08,612.0,619.0,607.4,619.0,11317,619.0,2026-09-03T19:33:43.126372+00:00
2026-04-09,615.5,627.9,615.0,625.0,16277,625.0,2026-09-03T19:33:43.126372+00:00
2026-04-10,631.0,631.0,610.0,619.7,18294,619.7,2026-09-03T19:33:43.126372+00:00
2026-04-13,626.0,626.0,615.0,617.0,9531,617.0,2026-09-03T19:33:43.126372+00:00
2026-04-15,617.0,630.0,617.0,625.5,12706,625.5,2026-09-03T19:33:43.126372+00:00
2026-04-16,625.0,625.0,615.0,616.6,9847,616.6,2026-09-03T19:33:43.126372+00:00
2026-04-17,612.2,617.7,610.0,614.0,14147,614.0,2026-09-03T19:33:43.126372+00:00
2026-04-20,609.0,614.0,607.0,611.1,7650,611.1,2026-09-03T19:33:43.126372+00:00
2026-04-21,612.0,614.0,605.0,605.1,8532,605.1,2026-09-03T19:33:43.126372+00:00
2026-04-22,603.1,610.0,596.1,603.1,30009,603.1,2026-09-03T19:33:43.126372+00:00
2026-04-23,609.8,609.8,596.0,596.0,19043,596.0,2026-09-03T19:33:43.126372+00:00
2026-04-24,596.0,600.0,590.0,591.5,11027,591.5,2026-09-03T19:33:43.126372+00:00
2026-04-27,591.5,600.0,593.6,596.0,7641,596.0,2026-09-03T19:33:43.126372+00:00
2026-04-28,596.0,599.9,590.0,594.0,14497,594.0,2026-09-03T19:33:43.126372+00:00
2026-04-29,594.0,594.0,588.0,588.3,7845,588.3,2026-09-03T19:33:43.126372+00:00
2026-04-30,588.0,590.0,576.0,582.0,14499,582.0,2026-09-03T19:33:43.126372+00:00
2026-05-04,594.0,594.0,563.0,567.0,15247,567.0,2026-09-03T19:33:43.126372+00:00
2026-05-05,565.1,569.0,555.0,563.0,7586,563.0,2026-09-03T19:33:43.126372+00:00
2026-05-06,560.0,571.0,555.0,565.0,6331,565.0,2026-09-03T19:33:43.126372+00:00
2026-05-07,562.0,570.0,558.5,558.5,10429,558.5,2026-09-03T19:33:43.126372+00:00
2026-05-08,568.0,572.0,560.2,569.0,8002,569.0,2026-09-03T19:33:43.126372+00:00
2026-05-11,580.0,580.0,573.0,579.0,5194,579.0,2026-09-03T19:33:43.126372+00:00
2026-05-12,579.0,593.7,570.0,574.0,4843,574.0,2026-09-03T19:33:43.126372+00:00
2026-05-13,574.9,574.9,565.0,566.0,2444,566.0,2026-09-03T19:33:43.126372+00:00
2026-05-14,570.0,570.0,555.0,564.0,8103,564.0,2026-09-03T19:33:43.126372+00:00
2026-05-15,562.2,571.5,555.0,562.9,8186,562.9,2026-09-03T19:33:43.126372+00:00
2026-05-18,565.0,565.0,557.0,560.0,3339,560.0,2026-09-03T19:33:43.126372+00:00
2026-05-19,565.0,565.0,555.0,559.5,4046,559.5,2026-09-03T19:33:43.126372+00:00
2026-05-20,555.0,575.0,555.0,565.2,7421,565.2,2026-09-03T19:33:43.126372+00:00
2026-05-21,560.0,576.6,560.0,567.9,3053,567.9,2026-09-03T19:33:43.126372+00:00
2026-05-22,568.7,570.0,561.2,570.0,8253,570.0,2026-09-03T19:33:43.126372+00:00
2026-05-25,584.0,584.0,570.0,574.1,9552,574.1,2026-09-03T19:33:43.126372+00:00
2026-05-26,584.9,584.9,570.0,573.0,3355,573.0,2026-09-03T19:33:43.126372+00:00
2026-05-27,572.2,578.9,564.1,570.0,6610,570.0,2026-09-03T19:33:43.126372+00:00
2026-06-01,572.0,579.0,556.0,570.0,8873,570.0,2026-09-03T19:33:43.126372+00:00
2026-06-02,570.0,619.0,570.0,616.0,83641,616.0,2026-09-03T19:33:43.126372+00:00
2026-06-03,619.5,624.0,600.0,609.0,28161,609.0,2026-09-03T19:33:43.126372+00:00
2026-06-04,609.0,623.0,595.0,606.0,20678,606.0,2026-09-03T19:33:43.126372+00:00
2026-06-05,592.6,635.0,592.6,620.0,96231,620.0,2026-09-03T19:33:43.126372+00:00
2026-06-08,640.0,640.0,610.0,616.0,15303,616.0,2026-09-03T19:33:43.126372+00:00
2026-06-09,610.0,624.5,595.0,614.5,53078,614.5,2026-09-03T19:33:43.126372+00:00
2026-06-10,620.0,630.0,616.0,629.4,62624,629.4,2026-09-03T19:33:43.126372+00:00
2026-06-11,623.0,640.0,612.0,623.0,9878,623.0,2026-09-03T19:33:43.126372+00:00
2026-06-12,623.0,633.0,614.9,627.9,24938,627.9,2026-09-03T19:33:43.126372+00:00
2026-06-15,624.0,625.0,606.0,606.0,6481,606.0,2026-09-03T19:33:43.126372+00:00
2026-06-16,606.0,616.0,599.0,600.0,9080,600.0,2026-09-03T19:33:43.126372+00:00
2026-06-17,595.0,623.0,595.0,605.0,9748,605.0,2026-09-03T19:33:43.126372+00:00
2026-06-18,614.0,614.0,595.0,595.0,12481,595.0,2026-09-03T19:33:43.126372+00:00
2026-06-19,596.0,630.0,596.0,604.0,13730,604.0,2026-09-03T19:33:43.126372+00:00
2026-06-22,620.0,620.0,604.0,607.0,4529,607.0,2026-09-03T19:33:43.126372+00:00
2026-06-23,595.0,600.0,595.0,595.3,6724,595.3,2026-09-03T19:33:43.126372+00:00
2026-06-24,595.1,605.0,586.2,591.0,8565,591.0,2026-09-03T19:33:43.126372+00:00
2026-06-25,591.0,602.0,585.0,586.0,11330,586.0,2026-09-03T19:33:43.126372+00:00
2026-06-26,599.8,599.9,576.0,580.0,7882,580.0,2026-09-03T19:33:43.126372+00:00
2026-06-29,596.0,596.0,570.0,576.0,4524,576.0,2026-09-03T19:33:43.126372+00:00
2026-06-30,579.9,579.9,565.1,566.0,4664,566.0,2026-09-03T19:33:43.126372+00:00
2026-07-01,566.0,588.0,562.1,583.6,8380,583.6,2026-09-03T19:33:43.126372+00:00
2026-07-02,584.0,584.0,578.0,583.0,5796,583.0,2026-09-03T19:33:43.126372+00:00
2026-07-03,580.0,670.0,575.0,670.0,74156,670.0,2026-09-03T19:33:43.126372+00:00
2026-07-06,649.9,649.9,592.0,592.0,51456,592.0,2026-09-03T19:33:43.126372+00:00
2026-07-07,604.9,607.5,585.0,597.0,12159,597.0,2026-09-03T19:33:43.126372+00:00
2026-07-08,581.0,597.6,575.2,575.5,13065,575.5,2026-09-03T19:33:43.126372+00:00
2026-07-09,575.5,583.9,567.0,567.0,6360,567.0,2026-09-03T19:33:43.126372+00:00
2026-07-10,575.0,652.0,567.0,567.1,10979,567.1,2026-09-03T19:33:43.126372+00:00
2026-07-13,566.5,582.7,555.0,560.1,13966,560.1,2026-09-03T19:33:43.126372+00:00
2026-07-14,561.0,572.0,550.0,565.8,11494,565.8,2026-09-03T19:33:43.126372+00:00
2026-07-15,574.0,590.9,568.0,569.0,10136,569.0,2026-09-03T19:33:43.126372+00:00
2026-07-16,575.0,575.0,555.0,555.0,11531,555.0,2026-09-03T19:33:43.126372+00:00
2026-07-17,571.0,580.0,571.0,577.7,5529,577.7,2026-09-03T19:33:43.126372+00:00
2026-07-20,585.0,590.0,575.4,585.0,11713,585.0,2026-09-03T19:33:43.126372+00:00
2026-07-21,588.0,596.0,575.0,580.0,11307,580.0,2026-09-03T19:33:43.126372+00:00
2026-07-22,582.0,590.0,577.0,582.6,10990,582.6,2026-09-03T19:33:43.126372+00:00
2026-07-23,578.5,587.9,578.2,584.0,3795,584.0,2026-09-03T19:33:43.126372+00:00
2026-07-24,585.0,595.0,580.0,582.0,13295,582.0,2026-09-03T19:33:43.126372+00:00
2026-07-27,581.0,592.0,580.0,585.0,10778,585.0,2026-09-03T19:33:43.126372+00:00
2026-07-28,584.0,592.9,580.0,586.0,18187,586.0,2026-09-03T19:33:43.126372+00:00
2026-07-29,572.1,588.0,572.1,578.5,7640,578.5,2026-09-03T19:33:43.126372+00:00
2026-07-30,577.1,580.0,571.5,575.0,4385,575.0,2026-09-03T19:33:43.126372+00:00
2026-07-31,582.0,582.0,572.0,576.0,2941,576.0,2026-09-03T19:33:43.126372+00:00
2026-08-03,600.0,600.0,571.6,571.6,5830,571.6,2026-09-03T19:33:43.126372+00:00
2026-08-04,572.0,579.9,570.0,571.0,12522,571.0,2026-09-03T19:33:43.126372+00:00
2026-08-05,579.9,579.9,570.0,570.0,2058,570.0,2026-09-03T19:33:43.126372+00:00
2026-08-06,570.0,576.0,567.5,568.0,1584,568.0,2026-09-03T19:33:43.126372+00:00
2026-08-07,568.0,575.0,566.2,567.4,1379,567.4,2026-09-03T19:33:43.126372+00:00
2026-08-10,580.0,580.0,564.0,564.1,3855,564.1,2026-09-03T19:33:43.126372+00:00
2026-08-11,565.5,570.0,560.2,560.2,6032,560.2,2026-09-03T19:33:43.126372+00:00
2026-08-12,565.0,576.9,555.0,565.0,17373,565.0,2026-09-03T19:33:43.126372+00:00
2026-08-13,575.0,575.0,560.2,562.1,3649,562.1,2026-09-03T19:33:43.126372+00:00
2026-08-14,561.1,567.0,560.0,565.0,5511,565.0,2026-09-03T19:33:43.126372+00:00
2026-08-17,562.0,572.0,556.1,560.0,6699,560.0,2026-09-03T19:33:43.126372+00:00
2026-08-18,556.0,561.9,556.0,560.0,4882,560.0,2026-09-03T19:33:43.126372+00:00
2026-08-19,560.0,560.0,555.0,556.6,3714,556.6,2026-09-03T19:33:43.126372+00:00
2026-08-20,565.0,565.0,555.0,555.0,6697,555.0,2026-09-03T19:33:43.126372+00:00
2026-08-21,561.0,561.0,550.1,550.1,6985,550.1,2026-09-03T19:33:43.126372+00:00
2026-08-24,560.0,560.0,542.0,544.0,11370,544.0,2026-09-03T19:33:43.126372+00:00
2026-08-25,541.0,547.0,537.1,539.8,5447,539.8,2026-09-03T19:33:43.126372+00:00
2026-08-26,530.1,540.0,525.0,530.3,6500,530.3,2026-09-03T19:33:43.126372+00:00
2026-08-27,530.0,541.0,526.0,536.9,4113,536.9,2026-09-03T19:33:43.126372+00:00
2026-08-31,535.0,535.0,525.0,525.0,5886,525.0,2026-09-03T19:33:43.126372+00:00
2026-09-01,534.9,534.9,520.0,528.0,4022,528.0,2026-09-03T19:33:43.126372+00:00
2026-09-02,534.9,534.9,520.0,525.0,3515,525.0,2026-09-03T19:33:43.126372+00:00
2026-09-03,525.0,528.8,520.0,525.0,3136,525.0,2026-09-03T19:33:43.126372+00:00
