date,open,high,low,close,volume,adj_close,fetched_at
2019-11-11,10.0,10.3,10.0,10.3,50000,10.3,2026-09-03T19:35:12.866396+00:00
2019-11-17,10.1,10.1,10.1,10.1,200,10.1,2026-09-03T19:35:12.866396+00:00
2019-11-28,9.9,9.9,9.9,9.9,2100,9.9,2026-09-03T19:35:12.866396+00:00
2019-12-09,9.71,9.71,9.71,9.71,500,9.71,2026-09-03T19:35:12.866396+00:00
2019-12-10,9.52,9.52,9.52,9.52,100,9.52,2026-09-03T19:35:12.866396+00:00
2019-12-15,9.5,9.5,9.5,9.5,500,9.5,2026-09-03T19:35:12.866396+00:00
2019-12-16,9.4,9.4,9.4,9.4,1000,9.4,2026-09-03T19:35:12.866396+00:00
2019-12-19,9.35,9.35,9.35,9.35,100,9.35,2026-09-03T19:35:12.866396+00:00
2019-12-22,9.2,9.2,9.2,9.2,200,9.2,2026-09-03T19:35:12.866396+00:00
2019-12-24,9.02,9.02,9.02,9.02,100,9.02,2026-09-03T19:35:12.866396+00:00
2019-12-25,8.9,8.9,8.9,8.9,100,8.9,2026-09-03T19:35:12.866396+00:00
2019-12-26,8.85,8.85,8.85,8.85,250,8.85,2026-09-03T19:35:12.866396+00:00
2019-12-29,8.84,8.84,8.84,8.84,500,8.84,2026-09-03T19:35:12.866396+00:00
2019-12-31,8.69,9.01,8.69,9.01,1300,9.01,2026-09-03T19:35:12.866396+00:00
2020-01-08,9.0,9.0,9.0,9.0,200,9.0,2026-09-03T19:35:12.866396+00:00
2020-01-14,8.85,8.85,8.85,8.85,2000,8.85,2026-09-03T19:35:12.866396+00:00
2020-01-16,9.02,9.02,9.0,9.0,500,9.0,2026-09-03T19:35:12.866396+00:00
2020-01-20,9.03,9.21,9.03,9.21,150500,9.21,2026-09-03T19:35:12.866396+00:00
2020-01-21,9.1,9.1,9.1,9.1,200,9.1,2026-09-03T19:35:12.866396+00:00
2020-01-30,9.0,9.0,9.0,9.0,1000,9.0,2026-09-03T19:35:12.866396+00:00
2020-02-02,8.94,9.1,8.94,9.1,1100,9.1,2026-09-03T19:35:12.866396+00:00
2020-02-03,9.2,9.2,9.2,9.2,2500,9.2,2026-09-03T19:35:12.866396+00:00
2020-02-05,9.05,9.05,9.05,9.05,1100,9.05,2026-09-03T19:35:12.866396+00:00
2020-02-06,8.92,9.0,8.92,8.93,1200,8.93,2026-09-03T19:35:12.866396+00:00
2020-02-09,9.0,9.0,9.0,9.0,2000,9.0,2026-09-03T19:35:12.866396+00:00
2020-02-10,9.18,9.18,9.18,9.18,400,9.18,2026-09-03T19:35:12.866396+00:00
2020-02-11,9.2,9.2,9.05,9.05,900,9.05,2026-09-03T19:35:12.866396+00:00
2020-02-13,9.06,9.06,9.06,9.06,200,9.06,2026-09-03T19:35:12.866396+00:00
2020-02-16,9.24,9.24,9.24,9.24,5000,9.24,2026-09-03T19:35:12.866396+00:00
2020-02-17,9.27,9.27,9.27,9.27,10000,9.27,2026-09-03T19:35:12.866396+00:00
2020-02-18,9.17,9.17,9.17,9.17,1100,9.17,2026-09-03T19:35:12.866396+00:00
2020-02-19,8.99,9.16,8.99,9.16,2400,9.16,2026-09-03T19:35:12.866396+00:00
2020-02-20,9.16,9.2,9.16,9.2,2700,9.2,2026-09-03T19:35:12.866396+00:00
2020-02-23,9.2,9.2,9.15,9.15,600,9.15,2026-09-03T19:35:12.866396+00:00
2020-02-24,9.01,9.19,9.01,9.19,20500,9.19,2026-09-03T19:35:12.866396+00:00
2020-02-25,9.05,9.25,9.05,9.25,700,9.25,2026-09-03T19:35:12.866396+00:00
2020-02-26,9.43,9.43,9.35,9.35,4400,9.35,2026-09-03T19:35:12.866396+00:00
2020-02-27,9.2,9.2,9.2,9.2,1000,9.2,2026-09-03T19:35:12.866396+00:00
2020-03-01,9.3,9.3,9.3,9.3,550,9.3,2026-09-03T19:35:12.866396+00:00
2020-03-02,9.48,9.48,9.48,9.48,500,9.48,2026-09-03T19:35:12.866396+00:00
2020-03-03,9.4,9.66,9.4,9.66,10400,9.66,2026-09-03T19:35:12.866396+00:00
2020-03-04,9.47,9.47,9.4,9.4,4300,9.4,2026-09-03T19:35:12.866396+00:00
2020-03-11,9.22,9.22,9.04,9.14,1000,9.14,2026-09-03T19:35:12.866396+00:00
2020-03-12,9.01,9.01,9.01,9.01,100,9.01,2026-09-03T19:35:12.866396+00:00
2020-03-18,9.0,9.0,9.0,9.0,100,9.0,2026-09-03T19:35:12.866396+00:00
2020-07-05,8.82,8.82,8.82,8.82,100,8.82,2026-09-03T19:35:12.866396+00:00
2020-07-06,8.65,8.65,8.65,8.65,100,8.65,2026-09-03T19:35:12.866396+00:00
2020-07-07,8.5,8.6,8.5,8.6,3800,8.6,2026-09-03T19:35:12.866396+00:00
2020-07-08,8.6,8.6,8.6,8.6,500,8.6,2026-09-03T19:35:12.866396+00:00
2020-07-09,8.5,8.52,8.5,8.52,1750,8.52,2026-09-03T19:35:12.866396+00:00
2020-07-12,8.5,8.67,8.5,8.67,3700,8.67,2026-09-03T19:35:12.866396+00:00
2020-07-13,8.59,8.8,8.59,8.8,500,8.8,2026-09-03T19:35:12.866396+00:00
2020-07-14,8.97,9.68,8.97,9.68,4750,9.68,2026-09-03T19:35:12.866396+00:00
2020-07-15,9.68,10.38,9.68,10.38,4800,10.38,2026-09-03T19:35:12.866396+00:00
2020-07-21,10.18,10.18,10.18,10.18,1300,10.18,2026-09-03T19:35:12.866396+00:00
2020-07-23,9.98,9.98,9.85,9.85,10100,9.85,2026-09-03T19:35:12.866396+00:00
2020-07-26,9.85,9.85,9.66,9.7,9000,9.7,2026-09-03T19:35:12.866396+00:00
2020-07-27,9.51,9.6,9.51,9.59,2650,9.59,2026-09-03T19:35:12.866396+00:00
2020-07-28,9.78,9.97,10.0,10.0,39400,10.0,2026-09-03T19:35:12.866396+00:00
2020-07-29,9.81,9.81,9.81,9.81,1000,9.81,2026-09-03T19:35:12.866396+00:00
2020-07-30,9.99,9.99,10.0,9.8,7550,9.8,2026-09-03T19:35:12.866396+00:00
2020-08-02,9.61,9.61,9.43,9.46,15750,9.46,2026-09-03T19:35:12.866396+00:00
2020-08-03,9.64,9.64,9.28,9.3,3800,9.3,2026-09-03T19:35:12.866396+00:00
2020-08-05,9.13,9.31,9.13,9.31,11300,9.31,2026-09-03T19:35:12.866396+00:00
2020-08-06,9.16,9.2,9.16,9.2,1400,9.2,2026-09-03T19:35:12.866396+00:00
2020-08-09,9.38,9.42,9.38,9.42,3700,9.42,2026-09-03T19:35:12.866396+00:00
2020-08-10,9.5,9.6,9.5,9.6,2000,9.6,2026-09-03T19:35:12.866396+00:00
2020-08-11,9.79,9.9,9.79,9.9,12500,9.9,2026-09-03T19:35:12.866396+00:00
2020-08-12,9.73,9.73,9.72,9.72,1400,9.72,2026-09-03T19:35:12.866396+00:00
2020-08-13,9.59,9.72,9.59,9.64,6000,9.64,2026-09-03T19:35:12.866396+00:00
2020-08-16,9.65,9.65,9.65,9.65,1200,9.65,2026-09-03T19:35:12.866396+00:00
2020-08-18,9.6,9.61,9.6,9.6,4600,9.6,2026-09-03T19:35:12.866396+00:00
2020-08-19,9.42,9.6,9.42,9.6,1400,9.6,2026-09-03T19:35:12.866396+00:00
2020-08-20,9.5,9.5,9.48,9.5,700,9.5,2026-09-03T19:35:12.866396+00:00
2020-08-23,9.44,9.5,9.44,9.45,6000,9.45,2026-09-03T19:35:12.866396+00:00
2020-08-24,9.5,9.55,9.5,9.5,12600,9.5,2026-09-03T19:35:12.866396+00:00
2020-08-25,9.4,9.45,9.4,9.45,15100,9.45,2026-09-03T19:35:12.866396+00:00
2020-08-26,9.46,9.49,9.46,9.49,700,9.49,2026-09-03T19:35:12.866396+00:00
2020-08-27,9.45,9.5,9.45,9.5,400,9.5,2026-09-03T19:35:12.866396+00:00
2020-08-30,9.44,9.46,9.44,9.46,300,9.46,2026-09-03T19:35:12.866396+00:00
2020-08-31,9.64,9.64,9.6,9.6,200,9.6,2026-09-03T19:35:12.866396+00:00
2020-09-02,9.79,10.0,9.79,10.0,4800,10.0,2026-09-03T19:35:12.866396+00:00
2020-09-03,10.0,10.05,10.0,10.01,25850,10.01,2026-09-03T19:35:12.866396+00:00
2020-09-06,10.02,10.05,10.02,10.03,4800,10.03,2026-09-03T19:35:12.866396+00:00
2020-09-07,9.84,10.0,9.84,9.96,2800,9.96,2026-09-03T19:35:12.866396+00:00
2020-09-08,9.81,10.0,9.81,10.0,900,10.0,2026-09-03T19:35:12.866396+00:00
2020-09-09,10.0,10.04,10.0,10.04,69750,10.04,2026-09-03T19:35:12.866396+00:00
2020-09-10,9.84,10.03,9.83,9.83,5650,9.83,2026-09-03T19:35:12.866396+00:00
2020-09-16,9.64,9.64,9.45,9.45,600,9.45,2026-09-03T19:35:12.866396+00:00
2020-09-17,9.27,9.27,9.09,9.1,6350,9.1,2026-09-03T19:35:12.866396+00:00
2020-09-20,9.1,9.1,9.1,9.1,5100,9.1,2026-09-03T19:35:12.866396+00:00
2020-09-21,8.99,9.0,8.93,8.95,3000,8.95,2026-09-03T19:35:12.866396+00:00
2020-09-22,8.95,8.95,8.8,8.82,3800,8.82,2026-09-03T19:35:12.866396+00:00
2020-09-23,8.99,8.99,8.82,8.84,2500,8.84,2026-09-03T19:35:12.866396+00:00
2020-09-24,8.7,8.99,8.7,8.99,18000,8.99,2026-09-03T19:35:12.866396+00:00
2020-09-27,8.82,9.0,8.82,9.0,2800,9.0,2026-09-03T19:35:12.866396+00:00
2020-09-28,8.82,8.92,8.72,8.92,1950,8.92,2026-09-03T19:35:12.866396+00:00
2020-09-29,9.0,9.0,8.9,8.9,1100,8.9,2026-09-03T19:35:12.866396+00:00
2020-09-30,8.75,8.92,8.75,8.8,700,8.8,2026-09-03T19:35:12.866396+00:00
2020-10-01,8.8,8.9,8.78,8.9,3500,8.9,2026-09-03T19:35:12.866396+00:00
2020-10-04,8.75,8.91,8.75,8.91,1900,8.91,2026-09-03T19:35:12.866396+00:00
2020-10-05,8.76,8.97,8.76,8.97,2300,8.97,2026-09-03T19:35:12.866396+00:00
2020-10-06,8.81,8.86,8.81,8.85,1700,8.85,2026-09-03T19:35:12.866396+00:00
2020-10-07,8.89,9.0,8.85,8.92,3600,8.92,2026-09-03T19:35:12.866396+00:00
2020-10-08,8.93,9.17,8.93,9.1,15300,9.1,2026-09-03T19:35:12.866396+00:00
2020-10-11,8.97,8.98,8.97,8.98,2300,8.98,2026-09-03T19:35:12.866396+00:00
2020-10-12,9.15,9.17,9.0,9.17,2700,9.17,2026-09-03T19:35:12.866396+00:00
2020-10-13,9.15,9.15,9.0,9.1,3100,9.1,2026-09-03T19:35:12.866396+00:00
2020-10-14,9.0,9.28,9.0,9.25,1950,9.25,2026-09-03T19:35:12.866396+00:00
2020-10-15,9.1,9.1,9.1,9.1,1120,9.1,2026-09-03T19:35:12.866396+00:00
2020-10-18,8.92,9.1,8.92,9.0,2700,9.0,2026-09-03T19:35:12.866396+00:00
2020-10-19,9.18,9.18,9.0,9.0,2350,9.0,2026-09-03T19:35:12.866396+00:00
2020-10-20,8.84,8.89,8.83,8.89,1700,8.89,2026-09-03T19:35:12.866396+00:00
2020-10-21,8.91,9.06,8.91,9.06,4750,9.06,2026-09-03T19:35:12.866396+00:00
2020-10-22,9.0,9.06,9.0,9.05,2200,9.05,2026-09-03T19:35:12.866396+00:00
2020-10-28,9.1,9.28,9.1,9.28,4430,9.28,2026-09-03T19:35:12.866396+00:00
2020-10-29,9.21,9.31,9.21,9.25,12300,9.25,2026-09-03T19:35:12.866396+00:00
2020-11-01,9.2,9.21,9.18,9.21,2750,9.21,2026-09-03T19:35:12.866396+00:00
2020-11-02,9.15,9.21,9.15,9.21,6000,9.21,2026-09-03T19:35:12.866396+00:00
2020-11-03,9.39,9.76,9.21,9.76,25200,9.76,2026-09-03T19:35:12.866396+00:00
2020-11-04,9.57,9.79,9.57,9.62,31800,9.62,2026-09-03T19:35:12.866396+00:00
2020-11-05,9.6,9.74,9.55,9.74,3500,9.74,2026-09-03T19:35:12.866396+00:00
2020-11-08,9.7,9.8,9.68,9.8,7650,9.8,2026-09-03T19:35:12.866396+00:00
2020-11-09,9.62,9.8,9.62,9.7,5900,9.7,2026-09-03T19:35:12.866396+00:00
2020-11-10,9.65,9.65,9.53,9.56,5100,9.56,2026-09-03T19:35:12.866396+00:00
2020-11-11,9.41,10.17,9.41,10.17,8930,10.17,2026-09-03T19:35:12.866396+00:00
2020-11-12,10.01,10.15,10.01,10.1,186850,10.1,2026-09-03T19:35:12.866396+00:00
2020-11-18,10.0,10.3,10.0,10.22,27300,10.22,2026-09-03T19:35:12.866396+00:00
2020-11-19,10.22,10.42,10.22,10.38,20400,10.38,2026-09-03T19:35:12.866396+00:00
2020-11-22,10.18,10.18,10.13,10.14,5900,10.14,2026-09-03T19:35:12.866396+00:00
2020-11-23,10.0,10.0,9.65,9.68,102400,9.68,2026-09-03T19:35:12.866396+00:00
2020-11-24,9.7,9.8,9.55,9.8,1750,9.8,2026-09-03T19:35:12.866396+00:00
2020-11-25,9.75,10.0,9.75,10.0,7400,10.0,2026-09-03T19:35:12.866396+00:00
2020-11-26,9.9,10.39,9.9,10.19,13450,10.19,2026-09-03T19:35:12.866396+00:00
2020-11-29,9.99,10.39,9.99,10.2,104250,10.2,2026-09-03T19:35:12.866396+00:00
2020-11-30,10.3,10.3,10.0,10.01,12800,10.01,2026-09-03T19:35:12.866396+00:00
2020-12-01,10.0,10.04,9.71,9.85,5960,9.85,2026-09-03T19:35:12.866396+00:00
2020-12-02,10.02,10.23,10.0,10.0,43600,10.0,2026-09-03T19:35:12.866396+00:00
2020-12-03,10.0,10.1,9.9,9.9,6300,9.9,2026-09-03T19:35:12.866396+00:00
2020-12-06,9.71,9.91,9.71,9.82,3500,9.82,2026-09-03T19:35:12.866396+00:00
2020-12-07,9.7,9.86,9.67,9.75,1600,9.75,2026-09-03T19:35:12.866396+00:00
2020-12-08,9.65,10.0,9.65,10.0,23900,10.0,2026-09-03T19:35:12.866396+00:00
2020-12-09,9.81,9.81,9.63,9.7,1600,9.7,2026-09-03T19:35:12.866396+00:00
2020-12-10,9.55,9.7,9.55,9.7,15850,9.7,2026-09-03T19:35:12.866396+00:00
2020-12-13,9.6,9.68,9.6,9.68,3400,9.68,2026-09-03T19:35:12.866396+00:00
2020-12-14,9.68,10.06,9.68,10.0,9000,10.0,2026-09-03T19:35:12.866396+00:00
2020-12-15,9.82,9.88,9.81,9.82,23300,9.82,2026-09-03T19:35:12.866396+00:00
2020-12-16,9.66,9.85,9.66,9.71,95800,9.71,2026-09-03T19:35:12.866396+00:00
2020-12-17,9.7,10.0,9.7,10.0,16350,10.0,2026-09-03T19:35:12.866396+00:00
2020-12-20,10.0,10.0,10.0,10.0,10300,10.0,2026-09-03T19:35:12.866396+00:00
2020-12-21,9.82,10.0,9.82,10.0,87700,10.0,2026-09-03T19:35:12.866396+00:00
2020-12-22,10.19,10.31,10.05,10.15,58400,10.15,2026-09-03T19:35:12.866396+00:00
2020-12-23,10.03,10.2,10.03,10.11,125900,10.11,2026-09-03T19:35:12.866396+00:00
2020-12-24,10.0,10.03,10.0,10.03,8700,10.03,2026-09-03T19:35:12.866396+00:00
2020-12-27,9.85,9.9,9.85,9.85,1500,9.85,2026-09-03T19:35:12.866396+00:00
2020-12-28,9.76,9.82,9.76,9.82,800,9.82,2026-09-03T19:35:12.866396+00:00
2020-12-29,9.65,10.01,9.65,9.81,3500,9.81,2026-09-03T19:35:12.866396+00:00
2020-12-30,9.81,9.89,9.81,9.86,1260,9.86,2026-09-03T19:35:12.866396+00:00
2020-12-31,9.69,10.06,9.69,9.9,11200,9.9,2026-09-03T19:35:12.866396+00:00
2021-01-03,9.95,10.17,9.95,10.17,5100,10.17,2026-09-03T19:35:12.866396+00:00
2021-01-04,10.0,10.17,9.98,10.17,13250,10.17,2026-09-03T19:35:12.866396+00:00
2021-01-05,9.98,10.25,9.98,10.13,119500,10.13,2026-09-03T19:35:12.866396+00:00
2021-01-06,10.0,10.33,10.0,10.2,15500,10.2,2026-09-03T19:35:12.866396+00:00
2021-01-07,10.1,10.4,10.1,10.2,4600,10.2,2026-09-03T19:35:12.866396+00:00
2021-01-10,10.2,10.27,10.2,10.27,4250,10.27,2026-09-03T19:35:12.866396+00:00
2021-01-11,10.25,10.35,10.25,10.35,3450,10.35,2026-09-03T19:35:12.866396+00:00
2021-01-12,10.27,10.3,10.18,10.3,201900,10.3,2026-09-03T19:35:12.866396+00:00
2021-01-13,10.15,10.5,10.15,10.33,236800,10.33,2026-09-03T19:35:12.866396+00:00
2021-01-17,10.25,10.56,10.25,10.5,128300,10.5,2026-09-03T19:35:12.866396+00:00
2021-01-18,10.3,10.55,10.3,10.44,11400,10.44,2026-09-03T19:35:12.866396+00:00
2021-01-19,10.27,10.5,10.27,10.41,214050,10.41,2026-09-03T19:35:12.866396+00:00
2021-01-20,10.22,10.42,10.22,10.41,2000,10.41,2026-09-03T19:35:12.866396+00:00
2021-01-21,10.36,10.7,10.36,10.7,17450,10.7,2026-09-03T19:35:12.866396+00:00
2021-01-24,10.5,10.5,10.25,10.38,369570,10.38,2026-09-03T19:35:12.866396+00:00
2021-01-25,10.22,10.3,10.2,10.3,205400,10.3,2026-09-03T19:35:12.866396+00:00
2021-01-26,10.4,10.89,10.3,10.89,22650,10.89,2026-09-03T19:35:12.866396+00:00
2021-01-27,10.68,10.68,10.13,10.47,236700,10.47,2026-09-03T19:35:12.866396+00:00
2021-01-28,10.28,10.42,10.1,10.3,331839,10.3,2026-09-03T19:35:12.866396+00:00
2021-01-31,10.22,10.3,10.22,10.28,124400,10.28,2026-09-03T19:35:12.866396+00:00
2021-02-01,10.48,10.48,10.24,10.26,2900,10.26,2026-09-03T19:35:12.866396+00:00
2021-02-02,10.25,10.4,10.23,10.4,207200,10.4,2026-09-03T19:35:12.866396+00:00
2021-02-03,10.23,10.32,10.23,10.32,232600,10.32,2026-09-03T19:35:12.866396+00:00
2021-02-04,10.18,10.52,10.18,10.5,708350,10.5,2026-09-03T19:35:12.866396+00:00
2021-02-07,10.5,10.5,10.25,10.3,65800,10.3,2026-09-03T19:35:12.866396+00:00
2021-02-08,10.18,10.48,10.18,10.2,188900,10.2,2026-09-03T19:35:12.866396+00:00
2021-02-09,10.2,10.45,10.2,10.4,48100,10.4,2026-09-03T19:35:12.866396+00:00
2021-02-10,10.21,10.4,10.21,10.33,40575,10.33,2026-09-03T19:35:12.866396+00:00
2021-02-11,10.27,10.45,10.25,10.3,24150,10.3,2026-09-03T19:35:12.866396+00:00
2021-02-14,10.3,10.3,10.22,10.24,537500,10.24,2026-09-03T19:35:12.866396+00:00
2021-02-15,10.3,10.8,10.29,10.8,1134000,10.8,2026-09-03T19:35:12.866396+00:00
2021-02-16,10.6,10.78,10.6,10.78,45421,10.78,2026-09-03T19:35:12.866396+00:00
2021-02-17,10.6,10.77,10.57,10.68,100900,10.68,2026-09-03T19:35:12.866396+00:00
2021-02-18,10.5,10.88,10.5,10.87,206500,10.87,2026-09-03T19:35:12.866396+00:00
2021-02-21,10.8,11.95,10.8,11.93,381415,11.93,2026-09-03T19:35:12.866396+00:00
2021-02-22,11.92,12.75,11.45,11.8,358320,11.8,2026-09-03T19:35:12.866396+00:00
2021-02-23,11.6,11.6,11.18,11.6,292750,11.6,2026-09-03T19:35:12.866396+00:00
2021-02-24,11.41,12.06,11.4,11.82,717650,11.82,2026-09-03T19:35:12.866396+00:00
2021-02-25,11.65,12.01,11.55,11.69,539800,11.69,2026-09-03T19:35:12.866396+00:00
2021-02-28,11.7,11.7,11.31,11.4,84500,11.4,2026-09-03T19:35:12.866396+00:00
2021-03-01,11.25,11.62,11.25,11.4,268600,11.4,2026-09-03T19:35:12.866396+00:00
2021-03-02,11.4,11.5,11.15,11.15,519050,11.15,2026-09-03T19:35:12.866396+00:00
2021-03-03,11.15,11.2,11.1,11.2,35500,11.2,2026-09-03T19:35:12.866396+00:00
2021-03-04,11.2,11.39,10.98,11.39,203800,11.39,2026-09-03T19:35:12.866396+00:00
2021-03-07,11.6,11.6,11.2,11.4,49800,11.4,2026-09-03T19:35:12.866396+00:00
2021-03-09,11.19,11.53,11.11,11.53,27150,11.53,2026-09-03T19:35:12.866396+00:00
2021-03-10,11.39,11.39,11.2,11.25,64800,11.25,2026-09-03T19:35:12.866396+00:00
2021-03-14,11.2,11.2,10.81,11.03,20250,11.03,2026-09-03T19:35:12.866396+00:00
2021-03-15,10.81,11.47,10.81,10.85,116820,10.85,2026-09-03T19:35:12.866396+00:00
2021-03-16,11.0,11.06,10.76,10.8,114230,10.8,2026-09-03T19:35:12.866396+00:00
2021-03-17,10.77,11.27,10.77,11.15,352600,11.15,2026-09-03T19:35:12.866396+00:00
2021-03-18,11.37,11.37,11.01,11.17,26200,11.17,2026-09-03T19:35:12.866396+00:00
2021-03-21,11.39,11.45,11.04,11.05,180050,11.05,2026-09-03T19:35:12.866396+00:00
2021-03-22,11.01,11.1,11.01,11.09,36900,11.09,2026-09-03T19:35:12.866396+00:00
2021-03-23,11.05,11.07,11.05,11.07,8550,11.07,2026-09-03T19:35:12.866396+00:00
2021-03-24,10.96,11.5,10.96,11.5,524300,11.5,2026-09-03T19:35:12.866396+00:00
2021-03-25,11.28,11.49,11.28,11.32,3080,11.32,2026-09-03T19:35:12.866396+00:00
2021-03-29,11.21,11.3,11.21,11.3,19200,11.3,2026-09-03T19:35:12.866396+00:00
2021-03-30,11.18,11.4,11.18,11.4,4000,11.4,2026-09-03T19:35:12.866396+00:00
2021-03-31,11.35,11.85,11.35,11.75,316785,11.75,2026-09-03T19:35:12.866396+00:00
2021-04-01,11.52,11.7,11.4,11.7,128850,11.7,2026-09-03T19:35:12.866396+00:00
2021-04-04,11.5,11.75,11.4,11.4,91611,11.4,2026-09-03T19:35:12.866396+00:00
2021-04-05,11.4,11.62,11.4,11.62,48099,11.62,2026-09-03T19:35:12.866396+00:00
2021-04-06,11.45,11.69,11.4,11.6,113150,11.6,2026-09-03T19:35:12.866396+00:00
2021-04-07,11.5,11.74,11.4,11.74,13600,11.74,2026-09-03T19:35:12.866396+00:00
2021-04-08,11.8,11.8,11.4,11.63,33425,11.63,2026-09-03T19:35:12.866396+00:00
2021-04-12,11.5,11.64,11.48,11.55,19900,11.55,2026-09-03T19:35:12.866396+00:00
2021-04-13,11.35,11.65,11.35,11.5,115139,11.5,2026-09-03T19:35:12.866396+00:00
2021-04-15,11.46,11.75,11.46,11.75,41470,11.75,2026-09-03T19:35:12.866396+00:00
2021-04-18,11.53,11.93,11.53,11.89,105500,11.89,2026-09-03T19:35:12.866396+00:00
2021-04-19,11.92,12.36,11.76,11.76,16900,11.76,2026-09-03T19:35:12.866396+00:00
2021-04-20,11.6,11.76,11.6,11.76,2600,11.76,2026-09-03T19:35:12.866396+00:00
2021-04-21,11.66,11.8,11.6,11.7,59400,11.7,2026-09-03T19:35:12.866396+00:00
2021-04-22,11.55,11.6,11.55,11.58,3300,11.58,2026-09-03T19:35:12.866396+00:00
2021-04-25,11.6,11.61,11.41,11.41,95800,11.41,2026-09-03T19:35:12.866396+00:00
2021-04-26,11.31,11.62,11.31,11.55,73950,11.55,2026-09-03T19:35:12.866396+00:00
2021-04-27,11.35,11.6,11.33,11.6,8771,11.6,2026-09-03T19:35:12.866396+00:00
2021-04-28,11.42,11.51,11.21,11.46,54350,11.46,2026-09-03T19:35:12.866396+00:00
2021-04-29,11.46,11.62,11.46,11.51,35750,11.51,2026-09-03T19:35:12.866396+00:00
2021-05-02,11.57,11.7,11.52,11.7,151750,11.7,2026-09-03T19:35:12.866396+00:00
2021-05-03,11.5,11.93,11.5,11.78,193600,11.78,2026-09-03T19:35:12.866396+00:00
2021-05-04,12.0,12.0,11.6,11.82,118800,11.82,2026-09-03T19:35:12.866396+00:00
2021-05-05,11.8,11.82,11.78,11.8,88491,11.8,2026-09-03T19:35:12.866396+00:00
2021-05-06,11.7,11.77,11.6,11.77,2500,11.77,2026-09-03T19:35:12.866396+00:00
2021-05-09,11.54,11.78,11.54,11.65,14700,11.65,2026-09-03T19:35:12.866396+00:00
2021-05-10,11.5,11.7,11.48,11.65,4400,11.65,2026-09-03T19:35:12.866396+00:00
2021-05-11,11.51,11.65,11.51,11.65,500,11.65,2026-09-03T19:35:12.866396+00:00
2021-05-12,11.6,11.7,11.6,11.7,66500,11.7,2026-09-03T19:35:12.866396+00:00
2021-05-13,11.6,11.75,11.58,11.7,27800,11.7,2026-09-03T19:35:12.866396+00:00
2021-05-16,11.7,12.0,11.7,11.93,146520,11.93,2026-09-03T19:35:12.866396+00:00
2021-05-17,11.93,11.95,11.9,11.94,47300,11.94,2026-09-03T19:35:12.866396+00:00
2021-05-18,12.17,12.17,11.8,12.03,68678,12.03,2026-09-03T19:35:12.866396+00:00
2021-05-19,12.03,12.18,11.98,12.0,6600,12.0,2026-09-03T19:35:12.866396+00:00
2021-05-20,12.0,12.1,11.95,11.97,7000,11.97,2026-09-03T19:35:12.866396+00:00
2021-05-23,11.96,12.2,11.86,12.08,43600,12.08,2026-09-03T19:35:12.866396+00:00
2021-05-24,11.93,12.25,11.93,12.2,114250,12.2,2026-09-03T19:35:12.866396+00:00
2021-05-25,12.2,12.32,12.15,12.2,13100,12.2,2026-09-03T19:35:12.866396+00:00
2021-05-27,12.03,12.43,12.03,12.43,321550,12.43,2026-09-03T19:35:12.866396+00:00
2021-05-30,12.3,12.9,12.3,12.9,240350,12.9,2026-09-03T19:35:12.866396+00:00
2021-05-31,13.0,13.0,12.76,12.84,63150,12.84,2026-09-03T19:35:12.866396+00:00
2021-06-01,13.08,13.08,12.6,12.83,130500,12.83,2026-09-03T19:35:12.866396+00:00
2021-06-02,12.58,12.8,12.58,12.8,356350,12.8,2026-09-03T19:35:12.866396+00:00
2021-06-03,12.81,13.13,12.81,13.0,97350,13.0,2026-09-03T19:35:12.866396+00:00
2021-06-06,13.0,13.14,13.0,13.14,320000,13.14,2026-09-03T19:35:12.866396+00:00
2021-06-07,13.3,13.4,13.15,13.35,180700,13.35,2026-09-03T19:35:12.866396+00:00
2021-06-08,13.6,13.66,13.4,13.6,576150,13.6,2026-09-03T19:35:12.866396+00:00
2021-06-09,13.55,13.82,13.55,13.6,281300,13.6,2026-09-03T19:35:12.866396+00:00
2021-06-10,13.86,13.87,13.72,13.79,311800,13.79,2026-09-03T19:35:12.866396+00:00
2021-06-13,13.56,13.8,13.56,13.75,144800,13.75,2026-09-03T19:35:12.866396+00:00
2021-06-14,13.7,13.8,13.7,13.79,239450,13.79,2026-09-03T19:35:12.866396+00:00
2021-06-15,13.95,13.95,13.79,13.81,145800,13.81,2026-09-03T19:35:12.866396+00:00
2021-06-16,13.6,13.83,13.6,13.76,221500,13.76,2026-09-03T19:35:12.866396+00:00
2021-06-17,13.6,13.83,13.6,13.7,345165,13.7,2026-09-03T19:35:12.866396+00:00
2021-06-20,13.5,13.61,13.4,13.4,541685,13.4,2026-09-03T19:35:12.866396+00:00
2021-06-21,13.26,13.3,13.03,13.24,350700,13.24,2026-09-03T19:35:12.866396+00:00
2021-06-22,13.03,13.28,13.03,13.22,868050,13.22,2026-09-03T19:35:12.866396+00:00
2021-06-23,13.3,13.3,13.1,13.2,307780,13.2,2026-09-03T19:35:12.866396+00:00
2021-06-24,13.03,13.3,13.03,13.3,164850,13.3,2026-09-03T19:35:12.866396+00:00
2021-06-27,13.3,13.57,13.3,13.55,50320,13.55,2026-09-03T19:35:12.866396+00:00
2021-06-28,13.73,13.74,13.55,13.68,138100,13.68,2026-09-03T19:35:12.866396+00:00
2021-06-29,13.55,13.68,13.52,13.53,225250,13.53,2026-09-03T19:35:12.866396+00:00
2021-06-30,13.3,13.4,13.27,13.4,32600,13.4,2026-09-03T19:35:12.866396+00:00
2021-07-01,13.19,13.65,13.19,13.65,259900,13.65,2026-09-03T19:35:12.866396+00:00
2021-07-04,13.5,13.56,13.48,13.56,9600,13.56,2026-09-03T19:35:12.866396+00:00
2021-07-05,13.51,13.75,13.51,13.62,7750,13.62,2026-09-03T19:35:12.866396+00:00
2021-07-06,13.65,13.65,13.38,13.5,105450,13.5,2026-09-03T19:35:12.866396+00:00
2021-07-07,13.41,13.75,13.41,13.5,55400,13.5,2026-09-03T19:35:12.866396+00:00
2021-07-08,13.3,13.6,13.3,13.5,150400,13.5,2026-09-03T19:35:12.866396+00:00
2021-07-11,13.5,13.71,13.4,13.71,355450,13.71,2026-09-03T19:35:12.866396+00:00
2021-07-12,13.71,13.96,13.59,13.74,370600,13.74,2026-09-03T19:35:12.866396+00:00
2021-07-13,13.66,13.85,13.66,13.72,159269,13.72,2026-09-03T19:35:12.866396+00:00
2021-07-14,13.72,13.73,13.68,13.68,270400,13.68,2026-09-03T19:35:12.866396+00:00
2021-07-15,13.0,13.88,13.0,13.73,4542450,13.73,2026-09-03T19:35:12.866396+00:00
2021-07-18,13.8,14.24,13.8,14.2,294410,14.2,2026-09-03T19:35:12.866396+00:00
2021-07-19,14.12,14.5,14.12,14.49,717400,14.49,2026-09-03T19:35:12.866396+00:00
2021-07-20,14.77,15.79,14.7,15.75,1906120,15.75,2026-09-03T19:35:12.866396+00:00
2021-07-22,16.06,16.69,16.05,16.23,572640,16.23,2026-09-03T19:35:12.866396+00:00
2021-07-25,16.3,16.48,15.86,16.07,686750,16.07,2026-09-03T19:35:12.866396+00:00
2021-07-26,15.75,15.99,15.51,15.74,954330,15.74,2026-09-03T19:35:12.866396+00:00
2021-07-27,15.46,16.05,15.44,16.05,270500,16.05,2026-09-03T19:35:12.866396+00:00
2021-07-28,15.79,16.3,15.79,16.18,346080,16.18,2026-09-03T19:35:12.866396+00:00
2021-07-29,16.12,16.15,15.95,16.15,528940,16.15,2026-09-03T19:35:12.866396+00:00
2021-08-01,16.47,17.0,15.9,16.0,922370,16.0,2026-09-03T19:35:12.866396+00:00
2021-08-02,16.0,16.0,15.53,15.98,1189190,15.98,2026-09-03T19:35:12.866396+00:00
2021-08-03,16.0,16.25,15.5,15.94,362550,15.94,2026-09-03T19:35:12.866396+00:00
2021-08-04,15.93,15.93,15.7,15.71,279635,15.71,2026-09-03T19:35:12.866396+00:00
2021-08-05,15.7,15.79,15.51,15.73,3113350,15.73,2026-09-03T19:35:12.866396+00:00
2021-08-08,15.88,15.98,15.64,15.8,291710,15.8,2026-09-03T19:35:12.866396+00:00
2021-08-09,15.6,15.7,15.57,15.69,317115,15.69,2026-09-03T19:35:12.866396+00:00
2021-08-10,16.0,16.25,15.5,15.85,582835,15.85,2026-09-03T19:35:12.866396+00:00
2021-08-11,15.55,15.8,15.5,15.55,353920,15.55,2026-09-03T19:35:12.866396+00:00
2021-08-12,15.53,15.7,15.48,15.5,318550,15.5,2026-09-03T19:35:12.866396+00:00
2021-08-15,15.75,16.12,15.31,15.4,117740,15.4,2026-09-03T19:35:12.866396+00:00
2021-08-16,15.25,15.4,15.25,15.3,210890,15.3,2026-09-03T19:35:12.866396+00:00
2021-08-17,15.24,15.54,15.12,15.2,164400,15.2,2026-09-03T19:35:12.866396+00:00
2021-08-18,15.04,15.27,15.04,15.2,55620,15.2,2026-09-03T19:35:12.866396+00:00
2021-08-19,15.02,15.18,14.95,15.14,64280,15.14,2026-09-03T19:35:12.866396+00:00
2021-08-24,14.95,15.0,14.8,14.83,42140,14.83,2026-09-03T19:35:12.866396+00:00
2021-08-25,14.8,14.98,14.65,14.8,24150,14.8,2026-09-03T19:35:12.866396+00:00
2021-08-26,14.73,14.8,14.72,14.74,41650,14.74,2026-09-03T19:35:12.866396+00:00
2021-08-29,14.45,14.66,14.45,14.6,84010,14.6,2026-09-03T19:35:12.866396+00:00
2021-08-31,14.7,14.7,14.1,14.12,212350,14.12,2026-09-03T19:35:12.866396+00:00
2021-09-01,14.12,14.4,14.12,14.29,147450,14.29,2026-09-03T19:35:12.866396+00:00
2021-09-02,14.3,14.4,14.2,14.27,216478,14.27,2026-09-03T19:35:12.866396+00:00
2021-09-05,14.5,14.79,13.8,13.95,391699,13.95,2026-09-03T19:35:12.866396+00:00
2021-09-06,14.15,14.4,14.0,14.32,543935,14.32,2026-09-03T19:35:12.866396+00:00
2021-09-07,14.04,14.28,14.0,14.24,124131,14.24,2026-09-03T19:35:12.866396+00:00
2021-09-08,14.29,14.36,14.16,14.36,114050,14.36,2026-09-03T19:35:12.866396+00:00
2021-09-09,14.6,14.6,14.21,14.27,392750,14.27,2026-09-03T19:35:12.866396+00:00
2021-09-12,11.05,11.14,10.93,11.05,138600,11.05,2026-09-03T19:35:12.866396+00:00
2021-09-13,11.27,11.27,10.99,11.1,2750,11.1,2026-09-03T19:35:12.866396+00:00
2021-09-14,11.0,11.1,10.97,10.97,104050,10.97,2026-09-03T19:35:12.866396+00:00
2021-09-15,10.97,10.97,10.81,10.81,47600,10.81,2026-09-03T19:35:12.866396+00:00
2021-09-16,10.81,10.81,10.65,10.65,62400,10.65,2026-09-03T19:35:12.866396+00:00
2021-09-20,10.54,10.6,10.29,10.32,108300,10.32,2026-09-03T19:35:12.866396+00:00
2021-09-21,10.17,10.44,9.92,10.19,206100,10.19,2026-09-03T19:35:12.866396+00:00
2021-09-22,10.39,10.5,10.25,10.45,68200,10.45,2026-09-03T19:35:12.866396+00:00
2021-09-23,10.46,10.59,10.46,10.56,33355,10.56,2026-09-03T19:35:12.866396+00:00
2021-09-26,10.38,10.45,10.38,10.45,20565,10.45,2026-09-03T19:35:12.866396+00:00
2021-09-27,10.31,10.35,10.3,10.3,61700,10.3,2026-09-03T19:35:12.866396+00:00
2021-09-28,10.3,10.4,10.27,10.31,65000,10.31,2026-09-03T19:35:12.866396+00:00
2021-09-29,10.2,10.4,10.2,10.31,2350,10.31,2026-09-03T19:35:12.866396+00:00
2021-09-30,10.51,10.72,10.36,10.55,6550,10.55,2026-09-03T19:35:12.866396+00:00
2021-10-03,10.55,10.6,10.32,10.52,73700,10.52,2026-09-03T19:35:12.866396+00:00
2021-10-04,10.37,10.45,10.37,10.45,18500,10.45,2026-09-03T19:35:12.866396+00:00
2021-10-05,10.33,10.52,10.32,10.52,2900,10.52,2026-09-03T19:35:12.866396+00:00
2021-10-06,10.6,10.81,10.5,10.68,72295,10.68,2026-09-03T19:35:12.866396+00:00
2021-10-11,10.77,10.78,10.6,10.6,118500,10.6,2026-09-03T19:35:12.866396+00:00
2021-10-17,10.47,10.47,10.47,10.47,100,10.47,2026-09-03T19:35:12.866396+00:00
2021-10-18,10.47,10.47,10.45,10.45,500,10.45,2026-09-03T19:35:12.866396+00:00
2021-10-19,10.45,10.45,10.25,10.25,23583,10.25,2026-09-03T19:35:12.866396+00:00
2021-10-20,10.45,10.45,10.25,10.28,1400,10.28,2026-09-03T19:35:12.866396+00:00
2021-10-21,10.23,10.48,10.11,10.25,53300,10.25,2026-09-03T19:35:12.866396+00:00
2021-10-24,10.25,10.45,10.25,10.45,12600,10.45,2026-09-03T19:35:12.866396+00:00
2021-10-25,10.35,10.72,10.35,10.72,29200,10.72,2026-09-03T19:35:12.866396+00:00
2021-10-26,10.93,10.93,10.75,10.75,22400,10.75,2026-09-03T19:35:12.866396+00:00
2021-10-27,10.96,10.96,10.6,10.63,103000,10.63,2026-09-03T19:35:12.866396+00:00
2021-10-28,10.42,11.22,10.42,10.87,28800,10.87,2026-09-03T19:35:12.866396+00:00
2021-10-31,11.05,11.05,10.9,10.98,11920,10.98,2026-09-03T19:35:12.866396+00:00
2021-11-01,10.87,11.08,10.87,11.0,10958,11.0,2026-09-03T19:35:12.866396+00:00
2021-11-02,10.98,11.19,10.92,10.92,9300,10.92,2026-09-03T19:35:12.866396+00:00
2021-11-03,10.76,11.13,10.76,11.05,43850,11.05,2026-09-03T19:35:12.866396+00:00
2021-11-08,11.09,11.09,11.0,11.0,30450,11.0,2026-09-03T19:35:12.866396+00:00
2021-11-09,10.9,10.9,10.79,10.79,84000,10.79,2026-09-03T19:35:12.866396+00:00
2021-11-11,10.7,10.7,10.67,10.69,15050,10.69,2026-09-03T19:35:12.866396+00:00
2021-11-14,10.52,10.8,10.52,10.65,14500,10.65,2026-09-03T19:35:12.866396+00:00
2021-11-15,10.65,10.79,10.58,10.64,83200,10.64,2026-09-03T19:35:12.866396+00:00
2021-11-16,10.46,10.78,10.46,10.71,27975,10.71,2026-09-03T19:35:12.866396+00:00
2021-11-17,10.8,10.85,10.71,10.81,50500,10.81,2026-09-03T19:35:12.866396+00:00
2021-11-18,10.68,10.98,10.68,10.98,10500,10.98,2026-09-03T19:35:12.866396+00:00
2021-11-21,11.05,11.05,10.83,10.83,10800,10.83,2026-09-03T19:35:12.866396+00:00
2021-11-22,10.66,10.71,10.66,10.71,2700,10.71,2026-09-03T19:35:12.866396+00:00
2021-11-23,10.91,10.91,10.7,10.7,300,10.7,2026-09-03T19:35:12.866396+00:00
2021-11-24,10.7,10.73,10.56,10.7,15500,10.7,2026-09-03T19:35:12.866396+00:00
2021-11-25,10.65,10.86,10.65,10.84,21200,10.84,2026-09-03T19:35:12.866396+00:00
2021-11-28,10.63,10.68,10.36,10.68,26900,10.68,2026-09-03T19:35:12.866396+00:00
2021-11-29,10.6,10.6,10.6,10.6,1600,10.6,2026-09-03T19:35:12.866396+00:00
2021-11-30,10.72,10.79,10.64,10.64,14500,10.64,2026-09-03T19:35:12.866396+00:00
2021-12-02,10.8,10.8,10.6,10.61,8850,10.61,2026-09-03T19:35:12.866396+00:00
2021-12-05,10.82,10.82,10.41,10.42,3050,10.42,2026-09-03T19:35:12.866396+00:00
2021-12-06,10.26,10.6,10.24,10.6,13615,10.6,2026-09-03T19:35:12.866396+00:00
2021-12-07,10.45,10.65,10.45,10.65,17670,10.65,2026-09-03T19:35:12.866396+00:00
2021-12-08,10.5,10.52,10.3,10.3,37500,10.3,2026-09-03T19:35:12.866396+00:00
2021-12-09,10.13,10.33,10.13,10.25,57550,10.25,2026-09-03T19:35:12.866396+00:00
2021-12-12,10.21,10.22,10.2,10.2,8800,10.2,2026-09-03T19:35:12.866396+00:00
2021-12-13,10.4,10.4,10.05,10.2,56500,10.2,2026-09-03T19:35:12.866396+00:00
2021-12-14,10.39,10.39,10.29,10.3,12500,10.3,2026-09-03T19:35:12.866396+00:00
2021-12-15,10.5,10.5,10.22,10.4,27950,10.4,2026-09-03T19:35:12.866396+00:00
2021-12-16,10.6,10.6,10.4,10.4,9400,10.4,2026-09-03T19:35:12.866396+00:00
2021-12-20,10.3,10.34,10.14,10.34,87325,10.34,2026-09-03T19:35:12.866396+00:00
2021-12-21,10.25,10.38,10.14,10.38,51000,10.38,2026-09-03T19:35:12.866396+00:00
2021-12-22,10.3,10.58,10.3,10.58,13800,10.58,2026-09-03T19:35:12.866396+00:00
2021-12-23,10.79,10.79,10.5,10.51,22875,10.51,2026-09-03T19:35:12.866396+00:00
2021-12-26,10.72,10.93,10.37,10.42,16875,10.42,2026-09-03T19:35:12.866396+00:00
2021-12-27,10.41,10.52,10.41,10.51,17600,10.51,2026-09-03T19:35:12.866396+00:00
2021-12-28,10.35,10.5,10.31,10.5,20100,10.5,2026-09-03T19:35:12.866396+00:00
2021-12-29,10.5,10.5,10.3,10.3,21100,10.3,2026-09-03T19:35:12.866396+00:00
2022-01-02,10.3,10.65,10.3,10.5,3968,10.5,2026-09-03T19:35:12.866396+00:00
2022-01-04,10.3,10.9,10.3,10.73,32100,10.73,2026-09-03T19:35:12.866396+00:00
2022-01-05,10.6,10.74,10.42,10.74,8500,10.74,2026-09-03T19:35:12.866396+00:00
2022-01-06,10.88,10.88,10.63,10.78,1400,10.78,2026-09-03T19:35:12.866396+00:00
2022-01-09,10.97,10.97,10.81,10.81,52700,10.81,2026-09-03T19:35:12.866396+00:00
2022-01-10,11.0,11.22,10.85,10.85,73480,10.85,2026-09-03T19:35:12.866396+00:00
2022-01-11,11.0,11.04,10.93,11.04,101000,11.04,2026-09-03T19:35:12.866396+00:00
2022-01-12,11.15,11.4,10.96,11.01,62425,11.01,2026-09-03T19:35:12.866396+00:00
2022-01-13,11.02,11.2,11.01,11.2,15850,11.2,2026-09-03T19:35:12.866396+00:00
2022-01-16,11.0,11.35,11.0,11.25,115000,11.25,2026-09-03T19:35:12.866396+00:00
2022-01-17,11.03,11.34,11.03,11.26,10300,11.26,2026-09-03T19:35:12.866396+00:00
2022-01-18,11.09,11.55,11.09,11.41,95882,11.41,2026-09-03T19:35:12.866396+00:00
2022-01-19,11.42,11.5,11.39,11.4,76000,11.4,2026-09-03T19:35:12.866396+00:00
2022-01-20,11.39,11.54,11.36,11.54,30600,11.54,2026-09-03T19:35:12.866396+00:00
2022-01-23,11.54,11.54,11.4,11.4,16050,11.4,2026-09-03T19:35:12.866396+00:00
2022-01-24,11.2,11.6,11.12,11.16,83330,11.16,2026-09-03T19:35:12.866396+00:00
2022-01-25,11.16,11.28,11.09,11.28,72700,11.28,2026-09-03T19:35:12.866396+00:00
2022-01-26,11.2,11.28,11.07,11.28,22350,11.28,2026-09-03T19:35:12.866396+00:00
2022-01-27,11.3,11.42,11.29,11.42,47865,11.42,2026-09-03T19:35:12.866396+00:00
2022-01-30,11.23,11.48,11.23,11.36,50380,11.36,2026-09-03T19:35:12.866396+00:00
2022-01-31,11.26,11.45,11.26,11.29,2700,11.29,2026-09-03T19:35:12.866396+00:00
2022-02-01,11.5,11.5,11.28,11.5,134325,11.5,2026-09-03T19:35:12.866396+00:00
2022-02-03,11.5,11.65,11.31,11.58,14600,11.58,2026-09-03T19:35:12.866396+00:00
2022-02-06,11.35,11.35,11.35,11.35,10200,11.35,2026-09-03T19:35:12.866396+00:00
2022-02-07,11.5,11.5,11.25,11.25,5875,11.25,2026-09-03T19:35:12.866396+00:00
2022-02-08,11.31,11.31,11.28,11.28,6700,11.28,2026-09-03T19:35:12.866396+00:00
2022-02-09,11.3,11.3,11.16,11.19,13200,11.19,2026-09-03T19:35:12.866396+00:00
2022-02-10,11.07,11.32,11.07,11.32,12500,11.32,2026-09-03T19:35:12.866396+00:00
2022-02-13,11.1,11.1,10.9,10.9,118300,10.9,2026-09-03T19:35:12.866396+00:00
2022-02-14,11.11,11.18,10.75,11.15,259415,11.15,2026-09-03T19:35:12.866396+00:00
2022-02-15,10.94,10.94,10.8,10.8,1200,10.8,2026-09-03T19:35:12.866396+00:00
2022-02-16,11.0,11.22,10.92,11.11,17400,11.11,2026-09-03T19:35:12.866396+00:00
2022-02-17,11.0,11.2,11.0,11.2,2000,11.2,2026-09-03T19:35:12.866396+00:00
2022-02-20,11.1,11.1,10.84,10.84,38475,10.84,2026-09-03T19:35:12.866396+00:00
2022-02-21,10.8,10.83,10.8,10.82,1500,10.82,2026-09-03T19:35:12.866396+00:00
2022-02-22,10.9,10.9,10.9,10.9,4375,10.9,2026-09-03T19:35:12.866396+00:00
2022-02-23,11.1,11.1,10.95,11.1,16400,11.1,2026-09-03T19:35:12.866396+00:00
2022-02-24,10.88,11.01,10.75,10.95,21400,10.95,2026-09-03T19:35:12.866396+00:00
2022-02-27,10.75,10.88,10.67,10.88,8500,10.88,2026-09-03T19:35:12.866396+00:00
2022-02-28,10.8,10.81,10.8,10.8,16000,10.8,2026-09-03T19:35:12.866396+00:00
2022-03-02,10.6,10.84,10.6,10.63,17500,10.63,2026-09-03T19:35:12.866396+00:00
2022-03-06,10.79,10.79,10.54,10.54,16300,10.54,2026-09-03T19:35:12.866396+00:00
2022-03-07,10.7,10.7,10.55,10.55,19675,10.55,2026-09-03T19:35:12.866396+00:00
2022-03-09,10.54,10.6,10.53,10.6,18518,10.6,2026-09-03T19:35:12.866396+00:00
2022-03-10,10.5,11.0,10.5,10.85,24775,10.85,2026-09-03T19:35:12.866396+00:00
2022-03-13,10.98,11.11,10.76,11.11,162657,11.11,2026-09-03T19:35:12.866396+00:00
2022-03-14,10.9,10.9,10.9,10.9,1000,10.9,2026-09-03T19:35:12.866396+00:00
2022-03-15,11.1,11.1,10.88,10.9,35275,10.9,2026-09-03T19:35:12.866396+00:00
2022-03-16,10.9,10.99,10.9,10.99,7000,10.99,2026-09-03T19:35:12.866396+00:00
2022-03-20,10.78,10.95,10.78,10.95,13600,10.95,2026-09-03T19:35:12.866396+00:00
2022-03-21,10.77,11.18,10.77,11.09,23755,11.09,2026-09-03T19:35:12.866396+00:00
2022-03-22,11.28,11.3,11.12,11.25,45440,11.25,2026-09-03T19:35:12.866396+00:00
2022-03-23,11.36,11.36,11.1,11.24,31750,11.24,2026-09-03T19:35:12.866396+00:00
2022-03-24,11.1,11.27,11.04,11.27,25975,11.27,2026-09-03T19:35:12.866396+00:00
2022-03-27,11.21,11.21,11.15,11.2,5400,11.2,2026-09-03T19:35:12.866396+00:00
2022-03-28,11.2,11.22,11.2,11.22,4400,11.22,2026-09-03T19:35:12.866396+00:00
2022-03-29,11.0,11.1,10.95,11.1,65100,11.1,2026-09-03T19:35:12.866396+00:00
2022-03-30,11.1,11.21,11.0,11.21,13100,11.21,2026-09-03T19:35:12.866396+00:00
2022-03-31,11.0,11.0,10.87,10.87,9100,10.87,2026-09-03T19:35:12.866396+00:00
2022-04-03,10.85,10.87,10.85,10.87,10100,10.87,2026-09-03T19:35:12.866396+00:00
2022-04-04,10.7,10.91,10.7,10.7,4318,10.7,2026-09-03T19:35:12.866396+00:00
2022-04-05,10.6,10.71,10.59,10.71,16475,10.71,2026-09-03T19:35:12.866396+00:00
2022-04-06,10.52,10.72,10.52,10.65,3118,10.65,2026-09-03T19:35:12.866396+00:00
2022-04-07,10.65,10.86,10.6,10.6,10300,10.6,2026-09-03T19:35:12.866396+00:00
2022-04-11,10.81,10.81,10.6,10.6,47800,10.6,2026-09-03T19:35:12.866396+00:00
2022-04-12,10.4,10.55,10.4,10.53,3900,10.53,2026-09-03T19:35:12.866396+00:00
2022-04-13,10.5,10.65,10.5,10.56,9590,10.56,2026-09-03T19:35:12.866396+00:00
2022-04-17,10.56,10.77,10.5,10.77,18300,10.77,2026-09-03T19:35:12.866396+00:00
2022-04-18,10.98,10.98,10.69,10.8,2400,10.8,2026-09-03T19:35:12.866396+00:00
2022-04-19,10.59,10.8,10.49,10.54,16732,10.54,2026-09-03T19:35:12.866396+00:00
2022-04-20,10.48,10.68,10.48,10.68,1810,10.68,2026-09-03T19:35:12.866396+00:00
2022-04-21,10.5,10.68,10.48,10.68,16700,10.68,2026-09-03T19:35:12.866396+00:00
2022-04-24,10.89,10.89,10.49,10.69,134700,10.69,2026-09-03T19:35:12.866396+00:00
2022-04-25,10.65,10.69,10.65,10.69,4472,10.69,2026-09-03T19:35:12.866396+00:00
2022-04-26,10.89,11.0,10.68,10.78,42100,10.78,2026-09-03T19:35:12.866396+00:00
2022-04-27,10.95,10.95,10.95,10.95,1000,10.95,2026-09-03T19:35:12.866396+00:00
2022-04-28,10.74,10.95,10.74,10.75,30850,10.75,2026-09-03T19:35:12.866396+00:00
2022-05-02,10.85,10.85,10.58,10.8,40375,10.8,2026-09-03T19:35:12.866396+00:00
2022-05-04,10.99,11.0,10.8,10.8,7530,10.8,2026-09-03T19:35:12.866396+00:00
2022-05-05,10.61,10.61,10.59,10.59,23300,10.59,2026-09-03T19:35:12.866396+00:00
2022-05-08,10.5,10.62,10.45,10.61,11100,10.61,2026-09-03T19:35:12.866396+00:00
2022-05-09,10.65,10.7,10.6,10.6,6800,10.6,2026-09-03T19:35:12.866396+00:00
2022-05-10,10.73,10.74,10.73,10.74,1100,10.74,2026-09-03T19:35:12.866396+00:00
2022-05-11,10.74,10.9,10.63,10.9,1600,10.9,2026-09-03T19:35:12.866396+00:00
2022-05-12,10.98,10.98,10.77,10.77,2400,10.77,2026-09-03T19:35:12.866396+00:00
2022-05-17,10.77,10.77,10.6,10.6,20300,10.6,2026-09-03T19:35:12.866396+00:00
2022-05-18,10.6,10.7,10.6,10.7,31400,10.7,2026-09-03T19:35:12.866396+00:00
2022-05-19,10.81,10.81,10.7,10.7,2100,10.7,2026-09-03T19:35:12.866396+00:00
2022-05-20,10.61,10.7,10.6,10.7,38210,10.7,2026-09-03T19:35:12.866396+00:00
2022-05-23,10.6,10.61,10.5,10.6,51750,10.6,2026-09-03T19:35:12.866396+00:00
2022-05-24,10.45,10.65,10.45,10.6,10380,10.6,2026-09-03T19:35:12.866396+00:00
2022-05-25,10.65,10.77,10.65,10.65,4915,10.65,2026-09-03T19:35:12.866396+00:00
2022-05-26,10.65,10.78,10.46,10.78,6950,10.78,2026-09-03T19:35:12.866396+00:00
2022-05-27,10.78,10.79,10.6,10.79,7850,10.79,2026-09-03T19:35:12.866396+00:00
2022-05-30,10.59,10.7,10.58,10.7,2100,10.7,2026-09-03T19:35:12.866396+00:00
2022-05-31,10.49,10.5,10.42,10.42,7300,10.42,2026-09-03T19:35:12.866396+00:00
2022-06-01,10.22,10.64,10.22,10.64,47855,10.64,2026-09-03T19:35:12.866396+00:00
2022-06-02,10.45,10.54,10.34,10.45,33015,10.45,2026-09-03T19:35:12.866396+00:00
2022-06-03,10.41,10.41,10.26,10.26,30000,10.26,2026-09-03T19:35:12.866396+00:00
2022-06-06,10.23,10.43,10.2,10.43,29600,10.43,2026-09-03T19:35:12.866396+00:00
2022-06-07,10.31,10.31,10.23,10.23,29700,10.23,2026-09-03T19:35:12.866396+00:00
2022-06-08,10.39,10.59,10.39,10.59,15800,10.59,2026-09-03T19:35:12.866396+00:00
2022-06-09,10.65,10.68,10.3,10.68,13108,10.68,2026-09-03T19:35:12.866396+00:00
2022-06-10,10.47,10.47,10.47,10.47,1100,10.47,2026-09-03T19:35:12.866396+00:00
2022-06-13,10.47,10.5,10.47,10.5,10900,10.5,2026-09-03T19:35:12.866396+00:00
2022-06-14,10.29,10.29,10.2,10.21,6900,10.21,2026-09-03T19:35:12.866396+00:00
2022-06-15,10.07,10.18,10.07,10.15,11900,10.15,2026-09-03T19:35:12.866396+00:00
2022-06-16,10.3,10.5,10.3,10.5,57700,10.5,2026-09-03T19:35:12.866396+00:00
2022-06-17,10.6,10.63,10.6,10.63,300,10.63,2026-09-03T19:35:12.866396+00:00
2022-06-20,10.42,10.42,10.42,10.42,200,10.42,2026-09-03T19:35:12.866396+00:00
2022-06-21,10.22,10.3,10.03,10.15,27675,10.15,2026-09-03T19:35:12.866396+00:00
2022-06-22,10.0,10.1,9.85,9.9,111825,9.9,2026-09-03T19:35:12.866396+00:00
2022-06-23,10.09,10.29,10.09,10.29,3200,10.29,2026-09-03T19:35:12.866396+00:00
2022-06-24,10.49,10.49,10.0,10.0,19525,10.0,2026-09-03T19:35:12.866396+00:00
2022-06-26,10.19,10.58,10.19,10.58,4003,10.58,2026-09-03T19:35:12.866396+00:00
2022-06-27,10.39,10.39,10.1,10.1,30500,10.1,2026-09-03T19:35:12.866396+00:00
2022-06-28,10.3,10.3,10.1,10.3,3100,10.3,2026-09-03T19:35:12.866396+00:00
2022-06-29,10.3,10.48,10.21,10.48,4210,10.48,2026-09-03T19:35:12.866396+00:00
2022-06-30,10.51,10.88,10.51,10.88,14900,10.88,2026-09-03T19:35:12.866396+00:00
2022-07-01,10.7,10.7,10.47,10.66,14975,10.66,2026-09-03T19:35:12.866396+00:00
2022-07-03,10.85,10.85,10.85,10.85,500,10.85,2026-09-03T19:35:12.866396+00:00
2022-07-04,10.67,10.84,10.67,10.73,18175,10.73,2026-09-03T19:35:12.866396+00:00
2022-07-05,10.58,10.6,10.57,10.57,10200,10.57,2026-09-03T19:35:12.866396+00:00
2022-07-06,10.55,10.57,10.55,10.57,6700,10.57,2026-09-03T19:35:12.866396+00:00
2022-07-07,10.37,10.59,10.37,10.59,22675,10.59,2026-09-03T19:35:12.866396+00:00
2022-07-08,10.5,10.5,10.5,10.5,2840,10.5,2026-09-03T19:35:12.866396+00:00
2022-07-11,10.3,10.3,10.16,10.16,22200,10.16,2026-09-03T19:35:12.866396+00:00
2022-07-12,10.2,10.25,10.08,10.25,36400,10.25,2026-09-03T19:35:12.866396+00:00
2022-07-13,10.45,10.5,10.3,10.33,47074,10.33,2026-09-03T19:35:12.866396+00:00
2022-07-14,10.5,10.5,10.5,10.5,10400,10.5,2026-09-03T19:35:12.866396+00:00
2022-07-15,10.71,10.71,10.71,10.71,500,10.71,2026-09-03T19:35:12.866396+00:00
2022-07-18,10.5,10.6,10.5,10.59,2100,10.59,2026-09-03T19:35:12.866396+00:00
2022-07-19,10.8,10.8,10.59,10.59,3700,10.59,2026-09-03T19:35:12.866396+00:00
2022-07-20,10.59,10.78,10.59,10.78,1100,10.78,2026-09-03T19:35:12.866396+00:00
2022-07-21,10.78,10.78,10.58,10.58,23250,10.58,2026-09-03T19:35:12.866396+00:00
2022-07-22,10.37,10.57,10.37,10.55,5575,10.55,2026-09-03T19:35:12.866396+00:00
2022-07-24,10.6,10.6,10.56,10.56,3500,10.56,2026-09-03T19:35:12.866396+00:00
2022-07-25,10.56,10.96,10.56,10.7,52900,10.7,2026-09-03T19:35:12.866396+00:00
2022-07-26,10.6,10.6,10.6,10.6,4900,10.6,2026-09-03T19:35:12.866396+00:00
2022-07-27,10.53,10.6,10.53,10.6,700,10.6,2026-09-03T19:35:12.866396+00:00
2022-07-28,10.7,10.7,10.65,10.65,8300,10.65,2026-09-03T19:35:12.866396+00:00
2022-07-29,10.86,10.95,10.65,10.95,29142,10.95,2026-09-03T19:35:12.866396+00:00
2022-07-31,10.99,11.05,10.8,10.9,15300,10.9,2026-09-03T19:35:12.866396+00:00
2022-08-01,11.05,11.05,10.77,11.04,28250,11.04,2026-09-03T19:35:12.866396+00:00
2022-08-02,10.9,10.9,10.6,10.82,48305,10.82,2026-09-03T19:35:12.866396+00:00
2022-08-03,10.82,10.82,10.62,10.82,500,10.82,2026-09-03T19:35:12.866396+00:00
2022-08-04,10.61,10.61,10.44,10.51,22200,10.51,2026-09-03T19:35:12.866396+00:00
2022-08-05,10.55,10.7,10.54,10.54,8600,10.54,2026-09-03T19:35:12.866396+00:00
2022-08-07,10.33,10.81,10.33,10.81,40450,10.81,2026-09-03T19:35:12.866396+00:00
2022-08-08,10.97,10.98,10.8,10.9,33100,10.9,2026-09-03T19:35:12.866396+00:00
2022-08-09,10.9,10.9,10.5,10.69,26700,10.69,2026-09-03T19:35:12.866396+00:00
2022-08-10,10.5,10.5,10.5,10.5,1700,10.5,2026-09-03T19:35:12.866396+00:00
2022-08-11,10.5,10.61,10.5,10.61,27875,10.61,2026-09-03T19:35:12.866396+00:00
2022-08-14,10.47,10.74,10.47,10.74,24800,10.74,2026-09-03T19:35:12.866396+00:00
2022-08-15,10.85,10.85,10.43,10.75,4630,10.75,2026-09-03T19:35:12.866396+00:00
2022-08-16,10.82,10.82,10.42,10.58,2300,10.58,2026-09-03T19:35:12.866396+00:00
2022-08-17,10.42,10.59,10.42,10.59,13200,10.59,2026-09-03T19:35:12.866396+00:00
2022-08-18,10.39,10.72,10.36,10.67,22000,10.67,2026-09-03T19:35:12.866396+00:00
2022-08-21,10.51,10.66,10.51,10.65,2850,10.65,2026-09-03T19:35:12.866396+00:00
2022-08-22,10.44,10.63,10.44,10.63,14745,10.63,2026-09-03T19:35:12.866396+00:00
2022-08-23,10.62,10.65,10.62,10.65,900,10.65,2026-09-03T19:35:12.866396+00:00
2022-08-24,10.47,10.47,10.47,10.47,1000,10.47,2026-09-03T19:35:12.866396+00:00
2022-08-25,10.54,10.66,10.27,10.66,98830,10.66,2026-09-03T19:35:12.866396+00:00
2022-08-26,10.45,10.46,10.45,10.45,10172,10.45,2026-09-03T19:35:12.866396+00:00
2022-08-28,10.26,10.45,10.26,10.27,29778,10.27,2026-09-03T19:35:12.866396+00:00
2022-08-29,10.2,10.42,10.2,10.42,23955,10.42,2026-09-03T19:35:12.866396+00:00
2022-08-30,10.62,10.62,10.41,10.5,14600,10.5,2026-09-03T19:35:12.866396+00:00
2022-08-31,10.29,10.46,10.29,10.4,24175,10.4,2026-09-03T19:35:12.866396+00:00
2022-09-01,10.4,10.4,10.38,10.39,10900,10.39,2026-09-03T19:35:12.866396+00:00
2022-09-02,10.5,10.5,10.2,10.4,10275,10.4,2026-09-03T19:35:12.866396+00:00
2022-09-04,10.6,10.6,10.39,10.39,1950,10.39,2026-09-03T19:35:12.866396+00:00
2022-09-05,10.58,10.58,10.28,10.28,8000,10.28,2026-09-03T19:35:12.866396+00:00
2022-09-06,10.23,10.43,10.23,10.39,6400,10.39,2026-09-03T19:35:12.866396+00:00
2022-09-07,10.59,10.59,10.38,10.57,26625,10.57,2026-09-03T19:35:12.866396+00:00
2022-09-08,10.78,10.99,10.37,10.8,159465,10.8,2026-09-03T19:35:12.866396+00:00
2022-09-11,10.95,10.95,10.54,10.54,68350,10.54,2026-09-03T19:35:12.866396+00:00
2022-09-12,10.43,10.63,10.43,10.63,3700,10.63,2026-09-03T19:35:12.866396+00:00
2022-09-13,10.7,10.7,10.49,10.68,2550,10.68,2026-09-03T19:35:12.866396+00:00
2022-09-14,10.88,10.88,10.7,10.79,60099,10.79,2026-09-03T19:35:12.866396+00:00
2022-09-15,10.76,10.79,10.58,10.68,49900,10.68,2026-09-03T19:35:12.866396+00:00
2022-09-18,10.89,10.89,10.89,10.89,100,10.89,2026-09-03T19:35:12.866396+00:00
2022-09-20,10.68,10.68,10.2,10.4,14958,10.4,2026-09-03T19:35:12.866396+00:00
2022-09-21,10.2,10.36,10.05,10.3,7150,10.3,2026-09-03T19:35:12.866396+00:00
2022-09-22,10.49,10.49,10.1,10.46,6200,10.46,2026-09-03T19:35:12.866396+00:00
2022-09-25,10.66,10.66,10.25,10.25,23635,10.25,2026-09-03T19:35:12.866396+00:00
2022-09-27,10.05,10.36,10.0,10.36,4765,10.36,2026-09-03T19:35:12.866396+00:00
2022-09-28,10.55,10.55,10.34,10.34,200,10.34,2026-09-03T19:35:12.866396+00:00
2022-09-29,10.2,10.37,10.15,10.37,6270,10.37,2026-09-03T19:35:12.866396+00:00
2022-10-09,10.37,10.48,10.37,10.38,700,10.38,2026-09-03T19:35:12.866396+00:00
2022-10-10,10.18,10.38,10.18,10.18,18600,10.18,2026-09-03T19:35:12.866396+00:00
2022-10-11,10.2,10.2,10.1,10.1,7000,10.1,2026-09-03T19:35:12.866396+00:00
2022-10-12,10.22,10.25,10.05,10.05,6000,10.05,2026-09-03T19:35:12.866396+00:00
2022-10-13,10.08,10.15,9.96,10.15,50100,10.15,2026-09-03T19:35:12.866396+00:00
2022-10-16,10.35,10.47,10.16,10.17,98550,10.17,2026-09-03T19:35:12.866396+00:00
2022-10-17,10.35,10.37,10.2,10.37,62580,10.37,2026-09-03T19:35:12.866396+00:00
2022-10-19,10.2,10.36,10.1,10.19,35500,10.19,2026-09-03T19:35:12.866396+00:00
2022-10-20,10.36,10.36,10.0,10.15,26950,10.15,2026-09-03T19:35:12.866396+00:00
2022-10-23,10.15,10.15,10.03,10.03,28500,10.03,2026-09-03T19:35:12.866396+00:00
2022-10-31,10.2,10.23,10.07,10.08,176550,10.08,2026-09-03T19:35:12.866396+00:00
2022-11-01,8.77,8.77,8.43,8.6,17717,8.6,2026-09-03T19:35:12.866396+00:00
2022-11-02,8.65,8.76,8.65,8.74,6050,8.74,2026-09-03T19:35:12.866396+00:00
2022-11-03,8.57,8.61,8.45,8.55,10300,8.55,2026-09-03T19:35:12.866396+00:00
2022-11-06,8.44,8.46,8.44,8.46,21500,8.46,2026-09-03T19:35:12.866396+00:00
2022-11-07,8.55,8.55,8.49,8.49,10200,8.49,2026-09-03T19:35:12.866396+00:00
2022-11-08,8.65,8.79,8.61,8.61,3600,8.61,2026-09-03T19:35:12.866396+00:00
2022-11-09,8.61,8.78,8.48,8.78,5735,8.78,2026-09-03T19:35:12.866396+00:00
2022-11-10,8.89,8.89,8.66,8.66,26700,8.66,2026-09-03T19:35:12.866396+00:00
2022-11-13,8.5,8.6,8.5,8.6,300,8.6,2026-09-03T19:35:12.866396+00:00
2022-11-14,8.6,8.6,8.6,8.6,300,8.6,2026-09-03T19:35:12.866396+00:00
2022-11-15,8.5,8.5,8.43,8.43,50250,8.43,2026-09-03T19:35:12.866396+00:00
2022-11-16,8.59,8.75,8.58,8.74,1200,8.74,2026-09-03T19:35:12.866396+00:00
2022-11-17,8.75,8.92,8.73,8.73,1900,8.73,2026-09-03T19:35:12.866396+00:00
2022-11-22,8.85,8.85,8.85,8.85,100,8.85,2026-09-03T19:35:12.866396+00:00
2022-11-23,9.01,9.01,8.83,8.83,1100,8.83,2026-09-03T19:35:12.866396+00:00
2022-11-24,8.8,8.97,8.8,8.93,12722,8.93,2026-09-03T19:35:12.866396+00:00
2022-11-27,9.1,9.1,8.42,8.75,80650,8.75,2026-09-03T19:35:12.866396+00:00
2022-11-28,8.92,8.92,8.92,8.92,100,8.92,2026-09-03T19:35:12.866396+00:00
2022-11-29,9.09,9.09,8.51,8.51,18350,8.51,2026-09-03T19:35:12.866396+00:00
2022-11-30,8.68,8.68,8.61,8.61,5700,8.61,2026-09-03T19:35:12.866396+00:00
2022-12-01,8.51,8.68,8.51,8.68,11840,8.68,2026-09-03T19:35:12.866396+00:00
2022-12-04,8.55,8.7,8.55,8.6,3435,8.6,2026-09-03T19:35:12.866396+00:00
2022-12-05,8.51,8.65,8.49,8.65,12270,8.65,2026-09-03T19:35:12.866396+00:00
2022-12-06,8.51,8.67,8.5,8.55,13603,8.55,2026-09-03T19:35:12.866396+00:00
2022-12-07,8.5,8.5,8.46,8.48,21700,8.48,2026-09-03T19:35:12.866396+00:00
2022-12-11,8.5,8.55,8.4,8.4,8800,8.4,2026-09-03T19:35:12.866396+00:00
2022-12-12,8.43,8.56,8.42,8.56,6850,8.56,2026-09-03T19:35:12.866396+00:00
2022-12-13,8.73,8.73,8.73,8.73,200,8.73,2026-09-03T19:35:12.866396+00:00
2022-12-14,8.9,8.9,8.73,8.73,1100,8.73,2026-09-03T19:35:12.866396+00:00
2022-12-15,8.56,8.56,8.34,8.5,38800,8.5,2026-09-03T19:35:12.866396+00:00
2022-12-18,8.37,8.37,8.35,8.35,16000,8.35,2026-09-03T19:35:12.866396+00:00
2022-12-20,8.26,8.4,8.23,8.3,44790,8.3,2026-09-03T19:35:12.866396+00:00
2022-12-21,8.32,8.32,8.32,8.32,6843,8.32,2026-09-03T19:35:12.866396+00:00
2022-12-22,8.45,8.45,8.32,8.32,13200,8.32,2026-09-03T19:35:12.866396+00:00
2022-12-26,8.48,8.79,8.48,8.79,500,8.79,2026-09-03T19:35:12.866396+00:00
2022-12-27,8.95,8.95,8.61,8.76,41750,8.76,2026-09-03T19:35:12.866396+00:00
2022-12-28,8.6,8.6,8.6,8.6,20000,8.6,2026-09-03T19:35:12.866396+00:00
2022-12-29,8.75,8.75,8.58,8.58,620,8.58,2026-09-03T19:35:12.866396+00:00
2023-01-01,8.53,8.68,8.5,8.68,24960,8.68,2026-09-03T19:35:12.866396+00:00
2023-01-02,8.85,8.85,8.85,8.85,380,8.85,2026-09-03T19:35:12.866396+00:00
2023-01-03,8.68,9.09,8.53,8.91,66403,8.91,2026-09-03T19:35:12.866396+00:00
2023-01-04,8.81,9.07,8.81,9.07,57212,9.07,2026-09-03T19:35:12.866396+00:00
2023-01-05,8.89,9.05,8.89,9.05,10200,9.05,2026-09-03T19:35:12.866396+00:00
2023-01-08,9.0,9.15,9.0,9.1,9810,9.1,2026-09-03T19:35:12.866396+00:00
2023-01-09,9.1,9.27,9.1,9.27,73750,9.27,2026-09-03T19:35:12.866396+00:00
2023-01-10,9.13,9.26,9.13,9.21,51470,9.21,2026-09-03T19:35:12.866396+00:00
2023-01-12,9.35,9.35,9.03,9.21,5600,9.21,2026-09-03T19:35:12.866396+00:00
2023-01-17,9.03,9.15,8.95,9.15,4200,9.15,2026-09-03T19:35:12.866396+00:00
2023-01-18,9.1,9.19,9.01,9.19,5600,9.19,2026-09-03T19:35:12.866396+00:00
2023-01-19,9.2,9.34,9.11,9.34,400,9.34,2026-09-03T19:35:12.866396+00:00
2023-01-23,9.16,9.21,9.16,9.21,1200,9.21,2026-09-03T19:35:12.866396+00:00
2023-01-24,9.03,9.03,9.03,9.03,800,9.03,2026-09-03T19:35:12.866396+00:00
2023-01-25,9.1,9.2,9.02,9.02,4650,9.02,2026-09-03T19:35:12.866396+00:00
2023-01-26,9.02,9.18,9.02,9.05,5900,9.05,2026-09-03T19:35:12.866396+00:00
2023-01-29,9.01,9.2,9.01,9.06,3900,9.06,2026-09-03T19:35:12.866396+00:00
2023-01-30,8.88,9.1,8.88,9.07,14250,9.07,2026-09-03T19:35:12.866396+00:00
2023-01-31,8.89,9.0,8.89,9.0,700,9.0,2026-09-03T19:35:12.866396+00:00
2023-02-01,9.0,9.0,8.87,8.87,2800,8.87,2026-09-03T19:35:12.866396+00:00
2023-02-02,9.04,9.09,8.91,8.91,19980,8.91,2026-09-03T19:35:12.866396+00:00
2023-02-05,8.77,8.77,8.77,8.77,200,8.77,2026-09-03T19:35:12.866396+00:00
2023-02-06,8.93,8.93,8.76,8.76,400,8.76,2026-09-03T19:35:12.866396+00:00
2023-02-07,8.9,9.1,8.9,9.0,950,9.0,2026-09-03T19:35:12.866396+00:00
2023-02-08,9.18,9.38,8.86,9.03,40500,9.03,2026-09-03T19:35:12.866396+00:00
2023-02-09,9.2,9.2,8.87,9.2,1895,9.2,2026-09-03T19:35:12.866396+00:00
2023-02-12,9.02,9.02,8.86,8.86,5500,8.86,2026-09-03T19:35:12.866396+00:00
2023-02-14,8.74,8.74,8.74,8.74,205,8.74,2026-09-03T19:35:12.866396+00:00
2023-02-15,8.6,8.7,8.6,8.7,870,8.7,2026-09-03T19:35:12.866396+00:00
2023-02-16,8.53,8.6,8.53,8.6,12430,8.6,2026-09-03T19:35:12.866396+00:00
2023-02-20,8.77,8.77,8.6,8.6,200,8.6,2026-09-03T19:35:12.866396+00:00
2023-02-22,8.53,8.53,8.53,8.53,100,8.53,2026-09-03T19:35:12.866396+00:00
2023-02-23,8.36,8.57,8.25,8.25,14980,8.25,2026-09-03T19:35:12.866396+00:00
2023-02-26,8.15,8.4,8.14,8.4,7416,8.4,2026-09-03T19:35:12.866396+00:00
2023-02-27,8.56,8.73,8.56,8.73,200,8.73,2026-09-03T19:35:12.866396+00:00
2023-02-28,8.9,8.98,8.9,8.94,300,8.94,2026-09-03T19:35:12.866396+00:00
2023-03-01,9.09,9.09,8.57,8.57,197490,8.57,2026-09-03T19:35:12.866396+00:00
2023-03-02,8.41,8.57,8.4,8.4,41200,8.4,2026-09-03T19:35:12.866396+00:00
2023-03-05,8.56,8.56,8.39,8.39,35200,8.39,2026-09-03T19:35:12.866396+00:00
2023-03-07,8.36,8.51,8.36,8.39,17683,8.39,2026-09-03T19:35:12.866396+00:00
2023-03-09,8.4,8.55,8.4,8.55,13642,8.55,2026-09-03T19:35:12.866396+00:00
2023-03-12,8.69,8.69,8.69,8.69,100,8.69,2026-09-03T19:35:12.866396+00:00
2023-03-14,8.52,8.52,8.2,8.2,24600,8.2,2026-09-03T19:35:12.866396+00:00
2023-03-15,8.26,8.49,8.04,8.49,81700,8.49,2026-09-03T19:35:12.866396+00:00
2023-03-16,8.5,8.5,8.5,8.5,5000,8.5,2026-09-03T19:35:12.866396+00:00
2023-03-19,8.35,8.37,8.35,8.37,600,8.37,2026-09-03T19:35:12.866396+00:00
2023-03-20,8.3,8.31,8.3,8.31,3500,8.31,2026-09-03T19:35:12.866396+00:00
2023-03-22,8.4,8.4,8.4,8.4,19900,8.4,2026-09-03T19:35:12.866396+00:00
2023-03-23,8.28,8.28,8.28,8.28,600,8.28,2026-09-03T19:35:12.866396+00:00
2023-03-26,8.25,8.41,8.22,8.41,24400,8.41,2026-09-03T19:35:12.866396+00:00
2023-03-27,8.45,8.45,8.3,8.3,2294,8.3,2026-09-03T19:35:12.866396+00:00
2023-03-29,8.3,8.46,8.3,8.46,10400,8.46,2026-09-03T19:35:12.866396+00:00
2023-03-30,8.3,8.3,8.3,8.3,2000,8.3,2026-09-03T19:35:12.866396+00:00
2023-04-02,8.3,8.3,8.15,8.15,120,8.15,2026-09-03T19:35:12.866396+00:00
2023-04-03,8.31,8.31,8.15,8.15,1450,8.15,2026-09-03T19:35:12.866396+00:00
2023-04-04,8.03,8.1,8.03,8.05,18100,8.05,2026-09-03T19:35:12.866396+00:00
2023-04-05,8.08,8.08,8.08,8.08,100,8.08,2026-09-03T19:35:12.866396+00:00
2023-04-06,8.0,8.32,8.0,8.12,32000,8.12,2026-09-03T19:35:12.866396+00:00
2023-04-09,8.28,8.28,8.28,8.28,1000,8.28,2026-09-03T19:35:12.866396+00:00
2023-04-10,8.14,8.22,8.13,8.22,47701,8.22,2026-09-03T19:35:12.866396+00:00
2023-04-11,8.37,8.38,8.37,8.38,11000,8.38,2026-09-03T19:35:12.866396+00:00
2023-04-12,8.54,8.66,8.51,8.61,25184,8.61,2026-09-03T19:35:12.866396+00:00
2023-04-13,8.65,8.65,8.49,8.64,16687,8.64,2026-09-03T19:35:12.866396+00:00
2023-04-16,8.79,8.79,8.61,8.61,161018,8.61,2026-09-03T19:35:12.866396+00:00
2023-04-17,8.54,8.67,8.5,8.52,210000,8.52,2026-09-03T19:35:12.866396+00:00
2023-04-18,8.69,8.69,8.52,8.52,555,8.52,2026-09-03T19:35:12.866396+00:00
2023-04-19,8.36,8.37,8.36,8.37,200,8.37,2026-09-03T19:35:12.866396+00:00
2023-04-23,8.33,8.49,8.33,8.49,2120,8.49,2026-09-03T19:35:12.866396+00:00
2023-04-25,8.4,8.74,8.4,8.74,20400,8.74,2026-09-03T19:35:12.866396+00:00
2023-04-26,8.57,8.6,8.57,8.6,5000,8.6,2026-09-03T19:35:12.866396+00:00
2023-04-27,8.59,8.6,8.45,8.55,10400,8.55,2026-09-03T19:35:12.866396+00:00
2023-04-30,8.5,8.67,8.5,8.54,16300,8.54,2026-09-03T19:35:12.866396+00:00
2023-05-02,8.71,8.71,8.54,8.55,104300,8.55,2026-09-03T19:35:12.866396+00:00
2023-05-03,8.55,8.55,8.5,8.5,3500,8.5,2026-09-03T19:35:12.866396+00:00
2023-05-04,8.67,8.67,8.5,8.55,6220,8.55,2026-09-03T19:35:12.866396+00:00
2023-05-07,8.38,8.54,8.38,8.54,925,8.54,2026-09-03T19:35:12.866396+00:00
2023-05-08,8.4,8.4,8.4,8.4,1100,8.4,2026-09-03T19:35:12.866396+00:00
2023-05-09,8.26,8.31,8.26,8.31,2800,8.31,2026-09-03T19:35:12.866396+00:00
2023-05-10,8.2,8.36,8.2,8.36,240,8.36,2026-09-03T19:35:12.866396+00:00
2023-05-11,8.3,8.3,8.3,8.3,100,8.3,2026-09-03T19:35:12.866396+00:00
2023-05-14,8.3,8.3,8.14,8.14,10100,8.14,2026-09-03T19:35:12.866396+00:00
2023-05-15,8.12,8.16,8.12,8.16,1050,8.16,2026-09-03T19:35:12.866396+00:00
2023-05-16,8.1,8.1,8.1,8.1,1143,8.1,2026-09-03T19:35:12.866396+00:00
2023-05-17,8.15,8.22,8.15,8.22,1000,8.22,2026-09-03T19:35:12.866396+00:00
2023-05-18,8.38,8.65,8.36,8.6,6500,8.6,2026-09-03T19:35:12.866396+00:00
2023-05-21,8.76,8.89,8.6,8.6,63450,8.6,2026-09-03T19:35:12.866396+00:00
2023-05-22,8.65,8.65,8.65,8.65,100,8.65,2026-09-03T19:35:12.866396+00:00
2023-05-23,8.7,8.7,8.7,8.7,600,8.7,2026-09-03T19:35:12.866396+00:00
2023-05-24,8.81,8.81,8.77,8.77,6900,8.77,2026-09-03T19:35:12.866396+00:00
2023-05-28,8.93,8.93,8.66,8.72,5400,8.72,2026-09-03T19:35:12.866396+00:00
2023-05-30,8.79,8.79,8.65,8.65,560,8.65,2026-09-03T19:35:12.866396+00:00
2023-05-31,8.5,8.5,8.34,8.34,44700,8.34,2026-09-03T19:35:12.866396+00:00
2023-06-01,8.25,8.5,8.25,8.5,300,8.5,2026-09-03T19:35:12.866396+00:00
2023-06-04,8.59,8.59,8.59,8.59,15000,8.59,2026-09-03T19:35:12.866396+00:00
2023-06-05,8.61,8.78,8.61,8.61,7000,8.61,2026-09-03T19:35:12.866396+00:00
2023-06-06,8.52,8.56,8.52,8.56,4900,8.56,2026-09-03T19:35:12.866396+00:00
2023-06-07,8.6,8.77,8.6,8.6,665,8.6,2026-09-03T19:35:12.866396+00:00
2023-06-08,8.77,8.81,8.65,8.65,179435,8.65,2026-09-03T19:35:12.866396+00:00
2023-06-11,8.79,8.89,8.7,8.86,157800,8.86,2026-09-03T19:35:12.866396+00:00
2023-06-12,8.9,8.9,8.75,8.75,25695,8.75,2026-09-03T19:35:12.866396+00:00
2023-06-13,8.9,8.99,8.9,8.99,113100,8.99,2026-09-03T19:35:12.866396+00:00
2023-06-14,8.97,9.0,8.85,8.85,56255,8.85,2026-09-03T19:35:12.866396+00:00
2023-06-15,8.72,9.0,8.72,8.85,6000,8.85,2026-09-03T19:35:12.866396+00:00
2023-06-18,8.69,9.03,8.69,9.03,6700,9.03,2026-09-03T19:35:12.866396+00:00
2023-06-19,9.02,9.03,8.85,9.0,36080,9.0,2026-09-03T19:35:12.866396+00:00
2023-06-20,8.82,8.99,8.82,8.9,34450,8.9,2026-09-03T19:35:12.866396+00:00
2023-06-21,8.98,9.0,8.98,9.0,11500,9.0,2026-09-03T19:35:12.866396+00:00
2023-06-22,9.1,9.13,9.0,9.0,110600,9.0,2026-09-03T19:35:12.866396+00:00
2023-06-25,9.05,9.18,9.05,9.18,95925,9.18,2026-09-03T19:35:12.866396+00:00
2023-06-26,9.18,9.18,9.18,9.18,12300,9.18,2026-09-03T19:35:12.866396+00:00
2023-06-27,9.18,9.54,9.18,9.35,14800,9.35,2026-09-03T19:35:12.866396+00:00
2023-06-28,9.3,9.53,9.3,9.34,58570,9.34,2026-09-03T19:35:12.866396+00:00
2023-07-02,9.2,9.5,9.2,9.5,15300,9.5,2026-09-03T19:35:12.866396+00:00
2023-07-03,9.6,9.6,9.04,9.04,35400,9.04,2026-09-03T19:35:12.866396+00:00
2023-07-04,9.1,9.1,9.01,9.01,25250,9.01,2026-09-03T19:35:12.866396+00:00
2023-07-05,8.9,9.0,8.9,9.0,1000,9.0,2026-09-03T19:35:12.866396+00:00
2023-07-06,9.18,9.25,9.0,9.0,61400,9.0,2026-09-03T19:35:12.866396+00:00
2023-07-09,8.85,9.18,8.85,9.18,21500,9.18,2026-09-03T19:35:12.866396+00:00
2023-07-10,9.18,9.25,9.13,9.13,59600,9.13,2026-09-03T19:35:12.866396+00:00
2023-07-11,9.09,9.17,9.06,9.13,55500,9.13,2026-09-03T19:35:12.866396+00:00
2023-07-12,9.1,9.37,9.07,9.2,12475,9.2,2026-09-03T19:35:12.866396+00:00
2023-07-13,9.25,9.38,9.16,9.38,48201,9.38,2026-09-03T19:35:12.866396+00:00
2023-07-16,9.56,10.31,9.0,9.33,93800,9.33,2026-09-03T19:35:12.866396+00:00
2023-07-17,9.17,9.3,9.17,9.3,24600,9.3,2026-09-03T19:35:12.866396+00:00
2023-07-18,9.3,9.4,9.2,9.22,247722,9.22,2026-09-03T19:35:12.866396+00:00
2023-07-19,9.3,9.42,9.3,9.35,46472,9.35,2026-09-03T19:35:12.866396+00:00
2023-07-20,9.18,9.48,9.18,9.48,9330,9.48,2026-09-03T19:35:12.866396+00:00
2023-07-23,9.35,9.42,9.35,9.42,900,9.42,2026-09-03T19:35:12.866396+00:00
2023-07-24,9.36,9.58,9.35,9.35,6680,9.35,2026-09-03T19:35:12.866396+00:00
2023-07-25,9.36,9.52,9.36,9.4,15157,9.4,2026-09-03T19:35:12.866396+00:00
2023-07-26,9.56,9.58,9.5,9.5,9770,9.5,2026-09-03T19:35:12.866396+00:00
2023-07-27,9.33,9.33,9.31,9.31,10653,9.31,2026-09-03T19:35:12.866396+00:00
2023-07-30,9.28,9.48,9.24,9.24,42743,9.24,2026-09-03T19:35:12.866396+00:00
2023-07-31,9.42,9.42,9.38,9.38,24100,9.38,2026-09-03T19:35:12.866396+00:00
2023-08-01,9.56,9.56,9.22,9.22,22700,9.22,2026-09-03T19:35:12.866396+00:00
2023-08-02,9.22,9.22,9.17,9.17,8400,9.17,2026-09-03T19:35:12.866396+00:00
2023-08-03,9.35,9.35,9.17,9.18,6375,9.18,2026-09-03T19:35:12.866396+00:00
2023-08-06,9.12,9.2,9.12,9.2,1000,9.2,2026-09-03T19:35:12.866396+00:00
2023-08-07,9.3,9.3,9.1,9.1,38140,9.1,2026-09-03T19:35:12.866396+00:00
2023-08-08,9.04,9.1,9.04,9.1,6200,9.1,2026-09-03T19:35:12.866396+00:00
2023-08-09,9.1,9.15,9.1,9.15,310,9.15,2026-09-03T19:35:12.866396+00:00
2023-08-10,9.0,9.2,9.0,9.17,12400,9.17,2026-09-03T19:35:12.866396+00:00
2023-08-13,9.28,9.35,9.18,9.2,20900,9.2,2026-09-03T19:35:12.866396+00:00
2023-08-14,9.13,9.37,9.13,9.37,3500,9.37,2026-09-03T19:35:12.866396+00:00
2023-08-15,9.2,9.38,9.2,9.38,17120,9.38,2026-09-03T19:35:12.866396+00:00
2023-08-16,9.2,9.35,9.17,9.35,10200,9.35,2026-09-03T19:35:12.866396+00:00
2023-08-17,9.17,9.17,9.17,9.17,100,9.17,2026-09-03T19:35:12.866396+00:00
2023-08-20,9.0,9.2,9.0,9.07,2490,9.07,2026-09-03T19:35:12.866396+00:00
2023-08-21,9.0,9.18,9.0,9.18,300,9.18,2026-09-03T19:35:12.866396+00:00
2023-08-22,9.2,9.2,9.06,9.06,40000,9.06,2026-09-03T19:35:12.866396+00:00
2023-08-23,9.1,9.1,9.06,9.06,5000,9.06,2026-09-03T19:35:12.866396+00:00
2023-08-24,9.13,9.24,9.1,9.24,17700,9.24,2026-09-03T19:35:12.866396+00:00
2023-08-27,9.09,9.16,9.09,9.16,400,9.16,2026-09-03T19:35:12.866396+00:00
2023-08-28,9.2,9.2,9.2,9.2,280,9.2,2026-09-03T19:35:12.866396+00:00
2023-08-29,9.23,9.23,9.15,9.23,13400,9.23,2026-09-03T19:35:12.866396+00:00
2023-08-30,9.2,9.2,9.2,9.2,3000,9.2,2026-09-03T19:35:12.866396+00:00
2023-09-03,9.05,9.22,9.05,9.21,6050,9.21,2026-09-03T19:35:12.866396+00:00
2023-09-04,9.2,9.2,9.03,9.03,13600,9.03,2026-09-03T19:35:12.866396+00:00
2023-09-05,9.0,9.0,9.0,9.0,100,9.0,2026-09-03T19:35:12.866396+00:00
2023-09-07,8.86,9.04,8.86,9.04,9075,9.04,2026-09-03T19:35:12.866396+00:00
2023-09-10,9.03,9.08,9.02,9.08,11000,9.08,2026-09-03T19:35:12.866396+00:00
2023-09-11,9.09,9.26,9.09,9.26,16000,9.26,2026-09-03T19:35:12.866396+00:00
2023-09-12,9.11,9.11,9.08,9.08,26000,9.08,2026-09-03T19:35:12.866396+00:00
2023-09-13,9.11,9.11,9.11,9.11,2000,9.11,2026-09-03T19:35:12.866396+00:00
2023-09-17,9.05,9.27,9.05,9.15,4310,9.15,2026-09-03T19:35:12.866396+00:00
2023-09-18,9.3,9.3,9.16,9.29,8000,9.29,2026-09-03T19:35:12.866396+00:00
2023-09-19,9.11,9.2,9.0,9.2,6100,9.2,2026-09-03T19:35:12.866396+00:00
2023-09-21,9.02,9.38,9.02,9.22,33660,9.22,2026-09-03T19:35:12.866396+00:00
2023-09-24,9.09,9.4,9.09,9.4,36700,9.4,2026-09-03T19:35:12.866396+00:00
2023-09-25,9.22,9.42,9.04,9.25,24700,9.25,2026-09-03T19:35:12.866396+00:00
2023-09-26,9.4,9.69,9.07,9.08,391140,9.08,2026-09-03T19:35:12.866396+00:00
2023-09-27,9.26,9.43,9.26,9.43,18000,9.43,2026-09-03T19:35:12.866396+00:00
2023-10-01,9.26,9.44,9.26,9.44,60130,9.44,2026-09-03T19:35:12.866396+00:00
2023-10-02,9.59,9.59,9.22,9.22,10400,9.22,2026-09-03T19:35:12.866396+00:00
2023-10-03,9.05,9.05,9.05,9.05,100,9.05,2026-09-03T19:35:12.866396+00:00
2023-10-05,9.07,9.11,9.07,9.11,200,9.11,2026-09-03T19:35:12.866396+00:00
2023-10-09,9.11,9.28,9.11,9.15,10450,9.15,2026-09-03T19:35:12.866396+00:00
2023-10-10,9.33,9.33,9.15,9.15,11300,9.15,2026-09-03T19:35:12.866396+00:00
2023-10-12,9.01,9.2,9.01,9.2,20300,9.2,2026-09-03T19:35:12.866396+00:00
2023-10-16,9.38,9.48,9.3,9.3,53550,9.3,2026-09-03T19:35:12.866396+00:00
2023-10-17,9.39,9.39,9.23,9.26,48780,9.26,2026-09-03T19:35:12.866396+00:00
2023-10-18,9.35,9.35,9.27,9.35,40300,9.35,2026-09-03T19:35:12.866396+00:00
2023-10-19,9.49,9.53,9.34,9.36,54390,9.36,2026-09-03T19:35:12.866396+00:00
2023-10-29,9.3,9.3,9.18,9.27,25969,9.27,2026-09-03T19:35:12.866396+00:00
2023-10-31,9.29,9.3,9.19,9.2,17500,9.2,2026-09-03T19:35:12.866396+00:00
2023-11-01,9.21,9.26,9.19,9.2,54575,9.2,2026-09-03T19:35:12.866396+00:00
2023-11-02,9.31,9.38,9.31,9.35,50850,9.35,2026-09-03T19:35:12.866396+00:00
2023-11-05,9.35,9.48,9.14,9.3,39661,9.3,2026-09-03T19:35:12.866396+00:00
2023-11-06,9.25,9.28,9.02,9.02,94400,9.02,2026-09-03T19:35:12.866396+00:00
2023-11-07,9.2,9.3,9.1,9.3,157083,9.3,2026-09-03T19:35:12.866396+00:00
2023-11-08,8.14,8.2,8.0,8.2,21225,8.2,2026-09-03T19:35:12.866396+00:00
2023-11-09,8.17,8.29,8.08,8.19,32250,8.19,2026-09-03T19:35:12.866396+00:00
2023-11-20,8.03,8.3,8.03,8.2,14200,8.2,2026-09-03T19:35:12.866396+00:00
2023-11-21,8.35,8.5,8.31,8.5,30143,8.5,2026-09-03T19:35:12.866396+00:00
2023-11-22,8.4,8.42,8.36,8.36,17950,8.36,2026-09-03T19:35:12.866396+00:00
2023-11-23,8.5,8.51,8.5,8.51,16000,8.51,2026-09-03T19:35:12.866396+00:00
2023-11-26,8.36,8.8,8.36,8.8,18203,8.8,2026-09-03T19:35:12.866396+00:00
2023-11-27,8.63,8.63,8.3,8.3,2907,8.3,2026-09-03T19:35:12.866396+00:00
2023-11-28,8.15,8.31,8.15,8.31,10100,8.31,2026-09-03T19:35:12.866396+00:00
2023-11-29,8.15,8.15,8.15,8.15,250,8.15,2026-09-03T19:35:12.866396+00:00
2023-11-30,7.99,8.14,7.99,8.14,200,8.14,2026-09-03T19:35:12.866396+00:00
2023-12-03,8.07,8.07,8.07,8.07,1000,8.07,2026-09-03T19:35:12.866396+00:00
2023-12-04,8.23,8.23,8.23,8.23,240,8.23,2026-09-03T19:35:12.866396+00:00
2023-12-05,8.1,8.1,8.1,8.1,200,8.1,2026-09-03T19:35:12.866396+00:00
2023-12-06,8.24,8.24,8.2,8.2,640,8.2,2026-09-03T19:35:12.866396+00:00
2023-12-07,8.35,8.35,8.35,8.35,3000,8.35,2026-09-03T19:35:12.866396+00:00
2023-12-11,8.35,8.47,8.35,8.47,12790,8.47,2026-09-03T19:35:12.866396+00:00
2023-12-12,8.59,8.59,8.26,8.26,10800,8.26,2026-09-03T19:35:12.866396+00:00
2023-12-13,8.21,8.21,8.21,8.21,100,8.21,2026-09-03T19:35:12.866396+00:00
2023-12-14,8.21,8.35,8.19,8.2,4672,8.2,2026-09-03T19:35:12.866396+00:00
2023-12-17,8.2,8.52,8.18,8.52,25025,8.52,2026-09-03T19:35:12.866396+00:00
2023-12-18,8.52,8.94,8.52,8.94,78800,8.94,2026-09-03T19:35:12.866396+00:00
2023-12-19,8.95,9.0,8.78,8.95,7760,8.95,2026-09-03T19:35:12.866396+00:00
2023-12-20,8.78,8.79,8.7,8.75,43350,8.75,2026-09-03T19:35:12.866396+00:00
2023-12-21,8.59,8.6,8.5,8.5,55060,8.5,2026-09-03T19:35:12.866396+00:00
2023-12-24,8.67,8.81,8.54,8.81,51850,8.81,2026-09-03T19:35:12.866396+00:00
2023-12-27,8.75,8.98,8.75,8.98,189360,8.98,2026-09-03T19:35:12.866396+00:00
2023-12-28,8.92,8.92,8.92,8.92,19772,8.92,2026-09-03T19:35:12.866396+00:00
2024-01-01,9.09,9.18,8.92,9.18,4220,9.18,2026-09-03T19:35:12.866396+00:00
2024-01-02,9.1,9.1,8.76,8.89,57625,8.89,2026-09-03T19:35:12.866396+00:00
2024-01-03,8.81,9.23,8.81,9.23,14100,9.23,2026-09-03T19:35:12.866396+00:00
2024-01-04,9.1,9.15,8.97,8.97,101300,8.97,2026-09-03T19:35:12.866396+00:00
2024-01-07,8.9,8.9,8.9,8.9,16800,8.9,2026-09-03T19:35:12.866396+00:00
2024-01-08,8.73,8.9,8.73,8.9,10550,8.9,2026-09-03T19:35:12.866396+00:00
2024-01-09,9.0,9.0,8.82,8.85,4800,8.85,2026-09-03T19:35:12.866396+00:00
2024-01-10,8.85,8.85,8.81,8.81,1000,8.81,2026-09-03T19:35:12.866396+00:00
2024-01-11,8.8,8.8,8.64,8.64,6800,8.64,2026-09-03T19:35:12.866396+00:00
2024-01-14,8.5,8.62,8.5,8.61,8100,8.61,2026-09-03T19:35:12.866396+00:00
2024-01-16,8.5,8.56,8.4,8.56,2100,8.56,2026-09-03T19:35:12.866396+00:00
2024-01-17,8.73,8.73,8.73,8.73,200,8.73,2026-09-03T19:35:12.866396+00:00
2024-01-18,8.73,8.75,8.6,8.6,3960,8.6,2026-09-03T19:35:12.866396+00:00
2024-01-21,8.77,8.77,8.61,8.64,1300,8.64,2026-09-03T19:35:12.866396+00:00
2024-01-22,8.47,8.66,8.47,8.6,14300,8.6,2026-09-03T19:35:12.866396+00:00
2024-01-24,8.61,8.61,8.61,8.61,4925,8.61,2026-09-03T19:35:12.866396+00:00
2024-01-25,8.45,8.5,8.45,8.47,2200,8.47,2026-09-03T19:35:12.866396+00:00
2024-01-28,8.46,8.8,8.46,8.8,1600,8.8,2026-09-03T19:35:12.866396+00:00
2024-01-29,8.97,8.97,8.97,8.97,100,8.97,2026-09-03T19:35:12.866396+00:00
2024-01-30,9.14,9.14,8.46,8.62,4500,8.62,2026-09-03T19:35:12.866396+00:00
2024-01-31,8.45,8.6,8.45,8.6,14922,8.6,2026-09-03T19:35:12.866396+00:00
2024-02-01,8.5,8.5,8.5,8.5,100,8.5,2026-09-03T19:35:12.866396+00:00
2024-02-04,8.33,8.33,8.27,8.27,600,8.27,2026-09-03T19:35:12.866396+00:00
2024-02-06,8.33,8.36,8.32,8.36,5300,8.36,2026-09-03T19:35:12.866396+00:00
2024-02-08,8.4,8.56,8.4,8.56,1100,8.56,2026-09-03T19:35:12.866396+00:00
2024-02-11,8.4,8.4,8.4,8.4,100,8.4,2026-09-03T19:35:12.866396+00:00
2024-02-12,8.55,8.85,8.46,8.85,18700,8.85,2026-09-03T19:35:12.866396+00:00
2024-02-14,8.68,8.68,8.34,8.34,4800,8.34,2026-09-03T19:35:12.866396+00:00
2024-02-15,8.33,8.34,8.33,8.33,2450,8.33,2026-09-03T19:35:12.866396+00:00
2024-02-18,8.33,8.49,8.33,8.49,25030,8.49,2026-09-03T19:35:12.866396+00:00
2024-02-20,8.36,8.36,8.36,8.36,350,8.36,2026-09-03T19:35:12.866396+00:00
2024-02-21,8.52,8.52,8.35,8.51,909,8.51,2026-09-03T19:35:12.866396+00:00
2024-02-22,8.37,8.37,8.37,8.37,5500,8.37,2026-09-03T19:35:12.866396+00:00
2024-02-25,8.25,8.25,8.25,8.25,100,8.25,2026-09-03T19:35:12.866396+00:00
2024-02-26,8.12,8.32,8.12,8.32,2150,8.32,2026-09-03T19:35:12.866396+00:00
2024-02-28,8.16,8.32,8.16,8.32,10020,8.32,2026-09-03T19:35:12.866396+00:00
2024-03-03,8.23,8.23,8.23,8.23,120,8.23,2026-09-03T19:35:12.866396+00:00
2024-03-05,8.39,8.39,8.23,8.23,5600,8.23,2026-09-03T19:35:12.866396+00:00
2024-03-06,8.35,8.39,8.35,8.39,5000,8.39,2026-09-03T19:35:12.866396+00:00
2024-03-10,8.3,8.55,8.3,8.55,16835,8.55,2026-09-03T19:35:12.866396+00:00
2024-03-12,8.7,8.72,8.7,8.72,18580,8.72,2026-09-03T19:35:12.866396+00:00
2024-03-13,8.8,8.8,8.63,8.63,2100,8.63,2026-09-03T19:35:12.866396+00:00
2024-03-14,8.8,8.8,8.8,8.8,200,8.8,2026-09-03T19:35:12.866396+00:00
2024-03-17,8.9,9.07,8.89,8.89,34293,8.89,2026-09-03T19:35:12.866396+00:00
2024-03-18,8.98,8.99,8.72,8.72,91000,8.72,2026-09-03T19:35:12.866396+00:00
2024-03-19,8.56,8.59,8.56,8.59,600,8.59,2026-09-03T19:35:12.866396+00:00
2024-03-20,8.59,8.59,8.59,8.59,200,8.59,2026-09-03T19:35:12.866396+00:00
2024-03-21,8.45,8.47,8.45,8.47,10490,8.47,2026-09-03T19:35:12.866396+00:00
2024-03-25,8.6,8.6,8.43,8.43,7000,8.43,2026-09-03T19:35:12.866396+00:00
2024-03-26,8.43,8.43,8.43,8.43,44365,8.43,2026-09-03T19:35:12.866396+00:00
2024-03-27,8.4,8.4,8.4,8.4,111,8.4,2026-09-03T19:35:12.866396+00:00
2024-03-28,8.56,8.56,8.56,8.56,10350,8.56,2026-09-03T19:35:12.866396+00:00
2024-04-02,8.7,8.7,8.7,8.7,100165,8.7,2026-09-03T19:35:12.866396+00:00
2024-04-03,8.53,8.87,8.36,8.87,5600,8.87,2026-09-03T19:35:12.866396+00:00
2024-04-04,8.7,8.7,8.7,8.7,650,8.7,2026-09-03T19:35:12.866396+00:00
2024-04-07,8.53,8.7,8.53,8.7,8500,8.7,2026-09-03T19:35:12.866396+00:00
2024-04-10,8.7,8.7,8.7,8.7,1000,8.7,2026-09-03T19:35:12.866396+00:00
2024-04-14,8.6,8.6,8.53,8.53,200,8.53,2026-09-03T19:35:12.866396+00:00
2024-04-15,8.36,8.4,8.36,8.4,200,8.4,2026-09-03T19:35:12.866396+00:00
2024-04-16,8.45,8.45,8.35,8.35,8800,8.35,2026-09-03T19:35:12.866396+00:00
2024-04-18,8.2,8.3,8.2,8.3,3200,8.3,2026-09-03T19:35:12.866396+00:00
2024-04-21,8.15,8.15,8.15,8.15,1000,8.15,2026-09-03T19:35:12.866396+00:00
2024-04-22,8.15,8.15,8.01,8.13,600,8.13,2026-09-03T19:35:12.866396+00:00
2024-04-24,7.99,7.99,7.71,7.96,375,7.96,2026-09-03T19:35:12.866396+00:00
2024-04-25,7.81,7.96,7.81,7.96,425,7.96,2026-09-03T19:35:12.866396+00:00
2024-04-28,7.85,8.12,7.85,8.12,3100,8.12,2026-09-03T19:35:12.866396+00:00
2024-04-29,8.13,8.28,8.12,8.28,1300,8.28,2026-09-03T19:35:12.866396+00:00
2024-04-30,8.2,8.2,8.2,8.2,100,8.2,2026-09-03T19:35:12.866396+00:00
2024-05-02,8.2,8.23,8.2,8.23,142784,8.23,2026-09-03T19:35:12.866396+00:00
2024-05-05,8.13,8.39,8.13,8.39,3270,8.39,2026-09-03T19:35:12.866396+00:00
2024-05-06,8.3,8.39,8.23,8.39,33775,8.39,2026-09-03T19:35:12.866396+00:00
2024-05-07,8.5,8.72,8.5,8.68,124474,8.68,2026-09-03T19:35:12.866396+00:00
2024-05-08,8.51,8.51,8.51,8.51,2535,8.51,2026-09-03T19:35:12.866396+00:00
2024-05-09,8.49,8.75,8.49,8.75,100200,8.75,2026-09-03T19:35:12.866396+00:00
2024-05-12,8.9,9.0,8.8,8.8,265117,8.8,2026-09-03T19:35:12.866396+00:00
2024-05-13,8.97,9.01,8.63,8.8,111000,8.8,2026-09-03T19:35:12.866396+00:00
2024-05-14,8.85,9.02,8.85,9.02,21725,9.02,2026-09-03T19:35:12.866396+00:00
2024-05-15,8.84,8.84,8.84,8.84,200,8.84,2026-09-03T19:35:12.866396+00:00
2024-05-16,8.7,8.7,8.67,8.67,40600,8.67,2026-09-03T19:35:12.866396+00:00
2024-05-19,8.51,8.51,8.5,8.51,9000,8.51,2026-09-03T19:35:12.866396+00:00
2024-05-20,8.68,8.68,8.57,8.57,37943,8.57,2026-09-03T19:35:12.866396+00:00
2024-05-21,8.6,8.6,8.48,8.48,800,8.48,2026-09-03T19:35:12.866396+00:00
2024-05-22,8.6,8.62,8.6,8.62,10200,8.62,2026-09-03T19:35:12.866396+00:00
2024-05-26,8.66,8.96,8.66,8.96,89745,8.96,2026-09-03T19:35:12.866396+00:00
2024-05-27,8.96,9.1,8.7,8.71,8250,8.71,2026-09-03T19:35:12.866396+00:00
2024-05-29,8.88,8.88,8.88,8.88,2400,8.88,2026-09-03T19:35:12.866396+00:00
2024-06-03,9.0,9.05,8.87,8.87,28143,8.87,2026-09-03T19:35:12.866396+00:00
2024-06-04,8.8,8.95,8.8,8.81,1100,8.81,2026-09-03T19:35:12.866396+00:00
2024-06-05,8.82,8.82,8.81,8.81,10000,8.81,2026-09-03T19:35:12.866396+00:00
2024-06-06,8.64,8.77,8.64,8.77,400,8.77,2026-09-03T19:35:12.866396+00:00
2024-06-09,8.8,8.8,8.6,8.62,11000,8.62,2026-09-03T19:35:12.866396+00:00
2024-06-10,8.53,8.53,8.53,8.53,1000,8.53,2026-09-03T19:35:12.866396+00:00
2024-06-11,8.38,8.63,8.38,8.62,1900,8.62,2026-09-03T19:35:12.866396+00:00
2024-06-13,8.48,8.5,8.48,8.5,300,8.5,2026-09-03T19:35:12.866396+00:00
2024-06-16,8.6,8.67,8.6,8.65,25000,8.65,2026-09-03T19:35:12.866396+00:00
2024-06-18,8.82,8.99,8.82,8.99,9200,8.99,2026-09-03T19:35:12.866396+00:00
2024-06-19,8.82,8.82,8.67,8.82,2400,8.82,2026-09-03T19:35:12.866396+00:00
2024-06-23,8.72,8.89,8.38,8.89,8200,8.89,2026-09-03T19:35:12.866396+00:00
2024-06-24,8.72,8.72,8.55,8.7,3200,8.7,2026-09-03T19:35:12.866396+00:00
2024-06-25,8.71,8.8,8.71,8.8,1600,8.8,2026-09-03T19:35:12.866396+00:00
2024-06-26,8.65,8.83,8.65,8.83,1500,8.83,2026-09-03T19:35:12.866396+00:00
2024-06-27,8.7,8.71,8.7,8.71,8700,8.71,2026-09-03T19:35:12.866396+00:00
2024-06-30,8.88,9.15,8.87,9.0,127420,9.0,2026-09-03T19:35:12.866396+00:00
2024-07-01,9.15,9.18,9.15,9.18,16729,9.18,2026-09-03T19:35:12.866396+00:00
2024-07-02,9.36,9.36,9.2,9.2,21240,9.2,2026-09-03T19:35:12.866396+00:00
2024-07-03,9.11,9.11,9.11,9.11,100,9.11,2026-09-03T19:35:12.866396+00:00
2024-07-04,9.0,9.18,8.82,8.82,3501200,8.82,2026-09-03T19:35:12.866396+00:00
2024-07-07,8.65,8.7,8.65,8.7,3400,8.7,2026-09-03T19:35:12.866396+00:00
2024-07-08,8.87,9.04,8.71,9.04,700,9.04,2026-09-03T19:35:12.866396+00:00
2024-07-09,9.0,9.0,9.0,9.0,50000,9.0,2026-09-03T19:35:12.866396+00:00
2024-07-10,9.18,9.3,9.18,9.3,300,9.3,2026-09-03T19:35:12.866396+00:00
2024-07-11,9.15,9.15,9.15,9.15,700,9.15,2026-09-03T19:35:12.866396+00:00
2024-07-14,9.3,9.3,9.3,9.3,1000,9.3,2026-09-03T19:35:12.866396+00:00
2024-07-15,9.48,9.6,9.48,9.6,1700,9.6,2026-09-03T19:35:12.866396+00:00
2024-07-16,9.41,9.41,9.22,9.41,3565,9.41,2026-09-03T19:35:12.866396+00:00
2024-07-17,9.23,9.59,9.23,9.35,1093640,9.35,2026-09-03T19:35:12.866396+00:00
2024-07-18,9.35,9.58,9.3,9.4,18200,9.4,2026-09-03T19:35:12.866396+00:00
2024-07-21,9.49,10.04,9.49,10.04,35960,10.04,2026-09-03T19:35:12.866396+00:00
2024-07-22,9.84,10.14,9.8,10.14,45420,10.14,2026-09-03T19:35:12.866396+00:00
2024-07-23,9.94,10.1,9.94,10.0,33900,10.0,2026-09-03T19:35:12.866396+00:00
2024-07-24,9.9,10.05,9.82,9.99,133575,9.99,2026-09-03T19:35:12.866396+00:00
2024-07-25,10.18,10.18,9.8,9.82,1980,9.82,2026-09-03T19:35:12.866396+00:00
2024-07-28,9.63,9.9,9.63,9.8,238472,9.8,2026-09-03T19:35:12.866396+00:00
2024-07-29,9.99,10.3,9.99,10.0,17810,10.0,2026-09-03T19:35:12.866396+00:00
2024-07-30,9.99,10.15,9.82,9.84,8800,9.84,2026-09-03T19:35:12.866396+00:00
2024-07-31,9.69,10.15,9.69,10.0,35700,10.0,2026-09-03T19:35:12.866396+00:00
2024-08-01,10.0,10.3,9.91,10.0,42840,10.0,2026-09-03T19:35:12.866396+00:00
2024-08-05,9.83,10.0,9.83,9.91,41800,9.91,2026-09-03T19:35:12.866396+00:00
2024-08-06,9.9,10.0,9.72,9.8,54300,9.8,2026-09-03T19:35:12.866396+00:00
2024-08-07,9.62,10.02,9.62,10.02,2200,10.02,2026-09-03T19:35:12.866396+00:00
2024-08-08,9.82,10.19,9.7,9.85,2980400,9.85,2026-09-03T19:35:12.866396+00:00
2024-08-11,9.81,10.02,9.81,9.9,34800,9.9,2026-09-03T19:35:12.866396+00:00
2024-08-12,10.0,10.19,9.91,10.0,734228,10.0,2026-09-03T19:35:12.866396+00:00
2024-08-13,9.94,10.13,9.94,9.97,119092,9.97,2026-09-03T19:35:12.866396+00:00
2024-08-14,9.97,9.97,9.65,9.88,27890,9.88,2026-09-03T19:35:12.866396+00:00
2024-08-15,9.7,10.19,9.7,10.19,143861,10.19,2026-09-03T19:35:12.866396+00:00
2024-08-18,10.19,10.19,9.8,10.0,15400,10.0,2026-09-03T19:35:12.866396+00:00
2024-08-21,10.0,10.23,10.0,10.02,42210,10.02,2026-09-03T19:35:12.866396+00:00
2024-08-22,9.82,10.19,9.82,10.01,24300,10.01,2026-09-03T19:35:12.866396+00:00
2024-08-25,10.0,10.1,10.0,10.06,4500,10.06,2026-09-03T19:35:12.866396+00:00
2024-08-27,10.0,10.11,10.0,10.1,71565,10.1,2026-09-03T19:35:12.866396+00:00
2024-08-28,10.19,10.24,9.99,9.99,29569,9.99,2026-09-03T19:35:12.866396+00:00
2024-08-29,10.18,10.2,10.0,10.02,35090,10.02,2026-09-03T19:35:12.866396+00:00
2024-09-01,9.99,10.24,9.99,10.22,33281,10.22,2026-09-03T19:35:12.866396+00:00
2024-09-02,10.1,10.15,10.07,10.15,8970,10.15,2026-09-03T19:35:12.866396+00:00
2024-09-03,10.1,10.2,10.1,10.1,71280,10.1,2026-09-03T19:35:12.866396+00:00
2024-09-04,10.03,10.18,10.0,10.18,47400,10.18,2026-09-03T19:35:12.866396+00:00
2024-09-05,10.26,10.26,10.06,10.1,28595,10.1,2026-09-03T19:35:12.866396+00:00
2024-09-08,10.01,10.19,10.01,10.19,17130,10.19,2026-09-03T19:35:12.866396+00:00
2024-09-09,10.07,10.11,10.05,10.1,32405,10.1,2026-09-03T19:35:12.866396+00:00
2024-09-10,10.3,10.3,10.06,10.08,54320,10.08,2026-09-03T19:35:12.866396+00:00
2024-09-11,10.28,10.48,10.01,10.2,31325,10.2,2026-09-03T19:35:12.866396+00:00
2024-09-12,10.03,10.5,10.02,10.31,332565,10.31,2026-09-03T19:35:12.866396+00:00
2024-09-15,10.11,10.11,9.71,9.98,68256,9.98,2026-09-03T19:35:12.866396+00:00
2024-09-16,9.99,10.23,9.99,10.03,255200,10.03,2026-09-03T19:35:12.866396+00:00
2024-09-18,9.83,9.83,9.64,9.64,10170,9.64,2026-09-03T19:35:12.866396+00:00
2024-09-22,9.46,9.46,9.0,9.0,59500,9.0,2026-09-03T19:35:12.866396+00:00
2024-09-23,9.1,9.1,8.92,8.92,7000,8.92,2026-09-03T19:35:12.866396+00:00
2024-09-24,9.0,9.0,8.92,9.0,3730,9.0,2026-09-03T19:35:12.866396+00:00
2024-09-25,9.0,9.18,9.0,9.18,200,9.18,2026-09-03T19:35:12.866396+00:00
2024-09-26,9.18,9.18,9.0,9.15,2200,9.15,2026-09-03T19:35:12.866396+00:00
2024-09-29,8.97,8.97,8.81,8.81,6000,8.81,2026-09-03T19:35:12.866396+00:00
2024-09-30,8.64,8.72,8.49,8.72,13170,8.72,2026-09-03T19:35:12.866396+00:00
2024-10-01,8.89,9.06,8.89,9.06,300,9.06,2026-09-03T19:35:12.866396+00:00
2024-10-02,8.89,8.89,8.89,8.89,200,8.89,2026-09-03T19:35:12.866396+00:00
2024-10-06,8.74,8.94,8.74,8.74,20700,8.74,2026-09-03T19:35:12.866396+00:00
2024-10-07,8.91,8.91,8.91,8.91,1900,8.91,2026-09-03T19:35:12.866396+00:00
2024-10-08,8.8,8.8,8.8,8.8,500,8.8,2026-09-03T19:35:12.866396+00:00
2024-10-09,8.91,9.08,8.91,9.08,300,9.08,2026-09-03T19:35:12.866396+00:00
2024-10-15,9.08,9.08,9.01,9.01,718,9.01,2026-09-03T19:35:12.866396+00:00
2024-10-16,8.93,9.0,8.93,9.0,2800,9.0,2026-09-03T19:35:12.866396+00:00
2024-10-17,8.83,9.2,8.83,9.2,1850,9.2,2026-09-03T19:35:12.866396+00:00
2024-10-20,9.21,9.22,9.2,9.22,2900,9.22,2026-09-03T19:35:12.866396+00:00
2024-10-21,9.11,9.15,9.11,9.15,4000,9.15,2026-09-03T19:35:12.866396+00:00
2024-10-22,9.07,9.38,9.07,9.38,2700,9.38,2026-09-03T19:35:12.866396+00:00
2024-10-23,9.3,9.3,9.3,9.3,100,9.3,2026-09-03T19:35:12.866396+00:00
2024-10-24,9.15,9.33,9.15,9.2,11300,9.2,2026-09-03T19:35:12.866396+00:00
2024-10-27,9.05,9.05,9.05,9.05,1100,9.05,2026-09-03T19:35:12.866396+00:00
2024-10-28,9.23,9.3,9.23,9.3,200,9.3,2026-09-03T19:35:12.866396+00:00
2024-10-29,9.13,9.31,9.13,9.31,1400,9.31,2026-09-03T19:35:12.866396+00:00
2024-10-30,9.15,9.15,9.15,9.15,800,9.15,2026-09-03T19:35:12.866396+00:00
2024-11-05,8.98,9.18,8.98,9.18,7200,9.18,2026-09-03T19:35:12.866396+00:00
2024-11-06,9.36,9.6,9.36,9.6,18000,9.6,2026-09-03T19:35:12.866396+00:00
2024-11-10,9.43,9.5,9.43,9.5,19590,9.5,2026-09-03T19:35:12.866396+00:00
2024-11-11,9.5,9.68,9.5,9.6,11600,9.6,2026-09-03T19:35:12.866396+00:00
2024-11-12,9.68,9.68,9.49,9.49,2785,9.49,2026-09-03T19:35:12.866396+00:00
2024-11-13,9.49,9.67,9.49,9.67,57211,9.67,2026-09-03T19:35:12.866396+00:00
2024-11-14,9.66,9.67,9.66,9.67,5100,9.67,2026-09-03T19:35:12.866396+00:00
2024-11-17,9.85,10.1,9.85,10.0,31950,10.0,2026-09-03T19:35:12.866396+00:00
2024-11-19,10.01,10.21,10.0,10.02,343116,10.02,2026-09-03T19:35:12.866396+00:00
2024-11-20,10.19,10.21,10.19,10.21,449950,10.21,2026-09-03T19:35:12.866396+00:00
2024-11-24,10.4,10.4,10.4,10.4,100,10.4,2026-09-03T19:35:12.866396+00:00
2024-11-25,10.25,10.25,10.2,10.2,8700,10.2,2026-09-03T19:35:12.866396+00:00
2024-11-26,10.0,10.0,9.81,9.84,900,9.84,2026-09-03T19:35:12.866396+00:00
2024-11-27,9.66,9.69,9.5,9.52,10800,9.52,2026-09-03T19:35:12.866396+00:00
2024-11-28,9.52,9.52,9.47,9.47,1100,9.47,2026-09-03T19:35:12.866396+00:00
2024-12-01,9.51,9.51,9.5,9.5,5800,9.5,2026-09-03T19:35:12.866396+00:00
2024-12-03,9.5,9.88,9.5,9.88,42652,9.88,2026-09-03T19:35:12.866396+00:00
2024-12-04,9.69,9.7,9.69,9.69,75135,9.69,2026-09-03T19:35:12.866396+00:00
2024-12-05,9.5,9.51,9.5,9.51,1100,9.51,2026-09-03T19:35:12.866396+00:00
2024-12-08,9.32,9.5,9.32,9.5,800,9.5,2026-09-03T19:35:12.866396+00:00
2024-12-09,9.33,9.51,9.33,9.51,3400,9.51,2026-09-03T19:35:12.866396+00:00
2024-12-10,9.41,9.41,9.4,9.41,8700,9.41,2026-09-03T19:35:12.866396+00:00
2024-12-11,9.4,9.4,9.23,9.23,1800,9.23,2026-09-03T19:35:12.866396+00:00
2024-12-12,9.33,9.52,9.33,9.51,15448,9.51,2026-09-03T19:35:12.866396+00:00
2024-12-16,9.32,9.32,9.32,9.32,100,9.32,2026-09-03T19:35:12.866396+00:00
2024-12-17,9.3,9.32,9.3,9.3,11100,9.3,2026-09-03T19:35:12.866396+00:00
2024-12-18,9.25,9.25,9.25,9.25,3200,9.25,2026-09-03T19:35:12.866396+00:00
2024-12-19,9.25,9.25,9.25,9.25,500,9.25,2026-09-03T19:35:12.866396+00:00
2024-12-22,9.3,9.3,9.12,9.12,7100,9.12,2026-09-03T19:35:12.866396+00:00
2024-12-23,9.11,9.11,9.11,9.11,300,9.11,2026-09-03T19:35:12.866396+00:00
2024-12-24,9.11,9.11,9.07,9.07,1200,9.07,2026-09-03T19:35:12.866396+00:00
2024-12-26,8.89,9.04,8.89,9.04,1000500,9.04,2026-09-03T19:35:12.866396+00:00
2024-12-29,9.0,9.22,9.0,9.22,5600,9.22,2026-09-03T19:35:12.866396+00:00
2024-12-31,9.05,9.05,9.04,9.04,2000,9.04,2026-09-03T19:35:12.866396+00:00
2025-01-01,9.22,9.22,9.2,9.2,5100,9.2,2026-09-03T19:35:12.866396+00:00
2025-01-02,9.05,9.05,9.05,9.05,500,9.05,2026-09-03T19:35:12.866396+00:00
2025-01-05,9.05,9.05,9.0,9.0,4000,9.0,2026-09-03T19:35:12.866396+00:00
2025-01-06,9.18,9.18,9.18,9.18,500,9.18,2026-09-03T19:35:12.866396+00:00
2025-01-07,9.01,9.1,9.01,9.1,3100,9.1,2026-09-03T19:35:12.866396+00:00
2025-01-08,8.96,8.96,8.96,8.96,1500,8.96,2026-09-03T19:35:12.866396+00:00
2025-01-09,9.0,9.36,9.0,9.36,5250,9.36,2026-09-03T19:35:12.866396+00:00
2025-01-12,9.18,9.19,9.18,9.18,670,9.18,2026-09-03T19:35:12.866396+00:00
2025-01-13,9.0,9.0,9.0,9.0,400,9.0,2026-09-03T19:35:12.866396+00:00
2025-01-15,8.82,8.83,8.82,8.83,200,8.83,2026-09-03T19:35:12.866396+00:00
2025-01-19,9.0,9.0,9.0,9.0,100,9.0,2026-09-03T19:35:12.866396+00:00
2025-01-20,9.0,9.03,9.0,9.02,700,9.02,2026-09-03T19:35:12.866396+00:00
2025-01-21,9.01,9.03,9.0,9.0,10900,9.0,2026-09-03T19:35:12.866396+00:00
2025-01-22,9.15,9.18,9.15,9.18,200,9.18,2026-09-03T19:35:12.866396+00:00
2025-01-23,9.35,9.35,9.17,9.17,600,9.17,2026-09-03T19:35:12.866396+00:00
2025-01-26,9.35,9.72,9.35,9.63,600,9.63,2026-09-03T19:35:12.866396+00:00
2025-01-27,9.74,9.74,9.74,9.74,100,9.74,2026-09-03T19:35:12.866396+00:00
2025-01-28,9.55,9.55,9.36,9.36,3500,9.36,2026-09-03T19:35:12.866396+00:00
2025-02-02,9.54,9.73,9.51,9.51,1700,9.51,2026-09-03T19:35:12.866396+00:00
2025-02-03,9.32,9.32,9.15,9.15,1000,9.15,2026-09-03T19:35:12.866396+00:00
2025-02-04,8.98,9.15,8.98,8.98,17000,8.98,2026-09-03T19:35:12.866396+00:00
2025-02-05,9.15,9.32,9.15,9.32,200,9.32,2026-09-03T19:35:12.866396+00:00
2025-02-06,9.5,9.68,9.31,9.31,800,9.31,2026-09-03T19:35:12.866396+00:00
2025-02-09,9.31,9.31,9.02,9.02,23070,9.02,2026-09-03T19:35:12.866396+00:00
2025-02-10,8.96,8.96,8.96,8.96,600,8.96,2026-09-03T19:35:12.866396+00:00
2025-02-11,9.13,9.13,9.13,9.13,211,9.13,2026-09-03T19:35:12.866396+00:00
2025-02-12,9.0,9.18,9.0,9.18,700,9.18,2026-09-03T19:35:12.866396+00:00
2025-02-13,9.01,9.03,9.01,9.03,200,9.03,2026-09-03T19:35:12.866396+00:00
2025-02-16,9.03,9.21,9.03,9.21,800,9.21,2026-09-03T19:35:12.866396+00:00
2025-02-17,9.04,9.11,9.04,9.11,2250,9.11,2026-09-03T19:35:12.866396+00:00
2025-02-18,9.12,9.28,8.93,9.28,12740,9.28,2026-09-03T19:35:12.866396+00:00
2025-02-20,9.2,9.2,9.2,9.2,1300,9.2,2026-09-03T19:35:12.866396+00:00
2025-02-23,9.3,9.3,9.15,9.17,6000,9.17,2026-09-03T19:35:12.866396+00:00
2025-02-24,9.03,9.03,9.03,9.03,200,9.03,2026-09-03T19:35:12.866396+00:00
2025-02-25,8.97,8.97,8.97,8.97,600,8.97,2026-09-03T19:35:12.866396+00:00
2025-02-27,9.14,9.19,8.96,9.19,17400,9.19,2026-09-03T19:35:12.866396+00:00
2025-03-02,9.03,9.21,9.03,9.2,2200,9.2,2026-09-03T19:35:12.866396+00:00
2025-03-03,9.2,9.36,9.18,9.18,870,9.18,2026-09-03T19:35:12.866396+00:00
2025-03-04,9.1,9.2,9.1,9.11,5600,9.11,2026-09-03T19:35:12.866396+00:00
2025-03-05,9.02,9.25,9.01,9.25,11100,9.25,2026-09-03T19:35:12.866396+00:00
2025-03-06,9.14,9.14,9.1,9.1,5658,9.1,2026-09-03T19:35:12.866396+00:00
2025-03-09,8.97,8.99,8.81,8.81,461100,8.81,2026-09-03T19:35:12.866396+00:00
2025-03-11,8.97,9.14,8.97,9.0,12275,9.0,2026-09-03T19:35:12.866396+00:00
2025-03-12,8.87,9.04,8.87,9.04,200,9.04,2026-09-03T19:35:12.866396+00:00
2025-03-17,8.92,9.09,8.92,9.09,310,9.09,2026-09-03T19:35:12.866396+00:00
2025-03-18,9.07,9.13,9.07,9.13,300,9.13,2026-09-03T19:35:12.866396+00:00
2025-03-19,9.15,9.15,9.15,9.15,650,9.15,2026-09-03T19:35:12.866396+00:00
2025-03-20,9.01,9.4,8.99,9.13,2400,9.13,2026-09-03T19:35:12.866396+00:00
2025-03-23,8.96,8.96,8.95,8.95,2100,8.95,2026-09-03T19:35:12.866396+00:00
2025-03-25,8.83,9.0,8.83,9.0,2400,9.0,2026-09-03T19:35:12.866396+00:00
2025-03-26,8.86,9.18,8.86,9.06,3775,9.06,2026-09-03T19:35:12.866396+00:00
2025-03-27,9.24,9.24,9.24,9.24,1025,9.24,2026-09-03T19:35:12.866396+00:00
2025-03-30,9.24,9.24,9.09,9.09,1377,9.09,2026-09-03T19:35:12.866396+00:00
2025-04-01,9.2,9.27,9.2,9.27,2000,9.27,2026-09-03T19:35:12.866396+00:00
2025-04-02,9.09,9.09,9.0,9.0,328,9.0,2026-09-03T19:35:12.866396+00:00
2025-04-03,9.01,9.05,9.01,9.05,800,9.05,2026-09-03T19:35:12.866396+00:00
2025-04-07,9.23,9.23,9.1,9.1,11877,9.1,2026-09-03T19:35:12.866396+00:00
2025-04-08,9.2,9.28,9.2,9.2,14600,9.2,2026-09-03T19:35:12.866396+00:00
2025-04-09,9.1,9.1,9.04,9.05,1500,9.05,2026-09-03T19:35:12.866396+00:00
2025-04-10,8.92,8.92,8.92,8.92,500,8.92,2026-09-03T19:35:12.866396+00:00
2025-04-13,8.82,8.82,8.82,8.82,100,8.82,2026-09-03T19:35:12.866396+00:00
2025-04-15,8.85,9.02,8.85,9.01,800,9.01,2026-09-03T19:35:12.866396+00:00
2025-04-16,9.18,9.25,9.18,9.25,17720,9.25,2026-09-03T19:35:12.866396+00:00
2025-04-17,9.15,9.15,9.15,9.15,200,9.15,2026-09-03T19:35:12.866396+00:00
2025-04-20,9.32,9.33,9.32,9.33,6500,9.33,2026-09-03T19:35:12.866396+00:00
2025-04-21,9.27,9.27,9.26,9.26,4100,9.26,2026-09-03T19:35:12.866396+00:00
2025-04-22,9.3,9.3,8.78,8.78,23150,8.78,2026-09-03T19:35:12.866396+00:00
2025-04-23,8.95,8.95,8.85,8.86,61324,8.86,2026-09-03T19:35:12.866396+00:00
2025-04-24,8.94,9.17,8.94,9.17,800,9.17,2026-09-03T19:35:12.866396+00:00
2025-04-27,9.25,9.26,9.25,9.26,11200,9.26,2026-09-03T19:35:12.866396+00:00
2025-04-28,9.08,9.25,9.08,9.1,4500,9.1,2026-09-03T19:35:12.866396+00:00
2025-04-29,9.28,9.46,9.28,9.46,6500,9.46,2026-09-03T19:35:12.866396+00:00
2025-04-30,9.28,9.46,9.28,9.46,365,9.46,2026-09-03T19:35:12.866396+00:00
2025-05-04,9.63,9.64,9.45,9.45,22700,9.45,2026-09-03T19:35:12.866396+00:00
2025-05-05,9.27,9.3,9.27,9.27,4000,9.27,2026-09-03T19:35:12.866396+00:00
2025-05-06,9.2,9.22,9.2,9.2,43100,9.2,2026-09-03T19:35:12.866396+00:00
2025-05-08,9.3,9.3,9.3,9.3,100,9.3,2026-09-03T19:35:12.866396+00:00
2025-05-11,9.3,9.3,9.3,9.3,400,9.3,2026-09-03T19:35:12.866396+00:00
2025-05-13,9.12,9.2,9.02,9.2,1600,9.2,2026-09-03T19:35:12.866396+00:00
2025-05-14,9.05,9.2,9.05,9.09,1350,9.09,2026-09-03T19:35:12.866396+00:00
2025-05-15,9.04,9.04,9.04,9.04,200,9.04,2026-09-03T19:35:12.866396+00:00
2025-05-18,9.22,9.22,9.04,9.04,7200,9.04,2026-09-03T19:35:12.866396+00:00
2025-05-19,9.0,9.0,9.0,9.0,200,9.0,2026-09-03T19:35:12.866396+00:00
2025-05-20,8.9,8.9,8.9,8.9,100,8.9,2026-09-03T19:35:12.866396+00:00
2025-05-21,9.07,9.2,9.07,9.2,20100,9.2,2026-09-03T19:35:12.866396+00:00
2025-05-22,9.03,9.39,9.03,9.39,817,9.39,2026-09-03T19:35:12.866396+00:00
2025-05-25,9.21,9.28,9.03,9.28,10860,9.28,2026-09-03T19:35:12.866396+00:00
2025-05-26,9.16,9.16,9.16,9.16,500,9.16,2026-09-03T19:35:12.866396+00:00
2025-05-27,9.04,9.09,9.04,9.09,4100,9.09,2026-09-03T19:35:12.866396+00:00
2025-05-28,9.0,9.26,9.0,9.26,13700,9.26,2026-09-03T19:35:12.866396+00:00
2025-06-02,9.2,9.35,9.2,9.35,2817,9.35,2026-09-03T19:35:12.866396+00:00
2025-06-03,9.17,9.2,9.17,9.2,1100,9.2,2026-09-03T19:35:12.866396+00:00
2025-06-04,9.38,9.38,9.2,9.2,11200,9.2,2026-09-03T19:35:12.866396+00:00
2025-06-05,9.1,9.11,9.1,9.11,1700,9.11,2026-09-03T19:35:12.866396+00:00
2025-06-08,9.08,9.2,9.08,9.13,1000,9.13,2026-09-03T19:35:12.866396+00:00
2025-06-09,9.09,9.12,9.05,9.12,11000,9.12,2026-09-03T19:35:12.866396+00:00
2025-06-10,9.02,9.2,9.02,9.2,1367,9.2,2026-09-03T19:35:12.866396+00:00
2025-06-11,9.14,9.16,9.14,9.16,1000,9.16,2026-09-03T19:35:12.866396+00:00
2025-06-12,9.13,9.13,9.13,9.13,1000,9.13,2026-09-03T19:35:12.866396+00:00
2025-06-16,9.0,9.28,9.0,9.21,1600,9.21,2026-09-03T19:35:12.866396+00:00
2025-06-17,9.39,9.39,9.3,9.34,3190,9.34,2026-09-03T19:35:12.866396+00:00
2025-06-18,9.17,9.19,9.17,9.19,350,9.19,2026-09-03T19:35:12.866396+00:00
2025-06-19,9.02,9.02,9.02,9.02,500,9.02,2026-09-03T19:35:12.866396+00:00
2025-06-22,9.02,9.02,9.02,9.02,100,9.02,2026-09-03T19:35:12.866396+00:00
2025-06-23,8.95,9.38,8.95,9.38,600,9.38,2026-09-03T19:35:12.866396+00:00
2025-06-24,9.21,9.21,9.21,9.21,910,9.21,2026-09-03T19:35:12.866396+00:00
2025-06-25,9.06,9.18,9.05,9.18,1500,9.18,2026-09-03T19:35:12.866396+00:00
2025-06-26,9.14,9.15,9.14,9.15,1100,9.15,2026-09-03T19:35:12.866396+00:00
2025-06-29,9.15,9.33,9.15,9.3,1700,9.3,2026-09-03T19:35:12.866396+00:00
2025-06-30,9.15,9.33,9.15,9.15,4700,9.15,2026-09-03T19:35:12.866396+00:00
2025-07-01,9.14,9.17,9.14,9.17,1600,9.17,2026-09-03T19:35:12.866396+00:00
2025-07-02,9.35,9.35,9.28,9.28,16200,9.28,2026-09-03T19:35:12.866396+00:00
2025-07-03,9.46,9.64,9.45,9.6,14400,9.6,2026-09-03T19:35:12.866396+00:00
2025-07-06,9.6,9.65,9.42,9.53,55610,9.53,2026-09-03T19:35:12.866396+00:00
2025-07-07,9.72,9.72,9.43,9.52,15600,9.52,2026-09-03T19:35:12.866396+00:00
2025-07-08,9.5,9.56,9.39,9.43,7493,9.43,2026-09-03T19:35:12.866396+00:00
2025-07-09,9.6,9.6,9.41,9.46,4525,9.46,2026-09-03T19:35:12.866396+00:00
2025-07-10,9.4,9.61,9.3,9.6,4700,9.6,2026-09-03T19:35:12.866396+00:00
2025-07-13,9.78,9.79,9.64,9.79,26958,9.79,2026-09-03T19:35:12.866396+00:00
2025-07-14,9.98,9.98,9.6,9.79,10490,9.79,2026-09-03T19:35:12.866396+00:00
2025-07-15,9.61,9.93,9.61,9.85,1600,9.85,2026-09-03T19:35:12.866396+00:00
2025-07-16,9.99,9.99,9.61,9.77,6700,9.77,2026-09-03T19:35:12.866396+00:00
2025-07-17,9.96,9.96,9.6,9.85,13100,9.85,2026-09-03T19:35:12.866396+00:00
2025-07-20,9.94,10.03,9.83,10.0,21900,10.0,2026-09-03T19:35:12.866396+00:00
2025-07-21,10.15,10.2,10.0,10.05,13800,10.05,2026-09-03T19:35:12.866396+00:00
2025-07-22,9.86,10.24,9.86,10.04,3700,10.04,2026-09-03T19:35:12.866396+00:00
2025-07-23,10.23,10.23,9.85,9.85,665,9.85,2026-09-03T19:35:12.866396+00:00
2025-07-24,9.71,10.44,9.71,10.44,16300,10.44,2026-09-03T19:35:12.866396+00:00
2025-07-27,10.24,10.24,10.03,10.06,14450,10.06,2026-09-03T19:35:12.866396+00:00
2025-07-28,10.26,10.26,9.87,10.1,29950,10.1,2026-09-03T19:35:12.866396+00:00
2025-07-29,9.95,10.6,9.92,10.26,125567,10.26,2026-09-03T19:35:12.866396+00:00
2025-07-30,10.2,10.45,10.15,10.15,2400,10.15,2026-09-03T19:35:12.866396+00:00
2025-07-31,10.15,10.3,9.96,9.96,4900,9.96,2026-09-03T19:35:12.866396+00:00
2025-08-03,10.15,10.2,10.01,10.18,314950,10.18,2026-09-03T19:35:12.866396+00:00
2025-08-04,10.38,10.38,10.18,10.2,135800,10.2,2026-09-03T19:35:12.866396+00:00
2025-08-05,10.2,10.39,10.01,10.02,59740,10.02,2026-09-03T19:35:12.866396+00:00
2025-08-06,10.2,10.29,10.0,10.05,70130,10.05,2026-09-03T19:35:12.866396+00:00
2025-08-07,10.1,10.38,10.0,10.29,408000,10.29,2026-09-03T19:35:12.866396+00:00
2025-08-11,10.25,10.34,10.12,10.19,12915,10.19,2026-09-03T19:35:12.866396+00:00
2025-08-12,10.1,10.35,10.1,10.35,18338,10.35,2026-09-03T19:35:12.866396+00:00
2025-08-13,10.47,10.47,10.17,10.39,101850,10.39,2026-09-03T19:35:12.866396+00:00
2025-08-14,10.19,10.19,9.7,9.7,135250,9.7,2026-09-03T19:35:12.866396+00:00
2025-08-17,9.7,9.7,9.14,9.32,21200,9.32,2026-09-03T19:35:12.866396+00:00
2025-08-18,9.22,9.22,9.14,9.16,25500,9.16,2026-09-03T19:35:12.866396+00:00
2025-08-19,8.98,9.52,8.98,9.02,16700,9.02,2026-09-03T19:35:12.866396+00:00
2025-08-20,9.2,9.5,9.13,9.13,58051,9.13,2026-09-03T19:35:12.866396+00:00
2025-08-21,8.97,9.1,8.97,9.1,8700,9.1,2026-09-03T19:35:12.866396+00:00
2025-08-24,9.0,9.0,9.0,9.0,12100,9.0,2026-09-03T19:35:12.866396+00:00
2025-08-25,8.83,9.0,8.83,9.0,3500,9.0,2026-09-03T19:35:12.866396+00:00
2025-08-26,8.83,9.0,8.83,8.92,9320,8.92,2026-09-03T19:35:12.866396+00:00
2025-08-27,8.99,9.09,8.99,9.09,33300,9.09,2026-09-03T19:35:12.866396+00:00
2025-08-28,8.92,8.94,8.91,8.92,6126,8.92,2026-09-03T19:35:12.866396+00:00
2025-08-31,8.85,9.09,8.85,8.86,4600,8.86,2026-09-03T19:35:12.866396+00:00
2025-09-01,8.77,9.03,8.75,9.02,10558,9.02,2026-09-03T19:35:12.866396+00:00
2025-09-03,9.2,9.3,9.2,9.3,840,9.3,2026-09-03T19:35:12.866396+00:00
2025-09-04,9.12,9.12,8.94,9.1,4625,9.1,2026-09-03T19:35:12.866396+00:00
2025-09-07,9.12,9.12,9.12,9.12,100,9.12,2026-09-03T19:35:12.866396+00:00
2025-09-08,9.12,9.12,9.12,9.12,5000,9.12,2026-09-03T19:35:12.866396+00:00
2025-09-23,8.94,9.0,8.94,9.0,8200,9.0,2026-09-03T19:35:12.866396+00:00
2025-09-24,9.0,9.1,9.0,9.1,25600,9.1,2026-09-03T19:35:12.866396+00:00
2025-10-07,9.2,9.2,9.2,9.2,553,9.2,2026-09-03T19:35:12.866396+00:00
2025-10-08,9.2,9.2,8.85,8.85,12355,8.85,2026-09-03T19:35:12.866396+00:00
2025-10-09,8.85,9.02,8.85,8.88,1100,8.88,2026-09-03T19:35:12.866396+00:00
2025-10-12,8.71,8.71,8.55,8.55,600,8.55,2026-09-03T19:35:12.866396+00:00
2025-10-13,8.72,8.72,8.6,8.6,31500,8.6,2026-09-03T19:35:12.866396+00:00
2025-10-14,8.6,8.6,8.6,8.6,200,8.6,2026-09-03T19:35:12.866396+00:00
2025-10-15,8.75,9.05,8.75,9.05,7215,9.05,2026-09-03T19:35:12.866396+00:00
2025-10-16,9.11,9.11,9.11,9.11,1076,9.11,2026-09-03T19:35:12.866396+00:00
2025-10-19,9.11,9.11,9.11,9.11,100,9.11,2026-09-03T19:35:12.866396+00:00
2025-10-26,9.11,9.11,9.11,9.11,200,9.11,2026-09-03T19:35:12.866396+00:00
2025-10-28,9.0,9.0,9.0,9.0,1750,9.0,2026-09-03T19:35:12.866396+00:00
2025-10-29,8.82,8.99,8.82,8.99,4000,8.99,2026-09-03T19:35:12.866396+00:00
2025-10-30,9.0,9.0,9.0,9.0,10000,9.0,2026-09-03T19:35:12.866396+00:00
2025-11-02,9.0,9.1,8.84,8.84,15100,8.84,2026-09-03T19:35:12.866396+00:00
2025-11-03,9.01,9.01,9.0,9.0,5000,9.0,2026-09-03T19:35:12.866396+00:00
2025-11-05,9.0,9.0,9.0,9.0,900,9.0,2026-09-03T19:35:12.866396+00:00
2025-11-06,8.85,9.0,8.83,8.83,10100,8.83,2026-09-03T19:35:12.866396+00:00
2025-11-10,8.71,8.71,8.69,8.69,16000,8.69,2026-09-03T19:35:12.866396+00:00
2025-11-11,8.56,8.56,8.52,8.53,5400,8.53,2026-09-03T19:35:12.866396+00:00
2025-11-16,8.48,8.64,8.48,8.64,700,8.64,2026-09-03T19:35:12.866396+00:00
2025-11-17,8.81,8.81,8.64,8.64,700,8.64,2026-09-03T19:35:12.866396+00:00
2025-11-18,8.55,8.81,8.55,8.81,4000,8.81,2026-09-03T19:35:12.866396+00:00
2025-11-19,8.7,8.76,8.64,8.76,5100,8.76,2026-09-03T19:35:12.866396+00:00
2025-11-20,8.6,8.77,8.6,8.77,6500,8.77,2026-09-03T19:35:12.866396+00:00
2025-11-23,8.61,8.61,8.6,8.6,2600,8.6,2026-09-03T19:35:12.866396+00:00
2025-11-25,8.51,8.77,8.5,8.77,2344,8.77,2026-09-03T19:35:12.866396+00:00
2025-11-26,8.69,8.69,8.67,8.67,1000,8.67,2026-09-03T19:35:12.866396+00:00
2025-11-27,8.7,8.84,8.7,8.84,600,8.84,2026-09-03T19:35:12.866396+00:00
2025-12-01,8.8,8.8,8.8,8.8,550,8.8,2026-09-03T19:35:12.866396+00:00
2025-12-02,8.8,8.8,8.72,8.72,4200,8.72,2026-09-03T19:35:12.866396+00:00
2025-12-03,8.89,8.89,8.7,8.7,1700,8.7,2026-09-03T19:35:12.866396+00:00
2025-12-07,8.6,8.65,8.6,8.65,1067,8.65,2026-09-03T19:35:12.866396+00:00
2025-12-08,8.56,8.82,8.56,8.82,1400,8.82,2026-09-03T19:35:12.866396+00:00
2025-12-09,8.98,8.98,8.98,8.98,118775,8.98,2026-09-03T19:35:12.866396+00:00
2025-12-11,9.0,9.0,9.0,9.0,50000,9.0,2026-09-03T19:35:12.866396+00:00
2025-12-14,8.85,8.86,8.85,8.86,2950,8.86,2026-09-03T19:35:12.866396+00:00
2025-12-15,9.03,9.18,9.03,9.18,14185,9.18,2026-09-03T19:35:12.866396+00:00
2025-12-16,9.0,9.19,9.0,9.19,22265,9.19,2026-09-03T19:35:12.866396+00:00
2025-12-17,9.01,9.19,9.01,9.19,1500,9.19,2026-09-03T19:35:12.866396+00:00
2025-12-21,9.1,9.1,9.1,9.1,9250,9.1,2026-09-03T19:35:12.866396+00:00
2025-12-22,9.1,9.1,9.1,9.1,3150,9.1,2026-09-03T19:35:12.866396+00:00
2025-12-23,9.27,9.27,9.19,9.19,3800,9.19,2026-09-03T19:35:12.866396+00:00
2025-12-29,9.2,9.2,9.02,9.02,580,9.02,2026-09-03T19:35:12.866396+00:00
2026-01-01,8.86,8.9,8.86,8.9,300,8.9,2026-09-03T19:35:12.866396+00:00
2026-01-04,9.07,9.07,8.9,8.9,4600,8.9,2026-09-03T19:35:12.866396+00:00
2026-01-05,9.07,9.07,9.0,9.0,2600,9.0,2026-09-03T19:35:12.866396+00:00
2026-01-06,8.99,9.18,8.95,8.95,9675,8.95,2026-09-03T19:35:12.866396+00:00
2026-01-07,8.9,8.9,8.9,8.9,200,8.9,2026-09-03T19:35:12.866396+00:00
2026-01-08,9.07,9.2,9.02,9.02,3500,9.02,2026-09-03T19:35:12.866396+00:00
2026-01-13,9.2,9.2,9.1,9.11,15700,9.11,2026-09-03T19:35:12.866396+00:00
2026-01-14,9.29,9.29,9.27,9.28,10400,9.28,2026-09-03T19:35:12.866396+00:00
2026-01-18,9.1,9.44,9.1,9.44,1100,9.44,2026-09-03T19:35:12.866396+00:00
2026-01-20,9.58,9.61,9.25,9.25,16485,9.25,2026-09-03T19:35:12.866396+00:00
2026-01-21,9.25,9.3,9.08,9.08,15100,9.08,2026-09-03T19:35:12.866396+00:00
2026-01-22,8.96,9.13,8.96,9.13,9000,9.13,2026-09-03T19:35:12.866396+00:00
2026-01-25,9.0,9.05,9.0,9.05,2300,9.05,2026-09-03T19:35:12.866396+00:00
2026-01-26,8.91,9.42,8.91,9.42,17705,9.42,2026-09-03T19:35:12.866396+00:00
2026-01-27,9.3,9.6,9.25,9.6,47768,9.6,2026-09-03T19:35:12.866396+00:00
2026-01-28,9.45,9.84,9.45,9.84,9500,9.84,2026-09-03T19:35:12.866396+00:00
2026-01-29,9.65,9.89,8.92,9.89,22100,9.89,2026-09-03T19:35:12.866396+00:00
2026-02-02,9.75,9.94,9.73,9.94,22749,9.94,2026-09-03T19:35:12.866396+00:00
2026-02-03,9.8,10.93,9.61,9.61,34757,9.61,2026-09-03T19:35:12.866396+00:00
2026-02-04,9.43,9.45,9.43,9.45,600,9.45,2026-09-03T19:35:12.866396+00:00
2026-02-05,9.5,9.62,9.5,9.5,4700,9.5,2026-09-03T19:35:12.866396+00:00
2026-02-08,9.33,9.51,9.33,9.5,15700,9.5,2026-09-03T19:35:12.866396+00:00
2026-02-09,9.32,9.32,9.32,9.32,2100,9.32,2026-09-03T19:35:12.866396+00:00
2026-02-10,9.3,9.3,9.3,9.3,7200,9.3,2026-09-03T19:35:12.866396+00:00
2026-02-11,9.12,9.2,9.12,9.19,7300,9.19,2026-09-03T19:35:12.866396+00:00
2026-02-12,9.37,9.37,9.2,9.2,892,9.2,2026-09-03T19:35:12.866396+00:00
2026-02-16,9.03,9.32,9.03,9.32,5900,9.32,2026-09-03T19:35:12.866396+00:00
2026-02-17,9.21,9.69,9.21,9.65,38385,9.65,2026-09-03T19:35:12.866396+00:00
2026-02-22,9.8,9.8,9.61,9.61,1300,9.61,2026-09-03T19:35:12.866396+00:00
2026-02-23,9.42,9.6,9.42,9.6,18500,9.6,2026-09-03T19:35:12.866396+00:00
2026-02-26,9.61,9.61,9.61,9.61,1200,9.61,2026-09-03T19:35:12.866396+00:00
2026-03-01,9.42,9.43,9.42,9.43,500,9.43,2026-09-03T19:35:12.866396+00:00
2026-03-03,9.61,9.61,9.61,9.61,500,9.61,2026-09-03T19:35:12.866396+00:00
2026-03-10,9.42,9.42,9.06,9.06,350,9.06,2026-09-03T19:35:12.866396+00:00
2026-03-11,9.15,9.34,9.13,9.34,7900,9.34,2026-09-03T19:35:12.866396+00:00
2026-03-12,9.5,9.85,9.5,9.71,9100,9.71,2026-09-03T19:35:12.866396+00:00
2026-03-15,9.68,9.71,9.53,9.71,34420,9.71,2026-09-03T19:35:12.866396+00:00
2026-03-16,9.52,9.6,9.52,9.6,200,9.6,2026-09-03T19:35:12.866396+00:00
2026-03-17,9.41,9.98,8.7,9.98,20200,9.98,2026-09-03T19:35:12.866396+00:00
2026-03-19,9.79,10.16,9.79,10.16,3400,10.16,2026-09-03T19:35:12.866396+00:00
2026-03-22,10.16,11.17,9.58,9.58,20900,9.58,2026-09-03T19:35:12.866396+00:00
2026-03-23,9.4,9.98,9.03,9.97,99965,9.97,2026-09-03T19:35:12.866396+00:00
2026-03-24,9.8,10.48,9.8,10.48,5850,10.48,2026-09-03T19:35:12.866396+00:00
2026-03-25,10.28,10.45,9.5,10.45,2900,10.45,2026-09-03T19:35:12.866396+00:00
2026-03-26,10.6,11.07,10.55,10.55,52700,10.55,2026-09-03T19:35:12.866396+00:00
2026-03-29,10.34,10.34,10.1,10.19,13800,10.19,2026-09-03T19:35:12.866396+00:00
2026-03-30,10.14,11.2,10.14,10.16,43650,10.16,2026-09-03T19:35:12.866396+00:00
2026-03-31,9.96,10.16,9.58,9.58,5200,9.58,2026-09-03T19:35:12.866396+00:00
2026-04-01,9.76,9.76,9.39,9.39,15200,9.39,2026-09-03T19:35:12.866396+00:00
2026-04-02,9.57,9.57,9.38,9.38,2100,9.38,2026-09-03T19:35:12.866396+00:00
2026-04-05,9.2,9.75,8.45,9.6,101838,9.6,2026-09-03T19:35:12.866396+00:00
2026-04-06,9.79,9.96,9.79,9.96,10100,9.96,2026-09-03T19:35:12.866396+00:00
2026-04-07,9.89,10.34,9.89,10.34,45200,10.34,2026-09-03T19:35:12.866396+00:00
2026-04-08,10.14,10.54,9.71,10.54,68800,10.54,2026-09-03T19:35:12.866396+00:00
2026-04-09,10.69,10.69,9.81,9.83,7052,9.83,2026-09-03T19:35:12.866396+00:00
2026-04-10,9.64,9.64,9.29,9.42,42448,9.42,2026-09-03T19:35:12.866396+00:00
2026-04-13,9.3,9.34,9.3,9.34,200,9.34,2026-09-03T19:35:12.866396+00:00
2026-04-15,9.52,9.52,9.5,9.52,5600,9.52,2026-09-03T19:35:12.866396+00:00
2026-04-16,9.6,9.6,9.6,9.6,15000,9.6,2026-09-03T19:35:12.866396+00:00
2026-04-17,9.48,9.52,9.48,9.52,2000,9.52,2026-09-03T19:35:12.866396+00:00
2026-04-21,9.26,9.52,9.26,9.52,2900,9.52,2026-09-03T19:35:12.866396+00:00
2026-04-22,9.51,9.52,9.31,9.32,5300,9.32,2026-09-03T19:35:12.866396+00:00
2026-04-23,9.32,9.7,9.32,9.7,5900,9.7,2026-09-03T19:35:12.866396+00:00
2026-04-24,9.7,9.47,9.42,9.47,1600,9.47,2026-09-03T19:35:12.866396+00:00
2026-04-28,9.47,9.48,9.47,9.47,5100,9.47,2026-09-03T19:35:12.866396+00:00
2026-04-29,9.47,9.98,9.47,9.47,10000,9.47,2026-09-03T19:35:12.866396+00:00
2026-04-30,9.47,9.5,9.47,9.5,3890,9.5,2026-09-03T19:35:12.866396+00:00
2026-05-04,9.47,9.47,9.19,9.31,6844,9.31,2026-09-03T19:35:12.866396+00:00
2026-05-05,9.19,9.74,9.19,9.74,1810,9.74,2026-09-03T19:35:12.866396+00:00
2026-05-06,9.45,9.45,9.33,9.33,400,9.33,2026-09-03T19:35:12.866396+00:00
2026-05-07,9.4,9.41,9.4,9.41,300,9.41,2026-09-03T19:35:12.866396+00:00
2026-05-08,9.69,9.95,9.69,9.95,2300,9.95,2026-09-03T19:35:12.866396+00:00
2026-05-12,9.66,9.66,9.66,9.66,500,9.66,2026-09-03T19:35:12.866396+00:00
2026-05-13,9.85,9.85,9.85,9.85,4100,9.85,2026-09-03T19:35:12.866396+00:00
2026-05-14,9.83,9.83,9.83,9.83,750,9.83,2026-09-03T19:35:12.866396+00:00
2026-05-15,9.8,9.8,9.8,9.8,635,9.8,2026-09-03T19:35:12.866396+00:00
2026-05-19,9.76,9.76,9.6,9.6,300,9.6,2026-09-03T19:35:12.866396+00:00
2026-05-20,9.65,9.65,9.65,9.65,500,9.65,2026-09-03T19:35:12.866396+00:00
2026-05-22,9.65,9.65,9.3,9.4,2950,9.4,2026-09-03T19:35:12.866396+00:00
2026-05-25,9.68,9.68,9.68,9.68,100,9.68,2026-09-03T19:35:12.866396+00:00
2026-05-26,9.75,9.75,9.7,9.75,12300,9.75,2026-09-03T19:35:12.866396+00:00
2026-05-27,9.7,9.8,9.7,9.7,5365,9.7,2026-09-03T19:35:12.866396+00:00
2026-06-03,9.7,9.7,9.43,9.43,1000,9.43,2026-09-03T19:35:12.866396+00:00
2026-06-04,9.42,9.5,9.42,9.5,1100,9.5,2026-09-03T19:35:12.866396+00:00
2026-06-05,9.5,9.75,9.5,9.75,3400,9.75,2026-09-03T19:35:12.866396+00:00
2026-06-08,9.46,9.46,9.46,9.46,1000,9.46,2026-09-03T19:35:12.866396+00:00
2026-06-09,9.18,9.18,9.18,9.18,400,9.18,2026-09-03T19:35:12.866396+00:00
2026-06-10,9.2,9.52,9.2,9.2,16500,9.2,2026-09-03T19:35:12.866396+00:00
2026-06-11,9.2,9.2,9.2,9.2,100,9.2,2026-09-03T19:35:12.866396+00:00
2026-06-15,9.15,9.15,9.15,9.15,300,9.15,2026-09-03T19:35:12.866396+00:00
2026-06-17,9.42,9.7,9.41,9.41,14600,9.41,2026-09-03T19:35:12.866396+00:00
2026-06-19,9.41,9.41,9.41,9.41,600,9.41,2026-09-03T19:35:12.866396+00:00
2026-06-22,9.69,9.69,9.18,9.18,3600,9.18,2026-09-03T19:35:12.866396+00:00
2026-06-23,9.12,9.16,9.12,9.16,2400,9.16,2026-09-03T19:35:12.866396+00:00
2026-06-24,9.22,9.22,9.22,9.22,100,9.22,2026-09-03T19:35:12.866396+00:00
2026-06-26,9.3,9.3,9.3,9.3,100,9.3,2026-09-03T19:35:12.866396+00:00
2026-06-29,9.05,9.05,9.04,9.04,800,9.04,2026-09-03T19:35:12.866396+00:00
2026-06-30,9.08,9.08,9.08,9.08,200,9.08,2026-09-03T19:35:12.866396+00:00
2026-07-01,9.03,9.03,9.03,9.03,250,9.03,2026-09-03T19:35:12.866396+00:00
2026-07-02,9.3,9.3,9.3,9.3,500,9.3,2026-09-03T19:35:12.866396+00:00
2026-07-03,9.3,9.3,9.3,9.3,1200,9.3,2026-09-03T19:35:12.866396+00:00
2026-07-06,9.06,9.09,9.06,9.09,6100,9.09,2026-09-03T19:35:12.866396+00:00
2026-07-07,9.36,9.36,9.36,9.36,600,9.36,2026-09-03T19:35:12.866396+00:00
2026-07-08,9.6,9.6,9.6,9.6,7300,9.6,2026-09-03T19:35:12.866396+00:00
2026-07-09,9.33,9.33,9.33,9.33,900,9.33,2026-09-03T19:35:12.866396+00:00
2026-07-10,9.12,9.12,9.1,9.1,3000,9.1,2026-09-03T19:35:12.866396+00:00
2026-07-13,9.01,9.01,8.98,8.98,3000,8.98,2026-09-03T19:35:12.866396+00:00
2026-07-15,9.24,9.24,9.24,9.24,800,9.24,2026-09-03T19:35:12.866396+00:00
2026-07-20,9.05,9.1,9.05,9.1,1500,9.1,2026-09-03T19:35:12.866396+00:00
2026-07-21,9.08,9.1,9.08,9.1,2200,9.1,2026-09-03T19:35:12.866396+00:00
2026-07-22,9.1,9.1,9.1,9.1,400,9.1,2026-09-03T19:35:12.866396+00:00
2026-07-24,9.12,9.12,9.12,9.12,100,9.12,2026-09-03T19:35:12.866396+00:00
2026-07-27,9.07,9.34,9.07,9.34,400,9.34,2026-09-03T19:35:12.866396+00:00
2026-07-31,9.5,9.5,9.5,9.5,1400,9.5,2026-09-03T19:35:12.866396+00:00
2026-08-03,9.4,9.4,9.4,9.4,500,9.4,2026-09-03T19:35:12.866396+00:00
2026-08-04,9.12,9.12,9.02,9.02,1500,9.02,2026-09-03T19:35:12.866396+00:00
2026-08-05,9.15,9.2,9.15,9.2,10550,9.2,2026-09-03T19:35:12.866396+00:00
2026-08-06,9.07,9.1,9.07,9.1,600,9.1,2026-09-03T19:35:12.866396+00:00
2026-08-07,9.1,9.57,9.1,9.57,1200,9.57,2026-09-03T19:35:12.866396+00:00
2026-08-10,9.57,9.57,9.3,9.3,200,9.3,2026-09-03T19:35:12.866396+00:00
2026-08-11,9.3,9.3,9.3,9.3,300,9.3,2026-09-03T19:35:12.866396+00:00
2026-08-12,9.5,9.5,9.2,9.2,600,9.2,2026-09-03T19:35:12.866396+00:00
2026-08-17,9.21,9.21,9.21,9.21,100,9.21,2026-09-03T19:35:12.866396+00:00
2026-08-19,9.21,9.48,9.21,9.48,500,9.48,2026-09-03T19:35:12.866396+00:00
2026-08-20,9.67,9.67,9.64,9.64,1615,9.64,2026-09-03T19:35:12.866396+00:00
2026-08-21,9.91,9.91,9.3,9.3,1840,9.3,2026-09-03T19:35:12.866396+00:00
2026-08-24,9.3,9.3,9.3,9.3,100,9.3,2026-09-03T19:35:12.866396+00:00
2026-08-25,9.03,9.03,9.03,9.03,200,9.03,2026-09-03T19:35:12.866396+00:00
2026-08-26,9.3,9.3,9.3,9.3,200,9.3,2026-09-03T19:35:12.866396+00:00
2026-08-27,9.04,9.04,9.04,9.04,100,9.04,2026-09-03T19:35:12.866396+00:00
2026-08-31,8.82,8.82,8.82,8.82,100,8.82,2026-09-03T19:35:12.866396+00:00
2026-09-01,8.82,8.9,8.64,8.89,22200,8.89,2026-09-03T19:35:12.866396+00:00
2026-09-02,8.69,8.69,8.69,8.69,100,8.69,2026-09-03T19:35:12.866396+00:00
2026-09-03,8.95,8.95,8.72,8.72,20000,8.72,2026-09-03T19:35:12.866396+00:00
