date,open,high,low,close,volume,adj_close,fetched_at
2020-07-09,331.0,364.0,331.0,364.0,230,364.0,2026-09-03T19:35:17.106810+00:00
2020-07-12,371.0,400.0,371.0,400.0,260,400.0,2026-09-03T19:35:17.106810+00:00
2020-07-13,408.0,440.0,408.0,440.0,400,440.0,2026-09-03T19:35:17.106810+00:00
2020-07-14,448.0,484.0,448.0,484.0,250,484.0,2026-09-03T19:35:17.106810+00:00
2020-07-15,508.0,532.0,508.0,532.0,1050,532.0,2026-09-03T19:35:17.106810+00:00
2020-07-16,542.0,585.0,542.0,585.0,1170,585.0,2026-09-03T19:35:17.106810+00:00
2020-07-19,614.0,626.0,614.0,626.0,20,626.0,2026-09-03T19:35:17.106810+00:00
2020-07-20,657.0,688.0,657.0,688.0,8160,688.0,2026-09-03T19:35:17.106810+00:00
2020-07-21,722.0,756.0,722.0,756.0,38948,756.0,2026-09-03T19:35:17.106810+00:00
2020-07-22,793.0,831.0,793.0,805.0,221826,805.0,2026-09-03T19:35:17.106810+00:00
2020-07-23,820.0,820.0,781.0,793.0,89223,793.0,2026-09-03T19:35:17.106810+00:00
2020-07-26,795.0,795.0,775.0,781.0,80655,781.0,2026-09-03T19:35:17.106810+00:00
2020-07-27,780.0,855.0,780.0,821.0,96139,821.0,2026-09-03T19:35:17.106810+00:00
2020-07-28,811.0,839.0,810.0,830.0,59825,830.0,2026-09-03T19:35:17.106810+00:00
2020-07-29,840.0,840.0,807.0,812.0,53350,812.0,2026-09-03T19:35:17.106810+00:00
2020-07-30,812.0,820.0,800.0,806.0,44120,806.0,2026-09-03T19:35:17.106810+00:00
2020-08-02,810.0,810.0,783.0,787.0,52090,787.0,2026-09-03T19:35:17.106810+00:00
2020-08-03,775.0,799.0,772.0,787.0,29520,787.0,2026-09-03T19:35:17.106810+00:00
2020-08-05,785.0,785.0,768.0,770.0,33236,770.0,2026-09-03T19:35:17.106810+00:00
2020-08-06,775.0,775.0,760.0,763.0,27895,763.0,2026-09-03T19:35:17.106810+00:00
2020-08-09,755.0,764.0,730.0,756.0,43385,756.0,2026-09-03T19:35:17.106810+00:00
2020-08-10,742.0,795.0,742.0,793.0,34851,793.0,2026-09-03T19:35:17.106810+00:00
2020-08-11,793.0,793.0,772.0,778.0,30656,778.0,2026-09-03T19:35:17.106810+00:00
2020-08-12,775.0,780.0,765.0,767.0,26710,767.0,2026-09-03T19:35:17.106810+00:00
2020-08-13,753.0,770.0,753.0,759.0,30385,759.0,2026-09-03T19:35:17.106810+00:00
2021-03-31,780.0,795.0,780.0,795.0,239,795.0,2026-09-03T19:35:17.106810+00:00
2021-04-01,834.0,874.0,834.0,874.0,451,874.0,2026-09-03T19:35:17.106810+00:00
2021-04-04,917.0,961.0,917.0,961.0,3460,961.0,2026-09-03T19:35:17.106810+00:00
2021-04-05,980.0,1057.0,980.0,1057.0,1217,1057.0,2026-09-03T19:35:17.106810+00:00
2021-04-06,1109.0,1162.0,1109.0,1162.0,1052,1162.0,2026-09-03T19:35:17.106810+00:00
2021-04-07,1220.0,1278.0,1220.0,1278.0,1399,1278.0,2026-09-03T19:35:17.106810+00:00
2021-04-08,1297.0,1405.0,1297.0,1405.0,731,1405.0,2026-09-03T19:35:17.106810+00:00
2021-04-12,1475.0,1545.0,1475.0,1545.0,2882,1545.0,2026-09-03T19:35:17.106810+00:00
2021-04-13,1622.0,1699.0,1622.0,1699.0,10426,1699.0,2026-09-03T19:35:17.106810+00:00
2021-04-15,1783.0,1868.0,1783.0,1868.0,269135,1868.0,2026-09-03T19:35:17.106810+00:00
2021-04-18,1961.0,2037.0,1831.0,1899.0,288975,1899.0,2026-09-03T19:35:17.106810+00:00
2021-04-19,1935.0,1940.0,1840.0,1849.0,123524,1849.0,2026-09-03T19:35:17.106810+00:00
2021-04-20,1900.0,1900.0,1802.0,1818.0,85694,1818.0,2026-09-03T19:35:17.106810+00:00
2021-04-21,1900.0,1900.0,1785.0,1793.0,77827,1793.0,2026-09-03T19:35:17.106810+00:00
2021-04-22,1882.0,1885.0,1764.0,1837.0,116471,1837.0,2026-09-03T19:35:17.106810+00:00
2021-04-25,1900.0,1900.0,1761.0,1764.0,71662,1764.0,2026-09-03T19:35:17.106810+00:00
2021-04-26,1750.0,1794.0,1700.0,1701.0,73976,1701.0,2026-09-03T19:35:17.106810+00:00
2021-04-27,1701.0,1760.0,1700.0,1755.0,38987,1755.0,2026-09-03T19:35:17.106810+00:00
2021-04-28,1842.0,1842.0,1718.0,1729.0,28733,1729.0,2026-09-03T19:35:17.106810+00:00
2021-04-29,1730.0,1750.0,1711.0,1726.0,20952,1726.0,2026-09-03T19:35:17.106810+00:00
2021-05-02,1730.0,1748.0,1710.0,1736.0,39847,1736.0,2026-09-03T19:35:17.106810+00:00
2021-05-03,1744.0,1765.0,1721.0,1738.0,28252,1738.0,2026-09-03T19:35:17.106810+00:00
2021-05-04,1738.0,1830.0,1725.0,1809.0,62225,1809.0,2026-09-03T19:35:17.106810+00:00
2021-05-05,1850.0,1910.0,1825.0,1873.0,119789,1873.0,2026-09-03T19:35:17.106810+00:00
2021-05-06,1880.0,1885.0,1820.0,1821.0,48227,1821.0,2026-09-03T19:35:17.106810+00:00
2021-05-09,1821.0,1821.0,1764.0,1769.0,36361,1769.0,2026-09-03T19:35:17.106810+00:00
2021-05-10,1750.0,1800.0,1747.0,1780.0,21338,1780.0,2026-09-03T19:35:17.106810+00:00
2021-05-11,1780.0,1805.0,1771.0,1780.0,25790,1780.0,2026-09-03T19:35:17.106810+00:00
2021-05-12,1786.0,1795.0,1766.0,1773.0,21623,1773.0,2026-09-03T19:35:17.106810+00:00
2021-05-13,1750.0,1800.0,1750.0,1772.0,19962,1772.0,2026-09-03T19:35:17.106810+00:00
2021-05-16,1775.0,1795.0,1775.0,1790.0,29210,1790.0,2026-09-03T19:35:17.106810+00:00
2021-05-17,1790.0,1810.0,1780.0,1783.0,29173,1783.0,2026-09-03T19:35:17.106810+00:00
2021-05-18,1800.0,1800.0,1780.0,1790.0,39058,1790.0,2026-09-03T19:35:17.106810+00:00
2021-05-19,1800.0,1836.0,1781.0,1798.0,66643,1798.0,2026-09-03T19:35:17.106810+00:00
2021-05-20,1800.0,1820.0,1776.0,1783.0,31918,1783.0,2026-09-03T19:35:17.106810+00:00
2021-05-23,1750.0,1793.0,1750.0,1780.0,33784,1780.0,2026-09-03T19:35:17.106810+00:00
2021-05-24,1780.0,1790.0,1760.0,1762.0,35799,1762.0,2026-09-03T19:35:17.106810+00:00
2021-05-25,1780.0,1785.0,1758.0,1758.0,23995,1758.0,2026-09-03T19:35:17.106810+00:00
2021-05-27,1671.0,1733.0,1607.0,1673.0,111261,1673.0,2026-09-03T19:35:17.106810+00:00
2021-05-30,1670.0,1700.0,1655.0,1658.0,41047,1658.0,2026-09-03T19:35:17.106810+00:00
2021-05-31,1655.0,1683.0,1644.0,1650.0,43055,1650.0,2026-09-03T19:35:17.106810+00:00
2021-06-01,1650.0,1666.0,1622.0,1633.0,26567,1633.0,2026-09-03T19:35:17.106810+00:00
2021-06-02,1670.0,1670.0,1631.0,1643.0,20574,1643.0,2026-09-03T19:35:17.106810+00:00
2021-06-03,1725.0,1725.0,1649.0,1649.0,25530,1649.0,2026-09-03T19:35:17.106810+00:00
2021-06-06,1650.0,1681.0,1641.0,1644.0,25578,1644.0,2026-09-03T19:35:17.106810+00:00
2021-06-07,1644.0,1660.0,1634.0,1634.0,21195,1634.0,2026-09-03T19:35:17.106810+00:00
2021-06-08,1705.0,1705.0,1626.0,1628.0,34635,1628.0,2026-09-03T19:35:17.106810+00:00
2021-06-09,1628.0,1651.0,1625.0,1629.0,34825,1629.0,2026-09-03T19:35:17.106810+00:00
2021-06-10,1650.0,1650.0,1614.0,1617.0,29349,1617.0,2026-09-03T19:35:17.106810+00:00
2021-06-13,1625.0,1628.0,1605.0,1609.0,36522,1609.0,2026-09-03T19:35:17.106810+00:00
2021-06-14,1620.0,1635.0,1605.0,1616.0,28333,1616.0,2026-09-03T19:35:17.106810+00:00
2021-06-15,1606.0,1622.0,1600.0,1603.0,29455,1603.0,2026-09-03T19:35:17.106810+00:00
2021-06-16,1603.0,1709.0,1595.0,1660.0,61567,1660.0,2026-09-03T19:35:17.106810+00:00
2021-06-17,1690.0,1723.0,1619.0,1629.0,24410,1629.0,2026-09-03T19:35:17.106810+00:00
2021-06-20,1628.0,1640.0,1595.0,1599.0,27748,1599.0,2026-09-03T19:35:17.106810+00:00
2021-06-21,1520.0,1620.0,1520.0,1566.0,27217,1566.0,2026-09-03T19:35:17.106810+00:00
2021-06-22,1580.0,1598.0,1550.0,1573.0,23267,1573.0,2026-09-03T19:35:17.106810+00:00
2021-06-23,1589.0,1589.0,1539.0,1539.0,20286,1539.0,2026-09-03T19:35:17.106810+00:00
2021-06-24,1500.0,1566.0,1500.0,1516.0,23509,1516.0,2026-09-03T19:35:17.106810+00:00
2021-06-27,1520.0,1540.0,1499.0,1507.0,20011,1507.0,2026-09-03T19:35:17.106810+00:00
2021-06-28,1525.0,1566.0,1510.0,1544.0,25558,1544.0,2026-09-03T19:35:17.106810+00:00
2021-06-29,1570.0,1610.0,1546.0,1548.0,24360,1548.0,2026-09-03T19:35:17.106810+00:00
2021-06-30,1520.0,1555.0,1515.0,1516.0,12917,1516.0,2026-09-03T19:35:17.106810+00:00
2021-07-01,1524.0,1538.0,1510.0,1516.0,15784,1516.0,2026-09-03T19:35:17.106810+00:00
2021-07-04,1509.0,1530.0,1509.0,1510.0,12304,1510.0,2026-09-03T19:35:17.106810+00:00
2021-07-05,1538.0,1539.0,1497.0,1500.0,21852,1500.0,2026-09-03T19:35:17.106810+00:00
2021-07-06,1525.0,1525.0,1496.0,1500.0,17498,1500.0,2026-09-03T19:35:17.106810+00:00
2021-07-07,1495.0,1520.0,1495.0,1499.0,14768,1499.0,2026-09-03T19:35:17.106810+00:00
2021-07-08,1500.0,1528.0,1499.0,1511.0,13684,1511.0,2026-09-03T19:35:17.106810+00:00
2021-07-11,1530.0,1550.0,1511.0,1550.0,16629,1550.0,2026-09-03T19:35:17.106810+00:00
2021-07-12,1570.0,1570.0,1525.0,1538.0,19812,1538.0,2026-09-03T19:35:17.106810+00:00
2021-07-13,1550.0,1555.0,1525.0,1539.0,7292,1539.0,2026-09-03T19:35:17.106810+00:00
2021-07-14,1530.0,1548.0,1518.0,1531.0,7827,1531.0,2026-09-03T19:35:17.106810+00:00
2021-07-15,1536.0,1545.0,1530.0,1545.0,17437,1545.0,2026-09-03T19:35:17.106810+00:00
2021-07-18,1575.0,1612.0,1560.0,1605.0,27529,1605.0,2026-09-03T19:35:17.106810+00:00
2021-07-19,1619.0,1669.0,1608.0,1615.0,19763,1615.0,2026-09-03T19:35:17.106810+00:00
2021-07-20,1615.0,1636.0,1600.0,1605.0,11650,1605.0,2026-09-03T19:35:17.106810+00:00
2021-07-22,1605.0,1620.0,1591.0,1595.4,16338,1595.4,2026-09-03T19:35:17.106810+00:00
2021-07-25,1600.0,1601.0,1590.5,1594.0,15010,1594.0,2026-09-03T19:35:17.106810+00:00
2021-07-26,1585.1,1642.0,1585.1,1638.0,31482,1638.0,2026-09-03T19:35:17.106810+00:00
2021-07-27,1605.3,1611.0,1551.1,1599.0,42050,1599.0,2026-09-03T19:35:17.106810+00:00
2021-07-28,1590.0,1635.0,1588.0,1605.0,17791,1605.0,2026-09-03T19:35:17.106810+00:00
2021-07-29,1610.0,1630.0,1590.2,1595.0,13485,1595.0,2026-09-03T19:35:17.106810+00:00
2021-08-01,1620.0,1649.9,1600.0,1608.0,16141,1608.0,2026-09-03T19:35:17.106810+00:00
2021-08-02,1640.0,1640.0,1610.0,1630.0,21357,1630.0,2026-09-03T19:35:17.106810+00:00
2021-08-03,1650.0,1711.0,1650.0,1697.0,68028,1697.0,2026-09-03T19:35:17.106810+00:00
2021-08-04,1725.0,1780.0,1675.0,1677.0,50206,1677.0,2026-09-03T19:35:17.106810+00:00
2021-08-05,1650.0,1680.0,1635.0,1641.5,28817,1641.5,2026-09-03T19:35:17.106810+00:00
2021-08-08,1674.0,1674.0,1602.0,1615.0,29655,1615.0,2026-09-03T19:35:17.106810+00:00
2021-08-09,1620.0,1625.0,1592.0,1610.0,20822,1610.0,2026-09-03T19:35:17.106810+00:00
2021-08-10,1610.0,1651.0,1592.0,1620.0,19278,1620.0,2026-09-03T19:35:17.106810+00:00
2021-08-11,1620.0,1630.0,1605.0,1610.0,20691,1610.0,2026-09-03T19:35:17.106810+00:00
2021-08-12,1610.0,1633.0,1600.0,1602.2,20561,1602.2,2026-09-03T19:35:17.106810+00:00
2021-08-15,1634.2,1634.2,1588.0,1610.0,25826,1610.0,2026-09-03T19:35:17.106810+00:00
2021-08-16,1608.0,1620.0,1590.0,1594.0,19288,1594.0,2026-09-03T19:35:17.106810+00:00
2021-08-17,1595.0,1610.0,1577.0,1580.0,21499,1580.0,2026-09-03T19:35:17.106810+00:00
2021-08-18,1581.0,1581.0,1538.6,1575.0,22238,1575.0,2026-09-03T19:35:17.106810+00:00
2021-08-19,1562.0,1605.0,1562.0,1567.0,16232,1567.0,2026-09-03T19:35:17.106810+00:00
2021-08-24,1570.1,1575.0,1540.0,1546.6,16197,1546.6,2026-09-03T19:35:17.106810+00:00
2021-08-25,1530.0,1555.0,1520.0,1532.0,9030,1532.0,2026-09-03T19:35:17.106810+00:00
2021-08-26,1540.0,1560.0,1510.0,1519.0,21214,1519.0,2026-09-03T19:35:17.106810+00:00
2021-08-29,1520.0,1545.0,1498.0,1498.0,20556,1498.0,2026-09-03T19:35:17.106810+00:00
2021-08-31,1492.0,1510.0,1457.8,1464.0,21127,1464.0,2026-09-03T19:35:17.106810+00:00
2021-09-01,1455.1,1500.0,1455.1,1473.0,13843,1473.0,2026-09-03T19:35:17.106810+00:00
2021-09-02,1475.0,1498.0,1450.0,1460.0,17417,1460.0,2026-09-03T19:35:17.106810+00:00
2021-09-05,1445.0,1450.0,1375.0,1405.0,22687,1405.0,2026-09-03T19:35:17.106810+00:00
2021-09-06,1387.3,1458.0,1387.3,1455.0,13113,1455.0,2026-09-03T19:35:17.106810+00:00
2021-09-07,1455.0,1456.1,1417.1,1422.0,10128,1422.0,2026-09-03T19:35:17.106810+00:00
2021-09-08,1440.0,1444.0,1399.0,1407.0,12596,1407.0,2026-09-03T19:35:17.106810+00:00
2021-09-09,1402.0,1434.0,1402.0,1404.0,9419,1404.0,2026-09-03T19:35:17.106810+00:00
2021-09-12,1432.0,1432.0,1405.0,1417.0,11374,1417.0,2026-09-03T19:35:17.106810+00:00
2021-09-13,1421.0,1446.0,1410.0,1415.0,11932,1415.0,2026-09-03T19:35:17.106810+00:00
2021-09-14,1405.0,1420.0,1400.0,1406.0,12326,1406.0,2026-09-03T19:35:17.106810+00:00
2021-09-15,1406.0,1409.0,1390.0,1392.0,10160,1392.0,2026-09-03T19:35:17.106810+00:00
2021-09-16,1390.0,1391.0,1340.0,1341.0,22041,1341.0,2026-09-03T19:35:17.106810+00:00
2021-09-20,1340.0,1364.0,1290.1,1294.0,17623,1294.0,2026-09-03T19:35:17.106810+00:00
2021-09-21,1271.0,1356.0,1250.0,1285.0,18152,1285.0,2026-09-03T19:35:17.106810+00:00
2021-09-22,1310.0,1341.0,1293.0,1335.0,10781,1335.0,2026-09-03T19:35:17.106810+00:00
2021-09-23,1360.0,1380.0,1324.0,1325.0,13846,1325.0,2026-09-03T19:35:17.106810+00:00
2021-09-26,1325.0,1325.0,1290.0,1303.0,10413,1303.0,2026-09-03T19:35:17.106810+00:00
2021-09-27,1305.0,1305.0,1260.0,1262.0,10596,1262.0,2026-09-03T19:35:17.106810+00:00
2021-09-28,1250.0,1287.0,1237.1,1265.0,17318,1265.0,2026-09-03T19:35:17.106810+00:00
2021-09-29,1265.0,1278.0,1250.2,1268.0,8860,1268.0,2026-09-03T19:35:17.106810+00:00
2021-09-30,1292.0,1292.0,1265.0,1275.0,11290,1275.0,2026-09-03T19:35:17.106810+00:00
2021-10-03,1265.0,1295.0,1256.0,1262.0,9286,1262.0,2026-09-03T19:35:17.106810+00:00
2021-10-04,1279.0,1280.0,1240.0,1269.0,9604,1269.0,2026-09-03T19:35:17.106810+00:00
2021-10-05,1243.7,1243.7,1142.1,1142.1,14027,1142.1,2026-09-03T19:35:17.106810+00:00
2021-10-06,1119.3,1190.0,1027.9,1140.0,153332,1140.0,2026-09-03T19:35:17.106810+00:00
2021-10-10,1160.0,1200.0,1140.0,1160.0,25099,1160.0,2026-09-03T19:35:17.106810+00:00
2021-10-11,1138.0,1140.0,1114.5,1133.0,36007,1133.0,2026-09-03T19:35:17.106810+00:00
2021-10-17,1134.0,1148.0,1110.5,1130.0,10754,1130.0,2026-09-03T19:35:17.106810+00:00
2021-10-18,1108.0,1128.0,1090.0,1097.0,15305,1097.0,2026-09-03T19:35:17.106810+00:00
2021-10-19,1076.0,1097.0,1038.0,1097.0,20819,1097.0,2026-09-03T19:35:17.106810+00:00
2021-10-20,1118.0,1130.0,1078.0,1084.0,18591,1084.0,2026-09-03T19:35:17.106810+00:00
2021-10-21,1090.0,1091.2,1062.0,1063.0,10449,1063.0,2026-09-03T19:35:17.106810+00:00
2021-10-24,1051.0,1088.0,1051.0,1081.2,13406,1081.2,2026-09-03T19:35:17.106810+00:00
2021-10-25,1065.1,1116.0,1065.1,1110.0,18487,1110.0,2026-09-03T19:35:17.106810+00:00
2021-10-26,1125.0,1130.9,1100.0,1124.0,26737,1124.0,2026-09-03T19:35:17.106810+00:00
2021-10-27,1146.4,1235.0,1146.4,1205.0,81893,1205.0,2026-09-03T19:35:17.106810+00:00
2021-10-28,1223.0,1241.0,1181.1,1232.1,29483,1232.1,2026-09-03T19:35:17.106810+00:00
2021-10-31,1235.0,1320.0,1213.0,1310.0,38731,1310.0,2026-09-03T19:35:17.106810+00:00
2021-11-01,1330.0,1389.0,1305.0,1313.0,33043,1313.0,2026-09-03T19:35:17.106810+00:00
2021-11-02,1310.0,1340.2,1273.0,1301.0,20771,1301.0,2026-09-03T19:35:17.106810+00:00
2021-11-03,1300.0,1369.9,1300.0,1311.0,17452,1311.0,2026-09-03T19:35:17.106810+00:00
2021-11-08,1311.0,1337.0,1285.0,1286.0,14052,1286.0,2026-09-03T19:35:17.106810+00:00
2021-11-09,1301.0,1301.0,1220.0,1231.0,15371,1231.0,2026-09-03T19:35:17.106810+00:00
2021-11-11,1207.0,1233.0,1185.0,1185.0,13472,1185.0,2026-09-03T19:35:17.106810+00:00
2021-11-14,1185.0,1199.0,1162.0,1181.0,9489,1181.0,2026-09-03T19:35:17.106810+00:00
2021-11-15,1204.0,1210.0,1186.0,1199.0,8677,1199.0,2026-09-03T19:35:17.106810+00:00
2021-11-16,1177.0,1306.4,1177.0,1276.0,16780,1276.0,2026-09-03T19:35:17.106810+00:00
2021-11-17,1280.0,1327.5,1280.0,1291.0,31637,1291.0,2026-09-03T19:35:17.106810+00:00
2021-11-18,1290.0,1316.0,1268.0,1272.0,15663,1272.0,2026-09-03T19:35:17.106810+00:00
2021-11-21,1252.1,1276.0,1252.0,1270.2,11212,1270.2,2026-09-03T19:35:17.106810+00:00
2021-11-22,1293.3,1300.0,1270.0,1276.0,14018,1276.0,2026-09-03T19:35:17.106810+00:00
2021-11-23,1276.0,1299.9,1250.0,1260.0,22252,1260.0,2026-09-03T19:35:17.106810+00:00
2021-11-24,1235.0,1245.0,1220.0,1233.1,9818,1233.1,2026-09-03T19:35:17.106810+00:00
2021-11-25,1250.0,1250.0,1220.1,1220.2,5382,1220.2,2026-09-03T19:35:17.106810+00:00
2021-11-28,1196.0,1244.0,1175.0,1189.0,21071,1189.0,2026-09-03T19:35:17.106810+00:00
2021-11-29,1175.0,1231.1,1175.0,1191.0,8098,1191.0,2026-09-03T19:35:17.106810+00:00
2021-11-30,1212.1,1212.5,1172.0,1180.0,8278,1180.0,2026-09-03T19:35:17.106810+00:00
2021-12-01,1182.0,1191.0,1172.4,1173.1,4872,1173.1,2026-09-03T19:35:17.106810+00:00
2021-12-02,1173.0,1188.8,1137.0,1137.0,11463,1137.0,2026-09-03T19:35:17.106810+00:00
2021-12-05,1114.6,1114.6,1081.1,1091.0,13341,1091.0,2026-09-03T19:35:17.106810+00:00
2021-12-06,1071.0,1150.0,1060.0,1100.0,11990,1100.0,2026-09-03T19:35:17.106810+00:00
2021-12-07,1103.1,1140.0,1100.0,1100.0,7262,1100.0,2026-09-03T19:35:17.106810+00:00
2021-12-08,1110.0,1110.0,1068.0,1070.0,6817,1070.0,2026-09-03T19:35:17.106810+00:00
2021-12-09,1050.0,1061.0,1026.0,1026.0,17197,1026.0,2026-09-03T19:35:17.106810+00:00
2021-12-12,1025.0,1030.0,994.1,994.1,16162,994.1,2026-09-03T19:35:17.106810+00:00
2021-12-13,981.0,1012.0,946.0,952.0,18641,952.0,2026-09-03T19:35:17.106810+00:00
2021-12-14,971.0,1040.0,952.0,1014.0,4899,1014.0,2026-09-03T19:35:17.106810+00:00
2021-12-15,1034.0,1052.0,985.0,997.1,15433,997.1,2026-09-03T19:35:17.106810+00:00
2021-12-16,990.0,999.0,981.0,992.0,5203,992.0,2026-09-03T19:35:17.106810+00:00
2021-12-20,977.0,1030.0,974.0,993.0,4570,993.0,2026-09-03T19:35:17.106810+00:00
2021-12-21,979.1,1029.0,979.1,1015.0,9133,1015.0,2026-09-03T19:35:17.106810+00:00
2021-12-22,1033.3,1057.0,1025.0,1052.0,9954,1052.0,2026-09-03T19:35:17.106810+00:00
2021-12-23,1065.0,1065.0,1033.0,1045.0,5785,1045.0,2026-09-03T19:35:17.106810+00:00
2021-12-26,1065.9,1108.9,1050.0,1088.0,11360,1088.0,2026-09-03T19:35:17.106810+00:00
2021-12-27,1109.0,1130.0,1057.0,1064.0,11329,1064.0,2026-09-03T19:35:17.106810+00:00
2021-12-28,1043.0,1055.0,1022.1,1040.0,6238,1040.0,2026-09-03T19:35:17.106810+00:00
2021-12-29,1060.0,1060.0,1040.0,1049.0,5244,1049.0,2026-09-03T19:35:17.106810+00:00
2022-01-02,1045.0,1142.0,1045.0,1110.0,15254,1110.0,2026-09-03T19:35:17.106810+00:00
2022-01-03,1132.0,1207.0,1110.0,1203.0,42249,1203.0,2026-09-03T19:35:17.106810+00:00
2022-01-04,1227.0,1259.0,1195.0,1227.0,17898,1227.0,2026-09-03T19:35:17.106810+00:00
2022-01-05,1249.0,1260.0,1188.2,1190.0,17672,1190.0,2026-09-03T19:35:17.106810+00:00
2022-01-06,1200.0,1211.0,1170.2,1209.0,17760,1209.0,2026-09-03T19:35:17.106810+00:00
2022-01-09,1230.0,1230.0,1200.0,1210.0,21288,1210.0,2026-09-03T19:35:17.106810+00:00
2022-01-10,1190.1,1234.0,1190.0,1200.0,11121,1200.0,2026-09-03T19:35:17.106810+00:00
2022-01-11,1205.0,1275.0,1191.0,1240.0,30235,1240.0,2026-09-03T19:35:17.106810+00:00
2022-01-12,1260.0,1290.0,1223.0,1235.0,21132,1235.0,2026-09-03T19:35:17.106810+00:00
2022-01-13,1243.0,1331.0,1235.0,1290.0,33575,1290.0,2026-09-03T19:35:17.106810+00:00
2022-01-16,1315.0,1330.0,1280.0,1300.0,29257,1300.0,2026-09-03T19:35:17.106810+00:00
2022-01-17,1305.0,1305.0,1279.0,1290.0,17075,1290.0,2026-09-03T19:35:17.106810+00:00
2022-01-18,1300.0,1315.0,1265.0,1265.2,27128,1265.2,2026-09-03T19:35:17.106810+00:00
2022-01-19,1290.0,1290.0,1235.0,1244.0,20707,1244.0,2026-09-03T19:35:17.106810+00:00
2022-01-20,1268.0,1268.0,1221.0,1240.0,19357,1240.0,2026-09-03T19:35:17.106810+00:00
2022-01-23,1264.8,1300.0,1250.0,1290.0,48299,1290.0,2026-09-03T19:35:17.106810+00:00
2022-01-24,1290.0,1290.0,1230.0,1245.0,31776,1245.0,2026-09-03T19:35:17.106810+00:00
2022-01-25,1245.0,1265.0,1230.0,1238.0,15608,1238.0,2026-09-03T19:35:17.106810+00:00
2022-01-26,1235.0,1235.0,1191.0,1210.0,24642,1210.0,2026-09-03T19:35:17.106810+00:00
2022-01-27,1200.0,1220.0,1195.0,1197.0,8341,1197.0,2026-09-03T19:35:17.106810+00:00
2022-01-30,1220.9,1254.5,1220.9,1249.2,14141,1249.2,2026-09-03T19:35:17.106810+00:00
2022-01-31,1250.0,1250.0,1222.0,1231.0,16234,1231.0,2026-09-03T19:35:17.106810+00:00
2022-02-01,1232.0,1250.0,1216.0,1240.0,16484,1240.0,2026-09-03T19:35:17.106810+00:00
2022-02-03,1245.0,1250.0,1221.0,1228.0,9833,1228.0,2026-09-03T19:35:17.106810+00:00
2022-02-06,1211.0,1225.0,1200.0,1210.0,15362,1210.0,2026-09-03T19:35:17.106810+00:00
2022-02-07,1191.0,1222.0,1191.0,1206.9,10933,1206.9,2026-09-03T19:35:17.106810+00:00
2022-02-08,1231.0,1255.0,1190.0,1193.1,11782,1193.1,2026-09-03T19:35:17.106810+00:00
2022-02-09,1196.0,1200.0,1169.4,1175.0,13926,1175.0,2026-09-03T19:35:17.106810+00:00
2022-02-10,1170.0,1194.0,1170.0,1179.9,10369,1179.9,2026-09-03T19:35:17.106810+00:00
2022-02-13,1180.0,1180.0,1136.0,1140.0,10418,1140.0,2026-09-03T19:35:17.106810+00:00
2022-02-14,1155.0,1163.0,1140.0,1142.0,6297,1142.0,2026-09-03T19:35:17.106810+00:00
2022-02-15,1126.0,1161.0,1126.0,1155.0,5525,1155.0,2026-09-03T19:35:17.106810+00:00
2022-02-16,1178.0,1178.0,1139.0,1149.0,5130,1149.0,2026-09-03T19:35:17.106810+00:00
2022-02-17,1145.0,1163.0,1140.1,1144.0,3251,1144.0,2026-09-03T19:35:17.106810+00:00
2022-02-20,1135.0,1135.0,1105.0,1124.5,8519,1124.5,2026-09-03T19:35:17.106810+00:00
2022-02-21,1103.0,1130.0,1103.0,1126.0,5071,1126.0,2026-09-03T19:35:17.106810+00:00
2022-02-22,1148.5,1148.5,1122.0,1123.0,6161,1123.0,2026-09-03T19:35:17.106810+00:00
2022-02-23,1115.0,1125.0,1110.0,1120.0,6299,1120.0,2026-09-03T19:35:17.106810+00:00
2022-02-24,1101.0,1110.0,1098.0,1099.5,9720,1099.5,2026-09-03T19:35:17.106810+00:00
2022-02-27,1100.0,1105.0,1085.1,1089.0,4474,1089.0,2026-09-03T19:35:17.106810+00:00
2022-02-28,1090.0,1111.0,1068.0,1075.0,5387,1075.0,2026-09-03T19:35:17.106810+00:00
2022-03-02,1054.1,1070.0,1051.0,1056.0,4964,1056.0,2026-09-03T19:35:17.106810+00:00
2022-03-06,1040.0,1070.0,1040.0,1045.0,5830,1045.0,2026-09-03T19:35:17.106810+00:00
2022-03-07,1031.0,1052.0,1030.0,1030.0,8441,1030.0,2026-09-03T19:35:17.106810+00:00
2022-03-09,1021.0,1040.0,1021.0,1025.0,4958,1025.0,2026-09-03T19:35:17.106810+00:00
2022-03-10,1020.0,1049.0,1020.0,1049.0,8456,1049.0,2026-09-03T19:35:17.106810+00:00
2022-03-13,1069.9,1090.0,1053.0,1089.9,8466,1089.9,2026-09-03T19:35:17.106810+00:00
2022-03-14,1095.0,1100.0,1085.0,1096.0,2518,1096.0,2026-09-03T19:35:17.106810+00:00
2022-03-15,1081.0,1105.0,1080.0,1080.0,4866,1080.0,2026-09-03T19:35:17.106810+00:00
2022-03-16,1060.0,1090.0,1060.0,1071.0,5500,1071.0,2026-09-03T19:35:17.106810+00:00
2022-03-20,1071.0,1071.1,1061.1,1067.0,4107,1067.0,2026-09-03T19:35:17.106810+00:00
2022-03-21,1055.0,1083.0,1055.0,1080.0,2887,1080.0,2026-09-03T19:35:17.106810+00:00
2022-03-22,1100.0,1100.0,1060.5,1080.0,4359,1080.0,2026-09-03T19:35:17.106810+00:00
2022-03-23,1080.0,1085.0,1062.2,1080.0,3323,1080.0,2026-09-03T19:35:17.106810+00:00
2022-03-24,1061.0,1073.0,1061.0,1066.0,2997,1066.0,2026-09-03T19:35:17.106810+00:00
2022-03-27,1050.0,1066.0,1045.1,1048.0,4916,1048.0,2026-09-03T19:35:17.106810+00:00
2022-03-28,1030.1,1050.0,1030.1,1037.0,3291,1037.0,2026-09-03T19:35:17.106810+00:00
2022-03-29,1035.0,1043.0,1020.5,1025.0,3991,1025.0,2026-09-03T19:35:17.106810+00:00
2022-03-30,1012.1,1080.0,1012.1,1054.0,6552,1054.0,2026-09-03T19:35:17.106810+00:00
2022-03-31,1060.0,1060.0,1040.0,1040.0,3592,1040.0,2026-09-03T19:35:17.106810+00:00
2022-04-03,1050.0,1050.0,999.1,1020.0,4592,1020.0,2026-09-03T19:35:17.106810+00:00
2022-04-04,1035.0,1045.0,1006.0,1014.0,2973,1014.0,2026-09-03T19:35:17.106810+00:00
2022-04-05,1015.0,1015.0,996.0,1002.2,7339,1002.2,2026-09-03T19:35:17.106810+00:00
2022-04-06,1001.0,1010.0,990.0,993.0,5623,993.0,2026-09-03T19:35:17.106810+00:00
2022-04-07,1000.0,1016.0,990.0,1005.5,4492,1005.5,2026-09-03T19:35:17.106810+00:00
2022-04-11,1025.6,1040.0,987.0,987.0,5169,987.0,2026-09-03T19:35:17.106810+00:00
2022-04-12,970.0,1000.0,970.0,984.0,5933,984.0,2026-09-03T19:35:17.106810+00:00
2022-04-13,980.0,1000.0,975.0,1000.0,3625,1000.0,2026-09-03T19:35:17.106810+00:00
2022-04-17,1000.0,1005.0,981.0,988.0,4019,988.0,2026-09-03T19:35:17.106810+00:00
2022-04-18,988.0,990.0,972.0,980.0,3734,980.0,2026-09-03T19:35:17.106810+00:00
2022-04-19,965.1,1007.0,965.1,999.0,3138,999.0,2026-09-03T19:35:17.106810+00:00
2022-04-20,990.0,1009.0,971.0,981.1,3759,981.1,2026-09-03T19:35:17.106810+00:00
2022-04-21,963.0,991.0,963.0,975.0,4157,975.0,2026-09-03T19:35:17.106810+00:00
2022-04-24,975.0,1025.0,975.0,1024.0,4343,1024.0,2026-09-03T19:35:17.106810+00:00
2022-04-25,1024.0,1030.0,992.8,1000.0,4346,1000.0,2026-09-03T19:35:17.106810+00:00
2022-04-26,990.0,1010.0,985.0,994.9,3976,994.9,2026-09-03T19:35:17.106810+00:00
2022-04-27,990.0,994.0,971.0,990.0,2645,990.0,2026-09-03T19:35:17.106810+00:00
2022-04-28,975.6,990.0,975.0,984.0,2490,984.0,2026-09-03T19:35:17.106810+00:00
2022-05-02,972.0,984.0,955.0,979.0,7422,979.0,2026-09-03T19:35:17.106810+00:00
2022-05-04,979.0,983.0,960.0,965.0,2925,965.0,2026-09-03T19:35:17.106810+00:00
2022-05-05,970.0,973.0,946.0,946.0,6661,946.0,2026-09-03T19:35:17.106810+00:00
2022-05-08,927.1,964.0,911.0,945.0,4174,945.0,2026-09-03T19:35:17.106810+00:00
2022-05-09,946.0,1010.0,946.0,966.1,6772,966.1,2026-09-03T19:35:17.106810+00:00
2022-05-10,950.1,1014.9,950.1,1008.0,3801,1008.0,2026-09-03T19:35:17.106810+00:00
2022-05-11,1006.0,1040.0,998.0,1025.0,3824,1025.0,2026-09-03T19:35:17.106810+00:00
2022-05-12,1020.0,1035.0,995.0,995.0,2985,995.0,2026-09-03T19:35:17.106810+00:00
2022-05-17,976.6,1000.0,966.0,979.0,2840,979.0,2026-09-03T19:35:17.106810+00:00
2022-05-18,960.0,990.0,941.0,973.0,1579,973.0,2026-09-03T19:35:17.106810+00:00
2022-05-19,961.0,979.0,961.0,963.1,1866,963.1,2026-09-03T19:35:17.106810+00:00
2022-05-20,963.0,982.3,946.1,965.0,2027,965.0,2026-09-03T19:35:17.106810+00:00
2022-05-23,953.1,955.0,936.0,945.0,3814,945.0,2026-09-03T19:35:17.106810+00:00
2022-05-24,945.0,960.0,930.0,943.0,2243,943.0,2026-09-03T19:35:17.106810+00:00
2022-05-25,942.1,959.0,942.0,945.0,1797,945.0,2026-09-03T19:35:17.106810+00:00
2022-05-26,930.0,955.0,930.0,945.0,1640,945.0,2026-09-03T19:35:17.106810+00:00
2022-05-27,945.0,960.0,942.0,942.0,1003,942.0,2026-09-03T19:35:17.106810+00:00
2022-05-30,940.0,951.0,930.2,932.0,2416,932.0,2026-09-03T19:35:17.106810+00:00
2022-05-31,925.0,930.0,889.0,891.1,15919,891.1,2026-09-03T19:35:17.106810+00:00
2022-06-01,890.0,900.0,881.0,889.0,1652,889.0,2026-09-03T19:35:17.106810+00:00
2022-06-02,900.0,906.0,888.0,890.0,2612,890.0,2026-09-03T19:35:17.106810+00:00
2022-06-03,872.3,889.0,872.3,876.0,3583,876.0,2026-09-03T19:35:17.106810+00:00
2022-06-06,867.0,885.0,867.0,876.0,2920,876.0,2026-09-03T19:35:17.106810+00:00
2022-06-07,859.0,875.9,843.3,863.0,3997,863.0,2026-09-03T19:35:17.106810+00:00
2022-06-08,870.0,900.0,855.0,900.0,3934,900.0,2026-09-03T19:35:17.106810+00:00
2022-06-09,884.0,914.9,865.0,875.1,4668,875.1,2026-09-03T19:35:17.106810+00:00
2022-06-10,860.0,880.0,860.0,866.0,1694,866.0,2026-09-03T19:35:17.106810+00:00
2022-06-13,860.0,870.0,850.0,850.0,3699,850.0,2026-09-03T19:35:17.106810+00:00
2022-06-14,840.0,850.0,834.0,835.0,3579,835.0,2026-09-03T19:35:17.106810+00:00
2022-06-15,820.0,830.0,810.0,820.0,2674,820.0,2026-09-03T19:35:17.106810+00:00
2022-06-16,806.0,850.0,806.0,824.0,1850,824.0,2026-09-03T19:35:17.106810+00:00
2022-06-17,825.0,842.5,824.0,825.0,1390,825.0,2026-09-03T19:35:17.106810+00:00
2022-06-19,812.1,819.0,809.0,809.0,3965,809.0,2026-09-03T19:35:17.106810+00:00
2022-06-20,794.0,795.0,775.0,776.0,8314,776.0,2026-09-03T19:35:17.106810+00:00
2022-06-21,761.0,805.8,761.0,795.0,3960,795.0,2026-09-03T19:35:17.106810+00:00
2022-06-22,780.0,800.0,779.1,787.0,3706,787.0,2026-09-03T19:35:17.106810+00:00
2022-06-23,772.0,779.0,756.6,769.9,6462,769.9,2026-09-03T19:35:17.106810+00:00
2022-06-24,757.1,799.6,757.1,775.1,2360,775.1,2026-09-03T19:35:17.106810+00:00
2022-06-26,790.6,840.0,790.4,840.0,7511,840.0,2026-09-03T19:35:17.106810+00:00
2022-06-27,840.0,850.0,823.0,824.0,6099,824.0,2026-09-03T19:35:17.106810+00:00
2022-06-28,815.0,815.0,800.0,803.0,5594,803.0,2026-09-03T19:35:17.106810+00:00
2022-06-29,800.0,822.9,800.0,820.0,1476,820.0,2026-09-03T19:35:17.106810+00:00
2022-06-30,820.0,881.0,820.0,864.1,11228,864.1,2026-09-03T19:35:17.106810+00:00
2022-07-01,880.0,908.0,850.1,887.0,17359,887.0,2026-09-03T19:35:17.106810+00:00
2022-07-03,887.0,970.0,869.4,938.0,9281,938.0,2026-09-03T19:35:17.106810+00:00
2022-07-04,955.0,960.0,884.0,922.0,14477,922.0,2026-09-03T19:35:17.106810+00:00
2022-07-05,904.0,934.9,885.0,885.0,6381,885.0,2026-09-03T19:35:17.106810+00:00
2022-07-06,867.3,887.4,850.0,876.0,6008,876.0,2026-09-03T19:35:17.106810+00:00
2022-07-07,893.5,895.0,849.8,862.0,8193,862.0,2026-09-03T19:35:17.106810+00:00
2022-07-08,860.0,860.0,830.1,842.0,2591,842.0,2026-09-03T19:35:17.106810+00:00
2022-07-11,826.0,826.0,805.0,807.2,5784,807.2,2026-09-03T19:35:17.106810+00:00
2022-07-12,814.0,823.0,800.0,814.0,5066,814.0,2026-09-03T19:35:17.106810+00:00
2022-07-13,810.0,862.0,809.0,842.0,4196,842.0,2026-09-03T19:35:17.106810+00:00
2022-07-14,858.8,879.0,831.5,859.0,4597,859.0,2026-09-03T19:35:17.106810+00:00
2022-07-15,850.0,859.9,838.0,859.9,1496,859.9,2026-09-03T19:35:17.106810+00:00
2022-07-17,865.0,875.7,852.0,861.0,4978,861.0,2026-09-03T19:35:17.106810+00:00
2022-07-18,855.0,870.0,850.0,870.0,6105,870.0,2026-09-03T19:35:17.106810+00:00
2022-07-19,884.0,907.0,871.0,897.0,10995,897.0,2026-09-03T19:35:17.106810+00:00
2022-07-20,885.0,905.9,880.0,890.0,4001,890.0,2026-09-03T19:35:17.106810+00:00
2022-07-21,881.0,897.0,875.0,880.0,6022,880.0,2026-09-03T19:35:17.106810+00:00
2022-07-22,897.6,897.6,862.0,870.0,3114,870.0,2026-09-03T19:35:17.106810+00:00
2022-07-24,880.0,908.2,867.0,904.0,13417,904.0,2026-09-03T19:35:17.106810+00:00
2022-07-25,915.0,939.0,910.0,934.0,12540,934.0,2026-09-03T19:35:17.106810+00:00
2022-07-26,935.0,938.0,900.2,909.0,10135,909.0,2026-09-03T19:35:17.106810+00:00
2022-07-27,927.1,927.1,890.4,920.0,18076,920.0,2026-09-03T19:35:17.106810+00:00
2022-07-28,938.0,975.0,922.5,944.0,20486,944.0,2026-09-03T19:35:17.106810+00:00
2022-07-29,944.0,944.0,925.0,925.0,4879,925.0,2026-09-03T19:35:17.106810+00:00
2022-07-31,915.0,943.0,915.0,932.0,7369,932.0,2026-09-03T19:35:17.106810+00:00
2022-08-01,950.0,969.6,920.1,929.0,11516,929.0,2026-09-03T19:35:17.106810+00:00
2022-08-02,947.0,948.8,926.0,948.8,7096,948.8,2026-09-03T19:35:17.106810+00:00
2022-08-03,965.0,967.0,931.2,954.7,8692,954.7,2026-09-03T19:35:17.106810+00:00
2022-08-04,940.0,945.0,922.0,922.1,8731,922.1,2026-09-03T19:35:17.106810+00:00
2022-08-05,930.0,930.0,900.0,900.0,6110,900.0,2026-09-03T19:35:17.106810+00:00
2022-08-07,900.0,924.0,891.0,898.0,6578,898.0,2026-09-03T19:35:17.106810+00:00
2022-08-08,900.0,930.0,900.0,918.0,12460,918.0,2026-09-03T19:35:17.106810+00:00
2022-08-09,900.0,910.0,880.5,881.0,8227,881.0,2026-09-03T19:35:17.106810+00:00
2022-08-10,871.0,885.0,860.4,881.0,5575,881.0,2026-09-03T19:35:17.106810+00:00
2022-08-11,877.0,894.0,866.0,866.1,3874,866.1,2026-09-03T19:35:17.106810+00:00
2022-08-14,853.0,873.0,850.1,856.0,4431,856.0,2026-09-03T19:35:17.106810+00:00
2022-08-15,865.0,895.0,853.0,895.0,3779,895.0,2026-09-03T19:35:17.106810+00:00
2022-08-16,909.0,909.0,868.0,884.0,4100,884.0,2026-09-03T19:35:17.106810+00:00
2022-08-17,871.0,880.0,871.0,880.0,1360,880.0,2026-09-03T19:35:17.106810+00:00
2022-08-18,870.0,899.0,869.0,882.0,4239,882.0,2026-09-03T19:35:17.106810+00:00
2022-08-21,885.5,895.0,872.1,885.0,4179,885.0,2026-09-03T19:35:17.106810+00:00
2022-08-22,880.0,883.0,865.0,872.0,4124,872.0,2026-09-03T19:35:17.106810+00:00
2022-08-23,864.4,882.4,864.4,870.0,1994,870.0,2026-09-03T19:35:17.106810+00:00
2022-08-24,865.0,887.4,863.1,875.0,955,875.0,2026-09-03T19:35:17.106810+00:00
2022-08-25,875.0,887.0,862.5,866.0,6188,866.0,2026-09-03T19:35:17.106810+00:00
2022-08-26,883.3,883.3,849.0,860.0,4301,860.0,2026-09-03T19:35:17.106810+00:00
2022-08-28,850.0,860.0,820.0,820.5,7983,820.5,2026-09-03T19:35:17.106810+00:00
2022-08-29,821.0,821.0,804.1,815.0,4823,815.0,2026-09-03T19:35:17.106810+00:00
2022-08-30,820.0,847.0,815.0,820.0,2198,820.0,2026-09-03T19:35:17.106810+00:00
2022-08-31,820.0,820.0,806.1,807.5,2594,807.5,2026-09-03T19:35:17.106810+00:00
2022-09-01,795.0,823.6,795.0,798.0,5265,798.0,2026-09-03T19:35:17.106810+00:00
2022-09-02,798.0,816.0,798.0,807.0,879,807.0,2026-09-03T19:35:17.106810+00:00
2022-09-04,812.0,816.0,801.1,811.0,4747,811.0,2026-09-03T19:35:17.106810+00:00
2022-09-05,801.0,818.0,800.7,810.0,2465,810.0,2026-09-03T19:35:17.106810+00:00
2022-09-06,800.0,813.0,790.0,795.0,4289,795.0,2026-09-03T19:35:17.106810+00:00
2022-09-07,790.0,795.0,781.3,788.0,3801,788.0,2026-09-03T19:35:17.106810+00:00
2022-09-08,781.0,795.0,777.0,782.5,3786,782.5,2026-09-03T19:35:17.106810+00:00
2022-09-11,768.1,783.3,768.0,773.0,3084,773.0,2026-09-03T19:35:17.106810+00:00
2022-09-12,779.0,780.0,765.1,768.0,2100,768.0,2026-09-03T19:35:17.106810+00:00
2022-09-13,768.0,786.0,768.0,779.0,2407,779.0,2026-09-03T19:35:17.106810+00:00
2022-09-14,786.0,807.0,782.0,800.0,4975,800.0,2026-09-03T19:35:17.106810+00:00
2022-09-15,815.9,815.9,770.0,770.1,8070,770.1,2026-09-03T19:35:17.106810+00:00
2022-09-16,755.0,769.0,755.0,765.0,5456,765.0,2026-09-03T19:35:17.106810+00:00
2022-09-18,765.0,765.0,745.0,745.2,6421,745.2,2026-09-03T19:35:17.106810+00:00
2022-09-20,735.0,736.0,708.6,708.6,6809,708.6,2026-09-03T19:35:17.106810+00:00
2022-09-21,722.0,734.0,710.5,725.0,4794,725.0,2026-09-03T19:35:17.106810+00:00
2022-09-22,723.0,732.0,710.0,713.4,2690,713.4,2026-09-03T19:35:17.106810+00:00
2022-09-25,710.0,720.0,699.3,705.0,5405,705.0,2026-09-03T19:35:17.106810+00:00
2022-09-27,710.0,731.0,698.0,698.0,8992,698.0,2026-09-03T19:35:17.106810+00:00
2022-09-28,710.0,723.0,705.0,705.0,1475,705.0,2026-09-03T19:35:17.106810+00:00
2022-09-29,705.5,729.0,702.7,720.0,2884,720.0,2026-09-03T19:35:17.106810+00:00
2022-10-09,715.0,730.0,715.0,730.0,3594,730.0,2026-09-03T19:35:17.106810+00:00
2022-10-10,730.0,731.0,716.0,717.1,2790,717.1,2026-09-03T19:35:17.106810+00:00
2022-10-11,715.0,724.0,706.0,712.0,2027,712.0,2026-09-03T19:35:17.106810+00:00
2022-10-12,710.0,720.0,700.1,712.2,1560,712.2,2026-09-03T19:35:17.106810+00:00
2022-10-13,698.0,729.0,698.0,728.0,2622,728.0,2026-09-03T19:35:17.106810+00:00
2022-10-16,714.2,720.0,713.5,720.0,2671,720.0,2026-09-03T19:35:17.106810+00:00
2022-10-17,706.0,720.0,706.0,718.0,1132,718.0,2026-09-03T19:35:17.106810+00:00
2022-10-19,718.0,718.0,699.0,709.9,5735,709.9,2026-09-03T19:35:17.106810+00:00
2022-10-20,697.0,714.0,697.0,706.0,1658,706.0,2026-09-03T19:35:17.106810+00:00
2022-10-23,710.0,714.9,705.0,714.0,1939,714.0,2026-09-03T19:35:17.106810+00:00
2022-10-31,706.0,720.0,705.1,720.0,3278,720.0,2026-09-03T19:35:17.106810+00:00
2022-11-01,715.0,749.8,712.1,749.8,6421,749.8,2026-09-03T19:35:17.106810+00:00
2022-11-02,742.0,779.0,735.0,759.0,5252,759.0,2026-09-03T19:35:17.106810+00:00
2022-11-03,760.0,760.0,735.3,738.1,3485,738.1,2026-09-03T19:35:17.106810+00:00
2022-11-06,731.1,784.0,731.1,778.0,8451,778.0,2026-09-03T19:35:17.106810+00:00
2022-11-07,793.5,793.5,735.0,744.0,18217,744.0,2026-09-03T19:35:17.106810+00:00
2022-11-08,739.0,751.0,737.1,743.0,3025,743.0,2026-09-03T19:35:17.106810+00:00
2022-11-09,735.1,738.0,721.0,727.0,4758,727.0,2026-09-03T19:35:17.106810+00:00
2022-11-10,720.0,740.0,710.0,720.0,4400,720.0,2026-09-03T19:35:17.106810+00:00
2022-11-13,720.0,720.0,705.0,708.0,2770,708.0,2026-09-03T19:35:17.106810+00:00
2022-11-14,704.0,714.0,703.0,711.0,1736,711.0,2026-09-03T19:35:17.106810+00:00
2022-11-15,703.0,719.0,703.0,706.1,1735,706.1,2026-09-03T19:35:17.106810+00:00
2022-11-16,704.1,715.0,704.0,710.0,3311,710.0,2026-09-03T19:35:17.106810+00:00
2022-11-17,723.0,723.0,712.1,718.9,2325,718.9,2026-09-03T19:35:17.106810+00:00
2022-11-22,729.0,730.0,706.0,720.0,1760,720.0,2026-09-03T19:35:17.106810+00:00
2022-11-23,728.0,728.0,706.0,710.0,1462,710.0,2026-09-03T19:35:17.106810+00:00
2022-11-24,702.0,717.6,702.0,711.0,1912,711.0,2026-09-03T19:35:17.106810+00:00
2022-11-27,711.0,737.0,711.0,737.0,6941,737.0,2026-09-03T19:35:17.106810+00:00
2022-11-28,725.5,739.0,725.5,734.0,5479,734.0,2026-09-03T19:35:17.106810+00:00
2022-11-29,723.2,750.0,723.0,748.0,3745,748.0,2026-09-03T19:35:17.106810+00:00
2022-11-30,733.7,746.0,733.3,743.5,2816,743.5,2026-09-03T19:35:17.106810+00:00
2022-12-01,745.0,760.0,731.5,742.0,8869,742.0,2026-09-03T19:35:17.106810+00:00
2022-12-04,735.0,756.0,735.0,743.0,3561,743.0,2026-09-03T19:35:17.106810+00:00
2022-12-05,743.0,743.0,725.1,726.1,4128,726.1,2026-09-03T19:35:17.106810+00:00
2022-12-06,730.0,730.9,720.0,729.0,3692,729.0,2026-09-03T19:35:17.106810+00:00
2022-12-07,723.0,729.0,716.0,720.0,2288,720.0,2026-09-03T19:35:17.106810+00:00
2022-12-11,710.0,717.0,703.0,710.0,3439,710.0,2026-09-03T19:35:17.106810+00:00
2022-12-12,717.0,718.0,710.2,712.5,2619,712.5,2026-09-03T19:35:17.106810+00:00
2022-12-13,711.0,720.0,710.5,715.0,1360,715.0,2026-09-03T19:35:17.106810+00:00
2022-12-14,702.2,715.0,702.2,711.0,1530,711.0,2026-09-03T19:35:17.106810+00:00
2022-12-15,710.0,715.0,703.2,706.4,1417,706.4,2026-09-03T19:35:17.106810+00:00
2022-12-18,702.0,705.0,694.0,697.0,3962,697.0,2026-09-03T19:35:17.106810+00:00
2022-12-19,688.0,710.0,687.3,710.0,3273,710.0,2026-09-03T19:35:17.106810+00:00
2022-12-20,710.0,720.0,700.0,720.0,3588,720.0,2026-09-03T19:35:17.106810+00:00
2022-12-21,705.6,719.4,700.0,703.9,4167,703.9,2026-09-03T19:35:17.106810+00:00
2022-12-22,700.0,714.0,693.2,703.1,4262,703.1,2026-09-03T19:35:17.106810+00:00
2022-12-26,710.0,734.4,709.0,734.4,3639,734.4,2026-09-03T19:35:17.106810+00:00
2022-12-27,748.0,753.0,735.0,745.0,11593,745.0,2026-09-03T19:35:17.106810+00:00
2022-12-28,744.0,745.0,730.1,732.0,3263,732.0,2026-09-03T19:35:17.106810+00:00
2022-12-29,727.0,764.9,727.0,764.9,7211,764.9,2026-09-03T19:35:17.106810+00:00
2023-01-01,755.0,775.0,744.0,756.0,11130,756.0,2026-09-03T19:35:17.106810+00:00
2023-01-02,750.0,774.0,745.0,756.2,9771,756.2,2026-09-03T19:35:17.106810+00:00
2023-01-03,753.0,809.0,752.0,789.0,17283,789.0,2026-09-03T19:35:17.106810+00:00
2023-01-04,800.0,843.0,793.0,840.0,20309,840.0,2026-09-03T19:35:17.106810+00:00
2023-01-05,856.8,860.0,816.4,845.0,22895,845.0,2026-09-03T19:35:17.106810+00:00
2023-01-08,859.0,861.0,828.2,840.0,18815,840.0,2026-09-03T19:35:17.106810+00:00
2023-01-09,840.0,854.0,828.0,852.0,13176,852.0,2026-09-03T19:35:17.106810+00:00
2023-01-10,852.0,878.0,825.0,840.0,34734,840.0,2026-09-03T19:35:17.106810+00:00
2023-01-12,856.0,873.0,806.5,820.0,18556,820.0,2026-09-03T19:35:17.106810+00:00
2023-01-17,820.0,833.3,809.0,824.0,8482,824.0,2026-09-03T19:35:17.106810+00:00
2023-01-18,821.0,840.4,816.1,821.0,15629,821.0,2026-09-03T19:35:17.106810+00:00
2023-01-19,822.0,830.0,810.0,830.0,5919,830.0,2026-09-03T19:35:17.106810+00:00
2023-01-23,822.0,828.0,810.0,815.0,8974,815.0,2026-09-03T19:35:17.106810+00:00
2023-01-24,801.0,816.0,801.0,808.0,6286,808.0,2026-09-03T19:35:17.106810+00:00
2023-01-25,808.0,837.4,805.0,825.9,13107,825.9,2026-09-03T19:35:17.106810+00:00
2023-01-26,811.0,836.0,811.0,823.0,4193,823.0,2026-09-03T19:35:17.106810+00:00
2023-01-29,806.9,823.0,805.0,805.0,6204,805.0,2026-09-03T19:35:17.106810+00:00
2023-01-30,790.3,810.0,789.0,790.0,6259,790.0,2026-09-03T19:35:17.106810+00:00
2023-01-31,775.0,785.0,770.0,778.0,14252,778.0,2026-09-03T19:35:17.106810+00:00
2023-02-01,765.0,777.0,763.0,764.0,5149,764.0,2026-09-03T19:35:17.106810+00:00
2023-02-02,758.0,775.0,745.0,745.0,7424,745.0,2026-09-03T19:35:17.106810+00:00
2023-02-05,735.1,759.9,735.1,746.0,4630,746.0,2026-09-03T19:35:17.106810+00:00
2023-02-06,750.0,760.0,740.0,746.6,6606,746.6,2026-09-03T19:35:17.106810+00:00
2023-02-07,746.0,775.0,746.0,773.0,5157,773.0,2026-09-03T19:35:17.106810+00:00
2023-02-08,775.0,785.0,760.0,764.0,4213,764.0,2026-09-03T19:35:17.106810+00:00
2023-02-09,770.0,779.1,752.1,768.0,4572,768.0,2026-09-03T19:35:17.106810+00:00
2023-02-12,752.8,755.0,745.0,745.0,4265,745.0,2026-09-03T19:35:17.106810+00:00
2023-02-14,740.0,745.0,722.0,734.0,8017,734.0,2026-09-03T19:35:17.106810+00:00
2023-02-15,721.1,730.0,720.0,725.0,3976,725.0,2026-09-03T19:35:17.106810+00:00
2023-02-16,714.0,730.0,710.5,718.0,5624,718.0,2026-09-03T19:35:17.106810+00:00
2023-02-20,710.0,714.0,700.0,706.0,6031,706.0,2026-09-03T19:35:17.106810+00:00
2023-02-22,706.0,714.0,696.0,699.0,7920,699.0,2026-09-03T19:35:17.106810+00:00
2023-02-23,685.2,687.0,629.1,629.1,38612,629.1,2026-09-03T19:35:17.106810+00:00
2023-02-26,616.6,660.0,597.1,655.0,14919,655.0,2026-09-03T19:35:17.106810+00:00
2023-02-27,663.9,668.0,640.0,651.0,6219,651.0,2026-09-03T19:35:17.106810+00:00
2023-02-28,640.2,654.8,640.0,646.0,4600,646.0,2026-09-03T19:35:17.106810+00:00
2023-03-01,646.0,646.0,600.0,612.7,15303,612.7,2026-09-03T19:35:17.106810+00:00
2023-03-02,600.5,624.7,600.5,601.0,5096,601.0,2026-09-03T19:35:17.106810+00:00
2023-03-05,610.0,613.0,588.0,590.0,6242,590.0,2026-09-03T19:35:17.106810+00:00
2023-03-07,590.0,594.0,570.0,579.0,14029,579.0,2026-09-03T19:35:17.106810+00:00
2023-03-09,588.0,598.9,581.0,598.9,5850,598.9,2026-09-03T19:35:17.106810+00:00
2023-03-12,610.8,610.8,582.2,588.0,7450,588.0,2026-09-03T19:35:17.106810+00:00
2023-03-13,595.0,595.0,576.2,588.0,3941,588.0,2026-09-03T19:35:17.106810+00:00
2023-03-14,577.2,586.0,570.0,584.0,10829,584.0,2026-09-03T19:35:17.106810+00:00
2023-03-15,572.4,580.0,565.2,572.0,12401,572.0,2026-09-03T19:35:17.106810+00:00
2023-03-16,566.0,575.0,561.0,571.5,5752,571.5,2026-09-03T19:35:17.106810+00:00
2023-03-19,566.1,575.0,560.3,568.9,10424,568.9,2026-09-03T19:35:17.106810+00:00
2023-03-20,560.0,576.0,560.0,571.0,2908,571.0,2026-09-03T19:35:17.106810+00:00
2023-03-22,574.0,580.0,565.2,569.8,5419,569.8,2026-09-03T19:35:17.106810+00:00
2023-03-23,572.0,572.0,559.0,564.0,5277,564.0,2026-09-03T19:35:17.106810+00:00
2023-03-26,555.0,560.0,550.0,555.0,7212,555.0,2026-09-03T19:35:17.106810+00:00
2023-03-27,544.0,566.1,544.0,565.0,4326,565.0,2026-09-03T19:35:17.106810+00:00
2023-03-28,560.0,589.5,558.4,580.4,5967,580.4,2026-09-03T19:35:17.106810+00:00
2023-03-29,590.0,590.0,565.0,579.9,1775,579.9,2026-09-03T19:35:17.106810+00:00
2023-03-30,580.0,583.8,569.0,578.0,3843,578.0,2026-09-03T19:35:17.106810+00:00
2023-04-02,589.5,589.5,569.0,570.0,5932,570.0,2026-09-03T19:35:17.106810+00:00
2023-04-03,560.0,570.0,556.0,564.0,2712,564.0,2026-09-03T19:35:17.106810+00:00
2023-04-04,570.0,575.0,556.0,566.0,2569,566.0,2026-09-03T19:35:17.106810+00:00
2023-04-05,558.0,576.0,558.0,576.0,1749,576.0,2026-09-03T19:35:17.106810+00:00
2023-04-06,584.0,584.0,556.1,570.0,6289,570.0,2026-09-03T19:35:17.106810+00:00
2023-04-09,563.0,570.0,555.2,557.0,3736,557.0,2026-09-03T19:35:17.106810+00:00
2023-04-10,567.0,572.0,556.1,558.6,2463,558.6,2026-09-03T19:35:17.106810+00:00
2023-04-11,550.0,574.0,550.0,573.9,3076,573.9,2026-09-03T19:35:17.106810+00:00
2023-04-12,585.0,598.0,562.5,590.0,9766,590.0,2026-09-03T19:35:17.106810+00:00
2023-04-13,601.0,613.0,585.1,592.0,22541,592.0,2026-09-03T19:35:17.106810+00:00
2023-04-16,588.8,588.8,569.0,584.0,3924,584.0,2026-09-03T19:35:17.106810+00:00
2023-04-17,575.0,584.0,565.0,573.0,6106,573.0,2026-09-03T19:35:17.106810+00:00
2023-04-18,580.0,580.0,565.0,572.9,4016,572.9,2026-09-03T19:35:17.106810+00:00
2023-04-19,584.3,584.3,566.0,579.3,1525,579.3,2026-09-03T19:35:17.106810+00:00
2023-04-20,568.1,578.9,560.0,560.0,6391,560.0,2026-09-03T19:35:17.106810+00:00
2023-04-23,549.0,567.0,549.0,563.0,1784,563.0,2026-09-03T19:35:17.106810+00:00
2023-04-24,563.0,563.0,555.0,562.0,1833,562.0,2026-09-03T19:35:17.106810+00:00
2023-04-25,556.0,570.0,555.0,557.0,5066,557.0,2026-09-03T19:35:17.106810+00:00
2023-04-26,555.0,571.2,555.0,559.0,2542,559.0,2026-09-03T19:35:17.106810+00:00
2023-04-27,555.0,563.0,548.0,555.0,5324,555.0,2026-09-03T19:35:17.106810+00:00
2023-04-30,553.0,553.0,542.0,547.0,4905,547.0,2026-09-03T19:35:17.106810+00:00
2023-05-02,538.1,568.0,538.1,550.0,4571,550.0,2026-09-03T19:35:17.106810+00:00
2023-05-03,561.0,569.4,539.3,541.5,2901,541.5,2026-09-03T19:35:17.106810+00:00
2023-05-04,540.0,548.0,537.1,545.0,2626,545.0,2026-09-03T19:35:17.106810+00:00
2023-05-07,536.0,545.8,536.0,537.0,2312,537.0,2026-09-03T19:35:17.106810+00:00
2023-05-08,536.0,541.9,528.0,539.0,4752,539.0,2026-09-03T19:35:17.106810+00:00
2023-05-09,530.0,547.9,529.6,544.0,1930,544.0,2026-09-03T19:35:17.106810+00:00
2023-05-10,538.1,540.0,531.0,540.0,2202,540.0,2026-09-03T19:35:17.106810+00:00
2023-05-11,536.0,540.0,531.0,535.0,1305,535.0,2026-09-03T19:35:17.106810+00:00
2023-05-14,535.1,538.0,520.0,520.0,5902,520.0,2026-09-03T19:35:17.106810+00:00
2023-05-15,516.0,530.4,516.0,526.3,5800,526.3,2026-09-03T19:35:17.106810+00:00
2023-05-16,526.0,532.0,516.3,532.0,4305,532.0,2026-09-03T19:35:17.106810+00:00
2023-05-17,525.0,542.0,522.0,526.9,6316,526.9,2026-09-03T19:35:17.106810+00:00
2023-05-18,520.0,555.9,520.0,546.0,3391,546.0,2026-09-03T19:35:17.106810+00:00
2023-05-21,555.0,555.0,535.0,542.3,4437,542.3,2026-09-03T19:35:17.106810+00:00
2023-05-22,537.0,558.9,532.1,554.9,4997,554.9,2026-09-03T19:35:17.106810+00:00
2023-05-23,550.0,573.2,550.0,572.9,15348,572.9,2026-09-03T19:35:17.106810+00:00
2023-05-24,572.9,603.0,566.0,597.0,11027,597.0,2026-09-03T19:35:17.106810+00:00
2023-05-28,597.0,608.0,580.3,582.0,14744,582.0,2026-09-03T19:35:17.106810+00:00
2023-05-30,582.0,582.0,557.1,560.0,20577,560.0,2026-09-03T19:35:17.106810+00:00
2023-05-31,551.0,571.9,541.0,571.9,10709,571.9,2026-09-03T19:35:17.106810+00:00
2023-06-01,579.0,579.0,549.4,565.0,3854,565.0,2026-09-03T19:35:17.106810+00:00
2023-06-04,576.3,598.0,564.0,571.0,5920,571.0,2026-09-03T19:35:17.106810+00:00
2023-06-05,570.0,583.0,567.1,572.0,5109,572.0,2026-09-03T19:35:17.106810+00:00
2023-06-06,561.2,580.0,561.2,572.0,4443,572.0,2026-09-03T19:35:17.106810+00:00
2023-06-07,567.0,595.0,567.0,594.0,12455,594.0,2026-09-03T19:35:17.106810+00:00
2023-06-08,595.0,602.0,583.2,599.9,8421,599.9,2026-09-03T19:35:17.106810+00:00
2023-06-11,609.0,626.9,601.0,625.0,10734,625.0,2026-09-03T19:35:17.106810+00:00
2023-06-12,615.3,634.0,615.3,634.0,15005,634.0,2026-09-03T19:35:17.106810+00:00
2023-06-13,621.4,650.0,615.0,647.0,17608,647.0,2026-09-03T19:35:17.106810+00:00
2023-06-14,637.0,663.0,637.0,650.0,15172,650.0,2026-09-03T19:35:17.106810+00:00
2023-06-15,660.0,660.0,626.0,633.5,12072,633.5,2026-09-03T19:35:17.106810+00:00
2023-06-18,630.0,670.0,630.0,667.0,10745,667.0,2026-09-03T19:35:17.106810+00:00
2023-06-19,666.0,675.0,648.0,664.0,9400,664.0,2026-09-03T19:35:17.106810+00:00
2023-06-20,662.9,675.0,642.0,660.0,11773,660.0,2026-09-03T19:35:17.106810+00:00
2023-06-21,646.8,663.0,634.0,662.9,9347,662.9,2026-09-03T19:35:17.106810+00:00
2023-06-22,650.1,663.0,638.1,650.0,8740,650.0,2026-09-03T19:35:17.106810+00:00
2023-06-25,662.9,669.0,642.0,665.9,21439,665.9,2026-09-03T19:35:17.106810+00:00
2023-06-26,666.0,703.0,655.4,703.0,29205,703.0,2026-09-03T19:35:17.106810+00:00
2023-06-27,703.0,773.3,703.0,773.3,35822,773.3,2026-09-03T19:35:17.106810+00:00
2023-06-28,788.7,788.7,737.0,748.0,18919,748.0,2026-09-03T19:35:17.106810+00:00
2023-07-02,748.0,748.0,700.0,721.9,21058,721.9,2026-09-03T19:35:17.106810+00:00
2023-07-03,708.0,727.0,694.1,715.0,12233,715.0,2026-09-03T19:35:17.106810+00:00
2023-07-04,720.0,729.0,704.1,718.0,7574,718.0,2026-09-03T19:35:17.106810+00:00
2023-07-05,710.0,715.0,700.0,700.1,10295,700.1,2026-09-03T19:35:17.106810+00:00
2023-07-06,695.0,702.0,688.0,694.0,5527,694.0,2026-09-03T19:35:17.106810+00:00
2023-07-09,707.0,710.1,696.1,705.0,7834,705.0,2026-09-03T19:35:17.106810+00:00
2023-07-10,715.0,748.0,705.0,720.0,12468,720.0,2026-09-03T19:35:17.106810+00:00
2023-07-11,725.0,725.0,706.2,711.0,4155,711.0,2026-09-03T19:35:17.106810+00:00
2023-07-12,710.0,735.0,701.0,735.0,11546,735.0,2026-09-03T19:35:17.106810+00:00
2023-07-13,749.7,749.7,725.0,725.1,14696,725.1,2026-09-03T19:35:17.106810+00:00
2023-07-16,725.0,729.0,718.2,729.0,4638,729.0,2026-09-03T19:35:17.106810+00:00
2023-07-17,714.8,754.0,714.8,754.0,5329,754.0,2026-09-03T19:35:17.106810+00:00
2023-07-18,739.0,780.0,735.0,743.0,7290,743.0,2026-09-03T19:35:17.106810+00:00
2023-07-19,745.0,752.0,730.2,742.0,7312,742.0,2026-09-03T19:35:17.106810+00:00
2023-07-20,728.1,750.7,728.0,738.0,7564,738.0,2026-09-03T19:35:17.106810+00:00
2023-07-23,739.0,765.0,729.0,754.0,7895,754.0,2026-09-03T19:35:17.106810+00:00
2023-07-24,739.1,750.0,730.0,733.0,10723,733.0,2026-09-03T19:35:17.106810+00:00
2023-07-25,725.0,735.0,718.0,718.0,5067,718.0,2026-09-03T19:35:17.106810+00:00
2023-07-26,715.0,730.0,701.1,719.0,9427,719.0,2026-09-03T19:35:17.106810+00:00
2023-07-27,705.0,719.0,690.0,704.0,9206,704.0,2026-09-03T19:35:17.106810+00:00
2023-07-30,692.0,694.5,682.0,684.8,5524,684.8,2026-09-03T19:35:17.106810+00:00
2023-07-31,680.0,698.0,674.0,677.7,6236,677.7,2026-09-03T19:35:17.106810+00:00
2023-08-01,679.0,690.0,662.0,662.0,6707,662.0,2026-09-03T19:35:17.106810+00:00
2023-08-02,667.0,667.0,650.0,664.8,5423,664.8,2026-09-03T19:35:17.106810+00:00
2023-08-03,677.0,686.0,652.0,686.0,10637,686.0,2026-09-03T19:35:17.106810+00:00
2023-08-06,675.0,675.2,655.0,656.0,5928,656.0,2026-09-03T19:35:17.106810+00:00
2023-08-07,656.0,673.2,650.0,666.8,5257,666.8,2026-09-03T19:35:17.106810+00:00
2023-08-08,679.8,679.8,652.0,662.8,4463,662.8,2026-09-03T19:35:17.106810+00:00
2023-08-09,649.6,669.9,649.6,667.9,5112,667.9,2026-09-03T19:35:17.106810+00:00
2023-08-10,654.6,691.6,654.6,674.0,4947,674.0,2026-09-03T19:35:17.106810+00:00
2023-08-13,667.0,680.0,660.6,674.9,4599,674.9,2026-09-03T19:35:17.106810+00:00
2023-08-14,680.0,682.0,662.2,667.2,10373,667.2,2026-09-03T19:35:17.106810+00:00
2023-08-15,656.1,678.9,650.0,670.0,5604,670.0,2026-09-03T19:35:17.106810+00:00
2023-08-16,656.7,669.0,656.7,661.0,9639,661.0,2026-09-03T19:35:17.106810+00:00
2023-08-17,653.0,683.0,653.0,676.6,8700,676.6,2026-09-03T19:35:17.106810+00:00
2023-08-20,665.0,679.8,660.3,663.1,5270,663.1,2026-09-03T19:35:17.106810+00:00
2023-08-21,656.0,669.9,655.0,661.0,3922,661.0,2026-09-03T19:35:17.106810+00:00
2023-08-22,655.0,669.0,652.1,661.0,4118,661.0,2026-09-03T19:35:17.106810+00:00
2023-08-23,664.8,677.0,654.0,672.0,6455,672.0,2026-09-03T19:35:17.106810+00:00
2023-08-24,661.0,685.0,660.0,663.0,4810,663.0,2026-09-03T19:35:17.106810+00:00
2023-08-27,652.0,663.0,650.2,660.0,6231,660.0,2026-09-03T19:35:17.106810+00:00
2023-08-28,647.0,670.0,647.0,663.9,5655,663.9,2026-09-03T19:35:17.106810+00:00
2023-08-29,660.0,670.0,651.1,657.4,2309,657.4,2026-09-03T19:35:17.106810+00:00
2023-08-30,644.7,664.9,644.7,653.0,4183,653.0,2026-09-03T19:35:17.106810+00:00
2023-09-03,665.9,665.9,642.0,645.0,7552,645.0,2026-09-03T19:35:17.106810+00:00
2023-09-04,633.9,657.0,633.9,648.0,4525,648.0,2026-09-03T19:35:17.106810+00:00
2023-09-05,635.1,655.0,635.1,638.0,1878,638.0,2026-09-03T19:35:17.106810+00:00
2023-09-07,625.3,650.0,623.0,649.0,7190,649.0,2026-09-03T19:35:17.106810+00:00
2023-09-10,636.1,645.9,633.0,641.9,3580,641.9,2026-09-03T19:35:17.106810+00:00
2023-09-11,629.1,661.9,629.1,658.0,18424,658.0,2026-09-03T19:35:17.106810+00:00
2023-09-12,644.9,650.0,637.0,641.0,2225,641.0,2026-09-03T19:35:17.106810+00:00
2023-09-13,653.0,656.9,632.1,656.0,5010,656.0,2026-09-03T19:35:17.106810+00:00
2023-09-17,643.5,647.0,628.5,629.0,6446,629.0,2026-09-03T19:35:17.106810+00:00
2023-09-18,630.0,641.0,625.1,634.0,2285,634.0,2026-09-03T19:35:17.106810+00:00
2023-09-19,640.0,649.8,627.2,649.8,2233,649.8,2026-09-03T19:35:17.106810+00:00
2023-09-21,659.0,702.0,642.4,691.5,43423,691.5,2026-09-03T19:35:17.106810+00:00
2023-09-24,677.7,732.0,677.7,695.0,26935,695.0,2026-09-03T19:35:17.106810+00:00
2023-09-25,681.2,684.9,668.0,679.0,20840,679.0,2026-09-03T19:35:17.106810+00:00
2023-09-26,665.5,690.0,665.5,683.5,4775,683.5,2026-09-03T19:35:17.106810+00:00
2023-09-27,669.9,684.4,665.0,667.0,12648,667.0,2026-09-03T19:35:17.106810+00:00
2023-10-01,653.7,678.3,650.1,655.0,5463,655.0,2026-09-03T19:35:17.106810+00:00
2023-10-02,642.3,707.0,642.3,666.0,3261,666.0,2026-09-03T19:35:17.106810+00:00
2023-10-03,652.7,681.0,651.0,657.0,8256,657.0,2026-09-03T19:35:17.106810+00:00
2023-10-04,647.0,667.0,647.0,660.0,3049,660.0,2026-09-03T19:35:17.106810+00:00
2023-10-05,647.3,669.0,647.3,654.0,6255,654.0,2026-09-03T19:35:17.106810+00:00
2023-10-08,643.1,655.9,625.0,639.0,7837,639.0,2026-09-03T19:35:17.106810+00:00
2023-10-09,628.1,638.0,625.0,625.0,4714,625.0,2026-09-03T19:35:17.106810+00:00
2023-10-10,615.0,628.0,613.0,620.0,3815,620.0,2026-09-03T19:35:17.106810+00:00
2023-10-11,610.1,630.0,610.1,625.0,4301,625.0,2026-09-03T19:35:17.106810+00:00
2023-10-12,615.1,625.0,612.0,616.0,5508,616.0,2026-09-03T19:35:17.106810+00:00
2023-10-16,615.1,620.0,608.2,608.3,4049,608.3,2026-09-03T19:35:17.106810+00:00
2023-10-17,615.0,615.0,602.0,604.0,4577,604.0,2026-09-03T19:35:17.106810+00:00
2023-10-18,600.9,628.0,589.1,615.0,5391,615.0,2026-09-03T19:35:17.106810+00:00
2023-10-19,615.0,615.0,603.0,606.5,7312,606.5,2026-09-03T19:35:17.106810+00:00
2023-10-29,596.0,609.9,590.0,608.7,4160,608.7,2026-09-03T19:35:17.106810+00:00
2023-10-30,596.7,602.0,590.0,600.0,1048,600.0,2026-09-03T19:35:17.106810+00:00
2023-10-31,588.0,595.9,585.1,595.0,1723,595.0,2026-09-03T19:35:17.106810+00:00
2023-11-01,585.1,600.0,575.3,585.0,3386,585.0,2026-09-03T19:35:17.106810+00:00
2023-11-02,573.3,584.0,570.0,574.0,4159,574.0,2026-09-03T19:35:17.106810+00:00
2023-11-05,570.0,615.0,560.6,614.0,8506,614.0,2026-09-03T19:35:17.106810+00:00
2023-11-06,601.8,601.8,568.0,590.0,2210,590.0,2026-09-03T19:35:17.106810+00:00
2023-11-07,581.4,598.0,581.4,598.0,2780,598.0,2026-09-03T19:35:17.106810+00:00
2023-11-08,594.2,605.0,583.0,598.0,2644,598.0,2026-09-03T19:35:17.106810+00:00
2023-11-09,590.0,597.9,580.0,581.0,7586,581.0,2026-09-03T19:35:17.106810+00:00
2023-11-20,580.0,592.0,570.0,583.9,4266,583.9,2026-09-03T19:35:17.106810+00:00
2023-11-21,573.0,578.0,567.2,574.0,4125,574.0,2026-09-03T19:35:17.106810+00:00
2023-11-22,563.0,583.0,554.0,578.0,1276,578.0,2026-09-03T19:35:17.106810+00:00
2023-11-23,566.5,579.9,560.8,579.9,5006,579.9,2026-09-03T19:35:17.106810+00:00
2023-11-26,568.4,614.0,568.4,593.5,6029,593.5,2026-09-03T19:35:17.106810+00:00
2023-11-27,581.7,609.9,580.0,580.0,3538,580.0,2026-09-03T19:35:17.106810+00:00
2023-11-28,590.0,592.0,571.5,581.0,3796,581.0,2026-09-03T19:35:17.106810+00:00
2023-11-29,581.0,627.0,575.5,588.0,4182,588.0,2026-09-03T19:35:17.106810+00:00
2023-11-30,576.3,610.0,571.0,584.9,4847,584.9,2026-09-03T19:35:17.106810+00:00
2023-12-03,573.5,606.0,570.0,606.0,9869,606.0,2026-09-03T19:35:17.106810+00:00
2023-12-04,593.9,593.9,575.1,593.0,4177,593.0,2026-09-03T19:35:17.106810+00:00
2023-12-05,581.2,590.7,564.0,578.0,6798,578.0,2026-09-03T19:35:17.106810+00:00
2023-12-06,566.5,589.0,560.1,575.0,4545,575.0,2026-09-03T19:35:17.106810+00:00
2023-12-07,563.5,584.0,557.4,584.0,2606,584.0,2026-09-03T19:35:17.106810+00:00
2023-12-10,595.6,619.0,591.2,619.0,1018,619.0,2026-09-03T19:35:17.106810+00:00
2023-12-11,606.7,618.8,583.1,605.0,16312,605.0,2026-09-03T19:35:17.106810+00:00
2023-12-12,605.0,609.9,588.2,609.9,14270,609.9,2026-09-03T19:35:17.106810+00:00
2023-12-13,622.0,632.9,575.0,626.0,23291,626.0,2026-09-03T19:35:17.106810+00:00
2023-12-14,613.5,643.0,609.1,641.0,18293,641.0,2026-09-03T19:35:17.106810+00:00
2023-12-17,630.0,642.6,615.0,642.6,15411,642.6,2026-09-03T19:35:17.106810+00:00
2023-12-18,643.0,678.0,635.0,678.0,52989,678.0,2026-09-03T19:35:17.106810+00:00
2023-12-19,670.0,674.9,653.0,666.0,20028,666.0,2026-09-03T19:35:17.106810+00:00
2023-12-20,679.3,679.3,650.0,664.0,14819,664.0,2026-09-03T19:35:17.106810+00:00
2023-12-21,660.0,660.0,636.1,649.0,13513,649.0,2026-09-03T19:35:17.106810+00:00
2023-12-24,637.0,649.0,625.0,630.0,11964,630.0,2026-09-03T19:35:17.106810+00:00
2023-12-27,620.0,630.0,615.0,627.8,8042,627.8,2026-09-03T19:35:17.106810+00:00
2023-12-28,616.0,628.0,614.1,628.0,6722,628.0,2026-09-03T19:35:17.106810+00:00
2024-01-01,615.7,634.0,613.0,620.0,9883,620.0,2026-09-03T19:35:17.106810+00:00
2024-01-02,613.1,625.0,610.0,611.0,10805,611.0,2026-09-03T19:35:17.106810+00:00
2024-01-03,603.9,629.9,603.9,614.0,6759,614.0,2026-09-03T19:35:17.106810+00:00
2024-01-04,604.1,620.0,604.1,620.0,8025,620.0,2026-09-03T19:35:17.106810+00:00
2024-01-07,610.0,612.0,601.0,610.0,13112,610.0,2026-09-03T19:35:17.106810+00:00
2024-01-08,602.1,618.0,602.1,618.0,7586,618.0,2026-09-03T19:35:17.106810+00:00
2024-01-09,615.0,628.0,610.5,623.0,10637,623.0,2026-09-03T19:35:17.106810+00:00
2024-01-10,625.0,648.2,625.0,644.0,23168,644.0,2026-09-03T19:35:17.106810+00:00
2024-01-11,644.0,645.0,621.0,635.0,10938,635.0,2026-09-03T19:35:17.106810+00:00
2024-01-14,635.0,652.0,635.0,651.9,24908,651.9,2026-09-03T19:35:17.106810+00:00
2024-01-16,659.0,668.0,655.1,661.0,16162,661.0,2026-09-03T19:35:17.106810+00:00
2024-01-17,661.0,675.0,651.7,651.7,23240,651.7,2026-09-03T19:35:17.106810+00:00
2024-01-18,640.0,654.0,632.0,639.9,18012,639.9,2026-09-03T19:35:17.106810+00:00
2024-01-21,628.2,636.9,627.2,627.2,14941,627.2,2026-09-03T19:35:17.106810+00:00
2024-01-22,621.0,625.0,615.1,617.0,8280,617.0,2026-09-03T19:35:17.106810+00:00
2024-01-23,606.2,628.9,606.2,616.1,8813,616.1,2026-09-03T19:35:17.106810+00:00
2024-01-24,611.2,630.0,611.2,616.9,5222,616.9,2026-09-03T19:35:17.106810+00:00
2024-01-25,608.0,619.0,608.0,618.0,4799,618.0,2026-09-03T19:35:17.106810+00:00
2024-01-28,610.0,628.0,610.0,620.0,3515,620.0,2026-09-03T19:35:17.106810+00:00
2024-01-29,620.1,629.0,610.0,619.0,8016,619.0,2026-09-03T19:35:17.106810+00:00
2024-01-30,611.1,622.0,610.1,620.0,5094,620.0,2026-09-03T19:35:17.106810+00:00
2024-01-31,620.0,624.0,607.8,610.0,11267,610.0,2026-09-03T19:35:17.106810+00:00
2024-02-01,610.0,615.0,585.2,590.0,13077,590.0,2026-09-03T19:35:17.106810+00:00
2024-02-04,585.1,592.0,580.0,589.6,5850,589.6,2026-09-03T19:35:17.106810+00:00
2024-02-05,581.0,593.6,580.0,593.6,6304,593.6,2026-09-03T19:35:17.106810+00:00
2024-02-06,605.4,605.4,585.1,595.0,6141,595.0,2026-09-03T19:35:17.106810+00:00
2024-02-07,587.3,600.0,585.1,595.0,3786,595.0,2026-09-03T19:35:17.106810+00:00
2024-02-08,604.0,614.0,585.3,593.4,3237,593.4,2026-09-03T19:35:17.106810+00:00
2024-02-11,604.7,604.7,569.3,584.0,7774,584.0,2026-09-03T19:35:17.106810+00:00
2024-02-12,575.0,585.0,575.0,583.0,5421,583.0,2026-09-03T19:35:17.106810+00:00
2024-02-13,593.9,593.9,570.1,570.1,7131,570.1,2026-09-03T19:35:17.106810+00:00
2024-02-14,570.0,580.0,565.2,568.5,3594,568.5,2026-09-03T19:35:17.106810+00:00
2024-02-15,566.09,579.0,560.0,560.0,6777,560.0,2026-09-03T19:35:17.106810+00:00
2024-02-18,569.0,569.0,550.0,558.0,10581,558.0,2026-09-03T19:35:17.106810+00:00
2024-02-20,547.2,566.0,540.0,543.1,6081,543.1,2026-09-03T19:35:17.106810+00:00
2024-02-21,534.3,564.0,534.3,546.0,6388,546.0,2026-09-03T19:35:17.106810+00:00
2024-02-22,556.0,556.0,537.9,544.0,3373,544.0,2026-09-03T19:35:17.106810+00:00
2024-02-25,545.0,553.9,532.0,539.8,3777,539.8,2026-09-03T19:35:17.106810+00:00
2024-02-26,534.0,550.0,534.0,538.0,2632,538.0,2026-09-03T19:35:17.106810+00:00
2024-02-27,540.0,549.2,535.5,536.1,4297,536.1,2026-09-03T19:35:17.106810+00:00
2024-02-28,546.0,556.8,535.2,537.0,3358,537.0,2026-09-03T19:35:17.106810+00:00
2024-02-29,547.5,547.6,530.1,534.9,2140,534.9,2026-09-03T19:35:17.106810+00:00
2024-03-03,544.9,544.9,520.3,526.0,6088,526.0,2026-09-03T19:35:17.106810+00:00
2024-03-04,536.0,578.0,536.0,578.0,70,578.0,2026-09-03T19:35:17.106810+00:00
2024-03-05,587.0,587.0,539.1,550.0,5883,550.0,2026-09-03T19:35:17.106810+00:00
2024-03-06,559.0,559.0,540.0,552.9,3674,552.9,2026-09-03T19:35:17.106810+00:00
2024-03-07,543.2,561.0,543.0,552.9,3450,552.9,2026-09-03T19:35:17.106810+00:00
2024-03-10,558.9,584.9,552.0,577.0,13644,577.0,2026-09-03T19:35:17.106810+00:00
2024-03-12,587.0,608.0,572.0,605.0,12929,605.0,2026-09-03T19:35:17.106810+00:00
2024-03-13,609.9,613.0,591.0,604.0,16458,604.0,2026-09-03T19:35:17.106810+00:00
2024-03-14,595.0,595.0,573.0,573.0,13148,573.0,2026-09-03T19:35:17.106810+00:00
2024-03-17,575.0,590.0,575.0,585.0,7024,585.0,2026-09-03T19:35:17.106810+00:00
2024-03-18,585.0,599.6,577.0,598.7,6043,598.7,2026-09-03T19:35:17.106810+00:00
2024-03-19,598.0,617.0,590.0,605.0,20384,605.0,2026-09-03T19:35:17.106810+00:00
2024-03-20,614.0,640.0,607.1,629.0,62285,629.0,2026-09-03T19:35:17.106810+00:00
2024-03-21,630.0,638.0,611.0,617.0,20506,617.0,2026-09-03T19:35:17.106810+00:00
2024-03-25,607.0,616.0,603.1,607.0,18274,607.0,2026-09-03T19:35:17.106810+00:00
2024-03-26,610.0,619.0,608.0,609.0,9158,609.0,2026-09-03T19:35:17.106810+00:00
2024-03-27,609.0,616.3,600.0,601.0,13545,601.0,2026-09-03T19:35:17.106810+00:00
2024-03-28,612.7,612.7,595.0,599.0,8142,599.0,2026-09-03T19:35:17.106810+00:00
2024-03-31,591.0,605.0,591.0,599.5,5949,599.5,2026-09-03T19:35:17.106810+00:00
2024-04-01,607.0,608.0,588.0,590.0,4949,590.0,2026-09-03T19:35:17.106810+00:00
2024-04-02,585.0,620.0,585.0,596.1,12180,596.1,2026-09-03T19:35:17.106810+00:00
2024-04-03,607.0,615.0,588.0,610.0,12833,610.0,2026-09-03T19:35:17.106810+00:00
2024-04-04,610.0,635.0,601.0,630.0,27667,630.0,2026-09-03T19:35:17.106810+00:00
2024-04-07,639.0,642.0,621.2,622.0,20988,622.0,2026-09-03T19:35:17.106810+00:00
2024-04-09,632.9,632.9,609.0,614.9,14211,614.9,2026-09-03T19:35:17.106810+00:00
2024-04-10,609.2,621.3,603.1,607.9,13673,607.9,2026-09-03T19:35:17.106810+00:00
2024-04-14,607.0,667.9,603.3,667.0,90398,667.0,2026-09-03T19:35:17.106810+00:00
2024-04-15,680.3,693.8,661.5,662.0,61927,662.0,2026-09-03T19:35:17.106810+00:00
2024-04-16,648.8,671.7,648.8,667.1,22789,667.1,2026-09-03T19:35:17.106810+00:00
2024-04-18,653.8,668.1,645.0,646.0,24039,646.0,2026-09-03T19:35:17.106810+00:00
2024-04-21,646.0,710.0,636.0,700.7,29201,700.7,2026-09-03T19:35:17.106810+00:00
2024-04-22,686.7,686.7,640.0,650.0,51723,650.0,2026-09-03T19:35:17.106810+00:00
2024-04-24,637.0,657.0,637.0,648.0,12784,648.0,2026-09-03T19:35:17.106810+00:00
2024-04-25,640.0,650.0,630.0,635.0,9898,635.0,2026-09-03T19:35:17.106810+00:00
2024-04-28,622.3,656.0,622.3,646.2,13774,646.2,2026-09-03T19:35:17.106810+00:00
2024-04-29,633.3,653.0,633.3,646.7,4456,646.7,2026-09-03T19:35:17.106810+00:00
2024-04-30,640.0,671.0,640.0,660.0,19313,660.0,2026-09-03T19:35:17.106810+00:00
2024-05-02,671.0,687.0,661.0,676.0,43971,676.0,2026-09-03T19:35:17.106810+00:00
2024-05-05,662.5,692.0,657.0,657.0,41136,657.0,2026-09-03T19:35:17.106810+00:00
2024-05-06,650.0,665.0,650.0,652.6,17275,652.6,2026-09-03T19:35:17.106810+00:00
2024-05-07,660.0,670.0,650.0,659.0,16803,659.0,2026-09-03T19:35:17.106810+00:00
2024-05-08,660.0,677.3,652.1,667.0,34568,667.0,2026-09-03T19:35:17.106810+00:00
2024-05-09,678.0,678.0,658.3,658.7,21829,658.7,2026-09-03T19:35:17.106810+00:00
2024-05-12,653.1,653.1,635.0,639.8,29477,639.8,2026-09-03T19:35:17.106810+00:00
2024-05-13,650.0,650.0,631.0,636.2,7864,636.2,2026-09-03T19:35:17.106810+00:00
2024-05-14,648.9,668.9,638.0,656.0,22375,656.0,2026-09-03T19:35:17.106810+00:00
2024-05-15,669.1,669.1,641.0,649.7,26267,649.7,2026-09-03T19:35:17.106810+00:00
2024-05-16,640.2,695.0,640.2,676.0,72649,676.0,2026-09-03T19:35:17.106810+00:00
2024-05-19,689.5,689.5,670.0,674.0,36211,674.0,2026-09-03T19:35:17.106810+00:00
2024-05-20,687.4,699.7,675.0,675.2,54158,675.2,2026-09-03T19:35:17.106810+00:00
2024-05-21,675.0,685.0,670.0,684.0,16707,684.0,2026-09-03T19:35:17.106810+00:00
2024-05-22,697.6,697.6,671.0,672.9,23638,672.9,2026-09-03T19:35:17.106810+00:00
2024-05-26,686.3,686.3,660.8,665.7,23864,665.7,2026-09-03T19:35:17.106810+00:00
2024-05-27,679.0,679.0,661.2,665.0,19604,665.0,2026-09-03T19:35:17.106810+00:00
2024-05-29,678.0,678.0,655.1,660.0,13834,660.0,2026-09-03T19:35:17.106810+00:00
2024-05-30,673.2,673.2,640.2,650.0,14256,650.0,2026-09-03T19:35:17.106810+00:00
2024-06-02,640.0,654.8,640.0,643.0,14852,643.0,2026-09-03T19:35:17.106810+00:00
2024-06-03,631.0,668.5,631.0,664.9,16916,664.9,2026-09-03T19:35:17.106810+00:00
2024-06-04,678.1,678.1,656.0,663.1,16667,663.1,2026-09-03T19:35:17.106810+00:00
2024-06-05,676.3,676.3,652.2,667.8,12155,667.8,2026-09-03T19:35:17.106810+00:00
2024-06-06,665.0,679.0,660.9,666.0,28298,666.0,2026-09-03T19:35:17.106810+00:00
2024-06-09,674.9,680.0,660.1,665.0,23366,665.0,2026-09-03T19:35:17.106810+00:00
2024-06-10,678.3,678.3,653.0,657.6,10157,657.6,2026-09-03T19:35:17.106810+00:00
2024-06-11,670.7,670.7,659.0,663.8,13470,663.8,2026-09-03T19:35:17.106810+00:00
2024-06-12,673.0,684.4,662.1,677.9,22954,677.9,2026-09-03T19:35:17.106810+00:00
2024-06-13,691.4,691.4,664.1,664.1,20917,664.1,2026-09-03T19:35:17.106810+00:00
2024-06-16,677.3,677.3,656.7,658.0,12247,658.0,2026-09-03T19:35:17.106810+00:00
2024-06-18,658.0,669.0,650.0,651.9,8311,651.9,2026-09-03T19:35:17.106810+00:00
2024-06-19,650.0,663.9,643.0,649.9,12353,649.9,2026-09-03T19:35:17.106810+00:00
2024-06-20,645.2,650.0,642.0,645.0,11106,645.0,2026-09-03T19:35:17.106810+00:00
2024-06-23,642.0,645.0,635.1,637.0,10785,637.0,2026-09-03T19:35:17.106810+00:00
2024-06-24,634.0,655.0,634.0,645.0,10802,645.0,2026-09-03T19:35:17.106810+00:00
2024-06-25,638.0,652.0,638.0,648.0,10085,648.0,2026-09-03T19:35:17.106810+00:00
2024-06-26,641.0,655.0,639.0,649.0,20090,649.0,2026-09-03T19:35:17.106810+00:00
2024-06-27,637.5,649.5,632.0,644.9,15015,644.9,2026-09-03T19:35:17.106810+00:00
2024-06-30,635.0,640.0,625.1,630.0,9571,630.0,2026-09-03T19:35:17.106810+00:00
2024-07-01,639.9,640.0,624.0,630.0,12373,630.0,2026-09-03T19:35:17.106810+00:00
2024-07-02,642.6,668.1,636.3,644.0,20874,644.0,2026-09-03T19:35:17.106810+00:00
2024-07-03,656.8,656.8,632.0,638.9,4343,638.9,2026-09-03T19:35:17.106810+00:00
2024-07-04,639.0,655.9,639.0,647.9,7515,647.9,2026-09-03T19:35:17.106810+00:00
2024-07-07,640.0,651.9,640.0,649.0,12407,649.0,2026-09-03T19:35:17.106810+00:00
2024-07-08,661.9,661.9,645.1,649.0,12227,649.0,2026-09-03T19:35:17.106810+00:00
2024-07-09,650.0,686.5,643.0,679.0,43029,679.0,2026-09-03T19:35:17.106810+00:00
2024-07-10,692.5,738.0,684.1,732.0,98419,732.0,2026-09-03T19:35:17.106810+00:00
2024-07-11,746.6,746.6,710.5,724.0,41357,724.0,2026-09-03T19:35:17.106810+00:00
2024-07-14,738.0,738.0,709.0,720.9,31877,720.9,2026-09-03T19:35:17.106810+00:00
2024-07-15,734.0,734.0,702.2,705.0,29310,705.0,2026-09-03T19:35:17.106810+00:00
2024-07-16,708.0,731.9,704.1,731.0,24260,731.0,2026-09-03T19:35:17.106810+00:00
2024-07-17,733.0,760.0,733.0,759.0,56838,759.0,2026-09-03T19:35:17.106810+00:00
2024-07-18,770.0,800.0,760.2,790.0,68643,790.0,2026-09-03T19:35:17.106810+00:00
2024-07-21,790.0,809.9,775.0,802.0,38152,802.0,2026-09-03T19:35:17.106810+00:00
2024-07-22,802.0,805.0,778.0,788.0,52795,788.0,2026-09-03T19:35:17.106810+00:00
2024-07-23,777.0,805.0,775.0,804.0,37906,804.0,2026-09-03T19:35:17.106810+00:00
2024-07-24,820.0,820.0,772.0,775.0,50263,775.0,2026-09-03T19:35:17.106810+00:00
2024-07-25,775.0,848.0,774.0,846.0,107545,846.0,2026-09-03T19:35:17.106810+00:00
2024-07-28,850.0,862.9,815.0,837.0,59759,837.0,2026-09-03T19:35:17.106810+00:00
2024-07-29,820.3,847.0,801.0,802.0,68602,802.0,2026-09-03T19:35:17.106810+00:00
2024-07-30,802.1,812.7,782.2,804.8,46997,804.8,2026-09-03T19:35:17.106810+00:00
2024-07-31,805.0,822.0,800.0,812.0,39658,812.0,2026-09-03T19:35:17.106810+00:00
2024-08-01,815.0,832.3,802.0,802.0,50458,802.0,2026-09-03T19:35:17.106810+00:00
2024-08-05,805.0,818.0,786.0,794.0,33548,794.0,2026-09-03T19:35:17.106810+00:00
2024-08-06,795.0,816.0,765.0,765.1,40210,765.1,2026-09-03T19:35:17.106810+00:00
2024-08-07,770.0,787.0,760.0,785.0,30662,785.0,2026-09-03T19:35:17.106810+00:00
2024-08-08,798.0,800.0,778.0,782.0,28742,782.0,2026-09-03T19:35:17.106810+00:00
2024-08-11,790.0,860.0,790.0,860.0,127719,860.0,2026-09-03T19:35:17.106810+00:00
2024-08-12,877.2,907.0,869.0,869.0,62204,869.0,2026-09-03T19:35:17.106810+00:00
2024-08-13,875.0,886.0,850.0,860.0,38636,860.0,2026-09-03T19:35:17.106810+00:00
2024-08-14,868.0,868.0,830.0,854.0,46902,854.0,2026-09-03T19:35:17.106810+00:00
2024-08-15,870.0,871.0,850.2,850.3,45972,850.3,2026-09-03T19:35:17.106810+00:00
2024-08-18,850.0,905.0,842.0,850.0,69890,850.0,2026-09-03T19:35:17.106810+00:00
2024-08-21,852.0,865.0,845.0,845.1,22987,845.1,2026-09-03T19:35:17.106810+00:00
2024-08-22,835.5,855.0,835.0,839.1,38635,839.1,2026-09-03T19:35:17.106810+00:00
2024-08-25,830.0,900.0,822.5,849.0,75884,849.0,2026-09-03T19:35:17.106810+00:00
2024-08-27,842.3,864.0,808.0,824.0,37937,824.0,2026-09-03T19:35:17.106810+00:00
2024-08-28,839.9,846.0,809.4,810.1,28069,810.1,2026-09-03T19:35:17.106810+00:00
2024-08-29,798.0,821.0,795.0,807.0,26509,807.0,2026-09-03T19:35:17.106810+00:00
2024-09-01,791.0,815.0,785.0,785.5,20551,785.5,2026-09-03T19:35:17.106810+00:00
2024-09-02,795.0,809.0,781.0,806.0,14556,806.0,2026-09-03T19:35:17.106810+00:00
2024-09-03,818.0,818.0,791.0,808.0,14938,808.0,2026-09-03T19:35:17.106810+00:00
2024-09-04,792.9,820.0,778.0,778.5,24678,778.5,2026-09-03T19:35:17.106810+00:00
2024-09-05,766.0,798.0,766.0,780.1,19790,780.1,2026-09-03T19:35:17.106810+00:00
2024-09-08,794.0,807.0,771.0,785.0,19730,785.0,2026-09-03T19:35:17.106810+00:00
2024-09-09,785.0,792.5,764.5,765.2,18884,765.2,2026-09-03T19:35:17.106810+00:00
2024-09-10,765.2,780.0,755.0,755.0,15031,755.0,2026-09-03T19:35:17.106810+00:00
2024-09-11,755.0,770.0,748.0,753.0,12469,753.0,2026-09-03T19:35:17.106810+00:00
2024-09-12,768.0,768.0,741.0,764.0,12088,764.0,2026-09-03T19:35:17.106810+00:00
2024-09-15,764.0,771.0,740.0,750.0,12797,750.0,2026-09-03T19:35:17.106810+00:00
2024-09-16,765.0,765.0,725.0,728.0,9566,728.0,2026-09-03T19:35:17.106810+00:00
2024-09-18,714.2,732.0,714.2,719.0,8828,719.0,2026-09-03T19:35:17.106810+00:00
2024-09-22,733.3,760.0,705.5,716.0,9421,716.0,2026-09-03T19:35:17.106810+00:00
2024-09-23,705.0,710.1,681.5,690.0,16675,690.0,2026-09-03T19:35:17.106810+00:00
2024-09-24,695.0,695.0,667.0,674.0,10362,674.0,2026-09-03T19:35:17.106810+00:00
2024-09-25,665.1,684.0,661.0,680.0,6069,680.0,2026-09-03T19:35:17.106810+00:00
2024-09-26,670.0,691.0,665.0,670.0,6321,670.0,2026-09-03T19:35:17.106810+00:00
2024-09-29,657.0,675.0,657.0,666.0,3759,666.0,2026-09-03T19:35:17.106810+00:00
2024-09-30,653.0,688.0,653.0,687.0,6534,687.0,2026-09-03T19:35:17.106810+00:00
2024-10-01,695.0,729.0,684.2,728.0,8517,728.0,2026-09-03T19:35:17.106810+00:00
2024-10-02,742.5,742.5,707.0,707.0,11487,707.0,2026-09-03T19:35:17.106810+00:00
2024-10-06,695.1,729.9,695.1,728.0,2681,728.0,2026-09-03T19:35:17.106810+00:00
2024-10-07,735.0,746.7,720.0,736.8,10140,736.8,2026-09-03T19:35:17.106810+00:00
2024-10-08,725.0,745.0,722.5,745.0,5940,745.0,2026-09-03T19:35:17.106810+00:00
2024-10-09,730.1,743.0,720.5,735.0,5086,735.0,2026-09-03T19:35:17.106810+00:00
2024-10-15,720.3,740.0,705.9,739.9,1570,739.9,2026-09-03T19:35:17.106810+00:00
2024-10-16,730.0,755.0,727.0,752.9,4826,752.9,2026-09-03T19:35:17.106810+00:00
2024-10-17,753.0,767.0,742.0,752.9,7467,752.9,2026-09-03T19:35:17.106810+00:00
2024-10-20,737.9,745.0,730.3,731.0,7748,731.0,2026-09-03T19:35:17.106810+00:00
2024-10-21,721.1,725.0,704.0,708.0,8319,708.0,2026-09-03T19:35:17.106810+00:00
2024-10-22,700.0,722.0,700.0,713.0,3059,713.0,2026-09-03T19:35:17.106810+00:00
2024-10-23,700.0,728.0,700.0,712.0,3945,712.0,2026-09-03T19:35:17.106810+00:00
2024-10-24,701.3,718.9,700.0,703.5,4434,703.5,2026-09-03T19:35:17.106810+00:00
2024-10-27,700.0,705.0,698.5,700.0,4348,700.0,2026-09-03T19:35:17.106810+00:00
2024-10-28,696.1,735.0,696.1,728.0,4159,728.0,2026-09-03T19:35:17.106810+00:00
2024-10-29,728.0,738.8,714.0,732.0,4295,732.0,2026-09-03T19:35:17.106810+00:00
2024-10-30,738.0,740.0,722.9,725.0,4902,725.0,2026-09-03T19:35:17.106810+00:00
2024-11-05,725.1,729.9,715.0,721.0,2320,721.0,2026-09-03T19:35:17.106810+00:00
2024-11-06,720.0,730.0,711.3,727.0,1902,727.0,2026-09-03T19:35:17.106810+00:00
2024-11-10,741.0,741.0,711.7,738.0,10646,738.0,2026-09-03T19:35:17.106810+00:00
2024-11-11,743.9,775.0,742.0,753.0,30903,753.0,2026-09-03T19:35:17.106810+00:00
2024-11-12,756.0,771.0,752.6,752.6,6455,752.6,2026-09-03T19:35:17.106810+00:00
2024-11-13,746.0,755.0,746.0,748.6,3605,748.6,2026-09-03T19:35:17.106810+00:00
2024-11-14,735.0,752.0,735.0,741.0,11692,741.0,2026-09-03T19:35:17.106810+00:00
2024-11-17,745.0,765.0,741.0,757.4,11210,757.4,2026-09-03T19:35:17.106810+00:00
2024-11-19,750.0,766.0,732.1,733.1,7355,733.1,2026-09-03T19:35:17.106810+00:00
2024-11-20,730.1,733.9,727.0,732.0,8828,732.0,2026-09-03T19:35:17.106810+00:00
2024-11-21,720.0,744.0,712.0,713.2,14923,713.2,2026-09-03T19:35:17.106810+00:00
2024-11-24,709.0,717.0,705.0,705.0,4473,705.0,2026-09-03T19:35:17.106810+00:00
2024-11-25,705.0,711.0,701.0,706.3,4576,706.3,2026-09-03T19:35:17.106810+00:00
2024-11-26,700.0,728.6,700.0,727.0,5984,727.0,2026-09-03T19:35:17.106810+00:00
2024-11-27,712.5,744.0,712.5,728.0,6695,728.0,2026-09-03T19:35:17.106810+00:00
2024-11-28,728.0,739.9,713.0,714.0,8610,714.0,2026-09-03T19:35:17.106810+00:00
2024-12-01,700.0,714.0,700.0,713.0,5832,713.0,2026-09-03T19:35:17.106810+00:00
2024-12-02,708.0,719.0,708.0,713.1,7613,713.1,2026-09-03T19:35:17.106810+00:00
2024-12-03,704.0,717.0,704.0,716.0,7175,716.0,2026-09-03T19:35:17.106810+00:00
2024-12-04,702.0,721.1,702.0,713.0,8331,713.0,2026-09-03T19:35:17.106810+00:00
2024-12-05,705.0,715.0,700.0,702.4,8250,702.4,2026-09-03T19:35:17.106810+00:00
2024-12-08,702.4,715.0,685.0,686.1,9259,686.1,2026-09-03T19:35:17.106810+00:00
2024-12-09,680.0,694.0,678.0,678.0,5810,678.0,2026-09-03T19:35:17.106810+00:00
2024-12-10,665.0,698.1,665.0,678.3,4048,678.3,2026-09-03T19:35:17.106810+00:00
2024-12-11,679.0,689.0,678.3,683.0,4240,683.0,2026-09-03T19:35:17.106810+00:00
2024-12-12,683.5,705.0,683.5,690.0,7264,690.0,2026-09-03T19:35:17.106810+00:00
2024-12-16,690.0,690.0,671.0,672.0,3470,672.0,2026-09-03T19:35:17.106810+00:00
2024-12-17,658.6,675.0,658.6,671.0,6587,671.0,2026-09-03T19:35:17.106810+00:00
2024-12-18,663.0,684.0,660.0,669.0,6728,669.0,2026-09-03T19:35:17.106810+00:00
2024-12-19,660.0,678.9,660.0,662.0,4975,662.0,2026-09-03T19:35:17.106810+00:00
2024-12-22,670.0,670.0,655.0,656.1,3562,656.1,2026-09-03T19:35:17.106810+00:00
2024-12-23,658.0,664.8,651.5,663.0,3016,663.0,2026-09-03T19:35:17.106810+00:00
2024-12-24,660.0,672.0,654.1,667.0,8117,667.0,2026-09-03T19:35:17.106810+00:00
2024-12-26,653.7,675.0,653.0,663.0,4213,663.0,2026-09-03T19:35:17.106810+00:00
2024-12-29,663.0,683.0,660.0,660.0,9198,660.0,2026-09-03T19:35:17.106810+00:00
2024-12-31,673.0,673.0,650.0,653.0,5937,653.0,2026-09-03T19:35:17.106810+00:00
2025-01-01,665.9,675.0,650.0,655.0,3239,655.0,2026-09-03T19:35:17.106810+00:00
2025-01-02,641.9,664.9,641.9,655.9,5649,655.9,2026-09-03T19:35:17.106810+00:00
2025-01-05,642.8,651.0,630.0,645.2,10842,645.2,2026-09-03T19:35:17.106810+00:00
2025-01-06,643.0,666.0,642.0,661.0,7638,661.0,2026-09-03T19:35:17.106810+00:00
2025-01-07,674.0,674.9,651.0,666.0,2221,666.0,2026-09-03T19:35:17.106810+00:00
2025-01-08,679.0,683.0,670.0,675.0,9565,675.0,2026-09-03T19:35:17.106810+00:00
2025-01-09,663.6,678.9,660.0,662.0,9732,662.0,2026-09-03T19:35:17.106810+00:00
2025-01-12,675.0,690.0,649.0,663.3,5356,663.3,2026-09-03T19:35:17.106810+00:00
2025-01-13,676.0,676.0,653.5,665.0,7167,665.0,2026-09-03T19:35:17.106810+00:00
2025-01-15,660.0,663.0,655.0,658.0,3993,658.0,2026-09-03T19:35:17.106810+00:00
2025-01-16,660.0,660.0,640.1,655.0,5422,655.0,2026-09-03T19:35:17.106810+00:00
2025-01-19,668.0,679.9,641.9,653.0,11555,653.0,2026-09-03T19:35:17.106810+00:00
2025-01-20,650.0,655.0,647.0,649.0,4351,649.0,2026-09-03T19:35:17.106810+00:00
2025-01-21,645.0,653.0,645.0,649.8,3033,649.8,2026-09-03T19:35:17.106810+00:00
2025-01-22,649.0,658.9,645.7,655.9,8294,655.9,2026-09-03T19:35:17.106810+00:00
2025-01-23,657.0,659.9,650.1,653.0,6947,653.0,2026-09-03T19:35:17.106810+00:00
2025-01-26,659.9,662.0,647.0,657.6,10940,657.6,2026-09-03T19:35:17.106810+00:00
2025-01-27,650.2,660.0,650.2,658.0,8854,658.0,2026-09-03T19:35:17.106810+00:00
2025-01-28,670.0,670.9,645.1,659.1,10375,659.1,2026-09-03T19:35:17.106810+00:00
2025-02-02,659.0,700.0,658.2,698.5,18143,698.5,2026-09-03T19:35:17.106810+00:00
2025-02-03,699.0,714.0,690.0,695.0,19857,695.0,2026-09-03T19:35:17.106810+00:00
2025-02-04,690.0,700.0,682.1,697.0,14503,697.0,2026-09-03T19:35:17.106810+00:00
2025-02-05,687.0,700.0,686.0,699.8,17889,699.8,2026-09-03T19:35:17.106810+00:00
2025-02-06,685.9,718.0,685.9,713.0,16799,713.0,2026-09-03T19:35:17.106810+00:00
2025-02-09,700.1,717.9,700.1,709.0,9862,709.0,2026-09-03T19:35:17.106810+00:00
2025-02-10,700.2,710.0,695.0,697.0,8683,697.0,2026-09-03T19:35:17.106810+00:00
2025-02-11,691.0,700.0,691.0,697.0,11646,697.0,2026-09-03T19:35:17.106810+00:00
2025-02-12,700.0,700.0,690.0,694.0,11221,694.0,2026-09-03T19:35:17.106810+00:00
2025-02-13,681.1,695.0,681.1,695.0,7836,695.0,2026-09-03T19:35:17.106810+00:00
2025-02-16,681.2,705.0,681.2,705.0,28068,705.0,2026-09-03T19:35:17.106810+00:00
2025-02-17,696.1,744.0,696.1,734.8,47661,734.8,2026-09-03T19:35:17.106810+00:00
2025-02-18,747.1,747.1,723.0,730.0,28257,730.0,2026-09-03T19:35:17.106810+00:00
2025-02-20,744.0,744.0,711.1,716.0,12100,716.0,2026-09-03T19:35:17.106810+00:00
2025-02-23,701.7,713.0,688.0,705.0,14348,705.0,2026-09-03T19:35:17.106810+00:00
2025-02-24,700.0,708.0,700.0,701.5,16987,701.5,2026-09-03T19:35:17.106810+00:00
2025-02-25,700.1,710.0,699.0,701.0,9047,701.0,2026-09-03T19:35:17.106810+00:00
2025-02-27,715.0,739.0,705.0,707.7,9619,707.7,2026-09-03T19:35:17.106810+00:00
2025-03-02,709.0,725.0,709.0,721.0,15435,721.0,2026-09-03T19:35:17.106810+00:00
2025-03-03,725.0,742.0,718.5,723.0,23459,723.0,2026-09-03T19:35:17.106810+00:00
2025-03-04,715.0,730.0,707.4,709.0,14404,709.0,2026-09-03T19:35:17.106810+00:00
2025-03-05,704.0,712.0,703.3,704.6,5811,704.6,2026-09-03T19:35:17.106810+00:00
2025-03-06,701.1,710.0,700.0,702.9,14562,702.9,2026-09-03T19:35:17.106810+00:00
2025-03-09,697.0,705.0,690.0,690.0,6231,690.0,2026-09-03T19:35:17.106810+00:00
2025-03-10,691.0,695.0,675.0,679.0,9167,679.0,2026-09-03T19:35:17.106810+00:00
2025-03-11,675.0,681.0,666.0,673.0,6860,673.0,2026-09-03T19:35:17.106810+00:00
2025-03-12,680.0,680.0,667.0,672.9,5015,672.9,2026-09-03T19:35:17.106810+00:00
2025-03-16,662.1,673.0,662.1,664.9,10118,664.9,2026-09-03T19:35:17.106810+00:00
2025-03-17,663.1,675.0,660.0,665.0,5958,665.0,2026-09-03T19:35:17.106810+00:00
2025-03-18,665.0,670.0,663.0,665.2,5096,665.2,2026-09-03T19:35:17.106810+00:00
2025-03-19,660.4,664.0,660.0,662.9,3202,662.9,2026-09-03T19:35:17.106810+00:00
2025-03-20,649.7,675.0,649.7,655.22,5163,655.22,2026-09-03T19:35:17.106810+00:00
2025-03-23,655.0,660.0,649.0,650.73,6157,650.73,2026-09-03T19:35:17.106810+00:00
2025-03-24,645.0,665.0,645.0,654.07,2970,654.07,2026-09-03T19:35:17.106810+00:00
2025-03-25,653.0,653.0,635.0,637.24,8670,637.24,2026-09-03T19:35:17.106810+00:00
2025-03-26,637.0,648.0,635.0,644.57,2855,644.57,2026-09-03T19:35:17.106810+00:00
2025-03-27,638.1,660.0,638.1,655.9,5005,655.9,2026-09-03T19:35:17.106810+00:00
2025-03-30,655.0,670.0,655.0,661.83,5064,661.83,2026-09-03T19:35:17.106810+00:00
2025-04-01,660.0,673.0,648.9,650.13,8063,650.13,2026-09-03T19:35:17.106810+00:00
2025-04-02,641.0,663.1,641.0,653.15,2845,653.15,2026-09-03T19:35:17.106810+00:00
2025-04-03,650.0,663.0,650.0,652.78,6919,652.78,2026-09-03T19:35:17.106810+00:00
2025-04-07,650.0,653.0,642.0,643.26,6402,643.26,2026-09-03T19:35:17.106810+00:00
2025-04-08,640.0,646.0,636.2,644.93,3995,644.93,2026-09-03T19:35:17.106810+00:00
2025-04-09,645.1,655.0,643.0,644.97,4885,644.97,2026-09-03T19:35:17.106810+00:00
2025-04-10,635.9,647.9,635.2,644.23,4651,644.23,2026-09-03T19:35:17.106810+00:00
2025-04-13,636.0,647.9,634.0,636.03,5520,636.03,2026-09-03T19:35:17.106810+00:00
2025-04-15,630.1,650.0,630.1,633.73,8493,633.73,2026-09-03T19:35:17.106810+00:00
2025-04-16,640.0,643.0,635.0,639.15,6655,639.15,2026-09-03T19:35:17.106810+00:00
2025-04-17,651.9,654.0,639.0,646.17,8746,646.17,2026-09-03T19:35:17.106810+00:00
2025-04-20,643.0,648.0,635.1,639.78,5380,639.78,2026-09-03T19:35:17.106810+00:00
2025-04-21,635.0,646.0,632.0,635.13,5195,635.13,2026-09-03T19:35:17.106810+00:00
2025-04-22,631.4,647.8,631.3,637.55,4578,637.55,2026-09-03T19:35:17.106810+00:00
2025-04-23,633.0,638.0,631.1,633.4,3911,633.4,2026-09-03T19:35:17.106810+00:00
2025-04-24,633.0,642.0,630.0,637.48,5797,637.48,2026-09-03T19:35:17.106810+00:00
2025-04-27,628.0,640.0,628.0,631.18,8702,631.18,2026-09-03T19:35:17.106810+00:00
2025-04-28,628.0,634.0,623.1,625.23,5438,625.23,2026-09-03T19:35:17.106810+00:00
2025-04-29,625.0,637.7,620.0,623.97,4402,623.97,2026-09-03T19:35:17.106810+00:00
2025-04-30,630.0,636.4,618.1,619.29,6231,619.29,2026-09-03T19:35:17.106810+00:00
2025-05-04,631.6,631.6,619.0,620.0,5223,620.0,2026-09-03T19:35:17.106810+00:00
2025-05-05,632.4,632.4,614.3,616.55,4927,616.55,2026-09-03T19:35:17.106810+00:00
2025-05-06,628.8,628.8,606.3,607.9,7255,607.9,2026-09-03T19:35:17.106810+00:00
2025-05-07,606.3,624.0,606.3,623.05,5693,623.05,2026-09-03T19:35:17.106810+00:00
2025-05-08,623.0,657.0,612.0,625.69,8385,625.69,2026-09-03T19:35:17.106810+00:00
2025-05-11,620.0,626.9,615.0,615.91,4904,615.91,2026-09-03T19:35:17.106810+00:00
2025-05-13,615.0,620.0,608.0,609.55,5983,609.55,2026-09-03T19:35:17.106810+00:00
2025-05-14,610.0,618.0,608.0,612.21,2665,612.21,2026-09-03T19:35:17.106810+00:00
2025-05-15,610.0,615.0,607.0,610.03,4976,610.03,2026-09-03T19:35:17.106810+00:00
2025-05-18,610.0,630.0,608.1,617.33,7281,617.33,2026-09-03T19:35:17.106810+00:00
2025-05-19,618.0,628.9,612.0,618.42,3498,618.42,2026-09-03T19:35:17.106810+00:00
2025-05-20,630.7,630.7,611.0,629.9,3500,629.9,2026-09-03T19:35:17.106810+00:00
2025-05-21,640.0,652.0,623.2,625.62,5044,625.62,2026-09-03T19:35:17.106810+00:00
2025-05-22,626.1,644.0,626.1,639.19,10938,639.19,2026-09-03T19:35:17.106810+00:00
2025-05-25,650.0,665.0,628.6,654.21,21088,654.21,2026-09-03T19:35:17.106810+00:00
2025-05-26,666.9,666.9,638.0,645.42,9898,645.42,2026-09-03T19:35:17.106810+00:00
2025-05-27,633.1,647.7,633.1,639.38,4902,639.38,2026-09-03T19:35:17.106810+00:00
2025-05-28,630.0,640.0,620.0,630.63,10353,630.63,2026-09-03T19:35:17.106810+00:00
2025-06-02,631.0,640.0,631.0,632.25,4484,632.25,2026-09-03T19:35:17.106810+00:00
2025-06-03,623.0,631.0,619.1,619.56,5373,619.56,2026-09-03T19:35:17.106810+00:00
2025-06-04,611.1,624.0,611.1,616.67,3729,616.67,2026-09-03T19:35:17.106810+00:00
2025-06-05,611.0,617.9,610.3,611.68,5398,611.68,2026-09-03T19:35:17.106810+00:00
2025-06-08,606.0,617.0,606.0,608.82,5659,608.82,2026-09-03T19:35:17.106810+00:00
2025-06-09,606.0,615.0,605.0,611.78,3239,611.78,2026-09-03T19:35:17.106810+00:00
2025-06-10,612.6,620.0,612.1,617.48,2510,617.48,2026-09-03T19:35:17.106810+00:00
2025-06-11,618.0,627.0,610.0,616.35,9538,616.35,2026-09-03T19:35:17.106810+00:00
2025-06-12,610.1,616.5,610.0,611.8,6267,611.8,2026-09-03T19:35:17.106810+00:00
2025-06-15,607.0,620.0,607.0,609.14,5944,609.14,2026-09-03T19:35:17.106810+00:00
2025-06-16,621.0,621.0,609.1,612.67,6706,612.67,2026-09-03T19:35:17.106810+00:00
2025-06-17,612.0,634.0,610.0,617.5,9247,617.5,2026-09-03T19:35:17.106810+00:00
2025-06-18,618.0,629.7,610.0,616.08,5337,616.08,2026-09-03T19:35:17.106810+00:00
2025-06-19,610.5,616.0,610.0,611.57,6125,611.57,2026-09-03T19:35:17.106810+00:00
2025-06-22,605.1,616.0,602.0,607.35,5981,607.35,2026-09-03T19:35:17.106810+00:00
2025-06-23,607.0,611.0,604.5,605.7,5890,605.7,2026-09-03T19:35:17.106810+00:00
2025-06-24,606.0,616.9,605.0,615.44,7446,615.44,2026-09-03T19:35:17.106810+00:00
2025-06-25,617.0,617.0,606.0,606.93,3665,606.93,2026-09-03T19:35:17.106810+00:00
2025-06-26,607.0,612.5,605.0,605.11,3892,605.11,2026-09-03T19:35:17.106810+00:00
2025-06-29,605.2,622.0,605.0,617.56,6973,617.56,2026-09-03T19:35:17.106810+00:00
2025-06-30,620.0,621.4,612.0,614.7,5095,614.7,2026-09-03T19:35:17.106810+00:00
2025-07-01,610.1,632.4,610.1,628.64,7504,628.64,2026-09-03T19:35:17.106810+00:00
2025-07-02,622.0,637.0,622.0,629.04,10050,629.04,2026-09-03T19:35:17.106810+00:00
2025-07-03,625.09,631.0,618.3,625.45,14136,625.45,2026-09-03T19:35:17.106810+00:00
2025-07-06,615.6,630.0,615.6,623.48,7657,623.48,2026-09-03T19:35:17.106810+00:00
2025-07-07,611.2,629.0,611.2,618.58,3519,618.58,2026-09-03T19:35:17.106810+00:00
2025-07-08,611.1,622.0,611.1,616.12,12702,616.12,2026-09-03T19:35:17.106810+00:00
2025-07-09,620.0,625.0,614.0,623.8,5197,623.8,2026-09-03T19:35:17.106810+00:00
2025-07-10,625.0,638.0,625.0,636.3,11612,636.3,2026-09-03T19:35:17.106810+00:00
2025-07-13,649.0,666.8,640.0,662.43,29823,662.43,2026-09-03T19:35:17.106810+00:00
2025-07-14,669.0,670.0,643.9,646.23,8178,646.23,2026-09-03T19:35:17.106810+00:00
2025-07-15,659.1,665.0,637.0,663.85,9781,663.85,2026-09-03T19:35:17.106810+00:00
2025-07-16,675.0,690.0,670.0,684.2,16979,684.2,2026-09-03T19:35:17.106810+00:00
2025-07-17,684.2,700.0,680.0,694.53,31488,694.53,2026-09-03T19:35:17.106810+00:00
2025-07-20,700.0,707.0,687.6,691.33,35543,691.33,2026-09-03T19:35:17.106810+00:00
2025-07-21,678.0,707.7,678.0,699.8,27540,699.8,2026-09-03T19:35:17.106810+00:00
2025-07-22,706.0,759.7,701.1,754.36,72039,754.36,2026-09-03T19:35:17.106810+00:00
2025-07-23,750.0,764.0,730.0,742.31,36706,742.31,2026-09-03T19:35:17.106810+00:00
2025-07-24,742.0,755.0,725.0,731.71,23152,731.71,2026-09-03T19:35:17.106810+00:00
2025-07-27,735.0,745.9,717.1,722.96,30845,722.96,2026-09-03T19:35:17.106810+00:00
2025-07-28,711.0,729.8,711.0,724.48,23855,724.48,2026-09-03T19:35:17.106810+00:00
2025-07-29,734.0,754.8,726.0,742.82,40901,742.82,2026-09-03T19:35:17.106810+00:00
2025-07-30,742.0,754.0,706.2,711.64,48483,711.64,2026-09-03T19:35:17.106810+00:00
2025-07-31,700.0,728.2,700.0,707.35,21567,707.35,2026-09-03T19:35:17.106810+00:00
2025-08-03,696.0,710.0,688.0,690.22,19545,690.22,2026-09-03T19:35:17.106810+00:00
2025-08-04,678.2,700.0,678.2,683.14,12029,683.14,2026-09-03T19:35:17.106810+00:00
2025-08-05,680.0,708.5,680.0,695.66,23308,695.66,2026-09-03T19:35:17.106810+00:00
2025-08-06,685.0,709.5,685.0,702.98,9805,702.98,2026-09-03T19:35:17.106810+00:00
2025-08-07,717.0,717.0,700.7,701.9,17030,701.9,2026-09-03T19:35:17.106810+00:00
2025-08-11,702.0,714.9,680.0,683.3,13638,683.3,2026-09-03T19:35:17.106810+00:00
2025-08-12,680.0,688.0,669.8,670.32,13904,670.32,2026-09-03T19:35:17.106810+00:00
2025-08-13,658.0,683.7,658.0,668.84,7767,668.84,2026-09-03T19:35:17.106810+00:00
2025-08-14,656.1,683.0,656.1,664.11,12660,664.11,2026-09-03T19:35:17.106810+00:00
2025-08-17,658.0,662.0,640.8,642.03,18467,642.03,2026-09-03T19:35:17.106810+00:00
2025-08-18,645.0,648.8,636.0,641.47,3900,641.47,2026-09-03T19:35:17.106810+00:00
2025-08-19,637.1,649.9,636.4,639.39,8806,639.39,2026-09-03T19:35:17.106810+00:00
2025-08-20,632.2,640.0,625.1,626.89,8503,626.89,2026-09-03T19:35:17.106810+00:00
2025-08-21,625.0,635.0,616.0,617.3,9213,617.3,2026-09-03T19:35:17.106810+00:00
2025-08-24,610.8,625.0,610.8,622.72,7953,622.72,2026-09-03T19:35:17.106810+00:00
2025-08-25,635.0,639.0,604.9,616.17,32512,616.17,2026-09-03T19:35:17.106810+00:00
2025-08-26,612.0,615.0,611.0,613.72,8517,613.72,2026-09-03T19:35:17.106810+00:00
2025-08-27,609.1,624.7,609.1,620.95,13820,620.95,2026-09-03T19:35:17.106810+00:00
2025-08-28,620.0,625.8,612.1,614.2,6918,614.2,2026-09-03T19:35:17.106810+00:00
2025-08-31,609.1,615.0,604.5,606.08,9050,606.08,2026-09-03T19:35:17.106810+00:00
2025-09-01,607.1,609.0,602.0,607.14,7228,607.14,2026-09-03T19:35:17.106810+00:00
2025-09-02,601.1,610.0,601.1,603.28,6260,603.28,2026-09-03T19:35:17.106810+00:00
2025-09-03,600.0,604.0,585.0,587.23,23884,587.23,2026-09-03T19:35:17.106810+00:00
2025-09-04,577.0,593.6,577.0,580.3,13612,580.3,2026-09-03T19:35:17.106810+00:00
2025-09-07,580.5,586.0,576.0,576.51,5719,576.51,2026-09-03T19:35:17.106810+00:00
2025-09-08,571.0,579.0,566.5,575.05,8069,575.05,2026-09-03T19:35:17.106810+00:00
2025-09-18,564.0,564.0,535.0,542.0,610,542.0,2026-09-03T19:35:17.106810+00:00
2025-09-21,542.0,573.0,540.1,563.22,8463,563.22,2026-09-03T19:35:17.106810+00:00
2025-09-23,553.0,593.0,553.0,580.6,5655,580.6,2026-09-03T19:35:17.106810+00:00
2025-09-24,569.0,584.9,569.0,574.0,2763,574.0,2026-09-03T19:35:17.106810+00:00
2025-09-25,573.0,574.0,565.5,573.0,2006,573.0,2026-09-03T19:35:17.106810+00:00
2025-09-28,581.0,581.0,570.0,572.0,3614,572.0,2026-09-03T19:35:17.106810+00:00
2025-10-07,565.09,579.9,560.0,565.0,4193,565.0,2026-09-03T19:35:17.106810+00:00
2025-10-08,557.0,567.0,554.0,560.0,5376,560.0,2026-09-03T19:35:17.106810+00:00
2025-10-09,571.0,582.0,560.0,562.0,6049,562.0,2026-09-03T19:35:17.106810+00:00
2025-10-12,562.0,569.1,549.2,556.0,7768,556.0,2026-09-03T19:35:17.106810+00:00
2025-10-13,550.0,560.0,548.1,555.0,4420,555.0,2026-09-03T19:35:17.106810+00:00
2025-10-14,563.0,566.0,551.0,552.0,2586,552.0,2026-09-03T19:35:17.106810+00:00
2025-10-15,552.0,552.0,537.0,537.2,10486,537.2,2026-09-03T19:35:17.106810+00:00
2025-10-16,536.0,544.5,536.0,537.0,5346,537.0,2026-09-03T19:35:17.106810+00:00
2025-10-19,537.0,547.7,537.0,542.0,2091,542.0,2026-09-03T19:35:17.106810+00:00
2025-10-26,540.0,545.0,537.1,537.1,3243,537.1,2026-09-03T19:35:17.106810+00:00
2025-10-28,545.0,562.0,536.1,558.0,7717,558.0,2026-09-03T19:35:17.106810+00:00
2025-10-29,550.1,567.0,547.0,549.0,12068,549.0,2026-09-03T19:35:17.106810+00:00
2025-10-30,542.0,559.8,541.1,556.0,4725,556.0,2026-09-03T19:35:17.106810+00:00
2025-11-02,551.0,573.7,551.0,570.0,20861,570.0,2026-09-03T19:35:17.106810+00:00
2025-11-03,564.0,580.0,564.0,573.9,9622,573.9,2026-09-03T19:35:17.106810+00:00
2025-11-04,565.1,570.0,557.0,564.0,4239,564.0,2026-09-03T19:35:17.106810+00:00
2025-11-05,553.0,559.9,550.0,558.8,9935,558.8,2026-09-03T19:35:17.106810+00:00
2025-11-06,559.5,564.4,550.4,554.0,9727,554.0,2026-09-03T19:35:17.106810+00:00
2025-11-09,543.0,554.0,543.0,550.0,5838,550.0,2026-09-03T19:35:17.106810+00:00
2025-11-10,550.0,557.0,547.0,547.1,5896,547.1,2026-09-03T19:35:17.106810+00:00
2025-11-11,550.0,554.0,545.0,548.0,3870,548.0,2026-09-03T19:35:17.106810+00:00
2025-11-12,540.1,551.0,540.1,545.1,2147,545.1,2026-09-03T19:35:17.106810+00:00
2025-11-13,550.0,556.0,542.0,547.0,6909,547.0,2026-09-03T19:35:17.106810+00:00
2025-11-16,545.2,555.0,544.0,550.0,6661,550.0,2026-09-03T19:35:17.106810+00:00
2025-11-17,540.6,552.9,540.6,552.0,10122,552.0,2026-09-03T19:35:17.106810+00:00
2025-11-18,555.9,558.7,546.2,551.0,9451,551.0,2026-09-03T19:35:17.106810+00:00
2025-11-19,552.0,552.0,543.0,550.0,7201,550.0,2026-09-03T19:35:17.106810+00:00
2025-11-20,555.0,555.0,540.2,549.3,7051,549.3,2026-09-03T19:35:17.106810+00:00
2025-11-23,556.8,561.0,540.3,559.9,22522,559.9,2026-09-03T19:35:17.106810+00:00
2025-11-24,560.0,571.0,556.1,571.0,12105,571.0,2026-09-03T19:35:17.106810+00:00
2025-11-25,573.0,574.0,560.0,570.0,13295,570.0,2026-09-03T19:35:17.106810+00:00
2025-11-26,569.0,588.0,562.0,581.0,27227,581.0,2026-09-03T19:35:17.106810+00:00
2025-11-27,572.0,595.0,572.0,581.0,20489,581.0,2026-09-03T19:35:17.106810+00:00
2025-11-30,569.5,590.0,564.0,571.0,18718,571.0,2026-09-03T19:35:17.106810+00:00
2025-12-01,565.1,584.0,565.1,580.0,19533,580.0,2026-09-03T19:35:17.106810+00:00
2025-12-02,569.0,585.0,569.0,579.0,3804,579.0,2026-09-03T19:35:17.106810+00:00
2025-12-03,572.0,584.9,566.8,570.0,6021,570.0,2026-09-03T19:35:17.106810+00:00
2025-12-07,566.5,570.0,555.0,565.0,7808,565.0,2026-09-03T19:35:17.106810+00:00
2025-12-08,554.0,573.2,545.0,573.2,12338,573.2,2026-09-03T19:35:17.106810+00:00
2025-12-09,582.8,582.8,549.0,577.8,10596,577.8,2026-09-03T19:35:17.106810+00:00
2025-12-10,566.5,570.0,559.0,563.0,6009,563.0,2026-09-03T19:35:17.106810+00:00
2025-12-11,565.0,569.8,555.4,563.0,4313,563.0,2026-09-03T19:35:17.106810+00:00
2025-12-14,552.0,574.0,552.0,557.7,9793,557.7,2026-09-03T19:35:17.106810+00:00
2025-12-15,552.0,562.0,548.0,557.0,23681,557.0,2026-09-03T19:35:17.106810+00:00
2025-12-16,546.0,560.0,546.0,548.0,14783,548.0,2026-09-03T19:35:17.106810+00:00
2025-12-17,537.1,558.7,537.1,555.0,12313,555.0,2026-09-03T19:35:17.106810+00:00
2025-12-18,555.0,555.0,544.3,546.0,20393,546.0,2026-09-03T19:35:17.106810+00:00
2025-12-21,546.0,547.0,540.0,546.0,12230,546.0,2026-09-03T19:35:17.106810+00:00
2025-12-22,540.0,550.8,535.5,550.8,7320,550.8,2026-09-03T19:35:17.106810+00:00
2025-12-23,555.0,557.0,541.0,553.8,2702,553.8,2026-09-03T19:35:17.106810+00:00
2025-12-24,553.9,558.0,540.0,548.0,6651,548.0,2026-09-03T19:35:17.106810+00:00
2025-12-28,545.0,559.9,545.0,559.9,9361,559.9,2026-09-03T19:35:17.106810+00:00
2025-12-29,556.0,566.1,550.0,556.0,12945,556.0,2026-09-03T19:35:17.106810+00:00
2025-12-31,561.0,561.0,552.5,558.6,8863,558.6,2026-09-03T19:35:17.106810+00:00
2026-01-01,565.0,565.0,547.6,555.0,12786,555.0,2026-09-03T19:35:17.106810+00:00
2026-01-04,550.0,562.9,550.0,554.0,12217,554.0,2026-09-03T19:35:17.106810+00:00
2026-01-05,554.0,561.9,546.3,561.0,10765,561.0,2026-09-03T19:35:17.106810+00:00
2026-01-06,561.0,568.0,560.0,560.4,9224,560.4,2026-09-03T19:35:17.106810+00:00
2026-01-07,550.5,564.0,550.5,559.5,8780,559.5,2026-09-03T19:35:17.106810+00:00
2026-01-08,550.8,560.0,550.8,560.0,6488,560.0,2026-09-03T19:35:17.106810+00:00
2026-01-12,556.5,564.0,551.0,560.0,9669,560.0,2026-09-03T19:35:17.106810+00:00
2026-01-13,558.0,563.0,555.1,558.8,4692,558.8,2026-09-03T19:35:17.106810+00:00
2026-01-14,558.8,561.0,555.0,558.9,5302,558.9,2026-09-03T19:35:17.106810+00:00
2026-01-18,562.0,576.0,562.0,570.0,18980,570.0,2026-09-03T19:35:17.106810+00:00
2026-01-20,577.0,584.0,573.0,578.9,18619,578.9,2026-09-03T19:35:17.106810+00:00
2026-01-21,578.9,580.4,571.1,575.0,7467,575.0,2026-09-03T19:35:17.106810+00:00
2026-01-22,565.0,574.0,565.0,573.0,7424,573.0,2026-09-03T19:35:17.106810+00:00
2026-01-25,581.0,596.0,575.0,595.0,24443,595.0,2026-09-03T19:35:17.106810+00:00
2026-01-26,600.0,603.0,588.0,593.9,28890,593.9,2026-09-03T19:35:17.106810+00:00
2026-01-27,588.0,595.0,570.0,573.0,19678,573.0,2026-09-03T19:35:17.106810+00:00
2026-01-28,563.2,582.0,563.1,578.9,10987,578.9,2026-09-03T19:35:17.106810+00:00
2026-01-29,575.0,579.9,565.1,569.8,12918,569.8,2026-09-03T19:35:17.106810+00:00
2026-02-01,580.0,580.0,563.1,565.0,17253,565.0,2026-09-03T19:35:17.106810+00:00
2026-02-02,560.0,579.0,560.0,571.8,15491,571.8,2026-09-03T19:35:17.106810+00:00
2026-02-03,579.0,580.0,568.1,569.0,11987,569.0,2026-09-03T19:35:17.106810+00:00
2026-02-04,569.0,580.0,569.0,571.5,18533,571.5,2026-09-03T19:35:17.106810+00:00
2026-02-05,571.6,584.9,571.5,583.0,18923,583.0,2026-09-03T19:35:17.106810+00:00
2026-02-08,590.0,595.0,570.0,578.0,22267,578.0,2026-09-03T19:35:17.106810+00:00
2026-02-09,570.0,581.4,564.2,570.0,10852,570.0,2026-09-03T19:35:17.106810+00:00
2026-02-10,560.2,570.0,560.2,561.0,7191,561.0,2026-09-03T19:35:17.106810+00:00
2026-02-11,572.0,572.2,556.0,562.0,5640,562.0,2026-09-03T19:35:17.106810+00:00
2026-02-12,556.2,565.0,556.2,561.9,10780,561.9,2026-09-03T19:35:17.106810+00:00
2026-02-16,558.0,563.1,558.0,559.2,6472,559.2,2026-09-03T19:35:17.106810+00:00
2026-02-17,555.2,559.0,550.0,550.0,10586,550.0,2026-09-03T19:35:17.106810+00:00
2026-02-22,550.0,554.0,546.2,546.5,8031,546.5,2026-09-03T19:35:17.106810+00:00
2026-02-23,546.0,569.9,542.1,549.9,8349,549.9,2026-09-03T19:35:17.106810+00:00
2026-02-24,557.0,557.0,546.3,553.0,7904,553.0,2026-09-03T19:35:17.106810+00:00
2026-02-25,552.0,559.0,550.2,553.0,4658,553.0,2026-09-03T19:35:17.106810+00:00
2026-02-26,553.2,559.0,553.1,556.0,2569,556.0,2026-09-03T19:35:17.106810+00:00
2026-03-01,555.0,561.9,548.1,560.8,5850,560.8,2026-09-03T19:35:17.106810+00:00
2026-03-03,555.1,569.0,555.1,566.7,7724,566.7,2026-09-03T19:35:17.106810+00:00
2026-03-09,578.0,589.5,578.0,589.5,210,589.5,2026-09-03T19:35:17.106810+00:00
2026-03-10,600.0,603.0,577.8,593.0,43121,593.0,2026-09-03T19:35:17.106810+00:00
2026-03-11,585.2,594.0,579.0,583.5,18413,583.5,2026-09-03T19:35:17.106810+00:00
2026-03-12,578.0,596.7,578.0,592.0,24960,592.0,2026-09-03T19:35:17.106810+00:00
2026-03-15,590.0,599.8,585.0,593.9,14135,593.9,2026-09-03T19:35:17.106810+00:00
2026-03-16,595.0,595.0,580.0,584.8,16887,584.8,2026-09-03T19:35:17.106810+00:00
2026-03-17,584.0,585.0,575.5,585.0,10701,585.0,2026-09-03T19:35:17.106810+00:00
2026-03-19,595.0,610.0,588.2,610.0,50717,610.0,2026-09-03T19:35:17.106810+00:00
2026-03-22,619.0,671.0,616.0,666.0,134401,666.0,2026-09-03T19:35:17.106810+00:00
2026-03-23,679.0,679.0,646.0,655.0,62253,655.0,2026-09-03T19:35:17.106810+00:00
2026-03-24,662.0,672.0,650.1,660.0,28702,660.0,2026-09-03T19:35:17.106810+00:00
2026-03-25,661.0,669.0,646.0,646.0,37207,646.0,2026-09-03T19:35:17.106810+00:00
2026-03-26,641.0,649.0,631.0,649.0,23640,649.0,2026-09-03T19:35:17.106810+00:00
2026-03-29,649.0,649.0,620.0,620.1,31537,620.1,2026-09-03T19:35:17.106810+00:00
2026-03-30,616.0,644.1,601.0,609.0,41791,609.0,2026-09-03T19:35:17.106810+00:00
2026-03-31,606.0,625.0,598.1,619.0,21447,619.0,2026-09-03T19:35:17.106810+00:00
2026-04-01,619.0,619.0,590.0,591.1,35157,591.1,2026-09-03T19:35:17.106810+00:00
2026-04-02,595.0,608.0,585.0,595.0,16329,595.0,2026-09-03T19:35:17.106810+00:00
2026-04-05,597.0,597.0,563.0,563.0,29634,563.0,2026-09-03T19:35:17.106810+00:00
2026-04-06,564.0,591.5,556.1,582.0,20081,582.0,2026-09-03T19:35:17.106810+00:00
2026-04-07,583.0,590.0,575.0,582.0,10679,582.0,2026-09-03T19:35:17.106810+00:00
2026-04-08,582.5,598.0,582.5,595.0,12969,595.0,2026-09-03T19:35:17.106810+00:00
2026-04-09,595.0,609.9,585.0,608.7,17766,608.7,2026-09-03T19:35:17.106810+00:00
2026-04-10,601.0,618.9,591.1,615.0,20125,615.0,2026-09-03T19:35:17.106810+00:00
2026-04-13,610.0,615.0,600.1,608.0,10217,608.0,2026-09-03T19:35:17.106810+00:00
2026-04-15,595.9,618.0,595.9,609.0,11958,609.0,2026-09-03T19:35:17.106810+00:00
2026-04-16,604.1,608.9,592.0,597.0,21247,597.0,2026-09-03T19:35:17.106810+00:00
2026-04-17,591.0,600.0,586.0,590.0,12406,590.0,2026-09-03T19:35:17.106810+00:00
2026-04-20,587.4,601.6,580.0,587.2,7274,587.2,2026-09-03T19:35:17.106810+00:00
2026-04-21,580.0,597.0,580.0,587.0,7547,587.0,2026-09-03T19:35:17.106810+00:00
2026-04-22,580.0,590.0,563.0,583.0,17259,583.0,2026-09-03T19:35:17.106810+00:00
2026-04-23,585.0,600.4,566.0,584.0,6977,584.0,2026-09-03T19:35:17.106810+00:00
2026-04-24,574.0,590.0,573.0,585.0,10228,585.0,2026-09-03T19:35:17.106810+00:00
2026-04-27,585.0,590.0,574.0,580.2,4089,580.2,2026-09-03T19:35:17.106810+00:00
2026-04-28,551.2,585.0,551.2,580.0,4717,580.0,2026-09-03T19:35:17.106810+00:00
2026-04-29,581.0,581.0,566.0,578.0,4770,578.0,2026-09-03T19:35:17.106810+00:00
2026-04-30,578.0,578.0,566.1,576.5,5885,576.5,2026-09-03T19:35:17.106810+00:00
2026-05-04,574.0,584.0,565.0,569.4,4708,569.4,2026-09-03T19:35:17.106810+00:00
2026-05-05,565.0,580.0,565.0,577.0,7116,577.0,2026-09-03T19:35:17.106810+00:00
2026-05-06,564.0,580.0,564.0,575.0,3070,575.0,2026-09-03T19:35:17.106810+00:00
2026-05-07,564.0,580.0,564.0,578.0,1661,578.0,2026-09-03T19:35:17.106810+00:00
2026-05-08,580.0,583.0,570.0,578.0,7934,578.0,2026-09-03T19:35:17.106810+00:00
2026-05-11,583.0,584.0,575.4,583.0,18714,583.0,2026-09-03T19:35:17.106810+00:00
2026-05-12,590.0,592.0,575.0,579.0,9954,579.0,2026-09-03T19:35:17.106810+00:00
2026-05-13,564.0,580.0,564.0,575.0,3272,575.0,2026-09-03T19:35:17.106810+00:00
2026-05-14,575.0,579.8,566.7,575.0,4726,575.0,2026-09-03T19:35:17.106810+00:00
2026-05-15,566.0,581.0,566.0,570.0,4830,570.0,2026-09-03T19:35:17.106810+00:00
2026-05-18,565.1,576.0,560.0,565.0,7735,565.0,2026-09-03T19:35:17.106810+00:00
2026-05-19,560.2,565.0,560.0,562.0,6205,562.0,2026-09-03T19:35:17.106810+00:00
2026-05-20,560.1,569.2,560.0,568.9,5046,568.9,2026-09-03T19:35:17.106810+00:00
2026-05-21,569.0,569.9,564.0,564.3,3697,564.3,2026-09-03T19:35:17.106810+00:00
2026-05-22,565.0,574.9,564.1,574.0,2938,574.0,2026-09-03T19:35:17.106810+00:00
2026-05-25,574.0,599.4,574.0,595.0,8807,595.0,2026-09-03T19:35:17.106810+00:00
2026-05-26,588.0,590.0,580.0,588.5,3821,588.5,2026-09-03T19:35:17.106810+00:00
2026-05-27,580.0,596.0,571.1,579.9,8337,579.9,2026-09-03T19:35:17.106810+00:00
2026-06-01,590.0,590.0,565.2,576.0,7986,576.0,2026-09-03T19:35:17.106810+00:00
2026-06-02,565.3,578.0,565.2,577.0,3202,577.0,2026-09-03T19:35:17.106810+00:00
2026-06-03,578.0,590.0,578.0,580.0,10802,580.0,2026-09-03T19:35:17.106810+00:00
2026-06-04,587.9,587.9,576.1,578.0,2876,578.0,2026-09-03T19:35:17.106810+00:00
2026-06-05,572.0,580.0,572.0,578.0,3084,578.0,2026-09-03T19:35:17.106810+00:00
2026-06-08,573.5,586.0,569.1,569.1,5034,569.1,2026-09-03T19:35:17.106810+00:00
2026-06-09,566.3,577.7,566.2,574.0,3566,574.0,2026-09-03T19:35:17.106810+00:00
2026-06-10,565.4,584.0,565.4,570.0,2999,570.0,2026-09-03T19:35:17.106810+00:00
2026-06-11,566.1,576.0,566.1,569.0,1732,569.0,2026-09-03T19:35:17.106810+00:00
2026-06-12,567.1,571.0,566.1,568.3,3241,568.3,2026-09-03T19:35:17.106810+00:00
2026-06-15,567.0,579.9,567.0,573.9,2713,573.9,2026-09-03T19:35:17.106810+00:00
2026-06-16,570.0,571.9,568.1,571.0,2206,571.0,2026-09-03T19:35:17.106810+00:00
2026-06-17,569.9,575.0,565.1,570.0,4831,570.0,2026-09-03T19:35:17.106810+00:00
2026-06-18,566.0,573.0,566.0,570.0,2794,570.0,2026-09-03T19:35:17.106810+00:00
2026-06-19,565.1,573.0,565.1,570.0,1705,570.0,2026-09-03T19:35:17.106810+00:00
2026-06-22,565.0,575.0,565.0,573.1,3964,573.1,2026-09-03T19:35:17.106810+00:00
2026-06-23,565.0,571.0,560.9,563.3,3723,563.3,2026-09-03T19:35:17.106810+00:00
2026-06-24,561.1,569.0,558.0,561.5,5054,561.5,2026-09-03T19:35:17.106810+00:00
2026-06-25,558.1,568.9,558.1,560.0,2784,560.0,2026-09-03T19:35:17.106810+00:00
2026-06-26,560.1,565.0,552.0,553.1,4535,553.1,2026-09-03T19:35:17.106810+00:00
2026-06-29,552.0,557.0,552.0,555.0,3859,555.0,2026-09-03T19:35:17.106810+00:00
2026-06-30,550.1,558.0,546.1,546.1,6071,546.1,2026-09-03T19:35:17.106810+00:00
2026-07-01,550.0,557.9,550.0,557.9,4761,557.9,2026-09-03T19:35:17.106810+00:00
2026-07-02,558.0,558.0,548.0,552.0,2646,552.0,2026-09-03T19:35:17.106810+00:00
2026-07-03,552.0,558.0,550.0,554.0,6482,554.0,2026-09-03T19:35:17.106810+00:00
2026-07-06,550.0,560.0,550.0,553.0,3029,553.0,2026-09-03T19:35:17.106810+00:00
2026-07-07,560.0,560.0,551.1,555.9,1703,555.9,2026-09-03T19:35:17.106810+00:00
2026-07-08,553.0,564.5,551.3,554.0,3998,554.0,2026-09-03T19:35:17.106810+00:00
2026-07-09,551.0,554.0,549.0,552.0,3694,552.0,2026-09-03T19:35:17.106810+00:00
2026-07-10,552.6,554.0,548.0,551.0,3126,551.0,2026-09-03T19:35:17.106810+00:00
2026-07-13,560.0,560.0,545.0,545.0,4919,545.0,2026-09-03T19:35:17.106810+00:00
2026-07-14,543.1,549.5,527.0,541.0,7772,541.0,2026-09-03T19:35:17.106810+00:00
2026-07-15,552.0,552.0,537.0,544.0,1272,544.0,2026-09-03T19:35:17.106810+00:00
2026-07-16,560.0,560.0,540.2,542.0,4464,542.0,2026-09-03T19:35:17.106810+00:00
2026-07-17,554.9,572.6,548.0,572.6,7397,572.6,2026-09-03T19:35:17.106810+00:00
2026-07-20,556.2,575.0,556.2,569.0,5880,569.0,2026-09-03T19:35:17.106810+00:00
2026-07-21,577.0,578.0,560.0,564.7,5863,564.7,2026-09-03T19:35:17.106810+00:00
2026-07-22,559.0,564.9,555.0,564.9,3933,564.9,2026-09-03T19:35:17.106810+00:00
2026-07-23,560.0,570.0,556.0,560.0,5822,560.0,2026-09-03T19:35:17.106810+00:00
2026-07-24,552.0,576.0,552.0,568.0,9403,568.0,2026-09-03T19:35:17.106810+00:00
2026-07-27,560.0,568.4,559.9,562.0,9570,562.0,2026-09-03T19:35:17.106810+00:00
2026-07-28,558.0,562.0,552.0,560.0,5273,560.0,2026-09-03T19:35:17.106810+00:00
2026-07-29,555.0,560.0,552.3,558.0,4106,558.0,2026-09-03T19:35:17.106810+00:00
2026-07-30,556.0,556.0,550.0,552.0,6307,552.0,2026-09-03T19:35:17.106810+00:00
2026-07-31,546.0,561.0,545.3,558.0,5387,558.0,2026-09-03T19:35:17.106810+00:00
2026-08-03,560.0,570.0,556.0,559.0,8118,559.0,2026-09-03T19:35:17.106810+00:00
2026-08-04,559.0,559.0,549.2,554.0,6498,554.0,2026-09-03T19:35:17.106810+00:00
2026-08-05,550.0,554.5,546.5,548.0,4346,548.0,2026-09-03T19:35:17.106810+00:00
2026-08-06,546.1,551.0,546.1,549.0,999,549.0,2026-09-03T19:35:17.106810+00:00
2026-08-07,545.2,552.0,545.0,547.0,7143,547.0,2026-09-03T19:35:17.106810+00:00
2026-08-10,545.1,553.9,542.0,545.0,5117,545.0,2026-09-03T19:35:17.106810+00:00
2026-08-11,547.0,550.0,545.0,545.2,3045,545.2,2026-09-03T19:35:17.106810+00:00
2026-08-12,540.0,554.9,540.0,548.5,5770,548.5,2026-09-03T19:35:17.106810+00:00
2026-08-13,546.0,553.0,546.0,550.0,4625,550.0,2026-09-03T19:35:17.106810+00:00
2026-08-14,550.0,558.0,545.1,554.9,2571,554.9,2026-09-03T19:35:17.106810+00:00
2026-08-17,555.0,558.0,547.0,547.7,10574,547.7,2026-09-03T19:35:17.106810+00:00
2026-08-18,547.9,547.9,543.1,546.0,3077,546.0,2026-09-03T19:35:17.106810+00:00
2026-08-19,540.1,547.0,540.0,546.9,5413,546.9,2026-09-03T19:35:17.106810+00:00
2026-08-20,546.9,546.9,540.0,543.5,3698,543.5,2026-09-03T19:35:17.106810+00:00
2026-08-21,544.0,545.0,535.0,542.9,7211,542.9,2026-09-03T19:35:17.106810+00:00
2026-08-24,534.0,542.9,534.0,539.0,3384,539.0,2026-09-03T19:35:17.106810+00:00
2026-08-25,539.0,544.7,528.0,533.0,6746,533.0,2026-09-03T19:35:17.106810+00:00
2026-08-26,525.0,534.0,510.1,527.2,9792,527.2,2026-09-03T19:35:17.106810+00:00
2026-08-27,512.0,535.9,512.0,528.0,3053,528.0,2026-09-03T19:35:17.106810+00:00
2026-08-31,531.0,531.0,506.0,519.0,5419,519.0,2026-09-03T19:35:17.106810+00:00
2026-09-01,529.0,529.0,505.2,518.0,3071,518.0,2026-09-03T19:35:17.106810+00:00
2026-09-02,511.0,525.0,510.1,519.9,2302,519.9,2026-09-03T19:35:17.106810+00:00
2026-09-03,512.0,517.7,510.0,515.0,7262,515.0,2026-09-03T19:35:17.106810+00:00
