date,open,high,low,close,volume,adj_close,fetched_at
2012-09-09,229.0,228.0,221.0,227.0,4519,227.0,2026-09-03T19:33:59.551954+00:00
2012-09-10,227.0,229.0,222.0,228.0,2990,228.0,2026-09-03T19:33:59.551954+00:00
2012-09-11,228.0,226.0,221.0,225.0,6035,225.0,2026-09-03T19:33:59.551954+00:00
2012-09-12,225.0,230.0,226.0,226.0,618,226.0,2026-09-03T19:33:59.551954+00:00
2012-09-13,226.0,232.0,222.0,232.0,2842,232.0,2026-09-03T19:33:59.551954+00:00
2012-09-16,232.0,233.0,230.0,230.0,1606,230.0,2026-09-03T19:33:59.551954+00:00
2012-09-17,230.0,231.0,226.0,231.0,1594,231.0,2026-09-03T19:33:59.551954+00:00
2012-09-18,231.0,242.0,230.0,239.0,11492,239.0,2026-09-03T19:33:59.551954+00:00
2012-09-19,239.0,238.0,233.0,233.0,1125,233.0,2026-09-03T19:33:59.551954+00:00
2012-09-20,233.0,235.0,226.0,226.0,3514,226.0,2026-09-03T19:33:59.551954+00:00
2012-09-23,226.0,222.0,214.0,219.0,2306,219.0,2026-09-03T19:33:59.551954+00:00
2012-09-24,219.0,217.0,215.0,215.0,1101,215.0,2026-09-03T19:33:59.551954+00:00
2012-09-25,215.0,218.0,216.0,217.0,3980,217.0,2026-09-03T19:33:59.551954+00:00
2012-09-26,217.0,217.0,213.0,215.0,2421,215.0,2026-09-03T19:33:59.551954+00:00
2012-09-30,220.0,219.0,215.0,218.0,4672,218.0,2026-09-03T19:33:59.551954+00:00
2012-10-01,218.0,222.0,215.0,222.0,3252,222.0,2026-09-03T19:33:59.551954+00:00
2012-10-01,218.0,222.0,215.0,222.0,3252,222.0,2026-09-03T19:33:59.551954+00:00
2012-10-02,222.0,218.0,213.0,216.0,3744,216.0,2026-09-03T19:33:59.551954+00:00
2012-10-03,216.0,218.0,215.0,217.0,6488,217.0,2026-09-03T19:33:59.551954+00:00
2012-10-04,217.0,221.0,215.0,221.0,7556,221.0,2026-09-03T19:33:59.551954+00:00
2012-10-07,221.0,225.0,220.0,224.0,2256,224.0,2026-09-03T19:33:59.551954+00:00
2012-10-08,224.0,226.0,221.0,221.0,3693,221.0,2026-09-03T19:33:59.551954+00:00
2012-10-09,221.0,228.0,221.0,223.0,3918,223.0,2026-09-03T19:33:59.551954+00:00
2012-10-10,223.0,223.0,221.0,221.0,537,221.0,2026-09-03T19:33:59.551954+00:00
2012-10-11,221.0,223.0,220.0,222.0,1470,222.0,2026-09-03T19:33:59.551954+00:00
2012-10-14,222.0,224.0,221.0,222.0,610,222.0,2026-09-03T19:33:59.551954+00:00
2012-10-15,222.0,224.0,221.0,224.0,1563,224.0,2026-09-03T19:33:59.551954+00:00
2012-10-17,224.0,231.0,225.0,231.0,1879,231.0,2026-09-03T19:33:59.551954+00:00
2012-10-18,231.0,230.0,227.0,230.0,2739,230.0,2026-09-03T19:33:59.551954+00:00
2012-10-30,230.0,240.0,234.0,240.0,1296,240.0,2026-09-03T19:33:59.551954+00:00
2012-10-31,240.0,249.0,238.0,248.0,10910,248.0,2026-09-03T19:33:59.551954+00:00
2012-11-01,248.0,246.0,236.0,243.0,6066,243.0,2026-09-03T19:33:59.551954+00:00
2012-11-04,243.0,248.0,241.0,247.0,4524,247.0,2026-09-03T19:33:59.551954+00:00
2012-11-05,247.0,259.0,247.0,255.0,11795,255.0,2026-09-03T19:33:59.551954+00:00
2012-11-06,255.0,259.0,250.0,252.0,7758,252.0,2026-09-03T19:33:59.551954+00:00
2012-11-07,252.0,267.0,255.0,265.0,17565,265.0,2026-09-03T19:33:59.551954+00:00
2012-11-08,265.0,283.0,261.0,264.0,9366,264.0,2026-09-03T19:33:59.551954+00:00
2012-11-11,264.0,265.0,248.0,257.0,8683,257.0,2026-09-03T19:33:59.551954+00:00
2012-11-12,257.0,263.0,252.0,263.0,18685,263.0,2026-09-03T19:33:59.551954+00:00
2012-11-18,263.0,275.0,259.0,270.0,13257,270.0,2026-09-03T19:33:59.551954+00:00
2012-11-20,270.0,297.0,275.0,286.0,15877,286.0,2026-09-03T19:33:59.551954+00:00
2012-11-21,286.0,286.0,261.0,280.0,19713,280.0,2026-09-03T19:33:59.551954+00:00
2012-11-22,280.0,281.0,270.0,275.0,20800,275.0,2026-09-03T19:33:59.551954+00:00
2012-11-25,275.0,290.0,277.0,278.0,10716,278.0,2026-09-03T19:33:59.551954+00:00
2012-11-26,278.0,281.0,270.0,280.0,12896,280.0,2026-09-03T19:33:59.551954+00:00
2012-11-27,280.0,279.0,270.0,272.0,13333,272.0,2026-09-03T19:33:59.551954+00:00
2012-11-28,272.0,281.0,268.0,277.0,15555,277.0,2026-09-03T19:33:59.551954+00:00
2012-11-29,277.0,281.0,268.0,272.0,12612,272.0,2026-09-03T19:33:59.551954+00:00
2012-12-02,272.0,275.0,266.0,268.0,29836,268.0,2026-09-03T19:33:59.551954+00:00
2012-12-03,268.0,265.0,250.0,251.0,691,251.0,2026-09-03T19:33:59.551954+00:00
2012-12-04,251.0,271.0,255.0,265.0,4240,265.0,2026-09-03T19:33:59.551954+00:00
2012-12-05,265.0,285.0,268.0,285.0,5457,285.0,2026-09-03T19:33:59.551954+00:00
2012-12-06,285.0,285.0,270.0,279.0,3435,279.0,2026-09-03T19:33:59.551954+00:00
2012-12-09,279.0,275.0,275.0,275.0,12,275.0,2026-09-03T19:33:59.551954+00:00
2012-12-10,275.0,271.0,260.0,270.0,4073,270.0,2026-09-03T19:33:59.551954+00:00
2012-12-11,270.0,275.0,268.0,275.0,1596,275.0,2026-09-03T19:33:59.551954+00:00
2012-12-12,275.0,281.0,270.0,280.0,1971,280.0,2026-09-03T19:33:59.551954+00:00
2012-12-13,280.0,280.0,272.0,276.0,2281,276.0,2026-09-03T19:33:59.551954+00:00
2012-12-16,276.0,295.0,281.0,295.0,2004,295.0,2026-09-03T19:33:59.551954+00:00
2012-12-17,295.0,316.0,300.0,316.0,8903,316.0,2026-09-03T19:33:59.551954+00:00
2012-12-18,316.0,311.0,298.0,311.0,9663,311.0,2026-09-03T19:33:59.551954+00:00
2012-12-19,311.0,324.0,310.0,316.0,17008,316.0,2026-09-03T19:33:59.551954+00:00
2012-12-20,316.0,322.0,311.0,316.0,8974,316.0,2026-09-03T19:33:59.551954+00:00
2012-12-23,316.0,324.0,314.0,320.0,10475,320.0,2026-09-03T19:33:59.551954+00:00
2012-12-24,320.0,331.0,316.0,330.0,8417,330.0,2026-09-03T19:33:59.551954+00:00
2012-12-26,330.0,343.0,330.0,340.0,6725,340.0,2026-09-03T19:33:59.551954+00:00
2012-12-27,340.0,350.0,340.0,341.0,4073,341.0,2026-09-03T19:33:59.551954+00:00
2012-12-31,341.0,341.0,322.0,330.0,2927,330.0,2026-09-03T19:33:59.551954+00:00
2013-01-01,330.0,328.0,316.0,320.0,6060,320.0,2026-09-03T19:33:59.551954+00:00
2013-01-02,320.0,326.0,308.0,326.0,3203,326.0,2026-09-03T19:33:59.551954+00:00
2013-01-03,326.0,328.0,321.0,321.0,3024,321.0,2026-09-03T19:33:59.551954+00:00
2013-01-06,321.0,322.0,316.0,316.0,1989,316.0,2026-09-03T19:33:59.551954+00:00
2013-01-07,316.0,316.0,308.0,313.0,5259,313.0,2026-09-03T19:33:59.551954+00:00
2013-01-08,313.0,317.0,303.0,304.0,7013,304.0,2026-09-03T19:33:59.551954+00:00
2013-01-09,304.0,308.0,300.0,303.0,6159,303.0,2026-09-03T19:33:59.551954+00:00
2013-01-10,303.0,318.0,299.0,318.0,7575,318.0,2026-09-03T19:33:59.551954+00:00
2013-01-13,318.0,315.0,303.0,314.0,4150,314.0,2026-09-03T19:33:59.551954+00:00
2013-01-15,314.0,315.0,309.0,311.0,5069,311.0,2026-09-03T19:33:59.551954+00:00
2013-01-16,311.0,312.0,304.0,308.0,6289,308.0,2026-09-03T19:33:59.551954+00:00
2013-01-17,308.0,309.0,301.0,302.0,6365,302.0,2026-09-03T19:33:59.551954+00:00
2013-01-20,302.0,297.0,288.0,290.0,1903,290.0,2026-09-03T19:33:59.551954+00:00
2013-01-21,290.0,308.0,287.0,300.0,8660,300.0,2026-09-03T19:33:59.551954+00:00
2013-01-22,300.0,312.0,298.0,309.0,12295,309.0,2026-09-03T19:33:59.551954+00:00
2013-01-23,309.0,315.0,305.0,305.0,2130,305.0,2026-09-03T19:33:59.551954+00:00
2013-01-24,305.0,310.0,300.0,305.0,5475,305.0,2026-09-03T19:33:59.551954+00:00
2013-01-27,305.0,315.0,305.0,309.0,3314,309.0,2026-09-03T19:33:59.551954+00:00
2013-01-28,309.0,306.0,299.0,303.0,5094,303.0,2026-09-03T19:33:59.551954+00:00
2013-01-30,303.0,303.0,298.0,298.0,3817,298.0,2026-09-03T19:33:59.551954+00:00
2013-01-31,298.0,302.0,297.0,302.0,2991,302.0,2026-09-03T19:33:59.551954+00:00
2013-02-03,302.0,319.0,303.0,307.0,13118,307.0,2026-09-03T19:33:59.551954+00:00
2013-02-04,307.0,312.0,306.0,307.0,3632,307.0,2026-09-03T19:33:59.551954+00:00
2013-02-05,307.0,307.0,301.0,304.0,8536,304.0,2026-09-03T19:33:59.551954+00:00
2013-02-06,304.0,307.0,300.0,300.0,11429,300.0,2026-09-03T19:33:59.551954+00:00
2013-02-07,300.0,303.0,298.0,301.0,13026,301.0,2026-09-03T19:33:59.551954+00:00
2013-02-10,301.0,307.0,299.0,302.0,9966,302.0,2026-09-03T19:33:59.551954+00:00
2013-02-12,302.0,323.0,300.0,323.0,24486,323.0,2026-09-03T19:33:59.551954+00:00
2013-02-13,323.0,319.0,310.0,316.0,9109,316.0,2026-09-03T19:33:59.551954+00:00
2013-02-14,316.0,322.0,310.0,318.0,11927,318.0,2026-09-03T19:33:59.551954+00:00
2013-02-17,318.0,349.0,324.0,344.0,4861,344.0,2026-09-03T19:33:59.551954+00:00
2013-02-19,344.0,371.0,325.0,340.0,28061,340.0,2026-09-03T19:33:59.551954+00:00
2013-02-20,340.0,334.0,320.0,327.0,25992,327.0,2026-09-03T19:33:59.551954+00:00
2013-02-21,327.0,339.0,317.0,330.0,15045,330.0,2026-09-03T19:33:59.551954+00:00
2013-02-24,330.0,331.0,317.0,331.0,6371,331.0,2026-09-03T19:33:59.551954+00:00
2013-02-25,331.0,341.0,327.0,335.0,19077,335.0,2026-09-03T19:33:59.551954+00:00
2013-02-26,335.0,345.0,329.0,335.0,17762,335.0,2026-09-03T19:33:59.551954+00:00
2013-02-27,335.0,332.0,321.0,326.0,12342,326.0,2026-09-03T19:33:59.551954+00:00
2013-02-28,326.0,335.0,322.0,334.0,10867,334.0,2026-09-03T19:33:59.551954+00:00
2013-03-03,334.0,335.0,330.0,335.0,4833,335.0,2026-09-03T19:33:59.551954+00:00
2013-03-04,335.0,338.0,329.0,333.0,7891,333.0,2026-09-03T19:33:59.551954+00:00
2013-03-05,333.0,330.0,325.0,329.0,11010,329.0,2026-09-03T19:33:59.551954+00:00
2013-03-06,329.0,346.0,325.0,346.0,6848,346.0,2026-09-03T19:33:59.551954+00:00
2013-03-07,346.0,340.0,329.0,330.0,7777,330.0,2026-09-03T19:33:59.551954+00:00
2013-03-11,330.0,336.0,326.0,333.0,3594,333.0,2026-09-03T19:33:59.551954+00:00
2013-03-13,333.0,342.0,333.0,342.0,11684,342.0,2026-09-03T19:33:59.551954+00:00
2013-03-14,342.0,360.0,339.0,342.0,33395,342.0,2026-09-03T19:33:59.551954+00:00
2013-03-17,342.0,345.0,330.0,332.0,9770,332.0,2026-09-03T19:33:59.551954+00:00
2013-03-18,332.0,336.0,325.0,325.0,12097,325.0,2026-09-03T19:33:59.551954+00:00
2013-03-19,325.0,335.0,325.0,330.0,6973,330.0,2026-09-03T19:33:59.551954+00:00
2013-03-20,330.0,330.0,325.0,326.0,8547,326.0,2026-09-03T19:33:59.551954+00:00
2013-03-21,326.0,328.0,320.0,326.0,8066,326.0,2026-09-03T19:33:59.551954+00:00
2013-03-24,326.0,326.0,319.0,321.0,11006,321.0,2026-09-03T19:33:59.551954+00:00
2013-03-25,321.0,328.0,311.0,326.0,6655,326.0,2026-09-03T19:33:59.551954+00:00
2013-03-27,326.0,326.0,318.0,326.0,4575,326.0,2026-09-03T19:33:59.551954+00:00
2013-03-28,326.0,326.0,315.0,321.0,25160,321.0,2026-09-03T19:33:59.551954+00:00
2013-03-31,321.0,318.0,310.0,317.0,7782,317.0,2026-09-03T19:33:59.551954+00:00
2013-04-01,317.0,324.0,307.0,320.0,5018,320.0,2026-09-03T19:33:59.551954+00:00
2013-04-02,320.0,325.0,316.0,323.0,10349,323.0,2026-09-03T19:33:59.551954+00:00
2013-04-03,323.0,330.0,317.0,324.0,8046,324.0,2026-09-03T19:33:59.551954+00:00
2013-04-04,324.0,324.0,320.0,323.0,3460,323.0,2026-09-03T19:33:59.551954+00:00
2013-04-07,323.0,327.0,320.0,327.0,4032,327.0,2026-09-03T19:33:59.551954+00:00
2013-04-08,327.0,333.0,324.0,327.0,7204,327.0,2026-09-03T19:33:59.551954+00:00
2013-04-09,327.0,332.0,323.0,327.0,5348,327.0,2026-09-03T19:33:59.551954+00:00
2013-04-11,327.0,336.0,330.0,332.0,10361,332.0,2026-09-03T19:33:59.551954+00:00
2013-04-15,332.0,335.0,330.0,333.0,9072,333.0,2026-09-03T19:33:59.551954+00:00
2013-04-16,333.0,331.0,326.0,328.0,3414,328.0,2026-09-03T19:33:59.551954+00:00
2013-04-17,328.0,328.0,325.0,326.0,2034,326.0,2026-09-03T19:33:59.551954+00:00
2013-04-18,326.0,328.0,325.0,327.0,2769,327.0,2026-09-03T19:33:59.551954+00:00
2013-04-21,327.0,323.0,319.0,320.0,5309,320.0,2026-09-03T19:33:59.551954+00:00
2013-04-22,320.0,316.0,300.0,312.0,15800,312.0,2026-09-03T19:33:59.551954+00:00
2013-04-23,312.0,328.0,311.0,318.0,6437,318.0,2026-09-03T19:33:59.551954+00:00
2013-04-25,318.0,318.0,314.0,316.0,2688,316.0,2026-09-03T19:33:59.551954+00:00
2013-04-28,316.0,311.0,305.0,308.0,3636,308.0,2026-09-03T19:33:59.551954+00:00
2013-04-29,308.0,315.0,303.0,315.0,4169,315.0,2026-09-03T19:33:59.551954+00:00
2013-04-30,315.0,312.0,307.0,312.0,6727,312.0,2026-09-03T19:33:59.551954+00:00
2013-05-02,312.0,310.0,305.0,306.0,10963,306.0,2026-09-03T19:33:59.551954+00:00
2013-05-05,306.0,323.0,311.0,315.0,14952,315.0,2026-09-03T19:33:59.551954+00:00
2013-05-06,315.0,318.0,307.0,316.0,16449,316.0,2026-09-03T19:33:59.551954+00:00
2013-05-07,316.0,335.0,316.0,330.0,35177,330.0,2026-09-03T19:33:59.551954+00:00
2013-05-08,330.0,330.0,324.0,325.0,7839,325.0,2026-09-03T19:33:59.551954+00:00
2013-05-09,325.0,328.0,321.0,323.0,7594,323.0,2026-09-03T19:33:59.551954+00:00
2013-05-12,323.0,328.0,323.0,323.0,4706,323.0,2026-09-03T19:33:59.551954+00:00
2013-05-13,323.0,329.0,320.0,325.0,5461,325.0,2026-09-03T19:33:59.551954+00:00
2013-05-14,325.0,330.0,324.0,330.0,6911,330.0,2026-09-03T19:33:59.551954+00:00
2013-05-15,330.0,343.0,333.0,336.0,13470,336.0,2026-09-03T19:33:59.551954+00:00
2013-05-16,336.0,339.0,334.0,337.0,7832,337.0,2026-09-03T19:33:59.551954+00:00
2013-05-19,337.0,335.0,330.0,332.0,2647,332.0,2026-09-03T19:33:59.551954+00:00
2013-05-20,332.0,337.0,327.0,332.0,4581,332.0,2026-09-03T19:33:59.551954+00:00
2013-05-21,332.0,333.0,330.0,331.0,2483,331.0,2026-09-03T19:33:59.551954+00:00
2013-05-22,331.0,333.0,330.0,333.0,5726,333.0,2026-09-03T19:33:59.551954+00:00
2013-05-23,333.0,333.0,326.0,332.0,2480,332.0,2026-09-03T19:33:59.551954+00:00
2013-05-26,332.0,332.0,330.0,331.0,2080,331.0,2026-09-03T19:33:59.551954+00:00
2013-05-27,331.0,333.0,329.0,333.0,5766,333.0,2026-09-03T19:33:59.551954+00:00
2013-05-28,333.0,333.0,330.0,330.0,3663,330.0,2026-09-03T19:33:59.551954+00:00
2013-05-30,330.0,330.0,328.0,330.0,3371,330.0,2026-09-03T19:33:59.551954+00:00
2013-06-02,330.0,329.0,320.0,324.0,4169,324.0,2026-09-03T19:33:59.551954+00:00
2013-06-03,324.0,329.0,324.0,327.0,5517,327.0,2026-09-03T19:33:59.551954+00:00
2013-06-04,327.0,327.0,322.0,324.0,8058,324.0,2026-09-03T19:33:59.551954+00:00
2013-06-05,324.0,327.0,322.0,327.0,3317,327.0,2026-09-03T19:33:59.551954+00:00
2013-06-06,327.0,329.0,325.0,328.0,2843,328.0,2026-09-03T19:33:59.551954+00:00
2013-06-09,328.0,328.0,323.0,326.0,3687,326.0,2026-09-03T19:33:59.551954+00:00
2013-06-10,326.0,327.0,321.0,326.0,5455,326.0,2026-09-03T19:33:59.551954+00:00
2013-06-11,326.0,329.0,323.0,325.0,3526,325.0,2026-09-03T19:33:59.551954+00:00
2013-06-12,325.0,328.0,321.0,324.0,4407,324.0,2026-09-03T19:33:59.551954+00:00
2013-06-13,324.0,326.0,320.0,325.0,3445,325.0,2026-09-03T19:33:59.551954+00:00
2013-06-16,325.0,330.0,324.0,326.0,3632,326.0,2026-09-03T19:33:59.551954+00:00
2013-06-17,326.0,325.0,320.0,321.0,5602,321.0,2026-09-03T19:33:59.551954+00:00
2013-06-18,321.0,320.0,318.0,318.0,2175,318.0,2026-09-03T19:33:59.551954+00:00
2013-06-19,318.0,318.0,315.0,315.0,3335,315.0,2026-09-03T19:33:59.551954+00:00
2013-06-20,315.0,318.0,314.0,315.0,4827,315.0,2026-09-03T19:33:59.551954+00:00
2013-06-23,315.0,319.0,308.0,314.0,4344,314.0,2026-09-03T19:33:59.551954+00:00
2013-06-24,314.0,326.0,311.0,326.0,8810,326.0,2026-09-03T19:33:59.551954+00:00
2013-06-25,326.0,327.0,316.0,324.0,3378,324.0,2026-09-03T19:33:59.551954+00:00
2013-06-26,324.0,333.0,325.0,333.0,6543,333.0,2026-09-03T19:33:59.551954+00:00
2013-06-27,333.0,330.0,316.0,326.0,4261,326.0,2026-09-03T19:33:59.551954+00:00
2013-06-30,326.0,320.0,314.0,316.0,6256,316.0,2026-09-03T19:33:59.551954+00:00
2013-07-01,316.0,321.0,316.0,317.0,3311,317.0,2026-09-03T19:33:59.551954+00:00
2013-07-02,317.0,320.0,312.0,318.0,4916,318.0,2026-09-03T19:33:59.551954+00:00
2013-07-03,318.0,318.0,313.0,316.0,4728,316.0,2026-09-03T19:33:59.551954+00:00
2013-07-04,316.0,320.0,315.0,320.0,5483,320.0,2026-09-03T19:33:59.551954+00:00
2013-07-07,320.0,322.0,316.0,321.0,5363,321.0,2026-09-03T19:33:59.551954+00:00
2013-07-08,321.0,326.0,320.0,325.0,1900,325.0,2026-09-03T19:33:59.551954+00:00
2013-07-09,325.0,333.0,315.0,325.0,6935,325.0,2026-09-03T19:33:59.551954+00:00
2013-07-10,325.0,332.0,325.0,329.0,4417,329.0,2026-09-03T19:33:59.551954+00:00
2013-07-11,329.0,325.0,320.0,320.0,12008,320.0,2026-09-03T19:33:59.551954+00:00
2013-07-14,320.0,326.0,319.0,324.0,6196,324.0,2026-09-03T19:33:59.551954+00:00
2013-07-15,324.0,326.0,324.0,324.0,2053,324.0,2026-09-03T19:33:59.551954+00:00
2013-07-16,324.0,330.0,318.0,322.0,3749,322.0,2026-09-03T19:33:59.551954+00:00
2013-07-17,322.0,324.0,320.0,320.0,3699,320.0,2026-09-03T19:33:59.551954+00:00
2013-07-18,320.0,328.0,321.0,325.0,7222,325.0,2026-09-03T19:33:59.551954+00:00
2013-07-21,325.0,337.0,320.0,330.0,16274,330.0,2026-09-03T19:33:59.551954+00:00
2013-07-22,330.0,335.0,323.0,324.0,10889,324.0,2026-09-03T19:33:59.551954+00:00
2013-07-23,324.0,325.0,319.0,321.0,7425,321.0,2026-09-03T19:33:59.551954+00:00
2013-07-24,321.0,322.0,318.0,321.0,4345,321.0,2026-09-03T19:33:59.551954+00:00
2013-07-25,321.0,320.0,317.0,320.0,4832,320.0,2026-09-03T19:33:59.551954+00:00
2013-07-28,320.0,320.0,317.0,320.0,5868,320.0,2026-09-03T19:33:59.551954+00:00
2013-07-29,320.0,322.0,315.0,319.0,8073,319.0,2026-09-03T19:33:59.551954+00:00
2013-07-30,319.0,325.0,317.0,319.0,7273,319.0,2026-09-03T19:33:59.551954+00:00
2013-07-31,319.0,325.0,317.0,319.0,12419,319.0,2026-09-03T19:33:59.551954+00:00
2013-08-01,319.0,322.0,315.0,318.0,8308,318.0,2026-09-03T19:33:59.551954+00:00
2013-08-04,318.0,321.0,317.0,319.0,11569,319.0,2026-09-03T19:33:59.551954+00:00
2013-08-05,319.0,328.0,318.0,319.0,11916,319.0,2026-09-03T19:33:59.551954+00:00
2013-08-06,319.0,321.0,307.0,319.0,6575,319.0,2026-09-03T19:33:59.551954+00:00
2013-08-07,319.0,320.0,312.0,312.0,1500,312.0,2026-09-03T19:33:59.551954+00:00
2013-08-08,312.0,316.0,311.0,315.0,6887,315.0,2026-09-03T19:33:59.551954+00:00
2013-08-11,315.0,314.0,308.0,314.0,4229,314.0,2026-09-03T19:33:59.551954+00:00
2013-08-12,314.0,315.0,309.0,310.0,6053,310.0,2026-09-03T19:33:59.551954+00:00
2013-08-13,310.0,316.0,310.0,311.0,4361,311.0,2026-09-03T19:33:59.551954+00:00
2013-08-14,311.0,317.0,306.0,307.0,3129,307.0,2026-09-03T19:33:59.551954+00:00
2013-08-15,307.0,312.0,306.0,309.0,6631,309.0,2026-09-03T19:33:59.551954+00:00
2013-08-18,309.0,314.0,307.0,311.0,3010,311.0,2026-09-03T19:33:59.551954+00:00
2013-08-19,311.0,315.0,307.0,312.0,3891,312.0,2026-09-03T19:33:59.551954+00:00
2013-08-20,312.0,322.0,315.0,317.0,3050,317.0,2026-09-03T19:33:59.551954+00:00
2013-08-25,317.0,318.0,308.0,313.0,4637,313.0,2026-09-03T19:33:59.551954+00:00
2013-08-26,313.0,313.0,307.0,309.0,2842,309.0,2026-09-03T19:33:59.551954+00:00
2013-08-27,309.0,317.0,309.0,313.0,5395,313.0,2026-09-03T19:33:59.551954+00:00
2013-08-29,313.0,317.0,308.0,311.0,906,311.0,2026-09-03T19:33:59.551954+00:00
2013-09-01,311.0,312.0,304.0,308.0,3215,308.0,2026-09-03T19:33:59.551954+00:00
2013-09-02,308.0,308.0,304.0,307.0,10437,307.0,2026-09-03T19:33:59.551954+00:00
2013-09-03,307.0,310.0,300.0,307.0,6387,307.0,2026-09-03T19:33:59.551954+00:00
2013-09-04,307.0,311.0,300.0,303.0,7048,303.0,2026-09-03T19:33:59.551954+00:00
2013-09-05,303.0,305.0,298.0,301.0,11176,301.0,2026-09-03T19:33:59.551954+00:00
2013-09-08,301.0,310.0,300.0,310.0,1941,310.0,2026-09-03T19:33:59.551954+00:00
2013-09-09,310.0,308.0,303.0,305.0,3257,305.0,2026-09-03T19:33:59.551954+00:00
2013-09-10,305.0,306.0,301.0,301.0,4262,301.0,2026-09-03T19:33:59.551954+00:00
2013-09-11,301.0,301.0,300.0,301.0,917,301.0,2026-09-03T19:33:59.551954+00:00
2013-09-12,301.0,300.0,295.0,300.0,1518,300.0,2026-09-03T19:33:59.551954+00:00
2013-09-15,300.0,298.0,290.0,293.0,8308,293.0,2026-09-03T19:33:59.551954+00:00
2013-09-16,293.0,295.0,288.0,295.0,2293,295.0,2026-09-03T19:33:59.551954+00:00
2013-09-17,295.0,295.0,286.0,290.0,5069,290.0,2026-09-03T19:33:59.551954+00:00
2013-09-19,290.0,289.0,283.0,286.0,3251,286.0,2026-09-03T19:33:59.551954+00:00
2013-09-22,286.0,288.0,281.0,283.0,2186,283.0,2026-09-03T19:33:59.551954+00:00
2013-09-23,283.0,280.0,275.0,278.0,4163,278.0,2026-09-03T19:33:59.551954+00:00
2013-09-24,278.0,288.0,274.0,284.0,3252,284.0,2026-09-03T19:33:59.551954+00:00
2013-09-25,284.0,289.0,280.0,289.0,2123,289.0,2026-09-03T19:33:59.551954+00:00
2013-09-26,289.0,290.0,280.0,283.0,10284,283.0,2026-09-03T19:33:59.551954+00:00
2013-09-29,283.0,281.0,279.0,280.0,2739,280.0,2026-09-03T19:33:59.551954+00:00
2013-09-30,280.0,287.0,276.0,285.0,4618,285.0,2026-09-03T19:33:59.551954+00:00
2013-10-01,285.0,300.0,289.0,292.0,3452,292.0,2026-09-03T19:33:59.551954+00:00
2013-10-02,292.0,310.0,295.0,305.0,18910,305.0,2026-09-03T19:33:59.551954+00:00
2013-10-03,305.0,303.0,300.0,300.0,3985,300.0,2026-09-03T19:33:59.551954+00:00
2013-10-06,300.0,330.0,306.0,329.0,41984,329.0,2026-09-03T19:33:59.551954+00:00
2013-10-07,329.0,330.0,313.0,317.0,12132,317.0,2026-09-03T19:33:59.551954+00:00
2013-10-08,317.0,320.0,315.0,320.0,11206,320.0,2026-09-03T19:33:59.551954+00:00
2013-10-09,320.0,321.0,319.0,320.0,7122,320.0,2026-09-03T19:33:59.551954+00:00
2013-10-10,320.0,330.0,320.0,323.0,4308,323.0,2026-09-03T19:33:59.551954+00:00
2013-10-17,323.0,328.0,320.0,327.0,1457,327.0,2026-09-03T19:33:59.551954+00:00
2013-10-20,327.0,338.0,330.0,333.0,7730,333.0,2026-09-03T19:33:59.551954+00:00
2013-10-21,333.0,344.0,328.0,330.0,10021,330.0,2026-09-03T19:33:59.551954+00:00
2013-10-22,330.0,330.0,327.0,329.0,8644,329.0,2026-09-03T19:33:59.551954+00:00
2013-10-23,329.0,330.0,326.0,326.0,4472,326.0,2026-09-03T19:33:59.551954+00:00
2013-10-24,326.0,325.0,320.0,322.0,8744,322.0,2026-09-03T19:33:59.551954+00:00
2013-10-27,322.0,326.0,315.0,318.0,2081,318.0,2026-09-03T19:33:59.551954+00:00
2013-10-28,318.0,321.0,317.0,319.0,5102,319.0,2026-09-03T19:33:59.551954+00:00
2013-10-29,319.0,323.0,317.0,320.0,4059,320.0,2026-09-03T19:33:59.551954+00:00
2013-10-30,320.0,325.0,315.0,325.0,3446,325.0,2026-09-03T19:33:59.551954+00:00
2013-10-31,325.0,328.0,321.0,326.0,7876,326.0,2026-09-03T19:33:59.551954+00:00
2013-11-06,326.0,321.0,320.0,320.0,1766,320.0,2026-09-03T19:33:59.551954+00:00
2013-11-07,320.0,328.0,317.0,322.0,2452,322.0,2026-09-03T19:33:59.551954+00:00
2013-11-10,322.0,322.0,317.0,320.0,7536,320.0,2026-09-03T19:33:59.551954+00:00
2013-11-11,320.0,331.0,320.0,331.0,7133,331.0,2026-09-03T19:33:59.551954+00:00
2013-11-12,331.0,348.0,330.0,333.0,12550,333.0,2026-09-03T19:33:59.551954+00:00
2013-11-13,333.0,346.0,336.0,337.0,16466,337.0,2026-09-03T19:33:59.551954+00:00
2013-11-14,337.0,343.0,334.0,339.0,16857,339.0,2026-09-03T19:33:59.551954+00:00
2013-11-21,339.0,372.0,345.0,372.0,763,372.0,2026-09-03T19:33:59.551954+00:00
2013-11-24,372.0,409.0,372.0,389.0,28984,389.0,2026-09-03T19:33:59.551954+00:00
2013-11-25,389.0,396.0,368.0,370.0,19643,370.0,2026-09-03T19:33:59.551954+00:00
2013-11-26,370.0,400.0,370.0,378.0,6692,378.0,2026-09-03T19:33:59.551954+00:00
2013-11-27,378.0,385.0,375.0,378.0,15743,378.0,2026-09-03T19:33:59.551954+00:00
2013-11-28,378.0,380.0,372.0,376.0,9139,376.0,2026-09-03T19:33:59.551954+00:00
2013-12-01,376.0,380.0,369.0,380.0,14470,380.0,2026-09-03T19:33:59.551954+00:00
2013-12-02,380.0,387.0,380.0,384.0,10918,384.0,2026-09-03T19:33:59.551954+00:00
2013-12-03,384.0,402.0,389.0,400.0,20644,400.0,2026-09-03T19:33:59.551954+00:00
2013-12-04,400.0,438.0,400.0,427.0,17174,427.0,2026-09-03T19:33:59.551954+00:00
2013-12-05,427.0,455.0,411.0,420.0,18580,420.0,2026-09-03T19:33:59.551954+00:00
2013-12-08,420.0,435.0,420.0,429.0,15294,429.0,2026-09-03T19:33:59.551954+00:00
2013-12-09,429.0,440.0,426.0,439.0,15588,439.0,2026-09-03T19:33:59.551954+00:00
2013-12-10,439.0,442.0,430.0,431.0,15234,431.0,2026-09-03T19:33:59.551954+00:00
2013-12-11,431.0,458.0,435.0,443.0,13992,443.0,2026-09-03T19:33:59.551954+00:00
2013-12-12,443.0,460.0,440.0,460.0,28492,460.0,2026-09-03T19:33:59.551954+00:00
2013-12-15,460.0,506.0,455.0,500.0,17144,500.0,2026-09-03T19:33:59.551954+00:00
2013-12-16,500.0,550.0,510.0,550.0,10690,550.0,2026-09-03T19:33:59.551954+00:00
2013-12-18,550.0,585.0,561.0,574.0,16234,574.0,2026-09-03T19:33:59.551954+00:00
2013-12-19,574.0,585.0,517.0,575.0,29579,575.0,2026-09-03T19:33:59.551954+00:00
2013-12-22,580.0,579.0,545.0,567.0,32479,567.0,2026-09-03T19:33:59.551954+00:00
2013-12-23,535.0,550.0,520.0,520.0,20130,520.0,2026-09-03T19:33:59.551954+00:00
2013-12-24,520.0,542.0,477.0,522.0,31114,522.0,2026-09-03T19:33:59.551954+00:00
2013-12-26,520.0,552.0,520.0,530.0,60170,530.0,2026-09-03T19:33:59.551954+00:00
2013-12-29,530.0,513.0,475.0,500.0,11478,500.0,2026-09-03T19:33:59.551954+00:00
2013-12-31,500.0,500.0,487.0,487.0,6967,487.0,2026-09-03T19:33:59.551954+00:00
2014-01-01,487.0,478.0,456.0,465.0,4201,465.0,2026-09-03T19:33:59.551954+00:00
2014-01-02,465.0,499.0,450.0,492.0,7710,492.0,2026-09-03T19:33:59.551954+00:00
2014-01-05,492.0,491.0,485.0,485.0,3156,485.0,2026-09-03T19:33:59.551954+00:00
2014-01-06,485.0,486.0,472.0,481.0,979,481.0,2026-09-03T19:33:59.551954+00:00
2014-01-07,481.0,490.0,478.0,485.0,3730,485.0,2026-09-03T19:33:59.551954+00:00
2014-01-08,485.0,500.0,486.0,486.0,5311,486.0,2026-09-03T19:33:59.551954+00:00
2014-01-09,486.0,492.0,481.0,485.0,2703,485.0,2026-09-03T19:33:59.551954+00:00
2014-01-12,485.0,505.0,492.0,505.0,7572,505.0,2026-09-03T19:33:59.551954+00:00
2014-01-13,505.0,508.0,495.0,496.0,1820,496.0,2026-09-03T19:33:59.551954+00:00
2014-01-14,496.0,515.0,495.0,508.0,7461,508.0,2026-09-03T19:33:59.551954+00:00
2014-01-16,508.0,515.0,503.0,505.0,6419,505.0,2026-09-03T19:33:59.551954+00:00
2014-01-19,505.0,504.0,496.0,504.0,5196,504.0,2026-09-03T19:33:59.551954+00:00
2014-01-20,504.0,500.0,490.0,490.0,6269,490.0,2026-09-03T19:33:59.551954+00:00
2014-01-21,490.0,499.0,481.0,499.0,3100,499.0,2026-09-03T19:33:59.551954+00:00
2014-01-22,499.0,500.0,490.0,491.0,5512,491.0,2026-09-03T19:33:59.551954+00:00
2014-01-23,491.0,494.0,482.0,486.0,2141,486.0,2026-09-03T19:33:59.551954+00:00
2014-01-26,486.0,490.0,480.0,480.0,3985,480.0,2026-09-03T19:33:59.551954+00:00
2014-01-27,480.0,482.0,472.0,477.0,3254,477.0,2026-09-03T19:33:59.551954+00:00
2014-01-28,477.0,489.0,465.0,481.0,3605,481.0,2026-09-03T19:33:59.551954+00:00
2014-01-29,481.0,484.0,472.0,475.0,6037,475.0,2026-09-03T19:33:59.551954+00:00
2014-02-02,475.0,475.0,460.0,467.0,5732,467.0,2026-09-03T19:33:59.551954+00:00
2014-02-03,467.0,472.0,460.0,469.0,4270,469.0,2026-09-03T19:33:59.551954+00:00
2014-02-04,469.0,485.0,451.0,472.0,5060,472.0,2026-09-03T19:33:59.551954+00:00
2014-02-06,485.0,490.0,480.0,490.0,5236,490.0,2026-09-03T19:33:59.551954+00:00
2014-02-09,490.0,485.0,475.0,478.0,3312,478.0,2026-09-03T19:33:59.551954+00:00
2014-02-10,478.0,522.0,487.0,505.0,7135,505.0,2026-09-03T19:33:59.551954+00:00
2014-02-11,505.0,500.0,490.0,494.0,3646,494.0,2026-09-03T19:33:59.551954+00:00
2014-02-12,494.0,508.0,487.0,499.0,6594,499.0,2026-09-03T19:33:59.551954+00:00
2014-02-13,499.0,515.0,498.0,505.0,10242,505.0,2026-09-03T19:33:59.551954+00:00
2014-02-16,505.0,504.0,492.0,500.0,4209,500.0,2026-09-03T19:33:59.551954+00:00
2014-02-17,500.0,508.0,496.0,503.0,5714,503.0,2026-09-03T19:33:59.551954+00:00
2014-02-18,503.0,505.0,498.0,499.0,8560,499.0,2026-09-03T19:33:59.551954+00:00
2014-02-20,499.0,525.0,505.0,510.0,6062,510.0,2026-09-03T19:33:59.551954+00:00
2014-02-23,510.0,535.0,514.0,519.0,7141,519.0,2026-09-03T19:33:59.551954+00:00
2014-02-24,519.0,539.0,509.0,509.0,6313,509.0,2026-09-03T19:33:59.551954+00:00
2014-02-25,509.0,515.0,500.0,510.0,8077,510.0,2026-09-03T19:33:59.551954+00:00
2014-02-26,510.0,522.0,500.0,505.0,7776,505.0,2026-09-03T19:33:59.551954+00:00
2014-03-03,505.0,495.0,485.0,488.0,5836,488.0,2026-09-03T19:33:59.551954+00:00
2014-03-04,488.0,487.0,463.0,484.0,5802,484.0,2026-09-03T19:33:59.551954+00:00
2014-03-05,484.0,497.0,477.0,477.0,5654,477.0,2026-09-03T19:33:59.551954+00:00
2014-03-06,477.0,490.0,470.0,478.0,4103,478.0,2026-09-03T19:33:59.551954+00:00
2014-03-09,478.0,477.0,465.0,470.0,4508,470.0,2026-09-03T19:33:59.551954+00:00
2014-03-10,470.0,478.0,462.0,468.0,4114,468.0,2026-09-03T19:33:59.551954+00:00
2014-03-11,468.0,469.0,460.0,462.0,4667,462.0,2026-09-03T19:33:59.551954+00:00
2014-03-12,462.0,461.0,450.0,461.0,4886,461.0,2026-09-03T19:33:59.551954+00:00
2014-03-13,461.0,475.0,460.0,467.0,5726,467.0,2026-09-03T19:33:59.551954+00:00
2014-03-17,467.0,467.0,443.0,450.0,5891,450.0,2026-09-03T19:33:59.551954+00:00
2014-03-18,450.0,450.0,433.0,446.0,7494,446.0,2026-09-03T19:33:59.551954+00:00
2014-03-19,446.0,474.0,440.0,450.0,4420,450.0,2026-09-03T19:33:59.551954+00:00
2014-03-20,450.0,468.0,450.0,460.0,4273,460.0,2026-09-03T19:33:59.551954+00:00
2014-03-23,460.0,462.0,448.0,455.0,3102,455.0,2026-09-03T19:33:59.551954+00:00
2014-03-24,455.0,467.0,460.0,463.0,1797,463.0,2026-09-03T19:33:59.551954+00:00
2014-03-25,463.0,474.0,461.0,466.0,3867,466.0,2026-09-03T19:33:59.551954+00:00
2014-03-26,466.0,465.0,452.0,460.0,5759,460.0,2026-09-03T19:33:59.551954+00:00
2014-03-27,460.0,470.0,460.0,470.0,4909,470.0,2026-09-03T19:33:59.551954+00:00
2014-03-31,465.0,478.0,470.0,471.0,5366,471.0,2026-09-03T19:33:59.551954+00:00
2014-04-01,471.0,490.0,465.0,485.0,5971,485.0,2026-09-03T19:33:59.551954+00:00
2014-04-02,485.0,493.0,476.0,492.0,18421,492.0,2026-09-03T19:33:59.551954+00:00
2014-04-03,492.0,495.0,481.0,485.0,10574,485.0,2026-09-03T19:33:59.551954+00:00
2014-04-06,485.0,487.0,466.0,469.0,4166,469.0,2026-09-03T19:33:59.551954+00:00
2014-04-07,469.0,470.0,465.0,470.0,2716,470.0,2026-09-03T19:33:59.551954+00:00
2014-04-09,470.0,475.0,462.0,475.0,5289,475.0,2026-09-03T19:33:59.551954+00:00
2014-04-10,475.0,485.0,466.0,466.0,9320,466.0,2026-09-03T19:33:59.551954+00:00
2014-04-13,466.0,478.0,463.0,463.0,5370,463.0,2026-09-03T19:33:59.551954+00:00
2014-04-15,463.0,476.0,461.0,470.0,9966,470.0,2026-09-03T19:33:59.551954+00:00
2014-04-16,470.0,475.0,461.0,468.0,4004,468.0,2026-09-03T19:33:59.551954+00:00
2014-04-17,468.0,472.0,460.0,472.0,10529,472.0,2026-09-03T19:33:59.551954+00:00
2014-04-20,472.0,471.0,464.0,465.0,8225,465.0,2026-09-03T19:33:59.551954+00:00
2014-04-21,465.0,468.0,458.0,462.0,9325,462.0,2026-09-03T19:33:59.551954+00:00
2014-04-22,462.0,475.0,463.0,465.0,10840,465.0,2026-09-03T19:33:59.551954+00:00
2014-04-23,465.0,471.0,461.0,468.0,21904,468.0,2026-09-03T19:33:59.551954+00:00
2014-04-27,468.0,468.0,458.0,458.0,10357,458.0,2026-09-03T19:33:59.551954+00:00
2014-04-28,458.0,460.0,450.0,451.0,8488,451.0,2026-09-03T19:33:59.551954+00:00
2014-04-29,451.0,457.0,450.0,453.0,9345,453.0,2026-09-03T19:33:59.551954+00:00
2014-04-30,453.0,459.0,449.0,453.0,5864,453.0,2026-09-03T19:33:59.551954+00:00
2014-05-04,453.0,460.0,450.0,453.0,8440,453.0,2026-09-03T19:33:59.551954+00:00
2014-05-05,453.0,494.0,446.0,482.0,8258,482.0,2026-09-03T19:33:59.551954+00:00
2014-05-06,482.0,520.0,487.0,499.0,26694,499.0,2026-09-03T19:33:59.551954+00:00
2014-05-07,499.0,514.0,495.0,500.0,13957,500.0,2026-09-03T19:33:59.551954+00:00
2014-05-08,500.0,501.0,484.0,485.0,4721,485.0,2026-09-03T19:33:59.551954+00:00
2014-05-11,485.0,484.0,466.0,476.0,2381,476.0,2026-09-03T19:33:59.551954+00:00
2014-05-12,476.0,499.0,476.0,495.0,18377,495.0,2026-09-03T19:33:59.551954+00:00
2014-05-13,495.0,494.0,480.0,480.0,4369,480.0,2026-09-03T19:33:59.551954+00:00
2014-05-15,480.0,487.0,471.0,473.0,3481,473.0,2026-09-03T19:33:59.551954+00:00
2014-05-15,480.0,487.0,471.0,473.0,3481,473.0,2026-09-03T19:33:59.551954+00:00
2014-05-18,473.0,476.0,468.0,470.0,2189,470.0,2026-09-03T19:33:59.551954+00:00
2014-05-19,470.0,474.0,461.0,469.0,5553,469.0,2026-09-03T19:33:59.551954+00:00
2014-05-20,469.0,470.0,460.0,470.0,5152,470.0,2026-09-03T19:33:59.551954+00:00
2014-05-21,470.0,489.0,468.0,485.0,7111,485.0,2026-09-03T19:33:59.551954+00:00
2014-05-22,485.0,486.0,476.0,476.0,10750,476.0,2026-09-03T19:33:59.551954+00:00
2014-05-25,476.0,485.0,474.0,482.0,3870,482.0,2026-09-03T19:33:59.551954+00:00
2014-05-26,482.0,485.0,470.0,478.0,4435,478.0,2026-09-03T19:33:59.551954+00:00
2014-05-27,478.0,478.0,464.0,478.0,4839,478.0,2026-09-03T19:33:59.551954+00:00
2014-05-28,478.0,479.0,470.0,470.0,5012,470.0,2026-09-03T19:33:59.551954+00:00
2014-06-01,470.0,479.0,468.0,479.0,5035,479.0,2026-09-03T19:33:59.551954+00:00
2014-06-02,479.0,485.0,471.0,482.0,7519,482.0,2026-09-03T19:33:59.551954+00:00
2014-06-03,482.0,505.0,485.0,490.0,10211,490.0,2026-09-03T19:33:59.551954+00:00
2014-06-04,490.0,495.0,487.0,490.0,9286,490.0,2026-09-03T19:33:59.551954+00:00
2014-06-05,490.0,488.0,480.0,486.0,5417,486.0,2026-09-03T19:33:59.551954+00:00
2014-06-08,486.0,491.0,488.0,489.0,7760,489.0,2026-09-03T19:33:59.551954+00:00
2014-06-09,489.0,495.0,486.0,490.0,6244,490.0,2026-09-03T19:33:59.551954+00:00
2014-06-10,490.0,501.0,490.0,498.0,24106,498.0,2026-09-03T19:33:59.551954+00:00
2014-06-11,498.0,510.0,497.0,498.0,21738,498.0,2026-09-03T19:33:59.551954+00:00
2014-06-12,498.0,504.0,491.0,499.0,19354,499.0,2026-09-03T19:33:59.551954+00:00
2014-06-15,499.0,525.0,500.0,523.0,26424,523.0,2026-09-03T19:33:59.551954+00:00
2014-06-16,523.0,567.0,520.0,567.0,71103,567.0,2026-09-03T19:33:59.551954+00:00
2014-06-17,567.0,565.0,540.0,552.0,31674,552.0,2026-09-03T19:33:59.551954+00:00
2014-06-17,567.0,565.0,540.0,552.0,31674,552.0,2026-09-03T19:33:59.551954+00:00
2014-06-18,552.0,573.0,550.0,550.0,16567,550.0,2026-09-03T19:33:59.551954+00:00
2014-06-19,550.0,555.0,540.0,543.0,10895,543.0,2026-09-03T19:33:59.551954+00:00
2014-06-23,543.0,550.0,514.0,547.0,3707,547.0,2026-09-03T19:33:59.551954+00:00
2014-06-24,547.0,549.0,536.0,548.0,9452,548.0,2026-09-03T19:33:59.551954+00:00
2014-06-25,548.0,555.0,540.0,543.0,4020,543.0,2026-09-03T19:33:59.551954+00:00
2014-06-26,543.0,545.0,535.0,536.0,7470,536.0,2026-09-03T19:33:59.551954+00:00
2014-06-29,536.0,551.0,542.0,545.0,8613,545.0,2026-09-03T19:33:59.551954+00:00
2014-06-30,545.0,550.0,535.0,537.0,8773,537.0,2026-09-03T19:33:59.551954+00:00
2014-07-01,537.0,549.0,537.0,543.0,10143,543.0,2026-09-03T19:33:59.551954+00:00
2014-07-02,543.0,553.0,540.0,552.0,15790,552.0,2026-09-03T19:33:59.551954+00:00
2014-07-03,552.0,558.0,542.0,551.0,16491,551.0,2026-09-03T19:33:59.551954+00:00
2014-07-06,551.0,556.0,541.0,554.0,14097,554.0,2026-09-03T19:33:59.551954+00:00
2014-07-07,554.0,567.0,546.0,561.0,10451,561.0,2026-09-03T19:33:59.551954+00:00
2014-07-08,561.0,576.0,565.0,571.0,13359,571.0,2026-09-03T19:33:59.551954+00:00
2014-07-09,571.0,580.0,556.0,580.0,8344,580.0,2026-09-03T19:33:59.551954+00:00
2014-07-10,580.0,591.0,558.0,585.0,11488,585.0,2026-09-03T19:33:59.551954+00:00
2014-07-13,585.0,619.0,580.0,595.0,14335,595.0,2026-09-03T19:33:59.551954+00:00
2014-07-14,595.0,600.0,569.0,572.0,9633,572.0,2026-09-03T19:33:59.551954+00:00
2014-07-15,572.0,580.0,565.0,575.0,5678,575.0,2026-09-03T19:33:59.551954+00:00
2014-07-16,575.0,586.0,566.0,583.0,7691,583.0,2026-09-03T19:33:59.551954+00:00
2014-07-17,583.0,598.0,580.0,598.0,14663,598.0,2026-09-03T19:33:59.551954+00:00
2014-07-20,598.0,620.0,598.0,609.0,22184,609.0,2026-09-03T19:33:59.551954+00:00
2014-07-21,609.0,627.0,609.0,615.0,19674,615.0,2026-09-03T19:33:59.551954+00:00
2014-07-22,615.0,620.0,593.0,612.0,19403,612.0,2026-09-03T19:33:59.551954+00:00
2014-07-23,612.0,627.0,607.0,615.0,18403,615.0,2026-09-03T19:33:59.551954+00:00
2014-07-24,615.0,630.0,610.0,620.0,26881,620.0,2026-09-03T19:33:59.551954+00:00
2014-07-27,620.0,640.0,620.0,625.0,18721,625.0,2026-09-03T19:33:59.551954+00:00
2014-07-28,625.0,632.0,619.0,631.0,5892,631.0,2026-09-03T19:33:59.551954+00:00
2014-07-30,631.0,635.0,602.0,613.0,16150,613.0,2026-09-03T19:33:59.551954+00:00
2014-07-31,613.0,621.0,606.0,621.0,17387,621.0,2026-09-03T19:33:59.551954+00:00
2014-08-03,621.0,633.0,606.0,612.0,13658,612.0,2026-09-03T19:33:59.551954+00:00
2014-08-04,612.0,612.0,592.0,597.0,10561,597.0,2026-09-03T19:33:59.551954+00:00
2014-08-05,597.0,621.0,595.0,599.0,15051,599.0,2026-09-03T19:33:59.551954+00:00
2014-08-06,599.0,608.0,590.0,602.0,24571,602.0,2026-09-03T19:33:59.551954+00:00
2014-08-07,602.0,610.0,588.0,604.0,16197,604.0,2026-09-03T19:33:59.551954+00:00
2014-08-12,604.0,600.0,574.0,580.0,8804,580.0,2026-09-03T19:33:59.551954+00:00
2014-08-13,580.0,595.0,560.0,587.0,14304,587.0,2026-09-03T19:33:59.551954+00:00
2014-08-14,587.0,587.0,570.0,587.0,11203,587.0,2026-09-03T19:33:59.551954+00:00
2014-08-18,587.0,596.0,561.0,571.0,10022,571.0,2026-09-03T19:33:59.551954+00:00
2014-08-19,571.0,595.0,564.0,576.0,16948,576.0,2026-09-03T19:33:59.551954+00:00
2014-08-20,576.0,576.0,560.0,560.0,11813,560.0,2026-09-03T19:33:59.551954+00:00
2014-08-21,560.0,588.0,539.0,572.0,15775,572.0,2026-09-03T19:33:59.551954+00:00
2014-08-24,572.0,570.0,556.0,564.0,10517,564.0,2026-09-03T19:33:59.551954+00:00
2014-08-25,564.0,553.0,522.0,525.0,15649,525.0,2026-09-03T19:33:59.551954+00:00
2014-08-26,525.0,555.0,510.0,519.0,16871,519.0,2026-09-03T19:33:59.551954+00:00
2014-08-27,519.0,555.0,529.0,540.0,25027,540.0,2026-09-03T19:33:59.551954+00:00
2014-08-28,540.0,566.0,543.0,547.0,14196,547.0,2026-09-03T19:33:59.551954+00:00
2014-08-31,547.0,548.0,515.0,520.0,14023,520.0,2026-09-03T19:33:59.551954+00:00
2014-09-01,520.0,529.0,502.0,528.0,13160,528.0,2026-09-03T19:33:59.551954+00:00
2014-09-03,528.0,528.0,508.0,510.0,3994,510.0,2026-09-03T19:33:59.551954+00:00
2014-09-04,510.0,510.0,496.0,500.0,14481,500.0,2026-09-03T19:33:59.551954+00:00
2014-09-07,500.0,505.0,474.0,485.0,13799,485.0,2026-09-03T19:33:59.551954+00:00
2014-09-09,485.0,520.0,486.0,520.0,14364,520.0,2026-09-03T19:33:59.551954+00:00
2014-09-10,520.0,530.0,490.0,498.0,14376,498.0,2026-09-03T19:33:59.551954+00:00
2014-09-11,498.0,506.0,483.0,496.0,5519,496.0,2026-09-03T19:33:59.551954+00:00
2014-09-14,496.0,498.0,483.0,496.0,3274,496.0,2026-09-03T19:33:59.551954+00:00
2014-09-15,496.0,505.0,479.0,497.0,7270,497.0,2026-09-03T19:33:59.551954+00:00
2014-09-16,497.0,546.0,492.0,546.0,15742,546.0,2026-09-03T19:33:59.551954+00:00
2014-09-17,546.0,556.0,510.0,520.0,10216,520.0,2026-09-03T19:33:59.551954+00:00
2014-09-18,520.0,521.0,500.0,512.0,9474,512.0,2026-09-03T19:33:59.551954+00:00
2014-09-21,512.0,512.0,478.0,486.0,8621,486.0,2026-09-03T19:33:59.551954+00:00
2014-09-22,486.0,494.0,483.0,492.0,2521,492.0,2026-09-03T19:33:59.551954+00:00
2014-09-23,492.0,514.0,490.0,507.0,6018,507.0,2026-09-03T19:33:59.551954+00:00
2014-09-24,507.0,513.0,499.0,510.0,3357,510.0,2026-09-03T19:33:59.551954+00:00
2014-09-28,510.0,530.0,510.0,529.0,3633,529.0,2026-09-03T19:33:59.551954+00:00
2014-09-29,529.0,539.0,519.0,525.0,9500,525.0,2026-09-03T19:33:59.551954+00:00
2014-09-30,525.0,534.0,520.0,521.0,6918,521.0,2026-09-03T19:33:59.551954+00:00
2014-10-08,521.0,515.0,500.0,515.0,3391,515.0,2026-09-03T19:33:59.551954+00:00
2014-10-09,515.0,518.0,507.0,512.0,4023,512.0,2026-09-03T19:33:59.551954+00:00
2014-10-12,512.0,515.0,500.0,502.0,5538,502.0,2026-09-03T19:33:59.551954+00:00
2014-10-13,502.0,519.0,500.0,510.0,2204,510.0,2026-09-03T19:33:59.551954+00:00
2014-10-14,510.0,519.0,503.0,504.0,5028,504.0,2026-09-03T19:33:59.551954+00:00
2014-10-15,504.0,515.0,500.0,510.0,7323,510.0,2026-09-03T19:33:59.551954+00:00
2014-10-16,510.0,521.0,511.0,512.0,5475,512.0,2026-09-03T19:33:59.551954+00:00
2014-10-19,512.0,516.0,510.0,515.0,11099,515.0,2026-09-03T19:33:59.551954+00:00
2014-10-20,515.0,524.0,510.0,510.0,3691,510.0,2026-09-03T19:33:59.551954+00:00
2014-10-21,510.0,504.0,481.0,491.0,12049,491.0,2026-09-03T19:33:59.551954+00:00
2014-10-22,491.0,499.0,488.0,488.0,10276,488.0,2026-09-03T19:33:59.551954+00:00
2014-10-26,488.0,496.0,481.0,492.0,2951,492.0,2026-09-03T19:33:59.551954+00:00
2014-10-27,492.0,505.0,495.0,502.0,4731,502.0,2026-09-03T19:33:59.551954+00:00
2014-10-28,502.0,509.0,495.0,495.0,8027,495.0,2026-09-03T19:33:59.551954+00:00
2014-10-30,495.0,507.0,497.0,499.0,6645,499.0,2026-09-03T19:33:59.551954+00:00
2014-11-02,499.0,501.0,485.0,490.0,8851,490.0,2026-09-03T19:33:59.551954+00:00
2014-11-03,490.0,498.0,481.0,486.0,4614,486.0,2026-09-03T19:33:59.551954+00:00
2014-11-04,486.0,485.0,474.0,485.0,4863,485.0,2026-09-03T19:33:59.551954+00:00
2014-11-05,485.0,489.0,478.0,481.0,4173,481.0,2026-09-03T19:33:59.551954+00:00
2014-11-06,481.0,489.0,480.0,485.0,3443,485.0,2026-09-03T19:33:59.551954+00:00
2014-11-09,485.0,485.0,478.0,482.0,7895,482.0,2026-09-03T19:33:59.551954+00:00
2014-11-10,482.0,484.0,470.0,479.0,15451,479.0,2026-09-03T19:33:59.551954+00:00
2014-11-11,479.0,500.0,463.0,490.0,5124,490.0,2026-09-03T19:33:59.551954+00:00
2014-11-12,490.0,490.0,466.0,480.0,7378,480.0,2026-09-03T19:33:59.551954+00:00
2014-11-13,480.0,495.0,476.0,486.0,15109,486.0,2026-09-03T19:33:59.551954+00:00
2014-11-16,486.0,489.0,480.0,482.0,8077,482.0,2026-09-03T19:33:59.551954+00:00
2014-11-17,482.0,478.0,459.0,470.0,8771,470.0,2026-09-03T19:33:59.551954+00:00
2014-11-18,470.0,475.0,437.0,463.0,7630,463.0,2026-09-03T19:33:59.551954+00:00
2014-11-19,463.0,480.0,458.0,472.0,7351,472.0,2026-09-03T19:33:59.551954+00:00
2014-11-20,472.0,488.0,471.0,475.0,8633,475.0,2026-09-03T19:33:59.551954+00:00
2014-11-23,475.0,499.0,474.0,485.0,8552,485.0,2026-09-03T19:33:59.551954+00:00
2014-11-24,485.0,485.0,461.0,484.0,4696,484.0,2026-09-03T19:33:59.551954+00:00
2014-11-25,484.0,485.0,475.0,481.0,7024,481.0,2026-09-03T19:33:59.551954+00:00
2014-11-30,481.0,485.0,473.0,480.0,2928,480.0,2026-09-03T19:33:59.551954+00:00
2014-12-01,480.0,492.0,470.0,492.0,2145,492.0,2026-09-03T19:33:59.551954+00:00
2014-12-02,492.0,492.0,467.0,478.0,5880,478.0,2026-09-03T19:33:59.551954+00:00
2014-12-03,478.0,487.0,474.0,479.0,9525,479.0,2026-09-03T19:33:59.551954+00:00
2014-12-04,479.0,485.0,476.0,484.0,10431,484.0,2026-09-03T19:33:59.551954+00:00
2014-12-07,484.0,498.0,481.0,481.0,7142,481.0,2026-09-03T19:33:59.551954+00:00
2014-12-08,481.0,489.0,480.0,489.0,1784,489.0,2026-09-03T19:33:59.551954+00:00
2014-12-09,489.0,495.0,481.0,495.0,4957,495.0,2026-09-03T19:33:59.551954+00:00
2014-12-10,495.0,500.0,486.0,499.0,2190,499.0,2026-09-03T19:33:59.551954+00:00
2014-12-11,499.0,508.0,496.0,505.0,6979,505.0,2026-09-03T19:33:59.551954+00:00
2014-12-14,505.0,539.0,515.0,535.0,19396,535.0,2026-09-03T19:33:59.551954+00:00
2014-12-15,535.0,550.0,515.0,539.0,21640,539.0,2026-09-03T19:33:59.551954+00:00
2014-12-16,539.0,544.0,517.0,536.0,7291,536.0,2026-09-03T19:33:59.551954+00:00
2014-12-17,536.0,531.0,520.0,526.0,7998,526.0,2026-09-03T19:33:59.551954+00:00
2014-12-18,526.0,528.0,515.0,528.0,6529,528.0,2026-09-03T19:33:59.551954+00:00
2014-12-21,528.0,526.0,513.0,523.0,7372,523.0,2026-09-03T19:33:59.551954+00:00
2014-12-22,523.0,533.0,520.0,521.0,18308,521.0,2026-09-03T19:33:59.551954+00:00
2014-12-23,521.0,528.0,509.0,518.0,30312,518.0,2026-09-03T19:33:59.551954+00:00
2014-12-24,518.0,527.0,515.0,520.0,29737,520.0,2026-09-03T19:33:59.551954+00:00
2014-12-28,437.0,460.0,438.0,448.0,5485,448.0,2026-09-03T19:33:59.551954+00:00
2014-12-28,437.0,460.0,438.0,448.0,5485,448.0,2026-09-03T19:33:59.551954+00:00
2014-12-29,448.0,448.0,431.0,447.0,2605,447.0,2026-09-03T19:33:59.551954+00:00
2014-12-31,447.0,442.0,439.0,440.0,1281,440.0,2026-09-03T19:33:59.551954+00:00
2015-01-01,440.0,442.0,434.0,434.0,4721,434.0,2026-09-03T19:33:59.551954+00:00
2015-01-04,434.0,447.0,427.0,447.0,3416,447.0,2026-09-03T19:33:59.551954+00:00
2015-01-05,447.0,453.0,440.0,441.0,5703,441.0,2026-09-03T19:33:59.551954+00:00
2015-01-06,441.0,447.0,434.0,443.0,5515,443.0,2026-09-03T19:33:59.551954+00:00
2015-01-07,443.0,447.0,440.0,441.0,1815,441.0,2026-09-03T19:33:59.551954+00:00
2015-01-08,441.0,453.0,442.0,442.0,3344,442.0,2026-09-03T19:33:59.551954+00:00
2015-01-11,442.0,446.0,438.0,446.0,4699,446.0,2026-09-03T19:33:59.551954+00:00
2015-01-12,446.0,450.0,440.0,445.0,1535,445.0,2026-09-03T19:33:59.551954+00:00
2015-01-13,445.0,448.0,441.0,445.0,3496,445.0,2026-09-03T19:33:59.551954+00:00
2015-01-14,445.0,451.0,442.0,449.0,2935,449.0,2026-09-03T19:33:59.551954+00:00
2015-01-18,449.0,457.0,440.0,454.0,12325,454.0,2026-09-03T19:33:59.551954+00:00
2015-01-19,454.0,499.0,463.0,479.0,8284,479.0,2026-09-03T19:33:59.551954+00:00
2015-01-20,479.0,483.0,462.0,470.0,5749,470.0,2026-09-03T19:33:59.551954+00:00
2015-01-22,470.0,469.0,458.0,461.0,2243,461.0,2026-09-03T19:33:59.551954+00:00
2015-01-25,461.0,481.0,460.0,468.0,3011,468.0,2026-09-03T19:33:59.551954+00:00
2015-01-26,468.0,481.0,471.0,479.0,8925,479.0,2026-09-03T19:33:59.551954+00:00
2015-01-27,479.0,481.0,475.0,481.0,4340,481.0,2026-09-03T19:33:59.551954+00:00
2015-01-28,481.0,489.0,481.0,489.0,2932,489.0,2026-09-03T19:33:59.551954+00:00
2015-01-29,489.0,495.0,482.0,483.0,7572,483.0,2026-09-03T19:33:59.551954+00:00
2015-02-01,483.0,500.0,484.0,494.0,4773,494.0,2026-09-03T19:33:59.551954+00:00
2015-02-02,494.0,503.0,487.0,495.0,4650,495.0,2026-09-03T19:33:59.551954+00:00
2015-02-03,495.0,504.0,484.0,485.0,2048,485.0,2026-09-03T19:33:59.551954+00:00
2015-02-04,485.0,490.0,480.0,480.0,4879,480.0,2026-09-03T19:33:59.551954+00:00
2015-02-05,480.0,480.0,470.0,475.0,2925,475.0,2026-09-03T19:33:59.551954+00:00
2015-02-08,475.0,484.0,469.0,478.0,2095,478.0,2026-09-03T19:33:59.551954+00:00
2015-02-09,478.0,481.0,470.0,472.0,2713,472.0,2026-09-03T19:33:59.551954+00:00
2015-02-10,472.0,468.0,460.0,466.0,2717,466.0,2026-09-03T19:33:59.551954+00:00
2015-02-11,466.0,470.0,466.0,468.0,1289,468.0,2026-09-03T19:33:59.551954+00:00
2015-02-12,468.0,470.0,462.0,470.0,4129,470.0,2026-09-03T19:33:59.551954+00:00
2015-02-15,470.0,466.0,461.0,465.0,1876,465.0,2026-09-03T19:33:59.551954+00:00
2015-02-16,465.0,466.0,461.0,464.0,4009,464.0,2026-09-03T19:33:59.551954+00:00
2015-02-16,465.0,466.0,461.0,464.0,4009,464.0,2026-09-03T19:33:59.551954+00:00
2015-02-18,464.0,468.0,460.0,464.0,9157,464.0,2026-09-03T19:33:59.551954+00:00
2015-02-22,464.0,461.0,455.0,457.0,6574,457.0,2026-09-03T19:33:59.551954+00:00
2015-02-23,457.0,464.0,448.0,464.0,7936,464.0,2026-09-03T19:33:59.551954+00:00
2015-02-24,464.0,460.0,454.0,457.0,3729,457.0,2026-09-03T19:33:59.551954+00:00
2015-02-25,457.0,458.0,449.0,455.0,7295,455.0,2026-09-03T19:33:59.551954+00:00
2015-02-26,455.0,464.0,452.0,459.0,2558,459.0,2026-09-03T19:33:59.551954+00:00
2015-03-01,459.0,455.0,450.0,450.0,4985,450.0,2026-09-03T19:33:59.551954+00:00
2015-03-02,450.0,465.0,452.0,461.0,2623,461.0,2026-09-03T19:33:59.551954+00:00
2015-03-03,461.0,460.0,455.0,460.0,1714,460.0,2026-09-03T19:33:59.551954+00:00
2015-03-04,460.0,467.0,455.0,460.0,3315,460.0,2026-09-03T19:33:59.551954+00:00
2015-03-09,460.0,467.0,458.0,460.0,4109,460.0,2026-09-03T19:33:59.551954+00:00
2015-03-10,460.0,460.0,445.0,448.0,6338,448.0,2026-09-03T19:33:59.551954+00:00
2015-03-11,448.0,449.0,442.0,448.0,18473,448.0,2026-09-03T19:33:59.551954+00:00
2015-03-12,448.0,454.0,447.0,449.0,4955,449.0,2026-09-03T19:33:59.551954+00:00
2015-03-15,449.0,447.0,442.0,444.0,4475,444.0,2026-09-03T19:33:59.551954+00:00
2015-03-16,444.0,444.0,438.0,440.0,2866,440.0,2026-09-03T19:33:59.551954+00:00
2015-03-17,440.0,445.0,439.0,440.0,5029,440.0,2026-09-03T19:33:59.551954+00:00
2015-03-18,440.0,438.0,422.0,435.0,22265,435.0,2026-09-03T19:33:59.551954+00:00
2015-03-19,435.0,445.0,435.0,442.0,9180,442.0,2026-09-03T19:33:59.551954+00:00
2015-03-22,442.0,450.0,440.0,446.0,6721,446.0,2026-09-03T19:33:59.551954+00:00
2015-03-23,446.0,441.0,437.0,439.0,5368,439.0,2026-09-03T19:33:59.551954+00:00
2015-03-24,439.0,439.0,430.0,430.0,9231,430.0,2026-09-03T19:33:59.551954+00:00
2015-03-25,430.0,435.0,415.0,429.0,18119,429.0,2026-09-03T19:33:59.551954+00:00
2015-03-26,429.0,432.0,420.0,432.0,31606,432.0,2026-09-03T19:33:59.551954+00:00
2015-03-29,432.0,433.0,416.0,432.0,11593,432.0,2026-09-03T19:33:59.551954+00:00
2015-03-30,432.0,432.0,423.0,432.0,5642,432.0,2026-09-03T19:33:59.551954+00:00
2015-03-31,432.0,443.0,430.0,436.0,7398,436.0,2026-09-03T19:33:59.551954+00:00
2015-04-01,436.0,438.0,434.0,438.0,2992,438.0,2026-09-03T19:33:59.551954+00:00
2015-04-02,438.0,443.0,434.0,434.0,8988,434.0,2026-09-03T19:33:59.551954+00:00
2015-04-05,434.0,434.0,425.0,431.0,6234,431.0,2026-09-03T19:33:59.551954+00:00
2015-04-06,431.0,434.0,424.0,434.0,5496,434.0,2026-09-03T19:33:59.551954+00:00
2015-04-07,434.0,434.0,429.0,432.0,4297,432.0,2026-09-03T19:33:59.551954+00:00
2015-04-08,432.0,445.0,435.0,440.0,2876,440.0,2026-09-03T19:33:59.551954+00:00
2015-04-09,440.0,449.0,438.0,440.0,3849,440.0,2026-09-03T19:33:59.551954+00:00
2015-04-12,440.0,450.0,443.0,450.0,9838,450.0,2026-09-03T19:33:59.551954+00:00
2015-04-13,450.0,451.0,446.0,447.0,2980,447.0,2026-09-03T19:33:59.551954+00:00
2015-04-15,447.0,447.0,440.0,445.0,4449,445.0,2026-09-03T19:33:59.551954+00:00
2015-04-16,445.0,442.0,438.0,442.0,3975,442.0,2026-09-03T19:33:59.551954+00:00
2015-04-19,442.0,442.0,435.0,439.0,3083,439.0,2026-09-03T19:33:59.551954+00:00
2015-04-20,439.0,446.0,440.0,446.0,10151,446.0,2026-09-03T19:33:59.551954+00:00
2015-04-21,446.0,452.0,440.0,445.0,10106,445.0,2026-09-03T19:33:59.551954+00:00
2015-04-22,445.0,445.0,438.0,444.0,2363,444.0,2026-09-03T19:33:59.551954+00:00
2015-04-23,444.0,446.0,442.0,445.0,4556,445.0,2026-09-03T19:33:59.551954+00:00
2015-05-26,445.0,437.0,421.0,421.0,30,421.0,2026-09-03T19:33:59.551954+00:00
2015-05-28,421.0,413.0,387.0,390.0,3988,390.0,2026-09-03T19:33:59.551954+00:00
2015-05-31,390.0,405.0,388.0,400.0,5466,400.0,2026-09-03T19:33:59.551954+00:00
2015-06-01,400.0,420.0,405.0,413.0,9951,413.0,2026-09-03T19:33:59.551954+00:00
2015-06-02,413.0,415.0,407.0,413.0,6455,413.0,2026-09-03T19:33:59.551954+00:00
2015-06-03,413.0,430.0,414.0,425.0,6007,425.0,2026-09-03T19:33:59.551954+00:00
2015-06-04,425.0,441.0,427.0,433.0,7841,433.0,2026-09-03T19:33:59.551954+00:00
2015-06-07,433.0,442.0,426.0,440.0,18224,440.0,2026-09-03T19:33:59.551954+00:00
2015-06-08,440.0,457.0,443.0,450.0,18006,450.0,2026-09-03T19:33:59.551954+00:00
2015-06-08,440.0,457.0,443.0,450.0,18006,450.0,2026-09-03T19:33:59.551954+00:00
2015-06-08,440.0,457.0,443.0,450.0,18006,450.0,2026-09-03T19:33:59.551954+00:00
2015-06-09,450.0,486.0,459.0,480.0,36662,480.0,2026-09-03T19:33:59.551954+00:00
2015-06-10,480.0,480.0,456.0,472.0,18585,472.0,2026-09-03T19:33:59.551954+00:00
2015-06-11,472.0,464.0,446.0,455.0,12288,455.0,2026-09-03T19:33:59.551954+00:00
2015-06-14,455.0,460.0,451.0,457.0,48608,457.0,2026-09-03T19:33:59.551954+00:00
2015-06-15,457.0,465.0,445.0,465.0,10756,465.0,2026-09-03T19:33:59.551954+00:00
2015-06-16,465.0,465.0,453.0,455.0,10395,455.0,2026-09-03T19:33:59.551954+00:00
2015-06-17,455.0,465.0,448.0,465.0,8171,465.0,2026-09-03T19:33:59.551954+00:00
2015-06-18,465.0,460.0,454.0,454.0,9844,454.0,2026-09-03T19:33:59.551954+00:00
2015-06-21,454.0,452.0,442.0,446.0,3846,446.0,2026-09-03T19:33:59.551954+00:00
2015-06-22,446.0,450.0,440.0,446.0,11221,446.0,2026-09-03T19:33:59.551954+00:00
2015-06-23,446.0,450.0,442.0,446.0,4742,446.0,2026-09-03T19:33:59.551954+00:00
2015-06-24,446.0,450.0,440.0,450.0,9313,450.0,2026-09-03T19:33:59.551954+00:00
2015-06-25,450.0,453.0,441.0,447.0,7336,447.0,2026-09-03T19:33:59.551954+00:00
2015-06-28,447.0,452.0,443.0,447.0,5566,447.0,2026-09-03T19:33:59.551954+00:00
2015-06-29,447.0,455.0,446.0,448.0,4809,448.0,2026-09-03T19:33:59.551954+00:00
2015-06-30,448.0,450.0,442.0,450.0,6125,450.0,2026-09-03T19:33:59.551954+00:00
2015-07-01,450.0,455.0,446.0,447.0,5080,447.0,2026-09-03T19:33:59.551954+00:00
2015-07-02,447.0,445.0,440.0,440.0,6850,440.0,2026-09-03T19:33:59.551954+00:00
2015-07-05,440.0,441.0,435.0,437.0,4353,437.0,2026-09-03T19:33:59.551954+00:00
2015-07-06,437.0,440.0,433.0,436.0,5657,436.0,2026-09-03T19:33:59.551954+00:00
2015-07-07,436.0,441.0,432.0,439.0,2898,439.0,2026-09-03T19:33:59.551954+00:00
2015-07-08,439.0,447.0,436.0,438.0,6270,438.0,2026-09-03T19:33:59.551954+00:00
2015-07-09,438.0,441.0,437.0,440.0,11096,440.0,2026-09-03T19:33:59.551954+00:00
2015-07-12,440.0,442.0,437.0,437.0,7229,437.0,2026-09-03T19:33:59.551954+00:00
2015-07-13,437.0,438.0,436.0,437.0,4666,437.0,2026-09-03T19:33:59.551954+00:00
2015-07-14,437.0,445.0,430.0,445.0,21458,445.0,2026-09-03T19:33:59.551954+00:00
2015-07-15,445.0,449.0,441.0,442.0,2372,442.0,2026-09-03T19:33:59.551954+00:00
2015-07-16,442.0,455.0,439.0,455.0,6634,455.0,2026-09-03T19:33:59.551954+00:00
2015-07-22,455.0,464.0,451.0,463.0,10663,463.0,2026-09-03T19:33:59.551954+00:00
2015-07-23,463.0,499.0,467.0,490.0,39511,490.0,2026-09-03T19:33:59.551954+00:00
2015-07-26,490.0,539.0,499.0,539.0,15343,539.0,2026-09-03T19:33:59.551954+00:00
2015-07-27,539.0,570.0,500.0,501.0,34235,501.0,2026-09-03T19:33:59.551954+00:00
2015-07-28,501.0,505.0,470.0,490.0,19337,490.0,2026-09-03T19:33:59.551954+00:00
2015-07-29,490.0,489.0,472.0,489.0,7495,489.0,2026-09-03T19:33:59.551954+00:00
2015-07-30,489.0,498.0,482.0,485.0,23698,485.0,2026-09-03T19:33:59.551954+00:00
2015-08-02,485.0,490.0,479.0,490.0,10041,490.0,2026-09-03T19:33:59.551954+00:00
2015-08-03,490.0,490.0,479.0,485.0,11836,485.0,2026-09-03T19:33:59.551954+00:00
2015-08-04,485.0,489.0,478.0,483.0,22486,483.0,2026-09-03T19:33:59.551954+00:00
2015-08-05,483.0,486.0,477.0,485.0,28750,485.0,2026-09-03T19:33:59.551954+00:00
2015-08-06,485.0,496.0,481.0,485.0,72860,485.0,2026-09-03T19:33:59.551954+00:00
2015-08-09,485.0,524.0,494.0,520.0,28943,520.0,2026-09-03T19:33:59.551954+00:00
2015-08-10,520.0,538.0,520.0,530.0,11504,530.0,2026-09-03T19:33:59.551954+00:00
2015-08-11,530.0,561.0,530.0,541.0,16108,541.0,2026-09-03T19:33:59.551954+00:00
2015-08-12,541.0,561.0,525.0,550.0,10577,550.0,2026-09-03T19:33:59.551954+00:00
2015-08-13,550.0,573.0,550.0,568.0,18841,568.0,2026-09-03T19:33:59.551954+00:00
2015-08-16,568.0,605.0,575.0,605.0,13683,605.0,2026-09-03T19:33:59.551954+00:00
2015-08-17,605.0,645.0,600.0,630.0,28380,630.0,2026-09-03T19:33:59.551954+00:00
2015-08-18,630.0,630.0,591.0,606.0,22981,606.0,2026-09-03T19:33:59.551954+00:00
2015-08-18,630.0,630.0,591.0,606.0,22981,606.0,2026-09-03T19:33:59.551954+00:00
2015-08-19,606.0,635.0,611.0,629.0,22754,629.0,2026-09-03T19:33:59.551954+00:00
2015-08-20,629.0,680.0,630.0,635.0,40074,635.0,2026-09-03T19:33:59.551954+00:00
2015-08-23,635.0,640.0,589.0,617.0,15292,617.0,2026-09-03T19:33:59.551954+00:00
2015-08-24,617.0,632.0,600.0,609.0,15694,609.0,2026-09-03T19:33:59.551954+00:00
2015-08-25,609.0,613.0,596.0,604.0,8797,604.0,2026-09-03T19:33:59.551954+00:00
2015-08-26,604.0,612.0,603.0,606.0,5495,606.0,2026-09-03T19:33:59.551954+00:00
2015-08-27,606.0,615.0,601.0,604.0,7547,604.0,2026-09-03T19:33:59.551954+00:00
2015-08-31,604.0,615.0,600.0,610.0,9483,610.0,2026-09-03T19:33:59.551954+00:00
2015-09-01,610.0,610.0,590.0,599.0,16556,599.0,2026-09-03T19:33:59.551954+00:00
2015-09-02,599.0,601.0,580.0,600.0,10332,600.0,2026-09-03T19:33:59.551954+00:00
2015-09-03,600.0,602.0,588.0,600.0,16681,600.0,2026-09-03T19:33:59.551954+00:00
2015-09-06,600.0,613.0,588.0,598.0,9842,598.0,2026-09-03T19:33:59.551954+00:00
2015-09-07,598.0,601.0,595.0,596.0,2072,596.0,2026-09-03T19:33:59.551954+00:00
2015-09-08,596.0,601.0,597.0,597.0,5309,597.0,2026-09-03T19:33:59.551954+00:00
2015-09-09,597.0,595.0,589.0,595.0,4690,595.0,2026-09-03T19:33:59.551954+00:00
2015-09-10,595.0,600.0,586.0,595.0,55915,595.0,2026-09-03T19:33:59.551954+00:00
2015-09-13,595.0,606.0,598.0,605.0,13793,605.0,2026-09-03T19:33:59.551954+00:00
2015-09-14,605.0,616.0,606.0,615.0,28712,615.0,2026-09-03T19:33:59.551954+00:00
2015-09-15,615.0,650.0,603.0,650.0,56915,650.0,2026-09-03T19:33:59.551954+00:00
2015-09-16,650.0,665.0,645.0,650.0,48203,650.0,2026-09-03T19:33:59.551954+00:00
2015-09-17,650.0,663.0,645.0,650.0,73535,650.0,2026-09-03T19:33:59.551954+00:00
2015-09-22,650.0,647.0,613.0,617.0,25985,617.0,2026-09-03T19:33:59.551954+00:00
2015-09-23,617.0,648.0,629.0,637.0,14702,637.0,2026-09-03T19:33:59.551954+00:00
2015-09-24,637.0,640.0,626.0,635.0,24955,635.0,2026-09-03T19:33:59.551954+00:00
2015-09-28,635.0,630.0,601.0,620.0,19889,620.0,2026-09-03T19:33:59.551954+00:00
2015-09-29,620.0,628.0,621.0,624.0,10539,624.0,2026-09-03T19:33:59.551954+00:00
2015-09-30,624.0,639.0,623.0,625.0,13421,625.0,2026-09-03T19:33:59.551954+00:00
2015-10-01,625.0,630.0,619.0,625.0,16960,625.0,2026-09-03T19:33:59.551954+00:00
2015-10-04,625.0,630.0,620.0,623.0,8943,623.0,2026-09-03T19:33:59.551954+00:00
2015-10-05,623.0,620.0,612.0,618.0,9872,618.0,2026-09-03T19:33:59.551954+00:00
2015-10-06,618.0,625.0,606.0,608.0,7300,608.0,2026-09-03T19:33:59.551954+00:00
2015-10-07,608.0,602.0,584.0,600.0,11906,600.0,2026-09-03T19:33:59.551954+00:00
2015-10-08,600.0,605.0,590.0,602.0,15512,602.0,2026-09-03T19:33:59.551954+00:00
2015-10-11,602.0,601.0,586.0,594.0,9502,594.0,2026-09-03T19:33:59.551954+00:00
2015-10-14,594.0,600.0,589.0,589.0,14537,589.0,2026-09-03T19:33:59.551954+00:00
2015-10-15,589.0,599.0,589.0,599.0,2572,599.0,2026-09-03T19:33:59.551954+00:00
2015-10-18,599.0,600.0,585.0,585.0,6974,585.0,2026-09-03T19:33:59.551954+00:00
2015-10-19,585.0,599.0,584.0,598.0,11840,598.0,2026-09-03T19:33:59.551954+00:00
2015-10-27,598.0,587.0,555.0,559.0,9772,559.0,2026-09-03T19:33:59.551954+00:00
2015-10-28,559.0,560.0,536.0,560.0,8783,560.0,2026-09-03T19:33:59.551954+00:00
2015-10-29,560.0,575.0,560.0,569.0,6266,569.0,2026-09-03T19:33:59.551954+00:00
2015-11-01,569.0,572.0,562.0,568.0,4307,568.0,2026-09-03T19:33:59.551954+00:00
2015-11-02,568.0,580.0,562.0,568.0,6191,568.0,2026-09-03T19:33:59.551954+00:00
2015-11-03,568.0,568.0,560.0,566.0,2598,566.0,2026-09-03T19:33:59.551954+00:00
2015-11-04,566.0,571.0,560.0,570.0,5916,570.0,2026-09-03T19:33:59.551954+00:00
2015-11-05,570.0,569.0,560.0,561.0,4827,561.0,2026-09-03T19:33:59.551954+00:00
2015-11-08,561.0,568.0,550.0,551.0,13256,551.0,2026-09-03T19:33:59.551954+00:00
2015-11-09,551.0,586.0,562.0,580.0,6579,580.0,2026-09-03T19:33:59.551954+00:00
2015-11-10,580.0,598.0,575.0,598.0,24836,598.0,2026-09-03T19:33:59.551954+00:00
2015-11-15,598.0,590.0,574.0,588.0,3435,588.0,2026-09-03T19:33:59.551954+00:00
2015-11-16,588.0,632.0,574.0,580.0,5989,580.0,2026-09-03T19:33:59.551954+00:00
2015-11-18,580.0,598.0,585.0,590.0,9581,590.0,2026-09-03T19:33:59.551954+00:00
2015-11-19,590.0,581.0,571.0,580.0,4649,580.0,2026-09-03T19:33:59.551954+00:00
2015-11-22,580.0,570.0,559.0,560.0,14772,560.0,2026-09-03T19:33:59.551954+00:00
2015-11-23,560.0,570.0,546.0,562.0,9104,562.0,2026-09-03T19:33:59.551954+00:00
2015-11-24,562.0,565.0,555.0,562.0,6809,562.0,2026-09-03T19:33:59.551954+00:00
2015-11-25,562.0,560.0,545.0,547.0,4888,547.0,2026-09-03T19:33:59.551954+00:00
2015-11-26,547.0,545.0,532.0,540.0,13485,540.0,2026-09-03T19:33:59.551954+00:00
2015-11-29,540.0,535.0,517.0,525.0,14510,525.0,2026-09-03T19:33:59.551954+00:00
2015-11-30,525.0,545.0,525.0,535.0,9567,535.0,2026-09-03T19:33:59.551954+00:00
2015-12-01,535.0,565.0,544.0,565.0,6695,565.0,2026-09-03T19:33:59.551954+00:00
2015-12-02,565.0,558.0,535.0,558.0,3361,558.0,2026-09-03T19:33:59.551954+00:00
2015-12-03,558.0,576.0,540.0,565.0,8257,565.0,2026-09-03T19:33:59.551954+00:00
2015-12-06,565.0,587.0,568.0,579.0,14424,579.0,2026-09-03T19:33:59.551954+00:00
2015-12-07,579.0,595.0,577.0,578.0,24076,578.0,2026-09-03T19:33:59.551954+00:00
2015-12-08,578.0,589.0,578.0,579.0,14005,579.0,2026-09-03T19:33:59.551954+00:00
2015-12-09,579.0,592.0,570.0,590.0,22204,590.0,2026-09-03T19:33:59.551954+00:00
2015-12-10,590.0,592.0,582.0,585.0,11979,585.0,2026-09-03T19:33:59.551954+00:00
2015-12-13,585.0,588.0,581.0,585.0,14495,585.0,2026-09-03T19:33:59.551954+00:00
2015-12-14,585.0,580.0,570.0,580.0,8188,580.0,2026-09-03T19:33:59.551954+00:00
2015-12-15,580.0,580.0,560.0,569.0,2912,569.0,2026-09-03T19:33:59.551954+00:00
2015-12-16,569.0,570.0,560.0,570.0,4611,570.0,2026-09-03T19:33:59.551954+00:00
2015-12-17,570.0,589.0,567.0,580.0,5781,580.0,2026-09-03T19:33:59.551954+00:00
2015-12-20,580.0,590.0,577.0,586.0,9424,586.0,2026-09-03T19:33:59.551954+00:00
2015-12-21,586.0,618.0,584.0,615.0,60690,615.0,2026-09-03T19:33:59.551954+00:00
2015-12-22,615.0,629.0,607.0,616.0,30138,616.0,2026-09-03T19:33:59.551954+00:00
2015-12-23,616.0,620.0,595.0,600.0,21335,600.0,2026-09-03T19:33:59.551954+00:00
2015-12-24,600.0,607.0,600.0,606.0,15119,606.0,2026-09-03T19:33:59.551954+00:00
2015-12-27,606.0,610.0,600.0,603.0,20306,603.0,2026-09-03T19:33:59.551954+00:00
2015-12-28,603.0,606.0,590.0,590.0,30997,590.0,2026-09-03T19:33:59.551954+00:00
2015-12-29,590.0,610.0,593.0,595.0,45928,595.0,2026-09-03T19:33:59.551954+00:00
2015-12-31,504.0,510.0,494.0,494.0,6015,494.0,2026-09-03T19:33:59.551954+00:00
2016-01-03,494.0,495.0,485.0,490.0,14640,490.0,2026-09-03T19:33:59.551954+00:00
2016-01-04,490.0,499.0,485.0,490.0,4224,490.0,2026-09-03T19:33:59.551954+00:00
2016-01-05,490.0,495.0,478.0,479.0,10221,479.0,2026-09-03T19:33:59.551954+00:00
2016-01-06,479.0,495.0,480.0,486.0,8379,486.0,2026-09-03T19:33:59.551954+00:00
2016-01-07,486.0,488.0,480.0,488.0,7230,488.0,2026-09-03T19:33:59.551954+00:00
2016-01-10,488.0,494.0,480.0,494.0,2138,494.0,2026-09-03T19:33:59.551954+00:00
2016-01-11,494.0,487.0,485.0,485.0,977,485.0,2026-09-03T19:33:59.551954+00:00
2016-01-12,485.0,487.0,478.0,480.0,7484,480.0,2026-09-03T19:33:59.551954+00:00
2016-01-12,485.0,487.0,478.0,480.0,7484,480.0,2026-09-03T19:33:59.551954+00:00
2016-01-13,480.0,485.0,480.0,484.0,4373,484.0,2026-09-03T19:33:59.551954+00:00
2016-01-14,484.0,495.0,485.0,490.0,11899,490.0,2026-09-03T19:33:59.551954+00:00
2016-01-17,490.0,511.0,499.0,511.0,8858,511.0,2026-09-03T19:33:59.551954+00:00
2016-01-18,511.0,535.0,502.0,515.0,15863,515.0,2026-09-03T19:33:59.551954+00:00
2016-01-19,515.0,515.0,505.0,514.0,7012,514.0,2026-09-03T19:33:59.551954+00:00
2016-01-20,514.0,515.0,506.0,511.0,5345,511.0,2026-09-03T19:33:59.551954+00:00
2016-01-21,511.0,515.0,506.0,514.0,3869,514.0,2026-09-03T19:33:59.551954+00:00
2016-01-24,514.0,512.0,508.0,510.0,11259,510.0,2026-09-03T19:33:59.551954+00:00
2016-01-25,510.0,520.0,509.0,513.0,12492,513.0,2026-09-03T19:33:59.551954+00:00
2016-01-26,513.0,516.0,510.0,511.0,6778,511.0,2026-09-03T19:33:59.551954+00:00
2016-01-27,511.0,514.0,506.0,507.0,9645,507.0,2026-09-03T19:33:59.551954+00:00
2016-01-28,507.0,508.0,500.0,500.0,11040,500.0,2026-09-03T19:33:59.551954+00:00
2016-01-31,500.0,504.0,498.0,503.0,6272,503.0,2026-09-03T19:33:59.551954+00:00
2016-02-01,503.0,512.0,500.0,512.0,20737,512.0,2026-09-03T19:33:59.551954+00:00
2016-02-02,512.0,525.0,509.0,515.0,13321,515.0,2026-09-03T19:33:59.551954+00:00
2016-02-03,515.0,520.0,510.0,512.0,8805,512.0,2026-09-03T19:33:59.551954+00:00
2016-02-04,512.0,520.0,512.0,512.0,13158,512.0,2026-09-03T19:33:59.551954+00:00
2016-02-07,512.0,530.0,513.0,513.0,13558,513.0,2026-09-03T19:33:59.551954+00:00
2016-02-08,513.0,530.0,510.0,510.0,12864,510.0,2026-09-03T19:33:59.551954+00:00
2016-02-11,510.0,520.0,513.0,519.0,17653,519.0,2026-09-03T19:33:59.551954+00:00
2016-02-14,519.0,526.0,509.0,523.0,29357,523.0,2026-09-03T19:33:59.551954+00:00
2016-02-15,523.0,517.0,510.0,515.0,2523,515.0,2026-09-03T19:33:59.551954+00:00
2016-02-16,515.0,518.0,512.0,515.0,7224,515.0,2026-09-03T19:33:59.551954+00:00
2016-02-17,515.0,522.0,510.0,522.0,16122,522.0,2026-09-03T19:33:59.551954+00:00
2016-02-18,522.0,539.0,520.0,531.0,41041,531.0,2026-09-03T19:33:59.551954+00:00
2016-02-21,531.0,549.0,530.0,535.0,19521,535.0,2026-09-03T19:33:59.551954+00:00
2016-02-22,535.0,536.0,530.0,530.0,15391,530.0,2026-09-03T19:33:59.551954+00:00
2016-02-23,530.0,540.0,530.0,530.0,19102,530.0,2026-09-03T19:33:59.551954+00:00
2016-02-24,530.0,535.0,525.0,532.0,6269,532.0,2026-09-03T19:33:59.551954+00:00
2016-02-25,532.0,535.0,525.0,531.0,12202,531.0,2026-09-03T19:33:59.551954+00:00
2016-02-28,531.0,538.0,519.0,527.0,8945,527.0,2026-09-03T19:33:59.551954+00:00
2016-02-29,527.0,530.0,513.0,526.0,16639,526.0,2026-09-03T19:33:59.551954+00:00
2016-03-01,526.0,530.0,525.0,530.0,12249,530.0,2026-09-03T19:33:59.551954+00:00
2016-03-02,530.0,539.0,526.0,530.0,9241,530.0,2026-09-03T19:33:59.551954+00:00
2016-03-03,530.0,535.0,528.0,535.0,13492,535.0,2026-09-03T19:33:59.551954+00:00
2016-03-06,535.0,550.0,530.0,550.0,17347,550.0,2026-09-03T19:33:59.551954+00:00
2016-03-10,550.0,561.0,540.0,544.0,7628,544.0,2026-09-03T19:33:59.551954+00:00
2016-03-13,544.0,545.0,535.0,535.0,10959,535.0,2026-09-03T19:33:59.551954+00:00
2016-03-14,535.0,545.0,535.0,535.0,8018,535.0,2026-09-03T19:33:59.551954+00:00
2016-03-15,535.0,535.0,531.0,534.0,4921,534.0,2026-09-03T19:33:59.551954+00:00
2016-03-16,534.0,539.0,530.0,536.0,2544,536.0,2026-09-03T19:33:59.551954+00:00
2016-03-17,536.0,538.0,531.0,535.0,15389,535.0,2026-09-03T19:33:59.551954+00:00
2016-03-20,535.0,548.0,535.0,545.0,17573,545.0,2026-09-03T19:33:59.551954+00:00
2016-03-21,545.0,550.0,541.0,541.0,9526,541.0,2026-09-03T19:33:59.551954+00:00
2016-03-23,541.0,546.0,540.0,545.0,13067,545.0,2026-09-03T19:33:59.551954+00:00
2016-03-24,545.0,560.0,545.0,559.0,29937,559.0,2026-09-03T19:33:59.551954+00:00
2016-03-27,559.0,590.0,566.0,589.0,49443,589.0,2026-09-03T19:33:59.551954+00:00
2016-03-28,589.0,595.0,576.0,580.0,21638,580.0,2026-09-03T19:33:59.551954+00:00
2016-03-29,580.0,586.0,569.0,581.0,10096,581.0,2026-09-03T19:33:59.551954+00:00
2016-03-30,581.0,581.0,567.0,570.0,12418,570.0,2026-09-03T19:33:59.551954+00:00
2016-03-31,570.0,570.0,560.0,560.0,8898,560.0,2026-09-03T19:33:59.551954+00:00
2016-04-03,560.0,565.0,550.0,561.0,9308,561.0,2026-09-03T19:33:59.551954+00:00
2016-04-04,561.0,576.0,560.0,567.0,10826,567.0,2026-09-03T19:33:59.551954+00:00
2016-04-05,567.0,575.0,568.0,575.0,3397,575.0,2026-09-03T19:33:59.551954+00:00
2016-04-06,575.0,575.0,570.0,574.0,8262,574.0,2026-09-03T19:33:59.551954+00:00
2016-04-10,574.0,574.0,565.0,566.0,3971,566.0,2026-09-03T19:33:59.551954+00:00
2016-04-11,566.0,562.0,554.0,561.0,16082,561.0,2026-09-03T19:33:59.551954+00:00
2016-04-12,561.0,572.0,561.0,570.0,3670,570.0,2026-09-03T19:33:59.551954+00:00
2016-04-14,570.0,592.0,571.0,585.0,14627,585.0,2026-09-03T19:33:59.551954+00:00
2016-04-17,585.0,600.0,589.0,590.0,18153,590.0,2026-09-03T19:33:59.551954+00:00
2016-04-18,590.0,601.0,590.0,595.0,23894,595.0,2026-09-03T19:33:59.551954+00:00
2016-04-19,595.0,610.0,586.0,600.0,25820,600.0,2026-09-03T19:33:59.551954+00:00
2016-04-20,600.0,614.0,588.0,604.0,27079,604.0,2026-09-03T19:33:59.551954+00:00
2016-04-21,604.0,630.0,606.0,620.0,36586,620.0,2026-09-03T19:33:59.551954+00:00
2016-04-24,620.0,640.0,628.0,635.0,22769,635.0,2026-09-03T19:33:59.551954+00:00
2016-04-25,635.0,647.0,635.0,640.0,22233,640.0,2026-09-03T19:33:59.551954+00:00
2016-04-26,640.0,645.0,630.0,630.0,32764,630.0,2026-09-03T19:33:59.551954+00:00
2016-04-27,630.0,634.0,610.0,631.0,24357,631.0,2026-09-03T19:33:59.551954+00:00
2016-04-28,631.0,632.0,625.0,626.0,17614,626.0,2026-09-03T19:33:59.551954+00:00
2016-05-02,626.0,633.0,616.0,622.0,20703,622.0,2026-09-03T19:33:59.551954+00:00
2016-05-03,622.0,630.0,613.0,628.0,56431,628.0,2026-09-03T19:33:59.551954+00:00
2016-05-04,628.0,622.0,613.0,618.0,15664,618.0,2026-09-03T19:33:59.551954+00:00
2016-05-05,618.0,625.0,602.0,625.0,17312,625.0,2026-09-03T19:33:59.551954+00:00
2016-05-08,625.0,640.0,620.0,640.0,19299,640.0,2026-09-03T19:33:59.551954+00:00
2016-05-09,640.0,652.0,631.0,651.0,27204,651.0,2026-09-03T19:33:59.551954+00:00
2016-05-10,651.0,658.0,643.0,654.0,26414,654.0,2026-09-03T19:33:59.551954+00:00
2016-05-11,654.0,646.0,638.0,640.0,15337,640.0,2026-09-03T19:33:59.551954+00:00
2016-05-12,640.0,642.0,628.0,634.0,19644,634.0,2026-09-03T19:33:59.551954+00:00
2016-05-15,634.0,640.0,630.0,631.0,18705,631.0,2026-09-03T19:33:59.551954+00:00
2016-05-16,631.0,633.0,625.0,630.0,11449,630.0,2026-09-03T19:33:59.551954+00:00
2016-05-17,630.0,650.0,630.0,649.0,35869,649.0,2026-09-03T19:33:59.551954+00:00
2016-05-18,649.0,655.0,649.0,654.0,32178,654.0,2026-09-03T19:33:59.551954+00:00
2016-05-19,654.0,660.0,635.0,654.0,30199,654.0,2026-09-03T19:33:59.551954+00:00
2016-05-22,654.0,660.0,646.0,659.0,24188,659.0,2026-09-03T19:33:59.551954+00:00
2016-05-23,659.0,684.0,661.0,680.0,59566,680.0,2026-09-03T19:33:59.551954+00:00
2016-05-24,680.0,713.0,690.0,705.0,73594,705.0,2026-09-03T19:33:59.551954+00:00
2016-05-25,705.0,705.0,670.0,680.0,41528,680.0,2026-09-03T19:33:59.551954+00:00
2016-05-26,680.0,690.0,647.0,681.0,44835,681.0,2026-09-03T19:33:59.551954+00:00
2016-05-29,681.0,682.0,661.0,661.0,13930,661.0,2026-09-03T19:33:59.551954+00:00
2016-05-30,661.0,688.0,666.0,666.0,18440,666.0,2026-09-03T19:33:59.551954+00:00
2016-05-31,666.0,679.0,666.0,667.0,20537,667.0,2026-09-03T19:33:59.551954+00:00
2016-06-01,667.0,680.0,660.0,661.0,23427,661.0,2026-09-03T19:33:59.551954+00:00
2016-06-02,661.0,670.0,650.0,662.0,21118,662.0,2026-09-03T19:33:59.551954+00:00
2016-06-05,662.0,660.0,620.0,635.0,35828,635.0,2026-09-03T19:33:59.551954+00:00
2016-06-06,635.0,658.0,630.0,658.0,23997,658.0,2026-09-03T19:33:59.551954+00:00
2016-06-07,658.0,685.0,658.0,685.0,71324,685.0,2026-09-03T19:33:59.551954+00:00
2016-06-08,685.0,700.0,687.0,695.0,41117,695.0,2026-09-03T19:33:59.551954+00:00
2016-06-09,695.0,705.0,693.0,697.0,48249,697.0,2026-09-03T19:33:59.551954+00:00
2016-06-12,697.0,710.0,692.0,708.0,68626,708.0,2026-09-03T19:33:59.551954+00:00
2016-06-13,708.0,722.0,701.0,713.0,45249,713.0,2026-09-03T19:33:59.551954+00:00
2016-06-14,713.0,723.0,710.0,719.0,39729,719.0,2026-09-03T19:33:59.551954+00:00
2016-06-15,719.0,720.0,705.0,710.0,24205,710.0,2026-09-03T19:33:59.551954+00:00
2016-06-16,710.0,720.0,706.0,715.0,30664,715.0,2026-09-03T19:33:59.551954+00:00
2016-06-19,715.0,710.0,700.0,703.0,23568,703.0,2026-09-03T19:33:59.551954+00:00
2016-06-20,703.0,707.0,700.0,706.0,9752,706.0,2026-09-03T19:33:59.551954+00:00
2016-06-21,706.0,711.0,701.0,710.0,11942,710.0,2026-09-03T19:33:59.551954+00:00
2016-06-22,710.0,732.0,710.0,713.0,25149,713.0,2026-09-03T19:33:59.551954+00:00
2016-06-23,713.0,715.0,708.0,710.0,22461,710.0,2026-09-03T19:33:59.551954+00:00
2016-06-26,710.0,727.0,703.0,725.0,55244,725.0,2026-09-03T19:33:59.551954+00:00
2016-06-27,725.0,755.0,720.0,746.0,55479,746.0,2026-09-03T19:33:59.551954+00:00
2016-06-28,746.0,774.0,743.0,758.0,49996,758.0,2026-09-03T19:33:59.551954+00:00
2016-06-29,758.0,765.0,752.0,762.0,28645,762.0,2026-09-03T19:33:59.551954+00:00
2016-06-30,762.0,763.0,746.0,760.0,27312,760.0,2026-09-03T19:33:59.551954+00:00
2016-07-03,760.0,760.0,745.0,750.0,13761,750.0,2026-09-03T19:33:59.551954+00:00
2016-07-04,750.0,753.0,737.0,745.0,16742,745.0,2026-09-03T19:33:59.551954+00:00
2016-07-05,745.0,759.0,732.0,747.0,21557,747.0,2026-09-03T19:33:59.551954+00:00
2016-07-06,747.0,753.0,745.0,753.0,19851,753.0,2026-09-03T19:33:59.551954+00:00
2016-07-10,753.0,763.0,743.0,756.0,20401,756.0,2026-09-03T19:33:59.551954+00:00
2016-07-11,756.0,760.0,750.0,759.0,14363,759.0,2026-09-03T19:33:59.551954+00:00
2016-07-12,759.0,759.0,715.0,742.0,16302,742.0,2026-09-03T19:33:59.551954+00:00
2016-07-13,742.0,741.0,714.0,741.0,13453,741.0,2026-09-03T19:33:59.551954+00:00
2016-07-14,741.0,760.0,741.0,746.0,17448,746.0,2026-09-03T19:33:59.551954+00:00
2016-07-17,746.0,780.0,740.0,780.0,31012,780.0,2026-09-03T19:33:59.551954+00:00
2016-07-18,780.0,816.0,794.0,807.0,59302,807.0,2026-09-03T19:33:59.551954+00:00
2016-07-19,807.0,836.0,803.0,824.0,49476,824.0,2026-09-03T19:33:59.551954+00:00
2016-07-20,824.0,840.0,800.0,810.0,47120,810.0,2026-09-03T19:33:59.551954+00:00
2016-07-21,810.0,825.0,794.0,817.0,21998,817.0,2026-09-03T19:33:59.551954+00:00
2016-07-25,817.0,885.0,830.0,885.0,123893,885.0,2026-09-03T19:33:59.551954+00:00
2016-07-26,885.0,914.0,890.0,895.0,106531,895.0,2026-09-03T19:33:59.551954+00:00
2016-07-27,895.0,932.0,900.0,914.0,88624,914.0,2026-09-03T19:33:59.551954+00:00
2016-07-28,914.0,925.0,893.0,905.0,72212,905.0,2026-09-03T19:33:59.551954+00:00
2016-07-31,905.0,910.0,880.0,882.0,69801,882.0,2026-09-03T19:33:59.551954+00:00
2016-08-01,882.0,890.0,865.0,865.0,137880,865.0,2026-09-03T19:33:59.551954+00:00
2016-08-02,865.0,884.0,861.0,870.0,225769,870.0,2026-09-03T19:33:59.551954+00:00
2016-08-03,678.0,710.0,682.0,698.0,69087,698.0,2026-09-03T19:33:59.551954+00:00
2016-08-04,698.0,698.0,653.0,670.0,36724,670.0,2026-09-03T19:33:59.551954+00:00
2016-08-07,670.0,700.0,657.0,660.0,25280,660.0,2026-09-03T19:33:59.551954+00:00
2016-08-08,660.0,656.0,610.0,610.0,18592,610.0,2026-09-03T19:33:59.551954+00:00
2016-08-09,610.0,671.0,622.0,671.0,1234,671.0,2026-09-03T19:33:59.551954+00:00
2016-08-10,671.0,710.0,651.0,671.0,32609,671.0,2026-09-03T19:33:59.551954+00:00
2016-08-11,671.0,696.0,663.0,690.0,26458,690.0,2026-09-03T19:33:59.551954+00:00
2016-08-14,690.0,677.0,652.0,664.0,9742,664.0,2026-09-03T19:33:59.551954+00:00
2016-08-15,664.0,651.0,625.0,635.0,34395,635.0,2026-09-03T19:33:59.551954+00:00
2016-08-16,635.0,665.0,624.0,650.0,19880,650.0,2026-09-03T19:33:59.551954+00:00
2016-08-17,650.0,660.0,648.0,651.0,21288,651.0,2026-09-03T19:33:59.551954+00:00
2016-08-21,651.0,664.0,635.0,635.0,13148,635.0,2026-09-03T19:33:59.551954+00:00
2016-08-22,635.0,632.0,626.0,630.0,11439,630.0,2026-09-03T19:33:59.551954+00:00
2016-08-23,630.0,639.0,618.0,629.0,10838,629.0,2026-09-03T19:33:59.551954+00:00
2016-08-24,629.0,645.0,620.0,645.0,13020,645.0,2026-09-03T19:33:59.551954+00:00
2016-08-28,645.0,655.0,640.0,648.0,9815,648.0,2026-09-03T19:33:59.551954+00:00
2016-08-29,648.0,678.0,640.0,659.0,18072,659.0,2026-09-03T19:33:59.551954+00:00
2016-08-30,659.0,709.0,670.0,700.0,60999,700.0,2026-09-03T19:33:59.551954+00:00
2016-08-31,700.0,700.0,681.0,696.0,19704,696.0,2026-09-03T19:33:59.551954+00:00
2016-09-01,696.0,705.0,690.0,703.0,30565,703.0,2026-09-03T19:33:59.551954+00:00
2016-09-03,703.0,713.0,700.0,704.0,18384,704.0,2026-09-03T19:33:59.551954+00:00
2016-09-04,703.0,713.0,700.0,704.0,18384,704.0,2026-09-03T19:33:59.551954+00:00
2016-09-05,704.0,726.0,705.0,721.0,42423,721.0,2026-09-03T19:33:59.551954+00:00
2016-09-06,721.0,740.0,705.0,730.0,42678,730.0,2026-09-03T19:33:59.551954+00:00
2016-09-07,730.0,730.0,707.0,715.0,26980,715.0,2026-09-03T19:33:59.551954+00:00
2016-09-08,715.0,716.0,701.0,713.0,12687,713.0,2026-09-03T19:33:59.551954+00:00
2016-09-11,713.0,720.0,691.0,691.0,11187,691.0,2026-09-03T19:33:59.551954+00:00
2016-09-12,691.0,696.0,685.0,693.0,20790,693.0,2026-09-03T19:33:59.551954+00:00
2016-09-14,693.0,699.0,684.0,691.0,18942,691.0,2026-09-03T19:33:59.551954+00:00
2016-09-18,691.0,691.0,665.0,675.0,22551,675.0,2026-09-03T19:33:59.551954+00:00
2016-09-20,675.0,685.0,661.0,661.0,13918,661.0,2026-09-03T19:33:59.551954+00:00
2016-09-21,661.0,675.0,644.0,665.0,14243,665.0,2026-09-03T19:33:59.551954+00:00
2016-09-22,665.0,665.0,650.0,650.0,14520,650.0,2026-09-03T19:33:59.551954+00:00
2016-09-25,650.0,638.0,620.0,627.0,29758,627.0,2026-09-03T19:33:59.551954+00:00
2016-09-26,627.0,650.0,627.0,641.0,22667,641.0,2026-09-03T19:33:59.551954+00:00
2016-09-27,641.0,660.0,640.0,645.0,11033,645.0,2026-09-03T19:33:59.551954+00:00
2016-09-28,645.0,645.0,637.0,637.0,14664,637.0,2026-09-03T19:33:59.551954+00:00
2016-09-29,637.0,645.0,633.0,633.0,19907,633.0,2026-09-03T19:33:59.551954+00:00
2016-10-02,633.0,640.0,625.0,640.0,8708,640.0,2026-09-03T19:33:59.551954+00:00
2016-10-03,640.0,650.0,640.0,646.0,8573,646.0,2026-09-03T19:33:59.551954+00:00
2016-10-04,646.0,655.0,640.0,645.0,11531,645.0,2026-09-03T19:33:59.551954+00:00
2016-10-05,645.0,655.0,650.0,652.0,7377,652.0,2026-09-03T19:33:59.551954+00:00
2016-10-06,652.0,665.0,655.0,662.0,12905,662.0,2026-09-03T19:33:59.551954+00:00
2016-10-16,662.0,668.0,657.0,658.0,5069,658.0,2026-09-03T19:33:59.551954+00:00
2016-10-17,658.0,666.0,640.0,653.0,3500,653.0,2026-09-03T19:33:59.551954+00:00
2016-10-18,653.0,650.0,643.0,647.0,7404,647.0,2026-09-03T19:33:59.551954+00:00
2016-10-19,647.0,647.0,640.0,645.0,6076,645.0,2026-09-03T19:33:59.551954+00:00
2016-10-20,645.0,653.0,641.0,653.0,8073,653.0,2026-09-03T19:33:59.551954+00:00
2016-10-23,653.0,649.0,640.0,641.0,9189,641.0,2026-09-03T19:33:59.551954+00:00
2016-10-24,641.0,644.0,634.0,640.0,8679,640.0,2026-09-03T19:33:59.551954+00:00
2016-10-25,640.0,660.0,632.0,653.0,10563,653.0,2026-09-03T19:33:59.551954+00:00
2016-10-26,653.0,673.0,640.0,650.0,27121,650.0,2026-09-03T19:33:59.551954+00:00
2016-10-27,650.0,655.0,642.0,646.0,12038,646.0,2026-09-03T19:33:59.551954+00:00
2016-11-03,646.0,653.0,635.0,647.0,3668,647.0,2026-09-03T19:33:59.551954+00:00
2016-11-07,647.0,649.0,620.0,622.0,10812,622.0,2026-09-03T19:33:59.551954+00:00
2016-11-08,622.0,625.0,606.0,615.0,12446,615.0,2026-09-03T19:33:59.551954+00:00
2016-11-09,615.0,618.0,580.0,595.0,15407,595.0,2026-09-03T19:33:59.551954+00:00
2016-11-10,595.0,612.0,590.0,593.0,15279,593.0,2026-09-03T19:33:59.551954+00:00
2016-11-13,593.0,604.0,590.0,590.0,8893,590.0,2026-09-03T19:33:59.551954+00:00
2016-11-14,590.0,600.0,594.0,600.0,4880,600.0,2026-09-03T19:33:59.551954+00:00
2016-11-15,600.0,609.0,598.0,600.0,9017,600.0,2026-09-03T19:33:59.551954+00:00
2016-11-16,600.0,600.0,582.0,585.0,13817,585.0,2026-09-03T19:33:59.551954+00:00
2016-11-17,585.0,583.0,569.0,575.0,13522,575.0,2026-09-03T19:33:59.551954+00:00
2016-11-20,575.0,570.0,526.0,542.0,34356,542.0,2026-09-03T19:33:59.551954+00:00
2016-11-21,542.0,557.0,532.0,550.0,13069,550.0,2026-09-03T19:33:59.551954+00:00
2016-11-22,550.0,555.0,530.0,538.0,18647,538.0,2026-09-03T19:33:59.551954+00:00
2016-11-23,538.0,540.0,515.0,530.0,13491,530.0,2026-09-03T19:33:59.551954+00:00
2016-11-24,530.0,540.0,515.0,525.0,11937,525.0,2026-09-03T19:33:59.551954+00:00
2016-11-27,525.0,534.0,495.0,500.0,18530,500.0,2026-09-03T19:33:59.551954+00:00
2016-11-28,500.0,530.0,473.0,521.0,18104,521.0,2026-09-03T19:33:59.551954+00:00
2016-11-29,521.0,549.0,505.0,545.0,21905,545.0,2026-09-03T19:33:59.551954+00:00
2016-11-30,545.0,572.0,550.0,563.0,17909,563.0,2026-09-03T19:33:59.551954+00:00
2016-12-01,563.0,570.0,537.0,551.0,18796,551.0,2026-09-03T19:33:59.551954+00:00
2016-12-04,551.0,550.0,520.0,536.0,10314,536.0,2026-09-03T19:33:59.551954+00:00
2016-12-05,536.0,536.0,524.0,524.0,8505,524.0,2026-09-03T19:33:59.551954+00:00
2016-12-06,524.0,548.0,515.0,535.0,15276,535.0,2026-09-03T19:33:59.551954+00:00
2016-12-07,535.0,543.0,538.0,543.0,9148,543.0,2026-09-03T19:33:59.551954+00:00
2016-12-08,543.0,541.0,535.0,535.0,6403,535.0,2026-09-03T19:33:59.551954+00:00
2016-12-11,535.0,539.0,528.0,530.0,5402,530.0,2026-09-03T19:33:59.551954+00:00
2016-12-12,530.0,525.0,510.0,519.0,7171,519.0,2026-09-03T19:33:59.551954+00:00
2016-12-14,519.0,530.0,513.0,518.0,11550,518.0,2026-09-03T19:33:59.551954+00:00
2016-12-15,518.0,525.0,510.0,520.0,8071,520.0,2026-09-03T19:33:59.551954+00:00
2016-12-18,520.0,520.0,511.0,515.0,10397,515.0,2026-09-03T19:33:59.551954+00:00
2016-12-19,515.0,514.0,505.0,510.0,9162,510.0,2026-09-03T19:33:59.551954+00:00
2016-12-20,510.0,506.0,497.0,498.0,20251,498.0,2026-09-03T19:33:59.551954+00:00
2016-12-21,498.0,498.0,488.0,490.0,25937,490.0,2026-09-03T19:33:59.551954+00:00
2016-12-22,490.0,496.0,481.0,493.0,6268,493.0,2026-09-03T19:33:59.551954+00:00
2016-12-26,493.0,490.0,479.0,485.0,11990,485.0,2026-09-03T19:33:59.551954+00:00
2016-12-27,485.0,485.0,471.0,477.0,23886,477.0,2026-09-03T19:33:59.551954+00:00
2016-12-28,477.0,495.0,480.0,489.0,8350,489.0,2026-09-03T19:33:59.551954+00:00
2016-12-29,489.0,501.0,490.0,496.0,18061,496.0,2026-09-03T19:33:59.551954+00:00
2017-01-01,496.0,515.0,500.0,500.0,12533,500.0,2026-09-03T19:33:59.551954+00:00
2017-01-02,500.0,520.0,490.0,516.0,21524,516.0,2026-09-03T19:33:59.551954+00:00
2017-01-03,516.0,517.0,491.0,500.0,36549,500.0,2026-09-03T19:33:59.551954+00:00
2017-01-04,500.0,510.0,498.0,503.0,14104,503.0,2026-09-03T19:33:59.551954+00:00
2017-01-05,503.0,515.0,500.0,506.0,12262,506.0,2026-09-03T19:33:59.551954+00:00
2017-01-08,506.0,504.0,488.0,490.0,30923,490.0,2026-09-03T19:33:59.551954+00:00
2017-01-09,490.0,508.0,490.0,508.0,9553,508.0,2026-09-03T19:33:59.551954+00:00
2017-01-10,508.0,518.0,507.0,514.0,39028,514.0,2026-09-03T19:33:59.551954+00:00
2017-01-11,514.0,515.0,506.0,510.0,27554,510.0,2026-09-03T19:33:59.551954+00:00
2017-01-15,435.0,427.0,412.0,415.0,6437,415.0,2026-09-03T19:33:59.551954+00:00
2017-01-16,415.0,420.0,410.0,419.0,6113,419.0,2026-09-03T19:33:59.551954+00:00
2017-01-17,419.0,420.0,412.0,415.0,1610,415.0,2026-09-03T19:33:59.551954+00:00
2017-01-18,415.0,415.0,410.0,413.0,3477,413.0,2026-09-03T19:33:59.551954+00:00
2017-01-19,413.0,415.0,411.0,414.0,4579,414.0,2026-09-03T19:33:59.551954+00:00
2017-01-22,414.0,420.0,411.0,413.0,6096,413.0,2026-09-03T19:33:59.551954+00:00
2017-01-23,413.0,415.0,407.0,407.0,4526,407.0,2026-09-03T19:33:59.551954+00:00
2017-01-24,407.0,406.0,396.0,396.0,7410,396.0,2026-09-03T19:33:59.551954+00:00
2017-01-25,396.0,401.0,386.0,390.0,7342,390.0,2026-09-03T19:33:59.551954+00:00
2017-01-26,390.0,390.0,364.0,369.0,16241,369.0,2026-09-03T19:33:59.551954+00:00
2017-01-30,369.0,367.0,352.0,354.0,10714,354.0,2026-09-03T19:33:59.551954+00:00
2017-01-31,354.0,370.0,341.0,367.0,12215,367.0,2026-09-03T19:33:59.551954+00:00
2017-02-01,367.0,403.0,374.0,402.0,12873,402.0,2026-09-03T19:33:59.551954+00:00
2017-02-02,402.0,417.0,397.0,401.0,17319,401.0,2026-09-03T19:33:59.551954+00:00
2017-02-05,401.0,405.0,372.0,383.0,16533,383.0,2026-09-03T19:33:59.551954+00:00
2017-02-06,383.0,385.0,367.0,378.0,13343,378.0,2026-09-03T19:33:59.551954+00:00
2017-02-07,378.0,379.0,367.0,375.0,9933,375.0,2026-09-03T19:33:59.551954+00:00
2017-02-08,375.0,375.0,367.0,370.0,17406,370.0,2026-09-03T19:33:59.551954+00:00
2017-02-09,370.0,371.0,357.0,360.0,25009,360.0,2026-09-03T19:33:59.551954+00:00
2017-02-12,360.0,358.0,340.0,348.0,22165,348.0,2026-09-03T19:33:59.551954+00:00
2017-02-13,348.0,360.0,331.0,359.0,30905,359.0,2026-09-03T19:33:59.551954+00:00
2017-02-14,359.0,366.0,342.0,353.0,24659,353.0,2026-09-03T19:33:59.551954+00:00
2017-02-15,353.0,370.0,350.0,368.0,38667,368.0,2026-09-03T19:33:59.551954+00:00
2017-02-16,368.0,382.0,358.0,375.0,26788,375.0,2026-09-03T19:33:59.551954+00:00
2017-02-19,375.0,390.0,365.0,385.0,25983,385.0,2026-09-03T19:33:59.551954+00:00
2017-02-20,385.0,400.0,380.0,380.0,21945,380.0,2026-09-03T19:33:59.551954+00:00
2017-02-21,380.0,394.0,368.0,372.0,23431,372.0,2026-09-03T19:33:59.551954+00:00
2017-02-22,372.0,394.0,366.0,376.0,19778,376.0,2026-09-03T19:33:59.551954+00:00
2017-02-23,376.0,377.0,370.0,371.0,9270,371.0,2026-09-03T19:33:59.551954+00:00
2017-02-26,371.0,378.0,358.0,358.0,9407,358.0,2026-09-03T19:33:59.551954+00:00
2017-02-28,358.0,363.0,351.0,360.0,8319,360.0,2026-09-03T19:33:59.551954+00:00
2017-03-01,360.0,372.0,360.0,372.0,4557,372.0,2026-09-03T19:33:59.551954+00:00
2017-03-02,372.0,379.0,369.0,372.0,9543,372.0,2026-09-03T19:33:59.551954+00:00
2017-03-05,372.0,382.0,371.0,377.0,9928,377.0,2026-09-03T19:33:59.551954+00:00
2017-03-06,377.0,391.0,378.0,380.0,12844,380.0,2026-09-03T19:33:59.551954+00:00
2017-03-07,380.0,380.0,371.0,374.0,18990,374.0,2026-09-03T19:33:59.551954+00:00
2017-03-09,374.0,380.0,378.0,378.0,2248,378.0,2026-09-03T19:33:59.551954+00:00
2017-03-13,378.0,378.0,370.0,374.0,6546,374.0,2026-09-03T19:33:59.551954+00:00
2017-03-14,374.0,375.0,371.0,372.0,3258,372.0,2026-09-03T19:33:59.551954+00:00
2017-03-15,372.0,378.0,364.0,376.0,3051,376.0,2026-09-03T19:33:59.551954+00:00
2017-03-16,376.0,378.0,370.0,370.0,6121,370.0,2026-09-03T19:33:59.551954+00:00
2017-03-19,370.0,379.0,370.0,376.0,4892,376.0,2026-09-03T19:33:59.551954+00:00
2017-03-20,376.0,387.0,380.0,387.0,14586,387.0,2026-09-03T19:33:59.551954+00:00
2017-03-21,387.0,404.0,370.0,396.0,68652,396.0,2026-09-03T19:33:59.551954+00:00
2017-03-22,396.0,419.0,400.0,406.0,54503,406.0,2026-09-03T19:33:59.551954+00:00
2017-03-23,406.0,410.0,402.0,405.0,27435,405.0,2026-09-03T19:33:59.551954+00:00
2017-03-26,405.0,423.0,405.0,418.0,24056,418.0,2026-09-03T19:33:59.551954+00:00
2017-03-28,418.0,452.0,425.0,442.0,51050,442.0,2026-09-03T19:33:59.551954+00:00
2017-03-29,442.0,477.0,432.0,435.0,63013,435.0,2026-09-03T19:33:59.551954+00:00
2017-03-30,435.0,444.0,424.0,435.0,31673,435.0,2026-09-03T19:33:59.551954+00:00
2017-04-02,435.0,460.0,442.0,460.0,37040,460.0,2026-09-03T19:33:59.551954+00:00
2017-04-03,460.0,504.0,450.0,456.0,65577,456.0,2026-09-03T19:33:59.551954+00:00
2017-04-04,456.0,470.0,445.0,460.0,20674,460.0,2026-09-03T19:33:59.551954+00:00
2017-04-06,460.0,465.0,446.0,460.0,18788,460.0,2026-09-03T19:33:59.551954+00:00
2017-04-09,460.0,465.0,450.0,450.0,50374,450.0,2026-09-03T19:33:59.551954+00:00
2017-04-10,450.0,470.0,446.0,469.0,27346,469.0,2026-09-03T19:33:59.551954+00:00
2017-04-11,469.0,487.0,469.0,479.0,43598,479.0,2026-09-03T19:33:59.551954+00:00
2017-04-12,479.0,504.0,472.0,479.0,49768,479.0,2026-09-03T19:33:59.551954+00:00
2017-04-13,479.0,490.0,462.0,479.0,19787,479.0,2026-09-03T19:33:59.551954+00:00
2017-04-16,479.0,485.0,455.0,460.0,27513,460.0,2026-09-03T19:33:59.551954+00:00
2017-04-18,460.0,455.0,432.0,438.0,48374,438.0,2026-09-03T19:33:59.551954+00:00
2017-04-19,438.0,459.0,440.0,459.0,20330,459.0,2026-09-03T19:33:59.551954+00:00
2017-04-20,459.0,476.0,452.0,454.0,25775,454.0,2026-09-03T19:33:59.551954+00:00
2017-04-23,454.0,497.0,463.0,466.0,29965,466.0,2026-09-03T19:33:59.551954+00:00
2017-04-24,466.0,475.0,454.0,460.0,14389,460.0,2026-09-03T19:33:59.551954+00:00
2017-04-25,460.0,465.0,455.0,456.0,15643,456.0,2026-09-03T19:33:59.551954+00:00
2017-04-26,456.0,465.0,452.0,465.0,8140,465.0,2026-09-03T19:33:59.551954+00:00
2017-04-27,465.0,461.0,448.0,458.0,12400,458.0,2026-09-03T19:33:59.551954+00:00
2017-04-30,458.0,452.0,447.0,449.0,10305,449.0,2026-09-03T19:33:59.551954+00:00
2017-05-02,449.0,465.0,446.0,454.0,14519,454.0,2026-09-03T19:33:59.551954+00:00
2017-05-03,454.0,469.0,451.0,455.0,13280,455.0,2026-09-03T19:33:59.551954+00:00
2017-05-04,455.0,455.0,449.0,450.0,12499,450.0,2026-09-03T19:33:59.551954+00:00
2017-05-07,450.0,447.0,442.0,445.0,4641,445.0,2026-09-03T19:33:59.551954+00:00
2017-05-08,445.0,450.0,437.0,445.0,7291,445.0,2026-09-03T19:33:59.551954+00:00
2017-05-09,445.0,450.0,440.0,444.0,7860,444.0,2026-09-03T19:33:59.551954+00:00
2017-05-11,444.0,450.0,445.0,447.0,16409,447.0,2026-09-03T19:33:59.551954+00:00
2017-05-15,447.0,458.0,448.0,452.0,6006,452.0,2026-09-03T19:33:59.551954+00:00
2017-05-16,452.0,451.0,442.0,443.0,5839,443.0,2026-09-03T19:33:59.551954+00:00
2017-05-17,443.0,445.0,439.0,442.0,8989,442.0,2026-09-03T19:33:59.551954+00:00
2017-05-18,442.0,443.0,436.0,440.0,8894,440.0,2026-09-03T19:33:59.551954+00:00
2017-05-21,440.0,440.0,429.0,431.0,7789,431.0,2026-09-03T19:33:59.551954+00:00
2017-05-22,431.0,435.0,424.0,424.0,14775,424.0,2026-09-03T19:33:59.551954+00:00
2017-05-23,424.0,438.0,420.0,428.0,6898,428.0,2026-09-03T19:33:59.551954+00:00
2017-05-24,428.0,438.0,423.0,431.0,10859,431.0,2026-09-03T19:33:59.551954+00:00
2017-05-28,431.0,430.0,420.0,422.0,15483,422.0,2026-09-03T19:33:59.551954+00:00
2017-05-30,422.0,423.0,410.0,410.0,19289,410.0,2026-09-03T19:33:59.551954+00:00
2017-05-31,410.0,426.0,403.0,413.0,39955,413.0,2026-09-03T19:33:59.551954+00:00
2017-06-01,413.0,422.0,410.0,420.0,38847,420.0,2026-09-03T19:33:59.551954+00:00
2017-06-04,420.0,423.0,413.0,414.0,11413,414.0,2026-09-03T19:33:59.551954+00:00
2017-06-05,414.0,419.0,410.0,417.0,19962,417.0,2026-09-03T19:33:59.551954+00:00
2017-06-06,417.0,429.0,415.0,428.0,37161,428.0,2026-09-03T19:33:59.551954+00:00
2017-06-07,428.0,441.0,419.0,420.0,19551,420.0,2026-09-03T19:33:59.551954+00:00
2017-06-08,420.0,420.0,411.0,411.0,28791,411.0,2026-09-03T19:33:59.551954+00:00
2017-06-11,411.0,426.0,404.0,411.0,37184,411.0,2026-09-03T19:33:59.551954+00:00
2017-06-12,411.0,413.0,403.0,408.0,18946,408.0,2026-09-03T19:33:59.551954+00:00
2017-06-13,408.0,420.0,403.0,409.0,21140,409.0,2026-09-03T19:33:59.551954+00:00
2017-06-14,409.0,415.0,405.0,415.0,22168,415.0,2026-09-03T19:33:59.551954+00:00
2017-06-15,415.0,420.0,407.0,414.0,16867,414.0,2026-09-03T19:33:59.551954+00:00
2017-06-18,414.0,422.0,404.0,406.0,11000,406.0,2026-09-03T19:33:59.551954+00:00
2017-06-19,406.0,407.0,400.0,400.0,24287,400.0,2026-09-03T19:33:59.551954+00:00
2017-06-20,400.0,410.0,393.0,405.0,26989,405.0,2026-09-03T19:33:59.551954+00:00
2017-06-21,405.0,405.0,400.0,405.0,15951,405.0,2026-09-03T19:33:59.551954+00:00
2017-06-22,405.0,406.0,402.0,403.0,19906,403.0,2026-09-03T19:33:59.551954+00:00
2017-06-25,403.0,409.0,402.0,405.0,18820,405.0,2026-09-03T19:33:59.551954+00:00
2017-06-27,405.0,409.0,405.0,408.0,11403,408.0,2026-09-03T19:33:59.551954+00:00
2017-06-28,408.0,410.0,401.0,408.0,10466,408.0,2026-09-03T19:33:59.551954+00:00
2017-07-02,408.0,405.0,399.0,399.0,13749,399.0,2026-09-03T19:33:59.551954+00:00
2017-07-03,399.0,404.0,399.0,401.0,19276,401.0,2026-09-03T19:33:59.551954+00:00
2017-07-04,401.0,405.0,393.0,402.0,10718,402.0,2026-09-03T19:33:59.551954+00:00
2017-07-05,402.0,411.0,400.0,410.0,18567,410.0,2026-09-03T19:33:59.551954+00:00
2017-07-06,410.0,425.0,402.0,424.0,17429,424.0,2026-09-03T19:33:59.551954+00:00
2017-07-09,424.0,437.0,410.0,424.0,52643,424.0,2026-09-03T19:33:59.551954+00:00
2017-07-10,424.0,426.0,417.0,419.0,16262,419.0,2026-09-03T19:33:59.551954+00:00
2017-07-11,419.0,432.0,413.0,418.0,20136,418.0,2026-09-03T19:33:59.551954+00:00
2017-07-12,418.0,426.0,419.0,425.0,12014,425.0,2026-09-03T19:33:59.551954+00:00
2017-07-13,425.0,426.0,420.0,421.0,14403,421.0,2026-09-03T19:33:59.551954+00:00
2017-07-16,421.0,425.0,417.0,422.0,5229,422.0,2026-09-03T19:33:59.551954+00:00
2017-07-17,422.0,430.0,422.0,427.0,12039,427.0,2026-09-03T19:33:59.551954+00:00
2017-07-18,427.0,444.0,428.0,444.0,17362,444.0,2026-09-03T19:33:59.551954+00:00
2017-07-19,444.0,452.0,436.0,444.0,20966,444.0,2026-09-03T19:33:59.551954+00:00
2017-07-20,444.0,442.0,435.0,436.0,16486,436.0,2026-09-03T19:33:59.551954+00:00
2017-07-23,436.0,442.0,425.0,427.0,23593,427.0,2026-09-03T19:33:59.551954+00:00
2017-07-24,427.0,427.0,420.0,425.0,26437,425.0,2026-09-03T19:33:59.551954+00:00
2017-07-25,425.0,432.0,422.0,425.0,20135,425.0,2026-09-03T19:33:59.551954+00:00
2017-07-26,425.0,427.0,423.0,424.0,16792,424.0,2026-09-03T19:33:59.551954+00:00
2017-07-27,424.0,434.0,424.0,429.0,30557,429.0,2026-09-03T19:33:59.551954+00:00
2017-07-30,429.0,436.0,425.0,428.0,30873,428.0,2026-09-03T19:33:59.551954+00:00
2017-07-31,428.0,439.0,430.0,435.0,50975,435.0,2026-09-03T19:33:59.551954+00:00
2017-08-01,435.0,449.0,435.0,439.0,22338,439.0,2026-09-03T19:33:59.551954+00:00
2017-08-02,439.0,445.0,438.0,441.0,30908,441.0,2026-09-03T19:33:59.551954+00:00
2017-08-03,441.0,445.0,437.0,439.0,36534,439.0,2026-09-03T19:33:59.551954+00:00
2017-08-06,439.0,463.0,446.0,458.0,138194,458.0,2026-09-03T19:33:59.551954+00:00
2017-08-07,458.0,464.0,454.0,455.0,54293,455.0,2026-09-03T19:33:59.551954+00:00
2017-08-09,455.0,460.0,445.0,449.0,35058,449.0,2026-09-03T19:33:59.551954+00:00
2017-08-10,449.0,451.0,443.0,448.0,25147,448.0,2026-09-03T19:33:59.551954+00:00
2017-08-13,448.0,460.0,450.0,451.0,40317,451.0,2026-09-03T19:33:59.551954+00:00
2017-08-15,451.0,451.0,442.0,451.0,25198,451.0,2026-09-03T19:33:59.551954+00:00
2017-08-16,451.0,455.0,448.0,451.0,23349,451.0,2026-09-03T19:33:59.551954+00:00
2017-08-17,451.0,454.0,446.0,454.0,20287,454.0,2026-09-03T19:33:59.551954+00:00
2017-08-20,454.0,454.0,437.0,450.0,23960,450.0,2026-09-03T19:33:59.551954+00:00
2017-08-21,450.0,446.0,440.0,441.0,31543,441.0,2026-09-03T19:33:59.551954+00:00
2017-08-22,441.0,450.0,440.0,446.0,24795,446.0,2026-09-03T19:33:59.551954+00:00
2017-08-23,446.0,452.0,440.0,444.0,11483,444.0,2026-09-03T19:33:59.551954+00:00
2017-08-24,444.0,449.0,443.0,447.0,17634,447.0,2026-09-03T19:33:59.551954+00:00
2017-08-27,447.0,460.0,445.0,449.0,19980,449.0,2026-09-03T19:33:59.551954+00:00
2017-08-28,449.0,449.0,441.0,443.0,21460,443.0,2026-09-03T19:33:59.551954+00:00
2017-08-30,443.0,444.0,439.0,439.0,20251,439.0,2026-09-03T19:33:59.551954+00:00
2017-08-31,439.0,437.0,430.0,432.0,34447,432.0,2026-09-03T19:33:59.551954+00:00
2017-09-04,432.0,435.0,418.0,422.0,38470,422.0,2026-09-03T19:33:59.551954+00:00
2017-09-06,422.0,432.0,423.0,426.0,31140,426.0,2026-09-03T19:33:59.551954+00:00
2017-09-07,426.0,433.0,422.0,422.0,16957,422.0,2026-09-03T19:33:59.551954+00:00
2017-09-10,422.0,430.0,417.0,420.0,30412,420.0,2026-09-03T19:33:59.551954+00:00
2017-09-11,420.0,426.0,414.0,421.0,28356,421.0,2026-09-03T19:33:59.551954+00:00
2017-09-12,421.0,422.0,416.0,417.0,19571,417.0,2026-09-03T19:33:59.551954+00:00
2017-09-13,417.0,420.0,410.0,417.0,22331,417.0,2026-09-03T19:33:59.551954+00:00
2017-09-14,417.0,431.0,411.0,427.0,30809,427.0,2026-09-03T19:33:59.551954+00:00
2017-09-17,427.0,437.0,426.0,433.0,28022,433.0,2026-09-03T19:33:59.551954+00:00
2017-09-18,433.0,438.0,429.0,432.0,23653,432.0,2026-09-03T19:33:59.551954+00:00
2017-09-20,432.0,432.0,423.0,430.0,25599,430.0,2026-09-03T19:33:59.551954+00:00
2017-09-24,430.0,431.0,425.0,429.0,11746,429.0,2026-09-03T19:33:59.551954+00:00
2017-09-25,429.0,438.0,429.0,435.0,14858,435.0,2026-09-03T19:33:59.551954+00:00
2017-09-26,435.0,440.0,431.0,434.0,18974,434.0,2026-09-03T19:33:59.551954+00:00
2017-10-03,434.0,451.0,435.0,451.0,9110,451.0,2026-09-03T19:33:59.551954+00:00
2017-10-04,451.0,447.0,441.0,444.0,19822,444.0,2026-09-03T19:33:59.551954+00:00
2017-10-08,444.0,444.0,421.0,436.0,12924,436.0,2026-09-03T19:33:59.551954+00:00
2017-10-09,436.0,432.0,422.0,430.0,9206,430.0,2026-09-03T19:33:59.551954+00:00
2017-10-10,430.0,434.0,426.0,430.0,13864,430.0,2026-09-03T19:33:59.551954+00:00
2017-10-11,430.0,434.0,423.0,429.0,8315,429.0,2026-09-03T19:33:59.551954+00:00
2017-10-12,429.0,432.0,428.0,430.0,15225,430.0,2026-09-03T19:33:59.551954+00:00
2017-10-15,430.0,438.0,425.0,435.0,16880,435.0,2026-09-03T19:33:59.551954+00:00
2017-10-16,435.0,445.0,436.0,445.0,25586,445.0,2026-09-03T19:33:59.551954+00:00
2017-10-17,445.0,451.0,438.0,444.0,45917,444.0,2026-09-03T19:33:59.551954+00:00
2017-10-18,444.0,448.0,440.0,447.0,13554,447.0,2026-09-03T19:33:59.551954+00:00
2017-10-22,447.0,455.0,441.0,448.0,25407,448.0,2026-09-03T19:33:59.551954+00:00
2017-10-23,448.0,452.0,448.0,450.0,28749,450.0,2026-09-03T19:33:59.551954+00:00
2017-10-24,450.0,455.0,450.0,454.0,33149,454.0,2026-09-03T19:33:59.551954+00:00
2017-10-25,454.0,453.0,447.0,448.0,16387,448.0,2026-09-03T19:33:59.551954+00:00
2017-10-29,448.0,451.0,442.0,444.0,9244,444.0,2026-09-03T19:33:59.551954+00:00
2017-10-30,444.0,445.0,441.0,441.0,15979,441.0,2026-09-03T19:33:59.551954+00:00
2017-10-31,441.0,451.0,439.0,451.0,13127,451.0,2026-09-03T19:33:59.551954+00:00
2017-11-01,451.0,451.0,439.0,441.0,15735,441.0,2026-09-03T19:33:59.551954+00:00
2017-11-02,441.0,446.0,440.0,440.0,19105,440.0,2026-09-03T19:33:59.551954+00:00
2017-11-05,440.0,442.0,428.0,430.0,33649,430.0,2026-09-03T19:33:59.551954+00:00
2017-11-06,430.0,440.0,427.0,432.0,20897,432.0,2026-09-03T19:33:59.551954+00:00
2017-11-07,432.0,441.0,430.0,433.0,9404,433.0,2026-09-03T19:33:59.551954+00:00
2017-11-08,433.0,437.0,420.0,425.0,19960,425.0,2026-09-03T19:33:59.551954+00:00
2017-11-09,425.0,432.0,421.0,430.0,24533,430.0,2026-09-03T19:33:59.551954+00:00
2017-11-12,430.0,435.0,424.0,435.0,20905,435.0,2026-09-03T19:33:59.551954+00:00
2017-11-13,435.0,445.0,431.0,440.0,49802,440.0,2026-09-03T19:33:59.551954+00:00
2017-11-14,440.0,448.0,441.0,442.0,75163,442.0,2026-09-03T19:33:59.551954+00:00
2017-11-15,442.0,447.0,440.0,440.0,31641,440.0,2026-09-03T19:33:59.551954+00:00
2017-11-16,440.0,440.0,432.0,435.0,20020,435.0,2026-09-03T19:33:59.551954+00:00
2017-11-19,435.0,437.0,431.0,434.0,12895,434.0,2026-09-03T19:33:59.551954+00:00
2017-11-20,434.0,437.0,430.0,430.0,14464,430.0,2026-09-03T19:33:59.551954+00:00
2017-11-21,430.0,438.0,430.0,433.0,11640,433.0,2026-09-03T19:33:59.551954+00:00
2017-11-22,433.0,439.0,435.0,435.0,12010,435.0,2026-09-03T19:33:59.551954+00:00
2017-11-23,435.0,440.0,437.0,439.0,17122,439.0,2026-09-03T19:33:59.551954+00:00
2017-11-26,439.0,444.0,439.0,441.0,16112,441.0,2026-09-03T19:33:59.551954+00:00
2017-11-27,441.0,445.0,438.0,440.0,20192,440.0,2026-09-03T19:33:59.551954+00:00
2017-11-28,440.0,442.0,437.0,440.0,14375,440.0,2026-09-03T19:33:59.551954+00:00
2017-11-29,440.0,446.0,439.0,443.0,37112,443.0,2026-09-03T19:33:59.551954+00:00
2017-11-30,443.0,444.0,436.0,441.0,18317,441.0,2026-09-03T19:33:59.551954+00:00
2017-12-04,441.0,445.0,438.0,438.0,20228,438.0,2026-09-03T19:33:59.551954+00:00
2017-12-05,438.0,440.0,436.0,438.0,12865,438.0,2026-09-03T19:33:59.551954+00:00
2017-12-06,438.0,442.0,436.0,440.0,14645,440.0,2026-09-03T19:33:59.551954+00:00
2017-12-10,440.0,456.0,440.0,442.0,24193,442.0,2026-09-03T19:33:59.551954+00:00
2017-12-11,442.0,442.0,438.0,438.0,8413,438.0,2026-09-03T19:33:59.551954+00:00
2017-12-12,438.0,440.0,435.0,435.0,11868,435.0,2026-09-03T19:33:59.551954+00:00
2017-12-13,435.0,440.0,436.0,439.0,43712,439.0,2026-09-03T19:33:59.551954+00:00
2017-12-14,439.0,445.0,438.0,441.0,24779,441.0,2026-09-03T19:33:59.551954+00:00
2017-12-17,441.0,441.0,433.0,435.0,23949,435.0,2026-09-03T19:33:59.551954+00:00
2017-12-18,435.0,438.0,424.0,427.0,54860,427.0,2026-09-03T19:33:59.551954+00:00
2017-12-19,427.0,429.0,420.0,420.0,143300,420.0,2026-09-03T19:33:59.551954+00:00
2017-12-20,331.0,325.0,313.0,320.0,24058,320.0,2026-09-03T19:33:59.551954+00:00
2017-12-21,320.0,317.0,309.0,315.0,12623,315.0,2026-09-03T19:33:59.551954+00:00
2017-12-24,315.0,320.0,312.0,312.0,9262,312.0,2026-09-03T19:33:59.551954+00:00
2017-12-26,312.0,313.0,309.0,313.0,8636,313.0,2026-09-03T19:33:59.551954+00:00
2017-12-27,313.0,316.0,302.0,309.0,15272,309.0,2026-09-03T19:33:59.551954+00:00
2017-12-28,309.0,308.0,298.0,306.0,12322,306.0,2026-09-03T19:33:59.551954+00:00
2017-12-31,306.0,306.0,300.0,303.0,11674,303.0,2026-09-03T19:33:59.551954+00:00
2018-01-01,303.0,314.0,303.0,314.0,19259,314.0,2026-09-03T19:33:59.551954+00:00
2018-01-02,314.0,316.0,310.0,312.0,17715,312.0,2026-09-03T19:33:59.551954+00:00
2018-01-03,312.0,312.0,305.0,307.0,5910,307.0,2026-09-03T19:33:59.551954+00:00
2018-01-04,307.0,309.0,302.0,303.0,9950,303.0,2026-09-03T19:33:59.551954+00:00
2018-01-07,303.0,308.0,300.0,303.0,7946,303.0,2026-09-03T19:33:59.551954+00:00
2018-01-08,303.0,306.0,302.0,305.0,13084,305.0,2026-09-03T19:33:59.551954+00:00
2018-01-09,305.0,310.0,305.0,310.0,9362,310.0,2026-09-03T19:33:59.551954+00:00
2018-01-10,310.0,310.0,305.0,307.0,13346,307.0,2026-09-03T19:33:59.551954+00:00
2018-01-14,307.0,307.0,302.0,304.0,10382,304.0,2026-09-03T19:33:59.551954+00:00
2018-01-16,304.0,304.0,300.0,301.0,5908,301.0,2026-09-03T19:33:59.551954+00:00
2018-01-17,301.0,304.0,299.0,303.0,13059,303.0,2026-09-03T19:33:59.551954+00:00
2018-01-21,303.0,307.0,301.0,303.0,12962,303.0,2026-09-03T19:33:59.551954+00:00
2018-01-22,303.0,306.0,298.0,300.0,15699,300.0,2026-09-03T19:33:59.551954+00:00
2018-01-23,300.0,304.0,300.0,300.0,9498,300.0,2026-09-03T19:33:59.551954+00:00
2018-01-24,300.0,301.0,299.0,300.0,6482,300.0,2026-09-03T19:33:59.551954+00:00
2018-01-25,300.0,303.0,300.0,303.0,5246,303.0,2026-09-03T19:33:59.551954+00:00
2018-01-28,303.0,307.0,305.0,306.0,3059,306.0,2026-09-03T19:33:59.551954+00:00
2018-01-29,306.0,306.0,304.0,305.0,4734,305.0,2026-09-03T19:33:59.551954+00:00
2018-01-31,305.0,311.0,302.0,308.0,7076,308.0,2026-09-03T19:33:59.551954+00:00
2018-02-01,308.0,312.0,307.0,307.0,8858,307.0,2026-09-03T19:33:59.551954+00:00
2018-02-04,307.0,309.0,306.0,306.0,14467,306.0,2026-09-03T19:33:59.551954+00:00
2018-02-05,306.0,307.0,303.0,305.0,5925,305.0,2026-09-03T19:33:59.551954+00:00
2018-02-06,305.0,306.0,302.0,304.0,5436,304.0,2026-09-03T19:33:59.551954+00:00
2018-02-07,304.0,304.0,300.0,302.0,9860,302.0,2026-09-03T19:33:59.551954+00:00
2018-02-08,302.0,307.0,301.0,306.0,6156,306.0,2026-09-03T19:33:59.551954+00:00
2018-02-11,306.0,305.0,302.0,303.0,9107,303.0,2026-09-03T19:33:59.551954+00:00
2018-02-12,303.0,306.0,303.0,303.0,4264,303.0,2026-09-03T19:33:59.551954+00:00
2018-02-14,303.0,307.0,303.0,307.0,4486,307.0,2026-09-03T19:33:59.551954+00:00
2018-02-15,307.0,315.0,306.0,313.0,29740,313.0,2026-09-03T19:33:59.551954+00:00
2018-02-18,319.0,319.0,310.0,314.0,21906,314.0,2026-09-03T19:33:59.551954+00:00
2018-02-20,315.0,318.0,308.0,308.0,12810,308.0,2026-09-03T19:33:59.551954+00:00
2018-02-21,305.0,307.0,305.0,306.0,12622,306.0,2026-09-03T19:33:59.551954+00:00
2018-02-22,305.0,307.0,303.0,307.0,5461,307.0,2026-09-03T19:33:59.551954+00:00
2018-02-25,306.0,306.0,300.0,303.0,21466,303.0,2026-09-03T19:33:59.551954+00:00
2018-02-26,309.0,309.0,301.0,303.0,6386,303.0,2026-09-03T19:33:59.551954+00:00
2018-02-27,309.0,309.0,302.0,303.0,8549,303.0,2026-09-03T19:33:59.551954+00:00
2018-02-28,303.0,303.0,300.0,302.0,16223,302.0,2026-09-03T19:33:59.551954+00:00
2018-03-04,296.0,300.0,291.0,295.0,13268,295.0,2026-09-03T19:33:59.551954+00:00
2018-03-05,295.0,297.0,292.0,295.0,11716,295.0,2026-09-03T19:33:59.551954+00:00
2018-03-06,290.0,299.0,288.0,298.0,20524,298.0,2026-09-03T19:33:59.551954+00:00
2018-03-07,298.0,300.0,295.0,298.0,18736,298.0,2026-09-03T19:33:59.551954+00:00
2018-03-11,298.0,298.0,293.0,296.0,8797,296.0,2026-09-03T19:33:59.551954+00:00
2018-03-12,292.0,297.0,290.0,292.0,11397,292.0,2026-09-03T19:33:59.551954+00:00
2018-03-13,294.0,295.0,292.0,295.0,7048,295.0,2026-09-03T19:33:59.551954+00:00
2018-03-14,297.0,298.0,295.0,298.0,6821,298.0,2026-09-03T19:33:59.551954+00:00
2018-03-15,296.0,297.0,293.0,293.0,9242,293.0,2026-09-03T19:33:59.551954+00:00
2018-03-18,298.0,299.0,291.0,292.0,2376,292.0,2026-09-03T19:33:59.551954+00:00
2018-03-19,294.0,295.0,291.0,291.0,7950,291.0,2026-09-03T19:33:59.551954+00:00
2018-03-20,291.0,291.0,287.0,289.0,9680,289.0,2026-09-03T19:33:59.551954+00:00
2018-03-21,286.0,288.0,276.0,282.0,12607,282.0,2026-09-03T19:33:59.551954+00:00
2018-03-22,282.0,284.0,277.0,279.0,10580,279.0,2026-09-03T19:33:59.551954+00:00
2018-03-26,275.0,275.0,265.0,275.0,25121,275.0,2026-09-03T19:33:59.551954+00:00
2018-03-27,270.0,295.0,266.0,285.0,12378,285.0,2026-09-03T19:33:59.551954+00:00
2018-03-28,290.0,290.0,275.0,285.0,17418,285.0,2026-09-03T19:33:59.551954+00:00
2018-03-29,289.0,290.0,282.0,290.0,7204,290.0,2026-09-03T19:33:59.551954+00:00
2018-04-01,290.0,290.0,275.0,279.0,14088,279.0,2026-09-03T19:33:59.551954+00:00
2018-04-02,284.0,289.0,277.0,278.0,13541,278.0,2026-09-03T19:33:59.551954+00:00
2018-04-03,275.0,281.0,275.0,280.0,13274,280.0,2026-09-03T19:33:59.551954+00:00
2018-04-04,282.0,290.0,282.0,290.0,9847,290.0,2026-09-03T19:33:59.551954+00:00
2018-04-05,291.0,298.0,288.0,294.0,17070,294.0,2026-09-03T19:33:59.551954+00:00
2018-04-08,295.0,304.0,291.0,303.0,38363,303.0,2026-09-03T19:33:59.551954+00:00
2018-04-09,309.0,307.0,297.0,300.0,39089,300.0,2026-09-03T19:33:59.551954+00:00
2018-04-10,300.0,300.0,290.0,296.0,10145,296.0,2026-09-03T19:33:59.551954+00:00
2018-04-11,292.0,298.0,292.0,297.0,2568,297.0,2026-09-03T19:33:59.551954+00:00
2018-04-12,296.0,299.0,295.0,295.0,8158,295.0,2026-09-03T19:33:59.551954+00:00
2018-04-15,290.0,295.0,286.0,292.0,15412,292.0,2026-09-03T19:33:59.551954+00:00
2018-04-16,290.0,298.0,290.0,293.0,5098,293.0,2026-09-03T19:33:59.551954+00:00
2018-04-17,290.0,300.0,290.0,299.0,11201,299.0,2026-09-03T19:33:59.551954+00:00
2018-04-18,303.0,326.0,298.0,300.0,23615,300.0,2026-09-03T19:33:59.551954+00:00
2018-04-19,306.0,321.0,306.0,317.0,50024,317.0,2026-09-03T19:33:59.551954+00:00
2018-04-22,317.0,348.0,317.0,345.0,71300,345.0,2026-09-03T19:33:59.551954+00:00
2018-04-23,350.0,350.0,325.0,334.0,57368,334.0,2026-09-03T19:33:59.551954+00:00
2018-04-24,335.0,344.0,329.0,332.0,44639,332.0,2026-09-03T19:33:59.551954+00:00
2018-04-25,338.0,338.0,330.0,330.0,22325,330.0,2026-09-03T19:33:59.551954+00:00
2018-04-26,333.0,339.0,322.0,322.0,23001,322.0,2026-09-03T19:33:59.551954+00:00
2018-04-29,320.0,326.0,318.0,326.0,16834,326.0,2026-09-03T19:33:59.551954+00:00
2018-05-02,321.0,330.0,314.0,327.0,39859,327.0,2026-09-03T19:33:59.551954+00:00
2018-05-03,328.0,332.0,324.0,325.0,29252,325.0,2026-09-03T19:33:59.551954+00:00
2018-05-06,320.0,325.0,320.0,320.0,9917,320.0,2026-09-03T19:33:59.551954+00:00
2018-05-07,318.0,323.0,318.0,320.0,10575,320.0,2026-09-03T19:33:59.551954+00:00
2018-05-08,324.0,324.0,315.0,323.0,17489,323.0,2026-09-03T19:33:59.551954+00:00
2018-05-09,325.0,325.0,320.0,321.0,18608,321.0,2026-09-03T19:33:59.551954+00:00
2018-05-10,319.0,324.0,319.0,320.0,21698,320.0,2026-09-03T19:33:59.551954+00:00
2018-05-14,320.0,320.0,316.0,319.0,7818,319.0,2026-09-03T19:33:59.551954+00:00
2018-05-15,318.0,320.0,314.0,315.0,6496,315.0,2026-09-03T19:33:59.551954+00:00
2018-05-16,315.0,320.0,315.0,318.0,7699,318.0,2026-09-03T19:33:59.551954+00:00
2018-05-17,318.0,321.0,318.0,319.0,18525,319.0,2026-09-03T19:33:59.551954+00:00
2018-05-20,320.0,326.0,320.0,320.0,18558,320.0,2026-09-03T19:33:59.551954+00:00
2018-05-21,325.0,325.0,318.0,320.0,10836,320.0,2026-09-03T19:33:59.551954+00:00
2018-05-22,320.0,320.0,315.0,318.0,12008,318.0,2026-09-03T19:33:59.551954+00:00
2018-05-23,318.0,318.0,314.0,316.0,14298,316.0,2026-09-03T19:33:59.551954+00:00
2018-05-24,315.0,316.0,309.0,313.0,18364,313.0,2026-09-03T19:33:59.551954+00:00
2018-05-27,310.0,310.0,307.0,307.0,13828,307.0,2026-09-03T19:33:59.551954+00:00
2018-05-28,307.0,319.0,306.0,319.0,13139,319.0,2026-09-03T19:33:59.551954+00:00
2018-05-29,318.0,322.0,315.0,316.0,10571,316.0,2026-09-03T19:33:59.551954+00:00
2018-05-30,310.0,322.0,310.0,313.0,9426,313.0,2026-09-03T19:33:59.551954+00:00
2018-05-31,314.0,315.0,312.0,314.0,4206,314.0,2026-09-03T19:33:59.551954+00:00
2018-06-03,308.0,315.0,305.0,306.0,8502,306.0,2026-09-03T19:33:59.551954+00:00
2018-06-04,305.0,312.0,302.0,305.0,10697,305.0,2026-09-03T19:33:59.551954+00:00
2018-06-06,311.0,311.0,307.0,310.0,4203,310.0,2026-09-03T19:33:59.551954+00:00
2018-06-07,310.0,310.0,301.0,301.0,20457,301.0,2026-09-03T19:33:59.551954+00:00
2018-06-10,300.0,301.0,294.0,295.0,26537,295.0,2026-09-03T19:33:59.551954+00:00
2018-06-11,291.0,304.0,291.0,294.0,21271,294.0,2026-09-03T19:33:59.551954+00:00
2018-06-12,295.0,297.0,293.0,294.0,14957,294.0,2026-09-03T19:33:59.551954+00:00
2018-06-13,296.0,296.0,293.0,294.0,11374,294.0,2026-09-03T19:33:59.551954+00:00
2018-06-14,299.0,300.0,295.0,296.0,19243,296.0,2026-09-03T19:33:59.551954+00:00
2018-06-17,295.0,297.0,291.0,291.0,5052,291.0,2026-09-03T19:33:59.551954+00:00
2018-06-18,291.0,294.0,290.0,293.0,8551,293.0,2026-09-03T19:33:59.551954+00:00
2018-06-19,290.0,292.0,290.0,291.0,5601,291.0,2026-09-03T19:33:59.551954+00:00
2018-06-20,286.0,292.0,286.0,290.0,9336,290.0,2026-09-03T19:33:59.551954+00:00
2018-06-21,285.0,293.0,283.0,289.0,3365,289.0,2026-09-03T19:33:59.551954+00:00
2018-06-24,290.0,294.0,286.0,290.0,6120,290.0,2026-09-03T19:33:59.551954+00:00
2018-06-25,289.0,292.0,289.0,289.0,8085,289.0,2026-09-03T19:33:59.551954+00:00
2018-06-26,286.0,290.0,281.0,281.0,12818,281.0,2026-09-03T19:33:59.551954+00:00
2018-06-27,283.0,285.0,280.0,280.0,24517,280.0,2026-09-03T19:33:59.551954+00:00
2018-06-28,279.0,283.0,279.0,281.0,16515,281.0,2026-09-03T19:33:59.551954+00:00
2018-07-01,281.0,283.0,277.0,278.0,12429,278.0,2026-09-03T19:33:59.551954+00:00
2018-07-02,281.0,281.0,276.0,279.0,5841,279.0,2026-09-03T19:33:59.551954+00:00
2018-07-03,280.0,280.0,273.0,278.0,42138,278.0,2026-09-03T19:33:59.551954+00:00
2018-07-04,278.0,283.0,276.0,279.0,16488,279.0,2026-09-03T19:33:59.551954+00:00
2018-07-05,284.0,294.0,278.0,293.0,78120,293.0,2026-09-03T19:33:59.551954+00:00
2018-07-08,298.0,298.0,288.0,288.0,30337,288.0,2026-09-03T19:33:59.551954+00:00
2018-07-09,288.0,289.0,283.0,285.0,10557,285.0,2026-09-03T19:33:59.551954+00:00
2018-07-10,287.0,290.0,278.0,284.0,20926,284.0,2026-09-03T19:33:59.551954+00:00
2018-07-11,287.0,290.0,283.0,285.0,16006,285.0,2026-09-03T19:33:59.551954+00:00
2018-07-12,285.0,287.0,279.0,284.0,16169,284.0,2026-09-03T19:33:59.551954+00:00
2018-07-15,285.0,290.0,280.0,285.0,4328,285.0,2026-09-03T19:33:59.551954+00:00
2018-07-16,284.0,289.0,284.0,287.0,6304,287.0,2026-09-03T19:33:59.551954+00:00
2018-07-17,286.0,290.0,286.0,290.0,4866,290.0,2026-09-03T19:33:59.551954+00:00
2018-07-18,290.0,290.0,286.0,289.0,1413,289.0,2026-09-03T19:33:59.551954+00:00
2018-07-19,288.0,288.0,283.0,286.0,18931,286.0,2026-09-03T19:33:59.551954+00:00
2018-07-22,285.0,287.0,282.0,283.0,6411,283.0,2026-09-03T19:33:59.551954+00:00
2018-07-23,284.0,290.0,283.0,284.0,4951,284.0,2026-09-03T19:33:59.551954+00:00
2018-07-24,284.0,290.0,284.0,287.0,8290,287.0,2026-09-03T19:33:59.551954+00:00
2018-07-25,287.0,288.0,285.0,287.0,8411,287.0,2026-09-03T19:33:59.551954+00:00
2018-07-26,290.0,290.0,284.0,286.0,4870,286.0,2026-09-03T19:33:59.551954+00:00
2018-07-29,284.0,286.0,283.0,283.0,5892,283.0,2026-09-03T19:33:59.551954+00:00
2018-07-30,283.0,288.0,283.0,285.0,2312,285.0,2026-09-03T19:33:59.551954+00:00
2018-07-31,285.0,287.0,284.0,286.0,6113,286.0,2026-09-03T19:33:59.551954+00:00
2018-08-01,282.0,285.0,282.0,285.0,7761,285.0,2026-09-03T19:33:59.551954+00:00
2018-08-02,287.0,287.0,285.0,286.0,5644,286.0,2026-09-03T19:33:59.551954+00:00
2018-08-05,286.0,290.0,285.0,290.0,6491,290.0,2026-09-03T19:33:59.551954+00:00
2018-08-06,286.0,289.0,286.0,289.0,8511,289.0,2026-09-03T19:33:59.551954+00:00
2018-08-07,285.0,290.0,285.0,288.0,6235,288.0,2026-09-03T19:33:59.551954+00:00
2018-08-08,287.0,290.0,283.0,283.0,7063,283.0,2026-09-03T19:33:59.551954+00:00
2018-08-09,283.0,285.0,282.0,283.0,7956,283.0,2026-09-03T19:33:59.551954+00:00
2018-08-12,280.0,282.0,276.0,279.0,7586,279.0,2026-09-03T19:33:59.551954+00:00
2018-08-13,280.0,283.0,280.0,281.0,16910,281.0,2026-09-03T19:33:59.551954+00:00
2018-08-14,285.0,291.0,285.0,289.0,24323,289.0,2026-09-03T19:33:59.551954+00:00
2018-08-15,290.0,298.0,290.0,298.0,39036,298.0,2026-09-03T19:33:59.551954+00:00
2018-08-16,300.0,303.0,295.0,300.0,43107,300.0,2026-09-03T19:33:59.551954+00:00
2018-08-19,300.0,302.0,294.0,294.0,22341,294.0,2026-09-03T19:33:59.551954+00:00
2018-08-20,294.0,295.0,291.0,292.0,18049,292.0,2026-09-03T19:33:59.551954+00:00
2018-08-21,292.0,292.0,287.0,290.0,9908,290.0,2026-09-03T19:33:59.551954+00:00
2018-08-22,290.0,293.0,289.0,289.0,8993,289.0,2026-09-03T19:33:59.551954+00:00
2018-08-23,287.0,290.0,287.0,289.0,12291,289.0,2026-09-03T19:33:59.551954+00:00
2018-08-26,284.0,290.0,284.0,288.0,2811,288.0,2026-09-03T19:33:59.551954+00:00
2018-08-28,290.0,290.0,286.0,288.0,7436,288.0,2026-09-03T19:33:59.551954+00:00
2018-08-29,284.0,288.0,284.0,287.0,3845,287.0,2026-09-03T19:33:59.551954+00:00
2018-08-30,289.0,296.0,287.0,295.0,11478,295.0,2026-09-03T19:33:59.551954+00:00
2018-09-02,295.0,306.0,293.0,299.0,22168,299.0,2026-09-03T19:33:59.551954+00:00
2018-09-03,300.0,308.0,299.0,306.0,30173,306.0,2026-09-03T19:33:59.551954+00:00
2018-09-04,305.0,307.0,300.0,306.0,36307,306.0,2026-09-03T19:33:59.551954+00:00
2018-09-05,307.0,322.0,305.0,316.0,56434,316.0,2026-09-03T19:33:59.551954+00:00
2018-09-06,322.0,328.0,313.0,322.0,81307,322.0,2026-09-03T19:33:59.551954+00:00
2018-09-09,319.0,322.0,313.0,314.0,22606,314.0,2026-09-03T19:33:59.551954+00:00
2018-09-10,311.0,312.0,309.0,311.0,28084,311.0,2026-09-03T19:33:59.551954+00:00
2018-09-11,310.0,318.0,310.0,315.0,20204,315.0,2026-09-03T19:33:59.551954+00:00
2018-09-12,312.0,327.0,312.0,325.0,39951,325.0,2026-09-03T19:33:59.551954+00:00
2018-09-13,325.0,337.0,325.0,331.0,90634,331.0,2026-09-03T19:33:59.551954+00:00
2018-09-16,337.0,342.0,331.0,336.0,106397,336.0,2026-09-03T19:33:59.551954+00:00
2018-09-17,334.0,338.0,331.0,333.0,38645,333.0,2026-09-03T19:33:59.551954+00:00
2018-09-18,331.0,333.0,326.0,332.0,15928,332.0,2026-09-03T19:33:59.551954+00:00
2018-09-20,335.0,335.0,328.0,328.0,25217,328.0,2026-09-03T19:33:59.551954+00:00
2018-09-23,329.0,336.0,329.0,334.0,24613,334.0,2026-09-03T19:33:59.551954+00:00
2018-09-25,334.0,349.0,334.0,346.0,120303,346.0,2026-09-03T19:33:59.551954+00:00
2018-09-26,337.0,352.0,337.0,342.0,53239,342.0,2026-09-03T19:33:59.551954+00:00
2018-09-27,338.0,343.0,337.0,340.0,18935,340.0,2026-09-03T19:33:59.551954+00:00
2018-09-30,338.0,339.0,331.0,336.0,20586,336.0,2026-09-03T19:33:59.551954+00:00
2018-10-01,335.0,336.0,328.0,328.0,25588,328.0,2026-09-03T19:33:59.551954+00:00
2018-10-02,330.0,332.0,326.0,329.0,13273,329.0,2026-09-03T19:33:59.551954+00:00
2018-10-03,326.0,330.0,324.0,325.0,24690,325.0,2026-09-03T19:33:59.551954+00:00
2018-10-04,325.0,331.0,322.0,322.0,26060,322.0,2026-09-03T19:33:59.551954+00:00
2018-10-07,322.0,324.0,320.0,323.0,25157,323.0,2026-09-03T19:33:59.551954+00:00
2018-10-08,325.0,326.0,322.0,324.0,20625,324.0,2026-09-03T19:33:59.551954+00:00
2018-10-09,324.0,325.0,320.0,320.0,17100,320.0,2026-09-03T19:33:59.551954+00:00
2018-10-10,319.0,321.0,319.0,320.0,11748,320.0,2026-09-03T19:33:59.551954+00:00
2018-10-11,320.0,328.0,320.0,328.0,12955,328.0,2026-09-03T19:33:59.551954+00:00
2018-10-14,332.0,335.0,328.0,335.0,27995,335.0,2026-09-03T19:33:59.551954+00:00
2018-10-15,335.0,336.0,331.0,332.0,20950,332.0,2026-09-03T19:33:59.551954+00:00
2018-10-21,333.0,338.0,333.0,337.0,14197,337.0,2026-09-03T19:33:59.551954+00:00
2018-10-22,338.0,338.0,332.0,337.0,6602,337.0,2026-09-03T19:33:59.551954+00:00
2018-10-23,339.0,339.0,335.0,335.0,9441,335.0,2026-09-03T19:33:59.551954+00:00
2018-10-24,336.0,338.0,334.0,338.0,17192,338.0,2026-09-03T19:33:59.551954+00:00
2018-10-25,339.0,339.0,334.0,335.0,14869,335.0,2026-09-03T19:33:59.551954+00:00
2018-10-28,332.0,334.0,331.0,331.0,14101,331.0,2026-09-03T19:33:59.551954+00:00
2018-10-29,331.0,331.0,326.0,327.0,14529,327.0,2026-09-03T19:33:59.551954+00:00
2018-10-30,327.0,333.0,326.0,333.0,10449,333.0,2026-09-03T19:33:59.551954+00:00
2018-10-31,328.0,332.0,328.0,332.0,5600,332.0,2026-09-03T19:33:59.551954+00:00
2018-11-01,328.0,331.0,327.0,330.0,10154,330.0,2026-09-03T19:33:59.551954+00:00
2018-11-04,326.0,328.0,325.0,325.0,9391,325.0,2026-09-03T19:33:59.551954+00:00
2018-11-05,319.0,334.0,319.0,330.0,9110,330.0,2026-09-03T19:33:59.551954+00:00
2018-11-06,330.0,335.0,325.0,335.0,1058,335.0,2026-09-03T19:33:59.551954+00:00
2018-11-11,335.0,335.0,324.0,326.0,12429,326.0,2026-09-03T19:33:59.551954+00:00
2018-11-12,294.0,326.0,294.0,322.0,8108,322.0,2026-09-03T19:33:59.551954+00:00
2018-11-13,322.0,333.0,322.0,332.0,7511,332.0,2026-09-03T19:33:59.551954+00:00
2018-11-14,330.0,332.0,330.0,332.0,6457,332.0,2026-09-03T19:33:59.551954+00:00
2018-11-15,336.0,336.0,331.0,335.0,20730,335.0,2026-09-03T19:33:59.551954+00:00
2018-11-18,332.0,334.0,325.0,330.0,5951,330.0,2026-09-03T19:33:59.551954+00:00
2018-11-19,325.0,331.0,327.0,328.0,6603,328.0,2026-09-03T19:33:59.551954+00:00
2018-11-20,328.0,330.0,326.0,326.0,8917,326.0,2026-09-03T19:33:59.551954+00:00
2018-11-21,325.0,326.0,323.0,325.0,7936,325.0,2026-09-03T19:33:59.551954+00:00
2018-11-22,328.0,328.0,324.0,325.0,4118,325.0,2026-09-03T19:33:59.551954+00:00
2018-11-25,324.0,324.0,321.0,321.0,6637,321.0,2026-09-03T19:33:59.551954+00:00
2018-11-26,320.0,325.0,318.0,322.0,14716,322.0,2026-09-03T19:33:59.551954+00:00
2018-11-27,321.0,324.0,321.0,323.0,7443,323.0,2026-09-03T19:33:59.551954+00:00
2018-11-28,325.0,325.0,320.0,322.0,6554,322.0,2026-09-03T19:33:59.551954+00:00
2018-11-29,321.0,321.0,317.0,317.0,11040,317.0,2026-09-03T19:33:59.551954+00:00
2018-12-02,313.0,315.0,312.0,315.0,23727,315.0,2026-09-03T19:33:59.551954+00:00
2018-12-03,313.0,320.0,313.0,315.0,10076,315.0,2026-09-03T19:33:59.551954+00:00
2018-12-04,316.0,319.0,315.0,318.0,6203,318.0,2026-09-03T19:33:59.551954+00:00
2018-12-05,315.0,315.0,310.0,312.0,10602,312.0,2026-09-03T19:33:59.551954+00:00
2018-12-06,310.0,315.0,310.0,315.0,7716,315.0,2026-09-03T19:33:59.551954+00:00
2018-12-09,315.0,315.0,310.0,313.0,7237,313.0,2026-09-03T19:33:59.551954+00:00
2018-12-10,315.0,319.0,315.0,317.0,5827,317.0,2026-09-03T19:33:59.551954+00:00
2018-12-11,314.0,318.0,314.0,318.0,3782,318.0,2026-09-03T19:33:59.551954+00:00
2018-12-12,318.0,319.0,315.0,317.0,19107,317.0,2026-09-03T19:33:59.551954+00:00
2018-12-13,318.0,322.0,317.0,320.0,17006,320.0,2026-09-03T19:33:59.551954+00:00
2018-12-16,323.0,327.0,321.0,325.0,23119,325.0,2026-09-03T19:33:59.551954+00:00
2018-12-17,325.0,329.0,321.0,329.0,12821,329.0,2026-09-03T19:33:59.551954+00:00
2018-12-18,326.0,327.0,321.0,324.0,17191,324.0,2026-09-03T19:33:59.551954+00:00
2018-12-19,323.0,325.0,319.0,324.0,10360,324.0,2026-09-03T19:33:59.551954+00:00
2018-12-20,330.0,333.0,327.0,331.0,55462,331.0,2026-09-03T19:33:59.551954+00:00
2018-12-23,337.0,350.0,335.0,340.0,86281,340.0,2026-09-03T19:33:59.551954+00:00
2018-12-24,345.0,345.0,334.0,338.0,33377,338.0,2026-09-03T19:33:59.551954+00:00
2018-12-25,335.0,339.0,335.0,338.0,8428,338.0,2026-09-03T19:33:59.551954+00:00
2018-12-26,342.0,346.0,340.0,344.0,54439,344.0,2026-09-03T19:33:59.551954+00:00
2018-12-27,344.0,345.0,340.0,341.0,36710,341.0,2026-09-03T19:33:59.551954+00:00
2018-12-30,343.0,343.0,338.0,340.0,12031,340.0,2026-09-03T19:33:59.551954+00:00
2018-12-31,340.0,340.0,337.0,339.0,10355,339.0,2026-09-03T19:33:59.551954+00:00
2019-01-01,344.0,344.0,334.0,334.0,12856,334.0,2026-09-03T19:33:59.551954+00:00
2019-01-02,331.0,336.0,331.0,335.0,7491,335.0,2026-09-03T19:33:59.551954+00:00
2019-01-03,338.0,338.0,332.0,333.0,5040,333.0,2026-09-03T19:33:59.551954+00:00
2019-01-06,332.0,335.0,329.0,329.0,22628,329.0,2026-09-03T19:33:59.551954+00:00
2019-01-07,329.0,338.0,329.0,338.0,8315,338.0,2026-09-03T19:33:59.551954+00:00
2019-01-08,334.0,336.0,333.0,336.0,7741,336.0,2026-09-03T19:33:59.551954+00:00
2019-01-09,335.0,335.0,331.0,331.0,11633,331.0,2026-09-03T19:33:59.551954+00:00
2019-01-10,335.0,335.0,332.0,334.0,16997,334.0,2026-09-03T19:33:59.551954+00:00
2019-01-13,333.0,335.0,330.0,330.0,10262,330.0,2026-09-03T19:33:59.551954+00:00
2019-01-14,330.0,333.0,328.0,328.0,3894,328.0,2026-09-03T19:33:59.551954+00:00
2019-01-15,328.0,333.0,328.0,329.0,14981,329.0,2026-09-03T19:33:59.551954+00:00
2019-01-16,328.0,330.0,326.0,327.0,8803,327.0,2026-09-03T19:33:59.551954+00:00
2019-01-17,325.0,328.0,325.0,328.0,14432,328.0,2026-09-03T19:33:59.551954+00:00
2019-01-20,330.0,330.0,323.0,326.0,2057,326.0,2026-09-03T19:33:59.551954+00:00
2019-01-21,323.0,326.0,322.0,325.0,6922,325.0,2026-09-03T19:33:59.551954+00:00
2019-01-22,323.0,325.0,322.0,324.0,24115,324.0,2026-09-03T19:33:59.551954+00:00
2019-01-23,324.0,325.0,324.0,324.0,3977,324.0,2026-09-03T19:33:59.551954+00:00
2019-01-24,326.0,326.0,324.0,326.0,10729,326.0,2026-09-03T19:33:59.551954+00:00
2019-01-27,325.0,325.0,320.0,325.0,10850,325.0,2026-09-03T19:33:59.551954+00:00
2019-01-28,323.0,326.0,322.0,325.0,22642,325.0,2026-09-03T19:33:59.551954+00:00
2019-01-29,323.0,325.0,323.0,324.0,22596,324.0,2026-09-03T19:33:59.551954+00:00
2019-01-30,324.0,324.0,320.0,321.0,25680,321.0,2026-09-03T19:33:59.551954+00:00
2019-01-31,321.0,322.0,319.0,320.0,18401,320.0,2026-09-03T19:33:59.551954+00:00
2019-02-03,322.0,322.0,316.0,318.0,14524,318.0,2026-09-03T19:33:59.551954+00:00
2019-02-04,318.0,320.0,316.0,316.0,29221,316.0,2026-09-03T19:33:59.551954+00:00
2019-02-05,316.0,324.0,314.0,324.0,7927,324.0,2026-09-03T19:33:59.551954+00:00
2019-02-06,318.0,320.0,317.0,317.0,12495,317.0,2026-09-03T19:33:59.551954+00:00
2019-02-07,316.0,322.0,314.0,317.0,13470,317.0,2026-09-03T19:33:59.551954+00:00
2019-02-10,321.0,322.0,314.0,314.0,19892,314.0,2026-09-03T19:33:59.551954+00:00
2019-02-11,313.0,320.0,313.0,316.0,7309,316.0,2026-09-03T19:33:59.551954+00:00
2019-02-12,316.0,318.0,315.0,315.0,13455,315.0,2026-09-03T19:33:59.551954+00:00
2019-02-13,317.0,317.0,313.0,314.0,12444,314.0,2026-09-03T19:33:59.551954+00:00
2019-02-14,313.0,313.0,309.0,312.0,9867,312.0,2026-09-03T19:33:59.551954+00:00
2019-02-17,318.0,318.0,309.0,309.0,9588,309.0,2026-09-03T19:33:59.551954+00:00
2019-02-18,309.0,309.0,306.0,306.0,11054,306.0,2026-09-03T19:33:59.551954+00:00
2019-02-19,309.0,313.0,309.0,313.0,13421,313.0,2026-09-03T19:33:59.551954+00:00
2019-02-20,315.0,315.0,308.0,309.0,7738,309.0,2026-09-03T19:33:59.551954+00:00
2019-02-21,313.0,313.0,307.0,309.0,4994,309.0,2026-09-03T19:33:59.551954+00:00
2019-02-24,309.0,309.0,302.0,305.0,11991,305.0,2026-09-03T19:33:59.551954+00:00
2019-02-25,305.0,308.0,303.0,307.0,13893,307.0,2026-09-03T19:33:59.551954+00:00
2019-02-26,307.0,307.0,303.0,304.0,10313,304.0,2026-09-03T19:33:59.551954+00:00
2019-02-27,304.0,309.0,304.0,306.0,13990,306.0,2026-09-03T19:33:59.551954+00:00
2019-03-03,306.0,308.0,303.0,305.0,15552,305.0,2026-09-03T19:33:59.551954+00:00
2019-03-05,305.0,307.0,304.0,306.0,16621,306.0,2026-09-03T19:33:59.551954+00:00
2019-03-06,309.0,309.0,305.0,308.0,10152,308.0,2026-09-03T19:33:59.551954+00:00
2019-03-07,310.0,312.0,308.0,312.0,12191,312.0,2026-09-03T19:33:59.551954+00:00
2019-03-10,308.0,312.0,308.0,312.0,4266,312.0,2026-09-03T19:33:59.551954+00:00
2019-03-11,314.0,318.0,311.0,316.0,18318,316.0,2026-09-03T19:33:59.551954+00:00
2019-03-12,317.0,322.0,316.0,322.0,32710,322.0,2026-09-03T19:33:59.551954+00:00
2019-03-13,318.0,325.0,318.0,319.0,17131,319.0,2026-09-03T19:33:59.551954+00:00
2019-03-14,318.0,323.0,316.0,320.0,29144,320.0,2026-09-03T19:33:59.551954+00:00
2019-03-17,320.0,325.0,318.0,324.0,24253,324.0,2026-09-03T19:33:59.551954+00:00
2019-03-18,321.0,324.0,316.0,318.0,14419,318.0,2026-09-03T19:33:59.551954+00:00
2019-03-19,318.0,318.0,316.0,318.0,2472,318.0,2026-09-03T19:33:59.551954+00:00
2019-03-21,320.0,320.0,315.0,317.0,11194,317.0,2026-09-03T19:33:59.551954+00:00
2019-03-24,319.0,319.0,312.0,318.0,10349,318.0,2026-09-03T19:33:59.551954+00:00
2019-03-25,314.0,317.0,314.0,316.0,5142,316.0,2026-09-03T19:33:59.551954+00:00
2019-03-26,316.0,320.0,313.0,319.0,20295,319.0,2026-09-03T19:33:59.551954+00:00
2019-03-27,321.0,321.0,318.0,320.0,16556,320.0,2026-09-03T19:33:59.551954+00:00
2019-03-28,320.0,320.0,316.0,318.0,9512,318.0,2026-09-03T19:33:59.551954+00:00
2019-03-31,317.0,319.0,315.0,318.0,11000,318.0,2026-09-03T19:33:59.551954+00:00
2019-04-01,317.0,322.0,317.0,320.0,31034,320.0,2026-09-03T19:33:59.551954+00:00
2019-04-02,322.0,327.0,320.0,325.0,50430,325.0,2026-09-03T19:33:59.551954+00:00
2019-04-03,326.0,328.0,323.0,324.0,60448,324.0,2026-09-03T19:33:59.551954+00:00
2019-04-04,323.0,326.0,322.0,323.0,18343,323.0,2026-09-03T19:33:59.551954+00:00
2019-04-07,323.0,338.0,322.0,330.0,62106,330.0,2026-09-03T19:33:59.551954+00:00
2019-04-08,331.0,336.0,330.0,332.0,59046,332.0,2026-09-03T19:33:59.551954+00:00
2019-04-09,333.0,333.0,328.0,328.0,46081,328.0,2026-09-03T19:33:59.551954+00:00
2019-04-10,326.0,333.0,326.0,330.0,14422,330.0,2026-09-03T19:33:59.551954+00:00
2019-04-11,330.0,333.0,330.0,330.0,22566,330.0,2026-09-03T19:33:59.551954+00:00
2019-04-15,330.0,336.0,330.0,331.0,5021,331.0,2026-09-03T19:33:59.551954+00:00
2019-04-16,335.0,341.0,333.0,341.0,43560,341.0,2026-09-03T19:33:59.551954+00:00
2019-04-17,347.0,347.0,338.0,341.0,61429,341.0,2026-09-03T19:33:59.551954+00:00
2019-04-18,340.0,347.0,340.0,347.0,47905,347.0,2026-09-03T19:33:59.551954+00:00
2019-04-21,350.0,351.0,345.0,350.0,55003,350.0,2026-09-03T19:33:59.551954+00:00
2019-04-22,355.0,357.0,344.0,346.0,72652,346.0,2026-09-03T19:33:59.551954+00:00
2019-04-23,349.0,353.0,342.0,344.0,25113,344.0,2026-09-03T19:33:59.551954+00:00
2019-04-24,341.0,364.0,341.0,363.0,88548,363.0,2026-09-03T19:33:59.551954+00:00
2019-04-25,365.0,368.0,359.0,363.0,60892,363.0,2026-09-03T19:33:59.551954+00:00
2019-04-28,364.0,370.0,359.0,360.0,214406,360.0,2026-09-03T19:33:59.551954+00:00
2019-04-29,358.0,360.0,351.0,358.0,49371,358.0,2026-09-03T19:33:59.551954+00:00
2019-04-30,358.0,358.0,353.0,353.0,44064,353.0,2026-09-03T19:33:59.551954+00:00
2019-05-02,352.0,356.0,351.0,355.0,25823,355.0,2026-09-03T19:33:59.551954+00:00
2019-05-05,352.0,353.0,350.0,350.0,24973,350.0,2026-09-03T19:33:59.551954+00:00
2019-05-06,356.0,358.0,349.0,357.0,24179,357.0,2026-09-03T19:33:59.551954+00:00
2019-05-07,361.0,361.0,355.0,357.0,20581,357.0,2026-09-03T19:33:59.551954+00:00
2019-05-08,360.0,360.0,354.0,354.0,27955,354.0,2026-09-03T19:33:59.551954+00:00
2019-05-09,360.0,360.0,353.0,355.0,30210,355.0,2026-09-03T19:33:59.551954+00:00
2019-05-12,353.0,355.0,350.0,355.0,21038,355.0,2026-09-03T19:33:59.551954+00:00
2019-05-13,355.0,374.0,355.0,372.0,169691,372.0,2026-09-03T19:33:59.551954+00:00
2019-05-14,374.0,383.0,370.0,381.0,128508,381.0,2026-09-03T19:33:59.551954+00:00
2019-05-15,380.0,385.0,372.0,379.0,98503,379.0,2026-09-03T19:33:59.551954+00:00
2019-05-16,397.0,397.0,371.0,377.0,78999,377.0,2026-09-03T19:33:59.551954+00:00
2019-05-19,377.0,377.0,365.0,369.0,45649,369.0,2026-09-03T19:33:59.551954+00:00
2019-05-20,370.0,370.0,364.0,366.0,44565,366.0,2026-09-03T19:33:59.551954+00:00
2019-05-21,366.0,367.0,362.0,363.0,67717,363.0,2026-09-03T19:33:59.551954+00:00
2019-05-22,365.0,370.0,363.0,370.0,174150,370.0,2026-09-03T19:33:59.551954+00:00
2019-05-23,316.0,323.0,316.0,319.0,40832,319.0,2026-09-03T19:33:59.551954+00:00
2019-05-26,323.0,334.0,312.0,313.0,33503,313.0,2026-09-03T19:33:59.551954+00:00
2019-05-27,312.0,312.0,309.0,310.0,17343,310.0,2026-09-03T19:33:59.551954+00:00
2019-05-28,310.0,312.0,309.0,310.0,10920,310.0,2026-09-03T19:33:59.551954+00:00
2019-05-29,312.0,312.0,307.0,309.0,18975,309.0,2026-09-03T19:33:59.551954+00:00
2019-05-30,315.0,321.0,310.0,310.0,43962,310.0,2026-09-03T19:33:59.551954+00:00
2019-06-02,311.0,312.0,307.0,307.0,32103,307.0,2026-09-03T19:33:59.551954+00:00
2019-06-03,307.0,308.0,304.0,305.0,5919,305.0,2026-09-03T19:33:59.551954+00:00
2019-06-04,303.0,305.0,302.0,302.0,18040,302.0,2026-09-03T19:33:59.551954+00:00
2019-06-06,317.0,317.0,298.0,300.0,29944,300.0,2026-09-03T19:33:59.551954+00:00
2019-06-10,300.0,302.0,295.0,296.0,22821,296.0,2026-09-03T19:33:59.551954+00:00
2019-06-11,300.0,300.0,294.0,299.0,13256,299.0,2026-09-03T19:33:59.551954+00:00
2019-06-12,295.0,296.0,292.0,293.0,14871,293.0,2026-09-03T19:33:59.551954+00:00
2019-06-13,291.0,293.0,290.0,292.0,7439,292.0,2026-09-03T19:33:59.551954+00:00
2019-06-16,297.0,297.0,288.0,291.0,23682,291.0,2026-09-03T19:33:59.551954+00:00
2019-06-17,288.0,290.0,286.0,290.0,13195,290.0,2026-09-03T19:33:59.551954+00:00
2019-06-18,290.0,290.0,286.0,286.0,19585,286.0,2026-09-03T19:33:59.551954+00:00
2019-06-19,286.0,289.0,285.0,286.0,19843,286.0,2026-09-03T19:33:59.551954+00:00
2019-06-20,286.0,290.0,286.0,288.0,13314,288.0,2026-09-03T19:33:59.551954+00:00
2019-06-23,289.0,293.0,286.0,286.0,12383,286.0,2026-09-03T19:33:59.551954+00:00
2019-06-24,288.0,288.0,285.0,286.0,20380,286.0,2026-09-03T19:33:59.551954+00:00
2019-06-25,286.0,290.0,285.0,287.0,19462,287.0,2026-09-03T19:33:59.551954+00:00
2019-06-26,288.0,288.0,286.0,287.0,5662,287.0,2026-09-03T19:33:59.551954+00:00
2019-06-27,285.0,290.0,284.0,284.0,15368,284.0,2026-09-03T19:33:59.551954+00:00
2019-06-30,283.0,283.0,275.0,275.0,27186,275.0,2026-09-03T19:33:59.551954+00:00
2019-07-01,277.0,278.0,272.0,273.0,18322,273.0,2026-09-03T19:33:59.551954+00:00
2019-07-02,271.0,280.0,271.0,280.0,46130,280.0,2026-09-03T19:33:59.551954+00:00
2019-07-03,280.0,286.0,275.0,285.0,12495,285.0,2026-09-03T19:33:59.551954+00:00
2019-07-04,285.0,289.0,281.0,284.0,14437,284.0,2026-09-03T19:33:59.551954+00:00
2019-07-07,283.0,284.0,275.0,275.0,15833,275.0,2026-09-03T19:33:59.551954+00:00
2019-07-08,273.0,275.0,272.0,275.0,12103,275.0,2026-09-03T19:33:59.551954+00:00
2019-07-09,276.0,276.0,273.0,274.0,16818,274.0,2026-09-03T19:33:59.551954+00:00
2019-07-10,272.0,276.0,271.0,274.0,16518,274.0,2026-09-03T19:33:59.551954+00:00
2019-07-11,274.0,275.0,272.0,275.0,13541,275.0,2026-09-03T19:33:59.551954+00:00
2019-07-14,275.0,275.0,272.0,273.0,2282,273.0,2026-09-03T19:33:59.551954+00:00
2019-07-15,274.0,277.0,273.0,273.0,21109,273.0,2026-09-03T19:33:59.551954+00:00
2019-07-16,286.0,286.0,273.0,278.0,15411,278.0,2026-09-03T19:33:59.551954+00:00
2019-07-17,277.0,287.0,277.0,284.0,10277,284.0,2026-09-03T19:33:59.551954+00:00
2019-07-18,284.0,288.0,279.0,285.0,12995,285.0,2026-09-03T19:33:59.551954+00:00
2019-07-21,285.0,285.0,280.0,285.0,6228,285.0,2026-09-03T19:33:59.551954+00:00
2019-07-22,290.0,290.0,280.0,288.0,3624,288.0,2026-09-03T19:33:59.551954+00:00
2019-07-23,290.0,292.0,287.0,292.0,15025,292.0,2026-09-03T19:33:59.551954+00:00
2019-07-24,293.0,293.0,288.0,291.0,11274,291.0,2026-09-03T19:33:59.551954+00:00
2019-07-25,292.0,292.0,281.0,288.0,13542,288.0,2026-09-03T19:33:59.551954+00:00
2019-07-28,284.0,284.0,279.0,284.0,10278,284.0,2026-09-03T19:33:59.551954+00:00
2019-07-29,286.0,286.0,281.0,282.0,2518,282.0,2026-09-03T19:33:59.551954+00:00
2019-07-30,281.0,284.0,281.0,284.0,4509,284.0,2026-09-03T19:33:59.551954+00:00
2019-07-31,283.0,285.0,282.0,284.0,6494,284.0,2026-09-03T19:33:59.551954+00:00
2019-08-01,284.0,284.0,281.0,283.0,7887,283.0,2026-09-03T19:33:59.551954+00:00
2019-08-04,285.0,285.0,280.0,281.0,6242,281.0,2026-09-03T19:33:59.551954+00:00
2019-08-05,280.0,282.0,279.0,280.0,6358,280.0,2026-09-03T19:33:59.551954+00:00
2019-08-06,280.0,280.0,277.0,278.0,11577,278.0,2026-09-03T19:33:59.551954+00:00
2019-08-07,275.0,281.0,272.0,279.0,8674,279.0,2026-09-03T19:33:59.551954+00:00
2019-08-08,279.0,281.0,275.0,277.0,10819,277.0,2026-09-03T19:33:59.551954+00:00
2019-08-11,278.0,280.0,273.0,275.0,7570,275.0,2026-09-03T19:33:59.551954+00:00
2019-08-12,274.0,277.0,273.0,274.0,10146,274.0,2026-09-03T19:33:59.551954+00:00
2019-08-13,275.0,275.0,272.0,274.0,8973,274.0,2026-09-03T19:33:59.551954+00:00
2019-08-14,272.0,277.0,272.0,275.0,8545,275.0,2026-09-03T19:33:59.551954+00:00
2019-08-15,274.0,279.0,274.0,276.0,5024,276.0,2026-09-03T19:33:59.551954+00:00
2019-08-18,276.0,277.0,275.0,276.0,38803,276.0,2026-09-03T19:33:59.551954+00:00
2019-08-19,277.0,280.0,275.0,278.0,12788,278.0,2026-09-03T19:33:59.551954+00:00
2019-08-20,277.0,277.0,275.0,276.0,11267,276.0,2026-09-03T19:33:59.551954+00:00
2019-08-21,276.0,278.0,275.0,277.0,4251,277.0,2026-09-03T19:33:59.551954+00:00
2019-08-22,277.0,278.0,276.0,277.0,7740,277.0,2026-09-03T19:33:59.551954+00:00
2019-08-25,277.0,277.0,273.0,275.0,7351,275.0,2026-09-03T19:33:59.551954+00:00
2019-08-26,273.0,276.0,273.0,274.0,13592,274.0,2026-09-03T19:33:59.551954+00:00
2019-08-27,275.0,277.0,274.0,275.0,6717,275.0,2026-09-03T19:33:59.551954+00:00
2019-08-28,274.0,276.0,274.0,275.0,13063,275.0,2026-09-03T19:33:59.551954+00:00
2019-08-29,275.0,276.0,273.0,275.0,8097,275.0,2026-09-03T19:33:59.551954+00:00
2019-09-01,275.0,276.0,273.0,273.0,22994,273.0,2026-09-03T19:33:59.551954+00:00
2019-09-02,271.0,274.0,266.0,267.0,21073,267.0,2026-09-03T19:33:59.551954+00:00
2019-09-03,265.0,271.0,263.0,271.0,31969,271.0,2026-09-03T19:33:59.551954+00:00
2019-09-04,274.0,277.0,268.0,273.0,12897,273.0,2026-09-03T19:33:59.551954+00:00
2019-09-05,273.0,276.0,273.0,273.0,6883,273.0,2026-09-03T19:33:59.551954+00:00
2019-09-08,274.0,274.0,270.0,270.0,5892,270.0,2026-09-03T19:33:59.551954+00:00
2019-09-09,269.0,270.0,267.0,268.0,4097,268.0,2026-09-03T19:33:59.551954+00:00
2019-09-10,268.0,270.0,268.0,268.0,6775,268.0,2026-09-03T19:33:59.551954+00:00
2019-09-11,268.0,269.0,268.0,268.0,4026,268.0,2026-09-03T19:33:59.551954+00:00
2019-09-12,268.0,268.0,265.0,267.0,7596,267.0,2026-09-03T19:33:59.551954+00:00
2019-09-15,265.0,266.0,261.0,261.0,9156,261.0,2026-09-03T19:33:59.551954+00:00
2019-09-16,260.0,261.0,256.0,257.0,13505,257.0,2026-09-03T19:33:59.551954+00:00
2019-09-17,260.0,269.0,257.0,261.0,7779,261.0,2026-09-03T19:33:59.551954+00:00
2019-09-18,266.0,270.0,264.0,269.0,8177,269.0,2026-09-03T19:33:59.551954+00:00
2019-09-19,271.0,272.0,268.0,270.0,8767,270.0,2026-09-03T19:33:59.551954+00:00
2019-09-22,263.0,264.0,262.0,262.0,7675,262.0,2026-09-03T19:33:59.551954+00:00
2019-09-23,262.0,264.0,258.0,263.0,8230,263.0,2026-09-03T19:33:59.551954+00:00
2019-09-24,264.0,265.0,259.0,263.0,4248,263.0,2026-09-03T19:33:59.551954+00:00
2019-09-25,261.0,263.0,261.0,261.0,12943,261.0,2026-09-03T19:33:59.551954+00:00
2019-09-26,261.0,264.0,260.0,261.0,10717,261.0,2026-09-03T19:33:59.551954+00:00
2019-09-29,260.0,262.0,260.0,260.0,3718,260.0,2026-09-03T19:33:59.551954+00:00
2019-09-30,262.0,268.0,260.0,264.0,4423,264.0,2026-09-03T19:33:59.551954+00:00
2019-10-01,266.0,271.0,266.0,267.0,8131,267.0,2026-09-03T19:33:59.551954+00:00
2019-10-02,272.0,272.0,267.0,269.0,5118,269.0,2026-09-03T19:33:59.551954+00:00
2019-10-03,270.0,271.0,265.0,269.0,8044,269.0,2026-09-03T19:33:59.551954+00:00
2019-10-10,264.0,277.0,262.0,268.0,3509,268.0,2026-09-03T19:33:59.551954+00:00
2019-10-14,266.0,267.0,263.0,263.0,26174,263.0,2026-09-03T19:33:59.551954+00:00
2019-10-15,262.0,266.0,262.0,264.0,8752,264.0,2026-09-03T19:33:59.551954+00:00
2019-10-16,262.0,268.0,262.0,265.0,4451,265.0,2026-09-03T19:33:59.551954+00:00
2019-10-17,264.0,266.0,262.0,262.0,20907,262.0,2026-09-03T19:33:59.551954+00:00
2019-10-20,264.0,265.0,262.0,264.0,5285,264.0,2026-09-03T19:33:59.551954+00:00
2019-10-21,263.0,267.0,262.0,265.0,3958,265.0,2026-09-03T19:33:59.551954+00:00
2019-10-22,265.0,267.0,264.0,267.0,21242,267.0,2026-09-03T19:33:59.551954+00:00
2019-10-23,269.0,269.0,265.0,265.0,8236,265.0,2026-09-03T19:33:59.551954+00:00
2019-10-24,264.0,267.0,263.0,265.0,20869,265.0,2026-09-03T19:33:59.551954+00:00
2019-10-31,265.0,270.0,263.0,263.0,18711,263.0,2026-09-03T19:33:59.551954+00:00
2019-11-03,262.0,264.0,261.0,261.0,9308,261.0,2026-09-03T19:33:59.551954+00:00
2019-11-04,263.0,264.0,261.0,261.0,8002,261.0,2026-09-03T19:33:59.551954+00:00
2019-11-05,263.0,264.0,260.0,260.0,23706,260.0,2026-09-03T19:33:59.551954+00:00
2019-11-06,262.0,263.0,261.0,263.0,5659,263.0,2026-09-03T19:33:59.551954+00:00
2019-11-07,268.0,268.0,261.0,262.0,6159,262.0,2026-09-03T19:33:59.551954+00:00
2019-11-10,267.0,267.0,261.0,262.0,7595,262.0,2026-09-03T19:33:59.551954+00:00
2019-11-11,267.0,269.0,263.0,269.0,13313,269.0,2026-09-03T19:33:59.551954+00:00
2019-11-12,272.0,274.0,265.0,268.0,34177,268.0,2026-09-03T19:33:59.551954+00:00
2019-11-13,268.0,269.0,266.0,269.0,25882,269.0,2026-09-03T19:33:59.551954+00:00
2019-11-14,269.0,272.0,269.0,270.0,13646,270.0,2026-09-03T19:33:59.551954+00:00
2019-11-17,271.0,275.0,267.0,267.0,41842,267.0,2026-09-03T19:33:59.551954+00:00
2019-11-18,268.0,272.0,268.0,272.0,22173,272.0,2026-09-03T19:33:59.551954+00:00
2019-11-19,272.0,275.0,272.0,274.0,16381,274.0,2026-09-03T19:33:59.551954+00:00
2019-11-20,275.0,281.0,275.0,276.0,44242,276.0,2026-09-03T19:33:59.551954+00:00
2019-11-21,275.0,277.0,273.0,276.0,27694,276.0,2026-09-03T19:33:59.551954+00:00
2019-11-24,276.0,276.0,272.0,273.0,20223,273.0,2026-09-03T19:33:59.551954+00:00
2019-11-25,274.0,278.0,270.0,272.0,36620,272.0,2026-09-03T19:33:59.551954+00:00
2019-11-26,274.0,274.0,272.0,273.0,14437,273.0,2026-09-03T19:33:59.551954+00:00
2019-11-27,272.0,274.0,272.0,273.0,12440,273.0,2026-09-03T19:33:59.551954+00:00
2019-11-28,274.0,275.0,272.0,273.0,17325,273.0,2026-09-03T19:33:59.551954+00:00
2019-12-01,273.0,274.0,270.0,271.0,24822,271.0,2026-09-03T19:33:59.551954+00:00
2019-12-02,270.0,272.0,269.0,269.0,19738,269.0,2026-09-03T19:33:59.551954+00:00
2019-12-03,270.0,271.0,269.0,270.0,14184,270.0,2026-09-03T19:33:59.551954+00:00
2019-12-04,275.0,279.0,269.0,270.0,9761,270.0,2026-09-03T19:33:59.551954+00:00
2019-12-05,271.0,274.0,271.0,271.0,15284,271.0,2026-09-03T19:33:59.551954+00:00
2019-12-08,272.0,274.0,271.0,273.0,11187,273.0,2026-09-03T19:33:59.551954+00:00
2019-12-09,273.0,277.0,271.0,275.0,11352,275.0,2026-09-03T19:33:59.551954+00:00
2019-12-10,278.0,278.0,275.0,276.0,14437,276.0,2026-09-03T19:33:59.551954+00:00
2019-12-11,277.0,279.0,276.0,279.0,12279,279.0,2026-09-03T19:33:59.551954+00:00
2019-12-12,283.0,284.0,278.0,281.0,25451,281.0,2026-09-03T19:33:59.551954+00:00
2019-12-15,280.0,286.0,280.0,282.0,17978,282.0,2026-09-03T19:33:59.551954+00:00
2019-12-16,282.0,285.0,279.0,279.0,31957,279.0,2026-09-03T19:33:59.551954+00:00
2019-12-17,279.0,279.0,276.0,276.0,9952,276.0,2026-09-03T19:33:59.551954+00:00
2019-12-18,278.0,279.0,276.0,279.0,11009,279.0,2026-09-03T19:33:59.551954+00:00
2019-12-19,280.0,280.0,276.0,280.0,111182,280.0,2026-09-03T19:33:59.551954+00:00
2019-12-22,281.0,282.0,280.0,280.0,10544,280.0,2026-09-03T19:33:59.551954+00:00
2019-12-23,283.0,283.0,279.0,280.0,9971,280.0,2026-09-03T19:33:59.551954+00:00
2019-12-24,280.0,282.0,280.0,280.0,27215,280.0,2026-09-03T19:33:59.551954+00:00
2019-12-25,281.0,281.0,277.0,279.0,165021,279.0,2026-09-03T19:33:59.551954+00:00
2019-12-26,280.0,282.0,278.0,280.0,19073,280.0,2026-09-03T19:33:59.551954+00:00
2019-12-29,280.0,280.0,278.0,279.0,72244,279.0,2026-09-03T19:33:59.551954+00:00
2019-12-30,236.0,238.0,235.0,237.0,20643,237.0,2026-09-03T19:33:59.551954+00:00
2019-12-31,240.0,240.0,234.0,235.0,8522,235.0,2026-09-03T19:33:59.551954+00:00
2020-01-01,235.0,238.0,235.0,236.0,5468,236.0,2026-09-03T19:33:59.551954+00:00
2020-01-02,236.0,237.0,235.0,235.0,7058,235.0,2026-09-03T19:33:59.551954+00:00
2020-01-05,233.0,240.0,233.0,240.0,13795,240.0,2026-09-03T19:33:59.551954+00:00
2020-01-06,242.0,248.0,242.0,245.0,16990,245.0,2026-09-03T19:33:59.551954+00:00
2020-01-07,245.0,252.0,245.0,250.0,27960,250.0,2026-09-03T19:33:59.551954+00:00
2020-01-08,250.0,253.0,247.0,250.0,13631,250.0,2026-09-03T19:33:59.551954+00:00
2020-01-09,247.0,250.0,246.0,248.0,16734,248.0,2026-09-03T19:33:59.551954+00:00
2020-01-12,250.0,255.0,248.0,255.0,19507,255.0,2026-09-03T19:33:59.551954+00:00
2020-01-13,260.0,270.0,256.0,265.0,159773,265.0,2026-09-03T19:33:59.551954+00:00
2020-01-14,265.0,265.0,259.0,260.0,21293,260.0,2026-09-03T19:33:59.551954+00:00
2020-01-15,260.0,270.0,260.0,270.0,55286,270.0,2026-09-03T19:33:59.551954+00:00
2020-01-16,275.0,287.0,273.0,282.0,138623,282.0,2026-09-03T19:33:59.551954+00:00
2020-01-19,287.0,290.0,282.0,284.0,105361,284.0,2026-09-03T19:33:59.551954+00:00
2020-01-20,284.0,286.0,271.0,275.0,58455,275.0,2026-09-03T19:33:59.551954+00:00
2020-01-21,275.0,278.0,270.0,274.0,51765,274.0,2026-09-03T19:33:59.551954+00:00
2020-01-22,276.0,277.0,269.0,271.0,27743,271.0,2026-09-03T19:33:59.551954+00:00
2020-01-23,276.0,276.0,265.0,267.0,23693,267.0,2026-09-03T19:33:59.551954+00:00
2020-01-26,271.0,271.0,262.0,265.0,31419,265.0,2026-09-03T19:33:59.551954+00:00
2020-01-27,263.0,270.0,263.0,270.0,9381,270.0,2026-09-03T19:33:59.551954+00:00
2020-01-28,275.0,275.0,270.0,275.0,39302,275.0,2026-09-03T19:33:59.551954+00:00
2020-01-29,280.0,280.0,267.0,269.0,26276,269.0,2026-09-03T19:33:59.551954+00:00
2020-01-30,273.0,278.0,267.0,273.0,55461,273.0,2026-09-03T19:33:59.551954+00:00
2020-02-02,278.0,287.0,278.0,284.0,128066,284.0,2026-09-03T19:33:59.551954+00:00
2020-02-03,285.0,288.0,282.0,285.0,82232,285.0,2026-09-03T19:33:59.551954+00:00
2020-02-04,285.0,286.0,280.0,283.0,43304,283.0,2026-09-03T19:33:59.551954+00:00
2020-02-05,280.0,283.0,279.0,282.0,32098,282.0,2026-09-03T19:33:59.551954+00:00
2020-02-06,282.0,284.0,277.0,277.0,41046,277.0,2026-09-03T19:33:59.551954+00:00
2020-02-09,277.0,280.0,270.0,280.0,48441,280.0,2026-09-03T19:33:59.551954+00:00
2020-02-10,279.0,279.0,274.0,275.0,23299,275.0,2026-09-03T19:33:59.551954+00:00
2020-02-11,275.0,282.0,272.0,279.0,39997,279.0,2026-09-03T19:33:59.551954+00:00
2020-02-12,281.0,284.0,275.0,279.0,25222,279.0,2026-09-03T19:33:59.551954+00:00
2020-02-13,281.0,281.0,274.0,277.0,39825,277.0,2026-09-03T19:33:59.551954+00:00
2020-02-16,279.0,280.0,273.0,278.0,44491,278.0,2026-09-03T19:33:59.551954+00:00
2020-02-17,283.0,288.0,278.0,284.0,98326,284.0,2026-09-03T19:33:59.551954+00:00
2020-02-18,289.0,291.0,283.0,285.0,88623,285.0,2026-09-03T19:33:59.551954+00:00
2020-02-19,284.0,290.0,283.0,287.0,83724,287.0,2026-09-03T19:33:59.551954+00:00
2020-02-20,287.0,293.0,286.0,288.0,111683,288.0,2026-09-03T19:33:59.551954+00:00
2020-02-23,292.0,316.0,291.0,310.0,234341,310.0,2026-09-03T19:33:59.551954+00:00
2020-02-24,316.0,334.0,312.0,318.0,197984,318.0,2026-09-03T19:33:59.551954+00:00
2020-02-25,321.0,322.0,312.0,317.0,102585,317.0,2026-09-03T19:33:59.551954+00:00
2020-02-26,323.0,330.0,318.0,329.0,141821,329.0,2026-09-03T19:33:59.551954+00:00
2020-02-27,325.0,345.0,316.0,335.0,238135,335.0,2026-09-03T19:33:59.551954+00:00
2020-03-01,338.0,352.0,334.0,334.0,217121,334.0,2026-09-03T19:33:59.551954+00:00
2020-03-02,338.0,338.0,314.0,314.0,132614,314.0,2026-09-03T19:33:59.551954+00:00
2020-03-03,300.0,329.0,292.0,314.0,142651,314.0,2026-09-03T19:33:59.551954+00:00
2020-03-04,313.0,320.0,303.0,303.0,110526,303.0,2026-09-03T19:33:59.551954+00:00
2020-03-05,298.0,311.0,297.0,301.0,87606,301.0,2026-09-03T19:33:59.551954+00:00
2020-03-10,295.0,299.0,286.0,289.0,51213,289.0,2026-09-03T19:33:59.551954+00:00
2020-03-11,294.0,306.0,285.0,298.0,161625,298.0,2026-09-03T19:33:59.551954+00:00
2020-03-12,300.0,304.0,285.0,287.0,119834,287.0,2026-09-03T19:33:59.551954+00:00
2020-03-15,287.0,288.0,278.0,278.0,90547,278.0,2026-09-03T19:33:59.551954+00:00
2020-03-16,275.0,287.0,272.0,278.0,66785,278.0,2026-09-03T19:33:59.551954+00:00
2020-03-17,278.0,278.0,270.0,271.0,78402,271.0,2026-09-03T19:33:59.551954+00:00
2020-03-18,267.0,273.0,259.0,262.0,69713,262.0,2026-09-03T19:33:59.551954+00:00
2020-03-19,257.0,274.0,245.0,264.0,81674,264.0,2026-09-03T19:33:59.551954+00:00
2020-03-22,261.0,261.0,249.0,252.0,33352,252.0,2026-09-03T19:33:59.551954+00:00
2020-05-12,247.0,247.0,245.0,245.0,310,245.0,2026-09-03T19:33:59.551954+00:00
2020-06-29,241.0,241.0,221.0,233.0,39260,233.0,2026-09-03T19:33:59.551954+00:00
2020-06-30,233.0,243.0,233.0,242.0,9841,242.0,2026-09-03T19:33:59.551954+00:00
2020-07-01,243.0,259.0,243.0,254.0,16540,254.0,2026-09-03T19:33:59.551954+00:00
2020-07-02,259.0,266.0,229.0,229.0,23561,229.0,2026-09-03T19:33:59.551954+00:00
2020-07-05,232.0,241.0,227.0,231.0,64685,231.0,2026-09-03T19:33:59.551954+00:00
2020-07-06,231.0,241.0,228.0,236.0,51876,236.0,2026-09-03T19:33:59.551954+00:00
2020-07-07,240.0,254.0,219.19,249.0,107194,249.0,2026-09-03T19:33:59.551954+00:00
2020-07-08,249.0,255.0,244.0,248.0,37231,248.0,2026-09-03T19:33:59.551954+00:00
2020-07-09,247.0,256.0,244.0,255.0,40240,255.0,2026-09-03T19:33:59.551954+00:00
2020-07-12,256.0,263.0,249.0,250.0,57791,250.0,2026-09-03T19:33:59.551954+00:00
2020-07-13,255.0,258.0,250.0,252.0,50013,252.0,2026-09-03T19:33:59.551954+00:00
2020-07-14,250.0,254.0,250.0,252.0,34171,252.0,2026-09-03T19:33:59.551954+00:00
2020-07-15,256.0,260.0,253.0,255.0,36890,255.0,2026-09-03T19:33:59.551954+00:00
2020-07-16,259.0,268.0,259.0,268.0,58738,268.0,2026-09-03T19:33:59.551954+00:00
2020-07-19,273.0,288.0,273.0,288.0,1060,288.0,2026-09-03T19:33:59.551954+00:00
2020-07-20,302.0,316.0,280.0,293.0,243058,293.0,2026-09-03T19:33:59.551954+00:00
2020-07-21,295.0,299.0,285.0,285.0,100567,285.0,2026-09-03T19:33:59.551954+00:00
2020-07-22,287.0,290.0,280.0,281.0,74878,281.0,2026-09-03T19:33:59.551954+00:00
2020-07-23,277.0,283.0,275.0,282.0,63471,282.0,2026-09-03T19:33:59.551954+00:00
2020-07-26,282.0,288.0,278.0,284.0,69893,284.0,2026-09-03T19:33:59.551954+00:00
2020-07-27,284.0,290.0,280.0,285.0,98383,285.0,2026-09-03T19:33:59.551954+00:00
2020-07-28,288.0,290.0,280.0,284.0,45079,284.0,2026-09-03T19:33:59.551954+00:00
2020-07-29,280.0,283.0,279.0,279.0,70413,279.0,2026-09-03T19:33:59.551954+00:00
2020-07-30,278.0,281.0,274.0,280.0,66300,280.0,2026-09-03T19:33:59.551954+00:00
2020-08-02,278.0,278.0,265.0,268.0,85827,268.0,2026-09-03T19:33:59.551954+00:00
2020-08-03,265.0,274.0,258.0,269.0,33914,269.0,2026-09-03T19:33:59.551954+00:00
2020-08-05,270.0,270.0,260.0,261.0,69800,261.0,2026-09-03T19:33:59.551954+00:00
2020-08-06,263.0,264.0,259.0,260.0,50179,260.0,2026-09-03T19:33:59.551954+00:00
2020-08-09,262.0,263.0,257.0,263.0,67141,263.0,2026-09-03T19:33:59.551954+00:00
2020-08-10,268.0,272.0,263.0,270.0,83057,270.0,2026-09-03T19:33:59.551954+00:00
2020-08-11,275.0,275.0,269.0,270.0,59823,270.0,2026-09-03T19:33:59.551954+00:00
2020-08-12,270.0,272.0,268.0,271.0,38076,271.0,2026-09-03T19:33:59.551954+00:00
2020-08-13,268.0,271.0,268.0,268.0,36352,268.0,2026-09-03T19:33:59.551954+00:00
2020-08-16,268.0,273.0,264.0,270.0,126215,270.0,2026-09-03T19:33:59.551954+00:00
2020-08-17,270.0,276.0,269.0,275.0,64669,275.0,2026-09-03T19:33:59.551954+00:00
2020-08-18,275.0,279.0,275.0,277.0,94988,277.0,2026-09-03T19:33:59.551954+00:00
2020-08-19,282.0,282.0,267.0,272.0,53704,272.0,2026-09-03T19:33:59.551954+00:00
2020-08-20,270.0,273.0,268.0,272.0,25387,272.0,2026-09-03T19:33:59.551954+00:00
2020-08-23,273.0,274.0,269.0,274.0,25081,274.0,2026-09-03T19:33:59.551954+00:00
2020-08-24,275.0,280.0,272.0,280.0,75789,280.0,2026-09-03T19:33:59.551954+00:00
2020-08-25,283.0,284.0,279.0,281.0,93355,281.0,2026-09-03T19:33:59.551954+00:00
2020-08-26,285.0,292.0,280.0,286.0,109326,286.0,2026-09-03T19:33:59.551954+00:00
2020-08-27,291.0,291.0,283.0,285.0,73116,285.0,2026-09-03T19:33:59.551954+00:00
2020-08-30,289.0,289.0,280.0,285.0,37843,285.0,2026-09-03T19:33:59.551954+00:00
2020-08-31,287.0,287.0,281.0,284.0,67271,284.0,2026-09-03T19:33:59.551954+00:00
2020-09-02,286.0,290.0,284.0,285.0,94560,285.0,2026-09-03T19:33:59.551954+00:00
2020-09-03,299.0,299.0,283.0,286.0,95315,286.0,2026-09-03T19:33:59.551954+00:00
2020-09-06,295.0,300.0,282.0,282.0,110768,282.0,2026-09-03T19:33:59.551954+00:00
2020-09-07,283.0,283.0,276.0,278.0,73791,278.0,2026-09-03T19:33:59.551954+00:00
2020-09-08,277.0,278.0,273.0,275.0,61253,275.0,2026-09-03T19:33:59.551954+00:00
2020-09-09,275.0,278.0,274.0,275.0,40924,275.0,2026-09-03T19:33:59.551954+00:00
2020-09-10,275.0,281.0,275.0,278.0,58496,278.0,2026-09-03T19:33:59.551954+00:00
2020-09-13,274.0,282.0,274.0,280.0,73600,280.0,2026-09-03T19:33:59.551954+00:00
2020-09-14,280.0,290.0,280.0,284.0,120339,284.0,2026-09-03T19:33:59.551954+00:00
2020-09-15,287.0,289.0,280.0,281.0,70402,281.0,2026-09-03T19:33:59.551954+00:00
2020-09-16,285.0,285.0,277.0,282.0,36648,282.0,2026-09-03T19:33:59.551954+00:00
2020-09-17,282.0,295.0,280.0,291.0,142539,291.0,2026-09-03T19:33:59.551954+00:00
2020-09-20,305.0,305.0,290.0,299.0,174156,299.0,2026-09-03T19:33:59.551954+00:00
2020-09-21,295.0,300.0,293.0,295.0,133887,295.0,2026-09-03T19:33:59.551954+00:00
2020-09-22,295.0,296.0,285.0,288.0,92364,288.0,2026-09-03T19:33:59.551954+00:00
2020-09-23,290.0,290.0,286.0,288.0,45551,288.0,2026-09-03T19:33:59.551954+00:00
2020-09-24,287.0,288.0,285.0,287.0,67246,287.0,2026-09-03T19:33:59.551954+00:00
2020-09-27,287.0,299.0,286.0,290.0,110079,290.0,2026-09-03T19:33:59.551954+00:00
2020-09-28,290.0,296.0,289.0,290.0,77444,290.0,2026-09-03T19:33:59.551954+00:00
2020-09-29,291.0,294.0,285.0,286.0,46853,286.0,2026-09-03T19:33:59.551954+00:00
2020-09-30,300.0,300.0,283.0,286.0,58060,286.0,2026-09-03T19:33:59.551954+00:00
2020-10-01,286.0,292.0,286.0,292.0,83947,292.0,2026-09-03T19:33:59.551954+00:00
2020-10-04,297.0,300.0,292.0,295.0,86685,295.0,2026-09-03T19:33:59.551954+00:00
2020-10-05,295.0,297.0,292.0,293.0,50159,293.0,2026-09-03T19:33:59.551954+00:00
2020-10-06,290.0,294.0,290.0,291.0,36954,291.0,2026-09-03T19:33:59.551954+00:00
2020-10-07,290.0,296.0,290.0,296.0,108025,296.0,2026-09-03T19:33:59.551954+00:00
2020-10-08,297.0,300.0,289.0,290.0,81704,290.0,2026-09-03T19:33:59.551954+00:00
2020-10-11,293.0,293.0,286.0,289.0,48619,289.0,2026-09-03T19:33:59.551954+00:00
2020-10-12,290.0,290.0,285.0,288.0,38496,288.0,2026-09-03T19:33:59.551954+00:00
2020-10-13,288.0,290.0,287.0,288.0,45958,288.0,2026-09-03T19:33:59.551954+00:00
2020-10-14,287.0,290.0,285.0,287.0,32428,287.0,2026-09-03T19:33:59.551954+00:00
2020-10-15,290.0,292.0,285.0,287.0,118394,287.0,2026-09-03T19:33:59.551954+00:00
2020-10-18,288.0,289.0,285.0,286.0,46764,286.0,2026-09-03T19:33:59.551954+00:00
2020-10-19,287.0,290.0,285.0,288.0,23605,288.0,2026-09-03T19:33:59.551954+00:00
2020-10-20,293.0,293.0,288.0,289.0,21376,289.0,2026-09-03T19:33:59.551954+00:00
2020-10-21,300.0,300.0,290.0,294.0,58706,294.0,2026-09-03T19:33:59.551954+00:00
2020-10-22,298.0,306.0,296.0,303.0,264311,303.0,2026-09-03T19:33:59.551954+00:00
2020-10-28,305.0,333.0,305.0,333.0,540824,333.0,2026-09-03T19:33:59.551954+00:00
2020-10-29,340.0,344.0,328.0,334.0,410848,334.0,2026-09-03T19:33:59.551954+00:00
2020-11-01,334.0,344.0,331.0,342.0,466755,342.0,2026-09-03T19:33:59.551954+00:00
2020-11-02,342.0,347.0,337.0,345.0,360890,345.0,2026-09-03T19:33:59.551954+00:00
2020-11-03,345.0,349.0,341.0,341.0,234003,341.0,2026-09-03T19:33:59.551954+00:00
2020-11-04,333.0,347.0,333.0,346.0,263974,346.0,2026-09-03T19:33:59.551954+00:00
2020-11-05,360.0,363.0,350.0,351.0,589728,351.0,2026-09-03T19:33:59.551954+00:00
2020-11-08,355.0,355.0,344.0,346.0,213012,346.0,2026-09-03T19:33:59.551954+00:00
2020-11-09,346.0,348.0,338.0,338.0,150100,338.0,2026-09-03T19:33:59.551954+00:00
2020-11-10,354.0,354.0,339.0,341.0,141470,341.0,2026-09-03T19:33:59.551954+00:00
2020-11-11,342.0,349.0,341.0,347.0,139191,347.0,2026-09-03T19:33:59.551954+00:00
2020-11-12,350.0,350.0,346.0,346.0,146049,346.0,2026-09-03T19:33:59.551954+00:00
2020-11-18,350.0,360.0,349.0,350.0,189120,350.0,2026-09-03T19:33:59.551954+00:00
2020-11-19,357.0,357.0,347.0,349.0,142539,349.0,2026-09-03T19:33:59.551954+00:00
2020-11-22,355.0,370.0,352.0,364.0,417761,364.0,2026-09-03T19:33:59.551954+00:00
2020-11-23,369.0,385.0,365.0,381.0,456664,381.0,2026-09-03T19:33:59.551954+00:00
2020-11-24,382.0,391.0,380.0,391.0,243397,391.0,2026-09-03T19:33:59.551954+00:00
2020-11-25,397.0,398.0,388.0,395.0,196116,395.0,2026-09-03T19:33:59.551954+00:00
2020-11-26,400.0,407.0,389.0,398.0,407324,398.0,2026-09-03T19:33:59.551954+00:00
2020-11-29,400.0,436.0,398.0,424.0,445068,424.0,2026-09-03T19:33:59.551954+00:00
2020-11-30,430.0,434.0,400.0,408.0,400061,408.0,2026-09-03T19:33:59.551954+00:00
2020-12-01,410.0,411.0,392.0,394.0,364905,394.0,2026-09-03T19:33:59.551954+00:00
2020-12-02,400.0,403.0,387.0,394.0,211805,394.0,2026-09-03T19:33:59.551954+00:00
2020-12-03,399.0,416.0,395.0,413.0,550156,413.0,2026-09-03T19:33:59.551954+00:00
2020-12-06,413.0,417.0,392.0,393.0,226943,393.0,2026-09-03T19:33:59.551954+00:00
2020-12-07,393.0,410.0,387.0,400.0,177942,400.0,2026-09-03T19:33:59.551954+00:00
2020-12-08,420.0,420.0,392.0,395.0,116846,395.0,2026-09-03T19:33:59.551954+00:00
2020-12-09,389.0,400.0,385.0,387.0,130577,387.0,2026-09-03T19:33:59.551954+00:00
2020-12-10,382.0,391.0,382.0,385.0,100356,385.0,2026-09-03T19:33:59.551954+00:00
2020-12-13,404.0,404.0,381.0,401.0,139608,401.0,2026-09-03T19:33:59.551954+00:00
2020-12-14,404.0,411.0,401.0,409.0,272901,409.0,2026-09-03T19:33:59.551954+00:00
2020-12-15,429.0,429.0,404.0,405.0,123805,405.0,2026-09-03T19:33:59.551954+00:00
2020-12-16,425.0,425.0,395.0,412.0,265020,412.0,2026-09-03T19:33:59.551954+00:00
2020-12-17,410.0,415.0,401.0,407.0,162011,407.0,2026-09-03T19:33:59.551954+00:00
2020-12-20,399.0,415.0,386.0,393.0,328406,393.0,2026-09-03T19:33:59.551954+00:00
2020-12-21,374.0,405.0,374.0,400.0,288726,400.0,2026-09-03T19:33:59.551954+00:00
2020-12-22,401.0,426.0,401.0,422.0,476589,422.0,2026-09-03T19:33:59.551954+00:00
2020-12-23,430.0,440.0,420.0,426.0,319621,426.0,2026-09-03T19:33:59.551954+00:00
2020-12-24,428.0,428.0,415.0,419.0,138484,419.0,2026-09-03T19:33:59.551954+00:00
2020-12-27,420.0,420.0,408.0,410.0,124073,410.0,2026-09-03T19:33:59.551954+00:00
2020-12-28,410.0,418.0,400.0,409.0,220285,409.0,2026-09-03T19:33:59.551954+00:00
2020-12-29,405.0,413.0,404.0,409.0,122596,409.0,2026-09-03T19:33:59.551954+00:00
2020-12-30,405.0,426.0,405.0,425.0,359277,425.0,2026-09-03T19:33:59.551954+00:00
2020-12-31,430.0,430.0,421.0,426.0,360868,426.0,2026-09-03T19:33:59.551954+00:00
2021-01-03,430.0,468.0,429.0,468.0,1118098,468.0,2026-09-03T19:33:59.551954+00:00
2021-01-04,427.0,428.0,400.0,407.0,298594,407.0,2026-09-03T19:33:59.551954+00:00
2021-01-05,407.0,407.0,398.0,399.0,148221,399.0,2026-09-03T19:33:59.551954+00:00
2021-01-06,399.0,404.0,396.0,401.0,167716,401.0,2026-09-03T19:33:59.551954+00:00
2021-01-07,409.0,415.0,406.0,409.0,207973,409.0,2026-09-03T19:33:59.551954+00:00
2021-01-10,413.0,449.0,413.0,444.0,472081,444.0,2026-09-03T19:33:59.551954+00:00
2021-01-11,450.0,458.0,431.0,436.0,321824,436.0,2026-09-03T19:33:59.551954+00:00
2021-01-12,440.0,441.0,430.0,435.0,176874,435.0,2026-09-03T19:33:59.551954+00:00
2021-01-13,456.0,456.0,438.0,442.0,308865,442.0,2026-09-03T19:33:59.551954+00:00
2021-01-17,444.0,451.0,440.0,441.0,141933,441.0,2026-09-03T19:33:59.551954+00:00
2021-01-18,444.0,446.0,439.0,443.0,168424,443.0,2026-09-03T19:33:59.551954+00:00
2021-01-19,444.0,447.0,436.0,442.0,182096,442.0,2026-09-03T19:33:59.551954+00:00
2021-01-20,442.0,446.0,436.0,440.0,148376,440.0,2026-09-03T19:33:59.551954+00:00
2021-01-21,446.0,446.0,436.0,438.0,122390,438.0,2026-09-03T19:33:59.551954+00:00
2021-01-24,444.0,475.0,441.0,463.0,499864,463.0,2026-09-03T19:33:59.551954+00:00
2021-01-25,470.0,480.0,456.0,474.0,276786,474.0,2026-09-03T19:33:59.551954+00:00
2021-01-26,478.0,480.0,461.0,463.0,178847,463.0,2026-09-03T19:33:59.551954+00:00
2021-01-27,467.0,482.0,456.0,465.0,810899,465.0,2026-09-03T19:33:59.551954+00:00
2021-01-28,470.0,474.0,450.0,457.0,303484,457.0,2026-09-03T19:33:59.551954+00:00
2021-01-31,452.0,454.0,439.0,442.0,443269,442.0,2026-09-03T19:33:59.551954+00:00
2021-02-01,450.0,451.0,443.0,447.0,204036,447.0,2026-09-03T19:33:59.551954+00:00
2021-02-02,450.0,455.0,445.0,449.0,191404,449.0,2026-09-03T19:33:59.551954+00:00
2021-02-03,453.0,463.0,451.0,455.0,363316,455.0,2026-09-03T19:33:59.551954+00:00
2021-02-04,477.0,477.0,445.0,450.0,115552,450.0,2026-09-03T19:33:59.551954+00:00
2021-02-07,459.0,459.0,444.0,447.0,199332,447.0,2026-09-03T19:33:59.551954+00:00
2021-02-08,460.0,464.0,444.0,462.0,348753,462.0,2026-09-03T19:33:59.551954+00:00
2021-02-09,468.0,472.0,452.0,458.0,188426,458.0,2026-09-03T19:33:59.551954+00:00
2021-02-10,465.0,469.0,448.0,462.0,193276,462.0,2026-09-03T19:33:59.551954+00:00
2021-02-11,465.0,476.0,464.0,467.0,344149,467.0,2026-09-03T19:33:59.551954+00:00
2021-02-14,470.0,474.0,457.0,460.0,121398,460.0,2026-09-03T19:33:59.551954+00:00
2021-02-15,465.0,471.0,458.0,468.0,266035,468.0,2026-09-03T19:33:59.551954+00:00
2021-02-16,468.0,486.0,468.0,476.0,307108,476.0,2026-09-03T19:33:59.551954+00:00
2021-02-17,480.0,495.0,467.0,478.0,212179,478.0,2026-09-03T19:33:59.551954+00:00
2021-02-18,476.0,482.0,473.0,480.0,224965,480.0,2026-09-03T19:33:59.551954+00:00
2021-02-21,485.0,485.0,477.0,480.0,212375,480.0,2026-09-03T19:33:59.551954+00:00
2021-02-22,480.0,480.0,462.0,464.0,146108,464.0,2026-09-03T19:33:59.551954+00:00
2021-02-23,464.0,468.0,449.0,468.0,241727,468.0,2026-09-03T19:33:59.551954+00:00
2021-02-24,470.0,484.0,456.0,469.0,124906,469.0,2026-09-03T19:33:59.551954+00:00
2021-02-25,460.0,465.0,452.0,457.0,106551,457.0,2026-09-03T19:33:59.551954+00:00
2021-02-28,462.0,465.0,436.0,436.0,201439,436.0,2026-09-03T19:33:59.551954+00:00
2021-03-01,444.0,446.0,429.0,443.0,105401,443.0,2026-09-03T19:33:59.551954+00:00
2021-03-02,449.0,449.0,425.0,430.0,155147,430.0,2026-09-03T19:33:59.551954+00:00
2021-03-03,409.0,430.0,409.0,424.0,156847,424.0,2026-09-03T19:33:59.551954+00:00
2021-03-04,430.0,447.0,430.0,446.0,135291,446.0,2026-09-03T19:33:59.551954+00:00
2021-03-07,446.0,448.0,440.0,441.0,116996,441.0,2026-09-03T19:33:59.551954+00:00
2021-03-09,440.0,440.0,434.0,436.0,66177,436.0,2026-09-03T19:33:59.551954+00:00
2021-03-10,439.0,439.0,431.0,436.0,54184,436.0,2026-09-03T19:33:59.551954+00:00
2021-03-14,436.0,436.0,423.0,426.0,122874,426.0,2026-09-03T19:33:59.551954+00:00
2021-03-15,420.0,430.0,415.0,422.0,89015,422.0,2026-09-03T19:33:59.551954+00:00
2021-03-16,420.0,424.0,411.0,420.0,132153,420.0,2026-09-03T19:33:59.551954+00:00
2021-03-17,420.0,423.0,410.0,423.0,106283,423.0,2026-09-03T19:33:59.551954+00:00
2021-03-18,423.0,433.0,423.0,428.0,64234,428.0,2026-09-03T19:33:59.551954+00:00
2021-03-21,449.0,449.0,426.0,435.0,80869,435.0,2026-09-03T19:33:59.551954+00:00
2021-03-22,440.0,441.0,428.0,436.0,87843,436.0,2026-09-03T19:33:59.551954+00:00
2021-03-23,430.0,434.0,428.0,434.0,81036,434.0,2026-09-03T19:33:59.551954+00:00
2021-03-24,434.0,443.0,430.0,443.0,100060,443.0,2026-09-03T19:33:59.551954+00:00
2021-03-25,446.0,446.0,430.0,433.0,57180,433.0,2026-09-03T19:33:59.551954+00:00
2021-03-29,433.0,433.0,427.0,430.0,35217,430.0,2026-09-03T19:33:59.551954+00:00
2021-03-30,425.0,432.0,425.0,430.0,51065,430.0,2026-09-03T19:33:59.551954+00:00
2021-03-31,440.0,440.0,428.0,437.0,78074,437.0,2026-09-03T19:33:59.551954+00:00
2021-04-01,444.0,445.0,436.0,438.0,82896,438.0,2026-09-03T19:33:59.551954+00:00
2021-04-04,446.0,448.0,440.0,441.0,68216,441.0,2026-09-03T19:33:59.551954+00:00
2021-04-05,441.0,442.0,436.0,439.0,85930,439.0,2026-09-03T19:33:59.551954+00:00
2021-04-06,435.0,440.0,435.0,439.0,65474,439.0,2026-09-03T19:33:59.551954+00:00
2021-04-07,439.0,441.0,438.0,438.0,44671,438.0,2026-09-03T19:33:59.551954+00:00
2021-04-08,435.0,440.0,435.0,437.0,45498,437.0,2026-09-03T19:33:59.551954+00:00
2021-04-12,440.0,441.0,436.0,439.0,61266,439.0,2026-09-03T19:33:59.551954+00:00
2021-04-13,441.0,452.0,438.0,451.0,159917,451.0,2026-09-03T19:33:59.551954+00:00
2021-04-15,455.0,461.0,452.0,461.0,177352,461.0,2026-09-03T19:33:59.551954+00:00
2021-04-18,484.0,484.0,447.0,448.0,104916,448.0,2026-09-03T19:33:59.551954+00:00
2021-04-19,460.0,460.0,435.0,440.0,127579,440.0,2026-09-03T19:33:59.551954+00:00
2021-04-20,442.0,442.0,435.0,440.0,75743,440.0,2026-09-03T19:33:59.551954+00:00
2021-04-21,438.0,442.0,431.0,434.0,75036,434.0,2026-09-03T19:33:59.551954+00:00
2021-04-22,431.0,436.0,428.0,433.0,60597,433.0,2026-09-03T19:33:59.551954+00:00
2021-04-25,433.0,433.0,420.0,423.0,111488,423.0,2026-09-03T19:33:59.551954+00:00
2021-04-26,425.0,425.0,413.0,416.0,129570,416.0,2026-09-03T19:33:59.551954+00:00
2021-04-27,421.0,428.0,417.0,428.0,67928,428.0,2026-09-03T19:33:59.551954+00:00
2021-04-28,436.0,436.0,425.0,430.0,82002,430.0,2026-09-03T19:33:59.551954+00:00
2021-04-29,432.0,434.0,427.0,429.0,39551,429.0,2026-09-03T19:33:59.551954+00:00
2021-05-02,445.0,445.0,429.0,440.0,94511,440.0,2026-09-03T19:33:59.551954+00:00
2021-05-03,450.0,450.0,431.0,436.0,86877,436.0,2026-09-03T19:33:59.551954+00:00
2021-05-04,436.0,436.0,427.0,431.0,31948,431.0,2026-09-03T19:33:59.551954+00:00
2021-05-05,452.0,452.0,427.0,433.0,69014,433.0,2026-09-03T19:33:59.551954+00:00
2021-05-06,433.0,441.0,425.0,441.0,60829,441.0,2026-09-03T19:33:59.551954+00:00
2021-05-09,433.0,439.0,429.0,434.0,50619,434.0,2026-09-03T19:33:59.551954+00:00
2021-05-10,432.0,438.0,429.0,434.0,75635,434.0,2026-09-03T19:33:59.551954+00:00
2021-05-11,420.0,437.0,420.0,430.0,86047,430.0,2026-09-03T19:33:59.551954+00:00
2021-05-12,430.0,432.0,425.0,428.0,83003,428.0,2026-09-03T19:33:59.551954+00:00
2021-05-13,428.0,435.0,426.0,430.0,46353,430.0,2026-09-03T19:33:59.551954+00:00
2021-05-16,433.0,438.0,430.0,437.0,94836,437.0,2026-09-03T19:33:59.551954+00:00
2021-05-17,439.0,442.0,434.0,438.0,188948,438.0,2026-09-03T19:33:59.551954+00:00
2021-05-18,438.0,440.0,435.0,437.0,75158,437.0,2026-09-03T19:33:59.551954+00:00
2021-05-19,439.0,455.0,438.0,444.0,117445,444.0,2026-09-03T19:33:59.551954+00:00
2021-05-20,447.0,448.0,439.0,445.0,92506,445.0,2026-09-03T19:33:59.551954+00:00
2021-05-23,445.0,449.0,433.0,449.0,117120,449.0,2026-09-03T19:33:59.551954+00:00
2021-05-24,433.0,466.0,433.0,454.0,322893,454.0,2026-09-03T19:33:59.551954+00:00
2021-05-25,458.0,460.0,445.0,448.0,117149,448.0,2026-09-03T19:33:59.551954+00:00
2021-05-27,448.0,455.0,434.0,452.0,164454,452.0,2026-09-03T19:33:59.551954+00:00
2021-05-30,460.0,460.0,449.0,456.0,224917,456.0,2026-09-03T19:33:59.551954+00:00
2021-05-31,456.0,462.0,450.0,450.0,211098,450.0,2026-09-03T19:33:59.551954+00:00
2021-06-01,448.0,450.0,443.0,447.0,94769,447.0,2026-09-03T19:33:59.551954+00:00
2021-06-02,447.0,451.0,444.0,450.0,121039,450.0,2026-09-03T19:33:59.551954+00:00
2021-06-03,450.0,468.0,449.0,463.0,351617,463.0,2026-09-03T19:33:59.551954+00:00
2021-06-06,485.0,495.0,477.0,482.0,605343,482.0,2026-09-03T19:33:59.551954+00:00
2021-06-07,491.0,498.0,470.0,478.0,414938,478.0,2026-09-03T19:33:59.551954+00:00
2021-06-08,480.0,484.0,471.0,478.0,264286,478.0,2026-09-03T19:33:59.551954+00:00
2021-06-09,485.0,485.0,471.0,474.0,218650,474.0,2026-09-03T19:33:59.551954+00:00
2021-06-10,475.0,475.0,466.0,469.0,201416,469.0,2026-09-03T19:33:59.551954+00:00
2021-06-13,469.0,478.0,464.0,465.0,280039,465.0,2026-09-03T19:33:59.551954+00:00
2021-06-14,466.0,489.0,466.0,484.0,376606,484.0,2026-09-03T19:33:59.551954+00:00
2021-06-15,484.0,493.0,478.0,480.0,269062,480.0,2026-09-03T19:33:59.551954+00:00
2021-06-16,485.0,493.0,475.0,481.0,247563,481.0,2026-09-03T19:33:59.551954+00:00
2021-06-17,483.0,487.0,476.0,480.0,165892,480.0,2026-09-03T19:33:59.551954+00:00
2021-06-20,480.0,482.0,465.0,469.0,177050,469.0,2026-09-03T19:33:59.551954+00:00
2021-06-21,485.0,485.0,457.0,458.0,159889,458.0,2026-09-03T19:33:59.551954+00:00
2021-06-22,470.0,472.0,450.0,472.0,117654,472.0,2026-09-03T19:33:59.551954+00:00
2021-06-23,475.0,477.0,460.0,461.0,110610,461.0,2026-09-03T19:33:59.551954+00:00
2021-06-24,465.0,466.0,455.0,458.0,109271,458.0,2026-09-03T19:33:59.551954+00:00
2021-06-27,465.0,471.0,456.0,470.0,114981,470.0,2026-09-03T19:33:59.551954+00:00
2021-06-28,475.0,480.0,470.0,473.0,123506,473.0,2026-09-03T19:33:59.551954+00:00
2021-06-29,480.0,481.0,465.0,467.0,61534,467.0,2026-09-03T19:33:59.551954+00:00
2021-06-30,465.0,466.0,459.0,462.0,68597,462.0,2026-09-03T19:33:59.551954+00:00
2021-07-01,465.0,468.0,461.0,465.0,82690,465.0,2026-09-03T19:33:59.551954+00:00
2021-07-04,469.0,469.0,461.0,462.0,66128,462.0,2026-09-03T19:33:59.551954+00:00
2021-07-05,464.0,470.0,458.0,460.0,67252,460.0,2026-09-03T19:33:59.551954+00:00
2021-07-06,460.0,463.0,459.0,460.0,49687,460.0,2026-09-03T19:33:59.551954+00:00
2021-07-07,460.0,463.0,459.0,460.0,75031,460.0,2026-09-03T19:33:59.551954+00:00
2021-07-08,460.0,467.0,458.0,467.0,67760,467.0,2026-09-03T19:33:59.551954+00:00
2021-07-11,474.0,480.0,470.0,479.0,131273,479.0,2026-09-03T19:33:59.551954+00:00
2021-07-12,482.0,490.0,474.0,479.0,216398,479.0,2026-09-03T19:33:59.551954+00:00
2021-07-13,475.0,483.0,471.0,480.0,160006,480.0,2026-09-03T19:33:59.551954+00:00
2021-07-14,474.0,482.0,474.0,478.0,57149,478.0,2026-09-03T19:33:59.551954+00:00
2021-07-15,478.0,482.0,477.0,479.0,78065,479.0,2026-09-03T19:33:59.551954+00:00
2021-07-18,480.0,503.8,480.0,501.0,288766,501.0,2026-09-03T19:33:59.551954+00:00
2021-07-19,510.0,521.0,498.0,505.0,227042,505.0,2026-09-03T19:33:59.551954+00:00
2021-07-20,510.0,510.0,497.0,504.0,106157,504.0,2026-09-03T19:33:59.551954+00:00
2021-07-22,504.0,517.0,500.3,509.5,254024,509.5,2026-09-03T19:33:59.551954+00:00
2021-07-25,519.0,530.0,515.1,529.0,278834,529.0,2026-09-03T19:33:59.551954+00:00
2021-07-26,530.0,535.0,514.0,515.0,264856,515.0,2026-09-03T19:33:59.551954+00:00
2021-07-27,504.7,521.0,497.0,515.0,239489,515.0,2026-09-03T19:33:59.551954+00:00
2021-07-28,513.5,520.0,508.0,513.0,222044,513.0,2026-09-03T19:33:59.551954+00:00
2021-07-29,513.0,516.0,505.9,509.0,136093,509.0,2026-09-03T19:33:59.551954+00:00
2021-08-01,512.0,515.0,505.9,507.0,146372,507.0,2026-09-03T19:33:59.551954+00:00
2021-08-02,510.0,510.0,505.0,509.0,85626,509.0,2026-09-03T19:33:59.551954+00:00
2021-08-03,509.0,514.0,507.0,509.0,72769,509.0,2026-09-03T19:33:59.551954+00:00
2021-08-04,515.0,517.0,507.0,510.0,95879,510.0,2026-09-03T19:33:59.551954+00:00
2021-08-05,515.0,515.0,507.5,509.0,78774,509.0,2026-09-03T19:33:59.551954+00:00
2021-08-08,513.0,518.0,509.0,510.1,122819,510.1,2026-09-03T19:33:59.551954+00:00
2021-08-09,511.0,515.0,507.1,508.9,90765,508.9,2026-09-03T19:33:59.551954+00:00
2021-08-10,515.0,525.0,507.0,515.0,192126,515.0,2026-09-03T19:33:59.551954+00:00
2021-08-11,520.0,525.0,509.0,510.0,156294,510.0,2026-09-03T19:33:59.551954+00:00
2021-08-12,509.0,519.0,507.0,515.0,119827,515.0,2026-09-03T19:33:59.551954+00:00
2021-08-15,525.0,536.0,515.0,525.0,498080,525.0,2026-09-03T19:33:59.551954+00:00
2021-08-16,535.5,535.5,520.0,523.0,202401,523.0,2026-09-03T19:33:59.551954+00:00
2021-08-17,528.0,528.0,515.0,520.0,311620,520.0,2026-09-03T19:33:59.551954+00:00
2021-08-18,517.0,528.0,513.0,521.9,194221,521.9,2026-09-03T19:33:59.551954+00:00
2021-08-19,530.0,530.0,515.0,515.5,116010,515.5,2026-09-03T19:33:59.551954+00:00
2021-08-24,525.8,540.0,520.0,520.0,374928,520.0,2026-09-03T19:33:59.551954+00:00
2021-08-25,520.1,523.0,509.0,513.5,158476,513.5,2026-09-03T19:33:59.551954+00:00
2021-08-26,513.5,520.0,511.0,513.0,172563,513.0,2026-09-03T19:33:59.551954+00:00
2021-08-29,520.0,521.0,504.0,506.0,224254,506.0,2026-09-03T19:33:59.551954+00:00
2021-08-31,510.0,510.0,495.0,498.5,221733,498.5,2026-09-03T19:33:59.551954+00:00
2021-09-01,500.0,504.9,496.0,502.0,159382,502.0,2026-09-03T19:33:59.551954+00:00
2021-09-02,502.0,508.0,492.0,495.0,127736,495.0,2026-09-03T19:33:59.551954+00:00
2021-09-05,494.0,495.0,470.0,485.0,178563,485.0,2026-09-03T19:33:59.551954+00:00
2021-09-06,482.0,503.0,476.6,501.0,203835,501.0,2026-09-03T19:33:59.551954+00:00
2021-09-07,501.0,507.0,491.4,498.0,119102,498.0,2026-09-03T19:33:59.551954+00:00
2021-09-08,497.0,497.0,484.0,488.0,91549,488.0,2026-09-03T19:33:59.551954+00:00
2021-09-09,493.0,494.0,485.0,487.0,73412,487.0,2026-09-03T19:33:59.551954+00:00
2021-09-12,496.5,498.0,486.0,494.9,133071,494.9,2026-09-03T19:33:59.551954+00:00
2021-09-13,502.0,503.0,494.0,495.0,113635,495.0,2026-09-03T19:33:59.551954+00:00
2021-09-14,500.0,500.0,491.0,494.0,77386,494.0,2026-09-03T19:33:59.551954+00:00
2021-09-15,494.0,495.0,488.0,492.0,46183,492.0,2026-09-03T19:33:59.551954+00:00
2021-09-16,488.0,490.0,475.6,480.0,137696,480.0,2026-09-03T19:33:59.551954+00:00
2021-09-20,480.0,481.0,461.0,462.0,139009,462.0,2026-09-03T19:33:59.551954+00:00
2021-09-21,455.0,482.0,440.1,468.0,204219,468.0,2026-09-03T19:33:59.551954+00:00
2021-09-22,470.0,484.0,470.0,483.0,158775,483.0,2026-09-03T19:33:59.551954+00:00
2021-09-23,492.6,520.0,490.0,500.0,415560,500.0,2026-09-03T19:33:59.551954+00:00
2021-09-26,510.0,515.0,489.0,493.0,199723,493.0,2026-09-03T19:33:59.551954+00:00
2021-09-27,488.0,489.0,478.0,481.1,82569,481.1,2026-09-03T19:33:59.551954+00:00
2021-09-28,475.0,485.5,470.0,474.0,102778,474.0,2026-09-03T19:33:59.551954+00:00
2021-09-29,483.3,490.0,463.0,490.0,93793,490.0,2026-09-03T19:33:59.551954+00:00
2021-09-30,492.0,492.0,474.1,476.0,89140,476.0,2026-09-03T19:33:59.551954+00:00
2021-10-03,477.0,478.0,465.0,470.0,76330,470.0,2026-09-03T19:33:59.551954+00:00
2021-10-04,462.1,474.0,460.6,467.5,72276,467.5,2026-09-03T19:33:59.551954+00:00
2021-10-05,475.0,476.0,468.0,474.0,57721,474.0,2026-09-03T19:33:59.551954+00:00
2021-10-06,480.0,487.0,477.0,484.9,70687,484.9,2026-09-03T19:33:59.551954+00:00
2021-10-10,484.9,494.0,481.0,484.0,63718,484.0,2026-09-03T19:33:59.551954+00:00
2021-10-11,484.0,489.0,475.0,477.0,66731,477.0,2026-09-03T19:33:59.551954+00:00
2021-10-17,486.0,486.0,470.0,479.0,36364,479.0,2026-09-03T19:33:59.551954+00:00
2021-10-18,482.0,482.0,463.0,467.0,67527,467.0,2026-09-03T19:33:59.551954+00:00
2021-10-19,461.0,461.0,441.0,447.9,100706,447.9,2026-09-03T19:33:59.551954+00:00
2021-10-20,456.0,483.0,453.0,465.0,49186,465.0,2026-09-03T19:33:59.551954+00:00
2021-10-21,466.0,475.0,456.0,470.0,75140,470.0,2026-09-03T19:33:59.551954+00:00
2021-10-24,465.0,469.0,459.0,463.0,51371,463.0,2026-09-03T19:33:59.551954+00:00
2021-10-25,471.0,471.0,463.0,471.0,53495,471.0,2026-09-03T19:33:59.551954+00:00
2021-10-26,471.0,483.0,471.0,480.0,114206,480.0,2026-09-03T19:33:59.551954+00:00
2021-10-27,480.0,488.0,477.0,480.0,70690,480.0,2026-09-03T19:33:59.551954+00:00
2021-10-28,485.0,485.0,478.0,481.0,56027,481.0,2026-09-03T19:33:59.551954+00:00
2021-10-31,481.0,487.0,479.0,480.0,74841,480.0,2026-09-03T19:33:59.551954+00:00
2021-11-01,470.4,485.0,468.0,470.0,94854,470.0,2026-09-03T19:33:59.551954+00:00
2021-11-02,473.5,473.5,465.0,470.0,62476,470.0,2026-09-03T19:33:59.551954+00:00
2021-11-03,471.0,478.1,470.0,474.9,59284,474.9,2026-09-03T19:33:59.551954+00:00
2021-11-08,474.0,480.0,466.0,470.0,44529,470.0,2026-09-03T19:33:59.551954+00:00
2021-11-09,479.4,498.0,471.0,477.4,437988,477.4,2026-09-03T19:33:59.551954+00:00
2021-11-11,480.0,485.0,470.0,473.0,94095,473.0,2026-09-03T19:33:59.551954+00:00
2021-11-14,471.0,475.0,465.0,467.0,63324,467.0,2026-09-03T19:33:59.551954+00:00
2021-11-15,475.0,475.0,466.0,468.9,79457,468.9,2026-09-03T19:33:59.551954+00:00
2021-11-16,476.0,476.0,465.0,469.5,76123,469.5,2026-09-03T19:33:59.551954+00:00
2021-11-17,473.0,476.0,469.0,470.0,53862,470.0,2026-09-03T19:33:59.551954+00:00
2021-11-18,477.9,477.9,466.0,466.5,51189,466.5,2026-09-03T19:33:59.551954+00:00
2021-11-21,466.5,469.0,461.2,463.0,35109,463.0,2026-09-03T19:33:59.551954+00:00
2021-11-22,466.0,468.0,460.0,465.9,41654,465.9,2026-09-03T19:33:59.551954+00:00
2021-11-23,464.0,465.0,461.0,461.0,31187,461.0,2026-09-03T19:33:59.551954+00:00
2021-11-24,461.0,461.0,452.0,458.7,40911,458.7,2026-09-03T19:33:59.551954+00:00
2021-11-25,458.1,462.0,455.0,458.0,47985,458.0,2026-09-03T19:33:59.551954+00:00
2021-11-28,458.1,461.0,452.0,453.0,54441,453.0,2026-09-03T19:33:59.551954+00:00
2021-11-29,459.0,460.0,452.0,458.0,49911,458.0,2026-09-03T19:33:59.551954+00:00
2021-11-30,458.0,460.0,450.2,454.0,42865,454.0,2026-09-03T19:33:59.551954+00:00
2021-12-01,452.0,460.0,452.0,458.0,41681,458.0,2026-09-03T19:33:59.551954+00:00
2021-12-02,460.0,460.0,449.0,452.5,103574,452.5,2026-09-03T19:33:59.551954+00:00
2021-12-05,452.0,452.1,439.0,442.0,79490,442.0,2026-09-03T19:33:59.551954+00:00
2021-12-06,437.0,444.0,425.0,442.0,93876,442.0,2026-09-03T19:33:59.551954+00:00
2021-12-07,450.8,458.0,442.0,443.0,275645,443.0,2026-09-03T19:33:59.551954+00:00
2021-12-08,381.0,381.0,360.7,360.9,99067,360.9,2026-09-03T19:33:59.551954+00:00
2021-12-09,359.0,359.0,344.0,348.8,72587,348.8,2026-09-03T19:33:59.551954+00:00
2021-12-12,343.0,345.0,328.0,329.0,72485,329.0,2026-09-03T19:33:59.551954+00:00
2021-12-13,325.0,329.0,310.0,313.0,100471,313.0,2026-09-03T19:33:59.551954+00:00
2021-12-14,313.0,335.0,313.0,333.0,29681,333.0,2026-09-03T19:33:59.551954+00:00
2021-12-15,339.0,351.9,328.0,333.0,71161,333.0,2026-09-03T19:33:59.551954+00:00
2021-12-16,333.0,333.0,327.0,329.0,48320,329.0,2026-09-03T19:33:59.551954+00:00
2021-12-20,335.5,335.5,320.0,324.0,41010,324.0,2026-09-03T19:33:59.551954+00:00
2021-12-21,330.0,330.4,326.0,329.0,30211,329.0,2026-09-03T19:33:59.551954+00:00
2021-12-22,335.5,348.0,330.1,346.0,69172,346.0,2026-09-03T19:33:59.551954+00:00
2021-12-23,352.9,355.0,336.5,344.3,55715,344.3,2026-09-03T19:33:59.551954+00:00
2021-12-26,350.0,350.8,346.0,350.0,49918,350.0,2026-09-03T19:33:59.551954+00:00
2021-12-27,355.0,355.0,339.2,340.0,58443,340.0,2026-09-03T19:33:59.551954+00:00
2021-12-28,340.0,342.0,330.3,334.9,46094,334.9,2026-09-03T19:33:59.551954+00:00
2021-12-29,339.0,339.0,331.0,334.0,38209,334.0,2026-09-03T19:33:59.551954+00:00
2022-01-02,340.0,340.0,330.0,335.0,65670,335.0,2026-09-03T19:33:59.551954+00:00
2022-01-03,341.7,346.0,334.0,345.0,61211,345.0,2026-09-03T19:33:59.551954+00:00
2022-01-04,345.0,361.9,344.0,360.8,79037,360.8,2026-09-03T19:33:59.551954+00:00
2022-01-05,368.0,368.0,356.0,360.0,71257,360.0,2026-09-03T19:33:59.551954+00:00
2022-01-06,352.8,366.0,352.8,364.0,47157,364.0,2026-09-03T19:33:59.551954+00:00
2022-01-09,371.2,379.9,370.0,376.0,65117,376.0,2026-09-03T19:33:59.551954+00:00
2022-01-10,383.5,383.5,376.0,379.0,93993,379.0,2026-09-03T19:33:59.551954+00:00
2022-01-11,386.5,386.5,373.0,379.4,76413,379.4,2026-09-03T19:33:59.551954+00:00
2022-01-12,386.9,386.9,371.0,371.5,50969,371.5,2026-09-03T19:33:59.551954+00:00
2022-01-13,374.0,377.0,365.0,372.0,53303,372.0,2026-09-03T19:33:59.551954+00:00
2022-01-16,379.4,384.0,373.0,374.0,80095,374.0,2026-09-03T19:33:59.551954+00:00
2022-01-17,378.0,383.0,373.0,375.8,87700,375.8,2026-09-03T19:33:59.551954+00:00
2022-01-18,376.0,386.0,376.0,380.0,178434,380.0,2026-09-03T19:33:59.551954+00:00
2022-01-19,387.6,389.0,380.0,380.0,77328,380.0,2026-09-03T19:33:59.551954+00:00
2022-01-20,380.0,392.0,376.1,383.9,59291,383.9,2026-09-03T19:33:59.551954+00:00
2022-01-23,385.0,385.0,372.0,375.0,54766,375.0,2026-09-03T19:33:59.551954+00:00
2022-01-24,374.0,374.0,358.1,365.0,102636,365.0,2026-09-03T19:33:59.551954+00:00
2022-01-25,360.0,367.0,352.8,360.0,63483,360.0,2026-09-03T19:33:59.551954+00:00
2022-01-26,360.0,360.0,352.0,352.0,40440,352.0,2026-09-03T19:33:59.551954+00:00
2022-01-27,351.1,358.0,350.0,353.0,35661,353.0,2026-09-03T19:33:59.551954+00:00
2022-01-30,360.0,370.0,355.0,365.0,46977,365.0,2026-09-03T19:33:59.551954+00:00
2022-01-31,372.0,372.0,357.0,360.0,26856,360.0,2026-09-03T19:33:59.551954+00:00
2022-02-01,360.0,360.0,353.1,359.9,34702,359.9,2026-09-03T19:33:59.551954+00:00
2022-02-03,362.0,367.5,357.6,359.0,43183,359.0,2026-09-03T19:33:59.551954+00:00
2022-02-06,360.0,366.1,354.1,357.0,35819,357.0,2026-09-03T19:33:59.551954+00:00
2022-02-07,352.0,358.4,352.0,355.0,25817,355.0,2026-09-03T19:33:59.551954+00:00
2022-02-08,362.1,369.0,351.0,352.0,45561,352.0,2026-09-03T19:33:59.551954+00:00
2022-02-09,352.0,352.0,348.0,349.9,21709,349.9,2026-09-03T19:33:59.551954+00:00
2022-02-10,353.0,353.0,346.0,348.0,26462,348.0,2026-09-03T19:33:59.551954+00:00
2022-02-13,344.0,345.0,334.4,336.0,79596,336.0,2026-09-03T19:33:59.551954+00:00
2022-02-14,340.0,341.7,334.0,337.0,20128,337.0,2026-09-03T19:33:59.551954+00:00
2022-02-15,342.0,342.0,335.0,337.0,44681,337.0,2026-09-03T19:33:59.551954+00:00
2022-02-16,342.0,342.0,335.0,336.0,43063,336.0,2026-09-03T19:33:59.551954+00:00
2022-02-17,338.0,338.0,330.1,337.0,66781,337.0,2026-09-03T19:33:59.551954+00:00
2022-02-20,335.0,335.0,330.0,330.6,41446,330.6,2026-09-03T19:33:59.551954+00:00
2022-02-21,332.0,338.0,331.0,337.0,22747,337.0,2026-09-03T19:33:59.551954+00:00
2022-02-22,343.0,343.0,333.0,335.0,39989,335.0,2026-09-03T19:33:59.551954+00:00
2022-02-23,337.2,337.2,330.1,332.0,45278,332.0,2026-09-03T19:33:59.551954+00:00
2022-02-24,330.0,330.0,321.0,325.0,80217,325.0,2026-09-03T19:33:59.551954+00:00
2022-02-27,320.0,326.0,319.0,319.0,49848,319.0,2026-09-03T19:33:59.551954+00:00
2022-02-28,321.0,325.0,315.0,316.0,80272,316.0,2026-09-03T19:33:59.551954+00:00
2022-03-02,315.0,320.0,311.3,315.0,72127,315.0,2026-09-03T19:33:59.551954+00:00
2022-03-06,320.0,320.0,315.0,319.1,33421,319.1,2026-09-03T19:33:59.551954+00:00
2022-03-07,315.7,323.0,315.7,319.9,20734,319.9,2026-09-03T19:33:59.551954+00:00
2022-03-09,320.0,320.0,313.0,315.0,35349,315.0,2026-09-03T19:33:59.551954+00:00
2022-03-10,315.0,318.0,310.0,316.1,28979,316.1,2026-09-03T19:33:59.551954+00:00
2022-03-13,320.0,333.0,320.0,332.8,39733,332.8,2026-09-03T19:33:59.551954+00:00
2022-03-14,339.0,339.4,330.0,330.0,21165,330.0,2026-09-03T19:33:59.551954+00:00
2022-03-15,330.0,333.0,326.0,330.0,30423,330.0,2026-09-03T19:33:59.551954+00:00
2022-03-16,325.5,332.0,325.5,328.0,25509,328.0,2026-09-03T19:33:59.551954+00:00
2022-03-20,328.0,333.0,321.5,325.0,25023,325.0,2026-09-03T19:33:59.551954+00:00
2022-03-21,325.0,325.0,320.1,323.2,33985,323.2,2026-09-03T19:33:59.551954+00:00
2022-03-22,325.5,327.0,322.0,326.0,26716,326.0,2026-09-03T19:33:59.551954+00:00
2022-03-23,325.0,326.0,321.9,324.0,20486,324.0,2026-09-03T19:33:59.551954+00:00
2022-03-24,320.0,324.0,319.2,319.5,41640,319.5,2026-09-03T19:33:59.551954+00:00
2022-03-27,320.0,320.0,313.7,314.0,41139,314.0,2026-09-03T19:33:59.551954+00:00
2022-03-28,312.0,315.0,311.0,312.0,29965,312.0,2026-09-03T19:33:59.551954+00:00
2022-03-29,318.0,318.0,311.0,311.2,22809,311.2,2026-09-03T19:33:59.551954+00:00
2022-03-30,311.2,314.9,309.0,313.0,38829,313.0,2026-09-03T19:33:59.551954+00:00
2022-03-31,318.0,318.0,310.0,311.3,29349,311.3,2026-09-03T19:33:59.551954+00:00
2022-04-03,313.0,313.0,307.0,308.0,27572,308.0,2026-09-03T19:33:59.551954+00:00
2022-04-04,314.1,314.1,305.0,309.0,47026,309.0,2026-09-03T19:33:59.551954+00:00
2022-04-05,315.1,315.1,301.0,303.0,177379,303.0,2026-09-03T19:33:59.551954+00:00
2022-04-06,301.0,302.0,296.0,298.0,58037,298.0,2026-09-03T19:33:59.551954+00:00
2022-04-07,303.0,306.0,298.2,302.0,221014,302.0,2026-09-03T19:33:59.551954+00:00
2022-04-11,302.1,313.0,296.0,298.0,67637,298.0,2026-09-03T19:33:59.551954+00:00
2022-04-12,302.0,302.0,294.7,294.9,35107,294.9,2026-09-03T19:33:59.551954+00:00
2022-04-13,295.0,302.0,295.0,302.0,38142,302.0,2026-09-03T19:33:59.551954+00:00
2022-04-17,308.0,308.0,297.0,300.0,30927,300.0,2026-09-03T19:33:59.551954+00:00
2022-04-18,299.9,299.9,294.2,294.2,40626,294.2,2026-09-03T19:33:59.551954+00:00
2022-04-19,300.0,300.0,290.0,293.0,38009,293.0,2026-09-03T19:33:59.551954+00:00
2022-04-20,298.8,298.8,289.0,291.0,49468,291.0,2026-09-03T19:33:59.551954+00:00
2022-04-21,296.8,296.8,286.0,291.0,58400,291.0,2026-09-03T19:33:59.551954+00:00
2022-04-24,296.8,302.0,289.1,301.0,71487,301.0,2026-09-03T19:33:59.551954+00:00
2022-04-25,307.0,307.0,295.0,299.0,51909,299.0,2026-09-03T19:33:59.551954+00:00
2022-04-26,299.0,302.0,292.0,297.5,19541,297.5,2026-09-03T19:33:59.551954+00:00
2022-04-27,298.0,298.0,293.0,297.5,15346,297.5,2026-09-03T19:33:59.551954+00:00
2022-04-28,303.4,303.4,289.5,296.0,65103,296.0,2026-09-03T19:33:59.551954+00:00
2022-05-02,291.1,293.5,288.0,288.0,36913,288.0,2026-09-03T19:33:59.551954+00:00
2022-05-04,290.0,290.0,285.0,286.5,21222,286.5,2026-09-03T19:33:59.551954+00:00
2022-05-05,288.0,288.0,278.0,281.9,106672,281.9,2026-09-03T19:33:59.551954+00:00
2022-05-08,287.0,287.0,275.0,283.5,47997,283.5,2026-09-03T19:33:59.551954+00:00
2022-05-09,289.1,289.1,282.0,287.0,62212,287.0,2026-09-03T19:33:59.551954+00:00
2022-05-10,287.0,290.0,283.0,289.0,52929,289.0,2026-09-03T19:33:59.551954+00:00
2022-05-11,290.0,291.0,284.1,291.0,78958,291.0,2026-09-03T19:33:59.551954+00:00
2022-05-12,292.0,296.3,286.6,293.0,67614,293.0,2026-09-03T19:33:59.551954+00:00
2022-05-17,298.0,298.0,282.8,283.0,35396,283.0,2026-09-03T19:33:59.551954+00:00
2022-05-18,278.6,285.0,278.6,284.8,38737,284.8,2026-09-03T19:33:59.551954+00:00
2022-05-19,290.0,290.0,279.3,284.0,66460,284.0,2026-09-03T19:33:59.551954+00:00
2022-05-20,284.0,288.0,280.0,283.0,27320,283.0,2026-09-03T19:33:59.551954+00:00
2022-05-23,288.6,288.6,277.0,282.0,70794,282.0,2026-09-03T19:33:59.551954+00:00
2022-05-24,282.0,286.6,278.0,279.5,48120,279.5,2026-09-03T19:33:59.551954+00:00
2022-05-25,285.0,285.6,279.0,283.0,26849,283.0,2026-09-03T19:33:59.551954+00:00
2022-05-26,282.0,287.0,281.1,285.0,52371,285.0,2026-09-03T19:33:59.551954+00:00
2022-05-27,290.0,292.0,280.0,287.0,41934,287.0,2026-09-03T19:33:59.551954+00:00
2022-05-30,287.0,287.0,278.0,284.0,47292,284.0,2026-09-03T19:33:59.551954+00:00
2022-05-31,280.5,280.6,271.2,274.0,83122,274.0,2026-09-03T19:33:59.551954+00:00
2022-06-01,278.4,281.0,269.0,275.0,43789,275.0,2026-09-03T19:33:59.551954+00:00
2022-06-02,278.0,278.0,267.0,272.0,65223,272.0,2026-09-03T19:33:59.551954+00:00
2022-06-03,277.0,277.0,266.0,268.0,31414,268.0,2026-09-03T19:33:59.551954+00:00
2022-06-06,272.0,272.0,259.0,267.0,55031,267.0,2026-09-03T19:33:59.551954+00:00
2022-06-07,267.0,268.0,260.0,265.0,36922,265.0,2026-09-03T19:33:59.551954+00:00
2022-06-08,267.0,273.0,264.0,272.0,80752,272.0,2026-09-03T19:33:59.551954+00:00
2022-06-09,269.0,276.0,269.0,271.0,72651,271.0,2026-09-03T19:33:59.551954+00:00
2022-06-10,275.0,275.0,266.0,272.0,20976,272.0,2026-09-03T19:33:59.551954+00:00
2022-06-13,270.1,270.1,263.0,267.0,44216,267.0,2026-09-03T19:33:59.551954+00:00
2022-06-14,265.0,266.0,260.0,266.0,24578,266.0,2026-09-03T19:33:59.551954+00:00
2022-06-15,262.0,263.0,257.0,260.5,30543,260.5,2026-09-03T19:33:59.551954+00:00
2022-06-16,261.0,263.0,255.0,263.0,41999,263.0,2026-09-03T19:33:59.551954+00:00
2022-06-17,263.0,263.9,257.9,260.0,12758,260.0,2026-09-03T19:33:59.551954+00:00
2022-06-19,256.0,256.0,250.0,252.8,62786,252.8,2026-09-03T19:33:59.551954+00:00
2022-06-20,250.0,250.0,244.0,249.9,63725,249.9,2026-09-03T19:33:59.551954+00:00
2022-06-21,246.0,258.0,245.0,253.7,29572,253.7,2026-09-03T19:33:59.551954+00:00
2022-06-22,254.9,254.9,249.0,250.0,34640,250.0,2026-09-03T19:33:59.551954+00:00
2022-06-23,249.0,249.0,242.1,248.0,39806,248.0,2026-09-03T19:33:59.551954+00:00
2022-06-24,246.0,255.0,242.3,249.8,25363,249.8,2026-09-03T19:33:59.551954+00:00
2022-06-26,254.7,257.0,250.0,254.9,71207,254.9,2026-09-03T19:33:59.551954+00:00
2022-06-27,259.9,259.9,248.5,253.0,52029,253.0,2026-09-03T19:33:59.551954+00:00
2022-06-28,257.9,258.0,245.2,253.0,24482,253.0,2026-09-03T19:33:59.551954+00:00
2022-06-29,257.8,257.8,246.0,252.3,62733,252.3,2026-09-03T19:33:59.551954+00:00
2022-06-30,257.3,257.3,252.0,256.0,64450,256.0,2026-09-03T19:33:59.551954+00:00
2022-07-01,260.9,260.9,252.9,255.0,24457,255.0,2026-09-03T19:33:59.551954+00:00
2022-07-03,251.0,257.0,249.9,255.0,42829,255.0,2026-09-03T19:33:59.551954+00:00
2022-07-04,259.9,260.1,252.1,255.0,129754,255.0,2026-09-03T19:33:59.551954+00:00
2022-07-05,259.9,260.0,250.0,253.0,23742,253.0,2026-09-03T19:33:59.551954+00:00
2022-07-06,258.0,258.0,248.0,255.0,43785,255.0,2026-09-03T19:33:59.551954+00:00
2022-07-07,259.9,259.9,249.0,252.0,68552,252.0,2026-09-03T19:33:59.551954+00:00
2022-07-08,256.9,256.9,244.1,249.5,64617,249.5,2026-09-03T19:33:59.551954+00:00
2022-07-11,249.0,249.0,243.0,245.0,45127,245.0,2026-09-03T19:33:59.551954+00:00
2022-07-12,245.0,245.0,238.5,240.0,66966,240.0,2026-09-03T19:33:59.551954+00:00
2022-07-13,241.0,244.0,239.0,241.0,76647,241.0,2026-09-03T19:33:59.551954+00:00
2022-07-14,245.8,250.0,244.0,248.9,43893,248.9,2026-09-03T19:33:59.551954+00:00
2022-07-15,253.4,265.0,245.0,265.0,53728,265.0,2026-09-03T19:33:59.551954+00:00
2022-07-17,265.0,266.0,250.1,262.8,50235,262.8,2026-09-03T19:33:59.551954+00:00
2022-07-18,262.8,262.8,255.0,260.9,43817,260.9,2026-09-03T19:33:59.551954+00:00
2022-07-19,260.0,270.0,259.2,262.0,56023,262.0,2026-09-03T19:33:59.551954+00:00
2022-07-20,260.1,263.0,258.5,262.0,32033,262.0,2026-09-03T19:33:59.551954+00:00
2022-07-21,259.0,265.0,258.0,264.5,45560,264.5,2026-09-03T19:33:59.551954+00:00
2022-07-22,260.0,264.0,257.1,259.0,19446,259.0,2026-09-03T19:33:59.551954+00:00
2022-07-24,257.0,264.0,256.0,262.0,40452,262.0,2026-09-03T19:33:59.551954+00:00
2022-07-25,262.2,271.9,258.0,264.0,71269,264.0,2026-09-03T19:33:59.551954+00:00
2022-07-26,261.0,264.9,256.0,257.5,56995,257.5,2026-09-03T19:33:59.551954+00:00
2022-07-27,257.1,258.0,253.1,256.0,91909,256.0,2026-09-03T19:33:59.551954+00:00
2022-07-28,257.0,259.0,251.9,255.0,112552,255.0,2026-09-03T19:33:59.551954+00:00
2022-07-29,256.0,258.0,250.3,254.0,41178,254.0,2026-09-03T19:33:59.551954+00:00
2022-07-31,252.0,262.0,250.0,262.0,173315,262.0,2026-09-03T19:33:59.551954+00:00
2022-08-01,266.0,267.0,258.1,261.7,175473,261.7,2026-09-03T19:33:59.551954+00:00
2022-08-02,264.0,264.0,258.0,261.0,66962,261.0,2026-09-03T19:33:59.551954+00:00
2022-08-03,262.0,263.9,252.0,255.0,163745,255.0,2026-09-03T19:33:59.551954+00:00
2022-08-04,255.0,255.0,248.2,248.4,78884,248.4,2026-09-03T19:33:59.551954+00:00
2022-08-05,246.0,248.0,243.6,245.0,54343,245.0,2026-09-03T19:33:59.551954+00:00
2022-08-07,247.0,250.0,242.0,246.0,85497,246.0,2026-09-03T19:33:59.551954+00:00
2022-08-08,248.0,248.8,241.0,246.0,90156,246.0,2026-09-03T19:33:59.551954+00:00
2022-08-09,242.0,245.0,239.7,240.0,61310,240.0,2026-09-03T19:33:59.551954+00:00
2022-08-10,240.0,242.0,237.7,238.8,55738,238.8,2026-09-03T19:33:59.551954+00:00
2022-08-11,238.3,242.0,237.8,240.0,37052,240.0,2026-09-03T19:33:59.551954+00:00
2022-08-14,237.0,240.0,235.0,238.8,63861,238.8,2026-09-03T19:33:59.551954+00:00
2022-08-15,242.0,243.1,235.1,239.9,60103,239.9,2026-09-03T19:33:59.551954+00:00
2022-08-16,239.1,244.6,237.0,238.0,68607,238.0,2026-09-03T19:33:59.551954+00:00
2022-08-17,240.0,240.0,237.0,238.0,37708,238.0,2026-09-03T19:33:59.551954+00:00
2022-08-18,238.0,240.0,236.0,238.0,63791,238.0,2026-09-03T19:33:59.551954+00:00
2022-08-21,242.0,242.5,236.8,240.0,111432,240.0,2026-09-03T19:33:59.551954+00:00
2022-08-22,240.0,242.0,238.0,240.8,349842,240.8,2026-09-03T19:33:59.551954+00:00
2022-08-23,240.0,243.9,238.0,243.6,168433,243.6,2026-09-03T19:33:59.551954+00:00
2022-08-24,246.0,247.0,240.0,243.0,118053,243.0,2026-09-03T19:33:59.551954+00:00
2022-08-25,239.3,243.0,238.7,239.9,49851,239.9,2026-09-03T19:33:59.551954+00:00
2022-08-26,244.6,244.6,236.1,238.9,27056,238.9,2026-09-03T19:33:59.551954+00:00
2022-08-28,238.0,240.0,235.1,235.9,43456,235.9,2026-09-03T19:33:59.551954+00:00
2022-08-29,235.0,237.5,233.3,235.1,42012,235.1,2026-09-03T19:33:59.551954+00:00
2022-08-30,236.0,237.0,233.0,236.8,71366,236.8,2026-09-03T19:33:59.551954+00:00
2022-08-31,236.0,236.9,232.6,235.0,46615,235.0,2026-09-03T19:33:59.551954+00:00
2022-09-01,232.3,235.0,232.0,234.5,36565,234.5,2026-09-03T19:33:59.551954+00:00
2022-09-02,232.5,236.0,232.0,232.0,34159,232.0,2026-09-03T19:33:59.551954+00:00
2022-09-04,231.1,234.5,231.1,233.8,38710,233.8,2026-09-03T19:33:59.551954+00:00
2022-09-05,234.0,234.8,231.3,234.0,35005,234.0,2026-09-03T19:33:59.551954+00:00
2022-09-06,232.0,232.9,230.0,232.0,40124,232.0,2026-09-03T19:33:59.551954+00:00
2022-09-07,231.0,232.0,229.0,231.9,31692,231.9,2026-09-03T19:33:59.551954+00:00
2022-09-08,229.0,230.0,225.0,230.0,129181,230.0,2026-09-03T19:33:59.551954+00:00
2022-09-11,230.0,231.7,225.7,228.8,43432,228.8,2026-09-03T19:33:59.551954+00:00
2022-09-12,228.0,229.7,224.0,227.0,58877,227.0,2026-09-03T19:33:59.551954+00:00
2022-09-13,225.0,229.0,225.0,227.3,47850,227.3,2026-09-03T19:33:59.551954+00:00
2022-09-14,231.3,233.0,226.7,232.7,79301,232.7,2026-09-03T19:33:59.551954+00:00
2022-09-15,232.0,236.0,225.9,229.1,57346,229.1,2026-09-03T19:33:59.551954+00:00
2022-09-16,224.6,230.4,222.0,227.9,26388,227.9,2026-09-03T19:33:59.551954+00:00
2022-09-18,223.4,226.0,219.5,222.0,91601,222.0,2026-09-03T19:33:59.551954+00:00
2022-09-20,218.0,222.0,214.6,217.0,65119,217.0,2026-09-03T19:33:59.551954+00:00
2022-09-21,212.7,218.8,212.7,217.5,49014,217.5,2026-09-03T19:33:59.551954+00:00
2022-09-22,214.5,220.0,214.5,218.0,34621,218.0,2026-09-03T19:33:59.551954+00:00
2022-09-25,213.7,216.0,209.5,214.0,70772,214.0,2026-09-03T19:33:59.551954+00:00
2022-09-27,209.8,218.0,209.8,217.0,30317,217.0,2026-09-03T19:33:59.551954+00:00
2022-09-28,212.7,220.9,212.7,218.0,27709,218.0,2026-09-03T19:33:59.551954+00:00
2022-09-29,213.7,223.0,213.7,223.0,25902,223.0,2026-09-03T19:33:59.551954+00:00
2022-10-09,226.0,227.0,221.0,226.1,66566,226.1,2026-09-03T19:33:59.551954+00:00
2022-10-10,221.6,227.4,221.6,224.5,31944,224.5,2026-09-03T19:33:59.551954+00:00
2022-10-11,225.0,225.0,218.5,219.5,43104,219.5,2026-09-03T19:33:59.551954+00:00
2022-10-12,215.2,222.9,215.2,222.8,56526,222.8,2026-09-03T19:33:59.551954+00:00
2022-10-13,222.8,225.0,216.6,222.0,64645,222.0,2026-09-03T19:33:59.551954+00:00
2022-10-16,217.6,224.0,217.6,221.0,33002,221.0,2026-09-03T19:33:59.551954+00:00
2022-10-17,216.6,223.0,216.6,221.5,73724,221.5,2026-09-03T19:33:59.551954+00:00
2022-10-19,217.1,222.0,217.1,220.8,47055,220.8,2026-09-03T19:33:59.551954+00:00
2022-10-20,220.8,221.9,217.4,220.8,36444,220.8,2026-09-03T19:33:59.551954+00:00
2022-10-23,221.0,225.5,219.0,225.0,28383,225.0,2026-09-03T19:33:59.551954+00:00
2022-10-31,222.0,228.0,222.0,226.9,39880,226.9,2026-09-03T19:33:59.551954+00:00
2022-11-01,231.0,239.6,217.5,236.9,63882,236.9,2026-09-03T19:33:59.551954+00:00
2022-11-02,240.0,243.0,235.2,241.5,74439,241.5,2026-09-03T19:33:59.551954+00:00
2022-11-03,246.3,246.3,227.7,239.4,28789,239.4,2026-09-03T19:33:59.551954+00:00
2022-11-06,244.1,244.1,232.5,240.0,82503,240.0,2026-09-03T19:33:59.551954+00:00
2022-11-07,244.0,244.0,235.3,238.8,65554,238.8,2026-09-03T19:33:59.551954+00:00
2022-11-08,243.5,243.5,233.5,234.0,25063,234.0,2026-09-03T19:33:59.551954+00:00
2022-11-09,229.4,236.0,227.4,229.8,32976,229.8,2026-09-03T19:33:59.551954+00:00
2022-11-10,229.0,230.5,225.0,229.0,44317,229.0,2026-09-03T19:33:59.551954+00:00
2022-11-13,224.5,232.0,223.5,227.9,32582,227.9,2026-09-03T19:33:59.551954+00:00
2022-11-14,227.9,228.0,224.0,227.9,29617,227.9,2026-09-03T19:33:59.551954+00:00
2022-11-15,227.9,228.0,224.0,225.0,42742,225.0,2026-09-03T19:33:59.551954+00:00
2022-11-16,225.0,228.0,225.0,227.4,26326,227.4,2026-09-03T19:33:59.551954+00:00
2022-11-17,227.4,232.0,227.4,231.8,36575,231.8,2026-09-03T19:33:59.551954+00:00
2022-11-22,227.2,239.0,227.2,230.0,36290,230.0,2026-09-03T19:33:59.551954+00:00
2022-11-23,225.4,230.0,225.0,230.0,13378,230.0,2026-09-03T19:33:59.551954+00:00
2022-11-24,230.0,233.5,228.1,232.0,19868,232.0,2026-09-03T19:33:59.551954+00:00
2022-11-27,227.4,234.1,227.4,234.0,35192,234.0,2026-09-03T19:33:59.551954+00:00
2022-11-28,238.5,238.5,228.5,228.5,63058,228.5,2026-09-03T19:33:59.551954+00:00
2022-11-29,229.0,233.0,225.4,228.8,31923,228.8,2026-09-03T19:33:59.551954+00:00
2022-11-30,229.0,230.0,225.0,227.7,47219,227.7,2026-09-03T19:33:59.551954+00:00
2022-12-01,228.0,230.0,224.1,228.0,42357,228.0,2026-09-03T19:33:59.551954+00:00
2022-12-04,228.0,232.0,226.7,228.4,31683,228.4,2026-09-03T19:33:59.551954+00:00
2022-12-05,230.0,232.0,225.4,227.9,55716,227.9,2026-09-03T19:33:59.551954+00:00
2022-12-06,223.4,228.0,223.4,227.9,26183,227.9,2026-09-03T19:33:59.551954+00:00
2022-12-07,223.4,227.9,223.4,226.9,22302,226.9,2026-09-03T19:33:59.551954+00:00
2022-12-11,226.5,230.0,223.0,225.8,30410,225.8,2026-09-03T19:33:59.551954+00:00
2022-12-12,225.0,228.0,222.0,225.0,34871,225.0,2026-09-03T19:33:59.551954+00:00
2022-12-13,226.0,226.9,222.5,224.8,9302,224.8,2026-09-03T19:33:59.551954+00:00
2022-12-14,229.2,229.2,222.0,226.0,17005,226.0,2026-09-03T19:33:59.551954+00:00
2022-12-15,222.6,225.9,222.6,224.5,15037,224.5,2026-09-03T19:33:59.551954+00:00
2022-12-18,224.0,224.0,211.7,213.8,97623,213.8,2026-09-03T19:33:59.551954+00:00
2022-12-19,210.2,214.0,209.6,213.4,324602,213.4,2026-09-03T19:33:59.551954+00:00
2022-12-20,211.2,214.0,210.0,213.9,43886,213.9,2026-09-03T19:33:59.551954+00:00
2022-12-21,212.0,215.0,211.0,213.1,24235,213.1,2026-09-03T19:33:59.551954+00:00
2022-12-22,210.1,213.0,210.1,213.0,24193,213.0,2026-09-03T19:33:59.551954+00:00
2022-12-26,217.2,221.5,213.0,218.0,63390,218.0,2026-09-03T19:33:59.551954+00:00
2022-12-27,222.3,228.5,220.0,226.9,67018,226.9,2026-09-03T19:33:59.551954+00:00
2022-12-28,231.4,231.4,224.0,228.9,261707,228.9,2026-09-03T19:33:59.551954+00:00
2022-12-29,220.0,223.9,216.0,223.1,55284,223.1,2026-09-03T19:33:59.551954+00:00
2023-01-01,224.0,227.0,218.7,223.4,60584,223.4,2026-09-03T19:33:59.551954+00:00
2023-01-02,220.0,225.0,220.0,222.8,28433,222.8,2026-09-03T19:33:59.551954+00:00
2023-01-03,227.2,232.0,218.0,221.0,39925,221.0,2026-09-03T19:33:59.551954+00:00
2023-01-04,224.0,224.0,218.0,222.0,68085,222.0,2026-09-03T19:33:59.551954+00:00
2023-01-05,226.4,226.4,218.1,219.0,80660,219.0,2026-09-03T19:33:59.551954+00:00
2023-01-08,223.3,223.3,215.1,219.0,113131,219.0,2026-09-03T19:33:59.551954+00:00
2023-01-09,223.3,229.0,218.3,229.0,150542,229.0,2026-09-03T19:33:59.551954+00:00
2023-01-10,233.5,247.0,229.4,233.0,193698,233.0,2026-09-03T19:33:59.551954+00:00
2023-01-12,237.0,246.0,227.0,230.0,88043,230.0,2026-09-03T19:33:59.551954+00:00
2023-01-17,234.6,234.6,226.2,227.0,70219,227.0,2026-09-03T19:33:59.551954+00:00
2023-01-18,231.0,231.0,222.7,225.0,93346,225.0,2026-09-03T19:33:59.551954+00:00
2023-01-19,229.5,229.5,220.5,225.9,56414,225.9,2026-09-03T19:33:59.551954+00:00
2023-01-23,230.4,231.0,223.1,225.8,73897,225.8,2026-09-03T19:33:59.551954+00:00
2023-01-24,223.0,227.0,223.0,226.8,52537,226.8,2026-09-03T19:33:59.551954+00:00
2023-01-25,231.3,231.3,222.2,222.2,53263,222.2,2026-09-03T19:33:59.551954+00:00
2023-01-26,226.6,226.6,221.9,223.8,44181,223.8,2026-09-03T19:33:59.551954+00:00
2023-01-29,228.2,228.2,218.9,222.9,53496,222.9,2026-09-03T19:33:59.551954+00:00
2023-01-30,227.3,227.3,218.1,219.9,49490,219.9,2026-09-03T19:33:59.551954+00:00
2023-01-31,224.2,224.2,215.8,219.9,66386,219.9,2026-09-03T19:33:59.551954+00:00
2023-02-01,224.2,224.2,215.3,218.9,32821,218.9,2026-09-03T19:33:59.551954+00:00
2023-02-02,217.0,220.0,213.0,215.7,65939,215.7,2026-09-03T19:33:59.551954+00:00
2023-02-05,220.0,220.0,212.0,214.7,45965,214.7,2026-09-03T19:33:59.551954+00:00
2023-02-06,214.0,218.1,211.2,214.0,35721,214.0,2026-09-03T19:33:59.551954+00:00
2023-02-07,214.0,219.7,214.0,219.7,41084,219.7,2026-09-03T19:33:59.551954+00:00
2023-02-08,224.0,224.0,212.0,217.0,142631,217.0,2026-09-03T19:33:59.551954+00:00
2023-02-09,217.0,221.0,213.0,215.9,87284,215.9,2026-09-03T19:33:59.551954+00:00
2023-02-12,220.2,220.2,210.0,213.0,81252,213.0,2026-09-03T19:33:59.551954+00:00
2023-02-14,217.2,217.2,210.0,212.8,55566,212.8,2026-09-03T19:33:59.551954+00:00
2023-02-15,217.0,217.0,210.0,211.4,94733,211.4,2026-09-03T19:33:59.551954+00:00
2023-02-16,208.0,219.0,208.0,209.9,41811,209.9,2026-09-03T19:33:59.551954+00:00
2023-02-20,214.0,214.0,206.0,207.9,81289,207.9,2026-09-03T19:33:59.551954+00:00
2023-02-22,212.0,212.1,206.5,212.0,48682,212.0,2026-09-03T19:33:59.551954+00:00
2023-02-23,216.2,216.2,205.0,207.2,118893,207.2,2026-09-03T19:33:59.551954+00:00
2023-02-26,207.0,208.9,203.6,206.5,42195,206.5,2026-09-03T19:33:59.551954+00:00
2023-02-27,206.5,210.6,204.1,207.5,33557,207.5,2026-09-03T19:33:59.551954+00:00
2023-02-28,207.5,208.0,204.0,205.9,22353,205.9,2026-09-03T19:33:59.551954+00:00
2023-03-01,208.0,208.0,203.8,203.9,70896,203.9,2026-09-03T19:33:59.551954+00:00
2023-03-02,203.0,204.9,201.6,203.7,36926,203.7,2026-09-03T19:33:59.551954+00:00
2023-03-05,205.0,205.0,201.0,202.0,52122,202.0,2026-09-03T19:33:59.551954+00:00
2023-03-07,200.1,205.7,200.1,202.9,27389,202.9,2026-09-03T19:33:59.551954+00:00
2023-03-09,205.0,206.8,201.9,204.0,37121,204.0,2026-09-03T19:33:59.551954+00:00
2023-03-12,207.0,207.0,201.6,203.9,41068,203.9,2026-09-03T19:33:59.551954+00:00
2023-03-13,200.2,204.0,199.0,201.9,40714,201.9,2026-09-03T19:33:59.551954+00:00
2023-03-14,199.0,202.4,199.0,201.8,29243,201.8,2026-09-03T19:33:59.551954+00:00
2023-03-15,200.1,209.0,198.6,202.5,47060,202.5,2026-09-03T19:33:59.551954+00:00
2023-03-16,199.5,203.9,198.5,203.3,61458,203.3,2026-09-03T19:33:59.551954+00:00
2023-03-19,205.0,205.0,199.1,201.9,35576,201.9,2026-09-03T19:33:59.551954+00:00
2023-03-20,200.0,203.8,200.0,202.6,15898,202.6,2026-09-03T19:33:59.551954+00:00
2023-03-22,203.0,203.0,198.0,200.0,74868,200.0,2026-09-03T19:33:59.551954+00:00
2023-03-23,200.0,203.3,196.1,199.0,46834,199.0,2026-09-03T19:33:59.551954+00:00
2023-03-26,199.0,199.5,195.1,199.5,51194,199.5,2026-09-03T19:33:59.551954+00:00
2023-03-27,199.5,199.9,195.6,199.0,34599,199.0,2026-09-03T19:33:59.551954+00:00
2023-03-28,200.0,201.0,198.0,199.3,34914,199.3,2026-09-03T19:33:59.551954+00:00
2023-03-29,196.2,200.0,196.1,197.1,28760,197.1,2026-09-03T19:33:59.551954+00:00
2023-03-30,199.0,199.0,196.0,196.1,25478,196.1,2026-09-03T19:33:59.551954+00:00
2023-04-02,197.0,199.0,194.8,195.0,27676,195.0,2026-09-03T19:33:59.551954+00:00
2023-04-03,195.0,195.0,191.7,194.8,41056,194.8,2026-09-03T19:33:59.551954+00:00
2023-04-04,195.0,195.7,190.0,194.0,46956,194.0,2026-09-03T19:33:59.551954+00:00
2023-04-05,192.0,194.0,190.4,193.9,16825,193.9,2026-09-03T19:33:59.551954+00:00
2023-04-06,197.0,197.0,191.1,193.9,34442,193.9,2026-09-03T19:33:59.551954+00:00
2023-04-09,192.0,193.0,189.9,192.9,54819,192.9,2026-09-03T19:33:59.551954+00:00
2023-04-10,194.0,194.4,191.0,194.0,31792,194.0,2026-09-03T19:33:59.551954+00:00
2023-04-11,195.5,196.0,190.2,194.3,59508,194.3,2026-09-03T19:33:59.551954+00:00
2023-04-12,196.0,206.0,195.0,204.5,66159,204.5,2026-09-03T19:33:59.551954+00:00
2023-04-13,204.1,208.0,200.0,202.8,44610,202.8,2026-09-03T19:33:59.551954+00:00
2023-04-16,203.5,205.0,198.1,200.0,16517,200.0,2026-09-03T19:33:59.551954+00:00
2023-04-17,200.0,202.0,196.5,197.9,19368,197.9,2026-09-03T19:33:59.551954+00:00
2023-04-18,197.0,199.9,196.0,197.2,17870,197.2,2026-09-03T19:33:59.551954+00:00
2023-04-19,199.0,199.9,196.0,198.1,24764,198.1,2026-09-03T19:33:59.551954+00:00
2023-04-20,202.0,202.0,194.3,196.9,27890,196.9,2026-09-03T19:33:59.551954+00:00
2023-04-23,196.9,197.0,193.0,193.9,35960,193.9,2026-09-03T19:33:59.551954+00:00
2023-04-24,193.0,196.8,192.0,196.8,25208,196.8,2026-09-03T19:33:59.551954+00:00
2023-04-25,198.0,200.0,195.0,200.0,63905,200.0,2026-09-03T19:33:59.551954+00:00
2023-04-26,200.0,202.8,196.0,197.0,26142,197.0,2026-09-03T19:33:59.551954+00:00
2023-04-27,195.5,197.9,195.0,197.9,18857,197.9,2026-09-03T19:33:59.551954+00:00
2023-04-30,195.0,198.0,195.0,196.4,28649,196.4,2026-09-03T19:33:59.551954+00:00
2023-05-02,195.0,197.0,193.7,195.9,24888,195.9,2026-09-03T19:33:59.551954+00:00
2023-05-03,198.0,198.0,192.9,195.0,25360,195.0,2026-09-03T19:33:59.551954+00:00
2023-05-04,195.0,198.0,191.5,196.0,37228,196.0,2026-09-03T19:33:59.551954+00:00
2023-05-07,193.2,196.0,191.0,194.1,24796,194.1,2026-09-03T19:33:59.551954+00:00
2023-05-08,193.0,194.5,192.1,193.9,13939,193.9,2026-09-03T19:33:59.551954+00:00
2023-05-09,193.1,195.1,192.0,194.1,21153,194.1,2026-09-03T19:33:59.551954+00:00
2023-05-10,195.0,195.0,192.6,194.0,21402,194.0,2026-09-03T19:33:59.551954+00:00
2023-05-11,193.0,193.1,190.9,193.0,34019,193.0,2026-09-03T19:33:59.551954+00:00
2023-05-14,193.0,193.0,189.9,192.8,39229,192.8,2026-09-03T19:33:59.551954+00:00
2023-05-15,191.0,192.9,189.2,192.8,27082,192.8,2026-09-03T19:33:59.551954+00:00
2023-05-16,194.6,194.6,189.5,191.0,17348,191.0,2026-09-03T19:33:59.551954+00:00
2023-05-17,191.0,193.7,190.2,192.0,27399,192.0,2026-09-03T19:33:59.551954+00:00
2023-05-18,190.0,195.0,190.0,194.5,40428,194.5,2026-09-03T19:33:59.551954+00:00
2023-05-21,194.0,196.8,193.0,194.2,24884,194.2,2026-09-03T19:33:59.551954+00:00
2023-05-22,193.0,194.2,192.1,193.5,22941,193.5,2026-09-03T19:33:59.551954+00:00
2023-05-23,194.0,197.0,193.1,196.9,37957,196.9,2026-09-03T19:33:59.551954+00:00
2023-05-24,199.0,199.7,195.0,197.7,24634,197.7,2026-09-03T19:33:59.551954+00:00
2023-05-28,195.0,201.0,195.0,197.6,54531,197.6,2026-09-03T19:33:59.551954+00:00
2023-05-30,194.5,195.9,192.0,192.5,43503,192.5,2026-09-03T19:33:59.551954+00:00
2023-05-31,190.1,193.9,189.0,191.5,56394,191.5,2026-09-03T19:33:59.551954+00:00
2023-06-01,193.0,193.0,189.0,192.0,34004,192.0,2026-09-03T19:33:59.551954+00:00
2023-06-04,190.0,197.9,190.0,193.0,17980,193.0,2026-09-03T19:33:59.551954+00:00
2023-06-05,192.1,196.0,192.0,193.7,30326,193.7,2026-09-03T19:33:59.551954+00:00
2023-06-06,191.1,193.5,190.1,191.7,32927,191.7,2026-09-03T19:33:59.551954+00:00
2023-06-07,195.4,195.4,190.8,191.9,27506,191.9,2026-09-03T19:33:59.551954+00:00
2023-06-08,190.6,192.0,190.0,190.8,29142,190.8,2026-09-03T19:33:59.551954+00:00
2023-06-11,191.0,194.3,190.5,192.8,49344,192.8,2026-09-03T19:33:59.551954+00:00
2023-06-12,191.2,195.8,191.2,192.4,36195,192.4,2026-09-03T19:33:59.551954+00:00
2023-06-13,193.0,195.0,191.2,193.0,77329,193.0,2026-09-03T19:33:59.551954+00:00
2023-06-14,196.8,197.5,193.0,196.8,80833,196.8,2026-09-03T19:33:59.551954+00:00
2023-06-15,193.6,200.7,193.6,195.0,44790,195.0,2026-09-03T19:33:59.551954+00:00
2023-06-18,193.5,196.0,192.0,194.5,55272,194.5,2026-09-03T19:33:59.551954+00:00
2023-06-19,193.0,194.5,191.6,193.5,64837,193.5,2026-09-03T19:33:59.551954+00:00
2023-06-20,194.1,195.0,192.0,193.0,47053,193.0,2026-09-03T19:33:59.551954+00:00
2023-06-21,194.9,194.9,191.0,192.4,40183,192.4,2026-09-03T19:33:59.551954+00:00
2023-06-22,196.2,196.2,190.7,192.9,43231,192.9,2026-09-03T19:33:59.551954+00:00
2023-06-25,190.5,193.0,190.0,192.9,103456,192.9,2026-09-03T19:33:59.551954+00:00
2023-06-26,190.5,194.5,190.3,191.7,74094,191.7,2026-09-03T19:33:59.551954+00:00
2023-06-27,191.7,201.0,191.7,198.0,193861,198.0,2026-09-03T19:33:59.551954+00:00
2023-06-28,201.7,201.9,195.3,196.5,79101,196.5,2026-09-03T19:33:59.551954+00:00
2023-07-02,200.4,200.4,191.5,192.7,45885,192.7,2026-09-03T19:33:59.551954+00:00
2023-07-03,194.6,194.6,190.0,191.0,89831,191.0,2026-09-03T19:33:59.551954+00:00
2023-07-04,190.0,192.0,188.0,189.8,65001,189.8,2026-09-03T19:33:59.551954+00:00
2023-07-05,190.0,191.0,186.0,189.4,96627,189.4,2026-09-03T19:33:59.551954+00:00
2023-07-06,189.0,190.0,186.5,189.5,41312,189.5,2026-09-03T19:33:59.551954+00:00
2023-07-09,190.0,191.0,188.0,190.0,45936,190.0,2026-09-03T19:33:59.551954+00:00
2023-07-10,191.0,192.0,188.0,190.9,50155,190.9,2026-09-03T19:33:59.551954+00:00
2023-07-11,188.0,190.5,187.2,188.4,59896,188.4,2026-09-03T19:33:59.551954+00:00
2023-07-12,192.0,195.9,188.8,192.4,46886,192.4,2026-09-03T19:33:59.551954+00:00
2023-07-13,188.6,196.0,188.6,191.7,50993,191.7,2026-09-03T19:33:59.551954+00:00
2023-07-16,191.7,195.5,190.0,195.0,76059,195.0,2026-09-03T19:33:59.551954+00:00
2023-07-17,194.0,200.5,193.0,199.9,85478,199.9,2026-09-03T19:33:59.551954+00:00
2023-07-18,200.0,203.0,199.0,200.9,170561,200.9,2026-09-03T19:33:59.551954+00:00
2023-07-19,200.0,210.0,198.2,210.0,208423,210.0,2026-09-03T19:33:59.551954+00:00
2023-07-20,210.0,213.8,208.0,208.3,141018,208.3,2026-09-03T19:33:59.551954+00:00
2023-07-23,212.2,223.0,206.7,221.0,251637,221.0,2026-09-03T19:33:59.551954+00:00
2023-07-24,223.0,224.8,210.0,210.0,346728,210.0,2026-09-03T19:33:59.551954+00:00
2023-07-25,214.2,214.2,206.1,208.9,60303,208.9,2026-09-03T19:33:59.551954+00:00
2023-07-26,205.8,212.9,205.8,209.0,69381,209.0,2026-09-03T19:33:59.551954+00:00
2023-07-27,211.0,212.0,205.8,206.0,65452,206.0,2026-09-03T19:33:59.551954+00:00
2023-07-30,206.0,208.0,201.0,206.4,120376,206.4,2026-09-03T19:33:59.551954+00:00
2023-07-31,204.0,209.9,200.0,207.6,106722,207.6,2026-09-03T19:33:59.551954+00:00
2023-08-01,204.0,210.1,201.0,204.0,77807,204.0,2026-09-03T19:33:59.551954+00:00
2023-08-02,205.4,205.4,201.0,204.9,126436,204.9,2026-09-03T19:33:59.551954+00:00
2023-08-03,205.0,208.0,201.9,202.0,227181,202.0,2026-09-03T19:33:59.551954+00:00
2023-08-06,202.0,202.0,190.0,193.3,299693,193.3,2026-09-03T19:33:59.551954+00:00
2023-08-07,193.0,193.0,186.0,189.9,132594,189.9,2026-09-03T19:33:59.551954+00:00
2023-08-08,188.0,188.9,182.2,184.3,119316,184.3,2026-09-03T19:33:59.551954+00:00
2023-08-09,182.0,184.5,179.9,183.0,95414,183.0,2026-09-03T19:33:59.551954+00:00
2023-08-10,181.0,184.0,180.1,183.4,71646,183.4,2026-09-03T19:33:59.551954+00:00
2023-08-13,183.1,185.8,180.4,183.0,98756,183.0,2026-09-03T19:33:59.551954+00:00
2023-08-14,183.1,188.0,182.5,185.0,68939,185.0,2026-09-03T19:33:59.551954+00:00
2023-08-15,187.5,187.5,182.0,185.0,70679,185.0,2026-09-03T19:33:59.551954+00:00
2023-08-16,184.1,185.4,180.0,185.4,69212,185.4,2026-09-03T19:33:59.551954+00:00
2023-08-17,184.0,185.7,182.2,185.7,44618,185.7,2026-09-03T19:33:59.551954+00:00
2023-08-20,185.0,186.9,180.6,185.0,97310,185.0,2026-09-03T19:33:59.551954+00:00
2023-08-21,184.9,184.9,181.4,184.0,36722,184.0,2026-09-03T19:33:59.551954+00:00
2023-08-22,183.0,185.1,181.1,185.1,36302,185.1,2026-09-03T19:33:59.551954+00:00
2023-08-23,185.0,187.8,181.6,185.0,44684,185.0,2026-09-03T19:33:59.551954+00:00
2023-08-24,185.5,186.5,182.6,184.5,64226,184.5,2026-09-03T19:33:59.551954+00:00
2023-08-27,184.0,184.5,180.0,184.5,47498,184.5,2026-09-03T19:33:59.551954+00:00
2023-08-28,183.0,184.9,181.0,183.0,28107,183.0,2026-09-03T19:33:59.551954+00:00
2023-08-29,181.1,184.7,181.1,182.0,52564,182.0,2026-09-03T19:33:59.551954+00:00
2023-08-30,184.0,184.0,180.0,182.0,62298,182.0,2026-09-03T19:33:59.551954+00:00
2023-09-03,181.0,182.0,179.5,182.0,65660,182.0,2026-09-03T19:33:59.551954+00:00
2023-09-04,182.3,183.5,179.0,181.3,71576,181.3,2026-09-03T19:33:59.551954+00:00
2023-09-05,184.0,184.0,179.7,180.0,38798,180.0,2026-09-03T19:33:59.551954+00:00
2023-09-07,182.0,182.0,176.4,179.4,66626,179.4,2026-09-03T19:33:59.551954+00:00
2023-09-10,179.0,180.0,176.7,180.0,45699,180.0,2026-09-03T19:33:59.551954+00:00
2023-09-11,182.0,182.0,177.4,181.5,56971,181.5,2026-09-03T19:33:59.551954+00:00
2023-09-12,184.0,184.0,179.0,180.0,36684,180.0,2026-09-03T19:33:59.551954+00:00
2023-09-13,182.0,182.0,178.2,180.9,41031,180.9,2026-09-03T19:33:59.551954+00:00
2023-09-17,177.7,181.0,177.7,180.6,58603,180.6,2026-09-03T19:33:59.551954+00:00
2023-09-18,180.0,180.5,177.6,180.4,26328,180.4,2026-09-03T19:33:59.551954+00:00
2023-09-19,179.0,184.0,178.5,183.5,60926,183.5,2026-09-03T19:33:59.551954+00:00
2023-09-21,182.0,186.6,182.0,184.7,63666,184.7,2026-09-03T19:33:59.551954+00:00
2023-09-24,185.0,185.8,178.7,183.7,54054,183.7,2026-09-03T19:33:59.551954+00:00
2023-09-25,181.2,186.0,180.5,184.0,51398,184.0,2026-09-03T19:33:59.551954+00:00
2023-09-26,180.8,186.0,180.8,185.4,46976,185.4,2026-09-03T19:33:59.551954+00:00
2023-09-27,185.5,185.5,182.5,184.0,24241,184.0,2026-09-03T19:33:59.551954+00:00
2023-10-01,184.0,184.0,181.1,182.4,36622,182.4,2026-09-03T19:33:59.551954+00:00
2023-10-02,179.0,183.0,179.0,182.9,67042,182.9,2026-09-03T19:33:59.551954+00:00
2023-10-03,181.0,183.0,179.9,182.8,36784,182.8,2026-09-03T19:33:59.551954+00:00
2023-10-04,181.0,185.0,180.0,184.0,35616,184.0,2026-09-03T19:33:59.551954+00:00
2023-10-05,181.0,184.0,180.6,184.0,34648,184.0,2026-09-03T19:33:59.551954+00:00
2023-10-08,184.0,184.0,179.6,181.5,68261,181.5,2026-09-03T19:33:59.551954+00:00
2023-10-09,182.0,182.0,179.1,180.5,32406,180.5,2026-09-03T19:33:59.551954+00:00
2023-10-10,179.0,180.5,178.8,180.0,30585,180.0,2026-09-03T19:33:59.551954+00:00
2023-10-11,180.0,180.0,177.3,179.0,41750,179.0,2026-09-03T19:33:59.551954+00:00
2023-10-12,180.0,180.0,176.1,178.4,62924,178.4,2026-09-03T19:33:59.551954+00:00
2023-10-16,176.1,178.4,176.0,177.5,30374,177.5,2026-09-03T19:33:59.551954+00:00
2023-10-17,181.0,181.0,176.9,180.0,25464,180.0,2026-09-03T19:33:59.551954+00:00
2023-10-18,180.0,184.3,179.0,184.3,30252,184.3,2026-09-03T19:33:59.551954+00:00
2023-10-19,184.2,184.4,177.4,184.0,51266,184.0,2026-09-03T19:33:59.551954+00:00
2023-10-29,184.9,184.9,180.0,182.0,13782,182.0,2026-09-03T19:33:59.551954+00:00
2023-10-30,182.0,182.0,180.0,181.0,22897,181.0,2026-09-03T19:33:59.551954+00:00
2023-10-31,180.0,183.0,180.0,181.0,26183,181.0,2026-09-03T19:33:59.551954+00:00
2023-11-01,182.0,182.0,180.0,181.8,47547,181.8,2026-09-03T19:33:59.551954+00:00
2023-11-02,180.1,181.0,180.0,181.0,44473,181.0,2026-09-03T19:33:59.551954+00:00
2023-11-05,184.6,185.2,181.0,183.7,88148,183.7,2026-09-03T19:33:59.551954+00:00
2023-11-06,182.1,184.6,181.1,183.3,51449,183.3,2026-09-03T19:33:59.551954+00:00
2023-11-07,182.0,184.3,181.9,183.7,51628,183.7,2026-09-03T19:33:59.551954+00:00
2023-11-06,182.1,184.6,181.1,183.3,51449,183.3,2026-09-03T19:33:59.551954+00:00
2023-11-07,182.0,184.3,181.9,183.7,51628,183.7,2026-09-03T19:33:59.551954+00:00
2023-11-08,184.0,184.9,183.0,184.7,28781,184.7,2026-09-03T19:33:59.551954+00:00
2023-11-09,183.0,190.7,183.0,187.9,43763,187.9,2026-09-03T19:33:59.551954+00:00
2023-11-20,191.6,194.9,191.0,192.0,41236,192.0,2026-09-03T19:33:59.551954+00:00
2023-11-21,191.0,192.0,189.1,190.4,26361,190.4,2026-09-03T19:33:59.551954+00:00
2023-11-22,190.0,190.0,187.0,189.9,14412,189.9,2026-09-03T19:33:59.551954+00:00
2023-11-23,189.9,194.4,187.0,193.4,32840,193.4,2026-09-03T19:33:59.551954+00:00
2023-11-26,190.0,196.0,190.0,196.0,40275,196.0,2026-09-03T19:33:59.551954+00:00
2023-11-27,193.5,195.0,189.8,194.0,54727,194.0,2026-09-03T19:33:59.551954+00:00
2023-11-28,190.5,197.8,190.0,192.0,64351,192.0,2026-09-03T19:33:59.551954+00:00
2023-11-29,189.0,193.0,189.0,192.0,32577,192.0,2026-09-03T19:33:59.551954+00:00
2023-11-30,189.2,193.0,188.9,192.9,31478,192.9,2026-09-03T19:33:59.551954+00:00
2023-12-03,189.1,191.0,187.5,191.0,27200,191.0,2026-09-03T19:33:59.551954+00:00
2023-12-04,191.5,192.0,188.2,190.0,18321,190.0,2026-09-03T19:33:59.551954+00:00
2023-12-05,188.0,189.0,185.9,186.9,26938,186.9,2026-09-03T19:33:59.551954+00:00
2023-12-06,187.0,187.5,185.0,187.5,24336,187.5,2026-09-03T19:33:59.551954+00:00
2023-12-07,185.0,188.0,185.0,188.0,23044,188.0,2026-09-03T19:33:59.551954+00:00
2023-12-10,188.0,201.1,188.0,199.9,3478,199.9,2026-09-03T19:33:59.551954+00:00
2023-12-11,200.0,200.0,192.0,197.0,181810,197.0,2026-09-03T19:33:59.551954+00:00
2023-12-12,197.0,199.0,194.9,198.0,81200,198.0,2026-09-03T19:33:59.551954+00:00
2023-12-13,194.5,200.0,194.1,197.8,90063,197.8,2026-09-03T19:33:59.551954+00:00
2023-12-14,194.2,198.8,194.0,195.0,47374,195.0,2026-09-03T19:33:59.551954+00:00
2023-12-17,194.0,195.9,189.0,194.0,133374,194.0,2026-09-03T19:33:59.551954+00:00
2023-12-18,193.0,201.0,193.0,199.9,204114,199.9,2026-09-03T19:33:59.551954+00:00
2023-12-19,198.0,207.0,196.0,206.1,244973,206.1,2026-09-03T19:33:59.551954+00:00
2023-12-20,207.0,211.5,205.6,211.1,234805,211.1,2026-09-03T19:33:59.551954+00:00
2023-12-21,215.0,215.0,205.0,207.9,101152,207.9,2026-09-03T19:33:59.551954+00:00
2023-12-24,210.1,210.1,203.1,203.9,123000,203.9,2026-09-03T19:33:59.551954+00:00
2023-12-27,206.5,206.5,200.1,201.0,87417,201.0,2026-09-03T19:33:59.551954+00:00
2023-12-28,200.0,203.0,199.0,202.0,71854,202.0,2026-09-03T19:33:59.551954+00:00
2024-01-01,200.0,203.0,199.1,201.5,60007,201.5,2026-09-03T19:33:59.551954+00:00
2024-01-02,201.0,201.0,198.2,200.8,57276,200.8,2026-09-03T19:33:59.551954+00:00
2024-01-03,198.1,201.0,198.0,201.0,36681,201.0,2026-09-03T19:33:59.551954+00:00
2024-01-04,201.0,203.0,198.0,198.0,44113,198.0,2026-09-03T19:33:59.551954+00:00
2024-01-07,200.0,200.0,194.2,195.2,72631,195.2,2026-09-03T19:33:59.551954+00:00
2024-01-08,193.1,201.9,193.1,199.9,67831,199.9,2026-09-03T19:33:59.551954+00:00
2024-01-09,201.0,203.8,197.1,201.2,91050,201.2,2026-09-03T19:33:59.551954+00:00
2024-01-10,202.0,206.0,201.0,205.5,126852,205.5,2026-09-03T19:33:59.551954+00:00
2024-01-11,202.0,205.8,202.0,203.7,60434,203.7,2026-09-03T19:33:59.551954+00:00
2024-01-14,204.0,204.0,202.0,203.0,47556,203.0,2026-09-03T19:33:59.551954+00:00
2024-01-16,206.0,211.1,204.0,209.9,161145,209.9,2026-09-03T19:33:59.551954+00:00
2024-01-17,206.0,219.1,206.0,210.9,210558,210.9,2026-09-03T19:33:59.551954+00:00
2024-01-18,207.1,214.9,207.1,212.4,90273,212.4,2026-09-03T19:33:59.551954+00:00
2024-01-21,212.4,221.0,211.0,213.0,136749,213.0,2026-09-03T19:33:59.551954+00:00
2024-01-22,212.0,214.2,208.9,209.2,95435,209.2,2026-09-03T19:33:59.551954+00:00
2024-01-23,209.0,212.0,205.1,207.8,72324,207.8,2026-09-03T19:33:59.551954+00:00
2024-01-24,206.0,210.1,205.0,207.9,41989,207.9,2026-09-03T19:33:59.551954+00:00
2024-01-25,209.9,209.9,206.0,209.4,53900,209.4,2026-09-03T19:33:59.551954+00:00
2024-01-28,209.4,212.0,208.0,208.9,61070,208.9,2026-09-03T19:33:59.551954+00:00
2024-01-29,210.0,210.0,206.7,207.4,85710,207.4,2026-09-03T19:33:59.551954+00:00
2024-01-30,206.0,209.0,204.0,207.4,112210,207.4,2026-09-03T19:33:59.551954+00:00
2024-01-31,203.5,207.8,203.5,205.0,101547,205.0,2026-09-03T19:33:59.551954+00:00
2024-02-01,205.0,205.0,201.0,201.3,39960,201.3,2026-09-03T19:33:59.551954+00:00
2024-02-04,201.0,203.9,199.0,201.3,62821,201.3,2026-09-03T19:33:59.551954+00:00
2024-02-05,200.0,203.0,198.0,201.0,39920,201.0,2026-09-03T19:33:59.551954+00:00
2024-02-06,199.1,205.0,199.1,204.0,57205,204.0,2026-09-03T19:33:59.551954+00:00
2024-02-07,208.0,208.0,200.0,203.0,41433,203.0,2026-09-03T19:33:59.551954+00:00
2024-02-08,201.0,205.0,201.0,204.5,34818,204.5,2026-09-03T19:33:59.551954+00:00
2024-02-11,208.0,208.0,202.1,204.7,51568,204.7,2026-09-03T19:33:59.551954+00:00
2024-02-12,203.0,203.8,201.1,202.5,47185,202.5,2026-09-03T19:33:59.551954+00:00
2024-02-13,200.0,202.3,200.0,202.1,44433,202.1,2026-09-03T19:33:59.551954+00:00
2024-02-14,200.0,202.1,199.6,201.5,27797,201.5,2026-09-03T19:33:59.551954+00:00
2024-02-15,200.0,202.0,199.4,202.0,48390,202.0,2026-09-03T19:33:59.551954+00:00
2024-02-18,200.0,201.9,199.0,200.0,29920,200.0,2026-09-03T19:33:59.551954+00:00
2024-02-20,199.0,200.0,198.0,198.9,36650,198.9,2026-09-03T19:33:59.551954+00:00
2024-02-21,201.0,201.0,196.6,197.8,30078,197.8,2026-09-03T19:33:59.551954+00:00
2024-02-22,194.1,197.9,194.1,197.0,61988,197.0,2026-09-03T19:33:59.551954+00:00
2024-02-25,197.0,199.0,193.6,193.6,34448,193.6,2026-09-03T19:33:59.551954+00:00
2024-02-26,193.0,196.0,191.1,193.1,25343,193.1,2026-09-03T19:33:59.551954+00:00
2024-02-27,193.1,194.0,191.7,192.6,35432,192.6,2026-09-03T19:33:59.551954+00:00
2024-02-28,192.0,193.6,189.7,190.0,44139,190.0,2026-09-03T19:33:59.551954+00:00
2024-02-29,189.1,192.0,189.0,190.0,38926,190.0,2026-09-03T19:33:59.551954+00:00
2024-03-03,190.1,190.1,186.0,188.9,42333,188.9,2026-09-03T19:33:59.551954+00:00
2024-03-04,192.6,196.0,190.0,195.9,4490,195.9,2026-09-03T19:33:59.551954+00:00
2024-03-05,199.0,199.0,189.1,192.4,56868,192.4,2026-09-03T19:33:59.551954+00:00
2024-03-06,192.4,194.0,186.3,192.0,72958,192.0,2026-09-03T19:33:59.551954+00:00
2024-03-07,193.0,193.2,190.2,192.8,44273,192.8,2026-09-03T19:33:59.551954+00:00
2024-03-10,196.6,199.9,193.1,195.0,43012,195.0,2026-09-03T19:33:59.551954+00:00
2024-03-12,195.0,200.9,195.0,200.9,46529,200.9,2026-09-03T19:33:59.551954+00:00
2024-03-13,199.0,204.7,198.0,200.8,63033,200.8,2026-09-03T19:33:59.551954+00:00
2024-03-14,200.0,201.0,198.0,198.1,37556,198.1,2026-09-03T19:33:59.551954+00:00
2024-03-17,199.0,199.9,196.0,198.0,26373,198.0,2026-09-03T19:33:59.551954+00:00
2024-03-18,198.0,199.0,194.1,198.9,67795,198.9,2026-09-03T19:33:59.551954+00:00
2024-03-19,198.0,200.0,195.1,197.0,29968,197.0,2026-09-03T19:33:59.551954+00:00
2024-03-20,200.9,200.9,195.1,195.9,45323,195.9,2026-09-03T19:33:59.551954+00:00
2024-03-21,196.0,196.7,193.6,195.9,47460,195.9,2026-09-03T19:33:59.551954+00:00
2024-03-25,196.0,196.0,191.5,193.0,33302,193.0,2026-09-03T19:33:59.551954+00:00
2024-03-26,191.5,194.9,191.3,193.0,49926,193.0,2026-09-03T19:33:59.551954+00:00
2024-03-27,192.0,192.0,189.4,191.4,74803,191.4,2026-09-03T19:33:59.551954+00:00
2024-03-28,188.2,193.0,188.2,192.9,30210,192.9,2026-09-03T19:33:59.551954+00:00
2024-03-31,196.0,196.0,190.0,193.9,34351,193.9,2026-09-03T19:33:59.551954+00:00
2024-04-01,193.0,193.0,189.0,191.8,40916,191.8,2026-09-03T19:33:59.551954+00:00
2024-04-02,188.0,191.5,188.0,189.9,70247,189.9,2026-09-03T19:33:59.551954+00:00
2024-04-03,193.6,193.6,187.6,189.0,37825,189.0,2026-09-03T19:33:59.551954+00:00
2024-04-04,186.5,189.0,186.0,188.9,56740,188.9,2026-09-03T19:33:59.551954+00:00
2024-04-07,188.9,190.0,186.0,190.0,92205,190.0,2026-09-03T19:33:59.551954+00:00
2024-04-09,190.0,192.7,187.2,189.9,157645,189.9,2026-09-03T19:33:59.551954+00:00
2024-04-10,190.0,192.7,188.8,190.0,149139,190.0,2026-09-03T19:33:59.551954+00:00
2024-04-14,192.8,193.7,190.2,192.9,83041,192.9,2026-09-03T19:33:59.551954+00:00
2024-04-15,193.7,194.0,189.9,190.7,44169,190.7,2026-09-03T19:33:59.551954+00:00
2024-04-16,189.2,191.0,186.9,190.0,40914,190.0,2026-09-03T19:33:59.551954+00:00
2024-04-18,190.0,192.9,187.2,188.8,30041,188.8,2026-09-03T19:33:59.551954+00:00
2024-04-21,189.0,191.9,187.6,191.8,93050,191.8,2026-09-03T19:33:59.551954+00:00
2024-04-22,195.5,197.0,190.5,191.9,74562,191.9,2026-09-03T19:33:59.551954+00:00
2024-04-24,192.0,194.9,192.0,193.5,23293,193.5,2026-09-03T19:33:59.551954+00:00
2024-04-25,194.0,195.5,193.4,195.3,44570,195.3,2026-09-03T19:33:59.551954+00:00
2024-04-28,199.2,199.2,192.0,194.0,48184,194.0,2026-09-03T19:33:59.551954+00:00
2024-04-29,197.8,197.8,191.0,194.5,23275,194.5,2026-09-03T19:33:59.551954+00:00
2024-04-30,198.3,198.3,194.4,195.3,54627,195.3,2026-09-03T19:33:59.551954+00:00
2024-05-02,199.2,199.2,191.4,193.0,45475,193.0,2026-09-03T19:33:59.551954+00:00
2024-05-05,192.3,193.0,189.1,192.8,59845,192.8,2026-09-03T19:33:59.551954+00:00
2024-05-06,190.0,191.8,189.0,189.7,23554,189.7,2026-09-03T19:33:59.551954+00:00
2024-05-07,189.0,191.8,188.3,190.8,17988,190.8,2026-09-03T19:33:59.551954+00:00
2024-05-08,189.0,192.7,189.0,192.0,33374,192.0,2026-09-03T19:33:59.551954+00:00
2024-05-09,189.0,192.0,189.0,191.0,22547,191.0,2026-09-03T19:33:59.551954+00:00
2024-05-12,194.8,194.8,190.1,193.0,35760,193.0,2026-09-03T19:33:59.551954+00:00
2024-05-13,190.9,202.8,190.9,197.0,100285,197.0,2026-09-03T19:33:59.551954+00:00
2024-05-14,193.1,201.0,193.1,197.9,71915,197.9,2026-09-03T19:33:59.551954+00:00
2024-05-15,194.0,200.0,194.0,195.9,38428,195.9,2026-09-03T19:33:59.551954+00:00
2024-05-16,199.8,199.8,193.3,194.9,61989,194.9,2026-09-03T19:33:59.551954+00:00
2024-05-19,198.7,200.0,195.1,198.4,82005,198.4,2026-09-03T19:33:59.551954+00:00
2024-05-20,200.0,218.0,199.4,205.9,224862,205.9,2026-09-03T19:33:59.551954+00:00
2024-05-21,208.0,210.0,205.0,207.0,96136,207.0,2026-09-03T19:33:59.551954+00:00
2024-05-22,206.9,216.0,204.0,212.9,236179,212.9,2026-09-03T19:33:59.551954+00:00
2024-05-26,215.0,217.0,209.0,212.1,173416,212.1,2026-09-03T19:33:59.551954+00:00
2024-05-27,212.5,212.5,208.0,209.0,108465,209.0,2026-09-03T19:33:59.551954+00:00
2024-05-29,213.1,216.0,204.0,204.0,121252,204.0,2026-09-03T19:33:59.551954+00:00
2024-05-30,205.0,205.0,200.0,200.2,58976,200.2,2026-09-03T19:33:59.551954+00:00
2024-06-02,198.4,202.0,198.4,201.7,35246,201.7,2026-09-03T19:33:59.551954+00:00
2024-06-03,204.0,204.0,199.0,200.1,80888,200.1,2026-09-03T19:33:59.551954+00:00
2024-06-04,200.1,202.2,200.0,202.2,48031,202.2,2026-09-03T19:33:59.551954+00:00
2024-06-05,201.1,201.1,199.0,199.0,39827,199.0,2026-09-03T19:33:59.551954+00:00
2024-06-06,198.0,201.3,198.0,200.0,58157,200.0,2026-09-03T19:33:59.551954+00:00
2024-06-09,204.0,204.0,198.0,198.9,31290,198.9,2026-09-03T19:33:59.551954+00:00
2024-06-10,202.8,202.8,197.0,197.8,49279,197.8,2026-09-03T19:33:59.551954+00:00
2024-06-11,201.7,203.0,196.1,203.0,51029,203.0,2026-09-03T19:33:59.551954+00:00
2024-06-12,203.0,210.0,200.0,205.0,85425,205.0,2026-09-03T19:33:59.551954+00:00
2024-06-13,206.0,206.0,200.3,201.9,38988,201.9,2026-09-03T19:33:59.551954+00:00
2024-06-16,198.5,203.9,198.5,201.4,38783,201.4,2026-09-03T19:33:59.551954+00:00
2024-06-18,197.5,199.5,197.5,198.1,42409,198.1,2026-09-03T19:33:59.551954+00:00
2024-06-19,196.0,198.5,196.0,197.6,30497,197.6,2026-09-03T19:33:59.551954+00:00
2024-06-20,201.5,201.5,196.0,198.0,42427,198.0,2026-09-03T19:33:59.551954+00:00
2024-06-23,199.0,199.0,194.5,195.5,33667,195.5,2026-09-03T19:33:59.551954+00:00
2024-06-24,195.0,196.6,194.6,196.0,30750,196.0,2026-09-03T19:33:59.551954+00:00
2024-06-25,196.0,198.8,193.0,195.0,80527,195.0,2026-09-03T19:33:59.551954+00:00
2024-06-26,192.2,195.9,192.2,194.9,77862,194.9,2026-09-03T19:33:59.551954+00:00
2024-06-27,198.7,198.7,193.0,197.3,63448,197.3,2026-09-03T19:33:59.551954+00:00
2024-06-30,195.1,196.9,191.6,193.0,46047,193.0,2026-09-03T19:33:59.551954+00:00
2024-07-01,191.0,195.8,190.1,195.8,131954,195.8,2026-09-03T19:33:59.551954+00:00
2024-07-02,199.7,211.1,199.7,202.0,106105,202.0,2026-09-03T19:33:59.551954+00:00
2024-07-03,204.0,204.0,197.5,201.4,51762,201.4,2026-09-03T19:33:59.551954+00:00
2024-07-04,203.0,204.0,199.1,202.0,46171,202.0,2026-09-03T19:33:59.551954+00:00
2024-07-07,200.0,204.0,198.1,203.0,77556,203.0,2026-09-03T19:33:59.551954+00:00
2024-07-08,203.0,204.0,200.0,202.0,53437,202.0,2026-09-03T19:33:59.551954+00:00
2024-07-09,200.1,204.6,200.1,204.3,54457,204.3,2026-09-03T19:33:59.551954+00:00
2024-07-10,208.3,208.3,201.0,207.2,76963,207.2,2026-09-03T19:33:59.551954+00:00
2024-07-11,211.3,212.0,208.0,211.0,128334,211.0,2026-09-03T19:33:59.551954+00:00
2024-07-14,215.2,225.0,214.0,224.9,365788,224.9,2026-09-03T19:33:59.551954+00:00
2024-07-15,229.3,229.3,221.0,221.8,237100,221.8,2026-09-03T19:33:59.551954+00:00
2024-07-16,224.1,231.0,215.0,230.9,165154,230.9,2026-09-03T19:33:59.551954+00:00
2024-07-17,233.0,236.0,228.0,235.3,218228,235.3,2026-09-03T19:33:59.551954+00:00
2024-07-18,240.0,258.8,236.0,255.0,712480,255.0,2026-09-03T19:33:59.551954+00:00
2024-07-21,255.0,277.4,252.0,276.5,548184,276.5,2026-09-03T19:33:59.551954+00:00
2024-07-22,282.0,282.0,264.0,267.0,617987,267.0,2026-09-03T19:33:59.551954+00:00
2024-07-23,267.0,271.5,261.9,271.4,299030,271.4,2026-09-03T19:33:59.551954+00:00
2024-07-24,275.0,275.0,263.9,264.3,336036,264.3,2026-09-03T19:33:59.551954+00:00
2024-07-25,264.3,273.0,260.0,269.0,412595,269.0,2026-09-03T19:33:59.551954+00:00
2024-07-28,274.3,295.9,274.3,295.9,942315,295.9,2026-09-03T19:33:59.551954+00:00
2024-07-29,301.0,312.0,294.0,296.9,878708,296.9,2026-09-03T19:33:59.551954+00:00
2024-07-30,297.0,300.0,277.5,296.9,605669,296.9,2026-09-03T19:33:59.551954+00:00
2024-07-31,301.0,303.4,294.0,300.0,494134,300.0,2026-09-03T19:33:59.551954+00:00
2024-08-01,295.0,300.0,294.0,295.0,401417,295.0,2026-09-03T19:33:59.551954+00:00
2024-08-05,300.0,320.0,294.3,294.5,662783,294.5,2026-09-03T19:33:59.551954+00:00
2024-08-06,298.9,298.9,271.0,273.0,558087,273.0,2026-09-03T19:33:59.551954+00:00
2024-08-07,268.0,290.0,265.0,279.4,295934,279.4,2026-09-03T19:33:59.551954+00:00
2024-08-08,284.8,285.0,272.0,276.0,317619,276.0,2026-09-03T19:33:59.551954+00:00
2024-08-11,280.0,291.8,275.0,291.8,392998,291.8,2026-09-03T19:33:59.551954+00:00
2024-08-12,291.8,306.0,291.8,296.4,387386,296.4,2026-09-03T19:33:59.551954+00:00
2024-08-13,297.0,303.0,294.0,297.0,389373,297.0,2026-09-03T19:33:59.551954+00:00
2024-08-14,297.0,300.0,292.0,297.0,188001,297.0,2026-09-03T19:33:59.551954+00:00
2024-08-15,291.2,316.9,291.2,311.0,855443,311.0,2026-09-03T19:33:59.551954+00:00
2024-08-18,317.2,329.0,309.0,314.0,742001,314.0,2026-09-03T19:33:59.551954+00:00
2024-08-21,314.0,320.2,307.0,309.0,412725,309.0,2026-09-03T19:33:59.551954+00:00
2024-08-22,310.0,316.6,310.0,313.0,338060,313.0,2026-09-03T19:33:59.551954+00:00
2024-08-25,312.0,318.0,301.2,304.0,429044,304.0,2026-09-03T19:33:59.551954+00:00
2024-08-27,300.0,303.0,287.9,288.5,432552,288.5,2026-09-03T19:33:59.551954+00:00
2024-08-28,290.0,308.0,288.0,293.0,359225,293.0,2026-09-03T19:33:59.551954+00:00
2024-08-29,287.2,293.5,282.0,286.0,178461,286.0,2026-09-03T19:33:59.551954+00:00
2024-09-01,291.0,291.0,281.3,284.0,154595,284.0,2026-09-03T19:33:59.551954+00:00
2024-09-02,280.1,295.0,280.1,295.0,260587,295.0,2026-09-03T19:33:59.551954+00:00
2024-09-03,298.9,301.9,290.6,293.0,120741,293.0,2026-09-03T19:33:59.551954+00:00
2024-09-04,298.8,298.8,279.8,281.0,252162,281.0,2026-09-03T19:33:59.551954+00:00
2024-09-05,283.0,283.0,275.0,283.0,169875,283.0,2026-09-03T19:33:59.551954+00:00
2024-09-08,286.6,286.6,272.0,278.0,123227,278.0,2026-09-03T19:33:59.551954+00:00
2024-09-09,275.2,276.1,268.1,269.0,206783,269.0,2026-09-03T19:33:59.551954+00:00
2024-09-10,274.0,275.0,266.0,266.9,106758,266.9,2026-09-03T19:33:59.551954+00:00
2024-09-11,268.0,270.2,263.0,264.0,103203,264.0,2026-09-03T19:33:59.551954+00:00
2024-09-12,269.2,271.0,260.0,270.0,117569,270.0,2026-09-03T19:33:59.551954+00:00
2024-09-15,273.3,282.0,268.1,270.0,171749,270.0,2026-09-03T19:33:59.551954+00:00
2024-09-16,273.0,273.0,263.8,270.0,104435,270.0,2026-09-03T19:33:59.551954+00:00
2024-09-18,270.0,274.0,264.8,273.0,124556,273.0,2026-09-03T19:33:59.551954+00:00
2024-09-22,278.4,282.1,274.0,274.0,115259,274.0,2026-09-03T19:33:59.551954+00:00
2024-09-23,279.4,279.4,270.0,271.0,102181,271.0,2026-09-03T19:33:59.551954+00:00
2024-09-24,266.2,271.0,266.0,268.0,104673,268.0,2026-09-03T19:33:59.551954+00:00
2024-09-25,266.0,270.0,260.3,269.5,67930,269.5,2026-09-03T19:33:59.551954+00:00
2024-09-26,271.0,274.7,268.0,268.0,66627,268.0,2026-09-03T19:33:59.551954+00:00
2024-09-29,265.0,269.0,262.7,264.1,76841,264.1,2026-09-03T19:33:59.551954+00:00
2024-09-30,263.0,269.3,260.3,268.0,61403,268.0,2026-09-03T19:33:59.551954+00:00
2024-10-01,272.0,279.0,269.0,278.8,132242,278.8,2026-09-03T19:33:59.551954+00:00
2024-10-02,279.0,283.0,275.0,277.2,119874,277.2,2026-09-03T19:33:59.551954+00:00
2024-10-06,277.0,286.5,277.0,285.3,93775,285.3,2026-09-03T19:33:59.551954+00:00
2024-10-07,285.3,294.0,285.0,292.9,156469,292.9,2026-09-03T19:33:59.551954+00:00
2024-10-08,297.0,297.0,289.3,294.9,86444,294.9,2026-09-03T19:33:59.551954+00:00
2024-10-09,290.0,294.8,290.0,294.1,58129,294.1,2026-09-03T19:33:59.551954+00:00
2024-10-15,297.5,297.5,290.6,295.1,58684,295.1,2026-09-03T19:33:59.551954+00:00
2024-10-16,299.0,301.0,294.2,297.1,151109,297.1,2026-09-03T19:33:59.551954+00:00
2024-10-17,300.0,302.0,294.2,298.0,141846,298.0,2026-09-03T19:33:59.551954+00:00
2024-10-20,292.1,300.0,290.0,295.0,127422,295.0,2026-09-03T19:33:59.551954+00:00
2024-10-21,291.1,294.0,283.3,283.3,110793,283.3,2026-09-03T19:33:59.551954+00:00
2024-10-22,287.0,295.0,286.9,294.0,123926,294.0,2026-09-03T19:33:59.551954+00:00
2024-10-23,299.8,305.7,290.9,292.0,216886,292.0,2026-09-03T19:33:59.551954+00:00
2024-10-24,292.5,295.0,288.1,290.0,91239,290.0,2026-09-03T19:33:59.551954+00:00
2024-10-27,290.0,290.0,276.1,277.9,251590,277.9,2026-09-03T19:33:59.551954+00:00
2024-10-28,275.0,280.9,274.0,279.0,110747,279.0,2026-09-03T19:33:59.551954+00:00
2024-10-29,282.9,288.0,280.0,287.0,102067,287.0,2026-09-03T19:33:59.551954+00:00
2024-10-30,288.0,288.0,282.0,284.3,110808,284.3,2026-09-03T19:33:59.551954+00:00
2024-11-05,285.0,286.5,280.4,280.4,36732,280.4,2026-09-03T19:33:59.551954+00:00
2024-11-06,280.0,281.0,278.5,279.5,44704,279.5,2026-09-03T19:33:59.551954+00:00
2024-11-10,280.0,285.0,278.1,284.5,169948,284.5,2026-09-03T19:33:59.551954+00:00
2024-11-11,285.0,291.9,279.0,284.0,355776,284.0,2026-09-03T19:33:59.551954+00:00
2024-11-12,284.0,288.3,282.5,283.0,72738,283.0,2026-09-03T19:33:59.551954+00:00
2024-11-13,283.4,285.0,277.5,278.3,105984,278.3,2026-09-03T19:33:59.551954+00:00
2024-11-14,280.0,283.2,275.0,282.6,123185,282.6,2026-09-03T19:33:59.551954+00:00
2024-11-17,285.0,287.9,280.0,283.9,132426,283.9,2026-09-03T19:33:59.551954+00:00
2024-11-19,282.0,283.0,275.0,275.0,127272,275.0,2026-09-03T19:33:59.551954+00:00
2024-11-20,276.1,278.0,273.2,277.0,86148,277.0,2026-09-03T19:33:59.551954+00:00
2024-11-21,275.0,279.0,272.6,276.0,167567,276.0,2026-09-03T19:33:59.551954+00:00
2024-11-24,281.5,281.5,268.2,270.0,95633,270.0,2026-09-03T19:33:59.551954+00:00
2024-11-25,270.0,274.0,266.6,271.0,80889,271.0,2026-09-03T19:33:59.551954+00:00
2024-11-26,276.4,276.4,268.1,271.6,61755,271.6,2026-09-03T19:33:59.551954+00:00
2024-11-27,277.0,277.0,270.2,274.0,66517,274.0,2026-09-03T19:33:59.551954+00:00
2024-11-28,272.1,274.0,268.5,272.0,76631,272.0,2026-09-03T19:33:59.551954+00:00
2024-12-01,277.4,277.4,264.0,265.1,115647,265.1,2026-09-03T19:33:59.551954+00:00
2024-12-02,270.0,270.0,262.1,262.2,75063,262.2,2026-09-03T19:33:59.551954+00:00
2024-12-03,267.0,267.0,258.0,258.6,107390,258.6,2026-09-03T19:33:59.551954+00:00
2024-12-04,263.7,263.7,257.4,260.0,81810,260.0,2026-09-03T19:33:59.551954+00:00
2024-12-05,262.0,262.0,257.1,259.0,69962,259.0,2026-09-03T19:33:59.551954+00:00
2024-12-08,257.1,258.0,253.0,256.2,123922,256.2,2026-09-03T19:33:59.551954+00:00
2024-12-09,253.0,258.0,252.0,254.1,97197,254.1,2026-09-03T19:33:59.551954+00:00
2024-12-10,254.0,257.0,252.2,253.7,46268,253.7,2026-09-03T19:33:59.551954+00:00
2024-12-11,255.5,264.0,253.2,262.2,97233,262.2,2026-09-03T19:33:59.551954+00:00
2024-12-12,267.4,267.4,259.5,264.9,106705,264.9,2026-09-03T19:33:59.551954+00:00
2024-12-16,264.0,264.0,255.2,259.0,74897,259.0,2026-09-03T19:33:59.551954+00:00
2024-12-17,256.0,260.0,254.7,258.0,44126,258.0,2026-09-03T19:33:59.551954+00:00
2024-12-18,260.0,260.0,255.0,258.4,56912,258.4,2026-09-03T19:33:59.551954+00:00
2024-12-19,256.5,258.8,253.4,253.9,72250,253.9,2026-09-03T19:33:59.551954+00:00
2024-12-22,248.9,258.8,248.9,253.0,43174,253.0,2026-09-03T19:33:59.551954+00:00
2024-12-23,250.0,256.9,249.0,256.9,48580,256.9,2026-09-03T19:33:59.551954+00:00
2024-12-24,256.0,260.0,253.9,258.9,62220,258.9,2026-09-03T19:33:59.551954+00:00
2024-12-26,259.7,270.0,254.5,261.1,105595,261.1,2026-09-03T19:33:59.551954+00:00
2024-12-29,266.3,268.0,257.1,258.2,64692,258.2,2026-09-03T19:33:59.551954+00:00
2024-12-31,263.3,263.3,250.0,259.0,70142,259.0,2026-09-03T19:33:59.551954+00:00
2025-01-01,255.2,260.0,255.2,257.0,30102,257.0,2026-09-03T19:33:59.551954+00:00
2025-01-02,256.0,257.0,253.0,255.0,46266,255.0,2026-09-03T19:33:59.551954+00:00
2025-01-05,255.9,255.9,251.0,252.0,56099,252.0,2026-09-03T19:33:59.551954+00:00
2025-01-06,252.5,259.9,252.0,256.1,58083,256.1,2026-09-03T19:33:59.551954+00:00
2025-01-07,253.0,259.1,253.0,254.0,31400,254.0,2026-09-03T19:33:59.551954+00:00
2025-01-08,252.0,256.0,252.0,254.0,46242,254.0,2026-09-03T19:33:59.551954+00:00
2025-01-09,253.0,258.0,250.1,251.0,50189,251.0,2026-09-03T19:33:59.551954+00:00
2025-01-12,256.0,256.0,247.0,249.0,32966,249.0,2026-09-03T19:33:59.551954+00:00
2025-01-13,250.0,252.0,245.2,247.0,53563,247.0,2026-09-03T19:33:59.551954+00:00
2025-01-15,249.0,250.0,243.1,243.9,25796,243.9,2026-09-03T19:33:59.551954+00:00
2025-01-16,243.7,247.0,238.1,241.0,95192,241.0,2026-09-03T19:33:59.551954+00:00
2025-01-19,239.0,241.0,238.0,239.3,47725,239.3,2026-09-03T19:33:59.551954+00:00
2025-01-20,239.5,245.0,236.6,243.5,80335,243.5,2026-09-03T19:33:59.551954+00:00
2025-01-21,247.8,247.8,237.0,242.0,62290,242.0,2026-09-03T19:33:59.551954+00:00
2025-01-22,242.0,246.0,238.1,246.0,78550,246.0,2026-09-03T19:33:59.551954+00:00
2025-01-23,248.0,249.0,241.2,242.0,50042,242.0,2026-09-03T19:33:59.551954+00:00
2025-01-26,240.1,242.0,238.0,239.5,48189,239.5,2026-09-03T19:33:59.551954+00:00
2025-01-27,239.0,241.9,236.5,239.0,42498,239.0,2026-09-03T19:33:59.551954+00:00
2025-01-28,236.0,240.0,236.0,237.0,74818,237.0,2026-09-03T19:33:59.551954+00:00
2025-02-02,237.0,247.7,237.0,246.0,76640,246.0,2026-09-03T19:33:59.551954+00:00
2025-02-03,250.9,253.0,245.9,246.0,77550,246.0,2026-09-03T19:33:59.551954+00:00
2025-02-04,250.9,250.9,243.8,244.0,46191,244.0,2026-09-03T19:33:59.551954+00:00
2025-02-05,244.0,247.0,242.0,243.0,41551,243.0,2026-09-03T19:33:59.551954+00:00
2025-02-06,242.1,245.0,242.0,244.0,52674,244.0,2026-09-03T19:33:59.551954+00:00
2025-02-09,239.2,246.0,239.2,242.2,31311,242.2,2026-09-03T19:33:59.551954+00:00
2025-02-10,238.0,245.0,238.0,240.6,26308,240.6,2026-09-03T19:33:59.551954+00:00
2025-02-11,240.0,244.0,240.0,240.3,33350,240.3,2026-09-03T19:33:59.551954+00:00
2025-02-12,240.3,243.8,238.0,240.2,54733,240.2,2026-09-03T19:33:59.551954+00:00
2025-02-13,238.0,241.5,238.0,239.0,50854,239.0,2026-09-03T19:33:59.551954+00:00
2025-02-16,240.0,246.0,239.2,245.9,88750,245.9,2026-09-03T19:33:59.551954+00:00
2025-02-17,246.2,255.0,245.0,253.0,100293,253.0,2026-09-03T19:33:59.551954+00:00
2025-02-18,253.0,266.1,253.0,254.9,78535,254.9,2026-09-03T19:33:59.551954+00:00
2025-02-20,250.0,255.0,250.0,253.5,75856,253.5,2026-09-03T19:33:59.551954+00:00
2025-02-23,248.5,255.0,245.0,249.2,88400,249.2,2026-09-03T19:33:59.551954+00:00
2025-02-24,244.3,256.0,244.3,251.0,56560,251.0,2026-09-03T19:33:59.551954+00:00
2025-02-25,250.0,263.0,248.0,250.8,55738,250.8,2026-09-03T19:33:59.551954+00:00
2025-02-27,255.8,270.0,255.8,260.0,108508,260.0,2026-09-03T19:33:59.551954+00:00
2025-03-02,265.2,277.0,258.8,277.0,247339,277.0,2026-09-03T19:33:59.551954+00:00
2025-03-03,280.0,280.0,267.2,272.0,199335,272.0,2026-09-03T19:33:59.551954+00:00
2025-03-04,270.0,272.0,263.0,267.0,168751,267.0,2026-09-03T19:33:59.551954+00:00
2025-03-05,270.5,270.5,263.0,266.5,112164,266.5,2026-09-03T19:33:59.551954+00:00
2025-03-06,266.0,266.0,262.0,265.9,60151,265.9,2026-09-03T19:33:59.551954+00:00
2025-03-09,262.0,267.0,260.0,260.4,72012,260.4,2026-09-03T19:33:59.551954+00:00
2025-03-10,263.0,269.9,256.1,258.0,95764,258.0,2026-09-03T19:33:59.551954+00:00
2025-03-11,255.0,260.4,254.2,255.0,88080,255.0,2026-09-03T19:33:59.551954+00:00
2025-03-12,259.9,260.0,255.0,259.0,60011,259.0,2026-09-03T19:33:59.551954+00:00
2025-03-16,257.7,259.9,256.0,257.0,55250,257.0,2026-09-03T19:33:59.551954+00:00
2025-03-17,257.0,258.4,254.3,255.1,33183,255.1,2026-09-03T19:33:59.551954+00:00
2025-03-18,260.0,260.0,248.0,250.0,153771,250.0,2026-09-03T19:33:59.551954+00:00
2025-03-19,246.0,255.0,245.1,252.7,70662,252.7,2026-09-03T19:33:59.551954+00:00
2025-03-20,252.0,254.0,250.1,252.49,48521,252.49,2026-09-03T19:33:59.551954+00:00
2025-03-23,250.0,253.0,248.7,249.0,71599,249.0,2026-09-03T19:33:59.551954+00:00
2025-03-24,245.1,255.0,245.1,251.33,43584,251.33,2026-09-03T19:33:59.551954+00:00
2025-03-25,256.3,256.3,247.0,247.09,67977,247.09,2026-09-03T19:33:59.551954+00:00
2025-03-26,251.0,253.8,247.3,251.86,68348,251.86,2026-09-03T19:33:59.551954+00:00
2025-03-27,256.8,256.8,247.0,251.77,90166,251.77,2026-09-03T19:33:59.551954+00:00
2025-03-30,255.0,256.9,251.3,253.28,62804,253.28,2026-09-03T19:33:59.551954+00:00
2025-04-01,253.5,254.0,250.0,251.51,76707,251.51,2026-09-03T19:33:59.551954+00:00
2025-04-02,256.5,256.5,250.3,253.23,44496,253.23,2026-09-03T19:33:59.551954+00:00
2025-04-03,257.7,260.0,253.0,256.81,66654,256.81,2026-09-03T19:33:59.551954+00:00
2025-04-07,256.0,256.0,251.1,252.14,29537,252.14,2026-09-03T19:33:59.551954+00:00
2025-04-08,251.0,251.1,246.0,250.43,30127,250.43,2026-09-03T19:33:59.551954+00:00
2025-04-09,255.0,260.0,251.0,253.02,61771,253.02,2026-09-03T19:33:59.551954+00:00
2025-04-10,257.0,257.0,252.0,252.61,210182,252.61,2026-09-03T19:33:59.551954+00:00
2025-04-13,252.0,253.0,249.0,250.01,33844,250.01,2026-09-03T19:33:59.551954+00:00
2025-04-15,255.0,255.0,250.0,251.56,39266,251.56,2026-09-03T19:33:59.551954+00:00
2025-04-16,256.0,256.0,251.0,252.54,42784,252.54,2026-09-03T19:33:59.551954+00:00
2025-04-17,253.0,264.0,250.8,262.24,167898,262.24,2026-09-03T19:33:59.551954+00:00
2025-04-20,267.0,267.0,253.9,254.09,113491,254.09,2026-09-03T19:33:59.551954+00:00
2025-04-21,254.0,255.0,250.8,252.21,64021,252.21,2026-09-03T19:33:59.551954+00:00
2025-04-22,255.0,255.0,249.1,249.48,55903,249.48,2026-09-03T19:33:59.551954+00:00
2025-04-23,247.1,250.0,245.9,246.01,27237,246.01,2026-09-03T19:33:59.551954+00:00
2025-04-24,245.3,249.0,242.3,244.98,72775,244.98,2026-09-03T19:33:59.551954+00:00
2025-04-27,242.1,246.3,241.0,241.31,87866,241.31,2026-09-03T19:33:59.551954+00:00
2025-04-28,240.0,246.0,240.0,244.3,56368,244.3,2026-09-03T19:33:59.551954+00:00
2025-04-29,247.0,247.0,240.1,241.61,43348,241.61,2026-09-03T19:33:59.551954+00:00
2025-04-30,239.1,242.0,238.0,239.42,51043,239.42,2026-09-03T19:33:59.551954+00:00
2025-05-04,240.1,243.0,238.3,238.82,65896,238.82,2026-09-03T19:33:59.551954+00:00
2025-05-05,238.0,240.0,230.0,234.14,97053,234.14,2026-09-03T19:33:59.551954+00:00
2025-05-06,234.0,237.0,233.7,233.98,31000,233.98,2026-09-03T19:33:59.551954+00:00
2025-05-07,231.8,246.8,231.2,244.12,64612,244.12,2026-09-03T19:33:59.551954+00:00
2025-05-08,243.0,244.9,238.7,242.21,49630,242.21,2026-09-03T19:33:59.551954+00:00
2025-05-11,244.0,244.0,237.2,237.97,31412,237.97,2026-09-03T19:33:59.551954+00:00
2025-05-13,241.7,242.0,237.4,237.86,50988,237.86,2026-09-03T19:33:59.551954+00:00
2025-05-14,235.0,240.0,235.0,236.93,32268,236.93,2026-09-03T19:33:59.551954+00:00
2025-05-15,234.1,238.6,233.5,234.5,55877,234.5,2026-09-03T19:33:59.551954+00:00
2025-05-18,238.0,238.0,233.0,234.15,21062,234.15,2026-09-03T19:33:59.551954+00:00
2025-05-19,229.5,245.8,229.5,243.68,65099,243.68,2026-09-03T19:33:59.551954+00:00
2025-05-20,242.0,252.0,236.1,250.73,97425,250.73,2026-09-03T19:33:59.551954+00:00
2025-05-21,255.7,260.0,247.0,247.35,90536,247.35,2026-09-03T19:33:59.551954+00:00
2025-05-22,248.0,257.5,246.1,254.26,230406,254.26,2026-09-03T19:33:59.551954+00:00
2025-05-25,255.3,257.8,247.0,250.14,126039,250.14,2026-09-03T19:33:59.551954+00:00
2025-05-26,255.1,260.2,247.0,249.89,174960,249.89,2026-09-03T19:33:59.551954+00:00
2025-05-27,247.9,253.0,245.3,251.4,136483,251.4,2026-09-03T19:33:59.551954+00:00
2025-05-28,248.0,261.1,248.0,257.84,72000,257.84,2026-09-03T19:33:59.551954+00:00
2025-06-02,261.0,262.0,252.0,254.38,121478,254.38,2026-09-03T19:33:59.551954+00:00
2025-06-03,258.9,258.9,244.0,244.33,102642,244.33,2026-09-03T19:33:59.551954+00:00
2025-06-04,249.2,249.2,238.7,240.06,92040,240.06,2026-09-03T19:33:59.551954+00:00
2025-06-05,240.0,243.0,237.2,240.24,39663,240.24,2026-09-03T19:33:59.551954+00:00
2025-06-08,240.0,244.0,237.0,240.52,32352,240.52,2026-09-03T19:33:59.551954+00:00
2025-06-09,240.0,243.5,240.0,242.58,20219,242.58,2026-09-03T19:33:59.551954+00:00
2025-06-10,242.0,246.4,240.0,244.52,39392,244.52,2026-09-03T19:33:59.551954+00:00
2025-06-11,242.0,246.0,239.0,241.23,52255,241.23,2026-09-03T19:33:59.551954+00:00
2025-06-12,240.0,243.0,238.3,239.79,54935,239.79,2026-09-03T19:33:59.551954+00:00
2025-06-15,235.0,242.0,235.0,238.95,29109,238.95,2026-09-03T19:33:59.551954+00:00
2025-06-16,238.0,243.7,238.0,240.5,64529,240.5,2026-09-03T19:33:59.551954+00:00
2025-06-17,244.0,244.0,238.0,238.38,28388,238.38,2026-09-03T19:33:59.551954+00:00
2025-06-18,238.2,240.0,238.2,238.48,29848,238.48,2026-09-03T19:33:59.551954+00:00
2025-06-19,238.9,239.1,237.0,237.47,40306,237.47,2026-09-03T19:33:59.551954+00:00
2025-06-22,241.0,241.0,234.2,234.98,79374,234.98,2026-09-03T19:33:59.551954+00:00
2025-06-23,233.1,237.5,233.1,235.16,35075,235.16,2026-09-03T19:33:59.551954+00:00
2025-06-24,233.5,239.6,231.0,236.89,49312,236.89,2026-09-03T19:33:59.551954+00:00
2025-06-25,239.5,239.5,235.0,237.79,30471,237.79,2026-09-03T19:33:59.551954+00:00
2025-06-26,240.0,240.0,236.1,237.82,33937,237.82,2026-09-03T19:33:59.551954+00:00
2025-06-29,236.2,245.0,235.1,244.2,67110,244.2,2026-09-03T19:33:59.551954+00:00
2025-06-30,245.0,246.0,244.0,244.58,94305,244.58,2026-09-03T19:33:59.551954+00:00
2025-07-01,240.1,249.0,240.1,248.37,82872,248.37,2026-09-03T19:33:59.551954+00:00
2025-07-02,250.0,253.0,245.0,251.74,105996,251.74,2026-09-03T19:33:59.551954+00:00
2025-07-03,256.7,256.7,248.0,254.49,112544,254.49,2026-09-03T19:33:59.551954+00:00
2025-07-06,255.1,258.9,252.0,256.96,143362,256.96,2026-09-03T19:33:59.551954+00:00
2025-07-07,262.0,262.0,250.2,256.43,128209,256.43,2026-09-03T19:33:59.551954+00:00
2025-07-08,259.9,259.9,255.0,257.22,80545,257.22,2026-09-03T19:33:59.551954+00:00
2025-07-09,261.9,264.0,256.7,260.22,228172,260.22,2026-09-03T19:33:59.551954+00:00
2025-07-10,263.9,272.0,263.5,269.37,231818,269.37,2026-09-03T19:33:59.551954+00:00
2025-07-13,274.7,285.5,268.6,274.58,398835,274.58,2026-09-03T19:33:59.551954+00:00
2025-07-14,270.1,274.9,265.3,267.88,239205,267.88,2026-09-03T19:33:59.551954+00:00
2025-07-15,267.0,274.8,264.6,272.42,222580,272.42,2026-09-03T19:33:59.551954+00:00
2025-07-16,274.0,279.9,274.0,276.31,328750,276.31,2026-09-03T19:33:59.551954+00:00
2025-07-17,276.0,286.0,276.0,285.32,318486,285.32,2026-09-03T19:33:59.551954+00:00
2025-07-20,280.0,290.0,274.4,276.27,345519,276.27,2026-09-03T19:33:59.551954+00:00
2025-07-21,279.0,280.9,275.0,276.04,241586,276.04,2026-09-03T19:33:59.551954+00:00
2025-07-22,276.0,288.5,276.0,281.49,200146,281.49,2026-09-03T19:33:59.551954+00:00
2025-07-23,277.0,283.0,275.1,279.63,154567,279.63,2026-09-03T19:33:59.551954+00:00
2025-07-24,280.0,281.0,276.5,279.85,134872,279.85,2026-09-03T19:33:59.551954+00:00
2025-07-27,281.0,283.0,276.0,278.16,162297,278.16,2026-09-03T19:33:59.551954+00:00
2025-07-28,275.1,279.5,270.6,277.72,154451,277.72,2026-09-03T19:33:59.551954+00:00
2025-07-29,274.0,284.0,274.0,278.71,157172,278.71,2026-09-03T19:33:59.551954+00:00
2025-07-30,284.0,284.0,271.3,272.96,111218,272.96,2026-09-03T19:33:59.551954+00:00
2025-07-31,270.1,273.5,266.2,269.47,121170,269.47,2026-09-03T19:33:59.551954+00:00
2025-08-03,269.0,269.0,259.0,261.43,137076,261.43,2026-09-03T19:33:59.551954+00:00
2025-08-04,259.0,270.3,256.0,262.13,235063,262.13,2026-09-03T19:33:59.551954+00:00
2025-08-05,264.0,274.4,260.0,260.53,153765,260.53,2026-09-03T19:33:59.551954+00:00
2025-08-06,258.29,262.9,253.1,255.79,97353,255.79,2026-09-03T19:33:59.551954+00:00
2025-08-07,260.0,262.0,256.0,258.37,115608,258.37,2026-09-03T19:33:59.551954+00:00
2025-08-11,262.0,263.5,254.8,255.66,89338,255.66,2026-09-03T19:33:59.551954+00:00
2025-08-12,256.0,257.9,253.5,253.68,64430,253.68,2026-09-03T19:33:59.551954+00:00
2025-08-13,250.2,254.5,250.0,252.0,93571,252.0,2026-09-03T19:33:59.551954+00:00
2025-08-14,250.0,253.0,249.0,250.74,70525,250.74,2026-09-03T19:33:59.551954+00:00
2025-08-17,253.8,264.1,252.0,254.64,143307,254.64,2026-09-03T19:33:59.551954+00:00
2025-08-18,254.1,258.3,253.2,255.6,112884,255.6,2026-09-03T19:33:59.551954+00:00
2025-08-19,257.9,259.5,254.6,255.31,45727,255.31,2026-09-03T19:33:59.551954+00:00
2025-08-20,258.0,258.0,254.1,254.91,60011,254.91,2026-09-03T19:33:59.551954+00:00
2025-08-21,253.1,257.5,251.0,254.71,88099,254.71,2026-09-03T19:33:59.551954+00:00
2025-08-24,257.0,258.8,255.0,256.29,44751,256.29,2026-09-03T19:33:59.551954+00:00
2025-08-25,258.8,259.0,254.1,257.76,31787,257.76,2026-09-03T19:33:59.551954+00:00
2025-08-26,253.1,258.8,253.1,256.23,25994,256.23,2026-09-03T19:33:59.551954+00:00
2025-08-27,261.3,261.3,255.3,260.54,67388,260.54,2026-09-03T19:33:59.551954+00:00
2025-08-28,258.0,261.5,255.0,255.1,59344,255.1,2026-09-03T19:33:59.551954+00:00
2025-08-31,258.0,258.0,251.0,251.38,51024,251.38,2026-09-03T19:33:59.551954+00:00
2025-09-01,256.0,256.0,249.0,254.04,98334,254.04,2026-09-03T19:33:59.551954+00:00
2025-09-02,259.1,259.1,252.5,254.03,58899,254.03,2026-09-03T19:33:59.551954+00:00
2025-09-03,250.1,257.0,250.1,253.23,43599,253.23,2026-09-03T19:33:59.551954+00:00
2025-09-04,255.0,255.0,250.4,251.76,47924,251.76,2026-09-03T19:33:59.551954+00:00
2025-09-07,256.7,256.7,250.0,252.21,31916,252.21,2026-09-03T19:33:59.551954+00:00
2025-09-08,254.9,256.0,246.1,248.64,57987,248.64,2026-09-03T19:33:59.551954+00:00
2025-09-18,244.0,244.0,226.0,234.0,9387,234.0,2026-09-03T19:33:59.551954+00:00
2025-09-21,234.0,246.0,229.5,245.26,85682,245.26,2026-09-03T19:33:59.551954+00:00
2025-09-23,249.0,251.3,246.0,251.3,68899,251.3,2026-09-03T19:33:59.551954+00:00
2025-09-24,255.0,256.0,248.0,248.2,43061,248.2,2026-09-03T19:33:59.551954+00:00
2025-09-25,245.0,250.9,245.0,248.9,59963,248.9,2026-09-03T19:33:59.551954+00:00
2025-09-28,251.0,253.0,248.5,253.0,22288,253.0,2026-09-03T19:33:59.551954+00:00
2025-10-07,253.0,253.0,244.9,246.0,61656,246.0,2026-09-03T19:33:59.551954+00:00
2025-10-08,244.9,249.0,236.0,240.0,106173,240.0,2026-09-03T19:33:59.551954+00:00
2025-10-09,244.8,252.9,241.0,242.9,82383,242.9,2026-09-03T19:33:59.551954+00:00
2025-10-12,241.0,241.0,232.1,234.9,88642,234.9,2026-09-03T19:33:59.551954+00:00
2025-10-13,239.0,239.0,228.0,237.9,49008,237.9,2026-09-03T19:33:59.551954+00:00
2025-10-14,238.0,238.0,233.6,233.6,42759,233.6,2026-09-03T19:33:59.551954+00:00
2025-10-15,235.0,235.0,231.0,232.0,41327,232.0,2026-09-03T19:33:59.551954+00:00
2025-10-16,235.0,235.0,229.7,232.8,26930,232.8,2026-09-03T19:33:59.551954+00:00
2025-10-19,236.0,238.0,233.0,238.0,45380,238.0,2026-09-03T19:33:59.551954+00:00
2025-10-26,236.0,238.0,234.0,237.0,21105,237.0,2026-09-03T19:33:59.551954+00:00
2025-10-28,237.0,241.0,236.0,239.0,25918,239.0,2026-09-03T19:33:59.551954+00:00
2025-10-29,240.0,241.8,238.0,239.2,35141,239.2,2026-09-03T19:33:59.551954+00:00
2025-10-30,237.0,240.8,236.0,239.0,55606,239.0,2026-09-03T19:33:59.551954+00:00
2025-11-02,239.0,242.9,235.2,241.0,28877,241.0,2026-09-03T19:33:59.551954+00:00
2025-11-03,238.0,243.9,237.0,241.0,45704,241.0,2026-09-03T19:33:59.551954+00:00
2025-11-04,241.0,241.0,238.5,239.0,38535,239.0,2026-09-03T19:33:59.551954+00:00
2025-11-05,239.0,262.0,237.0,243.0,95327,243.0,2026-09-03T19:33:59.551954+00:00
2025-11-06,246.0,261.0,242.4,245.0,74360,245.0,2026-09-03T19:33:59.551954+00:00
2025-11-09,243.0,245.0,240.0,240.1,64122,240.1,2026-09-03T19:33:59.551954+00:00
2025-11-10,240.0,243.0,240.0,240.6,50056,240.6,2026-09-03T19:33:59.551954+00:00
2025-11-11,243.0,243.0,237.5,240.5,56842,240.5,2026-09-03T19:33:59.551954+00:00
2025-11-12,240.0,242.0,238.5,240.2,30724,240.2,2026-09-03T19:33:59.551954+00:00
2025-11-13,239.0,247.3,238.5,247.3,76113,247.3,2026-09-03T19:33:59.551954+00:00
2025-11-16,247.0,247.9,242.2,247.9,80809,247.9,2026-09-03T19:33:59.551954+00:00
2025-11-17,247.0,251.9,245.0,249.0,85088,249.0,2026-09-03T19:33:59.551954+00:00
2025-11-18,250.0,255.0,247.0,251.0,59959,251.0,2026-09-03T19:33:59.551954+00:00
2025-11-19,251.0,251.8,245.0,251.8,72945,251.8,2026-09-03T19:33:59.551954+00:00
2025-11-20,251.0,251.0,245.9,247.0,37558,247.0,2026-09-03T19:33:59.551954+00:00
2025-11-23,243.0,255.0,243.0,252.0,73399,252.0,2026-09-03T19:33:59.551954+00:00
2025-11-24,256.0,257.0,252.1,252.8,59663,252.8,2026-09-03T19:33:59.551954+00:00
2025-11-25,252.0,255.9,249.1,253.4,38899,253.4,2026-09-03T19:33:59.551954+00:00
2025-11-26,250.0,254.8,249.1,253.8,36962,253.8,2026-09-03T19:33:59.551954+00:00
2025-11-27,255.0,257.8,251.0,257.0,107302,257.0,2026-09-03T19:33:59.551954+00:00
2025-11-30,258.0,258.0,252.4,252.9,66433,252.9,2026-09-03T19:33:59.551954+00:00
2025-12-01,252.0,252.8,248.6,250.1,58068,250.1,2026-09-03T19:33:59.551954+00:00
2025-12-02,247.2,250.0,247.2,248.4,25659,248.4,2026-09-03T19:33:59.551954+00:00
2025-12-03,250.0,250.0,245.7,245.9,46299,245.9,2026-09-03T19:33:59.551954+00:00
2025-12-07,245.0,247.0,243.6,245.0,40407,245.0,2026-09-03T19:33:59.551954+00:00
2025-12-08,243.1,246.0,242.4,242.6,25957,242.6,2026-09-03T19:33:59.551954+00:00
2025-12-09,242.1,244.5,242.0,242.5,33808,242.5,2026-09-03T19:33:59.551954+00:00
2025-12-10,244.9,244.9,242.1,243.9,23827,243.9,2026-09-03T19:33:59.551954+00:00
2025-12-11,240.4,245.0,240.4,242.8,32783,242.8,2026-09-03T19:33:59.551954+00:00
2025-12-14,240.1,247.6,240.1,247.6,54799,247.6,2026-09-03T19:33:59.551954+00:00
2025-12-15,243.3,249.0,243.3,249.0,44753,249.0,2026-09-03T19:33:59.551954+00:00
2025-12-16,250.0,250.9,246.2,250.0,48617,250.0,2026-09-03T19:33:59.551954+00:00
2025-12-17,253.0,253.2,248.3,252.0,75655,252.0,2026-09-03T19:33:59.551954+00:00
2025-12-18,248.3,252.9,247.3,248.4,17618,248.4,2026-09-03T19:33:59.551954+00:00
2025-12-21,253.3,254.0,251.0,252.8,97091,252.8,2026-09-03T19:33:59.551954+00:00
2025-12-22,251.0,253.0,250.3,251.1,52282,251.1,2026-09-03T19:33:59.551954+00:00
2025-12-23,255.9,255.9,250.9,254.0,49377,254.0,2026-09-03T19:33:59.551954+00:00
2025-12-24,253.0,257.9,253.0,257.0,64555,257.0,2026-09-03T19:33:59.551954+00:00
2025-12-28,256.0,264.0,256.0,262.1,136492,262.1,2026-09-03T19:33:59.551954+00:00
2025-12-29,263.0,264.0,260.7,262.4,80011,262.4,2026-09-03T19:33:59.551954+00:00
2025-12-31,264.9,265.0,262.0,263.3,155355,263.3,2026-09-03T19:33:59.551954+00:00
2026-01-01,264.9,264.9,260.7,261.6,126378,261.6,2026-09-03T19:33:59.551954+00:00
2026-01-04,261.6,263.0,258.5,258.9,216102,258.9,2026-09-03T19:33:59.551954+00:00
2026-01-05,239.0,240.0,237.0,238.5,57737,238.5,2026-09-03T19:33:59.551954+00:00
2026-01-06,239.0,241.0,238.0,239.0,73824,239.0,2026-09-03T19:33:59.551954+00:00
2026-01-07,238.0,240.0,236.1,236.2,38625,236.2,2026-09-03T19:33:59.551954+00:00
2026-01-08,236.0,239.0,235.0,237.0,38576,237.0,2026-09-03T19:33:59.551954+00:00
2026-01-12,235.2,240.0,235.2,237.1,54810,237.1,2026-09-03T19:33:59.551954+00:00
2026-01-13,237.0,240.7,236.7,239.9,38664,239.9,2026-09-03T19:33:59.551954+00:00
2026-01-14,240.0,240.8,239.0,239.0,45991,239.0,2026-09-03T19:33:59.551954+00:00
2026-01-18,241.0,243.5,239.0,240.0,39906,240.0,2026-09-03T19:33:59.551954+00:00
2026-01-20,244.8,249.6,241.2,245.6,48091,245.6,2026-09-03T19:33:59.551954+00:00
2026-01-21,247.0,248.0,243.0,246.4,32317,246.4,2026-09-03T19:33:59.551954+00:00
2026-01-22,246.4,247.8,244.0,245.0,57855,245.0,2026-09-03T19:33:59.551954+00:00
2026-01-25,248.9,248.9,243.1,246.2,363868,246.2,2026-09-03T19:33:59.551954+00:00
2026-01-26,248.2,251.2,244.7,247.0,63219,247.0,2026-09-03T19:33:59.551954+00:00
2026-01-27,248.0,248.0,242.0,243.0,36048,243.0,2026-09-03T19:33:59.551954+00:00
2026-01-28,243.0,243.0,239.1,241.0,55480,241.0,2026-09-03T19:33:59.551954+00:00
2026-01-29,239.5,242.0,238.8,239.1,73422,239.1,2026-09-03T19:33:59.551954+00:00
2026-02-01,242.0,242.0,237.5,238.0,77146,238.0,2026-09-03T19:33:59.551954+00:00
2026-02-02,238.0,240.0,236.0,237.0,56722,237.0,2026-09-03T19:33:59.551954+00:00
2026-02-03,239.8,239.8,235.8,235.8,37331,235.8,2026-09-03T19:33:59.551954+00:00
2026-02-04,232.0,239.7,232.0,235.8,36116,235.8,2026-09-03T19:33:59.551954+00:00
2026-02-05,234.4,237.0,234.4,235.8,42945,235.8,2026-09-03T19:33:59.551954+00:00
2026-02-08,234.0,238.0,234.0,235.4,38599,235.4,2026-09-03T19:33:59.551954+00:00
2026-02-09,235.8,235.8,230.0,232.0,67871,232.0,2026-09-03T19:33:59.551954+00:00
2026-02-10,233.0,235.5,230.2,232.3,52288,232.3,2026-09-03T19:33:59.551954+00:00
2026-02-11,234.0,241.6,234.0,234.0,50133,234.0,2026-09-03T19:33:59.551954+00:00
2026-02-12,235.0,237.8,234.6,236.0,35174,236.0,2026-09-03T19:33:59.551954+00:00
2026-02-16,239.0,239.0,232.2,233.0,22437,233.0,2026-09-03T19:33:59.551954+00:00
2026-02-17,233.0,233.0,231.0,231.5,29731,231.5,2026-09-03T19:33:59.551954+00:00
2026-02-22,231.0,232.0,230.0,230.8,41796,230.8,2026-09-03T19:33:59.551954+00:00
2026-02-23,231.0,232.1,230.0,230.5,26446,230.5,2026-09-03T19:33:59.551954+00:00
2026-02-24,234.0,234.0,231.0,233.5,22631,233.5,2026-09-03T19:33:59.551954+00:00
2026-02-25,233.0,235.0,232.0,233.0,26283,233.0,2026-09-03T19:33:59.551954+00:00
2026-02-26,237.6,237.6,232.1,234.8,28965,234.8,2026-09-03T19:33:59.551954+00:00
2026-03-01,239.4,239.4,230.0,236.3,72292,236.3,2026-09-03T19:33:59.551954+00:00
2026-03-03,241.0,242.2,236.4,242.2,116670,242.2,2026-09-03T19:33:59.551954+00:00
2026-03-09,247.0,256.9,247.0,256.9,370,256.9,2026-09-03T19:33:59.551954+00:00
2026-03-10,262.0,265.1,246.0,255.0,223749,255.0,2026-09-03T19:33:59.551954+00:00
2026-03-11,255.0,256.0,246.0,248.0,121184,248.0,2026-09-03T19:33:59.551954+00:00
2026-03-12,245.2,256.0,245.2,253.0,141893,253.0,2026-09-03T19:33:59.551954+00:00
2026-03-15,258.0,258.0,250.2,252.0,148169,252.0,2026-09-03T19:33:59.551954+00:00
2026-03-16,247.0,252.8,247.0,249.0,69617,249.0,2026-09-03T19:33:59.551954+00:00
2026-03-17,249.0,251.7,247.5,251.7,73975,251.7,2026-09-03T19:33:59.551954+00:00
2026-03-19,256.7,261.5,252.0,260.0,382563,260.0,2026-09-03T19:33:59.551954+00:00
2026-03-22,264.0,271.0,261.3,269.0,428251,269.0,2026-09-03T19:33:59.551954+00:00
2026-03-23,274.3,274.3,262.0,265.0,143172,265.0,2026-09-03T19:33:59.551954+00:00
2026-03-24,265.0,267.0,262.1,266.9,113650,266.9,2026-09-03T19:33:59.551954+00:00
2026-03-25,262.0,275.9,261.0,264.0,134630,264.0,2026-09-03T19:33:59.551954+00:00
2026-03-26,260.1,265.0,257.9,262.9,169546,262.9,2026-09-03T19:33:59.551954+00:00
2026-03-29,262.0,264.0,253.0,254.0,206161,254.0,2026-09-03T19:33:59.551954+00:00
2026-03-30,250.0,257.0,243.0,246.9,170385,246.9,2026-09-03T19:33:59.551954+00:00
2026-03-31,250.0,251.9,243.0,250.0,87573,250.0,2026-09-03T19:33:59.551954+00:00
2026-04-01,255.0,255.0,238.0,242.1,206199,242.1,2026-09-03T19:33:59.551954+00:00
2026-04-02,238.0,245.9,238.0,244.0,74939,244.0,2026-09-03T19:33:59.551954+00:00
2026-04-05,240.0,242.0,235.2,238.0,130743,238.0,2026-09-03T19:33:59.551954+00:00
2026-04-06,236.0,246.7,235.1,242.0,95068,242.0,2026-09-03T19:33:59.551954+00:00
2026-04-07,242.7,246.0,241.0,243.0,114872,243.0,2026-09-03T19:33:59.551954+00:00
2026-04-08,245.1,247.8,241.2,247.8,75742,247.8,2026-09-03T19:33:59.551954+00:00
2026-04-09,249.9,252.9,244.0,252.9,95824,252.9,2026-09-03T19:33:59.551954+00:00
2026-04-10,255.9,255.9,247.2,247.5,65934,247.5,2026-09-03T19:33:59.551954+00:00
2026-04-13,246.0,249.8,243.0,245.5,65073,245.5,2026-09-03T19:33:59.551954+00:00
2026-04-15,245.0,249.8,245.0,248.0,67663,248.0,2026-09-03T19:33:59.551954+00:00
2026-04-16,250.0,250.0,243.2,245.0,60821,245.0,2026-09-03T19:33:59.551954+00:00
2026-04-17,245.0,246.0,242.5,245.0,37403,245.0,2026-09-03T19:33:59.551954+00:00
2026-04-20,233.0,247.0,233.0,242.2,24066,242.2,2026-09-03T19:33:59.551954+00:00
2026-04-21,242.2,244.0,240.4,242.2,25963,242.2,2026-09-03T19:33:59.551954+00:00
2026-04-22,246.0,246.0,239.0,244.0,63663,244.0,2026-09-03T19:33:59.551954+00:00
2026-04-23,244.0,245.0,238.0,241.0,29723,241.0,2026-09-03T19:33:59.551954+00:00
2026-04-24,237.0,243.4,237.0,242.5,58022,242.5,2026-09-03T19:33:59.551954+00:00
2026-04-27,242.5,245.0,241.0,244.0,37096,244.0,2026-09-03T19:33:59.551954+00:00
2026-04-28,244.0,244.5,240.7,241.5,35174,241.5,2026-09-03T19:33:59.551954+00:00
2026-04-29,241.5,243.0,237.0,238.9,49765,238.9,2026-09-03T19:33:59.551954+00:00
2026-04-30,236.2,239.0,235.3,238.0,40022,238.0,2026-09-03T19:33:59.551954+00:00
2026-05-04,229.0,239.0,229.0,236.6,40104,236.6,2026-09-03T19:33:59.551954+00:00
2026-05-05,235.5,238.9,234.2,235.9,47137,235.9,2026-09-03T19:33:59.551954+00:00
2026-05-06,234.3,237.9,234.2,237.9,22656,237.9,2026-09-03T19:33:59.551954+00:00
2026-05-07,238.8,238.8,236.1,238.5,26903,238.5,2026-09-03T19:33:59.551954+00:00
2026-05-08,238.5,242.0,238.0,240.9,31788,240.9,2026-09-03T19:33:59.551954+00:00
2026-05-11,240.9,243.0,240.2,241.0,39039,241.0,2026-09-03T19:33:59.551954+00:00
2026-05-12,243.0,243.0,237.0,238.4,77628,238.4,2026-09-03T19:33:59.551954+00:00
2026-05-13,238.0,240.0,235.0,238.0,58952,238.0,2026-09-03T19:33:59.551954+00:00
2026-05-14,237.9,239.7,236.0,238.3,21867,238.3,2026-09-03T19:33:59.551954+00:00
2026-05-15,237.0,240.3,237.0,239.5,23344,239.5,2026-09-03T19:33:59.551954+00:00
2026-05-18,240.0,240.0,236.0,239.8,28123,239.8,2026-09-03T19:33:59.551954+00:00
2026-05-19,239.9,240.0,237.3,239.5,30204,239.5,2026-09-03T19:33:59.551954+00:00
2026-05-20,236.5,240.9,236.5,240.5,31319,240.5,2026-09-03T19:33:59.551954+00:00
2026-05-21,241.9,241.9,238.3,239.0,18507,239.0,2026-09-03T19:33:59.551954+00:00
2026-05-22,239.0,240.5,237.5,240.5,23859,240.5,2026-09-03T19:33:59.551954+00:00
2026-05-25,240.5,244.9,239.0,244.9,63543,244.9,2026-09-03T19:33:59.551954+00:00
2026-05-26,244.9,246.0,241.5,245.7,41581,245.7,2026-09-03T19:33:59.551954+00:00
2026-05-27,246.0,247.6,242.5,247.0,49594,247.0,2026-09-03T19:33:59.551954+00:00
2026-06-01,250.0,250.0,239.7,240.9,37497,240.9,2026-09-03T19:33:59.551954+00:00
2026-06-02,241.0,243.4,238.5,243.4,37249,243.4,2026-09-03T19:33:59.551954+00:00
2026-06-03,241.9,243.0,239.5,242.0,29234,242.0,2026-09-03T19:33:59.551954+00:00
2026-06-04,239.2,242.0,238.0,241.0,24205,241.0,2026-09-03T19:33:59.551954+00:00
2026-06-05,240.0,242.0,239.0,240.0,33577,240.0,2026-09-03T19:33:59.551954+00:00
2026-06-08,238.4,239.0,237.8,237.8,43555,237.8,2026-09-03T19:33:59.551954+00:00
2026-06-09,238.3,238.9,236.5,238.5,45960,238.5,2026-09-03T19:33:59.551954+00:00
2026-06-10,227.0,239.9,227.0,239.0,29651,239.0,2026-09-03T19:33:59.551954+00:00
2026-06-11,239.0,239.5,237.2,237.4,27764,237.4,2026-09-03T19:33:59.551954+00:00
2026-06-12,238.5,238.6,236.0,238.6,38035,238.6,2026-09-03T19:33:59.551954+00:00
2026-06-15,241.9,241.9,235.0,239.0,46539,239.0,2026-09-03T19:33:59.551954+00:00
2026-06-16,235.3,239.9,235.2,237.0,26361,237.0,2026-09-03T19:33:59.551954+00:00
2026-06-17,239.0,239.0,235.0,236.0,46650,236.0,2026-09-03T19:33:59.551954+00:00
2026-06-18,225.0,238.9,225.0,236.3,18640,236.3,2026-09-03T19:33:59.551954+00:00
2026-06-19,233.9,237.9,233.8,235.5,52013,235.5,2026-09-03T19:33:59.551954+00:00
2026-06-22,240.0,240.0,234.1,235.5,39949,235.5,2026-09-03T19:33:59.551954+00:00
2026-06-23,234.0,237.5,233.3,236.9,56305,236.9,2026-09-03T19:33:59.551954+00:00
2026-06-24,234.0,235.5,233.0,234.6,30395,234.6,2026-09-03T19:33:59.551954+00:00
2026-06-25,232.5,235.0,232.3,233.0,25326,233.0,2026-09-03T19:33:59.551954+00:00
2026-06-26,235.9,235.9,232.7,233.0,30850,233.0,2026-09-03T19:33:59.551954+00:00
2026-06-29,233.0,234.5,230.1,233.3,32246,233.3,2026-09-03T19:33:59.551954+00:00
2026-06-30,231.0,236.0,231.0,232.4,34867,232.4,2026-09-03T19:33:59.551954+00:00
2026-07-01,231.5,236.4,231.5,233.9,64115,233.9,2026-09-03T19:33:59.551954+00:00
2026-07-02,232.1,237.0,232.1,236.4,30982,236.4,2026-09-03T19:33:59.551954+00:00
2026-07-03,233.0,238.5,233.0,236.0,58482,236.0,2026-09-03T19:33:59.551954+00:00
2026-07-06,233.0,236.0,233.0,234.0,36817,234.0,2026-09-03T19:33:59.551954+00:00
2026-07-07,235.0,237.0,233.6,236.7,25718,236.7,2026-09-03T19:33:59.551954+00:00
2026-07-08,237.0,237.0,231.2,234.0,40443,234.0,2026-09-03T19:33:59.551954+00:00
2026-07-09,231.2,233.5,231.0,231.0,54301,231.0,2026-09-03T19:33:59.551954+00:00
2026-07-10,240.0,240.0,230.0,231.0,50684,231.0,2026-09-03T19:33:59.551954+00:00
2026-07-13,232.0,232.9,230.0,231.6,54916,231.6,2026-09-03T19:33:59.551954+00:00
2026-07-14,231.0,232.6,229.1,229.2,46844,229.2,2026-09-03T19:33:59.551954+00:00
2026-07-15,231.0,235.0,230.4,232.0,25011,232.0,2026-09-03T19:33:59.551954+00:00
2026-07-16,231.0,239.9,231.0,239.9,64646,239.9,2026-09-03T19:33:59.551954+00:00
2026-07-17,238.8,242.1,236.7,242.0,32748,242.0,2026-09-03T19:33:59.551954+00:00
2026-07-20,230.0,248.2,230.0,242.5,33893,242.5,2026-09-03T19:33:59.551954+00:00
2026-07-21,243.0,245.0,239.5,242.7,47015,242.7,2026-09-03T19:33:59.551954+00:00
2026-07-22,243.0,243.0,238.0,239.0,19541,239.0,2026-09-03T19:33:59.551954+00:00
2026-07-23,227.1,244.9,227.1,239.0,29928,239.0,2026-09-03T19:33:59.551954+00:00
2026-07-24,239.0,245.0,238.0,243.0,92403,243.0,2026-09-03T19:33:59.551954+00:00
2026-07-27,230.9,248.9,230.9,243.0,107176,243.0,2026-09-03T19:33:59.551954+00:00
2026-07-28,243.0,245.0,241.3,242.0,66306,242.0,2026-09-03T19:33:59.551954+00:00
2026-07-29,238.5,244.4,238.5,241.9,142194,241.9,2026-09-03T19:33:59.551954+00:00
2026-07-30,230.0,244.0,230.0,241.5,40879,241.5,2026-09-03T19:33:59.551954+00:00
2026-07-31,240.1,247.0,240.1,247.0,100424,247.0,2026-09-03T19:33:59.551954+00:00
2026-08-03,247.5,249.8,245.2,246.5,71311,246.5,2026-09-03T19:33:59.551954+00:00
2026-08-04,246.0,248.5,242.1,242.6,48350,242.6,2026-09-03T19:33:59.551954+00:00
2026-08-05,242.2,243.9,241.1,242.5,39909,242.5,2026-09-03T19:33:59.551954+00:00
2026-08-06,242.5,246.0,239.2,240.1,44619,240.1,2026-09-03T19:33:59.551954+00:00
2026-08-07,244.5,244.5,238.2,240.0,41391,240.0,2026-09-03T19:33:59.551954+00:00
2026-08-10,243.8,243.8,237.4,239.0,21138,239.0,2026-09-03T19:33:59.551954+00:00
2026-08-11,239.1,241.0,238.2,240.0,66626,240.0,2026-09-03T19:33:59.551954+00:00
2026-08-12,240.0,242.5,238.5,240.0,28515,240.0,2026-09-03T19:33:59.551954+00:00
2026-08-13,238.2,243.0,238.2,240.0,40163,240.0,2026-09-03T19:33:59.551954+00:00
2026-08-14,239.2,242.5,239.2,241.9,29726,241.9,2026-09-03T19:33:59.551954+00:00
2026-08-17,243.3,244.6,239.0,244.6,80028,244.6,2026-09-03T19:33:59.551954+00:00
2026-08-18,244.0,244.0,238.3,240.3,53111,240.3,2026-09-03T19:33:59.551954+00:00
2026-08-19,240.0,242.0,237.0,240.5,46783,240.5,2026-09-03T19:33:59.551954+00:00
2026-08-20,240.0,240.9,238.1,240.0,16616,240.0,2026-09-03T19:33:59.551954+00:00
2026-08-21,240.0,241.0,238.0,241.0,42617,241.0,2026-09-03T19:33:59.551954+00:00
2026-08-24,242.0,242.0,237.0,239.7,50938,239.7,2026-09-03T19:33:59.551954+00:00
2026-08-25,238.0,241.7,238.0,239.0,31052,239.0,2026-09-03T19:33:59.551954+00:00
2026-08-26,237.9,239.0,236.7,237.8,40466,237.8,2026-09-03T19:33:59.551954+00:00
2026-08-27,237.0,237.4,233.3,235.5,23140,235.5,2026-09-03T19:33:59.551954+00:00
2026-08-31,235.0,236.0,232.0,233.5,33319,233.5,2026-09-03T19:33:59.551954+00:00
2026-09-01,234.0,238.0,232.0,235.0,31155,235.0,2026-09-03T19:33:59.551954+00:00
2026-09-02,235.0,237.0,234.0,237.0,19436,237.0,2026-09-03T19:33:59.551954+00:00
2026-09-03,237.1,239.9,235.2,238.0,40298,238.0,2026-09-03T19:33:59.551954+00:00
