date,open,high,low,close,volume,adj_close,fetched_at
2015-02-15,311.0,315.0,310.0,315.0,44909,315.0,2026-09-03T19:33:52.275201+00:00
2015-02-16,315.0,323.0,310.0,323.0,88333,323.0,2026-09-03T19:33:52.275201+00:00
2015-02-16,315.0,323.0,310.0,323.0,88333,323.0,2026-09-03T19:33:52.275201+00:00
2015-02-18,323.0,335.0,321.0,335.0,134332,335.0,2026-09-03T19:33:52.275201+00:00
2015-02-22,335.0,343.0,327.0,330.0,94575,330.0,2026-09-03T19:33:52.275201+00:00
2015-02-23,330.0,331.0,315.0,330.0,77796,330.0,2026-09-03T19:33:52.275201+00:00
2015-02-24,330.0,335.0,323.0,332.0,48684,332.0,2026-09-03T19:33:52.275201+00:00
2015-02-25,332.0,335.0,328.0,335.0,37210,335.0,2026-09-03T19:33:52.275201+00:00
2015-02-26,335.0,349.0,335.0,349.0,88605,349.0,2026-09-03T19:33:52.275201+00:00
2015-03-01,349.0,360.0,346.0,350.0,92783,350.0,2026-09-03T19:33:52.275201+00:00
2015-03-02,350.0,350.0,345.0,349.0,30148,349.0,2026-09-03T19:33:52.275201+00:00
2015-03-03,349.0,348.0,342.0,343.0,25611,343.0,2026-09-03T19:33:52.275201+00:00
2015-03-04,343.0,354.0,338.0,341.0,42694,341.0,2026-09-03T19:33:52.275201+00:00
2015-03-09,341.0,353.0,344.0,347.0,73654,347.0,2026-09-03T19:33:52.275201+00:00
2015-03-10,347.0,348.0,339.0,340.0,79413,340.0,2026-09-03T19:33:52.275201+00:00
2015-03-11,340.0,345.0,341.0,342.0,20898,342.0,2026-09-03T19:33:52.275201+00:00
2015-03-12,342.0,348.0,340.0,342.0,26536,342.0,2026-09-03T19:33:52.275201+00:00
2015-03-15,342.0,342.0,335.0,340.0,13347,340.0,2026-09-03T19:33:52.275201+00:00
2015-03-16,340.0,340.0,332.0,334.0,7644,334.0,2026-09-03T19:33:52.275201+00:00
2015-03-17,334.0,341.0,329.0,340.0,14725,340.0,2026-09-03T19:33:52.275201+00:00
2015-03-18,340.0,340.0,335.0,336.0,5868,336.0,2026-09-03T19:33:52.275201+00:00
2015-03-19,336.0,344.0,338.0,339.0,14209,339.0,2026-09-03T19:33:52.275201+00:00
2015-03-22,339.0,346.0,332.0,332.0,8570,332.0,2026-09-03T19:33:52.275201+00:00
2015-03-23,332.0,340.0,329.0,330.0,20269,330.0,2026-09-03T19:33:52.275201+00:00
2015-03-24,330.0,330.0,326.0,328.0,67872,328.0,2026-09-03T19:33:52.275201+00:00
2015-03-25,328.0,330.0,325.0,329.0,9668,329.0,2026-09-03T19:33:52.275201+00:00
2015-03-26,329.0,331.0,324.0,331.0,43881,331.0,2026-09-03T19:33:52.275201+00:00
2015-03-29,331.0,333.0,325.0,330.0,9720,330.0,2026-09-03T19:33:52.275201+00:00
2015-03-30,330.0,335.0,325.0,328.0,13795,328.0,2026-09-03T19:33:52.275201+00:00
2015-03-31,328.0,336.0,325.0,332.0,21375,332.0,2026-09-03T19:33:52.275201+00:00
2015-04-01,332.0,333.0,327.0,328.0,7796,328.0,2026-09-03T19:33:52.275201+00:00
2015-04-02,328.0,336.0,328.0,331.0,82404,331.0,2026-09-03T19:33:52.275201+00:00
2015-04-05,331.0,336.0,329.0,335.0,9048,335.0,2026-09-03T19:33:52.275201+00:00
2015-04-06,335.0,335.0,330.0,334.0,8859,334.0,2026-09-03T19:33:52.275201+00:00
2015-04-07,334.0,340.0,331.0,336.0,12508,336.0,2026-09-03T19:33:52.275201+00:00
2015-04-08,336.0,343.0,332.0,342.0,22579,342.0,2026-09-03T19:33:52.275201+00:00
2015-04-09,342.0,352.0,339.0,352.0,35860,352.0,2026-09-03T19:33:52.275201+00:00
2015-04-12,352.0,362.0,348.0,361.0,34519,361.0,2026-09-03T19:33:52.275201+00:00
2015-04-13,361.0,357.0,347.0,353.0,18412,353.0,2026-09-03T19:33:52.275201+00:00
2015-04-15,353.0,360.0,347.0,348.0,5182,348.0,2026-09-03T19:33:52.275201+00:00
2015-04-16,348.0,351.0,345.0,350.0,5886,350.0,2026-09-03T19:33:52.275201+00:00
2015-04-19,350.0,358.0,344.0,344.0,15309,344.0,2026-09-03T19:33:52.275201+00:00
2015-04-20,344.0,350.0,344.0,348.0,25947,348.0,2026-09-03T19:33:52.275201+00:00
2015-04-21,348.0,357.0,346.0,350.0,69861,350.0,2026-09-03T19:33:52.275201+00:00
2015-04-22,350.0,356.0,346.0,352.0,10275,352.0,2026-09-03T19:33:52.275201+00:00
2015-04-23,352.0,355.0,345.0,345.0,15828,345.0,2026-09-03T19:33:52.275201+00:00
2015-05-24,345.0,339.0,311.0,311.0,110,311.0,2026-09-03T19:33:52.275201+00:00
2015-05-25,311.0,305.0,280.0,280.0,3527,280.0,2026-09-03T19:33:52.275201+00:00
2015-05-26,280.0,304.0,270.0,287.0,33239,287.0,2026-09-03T19:33:52.275201+00:00
2015-05-27,287.0,286.0,275.0,280.0,9613,280.0,2026-09-03T19:33:52.275201+00:00
2015-05-28,280.0,300.0,275.0,295.0,25968,295.0,2026-09-03T19:33:52.275201+00:00
2015-05-31,295.0,311.0,297.0,310.0,28021,310.0,2026-09-03T19:33:52.275201+00:00
2015-06-01,310.0,326.0,308.0,315.0,25940,315.0,2026-09-03T19:33:52.275201+00:00
2015-06-02,315.0,321.0,310.0,321.0,14742,321.0,2026-09-03T19:33:52.275201+00:00
2015-06-03,321.0,332.0,320.0,327.0,16535,327.0,2026-09-03T19:33:52.275201+00:00
2015-06-04,327.0,337.0,321.0,321.0,23373,321.0,2026-09-03T19:33:52.275201+00:00
2015-06-07,321.0,332.0,321.0,331.0,40127,331.0,2026-09-03T19:33:52.275201+00:00
2015-06-08,331.0,349.0,332.0,340.0,44051,340.0,2026-09-03T19:33:52.275201+00:00
2015-06-08,331.0,349.0,332.0,340.0,44051,340.0,2026-09-03T19:33:52.275201+00:00
2015-06-08,331.0,349.0,332.0,340.0,44051,340.0,2026-09-03T19:33:52.275201+00:00
2015-06-09,340.0,359.0,340.0,346.0,40846,346.0,2026-09-03T19:33:52.275201+00:00
2015-06-10,346.0,345.0,336.0,339.0,28548,339.0,2026-09-03T19:33:52.275201+00:00
2015-06-11,339.0,340.0,330.0,334.0,14059,334.0,2026-09-03T19:33:52.275201+00:00
2015-06-14,334.0,339.0,325.0,329.0,7684,329.0,2026-09-03T19:33:52.275201+00:00
2015-06-15,329.0,335.0,323.0,328.0,14482,328.0,2026-09-03T19:33:52.275201+00:00
2015-06-16,328.0,330.0,325.0,327.0,12651,327.0,2026-09-03T19:33:52.275201+00:00
2015-06-17,327.0,334.0,324.0,329.0,41105,329.0,2026-09-03T19:33:52.275201+00:00
2015-06-18,329.0,335.0,324.0,324.0,14249,324.0,2026-09-03T19:33:52.275201+00:00
2015-06-21,324.0,326.0,320.0,323.0,5825,323.0,2026-09-03T19:33:52.275201+00:00
2015-06-22,323.0,327.0,320.0,326.0,12935,326.0,2026-09-03T19:33:52.275201+00:00
2015-06-23,326.0,327.0,323.0,325.0,7229,325.0,2026-09-03T19:33:52.275201+00:00
2015-06-24,325.0,329.0,321.0,327.0,14749,327.0,2026-09-03T19:33:52.275201+00:00
2015-06-25,327.0,332.0,323.0,327.0,15304,327.0,2026-09-03T19:33:52.275201+00:00
2015-06-28,327.0,333.0,324.0,324.0,23180,324.0,2026-09-03T19:33:52.275201+00:00
2015-06-29,324.0,329.0,320.0,323.0,24960,323.0,2026-09-03T19:33:52.275201+00:00
2015-06-30,323.0,324.0,316.0,320.0,14535,320.0,2026-09-03T19:33:52.275201+00:00
2015-07-01,320.0,326.0,320.0,323.0,7123,323.0,2026-09-03T19:33:52.275201+00:00
2015-07-02,323.0,323.0,316.0,318.0,6419,318.0,2026-09-03T19:33:52.275201+00:00
2015-07-05,318.0,323.0,315.0,317.0,6756,317.0,2026-09-03T19:33:52.275201+00:00
2015-07-06,317.0,318.0,310.0,315.0,16946,315.0,2026-09-03T19:33:52.275201+00:00
2015-07-07,315.0,320.0,312.0,318.0,20351,318.0,2026-09-03T19:33:52.275201+00:00
2015-07-08,318.0,336.0,324.0,330.0,34472,330.0,2026-09-03T19:33:52.275201+00:00
2015-07-09,330.0,340.0,329.0,331.0,77704,331.0,2026-09-03T19:33:52.275201+00:00
2015-07-12,331.0,336.0,326.0,331.0,14531,331.0,2026-09-03T19:33:52.275201+00:00
2015-07-13,331.0,334.0,330.0,333.0,14167,333.0,2026-09-03T19:33:52.275201+00:00
2015-07-14,333.0,338.0,330.0,338.0,12223,338.0,2026-09-03T19:33:52.275201+00:00
2015-07-15,338.0,348.0,338.0,340.0,46656,340.0,2026-09-03T19:33:52.275201+00:00
2015-07-16,340.0,348.0,341.0,348.0,12066,348.0,2026-09-03T19:33:52.275201+00:00
2015-07-22,348.0,360.0,350.0,357.0,41410,357.0,2026-09-03T19:33:52.275201+00:00
2015-07-23,357.0,376.0,357.0,370.0,47383,370.0,2026-09-03T19:33:52.275201+00:00
2015-07-26,370.0,407.0,377.0,407.0,100052,407.0,2026-09-03T19:33:52.275201+00:00
2015-07-27,407.0,431.0,385.0,386.0,98678,386.0,2026-09-03T19:33:52.275201+00:00
2015-07-28,386.0,400.0,370.0,385.0,43338,385.0,2026-09-03T19:33:52.275201+00:00
2015-07-29,385.0,385.0,371.0,377.0,11324,377.0,2026-09-03T19:33:52.275201+00:00
2015-07-30,377.0,390.0,370.0,378.0,29557,378.0,2026-09-03T19:33:52.275201+00:00
2015-08-02,378.0,390.0,373.0,388.0,14130,388.0,2026-09-03T19:33:52.275201+00:00
2015-08-03,388.0,390.0,381.0,389.0,32041,389.0,2026-09-03T19:33:52.275201+00:00
2015-08-04,389.0,394.0,383.0,384.0,22976,384.0,2026-09-03T19:33:52.275201+00:00
2015-08-05,384.0,386.0,375.0,385.0,25304,385.0,2026-09-03T19:33:52.275201+00:00
2015-08-06,385.0,395.0,378.0,388.0,19735,388.0,2026-09-03T19:33:52.275201+00:00
2015-08-09,388.0,406.0,390.0,395.0,54049,395.0,2026-09-03T19:33:52.275201+00:00
2015-08-10,395.0,402.0,390.0,395.0,42658,395.0,2026-09-03T19:33:52.275201+00:00
2015-08-11,395.0,399.0,385.0,393.0,22817,393.0,2026-09-03T19:33:52.275201+00:00
2015-08-12,393.0,395.0,375.0,382.0,27437,382.0,2026-09-03T19:33:52.275201+00:00
2015-08-13,382.0,388.0,376.0,387.0,38761,387.0,2026-09-03T19:33:52.275201+00:00
2015-08-16,387.0,387.0,365.0,370.0,50071,370.0,2026-09-03T19:33:52.275201+00:00
2015-08-17,370.0,407.0,377.0,407.0,75252,407.0,2026-09-03T19:33:52.275201+00:00
2015-08-18,407.0,438.0,408.0,436.0,64366,436.0,2026-09-03T19:33:52.275201+00:00
2015-08-18,407.0,438.0,408.0,436.0,64366,436.0,2026-09-03T19:33:52.275201+00:00
2015-08-19,436.0,454.0,435.0,452.0,70388,452.0,2026-09-03T19:33:52.275201+00:00
2015-08-20,452.0,497.0,461.0,470.0,151985,470.0,2026-09-03T19:33:52.275201+00:00
2015-08-23,470.0,474.0,447.0,457.0,114929,457.0,2026-09-03T19:33:52.275201+00:00
2015-08-24,457.0,464.0,455.0,460.0,61147,460.0,2026-09-03T19:33:52.275201+00:00
2015-08-25,460.0,456.0,440.0,451.0,84902,451.0,2026-09-03T19:33:52.275201+00:00
2015-08-26,451.0,466.0,446.0,450.0,48053,450.0,2026-09-03T19:33:52.275201+00:00
2015-08-27,450.0,459.0,445.0,449.0,44253,449.0,2026-09-03T19:33:52.275201+00:00
2015-08-31,449.0,451.0,440.0,442.0,43583,442.0,2026-09-03T19:33:52.275201+00:00
2015-09-01,442.0,450.0,436.0,438.0,55254,438.0,2026-09-03T19:33:52.275201+00:00
2015-09-02,438.0,443.0,430.0,433.0,34816,433.0,2026-09-03T19:33:52.275201+00:00
2015-09-03,433.0,436.0,430.0,433.0,15035,433.0,2026-09-03T19:33:52.275201+00:00
2015-09-06,433.0,436.0,415.0,421.0,122545,421.0,2026-09-03T19:33:52.275201+00:00
2015-09-07,421.0,429.0,426.0,426.0,12048,426.0,2026-09-03T19:33:52.275201+00:00
2015-09-08,426.0,430.0,424.0,426.0,21942,426.0,2026-09-03T19:33:52.275201+00:00
2015-09-09,426.0,428.0,424.0,428.0,15116,428.0,2026-09-03T19:33:52.275201+00:00
2015-09-10,428.0,431.0,422.0,422.0,18665,422.0,2026-09-03T19:33:52.275201+00:00
2015-09-13,422.0,433.0,424.0,425.0,15841,425.0,2026-09-03T19:33:52.275201+00:00
2015-09-14,425.0,447.0,425.0,428.0,30202,428.0,2026-09-03T19:33:52.275201+00:00
2015-09-15,428.0,437.0,430.0,433.0,15007,433.0,2026-09-03T19:33:52.275201+00:00
2015-09-16,433.0,435.0,428.0,430.0,16634,430.0,2026-09-03T19:33:52.275201+00:00
2015-09-17,430.0,436.0,425.0,425.0,29984,425.0,2026-09-03T19:33:52.275201+00:00
2015-09-22,425.0,425.0,408.0,408.0,25981,408.0,2026-09-03T19:33:52.275201+00:00
2015-09-23,408.0,432.0,413.0,421.0,20070,421.0,2026-09-03T19:33:52.275201+00:00
2015-09-24,421.0,422.0,410.0,416.0,31173,416.0,2026-09-03T19:33:52.275201+00:00
2015-09-28,416.0,415.0,393.0,406.0,15985,406.0,2026-09-03T19:33:52.275201+00:00
2015-09-29,406.0,415.0,409.0,415.0,10714,415.0,2026-09-03T19:33:52.275201+00:00
2015-09-30,415.0,430.0,410.0,415.0,12782,415.0,2026-09-03T19:33:52.275201+00:00
2016-10-04,399.0,438.0,406.0,438.0,5050,438.0,2026-09-03T19:33:52.275201+00:00
2017-01-15,438.0,430.0,395.0,395.0,2320,395.0,2026-09-03T19:33:52.275201+00:00
2017-01-16,395.0,388.0,356.0,356.0,12265,356.0,2026-09-03T19:33:52.275201+00:00
2017-01-17,356.0,360.0,331.0,344.0,203761,344.0,2026-09-03T19:33:52.275201+00:00
2017-01-18,344.0,355.0,345.0,347.0,104527,347.0,2026-09-03T19:33:52.275201+00:00
2017-01-19,347.0,351.0,345.0,345.0,61707,345.0,2026-09-03T19:33:52.275201+00:00
2017-01-22,345.0,346.0,340.0,340.0,40325,340.0,2026-09-03T19:33:52.275201+00:00
2017-01-23,340.0,344.0,328.0,330.0,76861,330.0,2026-09-03T19:33:52.275201+00:00
2017-01-24,330.0,335.0,316.0,319.0,99838,319.0,2026-09-03T19:33:52.275201+00:00
2017-01-25,319.0,315.0,300.0,309.0,61703,309.0,2026-09-03T19:33:52.275201+00:00
2017-01-26,309.0,314.0,297.0,306.0,103153,306.0,2026-09-03T19:33:52.275201+00:00
2017-01-30,306.0,312.0,291.0,291.0,82391,291.0,2026-09-03T19:33:52.275201+00:00
2017-01-31,291.0,305.0,281.0,299.0,77906,299.0,2026-09-03T19:33:52.275201+00:00
2017-02-01,299.0,318.0,300.0,318.0,72030,318.0,2026-09-03T19:33:52.275201+00:00
2017-02-02,318.0,330.0,308.0,314.0,94581,314.0,2026-09-03T19:33:52.275201+00:00
2017-02-05,314.0,310.0,300.0,306.0,52132,306.0,2026-09-03T19:33:52.275201+00:00
2017-02-06,306.0,308.0,300.0,301.0,44870,301.0,2026-09-03T19:33:52.275201+00:00
2017-02-07,301.0,306.0,298.0,300.0,73634,300.0,2026-09-03T19:33:52.275201+00:00
2017-02-08,300.0,305.0,294.0,297.0,84502,297.0,2026-09-03T19:33:52.275201+00:00
2017-02-09,297.0,300.0,295.0,297.0,110428,297.0,2026-09-03T19:33:52.275201+00:00
2017-02-12,297.0,299.0,285.0,286.0,87546,286.0,2026-09-03T19:33:52.275201+00:00
2017-02-13,286.0,300.0,281.0,297.0,70157,297.0,2026-09-03T19:33:52.275201+00:00
2017-02-14,297.0,301.0,290.0,300.0,91776,300.0,2026-09-03T19:33:52.275201+00:00
2017-02-15,300.0,309.0,297.0,306.0,77091,306.0,2026-09-03T19:33:52.275201+00:00
2017-02-16,306.0,317.0,305.0,310.0,106498,310.0,2026-09-03T19:33:52.275201+00:00
2017-02-19,310.0,317.0,307.0,315.0,82819,315.0,2026-09-03T19:33:52.275201+00:00
2017-02-20,315.0,325.0,310.0,315.0,85791,315.0,2026-09-03T19:33:52.275201+00:00
2017-02-21,315.0,327.0,311.0,315.0,60335,315.0,2026-09-03T19:33:52.275201+00:00
2017-02-22,315.0,316.0,307.0,311.0,37129,311.0,2026-09-03T19:33:52.275201+00:00
2017-02-23,311.0,314.0,308.0,310.0,32289,310.0,2026-09-03T19:33:52.275201+00:00
2017-02-26,310.0,312.0,306.0,308.0,16542,308.0,2026-09-03T19:33:52.275201+00:00
2017-02-28,308.0,309.0,300.0,305.0,31507,305.0,2026-09-03T19:33:52.275201+00:00
2017-03-01,305.0,308.0,305.0,308.0,16689,308.0,2026-09-03T19:33:52.275201+00:00
2017-03-02,308.0,310.0,306.0,309.0,17311,309.0,2026-09-03T19:33:52.275201+00:00
2017-03-05,309.0,315.0,308.0,309.0,43334,309.0,2026-09-03T19:33:52.275201+00:00
2017-03-06,309.0,317.0,310.0,314.0,52818,314.0,2026-09-03T19:33:52.275201+00:00
2017-03-07,314.0,312.0,303.0,307.0,17251,307.0,2026-09-03T19:33:52.275201+00:00
2017-03-09,307.0,311.0,305.0,308.0,34434,308.0,2026-09-03T19:33:52.275201+00:00
2017-03-13,308.0,313.0,307.0,307.0,21332,307.0,2026-09-03T19:33:52.275201+00:00
2017-03-14,307.0,313.0,306.0,307.0,21465,307.0,2026-09-03T19:33:52.275201+00:00
2017-03-15,307.0,312.0,304.0,310.0,10706,310.0,2026-09-03T19:33:52.275201+00:00
2017-03-16,310.0,313.0,308.0,310.0,28852,310.0,2026-09-03T19:33:52.275201+00:00
2017-03-19,310.0,321.0,310.0,320.0,51135,320.0,2026-09-03T19:33:52.275201+00:00
2017-03-20,320.0,335.0,314.0,335.0,347309,335.0,2026-09-03T19:33:52.275201+00:00
2017-03-21,335.0,347.0,322.0,341.0,79880,341.0,2026-09-03T19:33:52.275201+00:00
2017-03-22,341.0,359.0,335.0,344.0,119863,344.0,2026-09-03T19:33:52.275201+00:00
2017-03-23,344.0,348.0,335.0,345.0,68352,345.0,2026-09-03T19:33:52.275201+00:00
2017-03-26,345.0,375.0,351.0,370.0,107957,370.0,2026-09-03T19:33:52.275201+00:00
2017-03-28,370.0,400.0,372.0,398.0,128326,398.0,2026-09-03T19:33:52.275201+00:00
2017-03-29,398.0,413.0,384.0,388.0,160475,388.0,2026-09-03T19:33:52.275201+00:00
2017-03-30,388.0,400.0,375.0,386.0,93263,386.0,2026-09-03T19:33:52.275201+00:00
2017-04-02,386.0,424.0,392.0,424.0,93223,424.0,2026-09-03T19:33:52.275201+00:00
2017-04-03,424.0,440.0,405.0,408.0,160931,408.0,2026-09-03T19:33:52.275201+00:00
2017-04-04,408.0,418.0,390.0,404.0,131554,404.0,2026-09-03T19:33:52.275201+00:00
2017-04-06,404.0,417.0,400.0,412.0,75831,412.0,2026-09-03T19:33:52.275201+00:00
2017-04-09,412.0,424.0,410.0,415.0,119447,415.0,2026-09-03T19:33:52.275201+00:00
2017-04-10,415.0,420.0,412.0,417.0,95667,417.0,2026-09-03T19:33:52.275201+00:00
2017-04-11,417.0,430.0,415.0,430.0,188004,430.0,2026-09-03T19:33:52.275201+00:00
2017-04-12,430.0,445.0,428.0,430.0,188380,430.0,2026-09-03T19:33:52.275201+00:00
2017-04-13,430.0,439.0,416.0,429.0,105586,429.0,2026-09-03T19:33:52.275201+00:00
2017-04-16,429.0,435.0,411.0,415.0,82866,415.0,2026-09-03T19:33:52.275201+00:00
2017-04-18,415.0,417.0,400.0,409.0,93996,409.0,2026-09-03T19:33:52.275201+00:00
2017-04-19,409.0,428.0,406.0,426.0,71030,426.0,2026-09-03T19:33:52.275201+00:00
2017-04-20,426.0,440.0,426.0,430.0,184776,430.0,2026-09-03T19:33:52.275201+00:00
2017-04-23,430.0,460.0,438.0,442.0,171131,442.0,2026-09-03T19:33:52.275201+00:00
2017-04-24,442.0,450.0,433.0,435.0,90060,435.0,2026-09-03T19:33:52.275201+00:00
2017-04-25,435.0,440.0,427.0,431.0,111712,431.0,2026-09-03T19:33:52.275201+00:00
2017-04-26,431.0,437.0,425.0,430.0,76451,430.0,2026-09-03T19:33:52.275201+00:00
2017-04-27,430.0,437.0,423.0,433.0,97827,433.0,2026-09-03T19:33:52.275201+00:00
2017-04-30,433.0,441.0,421.0,425.0,50916,425.0,2026-09-03T19:33:52.275201+00:00
2017-05-02,425.0,432.0,417.0,427.0,53112,427.0,2026-09-03T19:33:52.275201+00:00
2017-05-03,427.0,436.0,424.0,425.0,56402,425.0,2026-09-03T19:33:52.275201+00:00
2017-05-04,425.0,431.0,420.0,424.0,95625,424.0,2026-09-03T19:33:52.275201+00:00
2017-05-07,424.0,428.0,415.0,416.0,60729,416.0,2026-09-03T19:33:52.275201+00:00
2017-05-08,416.0,422.0,413.0,420.0,31734,420.0,2026-09-03T19:33:52.275201+00:00
2017-05-09,420.0,422.0,415.0,421.0,61773,421.0,2026-09-03T19:33:52.275201+00:00
2017-05-11,421.0,427.0,420.0,425.0,48861,425.0,2026-09-03T19:33:52.275201+00:00
2017-05-15,425.0,435.0,418.0,427.0,25016,427.0,2026-09-03T19:33:52.275201+00:00
2017-05-16,427.0,425.0,418.0,423.0,35079,423.0,2026-09-03T19:33:52.275201+00:00
2017-05-17,423.0,427.0,418.0,419.0,28466,419.0,2026-09-03T19:33:52.275201+00:00
2017-05-18,419.0,421.0,415.0,419.0,28637,419.0,2026-09-03T19:33:52.275201+00:00
2017-05-21,419.0,425.0,413.0,415.0,33530,415.0,2026-09-03T19:33:52.275201+00:00
2017-05-22,415.0,415.0,405.0,410.0,41474,410.0,2026-09-03T19:33:52.275201+00:00
2017-05-23,410.0,418.0,409.0,414.0,47752,414.0,2026-09-03T19:33:52.275201+00:00
2017-05-24,414.0,419.0,412.0,417.0,41570,417.0,2026-09-03T19:33:52.275201+00:00
2017-05-28,417.0,417.0,411.0,413.0,32594,413.0,2026-09-03T19:33:52.275201+00:00
2017-05-30,413.0,417.0,409.0,414.0,85599,414.0,2026-09-03T19:33:52.275201+00:00
2017-05-31,414.0,418.0,408.0,410.0,53308,410.0,2026-09-03T19:33:52.275201+00:00
2017-06-01,410.0,418.0,411.0,415.0,30918,415.0,2026-09-03T19:33:52.275201+00:00
2017-06-04,415.0,415.0,409.0,410.0,32028,410.0,2026-09-03T19:33:52.275201+00:00
2017-06-05,410.0,417.0,411.0,413.0,29263,413.0,2026-09-03T19:33:52.275201+00:00
2017-06-06,413.0,421.0,415.0,420.0,39026,420.0,2026-09-03T19:33:52.275201+00:00
2017-06-07,420.0,430.0,415.0,415.0,32051,415.0,2026-09-03T19:33:52.275201+00:00
2017-06-08,415.0,417.0,411.0,414.0,26701,414.0,2026-09-03T19:33:52.275201+00:00
2017-06-11,414.0,416.0,404.0,407.0,34482,407.0,2026-09-03T19:33:52.275201+00:00
2017-06-12,407.0,410.0,400.0,406.0,26234,406.0,2026-09-03T19:33:52.275201+00:00
2017-06-13,406.0,411.0,403.0,408.0,21591,408.0,2026-09-03T19:33:52.275201+00:00
2017-06-14,408.0,410.0,403.0,406.0,24174,406.0,2026-09-03T19:33:52.275201+00:00
2017-06-15,406.0,414.0,401.0,404.0,35098,404.0,2026-09-03T19:33:52.275201+00:00
2017-06-18,404.0,405.0,396.0,402.0,57026,402.0,2026-09-03T19:33:52.275201+00:00
2017-06-19,402.0,402.0,394.0,394.0,20819,394.0,2026-09-03T19:33:52.275201+00:00
2017-06-20,394.0,398.0,389.0,398.0,39656,398.0,2026-09-03T19:33:52.275201+00:00
2017-06-21,398.0,403.0,394.0,398.0,14798,398.0,2026-09-03T19:33:52.275201+00:00
2017-06-22,398.0,403.0,399.0,400.0,27917,400.0,2026-09-03T19:33:52.275201+00:00
2017-06-25,400.0,405.0,396.0,400.0,33115,400.0,2026-09-03T19:33:52.275201+00:00
2017-06-27,400.0,402.0,395.0,400.0,21352,400.0,2026-09-03T19:33:52.275201+00:00
2017-06-28,400.0,402.0,396.0,399.0,14065,399.0,2026-09-03T19:33:52.275201+00:00
2017-07-02,399.0,400.0,388.0,393.0,25315,393.0,2026-09-03T19:33:52.275201+00:00
2017-07-03,393.0,400.0,391.0,395.0,17798,395.0,2026-09-03T19:33:52.275201+00:00
2017-07-04,395.0,397.0,390.0,390.0,26703,390.0,2026-09-03T19:33:52.275201+00:00
2017-07-05,390.0,400.0,390.0,400.0,20010,400.0,2026-09-03T19:33:52.275201+00:00
2017-07-06,400.0,405.0,399.0,402.0,28988,402.0,2026-09-03T19:33:52.275201+00:00
2017-07-09,402.0,418.0,396.0,410.0,54555,410.0,2026-09-03T19:33:52.275201+00:00
2017-07-10,410.0,409.0,401.0,401.0,20882,401.0,2026-09-03T19:33:52.275201+00:00
2017-07-11,401.0,407.0,399.0,407.0,9267,407.0,2026-09-03T19:33:52.275201+00:00
2017-07-12,407.0,411.0,404.0,410.0,45685,410.0,2026-09-03T19:33:52.275201+00:00
2017-07-13,410.0,410.0,405.0,406.0,14448,406.0,2026-09-03T19:33:52.275201+00:00
2017-07-16,406.0,409.0,405.0,406.0,12059,406.0,2026-09-03T19:33:52.275201+00:00
2017-07-17,406.0,411.0,405.0,410.0,22881,410.0,2026-09-03T19:33:52.275201+00:00
2017-07-18,410.0,418.0,406.0,413.0,27940,413.0,2026-09-03T19:33:52.275201+00:00
2017-07-19,413.0,417.0,410.0,411.0,31640,411.0,2026-09-03T19:33:52.275201+00:00
2017-07-20,411.0,412.0,402.0,404.0,44658,404.0,2026-09-03T19:33:52.275201+00:00
2017-07-23,404.0,411.0,400.0,404.0,26471,404.0,2026-09-03T19:33:52.275201+00:00
2017-07-24,404.0,406.0,398.0,399.0,33649,399.0,2026-09-03T19:33:52.275201+00:00
2017-07-25,399.0,403.0,397.0,399.0,27551,399.0,2026-09-03T19:33:52.275201+00:00
2017-07-26,399.0,402.0,395.0,399.0,22853,399.0,2026-09-03T19:33:52.275201+00:00
2017-07-27,399.0,405.0,395.0,400.0,27102,400.0,2026-09-03T19:33:52.275201+00:00
2017-07-30,400.0,403.0,394.0,399.0,22329,399.0,2026-09-03T19:33:52.275201+00:00
2017-07-31,399.0,404.0,398.0,398.0,16971,398.0,2026-09-03T19:33:52.275201+00:00
2017-08-01,398.0,404.0,395.0,401.0,82293,401.0,2026-09-03T19:33:52.275201+00:00
2017-08-02,401.0,404.0,400.0,401.0,32162,401.0,2026-09-03T19:33:52.275201+00:00
2017-08-03,401.0,405.0,393.0,397.0,47330,397.0,2026-09-03T19:33:52.275201+00:00
2017-08-06,397.0,409.0,398.0,400.0,48551,400.0,2026-09-03T19:33:52.275201+00:00
2017-08-07,400.0,401.0,397.0,400.0,58519,400.0,2026-09-03T19:33:52.275201+00:00
2017-08-09,400.0,404.0,398.0,400.0,21527,400.0,2026-09-03T19:33:52.275201+00:00
2017-08-10,400.0,400.0,396.0,397.0,22440,397.0,2026-09-03T19:33:52.275201+00:00
2017-08-13,397.0,402.0,395.0,397.0,29321,397.0,2026-09-03T19:33:52.275201+00:00
2017-08-15,397.0,397.0,390.0,392.0,21309,392.0,2026-09-03T19:33:52.275201+00:00
2017-08-16,392.0,399.0,392.0,395.0,21526,395.0,2026-09-03T19:33:52.275201+00:00
2017-08-17,395.0,400.0,392.0,395.0,18959,395.0,2026-09-03T19:33:52.275201+00:00
2017-08-20,395.0,400.0,390.0,392.0,20905,392.0,2026-09-03T19:33:52.275201+00:00
2017-08-21,392.0,393.0,385.0,385.0,23527,385.0,2026-09-03T19:33:52.275201+00:00
2017-08-22,385.0,390.0,384.0,386.0,20417,386.0,2026-09-03T19:33:52.275201+00:00
2017-08-23,386.0,391.0,386.0,390.0,13706,390.0,2026-09-03T19:33:52.275201+00:00
2017-08-24,390.0,392.0,385.0,390.0,27786,390.0,2026-09-03T19:33:52.275201+00:00
2017-08-27,390.0,397.0,389.0,391.0,21318,391.0,2026-09-03T19:33:52.275201+00:00
2017-08-28,391.0,398.0,382.0,383.0,28991,383.0,2026-09-03T19:33:52.275201+00:00
2017-08-30,383.0,384.0,376.0,380.0,31329,380.0,2026-09-03T19:33:52.275201+00:00
2017-08-31,380.0,382.0,374.0,375.0,26774,375.0,2026-09-03T19:33:52.275201+00:00
2017-09-04,375.0,385.0,370.0,372.0,27778,372.0,2026-09-03T19:33:52.275201+00:00
2017-09-06,372.0,379.0,365.0,370.0,21844,370.0,2026-09-03T19:33:52.275201+00:00
2017-09-07,370.0,378.0,360.0,361.0,12651,361.0,2026-09-03T19:33:52.275201+00:00
2017-09-10,361.0,367.0,352.0,353.0,29778,353.0,2026-09-03T19:33:52.275201+00:00
2017-09-11,353.0,360.0,350.0,360.0,29717,360.0,2026-09-03T19:33:52.275201+00:00
2017-09-12,360.0,361.0,348.0,355.0,24245,355.0,2026-09-03T19:33:52.275201+00:00
2017-09-13,355.0,357.0,347.0,350.0,27337,350.0,2026-09-03T19:33:52.275201+00:00
2017-09-14,350.0,364.0,350.0,364.0,15802,364.0,2026-09-03T19:33:52.275201+00:00
2017-09-17,364.0,376.0,366.0,376.0,32885,376.0,2026-09-03T19:33:52.275201+00:00
2017-09-18,376.0,380.0,372.0,372.0,11857,372.0,2026-09-03T19:33:52.275201+00:00
2017-09-20,372.0,377.0,366.0,370.0,16906,370.0,2026-09-03T19:33:52.275201+00:00
2017-09-24,370.0,376.0,369.0,370.0,14961,370.0,2026-09-03T19:33:52.275201+00:00
2017-09-25,370.0,384.0,370.0,379.0,9616,379.0,2026-09-03T19:33:52.275201+00:00
2017-09-26,379.0,390.0,380.0,385.0,5625,385.0,2026-09-03T19:33:52.275201+00:00
2017-10-03,385.0,392.0,380.0,383.0,1964,383.0,2026-09-03T19:33:52.275201+00:00
2017-10-04,383.0,382.0,375.0,377.0,4926,377.0,2026-09-03T19:33:52.275201+00:00
2017-10-08,377.0,370.0,358.0,367.0,14716,367.0,2026-09-03T19:33:52.275201+00:00
2017-10-09,367.0,367.0,355.0,363.0,9837,363.0,2026-09-03T19:33:52.275201+00:00
2017-10-10,363.0,367.0,363.0,365.0,10236,365.0,2026-09-03T19:33:52.275201+00:00
2017-10-11,365.0,368.0,361.0,365.0,9572,365.0,2026-09-03T19:33:52.275201+00:00
2017-10-12,365.0,365.0,361.0,363.0,9675,363.0,2026-09-03T19:33:52.275201+00:00
2017-10-15,363.0,367.0,360.0,365.0,7970,365.0,2026-09-03T19:33:52.275201+00:00
2017-10-16,365.0,376.0,365.0,376.0,12470,376.0,2026-09-03T19:33:52.275201+00:00
2017-10-17,376.0,381.0,370.0,378.0,10816,378.0,2026-09-03T19:33:52.275201+00:00
2017-10-18,378.0,385.0,373.0,385.0,22572,385.0,2026-09-03T19:33:52.275201+00:00
2017-10-22,385.0,391.0,382.0,388.0,8389,388.0,2026-09-03T19:33:52.275201+00:00
2017-10-23,388.0,390.0,383.0,389.0,11154,389.0,2026-09-03T19:33:52.275201+00:00
2017-10-24,389.0,390.0,380.0,382.0,9257,382.0,2026-09-03T19:33:52.275201+00:00
2017-10-25,382.0,384.0,376.0,380.0,24847,380.0,2026-09-03T19:33:52.275201+00:00
2017-10-29,380.0,382.0,372.0,374.0,12083,374.0,2026-09-03T19:33:52.275201+00:00
2017-10-30,374.0,375.0,370.0,372.0,13820,372.0,2026-09-03T19:33:52.275201+00:00
2017-10-31,372.0,377.0,366.0,370.0,15714,370.0,2026-09-03T19:33:52.275201+00:00
2017-11-01,370.0,369.0,362.0,364.0,27554,364.0,2026-09-03T19:33:52.275201+00:00
2017-11-02,364.0,367.0,362.0,365.0,21377,365.0,2026-09-03T19:33:52.275201+00:00
2017-11-05,365.0,369.0,352.0,355.0,40530,355.0,2026-09-03T19:33:52.275201+00:00
2017-11-06,355.0,360.0,350.0,356.0,25034,356.0,2026-09-03T19:33:52.275201+00:00
2017-11-07,356.0,362.0,351.0,351.0,26130,351.0,2026-09-03T19:33:52.275201+00:00
2017-11-08,351.0,350.0,340.0,345.0,66941,345.0,2026-09-03T19:33:52.275201+00:00
2017-11-09,345.0,348.0,339.0,346.0,18437,346.0,2026-09-03T19:33:52.275201+00:00
2017-11-12,346.0,348.0,339.0,348.0,8396,348.0,2026-09-03T19:33:52.275201+00:00
2017-11-13,348.0,352.0,345.0,351.0,16818,351.0,2026-09-03T19:33:52.275201+00:00
2017-11-14,351.0,359.0,352.0,355.0,27922,355.0,2026-09-03T19:33:52.275201+00:00
2017-11-15,355.0,362.0,350.0,350.0,14231,350.0,2026-09-03T19:33:52.275201+00:00
2017-11-16,350.0,350.0,343.0,346.0,8489,346.0,2026-09-03T19:33:52.275201+00:00
2017-11-19,346.0,351.0,340.0,343.0,14089,343.0,2026-09-03T19:33:52.275201+00:00
2017-11-20,343.0,348.0,340.0,343.0,8597,343.0,2026-09-03T19:33:52.275201+00:00
2017-11-21,343.0,347.0,341.0,344.0,7825,344.0,2026-09-03T19:33:52.275201+00:00
2017-11-22,344.0,347.0,343.0,344.0,15406,344.0,2026-09-03T19:33:52.275201+00:00
2017-11-23,344.0,350.0,343.0,346.0,9893,346.0,2026-09-03T19:33:52.275201+00:00
2017-11-26,346.0,354.0,346.0,352.0,11203,352.0,2026-09-03T19:33:52.275201+00:00
2017-11-27,352.0,356.0,352.0,354.0,18408,354.0,2026-09-03T19:33:52.275201+00:00
2017-11-28,354.0,356.0,352.0,355.0,11860,355.0,2026-09-03T19:33:52.275201+00:00
2017-11-29,355.0,370.0,355.0,356.0,19748,356.0,2026-09-03T19:33:52.275201+00:00
2017-11-30,356.0,359.0,354.0,354.0,22762,354.0,2026-09-03T19:33:52.275201+00:00
2017-12-04,354.0,360.0,351.0,353.0,19726,353.0,2026-09-03T19:33:52.275201+00:00
2017-12-05,353.0,360.0,350.0,353.0,8842,353.0,2026-09-03T19:33:52.275201+00:00
2017-12-06,353.0,360.0,350.0,357.0,10385,357.0,2026-09-03T19:33:52.275201+00:00
2017-12-10,357.0,369.0,353.0,358.0,30480,358.0,2026-09-03T19:33:52.275201+00:00
2017-12-11,358.0,360.0,351.0,360.0,26647,360.0,2026-09-03T19:33:52.275201+00:00
2017-12-12,360.0,360.0,351.0,351.0,10352,351.0,2026-09-03T19:33:52.275201+00:00
2017-12-13,351.0,355.0,348.0,355.0,8972,355.0,2026-09-03T19:33:52.275201+00:00
2017-12-14,355.0,355.0,350.0,352.0,8549,352.0,2026-09-03T19:33:52.275201+00:00
2017-12-17,352.0,355.0,349.0,349.0,5813,349.0,2026-09-03T19:33:52.275201+00:00
2017-12-18,349.0,351.0,347.0,347.0,16438,347.0,2026-09-03T19:33:52.275201+00:00
2017-12-19,347.0,348.0,345.0,347.0,9921,347.0,2026-09-03T19:33:52.275201+00:00
2017-12-20,347.0,350.0,346.0,347.0,7077,347.0,2026-09-03T19:33:52.275201+00:00
2017-12-21,347.0,355.0,347.0,352.0,22118,352.0,2026-09-03T19:33:52.275201+00:00
2017-12-24,352.0,366.0,342.0,344.0,29908,344.0,2026-09-03T19:33:52.275201+00:00
2017-12-26,344.0,345.0,332.0,336.0,36535,336.0,2026-09-03T19:33:52.275201+00:00
2017-12-27,336.0,332.0,320.0,321.0,89288,321.0,2026-09-03T19:33:52.275201+00:00
2017-12-28,321.0,332.0,316.0,325.0,45656,325.0,2026-09-03T19:33:52.275201+00:00
2017-12-31,325.0,326.0,318.0,321.0,32439,321.0,2026-09-03T19:33:52.275201+00:00
2018-01-01,321.0,327.0,319.0,325.0,82802,325.0,2026-09-03T19:33:52.275201+00:00
2018-01-02,325.0,332.0,321.0,321.0,115810,321.0,2026-09-03T19:33:52.275201+00:00
2018-01-03,321.0,328.0,316.0,318.0,121421,318.0,2026-09-03T19:33:52.275201+00:00
2018-01-04,318.0,320.0,312.0,317.0,181760,317.0,2026-09-03T19:33:52.275201+00:00
2018-01-07,255.0,255.0,250.0,254.0,29663,254.0,2026-09-03T19:33:52.275201+00:00
2018-01-08,254.0,255.0,250.0,254.0,28835,254.0,2026-09-03T19:33:52.275201+00:00
2018-01-09,254.0,258.0,253.0,258.0,12851,258.0,2026-09-03T19:33:52.275201+00:00
2018-01-10,258.0,261.0,252.0,256.0,11441,256.0,2026-09-03T19:33:52.275201+00:00
2018-01-14,256.0,252.0,248.0,250.0,11203,250.0,2026-09-03T19:33:52.275201+00:00
2018-01-16,250.0,251.0,246.0,246.0,11639,246.0,2026-09-03T19:33:52.275201+00:00
2018-01-17,246.0,245.0,242.0,242.0,10858,242.0,2026-09-03T19:33:52.275201+00:00
2018-01-21,242.0,247.0,236.0,236.0,15708,236.0,2026-09-03T19:33:52.275201+00:00
2018-01-22,236.0,236.0,233.0,234.0,15289,234.0,2026-09-03T19:33:52.275201+00:00
2018-01-23,234.0,246.0,230.0,232.0,12088,232.0,2026-09-03T19:33:52.275201+00:00
2018-01-24,232.0,236.0,228.0,232.0,35057,232.0,2026-09-03T19:33:52.275201+00:00
2018-01-25,232.0,237.0,228.0,235.0,13608,235.0,2026-09-03T19:33:52.275201+00:00
2018-01-28,235.0,240.0,233.0,237.0,9376,237.0,2026-09-03T19:33:52.275201+00:00
2018-01-29,237.0,235.0,232.0,232.0,20513,232.0,2026-09-03T19:33:52.275201+00:00
2018-01-31,232.0,234.0,230.0,233.0,8560,233.0,2026-09-03T19:33:52.275201+00:00
2018-02-01,233.0,239.0,231.0,235.0,11872,235.0,2026-09-03T19:33:52.275201+00:00
2018-02-04,235.0,235.0,232.0,235.0,11450,235.0,2026-09-03T19:33:52.275201+00:00
2018-02-05,235.0,235.0,231.0,234.0,7427,234.0,2026-09-03T19:33:52.275201+00:00
2018-02-06,234.0,232.0,230.0,232.0,10834,232.0,2026-09-03T19:33:52.275201+00:00
2018-02-07,232.0,236.0,231.0,231.0,3050,231.0,2026-09-03T19:33:52.275201+00:00
2018-02-08,231.0,233.0,227.0,229.0,11380,229.0,2026-09-03T19:33:52.275201+00:00
2018-02-11,229.0,233.0,227.0,229.0,13464,229.0,2026-09-03T19:33:52.275201+00:00
2018-02-12,229.0,229.0,225.0,225.0,16032,225.0,2026-09-03T19:33:52.275201+00:00
2018-02-14,225.0,230.0,224.0,228.0,232496,228.0,2026-09-03T19:33:52.275201+00:00
2018-02-15,228.0,238.0,229.0,238.0,31223,238.0,2026-09-03T19:33:52.275201+00:00
2018-02-18,242.0,245.0,233.0,234.0,38574,234.0,2026-09-03T19:33:52.275201+00:00
2018-02-20,238.0,240.0,229.0,229.0,25129,229.0,2026-09-03T19:33:52.275201+00:00
2018-02-21,229.0,231.0,228.0,228.0,13291,228.0,2026-09-03T19:33:52.275201+00:00
2018-02-22,229.0,231.0,226.0,230.0,13678,230.0,2026-09-03T19:33:52.275201+00:00
2018-02-25,228.0,230.0,228.0,228.0,9310,228.0,2026-09-03T19:33:52.275201+00:00
2018-02-26,224.0,230.0,224.0,228.0,262688,228.0,2026-09-03T19:33:52.275201+00:00
2018-02-27,225.0,233.0,224.0,230.0,271731,230.0,2026-09-03T19:33:52.275201+00:00
2018-02-28,230.0,230.0,225.0,227.0,268612,227.0,2026-09-03T19:33:52.275201+00:00
2018-03-04,224.0,224.0,214.0,217.0,42295,217.0,2026-09-03T19:33:52.275201+00:00
2018-03-05,220.0,222.0,215.0,217.0,13176,217.0,2026-09-03T19:33:52.275201+00:00
2018-03-06,217.0,221.0,214.0,220.0,31464,220.0,2026-09-03T19:33:52.275201+00:00
2018-03-07,220.0,224.0,219.0,221.0,27415,221.0,2026-09-03T19:33:52.275201+00:00
2018-03-11,219.0,219.0,214.0,215.0,9290,215.0,2026-09-03T19:33:52.275201+00:00
2018-03-12,215.0,217.0,212.0,216.0,11618,216.0,2026-09-03T19:33:52.275201+00:00
2018-03-13,218.0,219.0,216.0,216.0,7992,216.0,2026-09-03T19:33:52.275201+00:00
2018-03-14,216.0,219.0,215.0,218.0,6238,218.0,2026-09-03T19:33:52.275201+00:00
2018-03-15,220.0,221.0,218.0,218.0,10337,218.0,2026-09-03T19:33:52.275201+00:00
2018-03-18,218.0,219.0,215.0,216.0,15244,216.0,2026-09-03T19:33:52.275201+00:00
2018-03-19,216.0,216.0,213.0,215.0,12343,215.0,2026-09-03T19:33:52.275201+00:00
2018-03-20,215.0,215.0,210.0,213.0,11098,213.0,2026-09-03T19:33:52.275201+00:00
2018-03-21,212.0,212.0,206.0,210.0,14507,210.0,2026-09-03T19:33:52.275201+00:00
2018-03-22,207.0,214.0,203.0,208.0,20962,208.0,2026-09-03T19:33:52.275201+00:00
2018-03-26,205.0,205.0,198.0,200.0,36961,200.0,2026-09-03T19:33:52.275201+00:00
2018-03-27,198.0,213.0,196.0,207.0,26563,207.0,2026-09-03T19:33:52.275201+00:00
2018-03-28,211.0,215.0,203.0,212.0,24367,212.0,2026-09-03T19:33:52.275201+00:00
2018-03-29,214.0,216.0,210.0,212.0,11034,212.0,2026-09-03T19:33:52.275201+00:00
2018-04-01,213.0,213.0,205.0,209.0,11676,209.0,2026-09-03T19:33:52.275201+00:00
2018-04-02,207.0,210.0,206.0,208.0,4342,208.0,2026-09-03T19:33:52.275201+00:00
2018-04-03,212.0,212.0,208.0,210.0,7342,210.0,2026-09-03T19:33:52.275201+00:00
2018-04-04,214.0,216.0,211.0,213.0,10208,213.0,2026-09-03T19:33:52.275201+00:00
2018-04-05,217.0,220.0,215.0,219.0,18657,219.0,2026-09-03T19:33:52.275201+00:00
2018-04-08,220.0,227.0,218.0,224.0,32154,224.0,2026-09-03T19:33:52.275201+00:00
2018-04-09,228.0,232.0,220.0,220.0,41978,220.0,2026-09-03T19:33:52.275201+00:00
2018-04-10,224.0,227.0,216.0,217.0,13848,217.0,2026-09-03T19:33:52.275201+00:00
2018-04-11,215.0,220.0,214.0,218.0,9909,218.0,2026-09-03T19:33:52.275201+00:00
2018-04-12,218.0,222.0,214.0,220.0,16133,220.0,2026-09-03T19:33:52.275201+00:00
2018-04-15,216.0,219.0,215.0,216.0,8969,216.0,2026-09-03T19:33:52.275201+00:00
2018-04-16,216.0,218.0,214.0,216.0,21534,216.0,2026-09-03T19:33:52.275201+00:00
2018-04-17,220.0,220.0,217.0,218.0,12231,218.0,2026-09-03T19:33:52.275201+00:00
2018-04-18,221.0,232.0,217.0,223.0,36882,223.0,2026-09-03T19:33:52.275201+00:00
2018-04-19,227.0,235.0,224.0,234.0,50041,234.0,2026-09-03T19:33:52.275201+00:00
2018-04-22,238.0,247.0,232.0,247.0,45965,247.0,2026-09-03T19:33:52.275201+00:00
2018-04-23,246.0,250.0,228.0,235.0,44950,235.0,2026-09-03T19:33:52.275201+00:00
2018-04-24,233.0,238.0,230.0,230.0,19753,230.0,2026-09-03T19:33:52.275201+00:00
2018-04-25,230.0,233.0,227.0,227.0,10538,227.0,2026-09-03T19:33:52.275201+00:00
2018-04-26,225.0,231.0,222.0,225.0,14465,225.0,2026-09-03T19:33:52.275201+00:00
2018-04-29,221.0,224.0,214.0,214.0,45796,214.0,2026-09-03T19:33:52.275201+00:00
2018-05-02,216.0,220.0,215.0,220.0,17480,220.0,2026-09-03T19:33:52.275201+00:00
2018-05-03,220.0,225.0,220.0,222.0,18396,222.0,2026-09-03T19:33:52.275201+00:00
2018-05-06,220.0,221.0,218.0,219.0,7398,219.0,2026-09-03T19:33:52.275201+00:00
2018-05-07,219.0,219.0,216.0,218.0,11517,218.0,2026-09-03T19:33:52.275201+00:00
2018-05-08,219.0,222.0,215.0,222.0,20368,222.0,2026-09-03T19:33:52.275201+00:00
2018-05-09,219.0,221.0,215.0,217.0,13713,217.0,2026-09-03T19:33:52.275201+00:00
2018-05-10,217.0,217.0,215.0,217.0,5336,217.0,2026-09-03T19:33:52.275201+00:00
2018-05-14,217.0,218.0,215.0,215.0,5442,215.0,2026-09-03T19:33:52.275201+00:00
2018-05-15,216.0,216.0,214.0,215.0,4716,215.0,2026-09-03T19:33:52.275201+00:00
2018-05-16,215.0,217.0,213.0,214.0,4857,214.0,2026-09-03T19:33:52.275201+00:00
2018-05-17,215.0,218.0,213.0,214.0,5722,214.0,2026-09-03T19:33:52.275201+00:00
2018-05-20,217.0,217.0,213.0,215.0,8205,215.0,2026-09-03T19:33:52.275201+00:00
2018-05-21,214.0,214.0,211.0,211.0,7039,211.0,2026-09-03T19:33:52.275201+00:00
2018-05-22,211.0,214.0,210.0,214.0,10929,214.0,2026-09-03T19:33:52.275201+00:00
2018-05-23,212.0,213.0,210.0,210.0,28216,210.0,2026-09-03T19:33:52.275201+00:00
2018-05-24,211.0,212.0,206.0,208.0,17892,208.0,2026-09-03T19:33:52.275201+00:00
2018-05-27,209.0,209.0,205.0,208.0,21416,208.0,2026-09-03T19:33:52.275201+00:00
2018-05-28,207.0,219.0,206.0,219.0,34862,219.0,2026-09-03T19:33:52.275201+00:00
2018-05-29,223.0,226.0,213.0,215.0,11363,215.0,2026-09-03T19:33:52.275201+00:00
2018-05-30,212.0,218.0,208.0,210.0,20910,210.0,2026-09-03T19:33:52.275201+00:00
2018-05-31,211.0,213.0,208.0,209.0,17317,209.0,2026-09-03T19:33:52.275201+00:00
2018-06-03,206.0,209.0,203.0,207.0,26117,207.0,2026-09-03T19:33:52.275201+00:00
2018-06-04,203.0,207.0,201.0,207.0,15090,207.0,2026-09-03T19:33:52.275201+00:00
2018-06-06,211.0,215.0,205.0,207.0,5012,207.0,2026-09-03T19:33:52.275201+00:00
2018-06-07,206.0,208.0,200.0,201.0,21442,201.0,2026-09-03T19:33:52.275201+00:00
2018-06-10,202.0,204.0,195.0,195.0,35693,195.0,2026-09-03T19:33:52.275201+00:00
2018-06-11,195.0,205.0,192.0,205.0,21457,205.0,2026-09-03T19:33:52.275201+00:00
2018-06-12,202.0,203.0,198.0,202.0,17218,202.0,2026-09-03T19:33:52.275201+00:00
2018-06-13,198.0,202.0,198.0,200.0,5466,200.0,2026-09-03T19:33:52.275201+00:00
2018-06-14,200.0,202.0,198.0,198.0,14048,198.0,2026-09-03T19:33:52.275201+00:00
2018-06-17,200.0,201.0,196.0,199.0,7348,199.0,2026-09-03T19:33:52.275201+00:00
2018-06-18,199.0,199.0,192.0,194.0,38855,194.0,2026-09-03T19:33:52.275201+00:00
2018-06-19,195.0,195.0,192.0,192.0,5598,192.0,2026-09-03T19:33:52.275201+00:00
2018-06-20,192.0,193.0,188.0,191.0,13605,191.0,2026-09-03T19:33:52.275201+00:00
2018-06-21,191.0,193.0,188.0,190.0,13668,190.0,2026-09-03T19:33:52.275201+00:00
2018-06-24,190.0,196.0,190.0,191.0,9245,191.0,2026-09-03T19:33:52.275201+00:00
2018-06-25,192.0,193.0,187.0,187.0,10509,187.0,2026-09-03T19:33:52.275201+00:00
2018-06-26,187.0,190.0,185.0,185.0,12505,185.0,2026-09-03T19:33:52.275201+00:00
2018-06-27,186.0,189.0,183.0,185.0,18347,185.0,2026-09-03T19:33:52.275201+00:00
2018-06-28,184.0,186.0,183.0,184.0,14476,184.0,2026-09-03T19:33:52.275201+00:00
2018-07-01,183.0,184.0,182.0,182.0,8063,182.0,2026-09-03T19:33:52.275201+00:00
2018-07-02,181.0,183.0,177.0,177.0,31216,177.0,2026-09-03T19:33:52.275201+00:00
2018-07-03,177.0,180.0,175.0,176.0,17772,176.0,2026-09-03T19:33:52.275201+00:00
2018-07-04,177.0,183.0,176.0,180.0,20643,180.0,2026-09-03T19:33:52.275201+00:00
2018-07-05,182.0,192.0,181.0,192.0,27939,192.0,2026-09-03T19:33:52.275201+00:00
2018-07-08,192.0,196.0,186.0,186.0,25963,186.0,2026-09-03T19:33:52.275201+00:00
2018-07-09,187.0,187.0,182.0,183.0,13428,183.0,2026-09-03T19:33:52.275201+00:00
2018-07-10,186.0,188.0,182.0,185.0,17469,185.0,2026-09-03T19:33:52.275201+00:00
2018-07-11,188.0,188.0,183.0,183.0,13884,183.0,2026-09-03T19:33:52.275201+00:00
2018-07-12,185.0,186.0,178.0,181.0,24170,181.0,2026-09-03T19:33:52.275201+00:00
2018-07-15,180.0,186.0,179.0,185.0,7880,185.0,2026-09-03T19:33:52.275201+00:00
2018-07-16,187.0,188.0,185.0,187.0,11492,187.0,2026-09-03T19:33:52.275201+00:00
2018-07-17,186.0,187.0,185.0,185.0,8637,185.0,2026-09-03T19:33:52.275201+00:00
2018-07-18,185.0,185.0,183.0,185.0,5539,185.0,2026-09-03T19:33:52.275201+00:00
2018-07-19,183.0,188.0,183.0,185.0,11281,185.0,2026-09-03T19:33:52.275201+00:00
2018-07-22,185.0,185.0,182.0,182.0,16190,182.0,2026-09-03T19:33:52.275201+00:00
2018-07-23,183.0,189.0,182.0,186.0,6265,186.0,2026-09-03T19:33:52.275201+00:00
2018-07-24,185.0,191.0,185.0,187.0,15998,187.0,2026-09-03T19:33:52.275201+00:00
2018-07-25,186.0,188.0,184.0,187.0,7141,187.0,2026-09-03T19:33:52.275201+00:00
2018-07-26,185.0,188.0,185.0,188.0,7573,188.0,2026-09-03T19:33:52.275201+00:00
2018-07-29,187.0,188.0,184.0,187.0,4692,187.0,2026-09-03T19:33:52.275201+00:00
2018-07-30,185.0,187.0,184.0,186.0,6118,186.0,2026-09-03T19:33:52.275201+00:00
2018-07-31,189.0,189.0,185.0,185.0,3174,185.0,2026-09-03T19:33:52.275201+00:00
2018-08-01,186.0,187.0,185.0,186.0,2704,186.0,2026-09-03T19:33:52.275201+00:00
2018-08-02,186.0,188.0,184.0,186.0,3692,186.0,2026-09-03T19:33:52.275201+00:00
2018-08-05,186.0,186.0,182.0,183.0,9696,183.0,2026-09-03T19:33:52.275201+00:00
2018-08-06,184.0,186.0,183.0,186.0,3463,186.0,2026-09-03T19:33:52.275201+00:00
2018-08-07,187.0,187.0,185.0,187.0,6560,187.0,2026-09-03T19:33:52.275201+00:00
2018-08-08,185.0,186.0,183.0,185.0,12328,185.0,2026-09-03T19:33:52.275201+00:00
2018-08-09,186.0,187.0,183.0,183.0,6279,183.0,2026-09-03T19:33:52.275201+00:00
2018-08-12,181.0,184.0,181.0,184.0,6987,184.0,2026-09-03T19:33:52.275201+00:00
2018-08-13,185.0,190.0,183.0,187.0,12367,187.0,2026-09-03T19:33:52.275201+00:00
2018-08-14,190.0,190.0,184.0,188.0,9049,188.0,2026-09-03T19:33:52.275201+00:00
2018-08-15,188.0,191.0,183.0,188.0,17323,188.0,2026-09-03T19:33:52.275201+00:00
2018-08-16,189.0,192.0,186.0,187.0,30059,187.0,2026-09-03T19:33:52.275201+00:00
2018-08-19,189.0,190.0,184.0,185.0,10116,185.0,2026-09-03T19:33:52.275201+00:00
2018-08-20,185.0,185.0,183.0,183.0,11106,183.0,2026-09-03T19:33:52.275201+00:00
2018-08-21,185.0,185.0,183.0,183.0,5517,183.0,2026-09-03T19:33:52.275201+00:00
2018-08-22,184.0,185.0,183.0,183.0,4787,183.0,2026-09-03T19:33:52.275201+00:00
2018-08-23,185.0,185.0,181.0,181.0,14679,181.0,2026-09-03T19:33:52.275201+00:00
2018-08-26,180.0,183.0,180.0,183.0,3017,183.0,2026-09-03T19:33:52.275201+00:00
2018-08-28,180.0,183.0,180.0,182.0,7207,182.0,2026-09-03T19:33:52.275201+00:00
2018-08-29,181.0,182.0,178.0,178.0,18765,178.0,2026-09-03T19:33:52.275201+00:00
2018-08-30,177.0,181.0,177.0,180.0,10436,180.0,2026-09-03T19:33:52.275201+00:00
2018-09-02,181.0,186.0,180.0,180.0,28298,180.0,2026-09-03T19:33:52.275201+00:00
2018-09-03,181.0,187.0,181.0,183.0,44943,183.0,2026-09-03T19:33:52.275201+00:00
2018-09-04,185.0,190.0,184.0,186.0,43159,186.0,2026-09-03T19:33:52.275201+00:00
2018-09-05,186.0,197.0,186.0,192.0,69278,192.0,2026-09-03T19:33:52.275201+00:00
2018-09-06,195.0,200.0,190.0,193.0,100353,193.0,2026-09-03T19:33:52.275201+00:00
2018-09-09,193.0,195.0,190.0,195.0,52760,195.0,2026-09-03T19:33:52.275201+00:00
2018-09-10,194.0,194.0,190.0,194.0,45295,194.0,2026-09-03T19:33:52.275201+00:00
2018-09-11,197.0,196.0,192.0,193.0,25403,193.0,2026-09-03T19:33:52.275201+00:00
2018-09-12,196.0,203.0,194.0,202.0,107655,202.0,2026-09-03T19:33:52.275201+00:00
2018-09-13,206.0,214.0,203.0,212.0,173517,212.0,2026-09-03T19:33:52.275201+00:00
2018-09-16,215.0,227.0,215.0,217.0,164640,217.0,2026-09-03T19:33:52.275201+00:00
2018-09-17,220.0,220.0,214.0,215.0,133589,215.0,2026-09-03T19:33:52.275201+00:00
2018-09-18,215.0,218.0,213.0,217.0,44654,217.0,2026-09-03T19:33:52.275201+00:00
2018-09-20,219.0,222.0,215.0,217.0,85446,217.0,2026-09-03T19:33:52.275201+00:00
2018-09-23,218.0,231.0,217.0,231.0,260389,231.0,2026-09-03T19:33:52.275201+00:00
2018-09-25,235.0,253.0,234.0,248.0,339301,248.0,2026-09-03T19:33:52.275201+00:00
2018-09-26,250.0,254.0,237.0,240.0,185025,240.0,2026-09-03T19:33:52.275201+00:00
2018-09-27,244.0,246.0,237.0,239.0,194020,239.0,2026-09-03T19:33:52.275201+00:00
2018-09-30,242.0,243.0,237.0,240.0,89012,240.0,2026-09-03T19:33:52.275201+00:00
2018-10-01,244.0,244.0,233.0,234.0,100614,234.0,2026-09-03T19:33:52.275201+00:00
2018-10-02,230.0,239.0,230.0,235.0,81693,235.0,2026-09-03T19:33:52.275201+00:00
2018-10-03,234.0,238.0,232.0,234.0,60427,234.0,2026-09-03T19:33:52.275201+00:00
2018-10-04,232.0,233.0,227.0,229.0,77335,229.0,2026-09-03T19:33:52.275201+00:00
2018-10-07,229.0,233.0,226.0,226.0,39273,226.0,2026-09-03T19:33:52.275201+00:00
2018-10-08,224.0,231.0,223.0,231.0,39418,231.0,2026-09-03T19:33:52.275201+00:00
2018-10-09,232.0,233.0,227.0,227.0,47269,227.0,2026-09-03T19:33:52.275201+00:00
2018-10-10,227.0,234.0,227.0,234.0,28856,234.0,2026-09-03T19:33:52.275201+00:00
2018-10-11,231.0,238.0,230.0,237.0,33914,237.0,2026-09-03T19:33:52.275201+00:00
2018-10-14,239.0,243.0,237.0,240.0,64770,240.0,2026-09-03T19:33:52.275201+00:00
2018-10-15,241.0,246.0,240.0,241.0,104528,241.0,2026-09-03T19:33:52.275201+00:00
2018-10-21,244.0,250.0,243.0,249.0,128330,249.0,2026-09-03T19:33:52.275201+00:00
2018-10-22,250.0,251.0,246.0,250.0,130848,250.0,2026-09-03T19:33:52.275201+00:00
2018-10-23,252.0,254.0,247.0,253.0,135157,253.0,2026-09-03T19:33:52.275201+00:00
2018-10-24,253.0,255.0,250.0,253.0,133851,253.0,2026-09-03T19:33:52.275201+00:00
2018-10-25,253.0,255.0,248.0,249.0,144744,249.0,2026-09-03T19:33:52.275201+00:00
2018-10-28,248.0,248.0,244.0,247.0,94393,247.0,2026-09-03T19:33:52.275201+00:00
2018-10-29,247.0,247.0,241.0,242.0,46164,242.0,2026-09-03T19:33:52.275201+00:00
2018-10-30,242.0,249.0,242.0,248.0,73626,248.0,2026-09-03T19:33:52.275201+00:00
2018-10-31,247.0,250.0,245.0,247.0,36569,247.0,2026-09-03T19:33:52.275201+00:00
2018-11-01,245.0,249.0,243.0,247.0,44254,247.0,2026-09-03T19:33:52.275201+00:00
2018-11-04,251.0,258.0,249.0,249.0,191498,249.0,2026-09-03T19:33:52.275201+00:00
2018-11-05,252.0,254.0,249.0,253.0,170282,253.0,2026-09-03T19:33:52.275201+00:00
2018-11-06,253.0,255.0,249.0,255.0,18453,255.0,2026-09-03T19:33:52.275201+00:00
2018-11-11,255.0,256.0,249.0,249.0,34964,249.0,2026-09-03T19:33:52.275201+00:00
2018-11-12,249.0,251.0,246.0,250.0,50777,250.0,2026-09-03T19:33:52.275201+00:00
2018-11-13,247.0,253.0,247.0,251.0,57303,251.0,2026-09-03T19:33:52.275201+00:00
2018-11-14,253.0,257.0,251.0,256.0,120805,256.0,2026-09-03T19:33:52.275201+00:00
2018-11-15,255.0,259.0,255.0,258.0,89924,258.0,2026-09-03T19:33:52.275201+00:00
2018-11-18,257.0,258.0,252.0,252.0,45438,252.0,2026-09-03T19:33:52.275201+00:00
2018-11-19,254.0,254.0,248.0,249.0,42261,249.0,2026-09-03T19:33:52.275201+00:00
2018-11-20,246.0,249.0,246.0,248.0,22268,248.0,2026-09-03T19:33:52.275201+00:00
2018-11-21,248.0,251.0,248.0,250.0,73472,250.0,2026-09-03T19:33:52.275201+00:00
2018-11-22,251.0,253.0,248.0,250.0,15688,250.0,2026-09-03T19:33:52.275201+00:00
2018-11-25,250.0,252.0,247.0,247.0,37224,247.0,2026-09-03T19:33:52.275201+00:00
2018-11-26,249.0,249.0,246.0,246.0,42019,246.0,2026-09-03T19:33:52.275201+00:00
2018-11-27,247.0,250.0,245.0,247.0,32485,247.0,2026-09-03T19:33:52.275201+00:00
2018-11-28,247.0,248.0,246.0,246.0,21094,246.0,2026-09-03T19:33:52.275201+00:00
2018-11-29,246.0,247.0,242.0,245.0,36874,245.0,2026-09-03T19:33:52.275201+00:00
2018-12-02,244.0,244.0,239.0,242.0,64637,242.0,2026-09-03T19:33:52.275201+00:00
2018-12-03,240.0,247.0,240.0,242.0,58043,242.0,2026-09-03T19:33:52.275201+00:00
2018-12-04,246.0,246.0,242.0,244.0,36182,244.0,2026-09-03T19:33:52.275201+00:00
2018-12-05,246.0,246.0,238.0,238.0,42711,238.0,2026-09-03T19:33:52.275201+00:00
2018-12-06,237.0,243.0,235.0,240.0,66796,240.0,2026-09-03T19:33:52.275201+00:00
2018-12-09,241.0,247.0,239.0,246.0,71391,246.0,2026-09-03T19:33:52.275201+00:00
2018-12-10,247.0,247.0,245.0,246.0,52580,246.0,2026-09-03T19:33:52.275201+00:00
2018-12-11,246.0,248.0,244.0,247.0,23955,247.0,2026-09-03T19:33:52.275201+00:00
2018-12-12,246.0,246.0,243.0,245.0,21195,245.0,2026-09-03T19:33:52.275201+00:00
2018-12-13,246.0,249.0,245.0,249.0,39727,249.0,2026-09-03T19:33:52.275201+00:00
2018-12-16,253.0,253.0,248.0,249.0,53114,249.0,2026-09-03T19:33:52.275201+00:00
2018-12-17,252.0,254.0,249.0,253.0,37244,253.0,2026-09-03T19:33:52.275201+00:00
2018-12-18,258.0,258.0,248.0,248.0,55781,248.0,2026-09-03T19:33:52.275201+00:00
2018-12-19,246.0,250.0,245.0,249.0,17183,249.0,2026-09-03T19:33:52.275201+00:00
2018-12-20,253.0,253.0,246.0,247.0,25155,247.0,2026-09-03T19:33:52.275201+00:00
2018-12-23,251.0,260.0,251.0,254.0,174545,254.0,2026-09-03T19:33:52.275201+00:00
2018-12-24,256.0,256.0,250.0,250.0,46936,250.0,2026-09-03T19:33:52.275201+00:00
2018-12-25,250.0,252.0,248.0,251.0,20946,251.0,2026-09-03T19:33:52.275201+00:00
2018-12-26,256.0,256.0,251.0,255.0,88851,255.0,2026-09-03T19:33:52.275201+00:00
2018-12-27,259.0,261.0,251.0,252.0,101804,252.0,2026-09-03T19:33:52.275201+00:00
2018-12-30,253.0,253.0,250.0,251.0,29982,251.0,2026-09-03T19:33:52.275201+00:00
2018-12-31,251.0,252.0,249.0,249.0,26905,249.0,2026-09-03T19:33:52.275201+00:00
2019-01-01,251.0,251.0,246.0,246.0,26554,246.0,2026-09-03T19:33:52.275201+00:00
2019-01-02,249.0,249.0,244.0,246.0,25622,246.0,2026-09-03T19:33:52.275201+00:00
2019-01-03,248.0,252.0,245.0,246.0,26508,246.0,2026-09-03T19:33:52.275201+00:00
2019-01-06,247.0,249.0,237.0,238.0,105440,238.0,2026-09-03T19:33:52.275201+00:00
2019-01-07,237.0,245.0,237.0,245.0,60967,245.0,2026-09-03T19:33:52.275201+00:00
2019-01-08,245.0,247.0,244.0,247.0,38960,247.0,2026-09-03T19:33:52.275201+00:00
2019-01-09,247.0,249.0,244.0,248.0,57276,248.0,2026-09-03T19:33:52.275201+00:00
2019-01-10,248.0,248.0,245.0,246.0,29510,246.0,2026-09-03T19:33:52.275201+00:00
2019-01-13,245.0,246.0,243.0,244.0,31923,244.0,2026-09-03T19:33:52.275201+00:00
2019-01-14,243.0,245.0,242.0,245.0,15286,245.0,2026-09-03T19:33:52.275201+00:00
2019-01-15,245.0,248.0,244.0,248.0,30703,248.0,2026-09-03T19:33:52.275201+00:00
2019-01-16,247.0,247.0,244.0,244.0,18563,244.0,2026-09-03T19:33:52.275201+00:00
2019-01-17,243.0,246.0,241.0,243.0,45703,243.0,2026-09-03T19:33:52.275201+00:00
2019-01-20,245.0,245.0,241.0,242.0,11529,242.0,2026-09-03T19:33:52.275201+00:00
2019-01-21,243.0,243.0,240.0,240.0,31613,240.0,2026-09-03T19:33:52.275201+00:00
2019-01-22,244.0,244.0,238.0,242.0,41114,242.0,2026-09-03T19:33:52.275201+00:00
2019-01-23,242.0,243.0,240.0,242.0,7150,242.0,2026-09-03T19:33:52.275201+00:00
2019-01-24,246.0,246.0,241.0,244.0,63640,244.0,2026-09-03T19:33:52.275201+00:00
2019-01-27,243.0,244.0,240.0,241.0,33425,241.0,2026-09-03T19:33:52.275201+00:00
2019-01-28,241.0,243.0,240.0,242.0,26809,242.0,2026-09-03T19:33:52.275201+00:00
2019-01-29,240.0,242.0,240.0,241.0,26210,241.0,2026-09-03T19:33:52.275201+00:00
2019-01-30,245.0,245.0,239.0,240.0,16421,240.0,2026-09-03T19:33:52.275201+00:00
2019-01-31,240.0,242.0,240.0,241.0,12542,241.0,2026-09-03T19:33:52.275201+00:00
2019-02-03,242.0,245.0,241.0,242.0,38187,242.0,2026-09-03T19:33:52.275201+00:00
2019-02-04,243.0,244.0,240.0,241.0,21011,241.0,2026-09-03T19:33:52.275201+00:00
2019-02-05,241.0,243.0,240.0,243.0,18699,243.0,2026-09-03T19:33:52.275201+00:00
2019-02-06,245.0,245.0,240.0,241.0,20462,241.0,2026-09-03T19:33:52.275201+00:00
2019-02-07,240.0,242.0,240.0,241.0,27153,241.0,2026-09-03T19:33:52.275201+00:00
2019-02-10,243.0,243.0,236.0,240.0,23274,240.0,2026-09-03T19:33:52.275201+00:00
2019-02-11,238.0,239.0,236.0,236.0,25803,236.0,2026-09-03T19:33:52.275201+00:00
2019-02-12,240.0,240.0,235.0,236.0,34175,236.0,2026-09-03T19:33:52.275201+00:00
2019-02-13,236.0,238.0,231.0,232.0,42031,232.0,2026-09-03T19:33:52.275201+00:00
2019-02-14,230.0,231.0,227.0,229.0,61672,229.0,2026-09-03T19:33:52.275201+00:00
2019-02-17,233.0,234.0,227.0,227.0,83039,227.0,2026-09-03T19:33:52.275201+00:00
2019-02-18,206.0,208.0,205.0,206.0,43317,206.0,2026-09-03T19:33:52.275201+00:00
2019-02-19,206.0,210.0,206.0,210.0,23908,210.0,2026-09-03T19:33:52.275201+00:00
2019-02-20,213.0,213.0,208.0,208.0,25414,208.0,2026-09-03T19:33:52.275201+00:00
2019-02-21,208.0,211.0,208.0,209.0,8432,209.0,2026-09-03T19:33:52.275201+00:00
2019-02-24,208.0,209.0,207.0,207.0,11408,207.0,2026-09-03T19:33:52.275201+00:00
2019-02-25,208.0,210.0,207.0,210.0,21573,210.0,2026-09-03T19:33:52.275201+00:00
2019-02-26,210.0,212.0,209.0,210.0,14741,210.0,2026-09-03T19:33:52.275201+00:00
2019-02-27,209.0,214.0,209.0,214.0,16433,214.0,2026-09-03T19:33:52.275201+00:00
2019-03-03,215.0,215.0,211.0,211.0,46915,211.0,2026-09-03T19:33:52.275201+00:00
2019-03-05,212.0,213.0,210.0,212.0,10121,212.0,2026-09-03T19:33:52.275201+00:00
2019-03-06,212.0,216.0,211.0,216.0,18021,216.0,2026-09-03T19:33:52.275201+00:00
2019-03-07,216.0,224.0,215.0,224.0,47698,224.0,2026-09-03T19:33:52.275201+00:00
2019-03-10,224.0,228.0,219.0,226.0,15561,226.0,2026-09-03T19:33:52.275201+00:00
2019-03-11,227.0,237.0,224.0,236.0,93766,236.0,2026-09-03T19:33:52.275201+00:00
2019-03-12,238.0,241.0,234.0,237.0,116504,237.0,2026-09-03T19:33:52.275201+00:00
2019-03-13,239.0,239.0,232.0,234.0,55818,234.0,2026-09-03T19:33:52.275201+00:00
2019-03-14,237.0,237.0,227.0,235.0,38998,235.0,2026-09-03T19:33:52.275201+00:00
2019-03-17,237.0,239.0,236.0,236.0,31915,236.0,2026-09-03T19:33:52.275201+00:00
2019-03-18,237.0,238.0,234.0,234.0,28278,234.0,2026-09-03T19:33:52.275201+00:00
2019-03-19,238.0,238.0,232.0,233.0,18487,233.0,2026-09-03T19:33:52.275201+00:00
2019-03-21,230.0,235.0,230.0,231.0,31696,231.0,2026-09-03T19:33:52.275201+00:00
2019-03-24,232.0,232.0,229.0,232.0,21787,232.0,2026-09-03T19:33:52.275201+00:00
2019-03-25,230.0,235.0,230.0,235.0,16011,235.0,2026-09-03T19:33:52.275201+00:00
2019-03-26,235.0,235.0,232.0,233.0,8529,233.0,2026-09-03T19:33:52.275201+00:00
2019-03-27,234.0,235.0,233.0,234.0,13077,234.0,2026-09-03T19:33:52.275201+00:00
2019-03-28,233.0,238.0,233.0,236.0,52417,236.0,2026-09-03T19:33:52.275201+00:00
2019-03-31,235.0,240.0,235.0,239.0,64864,239.0,2026-09-03T19:33:52.275201+00:00
2019-04-01,237.0,244.0,237.0,243.0,87641,243.0,2026-09-03T19:33:52.275201+00:00
2019-04-02,245.0,248.0,244.0,246.0,84143,246.0,2026-09-03T19:33:52.275201+00:00
2019-04-03,248.0,248.0,243.0,245.0,72974,245.0,2026-09-03T19:33:52.275201+00:00
2019-04-04,243.0,246.0,242.0,244.0,39856,244.0,2026-09-03T19:33:52.275201+00:00
2019-04-07,246.0,252.0,242.0,251.0,90019,251.0,2026-09-03T19:33:52.275201+00:00
2019-04-08,252.0,254.0,248.0,251.0,131271,251.0,2026-09-03T19:33:52.275201+00:00
2019-04-09,252.0,252.0,247.0,247.0,76932,247.0,2026-09-03T19:33:52.275201+00:00
2019-04-10,247.0,249.0,245.0,248.0,45105,248.0,2026-09-03T19:33:52.275201+00:00
2019-04-11,250.0,250.0,245.0,249.0,57620,249.0,2026-09-03T19:33:52.275201+00:00
2019-04-15,250.0,252.0,249.0,251.0,63792,251.0,2026-09-03T19:33:52.275201+00:00
2019-04-16,254.0,265.0,251.0,264.0,180950,264.0,2026-09-03T19:33:52.275201+00:00
2019-04-17,265.0,271.0,262.0,269.0,161285,269.0,2026-09-03T19:33:52.275201+00:00
2019-04-18,269.0,281.0,268.0,278.0,162970,278.0,2026-09-03T19:33:52.275201+00:00
2019-04-21,276.0,280.0,275.0,279.0,132190,279.0,2026-09-03T19:33:52.275201+00:00
2019-04-22,281.0,282.0,271.0,275.0,140187,275.0,2026-09-03T19:33:52.275201+00:00
2019-04-23,272.0,279.0,271.0,278.0,65088,278.0,2026-09-03T19:33:52.275201+00:00
2019-04-24,282.0,293.0,275.0,291.0,219881,291.0,2026-09-03T19:33:52.275201+00:00
2019-04-25,296.0,300.0,291.0,298.0,245331,298.0,2026-09-03T19:33:52.275201+00:00
2019-04-28,300.0,304.0,290.0,293.0,131016,293.0,2026-09-03T19:33:52.275201+00:00
2019-04-29,298.0,298.0,283.0,290.0,133827,290.0,2026-09-03T19:33:52.275201+00:00
2019-04-30,290.0,294.0,286.0,288.0,61759,288.0,2026-09-03T19:33:52.275201+00:00
2019-05-02,292.0,292.0,282.0,287.0,44662,287.0,2026-09-03T19:33:52.275201+00:00
2019-05-05,293.0,293.0,278.0,282.0,164492,282.0,2026-09-03T19:33:52.275201+00:00
2019-05-06,282.0,289.0,277.0,288.0,85592,288.0,2026-09-03T19:33:52.275201+00:00
2019-05-07,291.0,291.0,284.0,286.0,81997,286.0,2026-09-03T19:33:52.275201+00:00
2019-05-08,286.0,286.0,282.0,283.0,29119,283.0,2026-09-03T19:33:52.275201+00:00
2019-05-09,281.0,285.0,280.0,281.0,50879,281.0,2026-09-03T19:33:52.275201+00:00
2019-05-12,285.0,285.0,279.0,282.0,50164,282.0,2026-09-03T19:33:52.275201+00:00
2019-05-13,283.0,284.0,280.0,280.0,57006,280.0,2026-09-03T19:33:52.275201+00:00
2019-05-14,285.0,287.0,280.0,285.0,75573,285.0,2026-09-03T19:33:52.275201+00:00
2019-05-15,283.0,287.0,282.0,285.0,68208,285.0,2026-09-03T19:33:52.275201+00:00
2019-05-16,282.0,285.0,281.0,281.0,61726,281.0,2026-09-03T19:33:52.275201+00:00
2019-05-19,278.0,280.0,270.0,278.0,116804,278.0,2026-09-03T19:33:52.275201+00:00
2019-05-20,278.0,282.0,277.0,280.0,80103,280.0,2026-09-03T19:33:52.275201+00:00
2019-05-21,282.0,282.0,278.0,279.0,66033,279.0,2026-09-03T19:33:52.275201+00:00
2019-05-22,281.0,283.0,280.0,282.0,59972,282.0,2026-09-03T19:33:52.275201+00:00
2019-05-23,282.0,283.0,279.0,280.0,57604,280.0,2026-09-03T19:33:52.275201+00:00
2019-05-26,275.0,279.0,272.0,275.0,70659,275.0,2026-09-03T19:33:52.275201+00:00
2019-05-27,275.0,279.0,271.0,276.0,234773,276.0,2026-09-03T19:33:52.275201+00:00
2019-05-28,274.0,278.0,272.0,278.0,592141,278.0,2026-09-03T19:33:52.275201+00:00
2019-05-29,280.0,280.0,275.0,277.0,305769,277.0,2026-09-03T19:33:52.275201+00:00
2019-05-30,286.0,300.0,283.0,284.0,384413,284.0,2026-09-03T19:33:52.275201+00:00
2019-06-02,285.0,285.0,276.0,277.0,153264,277.0,2026-09-03T19:33:52.275201+00:00
2019-06-03,278.0,278.0,274.0,276.0,183969,276.0,2026-09-03T19:33:52.275201+00:00
2019-06-04,277.0,277.0,270.0,274.0,343537,274.0,2026-09-03T19:33:52.275201+00:00
2019-06-06,274.0,274.0,270.0,272.0,121662,272.0,2026-09-03T19:33:52.275201+00:00
2019-06-10,274.0,274.0,269.0,271.0,49611,271.0,2026-09-03T19:33:52.275201+00:00
2019-06-11,276.0,278.0,269.0,271.0,53692,271.0,2026-09-03T19:33:52.275201+00:00
2019-06-12,273.0,273.0,268.0,271.0,79131,271.0,2026-09-03T19:33:52.275201+00:00
2019-06-13,271.0,272.0,268.0,269.0,86755,269.0,2026-09-03T19:33:52.275201+00:00
2019-06-16,270.0,270.0,266.0,266.0,52890,266.0,2026-09-03T19:33:52.275201+00:00
2019-06-17,270.0,270.0,265.0,266.0,86700,266.0,2026-09-03T19:33:52.275201+00:00
2019-06-18,270.0,270.0,265.0,265.0,59040,265.0,2026-09-03T19:33:52.275201+00:00
2019-06-19,265.0,270.0,265.0,265.0,76266,265.0,2026-09-03T19:33:52.275201+00:00
2019-06-20,266.0,269.0,266.0,269.0,74082,269.0,2026-09-03T19:33:52.275201+00:00
2019-06-23,268.0,271.0,266.0,267.0,67268,267.0,2026-09-03T19:33:52.275201+00:00
2019-06-24,272.0,272.0,266.0,268.0,63199,268.0,2026-09-03T19:33:52.275201+00:00
2019-06-25,268.0,270.0,266.0,266.0,85719,266.0,2026-09-03T19:33:52.275201+00:00
2019-06-26,266.0,268.0,266.0,266.0,101979,266.0,2026-09-03T19:33:52.275201+00:00
2019-06-27,267.0,269.0,266.0,269.0,116605,269.0,2026-09-03T19:33:52.275201+00:00
2019-06-30,274.0,274.0,266.0,266.0,127427,266.0,2026-09-03T19:33:52.275201+00:00
2019-07-01,267.0,267.0,264.0,265.0,72869,265.0,2026-09-03T19:33:52.275201+00:00
2019-07-02,265.0,268.0,264.0,268.0,95480,268.0,2026-09-03T19:33:52.275201+00:00
2019-07-03,270.0,274.0,268.0,271.0,112650,271.0,2026-09-03T19:33:52.275201+00:00
2019-07-04,273.0,275.0,271.0,271.0,201857,271.0,2026-09-03T19:33:52.275201+00:00
2019-07-07,274.0,275.0,266.0,266.0,79038,266.0,2026-09-03T19:33:52.275201+00:00
2019-07-08,257.0,266.0,257.0,260.0,105534,260.0,2026-09-03T19:33:52.275201+00:00
2019-07-09,260.0,263.0,259.0,263.0,60332,263.0,2026-09-03T19:33:52.275201+00:00
2019-07-10,262.0,262.0,260.0,260.0,58024,260.0,2026-09-03T19:33:52.275201+00:00
2019-07-11,263.0,265.0,260.0,261.0,47375,261.0,2026-09-03T19:33:52.275201+00:00
2019-07-14,261.0,261.0,258.0,259.0,31859,259.0,2026-09-03T19:33:52.275201+00:00
2019-07-15,260.0,266.0,260.0,261.0,23744,261.0,2026-09-03T19:33:52.275201+00:00
2019-07-16,274.0,274.0,261.0,266.0,26233,266.0,2026-09-03T19:33:52.275201+00:00
2019-07-17,266.0,272.0,264.0,272.0,32203,272.0,2026-09-03T19:33:52.275201+00:00
2019-07-18,275.0,278.0,272.0,273.0,65258,273.0,2026-09-03T19:33:52.275201+00:00
2019-07-21,275.0,277.0,271.0,277.0,43785,277.0,2026-09-03T19:33:52.275201+00:00
2019-07-22,278.0,280.0,275.0,276.0,38777,276.0,2026-09-03T19:33:52.275201+00:00
2019-07-23,276.0,279.0,276.0,277.0,39239,277.0,2026-09-03T19:33:52.275201+00:00
2019-07-24,278.0,280.0,276.0,280.0,93698,280.0,2026-09-03T19:33:52.275201+00:00
2019-07-25,283.0,285.0,276.0,280.0,220033,280.0,2026-09-03T19:33:52.275201+00:00
2019-07-28,284.0,284.0,275.0,276.0,74495,276.0,2026-09-03T19:33:52.275201+00:00
2019-07-29,278.0,279.0,274.0,274.0,81362,274.0,2026-09-03T19:33:52.275201+00:00
2019-07-30,275.0,278.0,274.0,274.0,51954,274.0,2026-09-03T19:33:52.275201+00:00
2019-07-31,279.0,279.0,275.0,277.0,54341,277.0,2026-09-03T19:33:52.275201+00:00
2019-08-01,279.0,279.0,274.0,274.0,60971,274.0,2026-09-03T19:33:52.275201+00:00
2019-08-04,275.0,276.0,273.0,274.0,67185,274.0,2026-09-03T19:33:52.275201+00:00
2019-08-05,274.0,276.0,272.0,272.0,39590,272.0,2026-09-03T19:33:52.275201+00:00
2019-08-06,272.0,273.0,269.0,272.0,48613,272.0,2026-09-03T19:33:52.275201+00:00
2019-08-07,272.0,273.0,268.0,272.0,61706,272.0,2026-09-03T19:33:52.275201+00:00
2019-08-08,271.0,271.0,269.0,270.0,35559,270.0,2026-09-03T19:33:52.275201+00:00
2019-08-11,271.0,272.0,268.0,269.0,21902,269.0,2026-09-03T19:33:52.275201+00:00
2019-08-12,269.0,271.0,269.0,270.0,51214,270.0,2026-09-03T19:33:52.275201+00:00
2019-08-13,270.0,270.0,268.0,270.0,22571,270.0,2026-09-03T19:33:52.275201+00:00
2019-08-14,270.0,271.0,266.0,268.0,38849,268.0,2026-09-03T19:33:52.275201+00:00
2019-08-15,269.0,269.0,267.0,269.0,88749,269.0,2026-09-03T19:33:52.275201+00:00
2019-08-18,270.0,273.0,268.0,270.0,35991,270.0,2026-09-03T19:33:52.275201+00:00
2019-08-19,270.0,271.0,267.0,271.0,44980,271.0,2026-09-03T19:33:52.275201+00:00
2019-08-20,269.0,271.0,268.0,269.0,20845,269.0,2026-09-03T19:33:52.275201+00:00
2019-08-21,269.0,270.0,267.0,270.0,22712,270.0,2026-09-03T19:33:52.275201+00:00
2019-08-22,270.0,270.0,266.0,266.0,62281,266.0,2026-09-03T19:33:52.275201+00:00
2019-08-25,268.0,268.0,263.0,267.0,40290,267.0,2026-09-03T19:33:52.275201+00:00
2019-08-26,269.0,269.0,265.0,266.0,26034,266.0,2026-09-03T19:33:52.275201+00:00
2019-08-27,266.0,269.0,265.0,267.0,40689,267.0,2026-09-03T19:33:52.275201+00:00
2019-08-28,270.0,270.0,263.0,263.0,40113,263.0,2026-09-03T19:33:52.275201+00:00
2019-08-29,266.0,267.0,261.0,262.0,44649,262.0,2026-09-03T19:33:52.275201+00:00
2019-09-01,263.0,265.0,259.0,260.0,40361,260.0,2026-09-03T19:33:52.275201+00:00
2019-09-02,262.0,263.0,258.0,260.0,33046,260.0,2026-09-03T19:33:52.275201+00:00
2019-09-03,258.0,266.0,255.0,264.0,52699,264.0,2026-09-03T19:33:52.275201+00:00
2019-09-04,265.0,271.0,261.0,269.0,61790,269.0,2026-09-03T19:33:52.275201+00:00
2019-09-05,270.0,270.0,267.0,267.0,32346,267.0,2026-09-03T19:33:52.275201+00:00
2019-09-08,267.0,267.0,263.0,264.0,48952,264.0,2026-09-03T19:33:52.275201+00:00
2019-09-09,264.0,269.0,260.0,261.0,25002,261.0,2026-09-03T19:33:52.275201+00:00
2019-09-10,266.0,266.0,260.0,262.0,23493,262.0,2026-09-03T19:33:52.275201+00:00
2019-09-11,261.0,264.0,260.0,261.0,46297,261.0,2026-09-03T19:33:52.275201+00:00
2019-09-12,262.0,262.0,259.0,259.0,29768,259.0,2026-09-03T19:33:52.275201+00:00
2019-09-15,262.0,262.0,257.0,257.0,23726,257.0,2026-09-03T19:33:52.275201+00:00
2019-09-16,255.0,258.0,255.0,256.0,37882,256.0,2026-09-03T19:33:52.275201+00:00
2019-09-17,261.0,264.0,257.0,263.0,56912,263.0,2026-09-03T19:33:52.275201+00:00
2019-09-18,268.0,269.0,263.0,269.0,42919,269.0,2026-09-03T19:33:52.275201+00:00
2019-09-19,272.0,272.0,265.0,268.0,41026,268.0,2026-09-03T19:33:52.275201+00:00
2019-09-22,265.0,265.0,261.0,261.0,13178,261.0,2026-09-03T19:33:52.275201+00:00
2019-09-23,270.0,270.0,259.0,261.0,48061,261.0,2026-09-03T19:33:52.275201+00:00
2019-09-24,258.0,262.0,258.0,259.0,28244,259.0,2026-09-03T19:33:52.275201+00:00
2019-09-25,259.0,263.0,258.0,258.0,26379,258.0,2026-09-03T19:33:52.275201+00:00
2019-09-26,258.0,259.0,257.0,257.0,44604,257.0,2026-09-03T19:33:52.275201+00:00
2019-09-29,258.0,262.0,257.0,259.0,130295,259.0,2026-09-03T19:33:52.275201+00:00
2019-09-30,264.0,264.0,259.0,263.0,50516,263.0,2026-09-03T19:33:52.275201+00:00
2019-10-01,262.0,268.0,262.0,264.0,20326,264.0,2026-09-03T19:33:52.275201+00:00
2019-10-02,264.0,265.0,262.0,263.0,22224,263.0,2026-09-03T19:33:52.275201+00:00
2019-10-03,262.0,265.0,262.0,265.0,30327,265.0,2026-09-03T19:33:52.275201+00:00
2019-10-10,269.0,272.0,268.0,270.0,94664,270.0,2026-09-03T19:33:52.275201+00:00
2019-10-14,275.0,275.0,264.0,266.0,99444,266.0,2026-09-03T19:33:52.275201+00:00
2019-10-15,266.0,270.0,266.0,267.0,62213,267.0,2026-09-03T19:33:52.275201+00:00
2019-10-16,267.0,269.0,267.0,269.0,203804,269.0,2026-09-03T19:33:52.275201+00:00
2019-10-17,268.0,268.0,265.0,265.0,75088,265.0,2026-09-03T19:33:52.275201+00:00
2019-10-20,266.0,269.0,264.0,265.0,41325,265.0,2026-09-03T19:33:52.275201+00:00
2019-10-21,267.0,267.0,263.0,263.0,71618,263.0,2026-09-03T19:33:52.275201+00:00
2019-10-22,265.0,266.0,264.0,264.0,39010,264.0,2026-09-03T19:33:52.275201+00:00
2019-10-23,265.0,267.0,263.0,263.0,102893,263.0,2026-09-03T19:33:52.275201+00:00
2019-10-24,265.0,268.0,265.0,266.0,73836,266.0,2026-09-03T19:33:52.275201+00:00
2019-10-31,269.0,271.0,267.0,268.0,64041,268.0,2026-09-03T19:33:52.275201+00:00
2019-11-03,272.0,272.0,267.0,267.0,56906,267.0,2026-09-03T19:33:52.275201+00:00
2019-11-04,268.0,269.0,267.0,268.0,60353,268.0,2026-09-03T19:33:52.275201+00:00
2019-11-05,269.0,269.0,266.0,267.0,58526,267.0,2026-09-03T19:33:52.275201+00:00
2019-11-06,268.0,268.0,265.0,266.0,164151,266.0,2026-09-03T19:33:52.275201+00:00
2019-11-07,266.0,267.0,264.0,265.0,213724,265.0,2026-09-03T19:33:52.275201+00:00
2019-11-10,269.0,269.0,263.0,263.0,104428,263.0,2026-09-03T19:33:52.275201+00:00
2019-11-11,265.0,268.0,263.0,267.0,277320,267.0,2026-09-03T19:33:52.275201+00:00
2019-11-12,228.0,232.0,227.0,228.0,46905,228.0,2026-09-03T19:33:52.275201+00:00
2019-11-13,228.0,228.0,225.0,225.0,28876,225.0,2026-09-03T19:33:52.275201+00:00
2019-11-14,225.0,228.0,225.0,227.0,16542,227.0,2026-09-03T19:33:52.275201+00:00
2019-11-17,229.0,229.0,225.0,228.0,36566,228.0,2026-09-03T19:33:52.275201+00:00
2019-11-18,228.0,229.0,227.0,229.0,25687,229.0,2026-09-03T19:33:52.275201+00:00
2019-11-19,231.0,231.0,228.0,229.0,31713,229.0,2026-09-03T19:33:52.275201+00:00
2019-11-20,231.0,231.0,228.0,229.0,42825,229.0,2026-09-03T19:33:52.275201+00:00
2019-11-21,228.0,228.0,226.0,227.0,24103,227.0,2026-09-03T19:33:52.275201+00:00
2019-11-24,226.0,226.0,221.0,223.0,42442,223.0,2026-09-03T19:33:52.275201+00:00
2019-11-25,223.0,225.0,221.0,222.0,26190,222.0,2026-09-03T19:33:52.275201+00:00
2019-11-26,224.0,224.0,221.0,223.0,34015,223.0,2026-09-03T19:33:52.275201+00:00
2019-11-27,224.0,225.0,222.0,224.0,6898,224.0,2026-09-03T19:33:52.275201+00:00
2019-11-28,225.0,225.0,222.0,224.0,21101,224.0,2026-09-03T19:33:52.275201+00:00
2019-12-01,224.0,224.0,223.0,223.0,18644,223.0,2026-09-03T19:33:52.275201+00:00
2019-12-02,223.0,224.0,223.0,223.0,19763,223.0,2026-09-03T19:33:52.275201+00:00
2019-12-03,223.0,224.0,223.0,224.0,15336,224.0,2026-09-03T19:33:52.275201+00:00
2019-12-04,225.0,227.0,224.0,227.0,16732,227.0,2026-09-03T19:33:52.275201+00:00
2019-12-05,226.0,228.0,226.0,227.0,12494,227.0,2026-09-03T19:33:52.275201+00:00
2019-12-08,227.0,227.0,225.0,225.0,19845,225.0,2026-09-03T19:33:52.275201+00:00
2019-12-09,225.0,227.0,224.0,226.0,52298,226.0,2026-09-03T19:33:52.275201+00:00
2019-12-10,227.0,228.0,225.0,226.0,49903,226.0,2026-09-03T19:33:52.275201+00:00
2019-12-11,226.0,227.0,224.0,226.0,60417,226.0,2026-09-03T19:33:52.275201+00:00
2019-12-12,226.0,226.0,223.0,226.0,63189,226.0,2026-09-03T19:33:52.275201+00:00
2019-12-15,226.0,232.0,225.0,227.0,46305,227.0,2026-09-03T19:33:52.275201+00:00
2019-12-16,228.0,229.0,225.0,225.0,30823,225.0,2026-09-03T19:33:52.275201+00:00
2019-12-17,226.0,229.0,226.0,226.0,35474,226.0,2026-09-03T19:33:52.275201+00:00
2019-12-18,227.0,228.0,226.0,227.0,23461,227.0,2026-09-03T19:33:52.275201+00:00
2019-12-19,228.0,228.0,223.0,223.0,26430,223.0,2026-09-03T19:33:52.275201+00:00
2019-12-22,223.0,225.0,223.0,224.0,17022,224.0,2026-09-03T19:33:52.275201+00:00
2019-12-23,225.0,226.0,223.0,224.0,31192,224.0,2026-09-03T19:33:52.275201+00:00
2019-12-24,224.0,226.0,224.0,225.0,22462,225.0,2026-09-03T19:33:52.275201+00:00
2019-12-25,225.0,228.0,225.0,227.0,14125,227.0,2026-09-03T19:33:52.275201+00:00
2019-12-26,219.0,227.0,219.0,226.0,100156,226.0,2026-09-03T19:33:52.275201+00:00
2019-12-29,224.0,225.0,223.0,225.0,17201,225.0,2026-09-03T19:33:52.275201+00:00
2019-12-30,225.0,225.0,223.0,223.0,12025,223.0,2026-09-03T19:33:52.275201+00:00
2019-12-31,224.0,225.0,223.0,223.0,11332,223.0,2026-09-03T19:33:52.275201+00:00
2020-01-01,223.0,225.0,223.0,224.0,12404,224.0,2026-09-03T19:33:52.275201+00:00
2020-01-02,225.0,228.0,223.0,223.0,20033,223.0,2026-09-03T19:33:52.275201+00:00
2020-01-05,224.0,227.0,224.0,227.0,50850,227.0,2026-09-03T19:33:52.275201+00:00
2020-01-06,230.0,236.0,229.0,234.0,114379,234.0,2026-09-03T19:33:52.275201+00:00
2020-01-07,237.0,242.0,236.0,238.0,176073,238.0,2026-09-03T19:33:52.275201+00:00
2020-01-08,238.0,239.0,231.0,231.0,90879,231.0,2026-09-03T19:33:52.275201+00:00
2020-01-09,235.0,235.0,231.0,234.0,67170,234.0,2026-09-03T19:33:52.275201+00:00
2020-01-12,238.0,241.0,235.0,238.0,122206,238.0,2026-09-03T19:33:52.275201+00:00
2020-01-13,242.0,247.0,240.0,244.0,180770,244.0,2026-09-03T19:33:52.275201+00:00
2020-01-14,245.0,245.0,239.0,239.0,86425,239.0,2026-09-03T19:33:52.275201+00:00
2020-01-15,238.0,250.0,238.0,248.0,80212,248.0,2026-09-03T19:33:52.275201+00:00
2020-01-16,252.0,257.0,250.0,253.0,203479,253.0,2026-09-03T19:33:52.275201+00:00
2020-01-19,257.0,265.0,256.0,265.0,314639,265.0,2026-09-03T19:33:52.275201+00:00
2020-01-20,270.0,270.0,255.0,255.0,256238,255.0,2026-09-03T19:33:52.275201+00:00
2020-01-21,260.0,260.0,251.0,254.0,87254,254.0,2026-09-03T19:33:52.275201+00:00
2020-01-22,254.0,258.0,251.0,254.0,50767,254.0,2026-09-03T19:33:52.275201+00:00
2020-01-23,259.0,259.0,246.0,246.0,62049,246.0,2026-09-03T19:33:52.275201+00:00
2020-01-26,244.0,250.0,239.0,243.0,121549,243.0,2026-09-03T19:33:52.275201+00:00
2020-01-27,243.0,249.0,242.0,248.0,40857,248.0,2026-09-03T19:33:52.275201+00:00
2020-01-28,252.0,255.0,249.0,251.0,157085,251.0,2026-09-03T19:33:52.275201+00:00
2020-01-29,252.0,258.0,250.0,255.0,152724,255.0,2026-09-03T19:33:52.275201+00:00
2020-01-30,256.0,264.0,256.0,264.0,217958,264.0,2026-09-03T19:33:52.275201+00:00
2020-02-02,264.0,267.0,262.0,264.0,234861,264.0,2026-09-03T19:33:52.275201+00:00
2020-02-03,265.0,265.0,258.0,259.0,161299,259.0,2026-09-03T19:33:52.275201+00:00
2020-02-04,256.0,256.0,250.0,251.0,148550,251.0,2026-09-03T19:33:52.275201+00:00
2020-02-05,251.0,254.0,248.0,250.0,86389,250.0,2026-09-03T19:33:52.275201+00:00
2020-02-06,248.0,249.0,245.0,245.0,135140,245.0,2026-09-03T19:33:52.275201+00:00
2020-02-09,247.0,248.0,242.0,244.0,69879,244.0,2026-09-03T19:33:52.275201+00:00
2020-02-10,243.0,246.0,243.0,243.0,65776,243.0,2026-09-03T19:33:52.275201+00:00
2020-02-11,247.0,250.0,244.0,245.0,48265,245.0,2026-09-03T19:33:52.275201+00:00
2020-02-12,246.0,249.0,243.0,243.0,88726,243.0,2026-09-03T19:33:52.275201+00:00
2020-02-13,244.0,245.0,240.0,241.0,91638,241.0,2026-09-03T19:33:52.275201+00:00
2020-02-16,241.0,245.0,240.0,244.0,92894,244.0,2026-09-03T19:33:52.275201+00:00
2020-02-17,248.0,255.0,247.0,254.0,191417,254.0,2026-09-03T19:33:52.275201+00:00
2020-02-18,256.0,257.0,249.0,251.0,163172,251.0,2026-09-03T19:33:52.275201+00:00
2020-02-19,254.0,255.0,249.0,250.0,88603,250.0,2026-09-03T19:33:52.275201+00:00
2020-02-20,254.0,254.0,247.0,250.0,120499,250.0,2026-09-03T19:33:52.275201+00:00
2020-02-23,250.0,270.0,250.0,267.0,362120,267.0,2026-09-03T19:33:52.275201+00:00
2020-02-24,270.0,280.0,262.0,264.0,296276,264.0,2026-09-03T19:33:52.275201+00:00
2020-02-25,260.0,269.0,256.0,267.0,165608,267.0,2026-09-03T19:33:52.275201+00:00
2020-02-26,268.0,280.0,266.0,277.0,305475,277.0,2026-09-03T19:33:52.275201+00:00
2020-02-27,277.0,290.0,267.0,284.0,423808,284.0,2026-09-03T19:33:52.275201+00:00
2020-03-01,286.0,292.0,278.0,279.0,537729,279.0,2026-09-03T19:33:52.275201+00:00
2020-03-02,276.0,278.0,264.0,264.0,268917,264.0,2026-09-03T19:33:52.275201+00:00
2020-03-03,260.0,272.0,256.0,266.0,307876,266.0,2026-09-03T19:33:52.275201+00:00
2020-03-04,266.0,267.0,256.0,256.0,270762,256.0,2026-09-03T19:33:52.275201+00:00
2020-03-05,253.0,262.0,252.0,252.0,238184,252.0,2026-09-03T19:33:52.275201+00:00
2020-03-10,252.0,252.0,241.0,242.0,116986,242.0,2026-09-03T19:33:52.275201+00:00
2020-03-11,246.0,255.0,240.0,254.0,153265,254.0,2026-09-03T19:33:52.275201+00:00
2020-03-12,254.0,254.0,242.0,244.0,146834,244.0,2026-09-03T19:33:52.275201+00:00
2020-03-15,245.0,245.0,235.0,235.0,182095,235.0,2026-09-03T19:33:52.275201+00:00
2020-03-16,233.0,239.0,231.0,236.0,117994,236.0,2026-09-03T19:33:52.275201+00:00
2020-03-17,236.0,236.0,227.0,228.0,167969,228.0,2026-09-03T19:33:52.275201+00:00
2020-03-18,226.0,230.0,221.0,227.0,102430,227.0,2026-09-03T19:33:52.275201+00:00
2020-03-19,224.0,229.0,212.0,226.0,218395,226.0,2026-09-03T19:33:52.275201+00:00
2020-03-22,230.0,234.0,220.0,225.0,11659,225.0,2026-09-03T19:33:52.275201+00:00
2020-05-12,221.0,221.0,221.0,221.0,10,221.0,2026-09-03T19:33:52.275201+00:00
2020-05-13,217.0,217.0,215.0,215.0,1000,215.0,2026-09-03T19:33:52.275201+00:00
2020-06-29,211.0,211.0,195.0,206.0,52717,206.0,2026-09-03T19:33:52.275201+00:00
2020-06-30,203.0,226.0,202.0,222.0,7577,222.0,2026-09-03T19:33:52.275201+00:00
2020-07-01,226.0,244.0,226.0,242.0,22002,242.0,2026-09-03T19:33:52.275201+00:00
2020-07-02,246.0,246.0,218.0,218.0,22759,218.0,2026-09-03T19:33:52.275201+00:00
2020-07-05,215.0,221.0,206.0,218.0,84741,218.0,2026-09-03T19:33:52.275201+00:00
2020-07-06,216.0,224.0,214.0,224.0,75213,224.0,2026-09-03T19:33:52.275201+00:00
2020-07-07,221.0,238.0,221.0,235.0,84708,235.0,2026-09-03T19:33:52.275201+00:00
2020-07-08,235.0,239.0,227.0,230.0,26919,230.0,2026-09-03T19:33:52.275201+00:00
2020-07-09,230.0,232.0,227.0,232.0,37763,232.0,2026-09-03T19:33:52.275201+00:00
2020-07-12,232.0,235.0,227.0,228.0,64200,228.0,2026-09-03T19:33:52.275201+00:00
2020-07-13,228.0,230.0,222.0,225.0,45669,225.0,2026-09-03T19:33:52.275201+00:00
2020-07-14,229.0,231.0,227.0,228.0,28653,228.0,2026-09-03T19:33:52.275201+00:00
2020-07-15,230.0,234.0,228.0,230.0,38040,230.0,2026-09-03T19:33:52.275201+00:00
2020-07-16,231.0,243.0,231.0,239.0,82311,239.0,2026-09-03T19:33:52.275201+00:00
2020-07-19,243.0,251.0,243.0,251.0,1045,251.0,2026-09-03T19:33:52.275201+00:00
2020-07-20,263.0,276.0,244.0,252.0,224526,252.0,2026-09-03T19:33:52.275201+00:00
2020-07-21,252.0,260.0,245.0,247.0,130577,247.0,2026-09-03T19:33:52.275201+00:00
2020-07-22,251.0,251.0,243.0,244.0,37960,244.0,2026-09-03T19:33:52.275201+00:00
2020-07-23,241.0,245.0,236.0,244.0,54856,244.0,2026-09-03T19:33:52.275201+00:00
2020-07-26,248.0,256.0,244.0,251.0,107006,251.0,2026-09-03T19:33:52.275201+00:00
2020-07-27,262.0,262.0,248.0,250.0,86888,250.0,2026-09-03T19:33:52.275201+00:00
2020-07-28,253.0,255.0,245.0,247.0,58061,247.0,2026-09-03T19:33:52.275201+00:00
2020-07-29,245.0,247.0,239.0,240.0,79262,240.0,2026-09-03T19:33:52.275201+00:00
2020-07-30,240.0,246.0,237.0,243.0,72743,243.0,2026-09-03T19:33:52.275201+00:00
2020-08-02,255.0,255.0,234.0,235.0,103416,235.0,2026-09-03T19:33:52.275201+00:00
2020-08-03,231.0,244.0,230.0,238.0,46839,238.0,2026-09-03T19:33:52.275201+00:00
2020-08-05,237.0,237.0,230.0,231.0,72973,231.0,2026-09-03T19:33:52.275201+00:00
2020-08-06,232.0,233.0,228.0,232.0,66815,232.0,2026-09-03T19:33:52.275201+00:00
2020-08-09,232.0,234.0,229.0,233.0,30569,233.0,2026-09-03T19:33:52.275201+00:00
2020-08-10,235.0,240.0,235.0,239.0,61714,239.0,2026-09-03T19:33:52.275201+00:00
2020-08-11,241.0,241.0,234.0,235.0,46343,235.0,2026-09-03T19:33:52.275201+00:00
2020-08-12,234.0,236.0,230.0,235.0,25728,235.0,2026-09-03T19:33:52.275201+00:00
2020-08-13,231.0,236.0,230.0,232.0,49023,232.0,2026-09-03T19:33:52.275201+00:00
2020-08-16,228.0,228.0,223.0,226.0,56831,226.0,2026-09-03T19:33:52.275201+00:00
2020-08-17,226.0,227.0,223.0,227.0,50775,227.0,2026-09-03T19:33:52.275201+00:00
2020-08-18,227.0,228.0,224.0,225.0,55898,225.0,2026-09-03T19:33:52.275201+00:00
2020-08-19,223.0,225.0,222.0,222.0,50315,222.0,2026-09-03T19:33:52.275201+00:00
2020-08-20,223.0,227.0,223.0,223.0,16771,223.0,2026-09-03T19:33:52.275201+00:00
2020-08-23,225.0,226.0,223.0,225.0,17093,225.0,2026-09-03T19:33:52.275201+00:00
2020-08-24,228.0,231.0,227.0,230.0,45395,230.0,2026-09-03T19:33:52.275201+00:00
2020-08-25,233.0,233.0,229.0,229.0,28219,229.0,2026-09-03T19:33:52.275201+00:00
2020-08-26,233.0,240.0,230.0,240.0,135251,240.0,2026-09-03T19:33:52.275201+00:00
2020-08-27,244.0,244.0,235.0,237.0,78057,237.0,2026-09-03T19:33:52.275201+00:00
2020-08-30,234.0,237.0,230.0,232.0,49378,232.0,2026-09-03T19:33:52.275201+00:00
2020-08-31,232.0,236.0,231.0,234.0,71613,234.0,2026-09-03T19:33:52.275201+00:00
2020-09-02,238.0,239.0,233.0,237.0,89402,237.0,2026-09-03T19:33:52.275201+00:00
2020-09-03,240.0,241.0,234.0,237.0,41696,237.0,2026-09-03T19:33:52.275201+00:00
2020-09-06,245.0,245.0,233.0,233.0,83624,233.0,2026-09-03T19:33:52.275201+00:00
2020-09-07,230.0,232.0,227.0,229.0,60421,229.0,2026-09-03T19:33:52.275201+00:00
2020-09-08,229.0,229.0,227.0,228.0,41534,228.0,2026-09-03T19:33:52.275201+00:00
2020-09-09,228.0,230.0,226.0,229.0,61075,229.0,2026-09-03T19:33:52.275201+00:00
2020-09-10,230.0,233.0,227.0,229.0,35226,229.0,2026-09-03T19:33:52.275201+00:00
2020-09-13,230.0,230.0,226.0,229.0,82401,229.0,2026-09-03T19:33:52.275201+00:00
2020-09-14,231.0,235.0,230.0,233.0,63175,233.0,2026-09-03T19:33:52.275201+00:00
2020-09-15,234.0,235.0,229.0,230.0,70574,230.0,2026-09-03T19:33:52.275201+00:00
2020-09-16,234.0,234.0,227.0,228.0,51706,228.0,2026-09-03T19:33:52.275201+00:00
2020-09-17,232.0,240.0,228.0,238.0,184226,238.0,2026-09-03T19:33:52.275201+00:00
2020-09-20,249.0,249.0,237.0,238.0,154941,238.0,2026-09-03T19:33:52.275201+00:00
2020-09-21,240.0,243.0,235.0,237.0,147288,237.0,2026-09-03T19:33:52.275201+00:00
2020-09-22,248.0,248.0,232.0,233.0,85937,233.0,2026-09-03T19:33:52.275201+00:00
2020-09-23,234.0,235.0,231.0,233.0,59408,233.0,2026-09-03T19:33:52.275201+00:00
2020-09-24,236.0,236.0,232.0,234.0,33258,234.0,2026-09-03T19:33:52.275201+00:00
2020-09-27,233.0,244.0,231.0,239.0,321075,239.0,2026-09-03T19:33:52.275201+00:00
2020-09-28,243.0,246.0,241.0,243.0,216925,243.0,2026-09-03T19:33:52.275201+00:00
2020-09-29,245.0,245.0,239.0,239.0,57427,239.0,2026-09-03T19:33:52.275201+00:00
2020-09-30,238.0,239.0,236.0,238.0,81817,238.0,2026-09-03T19:33:52.275201+00:00
2020-10-01,227.0,245.0,227.0,244.0,263284,244.0,2026-09-03T19:33:52.275201+00:00
2020-10-04,248.0,250.0,241.0,249.0,223578,249.0,2026-09-03T19:33:52.275201+00:00
2020-10-05,249.0,250.0,244.0,244.0,149835,244.0,2026-09-03T19:33:52.275201+00:00
2020-10-06,246.0,246.0,241.0,244.0,124036,244.0,2026-09-03T19:33:52.275201+00:00
2020-10-07,245.0,246.0,242.0,246.0,97360,246.0,2026-09-03T19:33:52.275201+00:00
2020-10-08,255.0,255.0,244.0,244.0,124671,244.0,2026-09-03T19:33:52.275201+00:00
2020-10-11,243.0,245.0,240.0,241.0,68764,241.0,2026-09-03T19:33:52.275201+00:00
2020-10-12,241.0,243.0,238.0,243.0,65746,243.0,2026-09-03T19:33:52.275201+00:00
2020-10-13,243.0,244.0,239.0,239.0,68319,239.0,2026-09-03T19:33:52.275201+00:00
2020-10-14,238.0,240.0,236.0,239.0,80090,239.0,2026-09-03T19:33:52.275201+00:00
2020-10-15,240.0,243.0,238.0,238.0,33520,238.0,2026-09-03T19:33:52.275201+00:00
2020-10-18,240.0,240.0,236.0,237.0,43295,237.0,2026-09-03T19:33:52.275201+00:00
2020-10-19,240.0,240.0,237.0,239.0,24740,239.0,2026-09-03T19:33:52.275201+00:00
2020-10-20,242.0,242.0,239.0,241.0,38914,241.0,2026-09-03T19:33:52.275201+00:00
2020-10-21,245.0,246.0,243.0,245.0,66777,245.0,2026-09-03T19:33:52.275201+00:00
2020-10-22,257.0,257.0,246.0,247.0,135168,247.0,2026-09-03T19:33:52.275201+00:00
2020-10-28,250.0,269.0,250.0,268.0,623533,268.0,2026-09-03T19:33:52.275201+00:00
2020-10-29,275.0,275.0,262.0,265.0,507006,265.0,2026-09-03T19:33:52.275201+00:00
2020-11-01,253.0,270.0,253.0,265.0,318940,265.0,2026-09-03T19:33:52.275201+00:00
2020-11-02,278.0,278.0,259.0,261.0,289672,261.0,2026-09-03T19:33:52.275201+00:00
2020-11-03,250.0,266.0,250.0,262.0,182511,262.0,2026-09-03T19:33:52.275201+00:00
2020-11-04,262.0,265.0,262.0,263.0,89621,263.0,2026-09-03T19:33:52.275201+00:00
2020-11-05,270.0,270.0,262.0,266.0,279158,266.0,2026-09-03T19:33:52.275201+00:00
2020-11-08,266.0,271.0,266.0,268.0,232426,268.0,2026-09-03T19:33:52.275201+00:00
2020-11-09,270.0,275.0,268.0,270.0,304307,270.0,2026-09-03T19:33:52.275201+00:00
2020-11-10,273.0,275.0,268.0,273.0,319087,273.0,2026-09-03T19:33:52.275201+00:00
2020-11-11,286.0,286.0,272.0,273.0,154094,273.0,2026-09-03T19:33:52.275201+00:00
2020-11-12,286.0,286.0,276.0,282.0,796656,282.0,2026-09-03T19:33:52.275201+00:00
2020-11-18,290.0,297.0,285.0,297.0,567977,297.0,2026-09-03T19:33:52.275201+00:00
2020-11-19,300.0,306.0,297.0,298.0,425312,298.0,2026-09-03T19:33:52.275201+00:00
2020-11-22,305.0,319.0,303.0,318.0,720504,318.0,2026-09-03T19:33:52.275201+00:00
2020-11-23,320.0,325.0,311.0,315.0,430482,315.0,2026-09-03T19:33:52.275201+00:00
2020-11-24,330.0,330.0,314.0,316.0,346436,316.0,2026-09-03T19:33:52.275201+00:00
2020-11-25,316.0,336.0,316.0,333.0,608221,333.0,2026-09-03T19:33:52.275201+00:00
2020-11-26,339.0,350.0,333.0,345.0,660724,345.0,2026-09-03T19:33:52.275201+00:00
2020-11-29,350.0,379.0,350.0,379.0,885591,379.0,2026-09-03T19:33:52.275201+00:00
2020-11-30,395.0,400.0,366.0,370.0,959408,370.0,2026-09-03T19:33:52.275201+00:00
2020-12-01,375.0,382.0,355.0,359.0,576007,359.0,2026-09-03T19:33:52.275201+00:00
2020-12-02,360.0,369.0,353.0,365.0,403905,365.0,2026-09-03T19:33:52.275201+00:00
2020-12-03,365.0,378.0,355.0,358.0,330408,358.0,2026-09-03T19:33:52.275201+00:00
2020-12-06,358.0,360.0,342.0,342.0,418264,342.0,2026-09-03T19:33:52.275201+00:00
2020-12-07,340.0,345.0,320.0,345.0,759973,345.0,2026-09-03T19:33:52.275201+00:00
2020-12-08,362.0,362.0,334.0,337.0,272649,337.0,2026-09-03T19:33:52.275201+00:00
2020-12-09,338.0,338.0,321.0,323.0,268222,323.0,2026-09-03T19:33:52.275201+00:00
2020-12-10,326.0,336.0,319.0,328.0,273804,328.0,2026-09-03T19:33:52.275201+00:00
2020-12-13,344.0,349.0,333.0,349.0,358146,349.0,2026-09-03T19:33:52.275201+00:00
2020-12-14,355.0,361.0,350.0,357.0,431012,357.0,2026-09-03T19:33:52.275201+00:00
2020-12-15,374.0,374.0,351.0,353.0,229498,353.0,2026-09-03T19:33:52.275201+00:00
2020-12-16,370.0,370.0,345.0,355.0,258196,355.0,2026-09-03T19:33:52.275201+00:00
2020-12-17,352.0,360.0,346.0,347.0,186062,347.0,2026-09-03T19:33:52.275201+00:00
2020-12-20,347.0,354.0,334.0,338.0,446391,338.0,2026-09-03T19:33:52.275201+00:00
2020-12-21,322.0,356.0,322.0,352.0,420610,352.0,2026-09-03T19:33:52.275201+00:00
2020-12-22,360.0,383.0,356.0,379.0,859544,379.0,2026-09-03T19:33:52.275201+00:00
2020-12-23,397.0,397.0,375.0,379.0,592933,379.0,2026-09-03T19:33:52.275201+00:00
2020-12-24,379.0,382.0,372.0,375.0,749324,375.0,2026-09-03T19:33:52.275201+00:00
2020-12-27,350.0,350.0,334.0,335.0,253156,335.0,2026-09-03T19:33:52.275201+00:00
2020-12-28,335.0,350.0,332.0,350.0,268638,350.0,2026-09-03T19:33:52.275201+00:00
2020-12-29,355.0,355.0,342.0,344.0,161894,344.0,2026-09-03T19:33:52.275201+00:00
2020-12-30,345.0,350.0,341.0,350.0,264443,350.0,2026-09-03T19:33:52.275201+00:00
2020-12-31,350.0,361.0,350.0,354.0,327609,354.0,2026-09-03T19:33:52.275201+00:00
2021-01-03,371.0,380.0,359.0,377.0,504787,377.0,2026-09-03T19:33:52.275201+00:00
2021-01-04,380.0,389.0,364.0,369.0,385237,369.0,2026-09-03T19:33:52.275201+00:00
2021-01-05,371.0,374.0,362.0,368.0,224947,368.0,2026-09-03T19:33:52.275201+00:00
2021-01-06,369.0,373.0,366.0,370.0,391084,370.0,2026-09-03T19:33:52.275201+00:00
2021-01-07,375.0,387.0,372.0,387.0,834169,387.0,2026-09-03T19:33:52.275201+00:00
2021-01-10,395.0,415.0,395.0,414.0,986662,414.0,2026-09-03T19:33:52.275201+00:00
2021-01-11,425.0,425.0,402.0,406.0,611307,406.0,2026-09-03T19:33:52.275201+00:00
2021-01-12,410.0,411.0,400.0,411.0,397329,411.0,2026-09-03T19:33:52.275201+00:00
2021-01-13,414.0,420.0,409.0,410.0,244625,410.0,2026-09-03T19:33:52.275201+00:00
2021-01-17,410.0,420.0,406.0,414.0,378531,414.0,2026-09-03T19:33:52.275201+00:00
2021-01-18,420.0,448.0,418.0,446.0,768755,446.0,2026-09-03T19:33:52.275201+00:00
2021-01-19,454.0,469.0,446.0,459.0,777251,459.0,2026-09-03T19:33:52.275201+00:00
2021-01-20,445.0,470.0,445.0,452.0,646527,452.0,2026-09-03T19:33:52.275201+00:00
2021-01-21,470.0,470.0,442.0,452.0,477642,452.0,2026-09-03T19:33:52.275201+00:00
2021-01-24,474.0,474.0,447.0,456.0,452208,456.0,2026-09-03T19:33:52.275201+00:00
2021-01-25,440.0,469.0,440.0,457.0,377811,457.0,2026-09-03T19:33:52.275201+00:00
2021-01-26,439.0,465.0,439.0,450.0,277872,450.0,2026-09-03T19:33:52.275201+00:00
2021-01-27,460.0,465.0,440.0,443.0,622574,443.0,2026-09-03T19:33:52.275201+00:00
2021-01-28,445.0,450.0,428.0,433.0,476317,433.0,2026-09-03T19:33:52.275201+00:00
2021-01-31,433.0,433.0,420.0,424.0,509343,424.0,2026-09-03T19:33:52.275201+00:00
2021-02-01,427.0,435.0,420.0,430.0,368108,430.0,2026-09-03T19:33:52.275201+00:00
2021-02-02,435.0,442.0,428.0,441.0,281176,441.0,2026-09-03T19:33:52.275201+00:00
2021-02-03,445.0,454.0,432.0,435.0,348032,435.0,2026-09-03T19:33:52.275201+00:00
2021-02-04,456.0,456.0,422.0,433.0,210454,433.0,2026-09-03T19:33:52.275201+00:00
2021-02-07,454.0,454.0,430.0,436.0,346408,436.0,2026-09-03T19:33:52.275201+00:00
2021-02-08,440.0,479.0,439.0,476.0,1346330,476.0,2026-09-03T19:33:52.275201+00:00
2021-02-09,485.0,490.0,465.0,470.0,644368,470.0,2026-09-03T19:33:52.275201+00:00
2021-02-10,472.0,497.0,461.0,492.0,949365,492.0,2026-09-03T19:33:52.275201+00:00
2021-02-11,501.0,501.0,479.0,480.0,623616,480.0,2026-09-03T19:33:52.275201+00:00
2021-02-14,482.0,485.0,469.0,474.0,350729,474.0,2026-09-03T19:33:52.275201+00:00
2021-02-15,483.0,490.0,475.0,485.0,417669,485.0,2026-09-03T19:33:52.275201+00:00
2021-02-16,490.0,496.0,479.0,487.0,314316,487.0,2026-09-03T19:33:52.275201+00:00
2021-02-17,500.0,504.0,478.0,490.0,516976,490.0,2026-09-03T19:33:52.275201+00:00
2021-02-18,514.0,514.0,487.0,490.0,271576,490.0,2026-09-03T19:33:52.275201+00:00
2021-02-21,494.0,495.0,480.0,482.0,295761,482.0,2026-09-03T19:33:52.275201+00:00
2021-02-22,480.0,480.0,465.0,467.0,439421,467.0,2026-09-03T19:33:52.275201+00:00
2021-02-23,468.0,472.0,449.0,471.0,471040,471.0,2026-09-03T19:33:52.275201+00:00
2021-02-24,472.0,486.0,470.0,472.0,289913,472.0,2026-09-03T19:33:52.275201+00:00
2021-02-25,495.0,495.0,463.0,465.0,188556,465.0,2026-09-03T19:33:52.275201+00:00
2021-02-28,465.0,465.0,447.0,447.0,435735,447.0,2026-09-03T19:33:52.275201+00:00
2021-03-01,469.0,469.0,440.0,456.0,289913,456.0,2026-09-03T19:33:52.275201+00:00
2021-03-02,460.0,460.0,439.0,440.0,306511,440.0,2026-09-03T19:33:52.275201+00:00
2021-03-03,440.0,446.0,432.0,441.0,276585,441.0,2026-09-03T19:33:52.275201+00:00
2021-03-04,445.0,460.0,442.0,455.0,307038,455.0,2026-09-03T19:33:52.275201+00:00
2021-03-07,465.0,465.0,445.0,448.0,209302,448.0,2026-09-03T19:33:52.275201+00:00
2021-03-09,444.0,452.0,440.0,441.0,136911,441.0,2026-09-03T19:33:52.275201+00:00
2021-03-10,445.0,445.0,437.0,439.0,130043,439.0,2026-09-03T19:33:52.275201+00:00
2021-03-14,430.0,445.0,430.0,433.0,221836,433.0,2026-09-03T19:33:52.275201+00:00
2021-03-15,431.0,440.0,424.0,427.0,186891,427.0,2026-09-03T19:33:52.275201+00:00
2021-03-16,448.0,448.0,425.0,429.0,138168,429.0,2026-09-03T19:33:52.275201+00:00
2021-03-17,435.0,436.0,429.0,435.0,159979,435.0,2026-09-03T19:33:52.275201+00:00
2021-03-18,441.0,448.0,433.0,443.0,175819,443.0,2026-09-03T19:33:52.275201+00:00
2021-03-21,443.0,449.0,440.0,447.0,190844,447.0,2026-09-03T19:33:52.275201+00:00
2021-03-22,450.0,450.0,440.0,441.0,129535,441.0,2026-09-03T19:33:52.275201+00:00
2021-03-23,441.0,442.0,433.0,438.0,121013,438.0,2026-09-03T19:33:52.275201+00:00
2021-03-24,440.0,446.0,438.0,442.0,192811,442.0,2026-09-03T19:33:52.275201+00:00
2021-03-25,446.0,450.0,438.0,438.0,134322,438.0,2026-09-03T19:33:52.275201+00:00
2021-03-29,438.0,441.0,435.0,435.0,75072,435.0,2026-09-03T19:33:52.275201+00:00
2021-03-30,435.0,442.0,433.0,439.0,125870,439.0,2026-09-03T19:33:52.275201+00:00
2021-03-31,441.0,455.0,441.0,454.0,197755,454.0,2026-09-03T19:33:52.275201+00:00
2021-04-01,460.0,460.0,454.0,458.0,188551,458.0,2026-09-03T19:33:52.275201+00:00
2021-04-04,458.0,463.0,453.0,457.0,208340,457.0,2026-09-03T19:33:52.275201+00:00
2021-04-05,479.0,479.0,449.0,451.0,174125,451.0,2026-09-03T19:33:52.275201+00:00
2021-04-06,452.0,453.0,446.0,450.0,93785,450.0,2026-09-03T19:33:52.275201+00:00
2021-04-07,459.0,459.0,450.0,452.0,181542,452.0,2026-09-03T19:33:52.275201+00:00
2021-04-08,459.0,459.0,450.0,451.0,153752,451.0,2026-09-03T19:33:52.275201+00:00
2021-04-12,450.0,457.0,450.0,454.0,214687,454.0,2026-09-03T19:33:52.275201+00:00
2021-04-13,454.0,466.0,454.0,465.0,272443,465.0,2026-09-03T19:33:52.275201+00:00
2021-04-15,465.0,478.0,465.0,470.0,326113,470.0,2026-09-03T19:33:52.275201+00:00
2021-04-18,475.0,475.0,456.0,458.0,211495,458.0,2026-09-03T19:33:52.275201+00:00
2021-04-19,460.0,460.0,446.0,447.0,234783,447.0,2026-09-03T19:33:52.275201+00:00
2021-04-20,448.0,453.0,441.0,448.0,177373,448.0,2026-09-03T19:33:52.275201+00:00
2021-04-21,455.0,455.0,439.0,442.0,204506,442.0,2026-09-03T19:33:52.275201+00:00
2021-04-22,438.0,447.0,435.0,443.0,158418,443.0,2026-09-03T19:33:52.275201+00:00
2021-04-25,450.0,450.0,427.0,432.0,280764,432.0,2026-09-03T19:33:52.275201+00:00
2021-04-26,432.0,438.0,423.0,427.0,351284,427.0,2026-09-03T19:33:52.275201+00:00
2021-04-27,425.0,440.0,425.0,435.0,183022,435.0,2026-09-03T19:33:52.275201+00:00
2021-04-28,450.0,450.0,430.0,430.0,99659,430.0,2026-09-03T19:33:52.275201+00:00
2021-04-29,430.0,435.0,430.0,433.0,67116,433.0,2026-09-03T19:33:52.275201+00:00
2021-05-02,437.0,438.0,432.0,433.0,208402,433.0,2026-09-03T19:33:52.275201+00:00
2021-05-03,438.0,441.0,431.0,432.0,99461,432.0,2026-09-03T19:33:52.275201+00:00
2021-05-04,432.0,435.0,428.0,430.0,100617,430.0,2026-09-03T19:33:52.275201+00:00
2021-05-05,430.0,434.0,429.0,430.0,74429,430.0,2026-09-03T19:33:52.275201+00:00
2021-05-06,431.0,438.0,426.0,431.0,102968,431.0,2026-09-03T19:33:52.275201+00:00
2021-05-09,429.0,438.0,426.0,430.0,135122,430.0,2026-09-03T19:33:52.275201+00:00
2021-05-10,430.0,435.0,429.0,432.0,81513,432.0,2026-09-03T19:33:52.275201+00:00
2021-05-11,432.0,436.0,431.0,432.0,70531,432.0,2026-09-03T19:33:52.275201+00:00
2021-05-12,436.0,436.0,430.0,431.0,56440,431.0,2026-09-03T19:33:52.275201+00:00
2021-05-13,434.0,435.0,430.0,433.0,109297,433.0,2026-09-03T19:33:52.275201+00:00
2021-05-16,436.0,443.0,435.0,443.0,139117,443.0,2026-09-03T19:33:52.275201+00:00
2021-05-17,430.0,454.0,430.0,444.0,152232,444.0,2026-09-03T19:33:52.275201+00:00
2021-05-18,449.0,449.0,439.0,443.0,128153,443.0,2026-09-03T19:33:52.275201+00:00
2021-05-19,443.0,457.0,443.0,445.0,218528,445.0,2026-09-03T19:33:52.275201+00:00
2021-05-20,450.0,453.0,441.0,448.0,141233,448.0,2026-09-03T19:33:52.275201+00:00
2021-05-23,448.0,457.0,433.0,455.0,217466,455.0,2026-09-03T19:33:52.275201+00:00
2021-05-24,460.0,475.0,455.0,461.0,414126,461.0,2026-09-03T19:33:52.275201+00:00
2021-05-25,462.0,463.0,450.0,453.0,170737,453.0,2026-09-03T19:33:52.275201+00:00
2021-05-27,455.0,455.0,441.0,447.0,181626,447.0,2026-09-03T19:33:52.275201+00:00
2021-05-30,450.0,461.0,449.0,455.0,249514,455.0,2026-09-03T19:33:52.275201+00:00
2021-05-31,455.0,463.0,446.0,447.0,199702,447.0,2026-09-03T19:33:52.275201+00:00
2021-06-01,454.0,454.0,440.0,442.0,122675,442.0,2026-09-03T19:33:52.275201+00:00
2021-06-02,464.0,464.0,439.0,446.0,124721,446.0,2026-09-03T19:33:52.275201+00:00
2021-06-03,448.0,465.0,448.0,460.0,442090,460.0,2026-09-03T19:33:52.275201+00:00
2021-06-06,465.0,488.0,465.0,479.0,772650,479.0,2026-09-03T19:33:52.275201+00:00
2021-06-07,500.0,500.0,460.0,471.0,587309,471.0,2026-09-03T19:33:52.275201+00:00
2021-06-08,473.0,479.0,465.0,470.0,396058,470.0,2026-09-03T19:33:52.275201+00:00
2021-06-09,480.0,480.0,464.0,466.0,242453,466.0,2026-09-03T19:33:52.275201+00:00
2021-06-10,469.0,469.0,460.0,461.0,309585,461.0,2026-09-03T19:33:52.275201+00:00
2021-06-13,462.0,468.0,459.0,462.0,357327,462.0,2026-09-03T19:33:52.275201+00:00
2021-06-14,465.0,484.0,465.0,474.0,413230,474.0,2026-09-03T19:33:52.275201+00:00
2021-06-15,497.0,497.0,468.0,471.0,406808,471.0,2026-09-03T19:33:52.275201+00:00
2021-06-16,471.0,481.0,465.0,466.0,272311,466.0,2026-09-03T19:33:52.275201+00:00
2021-06-17,489.0,489.0,462.0,465.0,198207,465.0,2026-09-03T19:33:52.275201+00:00
2021-06-20,465.0,467.0,450.0,458.0,270942,458.0,2026-09-03T19:33:52.275201+00:00
2021-06-21,459.0,460.0,447.0,448.0,229258,448.0,2026-09-03T19:33:52.275201+00:00
2021-06-22,448.0,462.0,444.0,460.0,258794,460.0,2026-09-03T19:33:52.275201+00:00
2021-06-23,465.0,466.0,448.0,450.0,226206,450.0,2026-09-03T19:33:52.275201+00:00
2021-06-24,453.0,453.0,445.0,447.0,149261,447.0,2026-09-03T19:33:52.275201+00:00
2021-06-27,451.0,459.0,444.0,456.0,171192,456.0,2026-09-03T19:33:52.275201+00:00
2021-06-28,461.0,466.0,456.0,461.0,256569,461.0,2026-09-03T19:33:52.275201+00:00
2021-06-29,468.0,468.0,449.0,450.0,183981,450.0,2026-09-03T19:33:52.275201+00:00
2021-06-30,451.0,451.0,444.0,450.0,106020,450.0,2026-09-03T19:33:52.275201+00:00
2021-07-01,455.0,456.0,448.0,449.0,86256,449.0,2026-09-03T19:33:52.275201+00:00
2021-07-04,450.0,455.0,446.0,447.0,94595,447.0,2026-09-03T19:33:52.275201+00:00
2021-07-05,448.0,451.0,445.0,446.0,78219,446.0,2026-09-03T19:33:52.275201+00:00
2021-07-06,449.0,449.0,445.0,447.0,79628,447.0,2026-09-03T19:33:52.275201+00:00
2021-07-07,469.0,469.0,445.0,446.0,69790,446.0,2026-09-03T19:33:52.275201+00:00
2021-07-08,447.0,450.0,444.0,449.0,116980,449.0,2026-09-03T19:33:52.275201+00:00
2021-07-11,453.0,465.0,450.0,464.0,159089,464.0,2026-09-03T19:33:52.275201+00:00
2021-07-12,470.0,471.0,451.0,458.0,164643,458.0,2026-09-03T19:33:52.275201+00:00
2021-07-13,460.0,465.0,452.0,460.0,101900,460.0,2026-09-03T19:33:52.275201+00:00
2021-07-14,460.0,461.0,454.0,458.0,86835,458.0,2026-09-03T19:33:52.275201+00:00
2021-07-15,460.0,460.0,457.0,457.0,80223,457.0,2026-09-03T19:33:52.275201+00:00
2021-07-18,466.0,479.0,460.0,478.0,287240,478.0,2026-09-03T19:33:52.275201+00:00
2021-07-19,487.5,503.0,481.0,486.0,435263,486.0,2026-09-03T19:33:52.275201+00:00
2021-07-20,490.0,492.0,480.0,485.0,163996,485.0,2026-09-03T19:33:52.275201+00:00
2021-07-22,489.0,499.7,485.0,496.0,365627,496.0,2026-09-03T19:33:52.275201+00:00
2021-07-25,502.0,520.0,500.0,519.0,585749,519.0,2026-09-03T19:33:52.275201+00:00
2021-07-26,525.0,525.0,502.0,504.0,434478,504.0,2026-09-03T19:33:52.275201+00:00
2021-07-27,494.0,507.0,484.5,501.0,484702,501.0,2026-09-03T19:33:52.275201+00:00
2021-07-28,505.0,508.0,492.1,493.0,215592,493.0,2026-09-03T19:33:52.275201+00:00
2021-07-29,494.0,495.0,488.0,489.6,239973,489.6,2026-09-03T19:33:52.275201+00:00
2021-08-01,492.0,497.0,485.1,488.0,136537,488.0,2026-09-03T19:33:52.275201+00:00
2021-08-02,488.0,491.0,480.0,485.0,187787,485.0,2026-09-03T19:33:52.275201+00:00
2021-08-03,490.0,495.0,483.5,486.0,149078,486.0,2026-09-03T19:33:52.275201+00:00
2021-08-04,486.0,493.0,486.0,489.8,139699,489.8,2026-09-03T19:33:52.275201+00:00
2021-08-05,490.0,495.0,490.0,493.0,159594,493.0,2026-09-03T19:33:52.275201+00:00
2021-08-08,493.0,499.9,489.7,491.0,213971,491.0,2026-09-03T19:33:52.275201+00:00
2021-08-09,496.0,496.0,485.0,485.5,153599,485.5,2026-09-03T19:33:52.275201+00:00
2021-08-10,494.0,502.5,483.0,496.0,282823,496.0,2026-09-03T19:33:52.275201+00:00
2021-08-11,488.0,510.0,488.0,492.2,177032,492.2,2026-09-03T19:33:52.275201+00:00
2021-08-12,495.0,498.0,490.1,494.5,205553,494.5,2026-09-03T19:33:52.275201+00:00
2021-08-15,484.7,505.0,480.0,488.0,470218,488.0,2026-09-03T19:33:52.275201+00:00
2021-08-16,488.0,492.0,478.0,479.0,223406,479.0,2026-09-03T19:33:52.275201+00:00
2021-08-17,480.0,481.0,468.0,469.0,272901,469.0,2026-09-03T19:33:52.275201+00:00
2021-08-18,470.0,480.0,461.0,473.5,254945,473.5,2026-09-03T19:33:52.275201+00:00
2021-08-19,474.0,482.0,466.0,467.1,163109,467.1,2026-09-03T19:33:52.275201+00:00
2021-08-24,475.0,480.0,463.0,463.0,151604,463.0,2026-09-03T19:33:52.275201+00:00
2021-08-25,454.0,470.0,454.0,459.0,145622,459.0,2026-09-03T19:33:52.275201+00:00
2021-08-26,460.0,462.0,452.0,454.0,213773,454.0,2026-09-03T19:33:52.275201+00:00
2021-08-29,453.0,463.0,446.0,447.1,211600,447.1,2026-09-03T19:33:52.275201+00:00
2021-08-31,450.0,456.0,441.0,444.0,188073,444.0,2026-09-03T19:33:52.275201+00:00
2021-09-01,448.0,455.0,441.0,444.0,183817,444.0,2026-09-03T19:33:52.275201+00:00
2021-09-02,447.0,448.0,438.0,440.0,129571,440.0,2026-09-03T19:33:52.275201+00:00
2021-09-05,440.0,440.0,420.5,429.0,228304,429.0,2026-09-03T19:33:52.275201+00:00
2021-09-06,425.0,445.7,425.0,445.0,169306,445.0,2026-09-03T19:33:52.275201+00:00
2021-09-07,452.0,452.0,430.0,434.5,134665,434.5,2026-09-03T19:33:52.275201+00:00
2021-09-08,434.0,436.0,428.2,430.0,122858,430.0,2026-09-03T19:33:52.275201+00:00
2021-09-09,433.0,437.0,428.0,430.0,91941,430.0,2026-09-03T19:33:52.275201+00:00
2021-09-12,438.6,447.3,427.0,434.2,80517,434.2,2026-09-03T19:33:52.275201+00:00
2021-09-13,436.0,445.0,435.0,437.0,94713,437.0,2026-09-03T19:33:52.275201+00:00
2021-09-14,437.0,444.0,435.0,439.0,61194,439.0,2026-09-03T19:33:52.275201+00:00
2021-09-15,435.0,443.0,430.3,430.5,50548,430.5,2026-09-03T19:33:52.275201+00:00
2021-09-16,430.5,430.5,415.1,417.9,186196,417.9,2026-09-03T19:33:52.275201+00:00
2021-09-20,420.0,423.0,399.5,400.5,197302,400.5,2026-09-03T19:33:52.275201+00:00
2021-09-21,400.0,410.0,383.2,400.0,165632,400.0,2026-09-03T19:33:52.275201+00:00
2021-09-22,408.0,416.5,404.0,416.4,117162,416.4,2026-09-03T19:33:52.275201+00:00
2021-09-23,424.7,443.7,424.0,431.5,252324,431.5,2026-09-03T19:33:52.275201+00:00
2021-09-26,440.1,447.8,423.0,424.5,164444,424.5,2026-09-03T19:33:52.275201+00:00
2021-09-27,417.5,425.0,408.0,412.0,95691,412.0,2026-09-03T19:33:52.275201+00:00
2021-09-28,412.0,416.0,398.0,401.0,147513,401.0,2026-09-03T19:33:52.275201+00:00
2021-09-29,402.0,411.1,396.0,407.0,58982,407.0,2026-09-03T19:33:52.275201+00:00
2021-09-30,408.0,410.8,398.0,399.1,85319,399.1,2026-09-03T19:33:52.275201+00:00
2021-10-03,399.1,406.0,391.2,392.0,63956,392.0,2026-09-03T19:33:52.275201+00:00
2021-10-04,396.0,398.0,385.0,391.3,73825,391.3,2026-09-03T19:33:52.275201+00:00
2021-10-05,395.0,401.9,388.0,397.9,46855,397.9,2026-09-03T19:33:52.275201+00:00
2021-10-06,403.0,407.9,401.1,405.0,49205,405.0,2026-09-03T19:33:52.275201+00:00
2021-10-10,410.0,410.0,396.2,398.0,69699,398.0,2026-09-03T19:33:52.275201+00:00
2021-10-11,403.0,403.0,389.2,398.0,84416,398.0,2026-09-03T19:33:52.275201+00:00
2021-10-17,403.9,404.0,395.0,400.0,18492,400.0,2026-09-03T19:33:52.275201+00:00
2021-10-18,408.0,408.0,386.0,388.0,55352,388.0,2026-09-03T19:33:52.275201+00:00
2021-10-19,381.3,381.3,370.0,371.0,90756,371.0,2026-09-03T19:33:52.275201+00:00
2021-10-20,378.4,392.0,374.0,379.0,77518,379.0,2026-09-03T19:33:52.275201+00:00
2021-10-21,382.9,382.9,370.0,371.0,57767,371.0,2026-09-03T19:33:52.275201+00:00
2021-10-24,376.8,377.0,369.0,376.0,27204,376.0,2026-09-03T19:33:52.275201+00:00
2021-10-25,380.0,391.0,377.0,390.0,55877,390.0,2026-09-03T19:33:52.275201+00:00
2021-10-26,391.0,402.0,390.1,401.0,86525,401.0,2026-09-03T19:33:52.275201+00:00
2021-10-27,401.0,408.0,395.0,400.0,78371,400.0,2026-09-03T19:33:52.275201+00:00
2021-10-28,399.0,400.0,393.1,395.0,49085,395.0,2026-09-03T19:33:52.275201+00:00
2021-10-31,400.0,403.0,394.1,395.0,75426,395.0,2026-09-03T19:33:52.275201+00:00
2021-11-01,395.0,397.0,385.0,386.1,146379,386.1,2026-09-03T19:33:52.275201+00:00
2021-11-02,388.0,393.0,385.0,386.1,49177,386.1,2026-09-03T19:33:52.275201+00:00
2021-11-03,393.8,396.0,387.0,387.5,49891,387.5,2026-09-03T19:33:52.275201+00:00
2021-11-08,395.0,395.0,385.0,385.2,47630,385.2,2026-09-03T19:33:52.275201+00:00
2021-11-09,389.0,389.0,371.7,373.8,94797,373.8,2026-09-03T19:33:52.275201+00:00
2021-11-11,366.4,366.4,366.4,366.4,100,366.4,2026-09-03T19:33:52.275201+00:00
2021-11-14,366.0,370.0,360.0,363.0,64587,363.0,2026-09-03T19:33:52.275201+00:00
2021-11-15,370.0,370.2,362.0,364.0,96416,364.0,2026-09-03T19:33:52.275201+00:00
2021-11-16,364.0,368.0,360.0,366.4,76765,366.4,2026-09-03T19:33:52.275201+00:00
2021-11-17,373.7,381.0,368.0,375.0,56375,375.0,2026-09-03T19:33:52.275201+00:00
2021-11-18,370.1,374.0,368.0,370.0,70774,370.0,2026-09-03T19:33:52.275201+00:00
2021-11-21,372.0,374.0,368.0,369.0,55144,369.0,2026-09-03T19:33:52.275201+00:00
2021-11-22,374.9,374.9,368.0,369.0,43630,369.0,2026-09-03T19:33:52.275201+00:00
2021-11-23,370.0,370.0,363.0,365.0,49641,365.0,2026-09-03T19:33:52.275201+00:00
2021-11-24,365.0,365.0,359.0,360.1,39077,360.1,2026-09-03T19:33:52.275201+00:00
2021-11-25,358.0,367.0,358.0,361.0,56702,361.0,2026-09-03T19:33:52.275201+00:00
2021-11-28,360.0,367.0,351.1,353.0,63980,353.0,2026-09-03T19:33:52.275201+00:00
2021-11-29,355.0,355.0,349.2,350.8,47677,350.8,2026-09-03T19:33:52.275201+00:00
2021-11-30,355.0,355.0,342.5,348.5,71448,348.5,2026-09-03T19:33:52.275201+00:00
2021-12-01,348.0,350.0,345.0,348.0,20974,348.0,2026-09-03T19:33:52.275201+00:00
2021-12-02,350.0,351.0,341.1,342.5,46064,342.5,2026-09-03T19:33:52.275201+00:00
2021-12-05,343.0,343.0,332.0,337.0,62272,337.0,2026-09-03T19:33:52.275201+00:00
2021-12-06,336.0,340.0,323.5,337.0,65450,337.0,2026-09-03T19:33:52.275201+00:00
2021-12-07,342.0,343.7,334.0,334.0,60917,334.0,2026-09-03T19:33:52.275201+00:00
2021-12-08,336.5,337.0,323.0,324.9,75993,324.9,2026-09-03T19:33:52.275201+00:00
2021-12-09,330.9,331.5,325.0,328.5,46497,328.5,2026-09-03T19:33:52.275201+00:00
2021-12-12,330.0,330.0,318.9,319.0,92677,319.0,2026-09-03T19:33:52.275201+00:00
2021-12-13,313.0,318.9,305.0,311.0,158779,311.0,2026-09-03T19:33:52.275201+00:00
2021-12-14,315.0,326.0,313.0,324.0,49046,324.0,2026-09-03T19:33:52.275201+00:00
2021-12-15,330.4,341.0,324.0,328.0,107829,328.0,2026-09-03T19:33:52.275201+00:00
2021-12-16,328.0,334.0,328.0,330.1,285599,330.1,2026-09-03T19:33:52.275201+00:00
2021-12-20,294.0,295.0,285.3,288.7,83209,288.7,2026-09-03T19:33:52.275201+00:00
2021-12-21,285.0,296.0,285.0,296.0,74695,296.0,2026-09-03T19:33:52.275201+00:00
2021-12-22,301.9,310.0,300.0,308.0,88893,308.0,2026-09-03T19:33:52.275201+00:00
2021-12-23,314.1,314.1,304.0,304.1,73515,304.1,2026-09-03T19:33:52.275201+00:00
2021-12-26,305.0,311.0,304.1,308.0,69569,308.0,2026-09-03T19:33:52.275201+00:00
2021-12-27,310.0,310.0,300.0,300.9,86596,300.9,2026-09-03T19:33:52.275201+00:00
2021-12-28,300.0,303.0,295.1,300.0,49690,300.0,2026-09-03T19:33:52.275201+00:00
2021-12-29,303.0,303.0,297.0,300.4,33027,300.4,2026-09-03T19:33:52.275201+00:00
2022-01-02,306.4,308.0,300.1,305.0,63255,305.0,2026-09-03T19:33:52.275201+00:00
2022-01-03,311.1,314.0,305.1,310.0,86056,310.0,2026-09-03T19:33:52.275201+00:00
2022-01-04,316.2,329.0,306.2,329.0,136196,329.0,2026-09-03T19:33:52.275201+00:00
2022-01-05,331.0,334.0,318.0,319.9,81901,319.9,2026-09-03T19:33:52.275201+00:00
2022-01-06,314.0,328.0,313.6,325.0,56965,325.0,2026-09-03T19:33:52.275201+00:00
2022-01-09,329.4,338.0,324.4,337.0,632080,337.0,2026-09-03T19:33:52.275201+00:00
2022-01-10,343.0,350.0,332.0,336.5,136075,336.5,2026-09-03T19:33:52.275201+00:00
2022-01-11,337.0,340.0,332.0,338.0,74992,338.0,2026-09-03T19:33:52.275201+00:00
2022-01-12,340.0,343.0,328.0,332.0,94046,332.0,2026-09-03T19:33:52.275201+00:00
2022-01-13,332.0,336.6,327.0,335.0,80445,335.0,2026-09-03T19:33:52.275201+00:00
2022-01-16,338.6,344.0,334.0,340.0,148315,340.0,2026-09-03T19:33:52.275201+00:00
2022-01-17,345.9,353.0,337.5,342.0,125583,342.0,2026-09-03T19:33:52.275201+00:00
2022-01-18,348.0,366.0,344.1,361.0,423443,361.0,2026-09-03T19:33:52.275201+00:00
2022-01-19,368.2,377.0,358.0,366.0,256420,366.0,2026-09-03T19:33:52.275201+00:00
2022-01-20,370.0,370.0,361.0,365.0,86907,365.0,2026-09-03T19:33:52.275201+00:00
2022-01-23,367.0,367.0,348.0,350.0,287949,350.0,2026-09-03T19:33:52.275201+00:00
2022-01-24,350.0,350.0,334.0,335.1,175680,335.1,2026-09-03T19:33:52.275201+00:00
2022-01-25,341.8,341.8,330.0,331.5,91851,331.5,2026-09-03T19:33:52.275201+00:00
2022-01-26,330.0,334.0,325.0,327.0,74648,327.0,2026-09-03T19:33:52.275201+00:00
2022-01-27,330.9,333.5,325.2,327.0,57733,327.0,2026-09-03T19:33:52.275201+00:00
2022-01-30,333.5,344.0,332.6,338.0,83176,338.0,2026-09-03T19:33:52.275201+00:00
2022-01-31,340.0,341.0,331.2,332.0,72801,332.0,2026-09-03T19:33:52.275201+00:00
2022-02-01,327.1,334.0,326.0,334.0,103728,334.0,2026-09-03T19:33:52.275201+00:00
2022-02-03,336.0,339.9,331.5,333.0,96481,333.0,2026-09-03T19:33:52.275201+00:00
2022-02-06,331.9,333.0,327.0,328.0,46551,328.0,2026-09-03T19:33:52.275201+00:00
2022-02-07,327.0,328.0,324.0,325.0,126569,325.0,2026-09-03T19:33:52.275201+00:00
2022-02-08,331.5,339.0,323.4,325.0,101311,325.0,2026-09-03T19:33:52.275201+00:00
2022-02-09,324.5,326.0,319.2,319.2,95046,319.2,2026-09-03T19:33:52.275201+00:00
2022-02-10,317.0,323.0,315.0,315.1,88446,315.1,2026-09-03T19:33:52.275201+00:00
2022-02-13,310.0,312.0,304.0,308.5,122861,308.5,2026-09-03T19:33:52.275201+00:00
2022-02-14,307.0,313.0,307.0,308.0,74121,308.0,2026-09-03T19:33:52.275201+00:00
2022-02-15,312.0,315.0,307.0,315.0,83609,315.0,2026-09-03T19:33:52.275201+00:00
2022-02-16,315.0,317.0,308.0,308.0,78923,308.0,2026-09-03T19:33:52.275201+00:00
2022-02-17,310.0,314.0,309.0,310.0,39663,310.0,2026-09-03T19:33:52.275201+00:00
2022-02-20,309.0,309.9,302.9,304.0,79934,304.0,2026-09-03T19:33:52.275201+00:00
2022-02-21,305.0,313.0,304.0,309.0,78811,309.0,2026-09-03T19:33:52.275201+00:00
2022-02-22,311.0,315.1,311.0,313.4,83855,313.4,2026-09-03T19:33:52.275201+00:00
2022-02-23,313.4,315.0,308.1,308.9,55582,308.9,2026-09-03T19:33:52.275201+00:00
2022-02-24,308.0,309.9,300.0,302.0,118903,302.0,2026-09-03T19:33:52.275201+00:00
2022-02-27,302.0,308.0,300.0,300.5,89642,300.5,2026-09-03T19:33:52.275201+00:00
2022-02-28,303.0,308.0,298.2,299.3,89597,299.3,2026-09-03T19:33:52.275201+00:00
2022-03-02,300.0,301.0,291.0,293.0,116445,293.0,2026-09-03T19:33:52.275201+00:00
2022-03-06,294.0,299.0,292.0,293.0,86424,293.0,2026-09-03T19:33:52.275201+00:00
2022-03-07,295.0,297.0,288.0,294.0,118944,294.0,2026-09-03T19:33:52.275201+00:00
2022-03-09,295.0,297.0,289.1,291.8,46099,291.8,2026-09-03T19:33:52.275201+00:00
2022-03-10,294.0,295.0,289.0,294.9,89745,294.9,2026-09-03T19:33:52.275201+00:00
2022-03-13,297.0,311.0,296.1,308.0,131041,308.0,2026-09-03T19:33:52.275201+00:00
2022-03-14,309.0,311.0,305.0,308.0,28122,308.0,2026-09-03T19:33:52.275201+00:00
2022-03-15,308.0,308.0,300.9,305.9,95721,305.9,2026-09-03T19:33:52.275201+00:00
2022-03-16,304.0,308.0,301.0,304.0,60116,304.0,2026-09-03T19:33:52.275201+00:00
2022-03-20,304.0,305.0,298.0,302.0,49036,302.0,2026-09-03T19:33:52.275201+00:00
2022-03-21,303.0,304.0,298.4,303.5,33078,303.5,2026-09-03T19:33:52.275201+00:00
2022-03-22,303.5,309.0,303.5,305.2,46422,305.2,2026-09-03T19:33:52.275201+00:00
2022-03-23,305.0,307.0,299.5,300.0,105526,300.0,2026-09-03T19:33:52.275201+00:00
2022-03-24,300.0,303.0,295.0,299.9,57856,299.9,2026-09-03T19:33:52.275201+00:00
2022-03-27,299.9,300.0,294.0,298.0,80222,298.0,2026-09-03T19:33:52.275201+00:00
2022-03-28,298.0,298.0,292.2,293.0,32685,293.0,2026-09-03T19:33:52.275201+00:00
2022-03-29,295.0,295.0,290.1,290.2,35687,290.2,2026-09-03T19:33:52.275201+00:00
2022-03-30,294.0,294.0,289.1,293.8,46594,293.8,2026-09-03T19:33:52.275201+00:00
2022-03-31,294.0,296.0,290.0,291.0,67594,291.0,2026-09-03T19:33:52.275201+00:00
2022-04-03,286.1,291.8,286.1,288.0,25747,288.0,2026-09-03T19:33:52.275201+00:00
2022-04-04,293.7,293.7,284.0,284.5,62098,284.5,2026-09-03T19:33:52.275201+00:00
2022-04-05,290.1,290.1,280.0,281.9,57682,281.9,2026-09-03T19:33:52.275201+00:00
2022-04-06,281.0,285.0,275.0,276.9,53469,276.9,2026-09-03T19:33:52.275201+00:00
2022-04-07,280.0,282.0,275.0,280.0,62361,280.0,2026-09-03T19:33:52.275201+00:00
2022-04-11,282.0,291.3,276.0,277.0,52131,277.0,2026-09-03T19:33:52.275201+00:00
2022-04-12,277.0,279.0,275.0,276.0,34450,276.0,2026-09-03T19:33:52.275201+00:00
2022-04-13,280.0,322.0,274.0,278.0,75418,278.0,2026-09-03T19:33:52.275201+00:00
2022-04-17,283.5,288.0,276.0,279.0,37849,279.0,2026-09-03T19:33:52.275201+00:00
2022-04-18,276.2,279.0,272.6,274.0,40803,274.0,2026-09-03T19:33:52.275201+00:00
2022-04-19,279.4,279.4,266.3,276.0,51392,276.0,2026-09-03T19:33:52.275201+00:00
2022-04-20,281.5,281.5,264.0,268.0,81896,268.0,2026-09-03T19:33:52.275201+00:00
2022-04-21,273.3,273.3,259.5,265.0,57543,265.0,2026-09-03T19:33:52.275201+00:00
2022-04-24,270.3,275.0,265.1,274.0,30884,274.0,2026-09-03T19:33:52.275201+00:00
2022-04-25,275.0,277.0,269.0,269.0,38721,269.0,2026-09-03T19:33:52.275201+00:00
2022-04-26,269.0,274.0,265.0,267.0,17236,267.0,2026-09-03T19:33:52.275201+00:00
2022-04-27,267.0,271.7,264.1,268.0,28864,268.0,2026-09-03T19:33:52.275201+00:00
2022-04-28,273.3,273.3,264.0,264.0,51477,264.0,2026-09-03T19:33:52.275201+00:00
2022-05-02,265.1,267.9,260.0,260.0,34159,260.0,2026-09-03T19:33:52.275201+00:00
2022-05-04,260.0,261.0,251.0,255.0,71519,255.0,2026-09-03T19:33:52.275201+00:00
2022-05-05,251.0,256.0,245.0,247.1,97738,247.1,2026-09-03T19:33:52.275201+00:00
2022-05-08,252.0,252.0,242.0,247.0,56219,247.0,2026-09-03T19:33:52.275201+00:00
2022-05-09,251.9,257.5,250.0,253.7,66004,253.7,2026-09-03T19:33:52.275201+00:00
2022-05-10,253.0,262.0,253.0,261.9,44922,261.9,2026-09-03T19:33:52.275201+00:00
2022-05-11,265.9,269.9,261.0,267.5,36855,267.5,2026-09-03T19:33:52.275201+00:00
2022-05-12,272.0,272.0,263.0,265.0,35333,265.0,2026-09-03T19:33:52.275201+00:00
2022-05-17,265.0,265.0,255.2,255.3,23639,255.3,2026-09-03T19:33:52.275201+00:00
2022-05-18,254.0,260.0,251.0,259.0,13711,259.0,2026-09-03T19:33:52.275201+00:00
2022-05-19,259.0,263.8,255.0,255.0,22095,255.0,2026-09-03T19:33:52.275201+00:00
2022-05-20,252.0,259.0,252.0,254.1,19890,254.1,2026-09-03T19:33:52.275201+00:00
2022-05-23,254.0,254.0,249.0,251.0,40271,251.0,2026-09-03T19:33:52.275201+00:00
2022-05-24,256.0,256.0,247.0,252.0,25665,252.0,2026-09-03T19:33:52.275201+00:00
2022-05-25,254.0,255.0,252.1,255.0,20679,255.0,2026-09-03T19:33:52.275201+00:00
2022-05-26,259.8,260.0,255.0,257.0,23464,257.0,2026-09-03T19:33:52.275201+00:00
2022-05-27,262.1,262.1,252.0,255.0,61702,255.0,2026-09-03T19:33:52.275201+00:00
2022-05-30,255.0,255.0,247.0,250.0,49875,250.0,2026-09-03T19:33:52.275201+00:00
2022-05-31,250.0,250.0,246.0,248.0,30380,248.0,2026-09-03T19:33:52.275201+00:00
2022-06-01,250.0,250.0,245.0,247.5,20763,247.5,2026-09-03T19:33:52.275201+00:00
2022-06-02,250.0,250.0,245.0,246.9,29698,246.9,2026-09-03T19:33:52.275201+00:00
2022-06-03,246.9,246.9,239.8,241.0,54574,241.0,2026-09-03T19:33:52.275201+00:00
2022-06-06,241.0,244.8,237.2,240.0,36663,240.0,2026-09-03T19:33:52.275201+00:00
2022-06-07,243.0,243.0,232.5,233.0,52964,233.0,2026-09-03T19:33:52.275201+00:00
2022-06-08,235.0,242.0,229.6,240.0,36513,240.0,2026-09-03T19:33:52.275201+00:00
2022-06-09,240.5,243.0,235.2,238.0,27250,238.0,2026-09-03T19:33:52.275201+00:00
2022-06-10,242.0,242.0,234.0,237.0,26928,237.0,2026-09-03T19:33:52.275201+00:00
2022-06-13,235.0,236.0,232.0,232.0,33922,232.0,2026-09-03T19:33:52.275201+00:00
2022-06-14,232.0,232.0,227.0,229.0,24409,229.0,2026-09-03T19:33:52.275201+00:00
2022-06-15,233.5,234.9,224.1,227.5,84540,227.5,2026-09-03T19:33:52.275201+00:00
2022-06-16,232.0,232.0,222.1,227.0,60389,227.0,2026-09-03T19:33:52.275201+00:00
2022-06-17,231.0,231.0,223.0,224.0,19050,224.0,2026-09-03T19:33:52.275201+00:00
2022-06-19,224.0,224.0,220.0,221.5,70042,221.5,2026-09-03T19:33:52.275201+00:00
2022-06-20,220.5,220.5,212.2,214.0,74344,214.0,2026-09-03T19:33:52.275201+00:00
2022-06-21,215.8,219.0,212.5,217.0,43025,217.0,2026-09-03T19:33:52.275201+00:00
2022-06-22,217.0,218.0,213.8,216.9,33743,216.9,2026-09-03T19:33:52.275201+00:00
2022-06-23,216.0,216.0,212.1,215.9,34778,215.9,2026-09-03T19:33:52.275201+00:00
2022-06-24,213.0,217.8,212.0,213.6,23135,213.6,2026-09-03T19:33:52.275201+00:00
2022-06-26,217.0,221.2,214.0,219.0,74616,219.0,2026-09-03T19:33:52.275201+00:00
2022-06-27,221.0,221.0,215.0,216.0,51644,216.0,2026-09-03T19:33:52.275201+00:00
2022-06-28,220.0,220.0,212.0,213.0,41007,213.0,2026-09-03T19:33:52.275201+00:00
2022-06-29,217.2,218.0,211.0,215.5,68097,215.5,2026-09-03T19:33:52.275201+00:00
2022-06-30,218.0,222.0,215.0,222.0,72418,222.0,2026-09-03T19:33:52.275201+00:00
2022-07-01,224.0,224.0,217.0,218.0,48994,218.0,2026-09-03T19:33:52.275201+00:00
2022-07-03,219.0,221.9,216.0,219.0,57000,219.0,2026-09-03T19:33:52.275201+00:00
2022-07-04,221.0,224.0,217.0,217.9,122428,217.9,2026-09-03T19:33:52.275201+00:00
2022-07-05,215.0,220.0,213.0,213.0,58774,213.0,2026-09-03T19:33:52.275201+00:00
2022-07-06,217.0,217.0,211.0,215.4,55590,215.4,2026-09-03T19:33:52.275201+00:00
2022-07-07,218.0,221.0,213.4,213.8,64878,213.8,2026-09-03T19:33:52.275201+00:00
2022-07-08,218.0,218.0,212.0,212.0,42046,212.0,2026-09-03T19:33:52.275201+00:00
2022-07-11,212.0,212.0,204.9,205.0,75231,205.0,2026-09-03T19:33:52.275201+00:00
2022-07-12,209.1,209.1,201.0,202.0,83972,202.0,2026-09-03T19:33:52.275201+00:00
2022-07-13,203.0,207.0,200.5,207.0,51389,207.0,2026-09-03T19:33:52.275201+00:00
2022-07-14,211.0,211.0,205.1,207.0,46314,207.0,2026-09-03T19:33:52.275201+00:00
2022-07-15,209.0,209.0,204.0,207.0,29174,207.0,2026-09-03T19:33:52.275201+00:00
2022-07-17,211.1,218.0,206.9,216.8,68777,216.8,2026-09-03T19:33:52.275201+00:00
2022-07-18,216.0,218.8,213.1,218.6,30190,218.6,2026-09-03T19:33:52.275201+00:00
2022-07-19,222.0,222.0,218.0,219.2,56258,219.2,2026-09-03T19:33:52.275201+00:00
2022-07-20,215.0,222.0,215.0,217.9,28333,217.9,2026-09-03T19:33:52.275201+00:00
2022-07-21,217.9,218.8,215.0,216.3,32403,216.3,2026-09-03T19:33:52.275201+00:00
2022-07-22,214.0,216.9,212.0,213.3,46472,213.3,2026-09-03T19:33:52.275201+00:00
2022-07-24,217.0,227.0,216.0,224.9,269339,224.9,2026-09-03T19:33:52.275201+00:00
2022-07-25,229.0,232.5,226.0,231.9,127889,231.9,2026-09-03T19:33:52.275201+00:00
2022-07-26,234.9,234.9,223.1,224.7,98696,224.7,2026-09-03T19:33:52.275201+00:00
2022-07-27,224.0,224.4,221.0,223.0,58265,223.0,2026-09-03T19:33:52.275201+00:00
2022-07-28,225.0,229.0,219.0,220.3,92053,220.3,2026-09-03T19:33:52.275201+00:00
2022-07-29,220.0,224.6,219.0,223.9,37276,223.9,2026-09-03T19:33:52.275201+00:00
2022-07-31,227.6,234.5,220.0,231.0,172257,231.0,2026-09-03T19:33:52.275201+00:00
2022-08-01,227.0,227.0,220.0,224.5,182084,224.5,2026-09-03T19:33:52.275201+00:00
2022-08-02,224.5,224.9,220.0,221.9,69878,221.9,2026-09-03T19:33:52.275201+00:00
2022-08-03,225.0,225.0,218.0,219.0,119208,219.0,2026-09-03T19:33:52.275201+00:00
2022-08-04,223.0,223.0,213.0,216.0,58580,216.0,2026-09-03T19:33:52.275201+00:00
2022-08-05,217.0,218.0,211.7,212.0,67012,212.0,2026-09-03T19:33:52.275201+00:00
2022-08-07,214.0,216.0,210.5,212.0,62109,212.0,2026-09-03T19:33:52.275201+00:00
2022-08-08,214.0,214.9,211.1,212.3,47638,212.3,2026-09-03T19:33:52.275201+00:00
2022-08-09,212.0,213.0,208.0,208.5,61451,208.5,2026-09-03T19:33:52.275201+00:00
2022-08-10,208.0,210.0,205.1,207.9,68306,207.9,2026-09-03T19:33:52.275201+00:00
2022-08-11,208.0,210.0,206.2,206.5,58647,206.5,2026-09-03T19:33:52.275201+00:00
2022-08-14,205.1,275.0,205.0,206.0,42616,206.0,2026-09-03T19:33:52.275201+00:00
2022-08-15,202.0,210.0,202.0,210.0,32888,210.0,2026-09-03T19:33:52.275201+00:00
2022-08-16,211.8,214.0,207.0,207.0,44638,207.0,2026-09-03T19:33:52.275201+00:00
2022-08-17,205.0,210.0,205.0,207.5,49644,207.5,2026-09-03T19:33:52.275201+00:00
2022-08-18,209.0,211.0,208.0,210.0,32614,210.0,2026-09-03T19:33:52.275201+00:00
2022-08-21,214.0,214.1,209.3,210.0,36400,210.0,2026-09-03T19:33:52.275201+00:00
2022-08-22,211.8,211.8,207.9,208.0,42589,208.0,2026-09-03T19:33:52.275201+00:00
2022-08-23,212.0,212.0,208.1,209.8,33396,209.8,2026-09-03T19:33:52.275201+00:00
2022-08-24,211.0,212.9,209.0,210.0,37915,210.0,2026-09-03T19:33:52.275201+00:00
2022-08-25,211.0,212.0,208.0,208.6,32988,208.6,2026-09-03T19:33:52.275201+00:00
2022-08-26,211.8,211.8,207.0,207.2,10718,207.2,2026-09-03T19:33:52.275201+00:00
2022-08-28,210.0,210.5,204.1,206.0,75701,206.0,2026-09-03T19:33:52.275201+00:00
2022-08-29,206.0,207.9,204.5,207.0,24989,207.0,2026-09-03T19:33:52.275201+00:00
2022-08-30,207.0,208.7,205.1,206.0,19179,206.0,2026-09-03T19:33:52.275201+00:00
2022-08-31,206.0,208.0,204.1,204.5,25427,204.5,2026-09-03T19:33:52.275201+00:00
2022-09-01,203.0,206.9,203.0,203.9,33371,203.9,2026-09-03T19:33:52.275201+00:00
2022-09-02,200.0,208.7,200.0,204.8,9723,204.8,2026-09-03T19:33:52.275201+00:00
2022-09-04,203.0,207.0,203.0,205.9,21712,205.9,2026-09-03T19:33:52.275201+00:00
2022-09-05,207.0,207.0,205.0,205.5,21344,205.5,2026-09-03T19:33:52.275201+00:00
2022-09-06,204.3,207.0,204.0,204.0,19571,204.0,2026-09-03T19:33:52.275201+00:00
2022-09-07,204.0,205.0,203.4,203.5,14389,203.5,2026-09-03T19:33:52.275201+00:00
2022-09-08,203.5,206.0,203.0,205.4,30731,205.4,2026-09-03T19:33:52.275201+00:00
2022-09-11,205.0,207.5,202.1,203.0,31922,203.0,2026-09-03T19:33:52.275201+00:00
2022-09-12,204.0,204.0,202.0,203.0,22968,203.0,2026-09-03T19:33:52.275201+00:00
2022-09-13,204.0,205.8,203.2,204.5,16771,204.5,2026-09-03T19:33:52.275201+00:00
2022-09-14,205.9,210.5,204.0,209.0,60345,209.0,2026-09-03T19:33:52.275201+00:00
2022-09-15,209.0,210.0,202.0,203.4,41314,203.4,2026-09-03T19:33:52.275201+00:00
2022-09-16,203.0,203.5,199.5,201.0,20080,201.0,2026-09-03T19:33:52.275201+00:00
2022-09-18,199.0,201.0,197.9,198.2,44471,198.2,2026-09-03T19:33:52.275201+00:00
2022-09-20,198.3,200.0,195.8,196.0,53906,196.0,2026-09-03T19:33:52.275201+00:00
2022-09-21,195.7,200.0,195.0,198.0,21911,198.0,2026-09-03T19:33:52.275201+00:00
2022-09-22,199.8,200.0,196.1,199.7,26570,199.7,2026-09-03T19:33:52.275201+00:00
2022-09-25,196.2,198.0,193.2,195.0,43414,195.0,2026-09-03T19:33:52.275201+00:00
2022-09-27,194.0,205.0,193.5,201.0,45712,201.0,2026-09-03T19:33:52.275201+00:00
2022-09-28,203.0,203.0,199.1,200.0,20604,200.0,2026-09-03T19:33:52.275201+00:00
2022-09-29,200.0,201.0,198.4,201.0,21917,201.0,2026-09-03T19:33:52.275201+00:00
2022-10-09,200.0,205.0,200.0,205.0,21366,205.0,2026-09-03T19:33:52.275201+00:00
2022-10-10,206.0,206.0,201.0,202.0,21014,202.0,2026-09-03T19:33:52.275201+00:00
2022-10-11,202.0,202.9,198.9,200.2,22959,200.2,2026-09-03T19:33:52.275201+00:00
2022-10-12,204.0,204.0,198.0,202.0,37499,202.0,2026-09-03T19:33:52.275201+00:00
2022-10-13,205.0,205.0,198.0,200.4,70609,200.4,2026-09-03T19:33:52.275201+00:00
2022-10-16,199.0,203.5,198.0,199.9,62014,199.9,2026-09-03T19:33:52.275201+00:00
2022-10-17,200.0,207.0,200.0,207.0,129702,207.0,2026-09-03T19:33:52.275201+00:00
2022-10-19,210.0,210.0,203.2,206.6,21482,206.6,2026-09-03T19:33:52.275201+00:00
2022-10-20,207.0,207.0,202.5,205.5,12193,205.5,2026-09-03T19:33:52.275201+00:00
2022-10-23,203.0,206.0,202.0,204.0,73237,204.0,2026-09-03T19:33:52.275201+00:00
2022-10-31,208.0,214.4,204.3,214.0,131761,214.0,2026-09-03T19:33:52.275201+00:00
2022-11-01,215.0,224.0,212.1,223.0,85906,223.0,2026-09-03T19:33:52.275201+00:00
2022-11-02,227.0,227.0,220.0,222.5,81043,222.5,2026-09-03T19:33:52.275201+00:00
2022-11-03,222.5,223.0,217.0,217.0,51206,217.0,2026-09-03T19:33:52.275201+00:00
2022-11-06,218.0,221.0,216.0,220.0,63085,220.0,2026-09-03T19:33:52.275201+00:00
2022-11-07,220.0,224.4,215.7,221.7,94381,221.7,2026-09-03T19:33:52.275201+00:00
2022-11-08,222.0,222.0,217.5,218.2,23625,218.2,2026-09-03T19:33:52.275201+00:00
2022-11-09,218.0,220.0,212.5,213.0,60035,213.0,2026-09-03T19:33:52.275201+00:00
2022-11-10,216.9,216.9,210.0,210.0,35501,210.0,2026-09-03T19:33:52.275201+00:00
2022-11-13,212.0,213.0,207.0,209.0,26662,209.0,2026-09-03T19:33:52.275201+00:00
2022-11-14,206.5,212.0,206.4,212.0,16303,212.0,2026-09-03T19:33:52.275201+00:00
2022-11-15,212.0,215.0,210.0,212.0,20217,212.0,2026-09-03T19:33:52.275201+00:00
2022-11-16,214.0,215.0,212.0,215.0,34758,215.0,2026-09-03T19:33:52.275201+00:00
2022-11-17,215.0,219.3,215.0,219.0,36875,219.0,2026-09-03T19:33:52.275201+00:00
2022-11-22,216.9,220.0,213.0,214.0,40930,214.0,2026-09-03T19:33:52.275201+00:00
2022-11-23,214.0,214.0,210.8,212.5,11435,212.5,2026-09-03T19:33:52.275201+00:00
2022-11-24,211.5,213.0,210.2,212.0,20713,212.0,2026-09-03T19:33:52.275201+00:00
2022-11-27,212.0,214.9,210.0,214.0,40854,214.0,2026-09-03T19:33:52.275201+00:00
2022-11-28,216.0,216.0,210.0,212.9,52896,212.9,2026-09-03T19:33:52.275201+00:00
2022-11-29,210.7,213.3,210.0,211.1,23118,211.1,2026-09-03T19:33:52.275201+00:00
2022-11-30,210.9,214.0,208.6,210.1,38601,210.1,2026-09-03T19:33:52.275201+00:00
2022-12-01,210.3,211.0,207.2,208.3,37985,208.3,2026-09-03T19:33:52.275201+00:00
2022-12-04,208.6,210.0,206.0,207.0,43319,207.0,2026-09-03T19:33:52.275201+00:00
2022-12-05,204.2,208.0,203.1,204.0,32515,204.0,2026-09-03T19:33:52.275201+00:00
2022-12-06,206.9,206.9,200.9,203.2,25910,203.2,2026-09-03T19:33:52.275201+00:00
2022-12-07,204.0,204.8,201.5,202.9,43142,202.9,2026-09-03T19:33:52.275201+00:00
2022-12-11,200.2,204.0,198.6,199.5,41104,199.5,2026-09-03T19:33:52.275201+00:00
2022-12-12,199.9,202.0,198.1,201.9,106330,201.9,2026-09-03T19:33:52.275201+00:00
2022-12-13,203.0,203.0,198.0,198.3,53934,198.3,2026-09-03T19:33:52.275201+00:00
2022-12-14,198.3,201.0,198.3,201.0,17513,201.0,2026-09-03T19:33:52.275201+00:00
2022-12-15,202.0,203.8,199.2,201.9,89170,201.9,2026-09-03T19:33:52.275201+00:00
2022-12-18,189.3,190.0,185.8,186.1,42418,186.1,2026-09-03T19:33:52.275201+00:00
2022-12-19,187.6,187.7,186.0,186.7,23791,186.7,2026-09-03T19:33:52.275201+00:00
2022-12-20,188.0,191.0,185.3,188.3,36571,188.3,2026-09-03T19:33:52.275201+00:00
2022-12-21,187.0,190.9,185.0,186.0,29260,186.0,2026-09-03T19:33:52.275201+00:00
2022-12-22,186.0,187.5,185.0,185.2,31628,185.2,2026-09-03T19:33:52.275201+00:00
2022-12-26,187.9,192.5,187.7,191.0,45092,191.0,2026-09-03T19:33:52.275201+00:00
2022-12-27,193.8,200.0,192.0,199.0,71029,199.0,2026-09-03T19:33:52.275201+00:00
2022-12-28,201.9,202.0,193.0,195.6,51306,195.6,2026-09-03T19:33:52.275201+00:00
2022-12-29,198.0,198.2,192.0,197.9,78438,197.9,2026-09-03T19:33:52.275201+00:00
2023-01-01,200.0,201.8,195.1,196.1,60647,196.1,2026-09-03T19:33:52.275201+00:00
2023-01-02,198.0,198.0,194.0,197.4,39098,197.4,2026-09-03T19:33:52.275201+00:00
2023-01-03,198.0,199.9,195.0,195.9,53549,195.9,2026-09-03T19:33:52.275201+00:00
2023-01-04,197.0,200.0,194.3,199.5,71643,199.5,2026-09-03T19:33:52.275201+00:00
2023-01-05,199.5,204.0,198.0,198.9,114292,198.9,2026-09-03T19:33:52.275201+00:00
2023-01-08,196.0,202.0,196.0,198.0,108234,198.0,2026-09-03T19:33:52.275201+00:00
2023-01-09,198.0,209.0,196.2,208.0,181511,208.0,2026-09-03T19:33:52.275201+00:00
2023-01-10,211.1,228.0,211.1,214.8,259254,214.8,2026-09-03T19:33:52.275201+00:00
2023-01-12,218.0,227.0,209.6,211.0,116158,211.0,2026-09-03T19:33:52.275201+00:00
2023-01-17,211.0,214.0,206.0,209.0,67350,209.0,2026-09-03T19:33:52.275201+00:00
2023-01-18,213.0,213.0,207.1,208.5,83222,208.5,2026-09-03T19:33:52.275201+00:00
2023-01-19,208.0,213.0,207.5,211.0,84758,211.0,2026-09-03T19:33:52.275201+00:00
2023-01-23,207.0,210.0,206.0,206.2,108264,206.2,2026-09-03T19:33:52.275201+00:00
2023-01-24,206.9,207.0,202.5,204.9,55439,204.9,2026-09-03T19:33:52.275201+00:00
2023-01-25,204.9,207.0,202.1,204.0,33972,204.0,2026-09-03T19:33:52.275201+00:00
2023-01-26,202.5,204.9,202.3,202.5,27448,202.5,2026-09-03T19:33:52.275201+00:00
2023-01-29,202.0,204.3,200.0,200.5,50286,200.5,2026-09-03T19:33:52.275201+00:00
2023-01-30,200.0,201.0,195.0,197.0,59341,197.0,2026-09-03T19:33:52.275201+00:00
2023-01-31,198.9,198.9,193.0,193.0,55631,193.0,2026-09-03T19:33:52.275201+00:00
2023-02-01,192.0,195.8,191.0,192.8,42027,192.8,2026-09-03T19:33:52.275201+00:00
2023-02-02,195.0,195.0,190.1,190.5,45127,190.5,2026-09-03T19:33:52.275201+00:00
2023-02-05,192.0,193.2,190.0,191.0,53046,191.0,2026-09-03T19:33:52.275201+00:00
2023-02-06,193.7,193.7,190.0,190.6,27169,190.6,2026-09-03T19:33:52.275201+00:00
2023-02-07,193.0,202.9,193.0,202.0,54331,202.0,2026-09-03T19:33:52.275201+00:00
2023-02-08,204.0,206.0,198.1,202.9,114199,202.9,2026-09-03T19:33:52.275201+00:00
2023-02-09,201.0,203.9,198.9,200.0,37479,200.0,2026-09-03T19:33:52.275201+00:00
2023-02-12,199.0,199.0,193.2,194.0,38077,194.0,2026-09-03T19:33:52.275201+00:00
2023-02-14,196.0,196.0,191.8,193.6,29682,193.6,2026-09-03T19:33:52.275201+00:00
2023-02-15,193.0,194.0,190.3,190.6,44584,190.6,2026-09-03T19:33:52.275201+00:00
2023-02-16,193.4,193.4,189.2,189.2,32439,189.2,2026-09-03T19:33:52.275201+00:00
2023-02-20,191.9,193.0,187.5,189.0,35018,189.0,2026-09-03T19:33:52.275201+00:00
2023-02-22,190.0,192.0,188.3,189.0,35303,189.0,2026-09-03T19:33:52.275201+00:00
2023-02-23,188.0,192.8,188.0,189.2,38576,189.2,2026-09-03T19:33:52.275201+00:00
2023-02-26,188.0,190.0,186.0,189.5,27291,189.5,2026-09-03T19:33:52.275201+00:00
2023-02-27,190.0,190.0,185.0,186.0,60141,186.0,2026-09-03T19:33:52.275201+00:00
2023-02-28,187.0,188.7,186.0,187.0,20981,187.0,2026-09-03T19:33:52.275201+00:00
2023-03-01,189.6,189.6,186.5,188.0,32820,188.0,2026-09-03T19:33:52.275201+00:00
2023-03-02,185.3,189.0,184.2,187.0,28214,187.0,2026-09-03T19:33:52.275201+00:00
2023-03-05,187.0,192.0,185.0,185.4,39485,185.4,2026-09-03T19:33:52.275201+00:00
2023-03-07,185.0,187.5,184.1,185.5,28088,185.5,2026-09-03T19:33:52.275201+00:00
2023-03-09,187.2,189.1,185.0,188.0,32496,188.0,2026-09-03T19:33:52.275201+00:00
2023-03-12,189.1,190.7,185.0,185.0,24862,185.0,2026-09-03T19:33:52.275201+00:00
2023-03-13,184.0,185.0,182.5,184.0,37402,184.0,2026-09-03T19:33:52.275201+00:00
2023-03-14,184.0,186.0,182.4,184.0,32347,184.0,2026-09-03T19:33:52.275201+00:00
2023-03-15,184.0,184.0,179.5,182.5,55901,182.5,2026-09-03T19:33:52.275201+00:00
2023-03-16,180.0,182.3,178.9,180.0,28942,180.0,2026-09-03T19:33:52.275201+00:00
2023-03-19,176.5,180.3,176.4,178.1,82772,178.1,2026-09-03T19:33:52.275201+00:00
2023-03-20,178.2,180.3,176.4,179.0,52352,179.0,2026-09-03T19:33:52.275201+00:00
2023-03-22,180.0,180.0,176.5,177.0,56451,177.0,2026-09-03T19:33:52.275201+00:00
2023-03-23,177.0,181.0,174.0,176.0,84985,176.0,2026-09-03T19:33:52.275201+00:00
2023-03-26,175.0,178.0,172.1,173.3,68188,173.3,2026-09-03T19:33:52.275201+00:00
2023-03-27,172.5,175.0,170.6,174.9,56374,174.9,2026-09-03T19:33:52.275201+00:00
2023-03-28,175.0,177.0,173.0,174.2,82969,174.2,2026-09-03T19:33:52.275201+00:00
2023-03-29,171.5,176.6,171.0,172.1,53480,172.1,2026-09-03T19:33:52.275201+00:00
2023-03-30,174.0,174.1,171.5,172.0,39773,172.0,2026-09-03T19:33:52.275201+00:00
2023-04-02,174.5,175.0,170.0,170.0,64710,170.0,2026-09-03T19:33:52.275201+00:00
2023-04-03,170.0,171.9,170.0,171.0,37878,171.0,2026-09-03T19:33:52.275201+00:00
2023-04-04,171.0,172.0,168.8,169.1,44888,169.1,2026-09-03T19:33:52.275201+00:00
2023-04-05,167.8,170.9,167.0,169.3,73721,169.3,2026-09-03T19:33:52.275201+00:00
2023-04-06,171.0,171.1,168.0,170.0,68305,170.0,2026-09-03T19:33:52.275201+00:00
2023-04-09,170.0,170.0,166.0,167.5,93833,167.5,2026-09-03T19:33:52.275201+00:00
2023-04-10,166.0,169.5,166.0,166.0,71067,166.0,2026-09-03T19:33:52.275201+00:00
2023-04-11,169.2,171.9,165.1,169.4,187594,169.4,2026-09-03T19:33:52.275201+00:00
2023-04-12,171.0,181.0,171.0,179.9,127923,179.9,2026-09-03T19:33:52.275201+00:00
2023-04-13,183.4,183.4,173.9,174.0,101447,174.0,2026-09-03T19:33:52.275201+00:00
2023-04-16,175.0,176.0,172.2,172.9,51480,172.9,2026-09-03T19:33:52.275201+00:00
2023-04-17,175.0,175.0,170.0,171.0,58758,171.0,2026-09-03T19:33:52.275201+00:00
2023-04-18,171.5,171.5,168.5,170.0,57282,170.0,2026-09-03T19:33:52.275201+00:00
2023-04-19,172.0,174.9,169.9,170.0,52017,170.0,2026-09-03T19:33:52.275201+00:00
2023-04-20,172.0,174.0,168.7,169.3,45793,169.3,2026-09-03T19:33:52.275201+00:00
2023-04-23,170.0,170.0,167.0,168.2,54539,168.2,2026-09-03T19:33:52.275201+00:00
2023-04-24,170.0,170.0,167.0,170.0,55175,170.0,2026-09-03T19:33:52.275201+00:00
2023-04-25,170.0,173.0,169.8,172.0,40743,172.0,2026-09-03T19:33:52.275201+00:00
2023-04-26,170.2,173.0,168.0,169.0,49396,169.0,2026-09-03T19:33:52.275201+00:00
2023-04-27,167.5,170.0,167.5,169.0,40182,169.0,2026-09-03T19:33:52.275201+00:00
2023-04-30,169.0,169.0,166.4,166.5,82812,166.5,2026-09-03T19:33:52.275201+00:00
2023-05-02,166.5,168.0,165.1,166.1,89946,166.1,2026-09-03T19:33:52.275201+00:00
2023-05-03,167.0,167.0,165.0,166.1,39809,166.1,2026-09-03T19:33:52.275201+00:00
2023-05-04,168.0,168.0,165.1,166.5,43241,166.5,2026-09-03T19:33:52.275201+00:00
2023-05-07,166.0,167.0,164.0,166.0,62512,166.0,2026-09-03T19:33:52.275201+00:00
2023-05-08,168.0,168.0,164.1,164.4,54380,164.4,2026-09-03T19:33:52.275201+00:00
2023-05-09,165.9,167.5,163.8,165.5,70072,165.5,2026-09-03T19:33:52.275201+00:00
2023-05-10,165.0,167.0,164.0,165.3,55810,165.3,2026-09-03T19:33:52.275201+00:00
2023-05-11,164.1,167.0,164.1,166.3,31205,166.3,2026-09-03T19:33:52.275201+00:00
2023-05-14,166.0,169.3,165.0,166.0,51356,166.0,2026-09-03T19:33:52.275201+00:00
2023-05-15,165.1,165.1,163.0,163.0,139630,163.0,2026-09-03T19:33:52.275201+00:00
2023-05-16,165.0,165.0,162.7,163.0,36404,163.0,2026-09-03T19:33:52.275201+00:00
2023-05-17,164.0,166.0,163.1,164.1,40857,164.1,2026-09-03T19:33:52.275201+00:00
2023-05-18,166.9,167.0,163.0,166.0,65982,166.0,2026-09-03T19:33:52.275201+00:00
2023-05-21,168.0,169.3,165.4,165.4,77294,165.4,2026-09-03T19:33:52.275201+00:00
2023-05-22,166.0,167.5,164.6,166.9,77210,166.9,2026-09-03T19:33:52.275201+00:00
2023-05-23,168.0,170.0,167.0,169.5,71347,169.5,2026-09-03T19:33:52.275201+00:00
2023-05-24,171.0,171.7,168.5,169.0,60591,169.0,2026-09-03T19:33:52.275201+00:00
2023-05-28,170.0,171.0,167.0,168.0,105971,168.0,2026-09-03T19:33:52.275201+00:00
2023-05-30,168.0,170.0,164.0,164.1,72977,164.1,2026-09-03T19:33:52.275201+00:00
2023-05-31,164.0,165.0,159.0,159.4,219066,159.4,2026-09-03T19:33:52.275201+00:00
2023-06-01,160.0,163.0,158.7,161.0,102019,161.0,2026-09-03T19:33:52.275201+00:00
2023-06-04,162.0,166.0,160.1,163.0,80653,163.0,2026-09-03T19:33:52.275201+00:00
2023-06-05,162.0,164.3,160.5,160.6,82456,160.6,2026-09-03T19:33:52.275201+00:00
2023-06-06,161.9,162.9,159.1,162.0,122735,162.0,2026-09-03T19:33:52.275201+00:00
2023-06-07,165.2,165.2,160.9,162.0,114065,162.0,2026-09-03T19:33:52.275201+00:00
2023-06-08,165.0,165.0,159.8,160.1,119485,160.1,2026-09-03T19:33:52.275201+00:00
2023-06-11,163.0,164.0,161.2,163.0,94488,163.0,2026-09-03T19:33:52.275201+00:00
2023-06-12,166.0,166.0,162.0,163.0,81255,163.0,2026-09-03T19:33:52.275201+00:00
2023-06-13,166.0,166.0,160.0,164.0,154602,164.0,2026-09-03T19:33:52.275201+00:00
2023-06-14,167.2,168.0,163.0,165.0,191206,165.0,2026-09-03T19:33:52.275201+00:00
2023-06-15,167.0,167.5,163.7,164.8,73145,164.8,2026-09-03T19:33:52.275201+00:00
2023-06-18,165.0,166.0,163.6,164.6,106105,164.6,2026-09-03T19:33:52.275201+00:00
2023-06-19,166.0,166.0,162.6,163.0,115637,163.0,2026-09-03T19:33:52.275201+00:00
2023-06-20,165.0,166.5,163.0,164.0,91803,164.0,2026-09-03T19:33:52.275201+00:00
2023-06-21,165.0,166.0,162.4,162.4,120356,162.4,2026-09-03T19:33:52.275201+00:00
2023-06-22,163.0,163.0,160.0,161.0,160937,161.0,2026-09-03T19:33:52.275201+00:00
2023-06-25,160.0,162.7,159.1,161.5,171746,161.5,2026-09-03T19:33:52.275201+00:00
2023-06-26,161.5,164.5,160.5,161.7,137271,161.7,2026-09-03T19:33:52.275201+00:00
2023-06-27,163.0,172.0,161.0,172.0,243075,172.0,2026-09-03T19:33:52.275201+00:00
2023-06-28,174.0,175.0,167.0,167.0,201257,167.0,2026-09-03T19:33:52.275201+00:00
2023-07-02,169.0,169.0,162.1,162.5,113904,162.5,2026-09-03T19:33:52.275201+00:00
2023-07-03,162.0,162.9,159.5,160.0,128008,160.0,2026-09-03T19:33:52.275201+00:00
2023-07-04,161.0,164.0,159.0,159.0,157246,159.0,2026-09-03T19:33:52.275201+00:00
2023-07-05,155.9,162.1,155.9,156.9,188716,156.9,2026-09-03T19:33:52.275201+00:00
2023-07-06,155.0,159.0,155.0,158.0,214870,158.0,2026-09-03T19:33:52.275201+00:00
2023-07-09,155.0,166.2,155.0,158.7,115727,158.7,2026-09-03T19:33:52.275201+00:00
2023-07-10,160.0,160.0,157.0,158.0,110468,158.0,2026-09-03T19:33:52.275201+00:00
2023-07-11,156.0,158.5,156.0,157.7,133908,157.7,2026-09-03T19:33:52.275201+00:00
2023-07-12,159.9,160.0,157.0,159.0,144321,159.0,2026-09-03T19:33:52.275201+00:00
2023-07-13,161.0,163.0,159.6,160.0,183895,160.0,2026-09-03T19:33:52.275201+00:00
2023-07-16,162.0,163.0,160.0,162.6,136478,162.6,2026-09-03T19:33:52.275201+00:00
2023-07-17,162.0,170.0,161.2,169.0,161071,169.0,2026-09-03T19:33:52.275201+00:00
2023-07-18,169.0,172.0,168.5,169.7,216188,169.7,2026-09-03T19:33:52.275201+00:00
2023-07-19,167.7,179.5,167.7,178.9,391365,178.9,2026-09-03T19:33:52.275201+00:00
2023-07-20,180.0,182.4,176.3,177.5,305740,177.5,2026-09-03T19:33:52.275201+00:00
2023-07-23,180.0,195.1,176.5,192.8,491089,192.8,2026-09-03T19:33:52.275201+00:00
2023-07-24,193.0,206.0,185.0,188.9,784569,188.9,2026-09-03T19:33:52.275201+00:00
2023-07-25,190.0,190.0,182.8,184.4,260629,184.4,2026-09-03T19:33:52.275201+00:00
2023-07-26,184.0,186.9,181.0,181.0,161906,181.0,2026-09-03T19:33:52.275201+00:00
2023-07-27,180.1,184.4,178.0,178.5,179874,178.5,2026-09-03T19:33:52.275201+00:00
2023-07-30,180.0,180.0,175.5,176.0,153783,176.0,2026-09-03T19:33:52.275201+00:00
2023-07-31,178.0,182.0,175.6,180.5,159779,180.5,2026-09-03T19:33:52.275201+00:00
2023-08-01,182.9,183.9,174.6,174.9,139095,174.9,2026-09-03T19:33:52.275201+00:00
2023-08-02,176.0,178.0,173.5,176.1,122868,176.1,2026-09-03T19:33:52.275201+00:00
2023-08-03,177.8,180.9,177.0,177.9,132132,177.9,2026-09-03T19:33:52.275201+00:00
2023-08-06,177.0,177.0,170.0,170.2,398277,170.2,2026-09-03T19:33:52.275201+00:00
2023-08-07,169.0,171.9,165.7,167.3,170380,167.3,2026-09-03T19:33:52.275201+00:00
2023-08-08,168.0,168.0,163.0,163.8,131953,163.8,2026-09-03T19:33:52.275201+00:00
2023-08-09,163.2,166.0,162.0,165.8,96768,165.8,2026-09-03T19:33:52.275201+00:00
2023-08-10,165.0,168.2,164.0,166.9,77909,166.9,2026-09-03T19:33:52.275201+00:00
2023-08-13,168.5,169.3,165.0,167.0,84668,167.0,2026-09-03T19:33:52.275201+00:00
2023-08-14,168.3,170.0,166.1,166.6,93239,166.6,2026-09-03T19:33:52.275201+00:00
2023-08-15,167.0,167.0,164.9,165.0,78796,165.0,2026-09-03T19:33:52.275201+00:00
2023-08-16,165.0,165.9,163.0,164.0,64111,164.0,2026-09-03T19:33:52.275201+00:00
2023-08-17,165.0,165.1,163.0,163.7,82666,163.7,2026-09-03T19:33:52.275201+00:00
2023-08-20,163.1,165.0,162.3,164.0,95562,164.0,2026-09-03T19:33:52.275201+00:00
2023-08-21,164.5,164.5,162.0,162.2,69773,162.2,2026-09-03T19:33:52.275201+00:00
2023-08-22,163.0,165.1,160.0,163.0,125732,163.0,2026-09-03T19:33:52.275201+00:00
2023-08-23,161.2,166.2,161.2,165.0,83303,165.0,2026-09-03T19:33:52.275201+00:00
2023-08-24,166.0,166.7,162.2,163.1,78848,163.1,2026-09-03T19:33:52.275201+00:00
2023-08-27,163.9,163.9,160.9,161.0,57025,161.0,2026-09-03T19:33:52.275201+00:00
2023-08-28,161.0,164.0,160.6,162.0,76672,162.0,2026-09-03T19:33:52.275201+00:00
2023-08-29,163.0,163.0,161.6,162.0,54482,162.0,2026-09-03T19:33:52.275201+00:00
2023-08-30,165.2,165.2,161.2,161.5,45028,161.5,2026-09-03T19:33:52.275201+00:00
2023-09-03,161.0,162.2,160.4,161.5,84590,161.5,2026-09-03T19:33:52.275201+00:00
2023-09-04,162.0,163.0,160.0,161.0,55670,161.0,2026-09-03T19:33:52.275201+00:00
2023-09-05,160.1,161.5,159.0,161.0,74689,161.0,2026-09-03T19:33:52.275201+00:00
2023-09-07,160.5,161.0,158.3,158.9,42456,158.9,2026-09-03T19:33:52.275201+00:00
2023-09-10,159.89,160.5,157.3,159.0,84747,159.0,2026-09-03T19:33:52.275201+00:00
2023-09-11,161.0,161.9,157.1,161.0,89956,161.0,2026-09-03T19:33:52.275201+00:00
2023-09-12,163.0,170.0,159.1,159.5,49055,159.5,2026-09-03T19:33:52.275201+00:00
2023-09-13,161.0,161.8,159.1,160.9,52112,160.9,2026-09-03T19:33:52.275201+00:00
2023-09-17,162.0,162.0,159.0,159.8,85162,159.8,2026-09-03T19:33:52.275201+00:00
2023-09-18,158.2,159.9,157.0,158.5,72099,158.5,2026-09-03T19:33:52.275201+00:00
2023-09-19,158.0,161.2,157.5,160.8,62533,160.8,2026-09-03T19:33:52.275201+00:00
2023-09-21,161.0,166.0,161.0,163.0,105747,163.0,2026-09-03T19:33:52.275201+00:00
2023-09-24,163.0,165.9,160.0,162.8,63763,162.8,2026-09-03T19:33:52.275201+00:00
2023-09-25,165.0,165.0,161.5,161.8,35261,161.8,2026-09-03T19:33:52.275201+00:00
2023-09-26,161.2,165.0,161.0,162.2,85759,162.2,2026-09-03T19:33:52.275201+00:00
2023-09-27,161.0,163.0,160.3,161.7,42030,161.7,2026-09-03T19:33:52.275201+00:00
2023-10-01,164.5,164.5,159.5,161.0,84380,161.0,2026-09-03T19:33:52.275201+00:00
2023-10-02,160.0,161.9,159.2,160.9,57630,160.9,2026-09-03T19:33:52.275201+00:00
2023-10-03,160.0,161.9,159.0,161.8,59217,161.8,2026-09-03T19:33:52.275201+00:00
2023-10-04,163.0,163.0,160.0,161.5,54501,161.5,2026-09-03T19:33:52.275201+00:00
2023-10-05,162.0,162.0,160.2,161.1,49689,161.1,2026-09-03T19:33:52.275201+00:00
2023-10-08,157.9,161.0,156.2,159.1,125132,159.1,2026-09-03T19:33:52.275201+00:00
2023-10-09,160.0,160.0,157.7,158.1,77200,158.1,2026-09-03T19:33:52.275201+00:00
2023-10-10,157.3,159.8,157.3,158.1,66290,158.1,2026-09-03T19:33:52.275201+00:00
2023-10-11,157.1,159.9,157.1,158.0,43166,158.0,2026-09-03T19:33:52.275201+00:00
2023-10-12,157.2,159.4,155.6,156.5,143916,156.5,2026-09-03T19:33:52.275201+00:00
2023-10-16,157.0,157.9,153.7,155.0,153893,155.0,2026-09-03T19:33:52.275201+00:00
2023-10-17,156.0,158.1,154.1,156.9,106320,156.9,2026-09-03T19:33:52.275201+00:00
2023-10-18,156.3,159.0,155.1,158.5,46055,158.5,2026-09-03T19:33:52.275201+00:00
2023-10-19,158.0,160.4,152.3,158.0,74619,158.0,2026-09-03T19:33:52.275201+00:00
2023-10-29,157.0,158.0,156.0,158.0,23947,158.0,2026-09-03T19:33:52.275201+00:00
2023-10-30,156.0,157.0,154.0,156.9,48140,156.9,2026-09-03T19:33:52.275201+00:00
2023-10-31,157.0,158.0,154.3,157.0,26636,157.0,2026-09-03T19:33:52.275201+00:00
2023-11-01,157.0,158.0,154.7,155.0,50766,155.0,2026-09-03T19:33:52.275201+00:00
2023-11-02,155.0,156.0,153.6,154.0,40614,154.0,2026-09-03T19:33:52.275201+00:00
2023-11-05,156.0,156.4,153.6,155.0,110305,155.0,2026-09-03T19:33:52.275201+00:00
2023-11-06,154.9,156.7,154.1,155.1,66020,155.1,2026-09-03T19:33:52.275201+00:00
2023-11-07,157.0,157.0,154.0,155.0,54475,155.0,2026-09-03T19:33:52.275201+00:00
2023-11-06,154.9,156.7,154.1,155.1,66020,155.1,2026-09-03T19:33:52.275201+00:00
2023-11-07,157.0,157.0,154.0,155.0,54475,155.0,2026-09-03T19:33:52.275201+00:00
2023-11-08,154.2,156.5,154.0,155.4,42952,155.4,2026-09-03T19:33:52.275201+00:00
2023-11-09,154.2,156.8,153.7,154.0,53064,154.0,2026-09-03T19:33:52.275201+00:00
2023-11-20,156.0,157.0,155.0,155.6,46848,155.6,2026-09-03T19:33:52.275201+00:00
2023-11-21,154.0,157.5,153.3,156.5,55159,156.5,2026-09-03T19:33:52.275201+00:00
2023-11-22,158.0,158.0,154.0,157.0,28637,157.0,2026-09-03T19:33:52.275201+00:00
2023-11-23,158.8,158.8,155.0,156.6,32554,156.6,2026-09-03T19:33:52.275201+00:00
2023-11-26,155.0,159.5,155.0,159.5,69917,159.5,2026-09-03T19:33:52.275201+00:00
2023-11-27,161.0,161.8,157.1,157.5,84609,157.5,2026-09-03T19:33:52.275201+00:00
2023-11-28,158.7,160.0,155.4,158.4,50187,158.4,2026-09-03T19:33:52.275201+00:00
2023-11-29,159.0,159.0,157.0,158.0,31325,158.0,2026-09-03T19:33:52.275201+00:00
2023-11-30,158.0,159.0,155.7,156.0,60166,156.0,2026-09-03T19:33:52.275201+00:00
2023-12-03,156.2,157.3,156.0,156.1,35256,156.1,2026-09-03T19:33:52.275201+00:00
2023-12-04,156.0,158.5,155.0,156.7,47466,156.7,2026-09-03T19:33:52.275201+00:00
2023-12-05,158.0,158.0,155.4,155.7,42871,155.7,2026-09-03T19:33:52.275201+00:00
2023-12-06,155.0,158.0,155.0,156.0,48592,156.0,2026-09-03T19:33:52.275201+00:00
2023-12-07,155.0,157.0,154.1,156.0,59227,156.0,2026-09-03T19:33:52.275201+00:00
2023-12-10,158.0,171.6,158.0,169.9,15799,169.9,2026-09-03T19:33:52.275201+00:00
2023-12-11,173.0,173.2,161.7,164.9,276466,164.9,2026-09-03T19:33:52.275201+00:00
2023-12-12,162.0,166.0,162.0,165.0,95159,165.0,2026-09-03T19:33:52.275201+00:00
2023-12-13,168.3,170.0,164.8,166.0,111895,166.0,2026-09-03T19:33:52.275201+00:00
2023-12-14,164.0,168.0,164.0,165.9,63818,165.9,2026-09-03T19:33:52.275201+00:00
2023-12-17,164.0,166.5,160.2,165.0,158354,165.0,2026-09-03T19:33:52.275201+00:00
2023-12-18,165.0,171.2,165.0,170.9,296563,170.9,2026-09-03T19:33:52.275201+00:00
2023-12-19,173.4,176.4,171.1,176.4,229752,176.4,2026-09-03T19:33:52.275201+00:00
2023-12-20,177.9,179.0,174.0,177.0,183739,177.0,2026-09-03T19:33:52.275201+00:00
2023-12-21,177.0,177.0,170.4,171.0,160473,171.0,2026-09-03T19:33:52.275201+00:00
2023-12-24,170.4,172.9,165.3,165.3,141447,165.3,2026-09-03T19:33:52.275201+00:00
2023-12-27,167.0,169.3,164.5,166.0,115877,166.0,2026-09-03T19:33:52.275201+00:00
2023-12-28,168.0,168.0,164.8,164.8,104427,164.8,2026-09-03T19:33:52.275201+00:00
2024-01-01,165.0,167.0,162.0,162.0,147143,162.0,2026-09-03T19:33:52.275201+00:00
2024-01-02,164.0,165.2,161.1,161.1,73873,161.1,2026-09-03T19:33:52.275201+00:00
2024-01-03,163.0,164.3,161.0,163.1,69611,163.1,2026-09-03T19:33:52.275201+00:00
2024-01-04,164.1,166.0,162.0,162.4,101203,162.4,2026-09-03T19:33:52.275201+00:00
2024-01-07,162.1,164.0,160.0,160.1,139715,160.1,2026-09-03T19:33:52.275201+00:00
2024-01-08,162.0,163.0,159.3,161.6,113764,161.6,2026-09-03T19:33:52.275201+00:00
2024-01-09,163.0,163.5,161.1,162.0,86246,162.0,2026-09-03T19:33:52.275201+00:00
2024-01-10,163.0,168.5,163.0,165.1,177603,165.1,2026-09-03T19:33:52.275201+00:00
2024-01-11,166.0,166.9,162.7,164.9,92040,164.9,2026-09-03T19:33:52.275201+00:00
2024-01-14,166.0,167.0,163.1,164.8,105476,164.8,2026-09-03T19:33:52.275201+00:00
2024-01-16,165.0,170.0,165.0,168.8,179667,168.8,2026-09-03T19:33:52.275201+00:00
2024-01-17,168.8,176.2,168.8,170.9,387650,170.9,2026-09-03T19:33:52.275201+00:00
2024-01-18,172.0,172.0,167.0,168.9,134052,168.9,2026-09-03T19:33:52.275201+00:00
2024-01-21,166.0,167.0,162.1,163.0,252100,163.0,2026-09-03T19:33:52.275201+00:00
2024-01-22,163.0,163.0,159.1,159.9,209192,159.9,2026-09-03T19:33:52.275201+00:00
2024-01-23,159.0,159.5,157.9,158.3,121105,158.3,2026-09-03T19:33:52.275201+00:00
2024-01-24,156.0,160.9,156.0,157.0,108834,157.0,2026-09-03T19:33:52.275201+00:00
2024-01-25,158.0,159.4,156.4,158.0,114629,158.0,2026-09-03T19:33:52.275201+00:00
2024-01-28,159.0,159.9,156.7,156.7,91428,156.7,2026-09-03T19:33:52.275201+00:00
2024-01-29,158.0,158.8,156.0,156.6,94419,156.6,2026-09-03T19:33:52.275201+00:00
2024-01-30,157.0,159.0,155.5,156.2,134676,156.2,2026-09-03T19:33:52.275201+00:00
2024-01-31,157.9,157.9,155.0,155.5,83101,155.5,2026-09-03T19:33:52.275201+00:00
2024-02-01,155.0,156.0,153.0,154.0,117945,154.0,2026-09-03T19:33:52.275201+00:00
2024-02-04,155.0,155.7,153.6,153.7,74863,153.7,2026-09-03T19:33:52.275201+00:00
2024-02-05,154.0,155.9,152.8,154.0,71848,154.0,2026-09-03T19:33:52.275201+00:00
2024-02-06,155.4,155.4,153.0,154.0,111956,154.0,2026-09-03T19:33:52.275201+00:00
2024-02-07,156.0,156.8,154.0,154.4,56428,154.4,2026-09-03T19:33:52.275201+00:00
2024-02-08,155.9,155.9,153.3,153.9,84839,153.9,2026-09-03T19:33:52.275201+00:00
2024-02-11,154.0,155.5,154.0,154.0,61017,154.0,2026-09-03T19:33:52.275201+00:00
2024-02-12,155.0,156.0,154.0,154.9,67816,154.9,2026-09-03T19:33:52.275201+00:00
2024-02-13,155.0,155.0,153.0,153.0,66118,153.0,2026-09-03T19:33:52.275201+00:00
2024-02-14,153.0,154.0,151.1,152.7,82040,152.7,2026-09-03T19:33:52.275201+00:00
2024-02-15,152.5,154.7,151.1,151.4,65033,151.4,2026-09-03T19:33:52.275201+00:00
2024-02-18,153.4,153.4,149.4,149.4,106527,149.4,2026-09-03T19:33:52.275201+00:00
2024-02-20,149.0,151.6,149.0,150.4,58193,150.4,2026-09-03T19:33:52.275201+00:00
2024-02-21,150.5,152.0,150.0,150.6,53184,150.6,2026-09-03T19:33:52.275201+00:00
2024-02-22,150.0,152.0,149.0,149.4,74676,149.4,2026-09-03T19:33:52.275201+00:00
2024-02-25,149.0,151.0,148.0,148.1,61284,148.1,2026-09-03T19:33:52.275201+00:00
2024-02-26,148.0,149.5,147.0,148.2,63747,148.2,2026-09-03T19:33:52.275201+00:00
2024-02-27,148.0,148.3,146.6,147.0,77943,147.0,2026-09-03T19:33:52.275201+00:00
2024-02-28,146.0,146.5,143.1,144.0,118082,144.0,2026-09-03T19:33:52.275201+00:00
2024-02-29,144.0,145.5,141.2,141.5,93101,141.5,2026-09-03T19:33:52.275201+00:00
2024-03-03,141.0,141.1,139.5,141.0,62430,141.0,2026-09-03T19:33:52.275201+00:00
2024-03-04,143.1,151.9,143.1,151.9,3257,151.9,2026-09-03T19:33:52.275201+00:00
2024-03-05,154.9,154.9,143.0,143.9,91632,143.9,2026-09-03T19:33:52.275201+00:00
2024-03-06,145.9,149.0,141.0,143.9,85534,143.9,2026-09-03T19:33:52.275201+00:00
2024-03-07,141.5,145.9,141.5,145.0,46618,145.0,2026-09-03T19:33:52.275201+00:00
2024-03-10,147.0,147.8,143.7,147.0,56657,147.0,2026-09-03T19:33:52.275201+00:00
2024-03-12,149.9,150.6,146.2,150.0,94872,150.0,2026-09-03T19:33:52.275201+00:00
2024-03-13,152.0,152.0,149.2,150.3,72367,150.3,2026-09-03T19:33:52.275201+00:00
2024-03-14,151.6,151.6,147.5,148.9,53208,148.9,2026-09-03T19:33:52.275201+00:00
2024-03-17,151.8,151.8,145.1,146.0,68802,146.0,2026-09-03T19:33:52.275201+00:00
2024-03-18,148.9,148.9,143.1,145.5,48642,145.5,2026-09-03T19:33:52.275201+00:00
2024-03-19,145.0,146.5,144.0,145.0,82215,145.0,2026-09-03T19:33:52.275201+00:00
2024-03-20,147.9,147.9,142.5,142.8,90210,142.8,2026-09-03T19:33:52.275201+00:00
2024-03-21,142.0,144.5,142.0,143.0,78100,143.0,2026-09-03T19:33:52.275201+00:00
2024-03-25,144.0,144.5,141.1,142.0,48738,142.0,2026-09-03T19:33:52.275201+00:00
2024-03-26,144.0,144.0,141.4,142.5,44466,142.5,2026-09-03T19:33:52.275201+00:00
2024-03-27,142.5,142.5,140.1,141.3,41914,141.3,2026-09-03T19:33:52.275201+00:00
2024-03-28,141.0,142.5,140.0,141.0,37985,141.0,2026-09-03T19:33:52.275201+00:00
2024-03-31,143.0,143.0,140.0,141.0,53069,141.0,2026-09-03T19:33:52.275201+00:00
2024-04-01,141.0,141.0,138.8,139.9,50623,139.9,2026-09-03T19:33:52.275201+00:00
2024-04-02,142.6,142.6,139.0,139.3,65618,139.3,2026-09-03T19:33:52.275201+00:00
2024-04-03,139.4,140.0,138.0,139.5,68897,139.5,2026-09-03T19:33:52.275201+00:00
2024-04-04,140.0,141.5,138.2,139.1,49921,139.1,2026-09-03T19:33:52.275201+00:00
2024-04-07,138.5,140.0,135.8,139.0,85099,139.0,2026-09-03T19:33:52.275201+00:00
2024-04-09,140.0,142.0,139.0,140.9,51324,140.9,2026-09-03T19:33:52.275201+00:00
2024-04-10,142.0,143.0,141.0,142.0,60817,142.0,2026-09-03T19:33:52.275201+00:00
2024-04-14,141.1,141.6,139.0,139.1,64568,139.1,2026-09-03T19:33:52.275201+00:00
2024-04-15,136.7,139.3,136.7,138.0,48007,138.0,2026-09-03T19:33:52.275201+00:00
2024-04-16,137.0,139.0,136.2,137.6,39191,137.6,2026-09-03T19:33:52.275201+00:00
2024-04-18,139.0,139.3,137.0,139.0,134005,139.0,2026-09-03T19:33:52.275201+00:00
2024-04-21,140.0,142.0,137.0,137.1,46573,137.1,2026-09-03T19:33:52.275201+00:00
2024-04-22,138.9,139.0,136.7,137.9,91797,137.9,2026-09-03T19:33:52.275201+00:00
2024-04-24,140.0,140.0,137.0,139.6,43990,139.6,2026-09-03T19:33:52.275201+00:00
2024-04-25,140.0,140.8,138.1,139.1,64133,139.1,2026-09-03T19:33:52.275201+00:00
2024-04-28,141.8,141.8,138.0,138.7,44272,138.7,2026-09-03T19:33:52.275201+00:00
2024-04-29,141.4,141.4,138.0,139.7,56473,139.7,2026-09-03T19:33:52.275201+00:00
2024-04-30,142.4,142.4,139.0,141.3,78388,141.3,2026-09-03T19:33:52.275201+00:00
2024-05-02,144.1,144.1,137.0,137.5,123562,137.5,2026-09-03T19:33:52.275201+00:00
2024-05-05,137.6,138.8,135.5,136.0,95053,136.0,2026-09-03T19:33:52.275201+00:00
2024-05-06,138.7,138.7,134.0,135.0,110076,135.0,2026-09-03T19:33:52.275201+00:00
2024-05-07,135.0,135.9,133.6,133.7,53949,133.7,2026-09-03T19:33:52.275201+00:00
2024-05-08,133.0,135.0,132.0,133.4,52273,133.4,2026-09-03T19:33:52.275201+00:00
2024-05-09,134.9,134.9,133.4,134.0,52196,134.0,2026-09-03T19:33:52.275201+00:00
2024-05-12,136.6,137.2,134.6,136.0,56576,136.0,2026-09-03T19:33:52.275201+00:00
2024-05-13,138.0,144.0,135.2,142.8,176962,142.8,2026-09-03T19:33:52.275201+00:00
2024-05-14,145.6,145.6,139.0,141.5,70637,141.5,2026-09-03T19:33:52.275201+00:00
2024-05-15,143.4,143.5,139.0,140.0,73883,140.0,2026-09-03T19:33:52.275201+00:00
2024-05-16,142.8,142.8,138.0,139.0,51280,139.0,2026-09-03T19:33:52.275201+00:00
2024-05-19,141.7,143.4,140.0,143.1,145883,143.1,2026-09-03T19:33:52.275201+00:00
2024-05-20,145.9,155.0,144.0,149.5,255420,149.5,2026-09-03T19:33:52.275201+00:00
2024-05-21,150.0,151.9,148.0,151.0,98708,151.0,2026-09-03T19:33:52.275201+00:00
2024-05-22,148.0,159.0,148.0,157.2,256224,157.2,2026-09-03T19:33:52.275201+00:00
2024-05-26,157.2,159.9,153.1,153.9,186901,153.9,2026-09-03T19:33:52.275201+00:00
2024-05-27,153.0,155.0,151.1,152.0,101787,152.0,2026-09-03T19:33:52.275201+00:00
2024-05-29,155.0,157.0,148.6,148.6,95416,148.6,2026-09-03T19:33:52.275201+00:00
2024-05-30,151.5,151.5,144.3,144.7,86567,144.7,2026-09-03T19:33:52.275201+00:00
2024-06-02,147.5,147.5,143.4,144.9,68843,144.9,2026-09-03T19:33:52.275201+00:00
2024-06-03,147.7,147.7,143.2,144.4,48131,144.4,2026-09-03T19:33:52.275201+00:00
2024-06-04,147.2,147.2,143.0,143.1,41170,143.1,2026-09-03T19:33:52.275201+00:00
2024-06-05,145.9,145.9,141.0,143.3,51923,143.3,2026-09-03T19:33:52.275201+00:00
2024-06-06,146.1,146.1,141.0,142.8,35225,142.8,2026-09-03T19:33:52.275201+00:00
2024-06-09,145.6,145.6,139.1,141.0,68083,141.0,2026-09-03T19:33:52.275201+00:00
2024-06-10,143.8,143.8,140.1,142.0,45348,142.0,2026-09-03T19:33:52.275201+00:00
2024-06-11,144.8,146.8,141.0,146.6,52871,146.6,2026-09-03T19:33:52.275201+00:00
2024-06-12,147.0,149.0,145.5,148.2,93632,148.2,2026-09-03T19:33:52.275201+00:00
2024-06-13,151.1,151.1,146.0,147.0,60481,147.0,2026-09-03T19:33:52.275201+00:00
2024-06-16,148.0,148.0,144.3,145.1,67078,145.1,2026-09-03T19:33:52.275201+00:00
2024-06-18,145.0,145.0,141.5,142.9,65065,142.9,2026-09-03T19:33:52.275201+00:00
2024-06-19,145.7,145.7,141.0,142.6,46140,142.6,2026-09-03T19:33:52.275201+00:00
2024-06-20,145.4,145.4,141.0,141.9,31331,141.9,2026-09-03T19:33:52.275201+00:00
2024-06-23,141.5,143.9,141.0,142.0,40249,142.0,2026-09-03T19:33:52.275201+00:00
2024-06-24,144.8,144.8,139.6,141.0,39416,141.0,2026-09-03T19:33:52.275201+00:00
2024-06-25,138.5,142.8,138.5,140.1,70165,140.1,2026-09-03T19:33:52.275201+00:00
2024-06-26,138.39,141.8,138.39,139.9,42589,139.9,2026-09-03T19:33:52.275201+00:00
2024-06-27,139.9,141.0,138.2,138.5,40535,138.5,2026-09-03T19:33:52.275201+00:00
2024-06-30,139.0,139.5,138.0,138.0,64456,138.0,2026-09-03T19:33:52.275201+00:00
2024-07-01,137.5,144.3,137.0,144.2,85392,144.2,2026-09-03T19:33:52.275201+00:00
2024-07-02,147.0,155.9,146.0,147.6,143538,147.6,2026-09-03T19:33:52.275201+00:00
2024-07-03,149.8,149.8,143.0,148.0,66292,148.0,2026-09-03T19:33:52.275201+00:00
2024-07-04,146.0,150.0,146.0,147.0,97805,147.0,2026-09-03T19:33:52.275201+00:00
2024-07-07,149.0,149.8,147.0,147.8,107328,147.8,2026-09-03T19:33:52.275201+00:00
2024-07-08,148.0,148.5,146.4,148.0,54050,148.0,2026-09-03T19:33:52.275201+00:00
2024-07-09,145.3,149.0,145.3,147.9,66758,147.9,2026-09-03T19:33:52.275201+00:00
2024-07-10,147.9,152.0,146.1,150.5,233060,150.5,2026-09-03T19:33:52.275201+00:00
2024-07-11,153.5,158.4,149.0,158.2,310098,158.2,2026-09-03T19:33:52.275201+00:00
2024-07-14,161.3,173.0,160.0,166.9,353767,166.9,2026-09-03T19:33:52.275201+00:00
2024-07-15,170.2,172.0,161.4,163.7,448766,163.7,2026-09-03T19:33:52.275201+00:00
2024-07-16,160.5,171.0,160.5,170.5,282371,170.5,2026-09-03T19:33:52.275201+00:00
2024-07-17,172.0,177.9,170.0,173.5,313465,173.5,2026-09-03T19:33:52.275201+00:00
2024-07-18,175.5,190.8,173.0,190.0,1058642,190.0,2026-09-03T19:33:52.275201+00:00
2024-07-21,190.0,204.8,188.3,204.6,987853,204.6,2026-09-03T19:33:52.275201+00:00
2024-07-22,208.6,208.6,195.1,199.8,994966,199.8,2026-09-03T19:33:52.275201+00:00
2024-07-23,199.8,203.1,195.9,202.9,511955,202.9,2026-09-03T19:33:52.275201+00:00
2024-07-24,204.0,207.8,197.0,198.5,732781,198.5,2026-09-03T19:33:52.275201+00:00
2024-07-25,200.0,201.9,195.5,199.0,671902,199.0,2026-09-03T19:33:52.275201+00:00
2024-07-28,202.9,218.9,202.9,218.9,938841,218.9,2026-09-03T19:33:52.275201+00:00
2024-07-29,223.2,240.0,223.2,228.9,1649446,228.9,2026-09-03T19:33:52.275201+00:00
2024-07-30,230.0,230.5,218.0,225.1,881708,225.1,2026-09-03T19:33:52.275201+00:00
2024-07-31,229.6,230.0,225.1,227.3,668454,227.3,2026-09-03T19:33:52.275201+00:00
2024-08-01,227.5,230.5,219.0,223.7,575209,223.7,2026-09-03T19:33:52.275201+00:00
2024-08-05,228.1,246.0,228.1,236.5,1546475,236.5,2026-09-03T19:33:52.275201+00:00
2024-08-06,240.0,241.0,220.0,221.0,1034154,221.0,2026-09-03T19:33:52.275201+00:00
2024-08-07,217.0,233.0,217.0,228.0,637116,228.0,2026-09-03T19:33:52.275201+00:00
2024-08-08,232.0,232.0,225.0,226.1,503890,226.1,2026-09-03T19:33:52.275201+00:00
2024-08-11,230.6,238.5,226.4,238.0,908870,238.0,2026-09-03T19:33:52.275201+00:00
2024-08-12,242.7,250.0,238.8,246.7,901551,246.7,2026-09-03T19:33:52.275201+00:00
2024-08-13,251.0,256.5,247.0,253.0,727754,253.0,2026-09-03T19:33:52.275201+00:00
2024-08-14,255.0,255.0,245.1,255.0,635442,255.0,2026-09-03T19:33:52.275201+00:00
2024-08-15,260.1,279.9,256.0,273.1,1186085,273.1,2026-09-03T19:33:52.275201+00:00
2024-08-18,278.0,297.0,278.0,284.0,1597586,284.0,2026-09-03T19:33:52.275201+00:00
2024-08-21,285.0,293.9,278.0,280.0,850035,280.0,2026-09-03T19:33:52.275201+00:00
2024-08-22,280.0,285.7,278.3,279.0,530824,279.0,2026-09-03T19:33:52.275201+00:00
2024-08-25,279.0,279.1,265.0,266.0,798352,266.0,2026-09-03T19:33:52.275201+00:00
2024-08-27,266.0,266.0,247.5,248.4,1077310,248.4,2026-09-03T19:33:52.275201+00:00
2024-08-28,249.0,265.0,247.1,255.8,735739,255.8,2026-09-03T19:33:52.275201+00:00
2024-08-29,259.9,260.0,246.0,250.0,554134,250.0,2026-09-03T19:33:52.275201+00:00
2024-09-01,250.0,253.0,240.0,241.8,430669,241.8,2026-09-03T19:33:52.275201+00:00
2024-09-02,242.0,260.4,236.0,260.4,647946,260.4,2026-09-03T19:33:52.275201+00:00
2024-09-03,265.6,267.0,255.0,258.2,543079,258.2,2026-09-03T19:33:52.275201+00:00
2024-09-04,263.3,263.3,244.0,246.7,426720,246.7,2026-09-03T19:33:52.275201+00:00
2024-09-05,247.0,248.8,241.0,245.2,342257,245.2,2026-09-03T19:33:52.275201+00:00
2024-09-08,245.2,252.0,239.9,241.0,309753,241.0,2026-09-03T19:33:52.275201+00:00
2024-09-09,241.0,243.8,230.3,233.0,381284,233.0,2026-09-03T19:33:52.275201+00:00
2024-09-10,235.0,243.0,230.0,233.0,274019,233.0,2026-09-03T19:33:52.275201+00:00
2024-09-11,234.0,235.5,228.5,228.8,229354,228.8,2026-09-03T19:33:52.275201+00:00
2024-09-12,233.3,240.0,230.0,240.0,357465,240.0,2026-09-03T19:33:52.275201+00:00
2024-09-15,244.0,248.0,235.0,236.0,354625,236.0,2026-09-03T19:33:52.275201+00:00
2024-09-16,237.0,237.0,227.6,229.0,313866,229.0,2026-09-03T19:33:52.275201+00:00
2024-09-18,224.5,236.0,224.5,233.0,239901,233.0,2026-09-03T19:33:52.275201+00:00
2024-09-22,237.0,245.0,233.0,237.0,211227,237.0,2026-09-03T19:33:52.275201+00:00
2024-09-23,240.0,240.0,231.0,231.9,245810,231.9,2026-09-03T19:33:52.275201+00:00
2024-09-24,231.0,236.0,225.0,227.3,237224,227.3,2026-09-03T19:33:52.275201+00:00
2024-09-25,229.0,234.0,224.2,233.0,224702,233.0,2026-09-03T19:33:52.275201+00:00
2024-09-26,234.4,237.6,227.9,229.0,124117,229.0,2026-09-03T19:33:52.275201+00:00
2024-09-29,225.2,230.0,222.1,226.1,138290,226.1,2026-09-03T19:33:52.275201+00:00
2024-09-30,227.0,231.0,224.1,231.0,146735,231.0,2026-09-03T19:33:52.275201+00:00
2024-10-01,229.0,242.0,229.0,241.9,308419,241.9,2026-09-03T19:33:52.275201+00:00
2024-10-02,244.0,245.0,236.0,237.0,224704,237.0,2026-09-03T19:33:52.275201+00:00
2024-10-06,238.0,246.0,235.0,245.0,295805,245.0,2026-09-03T19:33:52.275201+00:00
2024-10-07,247.7,254.2,246.6,251.7,293868,251.7,2026-09-03T19:33:52.275201+00:00
2024-10-08,254.0,256.0,248.0,248.9,200750,248.9,2026-09-03T19:33:52.275201+00:00
2024-10-09,248.9,252.0,247.0,249.9,163770,249.9,2026-09-03T19:33:52.275201+00:00
2024-10-15,254.5,256.0,249.5,253.1,150927,253.1,2026-09-03T19:33:52.275201+00:00
2024-10-16,254.2,265.0,254.0,265.0,371321,265.0,2026-09-03T19:33:52.275201+00:00
2024-10-17,269.0,273.0,262.0,265.0,524513,265.0,2026-09-03T19:33:52.275201+00:00
2024-10-20,260.0,271.0,255.1,263.0,682918,263.0,2026-09-03T19:33:52.275201+00:00
2024-10-21,262.0,265.0,255.0,255.9,432140,255.9,2026-09-03T19:33:52.275201+00:00
2024-10-22,261.0,261.0,252.0,258.0,230874,258.0,2026-09-03T19:33:52.275201+00:00
2024-10-23,263.1,263.1,247.0,248.0,481682,248.0,2026-09-03T19:33:52.275201+00:00
2024-10-24,250.0,250.5,232.7,240.0,384944,240.0,2026-09-03T19:33:52.275201+00:00
2024-10-27,239.0,241.0,237.0,237.2,280328,237.2,2026-09-03T19:33:52.275201+00:00
2024-10-28,241.9,242.7,237.3,241.1,136083,241.1,2026-09-03T19:33:52.275201+00:00
2024-10-29,245.9,253.0,242.3,251.8,296756,251.8,2026-09-03T19:33:52.275201+00:00
2024-10-30,256.0,256.0,246.0,247.3,165901,247.3,2026-09-03T19:33:52.275201+00:00
2024-11-05,250.9,250.9,245.0,246.0,62522,246.0,2026-09-03T19:33:52.275201+00:00
2024-11-06,245.0,245.0,241.2,242.2,118819,242.2,2026-09-03T19:33:52.275201+00:00
2024-11-10,244.0,249.0,241.5,248.5,181536,248.5,2026-09-03T19:33:52.275201+00:00
2024-11-11,250.0,257.0,248.5,253.0,329696,253.0,2026-09-03T19:33:52.275201+00:00
2024-11-12,255.0,257.0,249.0,250.2,149082,250.2,2026-09-03T19:33:52.275201+00:00
2024-11-13,250.1,251.0,245.0,245.3,104210,245.3,2026-09-03T19:33:52.275201+00:00
2024-11-14,248.9,248.9,242.4,245.2,122464,245.2,2026-09-03T19:33:52.275201+00:00
2024-11-17,245.2,250.0,243.4,244.0,157485,244.0,2026-09-03T19:33:52.275201+00:00
2024-11-19,244.0,247.8,240.3,240.3,143285,240.3,2026-09-03T19:33:52.275201+00:00
2024-11-20,243.0,243.0,237.0,238.0,130664,238.0,2026-09-03T19:33:52.275201+00:00
2024-11-21,241.0,241.0,234.0,235.0,153946,235.0,2026-09-03T19:33:52.275201+00:00
2024-11-24,239.7,239.7,232.5,233.3,113694,233.3,2026-09-03T19:33:52.275201+00:00
2024-11-25,237.9,237.9,232.0,233.1,105125,233.1,2026-09-03T19:33:52.275201+00:00
2024-11-26,237.7,242.3,233.8,238.0,117411,238.0,2026-09-03T19:33:52.275201+00:00
2024-11-27,238.0,243.9,238.0,242.0,146117,242.0,2026-09-03T19:33:52.275201+00:00
2024-11-28,242.5,244.0,238.0,238.0,100304,238.0,2026-09-03T19:33:52.275201+00:00
2024-12-01,242.7,242.7,233.1,233.5,130998,233.5,2026-09-03T19:33:52.275201+00:00
2024-12-02,230.0,239.2,230.0,232.0,149608,232.0,2026-09-03T19:33:52.275201+00:00
2024-12-03,236.6,236.6,230.6,232.9,105531,232.9,2026-09-03T19:33:52.275201+00:00
2024-12-04,237.5,237.5,230.8,230.8,120664,230.8,2026-09-03T19:33:52.275201+00:00
2024-12-05,231.0,234.0,229.4,230.4,94745,230.4,2026-09-03T19:33:52.275201+00:00
2024-12-08,228.0,230.0,224.0,224.6,202914,224.6,2026-09-03T19:33:52.275201+00:00
2024-12-09,228.0,228.0,221.6,224.5,102000,224.5,2026-09-03T19:33:52.275201+00:00
2024-12-10,226.9,226.9,221.0,223.9,88443,223.9,2026-09-03T19:33:52.275201+00:00
2024-12-11,221.0,232.0,221.0,231.5,143870,231.5,2026-09-03T19:33:52.275201+00:00
2024-12-12,236.1,236.1,225.0,225.0,150406,225.0,2026-09-03T19:33:52.275201+00:00
2024-12-16,225.0,225.0,221.0,222.0,130342,222.0,2026-09-03T19:33:52.275201+00:00
2024-12-17,226.4,226.4,220.6,223.8,78991,223.8,2026-09-03T19:33:52.275201+00:00
2024-12-18,223.5,225.0,220.5,222.9,119734,222.9,2026-09-03T19:33:52.275201+00:00
2024-12-19,223.0,224.6,219.0,220.0,119007,220.0,2026-09-03T19:33:52.275201+00:00
2024-12-22,215.6,220.0,214.1,215.0,185837,215.0,2026-09-03T19:33:52.275201+00:00
2024-12-23,213.2,219.5,213.2,219.0,101124,219.0,2026-09-03T19:33:52.275201+00:00
2024-12-24,223.3,232.0,219.0,230.5,365473,230.5,2026-09-03T19:33:52.275201+00:00
2024-12-26,230.0,249.7,226.1,244.0,2099594,244.0,2026-09-03T19:33:52.275201+00:00
2024-12-29,248.8,250.0,239.1,241.1,1065655,241.1,2026-09-03T19:33:52.275201+00:00
2024-12-31,245.9,249.9,233.0,238.0,1508557,238.0,2026-09-03T19:33:52.275201+00:00
2025-01-01,242.7,242.7,227.1,230.0,384436,230.0,2026-09-03T19:33:52.275201+00:00
2025-01-02,230.0,230.6,223.0,226.0,216238,226.0,2026-09-03T19:33:52.275201+00:00
2025-01-05,225.0,226.0,221.5,225.0,383506,225.0,2026-09-03T19:33:52.275201+00:00
2025-01-06,226.0,230.0,223.5,230.0,184972,230.0,2026-09-03T19:33:52.275201+00:00
2025-01-07,234.6,234.6,226.0,228.9,115795,228.9,2026-09-03T19:33:52.275201+00:00
2025-01-08,233.4,233.4,224.5,225.7,399194,225.7,2026-09-03T19:33:52.275201+00:00
2025-01-09,226.0,228.0,222.0,223.8,180599,223.8,2026-09-03T19:33:52.275201+00:00
2025-01-12,225.0,225.0,220.1,222.5,88530,222.5,2026-09-03T19:33:52.275201+00:00
2025-01-13,221.0,222.7,219.0,219.7,148022,219.7,2026-09-03T19:33:52.275201+00:00
2025-01-15,218.1,222.5,218.1,219.1,79494,219.1,2026-09-03T19:33:52.275201+00:00
2025-01-16,220.0,221.0,216.8,218.9,132947,218.9,2026-09-03T19:33:52.275201+00:00
2025-01-19,216.2,219.0,215.1,217.0,83095,217.0,2026-09-03T19:33:52.275201+00:00
2025-01-20,221.3,230.0,221.1,222.0,252973,222.0,2026-09-03T19:33:52.275201+00:00
2025-01-21,224.4,224.4,219.0,221.2,116109,221.2,2026-09-03T19:33:52.275201+00:00
2025-01-22,219.3,226.0,218.0,224.3,256408,224.3,2026-09-03T19:33:52.275201+00:00
2025-01-23,226.7,227.4,221.0,221.4,152553,221.4,2026-09-03T19:33:52.275201+00:00
2025-01-26,223.0,223.0,216.1,218.1,145890,218.1,2026-09-03T19:33:52.275201+00:00
2025-01-27,220.5,220.5,215.6,217.4,92839,217.4,2026-09-03T19:33:52.275201+00:00
2025-01-28,216.1,219.7,215.3,217.5,130275,217.5,2026-09-03T19:33:52.275201+00:00
2025-02-02,218.0,223.0,217.8,222.0,163667,222.0,2026-09-03T19:33:52.275201+00:00
2025-02-03,224.0,228.9,223.0,223.5,223810,223.5,2026-09-03T19:33:52.275201+00:00
2025-02-04,225.0,226.5,221.1,222.0,119459,222.0,2026-09-03T19:33:52.275201+00:00
2025-02-05,222.3,223.9,219.6,220.0,103269,220.0,2026-09-03T19:33:52.275201+00:00
2025-02-06,222.4,222.4,217.1,217.9,107101,217.9,2026-09-03T19:33:52.275201+00:00
2025-02-09,216.7,220.0,216.0,218.5,111825,218.5,2026-09-03T19:33:52.275201+00:00
2025-02-10,220.0,220.9,216.1,218.0,149007,218.0,2026-09-03T19:33:52.275201+00:00
2025-02-11,216.0,220.0,216.0,217.7,69744,217.7,2026-09-03T19:33:52.275201+00:00
2025-02-12,217.9,220.0,216.1,217.0,107486,217.0,2026-09-03T19:33:52.275201+00:00
2025-02-13,217.0,220.0,216.0,216.7,151967,216.7,2026-09-03T19:33:52.275201+00:00
2025-02-16,217.1,219.7,216.3,217.6,80291,217.6,2026-09-03T19:33:52.275201+00:00
2025-02-17,221.3,225.9,218.0,224.0,235079,224.0,2026-09-03T19:33:52.275201+00:00
2025-02-18,228.4,230.5,223.9,224.0,355170,224.0,2026-09-03T19:33:52.275201+00:00
2025-02-20,224.0,227.1,222.2,222.5,116540,222.5,2026-09-03T19:33:52.275201+00:00
2025-02-23,226.9,227.0,213.0,224.0,240186,224.0,2026-09-03T19:33:52.275201+00:00
2025-02-24,219.6,228.0,219.6,222.1,135354,222.1,2026-09-03T19:33:52.275201+00:00
2025-02-25,224.3,225.4,220.0,222.1,104635,222.1,2026-09-03T19:33:52.275201+00:00
2025-02-27,226.5,241.0,226.5,231.1,346108,231.1,2026-09-03T19:33:52.275201+00:00
2025-03-02,233.7,237.9,231.0,236.5,204816,236.5,2026-09-03T19:33:52.275201+00:00
2025-03-03,239.2,241.0,231.0,231.2,304787,231.2,2026-09-03T19:33:52.275201+00:00
2025-03-04,231.2,233.9,227.0,228.0,280997,228.0,2026-09-03T19:33:52.275201+00:00
2025-03-05,230.0,230.0,224.0,224.4,121631,224.4,2026-09-03T19:33:52.275201+00:00
2025-03-06,228.8,228.8,222.5,223.9,172198,223.9,2026-09-03T19:33:52.275201+00:00
2025-03-09,220.0,224.0,219.6,220.0,146814,220.0,2026-09-03T19:33:52.275201+00:00
2025-03-10,222.4,223.8,218.0,219.1,140665,219.1,2026-09-03T19:33:52.275201+00:00
2025-03-11,220.0,221.2,217.1,217.9,107082,217.9,2026-09-03T19:33:52.275201+00:00
2025-03-12,218.3,220.0,217.5,219.5,84454,219.5,2026-09-03T19:33:52.275201+00:00
2025-03-16,221.0,221.0,216.4,218.0,109120,218.0,2026-09-03T19:33:52.275201+00:00
2025-03-17,216.4,219.3,215.5,216.1,104466,216.1,2026-09-03T19:33:52.275201+00:00
2025-03-18,220.4,220.4,215.5,216.5,69849,216.5,2026-09-03T19:33:52.275201+00:00
2025-03-19,216.0,219.0,214.0,215.0,134850,215.0,2026-09-03T19:33:52.275201+00:00
2025-03-20,217.0,217.0,213.0,213.47,90423,213.47,2026-09-03T19:33:52.275201+00:00
2025-03-23,213.0,214.9,209.2,209.83,140428,209.83,2026-09-03T19:33:52.275201+00:00
2025-03-24,208.0,214.0,206.2,210.89,128445,210.89,2026-09-03T19:33:52.275201+00:00
2025-03-25,207.0,212.8,203.0,205.31,254953,205.31,2026-09-03T19:33:52.275201+00:00
2025-03-26,207.3,210.0,205.0,209.61,105923,209.61,2026-09-03T19:33:52.275201+00:00
2025-03-27,213.8,214.0,208.0,212.27,111802,212.27,2026-09-03T19:33:52.275201+00:00
2025-03-30,208.1,218.0,208.1,214.99,182992,214.99,2026-09-03T19:33:52.275201+00:00
2025-04-01,215.0,215.8,210.1,211.77,148041,211.77,2026-09-03T19:33:52.275201+00:00
2025-04-02,216.0,216.0,210.1,213.97,89120,213.97,2026-09-03T19:33:52.275201+00:00
2025-04-03,215.8,220.0,212.1,214.18,350860,214.18,2026-09-03T19:33:52.275201+00:00
2025-04-07,215.0,217.0,210.0,211.54,112096,211.54,2026-09-03T19:33:52.275201+00:00
2025-04-08,210.2,211.4,207.0,209.1,200334,209.1,2026-09-03T19:33:52.275201+00:00
2025-04-09,213.0,213.0,208.8,209.85,86177,209.85,2026-09-03T19:33:52.275201+00:00
2025-04-10,212.5,213.7,208.1,208.77,143631,208.77,2026-09-03T19:33:52.275201+00:00
2025-04-13,208.7,211.9,207.0,207.45,107499,207.45,2026-09-03T19:33:52.275201+00:00
2025-04-15,211.0,211.9,206.8,209.51,91234,209.51,2026-09-03T19:33:52.275201+00:00
2025-04-16,213.7,213.7,208.4,209.5,137116,209.5,2026-09-03T19:33:52.275201+00:00
2025-04-17,211.0,214.5,209.3,212.86,141807,212.86,2026-09-03T19:33:52.275201+00:00
2025-04-20,213.0,216.0,209.0,209.57,130227,209.57,2026-09-03T19:33:52.275201+00:00
2025-04-21,205.5,210.0,205.5,206.83,198951,206.83,2026-09-03T19:33:52.275201+00:00
2025-04-22,206.0,208.0,205.0,205.69,138731,205.69,2026-09-03T19:33:52.275201+00:00
2025-04-23,204.0,205.0,202.0,203.16,243669,203.16,2026-09-03T19:33:52.275201+00:00
2025-04-24,203.0,205.0,200.1,202.08,178909,202.08,2026-09-03T19:33:52.275201+00:00
2025-04-27,203.0,205.0,201.1,201.82,178640,201.82,2026-09-03T19:33:52.275201+00:00
2025-04-28,203.0,203.0,200.0,200.05,182792,200.05,2026-09-03T19:33:52.275201+00:00
2025-04-29,204.0,204.0,198.0,198.64,124834,198.64,2026-09-03T19:33:52.275201+00:00
2025-04-30,202.6,202.6,197.0,197.93,153465,197.93,2026-09-03T19:33:52.275201+00:00
2025-05-04,198.1,201.0,197.0,198.26,99718,198.26,2026-09-03T19:33:52.275201+00:00
2025-05-05,197.5,199.7,195.5,197.2,114594,197.2,2026-09-03T19:33:52.275201+00:00
2025-05-06,199.0,199.0,195.2,196.09,92258,196.09,2026-09-03T19:33:52.275201+00:00
2025-05-07,196.0,206.0,194.1,205.63,193776,205.63,2026-09-03T19:33:52.275201+00:00
2025-05-08,206.9,207.0,201.7,204.13,121838,204.13,2026-09-03T19:33:52.275201+00:00
2025-05-11,204.0,206.9,201.0,201.21,98889,201.21,2026-09-03T19:33:52.275201+00:00
2025-05-13,203.9,205.0,198.5,199.12,109223,199.12,2026-09-03T19:33:52.275201+00:00
2025-05-14,199.1,201.0,198.0,198.24,75759,198.24,2026-09-03T19:33:52.275201+00:00
2025-05-15,202.2,202.2,197.5,197.92,88758,197.92,2026-09-03T19:33:52.275201+00:00
2025-05-18,199.0,199.7,197.0,197.44,75409,197.44,2026-09-03T19:33:52.275201+00:00
2025-05-19,199.0,201.2,197.0,199.61,64313,199.61,2026-09-03T19:33:52.275201+00:00
2025-05-20,200.0,206.0,198.0,204.58,241079,204.58,2026-09-03T19:33:52.275201+00:00
2025-05-21,208.6,217.0,203.9,204.43,240339,204.43,2026-09-03T19:33:52.275201+00:00
2025-05-22,205.1,216.0,204.0,215.25,612385,215.25,2026-09-03T19:33:52.275201+00:00
2025-05-25,218.0,219.0,209.9,213.78,294573,213.78,2026-09-03T19:33:52.275201+00:00
2025-05-26,218.0,229.0,212.3,214.13,305228,214.13,2026-09-03T19:33:52.275201+00:00
2025-05-27,209.9,216.0,209.9,214.14,156260,214.14,2026-09-03T19:33:52.275201+00:00
2025-05-28,214.0,220.2,212.1,219.27,406565,219.27,2026-09-03T19:33:52.275201+00:00
2025-06-02,223.6,227.0,217.1,217.72,330022,217.72,2026-09-03T19:33:52.275201+00:00
2025-06-03,215.4,217.5,210.0,210.48,261440,210.48,2026-09-03T19:33:52.275201+00:00
2025-06-04,214.0,214.0,208.0,210.55,141185,210.55,2026-09-03T19:33:52.275201+00:00
2025-06-05,208.0,212.8,208.0,208.42,162687,208.42,2026-09-03T19:33:52.275201+00:00
2025-06-08,210.0,210.0,205.0,205.48,166137,205.48,2026-09-03T19:33:52.275201+00:00
2025-06-09,201.8,208.0,201.8,205.85,102916,205.85,2026-09-03T19:33:52.275201+00:00
2025-06-10,206.0,210.0,206.0,208.69,130705,208.69,2026-09-03T19:33:52.275201+00:00
2025-06-11,209.0,211.0,206.0,207.09,117069,207.09,2026-09-03T19:33:52.275201+00:00
2025-06-12,209.0,209.0,205.0,206.07,118147,206.07,2026-09-03T19:33:52.275201+00:00
2025-06-15,207.0,207.9,203.7,204.0,134564,204.0,2026-09-03T19:33:52.275201+00:00
2025-06-16,204.2,208.0,204.2,206.21,188334,206.21,2026-09-03T19:33:52.275201+00:00
2025-06-17,206.0,208.0,204.0,205.02,90696,205.02,2026-09-03T19:33:52.275201+00:00
2025-06-18,205.0,207.0,203.0,204.34,76524,204.34,2026-09-03T19:33:52.275201+00:00
2025-06-19,205.0,205.0,202.1,202.35,162291,202.35,2026-09-03T19:33:52.275201+00:00
2025-06-22,206.0,206.0,200.0,200.6,164369,200.6,2026-09-03T19:33:52.275201+00:00
2025-06-23,202.0,202.6,198.6,200.26,147239,200.26,2026-09-03T19:33:52.275201+00:00
2025-06-24,202.0,206.0,201.5,201.74,113024,201.74,2026-09-03T19:33:52.275201+00:00
2025-06-25,202.0,204.0,200.0,202.18,105647,202.18,2026-09-03T19:33:52.275201+00:00
2025-06-26,204.0,205.0,200.1,200.79,84629,200.79,2026-09-03T19:33:52.275201+00:00
2025-06-29,200.1,206.4,200.0,205.98,134879,205.98,2026-09-03T19:33:52.275201+00:00
2025-06-30,209.9,209.9,204.0,205.85,76918,205.85,2026-09-03T19:33:52.275201+00:00
2025-07-01,205.0,208.0,204.1,206.94,106393,206.94,2026-09-03T19:33:52.275201+00:00
2025-07-02,206.0,212.0,206.0,211.38,209938,211.38,2026-09-03T19:33:52.275201+00:00
2025-07-03,211.0,213.0,208.7,210.4,152077,210.4,2026-09-03T19:33:52.275201+00:00
2025-07-06,214.6,214.6,208.0,209.99,155343,209.99,2026-09-03T19:33:52.275201+00:00
2025-07-07,214.1,214.1,208.0,208.6,227317,208.6,2026-09-03T19:33:52.275201+00:00
2025-07-08,205.0,209.1,205.0,207.17,76890,207.17,2026-09-03T19:33:52.275201+00:00
2025-07-09,208.8,212.7,207.2,211.76,154020,211.76,2026-09-03T19:33:52.275201+00:00
2025-07-10,213.0,221.2,212.1,218.51,590151,218.51,2026-09-03T19:33:52.275201+00:00
2025-07-13,222.8,231.5,222.8,224.44,649321,224.44,2026-09-03T19:33:52.275201+00:00
2025-07-14,225.0,225.0,215.4,216.79,334859,216.79,2026-09-03T19:33:52.275201+00:00
2025-07-15,217.0,222.0,214.0,220.62,270464,220.62,2026-09-03T19:33:52.275201+00:00
2025-07-16,223.5,226.8,220.0,221.89,545653,221.89,2026-09-03T19:33:52.275201+00:00
2025-07-17,223.0,228.4,222.5,227.46,424438,227.46,2026-09-03T19:33:52.275201+00:00
2025-07-20,223.0,230.0,222.0,222.98,611920,222.98,2026-09-03T19:33:52.275201+00:00
2025-07-21,224.0,226.0,221.0,223.56,298905,223.56,2026-09-03T19:33:52.275201+00:00
2025-07-22,224.0,234.5,224.0,232.95,711881,232.95,2026-09-03T19:33:52.275201+00:00
2025-07-23,232.0,236.0,228.7,230.92,398344,230.92,2026-09-03T19:33:52.275201+00:00
2025-07-24,230.4,233.0,228.0,229.79,414825,229.79,2026-09-03T19:33:52.275201+00:00
2025-07-27,225.2,238.0,225.2,230.81,625254,230.81,2026-09-03T19:33:52.275201+00:00
2025-07-28,230.1,235.4,226.1,234.27,521025,234.27,2026-09-03T19:33:52.275201+00:00
2025-07-29,238.9,250.9,237.0,245.34,1858223,245.34,2026-09-03T19:33:52.275201+00:00
2025-07-30,245.0,250.0,240.1,241.83,740122,241.83,2026-09-03T19:33:52.275201+00:00
2025-07-31,241.0,243.8,235.9,237.89,486185,237.89,2026-09-03T19:33:52.275201+00:00
2025-08-03,234.0,237.0,230.1,230.8,507040,230.8,2026-09-03T19:33:52.275201+00:00
2025-08-04,234.0,236.9,230.0,234.65,418247,234.65,2026-09-03T19:33:52.275201+00:00
2025-08-05,238.0,241.0,231.3,231.62,286678,231.62,2026-09-03T19:33:52.275201+00:00
2025-08-06,236.2,236.2,228.9,229.93,181160,229.93,2026-09-03T19:33:52.275201+00:00
2025-08-07,234.5,234.5,227.7,231.4,264372,231.4,2026-09-03T19:33:52.275201+00:00
2025-08-11,232.0,233.9,225.0,225.56,241140,225.56,2026-09-03T19:33:52.275201+00:00
2025-08-12,223.1,226.0,218.0,218.72,265824,218.72,2026-09-03T19:33:52.275201+00:00
2025-08-13,223.0,223.0,217.1,217.88,380209,217.88,2026-09-03T19:33:52.275201+00:00
2025-08-14,220.0,221.0,216.3,218.42,199551,218.42,2026-09-03T19:33:52.275201+00:00
2025-08-17,218.0,220.0,213.5,214.08,225427,214.08,2026-09-03T19:33:52.275201+00:00
2025-08-18,212.6,215.5,211.2,214.99,139838,214.99,2026-09-03T19:33:52.275201+00:00
2025-08-19,215.0,219.0,214.9,215.76,157905,215.76,2026-09-03T19:33:52.275201+00:00
2025-08-20,220.0,220.0,214.0,214.2,75147,214.2,2026-09-03T19:33:52.275201+00:00
2025-08-21,215.9,216.0,212.1,212.86,83557,212.86,2026-09-03T19:33:52.275201+00:00
2025-08-24,212.86,214.9,209.0,209.37,195488,209.37,2026-09-03T19:33:52.275201+00:00
2025-08-25,211.0,212.0,207.5,210.71,80552,210.71,2026-09-03T19:33:52.275201+00:00
2025-08-26,210.7,211.9,209.1,210.68,58734,210.68,2026-09-03T19:33:52.275201+00:00
2025-08-27,214.8,214.8,210.6,213.77,115402,213.77,2026-09-03T19:33:52.275201+00:00
2025-08-28,213.7,217.0,212.0,212.33,118331,212.33,2026-09-03T19:33:52.275201+00:00
2025-08-31,212.33,213.0,209.0,209.7,112838,209.7,2026-09-03T19:33:52.275201+00:00
2025-09-01,213.8,213.8,207.0,212.48,105256,212.48,2026-09-03T19:33:52.275201+00:00
2025-09-02,216.7,216.7,208.9,209.33,68060,209.33,2026-09-03T19:33:52.275201+00:00
2025-09-03,207.0,212.0,207.0,208.78,73837,208.78,2026-09-03T19:33:52.275201+00:00
2025-09-04,209.0,209.9,207.0,208.47,77590,208.47,2026-09-03T19:33:52.275201+00:00
2025-09-07,208.0,210.0,206.0,208.04,63074,208.04,2026-09-03T19:33:52.275201+00:00
2025-09-08,208.2,209.0,204.7,205.36,106673,205.36,2026-09-03T19:33:52.275201+00:00
2025-09-18,201.3,201.3,186.0,188.0,20382,188.0,2026-09-03T19:33:52.275201+00:00
2025-09-21,188.0,206.0,188.0,205.26,182799,205.26,2026-09-03T19:33:52.275201+00:00
2025-09-23,206.8,209.9,205.1,208.1,117131,208.1,2026-09-03T19:33:52.275201+00:00
2025-09-24,210.0,210.2,205.0,205.3,72250,205.3,2026-09-03T19:33:52.275201+00:00
2025-09-25,209.0,209.0,205.5,205.9,58870,205.9,2026-09-03T19:33:52.275201+00:00
2025-09-28,206.0,208.9,206.0,207.9,50781,207.9,2026-09-03T19:33:52.275201+00:00
2025-10-07,207.9,208.0,205.0,205.5,197784,205.5,2026-09-03T19:33:52.275201+00:00
2025-10-08,206.0,208.0,200.1,203.0,202463,203.0,2026-09-03T19:33:52.275201+00:00
2025-10-09,207.0,215.0,203.5,204.8,234309,204.8,2026-09-03T19:33:52.275201+00:00
2025-10-12,203.0,204.9,199.2,201.0,204676,201.0,2026-09-03T19:33:52.275201+00:00
2025-10-13,205.0,205.0,196.0,201.9,94040,201.9,2026-09-03T19:33:52.275201+00:00
2025-10-14,200.0,202.0,197.9,199.0,130313,199.0,2026-09-03T19:33:52.275201+00:00
2025-10-15,200.0,200.0,196.5,197.5,54580,197.5,2026-09-03T19:33:52.275201+00:00
2025-10-16,200.0,200.0,196.2,198.0,95955,198.0,2026-09-03T19:33:52.275201+00:00
2025-10-19,198.0,199.9,196.0,199.4,32874,199.4,2026-09-03T19:33:52.275201+00:00
2025-10-26,199.4,199.8,196.0,199.7,35769,199.7,2026-09-03T19:33:52.275201+00:00
2025-10-28,200.0,204.8,199.0,203.0,78711,203.0,2026-09-03T19:33:52.275201+00:00
2025-10-29,205.0,205.0,199.0,204.5,614059,204.5,2026-09-03T19:33:52.275201+00:00
2025-10-30,208.5,208.5,199.1,203.0,84446,203.0,2026-09-03T19:33:52.275201+00:00
2025-11-02,207.0,207.0,201.2,203.0,88708,203.0,2026-09-03T19:33:52.275201+00:00
2025-11-03,202.1,204.0,200.1,200.9,89975,200.9,2026-09-03T19:33:52.275201+00:00
2025-11-04,202.0,203.0,198.1,199.1,82907,199.1,2026-09-03T19:33:52.275201+00:00
2025-11-05,198.0,203.0,198.0,202.3,63622,202.3,2026-09-03T19:33:52.275201+00:00
2025-11-06,202.0,202.9,200.1,200.2,96885,200.2,2026-09-03T19:33:52.275201+00:00
2025-11-09,198.0,198.0,195.0,195.5,104188,195.5,2026-09-03T19:33:52.275201+00:00
2025-11-10,195.0,196.0,187.9,187.9,196060,187.9,2026-09-03T19:33:52.275201+00:00
2025-11-11,190.0,194.8,184.3,191.9,234498,191.9,2026-09-03T19:33:52.275201+00:00
2025-11-12,195.7,195.7,186.3,188.9,84326,188.9,2026-09-03T19:33:52.275201+00:00
2025-11-13,189.0,190.8,188.3,189.5,55877,189.5,2026-09-03T19:33:52.275201+00:00
2025-11-16,190.5,190.5,186.5,187.5,91853,187.5,2026-09-03T19:33:52.275201+00:00
2025-11-17,187.0,188.7,185.0,187.5,80731,187.5,2026-09-03T19:33:52.275201+00:00
2025-11-18,189.0,189.9,185.3,186.0,158356,186.0,2026-09-03T19:33:52.275201+00:00
2025-11-19,189.0,189.0,184.5,185.4,97336,185.4,2026-09-03T19:33:52.275201+00:00
2025-11-20,185.0,186.9,184.2,184.9,73899,184.9,2026-09-03T19:33:52.275201+00:00
2025-11-23,186.0,188.0,186.0,187.8,60365,187.8,2026-09-03T19:33:52.275201+00:00
2025-11-24,189.0,194.0,189.0,192.6,132197,192.6,2026-09-03T19:33:52.275201+00:00
2025-11-25,196.4,196.4,189.0,193.6,99322,193.6,2026-09-03T19:33:52.275201+00:00
2025-11-26,193.0,196.0,190.1,194.1,99877,194.1,2026-09-03T19:33:52.275201+00:00
2025-11-27,192.0,200.9,192.0,199.8,180485,199.8,2026-09-03T19:33:52.275201+00:00
2025-11-30,200.0,200.9,194.0,194.0,159170,194.0,2026-09-03T19:33:52.275201+00:00
2025-12-01,190.2,193.0,187.0,191.0,184837,191.0,2026-09-03T19:33:52.275201+00:00
2025-12-02,189.0,190.0,187.2,189.0,115149,189.0,2026-09-03T19:33:52.275201+00:00
2025-12-03,189.0,190.0,186.5,188.4,84908,188.4,2026-09-03T19:33:52.275201+00:00
2025-12-07,188.5,188.5,184.9,185.4,155505,185.4,2026-09-03T19:33:52.275201+00:00
2025-12-08,181.7,187.6,181.7,184.1,111338,184.1,2026-09-03T19:33:52.275201+00:00
2025-12-09,184.0,185.4,183.5,185.0,84129,185.0,2026-09-03T19:33:52.275201+00:00
2025-12-10,187.0,187.0,183.8,184.0,59519,184.0,2026-09-03T19:33:52.275201+00:00
2025-12-11,185.0,185.0,183.7,183.7,79547,183.7,2026-09-03T19:33:52.275201+00:00
2025-12-14,183.0,186.5,183.0,183.8,70904,183.8,2026-09-03T19:33:52.275201+00:00
2025-12-15,182.5,184.9,182.5,183.0,88273,183.0,2026-09-03T19:33:52.275201+00:00
2025-12-16,184.0,185.6,183.0,184.6,46924,184.6,2026-09-03T19:33:52.275201+00:00
2025-12-17,185.0,185.9,184.0,184.7,45344,184.7,2026-09-03T19:33:52.275201+00:00
2025-12-18,183.3,186.0,183.3,185.0,73160,185.0,2026-09-03T19:33:52.275201+00:00
2025-12-21,184.4,185.7,182.5,182.9,73901,182.9,2026-09-03T19:33:52.275201+00:00
2025-12-22,182.0,183.5,181.6,182.1,88453,182.1,2026-09-03T19:33:52.275201+00:00
2025-12-23,181.1,182.0,180.0,181.2,111585,181.2,2026-09-03T19:33:52.275201+00:00
2025-12-24,181.5,183.0,180.0,182.0,65718,182.0,2026-09-03T19:33:52.275201+00:00
2025-12-28,183.0,187.0,181.2,186.0,195433,186.0,2026-09-03T19:33:52.275201+00:00
2025-12-29,189.7,189.7,184.1,184.1,115566,184.1,2026-09-03T19:33:52.275201+00:00
2025-12-31,185.0,188.0,185.0,186.2,80045,186.2,2026-09-03T19:33:52.275201+00:00
2026-01-01,185.0,187.8,185.0,185.2,64352,185.2,2026-09-03T19:33:52.275201+00:00
2026-01-04,185.2,187.0,181.5,184.7,93732,184.7,2026-09-03T19:33:52.275201+00:00
2026-01-05,186.0,186.6,184.1,185.2,101996,185.2,2026-09-03T19:33:52.275201+00:00
2026-01-06,185.0,190.6,185.0,186.0,167707,186.0,2026-09-03T19:33:52.275201+00:00
2026-01-07,185.2,187.5,185.2,186.0,56242,186.0,2026-09-03T19:33:52.275201+00:00
2026-01-08,186.1,186.1,184.9,185.9,49431,185.9,2026-09-03T19:33:52.275201+00:00
2026-01-12,185.9,187.9,184.0,184.0,112579,184.0,2026-09-03T19:33:52.275201+00:00
2026-01-13,184.0,187.5,182.0,183.5,139237,183.5,2026-09-03T19:33:52.275201+00:00
2026-01-14,185.0,185.0,183.0,183.3,67153,183.3,2026-09-03T19:33:52.275201+00:00
2026-01-18,179.9,186.8,179.9,186.3,127534,186.3,2026-09-03T19:33:52.275201+00:00
2026-01-20,187.5,192.0,187.0,189.0,207600,189.0,2026-09-03T19:33:52.275201+00:00
2026-01-21,192.7,192.7,186.8,187.0,96988,187.0,2026-09-03T19:33:52.275201+00:00
2026-01-22,187.0,188.0,185.2,188.0,103997,188.0,2026-09-03T19:33:52.275201+00:00
2026-01-25,188.0,196.3,188.0,195.9,258029,195.9,2026-09-03T19:33:52.275201+00:00
2026-01-26,199.8,199.8,192.0,193.0,188844,193.0,2026-09-03T19:33:52.275201+00:00
2026-01-27,193.0,196.0,188.1,189.0,161477,189.0,2026-09-03T19:33:52.275201+00:00
2026-01-28,188.4,188.4,184.9,186.1,220851,186.1,2026-09-03T19:33:52.275201+00:00
2026-01-29,186.0,194.0,185.0,186.0,249754,186.0,2026-09-03T19:33:52.275201+00:00
2026-02-01,185.0,190.0,185.0,187.0,196619,187.0,2026-09-03T19:33:52.275201+00:00
2026-02-02,190.7,190.7,185.1,185.6,101171,185.6,2026-09-03T19:33:52.275201+00:00
2026-02-03,185.0,187.0,183.5,183.7,121030,183.7,2026-09-03T19:33:52.275201+00:00
2026-02-04,180.1,187.2,180.1,184.0,122399,184.0,2026-09-03T19:33:52.275201+00:00
2026-02-05,184.0,187.0,183.2,187.0,208736,187.0,2026-09-03T19:33:52.275201+00:00
2026-02-08,188.5,188.6,184.0,185.0,192208,185.0,2026-09-03T19:33:52.275201+00:00
2026-02-09,181.3,185.1,181.3,184.3,175132,184.3,2026-09-03T19:33:52.275201+00:00
2026-02-10,185.0,185.0,182.0,182.3,150750,182.3,2026-09-03T19:33:52.275201+00:00
2026-02-11,185.0,187.9,182.7,183.0,107820,183.0,2026-09-03T19:33:52.275201+00:00
2026-02-12,184.0,184.0,182.2,182.9,145905,182.9,2026-09-03T19:33:52.275201+00:00
2026-02-16,182.4,184.5,182.1,183.2,81151,183.2,2026-09-03T19:33:52.275201+00:00
2026-02-17,183.9,183.9,181.2,182.0,115308,182.0,2026-09-03T19:33:52.275201+00:00
2026-02-22,182.0,184.0,180.9,182.0,84479,182.0,2026-09-03T19:33:52.275201+00:00
2026-02-23,183.0,183.0,180.9,181.5,106213,181.5,2026-09-03T19:33:52.275201+00:00
2026-02-24,183.0,183.0,180.5,181.5,105219,181.5,2026-09-03T19:33:52.275201+00:00
2026-02-25,181.6,183.0,181.1,182.4,190094,182.4,2026-09-03T19:33:52.275201+00:00
2026-02-26,186.0,186.0,182.1,183.5,100712,183.5,2026-09-03T19:33:52.275201+00:00
2026-03-01,187.1,187.1,180.7,186.8,170444,186.8,2026-09-03T19:33:52.275201+00:00
2026-03-03,190.5,195.0,184.0,194.0,390743,194.0,2026-09-03T19:33:52.275201+00:00
2026-03-09,197.8,213.0,197.8,213.0,5262,213.0,2026-09-03T19:33:52.275201+00:00
2026-03-10,217.2,224.0,204.0,209.0,951258,209.0,2026-09-03T19:33:52.275201+00:00
2026-03-11,209.0,211.4,204.0,204.9,492547,204.9,2026-09-03T19:33:52.275201+00:00
2026-03-12,208.0,216.1,201.5,213.2,776828,213.2,2026-09-03T19:33:52.275201+00:00
2026-03-15,217.4,221.0,214.6,219.0,898091,219.0,2026-09-03T19:33:52.275201+00:00
2026-03-16,219.0,221.0,210.8,211.8,313914,211.8,2026-09-03T19:33:52.275201+00:00
2026-03-17,213.0,215.2,206.6,215.2,548416,215.2,2026-09-03T19:33:52.275201+00:00
2026-03-19,211.0,235.0,211.0,223.3,1111074,223.3,2026-09-03T19:33:52.275201+00:00
2026-03-22,227.7,233.3,223.3,231.0,1057642,231.0,2026-09-03T19:33:52.275201+00:00
2026-03-23,235.6,235.6,224.0,229.7,613630,229.7,2026-09-03T19:33:52.275201+00:00
2026-03-24,230.0,231.0,225.3,229.1,364653,229.1,2026-09-03T19:33:52.275201+00:00
2026-03-25,224.6,231.5,222.9,223.1,392802,223.1,2026-09-03T19:33:52.275201+00:00
2026-03-26,224.9,224.9,220.0,223.7,304331,223.7,2026-09-03T19:33:52.275201+00:00
2026-03-29,222.0,225.9,214.0,214.9,521561,214.9,2026-09-03T19:33:52.275201+00:00
2026-03-30,214.0,217.0,208.2,209.5,467588,209.5,2026-09-03T19:33:52.275201+00:00
2026-03-31,210.0,214.0,204.5,212.9,339233,212.9,2026-09-03T19:33:52.275201+00:00
2026-04-01,215.0,215.0,204.9,206.0,279751,206.0,2026-09-03T19:33:52.275201+00:00
2026-04-02,205.0,209.9,202.0,206.2,233724,206.2,2026-09-03T19:33:52.275201+00:00
2026-04-05,210.0,210.0,195.0,198.0,414277,198.0,2026-09-03T19:33:52.275201+00:00
2026-04-06,197.0,209.8,195.0,205.2,437020,205.2,2026-09-03T19:33:52.275201+00:00
2026-04-07,201.1,211.0,201.1,205.6,217605,205.6,2026-09-03T19:33:52.275201+00:00
2026-04-08,209.7,209.7,204.0,208.2,211806,208.2,2026-09-03T19:33:52.275201+00:00
2026-04-09,208.9,213.8,206.0,212.9,320213,212.9,2026-09-03T19:33:52.275201+00:00
2026-04-10,208.7,216.0,208.7,211.0,151190,211.0,2026-09-03T19:33:52.275201+00:00
2026-04-13,208.0,212.7,208.0,209.0,86493,209.0,2026-09-03T19:33:52.275201+00:00
2026-04-15,209.0,215.1,209.0,213.0,260210,213.0,2026-09-03T19:33:52.275201+00:00
2026-04-16,213.0,213.0,208.2,209.0,160962,209.0,2026-09-03T19:33:52.275201+00:00
2026-04-17,204.9,215.2,204.9,206.0,1194367,206.0,2026-09-03T19:33:52.275201+00:00
2026-04-20,206.0,207.1,204.0,204.9,124691,204.9,2026-09-03T19:33:52.275201+00:00
2026-04-21,205.0,205.7,202.1,202.9,139790,202.9,2026-09-03T19:33:52.275201+00:00
2026-04-22,213.0,213.0,199.0,202.9,295171,202.9,2026-09-03T19:33:52.275201+00:00
2026-04-23,205.0,206.0,199.0,201.0,164612,201.0,2026-09-03T19:33:52.275201+00:00
2026-04-24,211.0,211.0,197.5,201.3,127874,201.3,2026-09-03T19:33:52.275201+00:00
2026-04-27,201.3,203.9,200.3,202.4,99263,202.4,2026-09-03T19:33:52.275201+00:00
2026-04-28,202.4,203.0,199.0,199.5,219397,199.5,2026-09-03T19:33:52.275201+00:00
2026-04-29,199.5,199.5,193.0,196.3,232563,196.3,2026-09-03T19:33:52.275201+00:00
2026-04-30,197.0,197.0,191.2,196.0,156425,196.0,2026-09-03T19:33:52.275201+00:00
2026-05-04,196.0,197.9,192.0,192.6,131938,192.6,2026-09-03T19:33:52.275201+00:00
2026-05-05,194.0,196.0,191.2,194.0,131119,194.0,2026-09-03T19:33:52.275201+00:00
2026-05-06,200.0,200.0,191.5,193.8,63489,193.8,2026-09-03T19:33:52.275201+00:00
2026-05-07,190.0,196.0,190.0,196.0,95677,196.0,2026-09-03T19:33:52.275201+00:00
2026-05-08,198.0,199.8,195.0,199.8,89718,199.8,2026-09-03T19:33:52.275201+00:00
2026-05-11,205.0,205.0,198.0,203.0,123950,203.0,2026-09-03T19:33:52.275201+00:00
2026-05-12,205.0,205.0,199.0,200.4,128016,200.4,2026-09-03T19:33:52.275201+00:00
2026-05-13,195.0,200.0,195.0,199.0,75214,199.0,2026-09-03T19:33:52.275201+00:00
2026-05-14,201.0,201.0,197.0,198.0,63202,198.0,2026-09-03T19:33:52.275201+00:00
2026-05-15,198.0,200.0,196.0,198.6,44799,198.6,2026-09-03T19:33:52.275201+00:00
2026-05-18,200.0,201.7,196.1,199.0,49849,199.0,2026-09-03T19:33:52.275201+00:00
2026-05-19,200.0,200.0,197.0,198.5,44169,198.5,2026-09-03T19:33:52.275201+00:00
2026-05-20,197.5,199.7,197.2,199.0,82419,199.0,2026-09-03T19:33:52.275201+00:00
2026-05-21,199.0,200.0,194.5,196.5,197820,196.5,2026-09-03T19:33:52.275201+00:00
2026-05-22,196.5,198.0,196.5,198.0,51044,198.0,2026-09-03T19:33:52.275201+00:00
2026-05-25,188.1,203.0,188.1,202.6,127588,202.6,2026-09-03T19:33:52.275201+00:00
2026-05-26,202.0,203.5,197.3,200.0,237650,200.0,2026-09-03T19:33:52.275201+00:00
2026-05-27,200.0,200.8,199.0,200.4,69059,200.4,2026-09-03T19:33:52.275201+00:00
2026-06-01,200.0,200.9,196.2,197.6,82894,197.6,2026-09-03T19:33:52.275201+00:00
2026-06-02,198.0,198.0,196.0,197.9,75370,197.9,2026-09-03T19:33:52.275201+00:00
2026-06-03,198.5,199.8,197.0,197.6,98667,197.6,2026-09-03T19:33:52.275201+00:00
2026-06-04,198.1,199.9,195.0,197.0,92364,197.0,2026-09-03T19:33:52.275201+00:00
2026-06-05,187.2,199.9,187.2,197.0,72911,197.0,2026-09-03T19:33:52.275201+00:00
2026-06-08,196.0,197.0,195.1,196.4,75722,196.4,2026-09-03T19:33:52.275201+00:00
2026-06-09,197.0,197.0,194.3,195.6,100310,195.6,2026-09-03T19:33:52.275201+00:00
2026-06-10,186.0,197.0,186.0,195.0,68092,195.0,2026-09-03T19:33:52.275201+00:00
2026-06-11,195.0,196.0,194.1,194.9,40007,194.9,2026-09-03T19:33:52.275201+00:00
2026-06-12,194.9,195.4,193.9,194.3,50526,194.3,2026-09-03T19:33:52.275201+00:00
2026-06-15,194.0,196.0,193.1,194.0,55287,194.0,2026-09-03T19:33:52.275201+00:00
2026-06-16,194.0,194.9,193.2,193.9,42334,193.9,2026-09-03T19:33:52.275201+00:00
2026-06-17,193.0,195.0,193.0,193.2,56603,193.2,2026-09-03T19:33:52.275201+00:00
2026-06-18,194.0,195.0,192.1,193.3,53852,193.3,2026-09-03T19:33:52.275201+00:00
2026-06-19,193.3,194.0,192.5,193.7,48358,193.7,2026-09-03T19:33:52.275201+00:00
2026-06-22,193.7,197.0,193.5,193.9,47020,193.9,2026-09-03T19:33:52.275201+00:00
2026-06-23,200.0,200.0,192.0,192.4,54390,192.4,2026-09-03T19:33:52.275201+00:00
2026-06-24,191.4,193.0,189.2,190.8,90641,190.8,2026-09-03T19:33:52.275201+00:00
2026-06-25,183.0,191.8,183.0,189.9,72688,189.9,2026-09-03T19:33:52.275201+00:00
2026-06-26,189.0,191.9,186.0,190.0,52160,190.0,2026-09-03T19:33:52.275201+00:00
2026-06-29,191.8,191.8,187.0,189.0,89751,189.0,2026-09-03T19:33:52.275201+00:00
2026-06-30,189.0,191.7,187.0,187.2,55501,187.2,2026-09-03T19:33:52.275201+00:00
2026-07-01,187.1,195.0,187.0,191.5,76106,191.5,2026-09-03T19:33:52.275201+00:00
2026-07-02,191.0,197.0,189.5,197.0,141263,197.0,2026-09-03T19:33:52.275201+00:00
2026-07-03,205.0,205.0,193.8,194.4,96361,194.4,2026-09-03T19:33:52.275201+00:00
2026-07-06,204.1,204.1,190.0,190.5,90106,190.5,2026-09-03T19:33:52.275201+00:00
2026-07-07,190.5,194.0,190.0,193.7,116751,193.7,2026-09-03T19:33:52.275201+00:00
2026-07-08,193.7,194.5,190.0,190.2,79604,190.2,2026-09-03T19:33:52.275201+00:00
2026-07-09,190.0,192.0,189.0,190.0,70993,190.0,2026-09-03T19:33:52.275201+00:00
2026-07-10,181.0,199.0,181.0,189.0,77579,189.0,2026-09-03T19:33:52.275201+00:00
2026-07-13,180.0,193.0,180.0,188.0,87711,188.0,2026-09-03T19:33:52.275201+00:00
2026-07-14,190.0,190.8,186.6,188.0,86426,188.0,2026-09-03T19:33:52.275201+00:00
2026-07-15,188.0,190.9,188.0,189.5,70069,189.5,2026-09-03T19:33:52.275201+00:00
2026-07-16,190.0,192.0,188.5,189.6,55989,189.6,2026-09-03T19:33:52.275201+00:00
2026-07-17,191.1,197.2,191.1,197.0,146628,197.0,2026-09-03T19:33:52.275201+00:00
2026-07-20,197.0,199.5,195.0,198.5,168988,198.5,2026-09-03T19:33:52.275201+00:00
2026-07-21,208.0,208.0,196.0,197.2,159581,197.2,2026-09-03T19:33:52.275201+00:00
2026-07-22,194.0,198.0,194.0,195.0,111920,195.0,2026-09-03T19:33:52.275201+00:00
2026-07-23,186.0,199.0,186.0,195.9,72972,195.9,2026-09-03T19:33:52.275201+00:00
2026-07-24,197.9,202.7,196.0,199.9,361992,199.9,2026-09-03T19:33:52.275201+00:00
2026-07-27,200.0,204.9,196.9,198.0,274515,198.0,2026-09-03T19:33:52.275201+00:00
2026-07-28,199.0,199.8,196.2,198.0,104849,198.0,2026-09-03T19:33:52.275201+00:00
2026-07-29,207.0,207.0,193.0,195.7,130120,195.7,2026-09-03T19:33:52.275201+00:00
2026-07-30,186.0,197.9,186.0,195.4,87233,195.4,2026-09-03T19:33:52.275201+00:00
2026-07-31,187.7,197.4,187.7,196.5,70601,196.5,2026-09-03T19:33:52.275201+00:00
2026-08-03,187.7,199.0,187.7,196.0,109428,196.0,2026-09-03T19:33:52.275201+00:00
2026-08-04,195.0,196.0,193.0,193.2,105088,193.2,2026-09-03T19:33:52.275201+00:00
2026-08-05,193.0,193.9,192.5,193.0,104237,193.0,2026-09-03T19:33:52.275201+00:00
2026-08-06,184.0,196.9,184.0,192.3,76081,192.3,2026-09-03T19:33:52.275201+00:00
2026-08-07,192.3,193.0,190.0,191.0,132896,191.0,2026-09-03T19:33:52.275201+00:00
2026-08-10,200.5,200.5,188.0,188.5,267784,188.5,2026-09-03T19:33:52.275201+00:00
2026-08-11,190.0,190.4,188.5,190.0,94685,190.0,2026-09-03T19:33:52.275201+00:00
2026-08-12,190.0,190.9,188.9,189.4,58663,189.4,2026-09-03T19:33:52.275201+00:00
2026-08-13,189.0,190.5,187.1,190.0,131968,190.0,2026-09-03T19:33:52.275201+00:00
2026-08-14,187.0,188.1,185.0,187.0,348024,187.0,2026-09-03T19:33:52.275201+00:00
2026-08-17,185.0,185.1,183.8,183.8,222553,183.8,2026-09-03T19:33:52.275201+00:00
2026-08-18,183.0,183.2,180.2,181.8,308824,181.8,2026-09-03T19:33:52.275201+00:00
2026-08-19,181.0,183.5,180.0,182.0,213491,182.0,2026-09-03T19:33:52.275201+00:00
2026-08-20,182.0,184.5,180.3,183.0,92882,183.0,2026-09-03T19:33:52.275201+00:00
2026-08-21,187.7,187.7,180.5,183.0,118235,183.0,2026-09-03T19:33:52.275201+00:00
2026-08-24,183.0,183.0,180.6,181.1,86305,181.1,2026-09-03T19:33:52.275201+00:00
2026-08-25,181.5,183.4,180.5,180.7,104845,180.7,2026-09-03T19:33:52.275201+00:00
2026-08-26,180.0,181.4,178.0,179.0,151945,179.0,2026-09-03T19:33:52.275201+00:00
2026-08-27,175.0,180.2,175.0,178.6,115369,178.6,2026-09-03T19:33:52.275201+00:00
2026-08-31,169.7,183.0,169.7,175.5,88370,175.5,2026-09-03T19:33:52.275201+00:00
2026-09-01,178.0,178.9,174.0,176.8,108731,176.8,2026-09-03T19:33:52.275201+00:00
2026-09-02,176.8,177.8,175.0,176.0,73002,176.0,2026-09-03T19:33:52.275201+00:00
2026-09-03,179.0,179.0,176.2,177.5,64386,177.5,2026-09-03T19:33:52.275201+00:00
