date,open,high,low,close,volume,adj_close,fetched_at
2019-08-11,210.0,219.0,207.0,214.0,217982,214.0,2026-09-03T19:35:10.700481+00:00
2019-08-12,212.0,216.0,210.0,212.0,120516,212.0,2026-09-03T19:35:10.700481+00:00
2019-08-13,212.0,215.0,210.0,211.0,67725,211.0,2026-09-03T19:35:10.700481+00:00
2019-08-14,209.0,212.0,207.0,208.0,75889,208.0,2026-09-03T19:35:10.700481+00:00
2019-08-15,204.0,212.0,204.0,210.0,42895,210.0,2026-09-03T19:35:10.700481+00:00
2019-08-18,210.0,211.0,205.0,205.0,82602,205.0,2026-09-03T19:35:10.700481+00:00
2019-08-19,205.0,208.0,200.0,206.0,105338,206.0,2026-09-03T19:35:10.700481+00:00
2019-08-20,206.0,207.0,200.0,207.0,81600,207.0,2026-09-03T19:35:10.700481+00:00
2019-08-21,203.0,204.0,200.0,200.0,47080,200.0,2026-09-03T19:35:10.700481+00:00
2019-08-22,200.0,203.0,200.0,200.0,31447,200.0,2026-09-03T19:35:10.700481+00:00
2019-08-25,200.0,202.0,192.0,195.0,55104,195.0,2026-09-03T19:35:10.700481+00:00
2019-08-26,195.0,195.0,187.0,187.0,45230,187.0,2026-09-03T19:35:10.700481+00:00
2019-08-27,187.0,195.0,185.0,191.0,27836,191.0,2026-09-03T19:35:10.700481+00:00
2019-08-28,188.0,190.0,184.0,185.0,15595,185.0,2026-09-03T19:35:10.700481+00:00
2019-08-29,182.0,187.0,182.0,185.0,31482,185.0,2026-09-03T19:35:10.700481+00:00
2019-09-01,185.0,185.0,174.0,174.0,39290,174.0,2026-09-03T19:35:10.700481+00:00
2019-09-02,172.0,174.0,170.0,173.0,32525,173.0,2026-09-03T19:35:10.700481+00:00
2019-09-03,173.0,179.0,167.0,179.0,31313,179.0,2026-09-03T19:35:10.700481+00:00
2019-09-04,181.0,181.0,172.0,177.0,25040,177.0,2026-09-03T19:35:10.700481+00:00
2019-09-05,177.0,177.0,171.0,173.0,31245,173.0,2026-09-03T19:35:10.700481+00:00
2019-09-08,173.0,176.0,168.0,168.0,19940,168.0,2026-09-03T19:35:10.700481+00:00
2019-09-09,170.0,170.0,166.0,166.0,22735,166.0,2026-09-03T19:35:10.700481+00:00
2019-09-10,166.0,170.0,160.0,161.0,45858,161.0,2026-09-03T19:35:10.700481+00:00
2019-09-11,161.0,164.0,160.0,161.0,20610,161.0,2026-09-03T19:35:10.700481+00:00
2019-09-12,158.0,162.0,158.0,158.0,28131,158.0,2026-09-03T19:35:10.700481+00:00
2019-09-15,158.0,159.0,152.0,154.0,56655,154.0,2026-09-03T19:35:10.700481+00:00
2019-09-16,152.0,159.0,151.0,155.0,38818,155.0,2026-09-03T19:35:10.700481+00:00
2019-09-17,155.0,170.0,153.0,167.0,73396,167.0,2026-09-03T19:35:10.700481+00:00
2019-09-18,168.0,172.0,162.0,169.0,78420,169.0,2026-09-03T19:35:10.700481+00:00
2019-09-19,168.0,169.0,164.0,165.0,27410,165.0,2026-09-03T19:35:10.700481+00:00
2019-09-22,163.0,163.0,155.0,155.0,32550,155.0,2026-09-03T19:35:10.700481+00:00
2019-09-23,155.0,161.0,153.0,154.0,27512,154.0,2026-09-03T19:35:10.700481+00:00
2019-09-24,153.0,156.0,153.0,155.0,14940,155.0,2026-09-03T19:35:10.700481+00:00
2019-09-25,153.0,159.0,153.0,157.0,23697,157.0,2026-09-03T19:35:10.700481+00:00
2019-09-26,155.0,161.0,155.0,157.0,29355,157.0,2026-09-03T19:35:10.700481+00:00
2019-09-29,155.0,161.0,155.0,156.0,25010,156.0,2026-09-03T19:35:10.700481+00:00
2019-09-30,156.0,161.0,156.0,160.0,10185,160.0,2026-09-03T19:35:10.700481+00:00
2019-10-01,160.0,161.0,158.0,159.0,14012,159.0,2026-09-03T19:35:10.700481+00:00
2019-10-02,159.0,162.0,157.0,158.0,14100,158.0,2026-09-03T19:35:10.700481+00:00
2019-10-03,161.0,161.0,158.0,160.0,18535,160.0,2026-09-03T19:35:10.700481+00:00
2019-10-10,158.0,162.0,158.0,161.0,5720,161.0,2026-09-03T19:35:10.700481+00:00
2019-10-14,163.0,163.0,158.0,158.0,6600,158.0,2026-09-03T19:35:10.700481+00:00
2019-10-15,160.0,161.0,159.0,159.0,8600,159.0,2026-09-03T19:35:10.700481+00:00
2019-10-16,159.0,163.0,159.0,161.0,15173,161.0,2026-09-03T19:35:10.700481+00:00
2019-10-17,161.0,167.0,158.0,167.0,17962,167.0,2026-09-03T19:35:10.700481+00:00
2019-10-20,167.0,167.0,161.0,166.0,20430,166.0,2026-09-03T19:35:10.700481+00:00
2019-10-21,166.0,166.0,163.0,165.0,12250,165.0,2026-09-03T19:35:10.700481+00:00
2019-10-22,165.0,174.0,163.0,169.0,22444,169.0,2026-09-03T19:35:10.700481+00:00
2019-10-23,169.0,180.0,167.0,174.0,26193,174.0,2026-09-03T19:35:10.700481+00:00
2019-10-24,175.0,182.0,172.0,180.0,63175,180.0,2026-09-03T19:35:10.700481+00:00
2019-10-31,181.0,184.0,172.0,175.0,22420,175.0,2026-09-03T19:35:10.700481+00:00
2019-11-03,175.0,177.0,170.0,171.0,23491,171.0,2026-09-03T19:35:10.700481+00:00
2019-11-04,171.0,174.0,169.0,172.0,14780,172.0,2026-09-03T19:35:10.700481+00:00
2019-11-05,171.0,173.0,170.0,171.0,10196,171.0,2026-09-03T19:35:10.700481+00:00
2019-11-06,170.0,173.0,170.0,172.0,13085,172.0,2026-09-03T19:35:10.700481+00:00
2019-11-07,172.0,172.0,169.0,171.0,9850,171.0,2026-09-03T19:35:10.700481+00:00
2019-11-10,170.0,172.0,167.0,172.0,23095,172.0,2026-09-03T19:35:10.700481+00:00
2019-11-11,175.0,176.0,168.0,170.0,23960,170.0,2026-09-03T19:35:10.700481+00:00
2019-11-12,167.0,170.0,167.0,168.0,16365,168.0,2026-09-03T19:35:10.700481+00:00
2019-11-13,167.0,169.0,166.0,167.0,14885,167.0,2026-09-03T19:35:10.700481+00:00
2019-11-14,167.0,170.0,166.0,169.0,29211,169.0,2026-09-03T19:35:10.700481+00:00
2019-11-17,169.0,169.0,166.0,166.0,23170,166.0,2026-09-03T19:35:10.700481+00:00
2019-11-18,165.0,166.0,162.0,166.0,13089,166.0,2026-09-03T19:35:10.700481+00:00
2019-11-19,164.0,165.0,163.0,163.0,9551,163.0,2026-09-03T19:35:10.700481+00:00
2019-11-20,162.0,169.0,162.0,164.0,11875,164.0,2026-09-03T19:35:10.700481+00:00
2019-11-21,164.0,166.0,162.0,166.0,16819,166.0,2026-09-03T19:35:10.700481+00:00
2019-11-24,167.0,167.0,162.0,163.0,5791,163.0,2026-09-03T19:35:10.700481+00:00
2019-11-25,162.0,164.0,162.0,163.0,15870,163.0,2026-09-03T19:35:10.700481+00:00
2019-11-26,163.0,163.0,162.0,162.0,14800,162.0,2026-09-03T19:35:10.700481+00:00
2019-11-27,162.0,166.0,161.0,164.0,9754,164.0,2026-09-03T19:35:10.700481+00:00
2019-11-28,165.0,166.0,163.0,163.0,8200,163.0,2026-09-03T19:35:10.700481+00:00
2019-12-01,163.0,165.0,163.0,164.0,9217,164.0,2026-09-03T19:35:10.700481+00:00
2019-12-02,166.0,169.0,164.0,166.0,17920,166.0,2026-09-03T19:35:10.700481+00:00
2019-12-03,167.0,171.0,166.0,169.0,22080,169.0,2026-09-03T19:35:10.700481+00:00
2019-12-04,169.0,175.0,169.0,172.0,18185,172.0,2026-09-03T19:35:10.700481+00:00
2019-12-05,172.0,175.0,170.0,173.0,15070,173.0,2026-09-03T19:35:10.700481+00:00
2019-12-08,170.0,172.0,169.0,171.0,10250,171.0,2026-09-03T19:35:10.700481+00:00
2019-12-09,171.0,177.0,170.0,172.0,18712,172.0,2026-09-03T19:35:10.700481+00:00
2019-12-10,174.0,177.0,171.0,171.0,18560,171.0,2026-09-03T19:35:10.700481+00:00
2019-12-11,170.0,176.0,170.0,173.0,11020,173.0,2026-09-03T19:35:10.700481+00:00
2019-12-12,172.0,185.0,172.0,179.0,32795,179.0,2026-09-03T19:35:10.700481+00:00
2019-12-15,180.0,182.0,174.0,176.0,23055,176.0,2026-09-03T19:35:10.700481+00:00
2019-12-16,173.0,177.0,171.0,172.0,13736,172.0,2026-09-03T19:35:10.700481+00:00
2019-12-17,169.0,178.0,169.0,172.0,14180,172.0,2026-09-03T19:35:10.700481+00:00
2019-12-18,173.0,173.0,170.0,171.0,10250,171.0,2026-09-03T19:35:10.700481+00:00
2019-12-19,171.0,174.0,170.0,173.0,8010,173.0,2026-09-03T19:35:10.700481+00:00
2019-12-22,170.0,173.0,170.0,172.0,20610,172.0,2026-09-03T19:35:10.700481+00:00
2019-12-23,172.0,178.0,170.0,175.0,30561,175.0,2026-09-03T19:35:10.700481+00:00
2019-12-24,176.0,179.0,168.0,171.0,14638,171.0,2026-09-03T19:35:10.700481+00:00
2019-12-25,171.0,173.0,171.0,172.0,5130,172.0,2026-09-03T19:35:10.700481+00:00
2019-12-26,172.0,175.0,170.0,171.0,20065,171.0,2026-09-03T19:35:10.700481+00:00
2019-12-29,172.0,173.0,167.0,169.0,28610,169.0,2026-09-03T19:35:10.700481+00:00
2019-12-30,170.0,170.0,168.0,168.0,8759,168.0,2026-09-03T19:35:10.700481+00:00
2019-12-31,168.0,170.0,167.0,170.0,10890,170.0,2026-09-03T19:35:10.700481+00:00
2020-01-01,170.0,171.0,167.0,169.0,22030,169.0,2026-09-03T19:35:10.700481+00:00
2020-01-02,169.0,171.0,168.0,168.0,11515,168.0,2026-09-03T19:35:10.700481+00:00
2020-01-05,165.0,172.0,165.0,169.0,20910,169.0,2026-09-03T19:35:10.700481+00:00
2020-01-06,169.0,175.0,168.0,169.0,17250,169.0,2026-09-03T19:35:10.700481+00:00
2020-01-07,172.0,176.0,169.0,174.0,31644,174.0,2026-09-03T19:35:10.700481+00:00
2020-01-08,175.0,175.0,168.0,170.0,37322,170.0,2026-09-03T19:35:10.700481+00:00
2020-01-09,170.0,173.0,168.0,168.0,30700,168.0,2026-09-03T19:35:10.700481+00:00
2020-01-12,170.0,175.0,168.0,172.0,26900,172.0,2026-09-03T19:35:10.700481+00:00
2020-01-13,172.0,183.0,172.0,183.0,78955,183.0,2026-09-03T19:35:10.700481+00:00
2020-01-14,180.0,180.0,171.0,174.0,48478,174.0,2026-09-03T19:35:10.700481+00:00
2020-01-15,175.0,181.0,173.0,175.0,41940,175.0,2026-09-03T19:35:10.700481+00:00
2020-01-16,175.0,180.0,175.0,176.0,59895,176.0,2026-09-03T19:35:10.700481+00:00
2020-01-19,176.0,188.0,173.0,178.0,80225,178.0,2026-09-03T19:35:10.700481+00:00
2020-01-20,180.0,181.0,174.0,174.0,30529,174.0,2026-09-03T19:35:10.700481+00:00
2020-01-21,176.0,177.0,171.0,173.0,33962,173.0,2026-09-03T19:35:10.700481+00:00
2020-01-22,175.0,175.0,169.0,171.0,27860,171.0,2026-09-03T19:35:10.700481+00:00
2020-01-23,170.0,173.0,167.0,168.0,33110,168.0,2026-09-03T19:35:10.700481+00:00
2020-01-26,166.0,169.0,166.0,166.0,21180,166.0,2026-09-03T19:35:10.700481+00:00
2020-01-27,165.0,174.0,165.0,173.0,15197,173.0,2026-09-03T19:35:10.700481+00:00
2020-01-28,170.0,172.0,166.0,166.0,23380,166.0,2026-09-03T19:35:10.700481+00:00
2020-01-29,165.0,170.0,165.0,165.0,25950,165.0,2026-09-03T19:35:10.700481+00:00
2020-01-30,164.0,168.0,164.0,164.0,36248,164.0,2026-09-03T19:35:10.700481+00:00
2020-02-02,167.0,167.0,164.0,164.0,21978,164.0,2026-09-03T19:35:10.700481+00:00
2020-02-03,166.0,178.0,164.0,178.0,123950,178.0,2026-09-03T19:35:10.700481+00:00
2020-02-04,176.0,180.0,172.0,175.0,54000,175.0,2026-09-03T19:35:10.700481+00:00
2020-02-05,172.0,174.0,167.0,169.0,24340,169.0,2026-09-03T19:35:10.700481+00:00
2020-02-06,167.0,171.0,167.0,167.0,27888,167.0,2026-09-03T19:35:10.700481+00:00
2020-02-09,169.0,171.0,167.0,168.0,11708,168.0,2026-09-03T19:35:10.700481+00:00
2020-02-10,171.0,171.0,167.0,170.0,18210,170.0,2026-09-03T19:35:10.700481+00:00
2020-02-11,168.0,173.0,167.0,168.0,23800,168.0,2026-09-03T19:35:10.700481+00:00
2020-02-12,171.0,171.0,167.0,167.0,10010,167.0,2026-09-03T19:35:10.700481+00:00
2020-02-13,165.0,168.0,165.0,165.0,22940,165.0,2026-09-03T19:35:10.700481+00:00
2020-02-16,164.0,171.0,164.0,171.0,16365,171.0,2026-09-03T19:35:10.700481+00:00
2020-02-17,170.0,173.0,168.0,170.0,19219,170.0,2026-09-03T19:35:10.700481+00:00
2020-02-18,169.0,173.0,165.0,166.0,31820,166.0,2026-09-03T19:35:10.700481+00:00
2020-02-19,164.0,169.0,164.0,166.0,13810,166.0,2026-09-03T19:35:10.700481+00:00
2020-02-20,166.0,170.0,164.0,167.0,35796,167.0,2026-09-03T19:35:10.700481+00:00
2020-02-23,170.0,172.0,164.0,168.0,27530,168.0,2026-09-03T19:35:10.700481+00:00
2020-02-24,169.0,173.0,166.0,167.0,40056,167.0,2026-09-03T19:35:10.700481+00:00
2020-02-25,165.0,176.0,165.0,172.0,51358,172.0,2026-09-03T19:35:10.700481+00:00
2020-02-26,175.0,179.0,170.0,172.0,54682,172.0,2026-09-03T19:35:10.700481+00:00
2020-02-27,169.0,172.0,167.0,169.0,28372,169.0,2026-09-03T19:35:10.700481+00:00
2020-03-01,167.0,173.0,167.0,169.0,44589,169.0,2026-09-03T19:35:10.700481+00:00
2020-03-02,172.0,172.0,162.0,164.0,16817,164.0,2026-09-03T19:35:10.700481+00:00
2020-03-03,162.0,170.0,155.0,164.0,44785,164.0,2026-09-03T19:35:10.700481+00:00
2020-03-04,161.0,167.0,159.0,161.0,56028,161.0,2026-09-03T19:35:10.700481+00:00
2020-03-05,160.0,161.0,158.0,161.0,35704,161.0,2026-09-03T19:35:10.700481+00:00
2020-03-10,158.0,161.0,152.0,152.0,17960,152.0,2026-09-03T19:35:10.700481+00:00
2020-03-11,150.0,165.0,150.0,157.0,30807,157.0,2026-09-03T19:35:10.700481+00:00
2020-03-12,154.0,160.0,153.0,156.0,34884,156.0,2026-09-03T19:35:10.700481+00:00
2020-03-15,153.0,155.0,150.0,153.0,21965,153.0,2026-09-03T19:35:10.700481+00:00
2020-03-16,147.0,157.0,147.0,153.0,23835,153.0,2026-09-03T19:35:10.700481+00:00
2020-03-17,153.0,156.0,150.0,153.0,24045,153.0,2026-09-03T19:35:10.700481+00:00
2020-03-18,151.0,153.0,148.0,151.0,10790,151.0,2026-09-03T19:35:10.700481+00:00
2020-03-19,148.0,155.0,144.0,151.0,21551,151.0,2026-09-03T19:35:10.700481+00:00
2020-03-22,154.0,154.0,151.0,153.0,10240,153.0,2026-09-03T19:35:10.700481+00:00
2020-05-13,152.0,152.0,149.0,149.0,290,149.0,2026-09-03T19:35:10.700481+00:00
2020-06-29,147.0,147.0,137.0,137.0,2000,137.0,2026-09-03T19:35:10.700481+00:00
2020-06-30,136.0,143.0,136.0,143.0,1342,143.0,2026-09-03T19:35:10.700481+00:00
2020-07-01,145.0,148.0,145.0,148.0,330,148.0,2026-09-03T19:35:10.700481+00:00
2020-07-02,150.0,150.0,145.0,145.0,9848,145.0,2026-09-03T19:35:10.700481+00:00
2020-07-05,145.0,147.0,143.0,144.0,8195,144.0,2026-09-03T19:35:10.700481+00:00
2020-07-06,142.0,148.0,141.0,146.0,11670,146.0,2026-09-03T19:35:10.700481+00:00
2020-07-07,144.0,153.0,144.0,152.0,16406,152.0,2026-09-03T19:35:10.700481+00:00
2020-07-08,149.0,150.0,146.0,149.0,15049,149.0,2026-09-03T19:35:10.700481+00:00
2020-07-09,148.0,149.0,145.0,148.0,9540,148.0,2026-09-03T19:35:10.700481+00:00
2020-07-12,146.0,153.0,146.0,148.0,12210,148.0,2026-09-03T19:35:10.700481+00:00
2020-07-13,148.0,153.0,147.0,152.0,13937,152.0,2026-09-03T19:35:10.700481+00:00
2020-07-14,155.0,155.0,152.0,152.0,22418,152.0,2026-09-03T19:35:10.700481+00:00
2020-07-15,151.0,152.0,150.0,150.0,16698,150.0,2026-09-03T19:35:10.700481+00:00
2020-07-16,150.0,151.0,148.0,150.0,6675,150.0,2026-09-03T19:35:10.700481+00:00
2020-07-20,150.0,158.0,148.0,150.0,8117,150.0,2026-09-03T19:35:10.700481+00:00
2020-07-21,148.0,150.0,146.0,147.0,15830,147.0,2026-09-03T19:35:10.700481+00:00
2020-07-22,146.0,149.0,144.0,144.0,13920,144.0,2026-09-03T19:35:10.700481+00:00
2020-07-23,143.0,149.0,143.0,149.0,15310,149.0,2026-09-03T19:35:10.700481+00:00
2020-07-26,147.0,151.0,143.0,145.0,12210,145.0,2026-09-03T19:35:10.700481+00:00
2020-07-27,145.0,146.0,142.0,142.0,26864,142.0,2026-09-03T19:35:10.700481+00:00
2020-07-28,141.0,146.0,140.0,144.0,33856,144.0,2026-09-03T19:35:10.700481+00:00
2020-07-29,146.0,147.0,142.0,144.0,14590,144.0,2026-09-03T19:35:10.700481+00:00
2020-07-30,144.0,148.0,142.0,146.0,13915,146.0,2026-09-03T19:35:10.700481+00:00
2020-08-02,144.0,146.0,143.0,143.0,10680,143.0,2026-09-03T19:35:10.700481+00:00
2020-08-03,142.0,145.0,142.0,144.0,10721,144.0,2026-09-03T19:35:10.700481+00:00
2020-08-05,142.0,146.0,142.0,144.0,8390,144.0,2026-09-03T19:35:10.700481+00:00
2020-08-06,144.0,146.0,142.0,144.0,14409,144.0,2026-09-03T19:35:10.700481+00:00
2020-08-09,143.0,148.0,143.0,146.0,11970,146.0,2026-09-03T19:35:10.700481+00:00
2020-08-10,144.0,151.0,144.0,149.0,24475,149.0,2026-09-03T19:35:10.700481+00:00
2020-08-11,150.0,153.0,146.0,153.0,18730,153.0,2026-09-03T19:35:10.700481+00:00
2020-08-12,150.0,153.0,147.0,149.0,12167,149.0,2026-09-03T19:35:10.700481+00:00
2020-08-13,147.0,151.0,146.0,149.0,16971,149.0,2026-09-03T19:35:10.700481+00:00
2020-08-16,147.0,148.0,145.0,147.0,16234,147.0,2026-09-03T19:35:10.700481+00:00
2020-08-17,146.0,149.0,145.0,147.0,14610,147.0,2026-09-03T19:35:10.700481+00:00
2020-08-18,145.0,150.0,145.0,147.0,12105,147.0,2026-09-03T19:35:10.700481+00:00
2020-08-19,145.0,147.0,143.0,146.0,9168,146.0,2026-09-03T19:35:10.700481+00:00
2020-08-20,144.0,149.0,144.0,147.0,5951,147.0,2026-09-03T19:35:10.700481+00:00
2020-08-23,149.0,150.0,143.0,146.0,21009,146.0,2026-09-03T19:35:10.700481+00:00
2020-08-24,146.0,146.0,143.0,145.0,8440,145.0,2026-09-03T19:35:10.700481+00:00
2020-08-25,147.0,148.0,145.0,147.0,9405,147.0,2026-09-03T19:35:10.700481+00:00
2020-08-26,148.0,153.0,144.0,153.0,24508,153.0,2026-09-03T19:35:10.700481+00:00
2020-08-27,153.0,153.0,146.0,147.0,15980,147.0,2026-09-03T19:35:10.700481+00:00
2020-08-30,145.0,153.0,145.0,153.0,6180,153.0,2026-09-03T19:35:10.700481+00:00
2020-08-31,160.0,162.0,147.0,158.0,42161,158.0,2026-09-03T19:35:10.700481+00:00
2020-09-02,165.0,173.0,160.0,173.0,80185,173.0,2026-09-03T19:35:10.700481+00:00
2020-09-03,180.0,180.0,162.0,170.0,77239,170.0,2026-09-03T19:35:10.700481+00:00
2020-09-06,172.0,172.0,159.0,161.0,55471,161.0,2026-09-03T19:35:10.700481+00:00
2020-09-07,162.0,164.0,159.0,163.0,32645,163.0,2026-09-03T19:35:10.700481+00:00
2020-09-08,160.0,168.0,159.0,163.0,11477,163.0,2026-09-03T19:35:10.700481+00:00
2020-09-09,165.0,172.0,158.0,166.0,34141,166.0,2026-09-03T19:35:10.700481+00:00
2020-09-10,174.0,177.0,167.0,169.0,24394,169.0,2026-09-03T19:35:10.700481+00:00
2020-09-13,166.0,177.0,163.0,177.0,48236,177.0,2026-09-03T19:35:10.700481+00:00
2020-09-14,175.0,181.0,169.0,174.0,44180,174.0,2026-09-03T19:35:10.700481+00:00
2020-09-15,171.0,173.0,170.0,171.0,21248,171.0,2026-09-03T19:35:10.700481+00:00
2020-09-16,174.0,185.0,168.0,179.0,38710,179.0,2026-09-03T19:35:10.700481+00:00
2020-09-17,180.0,196.0,177.0,195.0,303625,195.0,2026-09-03T19:35:10.700481+00:00
2020-09-20,195.0,196.0,179.0,184.0,66408,184.0,2026-09-03T19:35:10.700481+00:00
2020-09-21,182.0,190.0,176.0,184.0,57334,184.0,2026-09-03T19:35:10.700481+00:00
2020-09-22,181.0,194.0,179.0,182.0,87809,182.0,2026-09-03T19:35:10.700481+00:00
2020-09-23,180.0,191.0,179.0,188.0,53324,188.0,2026-09-03T19:35:10.700481+00:00
2020-09-24,186.0,203.0,186.0,198.0,184408,198.0,2026-09-03T19:35:10.700481+00:00
2020-09-27,195.0,202.0,185.0,190.0,92695,190.0,2026-09-03T19:35:10.700481+00:00
2020-09-28,187.0,191.0,183.0,190.0,38470,190.0,2026-09-03T19:35:10.700481+00:00
2020-09-29,187.0,199.0,186.0,194.0,49525,194.0,2026-09-03T19:35:10.700481+00:00
2020-09-30,193.0,200.0,185.0,192.0,47762,192.0,2026-09-03T19:35:10.700481+00:00
2020-10-01,189.0,192.0,186.0,186.0,58696,186.0,2026-09-03T19:35:10.700481+00:00
2020-10-04,185.0,190.0,180.0,183.0,34679,183.0,2026-09-03T19:35:10.700481+00:00
2020-10-05,180.0,196.0,180.0,191.0,58069,191.0,2026-09-03T19:35:10.700481+00:00
2020-10-06,188.0,210.0,188.0,210.0,209898,210.0,2026-09-03T19:35:10.700481+00:00
2020-10-07,220.0,231.0,212.0,229.0,275749,229.0,2026-09-03T19:35:10.700481+00:00
2020-10-08,230.0,245.0,212.0,214.0,208332,214.0,2026-09-03T19:35:10.700481+00:00
2020-10-11,224.0,228.0,210.0,214.0,165657,214.0,2026-09-03T19:35:10.700481+00:00
2020-10-12,224.0,224.0,208.0,215.0,61740,215.0,2026-09-03T19:35:10.700481+00:00
2020-10-13,214.0,217.0,207.0,210.0,68635,210.0,2026-09-03T19:35:10.700481+00:00
2020-10-14,206.0,214.0,202.0,209.0,23840,209.0,2026-09-03T19:35:10.700481+00:00
2020-10-15,210.0,216.0,205.0,209.0,32807,209.0,2026-09-03T19:35:10.700481+00:00
2020-10-18,206.0,210.0,199.0,204.0,28787,204.0,2026-09-03T19:35:10.700481+00:00
2020-10-19,203.0,216.0,203.0,214.0,28607,214.0,2026-09-03T19:35:10.700481+00:00
2020-10-20,214.0,226.0,214.0,219.0,47705,219.0,2026-09-03T19:35:10.700481+00:00
2020-10-21,216.0,219.0,212.0,215.0,44723,215.0,2026-09-03T19:35:10.700481+00:00
2020-10-22,215.0,218.0,209.0,214.0,37705,214.0,2026-09-03T19:35:10.700481+00:00
2020-10-28,217.0,218.0,213.0,216.0,28913,216.0,2026-09-03T19:35:10.700481+00:00
2020-10-29,210.0,223.0,210.0,216.0,26916,216.0,2026-09-03T19:35:10.700481+00:00
2020-11-01,213.0,226.0,212.0,221.0,61523,221.0,2026-09-03T19:35:10.700481+00:00
2020-11-02,220.0,222.0,215.0,220.0,49255,220.0,2026-09-03T19:35:10.700481+00:00
2020-11-03,216.0,219.0,215.0,218.0,24016,218.0,2026-09-03T19:35:10.700481+00:00
2020-11-04,218.0,218.0,214.0,215.0,27344,215.0,2026-09-03T19:35:10.700481+00:00
2020-11-05,218.0,224.0,215.0,218.0,46209,218.0,2026-09-03T19:35:10.700481+00:00
2020-11-08,215.0,225.0,215.0,223.0,32946,223.0,2026-09-03T19:35:10.700481+00:00
2020-11-09,224.0,225.0,216.0,220.0,61850,220.0,2026-09-03T19:35:10.700481+00:00
2020-11-10,216.0,224.0,216.0,219.0,91446,219.0,2026-09-03T19:35:10.700481+00:00
2020-11-11,215.0,224.0,215.0,221.0,26323,221.0,2026-09-03T19:35:10.700481+00:00
2020-11-12,220.0,220.0,215.0,217.0,37491,217.0,2026-09-03T19:35:10.700481+00:00
2020-11-18,214.0,221.0,214.0,221.0,57307,221.0,2026-09-03T19:35:10.700481+00:00
2020-11-19,223.0,223.0,216.0,221.0,78715,221.0,2026-09-03T19:35:10.700481+00:00
2020-11-22,217.0,224.0,217.0,217.0,78033,217.0,2026-09-03T19:35:10.700481+00:00
2020-11-23,217.0,223.0,213.0,214.0,57351,214.0,2026-09-03T19:35:10.700481+00:00
2020-11-24,214.0,229.0,212.0,225.0,52829,225.0,2026-09-03T19:35:10.700481+00:00
2020-11-25,220.0,233.0,220.0,233.0,79356,233.0,2026-09-03T19:35:10.700481+00:00
2020-11-26,224.0,233.0,224.0,228.0,41920,228.0,2026-09-03T19:35:10.700481+00:00
2020-11-29,228.0,236.0,224.0,229.0,110183,229.0,2026-09-03T19:35:10.700481+00:00
2020-11-30,233.0,251.0,231.0,251.0,109154,251.0,2026-09-03T19:35:10.700481+00:00
2020-12-01,260.0,276.0,247.0,276.0,190694,276.0,2026-09-03T19:35:10.700481+00:00
2020-12-02,289.0,303.0,279.0,292.0,199075,292.0,2026-09-03T19:35:10.700481+00:00
2020-12-03,295.0,295.0,274.0,277.0,178600,277.0,2026-09-03T19:35:10.700481+00:00
2020-12-06,275.0,275.0,258.0,260.0,115422,260.0,2026-09-03T19:35:10.700481+00:00
2020-12-07,255.0,286.0,255.0,286.0,127729,286.0,2026-09-03T19:35:10.700481+00:00
2020-12-08,300.0,314.0,289.0,314.0,299172,314.0,2026-09-03T19:35:10.700481+00:00
2020-12-09,329.0,345.0,313.0,337.0,389411,337.0,2026-09-03T19:35:10.700481+00:00
2020-12-10,337.0,340.0,304.0,308.0,142852,308.0,2026-09-03T19:35:10.700481+00:00
2020-12-13,302.0,305.0,286.0,301.0,96152,301.0,2026-09-03T19:35:10.700481+00:00
2020-12-14,300.0,307.0,289.0,294.0,59235,294.0,2026-09-03T19:35:10.700481+00:00
2020-12-15,294.0,296.0,289.0,291.0,43755,291.0,2026-09-03T19:35:10.700481+00:00
2020-12-16,288.0,293.0,283.0,288.0,42350,288.0,2026-09-03T19:35:10.700481+00:00
2020-12-17,283.0,286.0,268.0,280.0,73753,280.0,2026-09-03T19:35:10.700481+00:00
2020-12-20,280.0,293.0,261.0,261.0,62410,261.0,2026-09-03T19:35:10.700481+00:00
2020-12-21,256.0,270.0,236.0,255.0,72901,255.0,2026-09-03T19:35:10.700481+00:00
2020-12-22,255.0,280.0,255.0,280.0,60220,280.0,2026-09-03T19:35:10.700481+00:00
2020-12-23,285.0,291.0,274.0,276.0,25356,276.0,2026-09-03T19:35:10.700481+00:00
2020-12-24,276.0,280.0,268.0,271.0,31657,271.0,2026-09-03T19:35:10.700481+00:00
2020-12-27,266.0,271.0,263.0,268.0,38024,268.0,2026-09-03T19:35:10.700481+00:00
2020-12-28,264.0,273.0,262.0,266.0,23940,266.0,2026-09-03T19:35:10.700481+00:00
2020-12-29,265.0,270.0,262.0,265.0,30185,265.0,2026-09-03T19:35:10.700481+00:00
2020-12-30,265.0,284.0,264.0,284.0,26470,284.0,2026-09-03T19:35:10.700481+00:00
2020-12-31,286.0,289.0,275.0,279.0,36238,279.0,2026-09-03T19:35:10.700481+00:00
2021-01-03,276.0,292.0,276.0,290.0,49679,290.0,2026-09-03T19:35:10.700481+00:00
2021-01-04,290.0,294.0,284.0,286.0,32321,286.0,2026-09-03T19:35:10.700481+00:00
2021-01-05,282.0,302.0,278.0,293.0,50015,293.0,2026-09-03T19:35:10.700481+00:00
2021-01-06,297.0,297.0,285.0,291.0,69375,291.0,2026-09-03T19:35:10.700481+00:00
2021-01-07,286.0,298.0,280.0,284.0,44980,284.0,2026-09-03T19:35:10.700481+00:00
2021-01-10,284.0,290.0,284.0,285.0,16898,285.0,2026-09-03T19:35:10.700481+00:00
2021-01-11,280.0,290.0,280.0,285.0,25375,285.0,2026-09-03T19:35:10.700481+00:00
2021-01-12,287.0,307.0,282.0,306.0,108617,306.0,2026-09-03T19:35:10.700481+00:00
2021-01-13,308.0,321.0,303.0,310.0,55868,310.0,2026-09-03T19:35:10.700481+00:00
2021-01-17,310.0,310.0,300.0,302.0,23701,302.0,2026-09-03T19:35:10.700481+00:00
2021-01-18,300.0,307.0,298.0,304.0,45405,304.0,2026-09-03T19:35:10.700481+00:00
2021-01-19,309.0,328.0,302.0,320.0,97968,320.0,2026-09-03T19:35:10.700481+00:00
2021-01-20,320.0,346.0,320.0,340.0,165694,340.0,2026-09-03T19:35:10.700481+00:00
2021-01-21,344.0,373.0,341.0,369.0,208068,369.0,2026-09-03T19:35:10.700481+00:00
2021-01-24,369.0,402.0,350.0,400.0,242792,400.0,2026-09-03T19:35:10.700481+00:00
2021-01-25,400.0,400.0,380.0,397.0,280413,397.0,2026-09-03T19:35:10.700481+00:00
2021-01-26,397.0,400.0,373.0,380.0,139478,380.0,2026-09-03T19:35:10.700481+00:00
2021-01-27,375.0,384.0,367.0,380.0,61281,380.0,2026-09-03T19:35:10.700481+00:00
2021-01-28,374.0,382.0,371.0,374.0,140811,374.0,2026-09-03T19:35:10.700481+00:00
2021-01-31,367.0,370.0,359.0,367.0,81285,367.0,2026-09-03T19:35:10.700481+00:00
2021-02-01,366.0,375.0,365.0,371.0,51845,371.0,2026-09-03T19:35:10.700481+00:00
2021-02-02,372.0,378.0,366.0,378.0,44923,378.0,2026-09-03T19:35:10.700481+00:00
2021-02-03,380.0,394.0,375.0,377.0,57736,377.0,2026-09-03T19:35:10.700481+00:00
2021-02-04,372.0,389.0,370.0,382.0,58941,382.0,2026-09-03T19:35:10.700481+00:00
2021-02-07,382.0,386.0,375.0,385.0,56771,385.0,2026-09-03T19:35:10.700481+00:00
2021-02-08,404.0,404.0,375.0,380.0,31054,380.0,2026-09-03T19:35:10.700481+00:00
2021-02-09,379.0,380.0,371.0,372.0,24950,372.0,2026-09-03T19:35:10.700481+00:00
2021-02-10,366.0,376.0,366.0,371.0,30217,371.0,2026-09-03T19:35:10.700481+00:00
2021-02-11,370.0,375.0,366.0,370.0,36675,370.0,2026-09-03T19:35:10.700481+00:00
2021-02-14,363.0,371.0,360.0,362.0,28012,362.0,2026-09-03T19:35:10.700481+00:00
2021-02-15,369.0,383.0,363.0,378.0,23341,378.0,2026-09-03T19:35:10.700481+00:00
2021-02-16,378.0,385.0,365.0,370.0,28949,370.0,2026-09-03T19:35:10.700481+00:00
2021-02-17,388.0,388.0,360.0,364.0,44106,364.0,2026-09-03T19:35:10.700481+00:00
2021-02-18,370.0,376.0,361.0,370.0,51659,370.0,2026-09-03T19:35:10.700481+00:00
2021-02-21,377.0,407.0,362.0,387.0,160740,387.0,2026-09-03T19:35:10.700481+00:00
2021-02-22,393.0,400.0,374.0,378.0,37751,378.0,2026-09-03T19:35:10.700481+00:00
2021-02-23,396.0,396.0,365.0,380.0,63516,380.0,2026-09-03T19:35:10.700481+00:00
2021-02-24,381.0,392.0,362.0,375.0,42361,375.0,2026-09-03T19:35:10.700481+00:00
2021-02-25,369.0,380.0,365.0,368.0,42653,368.0,2026-09-03T19:35:10.700481+00:00
2021-02-28,365.0,367.0,358.0,359.0,45076,359.0,2026-09-03T19:35:10.700481+00:00
2021-03-01,359.0,372.0,358.0,364.0,17688,364.0,2026-09-03T19:35:10.700481+00:00
2021-03-02,364.0,371.0,355.0,356.0,73446,356.0,2026-09-03T19:35:10.700481+00:00
2021-03-03,355.0,362.0,341.0,346.0,27675,346.0,2026-09-03T19:35:10.700481+00:00
2021-03-04,341.0,369.0,341.0,364.0,30042,364.0,2026-09-03T19:35:10.700481+00:00
2021-03-07,360.0,370.0,358.0,364.0,21516,364.0,2026-09-03T19:35:10.700481+00:00
2021-03-09,360.0,377.0,357.0,369.0,36192,369.0,2026-09-03T19:35:10.700481+00:00
2021-03-10,365.0,370.0,362.0,364.0,17557,364.0,2026-09-03T19:35:10.700481+00:00
2021-03-14,382.0,382.0,358.0,363.0,35954,363.0,2026-09-03T19:35:10.700481+00:00
2021-03-15,381.0,381.0,355.0,360.0,38783,360.0,2026-09-03T19:35:10.700481+00:00
2021-03-16,353.0,374.0,353.0,356.0,29870,356.0,2026-09-03T19:35:10.700481+00:00
2021-03-17,373.0,373.0,353.0,362.0,13372,362.0,2026-09-03T19:35:10.700481+00:00
2021-03-18,360.0,366.0,360.0,362.0,20445,362.0,2026-09-03T19:35:10.700481+00:00
2021-03-21,359.0,365.0,357.0,362.0,30800,362.0,2026-09-03T19:35:10.700481+00:00
2021-03-22,359.0,386.0,359.0,381.0,169184,381.0,2026-09-03T19:35:10.700481+00:00
2021-03-23,388.0,419.0,381.0,419.0,335801,419.0,2026-09-03T19:35:10.700481+00:00
2021-03-24,439.0,459.0,414.0,420.0,242025,420.0,2026-09-03T19:35:10.700481+00:00
2021-03-25,420.0,420.0,398.0,403.0,171847,403.0,2026-09-03T19:35:10.700481+00:00
2021-03-29,395.0,417.0,395.0,402.0,69743,402.0,2026-09-03T19:35:10.700481+00:00
2021-03-30,397.0,432.0,397.0,421.0,107002,421.0,2026-09-03T19:35:10.700481+00:00
2021-03-31,421.0,447.0,416.0,436.0,224193,436.0,2026-09-03T19:35:10.700481+00:00
2021-04-01,457.0,478.0,425.0,470.0,333390,470.0,2026-09-03T19:35:10.700481+00:00
2021-04-04,493.0,517.0,472.0,502.0,368576,502.0,2026-09-03T19:35:10.700481+00:00
2021-04-05,517.0,517.0,481.0,490.0,277684,490.0,2026-09-03T19:35:10.700481+00:00
2021-04-06,490.0,538.0,472.0,536.0,285657,536.0,2026-09-03T19:35:10.700481+00:00
2021-04-07,562.0,562.0,505.0,528.0,291809,528.0,2026-09-03T19:35:10.700481+00:00
2021-04-08,533.0,538.0,501.0,506.0,121697,506.0,2026-09-03T19:35:10.700481+00:00
2021-04-12,500.0,500.0,478.0,488.0,175809,488.0,2026-09-03T19:35:10.700481+00:00
2021-04-13,488.0,514.0,480.0,495.0,129208,495.0,2026-09-03T19:35:10.700481+00:00
2021-04-15,504.0,504.0,484.0,486.0,118813,486.0,2026-09-03T19:35:10.700481+00:00
2021-04-18,510.0,510.0,475.0,480.0,134611,480.0,2026-09-03T19:35:10.700481+00:00
2021-04-19,480.0,501.0,470.0,474.0,104682,474.0,2026-09-03T19:35:10.700481+00:00
2021-04-20,466.0,480.0,465.0,479.0,62561,479.0,2026-09-03T19:35:10.700481+00:00
2021-04-21,456.0,485.0,456.0,468.0,71917,468.0,2026-09-03T19:35:10.700481+00:00
2021-04-22,470.0,484.0,450.0,481.0,72557,481.0,2026-09-03T19:35:10.700481+00:00
2021-04-25,481.0,481.0,453.0,456.0,80151,456.0,2026-09-03T19:35:10.700481+00:00
2021-04-26,456.0,459.0,427.0,431.0,106895,431.0,2026-09-03T19:35:10.700481+00:00
2021-04-27,423.0,453.0,416.0,451.0,74831,451.0,2026-09-03T19:35:10.700481+00:00
2021-04-28,451.0,464.0,433.0,455.0,81037,455.0,2026-09-03T19:35:10.700481+00:00
2021-04-29,455.0,482.0,450.0,479.0,112578,479.0,2026-09-03T19:35:10.700481+00:00
2021-05-02,479.0,498.0,464.0,479.0,82859,479.0,2026-09-03T19:35:10.700481+00:00
2021-05-03,485.0,487.0,463.0,463.0,86965,463.0,2026-09-03T19:35:10.700481+00:00
2021-05-04,463.0,475.0,461.0,469.0,53897,469.0,2026-09-03T19:35:10.700481+00:00
2021-05-05,466.0,491.0,464.0,479.0,128786,479.0,2026-09-03T19:35:10.700481+00:00
2021-05-06,485.0,485.0,470.0,472.0,60447,472.0,2026-09-03T19:35:10.700481+00:00
2021-05-09,470.0,473.0,461.0,465.0,54672,465.0,2026-09-03T19:35:10.700481+00:00
2021-05-10,460.0,474.0,455.0,466.0,40772,466.0,2026-09-03T19:35:10.700481+00:00
2021-05-11,470.0,474.0,462.0,466.0,40174,466.0,2026-09-03T19:35:10.700481+00:00
2021-05-12,466.0,475.0,466.0,470.0,51563,470.0,2026-09-03T19:35:10.700481+00:00
2021-05-13,471.0,499.0,471.0,486.0,245015,486.0,2026-09-03T19:35:10.700481+00:00
2021-05-16,491.0,510.0,490.0,497.0,243663,497.0,2026-09-03T19:35:10.700481+00:00
2021-05-17,500.0,505.0,489.0,495.0,172776,495.0,2026-09-03T19:35:10.700481+00:00
2021-05-18,473.0,521.0,473.0,510.0,251248,510.0,2026-09-03T19:35:10.700481+00:00
2021-05-19,520.0,523.0,489.0,491.0,196142,491.0,2026-09-03T19:35:10.700481+00:00
2021-05-20,495.0,498.0,483.0,486.0,125957,486.0,2026-09-03T19:35:10.700481+00:00
2021-05-23,480.0,500.0,469.0,488.0,90667,488.0,2026-09-03T19:35:10.700481+00:00
2021-05-24,512.0,512.0,482.0,485.0,67989,485.0,2026-09-03T19:35:10.700481+00:00
2021-05-25,509.0,509.0,475.0,490.0,97550,490.0,2026-09-03T19:35:10.700481+00:00
2021-05-27,500.0,514.0,480.0,504.0,388311,504.0,2026-09-03T19:35:10.700481+00:00
2021-05-30,529.0,549.0,497.0,507.0,577020,507.0,2026-09-03T19:35:10.700481+00:00
2021-05-31,532.0,532.0,478.0,485.0,158057,485.0,2026-09-03T19:35:10.700481+00:00
2021-06-01,492.0,494.0,468.0,474.0,118600,474.0,2026-09-03T19:35:10.700481+00:00
2021-06-02,497.0,497.0,462.0,486.0,88556,486.0,2026-09-03T19:35:10.700481+00:00
2021-06-03,462.0,499.0,462.0,472.0,158450,472.0,2026-09-03T19:35:10.700481+00:00
2021-06-06,470.0,487.0,467.0,473.0,113698,473.0,2026-09-03T19:35:10.700481+00:00
2021-06-07,451.0,485.0,451.0,476.0,146382,476.0,2026-09-03T19:35:10.700481+00:00
2021-06-08,453.0,523.0,453.0,523.0,950570,523.0,2026-09-03T19:35:10.700481+00:00
2021-06-09,549.0,549.0,509.0,520.0,348346,520.0,2026-09-03T19:35:10.700481+00:00
2021-06-10,513.0,530.0,511.0,517.0,189578,517.0,2026-09-03T19:35:10.700481+00:00
2021-06-13,517.0,568.0,507.0,565.0,668796,565.0,2026-09-03T19:35:10.700481+00:00
2021-06-14,580.0,613.0,550.0,579.0,590954,579.0,2026-09-03T19:35:10.700481+00:00
2021-06-15,580.0,588.0,539.0,548.0,260366,548.0,2026-09-03T19:35:10.700481+00:00
2021-06-16,521.0,537.0,494.0,500.0,525400,500.0,2026-09-03T19:35:10.700481+00:00
2021-06-17,475.0,510.0,475.0,498.0,160645,498.0,2026-09-03T19:35:10.700481+00:00
2021-06-20,495.0,500.0,469.0,478.0,188842,478.0,2026-09-03T19:35:10.700481+00:00
2021-06-21,478.0,478.0,445.0,447.0,156349,447.0,2026-09-03T19:35:10.700481+00:00
2021-06-22,450.0,476.0,440.0,475.0,100624,475.0,2026-09-03T19:35:10.700481+00:00
2021-06-23,498.0,498.0,453.0,457.0,127018,457.0,2026-09-03T19:35:10.700481+00:00
2021-06-24,451.0,494.0,450.0,465.0,147782,465.0,2026-09-03T19:35:10.700481+00:00
2021-06-27,471.0,490.0,466.0,467.0,87580,467.0,2026-09-03T19:35:10.700481+00:00
2021-06-28,476.0,476.0,461.0,463.0,51558,463.0,2026-09-03T19:35:10.700481+00:00
2021-06-29,463.0,472.0,438.0,445.0,142431,445.0,2026-09-03T19:35:10.700481+00:00
2021-06-30,452.0,458.0,433.0,455.0,72915,455.0,2026-09-03T19:35:10.700481+00:00
2021-07-01,464.0,464.0,446.0,451.0,47147,451.0,2026-09-03T19:35:10.700481+00:00
2021-07-04,459.0,468.0,443.0,444.0,49646,444.0,2026-09-03T19:35:10.700481+00:00
2021-07-05,422.0,451.0,422.0,439.0,36546,439.0,2026-09-03T19:35:10.700481+00:00
2021-07-06,447.0,447.0,429.0,429.0,53151,429.0,2026-09-03T19:35:10.700481+00:00
2021-07-07,428.0,437.0,423.0,430.0,35213,430.0,2026-09-03T19:35:10.700481+00:00
2021-07-08,423.0,441.0,423.0,434.0,26949,434.0,2026-09-03T19:35:10.700481+00:00
2021-07-11,440.0,452.0,433.0,450.0,86361,450.0,2026-09-03T19:35:10.700481+00:00
2021-07-12,458.0,458.0,432.0,438.0,58780,438.0,2026-09-03T19:35:10.700481+00:00
2021-07-13,446.0,446.0,434.0,438.0,22757,438.0,2026-09-03T19:35:10.700481+00:00
2021-07-14,440.0,464.0,430.0,464.0,128642,464.0,2026-09-03T19:35:10.700481+00:00
2021-07-15,470.0,492.0,465.0,474.0,149350,474.0,2026-09-03T19:35:10.700481+00:00
2021-07-18,482.0,488.0,475.0,480.0,97613,480.0,2026-09-03T19:35:10.700481+00:00
2021-07-19,480.0,489.0,472.0,472.1,115202,472.1,2026-09-03T19:35:10.700481+00:00
2021-07-20,480.0,480.0,466.0,478.0,89997,478.0,2026-09-03T19:35:10.700481+00:00
2021-07-22,478.0,496.0,472.0,480.0,144943,480.0,2026-09-03T19:35:10.700481+00:00
2021-07-25,485.0,489.6,475.0,481.9,152513,481.9,2026-09-03T19:35:10.700481+00:00
2021-07-26,483.0,529.0,483.0,523.0,390976,523.0,2026-09-03T19:35:10.700481+00:00
2021-07-27,533.0,540.0,517.5,532.0,291682,532.0,2026-09-03T19:35:10.700481+00:00
2021-07-28,533.0,534.0,507.0,511.0,217753,511.0,2026-09-03T19:35:10.700481+00:00
2021-07-29,511.0,523.1,501.0,507.0,122214,507.0,2026-09-03T19:35:10.700481+00:00
2021-08-01,502.0,522.0,501.2,520.0,188430,520.0,2026-09-03T19:35:10.700481+00:00
2021-08-02,509.7,532.0,506.0,508.0,181453,508.0,2026-09-03T19:35:10.700481+00:00
2021-08-03,510.0,515.0,495.1,505.0,184582,505.0,2026-09-03T19:35:10.700481+00:00
2021-08-04,515.1,553.0,515.0,544.0,621871,544.0,2026-09-03T19:35:10.700481+00:00
2021-08-05,554.8,554.8,518.0,521.0,292367,521.0,2026-09-03T19:35:10.700481+00:00
2021-08-08,525.0,537.5,511.0,522.0,285504,522.0,2026-09-03T19:35:10.700481+00:00
2021-08-09,525.0,537.0,515.0,530.0,270724,530.0,2026-09-03T19:35:10.700481+00:00
2021-08-10,535.0,537.0,512.0,515.0,259953,515.0,2026-09-03T19:35:10.700481+00:00
2021-08-11,525.0,566.0,523.5,553.0,440016,553.0,2026-09-03T19:35:10.700481+00:00
2021-08-12,564.0,564.9,530.0,535.0,384299,535.0,2026-09-03T19:35:10.700481+00:00
2021-08-15,525.0,527.0,483.0,501.1,518039,501.1,2026-09-03T19:35:10.700481+00:00
2021-08-16,505.0,514.0,491.0,503.0,139261,503.0,2026-09-03T19:35:10.700481+00:00
2021-08-17,505.0,529.2,505.0,512.0,292529,512.0,2026-09-03T19:35:10.700481+00:00
2021-08-18,512.0,525.0,503.1,504.0,245460,504.0,2026-09-03T19:35:10.700481+00:00
2021-08-19,504.0,507.0,490.0,490.5,170654,490.5,2026-09-03T19:35:10.700481+00:00
2021-08-24,490.5,490.5,464.0,465.0,165255,465.0,2026-09-03T19:35:10.700481+00:00
2021-08-25,465.0,485.0,450.0,458.9,113263,458.9,2026-09-03T19:35:10.700481+00:00
2021-08-26,468.0,489.0,455.0,480.0,172508,480.0,2026-09-03T19:35:10.700481+00:00
2021-08-29,489.0,507.0,465.0,471.0,133447,471.0,2026-09-03T19:35:10.700481+00:00
2021-08-31,465.0,470.0,455.1,463.0,105450,463.0,2026-09-03T19:35:10.700481+00:00
2021-09-01,472.2,474.3,455.7,458.0,76207,458.0,2026-09-03T19:35:10.700481+00:00
2021-09-02,459.0,463.9,433.0,445.0,79992,445.0,2026-09-03T19:35:10.700481+00:00
2021-09-05,436.5,445.0,400.5,406.0,130339,406.0,2026-09-03T19:35:10.700481+00:00
2021-09-06,410.0,446.6,405.0,446.6,122939,446.6,2026-09-03T19:35:10.700481+00:00
2021-09-07,455.0,455.0,425.4,438.0,79756,438.0,2026-09-03T19:35:10.700481+00:00
2021-09-08,430.0,440.0,422.0,426.0,57066,426.0,2026-09-03T19:35:10.700481+00:00
2021-09-09,428.0,444.0,418.0,434.0,57388,434.0,2026-09-03T19:35:10.700481+00:00
2021-09-12,442.6,459.5,442.6,457.0,120604,457.0,2026-09-03T19:35:10.700481+00:00
2021-09-13,466.0,470.0,443.2,447.0,76789,447.0,2026-09-03T19:35:10.700481+00:00
2021-09-14,448.0,448.0,434.0,438.0,40652,438.0,2026-09-03T19:35:10.700481+00:00
2021-09-15,438.0,440.0,425.0,428.5,58672,428.5,2026-09-03T19:35:10.700481+00:00
2021-09-16,426.0,426.0,403.4,408.0,136353,408.0,2026-09-03T19:35:10.700481+00:00
2021-09-20,401.0,406.0,381.0,383.0,110125,383.0,2026-09-03T19:35:10.700481+00:00
2021-09-21,376.0,412.0,360.0,386.0,86140,386.0,2026-09-03T19:35:10.700481+00:00
2021-09-22,393.0,413.0,393.0,406.0,67838,406.0,2026-09-03T19:35:10.700481+00:00
2021-09-23,397.9,422.1,395.0,397.0,78356,397.0,2026-09-03T19:35:10.700481+00:00
2021-09-26,390.0,397.0,378.6,380.0,54166,380.0,2026-09-03T19:35:10.700481+00:00
2021-09-27,372.4,404.9,370.0,375.0,89856,375.0,2026-09-03T19:35:10.700481+00:00
2021-09-28,373.0,379.0,355.1,359.0,78403,359.0,2026-09-03T19:35:10.700481+00:00
2021-09-29,359.0,376.0,341.0,371.0,56905,371.0,2026-09-03T19:35:10.700481+00:00
2021-09-30,378.0,378.0,351.0,352.0,47597,352.0,2026-09-03T19:35:10.700481+00:00
2021-10-03,355.0,366.0,339.5,341.0,48152,341.0,2026-09-03T19:35:10.700481+00:00
2021-10-04,347.0,347.0,330.0,335.5,34221,335.5,2026-09-03T19:35:10.700481+00:00
2021-10-05,341.9,350.0,335.5,343.0,28686,343.0,2026-09-03T19:35:10.700481+00:00
2021-10-06,349.0,357.0,347.0,352.0,31631,352.0,2026-09-03T19:35:10.700481+00:00
2021-10-10,355.0,362.0,343.0,345.0,32689,345.0,2026-09-03T19:35:10.700481+00:00
2021-10-11,345.0,346.0,336.2,345.0,21959,345.0,2026-09-03T19:35:10.700481+00:00
2021-10-17,345.0,350.0,341.1,347.0,6696,347.0,2026-09-03T19:35:10.700481+00:00
2021-10-18,344.0,344.0,329.0,340.0,32090,340.0,2026-09-03T19:35:10.700481+00:00
2021-10-19,340.0,341.0,324.0,328.5,46539,328.5,2026-09-03T19:35:10.700481+00:00
2021-10-20,335.0,348.8,330.0,346.0,38005,346.0,2026-09-03T19:35:10.700481+00:00
2021-10-21,350.0,350.0,334.0,340.1,31072,340.1,2026-09-03T19:35:10.700481+00:00
2021-10-24,340.1,346.5,334.0,345.0,37270,345.0,2026-09-03T19:35:10.700481+00:00
2021-10-25,351.0,378.0,344.0,372.0,62842,372.0,2026-09-03T19:35:10.700481+00:00
2021-10-26,379.0,395.0,372.0,385.0,81794,385.0,2026-09-03T19:35:10.700481+00:00
2021-10-27,385.0,395.9,376.0,383.0,59489,383.0,2026-09-03T19:35:10.700481+00:00
2021-10-28,375.5,406.0,375.5,397.0,52909,397.0,2026-09-03T19:35:10.700481+00:00
2021-10-31,404.9,433.5,392.0,426.0,87669,426.0,2026-09-03T19:35:10.700481+00:00
2021-11-01,434.0,441.0,407.1,410.0,90234,410.0,2026-09-03T19:35:10.700481+00:00
2021-11-02,405.0,421.0,395.0,412.0,46996,412.0,2026-09-03T19:35:10.700481+00:00
2021-11-03,419.0,424.0,410.0,413.0,40090,413.0,2026-09-03T19:35:10.700481+00:00
2021-11-08,408.0,420.0,401.0,406.0,55009,406.0,2026-09-03T19:35:10.700481+00:00
2021-11-09,398.5,401.9,383.5,388.1,64126,388.1,2026-09-03T19:35:10.700481+00:00
2021-11-11,381.0,394.0,375.0,379.0,48268,379.0,2026-09-03T19:35:10.700481+00:00
2021-11-14,373.0,385.0,372.0,374.0,27121,374.0,2026-09-03T19:35:10.700481+00:00
2021-11-15,381.0,384.0,376.0,383.0,44171,383.0,2026-09-03T19:35:10.700481+00:00
2021-11-16,383.0,405.0,382.9,404.9,79800,404.9,2026-09-03T19:35:10.700481+00:00
2021-11-17,412.0,421.0,395.1,398.0,54707,398.0,2026-09-03T19:35:10.700481+00:00
2021-11-18,398.0,400.0,388.2,389.0,31973,389.0,2026-09-03T19:35:10.700481+00:00
2021-11-21,390.0,395.0,386.1,387.4,30937,387.4,2026-09-03T19:35:10.700481+00:00
2021-11-22,388.2,397.5,387.5,391.0,31396,391.0,2026-09-03T19:35:10.700481+00:00
2021-11-23,385.0,388.0,378.0,380.0,45708,380.0,2026-09-03T19:35:10.700481+00:00
2021-11-24,375.5,385.0,372.0,380.0,22125,380.0,2026-09-03T19:35:10.700481+00:00
2021-11-25,387.0,387.0,374.0,376.0,18933,376.0,2026-09-03T19:35:10.700481+00:00
2021-11-28,368.9,380.0,356.0,365.1,49746,365.1,2026-09-03T19:35:10.700481+00:00
2021-11-29,362.0,375.0,362.0,367.0,26204,367.0,2026-09-03T19:35:10.700481+00:00
2021-11-30,363.1,375.5,361.0,366.0,29626,366.0,2026-09-03T19:35:10.700481+00:00
2021-12-01,373.0,377.0,366.1,371.5,28914,371.5,2026-09-03T19:35:10.700481+00:00
2021-12-02,371.0,371.9,355.0,362.0,52186,362.0,2026-09-03T19:35:10.700481+00:00
2021-12-05,356.0,360.0,350.0,352.0,37447,352.0,2026-09-03T19:35:10.700481+00:00
2021-12-06,359.0,370.0,336.2,365.0,51095,365.0,2026-09-03T19:35:10.700481+00:00
2021-12-07,365.0,372.3,353.0,355.0,28033,355.0,2026-09-03T19:35:10.700481+00:00
2021-12-08,351.0,358.0,345.0,347.0,22611,347.0,2026-09-03T19:35:10.700481+00:00
2021-12-09,341.0,350.1,338.1,339.0,35997,339.0,2026-09-03T19:35:10.700481+00:00
2021-12-12,338.0,339.0,328.0,329.4,29800,329.4,2026-09-03T19:35:10.700481+00:00
2021-12-13,323.7,330.1,301.0,310.0,51447,310.0,2026-09-03T19:35:10.700481+00:00
2021-12-14,316.0,334.9,313.0,334.0,16062,334.0,2026-09-03T19:35:10.700481+00:00
2021-12-15,335.0,355.0,324.0,335.1,48374,335.1,2026-09-03T19:35:10.700481+00:00
2021-12-16,328.5,335.0,320.0,326.0,43831,326.0,2026-09-03T19:35:10.700481+00:00
2021-12-20,321.0,333.0,316.0,321.5,35851,321.5,2026-09-03T19:35:10.700481+00:00
2021-12-21,327.9,351.1,320.0,351.1,63453,351.1,2026-09-03T19:35:10.700481+00:00
2021-12-22,358.0,372.0,345.0,371.0,75162,371.0,2026-09-03T19:35:10.700481+00:00
2021-12-23,368.0,376.0,358.0,365.0,45686,365.0,2026-09-03T19:35:10.700481+00:00
2021-12-26,364.0,372.0,355.0,360.0,42722,360.0,2026-09-03T19:35:10.700481+00:00
2021-12-27,355.0,365.0,334.0,342.0,54131,342.0,2026-09-03T19:35:10.700481+00:00
2021-12-28,336.1,351.9,333.1,344.0,36433,344.0,2026-09-03T19:35:10.700481+00:00
2021-12-29,339.0,348.0,339.0,343.8,30147,343.8,2026-09-03T19:35:10.700481+00:00
2022-01-02,348.0,350.0,341.1,344.3,22200,344.3,2026-09-03T19:35:10.700481+00:00
2022-01-03,340.0,351.0,340.0,345.8,23043,345.8,2026-09-03T19:35:10.700481+00:00
2022-01-04,351.0,365.0,342.0,359.5,47119,359.5,2026-09-03T19:35:10.700481+00:00
2022-01-05,366.0,373.0,352.4,359.0,50404,359.0,2026-09-03T19:35:10.700481+00:00
2022-01-06,353.0,369.0,353.0,367.0,41708,367.0,2026-09-03T19:35:10.700481+00:00
2022-01-09,370.0,388.6,370.0,383.0,78462,383.0,2026-09-03T19:35:10.700481+00:00
2022-01-10,385.0,395.0,375.2,384.0,93480,384.0,2026-09-03T19:35:10.700481+00:00
2022-01-11,382.0,409.0,380.0,408.0,123005,408.0,2026-09-03T19:35:10.700481+00:00
2022-01-12,416.0,425.0,398.0,405.0,165772,405.0,2026-09-03T19:35:10.700481+00:00
2022-01-13,410.0,441.0,401.0,436.6,217811,436.6,2026-09-03T19:35:10.700481+00:00
2022-01-16,445.0,452.0,435.0,438.0,191044,438.0,2026-09-03T19:35:10.700481+00:00
2022-01-17,440.0,440.0,426.2,432.0,117274,432.0,2026-09-03T19:35:10.700481+00:00
2022-01-18,426.3,435.0,417.8,420.0,92118,420.0,2026-09-03T19:35:10.700481+00:00
2022-01-19,420.0,427.0,411.8,413.0,74502,413.0,2026-09-03T19:35:10.700481+00:00
2022-01-20,410.0,428.4,406.0,427.5,78369,427.5,2026-09-03T19:35:10.700481+00:00
2022-01-23,420.0,434.8,417.5,419.0,65012,419.0,2026-09-03T19:35:10.700481+00:00
2022-01-24,415.0,417.0,395.1,401.0,125639,401.0,2026-09-03T19:35:10.700481+00:00
2022-01-25,395.0,411.0,392.0,398.0,83948,398.0,2026-09-03T19:35:10.700481+00:00
2022-01-26,394.0,404.0,386.0,393.0,62850,393.0,2026-09-03T19:35:10.700481+00:00
2022-01-27,390.0,398.0,386.0,392.0,33846,392.0,2026-09-03T19:35:10.700481+00:00
2022-01-30,399.8,415.0,399.8,415.0,75872,415.0,2026-09-03T19:35:10.700481+00:00
2022-01-31,416.0,420.0,407.0,408.0,52386,408.0,2026-09-03T19:35:10.700481+00:00
2022-02-01,401.0,425.0,401.0,422.0,114436,422.0,2026-09-03T19:35:10.700481+00:00
2022-02-03,425.0,435.0,420.5,420.5,129967,420.5,2026-09-03T19:35:10.700481+00:00
2022-02-06,428.9,428.9,409.0,413.2,84353,413.2,2026-09-03T19:35:10.700481+00:00
2022-02-07,414.0,425.0,407.0,418.1,103632,418.1,2026-09-03T19:35:10.700481+00:00
2022-02-08,426.0,440.0,415.6,425.0,235886,425.0,2026-09-03T19:35:10.700481+00:00
2022-02-09,417.0,422.0,412.7,420.0,69544,420.0,2026-09-03T19:35:10.700481+00:00
2022-02-10,420.0,426.0,415.0,425.0,89805,425.0,2026-09-03T19:35:10.700481+00:00
2022-02-13,416.5,416.5,399.0,399.0,118730,399.0,2026-09-03T19:35:10.700481+00:00
2022-02-14,405.0,408.0,395.0,401.0,41473,401.0,2026-09-03T19:35:10.700481+00:00
2022-02-15,404.0,420.0,396.2,420.0,49549,420.0,2026-09-03T19:35:10.700481+00:00
2022-02-16,420.0,420.0,402.0,408.0,35609,408.0,2026-09-03T19:35:10.700481+00:00
2022-02-17,415.0,416.1,401.1,406.0,23666,406.0,2026-09-03T19:35:10.700481+00:00
2022-02-20,406.0,419.0,392.0,406.0,67282,406.0,2026-09-03T19:35:10.700481+00:00
2022-02-21,409.6,418.0,403.2,414.0,43731,414.0,2026-09-03T19:35:10.700481+00:00
2022-02-22,414.9,418.9,408.0,409.0,38420,409.0,2026-09-03T19:35:10.700481+00:00
2022-02-23,404.0,418.0,404.0,408.1,52312,408.1,2026-09-03T19:35:10.700481+00:00
2022-02-24,400.0,410.0,396.0,400.0,63102,400.0,2026-09-03T19:35:10.700481+00:00
2022-02-27,404.0,415.0,404.0,410.0,64215,410.0,2026-09-03T19:35:10.700481+00:00
2022-02-28,418.2,425.0,392.0,392.0,75079,392.0,2026-09-03T19:35:10.700481+00:00
2022-03-02,385.0,393.0,377.3,377.6,45933,377.6,2026-09-03T19:35:10.700481+00:00
2022-03-06,377.6,385.0,371.0,375.0,33204,375.0,2026-09-03T19:35:10.700481+00:00
2022-03-07,375.0,382.0,368.0,370.0,38612,370.0,2026-09-03T19:35:10.700481+00:00
2022-03-09,377.0,377.0,356.0,360.0,35964,360.0,2026-09-03T19:35:10.700481+00:00
2022-03-10,360.0,386.0,360.0,383.0,35981,383.0,2026-09-03T19:35:10.700481+00:00
2022-03-13,388.0,394.9,382.2,390.0,41485,390.0,2026-09-03T19:35:10.700481+00:00
2022-03-14,383.1,390.0,380.0,382.0,13445,382.0,2026-09-03T19:35:10.700481+00:00
2022-03-15,376.1,384.9,374.4,378.0,24244,378.0,2026-09-03T19:35:10.700481+00:00
2022-03-16,370.5,380.0,370.5,374.6,27380,374.6,2026-09-03T19:35:10.700481+00:00
2022-03-20,375.0,378.0,369.0,372.0,7881,372.0,2026-09-03T19:35:10.700481+00:00
2022-03-21,372.0,385.0,366.1,384.9,16211,384.9,2026-09-03T19:35:10.700481+00:00
2022-03-22,384.0,391.6,378.0,378.0,30070,378.0,2026-09-03T19:35:10.700481+00:00
2022-03-23,374.0,382.0,373.2,375.0,21026,375.0,2026-09-03T19:35:10.700481+00:00
2022-03-24,375.0,379.0,370.0,370.3,16129,370.3,2026-09-03T19:35:10.700481+00:00
2022-03-27,370.0,370.0,364.3,366.1,25559,366.1,2026-09-03T19:35:10.700481+00:00
2022-03-28,361.1,369.9,361.0,364.0,23135,364.0,2026-09-03T19:35:10.700481+00:00
2022-03-29,360.0,370.0,358.0,363.0,16368,363.0,2026-09-03T19:35:10.700481+00:00
2022-03-30,360.2,380.4,359.2,379.0,23091,379.0,2026-09-03T19:35:10.700481+00:00
2022-03-31,380.0,380.0,365.0,369.0,11991,369.0,2026-09-03T19:35:10.700481+00:00
2022-04-03,361.8,370.0,357.0,357.6,25932,357.6,2026-09-03T19:35:10.700481+00:00
2022-04-04,355.0,360.0,354.0,355.0,19552,355.0,2026-09-03T19:35:10.700481+00:00
2022-04-05,352.0,358.0,345.0,346.5,32266,346.5,2026-09-03T19:35:10.700481+00:00
2022-04-06,345.0,354.0,341.2,344.0,20672,344.0,2026-09-03T19:35:10.700481+00:00
2022-04-07,349.0,356.0,343.0,351.1,28727,351.1,2026-09-03T19:35:10.700481+00:00
2022-04-11,353.0,366.0,343.2,345.0,22001,345.0,2026-09-03T19:35:10.700481+00:00
2022-04-12,340.1,345.0,335.2,339.0,21624,339.0,2026-09-03T19:35:10.700481+00:00
2022-04-13,340.0,351.9,335.0,341.1,19187,341.1,2026-09-03T19:35:10.700481+00:00
2022-04-17,341.0,351.9,338.0,345.0,21809,345.0,2026-09-03T19:35:10.700481+00:00
2022-04-18,339.0,345.0,333.3,334.0,15609,334.0,2026-09-03T19:35:10.700481+00:00
2022-04-19,328.0,341.0,328.0,334.0,10375,334.0,2026-09-03T19:35:10.700481+00:00
2022-04-20,334.0,338.0,320.0,324.0,18663,324.0,2026-09-03T19:35:10.700481+00:00
2022-04-21,317.8,328.0,316.0,328.0,18999,328.0,2026-09-03T19:35:10.700481+00:00
2022-04-24,327.9,360.0,326.0,354.0,27534,354.0,2026-09-03T19:35:10.700481+00:00
2022-04-25,354.0,360.0,337.0,337.0,40332,337.0,2026-09-03T19:35:10.700481+00:00
2022-04-26,337.0,349.8,331.5,335.0,11571,335.0,2026-09-03T19:35:10.700481+00:00
2022-04-27,334.0,347.0,329.8,334.0,8322,334.0,2026-09-03T19:35:10.700481+00:00
2022-04-28,335.0,341.7,329.0,335.0,18134,335.0,2026-09-03T19:35:10.700481+00:00
2022-05-02,330.5,330.5,324.0,325.0,13979,325.0,2026-09-03T19:35:10.700481+00:00
2022-05-04,320.0,331.0,310.0,315.0,34447,315.0,2026-09-03T19:35:10.700481+00:00
2022-05-05,309.0,315.0,298.0,304.0,55548,304.0,2026-09-03T19:35:10.700481+00:00
2022-05-08,298.2,305.0,288.0,305.0,43827,305.0,2026-09-03T19:35:10.700481+00:00
2022-05-09,300.1,315.0,300.0,315.0,55369,315.0,2026-09-03T19:35:10.700481+00:00
2022-05-10,308.7,342.9,305.1,319.0,41848,319.0,2026-09-03T19:35:10.700481+00:00
2022-05-11,325.3,341.6,322.0,337.9,53077,337.9,2026-09-03T19:35:10.700481+00:00
2022-05-12,342.0,347.0,328.3,328.3,38682,328.3,2026-09-03T19:35:10.700481+00:00
2022-05-17,323.0,329.4,311.0,311.0,42447,311.0,2026-09-03T19:35:10.700481+00:00
2022-05-18,305.1,325.2,305.1,320.0,29724,320.0,2026-09-03T19:35:10.700481+00:00
2022-05-19,314.0,325.8,313.6,315.0,20973,315.0,2026-09-03T19:35:10.700481+00:00
2022-05-20,310.0,317.0,308.0,308.0,20558,308.0,2026-09-03T19:35:10.700481+00:00
2022-05-23,305.0,309.8,300.0,305.0,33576,305.0,2026-09-03T19:35:10.700481+00:00
2022-05-24,301.0,314.0,299.2,308.0,17775,308.0,2026-09-03T19:35:10.700481+00:00
2022-05-25,314.0,314.1,305.0,307.0,12670,307.0,2026-09-03T19:35:10.700481+00:00
2022-05-26,301.3,315.0,301.3,308.9,7027,308.9,2026-09-03T19:35:10.700481+00:00
2022-05-27,305.1,307.9,302.0,307.0,13023,307.0,2026-09-03T19:35:10.700481+00:00
2022-05-30,311.9,311.9,295.0,296.0,27643,296.0,2026-09-03T19:35:10.700481+00:00
2022-05-31,293.0,310.0,291.0,295.0,21354,295.0,2026-09-03T19:35:10.700481+00:00
2022-06-01,300.9,305.9,294.2,297.0,14921,297.0,2026-09-03T19:35:10.700481+00:00
2022-06-02,300.0,302.9,292.0,294.0,9000,294.0,2026-09-03T19:35:10.700481+00:00
2022-06-03,290.0,295.0,288.5,289.0,23113,289.0,2026-09-03T19:35:10.700481+00:00
2022-06-06,290.0,297.0,289.1,289.1,12675,289.1,2026-09-03T19:35:10.700481+00:00
2022-06-07,287.0,290.0,277.8,280.0,26735,280.0,2026-09-03T19:35:10.700481+00:00
2022-06-08,280.0,299.0,280.0,295.0,32376,295.0,2026-09-03T19:35:10.700481+00:00
2022-06-09,295.0,300.0,287.0,287.2,26559,287.2,2026-09-03T19:35:10.700481+00:00
2022-06-10,282.0,292.0,282.0,290.0,11520,290.0,2026-09-03T19:35:10.700481+00:00
2022-06-13,285.1,289.0,282.0,283.0,4773,283.0,2026-09-03T19:35:10.700481+00:00
2022-06-14,283.0,283.0,273.0,276.0,16889,276.0,2026-09-03T19:35:10.700481+00:00
2022-06-15,270.7,274.0,266.0,270.0,21533,270.0,2026-09-03T19:35:10.700481+00:00
2022-06-16,270.0,285.0,268.9,272.0,15332,272.0,2026-09-03T19:35:10.700481+00:00
2022-06-17,273.0,277.0,271.0,275.0,1410,275.0,2026-09-03T19:35:10.700481+00:00
2022-06-19,275.0,275.0,263.0,263.7,16423,263.7,2026-09-03T19:35:10.700481+00:00
2022-06-20,259.1,263.0,251.0,258.0,28425,258.0,2026-09-03T19:35:10.700481+00:00
2022-06-21,252.9,272.0,247.1,262.0,21755,262.0,2026-09-03T19:35:10.700481+00:00
2022-06-22,262.0,262.0,248.0,251.0,18265,251.0,2026-09-03T19:35:10.700481+00:00
2022-06-23,246.0,246.0,237.1,237.1,31890,237.1,2026-09-03T19:35:10.700481+00:00
2022-06-24,232.4,246.0,229.0,235.0,14029,235.0,2026-09-03T19:35:10.700481+00:00
2022-06-26,238.0,257.0,236.0,257.0,22993,257.0,2026-09-03T19:35:10.700481+00:00
2022-06-27,260.0,260.0,247.9,250.0,18948,250.0,2026-09-03T19:35:10.700481+00:00
2022-06-28,245.3,248.0,241.0,245.0,17528,245.0,2026-09-03T19:35:10.700481+00:00
2022-06-29,240.3,259.0,240.3,259.0,25454,259.0,2026-09-03T19:35:10.700481+00:00
2022-06-30,259.3,270.0,256.0,270.0,40364,270.0,2026-09-03T19:35:10.700481+00:00
2022-07-01,265.1,271.9,259.7,265.1,10784,265.1,2026-09-03T19:35:10.700481+00:00
2022-07-03,268.0,291.6,260.0,291.5,109186,291.5,2026-09-03T19:35:10.700481+00:00
2022-07-04,297.3,302.0,272.5,281.0,84981,281.0,2026-09-03T19:35:10.700481+00:00
2022-07-05,276.0,292.0,272.0,273.0,50754,273.0,2026-09-03T19:35:10.700481+00:00
2022-07-06,278.0,278.0,260.0,269.0,45598,269.0,2026-09-03T19:35:10.700481+00:00
2022-07-07,274.3,279.6,266.6,270.5,21535,270.5,2026-09-03T19:35:10.700481+00:00
2022-07-08,275.9,275.9,260.2,262.3,14315,262.3,2026-09-03T19:35:10.700481+00:00
2022-07-11,257.1,257.1,241.1,241.2,54791,241.2,2026-09-03T19:35:10.700481+00:00
2022-07-12,240.0,254.0,237.0,247.0,39274,247.0,2026-09-03T19:35:10.700481+00:00
2022-07-13,251.0,268.0,246.0,262.4,29747,262.4,2026-09-03T19:35:10.700481+00:00
2022-07-14,267.5,278.4,257.5,275.0,47160,275.0,2026-09-03T19:35:10.700481+00:00
2022-07-15,275.0,276.9,260.0,273.0,23903,273.0,2026-09-03T19:35:10.700481+00:00
2022-07-17,268.0,270.0,262.3,263.0,10080,263.0,2026-09-03T19:35:10.700481+00:00
2022-07-18,258.0,270.0,258.0,270.0,13186,270.0,2026-09-03T19:35:10.700481+00:00
2022-07-19,271.0,274.0,267.0,268.0,30950,268.0,2026-09-03T19:35:10.700481+00:00
2022-07-20,268.3,274.9,263.1,266.7,25045,266.7,2026-09-03T19:35:10.700481+00:00
2022-07-21,261.5,270.0,261.4,264.0,12360,264.0,2026-09-03T19:35:10.700481+00:00
2022-07-22,260.0,265.0,260.0,260.0,18127,260.0,2026-09-03T19:35:10.700481+00:00
2022-07-24,260.0,270.0,257.0,265.0,19998,265.0,2026-09-03T19:35:10.700481+00:00
2022-07-25,269.0,286.6,266.0,281.0,53487,281.0,2026-09-03T19:35:10.700481+00:00
2022-07-26,276.0,288.0,270.5,270.7,61861,270.7,2026-09-03T19:35:10.700481+00:00
2022-07-27,266.0,281.5,266.0,278.0,33512,278.0,2026-09-03T19:35:10.700481+00:00
2022-07-28,283.5,289.1,276.2,283.0,83114,283.0,2026-09-03T19:35:10.700481+00:00
2022-07-29,286.9,286.9,278.0,279.0,18315,279.0,2026-09-03T19:35:10.700481+00:00
2022-07-31,278.0,288.0,276.0,280.0,39224,280.0,2026-09-03T19:35:10.700481+00:00
2022-08-01,280.0,288.7,278.0,284.9,57413,284.9,2026-09-03T19:35:10.700481+00:00
2022-08-02,284.0,289.9,280.0,283.0,38452,283.0,2026-09-03T19:35:10.700481+00:00
2022-08-03,288.0,300.0,282.3,290.0,82897,290.0,2026-09-03T19:35:10.700481+00:00
2022-08-04,290.0,293.0,284.0,285.0,34178,285.0,2026-09-03T19:35:10.700481+00:00
2022-08-05,280.1,284.0,275.1,278.0,24002,278.0,2026-09-03T19:35:10.700481+00:00
2022-08-07,278.0,284.0,274.5,279.0,23574,279.0,2026-09-03T19:35:10.700481+00:00
2022-08-08,276.0,290.0,275.0,276.0,28825,276.0,2026-09-03T19:35:10.700481+00:00
2022-08-09,275.0,277.0,263.0,263.0,38226,263.0,2026-09-03T19:35:10.700481+00:00
2022-08-10,268.0,268.0,258.0,264.0,33524,264.0,2026-09-03T19:35:10.700481+00:00
2022-08-11,260.1,268.9,259.7,260.0,20695,260.0,2026-09-03T19:35:10.700481+00:00
2022-08-14,255.0,264.0,255.0,259.0,26274,259.0,2026-09-03T19:35:10.700481+00:00
2022-08-15,259.0,268.0,255.0,265.0,26275,265.0,2026-09-03T19:35:10.700481+00:00
2022-08-16,270.0,271.3,255.0,259.0,46106,259.0,2026-09-03T19:35:10.700481+00:00
2022-08-17,255.0,265.0,255.0,259.0,12397,259.0,2026-09-03T19:35:10.700481+00:00
2022-08-18,262.0,269.0,259.7,262.0,27607,262.0,2026-09-03T19:35:10.700481+00:00
2022-08-21,267.2,270.0,261.0,261.2,15385,261.2,2026-09-03T19:35:10.700481+00:00
2022-08-22,266.0,266.0,259.1,259.1,12634,259.1,2026-09-03T19:35:10.700481+00:00
2022-08-23,259.0,264.0,258.0,260.0,17237,260.0,2026-09-03T19:35:10.700481+00:00
2022-08-24,265.0,265.0,259.0,259.0,14480,259.0,2026-09-03T19:35:10.700481+00:00
2022-08-25,255.0,264.0,253.0,257.0,35420,257.0,2026-09-03T19:35:10.700481+00:00
2022-08-26,252.0,259.0,250.0,250.0,16772,250.0,2026-09-03T19:35:10.700481+00:00
2022-08-28,252.0,252.0,240.1,242.0,25089,242.0,2026-09-03T19:35:10.700481+00:00
2022-08-29,240.0,250.0,240.0,245.2,16422,245.2,2026-09-03T19:35:10.700481+00:00
2022-08-30,250.0,255.0,243.6,247.0,12922,247.0,2026-09-03T19:35:10.700481+00:00
2022-08-31,247.0,247.2,242.1,242.5,11345,242.5,2026-09-03T19:35:10.700481+00:00
2022-09-01,240.0,245.0,237.2,240.0,23120,240.0,2026-09-03T19:35:10.700481+00:00
2022-09-02,243.0,244.0,240.0,243.0,7786,243.0,2026-09-03T19:35:10.700481+00:00
2022-09-04,246.0,246.0,239.2,240.0,12683,240.0,2026-09-03T19:35:10.700481+00:00
2022-09-05,243.0,243.0,238.0,239.0,8935,239.0,2026-09-03T19:35:10.700481+00:00
2022-09-06,235.2,239.0,232.5,234.0,24621,234.0,2026-09-03T19:35:10.700481+00:00
2022-09-07,231.0,234.5,230.0,232.0,12166,232.0,2026-09-03T19:35:10.700481+00:00
2022-09-08,228.1,241.9,228.1,236.0,12620,236.0,2026-09-03T19:35:10.700481+00:00
2022-09-11,236.0,236.0,228.5,228.6,13688,228.6,2026-09-03T19:35:10.700481+00:00
2022-09-12,227.0,232.0,225.5,228.0,7811,228.0,2026-09-03T19:35:10.700481+00:00
2022-09-13,230.0,233.5,225.3,230.0,11475,230.0,2026-09-03T19:35:10.700481+00:00
2022-09-14,233.0,238.2,229.4,238.0,13493,238.0,2026-09-03T19:35:10.700481+00:00
2022-09-15,239.9,239.9,226.1,226.4,26435,226.4,2026-09-03T19:35:10.700481+00:00
2022-09-16,225.0,230.9,218.0,226.2,8616,226.2,2026-09-03T19:35:10.700481+00:00
2022-09-18,222.6,226.5,220.2,220.5,14697,220.5,2026-09-03T19:35:10.700481+00:00
2022-09-20,222.0,222.0,215.6,217.0,20732,217.0,2026-09-03T19:35:10.700481+00:00
2022-09-21,220.0,221.0,216.8,218.0,5275,218.0,2026-09-03T19:35:10.700481+00:00
2022-09-22,214.7,221.5,214.6,218.0,6302,218.0,2026-09-03T19:35:10.700481+00:00
2022-09-25,216.0,220.0,214.2,216.0,9784,216.0,2026-09-03T19:35:10.700481+00:00
2022-09-27,219.0,220.0,215.0,217.0,9289,217.0,2026-09-03T19:35:10.700481+00:00
2022-09-28,218.0,222.0,216.3,222.0,6600,222.0,2026-09-03T19:35:10.700481+00:00
2022-09-29,225.0,225.0,218.0,222.0,9185,222.0,2026-09-03T19:35:10.700481+00:00
2022-10-09,220.1,230.9,220.1,228.5,8311,228.5,2026-09-03T19:35:10.700481+00:00
2022-10-10,224.8,225.0,220.5,220.5,7184,220.5,2026-09-03T19:35:10.700481+00:00
2022-10-11,217.7,221.0,217.0,218.8,16807,218.8,2026-09-03T19:35:10.700481+00:00
2022-10-12,223.0,223.0,216.1,218.0,7332,218.0,2026-09-03T19:35:10.700481+00:00
2022-10-13,218.3,220.5,218.3,218.3,11668,218.3,2026-09-03T19:35:10.700481+00:00
2022-10-16,218.2,219.9,217.5,218.3,10157,218.3,2026-09-03T19:35:10.700481+00:00
2022-10-17,217.0,217.1,215.9,216.2,9348,216.2,2026-09-03T19:35:10.700481+00:00
2022-10-19,216.0,218.0,211.2,212.0,10716,212.0,2026-09-03T19:35:10.700481+00:00
2022-10-20,210.2,217.0,210.0,215.0,8641,215.0,2026-09-03T19:35:10.700481+00:00
2022-10-23,211.3,220.0,211.3,220.0,5234,220.0,2026-09-03T19:35:10.700481+00:00
2022-10-31,217.0,223.0,216.0,216.0,16735,216.0,2026-09-03T19:35:10.700481+00:00
2022-11-01,218.0,227.0,218.0,227.0,17217,227.0,2026-09-03T19:35:10.700481+00:00
2022-11-02,227.0,230.0,223.0,224.0,16215,224.0,2026-09-03T19:35:10.700481+00:00
2022-11-03,220.2,228.0,220.0,220.0,12813,220.0,2026-09-03T19:35:10.700481+00:00
2022-11-06,218.1,231.5,218.1,231.5,16874,231.5,2026-09-03T19:35:10.700481+00:00
2022-11-07,236.0,236.1,224.3,229.2,18705,229.2,2026-09-03T19:35:10.700481+00:00
2022-11-08,226.0,230.0,222.0,228.0,6105,228.0,2026-09-03T19:35:10.700481+00:00
2022-11-09,225.0,232.5,222.0,223.4,12377,223.4,2026-09-03T19:35:10.700481+00:00
2022-11-10,220.1,223.4,216.0,216.1,23591,216.1,2026-09-03T19:35:10.700481+00:00
2022-11-13,220.0,223.0,215.1,217.0,7171,217.0,2026-09-03T19:35:10.700481+00:00
2022-11-14,215.0,222.0,215.0,222.0,7625,222.0,2026-09-03T19:35:10.700481+00:00
2022-11-15,219.5,222.0,218.0,219.0,5147,219.0,2026-09-03T19:35:10.700481+00:00
2022-11-16,221.0,225.0,217.3,222.0,7100,222.0,2026-09-03T19:35:10.700481+00:00
2022-11-17,226.0,231.0,224.5,230.8,27769,230.8,2026-09-03T19:35:10.700481+00:00
2022-11-22,231.0,233.9,227.1,227.2,10100,227.2,2026-09-03T19:35:10.700481+00:00
2022-11-23,226.0,229.0,224.0,226.0,6458,226.0,2026-09-03T19:35:10.700481+00:00
2022-11-24,226.0,226.0,220.1,222.0,23653,222.0,2026-09-03T19:35:10.700481+00:00
2022-11-27,221.5,226.4,221.0,225.5,12147,225.5,2026-09-03T19:35:10.700481+00:00
2022-11-28,230.0,230.0,222.1,222.1,8135,222.1,2026-09-03T19:35:10.700481+00:00
2022-11-29,220.0,228.9,220.0,226.0,5898,226.0,2026-09-03T19:35:10.700481+00:00
2022-11-30,230.0,232.0,223.1,227.0,12505,227.0,2026-09-03T19:35:10.700481+00:00
2022-12-01,226.0,228.0,223.3,227.8,12990,227.8,2026-09-03T19:35:10.700481+00:00
2022-12-04,230.0,234.6,225.5,228.0,21721,228.0,2026-09-03T19:35:10.700481+00:00
2022-12-05,226.0,228.8,224.1,228.0,36425,228.0,2026-09-03T19:35:10.700481+00:00
2022-12-06,227.0,230.0,224.0,227.0,9996,227.0,2026-09-03T19:35:10.700481+00:00
2022-12-07,231.5,231.5,225.1,225.2,11030,225.2,2026-09-03T19:35:10.700481+00:00
2022-12-11,224.5,226.0,221.0,222.0,14067,222.0,2026-09-03T19:35:10.700481+00:00
2022-12-12,221.0,227.0,220.6,227.0,9215,227.0,2026-09-03T19:35:10.700481+00:00
2022-12-13,231.0,239.0,225.0,235.2,29380,235.2,2026-09-03T19:35:10.700481+00:00
2022-12-14,239.9,256.0,232.0,249.9,92705,249.9,2026-09-03T19:35:10.700481+00:00
2022-12-15,254.8,254.8,237.3,241.0,24908,241.0,2026-09-03T19:35:10.700481+00:00
2022-12-18,238.0,245.5,234.0,235.0,21050,235.0,2026-09-03T19:35:10.700481+00:00
2022-12-19,233.0,241.9,232.0,236.8,29803,236.8,2026-09-03T19:35:10.700481+00:00
2022-12-20,241.5,253.0,237.0,245.9,29915,245.9,2026-09-03T19:35:10.700481+00:00
2022-12-21,241.0,247.9,238.8,238.8,17468,238.8,2026-09-03T19:35:10.700481+00:00
2022-12-22,239.0,242.0,231.3,236.0,40286,236.0,2026-09-03T19:35:10.700481+00:00
2022-12-26,235.0,255.0,235.0,255.0,58023,255.0,2026-09-03T19:35:10.700481+00:00
2022-12-27,260.1,278.0,250.0,270.0,127953,270.0,2026-09-03T19:35:10.700481+00:00
2022-12-28,264.9,280.0,260.0,274.4,50731,274.4,2026-09-03T19:35:10.700481+00:00
2022-12-29,274.4,295.0,269.0,293.0,58175,293.0,2026-09-03T19:35:10.700481+00:00
2023-01-01,293.0,306.0,286.0,293.0,74734,293.0,2026-09-03T19:35:10.700481+00:00
2023-01-02,287.3,295.0,284.0,290.0,31928,290.0,2026-09-03T19:35:10.700481+00:00
2023-01-03,285.1,295.0,282.0,285.0,29781,285.0,2026-09-03T19:35:10.700481+00:00
2023-01-04,284.0,294.0,283.0,290.9,46953,290.9,2026-09-03T19:35:10.700481+00:00
2023-01-05,296.7,296.7,285.0,285.4,48416,285.4,2026-09-03T19:35:10.700481+00:00
2023-01-08,284.0,304.0,283.5,299.8,95594,299.8,2026-09-03T19:35:10.700481+00:00
2023-01-09,301.0,318.0,301.0,310.5,102996,310.5,2026-09-03T19:35:10.700481+00:00
2023-01-10,316.7,323.0,300.0,306.0,111870,306.0,2026-09-03T19:35:10.700481+00:00
2023-01-12,310.0,316.0,296.0,297.0,85295,297.0,2026-09-03T19:35:10.700481+00:00
2023-01-17,302.9,322.0,296.1,320.0,106192,320.0,2026-09-03T19:35:10.700481+00:00
2023-01-18,315.0,333.0,315.0,320.0,132467,320.0,2026-09-03T19:35:10.700481+00:00
2023-01-19,320.0,330.0,316.1,324.0,76675,324.0,2026-09-03T19:35:10.700481+00:00
2023-01-23,320.1,326.0,314.0,314.0,74922,314.0,2026-09-03T19:35:10.700481+00:00
2023-01-24,309.3,318.0,309.3,313.5,38501,313.5,2026-09-03T19:35:10.700481+00:00
2023-01-25,308.2,325.1,308.2,317.2,38808,317.2,2026-09-03T19:35:10.700481+00:00
2023-01-26,323.0,339.6,313.3,329.0,93470,329.0,2026-09-03T19:35:10.700481+00:00
2023-01-29,324.0,337.9,323.0,329.8,74735,329.8,2026-09-03T19:35:10.700481+00:00
2023-01-30,323.7,330.9,316.0,320.0,67998,320.0,2026-09-03T19:35:10.700481+00:00
2023-01-31,314.1,325.0,313.7,317.0,56836,317.0,2026-09-03T19:35:10.700481+00:00
2023-02-01,311.3,320.0,311.3,316.0,16781,316.0,2026-09-03T19:35:10.700481+00:00
2023-02-02,314.2,319.0,311.2,313.0,30967,313.0,2026-09-03T19:35:10.700481+00:00
2023-02-05,310.0,316.0,308.0,310.0,38262,310.0,2026-09-03T19:35:10.700481+00:00
2023-02-06,309.0,311.0,307.0,309.0,21088,309.0,2026-09-03T19:35:10.700481+00:00
2023-02-07,314.0,325.0,312.0,325.0,53871,325.0,2026-09-03T19:35:10.700481+00:00
2023-02-08,325.0,334.0,322.0,327.0,71385,327.0,2026-09-03T19:35:10.700481+00:00
2023-02-09,329.0,330.0,321.1,325.0,31633,325.0,2026-09-03T19:35:10.700481+00:00
2023-02-12,318.5,320.0,312.3,312.3,40273,312.3,2026-09-03T19:35:10.700481+00:00
2023-02-14,310.2,311.0,305.4,309.0,25914,309.0,2026-09-03T19:35:10.700481+00:00
2023-02-15,305.2,310.0,302.0,303.0,37783,303.0,2026-09-03T19:35:10.700481+00:00
2023-02-16,309.0,309.0,302.9,303.0,38099,303.0,2026-09-03T19:35:10.700481+00:00
2023-02-20,298.3,306.0,298.3,302.1,33634,302.1,2026-09-03T19:35:10.700481+00:00
2023-02-22,302.2,316.2,302.2,310.0,28454,310.0,2026-09-03T19:35:10.700481+00:00
2023-02-23,304.0,308.0,298.2,305.0,25981,305.0,2026-09-03T19:35:10.700481+00:00
2023-02-26,299.0,308.0,290.0,306.0,38342,306.0,2026-09-03T19:35:10.700481+00:00
2023-02-27,301.5,307.5,300.0,305.9,24408,305.9,2026-09-03T19:35:10.700481+00:00
2023-02-28,302.6,312.0,302.6,308.9,37700,308.9,2026-09-03T19:35:10.700481+00:00
2023-03-01,305.2,311.0,305.2,305.3,14798,305.3,2026-09-03T19:35:10.700481+00:00
2023-03-02,302.0,303.0,297.2,300.5,14427,300.5,2026-09-03T19:35:10.700481+00:00
2023-03-05,300.0,301.0,294.5,297.5,17796,297.5,2026-09-03T19:35:10.700481+00:00
2023-03-07,292.2,305.0,292.2,302.1,21001,302.1,2026-09-03T19:35:10.700481+00:00
2023-03-09,302.0,313.7,302.0,313.7,34480,313.7,2026-09-03T19:35:10.700481+00:00
2023-03-12,313.0,314.0,306.0,306.3,23216,306.3,2026-09-03T19:35:10.700481+00:00
2023-03-13,304.5,306.0,301.0,306.0,8450,306.0,2026-09-03T19:35:10.700481+00:00
2023-03-14,300.7,311.0,300.7,306.0,18125,306.0,2026-09-03T19:35:10.700481+00:00
2023-03-15,303.0,308.0,303.0,307.7,15350,307.7,2026-09-03T19:35:10.700481+00:00
2023-03-16,301.6,308.0,300.0,302.0,34252,302.0,2026-09-03T19:35:10.700481+00:00
2023-03-19,300.0,310.0,300.0,306.0,20144,306.0,2026-09-03T19:35:10.700481+00:00
2023-03-20,303.5,313.0,303.5,313.0,28289,313.0,2026-09-03T19:35:10.700481+00:00
2023-03-22,314.0,319.5,312.0,315.0,48353,315.0,2026-09-03T19:35:10.700481+00:00
2023-03-23,311.0,311.0,305.0,306.4,24104,306.4,2026-09-03T19:35:10.700481+00:00
2023-03-26,301.0,308.0,300.3,305.0,26515,305.0,2026-09-03T19:35:10.700481+00:00
2023-03-27,302.4,314.0,302.1,311.1,18380,311.1,2026-09-03T19:35:10.700481+00:00
2023-03-28,316.9,316.9,306.0,310.5,57537,310.5,2026-09-03T19:35:10.700481+00:00
2023-03-29,306.0,310.1,306.0,308.0,9185,308.0,2026-09-03T19:35:10.700481+00:00
2023-03-30,314.0,314.0,303.1,305.0,24044,305.0,2026-09-03T19:35:10.700481+00:00
2023-04-02,306.0,310.0,300.0,303.0,21484,303.0,2026-09-03T19:35:10.700481+00:00
2023-04-03,302.0,304.0,299.0,301.0,11180,301.0,2026-09-03T19:35:10.700481+00:00
2023-04-04,299.1,306.0,299.1,302.9,18367,302.9,2026-09-03T19:35:10.700481+00:00
2023-04-05,299.0,304.9,299.0,302.4,13053,302.4,2026-09-03T19:35:10.700481+00:00
2023-04-06,304.9,307.0,301.0,301.1,10333,301.1,2026-09-03T19:35:10.700481+00:00
2023-04-09,300.0,300.0,293.0,293.0,20301,293.0,2026-09-03T19:35:10.700481+00:00
2023-04-10,293.0,298.8,292.2,293.0,10437,293.0,2026-09-03T19:35:10.700481+00:00
2023-04-11,292.0,306.0,292.0,300.0,8112,300.0,2026-09-03T19:35:10.700481+00:00
2023-04-12,300.0,313.5,300.0,310.2,27558,310.2,2026-09-03T19:35:10.700481+00:00
2023-04-13,315.4,315.4,305.0,308.0,28504,308.0,2026-09-03T19:35:10.700481+00:00
2023-04-16,305.0,310.0,304.0,304.4,13035,304.4,2026-09-03T19:35:10.700481+00:00
2023-04-17,305.0,305.0,299.1,301.0,12468,301.0,2026-09-03T19:35:10.700481+00:00
2023-04-18,299.1,303.0,297.2,302.0,10742,302.0,2026-09-03T19:35:10.700481+00:00
2023-04-19,299.1,305.5,299.1,301.0,17331,301.0,2026-09-03T19:35:10.700481+00:00
2023-04-20,301.0,302.0,298.1,299.0,19806,299.0,2026-09-03T19:35:10.700481+00:00
2023-04-23,297.0,299.0,294.0,295.4,9469,295.4,2026-09-03T19:35:10.700481+00:00
2023-04-24,295.0,298.7,292.0,297.0,8500,297.0,2026-09-03T19:35:10.700481+00:00
2023-04-25,292.0,301.6,292.0,300.0,6577,300.0,2026-09-03T19:35:10.700481+00:00
2023-04-26,294.0,302.0,294.0,300.0,8030,300.0,2026-09-03T19:35:10.700481+00:00
2023-04-27,294.0,299.0,294.0,295.1,4421,295.1,2026-09-03T19:35:10.700481+00:00
2023-04-30,291.1,293.0,289.0,289.6,11954,289.6,2026-09-03T19:35:10.700481+00:00
2023-05-02,288.4,289.0,280.0,280.5,13365,280.5,2026-09-03T19:35:10.700481+00:00
2023-05-03,280.0,285.0,276.2,276.2,13365,276.2,2026-09-03T19:35:10.700481+00:00
2023-05-04,274.5,302.9,274.5,285.0,15831,285.0,2026-09-03T19:35:10.700481+00:00
2023-05-07,280.0,284.0,280.0,283.0,7090,283.0,2026-09-03T19:35:10.700481+00:00
2023-05-08,279.0,285.0,270.6,273.0,14165,273.0,2026-09-03T19:35:10.700481+00:00
2023-05-09,269.3,288.5,269.3,276.9,11035,276.9,2026-09-03T19:35:10.700481+00:00
2023-05-10,275.0,282.4,272.1,276.9,5779,276.9,2026-09-03T19:35:10.700481+00:00
2023-05-11,273.4,280.0,273.4,280.0,7490,280.0,2026-09-03T19:35:10.700481+00:00
2023-05-14,275.1,275.1,269.0,270.1,10078,270.1,2026-09-03T19:35:10.700481+00:00
2023-05-15,269.0,269.9,261.6,268.0,5800,268.0,2026-09-03T19:35:10.700481+00:00
2023-05-16,264.1,276.0,263.4,274.0,12888,274.0,2026-09-03T19:35:10.700481+00:00
2023-05-17,271.0,283.9,269.2,276.5,9600,276.5,2026-09-03T19:35:10.700481+00:00
2023-05-18,275.0,290.0,273.1,289.0,19472,289.0,2026-09-03T19:35:10.700481+00:00
2023-05-21,286.0,293.0,286.0,287.0,21176,287.0,2026-09-03T19:35:10.700481+00:00
2023-05-22,292.7,294.0,281.0,289.0,8125,289.0,2026-09-03T19:35:10.700481+00:00
2023-05-23,286.0,295.0,286.0,293.6,15325,293.6,2026-09-03T19:35:10.700481+00:00
2023-05-24,288.0,297.0,288.0,294.0,26462,294.0,2026-09-03T19:35:10.700481+00:00
2023-05-28,299.0,304.0,288.2,300.0,29685,300.0,2026-09-03T19:35:10.700481+00:00
2023-05-30,294.0,299.8,287.2,291.2,14141,291.2,2026-09-03T19:35:10.700481+00:00
2023-05-31,286.0,295.0,278.0,278.0,20748,278.0,2026-09-03T19:35:10.700481+00:00
2023-06-01,280.0,286.0,277.1,283.0,19511,283.0,2026-09-03T19:35:10.700481+00:00
2023-06-04,288.0,296.0,287.0,293.9,15995,293.9,2026-09-03T19:35:10.700481+00:00
2023-06-05,293.9,305.6,290.1,293.2,27474,293.2,2026-09-03T19:35:10.700481+00:00
2023-06-06,299.0,315.0,292.0,313.9,77192,313.9,2026-09-03T19:35:10.700481+00:00
2023-06-07,312.0,324.0,312.0,318.0,103643,318.0,2026-09-03T19:35:10.700481+00:00
2023-06-08,314.4,324.0,314.4,322.2,41289,322.2,2026-09-03T19:35:10.700481+00:00
2023-06-11,322.0,327.9,317.0,325.0,58187,325.0,2026-09-03T19:35:10.700481+00:00
2023-06-12,328.0,328.0,318.0,322.0,54957,322.0,2026-09-03T19:35:10.700481+00:00
2023-06-13,318.0,341.8,316.1,335.0,127551,335.0,2026-09-03T19:35:10.700481+00:00
2023-06-14,335.0,347.8,333.3,335.0,127466,335.0,2026-09-03T19:35:10.700481+00:00
2023-06-15,333.0,341.5,330.0,337.0,76960,337.0,2026-09-03T19:35:10.700481+00:00
2023-06-18,337.0,368.0,332.0,363.0,142425,363.0,2026-09-03T19:35:10.700481+00:00
2023-06-19,365.0,371.0,353.3,356.0,76040,356.0,2026-09-03T19:35:10.700481+00:00
2023-06-20,360.0,360.0,335.0,337.5,79872,337.5,2026-09-03T19:35:10.700481+00:00
2023-06-21,338.0,355.0,337.2,337.2,84623,337.2,2026-09-03T19:35:10.700481+00:00
2023-06-22,334.3,344.0,324.7,340.0,74596,340.0,2026-09-03T19:35:10.700481+00:00
2023-06-25,333.2,350.0,330.3,342.0,67471,342.0,2026-09-03T19:35:10.700481+00:00
2023-06-26,339.0,348.8,333.2,335.2,65045,335.2,2026-09-03T19:35:10.700481+00:00
2023-06-27,341.9,345.0,331.0,340.0,46474,340.0,2026-09-03T19:35:10.700481+00:00
2023-06-28,340.0,340.0,327.5,327.5,50915,327.5,2026-09-03T19:35:10.700481+00:00
2023-07-02,323.0,328.0,314.8,315.0,60772,315.0,2026-09-03T19:35:10.700481+00:00
2023-07-03,309.5,321.3,309.5,311.0,36143,311.0,2026-09-03T19:35:10.700481+00:00
2023-07-04,310.0,316.5,310.0,312.0,31481,312.0,2026-09-03T19:35:10.700481+00:00
2023-07-05,311.1,317.0,308.0,309.0,27517,309.0,2026-09-03T19:35:10.700481+00:00
2023-07-06,309.1,312.0,305.0,310.1,25416,310.1,2026-09-03T19:35:10.700481+00:00
2023-07-09,310.0,320.0,310.0,311.0,21522,311.0,2026-09-03T19:35:10.700481+00:00
2023-07-10,310.0,315.0,302.5,307.0,29922,307.0,2026-09-03T19:35:10.700481+00:00
2023-07-11,302.5,306.0,297.1,297.1,26869,297.1,2026-09-03T19:35:10.700481+00:00
2023-07-12,303.0,324.0,300.2,311.5,40655,311.5,2026-09-03T19:35:10.700481+00:00
2023-07-13,310.0,317.7,303.0,303.0,32350,303.0,2026-09-03T19:35:10.700481+00:00
2023-07-16,302.0,303.0,300.0,300.0,13575,300.0,2026-09-03T19:35:10.700481+00:00
2023-07-17,295.0,308.0,295.0,303.0,9777,303.0,2026-09-03T19:35:10.700481+00:00
2023-07-18,308.0,308.0,302.7,302.7,7100,302.7,2026-09-03T19:35:10.700481+00:00
2023-07-19,304.0,304.9,298.0,298.0,19213,298.0,2026-09-03T19:35:10.700481+00:00
2023-07-20,297.5,306.2,297.5,304.2,16974,304.2,2026-09-03T19:35:10.700481+00:00
2023-07-23,304.1,315.0,304.1,313.0,38592,313.0,2026-09-03T19:35:10.700481+00:00
2023-07-24,315.0,315.0,307.0,310.0,33329,310.0,2026-09-03T19:35:10.700481+00:00
2023-07-25,306.0,312.0,304.0,304.0,21142,304.0,2026-09-03T19:35:10.700481+00:00
2023-07-26,301.0,307.7,301.0,303.0,17156,303.0,2026-09-03T19:35:10.700481+00:00
2023-07-27,303.0,307.9,299.2,300.0,17234,300.0,2026-09-03T19:35:10.700481+00:00
2023-07-30,296.2,300.0,290.1,292.9,28106,292.9,2026-09-03T19:35:10.700481+00:00
2023-07-31,292.1,298.6,290.0,295.0,8319,295.0,2026-09-03T19:35:10.700481+00:00
2023-08-01,294.0,300.0,290.0,290.0,13761,290.0,2026-09-03T19:35:10.700481+00:00
2023-08-02,287.0,289.7,285.2,289.7,12727,289.7,2026-09-03T19:35:10.700481+00:00
2023-08-03,285.1,299.9,285.1,287.5,13753,287.5,2026-09-03T19:35:10.700481+00:00
2023-08-06,282.5,284.9,278.0,281.4,14524,281.4,2026-09-03T19:35:10.700481+00:00
2023-08-07,278.0,282.0,274.5,275.2,22175,275.2,2026-09-03T19:35:10.700481+00:00
2023-08-08,270.3,280.0,270.3,271.2,10355,271.2,2026-09-03T19:35:10.700481+00:00
2023-08-09,266.5,290.7,266.3,290.7,15907,290.7,2026-09-03T19:35:10.700481+00:00
2023-08-10,287.0,295.9,279.3,290.1,39772,290.1,2026-09-03T19:35:10.700481+00:00
2023-08-13,285.0,300.0,280.1,291.2,24909,291.2,2026-09-03T19:35:10.700481+00:00
2023-08-14,286.5,297.0,286.5,289.0,17734,289.0,2026-09-03T19:35:10.700481+00:00
2023-08-15,284.3,294.0,284.0,284.6,12525,284.6,2026-09-03T19:35:10.700481+00:00
2023-08-16,280.6,283.5,279.1,281.0,9240,281.0,2026-09-03T19:35:10.700481+00:00
2023-08-17,284.6,292.0,281.2,288.0,11455,288.0,2026-09-03T19:35:10.700481+00:00
2023-08-20,284.0,290.0,275.3,283.8,17280,283.8,2026-09-03T19:35:10.700481+00:00
2023-08-21,280.1,285.0,276.5,282.0,9440,282.0,2026-09-03T19:35:10.700481+00:00
2023-08-22,286.0,286.0,275.0,278.0,13686,278.0,2026-09-03T19:35:10.700481+00:00
2023-08-23,278.0,291.7,275.2,285.0,18406,285.0,2026-09-03T19:35:10.700481+00:00
2023-08-24,282.0,288.0,279.3,279.3,11435,279.3,2026-09-03T19:35:10.700481+00:00
2023-08-27,274.0,282.0,272.2,273.6,8836,273.6,2026-09-03T19:35:10.700481+00:00
2023-08-28,273.8,277.0,269.1,270.0,16020,270.0,2026-09-03T19:35:10.700481+00:00
2023-08-29,266.0,272.0,266.0,267.0,7034,267.0,2026-09-03T19:35:10.700481+00:00
2023-08-30,267.1,273.0,267.1,267.5,13855,267.5,2026-09-03T19:35:10.700481+00:00
2023-09-03,265.0,266.2,260.0,260.1,18712,260.1,2026-09-03T19:35:10.700481+00:00
2023-09-04,259.0,264.0,258.0,264.0,16130,264.0,2026-09-03T19:35:10.700481+00:00
2023-09-05,259.0,285.4,253.9,257.0,6824,257.0,2026-09-03T19:35:10.700481+00:00
2023-09-07,254.0,260.0,252.0,252.0,12949,252.0,2026-09-03T19:35:10.700481+00:00
2023-09-10,252.0,257.0,252.0,254.0,7173,254.0,2026-09-03T19:35:10.700481+00:00
2023-09-11,251.2,269.3,251.2,263.5,14829,263.5,2026-09-03T19:35:10.700481+00:00
2023-09-12,268.7,268.7,256.0,262.0,2350,262.0,2026-09-03T19:35:10.700481+00:00
2023-09-13,260.0,277.0,257.1,271.0,17935,271.0,2026-09-03T19:35:10.700481+00:00
2023-09-17,265.7,269.0,258.3,260.0,9487,260.0,2026-09-03T19:35:10.700481+00:00
2023-09-18,260.0,264.0,256.0,262.0,4303,262.0,2026-09-03T19:35:10.700481+00:00
2023-09-19,267.0,273.0,260.0,270.0,10339,270.0,2026-09-03T19:35:10.700481+00:00
2023-09-21,275.0,290.0,275.0,284.0,37460,284.0,2026-09-03T19:35:10.700481+00:00
2023-09-24,284.0,288.0,273.1,273.5,17277,273.5,2026-09-03T19:35:10.700481+00:00
2023-09-25,270.0,284.4,269.0,276.1,18420,276.1,2026-09-03T19:35:10.700481+00:00
2023-09-26,276.4,288.0,276.4,284.0,22242,284.0,2026-09-03T19:35:10.700481+00:00
2023-09-27,285.0,285.0,275.3,276.3,15942,276.3,2026-09-03T19:35:10.700481+00:00
2023-10-01,273.5,277.0,270.1,270.1,9490,270.1,2026-09-03T19:35:10.700481+00:00
2023-10-02,268.0,297.1,262.1,273.0,11223,273.0,2026-09-03T19:35:10.700481+00:00
2023-10-03,270.3,275.7,270.0,270.1,12134,270.1,2026-09-03T19:35:10.700481+00:00
2023-10-04,269.5,276.0,269.1,274.0,8561,274.0,2026-09-03T19:35:10.700481+00:00
2023-10-05,270.3,294.7,270.3,275.0,20220,275.0,2026-09-03T19:35:10.700481+00:00
2023-10-08,275.0,275.0,262.7,264.0,39700,264.0,2026-09-03T19:35:10.700481+00:00
2023-10-09,260.1,265.5,256.0,265.0,16895,265.0,2026-09-03T19:35:10.700481+00:00
2023-10-10,260.1,261.8,256.0,259.0,12440,259.0,2026-09-03T19:35:10.700481+00:00
2023-10-11,258.1,264.0,257.4,261.0,12277,261.0,2026-09-03T19:35:10.700481+00:00
2023-10-12,261.0,261.0,256.0,256.0,9573,256.0,2026-09-03T19:35:10.700481+00:00
2023-10-16,261.0,261.0,251.0,251.0,11617,251.0,2026-09-03T19:35:10.700481+00:00
2023-10-17,256.0,262.1,252.0,254.0,14601,254.0,2026-09-03T19:35:10.700481+00:00
2023-10-18,258.0,263.0,253.1,256.7,2820,256.7,2026-09-03T19:35:10.700481+00:00
2023-10-19,252.6,261.5,252.0,252.0,11370,252.0,2026-09-03T19:35:10.700481+00:00
2023-10-29,250.0,251.0,245.0,246.1,5998,246.1,2026-09-03T19:35:10.700481+00:00
2023-10-30,247.0,254.5,245.0,250.2,4235,250.2,2026-09-03T19:35:10.700481+00:00
2023-10-31,247.1,251.0,247.1,249.1,7200,249.1,2026-09-03T19:35:10.700481+00:00
2023-11-01,248.0,252.0,246.0,248.0,1650,248.0,2026-09-03T19:35:10.700481+00:00
2023-11-02,245.0,245.1,241.0,244.0,11950,244.0,2026-09-03T19:35:10.700481+00:00
2023-11-05,244.0,244.0,240.1,240.1,6190,240.1,2026-09-03T19:35:10.700481+00:00
2023-11-06,240.0,250.0,240.0,243.0,7252,243.0,2026-09-03T19:35:10.700481+00:00
2023-11-07,242.0,248.1,241.3,245.0,5449,245.0,2026-09-03T19:35:10.700481+00:00
2023-11-06,240.0,250.0,240.0,243.0,7252,243.0,2026-09-03T19:35:10.700481+00:00
2023-11-07,242.0,248.1,241.3,245.0,5449,245.0,2026-09-03T19:35:10.700481+00:00
2023-11-08,249.9,255.0,245.0,252.6,15220,252.6,2026-09-03T19:35:10.700481+00:00
2023-11-09,250.0,252.0,248.0,250.0,8870,250.0,2026-09-03T19:35:10.700481+00:00
2023-11-20,249.0,250.0,245.1,247.0,4136,247.0,2026-09-03T19:35:10.700481+00:00
2023-11-21,245.0,249.0,239.0,241.0,17310,241.0,2026-09-03T19:35:10.700481+00:00
2023-11-22,241.0,257.9,239.2,257.9,15319,257.9,2026-09-03T19:35:10.700481+00:00
2023-11-23,253.0,257.0,248.0,254.0,12833,254.0,2026-09-03T19:35:10.700481+00:00
2023-11-26,250.0,263.0,249.0,257.1,23866,257.1,2026-09-03T19:35:10.700481+00:00
2023-11-27,257.0,262.2,252.1,252.5,7323,252.5,2026-09-03T19:35:10.700481+00:00
2023-11-28,249.1,258.0,249.1,255.0,11498,255.0,2026-09-03T19:35:10.700481+00:00
2023-11-29,251.0,264.0,251.0,252.2,4495,252.2,2026-09-03T19:35:10.700481+00:00
2023-11-30,250.1,253.0,247.9,250.0,10904,250.0,2026-09-03T19:35:10.700481+00:00
2023-12-03,245.0,248.0,244.0,245.1,7965,245.1,2026-09-03T19:35:10.700481+00:00
2023-12-04,241.6,259.9,241.6,243.5,8895,243.5,2026-09-03T19:35:10.700481+00:00
2023-12-05,243.2,247.0,243.2,247.0,8830,247.0,2026-09-03T19:35:10.700481+00:00
2023-12-06,242.8,250.0,242.8,249.0,3940,249.0,2026-09-03T19:35:10.700481+00:00
2023-12-07,246.0,249.9,245.0,247.0,6255,247.0,2026-09-03T19:35:10.700481+00:00
2023-12-10,251.9,256.9,251.9,255.0,610,255.0,2026-09-03T19:35:10.700481+00:00
2023-12-11,260.0,270.0,255.0,265.0,54495,265.0,2026-09-03T19:35:10.700481+00:00
2023-12-12,259.8,278.0,259.8,278.0,34423,278.0,2026-09-03T19:35:10.700481+00:00
2023-12-13,280.0,281.0,267.0,270.2,28919,270.2,2026-09-03T19:35:10.700481+00:00
2023-12-14,265.2,274.0,265.2,271.0,20819,271.0,2026-09-03T19:35:10.700481+00:00
2023-12-17,265.6,289.6,265.6,289.6,49170,289.6,2026-09-03T19:35:10.700481+00:00
2023-12-18,292.0,300.0,279.0,287.7,51266,287.7,2026-09-03T19:35:10.700481+00:00
2023-12-19,290.3,293.1,280.1,292.0,37514,292.0,2026-09-03T19:35:10.700481+00:00
2023-12-20,287.0,302.0,282.0,295.5,53200,295.5,2026-09-03T19:35:10.700481+00:00
2023-12-21,296.0,296.0,284.1,284.1,30583,284.1,2026-09-03T19:35:10.700481+00:00
2023-12-24,280.0,294.9,280.0,286.0,75537,286.0,2026-09-03T19:35:10.700481+00:00
2023-12-27,289.0,293.0,282.0,283.3,28940,283.3,2026-09-03T19:35:10.700481+00:00
2023-12-28,285.0,288.0,277.0,277.0,34038,277.0,2026-09-03T19:35:10.700481+00:00
2024-01-01,282.5,286.1,274.4,275.0,27461,275.0,2026-09-03T19:35:10.700481+00:00
2024-01-02,271.0,276.5,269.6,274.9,13163,274.9,2026-09-03T19:35:10.700481+00:00
2024-01-03,270.0,276.0,270.0,274.0,14781,274.0,2026-09-03T19:35:10.700481+00:00
2024-01-04,279.4,290.0,275.9,285.0,89541,285.0,2026-09-03T19:35:10.700481+00:00
2024-01-07,290.7,305.5,284.5,287.0,108070,287.0,2026-09-03T19:35:10.700481+00:00
2024-01-08,292.0,302.0,286.0,297.0,88025,297.0,2026-09-03T19:35:10.700481+00:00
2024-01-09,302.9,304.9,292.0,298.0,87062,298.0,2026-09-03T19:35:10.700481+00:00
2024-01-10,295.0,295.0,287.2,289.0,34072,289.0,2026-09-03T19:35:10.700481+00:00
2024-01-11,294.7,294.7,280.5,280.5,48831,280.5,2026-09-03T19:35:10.700481+00:00
2024-01-14,286.0,308.5,285.0,308.5,176978,308.5,2026-09-03T19:35:10.700481+00:00
2024-01-16,314.0,326.0,312.0,322.0,160241,322.0,2026-09-03T19:35:10.700481+00:00
2024-01-17,315.7,332.0,313.0,313.3,209695,313.3,2026-09-03T19:35:10.700481+00:00
2024-01-18,308.0,325.0,307.0,316.0,105396,316.0,2026-09-03T19:35:10.700481+00:00
2024-01-21,322.0,329.2,316.1,320.0,175336,320.0,2026-09-03T19:35:10.700481+00:00
2024-01-22,315.0,321.0,309.4,315.0,85044,315.0,2026-09-03T19:35:10.700481+00:00
2024-01-23,315.0,315.0,308.8,309.0,43745,309.0,2026-09-03T19:35:10.700481+00:00
2024-01-24,310.0,320.0,301.0,301.0,54249,301.0,2026-09-03T19:35:10.700481+00:00
2024-01-25,300.0,305.1,297.1,301.3,31587,301.3,2026-09-03T19:35:10.700481+00:00
2024-01-28,295.4,312.0,295.4,307.5,23958,307.5,2026-09-03T19:35:10.700481+00:00
2024-01-29,305.1,311.0,303.0,305.0,47732,305.0,2026-09-03T19:35:10.700481+00:00
2024-01-30,303.0,311.0,302.1,307.0,45369,307.0,2026-09-03T19:35:10.700481+00:00
2024-01-31,307.0,313.0,301.0,302.0,41725,302.0,2026-09-03T19:35:10.700481+00:00
2024-02-01,299.1,302.0,293.0,293.0,46974,293.0,2026-09-03T19:35:10.700481+00:00
2024-02-04,291.1,297.8,291.1,292.1,16870,292.1,2026-09-03T19:35:10.700481+00:00
2024-02-05,292.0,296.0,292.0,293.0,17290,293.0,2026-09-03T19:35:10.700481+00:00
2024-02-06,293.0,297.0,291.2,295.0,18977,295.0,2026-09-03T19:35:10.700481+00:00
2024-02-07,300.0,300.0,292.0,298.9,16949,298.9,2026-09-03T19:35:10.700481+00:00
2024-02-08,303.0,303.0,293.1,302.5,30335,302.5,2026-09-03T19:35:10.700481+00:00
2024-02-11,300.1,306.0,300.1,301.2,42937,301.2,2026-09-03T19:35:10.700481+00:00
2024-02-12,300.1,307.0,300.0,306.7,32990,306.7,2026-09-03T19:35:10.700481+00:00
2024-02-13,300.6,312.1,298.0,305.0,86704,305.0,2026-09-03T19:35:10.700481+00:00
2024-02-14,299.0,305.0,299.0,304.0,16291,304.0,2026-09-03T19:35:10.700481+00:00
2024-02-15,300.1,306.1,300.1,301.1,28823,301.1,2026-09-03T19:35:10.700481+00:00
2024-02-18,300.0,300.0,295.6,296.0,24424,296.0,2026-09-03T19:35:10.700481+00:00
2024-02-20,301.9,301.9,290.6,292.9,21365,292.9,2026-09-03T19:35:10.700481+00:00
2024-02-21,290.5,295.0,287.0,287.1,16760,287.1,2026-09-03T19:35:10.700481+00:00
2024-02-22,287.0,290.0,281.4,284.0,29521,284.0,2026-09-03T19:35:10.700481+00:00
2024-02-25,286.0,286.0,276.1,276.1,23260,276.1,2026-09-03T19:35:10.700481+00:00
2024-02-26,273.0,286.6,273.0,277.5,11415,277.5,2026-09-03T19:35:10.700481+00:00
2024-02-27,277.5,282.5,276.2,281.0,8139,281.0,2026-09-03T19:35:10.700481+00:00
2024-02-28,280.0,284.0,278.0,278.6,9750,278.6,2026-09-03T19:35:10.700481+00:00
2024-02-29,276.6,284.1,271.6,276.4,22558,276.4,2026-09-03T19:35:10.700481+00:00
2024-03-03,275.1,275.1,268.0,269.0,25883,269.0,2026-09-03T19:35:10.700481+00:00
2024-03-04,274.3,289.0,274.3,289.0,3470,289.0,2026-09-03T19:35:10.700481+00:00
2024-03-05,283.3,288.9,278.4,280.0,24650,280.0,2026-09-03T19:35:10.700481+00:00
2024-03-06,276.0,290.0,276.0,284.0,21391,284.0,2026-09-03T19:35:10.700481+00:00
2024-03-07,284.0,291.0,284.0,290.0,23275,290.0,2026-09-03T19:35:10.700481+00:00
2024-03-10,295.0,295.8,288.1,290.0,19026,290.0,2026-09-03T19:35:10.700481+00:00
2024-03-12,295.8,295.8,286.2,292.0,26600,292.0,2026-09-03T19:35:10.700481+00:00
2024-03-13,290.0,293.0,287.1,287.2,19307,287.2,2026-09-03T19:35:10.700481+00:00
2024-03-14,288.0,290.9,283.0,284.0,18660,284.0,2026-09-03T19:35:10.700481+00:00
2024-03-17,282.1,286.0,280.1,286.0,12687,286.0,2026-09-03T19:35:10.700481+00:00
2024-03-18,280.6,288.0,280.6,284.2,13251,284.2,2026-09-03T19:35:10.700481+00:00
2024-03-19,282.1,287.0,280.0,281.0,18214,281.0,2026-09-03T19:35:10.700481+00:00
2024-03-20,279.1,282.9,278.6,281.1,24473,281.1,2026-09-03T19:35:10.700481+00:00
2024-03-21,280.0,281.1,278.3,280.0,12925,280.0,2026-09-03T19:35:10.700481+00:00
2024-03-25,275.0,279.7,275.0,277.0,4387,277.0,2026-09-03T19:35:10.700481+00:00
2024-03-26,273.0,280.9,273.0,280.0,13232,280.0,2026-09-03T19:35:10.700481+00:00
2024-03-27,275.3,291.3,275.3,281.0,25127,281.0,2026-09-03T19:35:10.700481+00:00
2024-03-28,276.2,292.3,276.2,283.0,22372,283.0,2026-09-03T19:35:10.700481+00:00
2024-03-31,288.6,288.6,281.5,283.9,12569,283.9,2026-09-03T19:35:10.700481+00:00
2024-04-01,280.0,284.5,278.0,278.0,14718,278.0,2026-09-03T19:35:10.700481+00:00
2024-04-02,280.0,282.0,276.0,276.9,10904,276.9,2026-09-03T19:35:10.700481+00:00
2024-04-03,276.0,280.0,274.0,277.0,8646,277.0,2026-09-03T19:35:10.700481+00:00
2024-04-04,271.7,277.1,271.7,277.0,10677,277.0,2026-09-03T19:35:10.700481+00:00
2024-04-07,277.0,280.0,272.1,280.0,9805,280.0,2026-09-03T19:35:10.700481+00:00
2024-04-09,280.0,282.0,275.3,278.0,9898,278.0,2026-09-03T19:35:10.700481+00:00
2024-04-10,282.0,282.0,275.0,276.0,12609,276.0,2026-09-03T19:35:10.700481+00:00
2024-04-14,272.2,276.0,272.2,275.0,13882,275.0,2026-09-03T19:35:10.700481+00:00
2024-04-15,270.0,286.1,270.0,275.0,11524,275.0,2026-09-03T19:35:10.700481+00:00
2024-04-16,270.3,279.5,269.5,270.0,9104,270.0,2026-09-03T19:35:10.700481+00:00
2024-04-18,270.0,270.0,265.0,265.0,10211,265.0,2026-09-03T19:35:10.700481+00:00
2024-04-21,265.0,270.0,262.0,269.9,12619,269.9,2026-09-03T19:35:10.700481+00:00
2024-04-22,268.0,272.3,266.5,266.5,11065,266.5,2026-09-03T19:35:10.700481+00:00
2024-04-24,262.2,268.0,261.2,264.0,13402,264.0,2026-09-03T19:35:10.700481+00:00
2024-04-25,264.0,273.0,260.5,268.7,6250,268.7,2026-09-03T19:35:10.700481+00:00
2024-04-28,265.0,274.3,263.7,269.0,13451,269.0,2026-09-03T19:35:10.700481+00:00
2024-04-29,264.0,270.0,263.0,265.9,16217,265.9,2026-09-03T19:35:10.700481+00:00
2024-04-30,263.0,271.1,261.3,268.1,21745,268.1,2026-09-03T19:35:10.700481+00:00
2024-05-02,273.4,273.4,264.0,267.0,9276,267.0,2026-09-03T19:35:10.700481+00:00
2024-05-05,262.1,268.5,262.1,265.0,5931,265.0,2026-09-03T19:35:10.700481+00:00
2024-05-06,261.1,268.0,261.1,264.5,3256,264.5,2026-09-03T19:35:10.700481+00:00
2024-05-07,261.0,265.0,261.0,264.0,7390,264.0,2026-09-03T19:35:10.700481+00:00
2024-05-08,260.7,265.0,260.4,263.0,8114,263.0,2026-09-03T19:35:10.700481+00:00
2024-05-09,261.1,267.0,261.1,265.0,15267,265.0,2026-09-03T19:35:10.700481+00:00
2024-05-12,265.0,270.0,261.1,269.0,6640,269.0,2026-09-03T19:35:10.700481+00:00
2024-05-13,265.0,269.0,264.1,265.3,9102,265.3,2026-09-03T19:35:10.700481+00:00
2024-05-14,265.0,268.6,263.5,268.0,25829,268.0,2026-09-03T19:35:10.700481+00:00
2024-05-15,272.0,273.3,263.6,267.0,7666,267.0,2026-09-03T19:35:10.700481+00:00
2024-05-16,262.2,270.0,262.2,265.9,9076,265.9,2026-09-03T19:35:10.700481+00:00
2024-05-19,271.2,279.4,263.1,275.0,30238,275.0,2026-09-03T19:35:10.700481+00:00
2024-05-20,274.0,278.0,272.3,274.0,15064,274.0,2026-09-03T19:35:10.700481+00:00
2024-05-21,272.0,285.0,272.0,285.0,33630,285.0,2026-09-03T19:35:10.700481+00:00
2024-05-22,289.0,289.0,278.0,278.0,18868,278.0,2026-09-03T19:35:10.700481+00:00
2024-05-26,278.0,282.1,272.0,272.0,12741,272.0,2026-09-03T19:35:10.700481+00:00
2024-05-27,268.0,280.0,268.0,268.5,30001,268.5,2026-09-03T19:35:10.700481+00:00
2024-05-29,273.8,275.0,268.0,269.0,51628,269.0,2026-09-03T19:35:10.700481+00:00
2024-05-30,264.5,276.0,264.0,271.0,22561,271.0,2026-09-03T19:35:10.700481+00:00
2024-06-02,268.0,273.0,268.0,272.0,16298,272.0,2026-09-03T19:35:10.700481+00:00
2024-06-03,270.0,280.3,268.1,280.3,34502,280.3,2026-09-03T19:35:10.700481+00:00
2024-06-04,275.0,282.5,275.0,278.0,21565,278.0,2026-09-03T19:35:10.700481+00:00
2024-06-05,280.0,280.0,268.0,268.0,19434,268.0,2026-09-03T19:35:10.700481+00:00
2024-06-06,268.0,271.0,264.5,267.8,16839,267.8,2026-09-03T19:35:10.700481+00:00
2024-06-09,263.1,273.1,262.4,265.0,26186,265.0,2026-09-03T19:35:10.700481+00:00
2024-06-10,270.3,276.0,263.6,267.0,18629,267.0,2026-09-03T19:35:10.700481+00:00
2024-06-11,272.3,281.0,267.0,276.0,32822,276.0,2026-09-03T19:35:10.700481+00:00
2024-06-12,279.0,280.0,273.8,277.8,42474,277.8,2026-09-03T19:35:10.700481+00:00
2024-06-13,273.0,279.5,273.0,279.0,18969,279.0,2026-09-03T19:35:10.700481+00:00
2024-06-16,273.6,279.9,273.6,277.0,36128,277.0,2026-09-03T19:35:10.700481+00:00
2024-06-18,275.0,276.0,272.5,275.0,24444,275.0,2026-09-03T19:35:10.700481+00:00
2024-06-19,271.0,277.0,271.0,274.0,17647,274.0,2026-09-03T19:35:10.700481+00:00
2024-06-20,279.4,279.4,270.5,270.7,15710,270.7,2026-09-03T19:35:10.700481+00:00
2024-06-23,270.1,271.8,268.1,270.0,10866,270.0,2026-09-03T19:35:10.700481+00:00
2024-06-24,270.0,272.0,268.0,270.0,18040,270.0,2026-09-03T19:35:10.700481+00:00
2024-06-25,266.2,272.1,266.2,270.0,26884,270.0,2026-09-03T19:35:10.700481+00:00
2024-06-26,268.0,272.0,266.0,267.0,12180,267.0,2026-09-03T19:35:10.700481+00:00
2024-06-27,271.0,277.0,265.9,267.0,13062,267.0,2026-09-03T19:35:10.700481+00:00
2024-06-30,265.5,266.1,263.4,264.0,10547,264.0,2026-09-03T19:35:10.700481+00:00
2024-07-01,260.3,266.0,260.3,264.0,15335,264.0,2026-09-03T19:35:10.700481+00:00
2024-07-02,269.2,279.9,265.6,270.0,21933,270.0,2026-09-03T19:35:10.700481+00:00
2024-07-03,266.0,270.0,265.0,267.0,9520,267.0,2026-09-03T19:35:10.700481+00:00
2024-07-04,269.0,279.0,268.0,270.0,28383,270.0,2026-09-03T19:35:10.700481+00:00
2024-07-07,270.0,274.0,265.2,268.1,18956,268.1,2026-09-03T19:35:10.700481+00:00
2024-07-08,265.0,269.0,264.0,264.5,29857,264.5,2026-09-03T19:35:10.700481+00:00
2024-07-09,264.5,269.9,263.5,267.9,30688,267.9,2026-09-03T19:35:10.700481+00:00
2024-07-10,264.0,270.0,263.2,269.0,27339,269.0,2026-09-03T19:35:10.700481+00:00
2024-07-11,270.1,279.0,268.0,279.0,46934,279.0,2026-09-03T19:35:10.700481+00:00
2024-07-14,284.0,287.5,277.5,287.5,49592,287.5,2026-09-03T19:35:10.700481+00:00
2024-07-15,287.0,306.0,284.0,295.0,134737,295.0,2026-09-03T19:35:10.700481+00:00
2024-07-16,300.0,314.9,296.0,312.9,175789,312.9,2026-09-03T19:35:10.700481+00:00
2024-07-17,310.1,315.0,304.0,312.0,107939,312.0,2026-09-03T19:35:10.700481+00:00
2024-07-18,310.0,315.0,305.9,307.3,134454,307.3,2026-09-03T19:35:10.700481+00:00
2024-07-21,307.4,335.0,303.0,328.0,269932,328.0,2026-09-03T19:35:10.700481+00:00
2024-07-22,334.0,347.8,323.0,345.0,395157,345.0,2026-09-03T19:35:10.700481+00:00
2024-07-23,346.1,372.0,344.0,364.9,336747,364.9,2026-09-03T19:35:10.700481+00:00
2024-07-24,369.9,379.0,354.1,360.0,353340,360.0,2026-09-03T19:35:10.700481+00:00
2024-07-25,359.0,367.0,354.0,363.0,233814,363.0,2026-09-03T19:35:10.700481+00:00
2024-07-28,368.0,370.0,352.9,362.0,165297,362.0,2026-09-03T19:35:10.700481+00:00
2024-07-29,369.2,390.0,362.1,385.0,468113,385.0,2026-09-03T19:35:10.700481+00:00
2024-07-30,385.0,423.0,383.0,419.0,490392,419.0,2026-09-03T19:35:10.700481+00:00
2024-07-31,420.6,450.0,420.0,435.9,405780,435.9,2026-09-03T19:35:10.700481+00:00
2024-08-01,435.9,435.9,401.0,405.0,482684,405.0,2026-09-03T19:35:10.700481+00:00
2024-08-05,405.0,432.0,391.1,413.0,305980,413.0,2026-09-03T19:35:10.700481+00:00
2024-08-06,418.2,419.9,394.5,394.5,262367,394.5,2026-09-03T19:35:10.700481+00:00
2024-08-07,394.0,430.0,390.0,424.0,351431,424.0,2026-09-03T19:35:10.700481+00:00
2024-08-08,429.0,448.8,419.5,445.1,538509,445.1,2026-09-03T19:35:10.700481+00:00
2024-08-11,452.0,457.0,441.2,456.0,396232,456.0,2026-09-03T19:35:10.700481+00:00
2024-08-12,465.1,501.6,440.0,501.6,525781,501.6,2026-09-03T19:35:10.700481+00:00
2024-08-13,492.0,521.0,464.1,484.0,455490,484.0,2026-09-03T19:35:10.700481+00:00
2024-08-14,493.5,493.5,455.7,471.0,284712,471.0,2026-09-03T19:35:10.700481+00:00
2024-08-15,471.0,497.0,450.0,450.0,325786,450.0,2026-09-03T19:35:10.700481+00:00
2024-08-18,457.7,458.0,428.0,435.0,261905,435.0,2026-09-03T19:35:10.700481+00:00
2024-08-21,443.7,452.5,422.0,423.1,179498,423.1,2026-09-03T19:35:10.700481+00:00
2024-08-22,431.0,449.0,426.0,435.0,208527,435.0,2026-09-03T19:35:10.700481+00:00
2024-08-25,443.0,443.0,418.1,419.0,144103,419.0,2026-09-03T19:35:10.700481+00:00
2024-08-27,419.0,420.0,402.0,402.1,209996,402.1,2026-09-03T19:35:10.700481+00:00
2024-08-28,400.0,420.3,400.0,401.3,174539,401.3,2026-09-03T19:35:10.700481+00:00
2024-08-29,403.0,441.4,397.9,441.4,188195,441.4,2026-09-03T19:35:10.700481+00:00
2024-09-01,432.6,449.0,404.0,414.0,172313,414.0,2026-09-03T19:35:10.700481+00:00
2024-09-02,407.0,446.0,407.0,421.0,206662,421.0,2026-09-03T19:35:10.700481+00:00
2024-09-03,428.0,428.0,410.5,417.0,80891,417.0,2026-09-03T19:35:10.700481+00:00
2024-09-04,425.3,425.3,401.0,404.1,97420,404.1,2026-09-03T19:35:10.700481+00:00
2024-09-05,398.1,408.0,395.5,400.0,108648,400.0,2026-09-03T19:35:10.700481+00:00
2024-09-08,406.0,422.0,395.0,399.0,288541,399.0,2026-09-03T19:35:10.700481+00:00
2024-09-09,400.0,405.0,383.0,385.0,72190,385.0,2026-09-03T19:35:10.700481+00:00
2024-09-10,392.0,392.7,372.0,377.0,70653,377.0,2026-09-03T19:35:10.700481+00:00
2024-09-11,377.0,384.5,370.6,373.5,91516,373.5,2026-09-03T19:35:10.700481+00:00
2024-09-12,376.0,392.7,373.1,390.2,112157,390.2,2026-09-03T19:35:10.700481+00:00
2024-09-15,390.0,396.0,373.0,377.0,74989,377.0,2026-09-03T19:35:10.700481+00:00
2024-09-16,374.1,379.0,363.1,366.0,91336,366.0,2026-09-03T19:35:10.700481+00:00
2024-09-18,371.0,374.4,363.0,366.0,53585,366.0,2026-09-03T19:35:10.700481+00:00
2024-09-22,373.3,380.0,366.0,369.0,37427,369.0,2026-09-03T19:35:10.700481+00:00
2024-09-23,365.0,368.0,358.0,359.0,37620,359.0,2026-09-03T19:35:10.700481+00:00
2024-09-24,353.1,360.1,351.9,351.9,56590,351.9,2026-09-03T19:35:10.700481+00:00
2024-09-25,350.0,373.3,348.4,365.0,55783,365.0,2026-09-03T19:35:10.700481+00:00
2024-09-26,365.0,369.0,356.1,359.1,48783,359.1,2026-09-03T19:35:10.700481+00:00
2024-09-29,352.1,364.0,343.2,353.0,41747,353.0,2026-09-03T19:35:10.700481+00:00
2024-09-30,349.0,362.0,348.8,359.0,31794,359.0,2026-09-03T19:35:10.700481+00:00
2024-10-01,366.0,380.7,359.0,377.0,80402,377.0,2026-09-03T19:35:10.700481+00:00
2024-10-02,380.0,388.0,373.0,378.0,64903,378.0,2026-09-03T19:35:10.700481+00:00
2024-10-06,372.0,408.0,372.0,388.0,106716,388.0,2026-09-03T19:35:10.700481+00:00
2024-10-07,394.9,403.5,386.1,386.1,77906,386.1,2026-09-03T19:35:10.700481+00:00
2024-10-08,381.1,393.0,378.0,382.0,56361,382.0,2026-09-03T19:35:10.700481+00:00
2024-10-09,378.0,387.0,377.3,385.0,77328,385.0,2026-09-03T19:35:10.700481+00:00
2024-10-15,386.0,390.5,383.2,388.0,38105,388.0,2026-09-03T19:35:10.700481+00:00
2024-10-16,388.0,395.0,386.5,388.5,89925,388.5,2026-09-03T19:35:10.700481+00:00
2024-10-17,388.5,396.2,385.0,387.9,55439,387.9,2026-09-03T19:35:10.700481+00:00
2024-10-20,380.3,390.0,376.0,377.3,48673,377.3,2026-09-03T19:35:10.700481+00:00
2024-10-21,375.4,380.0,368.0,368.0,43794,368.0,2026-09-03T19:35:10.700481+00:00
2024-10-22,363.5,375.0,363.5,369.2,22737,369.2,2026-09-03T19:35:10.700481+00:00
2024-10-23,369.2,375.0,363.0,366.0,30345,366.0,2026-09-03T19:35:10.700481+00:00
2024-10-24,362.0,373.3,360.0,367.5,35956,367.5,2026-09-03T19:35:10.700481+00:00
2024-10-27,365.0,376.0,362.0,373.2,29441,373.2,2026-09-03T19:35:10.700481+00:00
2024-10-28,373.0,381.0,371.0,375.0,45508,375.0,2026-09-03T19:35:10.700481+00:00
2024-10-29,382.0,386.9,376.0,384.0,45233,384.0,2026-09-03T19:35:10.700481+00:00
2024-10-30,387.0,387.0,377.0,377.0,33852,377.0,2026-09-03T19:35:10.700481+00:00
2024-11-05,384.5,411.0,384.5,410.0,286123,410.0,2026-09-03T19:35:10.700481+00:00
2024-11-06,417.0,418.0,402.1,403.0,100792,403.0,2026-09-03T19:35:10.700481+00:00
2024-11-10,405.0,425.0,402.0,423.0,221593,423.0,2026-09-03T19:35:10.700481+00:00
2024-11-11,425.0,429.1,410.0,412.0,111041,412.0,2026-09-03T19:35:10.700481+00:00
2024-11-12,413.0,427.0,408.3,415.0,127376,415.0,2026-09-03T19:35:10.700481+00:00
2024-11-13,415.0,424.0,411.1,412.5,101922,412.5,2026-09-03T19:35:10.700481+00:00
2024-11-14,414.1,450.0,414.1,441.2,415653,441.2,2026-09-03T19:35:10.700481+00:00
2024-11-17,449.9,456.9,433.0,436.6,129500,436.6,2026-09-03T19:35:10.700481+00:00
2024-11-19,445.3,445.3,420.3,422.0,187587,422.0,2026-09-03T19:35:10.700481+00:00
2024-11-20,426.0,437.0,419.0,437.0,122270,437.0,2026-09-03T19:35:10.700481+00:00
2024-11-21,445.7,464.8,435.0,454.9,440241,454.9,2026-09-03T19:35:10.700481+00:00
2024-11-24,463.9,472.0,451.0,451.1,400801,451.1,2026-09-03T19:35:10.700481+00:00
2024-11-25,458.0,462.9,446.1,447.1,196446,447.1,2026-09-03T19:35:10.700481+00:00
2024-11-26,456.0,465.0,453.0,459.0,239819,459.0,2026-09-03T19:35:10.700481+00:00
2024-11-27,465.0,495.0,464.0,480.0,414356,480.0,2026-09-03T19:35:10.700481+00:00
2024-11-28,489.0,489.0,461.0,465.0,200185,465.0,2026-09-03T19:35:10.700481+00:00
2024-12-01,459.0,472.9,451.1,459.0,133569,459.0,2026-09-03T19:35:10.700481+00:00
2024-12-02,465.0,466.9,455.0,457.1,145492,457.1,2026-09-03T19:35:10.700481+00:00
2024-12-03,466.0,474.9,460.2,468.0,182113,468.0,2026-09-03T19:35:10.700481+00:00
2024-12-04,467.0,492.0,467.0,479.8,370559,479.8,2026-09-03T19:35:10.700481+00:00
2024-12-05,471.0,527.0,471.0,481.5,413420,481.5,2026-09-03T19:35:10.700481+00:00
2024-12-08,483.0,492.0,470.0,474.0,267949,474.0,2026-09-03T19:35:10.700481+00:00
2024-12-09,471.1,502.0,467.0,468.0,123730,468.0,2026-09-03T19:35:10.700481+00:00
2024-12-10,477.0,477.0,458.0,458.0,112623,458.0,2026-09-03T19:35:10.700481+00:00
2024-12-11,460.0,469.9,454.3,465.0,129924,465.0,2026-09-03T19:35:10.700481+00:00
2024-12-12,456.0,472.0,454.0,454.1,107926,454.1,2026-09-03T19:35:10.700481+00:00
2024-12-16,450.2,451.0,440.0,443.0,114991,443.0,2026-09-03T19:35:10.700481+00:00
2024-12-17,443.0,457.0,440.0,449.0,101157,449.0,2026-09-03T19:35:10.700481+00:00
2024-12-18,449.0,476.0,440.0,448.6,115594,448.6,2026-09-03T19:35:10.700481+00:00
2024-12-19,445.0,450.0,434.0,434.0,67152,434.0,2026-09-03T19:35:10.700481+00:00
2024-12-22,428.1,438.5,425.5,428.1,70572,428.1,2026-09-03T19:35:10.700481+00:00
2024-12-23,436.0,443.0,429.0,435.3,57720,435.3,2026-09-03T19:35:10.700481+00:00
2024-12-24,441.0,445.0,434.1,438.0,67449,438.0,2026-09-03T19:35:10.700481+00:00
2024-12-26,438.1,438.1,429.1,429.6,43500,429.6,2026-09-03T19:35:10.700481+00:00
2024-12-29,424.0,428.1,419.7,420.0,110543,420.0,2026-09-03T19:35:10.700481+00:00
2024-12-31,420.0,438.0,413.1,433.0,118529,433.0,2026-09-03T19:35:10.700481+00:00
2025-01-01,425.0,435.7,425.0,433.9,88300,433.9,2026-09-03T19:35:10.700481+00:00
2025-01-02,442.5,442.5,426.2,434.9,53489,434.9,2026-09-03T19:35:10.700481+00:00
2025-01-05,443.5,455.0,435.1,448.0,290673,448.0,2026-09-03T19:35:10.700481+00:00
2025-01-06,448.0,455.0,445.0,449.0,80329,449.0,2026-09-03T19:35:10.700481+00:00
2025-01-07,441.0,452.0,441.0,444.0,169302,444.0,2026-09-03T19:35:10.700481+00:00
2025-01-08,440.0,445.7,436.0,436.1,98875,436.1,2026-09-03T19:35:10.700481+00:00
2025-01-09,444.8,444.8,431.0,439.2,178404,439.2,2026-09-03T19:35:10.700481+00:00
2025-01-12,440.0,440.0,433.0,434.9,36673,434.9,2026-09-03T19:35:10.700481+00:00
2025-01-13,434.0,441.9,426.5,439.0,91396,439.0,2026-09-03T19:35:10.700481+00:00
2025-01-15,447.7,464.0,430.1,459.0,299141,459.0,2026-09-03T19:35:10.700481+00:00
2025-01-16,463.0,464.4,446.4,450.0,135601,450.0,2026-09-03T19:35:10.700481+00:00
2025-01-19,450.0,450.8,440.0,441.8,76952,441.8,2026-09-03T19:35:10.700481+00:00
2025-01-20,445.0,452.0,444.0,448.0,140810,448.0,2026-09-03T19:35:10.700481+00:00
2025-01-21,450.0,453.2,444.4,448.0,81654,448.0,2026-09-03T19:35:10.700481+00:00
2025-01-22,446.0,455.9,445.0,449.5,147799,449.5,2026-09-03T19:35:10.700481+00:00
2025-01-23,450.0,456.0,445.0,449.9,87013,449.9,2026-09-03T19:35:10.700481+00:00
2025-01-26,447.0,453.0,442.0,443.1,83748,443.1,2026-09-03T19:35:10.700481+00:00
2025-01-27,450.0,450.5,441.1,442.0,79585,442.0,2026-09-03T19:35:10.700481+00:00
2025-01-28,444.0,450.0,442.1,443.6,136575,443.6,2026-09-03T19:35:10.700481+00:00
2025-02-02,448.0,469.1,448.0,461.5,447445,461.5,2026-09-03T19:35:10.700481+00:00
2025-02-03,462.0,480.0,462.0,470.0,423965,470.0,2026-09-03T19:35:10.700481+00:00
2025-02-04,478.0,478.0,462.5,463.3,146903,463.3,2026-09-03T19:35:10.700481+00:00
2025-02-05,463.3,466.0,454.1,457.0,165629,457.0,2026-09-03T19:35:10.700481+00:00
2025-02-06,466.1,468.9,452.0,455.0,101485,455.0,2026-09-03T19:35:10.700481+00:00
2025-02-09,456.0,487.0,447.0,449.0,152932,449.0,2026-09-03T19:35:10.700481+00:00
2025-02-10,457.9,457.9,438.6,443.0,100791,443.0,2026-09-03T19:35:10.700481+00:00
2025-02-11,445.0,487.3,437.0,487.3,152140,487.3,2026-09-03T19:35:10.700481+00:00
2025-02-12,487.0,487.0,438.6,445.0,410758,445.0,2026-09-03T19:35:10.700481+00:00
2025-02-13,440.0,448.8,428.5,430.0,214500,430.0,2026-09-03T19:35:10.700481+00:00
2025-02-16,430.0,460.0,424.0,437.0,97298,437.0,2026-09-03T19:35:10.700481+00:00
2025-02-17,437.5,443.0,427.0,427.0,142070,427.0,2026-09-03T19:35:10.700481+00:00
2025-02-18,435.5,443.0,424.0,425.0,121342,425.0,2026-09-03T19:35:10.700481+00:00
2025-02-20,425.2,428.0,422.1,422.2,88416,422.2,2026-09-03T19:35:10.700481+00:00
2025-02-23,422.0,425.0,415.0,419.6,100951,419.6,2026-09-03T19:35:10.700481+00:00
2025-02-24,420.2,459.0,418.0,419.9,67409,419.9,2026-09-03T19:35:10.700481+00:00
2025-02-25,423.0,424.0,412.8,414.6,96279,414.6,2026-09-03T19:35:10.700481+00:00
2025-02-27,422.0,425.0,415.0,422.3,67555,422.3,2026-09-03T19:35:10.700481+00:00
2025-03-02,425.0,434.9,425.0,430.0,78291,430.0,2026-09-03T19:35:10.700481+00:00
2025-03-03,431.0,440.6,426.0,428.0,133044,428.0,2026-09-03T19:35:10.700481+00:00
2025-03-04,436.5,436.5,418.0,419.0,104976,419.0,2026-09-03T19:35:10.700481+00:00
2025-03-05,420.0,425.0,415.1,416.6,61004,416.6,2026-09-03T19:35:10.700481+00:00
2025-03-06,416.6,423.0,415.0,417.0,54252,417.0,2026-09-03T19:35:10.700481+00:00
2025-03-09,418.0,420.0,408.7,410.8,57229,410.8,2026-09-03T19:35:10.700481+00:00
2025-03-10,411.7,417.0,406.2,408.0,68438,408.0,2026-09-03T19:35:10.700481+00:00
2025-03-11,408.0,410.0,399.9,400.0,63309,400.0,2026-09-03T19:35:10.700481+00:00
2025-03-12,401.0,406.0,400.1,404.0,30118,404.0,2026-09-03T19:35:10.700481+00:00
2025-03-16,404.1,405.0,396.1,399.0,37141,399.0,2026-09-03T19:35:10.700481+00:00
2025-03-17,404.9,404.9,396.0,400.0,33629,400.0,2026-09-03T19:35:10.700481+00:00
2025-03-18,397.0,404.9,397.0,397.5,23011,397.5,2026-09-03T19:35:10.700481+00:00
2025-03-19,397.5,427.0,395.1,399.9,78135,399.9,2026-09-03T19:35:10.700481+00:00
2025-03-20,399.0,404.0,396.0,397.72,18302,397.72,2026-09-03T19:35:10.700481+00:00
2025-03-23,396.0,397.0,385.0,385.37,48666,385.37,2026-09-03T19:35:10.700481+00:00
2025-03-24,383.0,389.9,380.0,386.55,29559,386.55,2026-09-03T19:35:10.700481+00:00
2025-03-25,381.0,382.8,372.4,373.69,48570,373.69,2026-09-03T19:35:10.700481+00:00
2025-03-26,380.0,380.0,374.0,378.64,26959,378.64,2026-09-03T19:35:10.700481+00:00
2025-03-27,377.0,381.0,374.0,379.83,41441,379.83,2026-09-03T19:35:10.700481+00:00
2025-03-30,376.2,390.6,376.2,387.13,47259,387.13,2026-09-03T19:35:10.700481+00:00
2025-04-01,380.1,390.0,376.5,381.61,34311,381.61,2026-09-03T19:35:10.700481+00:00
2025-04-02,377.0,388.0,377.0,384.5,14351,384.5,2026-09-03T19:35:10.700481+00:00
2025-04-03,379.0,387.0,379.0,381.99,27194,381.99,2026-09-03T19:35:10.700481+00:00
2025-04-07,389.6,389.6,370.0,379.38,17178,379.38,2026-09-03T19:35:10.700481+00:00
2025-04-08,374.0,378.0,372.2,376.69,23642,376.69,2026-09-03T19:35:10.700481+00:00
2025-04-09,384.0,384.0,373.0,373.56,20447,373.56,2026-09-03T19:35:10.700481+00:00
2025-04-10,370.2,383.0,370.1,375.13,33998,375.13,2026-09-03T19:35:10.700481+00:00
2025-04-13,376.0,392.0,374.3,379.68,61594,379.68,2026-09-03T19:35:10.700481+00:00
2025-04-15,387.2,400.0,376.0,386.41,41269,386.41,2026-09-03T19:35:10.700481+00:00
2025-04-16,381.0,407.0,381.0,398.46,72374,398.46,2026-09-03T19:35:10.700481+00:00
2025-04-17,405.0,410.0,391.0,400.64,87130,400.64,2026-09-03T19:35:10.700481+00:00
2025-04-20,393.0,403.0,393.0,394.18,43915,394.18,2026-09-03T19:35:10.700481+00:00
2025-04-21,388.2,409.0,388.2,403.12,94624,403.12,2026-09-03T19:35:10.700481+00:00
2025-04-22,395.1,416.0,395.1,402.31,105415,402.31,2026-09-03T19:35:10.700481+00:00
2025-04-23,408.9,408.9,393.0,394.67,44425,394.67,2026-09-03T19:35:10.700481+00:00
2025-04-24,386.8,401.0,386.8,393.56,83140,393.56,2026-09-03T19:35:10.700481+00:00
2025-04-27,398.3,401.7,393.4,397.76,68497,397.76,2026-09-03T19:35:10.700481+00:00
2025-04-28,399.0,400.0,386.0,389.46,63303,389.46,2026-09-03T19:35:10.700481+00:00
2025-04-29,397.0,428.4,391.0,408.73,246372,408.73,2026-09-03T19:35:10.700481+00:00
2025-04-30,416.9,416.9,401.0,402.53,70973,402.53,2026-09-03T19:35:10.700481+00:00
2025-05-04,410.5,410.5,392.0,393.86,60321,393.86,2026-09-03T19:35:10.700481+00:00
2025-05-05,401.7,401.7,387.0,388.95,42033,388.95,2026-09-03T19:35:10.700481+00:00
2025-05-06,396.7,396.7,382.2,390.49,54014,390.49,2026-09-03T19:35:10.700481+00:00
2025-05-07,398.2,422.0,395.1,406.62,129793,406.62,2026-09-03T19:35:10.700481+00:00
2025-05-08,414.7,414.7,398.5,405.81,72512,405.81,2026-09-03T19:35:10.700481+00:00
2025-05-11,410.0,413.0,398.4,399.27,59234,399.27,2026-09-03T19:35:10.700481+00:00
2025-05-13,402.0,404.9,394.0,394.73,50231,394.73,2026-09-03T19:35:10.700481+00:00
2025-05-14,399.0,399.0,383.3,384.48,33560,384.48,2026-09-03T19:35:10.700481+00:00
2025-05-15,382.0,388.0,382.0,383.95,62088,383.95,2026-09-03T19:35:10.700481+00:00
2025-05-18,389.0,390.0,380.0,380.54,52998,380.54,2026-09-03T19:35:10.700481+00:00
2025-05-19,380.0,387.0,379.0,380.29,36806,380.29,2026-09-03T19:35:10.700481+00:00
2025-05-20,379.0,393.0,377.0,391.12,40751,391.12,2026-09-03T19:35:10.700481+00:00
2025-05-21,398.9,405.0,385.3,385.8,29670,385.8,2026-09-03T19:35:10.700481+00:00
2025-05-22,385.8,389.8,379.0,380.59,44904,380.59,2026-09-03T19:35:10.700481+00:00
2025-05-25,380.5,385.0,376.0,378.92,26987,378.92,2026-09-03T19:35:10.700481+00:00
2025-05-26,386.4,386.4,375.0,377.47,17808,377.47,2026-09-03T19:35:10.700481+00:00
2025-05-27,377.0,384.0,372.0,376.89,41395,376.89,2026-09-03T19:35:10.700481+00:00
2025-05-28,377.0,383.9,376.1,379.61,27455,379.61,2026-09-03T19:35:10.700481+00:00
2025-06-02,385.0,386.0,375.0,379.08,43809,379.08,2026-09-03T19:35:10.700481+00:00
2025-06-03,377.1,384.9,373.0,374.77,30414,374.77,2026-09-03T19:35:10.700481+00:00
2025-06-04,371.1,376.8,370.0,372.9,28464,372.9,2026-09-03T19:35:10.700481+00:00
2025-06-05,369.1,378.0,369.1,370.63,54208,370.63,2026-09-03T19:35:10.700481+00:00
2025-06-08,368.1,392.0,368.1,389.77,65412,389.77,2026-09-03T19:35:10.700481+00:00
2025-06-09,390.0,390.0,378.0,382.34,45826,382.34,2026-09-03T19:35:10.700481+00:00
2025-06-10,380.0,392.6,380.0,385.47,60039,385.47,2026-09-03T19:35:10.700481+00:00
2025-06-11,380.0,388.0,380.0,383.04,63820,383.04,2026-09-03T19:35:10.700481+00:00
2025-06-12,388.0,420.0,381.2,406.0,284392,406.0,2026-09-03T19:35:10.700481+00:00
2025-06-15,408.0,423.0,408.0,422.03,206304,422.03,2026-09-03T19:35:10.700481+00:00
2025-06-16,422.1,433.0,407.0,408.62,216151,408.62,2026-09-03T19:35:10.700481+00:00
2025-06-17,415.6,418.0,398.9,416.07,116714,416.07,2026-09-03T19:35:10.700481+00:00
2025-06-18,420.0,457.0,409.0,447.2,442441,447.2,2026-09-03T19:35:10.700481+00:00
2025-06-19,438.3,438.3,402.5,402.5,463525,402.5,2026-09-03T19:35:10.700481+00:00
2025-06-22,402.5,403.0,379.0,380.43,162185,380.43,2026-09-03T19:35:10.700481+00:00
2025-06-23,387.8,387.8,377.0,380.31,113056,380.31,2026-09-03T19:35:10.700481+00:00
2025-06-24,387.0,387.9,372.0,373.03,85103,373.03,2026-09-03T19:35:10.700481+00:00
2025-06-25,380.4,384.0,372.8,377.12,34131,377.12,2026-09-03T19:35:10.700481+00:00
2025-06-26,375.2,380.0,369.6,370.39,106550,370.39,2026-09-03T19:35:10.700481+00:00
2025-06-29,370.0,376.0,363.0,369.45,87551,369.45,2026-09-03T19:35:10.700481+00:00
2025-06-30,376.0,376.0,366.0,369.15,39605,369.15,2026-09-03T19:35:10.700481+00:00
2025-07-01,366.3,375.8,366.3,374.58,64333,374.58,2026-09-03T19:35:10.700481+00:00
2025-07-02,379.9,380.0,374.0,378.96,36158,378.96,2026-09-03T19:35:10.700481+00:00
2025-07-03,380.1,386.0,373.0,374.08,61086,374.08,2026-09-03T19:35:10.700481+00:00
2025-07-06,375.0,375.0,369.2,370.17,53892,370.17,2026-09-03T19:35:10.700481+00:00
2025-07-07,369.1,375.0,365.6,369.41,58426,369.41,2026-09-03T19:35:10.700481+00:00
2025-07-08,362.1,362.1,345.0,350.65,338492,350.65,2026-09-03T19:35:10.700481+00:00
2025-07-09,343.7,354.0,342.0,346.87,112633,346.87,2026-09-03T19:35:10.700481+00:00
2025-07-10,344.0,348.0,333.0,335.14,163896,335.14,2026-09-03T19:35:10.700481+00:00
2025-07-13,335.0,339.9,319.0,324.26,171693,324.26,2026-09-03T19:35:10.700481+00:00
2025-07-14,325.0,339.0,320.0,333.19,118461,333.19,2026-09-03T19:35:10.700481+00:00
2025-07-15,331.0,338.0,330.0,336.7,33425,336.7,2026-09-03T19:35:10.700481+00:00
2025-07-16,337.4,339.6,333.0,336.35,100988,336.35,2026-09-03T19:35:10.700481+00:00
2025-07-17,339.9,367.0,335.0,349.88,159366,349.88,2026-09-03T19:35:10.700481+00:00
2025-07-20,342.9,369.1,342.9,352.57,190758,352.57,2026-09-03T19:35:10.700481+00:00
2025-07-21,349.1,355.0,348.0,349.71,80973,349.71,2026-09-03T19:35:10.700481+00:00
2025-07-22,353.9,357.0,347.1,355.24,108005,355.24,2026-09-03T19:35:10.700481+00:00
2025-07-23,350.0,358.0,347.0,349.96,77387,349.96,2026-09-03T19:35:10.700481+00:00
2025-07-24,346.2,358.0,346.2,349.21,180795,349.21,2026-09-03T19:35:10.700481+00:00
2025-07-27,351.0,353.4,345.0,346.88,219063,346.88,2026-09-03T19:35:10.700481+00:00
2025-07-28,349.0,349.0,339.0,343.13,110689,343.13,2026-09-03T19:35:10.700481+00:00
2025-07-29,349.9,349.9,341.0,344.33,98376,344.33,2026-09-03T19:35:10.700481+00:00
2025-07-30,340.2,345.0,335.1,336.26,79591,336.26,2026-09-03T19:35:10.700481+00:00
2025-07-31,333.0,369.0,331.1,338.23,70370,338.23,2026-09-03T19:35:10.700481+00:00
2025-08-03,338.0,342.0,335.0,336.77,37640,336.77,2026-09-03T19:35:10.700481+00:00
2025-08-04,336.0,340.0,331.0,332.62,45035,332.62,2026-09-03T19:35:10.700481+00:00
2025-08-05,326.0,337.6,326.0,329.59,37546,329.59,2026-09-03T19:35:10.700481+00:00
2025-08-06,332.0,333.0,326.4,328.99,38047,328.99,2026-09-03T19:35:10.700481+00:00
2025-08-07,325.3,331.0,319.7,326.1,105565,326.1,2026-09-03T19:35:10.700481+00:00
2025-08-11,324.1,328.9,314.0,314.78,120082,314.78,2026-09-03T19:35:10.700481+00:00
2025-08-12,315.0,318.0,308.0,309.49,74327,309.49,2026-09-03T19:35:10.700481+00:00
2025-08-13,310.0,312.0,307.5,309.61,30399,309.61,2026-09-03T19:35:10.700481+00:00
2025-08-14,309.0,310.7,304.2,306.61,43209,306.61,2026-09-03T19:35:10.700481+00:00
2025-08-17,308.0,309.5,300.5,300.95,54635,300.95,2026-09-03T19:35:10.700481+00:00
2025-08-18,306.9,306.9,298.0,303.63,45508,303.63,2026-09-03T19:35:10.700481+00:00
2025-08-19,302.9,309.0,302.9,305.09,27556,305.09,2026-09-03T19:35:10.700481+00:00
2025-08-20,308.0,321.3,300.0,312.48,289894,312.48,2026-09-03T19:35:10.700481+00:00
2025-08-21,316.0,328.0,315.0,321.43,242616,321.43,2026-09-03T19:35:10.700481+00:00
2025-08-24,321.0,350.0,307.0,309.22,118203,309.22,2026-09-03T19:35:10.700481+00:00
2025-08-25,308.2,309.0,303.0,304.85,68119,304.85,2026-09-03T19:35:10.700481+00:00
2025-08-26,310.9,310.9,305.0,308.48,26629,308.48,2026-09-03T19:35:10.700481+00:00
2025-08-27,307.0,310.0,305.0,308.35,49325,308.35,2026-09-03T19:35:10.700481+00:00
2025-08-28,309.0,314.5,302.9,303.3,76689,303.3,2026-09-03T19:35:10.700481+00:00
2025-08-31,309.3,309.3,289.1,293.79,117699,293.79,2026-09-03T19:35:10.700481+00:00
2025-09-01,293.0,299.6,289.0,294.21,70467,294.21,2026-09-03T19:35:10.700481+00:00
2025-09-02,295.0,295.0,291.3,292.51,25041,292.51,2026-09-03T19:35:10.700481+00:00
2025-09-03,295.0,295.0,286.0,287.46,43562,287.46,2026-09-03T19:35:10.700481+00:00
2025-09-04,289.0,312.0,281.0,288.04,54615,288.04,2026-09-03T19:35:10.700481+00:00
2025-09-07,288.0,313.8,286.0,287.04,26840,287.04,2026-09-03T19:35:10.700481+00:00
2025-09-08,281.3,290.0,281.3,284.14,23581,284.14,2026-09-03T19:35:10.700481+00:00
2025-09-18,278.5,278.5,278.5,278.5,110,278.5,2026-09-03T19:35:10.700481+00:00
2025-09-21,273.0,291.7,263.7,287.02,75381,287.02,2026-09-03T19:35:10.700481+00:00
2025-09-23,292.7,294.6,282.0,293.0,33433,293.0,2026-09-03T19:35:10.700481+00:00
2025-09-24,293.0,295.0,287.3,287.5,20820,287.5,2026-09-03T19:35:10.700481+00:00
2025-09-25,287.0,295.9,282.2,288.0,26050,288.0,2026-09-03T19:35:10.700481+00:00
2025-09-28,284.1,293.9,284.1,290.0,11456,290.0,2026-09-03T19:35:10.700481+00:00
2025-10-07,292.0,294.9,277.0,279.0,38857,279.0,2026-09-03T19:35:10.700481+00:00
2025-10-08,277.0,282.0,267.9,270.1,55103,270.1,2026-09-03T19:35:10.700481+00:00
2025-10-09,275.5,286.6,275.0,278.0,32407,278.0,2026-09-03T19:35:10.700481+00:00
2025-10-12,274.0,275.0,262.4,271.0,50930,271.0,2026-09-03T19:35:10.700481+00:00
2025-10-13,265.6,285.0,265.6,284.0,22599,284.0,2026-09-03T19:35:10.700481+00:00
2025-10-14,278.4,282.5,269.0,272.0,19838,272.0,2026-09-03T19:35:10.700481+00:00
2025-10-15,268.0,294.0,263.0,263.3,85915,263.3,2026-09-03T19:35:10.700481+00:00
2025-10-16,264.4,267.9,262.0,262.3,20532,262.3,2026-09-03T19:35:10.700481+00:00
2025-10-19,262.3,267.0,252.3,262.1,27773,262.1,2026-09-03T19:35:10.700481+00:00
2025-10-26,260.0,260.1,254.8,255.0,21714,255.0,2026-09-03T19:35:10.700481+00:00
2025-10-28,253.1,267.2,253.1,266.7,24309,266.7,2026-09-03T19:35:10.700481+00:00
2025-10-29,267.0,275.1,265.0,265.1,36274,265.1,2026-09-03T19:35:10.700481+00:00
2025-10-30,268.0,273.3,262.7,272.0,16624,272.0,2026-09-03T19:35:10.700481+00:00
2025-11-02,273.9,277.4,270.0,273.6,29470,273.6,2026-09-03T19:35:10.700481+00:00
2025-11-03,271.0,276.0,270.0,272.0,23804,272.0,2026-09-03T19:35:10.700481+00:00
2025-11-04,268.3,274.9,268.3,270.0,46274,270.0,2026-09-03T19:35:10.700481+00:00
2025-11-05,268.0,272.0,266.3,269.0,11165,269.0,2026-09-03T19:35:10.700481+00:00
2025-11-06,268.0,274.0,267.0,268.1,92412,268.1,2026-09-03T19:35:10.700481+00:00
2025-11-09,265.0,269.0,264.0,266.0,14975,266.0,2026-09-03T19:35:10.700481+00:00
2025-11-10,264.0,270.0,262.2,263.5,13628,263.5,2026-09-03T19:35:10.700481+00:00
2025-11-11,268.7,274.0,265.6,273.0,77314,273.0,2026-09-03T19:35:10.700481+00:00
2025-11-12,272.0,273.0,265.0,266.0,26637,266.0,2026-09-03T19:35:10.700481+00:00
2025-11-13,266.0,272.0,263.0,268.0,25836,268.0,2026-09-03T19:35:10.700481+00:00
2025-11-16,268.0,269.0,264.0,268.0,30974,268.0,2026-09-03T19:35:10.700481+00:00
2025-11-17,264.1,269.6,263.9,265.0,17655,265.0,2026-09-03T19:35:10.700481+00:00
2025-11-18,270.3,270.3,265.0,265.0,13141,265.0,2026-09-03T19:35:10.700481+00:00
2025-11-19,270.3,272.0,262.0,263.0,27455,263.0,2026-09-03T19:35:10.700481+00:00
2025-11-20,260.0,268.2,260.0,261.0,31113,261.0,2026-09-03T19:35:10.700481+00:00
2025-11-23,256.0,270.0,255.9,265.1,56051,265.1,2026-09-03T19:35:10.700481+00:00
2025-11-24,260.4,272.7,260.3,269.8,27482,269.8,2026-09-03T19:35:10.700481+00:00
2025-11-25,267.0,270.0,266.0,269.9,18530,269.9,2026-09-03T19:35:10.700481+00:00
2025-11-26,269.0,270.0,267.2,267.5,26721,267.5,2026-09-03T19:35:10.700481+00:00
2025-11-27,271.8,271.8,267.6,271.8,26525,271.8,2026-09-03T19:35:10.700481+00:00
2025-11-30,268.4,274.4,268.0,269.1,49404,269.1,2026-09-03T19:35:10.700481+00:00
2025-12-01,266.0,269.0,266.0,267.0,11818,267.0,2026-09-03T19:35:10.700481+00:00
2025-12-02,267.0,293.7,267.0,290.0,267129,290.0,2026-09-03T19:35:10.700481+00:00
2025-12-03,295.0,318.0,284.0,284.0,79463,284.0,2026-09-03T19:35:10.700481+00:00
2025-12-07,285.0,286.0,276.0,277.9,63048,277.9,2026-09-03T19:35:10.700481+00:00
2025-12-08,275.3,291.0,275.3,278.8,47159,278.8,2026-09-03T19:35:10.700481+00:00
2025-12-09,280.0,284.2,276.0,280.5,31645,280.5,2026-09-03T19:35:10.700481+00:00
2025-12-10,278.5,280.5,275.2,277.1,19656,277.1,2026-09-03T19:35:10.700481+00:00
2025-12-11,277.0,280.0,275.7,275.7,22699,275.7,2026-09-03T19:35:10.700481+00:00
2025-12-14,275.7,280.0,273.0,273.1,23420,273.1,2026-09-03T19:35:10.700481+00:00
2025-12-15,272.1,275.0,272.1,273.9,19499,273.9,2026-09-03T19:35:10.700481+00:00
2025-12-16,273.9,275.0,272.2,274.0,20431,274.0,2026-09-03T19:35:10.700481+00:00
2025-12-17,272.1,277.5,272.1,275.0,19153,275.0,2026-09-03T19:35:10.700481+00:00
2025-12-18,271.7,275.0,270.1,272.0,26835,272.0,2026-09-03T19:35:10.700481+00:00
2025-12-21,268.2,272.5,267.2,270.0,28500,270.0,2026-09-03T19:35:10.700481+00:00
2025-12-22,268.0,270.0,265.6,266.2,26695,266.2,2026-09-03T19:35:10.700481+00:00
2025-12-23,271.5,271.5,265.3,268.9,17571,268.9,2026-09-03T19:35:10.700481+00:00
2025-12-24,266.1,270.0,266.0,268.8,17872,268.8,2026-09-03T19:35:10.700481+00:00
2025-12-28,268.8,275.0,268.8,273.9,24561,273.9,2026-09-03T19:35:10.700481+00:00
2025-12-29,277.0,277.0,270.1,272.9,19859,272.9,2026-09-03T19:35:10.700481+00:00
2025-12-31,269.0,274.9,269.0,272.0,21052,272.0,2026-09-03T19:35:10.700481+00:00
2026-01-01,269.2,274.0,269.2,272.0,15797,272.0,2026-09-03T19:35:10.700481+00:00
2026-01-04,270.0,272.0,266.6,269.2,14306,269.2,2026-09-03T19:35:10.700481+00:00
2026-01-05,269.0,272.0,268.0,272.0,26653,272.0,2026-09-03T19:35:10.700481+00:00
2026-01-06,268.1,277.6,268.1,274.5,33788,274.5,2026-09-03T19:35:10.700481+00:00
2026-01-07,277.7,277.7,268.0,270.0,19966,270.0,2026-09-03T19:35:10.700481+00:00
2026-01-08,267.3,271.0,267.3,270.9,18965,270.9,2026-09-03T19:35:10.700481+00:00
2026-01-12,268.3,296.0,268.1,294.0,59995,294.0,2026-09-03T19:35:10.700481+00:00
2026-01-13,288.2,288.2,271.0,276.1,50927,276.1,2026-09-03T19:35:10.700481+00:00
2026-01-14,274.1,275.0,269.5,270.0,42160,270.0,2026-09-03T19:35:10.700481+00:00
2026-01-18,270.3,276.0,270.3,273.0,31975,273.0,2026-09-03T19:35:10.700481+00:00
2026-01-20,276.0,283.0,273.2,276.7,75944,276.7,2026-09-03T19:35:10.700481+00:00
2026-01-21,271.2,284.9,271.2,279.0,48869,279.0,2026-09-03T19:35:10.700481+00:00
2026-01-22,279.0,282.6,276.0,281.1,34649,281.1,2026-09-03T19:35:10.700481+00:00
2026-01-25,280.0,292.0,280.0,291.0,82032,291.0,2026-09-03T19:35:10.700481+00:00
2026-01-26,293.7,294.0,283.6,289.9,74347,289.9,2026-09-03T19:35:10.700481+00:00
2026-01-27,294.5,299.0,281.3,284.0,75361,284.0,2026-09-03T19:35:10.700481+00:00
2026-01-28,281.2,289.0,275.0,289.0,109632,289.0,2026-09-03T19:35:10.700481+00:00
2026-01-29,294.0,304.9,287.3,292.0,204562,292.0,2026-09-03T19:35:10.700481+00:00
2026-02-01,290.0,292.0,285.0,287.0,27176,287.0,2026-09-03T19:35:10.700481+00:00
2026-02-02,285.0,290.0,281.4,283.0,89638,283.0,2026-09-03T19:35:10.700481+00:00
2026-02-03,288.6,288.6,276.5,277.1,60079,277.1,2026-09-03T19:35:10.700481+00:00
2026-02-04,277.0,282.5,275.3,280.0,54168,280.0,2026-09-03T19:35:10.700481+00:00
2026-02-05,277.0,288.0,277.0,285.0,64251,285.0,2026-09-03T19:35:10.700481+00:00
2026-02-08,285.0,295.0,280.4,281.0,43262,281.0,2026-09-03T19:35:10.700481+00:00
2026-02-09,278.2,284.9,276.0,278.0,41635,278.0,2026-09-03T19:35:10.700481+00:00
2026-02-10,274.0,284.9,274.0,280.0,56222,280.0,2026-09-03T19:35:10.700481+00:00
2026-02-11,281.0,284.7,277.1,280.5,34103,280.5,2026-09-03T19:35:10.700481+00:00
2026-02-12,284.0,308.5,282.0,308.2,603032,308.2,2026-09-03T19:35:10.700481+00:00
2026-02-16,314.3,322.0,303.0,305.0,277243,305.0,2026-09-03T19:35:10.700481+00:00
2026-02-17,305.0,309.5,293.4,294.0,157523,294.0,2026-09-03T19:35:10.700481+00:00
2026-02-22,290.0,290.0,280.1,282.0,72104,282.0,2026-09-03T19:35:10.700481+00:00
2026-02-23,280.0,289.0,277.0,279.0,92412,279.0,2026-09-03T19:35:10.700481+00:00
2026-02-24,283.9,284.0,280.0,284.0,36620,284.0,2026-09-03T19:35:10.700481+00:00
2026-02-25,284.0,290.8,284.0,285.2,28492,285.2,2026-09-03T19:35:10.700481+00:00
2026-02-26,285.0,289.0,283.0,284.0,28856,284.0,2026-09-03T19:35:10.700481+00:00
2026-03-01,280.1,286.8,280.0,281.0,51045,281.0,2026-09-03T19:35:10.700481+00:00
2026-03-03,284.0,293.0,282.0,292.7,59675,292.7,2026-09-03T19:35:10.700481+00:00
2026-03-09,298.5,321.0,298.5,316.0,4968,316.0,2026-09-03T19:35:10.700481+00:00
2026-03-10,318.0,318.0,299.1,301.5,208899,301.5,2026-09-03T19:35:10.700481+00:00
2026-03-11,301.5,307.0,297.0,301.0,82776,301.0,2026-09-03T19:35:10.700481+00:00
2026-03-12,304.9,309.7,299.0,307.9,77972,307.9,2026-09-03T19:35:10.700481+00:00
2026-03-15,309.0,312.8,305.0,306.2,93644,306.2,2026-09-03T19:35:10.700481+00:00
2026-03-16,306.0,308.0,303.5,305.0,87240,305.0,2026-09-03T19:35:10.700481+00:00
2026-03-17,305.0,306.0,299.0,304.8,217780,304.8,2026-09-03T19:35:10.700481+00:00
2026-03-19,305.0,324.0,304.0,318.0,344619,318.0,2026-09-03T19:35:10.700481+00:00
2026-03-22,324.0,325.0,308.0,313.3,167129,313.3,2026-09-03T19:35:10.700481+00:00
2026-03-23,316.0,320.0,309.0,316.0,143778,316.0,2026-09-03T19:35:10.700481+00:00
2026-03-24,316.2,325.0,316.2,320.0,78078,320.0,2026-09-03T19:35:10.700481+00:00
2026-03-25,322.9,322.9,312.1,312.2,113416,312.2,2026-09-03T19:35:10.700481+00:00
2026-03-26,314.5,314.8,308.3,314.2,55381,314.2,2026-09-03T19:35:10.700481+00:00
2026-03-29,314.0,316.0,302.0,306.0,88429,306.0,2026-09-03T19:35:10.700481+00:00
2026-03-30,306.0,308.0,292.2,296.5,98719,296.5,2026-09-03T19:35:10.700481+00:00
2026-03-31,302.0,302.0,290.0,297.2,50424,297.2,2026-09-03T19:35:10.700481+00:00
2026-04-01,302.9,302.9,289.5,293.8,50045,293.8,2026-09-03T19:35:10.700481+00:00
2026-04-02,289.2,295.0,276.1,292.0,55284,292.0,2026-09-03T19:35:10.700481+00:00
2026-04-05,286.2,293.6,273.0,274.6,79919,274.6,2026-09-03T19:35:10.700481+00:00
2026-04-06,275.0,288.0,271.1,285.0,55382,285.0,2026-09-03T19:35:10.700481+00:00
2026-04-07,290.0,292.9,285.0,287.0,37867,287.0,2026-09-03T19:35:10.700481+00:00
2026-04-08,291.9,292.0,288.1,288.1,21585,288.1,2026-09-03T19:35:10.700481+00:00
2026-04-09,286.2,297.0,286.2,295.0,42193,295.0,2026-09-03T19:35:10.700481+00:00
2026-04-10,291.0,297.0,291.0,293.0,29559,293.0,2026-09-03T19:35:10.700481+00:00
2026-04-13,287.2,299.8,287.2,295.0,49312,295.0,2026-09-03T19:35:10.700481+00:00
2026-04-15,295.1,301.0,294.0,298.0,27129,298.0,2026-09-03T19:35:10.700481+00:00
2026-04-16,300.0,300.0,289.0,292.7,28943,292.7,2026-09-03T19:35:10.700481+00:00
2026-04-17,288.7,294.0,286.1,292.5,27163,292.5,2026-09-03T19:35:10.700481+00:00
2026-04-20,287.0,293.0,285.1,288.0,23755,288.0,2026-09-03T19:35:10.700481+00:00
2026-04-21,282.0,293.0,282.0,286.0,16974,286.0,2026-09-03T19:35:10.700481+00:00
2026-04-22,285.0,290.0,280.4,288.0,30225,288.0,2026-09-03T19:35:10.700481+00:00
2026-04-23,285.0,286.5,281.1,281.7,16929,281.7,2026-09-03T19:35:10.700481+00:00
2026-04-24,280.0,283.0,279.0,280.4,18849,280.4,2026-09-03T19:35:10.700481+00:00
2026-04-27,280.4,288.4,280.0,281.0,19827,281.0,2026-09-03T19:35:10.700481+00:00
2026-04-28,281.0,282.1,279.2,280.0,18756,280.0,2026-09-03T19:35:10.700481+00:00
2026-04-29,280.0,285.8,275.2,275.5,17325,275.5,2026-09-03T19:35:10.700481+00:00
2026-04-30,275.2,277.0,271.1,275.0,21550,275.0,2026-09-03T19:35:10.700481+00:00
2026-05-04,275.0,278.0,273.5,275.0,14490,275.0,2026-09-03T19:35:10.700481+00:00
2026-05-05,275.0,276.0,271.1,276.0,14711,276.0,2026-09-03T19:35:10.700481+00:00
2026-05-06,275.0,277.0,275.0,275.5,7066,275.5,2026-09-03T19:35:10.700481+00:00
2026-05-07,275.0,278.0,272.4,274.0,10507,274.0,2026-09-03T19:35:10.700481+00:00
2026-05-08,272.0,278.0,271.0,277.8,7373,277.8,2026-09-03T19:35:10.700481+00:00
2026-05-11,280.0,287.0,276.2,287.0,18172,287.0,2026-09-03T19:35:10.700481+00:00
2026-05-12,288.0,288.0,278.2,282.0,23584,282.0,2026-09-03T19:35:10.700481+00:00
2026-05-13,289.9,289.9,277.0,277.0,12089,277.0,2026-09-03T19:35:10.700481+00:00
2026-05-14,277.0,280.0,275.1,276.0,11058,276.0,2026-09-03T19:35:10.700481+00:00
2026-05-15,276.0,281.0,274.1,279.9,10334,279.9,2026-09-03T19:35:10.700481+00:00
2026-05-18,275.1,279.0,274.0,279.0,10001,279.0,2026-09-03T19:35:10.700481+00:00
2026-05-19,275.4,279.0,275.3,275.9,15315,275.9,2026-09-03T19:35:10.700481+00:00
2026-05-20,275.6,282.0,275.6,278.6,24711,278.6,2026-09-03T19:35:10.700481+00:00
2026-05-21,277.0,282.0,276.6,279.0,15679,279.0,2026-09-03T19:35:10.700481+00:00
2026-05-22,279.0,280.0,276.1,279.0,10469,279.0,2026-09-03T19:35:10.700481+00:00
2026-05-25,279.0,285.0,278.0,283.0,23511,283.0,2026-09-03T19:35:10.700481+00:00
2026-05-26,290.0,290.0,281.8,284.0,15293,284.0,2026-09-03T19:35:10.700481+00:00
2026-05-27,285.0,287.0,281.0,283.0,17437,283.0,2026-09-03T19:35:10.700481+00:00
2026-06-01,295.0,295.0,276.5,277.5,18505,277.5,2026-09-03T19:35:10.700481+00:00
2026-06-02,275.5,285.8,275.5,280.0,13310,280.0,2026-09-03T19:35:10.700481+00:00
2026-06-03,280.0,283.0,279.0,279.1,15436,279.1,2026-09-03T19:35:10.700481+00:00
2026-06-04,283.0,283.0,269.2,276.0,82964,276.0,2026-09-03T19:35:10.700481+00:00
2026-06-05,280.0,280.0,274.0,274.0,12576,274.0,2026-09-03T19:35:10.700481+00:00
2026-06-08,274.0,279.5,272.1,272.4,18662,272.4,2026-09-03T19:35:10.700481+00:00
2026-06-09,275.0,275.0,270.1,272.3,17253,272.3,2026-09-03T19:35:10.700481+00:00
2026-06-10,273.2,275.0,270.0,271.1,27772,271.1,2026-09-03T19:35:10.700481+00:00
2026-06-11,272.0,272.0,269.0,270.0,27969,270.0,2026-09-03T19:35:10.700481+00:00
2026-06-12,268.5,270.0,265.0,265.4,44030,265.4,2026-09-03T19:35:10.700481+00:00
2026-06-15,268.0,271.0,266.1,267.0,16780,267.0,2026-09-03T19:35:10.700481+00:00
2026-06-16,265.5,269.9,265.0,268.0,11848,268.0,2026-09-03T19:35:10.700481+00:00
2026-06-17,265.6,268.0,265.6,266.7,10867,266.7,2026-09-03T19:35:10.700481+00:00
2026-06-18,265.0,270.0,265.0,269.4,12451,269.4,2026-09-03T19:35:10.700481+00:00
2026-06-19,269.0,272.5,266.4,268.1,9138,268.1,2026-09-03T19:35:10.700481+00:00
2026-06-22,268.1,269.0,264.0,265.0,23810,265.0,2026-09-03T19:35:10.700481+00:00
2026-06-23,261.0,268.0,261.0,263.2,15769,263.2,2026-09-03T19:35:10.700481+00:00
2026-06-24,258.1,266.0,258.1,264.1,20376,264.1,2026-09-03T19:35:10.700481+00:00
2026-06-25,263.0,266.1,260.1,265.0,5885,265.0,2026-09-03T19:35:10.700481+00:00
2026-06-26,260.5,265.0,260.5,262.0,10324,262.0,2026-09-03T19:35:10.700481+00:00
2026-06-29,262.1,264.0,259.0,259.5,17133,259.5,2026-09-03T19:35:10.700481+00:00
2026-06-30,260.0,262.0,258.3,260.0,17229,260.0,2026-09-03T19:35:10.700481+00:00
2026-07-01,260.0,267.0,260.0,264.0,9961,264.0,2026-09-03T19:35:10.700481+00:00
2026-07-02,262.0,262.0,260.1,261.9,5280,261.9,2026-09-03T19:35:10.700481+00:00
2026-07-03,259.0,264.5,259.0,264.0,3399,264.0,2026-09-03T19:35:10.700481+00:00
2026-07-06,262.0,262.9,260.3,262.0,6623,262.0,2026-09-03T19:35:10.700481+00:00
2026-07-07,260.0,264.0,260.0,263.0,8851,263.0,2026-09-03T19:35:10.700481+00:00
2026-07-08,260.1,264.0,260.1,261.1,13970,261.1,2026-09-03T19:35:10.700481+00:00
2026-07-09,260.0,262.0,260.0,260.2,14193,260.2,2026-09-03T19:35:10.700481+00:00
2026-07-10,261.0,262.4,260.2,260.3,9772,260.3,2026-09-03T19:35:10.700481+00:00
2026-07-13,260.2,263.0,255.1,255.1,13507,255.1,2026-09-03T19:35:10.700481+00:00
2026-07-14,252.0,257.0,252.0,255.1,16053,255.1,2026-09-03T19:35:10.700481+00:00
2026-07-15,253.1,260.0,253.1,255.0,8784,255.0,2026-09-03T19:35:10.700481+00:00
2026-07-16,267.7,267.7,253.0,253.0,11999,253.0,2026-09-03T19:35:10.700481+00:00
2026-07-17,253.0,263.6,253.0,263.6,8545,263.6,2026-09-03T19:35:10.700481+00:00
2026-07-20,263.0,268.2,262.0,267.0,11309,267.0,2026-09-03T19:35:10.700481+00:00
2026-07-21,265.0,276.0,263.0,271.8,24913,271.8,2026-09-03T19:35:10.700481+00:00
2026-07-22,271.0,271.0,265.0,265.1,11656,265.1,2026-09-03T19:35:10.700481+00:00
2026-07-23,268.0,268.0,263.3,267.0,9989,267.0,2026-09-03T19:35:10.700481+00:00
2026-07-24,263.2,270.0,263.2,267.0,11576,267.0,2026-09-03T19:35:10.700481+00:00
2026-07-27,254.0,269.0,254.0,264.5,10714,264.5,2026-09-03T19:35:10.700481+00:00
2026-07-28,251.3,263.2,251.3,262.0,6650,262.0,2026-09-03T19:35:10.700481+00:00
2026-07-29,260.1,265.9,260.1,262.2,7335,262.2,2026-09-03T19:35:10.700481+00:00
2026-07-30,260.2,263.0,258.1,258.1,19919,258.1,2026-09-03T19:35:10.700481+00:00
2026-07-31,258.5,259.9,255.0,259.9,17625,259.9,2026-09-03T19:35:10.700481+00:00
2026-08-03,255.5,260.0,255.5,257.3,16246,257.3,2026-09-03T19:35:10.700481+00:00
2026-08-04,258.0,260.0,256.0,256.2,6959,256.2,2026-09-03T19:35:10.700481+00:00
2026-08-05,256.0,259.9,256.0,258.0,6840,258.0,2026-09-03T19:35:10.700481+00:00
2026-08-06,258.0,259.0,256.0,256.5,9346,256.5,2026-09-03T19:35:10.700481+00:00
2026-08-07,244.4,259.0,244.4,259.0,4000,259.0,2026-09-03T19:35:10.700481+00:00
2026-08-10,259.0,261.0,251.5,260.0,26721,260.0,2026-09-03T19:35:10.700481+00:00
2026-08-11,254.1,259.0,254.1,256.4,11892,256.4,2026-09-03T19:35:10.700481+00:00
2026-08-12,253.3,257.0,253.3,253.6,11184,253.6,2026-09-03T19:35:10.700481+00:00
2026-08-13,253.0,260.0,253.0,259.0,18313,259.0,2026-09-03T19:35:10.700481+00:00
2026-08-14,260.0,260.0,254.0,255.5,12280,255.5,2026-09-03T19:35:10.700481+00:00
2026-08-17,255.0,255.0,252.6,253.5,8723,253.5,2026-09-03T19:35:10.700481+00:00
2026-08-18,252.0,253.5,251.1,252.1,8395,252.1,2026-09-03T19:35:10.700481+00:00
2026-08-19,251.0,253.1,250.0,251.7,8864,251.7,2026-09-03T19:35:10.700481+00:00
2026-08-20,251.0,252.8,248.4,248.4,27841,248.4,2026-09-03T19:35:10.700481+00:00
2026-08-21,249.0,252.0,246.2,248.9,20492,248.9,2026-09-03T19:35:10.700481+00:00
2026-08-24,248.0,248.0,243.0,243.0,38476,243.0,2026-09-03T19:35:10.700481+00:00
2026-08-25,243.0,246.0,240.7,241.4,11330,241.4,2026-09-03T19:35:10.700481+00:00
2026-08-26,230.0,230.0,205.2,205.2,571997,205.2,2026-09-03T19:35:10.700481+00:00
2026-08-27,195.0,195.0,175.0,188.0,420658,188.0,2026-09-03T19:35:10.700481+00:00
2026-08-31,183.0,185.0,163.9,165.9,379967,165.9,2026-09-03T19:35:10.700481+00:00
2026-09-01,174.0,175.0,156.0,168.7,267473,168.7,2026-09-03T19:35:10.700481+00:00
2026-09-02,168.0,185.4,166.0,178.8,398731,178.8,2026-09-03T19:35:10.700481+00:00
2026-09-03,175.0,179.7,172.2,173.1,115868,173.1,2026-09-03T19:35:10.700481+00:00
