date,open,high,low,close,volume,adj_close,fetched_at
2015-03-01,153.0,156.0,156.0,156.0,120,156.0,2026-09-03T19:34:19.381668+00:00
2015-03-04,156.0,159.0,156.0,156.0,2940,156.0,2026-09-03T19:34:19.381668+00:00
2015-03-09,156.0,165.0,159.0,165.0,150,165.0,2026-09-03T19:34:19.381668+00:00
2015-03-10,165.0,163.0,162.0,163.0,12500,163.0,2026-09-03T19:34:19.381668+00:00
2015-03-11,163.0,166.0,166.0,166.0,540,166.0,2026-09-03T19:34:19.381668+00:00
2015-03-15,166.0,182.0,169.0,182.0,1000,182.0,2026-09-03T19:34:19.381668+00:00
2015-03-16,182.0,200.0,179.0,179.0,10500,179.0,2026-09-03T19:34:19.381668+00:00
2015-03-17,179.0,180.0,180.0,180.0,500,180.0,2026-09-03T19:34:19.381668+00:00
2015-03-18,180.0,177.0,177.0,177.0,1210,177.0,2026-09-03T19:34:19.381668+00:00
2015-03-19,177.0,174.0,174.0,174.0,500,174.0,2026-09-03T19:34:19.381668+00:00
2015-03-25,174.0,171.0,171.0,171.0,50,171.0,2026-09-03T19:34:19.381668+00:00
2015-04-01,171.0,168.0,165.0,165.0,100,165.0,2026-09-03T19:34:19.381668+00:00
2015-04-08,165.0,162.0,162.0,162.0,200,162.0,2026-09-03T19:34:19.381668+00:00
2015-06-07,162.0,165.0,162.0,162.0,520,162.0,2026-09-03T19:34:19.381668+00:00
2015-06-08,162.0,165.0,162.0,162.0,520,162.0,2026-09-03T19:34:19.381668+00:00
2015-06-08,162.0,165.0,162.0,162.0,520,162.0,2026-09-03T19:34:19.381668+00:00
2015-06-08,162.0,165.0,162.0,162.0,520,162.0,2026-09-03T19:34:19.381668+00:00
2015-06-09,162.0,165.0,165.0,165.0,20,165.0,2026-09-03T19:34:19.381668+00:00
2015-06-18,165.0,168.0,168.0,168.0,20,168.0,2026-09-03T19:34:19.381668+00:00
2015-06-23,168.0,171.0,171.0,171.0,20,171.0,2026-09-03T19:34:19.381668+00:00
2015-07-26,171.0,183.0,174.0,183.0,160,183.0,2026-09-03T19:34:19.381668+00:00
2015-07-27,183.0,180.0,180.0,180.0,1000,180.0,2026-09-03T19:34:19.381668+00:00
2015-07-28,180.0,180.0,180.0,180.0,5640,180.0,2026-09-03T19:34:19.381668+00:00
2015-07-29,180.0,182.0,182.0,182.0,100,182.0,2026-09-03T19:34:19.381668+00:00
2015-08-16,182.0,182.0,179.0,182.0,150,182.0,2026-09-03T19:34:19.381668+00:00
2015-08-20,182.0,179.0,176.0,176.0,40,176.0,2026-09-03T19:34:19.381668+00:00
2015-08-24,176.0,180.0,176.0,176.0,1600,176.0,2026-09-03T19:34:19.381668+00:00
2015-08-25,176.0,173.0,159.0,159.0,4139,159.0,2026-09-03T19:34:19.381668+00:00
2015-08-26,159.0,168.0,162.0,166.0,1020,166.0,2026-09-03T19:34:19.381668+00:00
2015-08-27,166.0,171.0,165.0,171.0,8810,171.0,2026-09-03T19:34:19.381668+00:00
2015-08-31,171.0,172.0,169.0,172.0,1700,172.0,2026-09-03T19:34:19.381668+00:00
2015-09-01,172.0,172.0,170.0,172.0,3600,172.0,2026-09-03T19:34:19.381668+00:00
2015-09-02,172.0,169.0,166.0,166.0,3360,166.0,2026-09-03T19:34:19.381668+00:00
2015-09-06,166.0,163.0,161.0,161.0,330,161.0,2026-09-03T19:34:19.381668+00:00
2015-09-07,161.0,161.0,158.0,161.0,330,161.0,2026-09-03T19:34:19.381668+00:00
2015-09-08,161.0,164.0,164.0,164.0,360,164.0,2026-09-03T19:34:19.381668+00:00
2015-09-09,164.0,171.0,167.0,171.0,620,171.0,2026-09-03T19:34:19.381668+00:00
2015-09-14,171.0,171.0,168.0,171.0,2000,171.0,2026-09-03T19:34:19.381668+00:00
2015-09-15,171.0,174.0,174.0,174.0,100,174.0,2026-09-03T19:34:19.381668+00:00
2015-09-17,174.0,190.0,175.0,190.0,4350,190.0,2026-09-03T19:34:19.381668+00:00
2015-09-22,190.0,188.0,188.0,188.0,20,188.0,2026-09-03T19:34:19.381668+00:00
2015-09-23,188.0,189.0,189.0,189.0,2280,189.0,2026-09-03T19:34:19.381668+00:00
2015-09-24,189.0,186.0,183.0,183.0,200,183.0,2026-09-03T19:34:19.381668+00:00
2015-10-01,183.0,183.0,183.0,183.0,210,183.0,2026-09-03T19:34:19.381668+00:00
2015-10-06,183.0,180.0,180.0,180.0,1000,180.0,2026-09-03T19:34:19.381668+00:00
2015-10-08,180.0,177.0,174.0,174.0,150,174.0,2026-09-03T19:34:19.381668+00:00
2015-10-15,174.0,171.0,168.0,168.0,190,168.0,2026-09-03T19:34:19.381668+00:00
2015-11-01,168.0,165.0,162.0,162.0,600,162.0,2026-09-03T19:34:19.381668+00:00
2015-11-18,162.0,165.0,161.0,162.0,3100,162.0,2026-09-03T19:34:19.381668+00:00
2015-11-19,162.0,159.0,156.0,156.0,2970,156.0,2026-09-03T19:34:19.381668+00:00
2015-11-22,156.0,159.0,159.0,159.0,500,159.0,2026-09-03T19:34:19.381668+00:00
2015-11-24,159.0,156.0,156.0,156.0,3000,156.0,2026-09-03T19:34:19.381668+00:00
2015-11-26,156.0,159.0,159.0,159.0,270,159.0,2026-09-03T19:34:19.381668+00:00
2015-11-30,159.0,156.0,156.0,156.0,1000,156.0,2026-09-03T19:34:19.381668+00:00
2015-12-01,156.0,154.0,154.0,154.0,1000,154.0,2026-09-03T19:34:19.381668+00:00
2015-12-09,154.0,157.0,157.0,157.0,500,157.0,2026-09-03T19:34:19.381668+00:00
2015-12-17,157.0,160.0,160.0,160.0,2280,160.0,2026-09-03T19:34:19.381668+00:00
2015-12-21,160.0,161.0,161.0,161.0,540,161.0,2026-09-03T19:34:19.381668+00:00
2015-12-24,161.0,170.0,164.0,170.0,1350,170.0,2026-09-03T19:34:19.381668+00:00
2016-01-04,170.0,170.0,170.0,170.0,1000,170.0,2026-09-03T19:34:19.381668+00:00
2016-01-05,170.0,173.0,173.0,173.0,100,173.0,2026-09-03T19:34:19.381668+00:00
2016-01-06,173.0,179.0,176.0,179.0,420,179.0,2026-09-03T19:34:19.381668+00:00
2016-01-13,179.0,176.0,176.0,176.0,100,176.0,2026-09-03T19:34:19.381668+00:00
2016-01-14,176.0,173.0,173.0,173.0,440,173.0,2026-09-03T19:34:19.381668+00:00
2016-01-31,173.0,176.0,176.0,176.0,100,176.0,2026-09-03T19:34:19.381668+00:00
2016-02-01,176.0,191.0,179.0,191.0,250,191.0,2026-09-03T19:34:19.381668+00:00
2016-02-03,191.0,210.0,194.0,210.0,60,210.0,2026-09-03T19:34:19.381668+00:00
2016-02-04,210.0,231.0,214.0,231.0,7449,231.0,2026-09-03T19:34:19.381668+00:00
2016-02-07,231.0,239.0,235.0,235.0,5100,235.0,2026-09-03T19:34:19.381668+00:00
2016-02-08,235.0,240.0,231.0,237.0,1120,237.0,2026-09-03T19:34:19.381668+00:00
2016-02-11,237.0,233.0,233.0,233.0,300,233.0,2026-09-03T19:34:19.381668+00:00
2016-02-14,233.0,245.0,237.0,245.0,895,245.0,2026-09-03T19:34:19.381668+00:00
2016-02-15,245.0,249.0,231.0,240.0,1850,240.0,2026-09-03T19:34:19.381668+00:00
2016-02-16,240.0,237.0,232.0,232.0,2350,232.0,2026-09-03T19:34:19.381668+00:00
2016-02-17,232.0,231.0,224.0,230.0,8330,230.0,2026-09-03T19:34:19.381668+00:00
2016-02-18,230.0,238.0,230.0,233.0,3020,233.0,2026-09-03T19:34:19.381668+00:00
2016-02-21,233.0,236.0,233.0,236.0,3400,236.0,2026-09-03T19:34:19.381668+00:00
2016-02-22,236.0,238.0,234.0,234.0,1200,234.0,2026-09-03T19:34:19.381668+00:00
2016-02-23,234.0,238.0,236.0,236.0,1300,236.0,2026-09-03T19:34:19.381668+00:00
2016-02-24,236.0,232.0,230.0,230.0,500,230.0,2026-09-03T19:34:19.381668+00:00
2016-02-25,230.0,234.0,233.0,234.0,820,234.0,2026-09-03T19:34:19.381668+00:00
2016-03-01,234.0,238.0,230.0,230.0,1010,230.0,2026-09-03T19:34:19.381668+00:00
2016-03-03,230.0,230.0,226.0,230.0,172,230.0,2026-09-03T19:34:19.381668+00:00
2016-03-10,230.0,238.0,230.0,238.0,4110,238.0,2026-09-03T19:34:19.381668+00:00
2016-03-13,238.0,242.0,240.0,242.0,800,242.0,2026-09-03T19:34:19.381668+00:00
2016-03-14,242.0,255.0,246.0,255.0,1898,255.0,2026-09-03T19:34:19.381668+00:00
2016-03-15,255.0,277.0,255.0,270.0,7525,270.0,2026-09-03T19:34:19.381668+00:00
2016-03-16,270.0,275.0,264.0,268.0,3630,268.0,2026-09-03T19:34:19.381668+00:00
2016-03-21,268.0,273.0,260.0,264.0,1330,264.0,2026-09-03T19:34:19.381668+00:00
2016-03-23,264.0,269.0,269.0,269.0,110,269.0,2026-09-03T19:34:19.381668+00:00
2016-03-24,269.0,264.0,259.0,259.0,300,259.0,2026-09-03T19:34:19.381668+00:00
2016-03-27,259.0,255.0,245.0,245.0,1390,245.0,2026-09-03T19:34:19.381668+00:00
2016-03-28,245.0,258.0,249.0,250.0,861,250.0,2026-09-03T19:34:19.381668+00:00
2016-03-29,250.0,255.0,250.0,255.0,1350,255.0,2026-09-03T19:34:19.381668+00:00
2016-03-31,255.0,250.0,250.0,250.0,50,250.0,2026-09-03T19:34:19.381668+00:00
2016-04-05,250.0,247.0,247.0,247.0,350,247.0,2026-09-03T19:34:19.381668+00:00
2016-04-06,247.0,255.0,250.0,250.0,3521,250.0,2026-09-03T19:34:19.381668+00:00
2016-04-10,250.0,255.0,255.0,255.0,300,255.0,2026-09-03T19:34:19.381668+00:00
2016-04-12,255.0,255.0,254.0,255.0,280,255.0,2026-09-03T19:34:19.381668+00:00
2016-04-14,255.0,270.0,260.0,269.0,1391,269.0,2026-09-03T19:34:19.381668+00:00
2016-04-19,269.0,270.0,270.0,270.0,700,270.0,2026-09-03T19:34:19.381668+00:00
2016-04-26,270.0,270.0,270.0,270.0,290,270.0,2026-09-03T19:34:19.381668+00:00
2016-04-27,270.0,275.0,270.0,275.0,810,275.0,2026-09-03T19:34:19.381668+00:00
2016-04-28,275.0,275.0,258.0,275.0,6918,275.0,2026-09-03T19:34:19.381668+00:00
2016-05-05,275.0,270.0,256.0,260.0,7628,260.0,2026-09-03T19:34:19.381668+00:00
2016-05-08,260.0,280.0,264.0,266.0,18023,266.0,2026-09-03T19:34:19.381668+00:00
2016-05-09,266.0,292.0,271.0,292.0,6681,292.0,2026-09-03T19:34:19.381668+00:00
2016-05-10,292.0,314.0,285.0,300.0,31065,300.0,2026-09-03T19:34:19.381668+00:00
2016-05-11,300.0,319.0,300.0,319.0,14475,319.0,2026-09-03T19:34:19.381668+00:00
2016-05-12,319.0,342.0,316.0,342.0,10720,342.0,2026-09-03T19:34:19.381668+00:00
2016-05-15,342.0,355.0,322.0,325.0,13618,325.0,2026-09-03T19:34:19.381668+00:00
2016-05-16,325.0,320.0,300.0,303.0,14477,303.0,2026-09-03T19:34:19.381668+00:00
2016-05-17,303.0,330.0,288.0,318.0,13193,318.0,2026-09-03T19:34:19.381668+00:00
2016-05-18,318.0,324.0,305.0,314.0,26053,314.0,2026-09-03T19:34:19.381668+00:00
2016-05-19,314.0,324.0,303.0,315.0,33415,315.0,2026-09-03T19:34:19.381668+00:00
2016-05-22,263.0,278.0,258.0,273.0,7553,273.0,2026-09-03T19:34:19.381668+00:00
2016-05-23,273.0,275.0,270.0,274.0,2794,274.0,2026-09-03T19:34:19.381668+00:00
2016-05-24,274.0,270.0,259.0,264.0,1240,264.0,2026-09-03T19:34:19.381668+00:00
2016-05-25,264.0,259.0,249.0,255.0,4493,255.0,2026-09-03T19:34:19.381668+00:00
2016-05-26,255.0,253.0,241.0,253.0,3278,253.0,2026-09-03T19:34:19.381668+00:00
2016-05-29,253.0,257.0,250.0,257.0,3979,257.0,2026-09-03T19:34:19.381668+00:00
2016-05-30,257.0,257.0,255.0,255.0,245,255.0,2026-09-03T19:34:19.381668+00:00
2016-05-31,255.0,260.0,255.0,260.0,556,260.0,2026-09-03T19:34:19.381668+00:00
2016-06-01,260.0,255.0,255.0,255.0,1000,255.0,2026-09-03T19:34:19.381668+00:00
2016-06-02,255.0,257.0,245.0,247.0,1202,247.0,2026-09-03T19:34:19.381668+00:00
2016-06-05,247.0,251.0,244.0,246.0,1780,246.0,2026-09-03T19:34:19.381668+00:00
2016-06-06,246.0,259.0,250.0,259.0,4488,259.0,2026-09-03T19:34:19.381668+00:00
2016-06-07,259.0,264.0,254.0,254.0,1897,254.0,2026-09-03T19:34:19.381668+00:00
2016-06-08,254.0,259.0,249.0,249.0,2468,249.0,2026-09-03T19:34:19.381668+00:00
2016-06-09,249.0,260.0,253.0,260.0,360,260.0,2026-09-03T19:34:19.381668+00:00
2016-06-12,260.0,268.0,261.0,261.0,2011,261.0,2026-09-03T19:34:19.381668+00:00
2016-06-13,261.0,269.0,260.0,269.0,1190,269.0,2026-09-03T19:34:19.381668+00:00
2016-06-14,269.0,283.0,266.0,278.0,1912,278.0,2026-09-03T19:34:19.381668+00:00
2016-06-15,278.0,278.0,267.0,270.0,1839,270.0,2026-09-03T19:34:19.381668+00:00
2016-06-16,270.0,281.0,270.0,278.0,2104,278.0,2026-09-03T19:34:19.381668+00:00
2016-06-19,278.0,278.0,270.0,278.0,949,278.0,2026-09-03T19:34:19.381668+00:00
2016-06-20,278.0,288.0,263.0,266.0,1398,266.0,2026-09-03T19:34:19.381668+00:00
2016-06-21,266.0,266.0,261.0,266.0,3754,266.0,2026-09-03T19:34:19.381668+00:00
2016-06-22,266.0,285.0,270.0,280.0,11112,280.0,2026-09-03T19:34:19.381668+00:00
2016-06-23,280.0,300.0,280.0,299.0,18742,299.0,2026-09-03T19:34:19.381668+00:00
2016-06-26,299.0,306.0,295.0,300.0,2700,300.0,2026-09-03T19:34:19.381668+00:00
2016-06-27,300.0,307.0,300.0,307.0,3909,307.0,2026-09-03T19:34:19.381668+00:00
2016-06-28,307.0,306.0,298.0,298.0,1989,298.0,2026-09-03T19:34:19.381668+00:00
2016-06-29,298.0,303.0,294.0,297.0,7874,297.0,2026-09-03T19:34:19.381668+00:00
2016-06-30,297.0,295.0,290.0,290.0,1548,290.0,2026-09-03T19:34:19.381668+00:00
2016-07-03,290.0,300.0,295.0,300.0,3424,300.0,2026-09-03T19:34:19.381668+00:00
2016-07-04,300.0,306.0,299.0,300.0,1062,300.0,2026-09-03T19:34:19.381668+00:00
2016-07-05,300.0,306.0,284.0,300.0,8807,300.0,2026-09-03T19:34:19.381668+00:00
2016-07-06,300.0,326.0,301.0,320.0,13659,320.0,2026-09-03T19:34:19.381668+00:00
2016-07-10,320.0,330.0,317.0,317.0,3649,317.0,2026-09-03T19:34:19.381668+00:00
2016-07-11,317.0,315.0,303.0,303.0,1500,303.0,2026-09-03T19:34:19.381668+00:00
2016-07-12,303.0,306.0,297.0,305.0,3372,305.0,2026-09-03T19:34:19.381668+00:00
2016-07-13,305.0,301.0,290.0,296.0,1894,296.0,2026-09-03T19:34:19.381668+00:00
2016-07-14,296.0,301.0,291.0,301.0,2191,301.0,2026-09-03T19:34:19.381668+00:00
2016-07-17,301.0,308.0,297.0,308.0,3765,308.0,2026-09-03T19:34:19.381668+00:00
2016-07-18,308.0,314.0,300.0,301.0,3438,301.0,2026-09-03T19:34:19.381668+00:00
2016-07-19,301.0,318.0,307.0,318.0,3736,318.0,2026-09-03T19:34:19.381668+00:00
2016-07-20,318.0,334.0,312.0,312.0,5340,312.0,2026-09-03T19:34:19.381668+00:00
2016-07-21,312.0,318.0,306.0,315.0,1663,315.0,2026-09-03T19:34:19.381668+00:00
2016-07-25,315.0,346.0,303.0,346.0,28052,346.0,2026-09-03T19:34:19.381668+00:00
2016-07-26,346.0,380.0,352.0,380.0,16186,380.0,2026-09-03T19:34:19.381668+00:00
2016-07-27,380.0,417.0,387.0,391.0,20713,391.0,2026-09-03T19:34:19.381668+00:00
2016-07-28,391.0,410.0,374.0,401.0,15848,401.0,2026-09-03T19:34:19.381668+00:00
2016-07-31,401.0,403.0,381.0,381.0,6594,381.0,2026-09-03T19:34:19.381668+00:00
2016-08-01,381.0,392.0,373.0,392.0,4700,392.0,2026-09-03T19:34:19.381668+00:00
2016-08-02,392.0,392.0,374.0,374.0,1508,374.0,2026-09-03T19:34:19.381668+00:00
2016-08-03,374.0,380.0,360.0,373.0,3551,373.0,2026-09-03T19:34:19.381668+00:00
2016-08-04,373.0,376.0,354.0,354.0,6196,354.0,2026-09-03T19:34:19.381668+00:00
2016-08-07,354.0,389.0,361.0,363.0,12241,363.0,2026-09-03T19:34:19.381668+00:00
2016-08-08,363.0,356.0,338.0,338.0,3253,338.0,2026-09-03T19:34:19.381668+00:00
2016-08-10,338.0,371.0,340.0,362.0,8607,362.0,2026-09-03T19:34:19.381668+00:00
2016-08-11,362.0,379.0,360.0,379.0,7783,379.0,2026-09-03T19:34:19.381668+00:00
2016-08-14,379.0,372.0,344.0,344.0,4659,344.0,2026-09-03T19:34:19.381668+00:00
2016-08-15,344.0,364.0,338.0,361.0,8505,361.0,2026-09-03T19:34:19.381668+00:00
2016-08-16,361.0,360.0,345.0,355.0,2596,355.0,2026-09-03T19:34:19.381668+00:00
2016-08-17,355.0,365.0,343.0,346.0,3977,346.0,2026-09-03T19:34:19.381668+00:00
2016-08-21,346.0,360.0,335.0,345.0,5034,345.0,2026-09-03T19:34:19.381668+00:00
2016-08-22,345.0,340.0,329.0,334.0,3006,334.0,2026-09-03T19:34:19.381668+00:00
2016-08-23,334.0,346.0,324.0,325.0,3940,325.0,2026-09-03T19:34:19.381668+00:00
2016-08-24,325.0,335.0,327.0,335.0,1690,335.0,2026-09-03T19:34:19.381668+00:00
2016-08-28,335.0,348.0,341.0,348.0,2325,348.0,2026-09-03T19:34:19.381668+00:00
2016-08-29,348.0,348.0,330.0,348.0,1164,348.0,2026-09-03T19:34:19.381668+00:00
2016-08-30,348.0,365.0,348.0,360.0,7621,360.0,2026-09-03T19:34:19.381668+00:00
2016-08-31,360.0,361.0,354.0,354.0,332,354.0,2026-09-03T19:34:19.381668+00:00
2016-09-01,354.0,368.0,347.0,350.0,3140,350.0,2026-09-03T19:34:19.381668+00:00
2016-09-03,350.0,373.0,343.0,370.0,4153,370.0,2026-09-03T19:34:19.381668+00:00
2016-09-04,350.0,373.0,343.0,370.0,4153,370.0,2026-09-03T19:34:19.381668+00:00
2016-09-05,370.0,377.0,370.0,370.0,1995,370.0,2026-09-03T19:34:19.381668+00:00
2016-09-06,370.0,377.0,359.0,359.0,1474,359.0,2026-09-03T19:34:19.381668+00:00
2016-09-07,359.0,367.0,353.0,367.0,2729,367.0,2026-09-03T19:34:19.381668+00:00
2016-09-08,367.0,365.0,355.0,362.0,2186,362.0,2026-09-03T19:34:19.381668+00:00
2016-09-11,362.0,360.0,351.0,351.0,1417,351.0,2026-09-03T19:34:19.381668+00:00
2016-09-12,351.0,364.0,352.0,364.0,2666,364.0,2026-09-03T19:34:19.381668+00:00
2016-09-14,364.0,371.0,358.0,360.0,2509,360.0,2026-09-03T19:34:19.381668+00:00
2016-09-18,360.0,367.0,346.0,360.0,3483,360.0,2026-09-03T19:34:19.381668+00:00
2016-09-20,360.0,353.0,353.0,353.0,100,353.0,2026-09-03T19:34:19.381668+00:00
2016-09-21,353.0,352.0,342.0,352.0,2134,352.0,2026-09-03T19:34:19.381668+00:00
2016-09-22,352.0,360.0,355.0,360.0,2504,360.0,2026-09-03T19:34:19.381668+00:00
2016-09-25,360.0,353.0,324.0,326.0,1000,326.0,2026-09-03T19:34:19.381668+00:00
2016-09-26,326.0,344.0,330.0,330.0,2455,330.0,2026-09-03T19:34:19.381668+00:00
2016-09-27,330.0,360.0,335.0,360.0,2843,360.0,2026-09-03T19:34:19.381668+00:00
2016-09-28,360.0,355.0,353.0,353.0,126,353.0,2026-09-03T19:34:19.381668+00:00
2016-09-29,353.0,350.0,345.0,345.0,666,345.0,2026-09-03T19:34:19.381668+00:00
2016-10-02,345.0,349.0,345.0,349.0,106,349.0,2026-09-03T19:34:19.381668+00:00
2016-10-03,349.0,357.0,350.0,350.0,70,350.0,2026-09-03T19:34:19.381668+00:00
2016-10-04,350.0,351.0,343.0,351.0,995,351.0,2026-09-03T19:34:19.381668+00:00
2016-10-05,351.0,340.0,334.0,340.0,422,340.0,2026-09-03T19:34:19.381668+00:00
2016-10-06,340.0,366.0,346.0,366.0,216,366.0,2026-09-03T19:34:19.381668+00:00
2016-10-16,366.0,373.0,373.0,373.0,10,373.0,2026-09-03T19:34:19.381668+00:00
2016-10-17,373.0,380.0,380.0,380.0,10,380.0,2026-09-03T19:34:19.381668+00:00
2016-10-18,380.0,373.0,347.0,347.0,698,347.0,2026-09-03T19:34:19.381668+00:00
2016-10-19,347.0,358.0,344.0,344.0,586,344.0,2026-09-03T19:34:19.381668+00:00
2016-10-20,344.0,345.0,335.0,335.0,3560,335.0,2026-09-03T19:34:19.381668+00:00
2016-10-23,335.0,339.0,329.0,339.0,1932,339.0,2026-09-03T19:34:19.381668+00:00
2016-10-24,339.0,345.0,335.0,335.0,842,335.0,2026-09-03T19:34:19.381668+00:00
2016-10-25,335.0,336.0,336.0,336.0,150,336.0,2026-09-03T19:34:19.381668+00:00
2016-10-26,336.0,330.0,330.0,330.0,91,330.0,2026-09-03T19:34:19.381668+00:00
2016-10-27,330.0,342.0,336.0,342.0,30,342.0,2026-09-03T19:34:19.381668+00:00
2016-11-03,342.0,336.0,336.0,336.0,201,336.0,2026-09-03T19:34:19.381668+00:00
2016-11-07,336.0,348.0,327.0,327.0,1696,327.0,2026-09-03T19:34:19.381668+00:00
2016-11-08,327.0,336.0,323.0,336.0,1576,336.0,2026-09-03T19:34:19.381668+00:00
2016-11-09,336.0,330.0,320.0,320.0,1352,320.0,2026-09-03T19:34:19.381668+00:00
2016-11-13,320.0,320.0,314.0,316.0,464,316.0,2026-09-03T19:34:19.381668+00:00
2016-11-14,316.0,315.0,312.0,314.0,1563,314.0,2026-09-03T19:34:19.381668+00:00
2016-11-15,314.0,314.0,314.0,314.0,30,314.0,2026-09-03T19:34:19.381668+00:00
2016-11-16,314.0,321.0,309.0,321.0,470,321.0,2026-09-03T19:34:19.381668+00:00
2016-11-17,321.0,316.0,315.0,316.0,182,316.0,2026-09-03T19:34:19.381668+00:00
2016-11-20,316.0,310.0,310.0,310.0,500,310.0,2026-09-03T19:34:19.381668+00:00
2016-11-22,310.0,304.0,304.0,304.0,86,304.0,2026-09-03T19:34:19.381668+00:00
2016-11-24,304.0,298.0,279.0,279.0,2207,279.0,2026-09-03T19:34:19.381668+00:00
2016-11-27,279.0,274.0,274.0,274.0,44,274.0,2026-09-03T19:34:19.381668+00:00
2016-11-28,274.0,274.0,274.0,274.0,26,274.0,2026-09-03T19:34:19.381668+00:00
2016-11-29,274.0,279.0,277.0,279.0,856,279.0,2026-09-03T19:34:19.381668+00:00
2016-11-30,279.0,291.0,274.0,284.0,3583,284.0,2026-09-03T19:34:19.381668+00:00
2016-12-01,284.0,299.0,285.0,285.0,3330,285.0,2026-09-03T19:34:19.381668+00:00
2016-12-04,285.0,280.0,270.0,280.0,1725,280.0,2026-09-03T19:34:19.381668+00:00
2016-12-05,280.0,275.0,265.0,265.0,1878,265.0,2026-09-03T19:34:19.381668+00:00
2016-12-06,265.0,285.0,262.0,280.0,1978,280.0,2026-09-03T19:34:19.381668+00:00
2016-12-07,280.0,275.0,270.0,270.0,342,270.0,2026-09-03T19:34:19.381668+00:00
2016-12-08,270.0,265.0,260.0,262.0,1120,262.0,2026-09-03T19:34:19.381668+00:00
2016-12-11,262.0,258.0,246.0,250.0,1115,250.0,2026-09-03T19:34:19.381668+00:00
2016-12-12,250.0,254.0,246.0,246.0,2548,246.0,2026-09-03T19:34:19.381668+00:00
2016-12-14,246.0,255.0,241.0,243.0,629,243.0,2026-09-03T19:34:19.381668+00:00
2016-12-15,243.0,251.0,247.0,250.0,270,250.0,2026-09-03T19:34:19.381668+00:00
2016-12-18,250.0,254.0,245.0,245.0,676,245.0,2026-09-03T19:34:19.381668+00:00
2016-12-19,245.0,245.0,241.0,245.0,890,245.0,2026-09-03T19:34:19.381668+00:00
2016-12-20,245.0,254.0,242.0,254.0,1646,254.0,2026-09-03T19:34:19.381668+00:00
2016-12-21,254.0,250.0,238.0,241.0,5038,241.0,2026-09-03T19:34:19.381668+00:00
2016-12-22,241.0,255.0,237.0,241.0,3173,241.0,2026-09-03T19:34:19.381668+00:00
2016-12-26,210.0,210.0,206.0,206.0,264,206.0,2026-09-03T19:34:19.381668+00:00
2016-12-27,206.0,206.0,195.0,195.0,1668,195.0,2026-09-03T19:34:19.381668+00:00
2016-12-28,195.0,200.0,195.0,199.0,1749,199.0,2026-09-03T19:34:19.381668+00:00
2016-12-29,199.0,206.0,200.0,204.0,731,204.0,2026-09-03T19:34:19.381668+00:00
2017-01-01,204.0,209.0,201.0,209.0,445,209.0,2026-09-03T19:34:19.381668+00:00
2017-01-02,209.0,220.0,209.0,220.0,1402,220.0,2026-09-03T19:34:19.381668+00:00
2017-01-03,220.0,216.0,213.0,214.0,812,214.0,2026-09-03T19:34:19.381668+00:00
2017-01-04,214.0,212.0,212.0,212.0,200,212.0,2026-09-03T19:34:19.381668+00:00
2017-01-08,212.0,216.0,216.0,216.0,70,216.0,2026-09-03T19:34:19.381668+00:00
2017-01-09,216.0,212.0,212.0,212.0,100,212.0,2026-09-03T19:34:19.381668+00:00
2017-01-12,212.0,212.0,212.0,212.0,96,212.0,2026-09-03T19:34:19.381668+00:00
2017-01-16,212.0,208.0,208.0,208.0,20,208.0,2026-09-03T19:34:19.381668+00:00
2017-01-22,208.0,207.0,203.0,203.0,248,203.0,2026-09-03T19:34:19.381668+00:00
2017-01-30,203.0,204.0,204.0,204.0,592,204.0,2026-09-03T19:34:19.381668+00:00
2017-01-31,204.0,200.0,199.0,199.0,80,199.0,2026-09-03T19:34:19.381668+00:00
2017-02-01,199.0,196.0,194.0,196.0,562,196.0,2026-09-03T19:34:19.381668+00:00
2017-02-02,196.0,193.0,187.0,187.0,648,187.0,2026-09-03T19:34:19.381668+00:00
2017-02-05,187.0,187.0,184.0,184.0,1434,184.0,2026-09-03T19:34:19.381668+00:00
2017-02-06,184.0,190.0,184.0,184.0,702,184.0,2026-09-03T19:34:19.381668+00:00
2017-02-07,184.0,182.0,180.0,180.0,881,180.0,2026-09-03T19:34:19.381668+00:00
2017-02-08,180.0,181.0,177.0,177.0,1828,177.0,2026-09-03T19:34:19.381668+00:00
2017-02-09,177.0,177.0,174.0,174.0,330,174.0,2026-09-03T19:34:19.381668+00:00
2017-02-13,174.0,171.0,171.0,171.0,350,171.0,2026-09-03T19:34:19.381668+00:00
2017-02-14,171.0,172.0,172.0,172.0,190,172.0,2026-09-03T19:34:19.381668+00:00
2017-02-15,172.0,181.0,175.0,181.0,337,181.0,2026-09-03T19:34:19.381668+00:00
2017-02-16,181.0,184.0,177.0,177.0,862,177.0,2026-09-03T19:34:19.381668+00:00
2017-02-19,177.0,180.0,175.0,175.0,972,175.0,2026-09-03T19:34:19.381668+00:00
2017-02-20,175.0,178.0,175.0,178.0,1680,178.0,2026-09-03T19:34:19.381668+00:00
2017-02-22,178.0,178.0,178.0,178.0,277,178.0,2026-09-03T19:34:19.381668+00:00
2017-02-23,178.0,175.0,172.0,172.0,261,172.0,2026-09-03T19:34:19.381668+00:00
2017-03-01,172.0,173.0,170.0,171.0,236,171.0,2026-09-03T19:34:19.381668+00:00
2017-03-02,171.0,174.0,168.0,174.0,1450,174.0,2026-09-03T19:34:19.381668+00:00
2017-03-05,174.0,171.0,171.0,171.0,61,171.0,2026-09-03T19:34:19.381668+00:00
2017-03-06,171.0,180.0,168.0,180.0,283,180.0,2026-09-03T19:34:19.381668+00:00
2017-03-07,180.0,180.0,177.0,177.0,354,177.0,2026-09-03T19:34:19.381668+00:00
2017-03-09,177.0,192.0,180.0,187.0,216,187.0,2026-09-03T19:34:19.381668+00:00
2017-03-13,187.0,184.0,184.0,184.0,11,184.0,2026-09-03T19:34:19.381668+00:00
2017-03-14,184.0,183.0,182.0,182.0,570,182.0,2026-09-03T19:34:19.381668+00:00
2017-03-15,182.0,180.0,179.0,179.0,780,179.0,2026-09-03T19:34:19.381668+00:00
2017-03-16,179.0,176.0,176.0,176.0,113,176.0,2026-09-03T19:34:19.381668+00:00
2017-03-20,176.0,182.0,173.0,182.0,80,182.0,2026-09-03T19:34:19.381668+00:00
2017-03-21,182.0,191.0,180.0,191.0,864,191.0,2026-09-03T19:34:19.381668+00:00
2017-03-22,191.0,188.0,188.0,188.0,50,188.0,2026-09-03T19:34:19.381668+00:00
2017-03-23,188.0,193.0,187.0,193.0,2539,193.0,2026-09-03T19:34:19.381668+00:00
2017-03-26,193.0,212.0,196.0,212.0,5025,212.0,2026-09-03T19:34:19.381668+00:00
2017-03-28,212.0,233.0,216.0,233.0,573,233.0,2026-09-03T19:34:19.381668+00:00
2017-03-29,233.0,245.0,237.0,237.0,2861,237.0,2026-09-03T19:34:19.381668+00:00
2017-03-30,237.0,233.0,233.0,233.0,20,233.0,2026-09-03T19:34:19.381668+00:00
2017-04-02,233.0,237.0,231.0,235.0,1894,235.0,2026-09-03T19:34:19.381668+00:00
2017-04-03,235.0,239.0,239.0,239.0,414,239.0,2026-09-03T19:34:19.381668+00:00
2017-04-04,239.0,235.0,235.0,235.0,43,235.0,2026-09-03T19:34:19.381668+00:00
2017-04-09,235.0,231.0,226.0,226.0,590,226.0,2026-09-03T19:34:19.381668+00:00
2017-04-10,226.0,224.0,214.0,218.0,5602,218.0,2026-09-03T19:34:19.381668+00:00
2017-04-11,218.0,239.0,214.0,239.0,8972,239.0,2026-09-03T19:34:19.381668+00:00
2017-04-12,239.0,255.0,235.0,254.0,4886,254.0,2026-09-03T19:34:19.381668+00:00
2017-04-13,254.0,249.0,236.0,240.0,1276,240.0,2026-09-03T19:34:19.381668+00:00
2017-04-16,240.0,238.0,235.0,238.0,402,238.0,2026-09-03T19:34:19.381668+00:00
2017-04-18,238.0,238.0,238.0,238.0,20,238.0,2026-09-03T19:34:19.381668+00:00
2017-04-19,238.0,236.0,230.0,236.0,2112,236.0,2026-09-03T19:34:19.381668+00:00
2017-04-20,236.0,240.0,232.0,232.0,326,232.0,2026-09-03T19:34:19.381668+00:00
2017-04-23,232.0,240.0,236.0,238.0,1020,238.0,2026-09-03T19:34:19.381668+00:00
2017-04-24,238.0,235.0,223.0,227.0,2082,227.0,2026-09-03T19:34:19.381668+00:00
2017-04-25,227.0,242.0,223.0,242.0,9563,242.0,2026-09-03T19:34:19.381668+00:00
2017-04-26,242.0,246.0,236.0,246.0,1801,246.0,2026-09-03T19:34:19.381668+00:00
2017-04-27,246.0,246.0,242.0,246.0,330,246.0,2026-09-03T19:34:19.381668+00:00
2017-04-30,246.0,246.0,246.0,246.0,150,246.0,2026-09-03T19:34:19.381668+00:00
2017-05-02,246.0,249.0,240.0,240.0,663,240.0,2026-09-03T19:34:19.381668+00:00
2017-05-03,240.0,236.0,232.0,236.0,230,236.0,2026-09-03T19:34:19.381668+00:00
2017-05-04,236.0,240.0,240.0,240.0,100,240.0,2026-09-03T19:34:19.381668+00:00
2017-05-07,240.0,236.0,236.0,236.0,10,236.0,2026-09-03T19:34:19.381668+00:00
2017-05-08,236.0,232.0,232.0,232.0,20,232.0,2026-09-03T19:34:19.381668+00:00
2017-05-09,232.0,231.0,231.0,231.0,16,231.0,2026-09-03T19:34:19.381668+00:00
2017-05-11,231.0,231.0,231.0,231.0,498,231.0,2026-09-03T19:34:19.381668+00:00
2017-05-15,231.0,227.0,219.0,223.0,1022,223.0,2026-09-03T19:34:19.381668+00:00
2017-05-16,223.0,220.0,213.0,220.0,3206,220.0,2026-09-03T19:34:19.381668+00:00
2017-05-17,220.0,226.0,216.0,226.0,2080,226.0,2026-09-03T19:34:19.381668+00:00
2017-05-18,226.0,223.0,216.0,216.0,1262,216.0,2026-09-03T19:34:19.381668+00:00
2017-05-21,216.0,218.0,215.0,216.0,209,216.0,2026-09-03T19:34:19.381668+00:00
2017-05-22,216.0,212.0,212.0,212.0,16,212.0,2026-09-03T19:34:19.381668+00:00
2017-05-23,212.0,216.0,212.0,216.0,312,216.0,2026-09-03T19:34:19.381668+00:00
2017-05-24,216.0,217.0,210.0,215.0,2295,215.0,2026-09-03T19:34:19.381668+00:00
2017-05-28,215.0,220.0,216.0,217.0,252,217.0,2026-09-03T19:34:19.381668+00:00
2017-05-30,217.0,215.0,215.0,215.0,16,215.0,2026-09-03T19:34:19.381668+00:00
2017-05-31,215.0,215.0,211.0,212.0,1976,212.0,2026-09-03T19:34:19.381668+00:00
2017-06-01,212.0,233.0,212.0,229.0,2160,229.0,2026-09-03T19:34:19.381668+00:00
2017-06-04,229.0,229.0,217.0,221.0,451,221.0,2026-09-03T19:34:19.381668+00:00
2017-06-05,221.0,229.0,220.0,229.0,1902,229.0,2026-09-03T19:34:19.381668+00:00
2017-06-06,229.0,241.0,227.0,239.0,5627,239.0,2026-09-03T19:34:19.381668+00:00
2017-06-07,239.0,240.0,231.0,235.0,2581,235.0,2026-09-03T19:34:19.381668+00:00
2017-06-08,235.0,231.0,224.0,226.0,2560,226.0,2026-09-03T19:34:19.381668+00:00
2017-06-11,226.0,224.0,220.0,220.0,901,220.0,2026-09-03T19:34:19.381668+00:00
2017-06-12,220.0,220.0,218.0,218.0,200,218.0,2026-09-03T19:34:19.381668+00:00
2017-06-13,218.0,217.0,214.0,217.0,348,217.0,2026-09-03T19:34:19.381668+00:00
2017-06-14,217.0,229.0,213.0,229.0,1303,229.0,2026-09-03T19:34:19.381668+00:00
2017-06-15,229.0,228.0,225.0,225.0,395,225.0,2026-09-03T19:34:19.381668+00:00
2017-06-19,225.0,225.0,217.0,217.0,204,217.0,2026-09-03T19:34:19.381668+00:00
2017-06-20,217.0,219.0,219.0,219.0,200,219.0,2026-09-03T19:34:19.381668+00:00
2017-06-21,219.0,220.0,210.0,210.0,193,210.0,2026-09-03T19:34:19.381668+00:00
2017-06-22,210.0,214.0,210.0,210.0,3297,210.0,2026-09-03T19:34:19.381668+00:00
2017-06-25,210.0,228.0,208.0,228.0,1178,228.0,2026-09-03T19:34:19.381668+00:00
2017-06-27,228.0,225.0,214.0,218.0,750,218.0,2026-09-03T19:34:19.381668+00:00
2017-06-28,218.0,214.0,212.0,212.0,1130,212.0,2026-09-03T19:34:19.381668+00:00
2017-07-02,212.0,216.0,208.0,210.0,537,210.0,2026-09-03T19:34:19.381668+00:00
2017-07-03,210.0,210.0,208.0,208.0,540,208.0,2026-09-03T19:34:19.381668+00:00
2017-07-04,208.0,208.0,200.0,205.0,6075,205.0,2026-09-03T19:34:19.381668+00:00
2017-07-05,205.0,206.0,206.0,206.0,102,206.0,2026-09-03T19:34:19.381668+00:00
2017-07-06,206.0,214.0,204.0,214.0,348,214.0,2026-09-03T19:34:19.381668+00:00
2017-07-09,214.0,224.0,216.0,216.0,3820,216.0,2026-09-03T19:34:19.381668+00:00
2017-07-10,216.0,224.0,213.0,215.0,5315,215.0,2026-09-03T19:34:19.381668+00:00
2017-07-11,215.0,223.0,219.0,219.0,8497,219.0,2026-09-03T19:34:19.381668+00:00
2017-07-12,219.0,220.0,220.0,220.0,437,220.0,2026-09-03T19:34:19.381668+00:00
2017-07-13,220.0,216.0,208.0,212.0,427,212.0,2026-09-03T19:34:19.381668+00:00
2017-07-16,212.0,215.0,211.0,215.0,144,215.0,2026-09-03T19:34:19.381668+00:00
2017-07-17,215.0,218.0,212.0,212.0,1554,212.0,2026-09-03T19:34:19.381668+00:00
2017-07-18,212.0,231.0,212.0,231.0,2688,231.0,2026-09-03T19:34:19.381668+00:00
2017-07-19,231.0,0.0,0.0,0.0,6,0.0,2026-09-03T19:34:19.381668+00:00
2017-07-20,231.0,0.0,0.0,0.0,8,0.0,2026-09-03T19:34:19.381668+00:00
2017-07-23,231.0,228.0,220.0,220.0,156,220.0,2026-09-03T19:34:19.381668+00:00
2017-07-24,220.0,217.0,211.0,212.0,3662,212.0,2026-09-03T19:34:19.381668+00:00
2017-07-25,212.0,224.0,211.0,224.0,9455,224.0,2026-09-03T19:34:19.381668+00:00
2017-07-26,224.0,233.0,228.0,229.0,385,229.0,2026-09-03T19:34:19.381668+00:00
2017-07-27,229.0,225.0,217.0,217.0,202,217.0,2026-09-03T19:34:19.381668+00:00
2017-07-30,217.0,218.0,213.0,214.0,4339,214.0,2026-09-03T19:34:19.381668+00:00
2017-07-31,214.0,230.0,212.0,230.0,2444,230.0,2026-09-03T19:34:19.381668+00:00
2017-08-01,230.0,237.0,233.0,237.0,965,237.0,2026-09-03T19:34:19.381668+00:00
2017-08-03,237.0,233.0,217.0,229.0,19496,229.0,2026-09-03T19:34:19.381668+00:00
2017-08-06,229.0,225.0,216.0,216.0,2103,216.0,2026-09-03T19:34:19.381668+00:00
2017-08-07,216.0,225.0,215.0,215.0,3967,215.0,2026-09-03T19:34:19.381668+00:00
2017-08-09,215.0,223.0,215.0,222.0,3519,222.0,2026-09-03T19:34:19.381668+00:00
2017-08-10,222.0,225.0,218.0,219.0,2191,219.0,2026-09-03T19:34:19.381668+00:00
2017-08-13,219.0,224.0,215.0,222.0,2216,222.0,2026-09-03T19:34:19.381668+00:00
2017-08-15,222.0,219.0,214.0,215.0,2240,215.0,2026-09-03T19:34:19.381668+00:00
2017-08-16,215.0,219.0,215.0,218.0,2015,218.0,2026-09-03T19:34:19.381668+00:00
2017-08-17,218.0,218.0,214.0,218.0,665,218.0,2026-09-03T19:34:19.381668+00:00
2017-08-20,218.0,218.0,215.0,215.0,2113,215.0,2026-09-03T19:34:19.381668+00:00
2017-08-21,215.0,219.0,215.0,219.0,77,219.0,2026-09-03T19:34:19.381668+00:00
2017-08-22,219.0,222.0,218.0,219.0,2797,219.0,2026-09-03T19:34:19.381668+00:00
2017-08-23,219.0,220.0,216.0,216.0,3573,216.0,2026-09-03T19:34:19.381668+00:00
2017-08-24,216.0,227.0,210.0,227.0,9100,227.0,2026-09-03T19:34:19.381668+00:00
2017-08-27,227.0,223.0,215.0,218.0,11430,218.0,2026-09-03T19:34:19.381668+00:00
2017-08-28,218.0,226.0,215.0,215.0,2200,215.0,2026-09-03T19:34:19.381668+00:00
2017-08-30,215.0,215.0,213.0,215.0,5093,215.0,2026-09-03T19:34:19.381668+00:00
2017-08-31,215.0,219.0,210.0,215.0,1863,215.0,2026-09-03T19:34:19.381668+00:00
2017-09-04,215.0,211.0,207.0,207.0,863,207.0,2026-09-03T19:34:19.381668+00:00
2017-09-06,207.0,214.0,207.0,210.0,615,210.0,2026-09-03T19:34:19.381668+00:00
2017-09-07,210.0,222.0,206.0,212.0,1214,212.0,2026-09-03T19:34:19.381668+00:00
2017-09-10,212.0,208.0,204.0,206.0,2172,206.0,2026-09-03T19:34:19.381668+00:00
2017-09-11,206.0,207.0,203.0,203.0,2120,203.0,2026-09-03T19:34:19.381668+00:00
2017-09-12,203.0,204.0,200.0,204.0,693,204.0,2026-09-03T19:34:19.381668+00:00
2017-09-13,204.0,208.0,204.0,205.0,135,205.0,2026-09-03T19:34:19.381668+00:00
2017-09-14,205.0,214.0,202.0,214.0,946,214.0,2026-09-03T19:34:19.381668+00:00
2017-09-17,214.0,218.0,218.0,218.0,100,218.0,2026-09-03T19:34:19.381668+00:00
2017-09-20,218.0,220.0,216.0,216.0,40,216.0,2026-09-03T19:34:19.381668+00:00
2017-09-25,216.0,216.0,212.0,213.0,989,213.0,2026-09-03T19:34:19.381668+00:00
2017-09-26,213.0,213.0,209.0,210.0,709,210.0,2026-09-03T19:34:19.381668+00:00
2017-10-04,210.0,206.0,206.0,206.0,90,206.0,2026-09-03T19:34:19.381668+00:00
2017-10-08,206.0,202.0,202.0,202.0,182,202.0,2026-09-03T19:34:19.381668+00:00
2017-10-09,202.0,206.0,206.0,206.0,362,206.0,2026-09-03T19:34:19.381668+00:00
2017-10-10,206.0,206.0,202.0,203.0,886,203.0,2026-09-03T19:34:19.381668+00:00
2017-10-11,203.0,207.0,199.0,199.0,240,199.0,2026-09-03T19:34:19.381668+00:00
2017-10-12,199.0,218.0,202.0,210.0,425,210.0,2026-09-03T19:34:19.381668+00:00
2017-10-15,210.0,212.0,201.0,205.0,4665,205.0,2026-09-03T19:34:19.381668+00:00
2017-10-16,205.0,209.0,205.0,208.0,3922,208.0,2026-09-03T19:34:19.381668+00:00
2017-10-17,208.0,213.0,207.0,213.0,3217,213.0,2026-09-03T19:34:19.381668+00:00
2017-10-18,213.0,210.0,208.0,208.0,2740,208.0,2026-09-03T19:34:19.381668+00:00
2017-10-22,208.0,214.0,206.0,208.0,784,208.0,2026-09-03T19:34:19.381668+00:00
2017-10-23,208.0,213.0,207.0,213.0,1917,213.0,2026-09-03T19:34:19.381668+00:00
2017-10-24,213.0,217.0,208.0,212.0,9622,212.0,2026-09-03T19:34:19.381668+00:00
2017-10-25,212.0,220.0,209.0,209.0,9712,209.0,2026-09-03T19:34:19.381668+00:00
2017-10-29,209.0,210.0,208.0,210.0,395,210.0,2026-09-03T19:34:19.381668+00:00
2017-10-30,210.0,210.0,207.0,210.0,7397,210.0,2026-09-03T19:34:19.381668+00:00
2017-10-31,210.0,210.0,201.0,210.0,16551,210.0,2026-09-03T19:34:19.381668+00:00
2017-11-01,210.0,210.0,203.0,204.0,2720,204.0,2026-09-03T19:34:19.381668+00:00
2017-11-02,204.0,205.0,203.0,204.0,1298,204.0,2026-09-03T19:34:19.381668+00:00
2017-11-05,204.0,201.0,200.0,200.0,3150,200.0,2026-09-03T19:34:19.381668+00:00
2017-11-06,200.0,206.0,194.0,201.0,5013,201.0,2026-09-03T19:34:19.381668+00:00
2017-11-07,201.0,213.0,205.0,213.0,31,213.0,2026-09-03T19:34:19.381668+00:00
2017-11-08,213.0,209.0,209.0,209.0,674,209.0,2026-09-03T19:34:19.381668+00:00
2017-11-09,209.0,205.0,189.0,198.0,8876,198.0,2026-09-03T19:34:19.381668+00:00
2017-11-12,198.0,200.0,194.0,194.0,8101,194.0,2026-09-03T19:34:19.381668+00:00
2017-11-13,194.0,198.0,192.0,198.0,818,198.0,2026-09-03T19:34:19.381668+00:00
2017-11-14,198.0,201.0,195.0,200.0,21985,200.0,2026-09-03T19:34:19.381668+00:00
2017-11-15,200.0,204.0,193.0,194.0,1854,194.0,2026-09-03T19:34:19.381668+00:00
2017-11-16,194.0,197.0,187.0,187.0,6148,187.0,2026-09-03T19:34:19.381668+00:00
2017-11-19,187.0,190.0,184.0,184.0,3192,184.0,2026-09-03T19:34:19.381668+00:00
2017-11-20,184.0,191.0,186.0,189.0,2275,189.0,2026-09-03T19:34:19.381668+00:00
2017-11-21,189.0,189.0,184.0,185.0,14237,185.0,2026-09-03T19:34:19.381668+00:00
2017-11-22,185.0,189.0,183.0,186.0,5606,186.0,2026-09-03T19:34:19.381668+00:00
2017-11-23,186.0,190.0,182.0,182.0,16632,182.0,2026-09-03T19:34:19.381668+00:00
2017-11-26,157.0,155.0,152.0,152.0,1025,152.0,2026-09-03T19:34:19.381668+00:00
2017-11-27,152.0,155.0,152.0,154.0,554,154.0,2026-09-03T19:34:19.381668+00:00
2017-11-28,154.0,157.0,152.0,154.0,1123,154.0,2026-09-03T19:34:19.381668+00:00
2017-11-29,154.0,153.0,153.0,153.0,1,153.0,2026-09-03T19:34:19.381668+00:00
2017-11-30,154.0,161.0,155.0,161.0,851,161.0,2026-09-03T19:34:19.381668+00:00
2017-12-04,161.0,161.0,158.0,158.0,96,158.0,2026-09-03T19:34:19.381668+00:00
2017-12-05,158.0,155.0,151.0,151.0,1200,151.0,2026-09-03T19:34:19.381668+00:00
2017-12-06,151.0,160.0,150.0,160.0,229,160.0,2026-09-03T19:34:19.381668+00:00
2017-12-10,160.0,163.0,157.0,157.0,933,157.0,2026-09-03T19:34:19.381668+00:00
2017-12-11,157.0,155.0,154.0,155.0,149,155.0,2026-09-03T19:34:19.381668+00:00
2017-12-12,155.0,152.0,152.0,152.0,1,152.0,2026-09-03T19:34:19.381668+00:00
2017-12-13,155.0,159.0,149.0,159.0,522,159.0,2026-09-03T19:34:19.381668+00:00
2017-12-14,159.0,159.0,159.0,159.0,179,159.0,2026-09-03T19:34:19.381668+00:00
2017-12-18,159.0,158.0,149.0,151.0,2839,151.0,2026-09-03T19:34:19.381668+00:00
2017-12-19,151.0,152.0,150.0,152.0,619,152.0,2026-09-03T19:34:19.381668+00:00
2017-12-20,152.0,152.0,152.0,152.0,351,152.0,2026-09-03T19:34:19.381668+00:00
2017-12-21,152.0,154.0,153.0,153.0,145,153.0,2026-09-03T19:34:19.381668+00:00
2017-12-24,153.0,150.0,147.0,147.0,1700,147.0,2026-09-03T19:34:19.381668+00:00
2017-12-26,147.0,145.0,143.0,143.0,914,143.0,2026-09-03T19:34:19.381668+00:00
2017-12-27,143.0,143.0,142.0,142.0,1555,142.0,2026-09-03T19:34:19.381668+00:00
2017-12-28,142.0,144.0,138.0,143.0,2310,143.0,2026-09-03T19:34:19.381668+00:00
2017-12-31,143.0,141.0,140.0,140.0,1447,140.0,2026-09-03T19:34:19.381668+00:00
2018-01-01,140.0,153.0,142.0,150.0,6727,150.0,2026-09-03T19:34:19.381668+00:00
2018-01-02,150.0,148.0,145.0,146.0,3198,146.0,2026-09-03T19:34:19.381668+00:00
2018-01-03,146.0,144.0,144.0,144.0,1455,144.0,2026-09-03T19:34:19.381668+00:00
2018-01-04,144.0,148.0,143.0,144.0,2069,144.0,2026-09-03T19:34:19.381668+00:00
2018-01-07,144.0,146.0,144.0,144.0,7959,144.0,2026-09-03T19:34:19.381668+00:00
2018-01-08,144.0,153.0,140.0,146.0,3415,146.0,2026-09-03T19:34:19.381668+00:00
2018-01-09,146.0,146.0,144.0,144.0,2360,144.0,2026-09-03T19:34:19.381668+00:00
2018-01-10,144.0,146.0,141.0,146.0,3806,146.0,2026-09-03T19:34:19.381668+00:00
2018-01-14,146.0,146.0,141.0,142.0,4118,142.0,2026-09-03T19:34:19.381668+00:00
2018-01-16,142.0,144.0,142.0,142.0,1728,142.0,2026-09-03T19:34:19.381668+00:00
2018-01-17,142.0,142.0,138.0,142.0,1451,142.0,2026-09-03T19:34:19.381668+00:00
2018-01-21,142.0,144.0,138.0,143.0,2148,143.0,2026-09-03T19:34:19.381668+00:00
2018-01-22,143.0,143.0,141.0,143.0,1361,143.0,2026-09-03T19:34:19.381668+00:00
2018-01-23,143.0,141.0,139.0,139.0,597,139.0,2026-09-03T19:34:19.381668+00:00
2018-01-24,139.0,139.0,137.0,138.0,576,138.0,2026-09-03T19:34:19.381668+00:00
2018-01-25,138.0,140.0,140.0,140.0,100,140.0,2026-09-03T19:34:19.381668+00:00
2018-01-28,140.0,139.0,137.0,137.0,2713,137.0,2026-09-03T19:34:19.381668+00:00
2018-01-29,137.0,139.0,138.0,138.0,1968,138.0,2026-09-03T19:34:19.381668+00:00
2018-01-31,138.0,138.0,136.0,138.0,149,138.0,2026-09-03T19:34:19.381668+00:00
2018-02-01,138.0,141.0,140.0,141.0,265,141.0,2026-09-03T19:34:19.381668+00:00
2018-02-04,141.0,140.0,138.0,140.0,989,140.0,2026-09-03T19:34:19.381668+00:00
2018-02-05,140.0,140.0,139.0,139.0,2330,139.0,2026-09-03T19:34:19.381668+00:00
2018-02-07,139.0,141.0,141.0,141.0,50,141.0,2026-09-03T19:34:19.381668+00:00
2018-02-08,141.0,141.0,140.0,140.0,1330,140.0,2026-09-03T19:34:19.381668+00:00
2018-02-11,140.0,140.0,140.0,140.0,693,140.0,2026-09-03T19:34:19.381668+00:00
2018-02-15,140.0,145.0,137.0,145.0,1153,145.0,2026-09-03T19:34:19.381668+00:00
2018-02-20,145.0,145.0,143.0,143.0,200,143.0,2026-09-03T19:34:19.381668+00:00
2018-02-21,141.0,141.0,139.0,139.0,95,139.0,2026-09-03T19:34:19.381668+00:00
2018-02-22,137.0,137.0,135.0,136.0,204,136.0,2026-09-03T19:34:19.381668+00:00
2018-02-25,134.0,135.0,134.0,135.0,484,135.0,2026-09-03T19:34:19.381668+00:00
2018-02-26,133.0,133.0,132.0,132.0,82,132.0,2026-09-03T19:34:19.381668+00:00
2018-02-27,134.0,136.0,134.0,134.0,969,134.0,2026-09-03T19:34:19.381668+00:00
2018-02-28,132.0,132.0,130.0,130.0,941,130.0,2026-09-03T19:34:19.381668+00:00
2018-03-04,128.0,128.0,126.0,126.0,1556,126.0,2026-09-03T19:34:19.381668+00:00
2018-03-05,126.0,128.0,121.0,121.0,7356,121.0,2026-09-03T19:34:19.381668+00:00
2018-03-06,121.0,125.0,121.0,125.0,1064,125.0,2026-09-03T19:34:19.381668+00:00
2018-03-07,126.0,130.0,125.0,129.0,8682,129.0,2026-09-03T19:34:19.381668+00:00
2018-03-11,128.0,128.0,126.0,126.0,545,126.0,2026-09-03T19:34:19.381668+00:00
2018-03-12,124.0,125.0,122.0,124.0,1280,124.0,2026-09-03T19:34:19.381668+00:00
2018-03-13,124.0,124.0,122.0,124.0,210,124.0,2026-09-03T19:34:19.381668+00:00
2018-03-15,122.0,125.0,122.0,125.0,169,125.0,2026-09-03T19:34:19.381668+00:00
2018-03-18,123.0,125.0,121.0,121.0,3030,121.0,2026-09-03T19:34:19.381668+00:00
2018-03-20,120.0,120.0,117.0,119.0,539,119.0,2026-09-03T19:34:19.381668+00:00
2018-03-21,117.0,118.0,114.0,114.0,8301,114.0,2026-09-03T19:34:19.381668+00:00
2018-03-22,116.0,118.0,113.0,116.0,2920,116.0,2026-09-03T19:34:19.381668+00:00
2018-03-27,118.0,124.0,118.0,124.0,400,124.0,2026-09-03T19:34:19.381668+00:00
2018-03-28,122.0,122.0,120.0,121.0,1100,121.0,2026-09-03T19:34:19.381668+00:00
2018-03-29,122.0,125.0,122.0,125.0,1299,125.0,2026-09-03T19:34:19.381668+00:00
2018-04-01,124.0,125.0,121.0,121.0,851,121.0,2026-09-03T19:34:19.381668+00:00
2018-04-02,119.0,119.0,117.0,119.0,330,119.0,2026-09-03T19:34:19.381668+00:00
2018-04-03,120.0,121.0,120.0,121.0,398,121.0,2026-09-03T19:34:19.381668+00:00
2018-04-04,121.0,122.0,121.0,122.0,346,122.0,2026-09-03T19:34:19.381668+00:00
2018-04-05,122.0,126.0,122.0,125.0,839,125.0,2026-09-03T19:34:19.381668+00:00
2018-04-08,125.0,125.0,125.0,125.0,267,125.0,2026-09-03T19:34:19.381668+00:00
2018-04-09,127.0,131.0,125.0,125.0,2460,125.0,2026-09-03T19:34:19.381668+00:00
2018-04-10,125.0,125.0,123.0,123.0,831,123.0,2026-09-03T19:34:19.381668+00:00
2018-04-11,125.0,125.0,125.0,125.0,10,125.0,2026-09-03T19:34:19.381668+00:00
2018-04-12,123.0,123.0,121.0,123.0,630,123.0,2026-09-03T19:34:19.381668+00:00
2018-04-15,121.0,121.0,121.0,121.0,260,121.0,2026-09-03T19:34:19.381668+00:00
2018-04-16,120.0,127.0,119.0,127.0,2547,127.0,2026-09-03T19:34:19.381668+00:00
2018-04-17,126.0,128.0,125.0,128.0,737,128.0,2026-09-03T19:34:19.381668+00:00
2018-04-18,130.0,130.0,129.0,130.0,3443,130.0,2026-09-03T19:34:19.381668+00:00
2018-04-19,128.0,130.0,127.0,127.0,1386,127.0,2026-09-03T19:34:19.381668+00:00
2018-04-22,129.0,139.0,129.0,139.0,6749,139.0,2026-09-03T19:34:19.381668+00:00
2018-04-23,141.0,141.0,136.0,136.0,2337,136.0,2026-09-03T19:34:19.381668+00:00
2018-04-24,137.0,137.0,130.0,130.0,425,130.0,2026-09-03T19:34:19.381668+00:00
2018-04-25,128.0,128.0,122.0,122.0,2773,122.0,2026-09-03T19:34:19.381668+00:00
2018-04-26,120.0,126.0,120.0,126.0,2895,126.0,2026-09-03T19:34:19.381668+00:00
2018-04-29,127.0,127.0,127.0,127.0,500,127.0,2026-09-03T19:34:19.381668+00:00
2018-05-02,125.0,125.0,124.0,125.0,443,125.0,2026-09-03T19:34:19.381668+00:00
2018-05-03,126.0,126.0,125.0,126.0,4283,126.0,2026-09-03T19:34:19.381668+00:00
2018-05-07,125.0,125.0,123.0,123.0,4451,123.0,2026-09-03T19:34:19.381668+00:00
2018-05-08,122.0,125.0,122.0,124.0,995,124.0,2026-09-03T19:34:19.381668+00:00
2018-05-09,122.0,125.0,120.0,124.0,1659,124.0,2026-09-03T19:34:19.381668+00:00
2018-05-10,122.0,123.0,120.0,123.0,1195,123.0,2026-09-03T19:34:19.381668+00:00
2018-05-14,121.0,121.0,119.0,119.0,3164,119.0,2026-09-03T19:34:19.381668+00:00
2018-05-16,119.0,119.0,118.0,118.0,610,118.0,2026-09-03T19:34:19.381668+00:00
2018-05-20,120.0,120.0,120.0,120.0,255,120.0,2026-09-03T19:34:19.381668+00:00
2018-05-21,118.0,119.0,118.0,119.0,80,119.0,2026-09-03T19:34:19.381668+00:00
2018-05-22,118.0,118.0,118.0,118.0,196,118.0,2026-09-03T19:34:19.381668+00:00
2018-05-23,116.0,116.0,116.0,116.0,2628,116.0,2026-09-03T19:34:19.381668+00:00
2018-05-24,114.0,114.0,114.0,114.0,50,114.0,2026-09-03T19:34:19.381668+00:00
2018-05-27,116.0,122.0,116.0,122.0,731,122.0,2026-09-03T19:34:19.381668+00:00
2018-05-28,123.0,125.0,123.0,124.0,589,124.0,2026-09-03T19:34:19.381668+00:00
2018-05-29,122.0,122.0,119.0,119.0,1050,119.0,2026-09-03T19:34:19.381668+00:00
2018-05-30,121.0,121.0,120.0,121.0,1000,121.0,2026-09-03T19:34:19.381668+00:00
2018-05-31,122.0,122.0,120.0,120.0,276,120.0,2026-09-03T19:34:19.381668+00:00
2018-06-03,120.0,120.0,116.0,116.0,1481,116.0,2026-09-03T19:34:19.381668+00:00
2018-06-07,118.0,118.0,117.0,117.0,526,117.0,2026-09-03T19:34:19.381668+00:00
2018-06-11,118.0,118.0,116.0,116.0,1036,116.0,2026-09-03T19:34:19.381668+00:00
2018-06-12,118.0,118.0,118.0,118.0,200,118.0,2026-09-03T19:34:19.381668+00:00
2018-06-13,117.0,117.0,117.0,117.0,32,117.0,2026-09-03T19:34:19.381668+00:00
2018-06-14,119.0,128.0,119.0,125.0,5809,125.0,2026-09-03T19:34:19.381668+00:00
2018-06-17,124.0,124.0,120.0,120.0,1465,120.0,2026-09-03T19:34:19.381668+00:00
2018-06-18,120.0,120.0,118.0,120.0,1236,120.0,2026-09-03T19:34:19.381668+00:00
2018-06-19,122.0,124.0,120.0,122.0,1993,122.0,2026-09-03T19:34:19.381668+00:00
2018-06-20,122.0,122.0,122.0,122.0,99,122.0,2026-09-03T19:34:19.381668+00:00
2018-06-21,122.0,124.0,122.0,122.0,537,122.0,2026-09-03T19:34:19.381668+00:00
2018-06-24,124.0,124.0,122.0,123.0,575,123.0,2026-09-03T19:34:19.381668+00:00
2018-06-25,121.0,123.0,121.0,123.0,229,123.0,2026-09-03T19:34:19.381668+00:00
2018-06-26,125.0,125.0,125.0,125.0,200,125.0,2026-09-03T19:34:19.381668+00:00
2018-06-28,126.0,126.0,120.0,120.0,1740,120.0,2026-09-03T19:34:19.381668+00:00
2018-07-01,120.0,120.0,118.0,118.0,1414,118.0,2026-09-03T19:34:19.381668+00:00
2018-07-02,118.0,120.0,118.0,120.0,590,120.0,2026-09-03T19:34:19.381668+00:00
2018-07-03,120.0,120.0,118.0,118.0,6136,118.0,2026-09-03T19:34:19.381668+00:00
2018-07-04,120.0,122.0,120.0,122.0,1410,122.0,2026-09-03T19:34:19.381668+00:00
2018-07-05,121.0,128.0,120.0,128.0,1589,128.0,2026-09-03T19:34:19.381668+00:00
2018-07-08,126.0,126.0,123.0,123.0,100,123.0,2026-09-03T19:34:19.381668+00:00
2018-07-09,121.0,121.0,118.0,118.0,2001,118.0,2026-09-03T19:34:19.381668+00:00
2018-07-10,120.0,120.0,116.0,118.0,2710,118.0,2026-09-03T19:34:19.381668+00:00
2018-07-11,117.0,117.0,116.0,116.0,1000,116.0,2026-09-03T19:34:19.381668+00:00
2018-07-12,117.0,119.0,117.0,119.0,654,119.0,2026-09-03T19:34:19.381668+00:00
2018-07-15,117.0,117.0,117.0,117.0,138,117.0,2026-09-03T19:34:19.381668+00:00
2018-07-16,119.0,119.0,119.0,119.0,15,119.0,2026-09-03T19:34:19.381668+00:00
2018-07-17,121.0,123.0,121.0,122.0,700,122.0,2026-09-03T19:34:19.381668+00:00
2018-07-18,124.0,124.0,122.0,123.0,1210,123.0,2026-09-03T19:34:19.381668+00:00
2018-07-19,122.0,122.0,122.0,122.0,4058,122.0,2026-09-03T19:34:19.381668+00:00
2018-07-22,121.0,121.0,119.0,119.0,2690,119.0,2026-09-03T19:34:19.381668+00:00
2018-07-23,121.0,125.0,121.0,125.0,2151,125.0,2026-09-03T19:34:19.381668+00:00
2018-07-24,126.0,126.0,123.0,123.0,5608,123.0,2026-09-03T19:34:19.381668+00:00
2018-07-25,123.0,126.0,123.0,126.0,3576,126.0,2026-09-03T19:34:19.381668+00:00
2018-07-26,126.0,126.0,123.0,125.0,2845,125.0,2026-09-03T19:34:19.381668+00:00
2018-07-29,125.0,125.0,125.0,125.0,9,125.0,2026-09-03T19:34:19.381668+00:00
2018-07-30,125.0,125.0,123.0,123.0,182,123.0,2026-09-03T19:34:19.381668+00:00
2018-07-31,125.0,125.0,124.0,125.0,1412,125.0,2026-09-03T19:34:19.381668+00:00
2018-08-01,124.0,124.0,122.0,122.0,3978,122.0,2026-09-03T19:34:19.381668+00:00
2018-08-02,124.0,124.0,120.0,121.0,3542,121.0,2026-09-03T19:34:19.381668+00:00
2018-08-05,120.0,122.0,120.0,120.0,2861,120.0,2026-09-03T19:34:19.381668+00:00
2018-08-06,121.0,123.0,120.0,121.0,7369,121.0,2026-09-03T19:34:19.381668+00:00
2018-08-07,120.0,121.0,120.0,120.0,2200,120.0,2026-09-03T19:34:19.381668+00:00
2018-08-08,119.0,120.0,119.0,120.0,595,120.0,2026-09-03T19:34:19.381668+00:00
2018-08-09,120.0,121.0,119.0,119.0,2493,119.0,2026-09-03T19:34:19.381668+00:00
2018-08-12,119.0,119.0,118.0,118.0,2213,118.0,2026-09-03T19:34:19.381668+00:00
2018-08-13,116.0,120.0,116.0,120.0,773,120.0,2026-09-03T19:34:19.381668+00:00
2018-08-14,119.0,122.0,119.0,122.0,383,122.0,2026-09-03T19:34:19.381668+00:00
2018-08-15,120.0,122.0,120.0,122.0,191,122.0,2026-09-03T19:34:19.381668+00:00
2018-08-16,124.0,124.0,120.0,120.0,1710,120.0,2026-09-03T19:34:19.381668+00:00
2018-08-19,118.0,118.0,118.0,118.0,561,118.0,2026-09-03T19:34:19.381668+00:00
2018-08-20,117.0,117.0,117.0,117.0,84,117.0,2026-09-03T19:34:19.381668+00:00
2018-08-21,119.0,119.0,117.0,117.0,1148,117.0,2026-09-03T19:34:19.381668+00:00
2018-08-22,119.0,119.0,118.0,118.0,1412,118.0,2026-09-03T19:34:19.381668+00:00
2018-08-23,117.0,118.0,117.0,118.0,399,118.0,2026-09-03T19:34:19.381668+00:00
2018-08-26,117.0,118.0,116.0,117.0,1829,117.0,2026-09-03T19:34:19.381668+00:00
2018-08-28,116.0,118.0,116.0,117.0,1480,117.0,2026-09-03T19:34:19.381668+00:00
2018-08-29,119.0,120.0,118.0,119.0,602,119.0,2026-09-03T19:34:19.381668+00:00
2018-08-30,118.0,120.0,118.0,120.0,432,120.0,2026-09-03T19:34:19.381668+00:00
2018-09-02,120.0,122.0,119.0,119.0,2278,119.0,2026-09-03T19:34:19.381668+00:00
2018-09-03,121.0,121.0,117.0,118.0,1469,118.0,2026-09-03T19:34:19.381668+00:00
2018-09-04,119.0,120.0,117.0,118.0,6621,118.0,2026-09-03T19:34:19.381668+00:00
2018-09-05,118.0,126.0,118.0,126.0,7462,126.0,2026-09-03T19:34:19.381668+00:00
2018-09-06,124.0,128.0,120.0,128.0,5121,128.0,2026-09-03T19:34:19.381668+00:00
2018-09-09,128.0,126.0,122.0,122.0,151,122.0,2026-09-03T19:34:19.381668+00:00
2018-09-10,122.0,122.0,122.0,122.0,200,122.0,2026-09-03T19:34:19.381668+00:00
2018-09-11,122.0,122.0,121.0,121.0,656,121.0,2026-09-03T19:34:19.381668+00:00
2018-09-12,119.0,125.0,119.0,125.0,646,125.0,2026-09-03T19:34:19.381668+00:00
2018-09-13,123.0,127.0,123.0,126.0,1942,126.0,2026-09-03T19:34:19.381668+00:00
2018-09-16,128.0,130.0,124.0,124.0,8139,124.0,2026-09-03T19:34:19.381668+00:00
2018-09-17,122.0,126.0,122.0,124.0,838,124.0,2026-09-03T19:34:19.381668+00:00
2018-09-18,122.0,124.0,122.0,124.0,532,124.0,2026-09-03T19:34:19.381668+00:00
2018-09-20,123.0,125.0,123.0,125.0,3819,125.0,2026-09-03T19:34:19.381668+00:00
2018-09-23,125.0,127.0,125.0,125.0,2633,125.0,2026-09-03T19:34:19.381668+00:00
2018-09-25,127.0,129.0,126.0,127.0,7208,127.0,2026-09-03T19:34:19.381668+00:00
2018-09-26,127.0,127.0,126.0,126.0,3675,126.0,2026-09-03T19:34:19.381668+00:00
2018-09-27,125.0,125.0,124.0,125.0,1053,125.0,2026-09-03T19:34:19.381668+00:00
2018-09-30,125.0,125.0,125.0,125.0,8646,125.0,2026-09-03T19:34:19.381668+00:00
2018-10-01,126.0,128.0,125.0,125.0,7226,125.0,2026-09-03T19:34:19.381668+00:00
2018-10-02,125.0,129.0,125.0,126.0,11848,126.0,2026-09-03T19:34:19.381668+00:00
2018-10-03,125.0,127.0,125.0,125.0,3044,125.0,2026-09-03T19:34:19.381668+00:00
2018-10-04,125.0,127.0,125.0,126.0,486,126.0,2026-09-03T19:34:19.381668+00:00
2018-10-07,124.0,124.0,122.0,124.0,4598,124.0,2026-09-03T19:34:19.381668+00:00
2018-10-08,122.0,124.0,122.0,124.0,111,124.0,2026-09-03T19:34:19.381668+00:00
2018-10-09,123.0,123.0,122.0,122.0,158,122.0,2026-09-03T19:34:19.381668+00:00
2018-10-14,120.0,124.0,120.0,124.0,1089,124.0,2026-09-03T19:34:19.381668+00:00
2018-10-15,126.0,126.0,122.0,122.0,1700,122.0,2026-09-03T19:34:19.381668+00:00
2018-10-21,122.0,124.0,122.0,122.0,226,122.0,2026-09-03T19:34:19.381668+00:00
2018-10-22,124.0,126.0,122.0,126.0,352,126.0,2026-09-03T19:34:19.381668+00:00
2018-10-23,127.0,128.0,127.0,128.0,248,128.0,2026-09-03T19:34:19.381668+00:00
2018-10-28,127.0,127.0,123.0,123.0,4292,123.0,2026-09-03T19:34:19.381668+00:00
2018-10-29,125.0,125.0,124.0,124.0,587,124.0,2026-09-03T19:34:19.381668+00:00
2018-10-30,125.0,126.0,123.0,123.0,2142,123.0,2026-09-03T19:34:19.381668+00:00
2018-10-31,123.0,123.0,122.0,122.0,1642,122.0,2026-09-03T19:34:19.381668+00:00
2018-11-01,122.0,124.0,120.0,122.0,1254,122.0,2026-09-03T19:34:19.381668+00:00
2018-11-04,120.0,122.0,120.0,122.0,40,122.0,2026-09-03T19:34:19.381668+00:00
2018-11-05,120.0,123.0,120.0,123.0,1726,123.0,2026-09-03T19:34:19.381668+00:00
2018-11-11,123.0,125.0,123.0,125.0,20,125.0,2026-09-03T19:34:19.381668+00:00
2018-11-13,125.0,126.0,125.0,125.0,669,125.0,2026-09-03T19:34:19.381668+00:00
2018-11-14,123.0,125.0,123.0,123.0,500,123.0,2026-09-03T19:34:19.381668+00:00
2018-11-15,122.0,124.0,122.0,122.0,1755,122.0,2026-09-03T19:34:19.381668+00:00
2018-11-18,120.0,121.0,120.0,121.0,303,121.0,2026-09-03T19:34:19.381668+00:00
2018-11-19,119.0,121.0,119.0,121.0,275,121.0,2026-09-03T19:34:19.381668+00:00
2018-11-20,120.0,121.0,120.0,120.0,885,120.0,2026-09-03T19:34:19.381668+00:00
2018-11-21,119.0,119.0,119.0,119.0,296,119.0,2026-09-03T19:34:19.381668+00:00
2018-11-22,118.0,120.0,118.0,120.0,1437,120.0,2026-09-03T19:34:19.381668+00:00
2018-11-25,119.0,120.0,118.0,120.0,2025,120.0,2026-09-03T19:34:19.381668+00:00
2018-11-26,122.0,122.0,122.0,122.0,40,122.0,2026-09-03T19:34:19.381668+00:00
2018-11-27,120.0,120.0,118.0,118.0,904,118.0,2026-09-03T19:34:19.381668+00:00
2018-11-28,117.0,120.0,117.0,120.0,50,120.0,2026-09-03T19:34:19.381668+00:00
2018-11-29,119.0,119.0,117.0,117.0,3545,117.0,2026-09-03T19:34:19.381668+00:00
2018-12-02,117.0,117.0,117.0,117.0,795,117.0,2026-09-03T19:34:19.381668+00:00
2018-12-03,117.0,117.0,117.0,117.0,35,117.0,2026-09-03T19:34:19.381668+00:00
2018-12-05,115.0,115.0,115.0,115.0,501,115.0,2026-09-03T19:34:19.381668+00:00
2018-12-06,117.0,117.0,116.0,117.0,1911,117.0,2026-09-03T19:34:19.381668+00:00
2018-12-09,116.0,118.0,116.0,118.0,905,118.0,2026-09-03T19:34:19.381668+00:00
2018-12-10,117.0,120.0,116.0,120.0,1853,120.0,2026-09-03T19:34:19.381668+00:00
2018-12-11,120.0,120.0,117.0,117.0,1182,117.0,2026-09-03T19:34:19.381668+00:00
2018-12-12,118.0,119.0,117.0,117.0,541,117.0,2026-09-03T19:34:19.381668+00:00
2018-12-13,116.0,120.0,116.0,120.0,2726,120.0,2026-09-03T19:34:19.381668+00:00
2018-12-16,121.0,122.0,121.0,122.0,100,122.0,2026-09-03T19:34:19.381668+00:00
2018-12-20,119.0,119.0,119.0,119.0,1104,119.0,2026-09-03T19:34:19.381668+00:00
2018-12-23,119.0,119.0,118.0,118.0,3500,118.0,2026-09-03T19:34:19.381668+00:00
2018-12-24,117.0,122.0,117.0,122.0,2637,122.0,2026-09-03T19:34:19.381668+00:00
2018-12-26,118.0,120.0,118.0,120.0,1034,120.0,2026-09-03T19:34:19.381668+00:00
2018-12-27,118.0,118.0,117.0,117.0,75,117.0,2026-09-03T19:34:19.381668+00:00
2018-12-30,115.0,115.0,114.0,115.0,1235,115.0,2026-09-03T19:34:19.381668+00:00
2019-01-02,117.0,117.0,114.0,114.0,5262,114.0,2026-09-03T19:34:19.381668+00:00
2019-01-03,116.0,116.0,116.0,116.0,132,116.0,2026-09-03T19:34:19.381668+00:00
2019-01-06,115.0,118.0,115.0,116.0,4767,116.0,2026-09-03T19:34:19.381668+00:00
2019-01-07,116.0,116.0,115.0,116.0,2045,116.0,2026-09-03T19:34:19.381668+00:00
2019-01-08,114.0,114.0,114.0,114.0,378,114.0,2026-09-03T19:34:19.381668+00:00
2019-01-09,115.0,115.0,115.0,115.0,949,115.0,2026-09-03T19:34:19.381668+00:00
2019-01-10,117.0,117.0,117.0,117.0,1000,117.0,2026-09-03T19:34:19.381668+00:00
2019-01-13,117.0,117.0,115.0,117.0,365,117.0,2026-09-03T19:34:19.381668+00:00
2019-01-14,119.0,119.0,119.0,119.0,35,119.0,2026-09-03T19:34:19.381668+00:00
2019-01-16,119.0,119.0,118.0,118.0,510,118.0,2026-09-03T19:34:19.381668+00:00
2019-01-17,120.0,120.0,117.0,117.0,4764,117.0,2026-09-03T19:34:19.381668+00:00
2019-01-21,115.0,117.0,115.0,116.0,1550,116.0,2026-09-03T19:34:19.381668+00:00
2019-01-22,116.0,119.0,116.0,117.0,1183,117.0,2026-09-03T19:34:19.381668+00:00
2019-01-23,117.0,119.0,117.0,118.0,679,118.0,2026-09-03T19:34:19.381668+00:00
2019-01-24,117.0,118.0,117.0,118.0,111,118.0,2026-09-03T19:34:19.381668+00:00
2019-01-27,117.0,117.0,114.0,114.0,6720,114.0,2026-09-03T19:34:19.381668+00:00
2019-01-28,114.0,119.0,114.0,119.0,7558,119.0,2026-09-03T19:34:19.381668+00:00
2019-01-30,117.0,118.0,115.0,118.0,229,118.0,2026-09-03T19:34:19.381668+00:00
2019-02-03,118.0,118.0,116.0,116.0,550,116.0,2026-09-03T19:34:19.381668+00:00
2019-02-04,117.0,117.0,117.0,117.0,20,117.0,2026-09-03T19:34:19.381668+00:00
2019-02-05,116.0,116.0,116.0,116.0,100,116.0,2026-09-03T19:34:19.381668+00:00
2019-02-06,114.0,114.0,114.0,114.0,834,114.0,2026-09-03T19:34:19.381668+00:00
2019-02-07,115.0,116.0,114.0,115.0,2523,115.0,2026-09-03T19:34:19.381668+00:00
2019-02-10,115.0,116.0,114.0,114.0,1201,114.0,2026-09-03T19:34:19.381668+00:00
2019-02-11,114.0,116.0,114.0,116.0,2787,116.0,2026-09-03T19:34:19.381668+00:00
2019-02-12,116.0,116.0,114.0,116.0,1351,116.0,2026-09-03T19:34:19.381668+00:00
2019-02-13,115.0,116.0,115.0,116.0,3396,116.0,2026-09-03T19:34:19.381668+00:00
2019-02-14,114.0,114.0,114.0,114.0,4053,114.0,2026-09-03T19:34:19.381668+00:00
2019-02-17,114.0,114.0,113.0,114.0,2617,114.0,2026-09-03T19:34:19.381668+00:00
2019-02-18,114.0,114.0,113.0,114.0,2615,114.0,2026-09-03T19:34:19.381668+00:00
2019-02-19,114.0,114.0,113.0,114.0,9379,114.0,2026-09-03T19:34:19.381668+00:00
2019-02-20,116.0,118.0,114.0,114.0,1408,114.0,2026-09-03T19:34:19.381668+00:00
2019-02-21,114.0,115.0,114.0,115.0,114,115.0,2026-09-03T19:34:19.381668+00:00
2019-02-24,115.0,115.0,115.0,115.0,1000,115.0,2026-09-03T19:34:19.381668+00:00
2019-02-25,114.0,114.0,114.0,114.0,334,114.0,2026-09-03T19:34:19.381668+00:00
2019-02-27,113.0,113.0,112.0,112.0,701,112.0,2026-09-03T19:34:19.381668+00:00
2019-03-03,112.0,113.0,111.0,111.0,4457,111.0,2026-09-03T19:34:19.381668+00:00
2019-03-05,111.0,111.0,110.0,110.0,496,110.0,2026-09-03T19:34:19.381668+00:00
2019-03-06,111.0,112.0,111.0,112.0,28,112.0,2026-09-03T19:34:19.381668+00:00
2019-03-07,110.0,114.0,110.0,114.0,438,114.0,2026-09-03T19:34:19.381668+00:00
2019-03-10,112.0,112.0,112.0,112.0,145,112.0,2026-09-03T19:34:19.381668+00:00
2019-03-11,112.0,116.0,112.0,116.0,2961,116.0,2026-09-03T19:34:19.381668+00:00
2019-03-12,118.0,119.0,116.0,116.0,3986,116.0,2026-09-03T19:34:19.381668+00:00
2019-03-13,115.0,117.0,115.0,117.0,878,117.0,2026-09-03T19:34:19.381668+00:00
2019-03-14,118.0,118.0,118.0,118.0,561,118.0,2026-09-03T19:34:19.381668+00:00
2019-03-17,120.0,120.0,117.0,117.0,1081,117.0,2026-09-03T19:34:19.381668+00:00
2019-03-18,119.0,119.0,116.0,116.0,1510,116.0,2026-09-03T19:34:19.381668+00:00
2019-03-19,116.0,116.0,116.0,116.0,34,116.0,2026-09-03T19:34:19.381668+00:00
2019-03-21,117.0,117.0,114.0,116.0,1412,116.0,2026-09-03T19:34:19.381668+00:00
2019-03-24,118.0,120.0,117.0,119.0,2870,119.0,2026-09-03T19:34:19.381668+00:00
2019-03-25,117.0,119.0,117.0,118.0,744,118.0,2026-09-03T19:34:19.381668+00:00
2019-03-26,116.0,116.0,114.0,116.0,2940,116.0,2026-09-03T19:34:19.381668+00:00
2019-03-27,118.0,118.0,118.0,118.0,10,118.0,2026-09-03T19:34:19.381668+00:00
2019-03-28,116.0,118.0,116.0,118.0,494,118.0,2026-09-03T19:34:19.381668+00:00
2019-03-31,116.0,116.0,115.0,115.0,1091,115.0,2026-09-03T19:34:19.381668+00:00
2019-04-01,115.0,118.0,115.0,115.0,958,115.0,2026-09-03T19:34:19.381668+00:00
2019-04-02,117.0,119.0,117.0,119.0,645,119.0,2026-09-03T19:34:19.381668+00:00
2019-04-03,117.0,117.0,117.0,117.0,150,117.0,2026-09-03T19:34:19.381668+00:00
2019-04-04,118.0,118.0,116.0,116.0,170,116.0,2026-09-03T19:34:19.381668+00:00
2019-04-07,115.0,118.0,115.0,118.0,834,118.0,2026-09-03T19:34:19.381668+00:00
2019-04-08,120.0,120.0,116.0,117.0,1967,117.0,2026-09-03T19:34:19.381668+00:00
2019-04-09,117.0,120.0,116.0,119.0,2298,119.0,2026-09-03T19:34:19.381668+00:00
2019-04-10,119.0,125.0,118.0,123.0,3361,123.0,2026-09-03T19:34:19.381668+00:00
2019-04-11,121.0,124.0,120.0,123.0,767,123.0,2026-09-03T19:34:19.381668+00:00
2019-04-15,123.0,123.0,123.0,123.0,16,123.0,2026-09-03T19:34:19.381668+00:00
2019-04-16,125.0,125.0,125.0,125.0,20,125.0,2026-09-03T19:34:19.381668+00:00
2019-04-17,127.0,127.0,119.0,121.0,1989,121.0,2026-09-03T19:34:19.381668+00:00
2019-04-18,120.0,120.0,117.0,117.0,810,117.0,2026-09-03T19:34:19.381668+00:00
2019-04-21,119.0,121.0,117.0,121.0,944,121.0,2026-09-03T19:34:19.381668+00:00
2019-04-22,123.0,125.0,121.0,121.0,1084,121.0,2026-09-03T19:34:19.381668+00:00
2019-04-23,123.0,123.0,123.0,123.0,386,123.0,2026-09-03T19:34:19.381668+00:00
2019-04-24,124.0,126.0,122.0,126.0,1153,126.0,2026-09-03T19:34:19.381668+00:00
2019-04-25,128.0,130.0,123.0,128.0,7294,128.0,2026-09-03T19:34:19.381668+00:00
2019-04-28,126.0,126.0,120.0,124.0,2384,124.0,2026-09-03T19:34:19.381668+00:00
2019-04-29,122.0,122.0,119.0,121.0,2186,121.0,2026-09-03T19:34:19.381668+00:00
2019-04-30,123.0,123.0,119.0,120.0,6247,120.0,2026-09-03T19:34:19.381668+00:00
2019-05-02,120.0,120.0,119.0,119.0,3000,119.0,2026-09-03T19:34:19.381668+00:00
2019-05-05,121.0,121.0,118.0,118.0,240,118.0,2026-09-03T19:34:19.381668+00:00
2019-05-06,118.0,119.0,118.0,119.0,1124,119.0,2026-09-03T19:34:19.381668+00:00
2019-05-07,118.0,120.0,118.0,118.0,1386,118.0,2026-09-03T19:34:19.381668+00:00
2019-05-08,118.0,118.0,118.0,118.0,863,118.0,2026-09-03T19:34:19.381668+00:00
2019-05-09,119.0,124.0,119.0,122.0,1412,122.0,2026-09-03T19:34:19.381668+00:00
2019-05-12,122.0,124.0,120.0,122.0,1033,122.0,2026-09-03T19:34:19.381668+00:00
2019-05-13,121.0,121.0,120.0,120.0,2079,120.0,2026-09-03T19:34:19.381668+00:00
2019-05-14,121.0,122.0,121.0,121.0,1627,121.0,2026-09-03T19:34:19.381668+00:00
2019-05-15,120.0,129.0,120.0,129.0,4367,129.0,2026-09-03T19:34:19.381668+00:00
2019-05-16,127.0,129.0,122.0,129.0,9362,129.0,2026-09-03T19:34:19.381668+00:00
2019-05-19,130.0,140.0,129.0,140.0,25592,140.0,2026-09-03T19:34:19.381668+00:00
2019-05-20,142.0,145.0,134.0,134.0,26013,134.0,2026-09-03T19:34:19.381668+00:00
2019-05-21,136.0,147.0,136.0,147.0,61347,147.0,2026-09-03T19:34:19.381668+00:00
2019-05-22,147.0,149.0,141.0,141.0,14188,141.0,2026-09-03T19:34:19.381668+00:00
2019-05-23,143.0,147.0,140.0,141.0,19394,141.0,2026-09-03T19:34:19.381668+00:00
2019-05-26,143.0,143.0,138.0,141.0,56067,141.0,2026-09-03T19:34:19.381668+00:00
2019-05-27,124.0,124.0,119.0,121.0,694,121.0,2026-09-03T19:34:19.381668+00:00
2019-05-28,123.0,133.0,123.0,133.0,17932,133.0,2026-09-03T19:34:19.381668+00:00
2019-05-29,136.0,142.0,132.0,134.0,18233,134.0,2026-09-03T19:34:19.381668+00:00
2019-05-30,136.0,136.0,131.0,131.0,17709,131.0,2026-09-03T19:34:19.381668+00:00
2019-06-02,133.0,137.0,131.0,135.0,7280,135.0,2026-09-03T19:34:19.381668+00:00
2019-06-03,137.0,141.0,135.0,140.0,7627,140.0,2026-09-03T19:34:19.381668+00:00
2019-06-04,138.0,140.0,136.0,140.0,320,140.0,2026-09-03T19:34:19.381668+00:00
2019-06-06,138.0,144.0,136.0,144.0,14355,144.0,2026-09-03T19:34:19.381668+00:00
2019-06-10,146.0,146.0,135.0,135.0,2318,135.0,2026-09-03T19:34:19.381668+00:00
2019-06-11,137.0,137.0,133.0,133.0,3836,133.0,2026-09-03T19:34:19.381668+00:00
2019-06-12,132.0,132.0,127.0,132.0,2419,132.0,2026-09-03T19:34:19.381668+00:00
2019-06-13,130.0,138.0,130.0,133.0,2515,133.0,2026-09-03T19:34:19.381668+00:00
2019-06-16,135.0,135.0,131.0,131.0,940,131.0,2026-09-03T19:34:19.381668+00:00
2019-06-18,129.0,130.0,129.0,129.0,3432,129.0,2026-09-03T19:34:19.381668+00:00
2019-06-19,130.0,133.0,126.0,133.0,19877,133.0,2026-09-03T19:34:19.381668+00:00
2019-06-20,135.0,135.0,125.0,126.0,4063,126.0,2026-09-03T19:34:19.381668+00:00
2019-06-23,128.0,132.0,126.0,128.0,1005,128.0,2026-09-03T19:34:19.381668+00:00
2019-06-24,127.0,129.0,127.0,129.0,35,129.0,2026-09-03T19:34:19.381668+00:00
2019-06-25,130.0,130.0,126.0,126.0,1030,126.0,2026-09-03T19:34:19.381668+00:00
2019-06-26,128.0,130.0,128.0,130.0,20,130.0,2026-09-03T19:34:19.381668+00:00
2019-06-27,132.0,132.0,131.0,131.0,30,131.0,2026-09-03T19:34:19.381668+00:00
2019-06-30,133.0,133.0,126.0,126.0,561,126.0,2026-09-03T19:34:19.381668+00:00
2019-07-01,128.0,128.0,126.0,127.0,69,127.0,2026-09-03T19:34:19.381668+00:00
2019-07-02,129.0,132.0,129.0,132.0,160,132.0,2026-09-03T19:34:19.381668+00:00
2019-07-03,134.0,134.0,124.0,124.0,1300,124.0,2026-09-03T19:34:19.381668+00:00
2019-07-04,123.0,128.0,123.0,124.0,7043,124.0,2026-09-03T19:34:19.381668+00:00
2019-07-07,124.0,126.0,124.0,126.0,142,126.0,2026-09-03T19:34:19.381668+00:00
2019-07-08,128.0,128.0,124.0,124.0,30,124.0,2026-09-03T19:34:19.381668+00:00
2019-07-09,126.0,126.0,122.0,124.0,555,124.0,2026-09-03T19:34:19.381668+00:00
2019-07-10,124.0,124.0,118.0,120.0,7997,120.0,2026-09-03T19:34:19.381668+00:00
2019-07-11,119.0,125.0,119.0,120.0,792,120.0,2026-09-03T19:34:19.381668+00:00
2019-07-14,120.0,121.0,119.0,121.0,972,121.0,2026-09-03T19:34:19.381668+00:00
2019-07-15,120.0,126.0,120.0,126.0,182,126.0,2026-09-03T19:34:19.381668+00:00
2019-07-17,124.0,124.0,121.0,121.0,195,121.0,2026-09-03T19:34:19.381668+00:00
2019-07-18,122.0,124.0,122.0,123.0,420,123.0,2026-09-03T19:34:19.381668+00:00
2019-07-21,121.0,121.0,120.0,120.0,255,120.0,2026-09-03T19:34:19.381668+00:00
2019-07-22,122.0,123.0,121.0,121.0,1010,121.0,2026-09-03T19:34:19.381668+00:00
2019-07-23,123.0,123.0,121.0,123.0,2152,123.0,2026-09-03T19:34:19.381668+00:00
2019-07-24,121.0,123.0,121.0,122.0,1177,122.0,2026-09-03T19:34:19.381668+00:00
2019-07-25,121.0,121.0,120.0,120.0,1172,120.0,2026-09-03T19:34:19.381668+00:00
2019-07-28,118.0,122.0,118.0,122.0,332,122.0,2026-09-03T19:34:19.381668+00:00
2019-07-29,120.0,120.0,120.0,120.0,97,120.0,2026-09-03T19:34:19.381668+00:00
2019-07-30,119.0,121.0,119.0,121.0,3998,121.0,2026-09-03T19:34:19.381668+00:00
2019-07-31,123.0,125.0,121.0,121.0,730,121.0,2026-09-03T19:34:19.381668+00:00
2019-08-01,123.0,123.0,120.0,120.0,1853,120.0,2026-09-03T19:34:19.381668+00:00
2019-08-04,122.0,123.0,120.0,120.0,7322,120.0,2026-09-03T19:34:19.381668+00:00
2019-08-05,122.0,124.0,122.0,124.0,20,124.0,2026-09-03T19:34:19.381668+00:00
2019-08-06,122.0,124.0,122.0,124.0,210,124.0,2026-09-03T19:34:19.381668+00:00
2019-08-07,124.0,124.0,122.0,122.0,190,122.0,2026-09-03T19:34:19.381668+00:00
2019-08-08,122.0,122.0,122.0,122.0,180,122.0,2026-09-03T19:34:19.381668+00:00
2019-08-11,124.0,124.0,122.0,122.0,770,122.0,2026-09-03T19:34:19.381668+00:00
2019-08-13,120.0,120.0,119.0,119.0,1548,119.0,2026-09-03T19:34:19.381668+00:00
2019-08-14,117.0,117.0,117.0,117.0,495,117.0,2026-09-03T19:34:19.381668+00:00
2019-08-18,119.0,125.0,119.0,125.0,207,125.0,2026-09-03T19:34:19.381668+00:00
2019-08-19,127.0,127.0,127.0,127.0,10,127.0,2026-09-03T19:34:19.381668+00:00
2019-08-20,125.0,125.0,125.0,125.0,100,125.0,2026-09-03T19:34:19.381668+00:00
2019-08-22,123.0,123.0,123.0,123.0,50,123.0,2026-09-03T19:34:19.381668+00:00
2019-08-27,123.0,125.0,123.0,125.0,30,125.0,2026-09-03T19:34:19.381668+00:00
2019-08-28,123.0,123.0,123.0,123.0,20,123.0,2026-09-03T19:34:19.381668+00:00
2019-08-29,121.0,121.0,117.0,119.0,741,119.0,2026-09-03T19:34:19.381668+00:00
2019-09-01,121.0,121.0,121.0,121.0,10,121.0,2026-09-03T19:34:19.381668+00:00
2019-09-02,119.0,119.0,117.0,117.0,600,117.0,2026-09-03T19:34:19.381668+00:00
2019-09-03,119.0,123.0,117.0,118.0,3468,118.0,2026-09-03T19:34:19.381668+00:00
2019-09-04,118.0,118.0,118.0,118.0,132,118.0,2026-09-03T19:34:19.381668+00:00
2019-09-05,119.0,119.0,118.0,118.0,540,118.0,2026-09-03T19:34:19.381668+00:00
2019-09-08,116.0,116.0,116.0,116.0,10,116.0,2026-09-03T19:34:19.381668+00:00
2019-09-09,118.0,118.0,114.0,115.0,821,115.0,2026-09-03T19:34:19.381668+00:00
2019-09-10,113.0,115.0,113.0,115.0,1579,115.0,2026-09-03T19:34:19.381668+00:00
2019-09-11,116.0,116.0,116.0,116.0,200,116.0,2026-09-03T19:34:19.381668+00:00
2019-09-12,118.0,118.0,114.0,114.0,510,114.0,2026-09-03T19:34:19.381668+00:00
2019-09-15,116.0,118.0,116.0,118.0,20,118.0,2026-09-03T19:34:19.381668+00:00
2019-09-16,120.0,120.0,120.0,120.0,10,120.0,2026-09-03T19:34:19.381668+00:00
2019-09-17,120.0,120.0,120.0,120.0,90,120.0,2026-09-03T19:34:19.381668+00:00
2019-09-22,118.0,118.0,110.0,110.0,5899,110.0,2026-09-03T19:34:19.381668+00:00
2019-09-23,110.0,110.0,109.0,109.0,1521,109.0,2026-09-03T19:34:19.381668+00:00
2019-09-24,111.0,111.0,110.0,110.0,110,110.0,2026-09-03T19:34:19.381668+00:00
2019-09-25,110.0,110.0,108.0,108.0,1167,108.0,2026-09-03T19:34:19.381668+00:00
2019-09-26,110.0,110.0,108.0,109.0,460,109.0,2026-09-03T19:34:19.381668+00:00
2019-09-29,109.0,111.0,109.0,110.0,853,110.0,2026-09-03T19:34:19.381668+00:00
2019-09-30,110.0,110.0,110.0,110.0,564,110.0,2026-09-03T19:34:19.381668+00:00
2019-10-01,111.0,117.0,111.0,117.0,1099,117.0,2026-09-03T19:34:19.381668+00:00
2019-10-02,115.0,115.0,115.0,115.0,46,115.0,2026-09-03T19:34:19.381668+00:00
2019-10-10,113.0,113.0,112.0,112.0,124,112.0,2026-09-03T19:34:19.381668+00:00
2019-10-15,114.0,116.0,114.0,116.0,61,116.0,2026-09-03T19:34:19.381668+00:00
2019-10-16,115.0,117.0,115.0,115.0,748,115.0,2026-09-03T19:34:19.381668+00:00
2019-10-17,115.0,115.0,115.0,115.0,497,115.0,2026-09-03T19:34:19.381668+00:00
2019-10-20,115.0,115.0,115.0,115.0,15,115.0,2026-09-03T19:34:19.381668+00:00
2019-10-21,113.0,113.0,113.0,113.0,300,113.0,2026-09-03T19:34:19.381668+00:00
2019-10-22,111.0,111.0,108.0,108.0,1319,108.0,2026-09-03T19:34:19.381668+00:00
2019-10-23,109.0,111.0,109.0,109.0,515,109.0,2026-09-03T19:34:19.381668+00:00
2019-10-24,111.0,117.0,111.0,115.0,278,115.0,2026-09-03T19:34:19.381668+00:00
2019-10-31,117.0,117.0,117.0,117.0,10,117.0,2026-09-03T19:34:19.381668+00:00
2019-11-03,119.0,119.0,119.0,119.0,10,119.0,2026-09-03T19:34:19.381668+00:00
2019-11-05,117.0,117.0,113.0,113.0,260,113.0,2026-09-03T19:34:19.381668+00:00
2019-11-06,111.0,112.0,111.0,111.0,554,111.0,2026-09-03T19:34:19.381668+00:00
2019-11-07,109.0,109.0,109.0,109.0,22,109.0,2026-09-03T19:34:19.381668+00:00
2019-11-10,108.0,109.0,108.0,109.0,550,109.0,2026-09-03T19:34:19.381668+00:00
2019-11-11,110.0,110.0,110.0,110.0,112,110.0,2026-09-03T19:34:19.381668+00:00
2019-11-12,108.0,108.0,107.0,107.0,2100,107.0,2026-09-03T19:34:19.381668+00:00
2019-11-13,106.0,106.0,106.0,106.0,112,106.0,2026-09-03T19:34:19.381668+00:00
2019-11-17,106.0,107.0,106.0,107.0,950,107.0,2026-09-03T19:34:19.381668+00:00
2019-11-18,107.0,108.0,107.0,108.0,772,108.0,2026-09-03T19:34:19.381668+00:00
2019-11-19,107.0,107.0,107.0,107.0,740,107.0,2026-09-03T19:34:19.381668+00:00
2019-11-20,109.0,109.0,107.0,107.0,458,107.0,2026-09-03T19:34:19.381668+00:00
2019-11-21,108.0,108.0,108.0,108.0,596,108.0,2026-09-03T19:34:19.381668+00:00
2019-11-24,106.0,106.0,106.0,106.0,675,106.0,2026-09-03T19:34:19.381668+00:00
2019-11-25,106.0,107.0,106.0,107.0,2114,107.0,2026-09-03T19:34:19.381668+00:00
2019-11-26,109.0,109.0,109.0,109.0,503,109.0,2026-09-03T19:34:19.381668+00:00
2019-11-27,110.0,110.0,108.0,108.0,840,108.0,2026-09-03T19:34:19.381668+00:00
2019-11-28,109.0,110.0,109.0,110.0,1178,110.0,2026-09-03T19:34:19.381668+00:00
2019-12-01,110.0,110.0,106.0,106.0,7052,106.0,2026-09-03T19:34:19.381668+00:00
2019-12-03,107.0,108.0,107.0,108.0,2010,108.0,2026-09-03T19:34:19.381668+00:00
2019-12-04,108.0,108.0,107.0,107.0,258,107.0,2026-09-03T19:34:19.381668+00:00
2019-12-05,107.0,109.0,107.0,109.0,1904,109.0,2026-09-03T19:34:19.381668+00:00
2019-12-08,108.0,108.0,108.0,108.0,12,108.0,2026-09-03T19:34:19.381668+00:00
2019-12-09,110.0,110.0,110.0,110.0,200,110.0,2026-09-03T19:34:19.381668+00:00
2019-12-10,112.0,114.0,109.0,109.0,162,109.0,2026-09-03T19:34:19.381668+00:00
2019-12-11,109.0,110.0,108.0,109.0,3071,109.0,2026-09-03T19:34:19.381668+00:00
2019-12-12,109.0,110.0,109.0,110.0,1265,110.0,2026-09-03T19:34:19.381668+00:00
2019-12-15,112.0,112.0,112.0,112.0,210,112.0,2026-09-03T19:34:19.381668+00:00
2019-12-16,110.0,110.0,108.0,108.0,3044,108.0,2026-09-03T19:34:19.381668+00:00
2019-12-17,108.0,108.0,107.0,108.0,1158,108.0,2026-09-03T19:34:19.381668+00:00
2019-12-18,109.0,109.0,109.0,109.0,65,109.0,2026-09-03T19:34:19.381668+00:00
2019-12-19,108.0,109.0,108.0,109.0,3049,109.0,2026-09-03T19:34:19.381668+00:00
2019-12-22,107.0,107.0,107.0,107.0,1083,107.0,2026-09-03T19:34:19.381668+00:00
2019-12-23,109.0,111.0,109.0,110.0,40,110.0,2026-09-03T19:34:19.381668+00:00
2019-12-24,109.0,109.0,109.0,109.0,4283,109.0,2026-09-03T19:34:19.381668+00:00
2019-12-25,109.0,110.0,108.0,110.0,66,110.0,2026-09-03T19:34:19.381668+00:00
2019-12-29,109.0,110.0,108.0,109.0,1819,109.0,2026-09-03T19:34:19.381668+00:00
2019-12-30,108.0,108.0,108.0,108.0,1355,108.0,2026-09-03T19:34:19.381668+00:00
2019-12-31,110.0,110.0,110.0,110.0,75,110.0,2026-09-03T19:34:19.381668+00:00
2020-01-01,110.0,113.0,110.0,113.0,245,113.0,2026-09-03T19:34:19.381668+00:00
2020-01-02,112.0,112.0,109.0,109.0,1475,109.0,2026-09-03T19:34:19.381668+00:00
2020-01-05,111.0,115.0,109.0,115.0,5172,115.0,2026-09-03T19:34:19.381668+00:00
2020-01-06,113.0,114.0,113.0,113.0,1900,113.0,2026-09-03T19:34:19.381668+00:00
2020-01-07,111.0,112.0,110.0,112.0,3404,112.0,2026-09-03T19:34:19.381668+00:00
2020-01-08,110.0,122.0,110.0,122.0,4257,122.0,2026-09-03T19:34:19.381668+00:00
2020-01-09,120.0,120.0,114.0,115.0,12189,115.0,2026-09-03T19:34:19.381668+00:00
2020-01-12,117.0,120.0,116.0,116.0,4265,116.0,2026-09-03T19:34:19.381668+00:00
2020-01-13,116.0,126.0,116.0,118.0,8264,118.0,2026-09-03T19:34:19.381668+00:00
2020-01-14,116.0,121.0,116.0,121.0,3797,121.0,2026-09-03T19:34:19.381668+00:00
2020-01-15,123.0,133.0,123.0,133.0,25065,133.0,2026-09-03T19:34:19.381668+00:00
2020-01-16,135.0,139.0,130.0,131.0,15986,131.0,2026-09-03T19:34:19.381668+00:00
2020-01-19,133.0,144.0,133.0,144.0,29496,144.0,2026-09-03T19:34:19.381668+00:00
2020-01-20,146.0,153.0,132.0,136.0,41870,136.0,2026-09-03T19:34:19.381668+00:00
2020-01-21,136.0,142.0,134.0,140.0,13060,140.0,2026-09-03T19:34:19.381668+00:00
2020-01-22,140.0,142.0,138.0,138.0,4669,138.0,2026-09-03T19:34:19.381668+00:00
2020-01-23,137.0,139.0,135.0,135.0,5585,135.0,2026-09-03T19:34:19.381668+00:00
2020-01-26,133.0,137.0,132.0,133.0,4852,133.0,2026-09-03T19:34:19.381668+00:00
2020-01-27,132.0,135.0,132.0,135.0,1392,135.0,2026-09-03T19:34:19.381668+00:00
2020-01-28,136.0,143.0,136.0,138.0,15384,138.0,2026-09-03T19:34:19.381668+00:00
2020-01-29,140.0,140.0,138.0,140.0,4752,140.0,2026-09-03T19:34:19.381668+00:00
2020-01-30,139.0,139.0,136.0,136.0,2286,136.0,2026-09-03T19:34:19.381668+00:00
2020-02-02,138.0,140.0,136.0,139.0,5868,139.0,2026-09-03T19:34:19.381668+00:00
2020-02-03,140.0,143.0,139.0,143.0,13295,143.0,2026-09-03T19:34:19.381668+00:00
2020-02-04,141.0,145.0,139.0,141.0,13800,141.0,2026-09-03T19:34:19.381668+00:00
2020-02-05,143.0,150.0,143.0,148.0,20920,148.0,2026-09-03T19:34:19.381668+00:00
2020-02-06,148.0,148.0,142.0,144.0,9258,144.0,2026-09-03T19:34:19.381668+00:00
2020-02-09,142.0,146.0,142.0,145.0,9124,145.0,2026-09-03T19:34:19.381668+00:00
2020-02-10,147.0,149.0,143.0,149.0,5184,149.0,2026-09-03T19:34:19.381668+00:00
2020-02-11,147.0,151.0,141.0,144.0,10512,144.0,2026-09-03T19:34:19.381668+00:00
2020-02-12,146.0,146.0,142.0,144.0,881,144.0,2026-09-03T19:34:19.381668+00:00
2020-02-13,143.0,144.0,140.0,140.0,346,140.0,2026-09-03T19:34:19.381668+00:00
2020-02-16,140.0,144.0,137.0,144.0,2982,144.0,2026-09-03T19:34:19.381668+00:00
2020-02-17,146.0,148.0,141.0,141.0,454,141.0,2026-09-03T19:34:19.381668+00:00
2020-02-18,143.0,145.0,139.0,141.0,5078,141.0,2026-09-03T19:34:19.381668+00:00
2020-02-19,139.0,140.0,137.0,138.0,5509,138.0,2026-09-03T19:34:19.381668+00:00
2020-02-20,140.0,142.0,139.0,139.0,1032,139.0,2026-09-03T19:34:19.381668+00:00
2020-02-23,140.0,152.0,139.0,152.0,23937,152.0,2026-09-03T19:34:19.381668+00:00
2020-02-24,155.0,157.0,151.0,151.0,5310,151.0,2026-09-03T19:34:19.381668+00:00
2020-02-25,148.0,152.0,144.0,147.0,72685,147.0,2026-09-03T19:34:19.381668+00:00
2020-02-26,149.0,153.0,147.0,151.0,12900,151.0,2026-09-03T19:34:19.381668+00:00
2020-02-27,148.0,151.0,145.0,145.0,3598,145.0,2026-09-03T19:34:19.381668+00:00
2020-03-01,145.0,157.0,142.0,142.0,14439,142.0,2026-09-03T19:34:19.381668+00:00
2020-03-02,140.0,141.0,140.0,141.0,1200,141.0,2026-09-03T19:34:19.381668+00:00
2020-03-03,139.0,141.0,135.0,139.0,3732,139.0,2026-09-03T19:34:19.381668+00:00
2020-03-04,137.0,146.0,132.0,146.0,41390,146.0,2026-09-03T19:34:19.381668+00:00
2020-03-05,148.0,148.0,144.0,146.0,11552,146.0,2026-09-03T19:34:19.381668+00:00
2020-03-10,148.0,148.0,140.0,140.0,50,140.0,2026-09-03T19:34:19.381668+00:00
2020-03-11,138.0,140.0,133.0,138.0,9674,138.0,2026-09-03T19:34:19.381668+00:00
2020-03-12,139.0,139.0,130.0,133.0,7437,133.0,2026-09-03T19:34:19.381668+00:00
2020-03-15,135.0,135.0,125.0,131.0,7233,131.0,2026-09-03T19:34:19.381668+00:00
2020-03-16,129.0,134.0,129.0,134.0,1369,134.0,2026-09-03T19:34:19.381668+00:00
2020-03-17,132.0,132.0,128.0,130.0,907,130.0,2026-09-03T19:34:19.381668+00:00
2020-03-18,128.0,128.0,123.0,123.0,4321,123.0,2026-09-03T19:34:19.381668+00:00
2020-03-19,121.0,132.0,118.0,128.0,6569,128.0,2026-09-03T19:34:19.381668+00:00
2020-03-22,130.0,130.0,130.0,130.0,10,130.0,2026-09-03T19:34:19.381668+00:00
2020-06-29,128.0,128.0,128.0,128.0,50,128.0,2026-09-03T19:34:19.381668+00:00
2020-06-30,127.0,128.0,127.0,128.0,382,128.0,2026-09-03T19:34:19.381668+00:00
2020-07-01,128.0,130.0,128.0,130.0,150,130.0,2026-09-03T19:34:19.381668+00:00
2020-07-07,132.0,136.0,126.0,126.0,3104,126.0,2026-09-03T19:34:19.381668+00:00
2020-07-08,125.0,126.0,124.0,124.0,1760,124.0,2026-09-03T19:34:19.381668+00:00
2020-07-09,122.0,123.0,122.0,123.0,2542,123.0,2026-09-03T19:34:19.381668+00:00
2020-07-12,123.0,125.0,121.0,121.0,2240,121.0,2026-09-03T19:34:19.381668+00:00
2020-07-13,120.0,124.0,119.0,124.0,3298,124.0,2026-09-03T19:34:19.381668+00:00
2020-07-14,124.0,124.0,122.0,123.0,1908,123.0,2026-09-03T19:34:19.381668+00:00
2020-07-15,121.0,121.0,121.0,121.0,1336,121.0,2026-09-03T19:34:19.381668+00:00
2020-07-16,121.0,131.0,121.0,131.0,3693,131.0,2026-09-03T19:34:19.381668+00:00
2020-07-20,133.0,137.0,129.0,129.0,4832,129.0,2026-09-03T19:34:19.381668+00:00
2020-07-21,127.0,131.0,125.0,125.0,33273,125.0,2026-09-03T19:34:19.381668+00:00
2020-07-22,127.0,127.0,122.0,124.0,4449,124.0,2026-09-03T19:34:19.381668+00:00
2020-07-23,125.0,125.0,122.0,122.0,1199,122.0,2026-09-03T19:34:19.381668+00:00
2020-07-26,122.0,126.0,122.0,126.0,816,126.0,2026-09-03T19:34:19.381668+00:00
2020-07-27,126.0,126.0,123.0,123.0,2287,123.0,2026-09-03T19:34:19.381668+00:00
2020-07-28,123.0,124.0,121.0,122.0,5593,122.0,2026-09-03T19:34:19.381668+00:00
2020-07-29,124.0,126.0,122.0,123.0,978,123.0,2026-09-03T19:34:19.381668+00:00
2020-07-30,123.0,130.0,122.0,128.0,1477,128.0,2026-09-03T19:34:19.381668+00:00
2020-08-02,130.0,130.0,120.0,122.0,5845,122.0,2026-09-03T19:34:19.381668+00:00
2020-08-03,124.0,126.0,120.0,120.0,6139,120.0,2026-09-03T19:34:19.381668+00:00
2020-08-05,119.0,124.0,118.0,121.0,1995,121.0,2026-09-03T19:34:19.381668+00:00
2020-08-06,123.0,125.0,120.0,124.0,408,124.0,2026-09-03T19:34:19.381668+00:00
2020-08-09,122.0,124.0,120.0,121.0,706,121.0,2026-09-03T19:34:19.381668+00:00
2020-08-10,123.0,129.0,122.0,124.0,2229,124.0,2026-09-03T19:34:19.381668+00:00
2020-08-11,125.0,127.0,123.0,126.0,2883,126.0,2026-09-03T19:34:19.381668+00:00
2020-08-12,128.0,128.0,123.0,123.0,1139,123.0,2026-09-03T19:34:19.381668+00:00
2020-08-13,125.0,127.0,122.0,122.0,5201,122.0,2026-09-03T19:34:19.381668+00:00
2020-08-16,120.0,121.0,120.0,121.0,1037,121.0,2026-09-03T19:34:19.381668+00:00
2020-08-17,120.0,123.0,120.0,121.0,324,121.0,2026-09-03T19:34:19.381668+00:00
2020-08-18,121.0,123.0,121.0,121.0,2656,121.0,2026-09-03T19:34:19.381668+00:00
2020-08-19,123.0,125.0,122.0,122.0,1469,122.0,2026-09-03T19:34:19.381668+00:00
2020-08-20,124.0,124.0,121.0,121.0,389,121.0,2026-09-03T19:34:19.381668+00:00
2020-08-23,121.0,123.0,120.0,122.0,1306,122.0,2026-09-03T19:34:19.381668+00:00
2020-08-24,124.0,124.0,120.0,122.0,3943,122.0,2026-09-03T19:34:19.381668+00:00
2020-08-25,122.0,123.0,121.0,122.0,595,122.0,2026-09-03T19:34:19.381668+00:00
2020-08-26,122.0,124.0,120.0,124.0,4193,124.0,2026-09-03T19:34:19.381668+00:00
2020-08-27,125.0,125.0,122.0,122.0,957,122.0,2026-09-03T19:34:19.381668+00:00
2020-08-30,128.0,128.0,122.0,124.0,1602,124.0,2026-09-03T19:34:19.381668+00:00
2020-08-31,125.0,130.0,122.0,122.0,2971,122.0,2026-09-03T19:34:19.381668+00:00
2020-09-02,122.0,128.0,122.0,126.0,6892,126.0,2026-09-03T19:34:19.381668+00:00
2020-09-03,130.0,132.0,124.0,126.0,9767,126.0,2026-09-03T19:34:19.381668+00:00
2020-09-06,132.0,138.0,128.0,129.0,23193,129.0,2026-09-03T19:34:19.381668+00:00
2020-09-07,135.0,141.0,133.0,135.0,30668,135.0,2026-09-03T19:34:19.381668+00:00
2020-09-08,141.0,147.0,134.0,138.0,34001,138.0,2026-09-03T19:34:19.381668+00:00
2020-09-09,142.0,142.0,133.0,135.0,3565,135.0,2026-09-03T19:34:19.381668+00:00
2020-09-10,141.0,141.0,133.0,134.0,2453,134.0,2026-09-03T19:34:19.381668+00:00
2020-09-13,140.0,140.0,128.0,132.0,16205,132.0,2026-09-03T19:34:19.381668+00:00
2020-09-14,134.0,140.0,130.0,132.0,23448,132.0,2026-09-03T19:34:19.381668+00:00
2020-09-15,138.0,138.0,129.0,132.0,5361,132.0,2026-09-03T19:34:19.381668+00:00
2020-09-16,130.0,134.0,130.0,132.0,5297,132.0,2026-09-03T19:34:19.381668+00:00
2020-09-17,134.0,145.0,134.0,145.0,70005,145.0,2026-09-03T19:34:19.381668+00:00
2020-09-20,152.0,159.0,152.0,159.0,13918,159.0,2026-09-03T19:34:19.381668+00:00
2020-09-21,166.0,166.0,149.0,151.0,71793,151.0,2026-09-03T19:34:19.381668+00:00
2020-09-22,153.0,157.0,145.0,147.0,22850,147.0,2026-09-03T19:34:19.381668+00:00
2020-09-23,146.0,155.0,145.0,155.0,17461,155.0,2026-09-03T19:34:19.381668+00:00
2020-09-24,153.0,156.0,149.0,152.0,15365,152.0,2026-09-03T19:34:19.381668+00:00
2020-09-27,155.0,163.0,154.0,157.0,37319,157.0,2026-09-03T19:34:19.381668+00:00
2020-09-28,160.0,169.0,159.0,169.0,82146,169.0,2026-09-03T19:34:19.381668+00:00
2020-09-29,172.0,172.0,160.0,163.0,57845,163.0,2026-09-03T19:34:19.381668+00:00
2020-09-30,163.0,168.0,155.0,163.0,32132,163.0,2026-09-03T19:34:19.381668+00:00
2020-10-01,160.0,168.0,158.0,168.0,37462,168.0,2026-09-03T19:34:19.381668+00:00
2020-10-04,175.0,175.0,163.0,169.0,30940,169.0,2026-09-03T19:34:19.381668+00:00
2020-10-05,172.0,175.0,163.0,168.0,9833,168.0,2026-09-03T19:34:19.381668+00:00
2020-10-06,171.0,171.0,163.0,167.0,17194,167.0,2026-09-03T19:34:19.381668+00:00
2020-10-07,175.0,175.0,162.0,170.0,54318,170.0,2026-09-03T19:34:19.381668+00:00
2020-10-08,173.0,187.0,173.0,185.0,124572,185.0,2026-09-03T19:34:19.381668+00:00
2020-10-11,194.0,200.0,184.0,196.0,93517,196.0,2026-09-03T19:34:19.381668+00:00
2020-10-12,205.0,205.0,185.0,189.0,35121,189.0,2026-09-03T19:34:19.381668+00:00
2020-10-13,192.0,192.0,177.0,180.0,42230,180.0,2026-09-03T19:34:19.381668+00:00
2020-10-14,189.0,189.0,171.0,171.0,30600,171.0,2026-09-03T19:34:19.381668+00:00
2020-10-15,173.0,179.0,170.0,170.0,16380,170.0,2026-09-03T19:34:19.381668+00:00
2020-10-18,170.0,179.0,164.0,170.0,8505,170.0,2026-09-03T19:34:19.381668+00:00
2020-10-19,170.0,183.0,170.0,183.0,12007,183.0,2026-09-03T19:34:19.381668+00:00
2020-10-20,186.0,189.0,178.0,180.0,17085,180.0,2026-09-03T19:34:19.381668+00:00
2020-10-21,180.0,186.0,178.0,179.0,13025,179.0,2026-09-03T19:34:19.381668+00:00
2020-10-22,179.0,187.0,179.0,180.0,40550,180.0,2026-09-03T19:34:19.381668+00:00
2020-10-28,183.0,186.0,180.0,180.0,21056,180.0,2026-09-03T19:34:19.381668+00:00
2020-10-29,189.0,189.0,181.0,182.0,21291,182.0,2026-09-03T19:34:19.381668+00:00
2020-11-01,180.0,182.0,178.0,180.0,9720,180.0,2026-09-03T19:34:19.381668+00:00
2020-11-02,183.0,186.0,177.0,182.0,37765,182.0,2026-09-03T19:34:19.381668+00:00
2020-11-03,179.0,182.0,179.0,180.0,19258,180.0,2026-09-03T19:34:19.381668+00:00
2020-11-04,183.0,183.0,177.0,180.0,16675,180.0,2026-09-03T19:34:19.381668+00:00
2020-11-05,183.0,183.0,176.0,177.0,15356,177.0,2026-09-03T19:34:19.381668+00:00
2020-11-08,185.0,185.0,177.0,178.0,17762,178.0,2026-09-03T19:34:19.381668+00:00
2020-11-09,181.0,183.0,178.0,181.0,21161,181.0,2026-09-03T19:34:19.381668+00:00
2020-11-10,184.0,184.0,179.0,179.0,35144,179.0,2026-09-03T19:34:19.381668+00:00
2020-11-11,182.0,187.0,177.0,178.0,22270,178.0,2026-09-03T19:34:19.381668+00:00
2020-11-12,181.0,187.0,176.0,179.0,19938,179.0,2026-09-03T19:34:19.381668+00:00
2020-11-18,182.0,185.0,172.0,174.0,19947,174.0,2026-09-03T19:34:19.381668+00:00
2020-11-19,177.0,186.0,173.0,180.0,11972,180.0,2026-09-03T19:34:19.381668+00:00
2020-11-22,183.0,187.0,175.0,177.0,23334,177.0,2026-09-03T19:34:19.381668+00:00
2020-11-23,178.0,183.0,178.0,180.0,27730,180.0,2026-09-03T19:34:19.381668+00:00
2020-11-24,177.0,182.0,177.0,180.0,24652,180.0,2026-09-03T19:34:19.381668+00:00
2020-11-25,181.0,187.0,181.0,186.0,40066,186.0,2026-09-03T19:34:19.381668+00:00
2020-11-26,189.0,197.0,181.0,183.0,61717,183.0,2026-09-03T19:34:19.381668+00:00
2020-11-29,186.0,195.0,178.0,188.0,31913,188.0,2026-09-03T19:34:19.381668+00:00
2020-11-30,190.0,193.0,181.0,183.0,50490,183.0,2026-09-03T19:34:19.381668+00:00
2020-12-01,192.0,192.0,176.0,179.0,31798,179.0,2026-09-03T19:34:19.381668+00:00
2020-12-02,187.0,187.0,176.0,179.0,15094,179.0,2026-09-03T19:34:19.381668+00:00
2020-12-03,187.0,187.0,174.0,174.0,21459,174.0,2026-09-03T19:34:19.381668+00:00
2020-12-06,177.0,189.0,177.0,178.0,49212,178.0,2026-09-03T19:34:19.381668+00:00
2020-12-07,180.0,189.0,177.0,180.0,27162,180.0,2026-09-03T19:34:19.381668+00:00
2020-12-08,189.0,189.0,175.0,175.0,14399,175.0,2026-09-03T19:34:19.381668+00:00
2020-12-09,175.0,180.0,173.0,177.0,7425,177.0,2026-09-03T19:34:19.381668+00:00
2020-12-10,180.0,186.0,175.0,177.0,5920,177.0,2026-09-03T19:34:19.381668+00:00
2020-12-13,175.0,177.0,174.0,177.0,10071,177.0,2026-09-03T19:34:19.381668+00:00
2020-12-14,180.0,181.0,175.0,177.0,12131,177.0,2026-09-03T19:34:19.381668+00:00
2020-12-15,180.0,180.0,171.0,173.0,14742,173.0,2026-09-03T19:34:19.381668+00:00
2020-12-16,176.0,176.0,171.0,174.0,15418,174.0,2026-09-03T19:34:19.381668+00:00
2020-12-17,182.0,182.0,168.0,168.0,7992,168.0,2026-09-03T19:34:19.381668+00:00
2020-12-20,165.0,168.0,162.0,162.0,18551,162.0,2026-09-03T19:34:19.381668+00:00
2020-12-21,162.0,171.0,157.0,163.0,20528,163.0,2026-09-03T19:34:19.381668+00:00
2020-12-22,166.0,175.0,166.0,173.0,8251,173.0,2026-09-03T19:34:19.381668+00:00
2020-12-23,176.0,176.0,169.0,172.0,6111,172.0,2026-09-03T19:34:19.381668+00:00
2020-12-24,175.0,181.0,165.0,165.0,3092,165.0,2026-09-03T19:34:19.381668+00:00
2020-12-27,168.0,168.0,162.0,165.0,5765,165.0,2026-09-03T19:34:19.381668+00:00
2020-12-28,168.0,172.0,164.0,164.0,22398,164.0,2026-09-03T19:34:19.381668+00:00
2020-12-29,165.0,171.0,165.0,167.0,2412,167.0,2026-09-03T19:34:19.381668+00:00
2020-12-30,170.0,172.0,161.0,162.0,13042,162.0,2026-09-03T19:34:19.381668+00:00
2020-12-31,165.0,166.0,164.0,166.0,20669,166.0,2026-09-03T19:34:19.381668+00:00
2021-01-03,169.0,172.0,163.0,164.0,10972,164.0,2026-09-03T19:34:19.381668+00:00
2021-01-04,156.0,171.0,156.0,167.0,13961,167.0,2026-09-03T19:34:19.381668+00:00
2021-01-05,159.0,171.0,159.0,168.0,4895,168.0,2026-09-03T19:34:19.381668+00:00
2021-01-06,160.0,181.0,160.0,171.0,4875,171.0,2026-09-03T19:34:19.381668+00:00
2021-01-07,174.0,175.0,169.0,173.0,30355,173.0,2026-09-03T19:34:19.381668+00:00
2021-01-10,175.0,178.0,172.0,172.0,15303,172.0,2026-09-03T19:34:19.381668+00:00
2021-01-11,180.0,188.0,174.0,180.0,100584,180.0,2026-09-03T19:34:19.381668+00:00
2021-01-12,183.0,187.0,180.0,182.0,62525,182.0,2026-09-03T19:34:19.381668+00:00
2021-01-13,185.0,200.0,185.0,195.0,81774,195.0,2026-09-03T19:34:19.381668+00:00
2021-01-17,197.0,204.0,192.0,196.0,44985,196.0,2026-09-03T19:34:19.381668+00:00
2021-01-18,205.0,205.0,192.0,196.0,39732,196.0,2026-09-03T19:34:19.381668+00:00
2021-01-19,205.0,205.0,190.0,198.0,84299,198.0,2026-09-03T19:34:19.381668+00:00
2021-01-20,200.0,217.0,200.0,217.0,150862,217.0,2026-09-03T19:34:19.381668+00:00
2021-01-21,227.0,236.0,217.0,228.0,109593,228.0,2026-09-03T19:34:19.381668+00:00
2021-01-24,239.0,250.0,233.0,244.0,120107,244.0,2026-09-03T19:34:19.381668+00:00
2021-01-25,256.0,256.0,236.0,241.0,96664,241.0,2026-09-03T19:34:19.381668+00:00
2021-01-26,245.0,249.0,225.0,240.0,57604,240.0,2026-09-03T19:34:19.381668+00:00
2021-01-27,244.0,252.0,228.0,252.0,80765,252.0,2026-09-03T19:34:19.381668+00:00
2021-01-28,247.0,262.0,235.0,253.0,66736,253.0,2026-09-03T19:34:19.381668+00:00
2021-01-31,249.0,249.0,229.0,232.0,49834,232.0,2026-09-03T19:34:19.381668+00:00
2021-02-01,228.0,246.0,225.0,244.0,59423,244.0,2026-09-03T19:34:19.381668+00:00
2021-02-02,256.0,256.0,236.0,244.0,31153,244.0,2026-09-03T19:34:19.381668+00:00
2021-02-03,256.0,256.0,233.0,238.0,14943,238.0,2026-09-03T19:34:19.381668+00:00
2021-02-04,238.0,238.0,231.0,234.0,14520,234.0,2026-09-03T19:34:19.381668+00:00
2021-02-07,245.0,245.0,217.0,230.0,121231,230.0,2026-09-03T19:34:19.381668+00:00
2021-02-08,219.0,243.0,219.0,230.0,34482,230.0,2026-09-03T19:34:19.381668+00:00
2021-02-09,234.0,236.0,226.0,232.0,26645,232.0,2026-09-03T19:34:19.381668+00:00
2021-02-10,236.0,249.0,228.0,247.0,81992,247.0,2026-09-03T19:34:19.381668+00:00
2021-02-11,259.0,259.0,235.0,236.0,51209,236.0,2026-09-03T19:34:19.381668+00:00
2021-02-14,232.0,234.0,229.0,234.0,8815,234.0,2026-09-03T19:34:19.381668+00:00
2021-02-15,236.0,236.0,230.0,235.0,11813,235.0,2026-09-03T19:34:19.381668+00:00
2021-02-16,231.0,233.0,229.0,231.0,36097,231.0,2026-09-03T19:34:19.381668+00:00
2021-02-17,229.0,236.0,229.0,231.0,11219,231.0,2026-09-03T19:34:19.381668+00:00
2021-02-18,240.0,240.0,228.0,232.0,18552,232.0,2026-09-03T19:34:19.381668+00:00
2021-02-21,232.0,235.0,229.0,230.0,11431,230.0,2026-09-03T19:34:19.381668+00:00
2021-02-22,228.0,231.0,227.0,229.0,6627,229.0,2026-09-03T19:34:19.381668+00:00
2021-02-23,240.0,240.0,215.0,224.0,10074,224.0,2026-09-03T19:34:19.381668+00:00
2021-02-24,225.0,230.0,224.0,225.0,18006,225.0,2026-09-03T19:34:19.381668+00:00
2021-02-25,229.0,230.0,222.0,225.0,13210,225.0,2026-09-03T19:34:19.381668+00:00
2021-02-28,221.0,222.0,218.0,221.0,11214,221.0,2026-09-03T19:34:19.381668+00:00
2021-03-01,221.0,227.0,219.0,225.0,8647,225.0,2026-09-03T19:34:19.381668+00:00
2021-03-02,229.0,230.0,219.0,219.0,11815,219.0,2026-09-03T19:34:19.381668+00:00
2021-03-03,217.0,223.0,210.0,215.0,39790,215.0,2026-09-03T19:34:19.381668+00:00
2021-03-04,219.0,231.0,218.0,223.0,25523,223.0,2026-09-03T19:34:19.381668+00:00
2021-03-07,234.0,245.0,232.0,233.0,237947,233.0,2026-09-03T19:34:19.381668+00:00
2021-03-09,244.0,244.0,227.0,227.0,63261,227.0,2026-09-03T19:34:19.381668+00:00
2021-03-10,231.0,235.0,228.0,231.0,30350,231.0,2026-09-03T19:34:19.381668+00:00
2021-03-14,235.0,238.0,225.0,227.0,20743,227.0,2026-09-03T19:34:19.381668+00:00
2021-03-15,230.0,235.0,225.0,226.0,6530,226.0,2026-09-03T19:34:19.381668+00:00
2021-03-16,230.0,230.0,222.0,226.0,9681,226.0,2026-09-03T19:34:19.381668+00:00
2021-03-17,225.0,231.0,225.0,230.0,11039,230.0,2026-09-03T19:34:19.381668+00:00
2021-03-18,230.0,234.0,228.0,229.0,12926,229.0,2026-09-03T19:34:19.381668+00:00
2021-03-21,218.0,242.0,218.0,233.0,54548,233.0,2026-09-03T19:34:19.381668+00:00
2021-03-22,237.0,237.0,230.0,230.0,14574,230.0,2026-09-03T19:34:19.381668+00:00
2021-03-23,229.0,232.0,228.0,228.0,21842,228.0,2026-09-03T19:34:19.381668+00:00
2021-03-24,232.0,238.0,232.0,236.0,51927,236.0,2026-09-03T19:34:19.381668+00:00
2021-03-25,238.0,245.0,232.0,241.0,85962,241.0,2026-09-03T19:34:19.381668+00:00
2021-03-29,245.0,245.0,236.0,239.0,21312,239.0,2026-09-03T19:34:19.381668+00:00
2021-03-30,239.0,242.0,237.0,237.0,12205,237.0,2026-09-03T19:34:19.381668+00:00
2021-03-31,240.0,242.0,237.0,237.0,18214,237.0,2026-09-03T19:34:19.381668+00:00
2021-04-01,241.0,243.0,239.0,240.0,30532,240.0,2026-09-03T19:34:19.381668+00:00
2021-04-04,241.0,252.0,237.0,249.0,84331,249.0,2026-09-03T19:34:19.381668+00:00
2021-04-05,261.0,261.0,248.0,254.0,72231,254.0,2026-09-03T19:34:19.381668+00:00
2021-04-06,254.0,256.0,250.0,254.0,31772,254.0,2026-09-03T19:34:19.381668+00:00
2021-04-07,266.0,279.0,256.0,279.0,288934,279.0,2026-09-03T19:34:19.381668+00:00
2021-04-08,292.0,306.0,285.0,306.0,312540,306.0,2026-09-03T19:34:19.381668+00:00
2021-04-12,315.0,315.0,286.0,296.0,114447,296.0,2026-09-03T19:34:19.381668+00:00
2021-04-13,300.0,300.0,285.0,293.0,82397,293.0,2026-09-03T19:34:19.381668+00:00
2021-04-15,300.0,302.0,285.0,292.0,58294,292.0,2026-09-03T19:34:19.381668+00:00
2021-04-18,292.0,300.0,289.0,289.0,56000,289.0,2026-09-03T19:34:19.381668+00:00
2021-04-19,289.0,293.0,285.0,286.0,34698,286.0,2026-09-03T19:34:19.381668+00:00
2021-04-20,300.0,300.0,282.0,285.0,37265,285.0,2026-09-03T19:34:19.381668+00:00
2021-04-21,271.0,292.0,271.0,284.0,92634,284.0,2026-09-03T19:34:19.381668+00:00
2021-04-22,294.0,294.0,282.0,288.0,159369,288.0,2026-09-03T19:34:19.381668+00:00
2021-04-25,262.0,269.0,246.0,248.0,38770,248.0,2026-09-03T19:34:19.381668+00:00
2021-04-26,244.0,244.0,224.0,228.0,39161,228.0,2026-09-03T19:34:19.381668+00:00
2021-04-27,228.0,243.0,227.0,242.0,26306,242.0,2026-09-03T19:34:19.381668+00:00
2021-04-28,246.0,246.0,238.0,241.0,14739,241.0,2026-09-03T19:34:19.381668+00:00
2021-04-29,241.0,247.0,238.0,245.0,19814,245.0,2026-09-03T19:34:19.381668+00:00
2021-05-02,245.0,252.0,245.0,247.0,17269,247.0,2026-09-03T19:34:19.381668+00:00
2021-05-03,250.0,261.0,248.0,249.0,18364,249.0,2026-09-03T19:34:19.381668+00:00
2021-05-04,253.0,255.0,242.0,246.0,13485,246.0,2026-09-03T19:34:19.381668+00:00
2021-05-05,248.0,248.0,242.0,245.0,10949,245.0,2026-09-03T19:34:19.381668+00:00
2021-05-06,249.0,250.0,240.0,243.0,13625,243.0,2026-09-03T19:34:19.381668+00:00
2021-05-09,240.0,241.0,238.0,239.0,11650,239.0,2026-09-03T19:34:19.381668+00:00
2021-05-10,237.0,242.0,236.0,239.0,10300,239.0,2026-09-03T19:34:19.381668+00:00
2021-05-11,240.0,246.0,240.0,245.0,13512,245.0,2026-09-03T19:34:19.381668+00:00
2021-05-12,243.0,257.0,243.0,253.0,33354,253.0,2026-09-03T19:34:19.381668+00:00
2021-05-13,256.0,278.0,255.0,274.0,97693,274.0,2026-09-03T19:34:19.381668+00:00
2021-05-16,280.0,295.0,273.0,273.0,84395,273.0,2026-09-03T19:34:19.381668+00:00
2021-05-17,273.0,277.0,267.0,273.0,52844,273.0,2026-09-03T19:34:19.381668+00:00
2021-05-18,286.0,300.0,273.0,297.0,249718,297.0,2026-09-03T19:34:19.381668+00:00
2021-05-19,297.0,318.0,277.0,284.0,80056,284.0,2026-09-03T19:34:19.381668+00:00
2021-05-20,285.0,308.0,283.0,305.0,208762,305.0,2026-09-03T19:34:19.381668+00:00
2021-05-23,300.0,331.0,290.0,330.0,329998,330.0,2026-09-03T19:34:19.381668+00:00
2021-05-24,335.0,347.0,318.0,325.0,226978,325.0,2026-09-03T19:34:19.381668+00:00
2021-05-25,330.0,335.0,314.0,331.0,178065,331.0,2026-09-03T19:34:19.381668+00:00
2021-05-27,330.0,352.0,310.0,344.0,202323,344.0,2026-09-03T19:34:19.381668+00:00
2021-05-30,345.0,378.0,345.0,375.0,261522,375.0,2026-09-03T19:34:19.381668+00:00
2021-05-31,382.0,394.0,368.0,370.0,225604,370.0,2026-09-03T19:34:19.381668+00:00
2021-06-01,370.0,388.0,364.0,373.0,165845,373.0,2026-09-03T19:34:19.381668+00:00
2021-06-02,391.0,410.0,364.0,408.0,259325,408.0,2026-09-03T19:34:19.381668+00:00
2021-06-03,428.0,430.0,394.0,402.0,299272,402.0,2026-09-03T19:34:19.381668+00:00
2021-06-06,402.0,419.0,395.0,418.0,231847,418.0,2026-09-03T19:34:19.381668+00:00
2021-06-07,418.0,459.0,418.0,459.0,460065,459.0,2026-09-03T19:34:19.381668+00:00
2021-06-08,471.0,504.0,469.0,504.0,212064,504.0,2026-09-03T19:34:19.381668+00:00
2021-06-09,504.0,518.0,469.0,481.0,298889,481.0,2026-09-03T19:34:19.381668+00:00
2021-06-10,485.0,515.0,467.0,511.0,308797,511.0,2026-09-03T19:34:19.381668+00:00
2021-06-13,520.0,562.0,504.0,562.0,364789,562.0,2026-09-03T19:34:19.381668+00:00
2021-06-14,590.0,590.0,548.0,556.0,282488,556.0,2026-09-03T19:34:19.381668+00:00
2021-06-15,529.0,570.0,521.0,539.0,285816,539.0,2026-09-03T19:34:19.381668+00:00
2021-06-16,539.0,540.0,490.0,510.0,224762,510.0,2026-09-03T19:34:19.381668+00:00
2021-06-17,510.0,539.0,490.0,524.0,163993,524.0,2026-09-03T19:34:19.381668+00:00
2021-06-20,535.0,535.0,487.0,499.0,119774,499.0,2026-09-03T19:34:19.381668+00:00
2021-06-21,499.0,507.0,466.0,466.0,156371,466.0,2026-09-03T19:34:19.381668+00:00
2021-06-22,450.0,510.0,450.0,508.0,128349,508.0,2026-09-03T19:34:19.381668+00:00
2021-06-23,512.0,522.0,477.0,488.0,78132,488.0,2026-09-03T19:34:19.381668+00:00
2021-06-24,480.0,492.0,468.0,478.0,82560,478.0,2026-09-03T19:34:19.381668+00:00
2021-06-27,480.0,486.0,459.0,462.0,41162,462.0,2026-09-03T19:34:19.381668+00:00
2021-06-28,471.0,471.0,439.0,439.0,75532,439.0,2026-09-03T19:34:19.381668+00:00
2021-06-29,439.0,453.0,422.0,432.0,181443,432.0,2026-09-03T19:34:19.381668+00:00
2021-06-30,440.0,463.0,420.0,458.0,99230,458.0,2026-09-03T19:34:19.381668+00:00
2021-07-01,480.0,493.0,456.0,487.0,172746,487.0,2026-09-03T19:34:19.381668+00:00
2021-07-04,487.0,490.0,465.0,468.0,66780,468.0,2026-09-03T19:34:19.381668+00:00
2021-07-05,459.0,480.0,452.0,453.0,52474,453.0,2026-09-03T19:34:19.381668+00:00
2021-07-06,462.0,474.0,454.0,460.0,66897,460.0,2026-09-03T19:34:19.381668+00:00
2021-07-07,483.0,483.0,450.0,462.0,30317,462.0,2026-09-03T19:34:19.381668+00:00
2021-07-08,439.0,477.0,439.0,470.0,49151,470.0,2026-09-03T19:34:19.381668+00:00
2021-07-11,478.0,516.0,477.0,516.0,156768,516.0,2026-09-03T19:34:19.381668+00:00
2021-07-12,541.0,541.0,481.0,498.0,205784,498.0,2026-09-03T19:34:19.381668+00:00
2021-07-13,522.0,537.0,501.0,527.0,231852,527.0,2026-09-03T19:34:19.381668+00:00
2021-07-14,520.0,536.0,515.0,530.0,96476,530.0,2026-09-03T19:34:19.381668+00:00
2021-07-15,540.0,548.0,515.0,532.0,139324,532.0,2026-09-03T19:34:19.381668+00:00
2021-07-18,532.0,550.0,532.0,544.0,155694,544.0,2026-09-03T19:34:19.381668+00:00
2021-07-19,554.0,571.0,544.0,559.0,259674,559.0,2026-09-03T19:34:19.381668+00:00
2021-07-20,565.0,565.0,548.0,550.0,101474,550.0,2026-09-03T19:34:19.381668+00:00
2021-07-22,550.0,561.0,542.0,548.0,99407,548.0,2026-09-03T19:34:19.381668+00:00
2021-07-25,555.0,562.0,542.0,545.0,132507,545.0,2026-09-03T19:34:19.381668+00:00
2021-07-26,548.0,555.0,535.0,535.0,87269,535.0,2026-09-03T19:34:19.381668+00:00
2021-07-27,524.3,588.0,524.3,585.0,223904,585.0,2026-09-03T19:34:19.381668+00:00
2021-07-28,596.0,615.0,588.0,599.0,181488,599.0,2026-09-03T19:34:19.381668+00:00
2021-07-29,600.0,611.8,590.0,601.0,183255,601.0,2026-09-03T19:34:19.381668+00:00
2021-08-01,601.0,602.0,584.5,590.0,113489,590.0,2026-09-03T19:34:19.381668+00:00
2021-08-02,593.0,601.0,585.0,586.0,87785,586.0,2026-09-03T19:34:19.381668+00:00
2021-08-03,585.0,588.0,570.0,580.0,51795,580.0,2026-09-03T19:34:19.381668+00:00
2021-08-04,582.0,621.0,582.0,605.1,178926,605.1,2026-09-03T19:34:19.381668+00:00
2021-08-05,615.0,634.5,605.0,610.0,156899,610.0,2026-09-03T19:34:19.381668+00:00
2021-08-08,622.2,622.2,600.0,604.0,99717,604.0,2026-09-03T19:34:19.381668+00:00
2021-08-09,610.0,639.0,590.0,639.0,234221,639.0,2026-09-03T19:34:19.381668+00:00
2021-08-10,645.0,700.0,645.0,688.0,282456,688.0,2026-09-03T19:34:19.381668+00:00
2021-08-11,701.0,701.0,659.0,669.0,220234,669.0,2026-09-03T19:34:19.381668+00:00
2021-08-12,669.0,700.0,642.6,675.0,208349,675.0,2026-09-03T19:34:19.381668+00:00
2021-08-15,680.0,680.0,607.5,634.5,240195,634.5,2026-09-03T19:34:19.381668+00:00
2021-08-16,640.0,645.0,610.0,629.0,189798,629.0,2026-09-03T19:34:19.381668+00:00
2021-08-17,630.0,680.0,630.0,669.0,168166,669.0,2026-09-03T19:34:19.381668+00:00
2021-08-18,682.0,735.9,680.0,712.5,325118,712.5,2026-09-03T19:34:19.381668+00:00
2021-08-19,720.0,743.0,686.0,693.0,237949,693.0,2026-09-03T19:34:19.381668+00:00
2021-08-24,706.0,731.3,678.0,708.0,267333,708.0,2026-09-03T19:34:19.381668+00:00
2021-08-25,719.0,720.1,680.0,690.0,154799,690.0,2026-09-03T19:34:19.381668+00:00
2021-08-26,700.0,759.0,686.0,753.0,374485,753.0,2026-09-03T19:34:19.381668+00:00
2021-08-29,768.0,814.0,754.0,777.0,329899,777.0,2026-09-03T19:34:19.381668+00:00
2021-08-31,777.0,777.0,736.0,743.0,294975,743.0,2026-09-03T19:34:19.381668+00:00
2021-09-01,750.2,763.0,725.3,727.0,149438,727.0,2026-09-03T19:34:19.381668+00:00
2021-09-02,722.0,744.6,689.1,700.0,141747,700.0,2026-09-03T19:34:19.381668+00:00
2021-09-05,686.0,686.0,630.0,630.0,214217,630.0,2026-09-03T19:34:19.381668+00:00
2021-09-06,630.0,693.0,613.0,693.0,112048,693.0,2026-09-03T19:34:19.381668+00:00
2021-09-07,706.0,719.0,670.0,677.0,102044,677.0,2026-09-03T19:34:19.381668+00:00
2021-09-08,677.0,677.0,655.0,657.0,56008,657.0,2026-09-03T19:34:19.381668+00:00
2021-09-09,650.0,675.0,645.0,655.0,87009,655.0,2026-09-03T19:34:19.381668+00:00
2021-09-12,666.0,698.0,660.0,684.0,89873,684.0,2026-09-03T19:34:19.381668+00:00
2021-09-13,697.0,715.0,686.1,693.9,121419,693.9,2026-09-03T19:34:19.381668+00:00
2021-09-14,698.0,703.0,676.0,679.0,69615,679.0,2026-09-03T19:34:19.381668+00:00
2021-09-15,692.0,692.0,660.0,664.1,58423,664.1,2026-09-03T19:34:19.381668+00:00
2021-09-16,660.0,663.0,618.0,632.0,137007,632.0,2026-09-03T19:34:19.381668+00:00
2021-09-20,620.0,625.0,569.0,570.0,112055,570.0,2026-09-03T19:34:19.381668+00:00
2021-09-21,569.0,627.0,530.0,570.0,83088,570.0,2026-09-03T19:34:19.381668+00:00
2021-09-22,581.4,627.0,581.4,627.0,88123,627.0,2026-09-03T19:34:19.381668+00:00
2021-09-23,639.5,657.0,620.0,621.0,57351,621.0,2026-09-03T19:34:19.381668+00:00
2021-09-26,622.0,622.0,581.0,581.0,50468,581.0,2026-09-03T19:34:19.381668+00:00
2021-09-27,578.0,581.1,531.0,549.0,62713,549.0,2026-09-03T19:34:19.381668+00:00
2021-09-28,550.0,571.0,499.1,503.0,85031,503.0,2026-09-03T19:34:19.381668+00:00
2021-09-29,503.0,549.0,491.0,545.0,75025,545.0,2026-09-03T19:34:19.381668+00:00
2021-09-30,555.0,560.0,514.8,520.0,31818,520.0,2026-09-03T19:34:19.381668+00:00
2021-10-03,520.0,520.0,487.1,489.0,45164,489.0,2026-09-03T19:34:19.381668+00:00
2021-10-04,481.0,498.7,472.0,477.0,44181,477.0,2026-09-03T19:34:19.381668+00:00
2021-10-05,486.0,507.0,481.0,500.0,41059,500.0,2026-09-03T19:34:19.381668+00:00
2021-10-06,510.0,542.0,504.0,531.0,45171,531.0,2026-09-03T19:34:19.381668+00:00
2021-10-10,541.6,555.0,527.0,527.0,48101,527.0,2026-09-03T19:34:19.381668+00:00
2021-10-11,527.0,527.0,507.0,518.0,17686,518.0,2026-09-03T19:34:19.381668+00:00
2021-10-17,525.0,533.0,510.0,525.5,8406,525.5,2026-09-03T19:34:19.381668+00:00
2021-10-18,515.0,515.0,490.0,496.0,42647,496.0,2026-09-03T19:34:19.381668+00:00
2021-10-19,494.9,495.8,452.0,462.0,41013,462.0,2026-09-03T19:34:19.381668+00:00
2021-10-20,471.2,500.0,465.1,491.0,42040,491.0,2026-09-03T19:34:19.381668+00:00
2021-10-21,500.0,500.0,471.8,476.6,16862,476.6,2026-09-03T19:34:19.381668+00:00
2021-10-24,480.0,522.0,480.0,519.0,65905,519.0,2026-09-03T19:34:19.381668+00:00
2021-10-25,520.0,570.0,519.0,558.0,64761,558.0,2026-09-03T19:34:19.381668+00:00
2021-10-26,558.0,593.0,550.0,579.0,78708,579.0,2026-09-03T19:34:19.381668+00:00
2021-10-27,579.0,606.9,549.0,580.0,88319,580.0,2026-09-03T19:34:19.381668+00:00
2021-10-28,570.0,592.0,558.0,585.0,46655,585.0,2026-09-03T19:34:19.381668+00:00
2021-10-31,595.0,614.0,580.0,612.9,86021,612.9,2026-09-03T19:34:19.381668+00:00
2021-11-01,622.0,630.0,586.0,599.0,65432,599.0,2026-09-03T19:34:19.381668+00:00
2021-11-02,599.0,614.0,581.0,602.0,57873,602.0,2026-09-03T19:34:19.381668+00:00
2021-11-03,614.0,616.5,600.0,604.0,31763,604.0,2026-09-03T19:34:19.381668+00:00
2021-11-08,616.0,620.0,594.0,596.0,27135,596.0,2026-09-03T19:34:19.381668+00:00
2021-11-09,596.0,607.9,546.0,558.0,78484,558.0,2026-09-03T19:34:19.381668+00:00
2021-11-11,550.0,572.0,530.0,542.0,47103,542.0,2026-09-03T19:34:19.381668+00:00
2021-11-14,542.0,570.0,540.0,555.0,43467,555.0,2026-09-03T19:34:19.381668+00:00
2021-11-15,566.1,583.4,559.0,564.0,84658,564.0,2026-09-03T19:34:19.381668+00:00
2021-11-16,575.0,586.0,564.0,585.0,41697,585.0,2026-09-03T19:34:19.381668+00:00
2021-11-17,596.7,634.0,588.0,621.1,157101,621.1,2026-09-03T19:34:19.381668+00:00
2021-11-18,633.5,633.5,606.0,611.0,95221,611.0,2026-09-03T19:34:19.381668+00:00
2021-11-21,623.2,623.2,599.1,614.0,45471,614.0,2026-09-03T19:34:19.381668+00:00
2021-11-22,620.0,620.0,595.0,595.2,34590,595.2,2026-09-03T19:34:19.381668+00:00
2021-11-23,585.0,600.0,570.0,578.0,57410,578.0,2026-09-03T19:34:19.381668+00:00
2021-11-24,589.5,600.0,563.5,587.0,51122,587.0,2026-09-03T19:34:19.381668+00:00
2021-11-25,590.0,599.0,585.0,586.0,31627,586.0,2026-09-03T19:34:19.381668+00:00
2021-11-28,575.0,584.9,554.1,554.1,46508,554.1,2026-09-03T19:34:19.381668+00:00
2021-11-29,565.0,580.0,548.0,555.0,40570,555.0,2026-09-03T19:34:19.381668+00:00
2021-11-30,544.0,571.0,544.0,555.0,71046,555.0,2026-09-03T19:34:19.381668+00:00
2021-12-01,566.0,573.0,552.0,560.0,31413,560.0,2026-09-03T19:34:19.381668+00:00
2021-12-02,555.0,557.0,529.0,530.1,44401,530.1,2026-09-03T19:34:19.381668+00:00
2021-12-05,520.0,535.0,511.1,515.6,43215,515.6,2026-09-03T19:34:19.381668+00:00
2021-12-06,514.9,530.0,488.0,530.0,63162,530.0,2026-09-03T19:34:19.381668+00:00
2021-12-07,540.0,540.6,500.0,500.0,71183,500.0,2026-09-03T19:34:19.381668+00:00
2021-12-08,505.0,515.0,476.0,479.0,61539,479.0,2026-09-03T19:34:19.381668+00:00
2021-12-09,479.0,500.0,461.0,475.0,36029,475.0,2026-09-03T19:34:19.381668+00:00
2021-12-12,476.0,480.0,441.0,445.0,38358,445.0,2026-09-03T19:34:19.381668+00:00
2021-12-13,437.0,445.7,411.0,418.0,47766,418.0,2026-09-03T19:34:19.381668+00:00
2021-12-14,422.0,452.0,420.0,451.0,28537,451.0,2026-09-03T19:34:19.381668+00:00
2021-12-15,460.0,489.9,436.0,468.0,61699,468.0,2026-09-03T19:34:19.381668+00:00
2021-12-16,470.0,470.0,440.0,446.0,33495,446.0,2026-09-03T19:34:19.381668+00:00
2021-12-20,454.9,465.9,445.0,454.0,38041,454.0,2026-09-03T19:34:19.381668+00:00
2021-12-21,463.0,490.6,453.0,490.0,51400,490.0,2026-09-03T19:34:19.381668+00:00
2021-12-22,498.0,518.1,492.0,514.0,53299,514.0,2026-09-03T19:34:19.381668+00:00
2021-12-23,520.0,525.0,500.0,502.0,53424,502.0,2026-09-03T19:34:19.381668+00:00
2021-12-26,505.0,511.9,495.1,496.0,30056,496.0,2026-09-03T19:34:19.381668+00:00
2021-12-27,505.0,508.0,469.0,472.0,53042,472.0,2026-09-03T19:34:19.381668+00:00
2021-12-28,470.0,491.0,460.0,475.0,42363,475.0,2026-09-03T19:34:19.381668+00:00
2021-12-29,475.0,488.0,475.0,482.0,21575,482.0,2026-09-03T19:34:19.381668+00:00
2022-01-02,487.0,500.0,485.0,494.0,29529,494.0,2026-09-03T19:34:19.381668+00:00
2022-01-03,503.0,525.0,499.8,520.0,122465,520.0,2026-09-03T19:34:19.381668+00:00
2022-01-04,461.2,477.0,455.0,474.8,50623,474.8,2026-09-03T19:34:19.381668+00:00
2022-01-05,480.0,488.9,461.0,474.0,36927,474.0,2026-09-03T19:34:19.381668+00:00
2022-01-06,464.6,484.0,460.0,476.0,33583,476.0,2026-09-03T19:34:19.381668+00:00
2022-01-09,485.5,506.0,478.0,496.0,65647,496.0,2026-09-03T19:34:19.381668+00:00
2022-01-10,505.8,519.0,495.8,513.0,73347,513.0,2026-09-03T19:34:19.381668+00:00
2022-01-11,514.0,555.0,511.0,547.0,137262,547.0,2026-09-03T19:34:19.381668+00:00
2022-01-12,557.9,570.0,526.0,532.0,170527,532.0,2026-09-03T19:34:19.381668+00:00
2022-01-13,530.0,574.0,530.0,552.0,52665,552.0,2026-09-03T19:34:19.381668+00:00
2022-01-16,563.0,573.0,557.0,564.0,61760,564.0,2026-09-03T19:34:19.381668+00:00
2022-01-17,564.0,568.1,543.0,560.9,59256,560.9,2026-09-03T19:34:19.381668+00:00
2022-01-18,569.4,581.0,538.0,550.0,62782,550.0,2026-09-03T19:34:19.381668+00:00
2022-01-19,561.0,561.0,530.0,534.0,40204,534.0,2026-09-03T19:34:19.381668+00:00
2022-01-20,529.0,551.0,526.0,548.9,37397,548.9,2026-09-03T19:34:19.381668+00:00
2022-01-23,548.9,554.8,527.0,534.0,46017,534.0,2026-09-03T19:34:19.381668+00:00
2022-01-24,526.0,530.0,494.0,500.0,91822,500.0,2026-09-03T19:34:19.381668+00:00
2022-01-25,490.0,527.0,490.0,500.0,51482,500.0,2026-09-03T19:34:19.381668+00:00
2022-01-26,500.0,507.0,485.0,490.0,32569,490.0,2026-09-03T19:34:19.381668+00:00
2022-01-27,498.0,505.0,490.0,490.0,28977,490.0,2026-09-03T19:34:19.381668+00:00
2022-01-30,499.8,529.3,499.0,524.0,56958,524.0,2026-09-03T19:34:19.381668+00:00
2022-01-31,530.0,531.0,510.0,515.0,65523,515.0,2026-09-03T19:34:19.381668+00:00
2022-02-01,506.1,529.0,505.0,520.0,56747,520.0,2026-09-03T19:34:19.381668+00:00
2022-02-03,530.0,530.0,510.7,511.0,43329,511.0,2026-09-03T19:34:19.381668+00:00
2022-02-06,500.8,510.0,496.1,500.0,35135,500.0,2026-09-03T19:34:19.381668+00:00
2022-02-07,490.0,506.0,482.0,500.0,26330,500.0,2026-09-03T19:34:19.381668+00:00
2022-02-08,510.0,522.1,490.2,490.2,78378,490.2,2026-09-03T19:34:19.381668+00:00
2022-02-09,490.1,500.0,485.0,491.0,18784,491.0,2026-09-03T19:34:19.381668+00:00
2022-02-10,491.0,500.0,485.0,486.0,25131,486.0,2026-09-03T19:34:19.381668+00:00
2022-02-13,480.0,480.0,461.0,462.0,34925,462.0,2026-09-03T19:34:19.381668+00:00
2022-02-14,464.0,475.0,459.0,469.0,23115,469.0,2026-09-03T19:34:19.381668+00:00
2022-02-15,470.0,484.5,460.0,484.5,31086,484.5,2026-09-03T19:34:19.381668+00:00
2022-02-16,492.0,493.0,468.0,470.0,25129,470.0,2026-09-03T19:34:19.381668+00:00
2022-02-17,475.0,475.0,462.7,464.0,16400,464.0,2026-09-03T19:34:19.381668+00:00
2022-02-20,454.8,468.0,445.8,457.0,24591,457.0,2026-09-03T19:34:19.381668+00:00
2022-02-21,465.0,468.0,458.5,460.0,14853,460.0,2026-09-03T19:34:19.381668+00:00
2022-02-22,469.0,475.0,460.1,467.0,31293,467.0,2026-09-03T19:34:19.381668+00:00
2022-02-23,470.0,491.0,470.0,478.0,31226,478.0,2026-09-03T19:34:19.381668+00:00
2022-02-24,480.0,480.0,460.0,462.0,23916,462.0,2026-09-03T19:34:19.381668+00:00
2022-02-27,470.0,470.0,448.0,455.0,25436,455.0,2026-09-03T19:34:19.381668+00:00
2022-02-28,455.0,471.0,440.0,442.0,26344,442.0,2026-09-03T19:34:19.381668+00:00
2022-03-02,449.0,450.0,420.0,422.0,24992,422.0,2026-09-03T19:34:19.381668+00:00
2022-03-06,428.9,439.0,419.0,423.0,20133,423.0,2026-09-03T19:34:19.381668+00:00
2022-03-07,430.0,431.0,416.0,416.1,12670,416.1,2026-09-03T19:34:19.381668+00:00
2022-03-09,423.8,423.8,395.0,400.0,33878,400.0,2026-09-03T19:34:19.381668+00:00
2022-03-10,400.0,428.0,393.0,427.7,41485,427.7,2026-09-03T19:34:19.381668+00:00
2022-03-13,436.0,452.8,432.0,451.0,48068,451.0,2026-09-03T19:34:19.381668+00:00
2022-03-14,457.0,457.0,436.0,450.0,16106,450.0,2026-09-03T19:34:19.381668+00:00
2022-03-15,449.9,455.0,439.0,439.5,21574,439.5,2026-09-03T19:34:19.381668+00:00
2022-03-16,439.5,444.0,433.0,435.0,19443,435.0,2026-09-03T19:34:19.381668+00:00
2022-03-20,443.7,448.0,425.0,429.8,26157,429.8,2026-09-03T19:34:19.381668+00:00
2022-03-21,430.0,450.0,425.3,443.0,22876,443.0,2026-09-03T19:34:19.381668+00:00
2022-03-22,443.0,451.0,440.1,448.0,18375,448.0,2026-09-03T19:34:19.381668+00:00
2022-03-23,447.5,447.5,438.0,441.0,9724,441.0,2026-09-03T19:34:19.381668+00:00
2022-03-24,435.0,444.0,425.0,428.9,21099,428.9,2026-09-03T19:34:19.381668+00:00
2022-03-27,434.0,434.0,406.0,411.0,36938,411.0,2026-09-03T19:34:19.381668+00:00
2022-03-28,413.0,419.0,403.0,403.0,14241,403.0,2026-09-03T19:34:19.381668+00:00
2022-03-29,411.0,411.0,400.0,405.9,10353,405.9,2026-09-03T19:34:19.381668+00:00
2022-03-30,403.0,420.2,403.0,420.2,24953,420.2,2026-09-03T19:34:19.381668+00:00
2022-03-31,428.6,429.0,405.0,406.0,10778,406.0,2026-09-03T19:34:19.381668+00:00
2022-04-03,400.0,418.2,400.0,406.0,10785,406.0,2026-09-03T19:34:19.381668+00:00
2022-04-04,405.0,410.0,400.0,403.0,21339,403.0,2026-09-03T19:34:19.381668+00:00
2022-04-05,400.0,400.0,385.0,388.0,38037,388.0,2026-09-03T19:34:19.381668+00:00
2022-04-06,382.0,400.0,381.2,386.0,17588,386.0,2026-09-03T19:34:19.381668+00:00
2022-04-07,393.7,400.0,385.0,392.0,22329,392.0,2026-09-03T19:34:19.381668+00:00
2022-04-11,399.8,406.0,380.0,380.0,22369,380.0,2026-09-03T19:34:19.381668+00:00
2022-04-12,380.0,380.0,370.5,375.0,16257,375.0,2026-09-03T19:34:19.381668+00:00
2022-04-13,375.0,386.5,370.0,382.0,20521,382.0,2026-09-03T19:34:19.381668+00:00
2022-04-17,389.6,389.6,367.1,370.0,15809,370.0,2026-09-03T19:34:19.381668+00:00
2022-04-18,366.0,375.0,360.0,361.0,16114,361.0,2026-09-03T19:34:19.381668+00:00
2022-04-19,355.0,373.0,355.0,361.0,21663,361.0,2026-09-03T19:34:19.381668+00:00
2022-04-20,364.0,365.0,344.0,344.0,19732,344.0,2026-09-03T19:34:19.381668+00:00
2022-04-21,338.1,347.0,328.5,341.0,25422,341.0,2026-09-03T19:34:19.381668+00:00
2022-04-24,347.0,373.0,335.1,369.0,42689,369.0,2026-09-03T19:34:19.381668+00:00
2022-04-25,370.0,391.1,355.1,364.0,40067,364.0,2026-09-03T19:34:19.381668+00:00
2022-04-26,364.0,370.0,352.1,360.0,9931,360.0,2026-09-03T19:34:19.381668+00:00
2022-04-27,355.0,366.0,352.0,353.1,18493,353.1,2026-09-03T19:34:19.381668+00:00
2022-04-28,355.0,364.1,345.0,345.1,20375,345.1,2026-09-03T19:34:19.381668+00:00
2022-05-02,340.0,344.9,326.5,329.3,17058,329.3,2026-09-03T19:34:19.381668+00:00
2022-05-04,333.0,339.6,322.5,322.5,17314,322.5,2026-09-03T19:34:19.381668+00:00
2022-05-05,320.0,327.0,309.0,309.0,21812,309.0,2026-09-03T19:34:19.381668+00:00
2022-05-08,312.0,321.0,303.0,321.0,14042,321.0,2026-09-03T19:34:19.381668+00:00
2022-05-09,327.0,334.0,315.7,326.0,17125,326.0,2026-09-03T19:34:19.381668+00:00
2022-05-10,329.0,336.0,327.0,334.0,10860,334.0,2026-09-03T19:34:19.381668+00:00
2022-05-11,340.0,356.0,333.2,356.0,16762,356.0,2026-09-03T19:34:19.381668+00:00
2022-05-12,360.0,369.0,343.0,350.0,34863,350.0,2026-09-03T19:34:19.381668+00:00
2022-05-17,343.0,343.0,325.0,329.0,12474,329.0,2026-09-03T19:34:19.381668+00:00
2022-05-18,323.0,340.0,317.0,330.0,11460,330.0,2026-09-03T19:34:19.381668+00:00
2022-05-19,325.0,334.0,318.6,323.0,12770,323.0,2026-09-03T19:34:19.381668+00:00
2022-05-20,321.0,326.0,313.8,319.8,12081,319.8,2026-09-03T19:34:19.381668+00:00
2022-05-23,326.1,326.1,309.0,309.0,8592,309.0,2026-09-03T19:34:19.381668+00:00
2022-05-24,315.0,327.6,309.0,315.0,5831,315.0,2026-09-03T19:34:19.381668+00:00
2022-05-25,321.0,326.0,314.0,319.0,7316,319.0,2026-09-03T19:34:19.381668+00:00
2022-05-26,314.0,322.0,310.0,310.3,13001,310.3,2026-09-03T19:34:19.381668+00:00
2022-05-27,312.0,319.0,305.9,311.0,15065,311.0,2026-09-03T19:34:19.381668+00:00
2022-05-30,312.0,313.0,303.8,305.0,13789,305.0,2026-09-03T19:34:19.381668+00:00
2022-05-31,310.0,311.0,295.1,298.0,10867,298.0,2026-09-03T19:34:19.381668+00:00
2022-06-01,303.9,306.0,293.0,301.5,16484,301.5,2026-09-03T19:34:19.381668+00:00
2022-06-02,305.0,306.0,297.2,299.0,6567,299.0,2026-09-03T19:34:19.381668+00:00
2022-06-03,299.0,304.9,290.0,294.0,12960,294.0,2026-09-03T19:34:19.381668+00:00
2022-06-06,294.0,305.7,290.2,300.0,11225,300.0,2026-09-03T19:34:19.381668+00:00
2022-06-07,298.0,299.0,285.0,287.5,20333,287.5,2026-09-03T19:34:19.381668+00:00
2022-06-08,287.0,305.0,287.0,300.0,14889,300.0,2026-09-03T19:34:19.381668+00:00
2022-06-09,306.0,309.0,288.0,294.0,16688,294.0,2026-09-03T19:34:19.381668+00:00
2022-06-10,289.0,295.0,285.0,288.0,8688,288.0,2026-09-03T19:34:19.381668+00:00
2022-06-13,291.0,293.0,288.0,288.0,3922,288.0,2026-09-03T19:34:19.381668+00:00
2022-06-14,291.5,291.5,276.0,276.0,9044,276.0,2026-09-03T19:34:19.381668+00:00
2022-06-15,273.2,281.0,258.8,265.0,13752,265.0,2026-09-03T19:34:19.381668+00:00
2022-06-16,265.0,280.5,256.5,270.0,12600,270.0,2026-09-03T19:34:19.381668+00:00
2022-06-17,275.0,275.4,268.0,270.0,4287,270.0,2026-09-03T19:34:19.381668+00:00
2022-06-19,265.5,265.5,252.0,252.0,14554,252.0,2026-09-03T19:34:19.381668+00:00
2022-06-20,251.0,257.0,239.1,243.5,19602,243.5,2026-09-03T19:34:19.381668+00:00
2022-06-21,243.0,263.0,243.0,256.0,21555,256.0,2026-09-03T19:34:19.381668+00:00
2022-06-22,251.0,261.0,238.2,245.0,14716,245.0,2026-09-03T19:34:19.381668+00:00
2022-06-23,240.1,240.1,230.3,236.0,16761,236.0,2026-09-03T19:34:19.381668+00:00
2022-06-24,231.3,250.0,222.2,240.0,18368,240.0,2026-09-03T19:34:19.381668+00:00
2022-06-26,244.8,264.0,241.0,264.0,25610,264.0,2026-09-03T19:34:19.381668+00:00
2022-06-27,269.0,285.0,250.0,250.0,26546,250.0,2026-09-03T19:34:19.381668+00:00
2022-06-28,250.0,258.0,245.0,253.0,17899,253.0,2026-09-03T19:34:19.381668+00:00
2022-06-29,248.0,276.0,248.0,270.0,27632,270.0,2026-09-03T19:34:19.381668+00:00
2022-06-30,275.0,297.0,274.9,296.0,54435,296.0,2026-09-03T19:34:19.381668+00:00
2022-07-01,299.0,310.9,284.0,299.0,38279,299.0,2026-09-03T19:34:19.381668+00:00
2022-07-03,293.2,320.9,293.2,316.0,47907,316.0,2026-09-03T19:34:19.381668+00:00
2022-07-04,316.0,336.3,301.9,309.0,68410,309.0,2026-09-03T19:34:19.381668+00:00
2022-07-05,303.0,324.0,295.0,296.0,46665,296.0,2026-09-03T19:34:19.381668+00:00
2022-07-06,301.0,322.0,286.0,315.0,48083,315.0,2026-09-03T19:34:19.381668+00:00
2022-07-07,321.0,334.0,306.0,310.0,30518,310.0,2026-09-03T19:34:19.381668+00:00
2022-07-08,309.0,309.0,298.0,299.0,25772,299.0,2026-09-03T19:34:19.381668+00:00
2022-07-11,294.0,294.9,276.0,279.5,41436,279.5,2026-09-03T19:34:19.381668+00:00
2022-07-12,284.5,286.0,273.0,280.0,24974,280.0,2026-09-03T19:34:19.381668+00:00
2022-07-13,285.6,308.0,285.0,308.0,43976,308.0,2026-09-03T19:34:19.381668+00:00
2022-07-14,314.0,321.0,300.0,314.5,43639,314.5,2026-09-03T19:34:19.381668+00:00
2022-07-15,310.0,313.8,302.5,310.0,15515,310.0,2026-09-03T19:34:19.381668+00:00
2022-07-17,304.0,315.0,304.0,308.0,17317,308.0,2026-09-03T19:34:19.381668+00:00
2022-07-18,308.0,316.2,304.1,314.0,15231,314.0,2026-09-03T19:34:19.381668+00:00
2022-07-19,319.0,329.7,316.0,317.0,35481,317.0,2026-09-03T19:34:19.381668+00:00
2022-07-20,320.0,332.9,314.0,317.1,37041,317.1,2026-09-03T19:34:19.381668+00:00
2022-07-21,318.0,327.0,316.0,318.0,21665,318.0,2026-09-03T19:34:19.381668+00:00
2022-07-22,320.0,320.0,308.2,311.0,21208,311.0,2026-09-03T19:34:19.381668+00:00
2022-07-24,305.0,342.0,305.0,341.0,70771,341.0,2026-09-03T19:34:19.381668+00:00
2022-07-25,347.8,375.1,341.0,372.0,103611,372.0,2026-09-03T19:34:19.381668+00:00
2022-07-26,377.0,380.0,351.0,357.0,90312,357.0,2026-09-03T19:34:19.381668+00:00
2022-07-27,350.0,372.3,346.0,372.3,77720,372.3,2026-09-03T19:34:19.381668+00:00
2022-07-28,379.0,392.0,360.0,380.0,99853,380.0,2026-09-03T19:34:19.381668+00:00
2022-07-29,386.9,390.0,372.4,379.9,37389,379.9,2026-09-03T19:34:19.381668+00:00
2022-07-31,381.0,390.0,368.0,369.0,63823,369.0,2026-09-03T19:34:19.381668+00:00
2022-08-01,370.0,380.0,362.0,370.0,63673,370.0,2026-09-03T19:34:19.381668+00:00
2022-08-02,377.0,390.0,370.0,382.0,89240,382.0,2026-09-03T19:34:19.381668+00:00
2022-08-03,385.0,400.0,377.4,389.0,83212,389.0,2026-09-03T19:34:19.381668+00:00
2022-08-04,385.0,395.0,375.0,380.0,86884,380.0,2026-09-03T19:34:19.381668+00:00
2022-08-05,373.1,386.0,371.5,373.0,78508,373.0,2026-09-03T19:34:19.381668+00:00
2022-08-07,366.0,380.9,366.0,379.0,47623,379.0,2026-09-03T19:34:19.381668+00:00
2022-08-08,386.0,389.6,368.0,368.0,54754,368.0,2026-09-03T19:34:19.381668+00:00
2022-08-09,364.0,382.0,360.0,360.0,69629,360.0,2026-09-03T19:34:19.381668+00:00
2022-08-10,364.0,369.8,357.3,359.1,32944,359.1,2026-09-03T19:34:19.381668+00:00
2022-08-11,358.0,371.0,352.0,357.0,20545,357.0,2026-09-03T19:34:19.381668+00:00
2022-08-14,357.0,357.2,340.0,346.0,19393,346.0,2026-09-03T19:34:19.381668+00:00
2022-08-15,340.1,370.0,339.1,368.0,49571,368.0,2026-09-03T19:34:19.381668+00:00
2022-08-16,374.0,382.0,358.0,365.0,59501,365.0,2026-09-03T19:34:19.381668+00:00
2022-08-17,366.6,372.0,360.0,367.0,23518,367.0,2026-09-03T19:34:19.381668+00:00
2022-08-18,371.0,377.0,367.0,373.0,35295,373.0,2026-09-03T19:34:19.381668+00:00
2022-08-21,380.0,380.0,362.8,367.0,15368,367.0,2026-09-03T19:34:19.381668+00:00
2022-08-22,369.0,370.0,355.2,363.0,20761,363.0,2026-09-03T19:34:19.381668+00:00
2022-08-23,364.9,365.0,355.0,360.0,9975,360.0,2026-09-03T19:34:19.381668+00:00
2022-08-24,365.0,369.0,356.0,361.9,11278,361.9,2026-09-03T19:34:19.381668+00:00
2022-08-25,367.0,367.0,347.1,353.9,20979,353.9,2026-09-03T19:34:19.381668+00:00
2022-08-26,353.0,353.7,340.0,340.5,20411,340.5,2026-09-03T19:34:19.381668+00:00
2022-08-28,336.0,343.0,330.0,330.0,27332,330.0,2026-09-03T19:34:19.381668+00:00
2022-08-29,329.0,351.9,329.0,351.9,19118,351.9,2026-09-03T19:34:19.381668+00:00
2022-08-30,352.9,353.5,339.1,347.8,9835,347.8,2026-09-03T19:34:19.381668+00:00
2022-08-31,348.0,348.0,330.0,330.0,10041,330.0,2026-09-03T19:34:19.381668+00:00
2022-09-01,324.1,339.9,323.0,330.0,26582,330.0,2026-09-03T19:34:19.381668+00:00
2022-09-02,336.0,338.0,330.0,333.0,5625,333.0,2026-09-03T19:34:19.381668+00:00
2022-09-04,337.0,340.0,332.2,333.0,9598,333.0,2026-09-03T19:34:19.381668+00:00
2022-09-05,337.0,339.5,329.4,333.0,41677,333.0,2026-09-03T19:34:19.381668+00:00
2022-09-06,335.0,335.0,322.0,322.1,14762,322.1,2026-09-03T19:34:19.381668+00:00
2022-09-07,319.1,323.0,318.0,322.0,6655,322.0,2026-09-03T19:34:19.381668+00:00
2022-09-08,317.0,341.0,315.1,329.0,20189,329.0,2026-09-03T19:34:19.381668+00:00
2022-09-11,332.9,332.9,318.0,320.0,9862,320.0,2026-09-03T19:34:19.381668+00:00
2022-09-12,318.0,321.0,315.0,316.0,13140,316.0,2026-09-03T19:34:19.381668+00:00
2022-09-13,322.0,328.0,318.0,327.0,16710,327.0,2026-09-03T19:34:19.381668+00:00
2022-09-14,332.9,348.0,328.0,346.0,27249,346.0,2026-09-03T19:34:19.381668+00:00
2022-09-15,340.1,345.0,321.0,323.0,26585,323.0,2026-09-03T19:34:19.381668+00:00
2022-09-16,317.0,328.0,312.1,326.9,17072,326.9,2026-09-03T19:34:19.381668+00:00
2022-09-18,332.0,332.0,311.0,311.0,16655,311.0,2026-09-03T19:34:19.381668+00:00
2022-09-20,306.0,311.1,295.2,299.0,16720,299.0,2026-09-03T19:34:19.381668+00:00
2022-09-21,304.9,310.0,299.9,306.0,13191,306.0,2026-09-03T19:34:19.381668+00:00
2022-09-22,300.0,307.0,295.0,295.0,8165,295.0,2026-09-03T19:34:19.381668+00:00
2022-09-25,291.0,299.8,286.5,286.6,8650,286.6,2026-09-03T19:34:19.381668+00:00
2022-09-27,290.0,301.0,290.0,297.0,6453,297.0,2026-09-03T19:34:19.381668+00:00
2022-09-28,292.0,300.9,292.0,298.0,1512,298.0,2026-09-03T19:34:19.381668+00:00
2022-09-29,300.0,300.0,295.0,298.0,5470,298.0,2026-09-03T19:34:19.381668+00:00
2022-10-09,303.9,313.1,300.0,313.1,5651,313.1,2026-09-03T19:34:19.381668+00:00
2022-10-10,315.0,315.0,300.0,302.0,13070,302.0,2026-09-03T19:34:19.381668+00:00
2022-10-11,300.0,300.0,296.0,298.9,3967,298.9,2026-09-03T19:34:19.381668+00:00
2022-10-12,293.0,312.0,293.0,309.9,9885,309.9,2026-09-03T19:34:19.381668+00:00
2022-10-13,314.0,315.0,304.0,310.0,9391,310.0,2026-09-03T19:34:19.381668+00:00
2022-10-16,314.0,320.1,299.0,320.1,12377,320.1,2026-09-03T19:34:19.381668+00:00
2022-10-17,313.7,313.7,303.1,305.0,7061,305.0,2026-09-03T19:34:19.381668+00:00
2022-10-19,300.0,302.0,293.5,295.0,8882,295.0,2026-09-03T19:34:19.381668+00:00
2022-10-20,295.0,300.0,289.1,297.0,4132,297.0,2026-09-03T19:34:19.381668+00:00
2022-10-23,300.0,300.0,295.0,297.0,2788,297.0,2026-09-03T19:34:19.381668+00:00
2022-10-31,293.0,300.0,285.1,300.0,14267,300.0,2026-09-03T19:34:19.381668+00:00
2022-11-01,302.0,319.0,300.0,316.1,21587,316.1,2026-09-03T19:34:19.381668+00:00
2022-11-02,318.0,325.0,309.0,317.0,16808,317.0,2026-09-03T19:34:19.381668+00:00
2022-11-03,310.7,316.0,305.0,306.0,15777,306.0,2026-09-03T19:34:19.381668+00:00
2022-11-06,300.0,319.0,300.0,318.0,20717,318.0,2026-09-03T19:34:19.381668+00:00
2022-11-07,323.9,326.4,311.0,311.0,25843,311.0,2026-09-03T19:34:19.381668+00:00
2022-11-08,312.1,320.0,311.0,316.7,9894,316.7,2026-09-03T19:34:19.381668+00:00
2022-11-09,313.2,313.3,300.0,301.0,18044,301.0,2026-09-03T19:34:19.381668+00:00
2022-11-10,304.0,305.0,290.0,302.0,27355,302.0,2026-09-03T19:34:19.381668+00:00
2022-11-13,297.0,305.0,293.0,293.5,7424,293.5,2026-09-03T19:34:19.381668+00:00
2022-11-14,293.0,304.9,293.0,303.0,11080,303.0,2026-09-03T19:34:19.381668+00:00
2022-11-15,307.9,307.9,294.0,299.0,16230,299.0,2026-09-03T19:34:19.381668+00:00
2022-11-16,304.0,304.0,297.2,301.0,8000,301.0,2026-09-03T19:34:19.381668+00:00
2022-11-17,306.9,313.0,305.0,312.0,24325,312.0,2026-09-03T19:34:19.381668+00:00
2022-11-22,317.0,317.9,304.1,306.0,10632,306.0,2026-09-03T19:34:19.381668+00:00
2022-11-23,308.8,308.8,303.0,306.0,7364,306.0,2026-09-03T19:34:19.381668+00:00
2022-11-24,306.0,309.0,303.5,307.0,10431,307.0,2026-09-03T19:34:19.381668+00:00
2022-11-27,312.0,315.0,305.8,313.0,13171,313.0,2026-09-03T19:34:19.381668+00:00
2022-11-28,318.9,319.0,308.1,311.0,18490,311.0,2026-09-03T19:34:19.381668+00:00
2022-11-29,305.6,316.0,305.6,313.0,10782,313.0,2026-09-03T19:34:19.381668+00:00
2022-11-30,318.0,318.0,306.0,309.0,7170,309.0,2026-09-03T19:34:19.381668+00:00
2022-12-01,306.0,315.0,304.0,308.0,13903,308.0,2026-09-03T19:34:19.381668+00:00
2022-12-04,306.1,313.0,306.1,306.9,10721,306.9,2026-09-03T19:34:19.381668+00:00
2022-12-05,305.1,305.1,298.0,302.0,8069,302.0,2026-09-03T19:34:19.381668+00:00
2022-12-06,305.0,305.0,297.0,300.0,10038,300.0,2026-09-03T19:34:19.381668+00:00
2022-12-07,300.0,300.0,297.0,297.0,6007,297.0,2026-09-03T19:34:19.381668+00:00
2022-12-11,293.0,300.0,290.0,293.0,10648,293.0,2026-09-03T19:34:19.381668+00:00
2022-12-12,296.9,300.0,290.0,297.0,13744,297.0,2026-09-03T19:34:19.381668+00:00
2022-12-13,295.0,297.0,292.0,294.0,2040,294.0,2026-09-03T19:34:19.381668+00:00
2022-12-14,296.0,296.0,291.0,293.4,3315,293.4,2026-09-03T19:34:19.381668+00:00
2022-12-15,290.0,292.0,289.0,289.0,4001,289.0,2026-09-03T19:34:19.381668+00:00
2022-12-18,285.0,285.0,272.0,275.5,21250,275.5,2026-09-03T19:34:19.381668+00:00
2022-12-19,281.0,286.6,272.1,286.6,9843,286.6,2026-09-03T19:34:19.381668+00:00
2022-12-20,285.5,285.5,277.5,280.4,5547,280.4,2026-09-03T19:34:19.381668+00:00
2022-12-21,276.0,280.0,275.0,276.0,4582,276.0,2026-09-03T19:34:19.381668+00:00
2022-12-22,273.0,274.0,269.0,272.5,5432,272.5,2026-09-03T19:34:19.381668+00:00
2022-12-26,277.9,299.7,277.9,299.7,22176,299.7,2026-09-03T19:34:19.381668+00:00
2022-12-27,305.0,317.0,304.6,311.0,37615,311.0,2026-09-03T19:34:19.381668+00:00
2022-12-28,305.0,325.0,302.0,313.0,40348,313.0,2026-09-03T19:34:19.381668+00:00
2022-12-29,309.0,338.0,309.0,338.0,64437,338.0,2026-09-03T19:34:19.381668+00:00
2023-01-01,343.9,360.0,325.0,335.0,52668,335.0,2026-09-03T19:34:19.381668+00:00
2023-01-02,334.0,345.0,324.0,340.0,25385,340.0,2026-09-03T19:34:19.381668+00:00
2023-01-03,340.0,344.9,330.0,333.0,32280,333.0,2026-09-03T19:34:19.381668+00:00
2023-01-04,329.0,347.0,329.0,347.0,55378,347.0,2026-09-03T19:34:19.381668+00:00
2023-01-05,353.9,367.0,342.0,358.5,56728,358.5,2026-09-03T19:34:19.381668+00:00
2023-01-08,353.0,369.0,353.0,365.5,62087,365.5,2026-09-03T19:34:19.381668+00:00
2023-01-09,360.0,375.0,360.0,371.0,63870,371.0,2026-09-03T19:34:19.381668+00:00
2023-01-10,378.3,382.9,344.0,354.0,83661,354.0,2026-09-03T19:34:19.381668+00:00
2023-01-12,361.0,375.0,342.0,342.4,49554,342.4,2026-09-03T19:34:19.381668+00:00
2023-01-17,344.0,357.0,337.3,355.0,18862,355.0,2026-09-03T19:34:19.381668+00:00
2023-01-18,362.0,367.5,346.0,350.0,34160,350.0,2026-09-03T19:34:19.381668+00:00
2023-01-19,350.0,357.0,343.7,345.0,16292,345.0,2026-09-03T19:34:19.381668+00:00
2023-01-23,346.0,359.9,343.2,343.2,18988,343.2,2026-09-03T19:34:19.381668+00:00
2023-01-24,340.0,369.0,335.0,358.9,23242,358.9,2026-09-03T19:34:19.381668+00:00
2023-01-25,352.0,374.3,352.0,360.0,51049,360.0,2026-09-03T19:34:19.381668+00:00
2023-01-26,365.0,365.0,350.0,352.0,17081,352.0,2026-09-03T19:34:19.381668+00:00
2023-01-29,345.1,355.0,341.0,344.0,19550,344.0,2026-09-03T19:34:19.381668+00:00
2023-01-30,345.0,345.0,329.0,332.9,21780,332.9,2026-09-03T19:34:19.381668+00:00
2023-01-31,330.0,342.7,320.0,332.5,17278,332.5,2026-09-03T19:34:19.381668+00:00
2023-02-01,327.0,338.9,326.0,333.0,4138,333.0,2026-09-03T19:34:19.381668+00:00
2023-02-02,333.0,335.0,325.0,326.0,10759,326.0,2026-09-03T19:34:19.381668+00:00
2023-02-05,330.0,336.5,323.0,327.0,13382,327.0,2026-09-03T19:34:19.381668+00:00
2023-02-06,327.0,333.5,325.0,326.0,7621,326.0,2026-09-03T19:34:19.381668+00:00
2023-02-07,332.0,350.0,330.0,350.0,25256,350.0,2026-09-03T19:34:19.381668+00:00
2023-02-08,356.8,362.0,343.1,349.0,30114,349.0,2026-09-03T19:34:19.381668+00:00
2023-02-09,349.0,351.0,340.0,350.0,14321,350.0,2026-09-03T19:34:19.381668+00:00
2023-02-12,345.0,345.0,329.3,330.0,18309,330.0,2026-09-03T19:34:19.381668+00:00
2023-02-14,326.0,332.5,326.0,328.0,7535,328.0,2026-09-03T19:34:19.381668+00:00
2023-02-15,332.0,335.0,321.5,322.0,18954,322.0,2026-09-03T19:34:19.381668+00:00
2023-02-16,322.0,326.0,313.0,316.0,19590,316.0,2026-09-03T19:34:19.381668+00:00
2023-02-20,315.0,315.0,306.8,310.0,12159,310.0,2026-09-03T19:34:19.381668+00:00
2023-02-22,315.9,322.5,313.5,319.0,9971,319.0,2026-09-03T19:34:19.381668+00:00
2023-02-23,312.8,316.1,308.0,311.9,11804,311.9,2026-09-03T19:34:19.381668+00:00
2023-02-26,305.7,316.0,299.6,315.9,16664,315.9,2026-09-03T19:34:19.381668+00:00
2023-02-27,315.0,321.0,302.1,310.0,9651,310.0,2026-09-03T19:34:19.381668+00:00
2023-02-28,316.2,319.0,298.3,310.0,19122,310.0,2026-09-03T19:34:19.381668+00:00
2023-03-01,309.0,313.0,305.0,307.0,5310,307.0,2026-09-03T19:34:19.381668+00:00
2023-03-02,303.0,311.0,300.9,303.0,11274,303.0,2026-09-03T19:34:19.381668+00:00
2023-03-05,309.0,309.0,295.0,300.0,10673,300.0,2026-09-03T19:34:19.381668+00:00
2023-03-07,305.0,306.0,298.0,303.9,4047,303.9,2026-09-03T19:34:19.381668+00:00
2023-03-09,307.0,315.0,297.9,312.9,11720,312.9,2026-09-03T19:34:19.381668+00:00
2023-03-12,315.0,319.0,305.0,308.0,13494,308.0,2026-09-03T19:34:19.381668+00:00
2023-03-13,307.0,308.0,302.0,307.0,4193,307.0,2026-09-03T19:34:19.381668+00:00
2023-03-14,302.0,311.9,301.5,308.0,12404,308.0,2026-09-03T19:34:19.381668+00:00
2023-03-15,310.5,310.5,299.0,310.0,14723,310.0,2026-09-03T19:34:19.381668+00:00
2023-03-16,304.0,309.3,298.0,305.0,6488,305.0,2026-09-03T19:34:19.381668+00:00
2023-03-19,306.0,306.0,300.0,301.0,5627,301.0,2026-09-03T19:34:19.381668+00:00
2023-03-20,300.0,308.9,300.0,308.0,5658,308.0,2026-09-03T19:34:19.381668+00:00
2023-03-22,308.0,308.0,300.2,300.2,3082,300.2,2026-09-03T19:34:19.381668+00:00
2023-03-23,300.3,301.0,295.1,301.0,5818,301.0,2026-09-03T19:34:19.381668+00:00
2023-03-26,297.0,301.0,292.0,300.0,9445,300.0,2026-09-03T19:34:19.381668+00:00
2023-03-27,295.0,310.9,290.0,309.0,8701,309.0,2026-09-03T19:34:19.381668+00:00
2023-03-28,310.0,314.0,305.1,307.0,11082,307.0,2026-09-03T19:34:19.381668+00:00
2023-03-29,302.2,308.0,300.0,307.0,8172,307.0,2026-09-03T19:34:19.381668+00:00
2023-03-30,306.0,306.0,297.0,301.0,4823,301.0,2026-09-03T19:34:19.381668+00:00
2023-04-02,305.0,305.0,290.1,291.0,7230,291.0,2026-09-03T19:34:19.381668+00:00
2023-04-03,296.8,296.8,284.0,289.6,8402,289.6,2026-09-03T19:34:19.381668+00:00
2023-04-04,285.5,297.9,285.0,291.0,5005,291.0,2026-09-03T19:34:19.381668+00:00
2023-04-05,290.0,296.0,289.0,295.9,4510,295.9,2026-09-03T19:34:19.381668+00:00
2023-04-06,292.0,293.0,290.3,292.0,2912,292.0,2026-09-03T19:34:19.381668+00:00
2023-04-09,287.0,288.0,285.0,288.0,6242,288.0,2026-09-03T19:34:19.381668+00:00
2023-04-10,284.2,299.5,284.2,292.5,9110,292.5,2026-09-03T19:34:19.381668+00:00
2023-04-11,294.1,297.0,288.0,294.0,2808,294.0,2026-09-03T19:34:19.381668+00:00
2023-04-12,299.8,315.9,298.9,315.9,18310,315.9,2026-09-03T19:34:19.381668+00:00
2023-04-13,316.0,331.0,308.1,315.0,20180,315.0,2026-09-03T19:34:19.381668+00:00
2023-04-16,310.1,318.0,308.0,313.0,6497,313.0,2026-09-03T19:34:19.381668+00:00
2023-04-17,308.0,308.0,303.0,305.0,6134,305.0,2026-09-03T19:34:19.381668+00:00
2023-04-18,301.1,305.0,299.0,301.9,4728,301.9,2026-09-03T19:34:19.381668+00:00
2023-04-19,302.0,308.0,302.0,305.0,3567,305.0,2026-09-03T19:34:19.381668+00:00
2023-04-20,305.0,305.1,300.0,302.9,3891,302.9,2026-09-03T19:34:19.381668+00:00
2023-04-23,297.0,297.0,291.1,296.0,2415,296.0,2026-09-03T19:34:19.381668+00:00
2023-04-24,295.9,299.0,292.2,296.0,3120,296.0,2026-09-03T19:34:19.381668+00:00
2023-04-25,297.0,307.0,297.0,298.0,3019,298.0,2026-09-03T19:34:19.381668+00:00
2023-04-26,298.0,315.0,297.0,298.2,5733,298.2,2026-09-03T19:34:19.381668+00:00
2023-04-27,295.5,299.0,292.7,297.0,3999,297.0,2026-09-03T19:34:19.381668+00:00
2023-04-30,299.9,299.9,291.1,291.2,1798,291.2,2026-09-03T19:34:19.381668+00:00
2023-05-02,297.0,297.0,289.1,293.0,2293,293.0,2026-09-03T19:34:19.381668+00:00
2023-05-03,288.1,292.9,287.0,287.0,4516,287.0,2026-09-03T19:34:19.381668+00:00
2023-05-04,285.1,292.6,284.1,290.0,1863,290.0,2026-09-03T19:34:19.381668+00:00
2023-05-07,288.0,292.0,286.4,286.4,1972,286.4,2026-09-03T19:34:19.381668+00:00
2023-05-08,290.0,290.0,273.0,289.5,12463,289.5,2026-09-03T19:34:19.381668+00:00
2023-05-09,284.0,291.5,273.5,287.0,16516,287.0,2026-09-03T19:34:19.381668+00:00
2023-05-10,285.0,285.0,280.0,284.9,3944,284.9,2026-09-03T19:34:19.381668+00:00
2023-05-11,280.3,284.0,279.4,284.0,2280,284.0,2026-09-03T19:34:19.381668+00:00
2023-05-14,289.0,289.0,273.0,278.0,3314,278.0,2026-09-03T19:34:19.381668+00:00
2023-05-15,273.0,280.0,268.0,275.0,14403,275.0,2026-09-03T19:34:19.381668+00:00
2023-05-16,275.0,280.0,272.4,277.0,2020,277.0,2026-09-03T19:34:19.381668+00:00
2023-05-17,277.0,284.0,277.0,278.0,5419,278.0,2026-09-03T19:34:19.381668+00:00
2023-05-18,283.5,293.0,282.4,289.9,16277,289.9,2026-09-03T19:34:19.381668+00:00
2023-05-21,295.5,298.9,285.0,290.0,9385,290.0,2026-09-03T19:34:19.381668+00:00
2023-05-22,288.0,295.8,284.2,290.0,9761,290.0,2026-09-03T19:34:19.381668+00:00
2023-05-23,294.9,304.9,292.4,300.0,11622,300.0,2026-09-03T19:34:19.381668+00:00
2023-05-24,295.1,303.0,295.1,298.0,6754,298.0,2026-09-03T19:34:19.381668+00:00
2023-05-28,300.0,303.9,285.0,285.0,6610,285.0,2026-09-03T19:34:19.381668+00:00
2023-05-30,280.0,294.9,280.0,280.0,11417,280.0,2026-09-03T19:34:19.381668+00:00
2023-05-31,275.0,282.6,270.2,276.8,17835,276.8,2026-09-03T19:34:19.381668+00:00
2023-06-01,280.0,283.0,274.0,275.0,13805,275.0,2026-09-03T19:34:19.381668+00:00
2023-06-04,280.5,294.9,280.5,289.0,8037,289.0,2026-09-03T19:34:19.381668+00:00
2023-06-05,288.0,293.5,282.0,283.5,6069,283.5,2026-09-03T19:34:19.381668+00:00
2023-06-06,283.0,298.9,280.0,292.0,31761,292.0,2026-09-03T19:34:19.381668+00:00
2023-06-07,297.0,308.9,287.1,295.0,20391,295.0,2026-09-03T19:34:19.381668+00:00
2023-06-08,290.0,301.0,289.1,299.0,16915,299.0,2026-09-03T19:34:19.381668+00:00
2023-06-11,304.9,328.0,303.0,324.0,86810,324.0,2026-09-03T19:34:19.381668+00:00
2023-06-12,324.0,331.0,319.0,322.0,45436,322.0,2026-09-03T19:34:19.381668+00:00
2023-06-13,317.0,337.0,317.0,333.0,44217,333.0,2026-09-03T19:34:19.381668+00:00
2023-06-14,333.0,338.0,322.0,329.7,55663,329.7,2026-09-03T19:34:19.381668+00:00
2023-06-15,324.0,328.0,320.0,325.0,19686,325.0,2026-09-03T19:34:19.381668+00:00
2023-06-18,328.9,335.0,324.6,335.0,30204,335.0,2026-09-03T19:34:19.381668+00:00
2023-06-19,333.0,360.0,332.1,346.0,59732,346.0,2026-09-03T19:34:19.381668+00:00
2023-06-20,352.9,359.9,331.0,335.0,36773,335.0,2026-09-03T19:34:19.381668+00:00
2023-06-21,338.0,344.0,330.0,333.0,32838,333.0,2026-09-03T19:34:19.381668+00:00
2023-06-22,339.6,340.0,325.1,332.0,17170,332.0,2026-09-03T19:34:19.381668+00:00
2023-06-25,326.1,353.0,326.1,351.0,47367,351.0,2026-09-03T19:34:19.381668+00:00
2023-06-26,354.9,375.3,350.0,371.0,153260,371.0,2026-09-03T19:34:19.381668+00:00
2023-06-27,377.9,400.8,377.9,400.0,156906,400.0,2026-09-03T19:34:19.381668+00:00
2023-06-28,392.2,398.0,381.0,381.3,65146,381.3,2026-09-03T19:34:19.381668+00:00
2023-07-02,388.9,394.0,363.8,365.0,63333,365.0,2026-09-03T19:34:19.381668+00:00
2023-07-03,372.0,390.0,361.1,373.2,54405,373.2,2026-09-03T19:34:19.381668+00:00
2023-07-04,380.6,385.0,370.0,377.6,64325,377.6,2026-09-03T19:34:19.381668+00:00
2023-07-05,361.6,374.0,355.0,360.0,61189,360.0,2026-09-03T19:34:19.381668+00:00
2023-07-06,354.0,371.0,350.0,360.0,26099,360.0,2026-09-03T19:34:19.381668+00:00
2023-07-09,365.0,373.0,352.8,365.0,29816,365.0,2026-09-03T19:34:19.381668+00:00
2023-07-10,372.0,387.9,364.9,383.1,90429,383.1,2026-09-03T19:34:19.381668+00:00
2023-07-11,385.0,404.0,385.0,390.0,109395,390.0,2026-09-03T19:34:19.381668+00:00
2023-07-12,396.0,397.8,379.4,379.6,65190,379.6,2026-09-03T19:34:19.381668+00:00
2023-07-13,385.0,387.0,371.0,371.0,54182,371.0,2026-09-03T19:34:19.381668+00:00
2023-07-16,378.4,385.9,365.1,385.9,57533,385.9,2026-09-03T19:34:19.381668+00:00
2023-07-17,379.0,397.8,378.0,396.5,51459,396.5,2026-09-03T19:34:19.381668+00:00
2023-07-18,400.0,400.0,385.0,387.5,28255,387.5,2026-09-03T19:34:19.381668+00:00
2023-07-19,386.0,393.0,381.0,384.0,16908,384.0,2026-09-03T19:34:19.381668+00:00
2023-07-20,380.1,383.0,378.0,381.0,24851,381.0,2026-09-03T19:34:19.381668+00:00
2023-07-23,382.0,392.0,375.2,384.0,40425,384.0,2026-09-03T19:34:19.381668+00:00
2023-07-24,380.0,391.5,377.0,380.0,42987,380.0,2026-09-03T19:34:19.381668+00:00
2023-07-25,380.0,380.0,371.0,371.1,22310,371.1,2026-09-03T19:34:19.381668+00:00
2023-07-26,378.0,380.0,369.0,370.0,19010,370.0,2026-09-03T19:34:19.381668+00:00
2023-07-27,366.1,379.7,362.8,365.0,15491,365.0,2026-09-03T19:34:19.381668+00:00
2023-07-30,358.0,371.9,349.2,353.0,42885,353.0,2026-09-03T19:34:19.381668+00:00
2023-07-31,360.0,364.0,350.0,357.5,23323,357.5,2026-09-03T19:34:19.381668+00:00
2023-08-01,360.0,362.0,340.0,344.0,13064,344.0,2026-09-03T19:34:19.381668+00:00
2023-08-02,344.0,358.9,339.0,355.0,35236,355.0,2026-09-03T19:34:19.381668+00:00
2023-08-03,355.0,368.0,353.0,360.0,22381,360.0,2026-09-03T19:34:19.381668+00:00
2023-08-06,353.0,353.0,333.4,338.0,24450,338.0,2026-09-03T19:34:19.381668+00:00
2023-08-07,331.3,349.5,325.5,336.0,25936,336.0,2026-09-03T19:34:19.381668+00:00
2023-08-08,338.0,342.0,330.0,333.0,20330,333.0,2026-09-03T19:34:19.381668+00:00
2023-08-09,339.5,344.7,327.0,341.2,11074,341.2,2026-09-03T19:34:19.381668+00:00
2023-08-10,335.1,351.0,335.1,344.0,16023,344.0,2026-09-03T19:34:19.381668+00:00
2023-08-13,338.0,350.0,338.0,341.0,10859,341.0,2026-09-03T19:34:19.381668+00:00
2023-08-14,336.0,349.0,336.0,340.9,12838,340.9,2026-09-03T19:34:19.381668+00:00
2023-08-15,335.1,336.0,328.5,330.0,3505,330.0,2026-09-03T19:34:19.381668+00:00
2023-08-16,326.0,329.0,321.5,321.5,11137,321.5,2026-09-03T19:34:19.381668+00:00
2023-08-17,320.1,330.0,316.6,320.0,28479,320.0,2026-09-03T19:34:19.381668+00:00
2023-08-20,320.0,321.0,312.3,318.0,14742,318.0,2026-09-03T19:34:19.381668+00:00
2023-08-21,322.0,322.0,310.8,314.0,11937,314.0,2026-09-03T19:34:19.381668+00:00
2023-08-22,308.7,316.9,308.1,316.9,8921,316.9,2026-09-03T19:34:19.381668+00:00
2023-08-23,320.0,330.0,315.0,329.6,12716,329.6,2026-09-03T19:34:19.381668+00:00
2023-08-24,333.2,336.0,316.0,319.0,13965,319.0,2026-09-03T19:34:19.381668+00:00
2023-08-27,315.0,318.0,309.0,314.0,9630,314.0,2026-09-03T19:34:19.381668+00:00
2023-08-28,318.0,318.0,310.2,315.0,4200,315.0,2026-09-03T19:34:19.381668+00:00
2023-08-29,310.3,316.5,310.3,310.5,4597,310.5,2026-09-03T19:34:19.381668+00:00
2023-08-30,315.0,315.0,308.9,308.9,3928,308.9,2026-09-03T19:34:19.381668+00:00
2023-09-03,304.0,308.0,298.0,302.0,10260,302.0,2026-09-03T19:34:19.381668+00:00
2023-09-04,305.0,308.0,296.2,300.2,7927,300.2,2026-09-03T19:34:19.381668+00:00
2023-09-05,305.6,305.6,300.0,300.6,5903,300.6,2026-09-03T19:34:19.381668+00:00
2023-09-07,300.0,302.0,297.0,302.0,6235,302.0,2026-09-03T19:34:19.381668+00:00
2023-09-10,307.0,312.1,301.1,308.4,8065,308.4,2026-09-03T19:34:19.381668+00:00
2023-09-11,313.0,327.0,306.8,326.0,24280,326.0,2026-09-03T19:34:19.381668+00:00
2023-09-12,329.0,330.0,307.0,318.0,17748,318.0,2026-09-03T19:34:19.381668+00:00
2023-09-13,323.5,333.0,313.1,331.5,29999,331.5,2026-09-03T19:34:19.381668+00:00
2023-09-17,338.0,338.0,311.0,313.0,20712,313.0,2026-09-03T19:34:19.381668+00:00
2023-09-18,315.9,331.5,315.0,318.0,5470,318.0,2026-09-03T19:34:19.381668+00:00
2023-09-19,317.0,326.0,317.0,321.2,6598,321.2,2026-09-03T19:34:19.381668+00:00
2023-09-21,327.6,344.0,327.6,340.0,41437,340.0,2026-09-03T19:34:19.381668+00:00
2023-09-24,345.0,348.0,328.2,329.0,18965,329.0,2026-09-03T19:34:19.381668+00:00
2023-09-25,335.0,341.0,328.0,333.0,18465,333.0,2026-09-03T19:34:19.381668+00:00
2023-09-26,339.6,343.9,332.0,340.8,15358,340.8,2026-09-03T19:34:19.381668+00:00
2023-09-27,340.0,340.0,328.4,333.0,10054,333.0,2026-09-03T19:34:19.381668+00:00
2023-10-01,330.0,330.0,321.0,324.0,9256,324.0,2026-09-03T19:34:19.381668+00:00
2023-10-02,320.0,338.0,320.0,333.0,10396,333.0,2026-09-03T19:34:19.381668+00:00
2023-10-03,327.0,330.0,320.0,320.0,13050,320.0,2026-09-03T19:34:19.381668+00:00
2023-10-04,320.0,332.0,320.0,329.5,8489,329.5,2026-09-03T19:34:19.381668+00:00
2023-10-05,335.0,335.0,318.1,327.0,7631,327.0,2026-09-03T19:34:19.381668+00:00
2023-10-08,333.5,333.5,314.0,315.0,7102,315.0,2026-09-03T19:34:19.381668+00:00
2023-10-09,321.0,321.0,309.2,312.0,6538,312.0,2026-09-03T19:34:19.381668+00:00
2023-10-10,309.1,310.3,293.0,309.0,41632,309.0,2026-09-03T19:34:19.381668+00:00
2023-10-11,309.0,315.0,304.1,308.0,11746,308.0,2026-09-03T19:34:19.381668+00:00
2023-10-12,303.0,311.0,300.0,311.0,17132,311.0,2026-09-03T19:34:19.381668+00:00
2023-10-16,305.0,310.0,299.1,301.0,8979,301.0,2026-09-03T19:34:19.381668+00:00
2023-10-17,307.0,313.1,300.0,305.0,12196,305.0,2026-09-03T19:34:19.381668+00:00
2023-10-18,303.0,314.8,295.1,305.0,13484,305.0,2026-09-03T19:34:19.381668+00:00
2023-10-19,305.0,306.0,301.1,302.0,3201,302.0,2026-09-03T19:34:19.381668+00:00
2023-10-29,301.0,302.0,293.3,295.0,8144,295.0,2026-09-03T19:34:19.381668+00:00
2023-10-30,295.0,303.9,291.3,301.0,7200,301.0,2026-09-03T19:34:19.381668+00:00
2023-10-31,296.1,296.9,292.9,296.9,6622,296.9,2026-09-03T19:34:19.381668+00:00
2023-11-01,293.1,301.0,293.1,294.1,8271,294.1,2026-09-03T19:34:19.381668+00:00
2023-11-02,299.9,299.9,291.0,294.0,8077,294.0,2026-09-03T19:34:19.381668+00:00
2023-11-05,291.0,296.8,285.0,292.0,12327,292.0,2026-09-03T19:34:19.381668+00:00
2023-11-06,296.0,300.0,295.0,300.0,8925,300.0,2026-09-03T19:34:19.381668+00:00
2023-11-07,305.9,305.9,297.0,302.0,9030,302.0,2026-09-03T19:34:19.381668+00:00
2023-11-06,296.0,300.0,295.0,300.0,8925,300.0,2026-09-03T19:34:19.381668+00:00
2023-11-07,305.9,305.9,297.0,302.0,9030,302.0,2026-09-03T19:34:19.381668+00:00
2023-11-08,305.0,305.0,299.2,302.0,4634,302.0,2026-09-03T19:34:19.381668+00:00
2023-11-09,304.9,304.9,295.3,297.9,7193,297.9,2026-09-03T19:34:19.381668+00:00
2023-11-20,303.8,312.9,302.0,312.0,27280,312.0,2026-09-03T19:34:19.381668+00:00
2023-11-21,309.0,309.0,299.1,302.0,26585,302.0,2026-09-03T19:34:19.381668+00:00
2023-11-22,303.0,312.0,296.0,305.0,20889,305.0,2026-09-03T19:34:19.381668+00:00
2023-11-23,308.9,319.0,303.1,318.9,26370,318.9,2026-09-03T19:34:19.381668+00:00
2023-11-26,323.0,332.9,316.7,332.0,30695,332.0,2026-09-03T19:34:19.381668+00:00
2023-11-27,326.2,332.7,321.6,331.5,38362,331.5,2026-09-03T19:34:19.381668+00:00
2023-11-28,330.0,336.0,324.0,328.9,18545,328.9,2026-09-03T19:34:19.381668+00:00
2023-11-29,330.0,330.0,318.6,328.0,17752,328.0,2026-09-03T19:34:19.381668+00:00
2023-11-30,330.0,334.0,314.7,319.9,15410,319.9,2026-09-03T19:34:19.381668+00:00
2023-12-03,314.0,319.0,313.6,319.0,7407,319.0,2026-09-03T19:34:19.381668+00:00
2023-12-04,314.5,320.0,314.4,318.7,6633,318.7,2026-09-03T19:34:19.381668+00:00
2023-12-05,319.0,323.9,310.0,316.0,3540,316.0,2026-09-03T19:34:19.381668+00:00
2023-12-06,312.0,315.0,308.1,313.0,5311,313.0,2026-09-03T19:34:19.381668+00:00
2023-12-07,309.0,321.0,309.0,320.0,12793,320.0,2026-09-03T19:34:19.381668+00:00
2023-12-10,326.3,352.0,326.3,352.0,4198,352.0,2026-09-03T19:34:19.381668+00:00
2023-12-11,355.0,355.0,336.7,344.0,57781,344.0,2026-09-03T19:34:19.381668+00:00
2023-12-12,344.0,365.0,339.1,359.0,52878,359.0,2026-09-03T19:34:19.381668+00:00
2023-12-13,364.0,371.0,355.0,355.1,56358,355.1,2026-09-03T19:34:19.381668+00:00
2023-12-14,360.0,365.0,351.1,363.8,42652,363.8,2026-09-03T19:34:19.381668+00:00
2023-12-17,364.0,373.0,350.0,369.0,50641,369.0,2026-09-03T19:34:19.381668+00:00
2023-12-18,376.0,385.0,372.2,377.0,117457,377.0,2026-09-03T19:34:19.381668+00:00
2023-12-19,380.4,388.0,370.6,382.0,66851,382.0,2026-09-03T19:34:19.381668+00:00
2023-12-20,385.0,398.0,384.0,385.0,70526,385.0,2026-09-03T19:34:19.381668+00:00
2023-12-21,389.0,389.0,368.5,370.0,62395,370.0,2026-09-03T19:34:19.381668+00:00
2023-12-24,377.0,392.5,359.3,366.9,51605,366.9,2026-09-03T19:34:19.381668+00:00
2023-12-27,374.0,374.0,357.0,367.0,42366,367.0,2026-09-03T19:34:19.381668+00:00
2023-12-28,365.0,370.0,360.1,363.0,22636,363.0,2026-09-03T19:34:19.381668+00:00
2024-01-01,359.0,373.9,358.3,358.3,16072,358.3,2026-09-03T19:34:19.381668+00:00
2024-01-02,358.0,358.1,348.0,349.0,43660,349.0,2026-09-03T19:34:19.381668+00:00
2024-01-03,349.0,364.1,349.0,362.0,23791,362.0,2026-09-03T19:34:19.381668+00:00
2024-01-04,364.0,370.0,360.0,369.2,49649,369.2,2026-09-03T19:34:19.381668+00:00
2024-01-07,367.0,367.0,351.0,351.0,28955,351.0,2026-09-03T19:34:19.381668+00:00
2024-01-08,358.0,368.8,352.8,368.0,26972,368.0,2026-09-03T19:34:19.381668+00:00
2024-01-09,375.0,390.9,368.6,375.0,89493,375.0,2026-09-03T19:34:19.381668+00:00
2024-01-10,382.5,397.9,370.0,370.0,58141,370.0,2026-09-03T19:34:19.381668+00:00
2024-01-11,371.0,371.8,364.1,368.0,21759,368.0,2026-09-03T19:34:19.381668+00:00
2024-01-14,370.0,379.0,365.1,379.0,26166,379.0,2026-09-03T19:34:19.381668+00:00
2024-01-16,385.0,413.1,385.0,413.1,260583,413.1,2026-09-03T19:34:19.381668+00:00
2024-01-17,421.3,422.0,390.2,395.0,118684,395.0,2026-09-03T19:34:19.381668+00:00
2024-01-18,390.0,406.0,381.0,400.0,99331,400.0,2026-09-03T19:34:19.381668+00:00
2024-01-21,400.0,403.0,383.0,384.0,56122,384.0,2026-09-03T19:34:19.381668+00:00
2024-01-22,380.0,387.0,372.0,380.0,51844,380.0,2026-09-03T19:34:19.381668+00:00
2024-01-23,385.0,385.0,373.0,381.9,35513,381.9,2026-09-03T19:34:19.381668+00:00
2024-01-24,388.8,389.0,370.5,380.0,29852,380.0,2026-09-03T19:34:19.381668+00:00
2024-01-25,382.0,382.0,365.0,379.0,35454,379.0,2026-09-03T19:34:19.381668+00:00
2024-01-28,372.1,382.6,366.2,382.0,24955,382.0,2026-09-03T19:34:19.381668+00:00
2024-01-29,383.0,384.1,377.1,379.5,33385,379.5,2026-09-03T19:34:19.381668+00:00
2024-01-30,380.0,384.7,372.0,376.9,36426,376.9,2026-09-03T19:34:19.381668+00:00
2024-01-31,377.0,383.0,366.0,370.0,31367,370.0,2026-09-03T19:34:19.381668+00:00
2024-02-01,365.0,383.0,363.0,367.6,46229,367.6,2026-09-03T19:34:19.381668+00:00
2024-02-04,368.0,370.0,364.0,368.9,12460,368.9,2026-09-03T19:34:19.381668+00:00
2024-02-05,369.0,372.8,365.4,370.0,9572,370.0,2026-09-03T19:34:19.381668+00:00
2024-02-06,366.0,374.5,366.0,367.0,18968,367.0,2026-09-03T19:34:19.381668+00:00
2024-02-07,372.0,378.9,366.0,366.0,9861,366.0,2026-09-03T19:34:19.381668+00:00
2024-02-08,366.0,375.0,363.3,373.3,15778,373.3,2026-09-03T19:34:19.381668+00:00
2024-02-11,373.3,376.0,366.0,366.0,20824,366.0,2026-09-03T19:34:19.381668+00:00
2024-02-12,373.0,376.0,366.0,372.0,17829,372.0,2026-09-03T19:34:19.381668+00:00
2024-02-13,370.0,370.0,355.0,355.0,27108,355.0,2026-09-03T19:34:19.381668+00:00
2024-02-14,362.0,386.0,356.9,376.0,96754,376.0,2026-09-03T19:34:19.381668+00:00
2024-02-15,380.0,381.0,366.0,366.0,34599,366.0,2026-09-03T19:34:19.381668+00:00
2024-02-18,361.1,361.1,355.0,356.3,15199,356.3,2026-09-03T19:34:19.381668+00:00
2024-02-20,359.0,366.0,356.7,357.0,18720,357.0,2026-09-03T19:34:19.381668+00:00
2024-02-21,364.1,364.1,358.0,358.0,9973,358.0,2026-09-03T19:34:19.381668+00:00
2024-02-22,365.1,368.0,351.0,351.3,32810,351.3,2026-09-03T19:34:19.381668+00:00
2024-02-25,348.5,366.0,347.5,362.0,41764,362.0,2026-09-03T19:34:19.381668+00:00
2024-02-26,369.0,369.0,352.3,360.1,12800,360.1,2026-09-03T19:34:19.381668+00:00
2024-02-27,360.0,366.0,355.9,356.0,8656,356.0,2026-09-03T19:34:19.381668+00:00
2024-02-28,354.0,360.0,353.0,360.0,8613,360.0,2026-09-03T19:34:19.381668+00:00
2024-02-29,354.0,359.9,342.0,344.8,20379,344.8,2026-09-03T19:34:19.381668+00:00
2024-03-03,342.0,348.0,339.0,340.0,12785,340.0,2026-09-03T19:34:19.381668+00:00
2024-03-04,346.8,367.0,346.8,367.0,2040,367.0,2026-09-03T19:34:19.381668+00:00
2024-03-05,359.7,363.9,349.0,353.0,18081,353.0,2026-09-03T19:34:19.381668+00:00
2024-03-06,356.0,363.0,347.2,356.0,21051,356.0,2026-09-03T19:34:19.381668+00:00
2024-03-07,363.0,363.0,355.3,361.9,10817,361.9,2026-09-03T19:34:19.381668+00:00
2024-03-10,362.0,369.0,361.0,367.0,18113,367.0,2026-09-03T19:34:19.381668+00:00
2024-03-12,373.9,373.9,364.9,371.0,16107,371.0,2026-09-03T19:34:19.381668+00:00
2024-03-13,366.0,381.9,365.0,380.0,84461,380.0,2026-09-03T19:34:19.381668+00:00
2024-03-14,385.0,387.5,368.1,371.6,51428,371.6,2026-09-03T19:34:19.381668+00:00
2024-03-17,365.2,378.0,365.2,377.0,31323,377.0,2026-09-03T19:34:19.381668+00:00
2024-03-18,379.0,384.0,367.0,373.8,13659,373.8,2026-09-03T19:34:19.381668+00:00
2024-03-19,381.0,391.8,375.0,380.0,114194,380.0,2026-09-03T19:34:19.381668+00:00
2024-03-20,380.0,380.0,362.0,365.9,39074,365.9,2026-09-03T19:34:19.381668+00:00
2024-03-21,372.0,380.0,363.2,371.0,36847,371.0,2026-09-03T19:34:19.381668+00:00
2024-03-25,363.6,370.0,357.0,367.0,30801,367.0,2026-09-03T19:34:19.381668+00:00
2024-03-26,359.7,371.9,359.7,369.7,20329,369.7,2026-09-03T19:34:19.381668+00:00
2024-03-27,370.0,370.0,357.0,363.0,12590,363.0,2026-09-03T19:34:19.381668+00:00
2024-03-28,356.0,369.0,355.1,366.9,17130,366.9,2026-09-03T19:34:19.381668+00:00
2024-03-31,367.0,369.0,357.0,363.5,23233,363.5,2026-09-03T19:34:19.381668+00:00
2024-04-01,358.1,365.2,356.6,357.0,17157,357.0,2026-09-03T19:34:19.381668+00:00
2024-04-02,364.0,364.0,353.1,356.9,9825,356.9,2026-09-03T19:34:19.381668+00:00
2024-04-03,355.0,360.0,350.0,350.0,16319,350.0,2026-09-03T19:34:19.381668+00:00
2024-04-04,356.0,363.1,351.0,362.0,15665,362.0,2026-09-03T19:34:19.381668+00:00
2024-04-07,362.0,384.0,357.0,378.0,90655,378.0,2026-09-03T19:34:19.381668+00:00
2024-04-09,385.0,394.0,375.0,388.0,192898,388.0,2026-09-03T19:34:19.381668+00:00
2024-04-10,392.0,392.0,368.5,369.1,44162,369.1,2026-09-03T19:34:19.381668+00:00
2024-04-14,369.0,375.0,363.0,370.0,61001,370.0,2026-09-03T19:34:19.381668+00:00
2024-04-15,363.1,371.0,356.0,356.5,34570,356.5,2026-09-03T19:34:19.381668+00:00
2024-04-16,349.4,366.7,349.4,355.9,34458,355.9,2026-09-03T19:34:19.381668+00:00
2024-04-18,354.0,368.0,352.0,359.9,24742,359.9,2026-09-03T19:34:19.381668+00:00
2024-04-21,353.0,366.9,350.0,365.0,33985,365.0,2026-09-03T19:34:19.381668+00:00
2024-04-22,359.0,363.0,355.0,357.9,19121,357.9,2026-09-03T19:34:19.381668+00:00
2024-04-24,364.0,374.0,357.5,368.0,55990,368.0,2026-09-03T19:34:19.381668+00:00
2024-04-25,368.0,387.9,368.0,378.0,154191,378.0,2026-09-03T19:34:19.381668+00:00
2024-04-28,375.0,395.5,370.0,385.1,165773,385.1,2026-09-03T19:34:19.381668+00:00
2024-04-29,390.0,398.0,376.0,389.0,154949,389.0,2026-09-03T19:34:19.381668+00:00
2024-04-30,392.0,412.0,382.0,386.0,221169,386.0,2026-09-03T19:34:19.381668+00:00
2024-05-02,393.7,393.7,373.0,374.9,50125,374.9,2026-09-03T19:34:19.381668+00:00
2024-05-05,382.3,382.3,362.5,366.0,42609,366.0,2026-09-03T19:34:19.381668+00:00
2024-05-06,367.0,376.0,362.0,367.0,49830,367.0,2026-09-03T19:34:19.381668+00:00
2024-05-07,368.9,380.0,366.1,373.0,76402,373.0,2026-09-03T19:34:19.381668+00:00
2024-05-08,379.0,386.0,372.0,384.0,77765,384.0,2026-09-03T19:34:19.381668+00:00
2024-05-09,390.0,393.0,382.0,388.7,95117,388.7,2026-09-03T19:34:19.381668+00:00
2024-05-12,390.0,397.0,385.2,388.0,81109,388.0,2026-09-03T19:34:19.381668+00:00
2024-05-13,388.0,389.7,383.3,387.4,41342,387.4,2026-09-03T19:34:19.381668+00:00
2024-05-14,389.9,397.0,388.8,393.0,65230,393.0,2026-09-03T19:34:19.381668+00:00
2024-05-15,395.0,400.0,388.5,388.5,45574,388.5,2026-09-03T19:34:19.381668+00:00
2024-05-16,384.2,389.0,384.2,387.0,46742,387.0,2026-09-03T19:34:19.381668+00:00
2024-05-19,390.0,394.7,385.2,394.0,46907,394.0,2026-09-03T19:34:19.381668+00:00
2024-05-20,394.0,403.0,392.1,397.0,77354,397.0,2026-09-03T19:34:19.381668+00:00
2024-05-21,399.0,415.0,397.0,411.3,123578,411.3,2026-09-03T19:34:19.381668+00:00
2024-05-22,415.0,419.0,404.0,413.9,106427,413.9,2026-09-03T19:34:19.381668+00:00
2024-05-26,422.1,422.1,399.2,400.1,42614,400.1,2026-09-03T19:34:19.381668+00:00
2024-05-27,392.4,408.0,392.4,403.0,84723,403.0,2026-09-03T19:34:19.381668+00:00
2024-05-29,411.0,411.0,395.0,398.0,90953,398.0,2026-09-03T19:34:19.381668+00:00
2024-05-30,398.0,405.0,393.0,399.8,49932,399.8,2026-09-03T19:34:19.381668+00:00
2024-06-02,398.0,417.0,397.0,409.0,77703,409.0,2026-09-03T19:34:19.381668+00:00
2024-06-03,411.0,419.0,405.0,410.0,174777,410.0,2026-09-03T19:34:19.381668+00:00
2024-06-04,411.0,417.0,406.1,409.8,97058,409.8,2026-09-03T19:34:19.381668+00:00
2024-06-05,405.1,418.0,405.0,408.0,43654,408.0,2026-09-03T19:34:19.381668+00:00
2024-06-06,408.0,408.0,400.1,400.3,48923,400.3,2026-09-03T19:34:19.381668+00:00
2024-06-09,408.0,408.0,392.5,393.2,62380,393.2,2026-09-03T19:34:19.381668+00:00
2024-06-10,399.0,404.0,395.3,402.9,28015,402.9,2026-09-03T19:34:19.381668+00:00
2024-06-11,409.0,409.0,400.9,401.6,83774,401.6,2026-09-03T19:34:19.381668+00:00
2024-06-12,397.0,411.0,394.0,408.0,71500,408.0,2026-09-03T19:34:19.381668+00:00
2024-06-13,407.0,427.0,407.0,414.0,207758,414.0,2026-09-03T19:34:19.381668+00:00
2024-06-16,419.0,419.0,400.1,407.9,72368,407.9,2026-09-03T19:34:19.381668+00:00
2024-06-18,403.5,408.9,397.0,400.0,33084,400.0,2026-09-03T19:34:19.381668+00:00
2024-06-19,400.0,413.1,398.0,405.0,57370,405.0,2026-09-03T19:34:19.381668+00:00
2024-06-20,410.0,416.0,403.0,405.0,70246,405.0,2026-09-03T19:34:19.381668+00:00
2024-06-23,401.0,445.5,400.3,445.5,309443,445.5,2026-09-03T19:34:19.381668+00:00
2024-06-24,454.4,465.0,434.0,440.0,248318,440.0,2026-09-03T19:34:19.381668+00:00
2024-06-25,447.9,455.0,425.0,425.2,92530,425.2,2026-09-03T19:34:19.381668+00:00
2024-06-26,430.0,436.0,418.5,422.3,81505,422.3,2026-09-03T19:34:19.381668+00:00
2024-06-27,429.0,429.0,417.2,418.1,89714,418.1,2026-09-03T19:34:19.381668+00:00
2024-06-30,426.4,434.0,417.0,427.7,78172,427.7,2026-09-03T19:34:19.381668+00:00
2024-07-01,436.2,436.2,420.2,426.0,60744,426.0,2026-09-03T19:34:19.381668+00:00
2024-07-02,434.5,451.8,425.0,430.0,87260,430.0,2026-09-03T19:34:19.381668+00:00
2024-07-03,437.8,463.0,426.1,455.0,365849,455.0,2026-09-03T19:34:19.381668+00:00
2024-07-04,464.0,464.0,442.0,445.0,175373,445.0,2026-09-03T19:34:19.381668+00:00
2024-07-07,452.0,453.9,441.0,445.0,128392,445.0,2026-09-03T19:34:19.381668+00:00
2024-07-08,446.0,459.0,443.1,452.4,104507,452.4,2026-09-03T19:34:19.381668+00:00
2024-07-09,458.9,469.4,453.2,458.7,160042,458.7,2026-09-03T19:34:19.381668+00:00
2024-07-10,467.8,467.8,455.3,459.6,75598,459.6,2026-09-03T19:34:19.381668+00:00
2024-07-11,459.1,465.0,450.5,453.9,97446,453.9,2026-09-03T19:34:19.381668+00:00
2024-07-14,462.9,470.0,447.0,447.3,78957,447.3,2026-09-03T19:34:19.381668+00:00
2024-07-15,456.0,467.1,445.0,459.0,153681,459.0,2026-09-03T19:34:19.381668+00:00
2024-07-16,450.7,488.0,450.0,475.4,166490,475.4,2026-09-03T19:34:19.381668+00:00
2024-07-17,475.4,509.0,473.1,505.9,193340,505.9,2026-09-03T19:34:19.381668+00:00
2024-07-18,516.0,516.0,490.0,492.0,194789,492.0,2026-09-03T19:34:19.381668+00:00
2024-07-21,500.0,508.0,487.1,498.5,193419,498.5,2026-09-03T19:34:19.381668+00:00
2024-07-22,507.8,507.8,488.0,492.0,104207,492.0,2026-09-03T19:34:19.381668+00:00
2024-07-23,501.8,504.0,486.0,500.0,150721,500.0,2026-09-03T19:34:19.381668+00:00
2024-07-24,510.0,523.2,501.2,505.5,178697,505.5,2026-09-03T19:34:19.381668+00:00
2024-07-25,510.0,514.9,501.0,502.0,101664,502.0,2026-09-03T19:34:19.381668+00:00
2024-07-28,512.0,512.0,491.0,501.7,122338,501.7,2026-09-03T19:34:19.381668+00:00
2024-07-29,511.0,511.7,495.0,501.0,136148,501.0,2026-09-03T19:34:19.381668+00:00
2024-07-30,510.6,537.0,501.5,526.0,238487,526.0,2026-09-03T19:34:19.381668+00:00
2024-07-31,535.0,578.6,535.0,578.6,301175,578.6,2026-09-03T19:34:19.381668+00:00
2024-08-01,585.0,613.0,570.0,570.0,370931,570.0,2026-09-03T19:34:19.381668+00:00
2024-08-05,581.4,598.0,551.5,594.0,245463,594.0,2026-09-03T19:34:19.381668+00:00
2024-08-06,595.0,596.0,534.6,536.0,224235,536.0,2026-09-03T19:34:19.381668+00:00
2024-08-07,536.0,583.0,528.0,571.2,188357,571.2,2026-09-03T19:34:19.381668+00:00
2024-08-08,582.6,586.5,556.0,564.0,121097,564.0,2026-09-03T19:34:19.381668+00:00
2024-08-11,575.0,595.0,558.0,591.0,237344,591.0,2026-09-03T19:34:19.381668+00:00
2024-08-12,600.0,621.0,594.0,609.2,225469,609.2,2026-09-03T19:34:19.381668+00:00
2024-08-13,620.0,655.0,600.0,630.0,200469,630.0,2026-09-03T19:34:19.381668+00:00
2024-08-14,619.9,684.0,619.9,679.0,323227,679.0,2026-09-03T19:34:19.381668+00:00
2024-08-15,692.0,706.0,654.0,658.0,257230,658.0,2026-09-03T19:34:19.381668+00:00
2024-08-18,671.1,723.8,631.0,704.0,702960,704.0,2026-09-03T19:34:19.381668+00:00
2024-08-21,718.0,774.4,718.0,774.4,260751,774.4,2026-09-03T19:34:19.381668+00:00
2024-08-22,789.8,838.0,774.0,774.0,277266,774.0,2026-09-03T19:34:19.381668+00:00
2024-08-25,775.0,775.0,722.0,725.0,242385,725.0,2026-09-03T19:34:19.381668+00:00
2024-08-27,725.0,764.9,698.3,702.0,425423,702.0,2026-09-03T19:34:19.381668+00:00
2024-08-28,716.0,740.0,670.1,678.0,181313,678.0,2026-09-03T19:34:19.381668+00:00
2024-08-29,691.5,705.3,650.0,654.9,130289,654.9,2026-09-03T19:34:19.381668+00:00
2024-09-01,641.9,673.0,612.6,616.0,249566,616.0,2026-09-03T19:34:19.381668+00:00
2024-09-02,627.0,677.6,611.0,677.6,195994,677.6,2026-09-03T19:34:19.381668+00:00
2024-09-03,691.1,707.0,673.0,684.0,175790,684.0,2026-09-03T19:34:19.381668+00:00
2024-09-04,678.0,693.0,640.0,645.3,167866,645.3,2026-09-03T19:34:19.381668+00:00
2024-09-05,658.2,670.0,615.1,645.0,148248,645.0,2026-09-03T19:34:19.381668+00:00
2024-09-08,657.0,663.0,630.0,632.0,68389,632.0,2026-09-03T19:34:19.381668+00:00
2024-09-09,620.3,638.0,618.2,619.1,114802,619.1,2026-09-03T19:34:19.381668+00:00
2024-09-10,625.0,638.9,606.7,607.0,72941,607.0,2026-09-03T19:34:19.381668+00:00
2024-09-11,619.0,628.0,611.0,615.0,90315,615.0,2026-09-03T19:34:19.381668+00:00
2024-09-12,625.0,676.0,621.0,665.3,240314,665.3,2026-09-03T19:34:19.381668+00:00
2024-09-15,678.0,688.0,630.0,635.0,129892,635.0,2026-09-03T19:34:19.381668+00:00
2024-09-16,635.0,635.0,602.0,605.0,98216,605.0,2026-09-03T19:34:19.381668+00:00
2024-09-18,605.5,611.7,583.1,585.0,62802,585.0,2026-09-03T19:34:19.381668+00:00
2024-09-22,596.7,616.0,582.0,590.0,44886,590.0,2026-09-03T19:34:19.381668+00:00
2024-09-23,585.0,590.0,534.2,539.0,96951,539.0,2026-09-03T19:34:19.381668+00:00
2024-09-24,539.0,561.0,510.0,511.0,80585,511.0,2026-09-03T19:34:19.381668+00:00
2024-09-25,505.0,560.0,503.0,538.0,65895,538.0,2026-09-03T19:34:19.381668+00:00
2024-09-26,548.5,550.0,517.6,521.9,41104,521.9,2026-09-03T19:34:19.381668+00:00
2024-09-29,512.1,532.4,508.0,512.0,34246,512.0,2026-09-03T19:34:19.381668+00:00
2024-09-30,520.0,532.0,515.0,532.0,46594,532.0,2026-09-03T19:34:19.381668+00:00
2024-10-01,542.6,585.2,540.2,585.2,83435,585.2,2026-09-03T19:34:19.381668+00:00
2024-10-02,596.0,614.0,586.0,591.0,136112,591.0,2026-09-03T19:34:19.381668+00:00
2024-10-06,590.0,635.0,590.0,633.0,86394,633.0,2026-09-03T19:34:19.381668+00:00
2024-10-07,645.0,659.7,615.0,622.0,102918,622.0,2026-09-03T19:34:19.381668+00:00
2024-10-08,622.0,633.9,605.0,608.0,55914,608.0,2026-09-03T19:34:19.381668+00:00
2024-10-09,618.9,623.0,603.0,615.2,28703,615.2,2026-09-03T19:34:19.381668+00:00
2024-10-15,625.0,647.7,622.0,643.0,49875,643.0,2026-09-03T19:34:19.381668+00:00
2024-10-16,654.0,663.0,640.0,643.0,60907,643.0,2026-09-03T19:34:19.381668+00:00
2024-10-17,643.0,659.0,635.0,642.0,63416,642.0,2026-09-03T19:34:19.381668+00:00
2024-10-20,630.0,646.0,620.0,625.0,81371,625.0,2026-09-03T19:34:19.381668+00:00
2024-10-21,625.0,629.0,593.0,596.5,77757,596.5,2026-09-03T19:34:19.381668+00:00
2024-10-22,600.0,626.0,600.0,618.1,54933,618.1,2026-09-03T19:34:19.381668+00:00
2024-10-23,625.0,647.7,611.0,625.0,89644,625.0,2026-09-03T19:34:19.381668+00:00
2024-10-24,625.0,640.0,615.0,617.0,56211,617.0,2026-09-03T19:34:19.381668+00:00
2024-10-27,620.0,627.0,612.2,619.0,44818,619.0,2026-09-03T19:34:19.381668+00:00
2024-10-28,629.0,646.0,619.3,643.4,88328,643.4,2026-09-03T19:34:19.381668+00:00
2024-10-29,650.0,674.4,645.6,653.0,156839,653.0,2026-09-03T19:34:19.381668+00:00
2024-10-30,661.0,661.7,639.0,645.0,65760,645.0,2026-09-03T19:34:19.381668+00:00
2024-11-05,655.0,662.2,639.0,652.9,44556,652.9,2026-09-03T19:34:19.381668+00:00
2024-11-06,652.9,674.0,650.0,670.0,119380,670.0,2026-09-03T19:34:19.381668+00:00
2024-11-10,670.0,715.0,670.0,711.0,187091,711.0,2026-09-03T19:34:19.381668+00:00
2024-11-11,724.0,725.2,686.0,692.0,149330,692.0,2026-09-03T19:34:19.381668+00:00
2024-11-12,695.2,716.0,693.0,708.0,122681,708.0,2026-09-03T19:34:19.381668+00:00
2024-11-13,719.0,727.0,700.1,721.0,159073,721.0,2026-09-03T19:34:19.381668+00:00
2024-11-14,728.9,740.0,718.4,719.9,165849,719.9,2026-09-03T19:34:19.381668+00:00
2024-11-17,733.0,733.0,699.0,700.0,110616,700.0,2026-09-03T19:34:19.381668+00:00
2024-11-19,714.0,721.9,692.0,694.0,132723,694.0,2026-09-03T19:34:19.381668+00:00
2024-11-20,690.0,710.9,685.0,700.0,110454,700.0,2026-09-03T19:34:19.381668+00:00
2024-11-21,706.0,720.0,695.0,695.1,116990,695.1,2026-09-03T19:34:19.381668+00:00
2024-11-24,705.0,715.0,682.1,685.0,68874,685.0,2026-09-03T19:34:19.381668+00:00
2024-11-25,690.0,707.0,685.0,695.0,69918,695.0,2026-09-03T19:34:19.381668+00:00
2024-11-26,682.0,719.0,682.0,714.0,97257,714.0,2026-09-03T19:34:19.381668+00:00
2024-11-27,720.0,722.0,705.0,712.0,70711,712.0,2026-09-03T19:34:19.381668+00:00
2024-11-28,710.0,716.0,692.0,697.0,74129,697.0,2026-09-03T19:34:19.381668+00:00
2024-12-01,684.0,699.0,682.0,686.0,63211,686.0,2026-09-03T19:34:19.381668+00:00
2024-12-02,676.0,693.0,665.0,673.0,72348,673.0,2026-09-03T19:34:19.381668+00:00
2024-12-03,683.0,703.0,677.0,685.0,96506,685.0,2026-09-03T19:34:19.381668+00:00
2024-12-04,685.0,696.9,675.1,675.1,40678,675.1,2026-09-03T19:34:19.381668+00:00
2024-12-05,671.0,680.0,652.0,654.0,80321,654.0,2026-09-03T19:34:19.381668+00:00
2024-12-08,654.0,659.0,628.0,640.0,83835,640.0,2026-09-03T19:34:19.381668+00:00
2024-12-09,650.0,655.0,630.1,648.8,41385,648.8,2026-09-03T19:34:19.381668+00:00
2024-12-10,648.0,650.0,635.0,636.0,22797,636.0,2026-09-03T19:34:19.381668+00:00
2024-12-11,637.0,653.9,625.1,650.0,38719,650.0,2026-09-03T19:34:19.381668+00:00
2024-12-12,650.0,658.4,625.0,627.0,39422,627.0,2026-09-03T19:34:19.381668+00:00
2024-12-16,616.1,617.0,600.0,600.3,47266,600.3,2026-09-03T19:34:19.381668+00:00
2024-12-17,602.0,615.0,597.0,610.0,24916,610.0,2026-09-03T19:34:19.381668+00:00
2024-12-18,608.0,623.9,605.0,608.5,28869,608.5,2026-09-03T19:34:19.381668+00:00
2024-12-19,605.0,615.0,588.0,590.0,41561,590.0,2026-09-03T19:34:19.381668+00:00
2024-12-22,590.0,594.1,570.0,572.0,38993,572.0,2026-09-03T19:34:19.381668+00:00
2024-12-23,580.0,591.0,575.0,591.0,15832,591.0,2026-09-03T19:34:19.381668+00:00
2024-12-24,599.0,621.0,590.0,610.0,58299,610.0,2026-09-03T19:34:19.381668+00:00
2024-12-26,598.0,609.0,585.1,585.2,30740,585.2,2026-09-03T19:34:19.381668+00:00
2024-12-29,577.0,580.0,558.0,561.8,52747,561.8,2026-09-03T19:34:19.381668+00:00
2024-12-31,561.8,561.8,505.7,529.0,113456,529.0,2026-09-03T19:34:19.381668+00:00
2025-01-01,521.1,560.0,520.0,549.0,44148,549.0,2026-09-03T19:34:19.381668+00:00
2025-01-02,550.0,555.0,540.3,545.1,22947,545.1,2026-09-03T19:34:19.381668+00:00
2025-01-05,553.0,560.0,537.0,547.0,27708,547.0,2026-09-03T19:34:19.381668+00:00
2025-01-06,536.1,554.8,536.1,554.0,38213,554.0,2026-09-03T19:34:19.381668+00:00
2025-01-07,554.0,576.0,551.0,576.0,31900,576.0,2026-09-03T19:34:19.381668+00:00
2025-01-08,576.0,630.0,576.0,618.0,78204,618.0,2026-09-03T19:34:19.381668+00:00
2025-01-09,620.0,630.3,599.0,603.0,76597,603.0,2026-09-03T19:34:19.381668+00:00
2025-01-12,605.0,610.0,566.0,580.2,37181,580.2,2026-09-03T19:34:19.381668+00:00
2025-01-13,580.0,603.6,580.0,588.0,48177,588.0,2026-09-03T19:34:19.381668+00:00
2025-01-15,578.0,596.0,565.1,568.0,32279,568.0,2026-09-03T19:34:19.381668+00:00
2025-01-16,558.6,580.0,523.7,525.0,102902,525.0,2026-09-03T19:34:19.381668+00:00
2025-01-19,520.0,551.0,520.0,542.0,74225,542.0,2026-09-03T19:34:19.381668+00:00
2025-01-20,531.2,555.0,525.0,530.0,43682,530.0,2026-09-03T19:34:19.381668+00:00
2025-01-21,540.0,540.0,523.5,530.0,24012,530.0,2026-09-03T19:34:19.381668+00:00
2025-01-22,535.1,539.0,525.0,530.0,46685,530.0,2026-09-03T19:34:19.381668+00:00
2025-01-23,530.0,534.5,504.0,514.9,73520,514.9,2026-09-03T19:34:19.381668+00:00
2025-01-26,510.0,510.0,474.4,481.1,112462,481.1,2026-09-03T19:34:19.381668+00:00
2025-01-27,483.9,520.0,465.0,495.0,52877,495.0,2026-09-03T19:34:19.381668+00:00
2025-01-28,500.0,516.0,488.0,505.0,42100,505.0,2026-09-03T19:34:19.381668+00:00
2025-02-02,504.0,529.3,500.0,517.0,31586,517.0,2026-09-03T19:34:19.381668+00:00
2025-02-03,526.0,527.0,501.0,510.0,48009,510.0,2026-09-03T19:34:19.381668+00:00
2025-02-04,509.0,520.0,498.0,499.0,31722,499.0,2026-09-03T19:34:19.381668+00:00
2025-02-05,505.0,533.0,495.1,528.0,61866,528.0,2026-09-03T19:34:19.381668+00:00
2025-02-06,528.0,555.0,526.3,529.5,76887,529.5,2026-09-03T19:34:19.381668+00:00
2025-02-09,535.9,543.9,515.0,531.0,46411,531.0,2026-09-03T19:34:19.381668+00:00
2025-02-10,526.2,541.0,524.0,528.0,31877,528.0,2026-09-03T19:34:19.381668+00:00
2025-02-11,517.5,539.0,517.5,520.9,37301,520.9,2026-09-03T19:34:19.381668+00:00
2025-02-12,522.0,555.0,521.0,550.0,132347,550.0,2026-09-03T19:34:19.381668+00:00
2025-02-13,539.0,596.0,539.0,583.0,145582,583.0,2026-09-03T19:34:19.381668+00:00
2025-02-16,586.0,639.9,582.9,621.9,254488,621.9,2026-09-03T19:34:19.381668+00:00
2025-02-17,634.3,682.9,634.3,666.0,368206,666.0,2026-09-03T19:34:19.381668+00:00
2025-02-18,679.3,703.8,654.0,674.9,253041,674.9,2026-09-03T19:34:19.381668+00:00
2025-02-20,688.0,688.0,653.0,655.0,115949,655.0,2026-09-03T19:34:19.381668+00:00
2025-02-23,642.0,683.0,607.6,659.9,229429,659.9,2026-09-03T19:34:19.381668+00:00
2025-02-24,659.9,670.0,625.3,629.0,175550,629.0,2026-09-03T19:34:19.381668+00:00
2025-02-25,641.5,641.5,595.0,600.0,138894,600.0,2026-09-03T19:34:19.381668+00:00
2025-02-27,600.0,620.0,590.2,594.0,164609,594.0,2026-09-03T19:34:19.381668+00:00
2025-03-02,603.0,629.0,603.0,629.0,146340,629.0,2026-09-03T19:34:19.381668+00:00
2025-03-03,641.1,641.1,605.8,613.5,101603,613.5,2026-09-03T19:34:19.381668+00:00
2025-03-04,625.7,625.7,595.0,599.0,73745,599.0,2026-09-03T19:34:19.381668+00:00
2025-03-05,610.0,610.0,580.0,585.0,59522,585.0,2026-09-03T19:34:19.381668+00:00
2025-03-06,577.0,590.0,577.0,583.0,46667,583.0,2026-09-03T19:34:19.381668+00:00
2025-03-09,594.3,594.3,564.0,565.0,61982,565.0,2026-09-03T19:34:19.381668+00:00
2025-03-10,575.9,585.0,565.2,570.0,44039,570.0,2026-09-03T19:34:19.381668+00:00
2025-03-11,577.0,581.0,555.0,556.2,45687,556.2,2026-09-03T19:34:19.381668+00:00
2025-03-12,560.0,566.0,552.0,552.0,32308,552.0,2026-09-03T19:34:19.381668+00:00
2025-03-16,560.0,563.0,528.1,534.0,51533,534.0,2026-09-03T19:34:19.381668+00:00
2025-03-17,532.0,550.0,530.0,535.0,42939,535.0,2026-09-03T19:34:19.381668+00:00
2025-03-18,543.0,545.0,535.0,539.0,14116,539.0,2026-09-03T19:34:19.381668+00:00
2025-03-19,544.9,544.9,527.5,530.0,21883,530.0,2026-09-03T19:34:19.381668+00:00
2025-03-20,530.0,532.0,521.0,522.61,25240,522.61,2026-09-03T19:34:19.381668+00:00
2025-03-23,513.4,520.0,505.2,506.56,26569,506.56,2026-09-03T19:34:19.381668+00:00
2025-03-24,505.0,538.0,503.0,530.54,48561,530.54,2026-09-03T19:34:19.381668+00:00
2025-03-25,541.1,541.1,505.0,509.47,40515,509.47,2026-09-03T19:34:19.381668+00:00
2025-03-26,499.3,530.0,499.3,525.46,20880,525.46,2026-09-03T19:34:19.381668+00:00
2025-03-27,533.0,540.0,515.0,536.08,39791,536.08,2026-09-03T19:34:19.381668+00:00
2025-03-30,528.1,555.0,525.0,546.89,50076,546.89,2026-09-03T19:34:19.381668+00:00
2025-04-01,545.9,546.8,527.5,533.28,27044,533.28,2026-09-03T19:34:19.381668+00:00
2025-04-02,542.0,576.0,532.1,557.71,58554,557.71,2026-09-03T19:34:19.381668+00:00
2025-04-03,564.9,570.0,543.0,546.97,33086,546.97,2026-09-03T19:34:19.381668+00:00
2025-04-07,543.0,547.9,525.0,525.89,25891,525.89,2026-09-03T19:34:19.381668+00:00
2025-04-08,535.0,536.0,514.1,533.32,32784,533.32,2026-09-03T19:34:19.381668+00:00
2025-04-09,539.0,540.0,525.0,530.9,17492,530.9,2026-09-03T19:34:19.381668+00:00
2025-04-10,530.0,536.0,525.1,526.58,17491,526.58,2026-09-03T19:34:19.381668+00:00
2025-04-13,521.0,524.9,513.0,514.51,33664,514.51,2026-09-03T19:34:19.381668+00:00
2025-04-15,510.0,535.0,505.3,528.92,30454,528.92,2026-09-03T19:34:19.381668+00:00
2025-04-16,534.9,538.0,520.1,520.76,25769,520.76,2026-09-03T19:34:19.381668+00:00
2025-04-17,515.0,538.0,510.5,525.56,28806,525.56,2026-09-03T19:34:19.381668+00:00
2025-04-20,523.0,526.0,516.7,517.78,16556,517.78,2026-09-03T19:34:19.381668+00:00
2025-04-21,525.0,525.0,514.0,514.49,16226,514.49,2026-09-03T19:34:19.381668+00:00
2025-04-22,517.0,521.9,503.8,506.99,26682,506.99,2026-09-03T19:34:19.381668+00:00
2025-04-23,506.2,517.0,505.3,507.53,26669,507.53,2026-09-03T19:34:19.381668+00:00
2025-04-24,510.0,515.0,501.0,505.94,35453,505.94,2026-09-03T19:34:19.381668+00:00
2025-04-27,513.0,513.0,497.0,497.75,36684,497.75,2026-09-03T19:34:19.381668+00:00
2025-04-28,500.0,525.0,500.0,504.34,16878,504.34,2026-09-03T19:34:19.381668+00:00
2025-04-29,494.3,521.0,494.3,499.77,17470,499.77,2026-09-03T19:34:19.381668+00:00
2025-04-30,489.8,506.0,489.8,493.0,23805,493.0,2026-09-03T19:34:19.381668+00:00
2025-05-04,500.0,500.0,480.2,482.12,33703,482.12,2026-09-03T19:34:19.381668+00:00
2025-05-05,481.0,490.0,477.2,481.74,13568,481.74,2026-09-03T19:34:19.381668+00:00
2025-05-06,481.0,488.0,469.0,469.8,29141,469.8,2026-09-03T19:34:19.381668+00:00
2025-05-07,469.0,500.0,469.0,498.7,30416,498.7,2026-09-03T19:34:19.381668+00:00
2025-05-08,503.0,533.5,487.1,517.39,48076,517.39,2026-09-03T19:34:19.381668+00:00
2025-05-11,516.0,517.0,497.0,498.58,19349,498.58,2026-09-03T19:34:19.381668+00:00
2025-05-13,498.1,505.0,483.0,488.43,16535,488.43,2026-09-03T19:34:19.381668+00:00
2025-05-14,490.0,505.0,486.0,487.39,12892,487.39,2026-09-03T19:34:19.381668+00:00
2025-05-15,495.0,495.0,478.0,480.27,18009,480.27,2026-09-03T19:34:19.381668+00:00
2025-05-18,480.2,489.0,475.0,475.57,17667,475.57,2026-09-03T19:34:19.381668+00:00
2025-05-19,485.0,493.0,477.0,478.85,15053,478.85,2026-09-03T19:34:19.381668+00:00
2025-05-20,484.9,495.0,476.1,491.52,25013,491.52,2026-09-03T19:34:19.381668+00:00
2025-05-21,501.3,530.0,490.0,491.99,35747,491.99,2026-09-03T19:34:19.381668+00:00
2025-05-22,497.0,500.0,485.0,489.09,22515,489.09,2026-09-03T19:34:19.381668+00:00
2025-05-25,496.5,496.5,482.0,487.32,7850,487.32,2026-09-03T19:34:19.381668+00:00
2025-05-26,496.0,514.0,482.0,483.34,17319,483.34,2026-09-03T19:34:19.381668+00:00
2025-05-27,480.0,488.0,475.0,476.35,16018,476.35,2026-09-03T19:34:19.381668+00:00
2025-05-28,483.0,483.0,473.5,479.41,10981,479.41,2026-09-03T19:34:19.381668+00:00
2025-06-02,488.9,497.9,481.5,482.4,14025,482.4,2026-09-03T19:34:19.381668+00:00
2025-06-03,489.6,489.6,478.0,478.05,7997,478.05,2026-09-03T19:34:19.381668+00:00
2025-06-04,475.0,484.5,468.5,471.8,20461,471.8,2026-09-03T19:34:19.381668+00:00
2025-06-05,479.9,479.9,465.5,467.59,14500,467.59,2026-09-03T19:34:19.381668+00:00
2025-06-08,472.0,475.3,462.0,463.47,13046,463.47,2026-09-03T19:34:19.381668+00:00
2025-06-09,472.0,472.0,463.0,467.28,14961,467.28,2026-09-03T19:34:19.381668+00:00
2025-06-10,473.0,501.5,468.0,498.45,39259,498.45,2026-09-03T19:34:19.381668+00:00
2025-06-11,505.0,505.0,482.0,483.47,24332,483.47,2026-09-03T19:34:19.381668+00:00
2025-06-12,487.9,500.0,475.0,485.38,31048,485.38,2026-09-03T19:34:19.381668+00:00
2025-06-15,491.0,493.0,476.0,478.19,23045,478.19,2026-09-03T19:34:19.381668+00:00
2025-06-16,486.0,486.0,475.0,477.83,10578,477.83,2026-09-03T19:34:19.381668+00:00
2025-06-17,485.0,485.0,474.5,476.42,9675,476.42,2026-09-03T19:34:19.381668+00:00
2025-06-18,480.0,480.0,471.3,472.1,11305,472.1,2026-09-03T19:34:19.381668+00:00
2025-06-19,481.0,481.0,466.7,467.32,23730,467.32,2026-09-03T19:34:19.381668+00:00
2025-06-22,460.1,469.3,460.1,463.25,14999,463.25,2026-09-03T19:34:19.381668+00:00
2025-06-23,470.1,472.5,460.0,468.66,18468,468.66,2026-09-03T19:34:19.381668+00:00
2025-06-24,476.0,476.0,461.3,463.32,8091,463.32,2026-09-03T19:34:19.381668+00:00
2025-06-25,461.1,467.8,460.0,460.69,5817,460.69,2026-09-03T19:34:19.381668+00:00
2025-06-26,461.1,465.0,457.0,458.17,13662,458.17,2026-09-03T19:34:19.381668+00:00
2025-06-29,457.4,465.0,453.0,462.36,11272,462.36,2026-09-03T19:34:19.381668+00:00
2025-06-30,469.9,469.9,456.3,459.31,3546,459.31,2026-09-03T19:34:19.381668+00:00
2025-07-01,465.0,465.0,458.0,459.36,14280,459.36,2026-09-03T19:34:19.381668+00:00
2025-07-02,466.0,477.9,464.2,470.8,28862,470.8,2026-09-03T19:34:19.381668+00:00
2025-07-03,478.0,499.0,474.0,494.02,62761,494.02,2026-09-03T19:34:19.381668+00:00
2025-07-06,500.0,525.0,489.0,505.23,86572,505.23,2026-09-03T19:34:19.381668+00:00
2025-07-07,500.0,505.1,485.1,487.07,32512,487.07,2026-09-03T19:34:19.381668+00:00
2025-07-08,492.9,507.0,483.1,498.76,25584,498.76,2026-09-03T19:34:19.381668+00:00
2025-07-09,500.0,500.0,490.0,491.66,19060,491.66,2026-09-03T19:34:19.381668+00:00
2025-07-10,499.0,507.0,492.2,494.25,40530,494.25,2026-09-03T19:34:19.381668+00:00
2025-07-13,504.1,524.3,495.1,497.97,27831,497.97,2026-09-03T19:34:19.381668+00:00
2025-07-14,492.0,498.0,488.0,493.12,24259,493.12,2026-09-03T19:34:19.381668+00:00
2025-07-15,495.0,510.0,493.0,505.86,41117,505.86,2026-09-03T19:34:19.381668+00:00
2025-07-16,512.0,514.8,504.0,504.27,26423,504.27,2026-09-03T19:34:19.381668+00:00
2025-07-17,510.0,522.0,504.0,513.01,54812,513.01,2026-09-03T19:34:19.381668+00:00
2025-07-20,514.0,520.0,503.0,504.83,66692,504.83,2026-09-03T19:34:19.381668+00:00
2025-07-21,509.9,510.0,500.0,502.29,45187,502.29,2026-09-03T19:34:19.381668+00:00
2025-07-22,497.0,519.0,497.0,516.88,47391,516.88,2026-09-03T19:34:19.381668+00:00
2025-07-23,525.0,549.0,517.0,537.92,119873,537.92,2026-09-03T19:34:19.381668+00:00
2025-07-24,548.0,548.0,529.0,530.98,49371,530.98,2026-09-03T19:34:19.381668+00:00
2025-07-27,540.0,541.0,515.0,518.75,81429,518.75,2026-09-03T19:34:19.381668+00:00
2025-07-28,520.0,540.6,511.0,539.61,78793,539.61,2026-09-03T19:34:19.381668+00:00
2025-07-29,549.0,558.0,538.0,542.9,73009,542.9,2026-09-03T19:34:19.381668+00:00
2025-07-30,552.0,552.0,522.1,524.65,45505,524.65,2026-09-03T19:34:19.381668+00:00
2025-07-31,515.0,548.0,515.0,524.83,53086,524.83,2026-09-03T19:34:19.381668+00:00
2025-08-03,525.0,535.0,513.5,515.11,37980,515.11,2026-09-03T19:34:19.381668+00:00
2025-08-04,525.0,525.0,504.0,513.92,34070,513.92,2026-09-03T19:34:19.381668+00:00
2025-08-05,515.0,522.0,497.0,501.19,34349,501.19,2026-09-03T19:34:19.381668+00:00
2025-08-06,511.2,511.2,495.0,496.48,33685,496.48,2026-09-03T19:34:19.381668+00:00
2025-08-07,506.4,516.5,492.0,503.71,15141,503.71,2026-09-03T19:34:19.381668+00:00
2025-08-11,513.0,513.0,493.0,493.72,23862,493.72,2026-09-03T19:34:19.381668+00:00
2025-08-12,494.0,500.0,484.1,485.38,15580,485.38,2026-09-03T19:34:19.381668+00:00
2025-08-13,495.0,495.0,482.0,484.42,18815,484.42,2026-09-03T19:34:19.381668+00:00
2025-08-14,494.0,498.0,481.0,483.56,14626,483.56,2026-09-03T19:34:19.381668+00:00
2025-08-17,490.0,493.0,480.0,481.38,11861,481.38,2026-09-03T19:34:19.381668+00:00
2025-08-18,491.0,491.0,481.0,482.86,17337,482.86,2026-09-03T19:34:19.381668+00:00
2025-08-19,492.1,492.1,481.0,482.0,15404,482.0,2026-09-03T19:34:19.381668+00:00
2025-08-20,480.0,485.0,479.0,479.75,13824,479.75,2026-09-03T19:34:19.381668+00:00
2025-08-21,479.75,481.1,475.0,476.24,9522,476.24,2026-09-03T19:34:19.381668+00:00
2025-08-24,476.24,485.7,468.0,470.04,12403,470.04,2026-09-03T19:34:19.381668+00:00
2025-08-25,465.0,471.3,465.0,470.11,12779,470.11,2026-09-03T19:34:19.381668+00:00
2025-08-26,475.0,475.0,468.0,471.47,3748,471.47,2026-09-03T19:34:19.381668+00:00
2025-08-27,480.8,489.0,472.0,485.2,17222,485.2,2026-09-03T19:34:19.381668+00:00
2025-08-28,491.8,491.8,472.0,472.56,20367,472.56,2026-09-03T19:34:19.381668+00:00
2025-08-31,479.0,479.0,463.0,464.85,21556,464.85,2026-09-03T19:34:19.381668+00:00
2025-09-01,468.0,469.0,459.7,466.64,7055,466.64,2026-09-03T19:34:19.381668+00:00
2025-09-02,474.0,474.0,461.0,461.14,13650,461.14,2026-09-03T19:34:19.381668+00:00
2025-09-03,467.9,467.9,460.1,460.23,10713,460.23,2026-09-03T19:34:19.381668+00:00
2025-09-04,463.9,464.0,438.9,452.23,14794,452.23,2026-09-03T19:34:19.381668+00:00
2025-09-07,452.5,467.0,449.8,450.32,12746,450.32,2026-09-03T19:34:19.381668+00:00
2025-09-08,456.9,456.9,439.1,445.6,18095,445.6,2026-09-03T19:34:19.381668+00:00
2025-09-18,445.0,445.0,434.0,434.0,295,434.0,2026-09-03T19:34:19.381668+00:00
2025-09-21,425.4,455.0,420.0,452.41,25564,452.41,2026-09-03T19:34:19.381668+00:00
2025-09-23,453.0,465.0,450.3,457.0,18081,457.0,2026-09-03T19:34:19.381668+00:00
2025-09-24,450.0,455.0,449.0,450.0,9385,450.0,2026-09-03T19:34:19.381668+00:00
2025-09-25,445.2,452.0,445.2,448.0,7695,448.0,2026-09-03T19:34:19.381668+00:00
2025-09-28,453.0,453.0,447.0,448.0,3814,448.0,2026-09-03T19:34:19.381668+00:00
2025-10-07,445.0,447.9,437.0,444.0,9240,444.0,2026-09-03T19:34:19.381668+00:00
2025-10-08,450.0,450.0,417.5,428.5,21747,428.5,2026-09-03T19:34:19.381668+00:00
2025-10-09,437.0,450.0,430.0,438.0,9497,438.0,2026-09-03T19:34:19.381668+00:00
2025-10-12,438.0,442.9,414.1,418.0,20667,418.0,2026-09-03T19:34:19.381668+00:00
2025-10-13,418.0,429.9,402.0,422.0,10878,422.0,2026-09-03T19:34:19.381668+00:00
2025-10-14,428.0,428.0,413.6,416.0,7127,416.0,2026-09-03T19:34:19.381668+00:00
2025-10-15,408.0,424.2,408.0,415.8,6625,415.8,2026-09-03T19:34:19.381668+00:00
2025-10-16,423.9,423.9,400.0,410.1,6066,410.1,2026-09-03T19:34:19.381668+00:00
2025-10-19,418.3,418.3,406.7,406.7,5188,406.7,2026-09-03T19:34:19.381668+00:00
2025-10-26,398.6,405.0,398.0,405.0,11404,405.0,2026-09-03T19:34:19.381668+00:00
2025-10-28,408.0,425.3,406.0,421.0,9413,421.0,2026-09-03T19:34:19.381668+00:00
2025-10-29,426.0,434.9,415.1,420.0,9730,420.0,2026-09-03T19:34:19.381668+00:00
2025-10-30,424.0,426.0,408.0,422.9,19693,422.9,2026-09-03T19:34:19.381668+00:00
2025-11-02,427.0,451.9,425.0,451.8,34877,451.8,2026-09-03T19:34:19.381668+00:00
2025-11-03,451.0,461.0,439.0,441.3,19759,441.3,2026-09-03T19:34:19.381668+00:00
2025-11-04,433.0,452.0,430.1,435.0,22586,435.0,2026-09-03T19:34:19.381668+00:00
2025-11-05,443.7,452.0,425.1,451.0,24197,451.0,2026-09-03T19:34:19.381668+00:00
2025-11-06,457.0,470.0,454.0,454.6,48435,454.6,2026-09-03T19:34:19.381668+00:00
2025-11-09,446.0,446.2,436.0,438.0,27575,438.0,2026-09-03T19:34:19.381668+00:00
2025-11-10,435.0,438.7,428.0,435.0,13885,435.0,2026-09-03T19:34:19.381668+00:00
2025-11-11,439.0,439.0,427.3,431.9,7850,431.9,2026-09-03T19:34:19.381668+00:00
2025-11-12,435.0,435.0,425.0,427.0,11883,427.0,2026-09-03T19:34:19.381668+00:00
2025-11-13,426.0,429.9,424.0,428.5,7418,428.5,2026-09-03T19:34:19.381668+00:00
2025-11-16,434.9,434.9,421.0,425.1,4979,425.1,2026-09-03T19:34:19.381668+00:00
2025-11-17,420.0,430.0,416.6,427.0,7112,427.0,2026-09-03T19:34:19.381668+00:00
2025-11-18,431.0,438.9,425.2,427.3,9825,427.3,2026-09-03T19:34:19.381668+00:00
2025-11-19,433.0,433.0,420.0,424.8,7159,424.8,2026-09-03T19:34:19.381668+00:00
2025-11-20,430.0,433.2,419.0,422.0,13255,422.0,2026-09-03T19:34:19.381668+00:00
2025-11-23,427.9,435.0,423.2,431.0,5608,431.0,2026-09-03T19:34:19.381668+00:00
2025-11-24,436.9,442.0,433.0,442.0,7329,442.0,2026-09-03T19:34:19.381668+00:00
2025-11-25,447.0,450.0,441.0,445.0,17048,445.0,2026-09-03T19:34:19.381668+00:00
2025-11-26,451.0,451.0,437.0,440.0,8117,440.0,2026-09-03T19:34:19.381668+00:00
2025-11-27,439.0,439.0,427.0,434.0,11386,434.0,2026-09-03T19:34:19.381668+00:00
2025-11-30,438.0,439.0,423.5,424.0,17162,424.0,2026-09-03T19:34:19.381668+00:00
2025-12-01,428.0,434.9,424.0,427.0,9314,427.0,2026-09-03T19:34:19.381668+00:00
2025-12-02,435.0,438.0,427.5,432.0,7226,432.0,2026-09-03T19:34:19.381668+00:00
2025-12-03,435.0,450.0,435.0,441.0,52854,441.0,2026-09-03T19:34:19.381668+00:00
2025-12-07,448.9,450.0,435.0,439.0,18877,439.0,2026-09-03T19:34:19.381668+00:00
2025-12-08,430.3,447.0,430.3,438.0,12221,438.0,2026-09-03T19:34:19.381668+00:00
2025-12-09,440.0,444.8,430.0,438.0,12733,438.0,2026-09-03T19:34:19.381668+00:00
2025-12-10,443.0,443.0,428.0,428.0,6854,428.0,2026-09-03T19:34:19.381668+00:00
2025-12-11,432.0,432.0,421.4,427.5,9789,427.5,2026-09-03T19:34:19.381668+00:00
2025-12-14,425.0,432.0,416.6,417.1,17950,417.1,2026-09-03T19:34:19.381668+00:00
2025-12-15,410.5,425.0,410.5,418.0,20898,418.0,2026-09-03T19:34:19.381668+00:00
2025-12-16,424.0,424.0,416.0,418.0,20940,418.0,2026-09-03T19:34:19.381668+00:00
2025-12-17,418.3,431.0,418.0,423.0,30426,423.0,2026-09-03T19:34:19.381668+00:00
2025-12-18,428.0,428.0,416.0,417.0,24729,417.0,2026-09-03T19:34:19.381668+00:00
2025-12-21,419.0,419.0,411.6,414.9,12293,414.9,2026-09-03T19:34:19.381668+00:00
2025-12-22,414.0,414.0,409.1,411.0,7942,411.0,2026-09-03T19:34:19.381668+00:00
2025-12-23,412.0,415.0,408.0,412.7,8420,412.7,2026-09-03T19:34:19.381668+00:00
2025-12-24,417.9,417.9,406.0,407.3,12069,407.3,2026-09-03T19:34:19.381668+00:00
2025-12-28,413.0,420.0,408.1,420.0,20112,420.0,2026-09-03T19:34:19.381668+00:00
2025-12-29,428.0,428.0,417.1,422.0,7295,422.0,2026-09-03T19:34:19.381668+00:00
2025-12-31,425.0,430.4,419.0,423.9,17935,423.9,2026-09-03T19:34:19.381668+00:00
2026-01-01,428.0,428.0,415.0,417.0,7316,417.0,2026-09-03T19:34:19.381668+00:00
2026-01-04,417.9,418.0,411.0,413.3,7013,413.3,2026-09-03T19:34:19.381668+00:00
2026-01-05,417.4,417.4,410.5,416.3,10689,416.3,2026-09-03T19:34:19.381668+00:00
2026-01-06,422.0,433.0,422.0,430.0,42235,430.0,2026-09-03T19:34:19.381668+00:00
2026-01-07,438.6,438.6,426.0,429.0,24130,429.0,2026-09-03T19:34:19.381668+00:00
2026-01-08,426.0,428.0,420.5,427.0,12190,427.0,2026-09-03T19:34:19.381668+00:00
2026-01-12,430.0,430.0,420.1,423.3,9491,423.3,2026-09-03T19:34:19.381668+00:00
2026-01-13,425.0,425.0,418.0,425.0,11414,425.0,2026-09-03T19:34:19.381668+00:00
2026-01-14,418.2,438.0,418.2,429.5,32770,429.5,2026-09-03T19:34:19.381668+00:00
2026-01-18,425.7,452.0,425.7,446.4,60268,446.4,2026-09-03T19:34:19.381668+00:00
2026-01-20,453.0,464.0,449.0,452.3,68203,452.3,2026-09-03T19:34:19.381668+00:00
2026-01-21,450.0,461.0,440.0,447.8,61242,447.8,2026-09-03T19:34:19.381668+00:00
2026-01-22,454.0,461.0,442.0,452.2,47651,452.2,2026-09-03T19:34:19.381668+00:00
2026-01-25,461.2,497.4,461.2,497.4,161415,497.4,2026-09-03T19:34:19.381668+00:00
2026-01-26,507.0,507.0,478.0,487.3,110082,487.3,2026-09-03T19:34:19.381668+00:00
2026-01-27,490.0,496.0,463.8,467.0,66053,467.0,2026-09-03T19:34:19.381668+00:00
2026-01-28,465.0,485.5,462.0,477.1,64337,477.1,2026-09-03T19:34:19.381668+00:00
2026-01-29,471.0,484.5,460.0,464.9,48980,464.9,2026-09-03T19:34:19.381668+00:00
2026-02-01,464.9,490.0,460.2,465.0,30206,465.0,2026-09-03T19:34:19.381668+00:00
2026-02-02,473.0,474.0,456.0,460.0,18188,460.0,2026-09-03T19:34:19.381668+00:00
2026-02-03,468.0,468.0,451.0,452.2,25924,452.2,2026-09-03T19:34:19.381668+00:00
2026-02-04,459.0,465.0,450.2,458.3,30319,458.3,2026-09-03T19:34:19.381668+00:00
2026-02-05,459.0,465.0,450.0,458.0,26614,458.0,2026-09-03T19:34:19.381668+00:00
2026-02-08,467.0,478.3,459.6,464.0,64074,464.0,2026-09-03T19:34:19.381668+00:00
2026-02-09,473.0,473.0,452.0,459.0,23252,459.0,2026-09-03T19:34:19.381668+00:00
2026-02-10,468.0,468.0,447.0,450.2,20768,450.2,2026-09-03T19:34:19.381668+00:00
2026-02-11,459.2,465.0,441.0,447.0,22443,447.0,2026-09-03T19:34:19.381668+00:00
2026-02-12,445.0,472.0,445.0,461.1,57324,461.1,2026-09-03T19:34:19.381668+00:00
2026-02-16,470.3,478.0,455.0,458.6,17267,458.6,2026-09-03T19:34:19.381668+00:00
2026-02-17,467.7,467.7,447.0,447.0,22954,447.0,2026-09-03T19:34:19.381668+00:00
2026-02-22,455.9,455.9,435.0,436.3,12343,436.3,2026-09-03T19:34:19.381668+00:00
2026-02-23,445.0,447.0,434.0,446.8,9802,446.8,2026-09-03T19:34:19.381668+00:00
2026-02-24,455.7,455.7,439.0,449.8,7781,449.8,2026-09-03T19:34:19.381668+00:00
2026-02-25,458.7,458.7,440.0,449.0,8399,449.0,2026-09-03T19:34:19.381668+00:00
2026-02-26,452.9,452.9,442.0,446.9,5513,446.9,2026-09-03T19:34:19.381668+00:00
2026-03-01,445.0,458.6,444.0,455.0,25584,455.0,2026-09-03T19:34:19.381668+00:00
2026-03-03,455.0,467.0,455.0,460.0,25175,460.0,2026-09-03T19:34:19.381668+00:00
2026-03-09,469.2,503.0,469.2,495.0,583,495.0,2026-09-03T19:34:19.381668+00:00
2026-03-10,490.0,499.8,471.0,487.0,79610,487.0,2026-09-03T19:34:19.381668+00:00
2026-03-11,480.2,489.0,469.0,473.0,27649,473.0,2026-09-03T19:34:19.381668+00:00
2026-03-12,473.0,482.0,464.1,478.0,29916,478.0,2026-09-03T19:34:19.381668+00:00
2026-03-15,487.0,487.0,475.0,481.0,32753,481.0,2026-09-03T19:34:19.381668+00:00
2026-03-16,481.0,481.9,470.0,474.0,32473,474.0,2026-09-03T19:34:19.381668+00:00
2026-03-17,470.0,474.0,467.1,472.0,17173,472.0,2026-09-03T19:34:19.381668+00:00
2026-03-19,480.0,488.0,477.8,487.0,36363,487.0,2026-09-03T19:34:19.381668+00:00
2026-03-22,496.7,505.9,488.1,501.7,93798,501.7,2026-09-03T19:34:19.381668+00:00
2026-03-23,510.0,511.0,492.2,499.9,52386,499.9,2026-09-03T19:34:19.381668+00:00
2026-03-24,493.0,510.0,491.0,508.0,42092,508.0,2026-09-03T19:34:19.381668+00:00
2026-03-25,514.9,514.9,490.0,493.0,59939,493.0,2026-09-03T19:34:19.381668+00:00
2026-03-26,500.0,500.0,488.0,493.0,22183,493.0,2026-09-03T19:34:19.381668+00:00
2026-03-29,500.0,500.0,472.0,472.9,44030,472.9,2026-09-03T19:34:19.381668+00:00
2026-03-30,482.3,482.3,458.0,470.0,40316,470.0,2026-09-03T19:34:19.381668+00:00
2026-03-31,479.4,479.4,460.3,472.9,20433,472.9,2026-09-03T19:34:19.381668+00:00
2026-04-01,482.3,482.3,452.0,455.0,27231,455.0,2026-09-03T19:34:19.381668+00:00
2026-04-02,464.1,464.1,445.9,448.0,28371,448.0,2026-09-03T19:34:19.381668+00:00
2026-04-05,439.1,454.0,423.0,425.0,33540,425.0,2026-09-03T19:34:19.381668+00:00
2026-04-06,433.5,459.5,424.9,447.0,26079,447.0,2026-09-03T19:34:19.381668+00:00
2026-04-07,455.9,455.9,436.0,437.0,14601,437.0,2026-09-03T19:34:19.381668+00:00
2026-04-08,443.0,452.0,441.0,447.0,13035,447.0,2026-09-03T19:34:19.381668+00:00
2026-04-09,455.9,467.0,450.0,455.5,34833,455.5,2026-09-03T19:34:19.381668+00:00
2026-04-10,463.8,463.8,447.1,457.9,15729,457.9,2026-09-03T19:34:19.381668+00:00
2026-04-13,467.0,467.0,448.0,455.5,8357,455.5,2026-09-03T19:34:19.381668+00:00
2026-04-15,455.0,471.0,450.0,464.0,22644,464.0,2026-09-03T19:34:19.381668+00:00
2026-04-16,458.0,460.7,450.0,452.0,13852,452.0,2026-09-03T19:34:19.381668+00:00
2026-04-17,456.0,461.0,443.0,448.9,13444,448.9,2026-09-03T19:34:19.381668+00:00
2026-04-20,455.0,456.0,443.0,446.0,2764,446.0,2026-09-03T19:34:19.381668+00:00
2026-04-21,442.0,450.0,441.0,442.3,5944,442.3,2026-09-03T19:34:19.381668+00:00
2026-04-22,446.0,449.9,423.0,444.0,30044,444.0,2026-09-03T19:34:19.381668+00:00
2026-04-23,452.0,452.0,434.6,438.9,3450,438.9,2026-09-03T19:34:19.381668+00:00
2026-04-24,460.8,460.8,425.0,430.0,10579,430.0,2026-09-03T19:34:19.381668+00:00
2026-04-27,430.0,441.0,430.0,437.0,8417,437.0,2026-09-03T19:34:19.381668+00:00
2026-04-28,437.0,445.0,432.0,433.0,5624,433.0,2026-09-03T19:34:19.381668+00:00
2026-04-29,433.0,437.0,417.1,428.0,29100,428.0,2026-09-03T19:34:19.381668+00:00
2026-04-30,421.0,433.0,421.0,430.0,5328,430.0,2026-09-03T19:34:19.381668+00:00
2026-05-04,430.0,433.0,423.2,430.8,12025,430.8,2026-09-03T19:34:19.381668+00:00
2026-05-05,428.0,432.0,425.0,425.0,4687,425.0,2026-09-03T19:34:19.381668+00:00
2026-05-06,433.0,433.0,425.2,425.5,4734,425.5,2026-09-03T19:34:19.381668+00:00
2026-05-07,425.0,428.8,423.0,428.8,8724,428.8,2026-09-03T19:34:19.381668+00:00
2026-05-08,423.0,434.0,423.0,434.0,10578,434.0,2026-09-03T19:34:19.381668+00:00
2026-05-11,430.1,444.0,430.1,441.9,7165,441.9,2026-09-03T19:34:19.381668+00:00
2026-05-12,448.0,448.5,429.0,430.5,17882,430.5,2026-09-03T19:34:19.381668+00:00
2026-05-13,430.0,435.0,425.0,434.0,3959,434.0,2026-09-03T19:34:19.381668+00:00
2026-05-14,427.0,435.0,427.0,430.0,3435,430.0,2026-09-03T19:34:19.381668+00:00
2026-05-15,427.0,439.7,427.0,431.0,4057,431.0,2026-09-03T19:34:19.381668+00:00
2026-05-18,437.0,437.0,425.3,436.0,1994,436.0,2026-09-03T19:34:19.381668+00:00
2026-05-19,442.9,442.9,427.1,431.5,1478,431.5,2026-09-03T19:34:19.381668+00:00
2026-05-20,432.0,438.0,426.2,436.0,7314,436.0,2026-09-03T19:34:19.381668+00:00
2026-05-21,435.0,439.9,430.3,437.9,4240,437.9,2026-09-03T19:34:19.381668+00:00
2026-05-22,439.8,439.8,430.0,438.9,2688,438.9,2026-09-03T19:34:19.381668+00:00
2026-05-25,430.0,447.0,430.0,444.9,16231,444.9,2026-09-03T19:34:19.381668+00:00
2026-05-26,454.9,454.9,439.2,442.5,3991,442.5,2026-09-03T19:34:19.381668+00:00
2026-05-27,444.9,445.0,434.0,436.2,10965,436.2,2026-09-03T19:34:19.381668+00:00
2026-06-01,443.8,443.9,430.0,432.0,2109,432.0,2026-09-03T19:34:19.381668+00:00
2026-06-02,439.0,470.0,439.0,469.0,101831,469.0,2026-09-03T19:34:19.381668+00:00
2026-06-03,480.0,482.0,456.0,468.0,64984,468.0,2026-09-03T19:34:19.381668+00:00
2026-06-04,475.0,489.0,465.0,465.4,70172,465.4,2026-09-03T19:34:19.381668+00:00
2026-06-05,470.0,501.0,468.0,494.5,202534,494.5,2026-09-03T19:34:19.381668+00:00
2026-06-08,500.0,513.4,495.0,499.0,153342,499.0,2026-09-03T19:34:19.381668+00:00
2026-06-09,491.0,505.0,476.2,494.0,73944,494.0,2026-09-03T19:34:19.381668+00:00
2026-06-10,505.0,505.0,486.0,490.0,97594,490.0,2026-09-03T19:34:19.381668+00:00
2026-06-11,480.0,487.5,470.0,471.0,36801,471.0,2026-09-03T19:34:19.381668+00:00
2026-06-12,471.0,480.0,465.0,465.3,27977,465.3,2026-09-03T19:34:19.381668+00:00
2026-06-15,450.0,474.0,450.0,455.0,34195,455.0,2026-09-03T19:34:19.381668+00:00
2026-06-16,460.0,468.6,457.0,463.9,21446,463.9,2026-09-03T19:34:19.381668+00:00
2026-06-17,487.0,487.0,455.0,458.8,30160,458.8,2026-09-03T19:34:19.381668+00:00
2026-06-18,455.0,463.0,453.2,459.9,13939,459.9,2026-09-03T19:34:19.381668+00:00
2026-06-19,437.0,490.8,437.0,490.8,113279,490.8,2026-09-03T19:34:19.381668+00:00
2026-06-22,470.0,496.0,470.0,480.0,43187,480.0,2026-09-03T19:34:19.381668+00:00
2026-06-23,504.0,504.0,476.2,487.0,83792,487.0,2026-09-03T19:34:19.381668+00:00
2026-06-24,462.7,507.5,462.7,499.0,200470,499.0,2026-09-03T19:34:19.381668+00:00
2026-06-25,499.0,505.0,482.1,489.0,45518,489.0,2026-09-03T19:34:19.381668+00:00
2026-06-26,489.0,495.0,476.5,481.9,53781,481.9,2026-09-03T19:34:19.381668+00:00
2026-06-29,488.0,488.0,465.0,469.0,45312,469.0,2026-09-03T19:34:19.381668+00:00
2026-06-30,462.0,475.8,460.0,460.9,55032,460.9,2026-09-03T19:34:19.381668+00:00
2026-07-01,461.1,475.0,460.0,475.0,67406,475.0,2026-09-03T19:34:19.381668+00:00
2026-07-02,467.3,473.9,456.0,469.7,45907,469.7,2026-09-03T19:34:19.381668+00:00
2026-07-03,469.1,482.0,465.6,474.9,71755,474.9,2026-09-03T19:34:19.381668+00:00
2026-07-06,475.9,480.0,462.2,472.0,31089,472.0,2026-09-03T19:34:19.381668+00:00
2026-07-07,464.1,474.0,463.0,467.9,19594,467.9,2026-09-03T19:34:19.381668+00:00
2026-07-08,470.9,470.9,455.0,463.0,22973,463.0,2026-09-03T19:34:19.381668+00:00
2026-07-09,439.9,465.9,439.9,463.3,20070,463.3,2026-09-03T19:34:19.381668+00:00
2026-07-10,467.7,467.7,450.1,459.7,25717,459.7,2026-09-03T19:34:19.381668+00:00
2026-07-13,464.0,464.0,442.0,450.0,19127,450.0,2026-09-03T19:34:19.381668+00:00
2026-07-14,450.0,454.0,440.0,451.0,12621,451.0,2026-09-03T19:34:19.381668+00:00
2026-07-15,440.0,460.0,440.0,454.9,25070,454.9,2026-09-03T19:34:19.381668+00:00
2026-07-16,459.0,467.5,448.3,450.0,31854,450.0,2026-09-03T19:34:19.381668+00:00
2026-07-17,462.0,471.0,455.6,470.0,31609,470.0,2026-09-03T19:34:19.381668+00:00
2026-07-20,470.0,477.8,465.5,475.0,42873,475.0,2026-09-03T19:34:19.381668+00:00
2026-07-21,470.0,484.0,465.0,465.2,50923,465.2,2026-09-03T19:34:19.381668+00:00
2026-07-22,470.0,482.0,466.3,473.0,57262,473.0,2026-09-03T19:34:19.381668+00:00
2026-07-23,490.0,490.0,460.0,479.0,32135,479.0,2026-09-03T19:34:19.381668+00:00
2026-07-24,500.0,500.0,471.0,471.0,46706,471.0,2026-09-03T19:34:19.381668+00:00
2026-07-27,484.0,484.0,465.1,469.0,52582,469.0,2026-09-03T19:34:19.381668+00:00
2026-07-28,474.0,474.0,463.0,470.0,19694,470.0,2026-09-03T19:34:19.381668+00:00
2026-07-29,462.6,472.9,462.6,463.0,13545,463.0,2026-09-03T19:34:19.381668+00:00
2026-07-30,470.9,470.9,457.0,465.0,13971,465.0,2026-09-03T19:34:19.381668+00:00
2026-07-31,460.0,469.5,459.0,465.0,11226,465.0,2026-09-03T19:34:19.381668+00:00
2026-08-03,469.6,470.7,460.0,466.8,14449,466.8,2026-09-03T19:34:19.381668+00:00
2026-08-04,466.8,469.0,460.0,468.9,43231,468.9,2026-09-03T19:34:19.381668+00:00
2026-08-05,492.3,492.3,457.0,459.9,37185,459.9,2026-09-03T19:34:19.381668+00:00
2026-08-06,469.0,469.0,450.1,457.0,13466,457.0,2026-09-03T19:34:19.381668+00:00
2026-08-07,465.0,465.0,452.2,452.6,10292,452.6,2026-09-03T19:34:19.381668+00:00
2026-08-10,462.8,462.8,445.7,447.0,32466,447.0,2026-09-03T19:34:19.381668+00:00
2026-08-11,457.9,457.9,446.0,446.0,11787,446.0,2026-09-03T19:34:19.381668+00:00
2026-08-12,452.9,455.0,443.0,448.9,27609,448.9,2026-09-03T19:34:19.381668+00:00
2026-08-13,426.5,465.5,426.5,449.0,16401,449.0,2026-09-03T19:34:19.381668+00:00
2026-08-14,442.1,476.0,442.0,449.0,17082,449.0,2026-09-03T19:34:19.381668+00:00
2026-08-17,455.0,455.0,441.8,442.0,13135,442.0,2026-09-03T19:34:19.381668+00:00
2026-08-18,449.0,449.4,432.0,441.9,31193,441.9,2026-09-03T19:34:19.381668+00:00
2026-08-19,419.9,452.8,419.9,443.0,8191,443.0,2026-09-03T19:34:19.381668+00:00
2026-08-20,433.1,441.0,425.0,436.0,11299,436.0,2026-09-03T19:34:19.381668+00:00
2026-08-21,438.9,444.9,434.2,435.0,15773,435.0,2026-09-03T19:34:19.381668+00:00
2026-08-24,442.0,442.0,432.5,433.0,34855,433.0,2026-09-03T19:34:19.381668+00:00
2026-08-25,439.9,439.9,428.8,431.0,7865,431.0,2026-09-03T19:34:19.381668+00:00
2026-08-26,436.0,436.0,421.5,427.0,20684,427.0,2026-09-03T19:34:19.381668+00:00
2026-08-27,437.0,437.0,415.0,430.0,16321,430.0,2026-09-03T19:34:19.381668+00:00
2026-08-31,434.9,434.9,411.2,414.9,13700,414.9,2026-09-03T19:34:19.381668+00:00
2026-09-01,423.0,424.0,412.0,419.8,7320,419.8,2026-09-03T19:34:19.381668+00:00
2026-09-02,426.0,429.0,416.2,420.9,7599,420.9,2026-09-03T19:34:19.381668+00:00
2026-09-03,424.0,430.0,418.1,418.1,7707,418.1,2026-09-03T19:34:19.381668+00:00
