date,open,high,low,close,volume,adj_close,fetched_at
2012-09-10,175.0,178.0,178.0,178.0,34,178.0,2026-09-03T19:33:49.990958+00:00
2012-09-20,178.0,181.0,181.0,181.0,240,181.0,2026-09-03T19:33:49.990958+00:00
2012-09-24,181.0,181.0,181.0,181.0,80,181.0,2026-09-03T19:33:49.990958+00:00
2012-09-26,181.0,180.0,180.0,180.0,100,180.0,2026-09-03T19:33:49.990958+00:00
2012-09-30,180.0,183.0,183.0,183.0,4000,183.0,2026-09-03T19:33:49.990958+00:00
2012-10-01,183.0,198.0,186.0,198.0,1553,198.0,2026-09-03T19:33:49.990958+00:00
2012-10-01,183.0,198.0,186.0,198.0,1553,198.0,2026-09-03T19:33:49.990958+00:00
2012-10-02,198.0,213.0,201.0,213.0,40,213.0,2026-09-03T19:33:49.990958+00:00
2012-10-03,213.0,217.0,209.0,217.0,120,217.0,2026-09-03T19:33:49.990958+00:00
2012-10-11,217.0,221.0,221.0,221.0,10,221.0,2026-09-03T19:33:49.990958+00:00
2012-10-15,221.0,225.0,225.0,225.0,192,225.0,2026-09-03T19:33:49.990958+00:00
2012-12-13,225.0,225.0,225.0,225.0,790,225.0,2026-09-03T19:33:49.990958+00:00
2012-12-17,225.0,221.0,221.0,221.0,14,221.0,2026-09-03T19:33:49.990958+00:00
2012-12-18,221.0,225.0,225.0,225.0,46,225.0,2026-09-03T19:33:49.990958+00:00
2012-12-19,225.0,225.0,225.0,225.0,183,225.0,2026-09-03T19:33:49.990958+00:00
2013-01-02,225.0,221.0,221.0,221.0,40,221.0,2026-09-03T19:33:49.990958+00:00
2013-01-07,221.0,217.0,217.0,217.0,100,217.0,2026-09-03T19:33:49.990958+00:00
2013-01-31,217.0,213.0,210.0,210.0,108,210.0,2026-09-03T19:33:49.990958+00:00
2013-02-10,210.0,206.0,206.0,206.0,40,206.0,2026-09-03T19:33:49.990958+00:00
2013-02-20,206.0,206.0,202.0,202.0,300,202.0,2026-09-03T19:33:49.990958+00:00
2013-03-27,202.0,198.0,198.0,198.0,40,198.0,2026-09-03T19:33:49.990958+00:00
2013-03-28,198.0,195.0,192.0,192.0,80,192.0,2026-09-03T19:33:49.990958+00:00
2013-04-11,192.0,192.0,192.0,192.0,504,192.0,2026-09-03T19:33:49.990958+00:00
2013-04-16,192.0,189.0,186.0,186.0,600,186.0,2026-09-03T19:33:49.990958+00:00
2013-04-18,186.0,186.0,185.0,185.0,506,185.0,2026-09-03T19:33:49.990958+00:00
2013-04-22,185.0,182.0,182.0,182.0,11,182.0,2026-09-03T19:33:49.990958+00:00
2013-04-30,182.0,179.0,179.0,179.0,40,179.0,2026-09-03T19:33:49.990958+00:00
2013-05-02,179.0,182.0,182.0,182.0,40,182.0,2026-09-03T19:33:49.990958+00:00
2013-05-12,182.0,179.0,179.0,179.0,25,179.0,2026-09-03T19:33:49.990958+00:00
2013-05-21,179.0,176.0,176.0,176.0,80,176.0,2026-09-03T19:33:49.990958+00:00
2013-05-22,176.0,173.0,173.0,173.0,160,173.0,2026-09-03T19:33:49.990958+00:00
2013-05-26,173.0,171.0,171.0,171.0,36,171.0,2026-09-03T19:33:49.990958+00:00
2013-05-27,171.0,168.0,168.0,168.0,120,168.0,2026-09-03T19:33:49.990958+00:00
2013-05-28,168.0,165.0,165.0,165.0,160,165.0,2026-09-03T19:33:49.990958+00:00
2013-06-09,165.0,165.0,162.0,162.0,280,162.0,2026-09-03T19:33:49.990958+00:00
2013-06-27,162.0,171.0,165.0,171.0,120,171.0,2026-09-03T19:33:49.990958+00:00
2013-07-01,171.0,177.0,174.0,177.0,612,177.0,2026-09-03T19:33:49.990958+00:00
2013-07-02,177.0,177.0,177.0,177.0,160,177.0,2026-09-03T19:33:49.990958+00:00
2013-07-03,177.0,180.0,180.0,180.0,40,180.0,2026-09-03T19:33:49.990958+00:00
2013-07-04,180.0,183.0,183.0,183.0,40,183.0,2026-09-03T19:33:49.990958+00:00
2013-07-07,183.0,201.0,186.0,201.0,482,201.0,2026-09-03T19:33:49.990958+00:00
2013-07-08,201.0,221.0,205.0,221.0,6134,221.0,2026-09-03T19:33:49.990958+00:00
2013-07-09,221.0,243.0,225.0,243.0,835,243.0,2026-09-03T19:33:49.990958+00:00
2013-07-10,243.0,256.0,247.0,256.0,59,256.0,2026-09-03T19:33:49.990958+00:00
2013-07-11,256.0,281.0,261.0,281.0,4913,281.0,2026-09-03T19:33:49.990958+00:00
2013-07-14,281.0,286.0,276.0,281.0,525,281.0,2026-09-03T19:33:49.990958+00:00
2013-07-15,281.0,286.0,280.0,284.0,1263,284.0,2026-09-03T19:33:49.990958+00:00
2013-07-16,284.0,285.0,279.0,279.0,3450,279.0,2026-09-03T19:33:49.990958+00:00
2013-07-17,279.0,279.0,279.0,279.0,40,279.0,2026-09-03T19:33:49.990958+00:00
2013-07-18,279.0,280.0,275.0,275.0,813,275.0,2026-09-03T19:33:49.990958+00:00
2013-07-21,275.0,290.0,280.0,285.0,928,285.0,2026-09-03T19:33:49.990958+00:00
2013-07-22,285.0,285.0,280.0,280.0,259,280.0,2026-09-03T19:33:49.990958+00:00
2013-07-23,280.0,280.0,275.0,280.0,185,280.0,2026-09-03T19:33:49.990958+00:00
2013-07-24,280.0,290.0,285.0,290.0,894,290.0,2026-09-03T19:33:49.990958+00:00
2013-07-25,290.0,285.0,280.0,280.0,1000,280.0,2026-09-03T19:33:49.990958+00:00
2013-07-28,280.0,290.0,285.0,290.0,579,290.0,2026-09-03T19:33:49.990958+00:00
2013-07-29,290.0,290.0,285.0,290.0,537,290.0,2026-09-03T19:33:49.990958+00:00
2013-07-30,290.0,290.0,289.0,289.0,1617,289.0,2026-09-03T19:33:49.990958+00:00
2013-07-31,289.0,290.0,285.0,290.0,351,290.0,2026-09-03T19:33:49.990958+00:00
2013-08-01,290.0,300.0,291.0,291.0,351,291.0,2026-09-03T19:33:49.990958+00:00
2013-08-04,291.0,296.0,296.0,296.0,454,296.0,2026-09-03T19:33:49.990958+00:00
2013-08-05,296.0,300.0,300.0,300.0,40,300.0,2026-09-03T19:33:49.990958+00:00
2013-08-07,300.0,294.0,275.0,275.0,392,275.0,2026-09-03T19:33:49.990958+00:00
2013-08-13,275.0,275.0,270.0,275.0,296,275.0,2026-09-03T19:33:49.990958+00:00
2013-08-14,275.0,276.0,275.0,275.0,2518,275.0,2026-09-03T19:33:49.990958+00:00
2013-08-15,275.0,285.0,280.0,285.0,140,285.0,2026-09-03T19:33:49.990958+00:00
2013-08-18,285.0,285.0,276.0,276.0,641,276.0,2026-09-03T19:33:49.990958+00:00
2013-08-20,276.0,271.0,271.0,271.0,36,271.0,2026-09-03T19:33:49.990958+00:00
2013-08-25,271.0,281.0,276.0,281.0,3896,281.0,2026-09-03T19:33:49.990958+00:00
2013-08-26,281.0,286.0,285.0,285.0,2740,285.0,2026-09-03T19:33:49.990958+00:00
2013-08-27,285.0,290.0,290.0,290.0,240,290.0,2026-09-03T19:33:49.990958+00:00
2013-09-01,290.0,285.0,285.0,285.0,80,285.0,2026-09-03T19:33:49.990958+00:00
2013-09-02,285.0,290.0,290.0,290.0,36,290.0,2026-09-03T19:33:49.990958+00:00
2013-09-03,290.0,285.0,285.0,285.0,125,285.0,2026-09-03T19:33:49.990958+00:00
2013-09-04,285.0,280.0,280.0,280.0,500,280.0,2026-09-03T19:33:49.990958+00:00
2013-09-09,280.0,275.0,275.0,275.0,80,275.0,2026-09-03T19:33:49.990958+00:00
2013-09-11,275.0,271.0,265.0,265.0,296,265.0,2026-09-03T19:33:49.990958+00:00
2013-09-15,265.0,260.0,255.0,255.0,46,255.0,2026-09-03T19:33:49.990958+00:00
2013-09-16,255.0,265.0,260.0,265.0,5579,265.0,2026-09-03T19:33:49.990958+00:00
2013-09-17,265.0,275.0,270.0,275.0,6101,275.0,2026-09-03T19:33:49.990958+00:00
2013-09-19,275.0,280.0,275.0,275.0,186,275.0,2026-09-03T19:33:49.990958+00:00
2013-09-30,275.0,288.0,288.0,288.0,10,288.0,2026-09-03T19:33:49.990958+00:00
2013-10-07,288.0,289.0,289.0,289.0,38,289.0,2026-09-03T19:33:49.990958+00:00
2013-10-08,289.0,284.0,284.0,284.0,48,284.0,2026-09-03T19:33:49.990958+00:00
2013-10-17,284.0,298.0,298.0,298.0,10,298.0,2026-09-03T19:33:49.990958+00:00
2013-10-29,298.0,293.0,293.0,293.0,70,293.0,2026-09-03T19:33:49.990958+00:00
2013-10-30,293.0,288.0,288.0,288.0,80,288.0,2026-09-03T19:33:49.990958+00:00
2013-11-06,288.0,285.0,280.0,285.0,390,285.0,2026-09-03T19:33:49.990958+00:00
2013-11-10,285.0,295.0,285.0,295.0,258,295.0,2026-09-03T19:33:49.990958+00:00
2013-11-12,295.0,295.0,295.0,295.0,80,295.0,2026-09-03T19:33:49.990958+00:00
2013-11-13,295.0,312.0,300.0,312.0,615,312.0,2026-09-03T19:33:49.990958+00:00
2013-11-14,312.0,312.0,308.0,308.0,7238,308.0,2026-09-03T19:33:49.990958+00:00
2013-12-05,280.0,285.0,285.0,285.0,20,285.0,2026-09-03T19:33:49.990958+00:00
2013-12-09,285.0,295.0,290.0,295.0,20,295.0,2026-09-03T19:33:49.990958+00:00
2013-12-10,295.0,330.0,300.0,330.0,100,330.0,2026-09-03T19:33:49.990958+00:00
2013-12-11,318.0,324.0,324.0,324.0,68,324.0,2026-09-03T19:33:49.990958+00:00
2013-12-12,324.0,336.0,330.0,336.0,839,336.0,2026-09-03T19:33:49.990958+00:00
2013-12-16,336.0,342.0,342.0,342.0,10,342.0,2026-09-03T19:33:49.990958+00:00
2013-12-18,342.0,348.0,348.0,348.0,188,348.0,2026-09-03T19:33:49.990958+00:00
2013-12-19,348.0,361.0,354.0,361.0,1515,361.0,2026-09-03T19:33:49.990958+00:00
2013-12-22,361.0,397.0,368.0,397.0,5028,397.0,2026-09-03T19:33:49.990958+00:00
2013-12-23,397.0,436.0,404.0,436.0,7372,436.0,2026-09-03T19:33:49.990958+00:00
2013-12-24,436.0,470.0,444.0,465.0,2400,465.0,2026-09-03T19:33:49.990958+00:00
2013-12-26,465.0,456.0,450.0,450.0,1200,450.0,2026-09-03T19:33:49.990958+00:00
2013-12-29,450.0,450.0,441.0,449.0,1070,449.0,2026-09-03T19:33:49.990958+00:00
2013-12-31,449.0,441.0,435.0,435.0,468,435.0,2026-09-03T19:33:49.990958+00:00
2014-01-01,435.0,427.0,419.0,419.0,320,419.0,2026-09-03T19:33:49.990958+00:00
2014-01-05,419.0,425.0,420.0,420.0,840,420.0,2026-09-03T19:33:49.990958+00:00
2014-01-06,420.0,415.0,415.0,415.0,420,415.0,2026-09-03T19:33:49.990958+00:00
2014-01-07,415.0,413.0,400.0,413.0,11100,413.0,2026-09-03T19:33:49.990958+00:00
2014-01-08,413.0,425.0,421.0,425.0,2022,425.0,2026-09-03T19:33:49.990958+00:00
2014-01-09,425.0,425.0,425.0,425.0,1000,425.0,2026-09-03T19:33:49.990958+00:00
2014-01-12,425.0,433.0,425.0,433.0,1500,433.0,2026-09-03T19:33:49.990958+00:00
2014-01-13,433.0,425.0,425.0,425.0,40,425.0,2026-09-03T19:33:49.990958+00:00
2014-01-14,425.0,426.0,426.0,426.0,38,426.0,2026-09-03T19:33:49.990958+00:00
2014-01-23,426.0,420.0,420.0,420.0,160,420.0,2026-09-03T19:33:49.990958+00:00
2014-01-26,420.0,445.0,428.0,440.0,3456,440.0,2026-09-03T19:33:49.990958+00:00
2014-01-27,440.0,465.0,440.0,465.0,351,465.0,2026-09-03T19:33:49.990958+00:00
2014-01-28,465.0,470.0,470.0,470.0,1000,470.0,2026-09-03T19:33:49.990958+00:00
2014-01-29,470.0,480.0,472.0,479.0,2152,479.0,2026-09-03T19:33:49.990958+00:00
2014-02-02,479.0,488.0,475.0,475.0,6420,475.0,2026-09-03T19:33:49.990958+00:00
2014-02-06,475.0,474.0,470.0,470.0,307,470.0,2026-09-03T19:33:49.990958+00:00
2014-02-11,470.0,487.0,469.0,487.0,2044,487.0,2026-09-03T19:33:49.990958+00:00
2014-02-13,487.0,478.0,478.0,478.0,20,478.0,2026-09-03T19:33:49.990958+00:00
2014-02-17,478.0,496.0,469.0,496.0,378,496.0,2026-09-03T19:33:49.990958+00:00
2014-02-20,496.0,499.0,499.0,499.0,50,499.0,2026-09-03T19:33:49.990958+00:00
2014-02-26,499.0,508.0,498.0,498.0,384,498.0,2026-09-03T19:33:49.990958+00:00
2014-03-03,498.0,498.0,498.0,498.0,308,498.0,2026-09-03T19:33:49.990958+00:00
2014-03-23,498.0,489.0,489.0,489.0,191,489.0,2026-09-03T19:33:49.990958+00:00
2014-03-24,489.0,480.0,480.0,480.0,1335,480.0,2026-09-03T19:33:49.990958+00:00
2014-03-25,480.0,471.0,432.0,432.0,773,432.0,2026-09-03T19:33:49.990958+00:00
2014-03-26,432.0,469.0,435.0,442.0,700,442.0,2026-09-03T19:33:49.990958+00:00
2014-03-27,442.0,435.0,419.0,419.0,132,419.0,2026-09-03T19:33:49.990958+00:00
2014-03-31,419.0,426.0,418.0,426.0,369,426.0,2026-09-03T19:33:49.990958+00:00
2014-04-01,426.0,425.0,418.0,418.0,317,418.0,2026-09-03T19:33:49.990958+00:00
2014-04-02,418.0,426.0,421.0,421.0,325,421.0,2026-09-03T19:33:49.990958+00:00
2014-04-03,421.0,437.0,428.0,437.0,320,437.0,2026-09-03T19:33:49.990958+00:00
2014-04-06,437.0,465.0,445.0,465.0,195,465.0,2026-09-03T19:33:49.990958+00:00
2014-04-07,465.0,465.0,456.0,465.0,369,465.0,2026-09-03T19:33:49.990958+00:00
2014-04-09,465.0,465.0,465.0,465.0,253,465.0,2026-09-03T19:33:49.990958+00:00
2014-04-10,465.0,460.0,460.0,460.0,1080,460.0,2026-09-03T19:33:49.990958+00:00
2014-04-16,460.0,452.0,451.0,451.0,264,451.0,2026-09-03T19:33:49.990958+00:00
2014-04-17,451.0,445.0,445.0,445.0,517,445.0,2026-09-03T19:33:49.990958+00:00
2014-04-21,445.0,445.0,445.0,445.0,88,445.0,2026-09-03T19:33:49.990958+00:00
2014-04-22,445.0,437.0,421.0,437.0,4870,437.0,2026-09-03T19:33:49.990958+00:00
2014-04-23,437.0,445.0,445.0,445.0,92,445.0,2026-09-03T19:33:49.990958+00:00
2014-04-28,445.0,489.0,453.0,489.0,891,489.0,2026-09-03T19:33:49.990958+00:00
2014-04-29,489.0,490.0,490.0,490.0,15,490.0,2026-09-03T19:33:49.990958+00:00
2014-05-11,490.0,481.0,441.0,442.0,8501,442.0,2026-09-03T19:33:49.990958+00:00
2014-05-12,442.0,434.0,434.0,434.0,35,434.0,2026-09-03T19:33:49.990958+00:00
2014-05-13,434.0,430.0,430.0,430.0,29,430.0,2026-09-03T19:33:49.990958+00:00
2014-05-20,430.0,438.0,438.0,438.0,140,438.0,2026-09-03T19:33:49.990958+00:00
2014-05-25,438.0,463.0,446.0,446.0,982,446.0,2026-09-03T19:33:49.990958+00:00
2014-05-26,446.0,454.0,454.0,454.0,100,454.0,2026-09-03T19:33:49.990958+00:00
2014-05-27,454.0,455.0,455.0,455.0,134,455.0,2026-09-03T19:33:49.990958+00:00
2014-06-01,455.0,455.0,455.0,455.0,100,455.0,2026-09-03T19:33:49.990958+00:00
2014-06-02,455.0,465.0,450.0,465.0,616,465.0,2026-09-03T19:33:49.990958+00:00
2014-06-03,465.0,465.0,465.0,465.0,30,465.0,2026-09-03T19:33:49.990958+00:00
2014-06-05,465.0,459.0,445.0,459.0,4239,459.0,2026-09-03T19:33:49.990958+00:00
2014-06-09,459.0,460.0,451.0,451.0,585,451.0,2026-09-03T19:33:49.990958+00:00
2014-06-10,451.0,450.0,450.0,450.0,5695,450.0,2026-09-03T19:33:49.990958+00:00
2014-06-11,450.0,464.0,443.0,450.0,20098,450.0,2026-09-03T19:33:49.990958+00:00
2014-06-12,450.0,475.0,459.0,475.0,1800,475.0,2026-09-03T19:33:49.990958+00:00
2015-05-31,424.0,416.0,416.0,416.0,10,416.0,2026-09-03T19:33:49.990958+00:00
2015-06-02,416.0,408.0,408.0,408.0,10,408.0,2026-09-03T19:33:49.990958+00:00
2015-06-08,408.0,400.0,386.0,386.0,271,386.0,2026-09-03T19:33:49.990958+00:00
2015-06-08,408.0,400.0,386.0,386.0,271,386.0,2026-09-03T19:33:49.990958+00:00
2015-06-08,408.0,400.0,386.0,386.0,271,386.0,2026-09-03T19:33:49.990958+00:00
2015-06-09,386.0,408.0,379.0,379.0,5320,379.0,2026-09-03T19:33:49.990958+00:00
2015-06-10,379.0,386.0,373.0,374.0,3562,374.0,2026-09-03T19:33:49.990958+00:00
2015-06-11,374.0,370.0,365.0,365.0,1800,365.0,2026-09-03T19:33:49.990958+00:00
2015-06-16,365.0,365.0,365.0,365.0,49,365.0,2026-09-03T19:33:49.990958+00:00
2015-06-18,365.0,362.0,346.0,346.0,495,346.0,2026-09-03T19:33:49.990958+00:00
2015-06-21,346.0,340.0,340.0,340.0,183,340.0,2026-09-03T19:33:49.990958+00:00
2015-06-22,340.0,350.0,344.0,344.0,1335,344.0,2026-09-03T19:33:49.990958+00:00
2015-06-23,344.0,338.0,338.0,338.0,197,338.0,2026-09-03T19:33:49.990958+00:00
2015-06-25,338.0,338.0,338.0,338.0,360,338.0,2026-09-03T19:33:49.990958+00:00
2015-06-29,338.0,344.0,338.0,344.0,781,344.0,2026-09-03T19:33:49.990958+00:00
2015-06-30,344.0,350.0,350.0,350.0,10,350.0,2026-09-03T19:33:49.990958+00:00
2015-07-12,350.0,343.0,325.0,325.0,270,325.0,2026-09-03T19:33:49.990958+00:00
2015-07-13,325.0,320.0,320.0,320.0,98,320.0,2026-09-03T19:33:49.990958+00:00
2015-07-14,320.0,327.0,320.0,321.0,966,321.0,2026-09-03T19:33:49.990958+00:00
2015-07-15,321.0,327.0,327.0,327.0,10,327.0,2026-09-03T19:33:49.990958+00:00
2015-07-23,327.0,321.0,321.0,321.0,59,321.0,2026-09-03T19:33:49.990958+00:00
2015-07-27,321.0,333.0,327.0,327.0,537,327.0,2026-09-03T19:33:49.990958+00:00
2015-07-28,327.0,339.0,333.0,339.0,266,339.0,2026-09-03T19:33:49.990958+00:00
2015-07-29,339.0,372.0,344.0,372.0,255,372.0,2026-09-03T19:33:49.990958+00:00
2015-07-30,372.0,390.0,369.0,369.0,402,369.0,2026-09-03T19:33:49.990958+00:00
2015-08-04,369.0,376.0,376.0,376.0,10,376.0,2026-09-03T19:33:49.990958+00:00
2015-08-05,376.0,369.0,369.0,369.0,49,369.0,2026-09-03T19:33:49.990958+00:00
2015-08-06,369.0,383.0,376.0,383.0,22,383.0,2026-09-03T19:33:49.990958+00:00
2015-08-09,383.0,383.0,379.0,379.0,5120,379.0,2026-09-03T19:33:49.990958+00:00
2015-08-10,379.0,372.0,345.0,345.0,889,345.0,2026-09-03T19:33:49.990958+00:00
2015-08-11,345.0,364.0,350.0,364.0,314,364.0,2026-09-03T19:33:49.990958+00:00
2015-08-12,364.0,357.0,335.0,346.0,651,346.0,2026-09-03T19:33:49.990958+00:00
2015-08-13,346.0,340.0,334.0,340.0,1235,340.0,2026-09-03T19:33:49.990958+00:00
2015-08-17,340.0,340.0,340.0,340.0,82,340.0,2026-09-03T19:33:49.990958+00:00
2015-08-18,340.0,345.0,340.0,345.0,196,345.0,2026-09-03T19:33:49.990958+00:00
2015-08-18,340.0,345.0,340.0,345.0,196,345.0,2026-09-03T19:33:49.990958+00:00
2015-08-19,345.0,358.0,351.0,351.0,755,351.0,2026-09-03T19:33:49.990958+00:00
2015-08-20,351.0,346.0,345.0,345.0,1055,345.0,2026-09-03T19:33:49.990958+00:00
2015-08-23,345.0,351.0,351.0,351.0,49,351.0,2026-09-03T19:33:49.990958+00:00
2015-08-24,351.0,358.0,351.0,358.0,481,358.0,2026-09-03T19:33:49.990958+00:00
2015-08-25,358.0,352.0,351.0,351.0,696,351.0,2026-09-03T19:33:49.990958+00:00
2015-08-31,351.0,350.0,350.0,350.0,81,350.0,2026-09-03T19:33:49.990958+00:00
2015-09-01,350.0,363.0,356.0,360.0,543,360.0,2026-09-03T19:33:49.990958+00:00
2015-09-02,360.0,367.0,360.0,367.0,425,367.0,2026-09-03T19:33:49.990958+00:00
2015-09-03,367.0,360.0,360.0,360.0,197,360.0,2026-09-03T19:33:49.990958+00:00
2015-09-08,360.0,353.0,353.0,353.0,197,353.0,2026-09-03T19:33:49.990958+00:00
2015-09-10,353.0,355.0,350.0,355.0,2837,355.0,2026-09-03T19:33:49.990958+00:00
2015-09-13,355.0,355.0,350.0,350.0,2302,350.0,2026-09-03T19:33:49.990958+00:00
2015-09-14,350.0,346.0,345.0,346.0,2100,346.0,2026-09-03T19:33:49.990958+00:00
2015-09-17,346.0,345.0,345.0,345.0,50,345.0,2026-09-03T19:33:49.990958+00:00
2015-09-22,345.0,351.0,341.0,345.0,718,345.0,2026-09-03T19:33:49.990958+00:00
2015-09-23,309.0,309.0,309.0,309.0,74,309.0,2026-09-03T19:33:49.990958+00:00
2015-10-01,309.0,315.0,305.0,315.0,455,315.0,2026-09-03T19:33:49.990958+00:00
2015-10-04,315.0,333.0,321.0,333.0,1539,333.0,2026-09-03T19:33:49.990958+00:00
2015-10-14,333.0,333.0,333.0,333.0,591,333.0,2026-09-03T19:33:49.990958+00:00
2015-11-15,333.0,339.0,333.0,339.0,88,339.0,2026-09-03T19:33:49.990958+00:00
2015-11-18,339.0,333.0,327.0,330.0,374,330.0,2026-09-03T19:33:49.990958+00:00
2015-11-19,330.0,330.0,330.0,330.0,29,330.0,2026-09-03T19:33:49.990958+00:00
2015-11-22,330.0,324.0,324.0,324.0,300,324.0,2026-09-03T19:33:49.990958+00:00
2015-11-25,324.0,328.0,325.0,325.0,350,325.0,2026-09-03T19:33:49.990958+00:00
2015-12-01,325.0,319.0,319.0,319.0,13,319.0,2026-09-03T19:33:49.990958+00:00
2015-12-08,319.0,313.0,310.0,310.0,98,310.0,2026-09-03T19:33:49.990958+00:00
2015-12-13,310.0,311.0,311.0,311.0,158,311.0,2026-09-03T19:33:49.990958+00:00
2017-04-25,309.0,339.0,315.0,339.0,70,339.0,2026-09-03T19:33:49.990958+00:00
2017-04-26,339.0,372.0,345.0,372.0,8500,372.0,2026-09-03T19:33:49.990958+00:00
2017-04-27,372.0,409.0,376.0,377.0,9201,377.0,2026-09-03T19:33:49.990958+00:00
2017-04-30,377.0,382.0,366.0,366.0,1652,366.0,2026-09-03T19:33:49.990958+00:00
2017-05-02,366.0,359.0,359.0,359.0,110,359.0,2026-09-03T19:33:49.990958+00:00
2017-05-03,359.0,366.0,359.0,366.0,1277,366.0,2026-09-03T19:33:49.990958+00:00
2017-05-04,366.0,373.0,357.0,357.0,2994,357.0,2026-09-03T19:33:49.990958+00:00
2017-05-08,357.0,352.0,339.0,339.0,557,339.0,2026-09-03T19:33:49.990958+00:00
2017-05-09,339.0,346.0,340.0,340.0,768,340.0,2026-09-03T19:33:49.990958+00:00
2017-05-11,340.0,348.0,346.0,348.0,66,348.0,2026-09-03T19:33:49.990958+00:00
2017-05-16,348.0,354.0,354.0,354.0,80,354.0,2026-09-03T19:33:49.990958+00:00
2017-05-17,354.0,348.0,342.0,342.0,118,342.0,2026-09-03T19:33:49.990958+00:00
2017-05-18,342.0,336.0,336.0,336.0,2980,336.0,2026-09-03T19:33:49.990958+00:00
2017-05-21,336.0,340.0,340.0,340.0,1879,340.0,2026-09-03T19:33:49.990958+00:00
2017-05-22,340.0,334.0,334.0,334.0,200,334.0,2026-09-03T19:33:49.990958+00:00
2017-05-23,334.0,367.0,340.0,360.0,1759,360.0,2026-09-03T19:33:49.990958+00:00
2017-05-24,360.0,360.0,342.0,342.0,6304,342.0,2026-09-03T19:33:49.990958+00:00
2017-05-28,342.0,355.0,347.0,354.0,3010,354.0,2026-09-03T19:33:49.990958+00:00
2017-05-31,354.0,354.0,354.0,354.0,349,354.0,2026-09-03T19:33:49.990958+00:00
2017-06-01,354.0,355.0,336.0,336.0,3150,336.0,2026-09-03T19:33:49.990958+00:00
2017-06-05,336.0,341.0,335.0,338.0,4637,338.0,2026-09-03T19:33:49.990958+00:00
2017-06-06,338.0,344.0,338.0,338.0,3493,338.0,2026-09-03T19:33:49.990958+00:00
2017-06-07,338.0,360.0,341.0,360.0,333,360.0,2026-09-03T19:33:49.990958+00:00
2017-06-08,360.0,353.0,346.0,350.0,4737,350.0,2026-09-03T19:33:49.990958+00:00
2017-06-11,350.0,349.0,343.0,349.0,906,349.0,2026-09-03T19:33:49.990958+00:00
2017-06-12,349.0,343.0,340.0,340.0,2976,340.0,2026-09-03T19:33:49.990958+00:00
2017-06-13,340.0,345.0,334.0,344.0,3632,344.0,2026-09-03T19:33:49.990958+00:00
2017-06-14,344.0,344.0,338.0,344.0,3092,344.0,2026-09-03T19:33:49.990958+00:00
2017-06-15,344.0,357.0,350.0,354.0,3194,354.0,2026-09-03T19:33:49.990958+00:00
2017-06-18,354.0,350.0,347.0,350.0,510,350.0,2026-09-03T19:33:49.990958+00:00
2017-06-19,350.0,356.0,344.0,344.0,769,344.0,2026-09-03T19:33:49.990958+00:00
2017-06-20,344.0,350.0,343.0,349.0,647,349.0,2026-09-03T19:33:49.990958+00:00
2017-06-21,349.0,352.0,350.0,352.0,155,352.0,2026-09-03T19:33:49.990958+00:00
2017-06-22,352.0,359.0,359.0,359.0,200,359.0,2026-09-03T19:33:49.990958+00:00
2017-06-25,359.0,386.0,360.0,380.0,13867,380.0,2026-09-03T19:33:49.990958+00:00
2017-06-27,380.0,380.0,364.0,374.0,3614,374.0,2026-09-03T19:33:49.990958+00:00
2017-06-28,374.0,374.0,367.0,374.0,676,374.0,2026-09-03T19:33:49.990958+00:00
2017-07-02,374.0,377.0,374.0,377.0,600,377.0,2026-09-03T19:33:49.990958+00:00
2017-07-03,377.0,382.0,373.0,373.0,3250,373.0,2026-09-03T19:33:49.990958+00:00
2017-07-04,373.0,380.0,379.0,379.0,1440,379.0,2026-09-03T19:33:49.990958+00:00
2017-07-05,379.0,375.0,368.0,375.0,2668,375.0,2026-09-03T19:33:49.990958+00:00
2017-07-06,375.0,389.0,370.0,389.0,2649,389.0,2026-09-03T19:33:49.990958+00:00
2017-07-09,389.0,411.0,374.0,392.0,12950,392.0,2026-09-03T19:33:49.990958+00:00
2017-07-10,392.0,388.0,380.0,381.0,3523,381.0,2026-09-03T19:33:49.990958+00:00
2017-07-11,381.0,388.0,375.0,388.0,1329,388.0,2026-09-03T19:33:49.990958+00:00
2017-07-12,388.0,400.0,391.0,391.0,3038,391.0,2026-09-03T19:33:49.990958+00:00
2017-07-13,391.0,398.0,383.0,383.0,5018,383.0,2026-09-03T19:33:49.990958+00:00
2017-07-16,383.0,390.0,382.0,382.0,2365,382.0,2026-09-03T19:33:49.990958+00:00
2017-07-17,382.0,391.0,389.0,391.0,153,391.0,2026-09-03T19:33:49.990958+00:00
2017-07-18,391.0,399.0,392.0,392.0,7899,392.0,2026-09-03T19:33:49.990958+00:00
2017-07-19,392.0,400.0,390.0,390.0,5459,390.0,2026-09-03T19:33:49.990958+00:00
2017-07-20,390.0,400.0,394.0,398.0,2119,398.0,2026-09-03T19:33:49.990958+00:00
2017-07-23,398.0,400.0,392.0,395.0,5798,395.0,2026-09-03T19:33:49.990958+00:00
2017-07-24,395.0,400.0,392.0,394.0,13819,394.0,2026-09-03T19:33:49.990958+00:00
2017-07-25,394.0,405.0,398.0,405.0,5023,405.0,2026-09-03T19:33:49.990958+00:00
2017-07-26,405.0,430.0,405.0,430.0,7671,430.0,2026-09-03T19:33:49.990958+00:00
2017-07-27,430.0,424.0,420.0,424.0,3230,424.0,2026-09-03T19:33:49.990958+00:00
2017-07-30,424.0,427.0,417.0,424.0,2802,424.0,2026-09-03T19:33:49.990958+00:00
2017-07-31,424.0,466.0,430.0,466.0,32854,466.0,2026-09-03T19:33:49.990958+00:00
2017-08-01,466.0,490.0,461.0,470.0,11545,470.0,2026-09-03T19:33:49.990958+00:00
2017-08-02,470.0,467.0,459.0,462.0,8120,462.0,2026-09-03T19:33:49.990958+00:00
2017-08-03,462.0,487.0,470.0,472.0,10120,472.0,2026-09-03T19:33:49.990958+00:00
2017-08-06,472.0,519.0,481.0,499.0,20268,499.0,2026-09-03T19:33:49.990958+00:00
2017-08-07,499.0,508.0,491.0,498.0,3078,498.0,2026-09-03T19:33:49.990958+00:00
2017-08-09,498.0,495.0,491.0,495.0,2379,495.0,2026-09-03T19:33:49.990958+00:00
2017-08-10,495.0,495.0,476.0,476.0,1410,476.0,2026-09-03T19:33:49.990958+00:00
2017-08-13,476.0,482.0,480.0,480.0,1500,480.0,2026-09-03T19:33:49.990958+00:00
2017-08-15,480.0,479.0,470.0,479.0,726,479.0,2026-09-03T19:33:49.990958+00:00
2017-08-16,479.0,472.0,470.0,471.0,7439,471.0,2026-09-03T19:33:49.990958+00:00
2017-08-17,471.0,473.0,463.0,473.0,3702,473.0,2026-09-03T19:33:49.990958+00:00
2017-08-20,473.0,471.0,468.0,471.0,113,471.0,2026-09-03T19:33:49.990958+00:00
2017-08-21,471.0,464.0,464.0,464.0,69,464.0,2026-09-03T19:33:49.990958+00:00
2017-08-22,464.0,473.0,455.0,466.0,310,466.0,2026-09-03T19:33:49.990958+00:00
2017-08-23,466.0,486.0,470.0,470.0,1350,470.0,2026-09-03T19:33:49.990958+00:00
2017-08-24,470.0,486.0,471.0,486.0,4001,486.0,2026-09-03T19:33:49.990958+00:00
2017-08-27,486.0,499.0,490.0,496.0,551,496.0,2026-09-03T19:33:49.990958+00:00
2017-08-28,496.0,499.0,483.0,490.0,1861,490.0,2026-09-03T19:33:49.990958+00:00
2017-08-30,490.0,486.0,481.0,484.0,1876,484.0,2026-09-03T19:33:49.990958+00:00
2017-08-31,484.0,493.0,478.0,478.0,2124,478.0,2026-09-03T19:33:49.990958+00:00
2017-09-04,478.0,470.0,461.0,461.0,730,461.0,2026-09-03T19:33:49.990958+00:00
2017-09-06,461.0,488.0,470.0,475.0,1920,475.0,2026-09-03T19:33:49.990958+00:00
2017-09-07,475.0,484.0,470.0,470.0,680,470.0,2026-09-03T19:33:49.990958+00:00
2017-09-10,470.0,470.0,463.0,464.0,550,464.0,2026-09-03T19:33:49.990958+00:00
2017-09-11,464.0,472.0,472.0,472.0,320,472.0,2026-09-03T19:33:49.990958+00:00
2017-09-12,472.0,465.0,463.0,463.0,1130,463.0,2026-09-03T19:33:49.990958+00:00
2017-09-13,463.0,463.0,455.0,455.0,2896,455.0,2026-09-03T19:33:49.990958+00:00
2017-09-14,455.0,470.0,464.0,470.0,488,470.0,2026-09-03T19:33:49.990958+00:00
2017-09-17,470.0,472.0,463.0,463.0,1724,463.0,2026-09-03T19:33:49.990958+00:00
2017-09-18,463.0,472.0,472.0,472.0,50,472.0,2026-09-03T19:33:49.990958+00:00
2017-09-20,472.0,464.0,457.0,457.0,1590,457.0,2026-09-03T19:33:49.990958+00:00
2017-09-24,457.0,466.0,460.0,460.0,178,460.0,2026-09-03T19:33:49.990958+00:00
2017-09-25,460.0,465.0,460.0,465.0,476,465.0,2026-09-03T19:33:49.990958+00:00
2017-09-26,465.0,474.0,470.0,474.0,99,474.0,2026-09-03T19:33:49.990958+00:00
2017-10-09,474.0,470.0,456.0,456.0,999,456.0,2026-09-03T19:33:49.990958+00:00
2017-10-10,456.0,460.0,420.0,460.0,27362,460.0,2026-09-03T19:33:49.990958+00:00
2017-10-11,460.0,460.0,447.0,448.0,1066,448.0,2026-09-03T19:33:49.990958+00:00
2017-10-12,448.0,450.0,435.0,435.0,6683,435.0,2026-09-03T19:33:49.990958+00:00
2017-10-15,435.0,443.0,440.0,440.0,1010,440.0,2026-09-03T19:33:49.990958+00:00
2017-10-16,440.0,440.0,432.0,440.0,5801,440.0,2026-09-03T19:33:49.990958+00:00
2017-10-17,440.0,440.0,432.0,440.0,4250,440.0,2026-09-03T19:33:49.990958+00:00
2017-10-18,440.0,448.0,432.0,448.0,595,448.0,2026-09-03T19:33:49.990958+00:00
2017-10-22,448.0,460.0,440.0,460.0,4108,460.0,2026-09-03T19:33:49.990958+00:00
2017-10-23,460.0,468.0,468.0,468.0,10,468.0,2026-09-03T19:33:49.990958+00:00
2017-10-24,468.0,470.0,467.0,470.0,574,470.0,2026-09-03T19:33:49.990958+00:00
2017-10-25,470.0,466.0,456.0,456.0,536,456.0,2026-09-03T19:33:49.990958+00:00
2017-10-31,456.0,447.0,447.0,447.0,500,447.0,2026-09-03T19:33:49.990958+00:00
2017-11-01,447.0,441.0,440.0,440.0,500,440.0,2026-09-03T19:33:49.990958+00:00
2017-11-02,440.0,432.0,429.0,429.0,587,429.0,2026-09-03T19:33:49.990958+00:00
2017-11-06,429.0,435.0,428.0,428.0,564,428.0,2026-09-03T19:33:49.990958+00:00
2017-11-07,428.0,430.0,430.0,430.0,614,430.0,2026-09-03T19:33:49.990958+00:00
2017-11-08,430.0,428.0,420.0,425.0,352,425.0,2026-09-03T19:33:49.990958+00:00
2017-11-09,425.0,425.0,415.0,415.0,840,415.0,2026-09-03T19:33:49.990958+00:00
2017-11-12,415.0,431.0,423.0,431.0,20,431.0,2026-09-03T19:33:49.990958+00:00
2017-11-13,431.0,423.0,423.0,423.0,500,423.0,2026-09-03T19:33:49.990958+00:00
2017-11-14,423.0,439.0,431.0,431.0,66,431.0,2026-09-03T19:33:49.990958+00:00
2017-11-15,431.0,445.0,439.0,445.0,230,445.0,2026-09-03T19:33:49.990958+00:00
2017-11-16,445.0,444.0,444.0,444.0,20,444.0,2026-09-03T19:33:49.990958+00:00
2017-11-20,444.0,436.0,426.0,426.0,3500,426.0,2026-09-03T19:33:49.990958+00:00
2017-11-22,426.0,430.0,419.0,430.0,2267,430.0,2026-09-03T19:33:49.990958+00:00
2017-11-23,430.0,454.0,438.0,454.0,360,454.0,2026-09-03T19:33:49.990958+00:00
2017-11-26,454.0,450.0,440.0,445.0,2537,445.0,2026-09-03T19:33:49.990958+00:00
2017-11-27,445.0,449.0,440.0,449.0,2452,449.0,2026-09-03T19:33:49.990958+00:00
2017-11-28,449.0,457.0,448.0,448.0,430,448.0,2026-09-03T19:33:49.990958+00:00
2017-11-29,448.0,456.0,441.0,441.0,2079,441.0,2026-09-03T19:33:49.990958+00:00
2017-11-30,441.0,449.0,448.0,449.0,267,449.0,2026-09-03T19:33:49.990958+00:00
2017-12-04,449.0,455.0,441.0,441.0,485,441.0,2026-09-03T19:33:49.990958+00:00
2017-12-05,441.0,450.0,442.0,449.0,559,449.0,2026-09-03T19:33:49.990958+00:00
2017-12-06,449.0,457.0,440.0,440.0,2988,440.0,2026-09-03T19:33:49.990958+00:00
2017-12-10,440.0,435.0,434.0,434.0,120,434.0,2026-09-03T19:33:49.990958+00:00
2017-12-11,434.0,442.0,442.0,442.0,10,442.0,2026-09-03T19:33:49.990958+00:00
2017-12-13,442.0,434.0,434.0,434.0,22317,434.0,2026-09-03T19:33:49.990958+00:00
2017-12-14,434.0,439.0,439.0,439.0,144,439.0,2026-09-03T19:33:49.990958+00:00
2017-12-17,439.0,444.0,439.0,439.0,120,439.0,2026-09-03T19:33:49.990958+00:00
2017-12-18,439.0,442.0,435.0,435.0,820,435.0,2026-09-03T19:33:49.990958+00:00
2017-12-19,435.0,430.0,422.0,425.0,825,425.0,2026-09-03T19:33:49.990958+00:00
2017-12-20,425.0,418.0,410.0,410.0,400,410.0,2026-09-03T19:33:49.990958+00:00
2017-12-21,410.0,405.0,400.0,405.0,2159,405.0,2026-09-03T19:33:49.990958+00:00
2017-12-24,405.0,429.0,413.0,421.0,390,421.0,2026-09-03T19:33:49.990958+00:00
2017-12-26,421.0,415.0,402.0,402.0,1180,402.0,2026-09-03T19:33:49.990958+00:00
2017-12-27,402.0,396.0,396.0,396.0,60,396.0,2026-09-03T19:33:49.990958+00:00
2017-12-28,396.0,392.0,392.0,392.0,200,392.0,2026-09-03T19:33:49.990958+00:00
2017-12-31,392.0,390.0,365.0,365.0,3785,365.0,2026-09-03T19:33:49.990958+00:00
2018-01-01,365.0,372.0,372.0,372.0,10,372.0,2026-09-03T19:33:49.990958+00:00
2018-01-02,372.0,399.0,379.0,399.0,40,399.0,2026-09-03T19:33:49.990958+00:00
2018-01-04,399.0,406.0,398.0,398.0,20,398.0,2026-09-03T19:33:49.990958+00:00
2018-01-07,398.0,421.0,397.0,397.0,501,397.0,2026-09-03T19:33:49.990958+00:00
2018-01-08,397.0,390.0,374.0,378.0,1054,378.0,2026-09-03T19:33:49.990958+00:00
2018-01-09,378.0,410.0,385.0,392.0,3730,392.0,2026-09-03T19:33:49.990958+00:00
2018-01-10,392.0,395.0,383.0,385.0,8987,385.0,2026-09-03T19:33:49.990958+00:00
2018-01-14,256.0,251.0,234.0,240.0,2620,240.0,2026-09-03T19:33:49.990958+00:00
2018-01-16,240.0,240.0,233.0,233.0,679,233.0,2026-09-03T19:33:49.990958+00:00
2018-01-17,233.0,229.0,229.0,229.0,45,229.0,2026-09-03T19:33:49.990958+00:00
2018-01-21,229.0,227.0,226.0,226.0,200,226.0,2026-09-03T19:33:49.990958+00:00
2018-01-22,226.0,230.0,222.0,230.0,507,230.0,2026-09-03T19:33:49.990958+00:00
2018-01-23,230.0,228.0,222.0,228.0,162,228.0,2026-09-03T19:33:49.990958+00:00
2018-01-24,228.0,232.0,230.0,232.0,110,232.0,2026-09-03T19:33:49.990958+00:00
2018-01-25,232.0,240.0,236.0,240.0,196,240.0,2026-09-03T19:33:49.990958+00:00
2018-01-29,240.0,248.0,244.0,248.0,237,248.0,2026-09-03T19:33:49.990958+00:00
2018-01-31,248.0,252.0,243.0,243.0,50,243.0,2026-09-03T19:33:49.990958+00:00
2018-02-01,243.0,243.0,235.0,243.0,810,243.0,2026-09-03T19:33:49.990958+00:00
2018-02-04,243.0,247.0,240.0,240.0,1492,240.0,2026-09-03T19:33:49.990958+00:00
2018-02-05,240.0,244.0,232.0,232.0,1550,232.0,2026-09-03T19:33:49.990958+00:00
2018-02-07,232.0,236.0,230.0,232.0,814,232.0,2026-09-03T19:33:49.990958+00:00
2018-02-12,232.0,228.0,228.0,228.0,50,228.0,2026-09-03T19:33:49.990958+00:00
2018-02-14,228.0,224.0,224.0,224.0,150,224.0,2026-09-03T19:33:49.990958+00:00
2018-02-15,224.0,246.0,225.0,246.0,830,246.0,2026-09-03T19:33:49.990958+00:00
2018-02-18,250.0,255.0,245.0,245.0,1210,245.0,2026-09-03T19:33:49.990958+00:00
2018-02-20,249.0,249.0,246.0,246.0,341,246.0,2026-09-03T19:33:49.990958+00:00
2018-02-21,250.0,250.0,241.0,241.0,660,241.0,2026-09-03T19:33:49.990958+00:00
2018-02-26,237.0,237.0,233.0,233.0,370,233.0,2026-09-03T19:33:49.990958+00:00
2018-02-28,229.0,229.0,229.0,229.0,92,229.0,2026-09-03T19:33:49.990958+00:00
2018-03-04,225.0,225.0,217.0,221.0,1171,221.0,2026-09-03T19:33:49.990958+00:00
2018-03-05,224.0,224.0,216.0,224.0,1541,224.0,2026-09-03T19:33:49.990958+00:00
2018-03-06,223.0,225.0,223.0,225.0,200,225.0,2026-09-03T19:33:49.990958+00:00
2018-03-07,229.0,233.0,224.0,224.0,1251,224.0,2026-09-03T19:33:49.990958+00:00
2018-03-11,227.0,228.0,224.0,228.0,600,228.0,2026-09-03T19:33:49.990958+00:00
2018-03-12,228.0,228.0,224.0,224.0,417,224.0,2026-09-03T19:33:49.990958+00:00
2018-03-13,228.0,244.0,228.0,240.0,230,240.0,2026-09-03T19:33:49.990958+00:00
2018-03-14,238.0,238.0,231.0,231.0,936,231.0,2026-09-03T19:33:49.990958+00:00
2018-03-15,235.0,234.0,234.0,234.0,10,234.0,2026-09-03T19:33:49.990958+00:00
2018-03-18,230.0,230.0,230.0,230.0,50,230.0,2026-09-03T19:33:49.990958+00:00
2018-03-19,226.0,226.0,226.0,226.0,71,226.0,2026-09-03T19:33:49.990958+00:00
2018-03-20,222.0,222.0,215.0,215.0,410,215.0,2026-09-03T19:33:49.990958+00:00
2018-03-21,217.0,217.0,208.0,212.0,1871,212.0,2026-09-03T19:33:49.990958+00:00
2018-03-22,216.0,216.0,208.0,208.0,110,208.0,2026-09-03T19:33:49.990958+00:00
2018-03-26,204.0,208.0,200.0,208.0,543,208.0,2026-09-03T19:33:49.990958+00:00
2018-03-27,204.0,208.0,193.0,208.0,1634,208.0,2026-09-03T19:33:49.990958+00:00
2018-03-28,204.0,205.0,197.0,205.0,829,205.0,2026-09-03T19:33:49.990958+00:00
2018-03-29,209.0,209.0,205.0,209.0,859,209.0,2026-09-03T19:33:49.990958+00:00
2018-04-01,205.0,205.0,203.0,203.0,400,203.0,2026-09-03T19:33:49.990958+00:00
2018-04-02,207.0,211.0,207.0,211.0,20,211.0,2026-09-03T19:33:49.990958+00:00
2018-04-03,207.0,210.0,206.0,210.0,1170,210.0,2026-09-03T19:33:49.990958+00:00
2018-04-04,214.0,220.0,213.0,220.0,1789,220.0,2026-09-03T19:33:49.990958+00:00
2018-04-05,224.0,235.0,224.0,235.0,2269,235.0,2026-09-03T19:33:49.990958+00:00
2018-04-08,239.0,239.0,235.0,238.0,710,238.0,2026-09-03T19:33:49.990958+00:00
2018-04-09,238.0,242.0,238.0,242.0,100,242.0,2026-09-03T19:33:49.990958+00:00
2018-04-10,243.0,243.0,239.0,239.0,85,239.0,2026-09-03T19:33:49.990958+00:00
2018-04-11,235.0,235.0,231.0,234.0,300,234.0,2026-09-03T19:33:49.990958+00:00
2018-04-12,230.0,230.0,227.0,227.0,550,227.0,2026-09-03T19:33:49.990958+00:00
2018-04-15,224.0,224.0,224.0,224.0,60,224.0,2026-09-03T19:33:49.990958+00:00
2018-04-16,228.0,236.0,228.0,236.0,30,236.0,2026-09-03T19:33:49.990958+00:00
2018-04-17,240.0,240.0,232.0,232.0,610,232.0,2026-09-03T19:33:49.990958+00:00
2018-04-18,234.0,236.0,232.0,232.0,1070,232.0,2026-09-03T19:33:49.990958+00:00
2018-04-19,236.0,236.0,236.0,236.0,200,236.0,2026-09-03T19:33:49.990958+00:00
2018-04-22,240.0,252.0,236.0,247.0,7327,247.0,2026-09-03T19:33:49.990958+00:00
2018-04-23,247.0,247.0,238.0,244.0,2110,244.0,2026-09-03T19:33:49.990958+00:00
2018-04-24,248.0,248.0,240.0,242.0,320,242.0,2026-09-03T19:33:49.990958+00:00
2018-04-25,244.0,244.0,236.0,236.0,200,236.0,2026-09-03T19:33:49.990958+00:00
2018-04-26,233.0,233.0,225.0,225.0,600,225.0,2026-09-03T19:33:49.990958+00:00
2018-04-29,225.0,236.0,225.0,236.0,3190,236.0,2026-09-03T19:33:49.990958+00:00
2018-05-02,240.0,249.0,224.0,225.0,2801,225.0,2026-09-03T19:33:49.990958+00:00
2018-05-03,229.0,241.0,229.0,231.0,5059,231.0,2026-09-03T19:33:49.990958+00:00
2018-05-06,235.0,249.0,235.0,240.0,7315,240.0,2026-09-03T19:33:49.990958+00:00
2018-05-07,238.0,242.0,236.0,237.0,6680,237.0,2026-09-03T19:33:49.990958+00:00
2018-05-08,241.0,241.0,235.0,239.0,2396,239.0,2026-09-03T19:33:49.990958+00:00
2018-05-09,237.0,237.0,237.0,237.0,995,237.0,2026-09-03T19:33:49.990958+00:00
2018-05-10,241.0,241.0,234.0,234.0,780,234.0,2026-09-03T19:33:49.990958+00:00
2018-05-14,232.0,232.0,232.0,232.0,139,232.0,2026-09-03T19:33:49.990958+00:00
2018-05-15,236.0,236.0,236.0,236.0,50,236.0,2026-09-03T19:33:49.990958+00:00
2018-05-16,232.0,232.0,227.0,227.0,2268,227.0,2026-09-03T19:33:49.990958+00:00
2018-05-17,225.0,226.0,224.0,226.0,2329,226.0,2026-09-03T19:33:49.990958+00:00
2018-05-20,225.0,226.0,220.0,220.0,9301,220.0,2026-09-03T19:33:49.990958+00:00
2018-05-21,220.0,220.0,220.0,220.0,807,220.0,2026-09-03T19:33:49.990958+00:00
2018-05-22,224.0,226.0,220.0,226.0,9805,226.0,2026-09-03T19:33:49.990958+00:00
2018-05-23,227.0,227.0,225.0,225.0,151,225.0,2026-09-03T19:33:49.990958+00:00
2018-05-24,225.0,225.0,221.0,221.0,401,221.0,2026-09-03T19:33:49.990958+00:00
2018-05-27,222.0,222.0,219.0,219.0,800,219.0,2026-09-03T19:33:49.990958+00:00
2018-05-28,223.0,224.0,220.0,224.0,1000,224.0,2026-09-03T19:33:49.990958+00:00
2018-05-29,227.0,228.0,222.0,224.0,2300,224.0,2026-09-03T19:33:49.990958+00:00
2018-05-30,228.0,228.0,228.0,228.0,45,228.0,2026-09-03T19:33:49.990958+00:00
2018-05-31,225.0,226.0,224.0,226.0,515,226.0,2026-09-03T19:33:49.990958+00:00
2018-06-03,222.0,222.0,218.0,222.0,1700,222.0,2026-09-03T19:33:49.990958+00:00
2018-06-04,219.0,219.0,218.0,218.0,800,218.0,2026-09-03T19:33:49.990958+00:00
2018-06-06,222.0,226.0,222.0,222.0,530,222.0,2026-09-03T19:33:49.990958+00:00
2018-06-10,225.0,225.0,224.0,225.0,122,225.0,2026-09-03T19:33:49.990958+00:00
2018-06-11,229.0,229.0,217.0,217.0,2790,217.0,2026-09-03T19:33:49.990958+00:00
2018-06-12,221.0,221.0,213.0,219.0,5952,219.0,2026-09-03T19:33:49.990958+00:00
2018-06-13,223.0,223.0,217.0,217.0,322,217.0,2026-09-03T19:33:49.990958+00:00
2018-06-14,218.0,220.0,218.0,218.0,1976,218.0,2026-09-03T19:33:49.990958+00:00
2018-06-17,221.0,222.0,212.0,212.0,10029,212.0,2026-09-03T19:33:49.990958+00:00
2018-06-18,168.0,166.0,163.0,163.0,680,163.0,2026-09-03T19:33:49.990958+00:00
2018-06-19,165.0,165.0,163.0,163.0,528,163.0,2026-09-03T19:33:49.990958+00:00
2018-06-21,161.0,161.0,160.0,160.0,135,160.0,2026-09-03T19:33:49.990958+00:00
2018-06-25,160.0,160.0,158.0,158.0,430,158.0,2026-09-03T19:33:49.990958+00:00
2018-06-26,155.0,155.0,152.0,152.0,738,152.0,2026-09-03T19:33:49.990958+00:00
2018-06-27,155.0,155.0,151.0,151.0,392,151.0,2026-09-03T19:33:49.990958+00:00
2018-06-28,153.0,154.0,151.0,151.0,2951,151.0,2026-09-03T19:33:49.990958+00:00
2018-07-01,149.0,150.0,147.0,147.0,5500,147.0,2026-09-03T19:33:49.990958+00:00
2018-07-02,146.0,147.0,145.0,147.0,4520,147.0,2026-09-03T19:33:49.990958+00:00
2018-07-04,146.0,146.0,145.0,145.0,500,145.0,2026-09-03T19:33:49.990958+00:00
2018-07-05,147.0,149.0,147.0,149.0,1270,149.0,2026-09-03T19:33:49.990958+00:00
2018-07-08,151.0,151.0,148.0,148.0,3757,148.0,2026-09-03T19:33:49.990958+00:00
2018-07-09,150.0,150.0,150.0,150.0,101,150.0,2026-09-03T19:33:49.990958+00:00
2018-07-11,153.0,153.0,150.0,150.0,1550,150.0,2026-09-03T19:33:49.990958+00:00
2018-07-12,153.0,153.0,146.0,146.0,1564,146.0,2026-09-03T19:33:49.990958+00:00
2018-07-15,145.0,147.0,144.0,147.0,1201,147.0,2026-09-03T19:33:49.990958+00:00
2018-07-16,149.0,149.0,149.0,149.0,10,149.0,2026-09-03T19:33:49.990958+00:00
2018-07-17,151.0,151.0,151.0,151.0,10,151.0,2026-09-03T19:33:49.990958+00:00
2018-07-18,154.0,154.0,151.0,151.0,200,151.0,2026-09-03T19:33:49.990958+00:00
2018-07-19,148.0,150.0,148.0,150.0,620,150.0,2026-09-03T19:33:49.990958+00:00
2018-07-22,148.0,153.0,148.0,152.0,491,152.0,2026-09-03T19:33:49.990958+00:00
2018-07-24,155.0,155.0,153.0,153.0,821,153.0,2026-09-03T19:33:49.990958+00:00
2018-07-25,153.0,153.0,150.0,150.0,1751,150.0,2026-09-03T19:33:49.990958+00:00
2018-07-26,149.0,150.0,148.0,148.0,357,148.0,2026-09-03T19:33:49.990958+00:00
2018-07-29,150.0,150.0,148.0,148.0,200,148.0,2026-09-03T19:33:49.990958+00:00
2018-07-30,150.0,150.0,150.0,150.0,50,150.0,2026-09-03T19:33:49.990958+00:00
2018-07-31,150.0,150.0,150.0,150.0,1000,150.0,2026-09-03T19:33:49.990958+00:00
2018-08-02,148.0,148.0,147.0,147.0,915,147.0,2026-09-03T19:33:49.990958+00:00
2018-08-06,149.0,149.0,149.0,149.0,200,149.0,2026-09-03T19:33:49.990958+00:00
2018-08-07,147.0,147.0,143.0,143.0,352,143.0,2026-09-03T19:33:49.990958+00:00
2018-08-08,143.0,149.0,143.0,145.0,2641,145.0,2026-09-03T19:33:49.990958+00:00
2018-08-09,147.0,149.0,147.0,149.0,1795,149.0,2026-09-03T19:33:49.990958+00:00
2018-08-12,151.0,151.0,147.0,147.0,2360,147.0,2026-09-03T19:33:49.990958+00:00
2018-08-13,148.0,148.0,146.0,146.0,29,146.0,2026-09-03T19:33:49.990958+00:00
2018-08-14,148.0,150.0,148.0,150.0,2100,150.0,2026-09-03T19:33:49.990958+00:00
2018-08-15,150.0,150.0,149.0,150.0,1000,150.0,2026-09-03T19:33:49.990958+00:00
2018-08-16,147.0,151.0,145.0,151.0,575,151.0,2026-09-03T19:33:49.990958+00:00
2018-08-20,148.0,148.0,146.0,146.0,700,146.0,2026-09-03T19:33:49.990958+00:00
2018-08-21,144.0,147.0,144.0,145.0,2683,145.0,2026-09-03T19:33:49.990958+00:00
2018-08-22,146.0,147.0,146.0,147.0,540,147.0,2026-09-03T19:33:49.990958+00:00
2018-08-23,145.0,145.0,145.0,145.0,500,145.0,2026-09-03T19:33:49.990958+00:00
2018-08-28,143.0,146.0,143.0,146.0,2500,146.0,2026-09-03T19:33:49.990958+00:00
2018-08-29,144.0,144.0,142.0,144.0,3836,144.0,2026-09-03T19:33:49.990958+00:00
2018-08-30,144.0,145.0,143.0,143.0,1310,143.0,2026-09-03T19:33:49.990958+00:00
2018-09-02,143.0,144.0,141.0,144.0,1872,144.0,2026-09-03T19:33:49.990958+00:00
2018-09-03,145.0,147.0,144.0,145.0,3976,145.0,2026-09-03T19:33:49.990958+00:00
2018-09-04,145.0,147.0,145.0,147.0,3900,147.0,2026-09-03T19:33:49.990958+00:00
2018-09-05,149.0,154.0,148.0,154.0,2234,154.0,2026-09-03T19:33:49.990958+00:00
2018-09-06,151.0,151.0,148.0,148.0,101,148.0,2026-09-03T19:33:49.990958+00:00
2018-09-10,148.0,148.0,148.0,148.0,10,148.0,2026-09-03T19:33:49.990958+00:00
2018-09-11,148.0,149.0,144.0,148.0,2850,148.0,2026-09-03T19:33:49.990958+00:00
2018-09-12,148.0,148.0,147.0,148.0,350,148.0,2026-09-03T19:33:49.990958+00:00
2018-09-13,147.0,153.0,147.0,153.0,4905,153.0,2026-09-03T19:33:49.990958+00:00
2018-09-16,152.0,152.0,152.0,152.0,100,152.0,2026-09-03T19:33:49.990958+00:00
2018-09-18,149.0,149.0,148.0,148.0,1780,148.0,2026-09-03T19:33:49.990958+00:00
2018-09-20,150.0,151.0,150.0,150.0,1250,150.0,2026-09-03T19:33:49.990958+00:00
2018-09-25,153.0,153.0,151.0,150.0,870,150.0,2026-09-03T19:33:49.990958+00:00
2018-09-26,150.0,150.0,149.0,149.0,1217,149.0,2026-09-03T19:33:49.990958+00:00
2018-09-27,149.0,149.0,148.0,148.0,683,148.0,2026-09-03T19:33:49.990958+00:00
2018-09-30,147.0,149.0,146.0,149.0,3216,149.0,2026-09-03T19:33:49.990958+00:00
2018-10-01,148.0,149.0,148.0,148.0,2550,148.0,2026-09-03T19:33:49.990958+00:00
2018-10-02,147.0,147.0,147.0,147.0,1000,147.0,2026-09-03T19:33:49.990958+00:00
2018-10-03,146.0,146.0,145.0,146.0,6434,146.0,2026-09-03T19:33:49.990958+00:00
2018-10-04,146.0,148.0,146.0,147.0,2862,147.0,2026-09-03T19:33:49.990958+00:00
2018-10-07,145.0,145.0,141.0,142.0,3343,142.0,2026-09-03T19:33:49.990958+00:00
2018-10-08,142.0,148.0,142.0,148.0,1449,148.0,2026-09-03T19:33:49.990958+00:00
2018-10-10,146.0,146.0,144.0,144.0,1038,144.0,2026-09-03T19:33:49.990958+00:00
2018-10-11,146.0,148.0,146.0,148.0,600,148.0,2026-09-03T19:33:49.990958+00:00
2018-10-23,150.0,150.0,150.0,150.0,10,150.0,2026-09-03T19:33:49.990958+00:00
2018-10-24,153.0,153.0,147.0,147.0,210,147.0,2026-09-03T19:33:49.990958+00:00
2018-10-25,145.0,147.0,145.0,147.0,1200,147.0,2026-09-03T19:33:49.990958+00:00
2018-10-28,146.0,146.0,145.0,145.0,700,145.0,2026-09-03T19:33:49.990958+00:00
2018-10-29,143.0,143.0,143.0,143.0,10,143.0,2026-09-03T19:33:49.990958+00:00
2018-10-30,145.0,145.0,144.0,144.0,1450,144.0,2026-09-03T19:33:49.990958+00:00
2018-10-31,143.0,143.0,143.0,143.0,4000,143.0,2026-09-03T19:33:49.990958+00:00
2018-11-01,145.0,147.0,143.0,147.0,6858,147.0,2026-09-03T19:33:49.990958+00:00
2018-11-04,145.0,145.0,143.0,143.0,30,143.0,2026-09-03T19:33:49.990958+00:00
2018-11-05,145.0,145.0,145.0,145.0,200,145.0,2026-09-03T19:33:49.990958+00:00
2018-11-06,145.0,145.0,143.0,145.0,200,145.0,2026-09-03T19:33:49.990958+00:00
2018-11-12,147.0,147.0,145.0,147.0,10,147.0,2026-09-03T19:33:49.990958+00:00
2018-11-13,146.0,147.0,144.0,144.0,435,144.0,2026-09-03T19:33:49.990958+00:00
2018-11-14,146.0,146.0,142.0,144.0,1117,144.0,2026-09-03T19:33:49.990958+00:00
2018-11-18,144.0,146.0,144.0,146.0,424,146.0,2026-09-03T19:33:49.990958+00:00
2018-11-19,148.0,148.0,146.0,148.0,80,148.0,2026-09-03T19:33:49.990958+00:00
2018-11-20,146.0,148.0,142.0,142.0,1380,142.0,2026-09-03T19:33:49.990958+00:00
2018-11-21,143.0,146.0,143.0,146.0,853,146.0,2026-09-03T19:33:49.990958+00:00
2018-11-22,147.0,147.0,143.0,143.0,2499,143.0,2026-09-03T19:33:49.990958+00:00
2018-11-25,144.0,144.0,143.0,143.0,523,143.0,2026-09-03T19:33:49.990958+00:00
2018-11-26,143.0,143.0,142.0,142.0,53,142.0,2026-09-03T19:33:49.990958+00:00
2018-11-27,142.0,144.0,142.0,144.0,636,144.0,2026-09-03T19:33:49.990958+00:00
2018-11-28,142.0,144.0,140.0,144.0,2155,144.0,2026-09-03T19:33:49.990958+00:00
2018-11-29,146.0,148.0,143.0,143.0,1498,143.0,2026-09-03T19:33:49.990958+00:00
2018-12-02,140.0,140.0,140.0,140.0,20,140.0,2026-09-03T19:33:49.990958+00:00
2018-12-03,138.0,139.0,136.0,136.0,2941,136.0,2026-09-03T19:33:49.990958+00:00
2018-12-04,137.0,137.0,135.0,137.0,1117,137.0,2026-09-03T19:33:49.990958+00:00
2018-12-05,135.0,135.0,135.0,135.0,300,135.0,2026-09-03T19:33:49.990958+00:00
2018-12-06,133.0,133.0,129.0,133.0,189,133.0,2026-09-03T19:33:49.990958+00:00
2018-12-09,133.0,133.0,133.0,133.0,121,133.0,2026-09-03T19:33:49.990958+00:00
2018-12-10,133.0,133.0,131.0,133.0,516,133.0,2026-09-03T19:33:49.990958+00:00
2018-12-11,131.0,133.0,131.0,133.0,784,133.0,2026-09-03T19:33:49.990958+00:00
2018-12-12,135.0,135.0,135.0,135.0,100,135.0,2026-09-03T19:33:49.990958+00:00
2018-12-16,136.0,140.0,136.0,140.0,1529,140.0,2026-09-03T19:33:49.990958+00:00
2018-12-23,138.0,138.0,138.0,138.0,500,138.0,2026-09-03T19:33:49.990958+00:00
2018-12-25,136.0,137.0,135.0,135.0,897,135.0,2026-09-03T19:33:49.990958+00:00
2018-12-26,133.0,139.0,133.0,139.0,712,139.0,2026-09-03T19:33:49.990958+00:00
2018-12-27,141.0,141.0,135.0,135.0,1135,135.0,2026-09-03T19:33:49.990958+00:00
2018-12-30,135.0,135.0,135.0,135.0,79,135.0,2026-09-03T19:33:49.990958+00:00
2018-12-31,133.0,134.0,133.0,134.0,109,134.0,2026-09-03T19:33:49.990958+00:00
2019-01-01,133.0,133.0,132.0,132.0,69,132.0,2026-09-03T19:33:49.990958+00:00
2019-01-02,133.0,134.0,133.0,134.0,83,134.0,2026-09-03T19:33:49.990958+00:00
2019-01-03,134.0,136.0,134.0,136.0,158,136.0,2026-09-03T19:33:49.990958+00:00
2019-01-06,135.0,137.0,133.0,133.0,700,133.0,2026-09-03T19:33:49.990958+00:00
2019-01-08,132.0,134.0,132.0,134.0,42,134.0,2026-09-03T19:33:49.990958+00:00
2019-01-09,136.0,136.0,134.0,134.0,169,134.0,2026-09-03T19:33:49.990958+00:00
2019-01-10,136.0,136.0,134.0,134.0,86,134.0,2026-09-03T19:33:49.990958+00:00
2019-01-13,132.0,132.0,132.0,132.0,243,132.0,2026-09-03T19:33:49.990958+00:00
2019-01-14,134.0,134.0,133.0,133.0,114,133.0,2026-09-03T19:33:49.990958+00:00
2019-01-15,135.0,137.0,135.0,135.0,483,135.0,2026-09-03T19:33:49.990958+00:00
2019-01-16,135.0,135.0,133.0,133.0,1200,133.0,2026-09-03T19:33:49.990958+00:00
2019-01-17,135.0,135.0,135.0,135.0,60,135.0,2026-09-03T19:33:49.990958+00:00
2019-01-21,134.0,135.0,134.0,134.0,688,134.0,2026-09-03T19:33:49.990958+00:00
2019-01-22,136.0,138.0,136.0,138.0,70,138.0,2026-09-03T19:33:49.990958+00:00
2019-01-24,140.0,140.0,140.0,140.0,100,140.0,2026-09-03T19:33:49.990958+00:00
2019-01-27,138.0,138.0,136.0,136.0,150,136.0,2026-09-03T19:33:49.990958+00:00
2019-01-28,135.0,135.0,134.0,135.0,853,135.0,2026-09-03T19:33:49.990958+00:00
2019-01-30,137.0,137.0,135.0,137.0,873,137.0,2026-09-03T19:33:49.990958+00:00
2019-01-31,137.0,137.0,137.0,137.0,116,137.0,2026-09-03T19:33:49.990958+00:00
2019-02-03,139.0,139.0,139.0,139.0,10,139.0,2026-09-03T19:33:49.990958+00:00
2019-02-05,137.0,137.0,137.0,137.0,50,137.0,2026-09-03T19:33:49.990958+00:00
2019-02-06,135.0,136.0,135.0,136.0,575,136.0,2026-09-03T19:33:49.990958+00:00
2019-02-10,136.0,136.0,128.0,128.0,3356,128.0,2026-09-03T19:33:49.990958+00:00
2019-02-11,129.0,135.0,129.0,135.0,222,135.0,2026-09-03T19:33:49.990958+00:00
2019-02-12,135.0,135.0,134.0,134.0,826,134.0,2026-09-03T19:33:49.990958+00:00
2019-02-13,133.0,133.0,133.0,133.0,300,133.0,2026-09-03T19:33:49.990958+00:00
2019-02-17,132.0,132.0,131.0,131.0,950,131.0,2026-09-03T19:33:49.990958+00:00
2019-02-18,133.0,133.0,132.0,132.0,700,132.0,2026-09-03T19:33:49.990958+00:00
2019-02-19,132.0,133.0,132.0,133.0,296,133.0,2026-09-03T19:33:49.990958+00:00
2019-02-25,133.0,133.0,133.0,133.0,157,133.0,2026-09-03T19:33:49.990958+00:00
2019-02-26,134.0,134.0,132.0,132.0,972,132.0,2026-09-03T19:33:49.990958+00:00
2019-02-27,132.0,132.0,132.0,132.0,20,132.0,2026-09-03T19:33:49.990958+00:00
2019-03-03,134.0,134.0,134.0,134.0,779,134.0,2026-09-03T19:33:49.990958+00:00
2019-03-05,134.0,134.0,134.0,134.0,1000,134.0,2026-09-03T19:33:49.990958+00:00
2019-03-07,132.0,135.0,132.0,135.0,2334,135.0,2026-09-03T19:33:49.990958+00:00
2019-03-10,133.0,133.0,133.0,133.0,779,133.0,2026-09-03T19:33:49.990958+00:00
2019-03-11,134.0,134.0,132.0,132.0,391,132.0,2026-09-03T19:33:49.990958+00:00
2019-03-12,134.0,138.0,134.0,138.0,80,138.0,2026-09-03T19:33:49.990958+00:00
2019-03-13,136.0,136.0,136.0,136.0,50,136.0,2026-09-03T19:33:49.990958+00:00
2019-03-14,135.0,139.0,135.0,139.0,2830,139.0,2026-09-03T19:33:49.990958+00:00
2019-03-18,141.0,141.0,137.0,137.0,199,137.0,2026-09-03T19:33:49.990958+00:00
2019-03-19,135.0,135.0,135.0,135.0,60,135.0,2026-09-03T19:33:49.990958+00:00
2019-03-21,134.0,135.0,134.0,135.0,387,135.0,2026-09-03T19:33:49.990958+00:00
2019-03-24,133.0,136.0,133.0,136.0,720,136.0,2026-09-03T19:33:49.990958+00:00
2019-03-25,135.0,135.0,132.0,132.0,3000,132.0,2026-09-03T19:33:49.990958+00:00
2019-03-26,133.0,136.0,132.0,132.0,4023,132.0,2026-09-03T19:33:49.990958+00:00
2019-03-27,134.0,134.0,134.0,134.0,70,134.0,2026-09-03T19:33:49.990958+00:00
2019-03-28,134.0,134.0,134.0,134.0,12,134.0,2026-09-03T19:33:49.990958+00:00
2019-03-31,134.0,134.0,132.0,134.0,4400,134.0,2026-09-03T19:33:49.990958+00:00
2019-04-01,135.0,136.0,135.0,136.0,883,136.0,2026-09-03T19:33:49.990958+00:00
2019-04-02,136.0,136.0,136.0,136.0,17,136.0,2026-09-03T19:33:49.990958+00:00
2019-04-03,136.0,136.0,136.0,136.0,400,136.0,2026-09-03T19:33:49.990958+00:00
2019-04-04,137.0,137.0,134.0,134.0,507,134.0,2026-09-03T19:33:49.990958+00:00
2019-04-08,136.0,138.0,135.0,137.0,1239,137.0,2026-09-03T19:33:49.990958+00:00
2019-04-09,137.0,138.0,137.0,137.0,2940,137.0,2026-09-03T19:33:49.990958+00:00
2019-04-10,137.0,137.0,137.0,137.0,100,137.0,2026-09-03T19:33:49.990958+00:00
2019-04-11,137.0,137.0,137.0,137.0,1200,137.0,2026-09-03T19:33:49.990958+00:00
2019-04-15,135.0,135.0,135.0,135.0,129,135.0,2026-09-03T19:33:49.990958+00:00
2019-04-16,137.0,144.0,137.0,144.0,377,144.0,2026-09-03T19:33:49.990958+00:00
2019-04-17,142.0,142.0,140.0,140.0,1395,140.0,2026-09-03T19:33:49.990958+00:00
2019-04-18,141.0,141.0,141.0,141.0,200,141.0,2026-09-03T19:33:49.990958+00:00
2019-04-21,140.0,140.0,139.0,139.0,117,139.0,2026-09-03T19:33:49.990958+00:00
2019-04-22,141.0,146.0,140.0,140.0,18772,140.0,2026-09-03T19:33:49.990958+00:00
2019-04-23,142.0,150.0,142.0,150.0,34772,150.0,2026-09-03T19:33:49.990958+00:00
2019-04-24,147.0,150.0,147.0,149.0,6112,149.0,2026-09-03T19:33:49.990958+00:00
2019-04-25,151.0,151.0,146.0,148.0,4410,148.0,2026-09-03T19:33:49.990958+00:00
2019-04-28,146.0,148.0,146.0,147.0,1436,147.0,2026-09-03T19:33:49.990958+00:00
2019-04-29,147.0,151.0,147.0,151.0,1645,151.0,2026-09-03T19:33:49.990958+00:00
2019-04-30,153.0,158.0,152.0,152.0,798,152.0,2026-09-03T19:33:49.990958+00:00
2019-05-02,149.0,149.0,149.0,149.0,550,149.0,2026-09-03T19:33:49.990958+00:00
2019-05-05,147.0,147.0,141.0,143.0,792,143.0,2026-09-03T19:33:49.990958+00:00
2019-05-06,142.0,147.0,142.0,147.0,85,147.0,2026-09-03T19:33:49.990958+00:00
2019-05-07,146.0,151.0,144.0,144.0,1774,144.0,2026-09-03T19:33:49.990958+00:00
2019-05-08,143.0,145.0,143.0,144.0,376,144.0,2026-09-03T19:33:49.990958+00:00
2019-05-09,142.0,142.0,142.0,142.0,996,142.0,2026-09-03T19:33:49.990958+00:00
2019-05-12,141.0,143.0,141.0,143.0,2726,143.0,2026-09-03T19:33:49.990958+00:00
2019-05-13,141.0,146.0,141.0,146.0,235,146.0,2026-09-03T19:33:49.990958+00:00
2019-05-14,144.0,149.0,141.0,149.0,1809,149.0,2026-09-03T19:33:49.990958+00:00
2019-05-15,151.0,156.0,147.0,147.0,710,147.0,2026-09-03T19:33:49.990958+00:00
2019-05-16,149.0,150.0,146.0,150.0,3463,150.0,2026-09-03T19:33:49.990958+00:00
2019-05-19,152.0,159.0,150.0,159.0,5723,159.0,2026-09-03T19:33:49.990958+00:00
2019-05-20,156.0,159.0,151.0,159.0,5267,159.0,2026-09-03T19:33:49.990958+00:00
2019-05-21,156.0,161.0,154.0,160.0,13246,160.0,2026-09-03T19:33:49.990958+00:00
2019-05-22,157.0,169.0,157.0,169.0,7133,169.0,2026-09-03T19:33:49.990958+00:00
2019-05-23,167.0,167.0,154.0,156.0,1149,156.0,2026-09-03T19:33:49.990958+00:00
2019-05-26,159.0,159.0,153.0,153.0,3251,153.0,2026-09-03T19:33:49.990958+00:00
2019-05-27,156.0,156.0,156.0,156.0,500,156.0,2026-09-03T19:33:49.990958+00:00
2019-05-28,159.0,159.0,156.0,156.0,7000,156.0,2026-09-03T19:33:49.990958+00:00
2019-05-29,158.0,158.0,155.0,155.0,6610,155.0,2026-09-03T19:33:49.990958+00:00
2019-05-30,156.0,159.0,156.0,159.0,10598,159.0,2026-09-03T19:33:49.990958+00:00
2019-06-02,159.0,160.0,158.0,158.0,532,158.0,2026-09-03T19:33:49.990958+00:00
2019-06-03,160.0,160.0,150.0,152.0,5635,152.0,2026-09-03T19:33:49.990958+00:00
2019-06-04,150.0,153.0,150.0,153.0,2513,153.0,2026-09-03T19:33:49.990958+00:00
2019-06-06,156.0,160.0,156.0,159.0,585,159.0,2026-09-03T19:33:49.990958+00:00
2019-06-10,162.0,162.0,153.0,153.0,7970,153.0,2026-09-03T19:33:49.990958+00:00
2019-06-11,155.0,157.0,152.0,156.0,8397,156.0,2026-09-03T19:33:49.990958+00:00
2019-06-13,153.0,156.0,153.0,155.0,7195,155.0,2026-09-03T19:33:49.990958+00:00
2019-06-16,158.0,158.0,153.0,153.0,922,153.0,2026-09-03T19:33:49.990958+00:00
2019-06-17,153.0,153.0,153.0,153.0,30,153.0,2026-09-03T19:33:49.990958+00:00
2019-06-18,155.0,156.0,154.0,154.0,1941,154.0,2026-09-03T19:33:49.990958+00:00
2019-06-19,157.0,158.0,156.0,158.0,676,158.0,2026-09-03T19:33:49.990958+00:00
2019-06-20,155.0,156.0,154.0,156.0,5764,156.0,2026-09-03T19:33:49.990958+00:00
2019-06-23,157.0,157.0,154.0,154.0,1373,154.0,2026-09-03T19:33:49.990958+00:00
2019-06-24,157.0,157.0,152.0,152.0,2001,152.0,2026-09-03T19:33:49.990958+00:00
2019-06-25,155.0,155.0,153.0,154.0,6784,154.0,2026-09-03T19:33:49.990958+00:00
2019-06-26,155.0,155.0,153.0,155.0,4158,155.0,2026-09-03T19:33:49.990958+00:00
2019-06-27,155.0,155.0,155.0,155.0,637,155.0,2026-09-03T19:33:49.990958+00:00
2019-06-30,154.0,154.0,154.0,154.0,87,154.0,2026-09-03T19:33:49.990958+00:00
2019-07-01,153.0,153.0,153.0,153.0,721,153.0,2026-09-03T19:33:49.990958+00:00
2019-07-02,155.0,155.0,153.0,153.0,290,153.0,2026-09-03T19:33:49.990958+00:00
2019-07-03,155.0,155.0,155.0,155.0,190,155.0,2026-09-03T19:33:49.990958+00:00
2019-07-04,157.0,157.0,157.0,157.0,270,157.0,2026-09-03T19:33:49.990958+00:00
2019-07-07,157.0,160.0,157.0,160.0,438,160.0,2026-09-03T19:33:49.990958+00:00
2019-07-08,157.0,157.0,152.0,154.0,3241,154.0,2026-09-03T19:33:49.990958+00:00
2019-07-09,155.0,155.0,155.0,155.0,400,155.0,2026-09-03T19:33:49.990958+00:00
2019-07-10,155.0,157.0,154.0,154.0,1353,154.0,2026-09-03T19:33:49.990958+00:00
2019-07-11,152.0,159.0,152.0,159.0,7769,159.0,2026-09-03T19:33:49.990958+00:00
2019-07-14,156.0,157.0,156.0,157.0,959,157.0,2026-09-03T19:33:49.990958+00:00
2019-07-15,157.0,160.0,157.0,160.0,2030,160.0,2026-09-03T19:33:49.990958+00:00
2019-07-16,157.0,157.0,157.0,157.0,35,157.0,2026-09-03T19:33:49.990958+00:00
2019-07-17,160.0,160.0,158.0,158.0,350,158.0,2026-09-03T19:33:49.990958+00:00
2019-07-18,159.0,159.0,159.0,159.0,350,159.0,2026-09-03T19:33:49.990958+00:00
2019-07-21,159.0,160.0,158.0,160.0,5501,160.0,2026-09-03T19:33:49.990958+00:00
2019-07-22,161.0,162.0,161.0,162.0,336,162.0,2026-09-03T19:33:49.990958+00:00
2019-07-23,165.0,165.0,162.0,162.0,60,162.0,2026-09-03T19:33:49.990958+00:00
2019-07-24,162.0,162.0,158.0,158.0,1600,158.0,2026-09-03T19:33:49.990958+00:00
2019-07-25,158.0,159.0,157.0,157.0,860,157.0,2026-09-03T19:33:49.990958+00:00
2019-07-28,154.0,157.0,154.0,156.0,280,156.0,2026-09-03T19:33:49.990958+00:00
2019-07-29,156.0,159.0,156.0,156.0,692,156.0,2026-09-03T19:33:49.990958+00:00
2019-07-30,159.0,159.0,159.0,159.0,110,159.0,2026-09-03T19:33:49.990958+00:00
2019-07-31,159.0,159.0,156.0,156.0,43,156.0,2026-09-03T19:33:49.990958+00:00
2019-08-01,159.0,160.0,156.0,159.0,272,159.0,2026-09-03T19:33:49.990958+00:00
2019-08-04,158.0,158.0,156.0,156.0,1710,156.0,2026-09-03T19:33:49.990958+00:00
2019-08-05,159.0,162.0,159.0,159.0,8355,159.0,2026-09-03T19:33:49.990958+00:00
2019-08-06,158.0,158.0,158.0,158.0,1561,158.0,2026-09-03T19:33:49.990958+00:00
2019-08-07,156.0,159.0,156.0,159.0,955,159.0,2026-09-03T19:33:49.990958+00:00
2019-08-08,157.0,157.0,156.0,156.0,1500,156.0,2026-09-03T19:33:49.990958+00:00
2019-08-11,158.0,158.0,158.0,158.0,538,158.0,2026-09-03T19:33:49.990958+00:00
2019-08-12,160.0,160.0,156.0,157.0,965,157.0,2026-09-03T19:33:49.990958+00:00
2019-08-13,160.0,160.0,160.0,160.0,50,160.0,2026-09-03T19:33:49.990958+00:00
2019-08-14,160.0,161.0,160.0,161.0,120,161.0,2026-09-03T19:33:49.990958+00:00
2019-08-18,160.0,160.0,160.0,160.0,180,160.0,2026-09-03T19:33:49.990958+00:00
2019-08-19,158.0,158.0,158.0,158.0,10,158.0,2026-09-03T19:33:49.990958+00:00
2019-08-20,160.0,160.0,157.0,159.0,2002,159.0,2026-09-03T19:33:49.990958+00:00
2019-08-21,158.0,158.0,156.0,156.0,118,156.0,2026-09-03T19:33:49.990958+00:00
2019-08-22,159.0,159.0,153.0,153.0,3410,153.0,2026-09-03T19:33:49.990958+00:00
2019-08-25,154.0,154.0,153.0,153.0,1500,153.0,2026-09-03T19:33:49.990958+00:00
2019-08-26,154.0,154.0,153.0,153.0,357,153.0,2026-09-03T19:33:49.990958+00:00
2019-08-27,156.0,156.0,153.0,156.0,3750,156.0,2026-09-03T19:33:49.990958+00:00
2019-08-28,154.0,154.0,153.0,153.0,220,153.0,2026-09-03T19:33:49.990958+00:00
2019-08-29,153.0,153.0,153.0,153.0,284,153.0,2026-09-03T19:33:49.990958+00:00
2019-09-01,156.0,156.0,152.0,152.0,2460,152.0,2026-09-03T19:33:49.990958+00:00
2019-09-02,150.0,152.0,150.0,151.0,200,151.0,2026-09-03T19:33:49.990958+00:00
2019-09-03,152.0,157.0,150.0,157.0,2211,157.0,2026-09-03T19:33:49.990958+00:00
2019-09-04,156.0,157.0,156.0,157.0,4014,157.0,2026-09-03T19:33:49.990958+00:00
2019-09-05,157.0,157.0,155.0,155.0,3992,155.0,2026-09-03T19:33:49.990958+00:00
2019-09-08,155.0,155.0,154.0,154.0,1662,154.0,2026-09-03T19:33:49.990958+00:00
2019-09-09,152.0,152.0,152.0,152.0,600,152.0,2026-09-03T19:33:49.990958+00:00
2019-09-10,150.0,150.0,150.0,150.0,311,150.0,2026-09-03T19:33:49.990958+00:00
2019-09-11,151.0,151.0,148.0,148.0,143,148.0,2026-09-03T19:33:49.990958+00:00
2019-09-16,146.0,146.0,146.0,146.0,300,146.0,2026-09-03T19:33:49.990958+00:00
2019-09-17,145.0,149.0,145.0,148.0,43,148.0,2026-09-03T19:33:49.990958+00:00
2019-09-18,150.0,153.0,150.0,150.0,791,150.0,2026-09-03T19:33:49.990958+00:00
2019-09-23,149.0,150.0,149.0,150.0,25,150.0,2026-09-03T19:33:49.990958+00:00
2019-09-24,153.0,153.0,153.0,153.0,250,153.0,2026-09-03T19:33:49.990958+00:00
2019-09-25,150.0,150.0,150.0,150.0,12,150.0,2026-09-03T19:33:49.990958+00:00
2019-09-30,153.0,154.0,153.0,154.0,118,154.0,2026-09-03T19:33:49.990958+00:00
2019-10-01,157.0,157.0,157.0,157.0,121,157.0,2026-09-03T19:33:49.990958+00:00
2019-10-03,157.0,157.0,154.0,154.0,660,154.0,2026-09-03T19:33:49.990958+00:00
2019-10-10,155.0,155.0,155.0,155.0,200,155.0,2026-09-03T19:33:49.990958+00:00
2019-10-14,154.0,154.0,153.0,153.0,550,153.0,2026-09-03T19:33:49.990958+00:00
2019-10-15,151.0,152.0,151.0,152.0,1096,152.0,2026-09-03T19:33:49.990958+00:00
2019-10-22,155.0,155.0,155.0,155.0,20,155.0,2026-09-03T19:33:49.990958+00:00
2019-10-23,155.0,156.0,155.0,156.0,34,156.0,2026-09-03T19:33:49.990958+00:00
2019-11-03,157.0,157.0,154.0,154.0,1250,154.0,2026-09-03T19:33:49.990958+00:00
2019-11-04,153.0,153.0,153.0,153.0,181,153.0,2026-09-03T19:33:49.990958+00:00
2019-11-05,154.0,154.0,153.0,153.0,273,153.0,2026-09-03T19:33:49.990958+00:00
2019-11-06,154.0,154.0,153.0,153.0,711,153.0,2026-09-03T19:33:49.990958+00:00
2019-11-07,152.0,152.0,150.0,150.0,1472,150.0,2026-09-03T19:33:49.990958+00:00
2019-11-11,150.0,150.0,149.0,150.0,525,150.0,2026-09-03T19:33:49.990958+00:00
2019-11-14,152.0,152.0,152.0,152.0,866,152.0,2026-09-03T19:33:49.990958+00:00
2019-11-17,149.0,149.0,149.0,149.0,79,149.0,2026-09-03T19:33:49.990958+00:00
2019-11-18,148.0,148.0,148.0,148.0,294,148.0,2026-09-03T19:33:49.990958+00:00
2019-11-20,150.0,150.0,148.0,148.0,1795,148.0,2026-09-03T19:33:49.990958+00:00
2019-11-21,148.0,149.0,148.0,149.0,219,149.0,2026-09-03T19:33:49.990958+00:00
2019-11-24,147.0,148.0,147.0,148.0,232,148.0,2026-09-03T19:33:49.990958+00:00
2019-11-26,147.0,149.0,147.0,149.0,210,149.0,2026-09-03T19:33:49.990958+00:00
2019-11-27,150.0,150.0,147.0,149.0,2380,149.0,2026-09-03T19:33:49.990958+00:00
2019-11-28,148.0,148.0,148.0,148.0,250,148.0,2026-09-03T19:33:49.990958+00:00
2019-12-01,150.0,150.0,149.0,149.0,358,149.0,2026-09-03T19:33:49.990958+00:00
2019-12-02,151.0,154.0,151.0,154.0,903,154.0,2026-09-03T19:33:49.990958+00:00
2019-12-03,157.0,157.0,156.0,156.0,40,156.0,2026-09-03T19:33:49.990958+00:00
2019-12-04,155.0,155.0,152.0,155.0,886,155.0,2026-09-03T19:33:49.990958+00:00
2019-12-05,154.0,155.0,154.0,155.0,609,155.0,2026-09-03T19:33:49.990958+00:00
2019-12-08,153.0,153.0,153.0,153.0,353,153.0,2026-09-03T19:33:49.990958+00:00
2019-12-10,153.0,156.0,153.0,156.0,10614,156.0,2026-09-03T19:33:49.990958+00:00
2019-12-11,158.0,158.0,158.0,158.0,10,158.0,2026-09-03T19:33:49.990958+00:00
2019-12-15,156.0,158.0,156.0,158.0,4275,158.0,2026-09-03T19:33:49.990958+00:00
2019-12-16,161.0,163.0,153.0,155.0,3615,155.0,2026-09-03T19:33:49.990958+00:00
2019-12-17,151.0,151.0,150.0,150.0,200,150.0,2026-09-03T19:33:49.990958+00:00
2019-12-22,147.0,147.0,147.0,147.0,109,147.0,2026-09-03T19:33:49.990958+00:00
2019-12-23,147.0,149.0,145.0,145.0,450,145.0,2026-09-03T19:33:49.990958+00:00
2019-12-26,147.0,147.0,147.0,147.0,50,147.0,2026-09-03T19:33:49.990958+00:00
2019-12-30,145.0,145.0,144.0,144.0,660,144.0,2026-09-03T19:33:49.990958+00:00
2019-12-31,146.0,146.0,143.0,143.0,750,143.0,2026-09-03T19:33:49.990958+00:00
2020-01-01,142.0,142.0,141.0,141.0,570,141.0,2026-09-03T19:33:49.990958+00:00
2020-01-05,143.0,143.0,141.0,141.0,520,141.0,2026-09-03T19:33:49.990958+00:00
2020-01-06,142.0,143.0,140.0,141.0,18787,141.0,2026-09-03T19:33:49.990958+00:00
2020-01-07,142.0,143.0,141.0,143.0,1208,143.0,2026-09-03T19:33:49.990958+00:00
2020-01-08,142.0,142.0,139.0,139.0,10034,139.0,2026-09-03T19:33:49.990958+00:00
2020-01-09,141.0,142.0,141.0,142.0,320,142.0,2026-09-03T19:33:49.990958+00:00
2020-01-12,144.0,148.0,144.0,148.0,399,148.0,2026-09-03T19:33:49.990958+00:00
2020-01-13,150.0,154.0,148.0,154.0,2600,154.0,2026-09-03T19:33:49.990958+00:00
2020-01-14,155.0,157.0,150.0,150.0,5570,150.0,2026-09-03T19:33:49.990958+00:00
2020-01-15,153.0,160.0,153.0,160.0,920,160.0,2026-09-03T19:33:49.990958+00:00
2020-01-16,163.0,172.0,163.0,172.0,11414,172.0,2026-09-03T19:33:49.990958+00:00
2020-01-19,170.0,178.0,166.0,166.0,19520,166.0,2026-09-03T19:33:49.990958+00:00
2020-01-20,169.0,172.0,163.0,163.0,8912,163.0,2026-09-03T19:33:49.990958+00:00
2020-01-21,166.0,168.0,160.0,160.0,3300,160.0,2026-09-03T19:33:49.990958+00:00
2020-01-22,162.0,164.0,158.0,158.0,1752,158.0,2026-09-03T19:33:49.990958+00:00
2020-01-23,156.0,158.0,155.0,155.0,5000,155.0,2026-09-03T19:33:49.990958+00:00
2020-01-26,152.0,152.0,151.0,151.0,1838,151.0,2026-09-03T19:33:49.990958+00:00
2020-01-27,154.0,154.0,151.0,151.0,956,151.0,2026-09-03T19:33:49.990958+00:00
2020-01-28,153.0,157.0,153.0,153.0,10272,153.0,2026-09-03T19:33:49.990958+00:00
2020-01-29,156.0,156.0,156.0,156.0,511,156.0,2026-09-03T19:33:49.990958+00:00
2020-01-30,159.0,162.0,156.0,159.0,8428,159.0,2026-09-03T19:33:49.990958+00:00
2020-02-02,162.0,165.0,162.0,165.0,4499,165.0,2026-09-03T19:33:49.990958+00:00
2020-02-03,162.0,165.0,162.0,165.0,2271,165.0,2026-09-03T19:33:49.990958+00:00
2020-02-04,165.0,171.0,162.0,166.0,16941,166.0,2026-09-03T19:33:49.990958+00:00
2020-02-05,168.0,170.0,166.0,170.0,3463,170.0,2026-09-03T19:33:49.990958+00:00
2020-02-06,168.0,170.0,167.0,167.0,7972,167.0,2026-09-03T19:33:49.990958+00:00
2020-02-09,164.0,167.0,164.0,165.0,2070,165.0,2026-09-03T19:33:49.990958+00:00
2020-02-10,163.0,166.0,163.0,166.0,5090,166.0,2026-09-03T19:33:49.990958+00:00
2020-02-11,168.0,169.0,166.0,166.0,773,166.0,2026-09-03T19:33:49.990958+00:00
2020-02-12,169.0,169.0,169.0,169.0,103,169.0,2026-09-03T19:33:49.990958+00:00
2020-02-13,168.0,169.0,165.0,165.0,3248,165.0,2026-09-03T19:33:49.990958+00:00
2020-02-16,167.0,171.0,167.0,171.0,552,171.0,2026-09-03T19:33:49.990958+00:00
2020-02-17,174.0,174.0,166.0,171.0,8714,171.0,2026-09-03T19:33:49.990958+00:00
2020-02-18,174.0,174.0,165.0,168.0,3690,168.0,2026-09-03T19:33:49.990958+00:00
2020-02-19,166.0,166.0,165.0,165.0,80,165.0,2026-09-03T19:33:49.990958+00:00
2020-02-20,168.0,171.0,168.0,168.0,484,168.0,2026-09-03T19:33:49.990958+00:00
2020-02-23,170.0,177.0,170.0,177.0,2705,177.0,2026-09-03T19:33:49.990958+00:00
2020-02-24,180.0,180.0,171.0,171.0,2109,171.0,2026-09-03T19:33:49.990958+00:00
2020-02-25,171.0,178.0,168.0,176.0,13541,176.0,2026-09-03T19:33:49.990958+00:00
2020-02-26,175.0,179.0,173.0,173.0,9910,173.0,2026-09-03T19:33:49.990958+00:00
2020-02-27,176.0,179.0,170.0,172.0,6625,172.0,2026-09-03T19:33:49.990958+00:00
2020-03-01,175.0,179.0,166.0,166.0,3453,166.0,2026-09-03T19:33:49.990958+00:00
2020-03-02,164.0,167.0,163.0,167.0,2725,167.0,2026-09-03T19:33:49.990958+00:00
2020-03-03,170.0,171.0,169.0,170.0,5215,170.0,2026-09-03T19:33:49.990958+00:00
2020-03-04,168.0,168.0,163.0,163.0,676,163.0,2026-09-03T19:33:49.990958+00:00
2020-03-05,161.0,163.0,158.0,161.0,5738,161.0,2026-09-03T19:33:49.990958+00:00
2020-03-10,158.0,158.0,155.0,155.0,1367,155.0,2026-09-03T19:33:49.990958+00:00
2020-03-11,158.0,161.0,158.0,161.0,3285,161.0,2026-09-03T19:33:49.990958+00:00
2020-03-12,164.0,167.0,164.0,165.0,120,165.0,2026-09-03T19:33:49.990958+00:00
2020-03-15,168.0,171.0,157.0,157.0,3923,157.0,2026-09-03T19:33:49.990958+00:00
2020-03-16,160.0,160.0,156.0,157.0,1757,157.0,2026-09-03T19:33:49.990958+00:00
2020-03-17,155.0,155.0,151.0,151.0,3050,151.0,2026-09-03T19:33:49.990958+00:00
2020-03-18,150.0,153.0,147.0,153.0,8650,153.0,2026-09-03T19:33:49.990958+00:00
2020-03-19,153.0,153.0,143.0,143.0,7371,143.0,2026-09-03T19:33:49.990958+00:00
2020-03-22,141.0,141.0,141.0,141.0,500,141.0,2026-09-03T19:33:49.990958+00:00
2020-06-29,140.0,140.0,140.0,142.0,956,142.0,2026-09-03T19:33:49.990958+00:00
2020-06-30,143.0,143.0,143.0,143.0,200,143.0,2026-09-03T19:33:49.990958+00:00
2020-07-02,145.0,145.0,142.0,142.0,2616,142.0,2026-09-03T19:33:49.990958+00:00
2020-07-05,143.0,143.0,140.0,140.0,100,140.0,2026-09-03T19:33:49.990958+00:00
2020-07-06,140.0,144.0,140.0,144.0,415,144.0,2026-09-03T19:33:49.990958+00:00
2020-07-07,143.0,149.0,143.0,149.0,243,149.0,2026-09-03T19:33:49.990958+00:00
2020-07-08,150.0,150.0,150.0,150.0,100,150.0,2026-09-03T19:33:49.990958+00:00
2020-07-09,153.0,159.0,153.0,153.0,577,153.0,2026-09-03T19:33:49.990958+00:00
2020-07-12,153.0,154.0,153.0,154.0,139,154.0,2026-09-03T19:33:49.990958+00:00
2020-07-13,157.0,163.0,154.0,160.0,543,160.0,2026-09-03T19:33:49.990958+00:00
2020-07-14,160.0,160.0,158.0,160.0,1120,160.0,2026-09-03T19:33:49.990958+00:00
2020-07-15,158.0,161.0,158.0,159.0,2023,159.0,2026-09-03T19:33:49.990958+00:00
2020-07-16,156.0,162.0,156.0,162.0,730,162.0,2026-09-03T19:33:49.990958+00:00
2020-07-20,165.0,170.0,159.0,159.0,2747,159.0,2026-09-03T19:33:49.990958+00:00
2020-07-21,157.0,158.0,153.0,158.0,560,158.0,2026-09-03T19:33:49.990958+00:00
2020-07-22,158.0,161.0,153.0,153.0,3099,153.0,2026-09-03T19:33:49.990958+00:00
2020-07-23,152.0,158.0,152.0,155.0,1707,155.0,2026-09-03T19:33:49.990958+00:00
2020-07-26,155.0,160.0,155.0,155.0,1660,155.0,2026-09-03T19:33:49.990958+00:00
2020-07-27,155.0,156.0,153.0,153.0,7071,153.0,2026-09-03T19:33:49.990958+00:00
2020-07-28,156.0,159.0,156.0,159.0,450,159.0,2026-09-03T19:33:49.990958+00:00
2020-07-29,162.0,165.0,159.0,159.0,2507,159.0,2026-09-03T19:33:49.990958+00:00
2020-07-30,159.0,165.0,159.0,160.0,596,160.0,2026-09-03T19:33:49.990958+00:00
2020-08-02,157.0,159.0,155.0,157.0,1866,157.0,2026-09-03T19:33:49.990958+00:00
2020-08-03,159.0,160.0,155.0,155.0,1372,155.0,2026-09-03T19:33:49.990958+00:00
2020-08-05,154.0,154.0,151.0,153.0,970,153.0,2026-09-03T19:33:49.990958+00:00
2020-08-09,155.0,155.0,155.0,155.0,500,155.0,2026-09-03T19:33:49.990958+00:00
2020-08-10,158.0,161.0,155.0,161.0,976,161.0,2026-09-03T19:33:49.990958+00:00
2020-08-11,158.0,158.0,155.0,155.0,498,155.0,2026-09-03T19:33:49.990958+00:00
2020-08-12,153.0,153.0,152.0,152.0,2302,152.0,2026-09-03T19:33:49.990958+00:00
2020-08-13,155.0,155.0,152.0,152.0,64,152.0,2026-09-03T19:33:49.990958+00:00
2020-08-16,152.0,154.0,150.0,154.0,1520,154.0,2026-09-03T19:33:49.990958+00:00
2020-08-17,153.0,157.0,153.0,157.0,311,157.0,2026-09-03T19:33:49.990958+00:00
2020-08-18,160.0,160.0,148.0,152.0,603,152.0,2026-09-03T19:33:49.990958+00:00
2020-08-19,152.0,152.0,150.0,150.0,613,150.0,2026-09-03T19:33:49.990958+00:00
2020-08-20,153.0,153.0,147.0,147.0,4114,147.0,2026-09-03T19:33:49.990958+00:00
2020-08-23,149.0,153.0,149.0,152.0,2534,152.0,2026-09-03T19:33:49.990958+00:00
2020-08-24,155.0,158.0,149.0,149.0,1259,149.0,2026-09-03T19:33:49.990958+00:00
2020-08-25,151.0,157.0,151.0,154.0,1114,154.0,2026-09-03T19:33:49.990958+00:00
2020-08-26,155.0,158.0,154.0,155.0,2075,155.0,2026-09-03T19:33:49.990958+00:00
2020-08-27,155.0,155.0,151.0,152.0,5533,152.0,2026-09-03T19:33:49.990958+00:00
2020-08-30,153.0,154.0,150.0,150.0,3496,150.0,2026-09-03T19:33:49.990958+00:00
2020-08-31,153.0,156.0,151.0,152.0,8994,152.0,2026-09-03T19:33:49.990958+00:00
2020-09-02,151.0,154.0,151.0,154.0,6953,154.0,2026-09-03T19:33:49.990958+00:00
2020-09-03,153.0,160.0,151.0,160.0,13011,160.0,2026-09-03T19:33:49.990958+00:00
2020-09-06,157.0,157.0,154.0,154.0,2464,154.0,2026-09-03T19:33:49.990958+00:00
2020-09-07,157.0,157.0,155.0,156.0,8919,156.0,2026-09-03T19:33:49.990958+00:00
2020-09-08,154.0,156.0,153.0,153.0,2200,153.0,2026-09-03T19:33:49.990958+00:00
2020-09-09,156.0,161.0,156.0,156.0,1255,156.0,2026-09-03T19:33:49.990958+00:00
2020-09-10,157.0,157.0,154.0,154.0,2549,154.0,2026-09-03T19:33:49.990958+00:00
2020-09-13,156.0,160.0,156.0,159.0,7916,159.0,2026-09-03T19:33:49.990958+00:00
2020-09-14,162.0,162.0,159.0,161.0,8141,161.0,2026-09-03T19:33:49.990958+00:00
2020-09-15,164.0,165.0,159.0,162.0,5801,162.0,2026-09-03T19:33:49.990958+00:00
2020-09-16,159.0,162.0,156.0,162.0,4029,162.0,2026-09-03T19:33:49.990958+00:00
2020-09-17,164.0,178.0,163.0,178.0,29578,178.0,2026-09-03T19:33:49.990958+00:00
2020-09-20,186.0,195.0,177.0,183.0,26024,183.0,2026-09-03T19:33:49.990958+00:00
2020-09-21,180.0,180.0,173.0,179.0,11832,179.0,2026-09-03T19:33:49.990958+00:00
2020-09-22,177.0,177.0,167.0,167.0,27582,167.0,2026-09-03T19:33:49.990958+00:00
2020-09-23,170.0,178.0,162.0,176.0,25334,176.0,2026-09-03T19:33:49.990958+00:00
2020-09-24,179.0,186.0,176.0,181.0,22423,181.0,2026-09-03T19:33:49.990958+00:00
2020-09-27,179.0,183.0,176.0,180.0,23137,180.0,2026-09-03T19:33:49.990958+00:00
2020-09-28,178.0,185.0,178.0,182.0,10347,182.0,2026-09-03T19:33:49.990958+00:00
2020-09-29,182.0,182.0,176.0,176.0,13305,176.0,2026-09-03T19:33:49.990958+00:00
2020-09-30,179.0,179.0,174.0,179.0,13448,179.0,2026-09-03T19:33:49.990958+00:00
2020-10-01,180.0,188.0,180.0,188.0,111603,188.0,2026-09-03T19:33:49.990958+00:00
2020-10-04,191.0,195.0,185.0,194.0,65525,194.0,2026-09-03T19:33:49.990958+00:00
2020-10-05,203.0,203.0,187.0,189.0,16258,189.0,2026-09-03T19:33:49.990958+00:00
2020-10-06,188.0,194.0,184.0,184.0,20285,184.0,2026-09-03T19:33:49.990958+00:00
2020-10-07,187.0,197.0,185.0,193.0,44468,193.0,2026-09-03T19:33:49.990958+00:00
2020-10-08,196.0,207.0,196.0,198.0,88749,198.0,2026-09-03T19:33:49.990958+00:00
2020-10-11,199.0,217.0,192.0,210.0,116800,210.0,2026-09-03T19:33:49.990958+00:00
2020-10-12,220.0,220.0,201.0,201.0,13842,201.0,2026-09-03T19:33:49.990958+00:00
2020-10-13,205.0,209.0,195.0,197.0,20056,197.0,2026-09-03T19:33:49.990958+00:00
2020-10-14,194.0,204.0,189.0,190.0,15137,190.0,2026-09-03T19:33:49.990958+00:00
2020-10-15,193.0,196.0,191.0,192.0,10758,192.0,2026-09-03T19:33:49.990958+00:00
2020-10-18,189.0,193.0,186.0,193.0,4190,193.0,2026-09-03T19:33:49.990958+00:00
2020-10-19,196.0,198.0,188.0,196.0,5632,196.0,2026-09-03T19:33:49.990958+00:00
2020-10-20,199.0,206.0,195.0,206.0,33893,206.0,2026-09-03T19:33:49.990958+00:00
2020-10-21,208.0,208.0,198.0,203.0,18691,203.0,2026-09-03T19:33:49.990958+00:00
2020-10-22,205.0,207.0,200.0,200.0,18186,200.0,2026-09-03T19:33:49.990958+00:00
2020-10-28,204.0,206.0,200.0,206.0,20324,206.0,2026-09-03T19:33:49.990958+00:00
2020-10-29,209.0,209.0,199.0,199.0,20446,199.0,2026-09-03T19:33:49.990958+00:00
2020-11-01,201.0,204.0,196.0,204.0,21069,204.0,2026-09-03T19:33:49.990958+00:00
2020-11-02,214.0,214.0,200.0,202.0,12789,202.0,2026-09-03T19:33:49.990958+00:00
2020-11-03,204.0,211.0,202.0,209.0,58180,209.0,2026-09-03T19:33:49.990958+00:00
2020-11-04,212.0,212.0,207.0,208.0,11232,208.0,2026-09-03T19:33:49.990958+00:00
2020-11-05,208.0,208.0,204.0,204.0,8863,204.0,2026-09-03T19:33:49.990958+00:00
2020-11-08,202.0,206.0,200.0,203.0,20207,203.0,2026-09-03T19:33:49.990958+00:00
2020-11-09,203.0,207.0,203.0,205.0,7893,205.0,2026-09-03T19:33:49.990958+00:00
2020-11-10,215.0,215.0,203.0,206.0,11880,206.0,2026-09-03T19:33:49.990958+00:00
2020-11-11,210.0,210.0,202.0,206.0,8441,206.0,2026-09-03T19:33:49.990958+00:00
2020-11-12,206.0,206.0,202.0,204.0,12950,204.0,2026-09-03T19:33:49.990958+00:00
2020-11-18,202.0,204.0,200.0,204.0,8181,204.0,2026-09-03T19:33:49.990958+00:00
2020-11-19,200.0,207.0,197.0,205.0,24534,205.0,2026-09-03T19:33:49.990958+00:00
2020-11-22,206.0,206.0,200.0,201.0,15773,201.0,2026-09-03T19:33:49.990958+00:00
2020-11-23,205.0,206.0,201.0,202.0,9970,202.0,2026-09-03T19:33:49.990958+00:00
2020-11-24,204.0,206.0,200.0,203.0,6926,203.0,2026-09-03T19:33:49.990958+00:00
2020-11-25,200.0,210.0,200.0,210.0,22600,210.0,2026-09-03T19:33:49.990958+00:00
2020-11-26,207.0,210.0,204.0,210.0,33652,210.0,2026-09-03T19:33:49.990958+00:00
2020-11-29,208.0,218.0,205.0,218.0,37163,218.0,2026-09-03T19:33:49.990958+00:00
2020-11-30,220.0,220.0,207.0,210.0,14075,210.0,2026-09-03T19:33:49.990958+00:00
2020-12-01,207.0,210.0,206.0,207.0,5134,207.0,2026-09-03T19:33:49.990958+00:00
2020-12-02,209.0,211.0,205.0,205.0,14544,205.0,2026-09-03T19:33:49.990958+00:00
2020-12-03,215.0,219.0,204.0,211.0,16760,211.0,2026-09-03T19:33:49.990958+00:00
2020-12-06,201.0,217.0,198.0,199.0,30422,199.0,2026-09-03T19:33:49.990958+00:00
2020-12-07,198.0,207.0,198.0,207.0,9673,207.0,2026-09-03T19:33:49.990958+00:00
2020-12-08,204.0,205.0,200.0,200.0,12003,200.0,2026-09-03T19:33:49.990958+00:00
2020-12-09,200.0,205.0,198.0,205.0,28225,205.0,2026-09-03T19:33:49.990958+00:00
2020-12-10,202.0,209.0,201.0,208.0,6394,208.0,2026-09-03T19:33:49.990958+00:00
2020-12-13,208.0,208.0,204.0,204.0,1756,204.0,2026-09-03T19:33:49.990958+00:00
2020-12-14,203.0,204.0,201.0,201.0,2858,201.0,2026-09-03T19:33:49.990958+00:00
2020-12-15,200.0,207.0,200.0,201.0,2568,201.0,2026-09-03T19:33:49.990958+00:00
2020-12-16,202.0,202.0,198.0,199.0,8362,199.0,2026-09-03T19:33:49.990958+00:00
2020-12-17,200.0,208.0,199.0,208.0,11308,208.0,2026-09-03T19:33:49.990958+00:00
2020-12-20,206.0,206.0,197.0,200.0,6402,200.0,2026-09-03T19:33:49.990958+00:00
2020-12-21,196.0,202.0,195.0,202.0,12176,202.0,2026-09-03T19:33:49.990958+00:00
2020-12-22,205.0,205.0,197.0,198.0,6786,198.0,2026-09-03T19:33:49.990958+00:00
2020-12-23,201.0,203.0,196.0,196.0,10655,196.0,2026-09-03T19:33:49.990958+00:00
2020-12-24,193.0,200.0,193.0,200.0,7885,200.0,2026-09-03T19:33:49.990958+00:00
2020-12-27,204.0,206.0,198.0,198.0,384,198.0,2026-09-03T19:33:49.990958+00:00
2020-12-28,200.0,200.0,197.0,198.0,7209,198.0,2026-09-03T19:33:49.990958+00:00
2020-12-29,200.0,203.0,196.0,200.0,3392,200.0,2026-09-03T19:33:49.990958+00:00
2020-12-30,183.0,183.0,176.0,179.0,3838,179.0,2026-09-03T19:33:49.990958+00:00
2020-12-31,182.0,185.0,174.0,176.0,3777,176.0,2026-09-03T19:33:49.990958+00:00
2021-01-03,176.0,180.0,175.0,180.0,6776,180.0,2026-09-03T19:33:49.990958+00:00
2021-01-04,180.0,185.0,180.0,182.0,5405,182.0,2026-09-03T19:33:49.990958+00:00
2021-01-05,184.0,184.0,181.0,184.0,530,184.0,2026-09-03T19:33:49.990958+00:00
2021-01-06,181.0,181.0,175.0,177.0,7533,177.0,2026-09-03T19:33:49.990958+00:00
2021-01-07,180.0,183.0,176.0,179.0,2006,179.0,2026-09-03T19:33:49.990958+00:00
2021-01-10,180.0,184.0,180.0,181.0,3105,181.0,2026-09-03T19:33:49.990958+00:00
2021-01-11,184.0,184.0,178.0,183.0,9844,183.0,2026-09-03T19:33:49.990958+00:00
2021-01-12,182.0,185.0,180.0,184.0,9433,184.0,2026-09-03T19:33:49.990958+00:00
2021-01-13,187.0,202.0,186.0,200.0,36100,200.0,2026-09-03T19:33:49.990958+00:00
2021-01-17,204.0,204.0,197.0,204.0,10770,204.0,2026-09-03T19:33:49.990958+00:00
2021-01-18,208.0,211.0,202.0,204.0,18306,204.0,2026-09-03T19:33:49.990958+00:00
2021-01-19,206.0,217.0,205.0,216.0,42012,216.0,2026-09-03T19:33:49.990958+00:00
2021-01-20,215.0,237.0,215.0,237.0,89591,237.0,2026-09-03T19:33:49.990958+00:00
2021-01-21,241.0,260.0,234.0,260.0,140573,260.0,2026-09-03T19:33:49.990958+00:00
2021-01-24,265.0,270.0,253.0,258.0,42184,258.0,2026-09-03T19:33:49.990958+00:00
2021-01-25,261.0,261.0,239.0,240.0,50844,240.0,2026-09-03T19:33:49.990958+00:00
2021-01-26,244.0,262.0,239.0,255.0,29652,255.0,2026-09-03T19:33:49.990958+00:00
2021-01-27,250.0,250.0,241.0,243.0,10363,243.0,2026-09-03T19:33:49.990958+00:00
2021-01-28,243.0,247.0,233.0,235.0,30386,235.0,2026-09-03T19:33:49.990958+00:00
2021-01-31,231.0,235.0,227.0,229.0,12281,229.0,2026-09-03T19:33:49.990958+00:00
2021-02-01,228.0,230.0,225.0,229.0,10321,229.0,2026-09-03T19:33:49.990958+00:00
2021-02-02,229.0,230.0,221.0,223.0,12777,223.0,2026-09-03T19:33:49.990958+00:00
2021-02-03,223.0,235.0,219.0,221.0,24370,221.0,2026-09-03T19:33:49.990958+00:00
2021-02-04,225.0,229.0,220.0,225.0,6109,225.0,2026-09-03T19:33:49.990958+00:00
2021-02-07,224.0,231.0,222.0,222.0,20415,222.0,2026-09-03T19:33:49.990958+00:00
2021-02-08,226.0,236.0,226.0,228.0,12714,228.0,2026-09-03T19:33:49.990958+00:00
2021-02-09,230.0,250.0,229.0,250.0,64191,250.0,2026-09-03T19:33:49.990958+00:00
2021-02-10,262.0,262.0,245.0,248.0,17173,248.0,2026-09-03T19:33:49.990958+00:00
2021-02-11,252.0,256.0,236.0,237.0,26550,237.0,2026-09-03T19:33:49.990958+00:00
2021-02-14,235.0,236.0,230.0,236.0,9351,236.0,2026-09-03T19:33:49.990958+00:00
2021-02-15,240.0,244.0,234.0,242.0,11051,242.0,2026-09-03T19:33:49.990958+00:00
2021-02-16,238.0,243.0,234.0,240.0,20672,240.0,2026-09-03T19:33:49.990958+00:00
2021-02-17,237.0,248.0,236.0,246.0,10459,246.0,2026-09-03T19:33:49.990958+00:00
2021-02-18,248.0,248.0,240.0,243.0,8581,243.0,2026-09-03T19:33:49.990958+00:00
2021-02-21,242.0,242.0,236.0,239.0,2942,239.0,2026-09-03T19:33:49.990958+00:00
2021-02-22,236.0,240.0,236.0,236.0,6548,236.0,2026-09-03T19:33:49.990958+00:00
2021-02-23,240.0,240.0,224.0,240.0,12980,240.0,2026-09-03T19:33:49.990958+00:00
2021-02-24,244.0,252.0,223.0,235.0,19421,235.0,2026-09-03T19:33:49.990958+00:00
2021-02-25,235.0,238.0,222.0,222.0,11063,222.0,2026-09-03T19:33:49.990958+00:00
2021-02-28,222.0,230.0,220.0,221.0,6493,221.0,2026-09-03T19:33:49.990958+00:00
2021-03-01,225.0,226.0,222.0,222.0,6400,222.0,2026-09-03T19:33:49.990958+00:00
2021-03-02,226.0,226.0,213.0,213.0,10540,213.0,2026-09-03T19:33:49.990958+00:00
2021-03-03,215.0,218.0,212.0,212.0,6950,212.0,2026-09-03T19:33:49.990958+00:00
2021-03-04,215.0,232.0,215.0,232.0,1922,232.0,2026-09-03T19:33:49.990958+00:00
2021-03-07,228.0,228.0,223.0,224.0,3983,224.0,2026-09-03T19:33:49.990958+00:00
2021-03-09,222.0,225.0,222.0,222.0,2128,222.0,2026-09-03T19:33:49.990958+00:00
2021-03-10,222.0,224.0,218.0,224.0,5684,224.0,2026-09-03T19:33:49.990958+00:00
2021-03-14,221.0,221.0,213.0,215.0,5252,215.0,2026-09-03T19:33:49.990958+00:00
2021-03-15,213.0,225.0,211.0,215.0,7493,215.0,2026-09-03T19:33:49.990958+00:00
2021-03-16,212.0,219.0,212.0,215.0,6758,215.0,2026-09-03T19:33:49.990958+00:00
2021-03-17,211.0,223.0,211.0,223.0,5417,223.0,2026-09-03T19:33:49.990958+00:00
2021-03-18,234.0,234.0,218.0,219.0,3422,219.0,2026-09-03T19:33:49.990958+00:00
2021-03-21,219.0,226.0,219.0,225.0,7633,225.0,2026-09-03T19:33:49.990958+00:00
2021-03-22,225.0,225.0,217.0,217.0,11215,217.0,2026-09-03T19:33:49.990958+00:00
2021-03-23,217.0,228.0,217.0,220.0,11786,220.0,2026-09-03T19:33:49.990958+00:00
2021-03-24,221.0,233.0,221.0,228.0,11290,228.0,2026-09-03T19:33:49.990958+00:00
2021-03-25,224.0,227.0,221.0,221.0,6950,221.0,2026-09-03T19:33:49.990958+00:00
2021-03-29,225.0,225.0,220.0,220.0,2499,220.0,2026-09-03T19:33:49.990958+00:00
2021-03-30,224.0,224.0,218.0,220.0,6035,220.0,2026-09-03T19:33:49.990958+00:00
2021-03-31,220.0,228.0,220.0,225.0,9570,225.0,2026-09-03T19:33:49.990958+00:00
2021-04-01,225.0,247.0,225.0,247.0,73613,247.0,2026-09-03T19:33:49.990958+00:00
2021-04-04,250.0,268.0,238.0,268.0,88352,268.0,2026-09-03T19:33:49.990958+00:00
2021-04-05,275.0,280.0,259.0,259.0,44600,259.0,2026-09-03T19:33:49.990958+00:00
2021-04-06,254.0,255.0,244.0,251.0,51596,251.0,2026-09-03T19:33:49.990958+00:00
2021-04-07,250.0,252.0,245.0,251.0,38972,251.0,2026-09-03T19:33:49.990958+00:00
2021-04-08,252.0,276.0,246.0,272.0,183325,272.0,2026-09-03T19:33:49.990958+00:00
2021-04-12,275.0,279.0,263.0,266.0,51323,266.0,2026-09-03T19:33:49.990958+00:00
2021-04-13,263.0,266.0,254.0,257.0,65834,257.0,2026-09-03T19:33:49.990958+00:00
2021-04-15,261.0,276.0,260.0,262.0,30438,262.0,2026-09-03T19:33:49.990958+00:00
2021-04-18,275.0,275.0,257.0,262.0,11464,262.0,2026-09-03T19:33:49.990958+00:00
2021-04-19,262.0,267.0,260.0,264.0,21175,264.0,2026-09-03T19:33:49.990958+00:00
2021-04-20,261.0,266.0,259.0,265.0,15624,265.0,2026-09-03T19:33:49.990958+00:00
2021-04-21,260.0,264.0,257.0,260.0,10736,260.0,2026-09-03T19:33:49.990958+00:00
2021-04-22,255.0,262.0,250.0,257.0,6584,257.0,2026-09-03T19:33:49.990958+00:00
2021-04-25,257.0,257.0,247.0,250.0,19927,250.0,2026-09-03T19:33:49.990958+00:00
2021-04-26,245.0,262.0,230.0,234.0,33672,234.0,2026-09-03T19:33:49.990958+00:00
2021-04-27,245.0,252.0,240.0,240.0,17934,240.0,2026-09-03T19:33:49.990958+00:00
2021-04-28,240.0,248.0,240.0,248.0,9458,248.0,2026-09-03T19:33:49.990958+00:00
2021-04-29,245.0,248.0,241.0,241.0,14554,241.0,2026-09-03T19:33:49.990958+00:00
2021-05-02,245.0,252.0,241.0,249.0,17442,249.0,2026-09-03T19:33:49.990958+00:00
2021-05-03,250.0,265.0,245.0,253.0,18593,253.0,2026-09-03T19:33:49.990958+00:00
2021-05-04,256.0,256.0,251.0,252.0,5641,252.0,2026-09-03T19:33:49.990958+00:00
2021-05-05,250.0,257.0,250.0,252.0,9336,252.0,2026-09-03T19:33:49.990958+00:00
2021-05-06,249.0,252.0,247.0,252.0,2430,252.0,2026-09-03T19:33:49.990958+00:00
2021-05-09,248.0,249.0,243.0,246.0,5158,246.0,2026-09-03T19:33:49.990958+00:00
2021-05-10,247.0,248.0,245.0,248.0,1545,248.0,2026-09-03T19:33:49.990958+00:00
2021-05-11,248.0,257.0,248.0,253.0,11260,253.0,2026-09-03T19:33:49.990958+00:00
2021-05-12,254.0,270.0,251.0,259.0,56711,259.0,2026-09-03T19:33:49.990958+00:00
2021-05-13,263.0,275.0,263.0,273.0,78819,273.0,2026-09-03T19:33:49.990958+00:00
2021-05-16,278.0,288.0,275.0,284.0,62368,284.0,2026-09-03T19:33:49.990958+00:00
2021-05-17,284.0,285.0,275.0,279.0,33526,279.0,2026-09-03T19:33:49.990958+00:00
2021-05-18,284.0,301.0,276.0,301.0,138923,301.0,2026-09-03T19:33:49.990958+00:00
2021-05-19,301.0,306.0,283.0,288.0,69028,288.0,2026-09-03T19:33:49.990958+00:00
2021-05-20,292.0,316.0,286.0,306.0,102059,306.0,2026-09-03T19:33:49.990958+00:00
2021-05-23,291.0,336.0,291.0,336.0,198596,336.0,2026-09-03T19:33:49.990958+00:00
2021-05-24,352.0,353.0,319.0,330.0,83473,330.0,2026-09-03T19:33:49.990958+00:00
2021-05-25,346.0,346.0,319.0,328.0,66269,328.0,2026-09-03T19:33:49.990958+00:00
2021-05-27,344.0,344.0,317.0,338.0,64749,338.0,2026-09-03T19:33:49.990958+00:00
2021-05-30,341.0,368.0,324.0,358.0,115554,358.0,2026-09-03T19:33:49.990958+00:00
2021-05-31,363.0,364.0,341.0,345.0,76042,345.0,2026-09-03T19:33:49.990958+00:00
2021-06-01,350.0,351.0,335.0,346.0,45058,346.0,2026-09-03T19:33:49.990958+00:00
2021-06-02,363.0,380.0,346.0,380.0,151855,380.0,2026-09-03T19:33:49.990958+00:00
2021-06-03,390.0,411.0,366.0,400.0,193895,400.0,2026-09-03T19:33:49.990958+00:00
2021-06-06,400.0,400.0,372.0,391.0,92004,391.0,2026-09-03T19:33:49.990958+00:00
2021-06-07,391.0,430.0,387.0,430.0,193632,430.0,2026-09-03T19:33:49.990958+00:00
2021-06-08,440.0,473.0,440.0,473.0,76672,473.0,2026-09-03T19:33:49.990958+00:00
2021-06-09,496.0,515.0,453.0,473.0,141620,473.0,2026-09-03T19:33:49.990958+00:00
2021-06-10,482.0,506.0,454.0,500.0,205582,500.0,2026-09-03T19:33:49.990958+00:00
2021-06-13,500.0,550.0,500.0,550.0,186380,550.0,2026-09-03T19:33:49.990958+00:00
2021-06-14,577.0,599.0,535.0,548.0,126669,548.0,2026-09-03T19:33:49.990958+00:00
2021-06-15,550.0,550.0,501.0,512.0,121010,512.0,2026-09-03T19:33:49.990958+00:00
2021-06-16,511.0,516.0,461.0,480.0,89572,480.0,2026-09-03T19:33:49.990958+00:00
2021-06-17,456.0,497.0,456.0,475.0,113334,475.0,2026-09-03T19:33:49.990958+00:00
2021-06-20,471.0,480.0,428.0,433.0,54722,433.0,2026-09-03T19:33:49.990958+00:00
2021-06-21,440.0,449.0,404.0,410.0,63449,410.0,2026-09-03T19:33:49.990958+00:00
2021-06-22,418.0,445.0,400.0,443.0,73766,443.0,2026-09-03T19:33:49.990958+00:00
2021-06-23,460.0,465.0,430.0,433.0,52667,433.0,2026-09-03T19:33:49.990958+00:00
2021-06-24,412.0,440.0,412.0,419.0,28871,419.0,2026-09-03T19:33:49.990958+00:00
2021-06-27,416.0,430.0,408.0,417.0,21028,417.0,2026-09-03T19:33:49.990958+00:00
2021-06-28,425.0,425.0,401.0,404.0,24052,404.0,2026-09-03T19:33:49.990958+00:00
2021-06-29,384.0,415.0,365.0,375.0,64961,375.0,2026-09-03T19:33:49.990958+00:00
2021-06-30,380.0,412.0,360.0,402.0,55178,402.0,2026-09-03T19:33:49.990958+00:00
2021-07-01,410.0,429.0,404.0,421.0,72123,421.0,2026-09-03T19:33:49.990958+00:00
2021-07-04,430.0,430.0,410.0,412.0,55485,412.0,2026-09-03T19:33:49.990958+00:00
2021-07-05,410.0,413.0,399.0,400.0,24776,400.0,2026-09-03T19:33:49.990958+00:00
2021-07-06,407.0,413.0,400.0,408.0,25665,408.0,2026-09-03T19:33:49.990958+00:00
2021-07-07,415.0,415.0,397.0,401.0,15799,401.0,2026-09-03T19:33:49.990958+00:00
2021-07-08,405.0,428.0,400.0,410.0,33026,410.0,2026-09-03T19:33:49.990958+00:00
2021-07-11,418.0,451.0,418.0,451.0,100412,451.0,2026-09-03T19:33:49.990958+00:00
2021-07-12,473.0,487.0,427.0,455.0,120450,455.0,2026-09-03T19:33:49.990958+00:00
2021-07-13,464.0,486.0,440.0,480.0,87268,480.0,2026-09-03T19:33:49.990958+00:00
2021-07-14,487.0,501.0,471.0,490.0,75616,490.0,2026-09-03T19:33:49.990958+00:00
2021-07-15,498.0,501.0,482.0,489.0,85934,489.0,2026-09-03T19:33:49.990958+00:00
2021-07-18,498.0,507.0,488.1,500.0,92841,500.0,2026-09-03T19:33:49.990958+00:00
2021-07-19,503.0,508.0,485.0,488.0,59053,488.0,2026-09-03T19:33:49.990958+00:00
2021-07-20,481.0,497.6,479.0,486.0,36413,486.0,2026-09-03T19:33:49.990958+00:00
2021-07-22,490.0,490.0,479.0,482.0,58394,482.0,2026-09-03T19:33:49.990958+00:00
2021-07-25,491.3,491.3,472.0,482.0,50021,482.0,2026-09-03T19:33:49.990958+00:00
2021-07-26,490.0,500.0,483.0,495.0,106971,495.0,2026-09-03T19:33:49.990958+00:00
2021-07-27,485.1,544.0,485.1,533.0,170726,533.0,2026-09-03T19:33:49.990958+00:00
2021-07-28,543.0,571.0,539.0,546.0,115617,546.0,2026-09-03T19:33:49.990958+00:00
2021-07-29,539.0,550.0,524.4,526.0,81872,526.0,2026-09-03T19:33:49.990958+00:00
2021-08-01,536.0,536.0,508.0,513.0,73188,513.0,2026-09-03T19:33:49.990958+00:00
2021-08-02,518.0,540.0,515.0,520.0,100388,520.0,2026-09-03T19:33:49.990958+00:00
2021-08-03,522.0,532.0,515.0,515.0,42556,515.0,2026-09-03T19:33:49.990958+00:00
2021-08-04,515.0,549.0,515.0,533.0,104055,533.0,2026-09-03T19:33:49.990958+00:00
2021-08-05,540.0,553.0,515.0,523.8,78261,523.8,2026-09-03T19:33:49.990958+00:00
2021-08-08,526.0,540.0,526.0,530.0,58619,530.0,2026-09-03T19:33:49.990958+00:00
2021-08-09,540.0,575.0,538.0,569.0,191524,569.0,2026-09-03T19:33:49.990958+00:00
2021-08-10,580.3,625.9,580.3,625.9,274253,625.9,2026-09-03T19:33:49.990958+00:00
2021-08-11,638.4,648.0,607.0,614.0,172877,614.0,2026-09-03T19:33:49.990958+00:00
2021-08-12,614.0,662.9,600.1,660.0,210818,660.0,2026-09-03T19:33:49.990958+00:00
2021-08-15,647.0,647.0,594.0,608.0,256385,608.0,2026-09-03T19:33:49.990958+00:00
2021-08-16,608.0,620.0,587.0,608.0,107538,608.0,2026-09-03T19:33:49.990958+00:00
2021-08-17,618.9,654.9,608.0,637.0,122343,637.0,2026-09-03T19:33:49.990958+00:00
2021-08-18,649.0,688.0,645.0,653.0,191673,653.0,2026-09-03T19:33:49.990958+00:00
2021-08-19,660.0,670.0,629.0,630.0,147044,630.0,2026-09-03T19:33:49.990958+00:00
2021-08-24,639.8,670.0,610.0,645.0,168232,645.0,2026-09-03T19:33:49.990958+00:00
2021-08-25,632.1,648.0,615.0,620.0,90413,620.0,2026-09-03T19:33:49.990958+00:00
2021-08-26,620.0,682.0,620.0,682.0,294436,682.0,2026-09-03T19:33:49.990958+00:00
2021-08-29,695.6,741.0,695.6,716.0,336326,716.0,2026-09-03T19:33:49.990958+00:00
2021-08-31,720.0,725.0,675.0,682.0,168359,682.0,2026-09-03T19:33:49.990958+00:00
2021-09-01,682.0,709.9,650.0,650.0,97412,650.0,2026-09-03T19:33:49.990958+00:00
2021-09-02,663.0,682.0,614.0,630.0,91014,630.0,2026-09-03T19:33:49.990958+00:00
2021-09-05,630.0,630.0,567.0,570.0,120384,570.0,2026-09-03T19:33:49.990958+00:00
2021-09-06,571.0,627.0,548.0,627.0,100498,627.0,2026-09-03T19:33:49.990958+00:00
2021-09-07,639.5,652.0,603.0,621.0,74856,621.0,2026-09-03T19:33:49.990958+00:00
2021-09-08,610.0,621.0,588.1,597.9,77071,597.9,2026-09-03T19:33:49.990958+00:00
2021-09-09,609.0,609.0,588.0,589.0,41573,589.0,2026-09-03T19:33:49.990958+00:00
2021-09-12,600.0,627.0,600.0,618.0,80641,618.0,2026-09-03T19:33:49.990958+00:00
2021-09-13,630.0,656.0,628.1,638.0,113187,638.0,2026-09-03T19:33:49.990958+00:00
2021-09-14,649.0,649.0,621.1,625.1,51360,625.1,2026-09-03T19:33:49.990958+00:00
2021-09-15,637.6,637.6,604.0,613.0,60302,613.0,2026-09-03T19:33:49.990958+00:00
2021-09-16,600.8,612.0,568.4,574.0,73791,574.0,2026-09-03T19:33:49.990958+00:00
2021-09-20,584.0,584.0,516.6,517.0,63545,517.0,2026-09-03T19:33:49.990958+00:00
2021-09-21,527.0,547.0,481.2,518.0,73822,518.0,2026-09-03T19:33:49.990958+00:00
2021-09-22,528.0,569.8,528.0,569.7,56864,569.7,2026-09-03T19:33:49.990958+00:00
2021-09-23,581.0,600.0,550.0,569.0,67039,569.0,2026-09-03T19:33:49.990958+00:00
2021-09-26,570.0,570.0,526.4,532.0,45469,532.0,2026-09-03T19:33:49.990958+00:00
2021-09-27,523.0,530.0,490.7,499.0,42323,499.0,2026-09-03T19:33:49.990958+00:00
2021-09-28,490.0,510.0,449.1,450.0,54263,450.0,2026-09-03T19:33:49.990958+00:00
2021-09-29,453.0,480.0,423.9,477.0,34489,477.0,2026-09-03T19:33:49.990958+00:00
2021-09-30,486.0,500.0,451.0,457.0,28554,457.0,2026-09-03T19:33:49.990958+00:00
2021-10-03,450.0,466.0,436.3,442.0,25083,442.0,2026-09-03T19:33:49.990958+00:00
2021-10-04,443.0,456.0,426.0,437.0,28599,437.0,2026-09-03T19:33:49.990958+00:00
2021-10-05,445.0,458.0,437.1,455.6,21654,455.6,2026-09-03T19:33:49.990958+00:00
2021-10-06,464.7,488.0,446.9,481.0,42049,481.0,2026-09-03T19:33:49.990958+00:00
2021-10-10,490.0,509.0,477.0,477.0,48489,477.0,2026-09-03T19:33:49.990958+00:00
2021-10-11,486.0,486.0,460.0,470.0,14042,470.0,2026-09-03T19:33:49.990958+00:00
2021-10-17,479.4,498.4,461.0,470.0,6210,470.0,2026-09-03T19:33:49.990958+00:00
2021-10-18,460.6,467.0,442.0,445.1,21679,445.1,2026-09-03T19:33:49.990958+00:00
2021-10-19,454.0,454.0,411.0,418.0,22969,418.0,2026-09-03T19:33:49.990958+00:00
2021-10-20,426.3,450.0,426.3,443.9,17250,443.9,2026-09-03T19:33:49.990958+00:00
2021-10-21,447.0,451.0,422.0,425.3,13372,425.3,2026-09-03T19:33:49.990958+00:00
2021-10-24,425.0,447.0,421.0,447.0,14192,447.0,2026-09-03T19:33:49.990958+00:00
2021-10-25,454.0,491.7,454.0,491.7,53150,491.7,2026-09-03T19:33:49.990958+00:00
2021-10-26,501.5,540.8,501.5,540.8,52254,540.8,2026-09-03T19:33:49.990958+00:00
2021-10-27,545.0,565.0,520.0,538.0,46160,538.0,2026-09-03T19:33:49.990958+00:00
2021-10-28,538.0,546.1,517.9,539.0,34204,539.0,2026-09-03T19:33:49.990958+00:00
2021-10-31,549.0,574.0,537.2,572.0,47514,572.0,2026-09-03T19:33:49.990958+00:00
2021-11-01,583.3,586.0,551.0,551.0,42485,551.0,2026-09-03T19:33:49.990958+00:00
2021-11-02,552.0,582.0,538.2,565.0,26036,565.0,2026-09-03T19:33:49.990958+00:00
2021-11-03,575.0,575.0,542.0,542.0,30708,542.0,2026-09-03T19:33:49.990958+00:00
2021-11-08,552.8,561.9,545.0,549.0,25559,549.0,2026-09-03T19:33:49.990958+00:00
2021-11-09,542.0,557.0,516.0,517.0,41647,517.0,2026-09-03T19:33:49.990958+00:00
2021-11-11,506.7,520.0,488.0,489.0,53202,489.0,2026-09-03T19:33:49.990958+00:00
2021-11-14,495.0,518.0,490.0,509.0,30424,509.0,2026-09-03T19:33:49.990958+00:00
2021-11-15,519.0,538.0,517.9,521.8,43156,521.8,2026-09-03T19:33:49.990958+00:00
2021-11-16,530.0,572.0,519.0,571.0,99219,571.0,2026-09-03T19:33:49.990958+00:00
2021-11-17,572.0,593.0,569.0,585.0,92611,585.0,2026-09-03T19:33:49.990958+00:00
2021-11-18,573.4,585.0,565.0,582.0,98096,582.0,2026-09-03T19:33:49.990958+00:00
2021-11-21,582.0,591.0,572.0,575.0,31522,575.0,2026-09-03T19:33:49.990958+00:00
2021-11-22,570.0,583.0,564.1,565.0,13872,565.0,2026-09-03T19:33:49.990958+00:00
2021-11-23,561.59,565.0,540.0,542.0,40318,542.0,2026-09-03T19:33:49.990958+00:00
2021-11-24,535.0,572.0,530.0,555.0,24274,555.0,2026-09-03T19:33:49.990958+00:00
2021-11-25,564.9,565.0,545.0,555.0,14771,555.0,2026-09-03T19:33:49.990958+00:00
2021-11-28,543.9,553.0,518.0,524.9,51445,524.9,2026-09-03T19:33:49.990958+00:00
2021-11-29,524.9,552.0,515.0,525.0,25905,525.0,2026-09-03T19:33:49.990958+00:00
2021-11-30,525.0,535.5,517.0,528.0,21442,528.0,2026-09-03T19:33:49.990958+00:00
2021-12-01,535.0,535.0,515.0,521.0,27314,521.0,2026-09-03T19:33:49.990958+00:00
2021-12-02,525.0,528.0,488.0,492.0,47837,492.0,2026-09-03T19:33:49.990958+00:00
2021-12-05,482.2,492.8,460.0,465.0,25290,465.0,2026-09-03T19:33:49.990958+00:00
2021-12-06,460.0,485.0,440.0,475.0,42699,475.0,2026-09-03T19:33:49.990958+00:00
2021-12-07,477.0,488.0,450.0,450.0,21472,450.0,2026-09-03T19:33:49.990958+00:00
2021-12-08,449.0,457.9,420.5,428.0,19328,428.0,2026-09-03T19:33:49.990958+00:00
2021-12-09,427.0,437.0,406.0,406.0,66872,406.0,2026-09-03T19:33:49.990958+00:00
2021-12-12,410.0,410.0,385.0,393.0,38738,393.0,2026-09-03T19:33:49.990958+00:00
2021-12-13,388.0,393.0,353.7,360.0,111989,360.0,2026-09-03T19:33:49.990958+00:00
2021-12-14,367.2,396.0,355.0,391.0,36627,391.0,2026-09-03T19:33:49.990958+00:00
2021-12-15,395.0,427.0,381.0,404.0,59467,404.0,2026-09-03T19:33:49.990958+00:00
2021-12-16,400.0,400.0,383.0,390.0,34067,390.0,2026-09-03T19:33:49.990958+00:00
2021-12-20,382.2,394.0,375.0,383.0,22636,383.0,2026-09-03T19:33:49.990958+00:00
2021-12-21,390.0,406.0,383.0,397.9,26164,397.9,2026-09-03T19:33:49.990958+00:00
2021-12-22,404.0,416.0,399.0,414.0,44350,414.0,2026-09-03T19:33:49.990958+00:00
2021-12-23,416.0,420.0,399.9,406.0,42797,406.0,2026-09-03T19:33:49.990958+00:00
2021-12-26,412.0,420.2,400.0,403.5,32482,403.5,2026-09-03T19:33:49.990958+00:00
2021-12-27,411.5,412.0,381.3,384.0,38649,384.0,2026-09-03T19:33:49.990958+00:00
2021-12-28,378.3,406.0,372.0,398.0,29190,398.0,2026-09-03T19:33:49.990958+00:00
2021-12-29,404.0,405.0,392.0,392.0,18944,392.0,2026-09-03T19:33:49.990958+00:00
2022-01-02,398.0,422.5,395.0,420.0,69431,420.0,2026-09-03T19:33:49.990958+00:00
2022-01-03,428.0,449.8,420.0,439.0,67925,439.0,2026-09-03T19:33:49.990958+00:00
2022-01-04,440.0,482.9,431.0,482.9,64781,482.9,2026-09-03T19:33:49.990958+00:00
2022-01-05,490.0,500.0,470.5,476.0,109895,476.0,2026-09-03T19:33:49.990958+00:00
2022-01-06,438.0,449.0,432.0,442.0,29106,442.0,2026-09-03T19:33:49.990958+00:00
2022-01-09,442.0,465.1,442.0,459.0,50078,459.0,2026-09-03T19:33:49.990958+00:00
2022-01-10,468.0,476.9,450.0,466.0,46119,466.0,2026-09-03T19:33:49.990958+00:00
2022-01-11,466.0,505.0,461.0,493.0,76464,493.0,2026-09-03T19:33:49.990958+00:00
2022-01-12,495.1,510.0,475.0,484.0,46145,484.0,2026-09-03T19:33:49.990958+00:00
2022-01-13,474.4,508.9,470.0,508.9,55315,508.9,2026-09-03T19:33:49.990958+00:00
2022-01-16,518.0,529.3,505.0,507.0,57954,507.0,2026-09-03T19:33:49.990958+00:00
2022-01-17,497.0,523.0,497.0,519.0,53835,519.0,2026-09-03T19:33:49.990958+00:00
2022-01-18,510.0,522.0,490.0,498.0,51200,498.0,2026-09-03T19:33:49.990958+00:00
2022-01-19,507.9,528.0,484.0,488.2,46522,488.2,2026-09-03T19:33:49.990958+00:00
2022-01-20,488.0,512.0,480.0,510.0,30440,510.0,2026-09-03T19:33:49.990958+00:00
2022-01-23,510.1,518.0,492.0,499.0,34583,499.0,2026-09-03T19:33:49.990958+00:00
2022-01-24,489.1,495.0,461.0,470.0,61281,470.0,2026-09-03T19:33:49.990958+00:00
2022-01-25,461.0,485.0,458.0,460.0,34527,460.0,2026-09-03T19:33:49.990958+00:00
2022-01-26,460.0,466.9,447.2,451.0,35252,451.0,2026-09-03T19:33:49.990958+00:00
2022-01-27,447.0,466.0,447.0,455.0,18270,455.0,2026-09-03T19:33:49.990958+00:00
2022-01-30,464.1,490.0,464.1,488.7,31603,488.7,2026-09-03T19:33:49.990958+00:00
2022-01-31,492.0,494.0,473.5,474.0,26504,474.0,2026-09-03T19:33:49.990958+00:00
2022-02-01,483.0,494.0,474.2,490.0,22720,490.0,2026-09-03T19:33:49.990958+00:00
2022-02-03,499.6,508.0,476.0,478.0,34430,478.0,2026-09-03T19:33:49.990958+00:00
2022-02-06,476.0,490.0,465.0,465.0,21993,465.0,2026-09-03T19:33:49.990958+00:00
2022-02-07,469.0,478.0,465.0,475.0,10428,475.0,2026-09-03T19:33:49.990958+00:00
2022-02-08,484.5,500.0,466.0,467.0,39797,467.0,2026-09-03T19:33:49.990958+00:00
2022-02-09,464.5,473.0,462.0,471.0,16523,471.0,2026-09-03T19:33:49.990958+00:00
2022-02-10,480.0,480.0,459.0,461.0,10608,461.0,2026-09-03T19:33:49.990958+00:00
2022-02-13,452.0,470.2,436.1,444.0,26093,444.0,2026-09-03T19:33:49.990958+00:00
2022-02-14,450.0,452.0,439.0,444.9,10015,444.9,2026-09-03T19:33:49.990958+00:00
2022-02-15,453.0,464.0,444.0,464.0,10186,464.0,2026-09-03T19:33:49.990958+00:00
2022-02-16,462.5,465.0,447.0,450.0,8295,450.0,2026-09-03T19:33:49.990958+00:00
2022-02-17,442.0,462.8,442.0,445.1,9469,445.1,2026-09-03T19:33:49.990958+00:00
2022-02-20,444.0,446.0,434.0,435.0,17658,435.0,2026-09-03T19:33:49.990958+00:00
2022-02-21,440.0,447.0,435.3,444.0,8154,444.0,2026-09-03T19:33:49.990958+00:00
2022-02-22,445.0,458.9,445.0,447.2,9434,447.2,2026-09-03T19:33:49.990958+00:00
2022-02-23,450.0,453.0,445.0,450.0,5747,450.0,2026-09-03T19:33:49.990958+00:00
2022-02-24,441.0,450.0,433.1,436.0,17488,436.0,2026-09-03T19:33:49.990958+00:00
2022-02-27,436.0,436.6,426.0,436.0,7812,436.0,2026-09-03T19:33:49.990958+00:00
2022-02-28,444.7,444.7,417.0,418.2,9512,418.2,2026-09-03T19:33:49.990958+00:00
2022-03-02,426.5,430.0,400.9,403.0,14758,403.0,2026-09-03T19:33:49.990958+00:00
2022-03-06,411.0,419.0,397.0,403.0,10233,403.0,2026-09-03T19:33:49.990958+00:00
2022-03-07,409.0,415.0,395.0,400.0,8690,400.0,2026-09-03T19:33:49.990958+00:00
2022-03-09,407.9,408.0,393.0,395.0,30028,395.0,2026-09-03T19:33:49.990958+00:00
2022-03-10,395.0,417.0,395.0,410.0,10016,410.0,2026-09-03T19:33:49.990958+00:00
2022-03-13,418.2,435.0,417.0,431.0,13611,431.0,2026-09-03T19:33:49.990958+00:00
2022-03-14,432.0,435.0,422.4,424.5,8170,424.5,2026-09-03T19:33:49.990958+00:00
2022-03-15,419.0,428.4,416.6,428.4,9389,428.4,2026-09-03T19:33:49.990958+00:00
2022-03-16,425.0,425.0,418.0,420.0,6724,420.0,2026-09-03T19:33:49.990958+00:00
2022-03-20,411.6,426.0,411.6,418.4,7271,418.4,2026-09-03T19:33:49.990958+00:00
2022-03-21,421.0,443.0,411.0,437.8,11310,437.8,2026-09-03T19:33:49.990958+00:00
2022-03-22,440.0,440.0,429.1,429.1,3981,429.1,2026-09-03T19:33:49.990958+00:00
2022-03-23,422.1,429.5,417.0,420.0,4788,420.0,2026-09-03T19:33:49.990958+00:00
2022-03-24,412.1,420.0,411.6,417.0,6363,417.0,2026-09-03T19:33:49.990958+00:00
2022-03-27,412.0,412.0,397.0,400.0,10095,400.0,2026-09-03T19:33:49.990958+00:00
2022-03-28,408.0,408.0,392.2,395.0,5745,395.0,2026-09-03T19:33:49.990958+00:00
2022-03-29,400.0,405.0,388.0,394.0,6115,394.0,2026-09-03T19:33:49.990958+00:00
2022-03-30,393.0,415.0,388.0,415.0,7718,415.0,2026-09-03T19:33:49.990958+00:00
2022-03-31,415.0,415.0,402.0,408.0,7073,408.0,2026-09-03T19:33:49.990958+00:00
2022-04-03,400.0,402.1,396.0,396.1,3151,396.1,2026-09-03T19:33:49.990958+00:00
2022-04-04,395.0,404.0,394.5,398.0,3187,398.0,2026-09-03T19:33:49.990958+00:00
2022-04-05,391.1,396.0,381.1,393.0,6472,393.0,2026-09-03T19:33:49.990958+00:00
2022-04-06,387.0,393.0,376.6,384.0,7524,384.0,2026-09-03T19:33:49.990958+00:00
2022-04-07,390.0,397.0,383.3,386.0,5515,386.0,2026-09-03T19:33:49.990958+00:00
2022-04-11,393.7,408.0,372.0,375.0,6086,375.0,2026-09-03T19:33:49.990958+00:00
2022-04-12,375.0,376.0,361.0,368.0,6337,368.0,2026-09-03T19:33:49.990958+00:00
2022-04-13,372.0,380.0,366.0,379.5,3161,379.5,2026-09-03T19:33:49.990958+00:00
2022-04-17,380.0,387.0,369.0,369.0,2132,369.0,2026-09-03T19:33:49.990958+00:00
2022-04-18,364.0,364.1,350.0,357.0,4080,357.0,2026-09-03T19:33:49.990958+00:00
2022-04-19,364.0,364.0,353.0,362.0,3181,362.0,2026-09-03T19:33:49.990958+00:00
2022-04-20,365.0,365.0,339.0,348.0,4315,348.0,2026-09-03T19:33:49.990958+00:00
2022-04-21,341.1,353.0,328.3,350.0,6572,350.0,2026-09-03T19:33:49.990958+00:00
2022-04-24,346.1,385.0,346.1,385.0,10835,385.0,2026-09-03T19:33:49.990958+00:00
2022-04-25,392.0,404.0,366.1,385.0,8744,385.0,2026-09-03T19:33:49.990958+00:00
2022-04-26,385.0,391.0,370.1,375.0,7178,375.0,2026-09-03T19:33:49.990958+00:00
2022-04-27,381.0,381.0,365.1,375.0,7411,375.0,2026-09-03T19:33:49.990958+00:00
2022-04-28,380.0,392.5,368.0,374.6,16081,374.6,2026-09-03T19:33:49.990958+00:00
2022-05-02,368.0,368.0,352.0,354.0,5322,354.0,2026-09-03T19:33:49.990958+00:00
2022-05-04,350.0,361.0,340.0,347.0,8554,347.0,2026-09-03T19:33:49.990958+00:00
2022-05-05,340.1,350.0,327.1,339.0,6738,339.0,2026-09-03T19:33:49.990958+00:00
2022-05-08,333.0,369.0,332.9,363.0,7980,363.0,2026-09-03T19:33:49.990958+00:00
2022-05-09,370.0,370.0,349.0,367.0,7459,367.0,2026-09-03T19:33:49.990958+00:00
2022-05-10,367.0,380.0,365.0,375.0,7303,375.0,2026-09-03T19:33:49.990958+00:00
2022-05-11,381.5,390.0,375.1,390.0,12281,390.0,2026-09-03T19:33:49.990958+00:00
2022-05-12,394.0,397.0,368.0,370.0,14916,370.0,2026-09-03T19:33:49.990958+00:00
2022-05-17,375.0,375.0,349.0,353.9,5841,353.9,2026-09-03T19:33:49.990958+00:00
2022-05-18,346.9,365.1,338.0,360.0,9030,360.0,2026-09-03T19:33:49.990958+00:00
2022-05-19,359.9,360.0,340.0,343.0,6377,343.0,2026-09-03T19:33:49.990958+00:00
2022-05-20,337.0,355.0,337.0,351.9,3822,351.9,2026-09-03T19:33:49.990958+00:00
2022-05-23,345.0,350.0,332.0,340.0,8340,340.0,2026-09-03T19:33:49.990958+00:00
2022-05-24,346.0,353.8,339.1,345.0,10144,345.0,2026-09-03T19:33:49.990958+00:00
2022-05-25,351.0,358.0,344.9,344.9,5272,344.9,2026-09-03T19:33:49.990958+00:00
2022-05-26,351.7,351.7,338.1,344.5,3846,344.5,2026-09-03T19:33:49.990958+00:00
2022-05-27,345.0,345.0,335.1,336.5,4718,336.5,2026-09-03T19:33:49.990958+00:00
2022-05-30,343.0,343.0,326.0,329.5,10535,329.5,2026-09-03T19:33:49.990958+00:00
2022-05-31,324.0,334.0,315.2,328.0,11723,328.0,2026-09-03T19:33:49.990958+00:00
2022-06-01,334.5,340.5,318.1,329.0,3161,329.0,2026-09-03T19:33:49.990958+00:00
2022-06-02,332.0,335.5,324.5,329.0,2636,329.0,2026-09-03T19:33:49.990958+00:00
2022-06-03,325.2,328.0,308.1,322.9,10713,322.9,2026-09-03T19:33:49.990958+00:00
2022-06-06,322.0,326.0,312.1,314.9,12523,314.9,2026-09-03T19:33:49.990958+00:00
2022-06-07,315.0,317.9,305.3,309.8,5793,309.8,2026-09-03T19:33:49.990958+00:00
2022-06-08,314.0,330.0,309.0,325.0,9868,325.0,2026-09-03T19:33:49.990958+00:00
2022-06-09,330.8,334.0,314.0,320.0,11094,320.0,2026-09-03T19:33:49.990958+00:00
2022-06-10,323.9,323.9,313.6,319.0,2658,319.0,2026-09-03T19:33:49.990958+00:00
2022-06-13,320.0,320.0,308.1,309.1,3164,309.1,2026-09-03T19:33:49.990958+00:00
2022-06-14,309.0,309.0,294.0,300.0,9059,300.0,2026-09-03T19:33:49.990958+00:00
2022-06-15,295.0,298.0,287.5,295.0,8722,295.0,2026-09-03T19:33:49.990958+00:00
2022-06-16,300.0,306.0,290.3,298.6,4327,298.6,2026-09-03T19:33:49.990958+00:00
2022-06-17,304.0,304.0,286.4,300.0,2862,300.0,2026-09-03T19:33:49.990958+00:00
2022-06-19,294.0,294.0,282.6,282.6,4784,282.6,2026-09-03T19:33:49.990958+00:00
2022-06-20,277.0,282.0,254.4,266.5,25004,266.5,2026-09-03T19:33:49.990958+00:00
2022-06-21,269.0,278.6,263.5,277.0,8986,277.0,2026-09-03T19:33:49.990958+00:00
2022-06-22,271.5,275.9,260.3,265.0,6388,265.0,2026-09-03T19:33:49.990958+00:00
2022-06-23,260.0,260.0,246.5,255.0,7419,255.0,2026-09-03T19:33:49.990958+00:00
2022-06-24,250.0,271.0,236.3,256.9,9139,256.9,2026-09-03T19:33:49.990958+00:00
2022-06-26,262.0,282.3,259.0,282.3,31963,282.3,2026-09-03T19:33:49.990958+00:00
2022-06-27,285.0,296.0,272.0,272.0,17517,272.0,2026-09-03T19:33:49.990958+00:00
2022-06-28,267.0,271.0,257.8,264.0,11013,264.0,2026-09-03T19:33:49.990958+00:00
2022-06-29,259.0,280.0,259.0,280.0,18664,280.0,2026-09-03T19:33:49.990958+00:00
2022-06-30,285.6,304.0,283.0,303.9,28329,303.9,2026-09-03T19:33:49.990958+00:00
2022-07-01,303.8,309.9,293.0,297.0,13948,297.0,2026-09-03T19:33:49.990958+00:00
2022-07-03,297.0,309.0,294.0,305.6,16976,305.6,2026-09-03T19:33:49.990958+00:00
2022-07-04,310.0,328.0,295.1,300.0,39071,300.0,2026-09-03T19:33:49.990958+00:00
2022-07-05,294.0,308.9,282.5,290.5,41118,290.5,2026-09-03T19:33:49.990958+00:00
2022-07-06,286.5,310.0,280.1,305.0,19285,305.0,2026-09-03T19:33:49.990958+00:00
2022-07-07,311.0,317.0,298.9,301.7,17756,301.7,2026-09-03T19:33:49.990958+00:00
2022-07-08,295.7,295.7,290.0,290.0,6897,290.0,2026-09-03T19:33:49.990958+00:00
2022-07-11,286.0,289.0,268.0,268.0,17476,268.0,2026-09-03T19:33:49.990958+00:00
2022-07-12,273.0,279.9,264.2,273.0,12783,273.0,2026-09-03T19:33:49.990958+00:00
2022-07-13,278.0,296.0,275.0,295.0,24036,295.0,2026-09-03T19:33:49.990958+00:00
2022-07-14,300.0,313.0,294.0,305.0,34672,305.0,2026-09-03T19:33:49.990958+00:00
2022-07-15,311.0,311.0,289.2,299.0,17488,299.0,2026-09-03T19:33:49.990958+00:00
2022-07-17,295.0,301.2,294.0,295.0,7173,295.0,2026-09-03T19:33:49.990958+00:00
2022-07-18,290.0,310.0,290.0,302.0,9145,302.0,2026-09-03T19:33:49.990958+00:00
2022-07-19,308.0,316.0,305.1,309.9,25100,309.9,2026-09-03T19:33:49.990958+00:00
2022-07-20,312.9,324.9,306.7,318.0,55761,318.0,2026-09-03T19:33:49.990958+00:00
2022-07-21,313.0,324.0,313.0,318.0,16382,318.0,2026-09-03T19:33:49.990958+00:00
2022-07-22,312.0,315.0,307.0,309.0,21486,309.0,2026-09-03T19:33:49.990958+00:00
2022-07-24,315.0,339.9,304.0,338.0,66072,338.0,2026-09-03T19:33:49.990958+00:00
2022-07-25,344.0,371.8,344.0,371.0,79399,371.0,2026-09-03T19:33:49.990958+00:00
2022-07-26,364.0,378.0,352.0,357.9,55073,357.9,2026-09-03T19:33:49.990958+00:00
2022-07-27,351.0,373.0,345.2,371.4,77959,371.4,2026-09-03T19:33:49.990958+00:00
2022-07-28,378.0,408.5,375.0,395.0,73534,395.0,2026-09-03T19:33:49.990958+00:00
2022-07-29,402.0,402.0,380.0,390.0,33940,390.0,2026-09-03T19:33:49.990958+00:00
2022-07-31,390.0,397.0,380.0,386.0,47426,386.0,2026-09-03T19:33:49.990958+00:00
2022-08-01,389.0,396.7,378.3,388.6,46142,388.6,2026-09-03T19:33:49.990958+00:00
2022-08-02,385.0,403.0,376.0,392.5,42860,392.5,2026-09-03T19:33:49.990958+00:00
2022-08-03,399.0,399.0,381.7,389.3,37823,389.3,2026-09-03T19:33:49.990958+00:00
2022-08-04,381.6,390.0,375.0,375.0,32851,375.0,2026-09-03T19:33:49.990958+00:00
2022-08-05,382.0,382.0,360.0,362.0,23716,362.0,2026-09-03T19:33:49.990958+00:00
2022-08-07,361.0,374.0,358.0,370.0,21292,370.0,2026-09-03T19:33:49.990958+00:00
2022-08-08,377.0,380.0,360.0,366.0,22825,366.0,2026-09-03T19:33:49.990958+00:00
2022-08-09,359.0,365.0,341.0,347.0,37997,347.0,2026-09-03T19:33:49.990958+00:00
2022-08-10,342.0,357.5,335.0,352.0,15106,352.0,2026-09-03T19:33:49.990958+00:00
2022-08-11,356.8,358.0,335.0,337.0,14963,337.0,2026-09-03T19:33:49.990958+00:00
2022-08-14,343.0,343.0,329.4,335.0,17281,335.0,2026-09-03T19:33:49.990958+00:00
2022-08-15,341.7,368.5,338.5,368.5,35861,368.5,2026-09-03T19:33:49.990958+00:00
2022-08-16,375.8,382.0,350.0,359.0,50616,359.0,2026-09-03T19:33:49.990958+00:00
2022-08-17,352.1,367.9,352.0,360.0,18929,360.0,2026-09-03T19:33:49.990958+00:00
2022-08-18,367.2,374.1,356.1,371.0,22726,371.0,2026-09-03T19:33:49.990958+00:00
2022-08-21,378.0,383.0,356.0,365.0,20594,365.0,2026-09-03T19:33:49.990958+00:00
2022-08-22,357.9,370.0,356.0,361.0,9490,361.0,2026-09-03T19:33:49.990958+00:00
2022-08-23,362.5,368.0,358.4,361.5,5422,361.5,2026-09-03T19:33:49.990958+00:00
2022-08-24,361.5,368.0,356.0,362.0,12436,362.0,2026-09-03T19:33:49.990958+00:00
2022-08-25,368.0,368.0,352.8,352.9,13586,352.9,2026-09-03T19:33:49.990958+00:00
2022-08-26,346.5,348.0,340.2,347.0,14943,347.0,2026-09-03T19:33:49.990958+00:00
2022-08-28,341.0,346.9,330.0,330.1,25825,330.1,2026-09-03T19:33:49.990958+00:00
2022-08-29,323.7,341.0,323.5,339.0,19335,339.0,2026-09-03T19:33:49.990958+00:00
2022-08-30,344.9,345.0,336.0,338.9,5216,338.9,2026-09-03T19:33:49.990958+00:00
2022-08-31,333.0,333.0,323.5,323.5,5898,323.5,2026-09-03T19:33:49.990958+00:00
2022-09-01,327.8,335.5,317.1,333.8,11330,333.8,2026-09-03T19:33:49.990958+00:00
2022-09-02,335.0,335.1,327.5,328.0,3811,328.0,2026-09-03T19:33:49.990958+00:00
2022-09-04,334.5,336.6,328.0,330.0,7542,330.0,2026-09-03T19:33:49.990958+00:00
2022-09-05,336.6,343.2,328.3,328.3,5553,328.3,2026-09-03T19:33:49.990958+00:00
2022-09-06,329.0,329.0,320.0,320.0,7909,320.0,2026-09-03T19:33:49.990958+00:00
2022-09-07,318.0,321.0,315.0,319.8,13817,319.8,2026-09-03T19:33:49.990958+00:00
2022-09-08,326.1,329.0,315.0,329.0,7580,329.0,2026-09-03T19:33:49.990958+00:00
2022-09-11,329.0,332.6,321.0,327.0,6069,327.0,2026-09-03T19:33:49.990958+00:00
2022-09-12,322.0,326.4,321.0,324.0,3802,324.0,2026-09-03T19:33:49.990958+00:00
2022-09-13,327.5,332.9,323.5,331.9,8087,331.9,2026-09-03T19:33:49.990958+00:00
2022-09-14,325.3,351.0,325.3,350.0,20095,350.0,2026-09-03T19:33:49.990958+00:00
2022-09-15,343.0,346.3,326.7,327.0,23410,327.0,2026-09-03T19:33:49.990958+00:00
2022-09-16,320.5,324.0,314.0,324.0,13013,324.0,2026-09-03T19:33:49.990958+00:00
2022-09-18,319.0,324.0,313.0,317.0,7779,317.0,2026-09-03T19:33:49.990958+00:00
2022-09-20,311.0,311.0,302.3,304.0,8680,304.0,2026-09-03T19:33:49.990958+00:00
2022-09-21,309.4,315.0,307.7,312.9,5491,312.9,2026-09-03T19:33:49.990958+00:00
2022-09-22,312.0,314.6,303.8,306.0,4028,306.0,2026-09-03T19:33:49.990958+00:00
2022-09-25,300.0,306.0,294.1,299.9,5990,299.9,2026-09-03T19:33:49.990958+00:00
2022-09-27,300.0,311.0,300.0,304.0,5145,304.0,2026-09-03T19:33:49.990958+00:00
2022-09-28,301.2,306.0,300.0,306.0,2365,306.0,2026-09-03T19:33:49.990958+00:00
2022-09-29,312.0,312.0,297.0,297.0,8091,297.0,2026-09-03T19:33:49.990958+00:00
2022-10-09,302.9,314.0,297.0,313.0,5252,313.0,2026-09-03T19:33:49.990958+00:00
2022-10-10,315.0,315.0,299.0,301.0,7780,301.0,2026-09-03T19:33:49.990958+00:00
2022-10-11,295.2,301.1,295.0,300.0,21117,300.0,2026-09-03T19:33:49.990958+00:00
2022-10-12,298.0,316.0,294.4,312.0,8240,312.0,2026-09-03T19:33:49.990958+00:00
2022-10-13,314.6,316.9,309.1,316.0,5777,316.0,2026-09-03T19:33:49.990958+00:00
2022-10-16,315.9,322.0,306.1,314.0,21257,314.0,2026-09-03T19:33:49.990958+00:00
2022-10-17,313.0,314.0,303.6,311.8,2253,311.8,2026-09-03T19:33:49.990958+00:00
2022-10-19,318.0,318.0,296.1,300.0,6744,300.0,2026-09-03T19:33:49.990958+00:00
2022-10-20,296.2,305.0,294.0,303.0,2230,303.0,2026-09-03T19:33:49.990958+00:00
2022-10-23,297.0,305.9,297.0,303.7,2411,303.7,2026-09-03T19:33:49.990958+00:00
2022-10-31,301.8,301.8,292.4,295.4,3997,295.4,2026-09-03T19:33:49.990958+00:00
2022-11-01,290.0,313.0,290.0,313.0,11124,313.0,2026-09-03T19:33:49.990958+00:00
2022-11-02,313.1,325.0,313.0,319.0,18434,319.0,2026-09-03T19:33:49.990958+00:00
2022-11-03,323.0,323.0,313.0,315.0,2441,315.0,2026-09-03T19:33:49.990958+00:00
2022-11-06,312.0,338.0,312.0,338.0,9636,338.0,2026-09-03T19:33:49.990958+00:00
2022-11-07,342.0,342.0,319.0,329.9,15595,329.9,2026-09-03T19:33:49.990958+00:00
2022-11-08,330.0,333.5,322.0,326.4,6433,326.4,2026-09-03T19:33:49.990958+00:00
2022-11-09,320.3,320.5,306.8,306.8,16717,306.8,2026-09-03T19:33:49.990958+00:00
2022-11-10,303.0,311.0,296.0,300.0,19252,300.0,2026-09-03T19:33:49.990958+00:00
2022-11-13,300.0,306.0,295.0,299.0,6065,299.0,2026-09-03T19:33:49.990958+00:00
2022-11-14,302.9,308.0,300.3,308.0,6850,308.0,2026-09-03T19:33:49.990958+00:00
2022-11-15,311.0,311.0,300.3,303.0,5026,303.0,2026-09-03T19:33:49.990958+00:00
2022-11-16,303.0,307.0,295.0,300.5,14672,300.5,2026-09-03T19:33:49.990958+00:00
2022-11-17,304.0,314.9,303.3,310.0,13013,310.0,2026-09-03T19:33:49.990958+00:00
2022-11-22,314.0,321.0,308.0,308.0,9855,308.0,2026-09-03T19:33:49.990958+00:00
2022-11-23,303.0,307.0,303.0,305.0,5225,305.0,2026-09-03T19:33:49.990958+00:00
2022-11-24,299.0,315.9,299.0,314.0,6634,314.0,2026-09-03T19:33:49.990958+00:00
2022-11-27,308.0,318.8,308.0,317.0,15355,317.0,2026-09-03T19:33:49.990958+00:00
2022-11-28,322.0,323.3,311.0,313.0,9909,313.0,2026-09-03T19:33:49.990958+00:00
2022-11-29,315.0,317.0,309.0,315.0,4542,315.0,2026-09-03T19:33:49.990958+00:00
2022-11-30,318.0,318.0,310.0,311.0,2501,311.0,2026-09-03T19:33:49.990958+00:00
2022-12-01,311.0,316.0,309.0,311.0,3357,311.0,2026-09-03T19:33:49.990958+00:00
2022-12-04,308.0,314.1,308.0,313.9,2936,313.9,2026-09-03T19:33:49.990958+00:00
2022-12-05,309.0,309.0,303.0,305.9,3571,305.9,2026-09-03T19:33:49.990958+00:00
2022-12-06,300.1,310.0,300.0,308.9,4806,308.9,2026-09-03T19:33:49.990958+00:00
2022-12-07,303.1,306.0,299.0,301.0,5115,301.0,2026-09-03T19:33:49.990958+00:00
2022-12-11,295.3,304.8,295.0,304.8,3183,304.8,2026-09-03T19:33:49.990958+00:00
2022-12-12,306.0,306.0,295.0,305.8,4911,305.8,2026-09-03T19:33:49.990958+00:00
2022-12-13,299.7,305.0,299.0,304.0,7612,304.0,2026-09-03T19:33:49.990958+00:00
2022-12-14,308.0,310.0,300.8,303.0,4041,303.0,2026-09-03T19:33:49.990958+00:00
2022-12-15,302.0,302.0,290.6,296.4,4336,296.4,2026-09-03T19:33:49.990958+00:00
2022-12-18,294.0,294.0,278.9,284.0,14121,284.0,2026-09-03T19:33:49.990958+00:00
2022-12-19,284.0,287.5,277.0,282.6,3310,282.6,2026-09-03T19:33:49.990958+00:00
2022-12-20,287.0,288.2,283.0,283.0,3624,283.0,2026-09-03T19:33:49.990958+00:00
2022-12-21,284.9,285.0,277.5,277.5,3121,277.5,2026-09-03T19:33:49.990958+00:00
2022-12-22,273.1,280.0,273.1,275.7,1675,275.7,2026-09-03T19:33:49.990958+00:00
2022-12-26,280.2,300.0,280.2,300.0,7985,300.0,2026-09-03T19:33:49.990958+00:00
2022-12-27,305.9,321.3,305.0,315.0,37393,315.0,2026-09-03T19:33:49.990958+00:00
2022-12-28,310.0,334.0,309.1,324.0,39631,324.0,2026-09-03T19:33:49.990958+00:00
2022-12-29,329.9,339.9,318.0,339.9,25749,339.9,2026-09-03T19:33:49.990958+00:00
2023-01-01,335.0,345.0,323.8,333.0,34221,333.0,2026-09-03T19:33:49.990958+00:00
2023-01-02,328.0,339.6,325.3,337.0,33676,337.0,2026-09-03T19:33:49.990958+00:00
2023-01-03,326.2,331.9,320.2,321.0,28536,321.0,2026-09-03T19:33:49.990958+00:00
2023-01-04,320.0,334.0,320.0,334.0,27329,334.0,2026-09-03T19:33:49.990958+00:00
2023-01-05,334.0,367.4,334.0,362.0,95531,362.0,2026-09-03T19:33:49.990958+00:00
2023-01-08,368.0,382.0,359.7,378.0,27870,378.0,2026-09-03T19:33:49.990958+00:00
2023-01-09,379.9,407.0,371.0,390.0,15651,390.0,2026-09-03T19:33:49.990958+00:00
2023-01-10,391.0,395.6,363.0,367.9,120502,367.9,2026-09-03T19:33:49.990958+00:00
2023-01-12,375.2,382.0,342.0,342.0,38362,342.0,2026-09-03T19:33:49.990958+00:00
2023-01-17,348.8,365.0,340.0,360.0,34472,360.0,2026-09-03T19:33:49.990958+00:00
2023-01-18,362.0,373.8,359.0,362.0,20508,362.0,2026-09-03T19:33:49.990958+00:00
2023-01-19,355.0,365.0,354.0,359.0,12219,359.0,2026-09-03T19:33:49.990958+00:00
2023-01-23,358.0,364.0,346.0,350.0,17586,350.0,2026-09-03T19:33:49.990958+00:00
2023-01-24,346.0,367.8,339.2,357.1,30637,357.1,2026-09-03T19:33:49.990958+00:00
2023-01-25,359.0,371.2,356.0,359.5,30877,359.5,2026-09-03T19:33:49.990958+00:00
2023-01-26,360.0,365.0,352.8,359.0,6932,359.0,2026-09-03T19:33:49.990958+00:00
2023-01-29,352.3,359.0,345.1,346.3,10981,346.3,2026-09-03T19:33:49.990958+00:00
2023-01-30,351.0,351.0,331.0,331.0,21833,331.0,2026-09-03T19:33:49.990958+00:00
2023-01-31,325.4,344.7,325.3,335.9,15109,335.9,2026-09-03T19:33:49.990958+00:00
2023-02-01,338.0,350.0,333.0,339.0,6769,339.0,2026-09-03T19:33:49.990958+00:00
2023-02-02,340.0,346.8,325.0,334.0,10099,334.0,2026-09-03T19:33:49.990958+00:00
2023-02-05,327.4,345.0,327.4,344.0,16502,344.0,2026-09-03T19:33:49.990958+00:00
2023-02-06,344.0,344.0,338.0,341.0,7128,341.0,2026-09-03T19:33:49.990958+00:00
2023-02-07,344.0,366.0,343.0,366.0,39099,366.0,2026-09-03T19:33:49.990958+00:00
2023-02-08,373.0,373.0,355.2,357.0,29346,357.0,2026-09-03T19:33:49.990958+00:00
2023-02-09,356.0,362.0,356.0,360.0,11846,360.0,2026-09-03T19:33:49.990958+00:00
2023-02-12,352.8,352.9,339.0,339.0,19084,339.0,2026-09-03T19:33:49.990958+00:00
2023-02-14,343.9,343.9,330.0,330.5,18880,330.5,2026-09-03T19:33:49.990958+00:00
2023-02-15,324.0,339.0,324.0,330.0,10124,330.0,2026-09-03T19:33:49.990958+00:00
2023-02-16,334.0,334.0,324.0,327.0,9922,327.0,2026-09-03T19:33:49.990958+00:00
2023-02-20,320.5,332.5,320.5,332.5,11295,332.5,2026-09-03T19:33:49.990958+00:00
2023-02-22,332.5,342.0,330.0,341.0,7487,341.0,2026-09-03T19:33:49.990958+00:00
2023-02-23,335.0,336.6,328.0,328.0,8527,328.0,2026-09-03T19:33:49.990958+00:00
2023-02-26,322.0,332.0,315.0,329.0,11730,329.0,2026-09-03T19:33:49.990958+00:00
2023-02-27,330.0,335.0,318.1,327.0,8981,327.0,2026-09-03T19:33:49.990958+00:00
2023-02-28,330.0,335.0,323.8,323.8,6167,323.8,2026-09-03T19:33:49.990958+00:00
2023-03-01,324.0,324.0,319.0,322.0,5335,322.0,2026-09-03T19:33:49.990958+00:00
2023-03-02,317.0,323.3,311.2,315.0,7060,315.0,2026-09-03T19:33:49.990958+00:00
2023-03-05,311.0,314.0,305.0,308.0,12148,308.0,2026-09-03T19:33:49.990958+00:00
2023-03-07,314.1,320.1,310.0,314.0,2904,314.0,2026-09-03T19:33:49.990958+00:00
2023-03-09,319.2,334.0,319.0,332.5,8325,332.5,2026-09-03T19:33:49.990958+00:00
2023-03-12,335.1,339.9,323.0,323.0,8241,323.0,2026-09-03T19:33:49.990958+00:00
2023-03-13,316.6,322.0,316.2,322.0,1755,322.0,2026-09-03T19:33:49.990958+00:00
2023-03-14,324.0,327.0,322.1,326.8,6319,326.8,2026-09-03T19:33:49.990958+00:00
2023-03-15,321.0,323.0,315.5,317.1,6720,317.1,2026-09-03T19:33:49.990958+00:00
2023-03-16,315.0,325.4,315.0,324.9,4001,324.9,2026-09-03T19:33:49.990958+00:00
2023-03-19,320.0,326.8,318.0,324.0,4687,324.0,2026-09-03T19:33:49.990958+00:00
2023-03-20,326.0,330.0,322.1,330.0,6266,330.0,2026-09-03T19:33:49.990958+00:00
2023-03-22,335.0,335.0,320.0,324.0,5666,324.0,2026-09-03T19:33:49.990958+00:00
2023-03-23,318.1,323.5,313.6,313.6,4752,313.6,2026-09-03T19:33:49.990958+00:00
2023-03-26,318.0,318.0,312.3,312.3,2577,312.3,2026-09-03T19:33:49.990958+00:00
2023-03-27,308.0,327.0,306.1,326.0,4847,326.0,2026-09-03T19:33:49.990958+00:00
2023-03-28,325.0,328.0,315.6,320.0,12777,320.0,2026-09-03T19:33:49.990958+00:00
2023-03-29,320.0,323.0,316.0,322.0,1403,322.0,2026-09-03T19:33:49.990958+00:00
2023-03-30,321.0,323.9,315.0,318.0,4769,318.0,2026-09-03T19:33:49.990958+00:00
2023-04-02,321.0,321.1,310.0,314.0,3740,314.0,2026-09-03T19:33:49.990958+00:00
2023-04-03,316.0,316.0,307.3,311.4,3281,311.4,2026-09-03T19:33:49.990958+00:00
2023-04-04,317.0,317.0,306.2,313.9,2900,313.9,2026-09-03T19:33:49.990958+00:00
2023-04-05,310.0,315.0,308.0,315.0,3027,315.0,2026-09-03T19:33:49.990958+00:00
2023-04-06,319.9,319.9,306.0,306.0,2324,306.0,2026-09-03T19:33:49.990958+00:00
2023-04-09,300.2,306.0,295.0,300.0,7478,300.0,2026-09-03T19:33:49.990958+00:00
2023-04-10,304.8,309.8,300.0,302.0,2541,302.0,2026-09-03T19:33:49.990958+00:00
2023-04-11,308.0,309.0,303.0,309.0,2071,309.0,2026-09-03T19:33:49.990958+00:00
2023-04-12,312.9,327.8,312.9,325.0,12879,325.0,2026-09-03T19:33:49.990958+00:00
2023-04-13,325.0,330.0,318.0,319.9,5927,319.9,2026-09-03T19:33:49.990958+00:00
2023-04-16,319.0,328.4,316.0,321.0,1873,321.0,2026-09-03T19:33:49.990958+00:00
2023-04-17,318.0,318.0,308.4,314.0,3472,314.0,2026-09-03T19:33:49.990958+00:00
2023-04-18,310.0,315.0,309.2,310.6,2516,310.6,2026-09-03T19:33:49.990958+00:00
2023-04-19,316.8,318.0,310.5,316.0,3090,316.0,2026-09-03T19:33:49.990958+00:00
2023-04-20,315.0,315.0,308.7,308.7,4140,308.7,2026-09-03T19:33:49.990958+00:00
2023-04-23,305.1,305.4,303.0,305.0,3113,305.0,2026-09-03T19:33:49.990958+00:00
2023-04-24,305.0,311.0,305.0,311.0,1198,311.0,2026-09-03T19:33:49.990958+00:00
2023-04-25,310.0,315.0,307.5,314.9,1969,314.9,2026-09-03T19:33:49.990958+00:00
2023-04-26,312.0,312.0,308.7,308.7,2277,308.7,2026-09-03T19:33:49.990958+00:00
2023-04-27,308.0,310.0,305.0,305.0,3955,305.0,2026-09-03T19:33:49.990958+00:00
2023-04-30,301.0,307.0,301.0,304.9,2289,304.9,2026-09-03T19:33:49.990958+00:00
2023-05-02,304.0,308.0,302.1,304.9,2799,304.9,2026-09-03T19:33:49.990958+00:00
2023-05-03,300.0,309.0,299.5,309.0,3460,309.0,2026-09-03T19:33:49.990958+00:00
2023-05-04,303.1,309.0,303.1,309.0,1761,309.0,2026-09-03T19:33:49.990958+00:00
2023-05-07,302.9,311.8,301.1,311.8,2268,311.8,2026-09-03T19:33:49.990958+00:00
2023-05-08,305.6,307.8,300.0,307.8,4327,307.8,2026-09-03T19:33:49.990958+00:00
2023-05-09,307.8,309.9,302.0,302.0,1837,302.0,2026-09-03T19:33:49.990958+00:00
2023-05-10,296.3,306.0,296.3,305.9,325,305.9,2026-09-03T19:33:49.990958+00:00
2023-05-11,310.0,310.0,301.1,303.0,579,303.0,2026-09-03T19:33:49.990958+00:00
2023-05-14,303.0,303.0,300.0,301.0,1153,301.0,2026-09-03T19:33:49.990958+00:00
2023-05-15,300.1,301.9,296.0,300.0,1719,300.0,2026-09-03T19:33:49.990958+00:00
2023-05-16,295.0,304.7,295.0,304.7,1916,304.7,2026-09-03T19:33:49.990958+00:00
2023-05-17,307.3,311.9,304.0,311.9,2603,311.9,2026-09-03T19:33:49.990958+00:00
2023-05-18,310.0,318.1,310.0,310.4,4602,310.4,2026-09-03T19:33:49.990958+00:00
2023-05-21,313.0,316.6,306.1,312.0,4878,312.0,2026-09-03T19:33:49.990958+00:00
2023-05-22,306.0,324.0,306.0,317.4,7783,317.4,2026-09-03T19:33:49.990958+00:00
2023-05-23,322.0,330.0,315.0,324.0,17991,324.0,2026-09-03T19:33:49.990958+00:00
2023-05-24,317.6,325.0,317.6,322.0,5129,322.0,2026-09-03T19:33:49.990958+00:00
2023-05-28,317.1,326.0,311.6,314.8,17916,314.8,2026-09-03T19:33:49.990958+00:00
2023-05-30,309.0,315.0,300.1,311.0,12994,311.0,2026-09-03T19:33:49.990958+00:00
2023-05-31,305.0,309.9,293.2,300.0,9787,300.0,2026-09-03T19:33:49.990958+00:00
2023-06-01,297.1,303.9,294.0,300.0,11184,300.0,2026-09-03T19:33:49.990958+00:00
2023-06-04,305.0,313.9,305.0,308.8,9173,308.8,2026-09-03T19:33:49.990958+00:00
2023-06-05,305.0,314.9,302.7,305.0,5216,305.0,2026-09-03T19:33:49.990958+00:00
2023-06-06,302.1,316.0,302.1,312.8,11814,312.8,2026-09-03T19:33:49.990958+00:00
2023-06-07,315.8,319.0,309.7,309.7,10860,309.7,2026-09-03T19:33:49.990958+00:00
2023-06-08,307.1,312.0,307.0,308.3,7171,308.3,2026-09-03T19:33:49.990958+00:00
2023-06-11,314.0,331.5,308.5,328.9,28520,328.9,2026-09-03T19:33:49.990958+00:00
2023-06-12,328.9,336.0,325.0,329.4,19927,329.4,2026-09-03T19:33:49.990958+00:00
2023-06-13,330.0,339.9,325.0,338.2,16858,338.2,2026-09-03T19:33:49.990958+00:00
2023-06-14,335.0,356.0,333.2,340.0,58824,340.0,2026-09-03T19:33:49.990958+00:00
2023-06-15,337.0,342.0,332.1,340.0,22018,340.0,2026-09-03T19:33:49.990958+00:00
2023-06-18,345.0,353.7,338.1,352.9,17816,352.9,2026-09-03T19:33:49.990958+00:00
2023-06-19,356.9,374.0,346.0,365.9,63612,365.9,2026-09-03T19:33:49.990958+00:00
2023-06-20,367.0,370.0,343.9,343.9,26854,343.9,2026-09-03T19:33:49.990958+00:00
2023-06-21,349.9,350.0,335.0,335.0,24483,335.0,2026-09-03T19:33:49.990958+00:00
2023-06-22,341.7,347.0,333.3,333.3,10156,333.3,2026-09-03T19:33:49.990958+00:00
2023-06-25,330.1,360.0,327.0,354.0,34515,354.0,2026-09-03T19:33:49.990958+00:00
2023-06-26,360.9,374.0,360.0,365.0,59022,365.0,2026-09-03T19:33:49.990958+00:00
2023-06-27,371.9,389.8,364.9,386.0,71759,386.0,2026-09-03T19:33:49.990958+00:00
2023-06-28,393.0,393.0,367.0,370.0,57032,370.0,2026-09-03T19:33:49.990958+00:00
2023-07-02,367.0,375.0,364.0,368.0,39249,368.0,2026-09-03T19:33:49.990958+00:00
2023-07-03,373.5,374.7,361.0,362.0,17940,362.0,2026-09-03T19:33:49.990958+00:00
2023-07-04,368.9,369.0,357.0,367.0,16862,367.0,2026-09-03T19:33:49.990958+00:00
2023-07-05,374.0,374.0,356.0,358.0,17620,358.0,2026-09-03T19:33:49.990958+00:00
2023-07-06,356.0,365.0,352.0,358.0,11946,358.0,2026-09-03T19:33:49.990958+00:00
2023-07-09,360.0,379.0,360.0,370.0,14349,370.0,2026-09-03T19:33:49.990958+00:00
2023-07-10,377.4,389.5,372.0,386.0,60545,386.0,2026-09-03T19:33:49.990958+00:00
2023-07-11,390.0,408.0,383.0,395.0,82934,395.0,2026-09-03T19:33:49.990958+00:00
2023-07-12,400.0,402.0,385.0,387.0,51261,387.0,2026-09-03T19:33:49.990958+00:00
2023-07-13,394.0,394.7,376.0,378.0,29961,378.0,2026-09-03T19:33:49.990958+00:00
2023-07-16,384.0,384.0,370.0,375.0,11456,375.0,2026-09-03T19:33:49.990958+00:00
2023-07-17,382.0,393.0,377.5,390.3,20421,390.3,2026-09-03T19:33:49.990958+00:00
2023-07-18,393.0,402.5,388.2,392.6,25477,392.6,2026-09-03T19:33:49.990958+00:00
2023-07-19,394.0,395.0,385.0,385.0,22842,385.0,2026-09-03T19:33:49.990958+00:00
2023-07-20,385.0,390.0,377.3,377.3,13245,377.3,2026-09-03T19:33:49.990958+00:00
2023-07-23,380.0,394.7,369.8,386.0,29678,386.0,2026-09-03T19:33:49.990958+00:00
2023-07-24,391.8,392.8,372.1,378.9,15749,378.9,2026-09-03T19:33:49.990958+00:00
2023-07-25,372.0,380.0,371.0,372.0,14398,372.0,2026-09-03T19:33:49.990958+00:00
2023-07-26,371.0,377.9,368.0,374.0,7759,374.0,2026-09-03T19:33:49.990958+00:00
2023-07-27,381.2,381.2,363.0,364.0,11154,364.0,2026-09-03T19:33:49.990958+00:00
2023-07-30,361.0,365.0,352.0,354.0,17324,354.0,2026-09-03T19:33:49.990958+00:00
2023-07-31,361.0,367.0,350.0,363.8,18145,363.8,2026-09-03T19:33:49.990958+00:00
2023-08-01,371.0,371.0,349.0,353.9,10042,353.9,2026-09-03T19:33:49.990958+00:00
2023-08-02,347.5,359.0,341.0,359.0,14553,359.0,2026-09-03T19:33:49.990958+00:00
2023-08-03,362.0,369.0,353.3,354.0,11576,354.0,2026-09-03T19:33:49.990958+00:00
2023-08-06,347.0,353.0,337.0,342.0,15295,342.0,2026-09-03T19:33:49.990958+00:00
2023-08-07,340.3,355.6,340.3,344.5,5772,344.5,2026-09-03T19:33:49.990958+00:00
2023-08-08,341.3,344.9,338.0,344.9,8771,344.9,2026-09-03T19:33:49.990958+00:00
2023-08-09,349.0,353.0,338.1,353.0,10633,353.0,2026-09-03T19:33:49.990958+00:00
2023-08-10,360.0,374.5,346.1,350.0,7299,350.0,2026-09-03T19:33:49.990958+00:00
2023-08-13,345.0,356.0,345.0,345.0,5072,345.0,2026-09-03T19:33:49.990958+00:00
2023-08-14,351.9,353.9,340.0,344.9,13954,344.9,2026-09-03T19:33:49.990958+00:00
2023-08-15,340.0,343.0,335.0,340.0,4168,340.0,2026-09-03T19:33:49.990958+00:00
2023-08-16,335.0,339.0,330.0,339.0,5750,339.0,2026-09-03T19:33:49.990958+00:00
2023-08-17,339.0,345.0,335.0,341.0,5630,341.0,2026-09-03T19:33:49.990958+00:00
2023-08-20,341.0,346.0,338.0,343.3,4836,343.3,2026-09-03T19:33:49.990958+00:00
2023-08-21,345.0,345.0,334.0,334.0,2752,334.0,2026-09-03T19:33:49.990958+00:00
2023-08-22,334.0,343.9,333.0,343.9,5681,343.9,2026-09-03T19:33:49.990958+00:00
2023-08-23,350.0,350.0,344.0,348.0,3943,348.0,2026-09-03T19:33:49.990958+00:00
2023-08-24,348.0,348.0,336.0,337.0,4821,337.0,2026-09-03T19:33:49.990958+00:00
2023-08-27,336.0,336.0,329.1,334.9,4303,334.9,2026-09-03T19:33:49.990958+00:00
2023-08-28,341.0,341.0,330.0,334.8,3073,334.8,2026-09-03T19:33:49.990958+00:00
2023-08-29,331.2,334.8,328.3,330.0,6046,330.0,2026-09-03T19:33:49.990958+00:00
2023-08-30,331.0,337.6,331.0,332.0,4017,332.0,2026-09-03T19:33:49.990958+00:00
2023-09-03,330.0,330.9,327.3,330.5,3219,330.5,2026-09-03T19:33:49.990958+00:00
2023-09-04,337.1,337.1,324.4,325.0,2232,325.0,2026-09-03T19:33:49.990958+00:00
2023-09-05,325.0,329.0,322.2,325.1,2029,325.1,2026-09-03T19:33:49.990958+00:00
2023-09-07,324.9,325.0,315.0,320.0,3889,320.0,2026-09-03T19:33:49.990958+00:00
2023-09-10,324.9,325.0,309.7,317.0,8941,317.0,2026-09-03T19:33:49.990958+00:00
2023-09-11,323.0,332.0,323.0,330.0,4348,330.0,2026-09-03T19:33:49.990958+00:00
2023-09-12,330.0,330.0,317.0,317.0,2870,317.0,2026-09-03T19:33:49.990958+00:00
2023-09-13,323.2,334.5,323.2,334.0,14936,334.0,2026-09-03T19:33:49.990958+00:00
2023-09-17,330.1,330.1,322.0,322.0,3701,322.0,2026-09-03T19:33:49.990958+00:00
2023-09-18,325.0,334.0,323.0,333.0,1928,333.0,2026-09-03T19:33:49.990958+00:00
2023-09-19,333.0,337.0,325.8,337.0,7795,337.0,2026-09-03T19:33:49.990958+00:00
2023-09-21,343.0,354.0,336.2,353.9,15289,353.9,2026-09-03T19:33:49.990958+00:00
2023-09-24,347.0,354.8,342.0,345.0,12122,345.0,2026-09-03T19:33:49.990958+00:00
2023-09-25,339.0,351.9,339.0,346.0,9266,346.0,2026-09-03T19:33:49.990958+00:00
2023-09-26,352.9,357.5,347.2,352.0,16677,352.0,2026-09-03T19:33:49.990958+00:00
2023-09-27,345.3,354.9,340.0,352.9,18703,352.9,2026-09-03T19:33:49.990958+00:00
2023-10-01,345.9,345.9,335.6,344.0,12326,344.0,2026-09-03T19:33:49.990958+00:00
2023-10-02,340.0,348.9,340.0,346.5,6394,346.5,2026-09-03T19:33:49.990958+00:00
2023-10-03,351.0,351.0,335.1,342.0,6687,342.0,2026-09-03T19:33:49.990958+00:00
2023-10-04,340.0,343.0,338.0,342.9,18701,342.9,2026-09-03T19:33:49.990958+00:00
2023-10-05,336.2,342.8,336.1,339.8,7291,339.8,2026-09-03T19:33:49.990958+00:00
2023-10-08,333.1,336.0,326.5,330.0,23595,330.0,2026-09-03T19:33:49.990958+00:00
2023-10-09,335.0,336.0,324.0,329.0,12440,329.0,2026-09-03T19:33:49.990958+00:00
2023-10-10,323.5,325.2,311.0,311.0,13261,311.0,2026-09-03T19:33:49.990958+00:00
2023-10-11,317.2,323.5,312.0,321.9,10098,321.9,2026-09-03T19:33:49.990958+00:00
2023-10-12,325.0,325.0,310.0,314.0,11048,314.0,2026-09-03T19:33:49.990958+00:00
2023-10-16,310.0,315.0,307.5,313.0,8195,313.0,2026-09-03T19:33:49.990958+00:00
2023-10-17,319.0,319.0,309.0,309.0,8753,309.0,2026-09-03T19:33:49.990958+00:00
2023-10-18,315.1,320.0,315.0,320.0,4732,320.0,2026-09-03T19:33:49.990958+00:00
2023-10-19,319.0,319.0,310.0,310.0,2842,310.0,2026-09-03T19:33:49.990958+00:00
2023-10-29,305.0,307.0,304.1,306.0,2745,306.0,2026-09-03T19:33:49.990958+00:00
2023-10-30,311.0,312.1,304.0,312.1,2920,312.1,2026-09-03T19:33:49.990958+00:00
2023-10-31,312.0,312.0,305.9,309.0,1416,309.0,2026-09-03T19:33:49.990958+00:00
2023-11-01,309.0,309.0,303.6,309.0,2432,309.0,2026-09-03T19:33:49.990958+00:00
2023-11-02,309.0,309.0,305.0,309.0,6140,309.0,2026-09-03T19:33:49.990958+00:00
2023-11-05,303.0,306.1,302.9,304.2,1713,304.2,2026-09-03T19:33:49.990958+00:00
2023-11-06,310.0,313.0,300.1,302.3,6561,302.3,2026-09-03T19:33:49.990958+00:00
2023-11-07,307.4,308.3,305.0,305.0,4717,305.0,2026-09-03T19:33:49.990958+00:00
2023-11-06,310.0,313.0,300.1,302.3,6561,302.3,2026-09-03T19:33:49.990958+00:00
2023-11-07,307.4,308.3,305.0,305.0,4717,305.0,2026-09-03T19:33:49.990958+00:00
2023-11-08,304.0,308.0,304.0,307.8,1717,307.8,2026-09-03T19:33:49.990958+00:00
2023-11-09,312.0,318.0,303.0,318.0,5111,318.0,2026-09-03T19:33:49.990958+00:00
2023-11-20,321.9,321.9,310.0,310.0,6740,310.0,2026-09-03T19:33:49.990958+00:00
2023-11-21,314.9,314.9,308.7,309.9,4540,309.9,2026-09-03T19:33:49.990958+00:00
2023-11-22,314.4,314.4,310.0,311.0,1978,311.0,2026-09-03T19:33:49.990958+00:00
2023-11-23,314.0,323.1,314.0,317.0,9461,317.0,2026-09-03T19:33:49.990958+00:00
2023-11-26,317.0,342.9,317.0,342.0,21119,342.0,2026-09-03T19:33:49.990958+00:00
2023-11-27,344.0,344.0,328.0,336.0,7819,336.0,2026-09-03T19:33:49.990958+00:00
2023-11-28,330.1,336.8,330.0,333.9,3017,333.9,2026-09-03T19:33:49.990958+00:00
2023-11-29,339.0,345.0,325.1,326.0,3895,326.0,2026-09-03T19:33:49.990958+00:00
2023-11-30,320.0,332.0,320.0,322.5,3815,322.5,2026-09-03T19:33:49.990958+00:00
2023-12-03,318.0,324.9,310.2,323.0,6183,323.0,2026-09-03T19:33:49.990958+00:00
2023-12-04,328.9,328.9,317.2,323.5,1404,323.5,2026-09-03T19:33:49.990958+00:00
2023-12-05,326.0,329.9,315.0,318.0,4237,318.0,2026-09-03T19:33:49.990958+00:00
2023-12-06,323.0,323.0,317.0,317.0,2079,317.0,2026-09-03T19:33:49.990958+00:00
2023-12-07,312.1,323.3,312.1,320.5,1504,320.5,2026-09-03T19:33:49.990958+00:00
2023-12-10,326.9,344.9,326.9,344.9,40,344.9,2026-09-03T19:33:49.990958+00:00
2023-12-11,344.9,345.0,332.0,338.7,9003,338.7,2026-09-03T19:33:49.990958+00:00
2023-12-12,345.0,364.0,340.0,355.0,30423,355.0,2026-09-03T19:33:49.990958+00:00
2023-12-13,355.0,364.0,346.6,353.3,24654,353.3,2026-09-03T19:33:49.990958+00:00
2023-12-14,346.8,360.0,346.8,360.0,11368,360.0,2026-09-03T19:33:49.990958+00:00
2023-12-17,354.0,370.0,353.0,368.0,20334,368.0,2026-09-03T19:33:49.990958+00:00
2023-12-18,370.0,386.0,370.0,379.9,51588,379.9,2026-09-03T19:33:49.990958+00:00
2023-12-19,376.0,383.0,369.2,379.2,15471,379.2,2026-09-03T19:33:49.990958+00:00
2023-12-20,385.0,392.7,374.0,374.0,17720,374.0,2026-09-03T19:33:49.990958+00:00
2023-12-21,374.1,388.0,369.4,370.0,32756,370.0,2026-09-03T19:33:49.990958+00:00
2023-12-24,370.0,376.9,358.1,361.8,27554,361.8,2026-09-03T19:33:49.990958+00:00
2023-12-27,364.0,373.0,355.1,362.2,17050,362.2,2026-09-03T19:33:49.990958+00:00
2023-12-28,362.0,368.0,357.0,360.9,7780,360.9,2026-09-03T19:33:49.990958+00:00
2024-01-01,364.0,375.0,358.7,358.7,13595,358.7,2026-09-03T19:33:49.990958+00:00
2024-01-02,353.1,365.8,353.0,357.0,15240,357.0,2026-09-03T19:33:49.990958+00:00
2024-01-03,364.0,369.0,352.0,369.0,6318,369.0,2026-09-03T19:33:49.990958+00:00
2024-01-04,369.9,369.9,360.0,362.0,7971,362.0,2026-09-03T19:33:49.990958+00:00
2024-01-07,361.9,362.0,348.0,352.0,4667,352.0,2026-09-03T19:33:49.990958+00:00
2024-01-08,355.0,360.0,353.0,360.0,15420,360.0,2026-09-03T19:33:49.990958+00:00
2024-01-09,365.0,380.0,365.0,373.9,16033,373.9,2026-09-03T19:33:49.990958+00:00
2024-01-10,380.0,386.1,363.0,368.0,32042,368.0,2026-09-03T19:33:49.990958+00:00
2024-01-11,370.0,374.9,363.6,364.0,12852,364.0,2026-09-03T19:33:49.990958+00:00
2024-01-14,370.0,378.0,369.9,373.0,5026,373.0,2026-09-03T19:33:49.990958+00:00
2024-01-16,380.4,387.1,377.0,385.7,43545,385.7,2026-09-03T19:33:49.990958+00:00
2024-01-17,390.0,398.0,369.5,375.0,45324,375.0,2026-09-03T19:33:49.990958+00:00
2024-01-18,367.5,380.9,362.1,377.1,12255,377.1,2026-09-03T19:33:49.990958+00:00
2024-01-21,371.0,375.0,364.0,364.0,13486,364.0,2026-09-03T19:33:49.990958+00:00
2024-01-22,364.0,365.0,347.0,353.0,15879,353.0,2026-09-03T19:33:49.990958+00:00
2024-01-23,360.0,366.9,344.3,353.9,7864,353.9,2026-09-03T19:33:49.990958+00:00
2024-01-24,360.0,360.0,348.0,354.0,3994,354.0,2026-09-03T19:33:49.990958+00:00
2024-01-25,353.0,357.0,345.0,350.0,10440,350.0,2026-09-03T19:33:49.990958+00:00
2024-01-28,350.0,355.0,350.0,355.0,5289,355.0,2026-09-03T19:33:49.990958+00:00
2024-01-29,361.9,363.0,356.0,360.5,5666,360.5,2026-09-03T19:33:49.990958+00:00
2024-01-30,366.9,366.9,355.3,361.0,15142,361.0,2026-09-03T19:33:49.990958+00:00
2024-01-31,360.0,360.0,345.5,347.1,14216,347.1,2026-09-03T19:33:49.990958+00:00
2024-02-01,353.0,360.0,345.0,350.0,24447,350.0,2026-09-03T19:33:49.990958+00:00
2024-02-04,344.2,356.0,344.2,350.0,6101,350.0,2026-09-03T19:33:49.990958+00:00
2024-02-05,357.0,357.0,350.3,355.5,7540,355.5,2026-09-03T19:33:49.990958+00:00
2024-02-06,361.9,361.9,349.1,358.0,6895,358.0,2026-09-03T19:33:49.990958+00:00
2024-02-07,363.9,364.0,352.3,361.0,8884,361.0,2026-09-03T19:33:49.990958+00:00
2024-02-08,366.0,366.0,358.8,364.0,8938,364.0,2026-09-03T19:33:49.990958+00:00
2024-02-11,365.0,369.0,358.2,358.2,2735,358.2,2026-09-03T19:33:49.990958+00:00
2024-02-12,364.0,364.0,353.7,363.0,8419,363.0,2026-09-03T19:33:49.990958+00:00
2024-02-13,359.9,359.9,348.1,354.0,10349,354.0,2026-09-03T19:33:49.990958+00:00
2024-02-14,357.9,389.4,357.8,385.0,93389,385.0,2026-09-03T19:33:49.990958+00:00
2024-02-15,385.0,385.0,370.0,370.0,33352,370.0,2026-09-03T19:33:49.990958+00:00
2024-02-18,375.0,375.0,358.0,364.9,16165,364.9,2026-09-03T19:33:49.990958+00:00
2024-02-20,371.0,371.0,359.7,364.0,13492,364.0,2026-09-03T19:33:49.990958+00:00
2024-02-21,370.0,370.0,356.0,357.0,11032,357.0,2026-09-03T19:33:49.990958+00:00
2024-02-22,363.9,375.0,355.0,358.9,30907,358.9,2026-09-03T19:33:49.990958+00:00
2024-02-25,358.0,371.9,356.0,364.0,35623,364.0,2026-09-03T19:33:49.990958+00:00
2024-02-26,370.0,370.0,358.5,364.5,4665,364.5,2026-09-03T19:33:49.990958+00:00
2024-02-27,360.0,368.0,358.0,368.0,4036,368.0,2026-09-03T19:33:49.990958+00:00
2024-02-28,360.7,364.0,354.9,359.8,6499,359.8,2026-09-03T19:33:49.990958+00:00
2024-02-29,366.0,370.0,345.2,350.0,13662,350.0,2026-09-03T19:33:49.990958+00:00
2024-03-03,344.0,358.9,336.2,343.2,5998,343.2,2026-09-03T19:33:49.990958+00:00
2024-03-04,350.0,370.0,350.0,370.0,40,370.0,2026-09-03T19:33:49.990958+00:00
2024-03-05,363.0,364.0,352.0,357.8,14496,357.8,2026-09-03T19:33:49.990958+00:00
2024-03-06,363.0,370.0,345.4,353.0,21185,353.0,2026-09-03T19:33:49.990958+00:00
2024-03-07,358.0,362.5,355.0,358.3,5954,358.3,2026-09-03T19:33:49.990958+00:00
2024-03-10,364.9,370.0,357.0,362.3,14300,362.3,2026-09-03T19:33:49.990958+00:00
2024-03-12,369.5,379.0,362.3,378.0,24129,378.0,2026-09-03T19:33:49.990958+00:00
2024-03-13,378.0,388.0,374.0,380.0,30752,380.0,2026-09-03T19:33:49.990958+00:00
2024-03-14,386.0,390.0,374.0,374.0,19308,374.0,2026-09-03T19:33:49.990958+00:00
2024-03-17,366.6,383.0,366.6,373.0,8248,373.0,2026-09-03T19:33:49.990958+00:00
2024-03-18,378.0,378.0,368.0,369.0,8047,369.0,2026-09-03T19:33:49.990958+00:00
2024-03-19,375.0,390.9,374.0,377.0,24201,377.0,2026-09-03T19:33:49.990958+00:00
2024-03-20,382.0,382.0,371.0,372.0,17109,372.0,2026-09-03T19:33:49.990958+00:00
2024-03-21,370.0,386.9,369.2,373.0,26852,373.0,2026-09-03T19:33:49.990958+00:00
2024-03-25,377.0,377.0,366.0,369.0,9213,369.0,2026-09-03T19:33:49.990958+00:00
2024-03-26,367.7,372.8,366.2,368.0,5600,368.0,2026-09-03T19:33:49.990958+00:00
2024-03-27,365.3,368.0,363.2,364.0,8570,364.0,2026-09-03T19:33:49.990958+00:00
2024-03-28,356.8,371.7,356.8,362.0,10452,362.0,2026-09-03T19:33:49.990958+00:00
2024-03-31,354.8,373.0,354.8,360.0,11271,360.0,2026-09-03T19:33:49.990958+00:00
2024-04-01,352.8,369.0,352.8,362.9,2616,362.9,2026-09-03T19:33:49.990958+00:00
2024-04-02,369.0,369.0,355.4,360.0,7726,360.0,2026-09-03T19:33:49.990958+00:00
2024-04-03,356.6,364.0,355.0,356.0,4883,356.0,2026-09-03T19:33:49.990958+00:00
2024-04-04,357.1,364.0,357.1,361.9,13673,361.9,2026-09-03T19:33:49.990958+00:00
2024-04-07,356.7,387.0,356.7,382.0,54410,382.0,2026-09-03T19:33:49.990958+00:00
2024-04-09,389.0,402.9,383.0,393.0,98434,393.0,2026-09-03T19:33:49.990958+00:00
2024-04-10,394.0,400.5,381.0,381.0,48276,381.0,2026-09-03T19:33:49.990958+00:00
2024-04-14,382.0,391.1,375.1,381.0,29804,381.0,2026-09-03T19:33:49.990958+00:00
2024-04-15,384.0,394.0,377.6,379.8,36331,379.8,2026-09-03T19:33:49.990958+00:00
2024-04-16,379.0,385.4,372.0,372.8,18062,372.8,2026-09-03T19:33:49.990958+00:00
2024-04-18,372.9,385.0,372.0,374.9,18151,374.9,2026-09-03T19:33:49.990958+00:00
2024-04-21,379.4,380.0,371.0,373.8,13881,373.8,2026-09-03T19:33:49.990958+00:00
2024-04-22,375.0,379.0,366.4,366.4,21171,366.4,2026-09-03T19:33:49.990958+00:00
2024-04-24,373.0,385.9,373.0,378.0,19119,378.0,2026-09-03T19:33:49.990958+00:00
2024-04-25,380.0,406.0,380.0,397.0,118295,397.0,2026-09-03T19:33:49.990958+00:00
2024-04-28,400.0,434.5,400.0,424.0,116643,424.0,2026-09-03T19:33:49.990958+00:00
2024-04-29,426.0,453.0,410.1,447.0,149594,447.0,2026-09-03T19:33:49.990958+00:00
2024-04-30,455.0,470.0,416.0,434.0,139703,434.0,2026-09-03T19:33:49.990958+00:00
2024-05-02,442.6,451.0,422.5,427.9,85074,427.9,2026-09-03T19:33:49.990958+00:00
2024-05-05,427.9,435.0,418.0,419.0,97798,419.0,2026-09-03T19:33:49.990958+00:00
2024-05-06,417.0,427.0,414.0,420.1,54157,420.1,2026-09-03T19:33:49.990958+00:00
2024-05-07,420.1,429.9,407.0,415.0,44918,415.0,2026-09-03T19:33:49.990958+00:00
2024-05-08,419.9,440.0,412.4,434.8,65455,434.8,2026-09-03T19:33:49.990958+00:00
2024-05-09,443.0,448.0,431.0,439.0,82138,439.0,2026-09-03T19:33:49.990958+00:00
2024-05-12,440.0,443.7,424.0,426.0,53892,426.0,2026-09-03T19:33:49.990958+00:00
2024-05-13,434.0,434.0,419.0,425.0,27464,425.0,2026-09-03T19:33:49.990958+00:00
2024-05-14,425.9,430.0,419.1,422.0,25154,422.0,2026-09-03T19:33:49.990958+00:00
2024-05-15,430.4,430.4,417.2,418.0,34858,418.0,2026-09-03T19:33:49.990958+00:00
2024-05-16,418.0,424.9,415.0,415.5,26166,415.5,2026-09-03T19:33:49.990958+00:00
2024-05-19,423.8,426.0,412.0,425.0,43165,425.0,2026-09-03T19:33:49.990958+00:00
2024-05-20,425.0,433.0,417.0,419.8,30865,419.8,2026-09-03T19:33:49.990958+00:00
2024-05-21,424.7,442.0,421.1,435.0,84763,435.0,2026-09-03T19:33:49.990958+00:00
2024-05-22,436.2,443.0,424.0,428.0,51016,428.0,2026-09-03T19:33:49.990958+00:00
2024-05-26,419.5,430.0,414.0,414.0,30769,414.0,2026-09-03T19:33:49.990958+00:00
2024-05-27,409.3,437.0,409.3,420.0,47908,420.0,2026-09-03T19:33:49.990958+00:00
2024-05-29,428.4,435.0,412.0,415.0,21354,415.0,2026-09-03T19:33:49.990958+00:00
2024-05-30,418.0,431.4,415.0,423.0,48336,423.0,2026-09-03T19:33:49.990958+00:00
2024-06-02,426.0,444.0,423.1,436.0,63135,436.0,2026-09-03T19:33:49.990958+00:00
2024-06-03,436.0,451.8,425.1,428.8,74698,428.8,2026-09-03T19:33:49.990958+00:00
2024-06-04,435.0,436.5,423.6,429.0,24923,429.0,2026-09-03T19:33:49.990958+00:00
2024-06-05,434.8,438.0,426.0,429.9,17322,429.9,2026-09-03T19:33:49.990958+00:00
2024-06-06,436.8,436.8,416.0,422.0,32107,422.0,2026-09-03T19:33:49.990958+00:00
2024-06-09,429.0,429.0,415.0,419.0,18080,419.0,2026-09-03T19:33:49.990958+00:00
2024-06-10,411.1,430.0,411.1,425.0,20694,425.0,2026-09-03T19:33:49.990958+00:00
2024-06-11,431.0,432.9,425.0,430.9,34548,430.9,2026-09-03T19:33:49.990958+00:00
2024-06-12,428.0,443.9,426.0,437.0,90511,437.0,2026-09-03T19:33:49.990958+00:00
2024-06-13,442.0,460.0,442.0,447.0,115517,447.0,2026-09-03T19:33:49.990958+00:00
2024-06-16,448.0,455.0,432.0,436.0,60842,436.0,2026-09-03T19:33:49.990958+00:00
2024-06-18,436.0,444.6,428.0,430.0,35190,430.0,2026-09-03T19:33:49.990958+00:00
2024-06-19,432.0,446.0,432.0,436.0,35327,436.0,2026-09-03T19:33:49.990958+00:00
2024-06-20,444.0,452.7,431.3,443.5,62141,443.5,2026-09-03T19:33:49.990958+00:00
2024-06-23,446.1,479.0,446.0,473.9,127394,473.9,2026-09-03T19:33:49.990958+00:00
2024-06-24,483.3,485.6,459.1,462.0,112945,462.0,2026-09-03T19:33:49.990958+00:00
2024-06-25,465.1,489.6,462.0,467.6,81843,467.6,2026-09-03T19:33:49.990958+00:00
2024-06-26,467.0,475.0,457.0,459.9,53278,459.9,2026-09-03T19:33:49.990958+00:00
2024-06-27,465.0,465.0,453.0,456.1,41608,456.1,2026-09-03T19:33:49.990958+00:00
2024-06-30,455.0,470.0,454.0,457.4,50843,457.4,2026-09-03T19:33:49.990958+00:00
2024-07-01,463.3,463.3,452.0,452.1,32413,452.1,2026-09-03T19:33:49.990958+00:00
2024-07-02,461.1,480.0,457.2,465.0,41950,465.0,2026-09-03T19:33:49.990958+00:00
2024-07-03,473.0,500.0,458.0,489.0,150090,489.0,2026-09-03T19:33:49.990958+00:00
2024-07-04,497.5,504.0,478.0,486.0,89216,486.0,2026-09-03T19:33:49.990958+00:00
2024-07-07,493.0,493.0,470.4,470.4,71767,470.4,2026-09-03T19:33:49.990958+00:00
2024-07-08,479.0,480.0,471.0,473.0,36111,473.0,2026-09-03T19:33:49.990958+00:00
2024-07-09,482.4,501.8,475.0,486.9,73842,486.9,2026-09-03T19:33:49.990958+00:00
2024-07-10,477.2,503.0,477.2,494.5,58391,494.5,2026-09-03T19:33:49.990958+00:00
2024-07-11,502.0,502.0,481.0,485.0,49453,485.0,2026-09-03T19:33:49.990958+00:00
2024-07-14,494.7,504.0,484.2,487.0,40716,487.0,2026-09-03T19:33:49.990958+00:00
2024-07-15,496.7,508.0,480.6,490.0,116895,490.0,2026-09-03T19:33:49.990958+00:00
2024-07-16,498.0,504.9,496.0,504.9,49282,504.9,2026-09-03T19:33:49.990958+00:00
2024-07-17,511.0,550.0,506.0,539.0,92739,539.0,2026-09-03T19:33:49.990958+00:00
2024-07-18,540.0,546.0,511.0,518.0,87359,518.0,2026-09-03T19:33:49.990958+00:00
2024-07-21,521.0,540.0,516.0,525.0,141873,525.0,2026-09-03T19:33:49.990958+00:00
2024-07-22,524.1,531.0,514.1,525.0,68899,525.0,2026-09-03T19:33:49.990958+00:00
2024-07-23,524.0,540.0,524.0,536.1,55977,536.1,2026-09-03T19:33:49.990958+00:00
2024-07-24,544.0,566.0,536.1,539.0,152238,539.0,2026-09-03T19:33:49.990958+00:00
2024-07-25,545.0,553.0,532.2,537.0,71844,537.0,2026-09-03T19:33:49.990958+00:00
2024-07-28,547.7,558.0,529.0,545.9,62056,545.9,2026-09-03T19:33:49.990958+00:00
2024-07-29,539.0,554.0,535.0,543.0,78780,543.0,2026-09-03T19:33:49.990958+00:00
2024-07-30,545.0,582.0,545.0,576.0,143598,576.0,2026-09-03T19:33:49.990958+00:00
2024-07-31,587.0,633.6,583.0,633.6,167230,633.6,2026-09-03T19:33:49.990958+00:00
2024-08-01,646.2,696.9,646.2,686.0,211729,686.0,2026-09-03T19:33:49.990958+00:00
2024-08-05,699.7,699.7,634.2,643.1,172215,643.1,2026-09-03T19:33:49.990958+00:00
2024-08-06,643.1,655.0,579.0,579.0,200569,579.0,2026-09-03T19:33:49.990958+00:00
2024-08-07,567.5,636.9,567.5,635.0,195275,635.0,2026-09-03T19:33:49.990958+00:00
2024-08-08,647.0,653.0,610.0,616.0,72077,616.0,2026-09-03T19:33:49.990958+00:00
2024-08-11,627.9,645.1,605.0,629.0,126679,629.0,2026-09-03T19:33:49.990958+00:00
2024-08-12,641.5,667.9,630.0,654.0,170251,654.0,2026-09-03T19:33:49.990958+00:00
2024-08-13,667.0,705.0,657.0,685.0,119633,685.0,2026-09-03T19:33:49.990958+00:00
2024-08-14,691.0,753.0,674.2,741.0,198112,741.0,2026-09-03T19:33:49.990958+00:00
2024-08-15,741.0,785.0,717.1,722.0,169916,722.0,2026-09-03T19:33:49.990958+00:00
2024-08-18,707.6,773.9,695.0,719.9,182755,719.9,2026-09-03T19:33:49.990958+00:00
2024-08-21,734.2,761.9,734.2,745.0,140242,745.0,2026-09-03T19:33:49.990958+00:00
2024-08-22,759.9,795.0,759.0,764.9,142842,764.9,2026-09-03T19:33:49.990958+00:00
2024-08-25,780.1,780.1,722.0,726.0,134952,726.0,2026-09-03T19:33:49.990958+00:00
2024-08-27,740.5,748.6,690.0,700.0,122730,700.0,2026-09-03T19:33:49.990958+00:00
2024-08-28,714.0,725.0,675.0,683.5,84712,683.5,2026-09-03T19:33:49.990958+00:00
2024-08-29,697.1,703.9,655.0,655.0,83996,655.0,2026-09-03T19:33:49.990958+00:00
2024-09-01,654.1,681.0,637.0,648.0,72075,648.0,2026-09-03T19:33:49.990958+00:00
2024-09-02,660.0,712.8,643.2,705.0,119203,705.0,2026-09-03T19:33:49.990958+00:00
2024-09-03,719.1,724.9,688.0,688.0,92944,688.0,2026-09-03T19:33:49.990958+00:00
2024-09-04,701.0,711.9,651.0,658.0,65447,658.0,2026-09-03T19:33:49.990958+00:00
2024-09-05,644.9,669.0,634.0,648.1,54236,648.1,2026-09-03T19:33:49.990958+00:00
2024-09-08,635.2,671.1,635.2,637.0,36890,637.0,2026-09-03T19:33:49.990958+00:00
2024-09-09,645.0,649.7,624.0,625.0,39951,625.0,2026-09-03T19:33:49.990958+00:00
2024-09-10,630.0,643.0,607.7,613.0,45904,613.0,2026-09-03T19:33:49.990958+00:00
2024-09-11,608.0,635.0,608.0,623.9,41498,623.9,2026-09-03T19:33:49.990958+00:00
2024-09-12,626.0,647.0,622.4,645.0,41545,645.0,2026-09-03T19:33:49.990958+00:00
2024-09-15,657.0,658.0,617.5,620.2,44871,620.2,2026-09-03T19:33:49.990958+00:00
2024-09-16,620.2,620.2,595.0,595.0,55583,595.0,2026-09-03T19:33:49.990958+00:00
2024-09-18,590.0,594.0,575.0,575.0,40549,575.0,2026-09-03T19:33:49.990958+00:00
2024-09-22,585.0,596.7,570.6,580.0,18519,580.0,2026-09-03T19:33:49.990958+00:00
2024-09-23,591.0,591.0,535.0,540.3,46142,540.3,2026-09-03T19:33:49.990958+00:00
2024-09-24,551.0,551.0,509.0,514.0,33313,514.0,2026-09-03T19:33:49.990958+00:00
2024-09-25,510.0,537.0,500.0,528.0,37032,528.0,2026-09-03T19:33:49.990958+00:00
2024-09-26,534.0,538.4,518.3,519.0,23060,519.0,2026-09-03T19:33:49.990958+00:00
2024-09-29,508.7,520.0,504.2,509.0,26119,509.0,2026-09-03T19:33:49.990958+00:00
2024-09-30,517.0,546.0,512.0,542.0,28936,542.0,2026-09-03T19:33:49.990958+00:00
2024-10-01,543.0,596.2,532.0,596.2,56726,596.2,2026-09-03T19:33:49.990958+00:00
2024-10-02,608.1,628.0,587.0,593.4,76390,593.4,2026-09-03T19:33:49.990958+00:00
2024-10-06,590.0,633.0,590.0,629.0,52384,629.0,2026-09-03T19:33:49.990958+00:00
2024-10-07,641.0,649.9,595.1,619.0,56458,619.0,2026-09-03T19:33:49.990958+00:00
2024-10-08,609.0,622.0,607.0,611.0,33133,611.0,2026-09-03T19:33:49.990958+00:00
2024-10-09,611.0,620.9,606.0,610.0,49884,610.0,2026-09-03T19:33:49.990958+00:00
2024-10-15,622.0,644.9,612.0,638.1,32716,638.1,2026-09-03T19:33:49.990958+00:00
2024-10-16,649.0,655.0,628.0,638.0,32353,638.0,2026-09-03T19:33:49.990958+00:00
2024-10-17,630.0,649.0,629.1,639.8,32099,639.8,2026-09-03T19:33:49.990958+00:00
2024-10-20,627.1,646.0,602.7,619.0,60779,619.0,2026-09-03T19:33:49.990958+00:00
2024-10-21,613.0,625.2,597.0,599.0,44641,599.0,2026-09-03T19:33:49.990958+00:00
2024-10-22,600.5,624.0,600.5,618.0,27918,618.0,2026-09-03T19:33:49.990958+00:00
2024-10-23,615.0,642.0,610.0,620.0,69268,620.0,2026-09-03T19:33:49.990958+00:00
2024-10-24,620.1,638.0,615.0,619.0,40628,619.0,2026-09-03T19:33:49.990958+00:00
2024-10-27,621.0,628.0,615.0,620.0,27533,620.0,2026-09-03T19:33:49.990958+00:00
2024-10-28,632.0,647.0,626.0,645.3,65523,645.3,2026-09-03T19:33:49.990958+00:00
2024-10-29,655.8,672.0,647.0,653.0,71068,653.0,2026-09-03T19:33:49.990958+00:00
2024-10-30,665.0,665.0,640.2,644.9,18944,644.9,2026-09-03T19:33:49.990958+00:00
2024-11-05,657.0,657.0,641.0,649.9,19518,649.9,2026-09-03T19:33:49.990958+00:00
2024-11-06,660.0,663.0,645.6,655.7,38564,655.7,2026-09-03T19:33:49.990958+00:00
2024-11-10,662.0,680.0,658.0,675.9,56628,675.9,2026-09-03T19:33:49.990958+00:00
2024-11-11,689.4,692.0,655.0,666.0,58704,666.0,2026-09-03T19:33:49.990958+00:00
2024-11-12,679.0,684.0,662.0,677.9,61435,677.9,2026-09-03T19:33:49.990958+00:00
2024-11-13,687.9,715.0,681.0,713.9,150045,713.9,2026-09-03T19:33:49.990958+00:00
2024-11-14,728.1,728.1,710.0,710.0,96801,710.0,2026-09-03T19:33:49.990958+00:00
2024-11-17,696.0,725.0,687.3,690.0,60322,690.0,2026-09-03T19:33:49.990958+00:00
2024-11-19,690.0,706.0,672.0,676.0,58473,676.0,2026-09-03T19:33:49.990958+00:00
2024-11-20,665.5,690.0,662.5,689.0,53519,689.0,2026-09-03T19:33:49.990958+00:00
2024-11-21,700.0,701.0,670.0,675.0,42152,675.0,2026-09-03T19:33:49.990958+00:00
2024-11-24,675.0,688.0,661.6,661.6,25373,661.6,2026-09-03T19:33:49.990958+00:00
2024-11-25,666.0,685.0,664.0,673.0,35234,673.0,2026-09-03T19:33:49.990958+00:00
2024-11-26,685.0,694.8,671.0,690.0,42909,690.0,2026-09-03T19:33:49.990958+00:00
2024-11-27,703.8,705.0,689.0,696.0,58886,696.0,2026-09-03T19:33:49.990958+00:00
2024-11-28,708.0,708.0,683.1,690.0,30808,690.0,2026-09-03T19:33:49.990958+00:00
2024-12-01,676.2,688.0,672.0,673.0,30059,673.0,2026-09-03T19:33:49.990958+00:00
2024-12-02,683.0,683.0,660.0,666.9,32326,666.9,2026-09-03T19:33:49.990958+00:00
2024-12-03,675.0,691.5,668.5,682.0,39753,682.0,2026-09-03T19:33:49.990958+00:00
2024-12-04,670.0,690.0,666.0,666.3,40788,666.3,2026-09-03T19:33:49.990958+00:00
2024-12-05,660.0,671.0,650.1,651.0,48652,651.0,2026-09-03T19:33:49.990958+00:00
2024-12-08,651.0,652.9,635.0,640.0,53284,640.0,2026-09-03T19:33:49.990958+00:00
2024-12-09,640.0,651.0,629.0,639.0,32479,639.0,2026-09-03T19:33:49.990958+00:00
2024-12-10,645.0,656.9,630.0,637.0,15322,637.0,2026-09-03T19:33:49.990958+00:00
2024-12-11,632.2,648.9,632.0,648.0,20664,648.0,2026-09-03T19:33:49.990958+00:00
2024-12-12,660.9,660.9,625.0,629.8,18331,629.8,2026-09-03T19:33:49.990958+00:00
2024-12-16,618.1,618.1,597.0,603.0,39457,603.0,2026-09-03T19:33:49.990958+00:00
2024-12-17,593.0,614.0,592.0,603.0,21414,603.0,2026-09-03T19:33:49.990958+00:00
2024-12-18,609.9,614.0,598.0,602.0,22051,602.0,2026-09-03T19:33:49.990958+00:00
2024-12-19,593.1,603.0,581.3,581.3,15608,581.3,2026-09-03T19:33:49.990958+00:00
2024-12-22,575.0,587.0,569.7,575.0,27413,575.0,2026-09-03T19:33:49.990958+00:00
2024-12-23,584.0,600.0,578.0,600.0,14272,600.0,2026-09-03T19:33:49.990958+00:00
2024-12-24,602.0,622.0,600.0,606.1,31536,606.1,2026-09-03T19:33:49.990958+00:00
2024-12-26,600.0,601.5,579.4,580.3,18385,580.3,2026-09-03T19:33:49.990958+00:00
2024-12-29,570.0,582.0,561.0,571.9,44844,571.9,2026-09-03T19:33:49.990958+00:00
2024-12-31,561.0,561.0,525.5,541.0,51861,541.0,2026-09-03T19:33:49.990958+00:00
2025-01-01,550.0,570.0,549.0,560.5,19883,560.5,2026-09-03T19:33:49.990958+00:00
2025-01-02,566.0,566.0,550.0,565.0,15350,565.0,2026-09-03T19:33:49.990958+00:00
2025-01-05,561.0,571.0,545.0,564.0,12997,564.0,2026-09-03T19:33:49.990958+00:00
2025-01-06,570.0,575.0,556.2,574.5,17721,574.5,2026-09-03T19:33:49.990958+00:00
2025-01-07,575.0,592.9,570.0,592.0,19766,592.0,2026-09-03T19:33:49.990958+00:00
2025-01-08,597.0,630.3,592.2,618.0,38944,618.0,2026-09-03T19:33:49.990958+00:00
2025-01-09,619.0,624.0,588.0,597.1,35383,597.1,2026-09-03T19:33:49.990958+00:00
2025-01-12,586.0,590.0,569.0,581.4,17655,581.4,2026-09-03T19:33:49.990958+00:00
2025-01-13,572.1,600.0,563.5,566.0,29134,566.0,2026-09-03T19:33:49.990958+00:00
2025-01-15,568.9,568.9,545.3,549.0,35993,549.0,2026-09-03T19:33:49.990958+00:00
2025-01-16,559.0,559.0,512.0,530.0,55869,530.0,2026-09-03T19:33:49.990958+00:00
2025-01-19,519.4,560.0,519.4,545.0,39982,545.0,2026-09-03T19:33:49.990958+00:00
2025-01-20,551.9,551.9,530.0,533.0,20612,533.0,2026-09-03T19:33:49.990958+00:00
2025-01-21,542.9,542.9,525.0,526.0,20606,526.0,2026-09-03T19:33:49.990958+00:00
2025-01-22,518.1,548.0,518.1,536.0,17608,536.0,2026-09-03T19:33:49.990958+00:00
2025-01-23,544.9,544.9,521.0,527.0,20201,527.0,2026-09-03T19:33:49.990958+00:00
2025-01-26,527.2,534.9,498.0,506.8,59119,506.8,2026-09-03T19:33:49.990958+00:00
2025-01-27,497.2,533.9,490.0,518.0,33531,518.0,2026-09-03T19:33:49.990958+00:00
2025-01-28,528.0,533.0,505.0,528.5,32717,528.5,2026-09-03T19:33:49.990958+00:00
2025-02-02,533.0,538.4,524.2,533.4,21060,533.4,2026-09-03T19:33:49.990958+00:00
2025-02-03,539.9,541.0,520.1,528.0,17884,528.0,2026-09-03T19:33:49.990958+00:00
2025-02-04,538.5,538.5,520.0,525.0,20139,525.0,2026-09-03T19:33:49.990958+00:00
2025-02-05,530.0,565.8,520.0,559.0,45052,559.0,2026-09-03T19:33:49.990958+00:00
2025-02-06,566.9,588.9,550.0,553.0,39021,553.0,2026-09-03T19:33:49.990958+00:00
2025-02-09,563.0,564.0,538.0,545.0,44851,545.0,2026-09-03T19:33:49.990958+00:00
2025-02-10,555.0,564.0,546.1,552.7,51106,552.7,2026-09-03T19:33:49.990958+00:00
2025-02-11,562.8,563.0,551.1,555.0,16096,555.0,2026-09-03T19:33:49.990958+00:00
2025-02-12,563.7,578.0,555.0,568.9,46889,568.9,2026-09-03T19:33:49.990958+00:00
2025-02-13,568.9,595.0,568.9,586.0,61023,586.0,2026-09-03T19:33:49.990958+00:00
2025-02-16,597.7,615.0,590.0,600.0,97295,600.0,2026-09-03T19:33:49.990958+00:00
2025-02-17,600.0,611.9,585.1,590.0,36517,590.0,2026-09-03T19:33:49.990958+00:00
2025-02-18,578.2,601.0,578.0,588.0,32579,588.0,2026-09-03T19:33:49.990958+00:00
2025-02-20,588.0,604.0,578.3,592.0,32767,592.0,2026-09-03T19:33:49.990958+00:00
2025-02-23,582.0,595.0,560.6,580.0,34773,580.0,2026-09-03T19:33:49.990958+00:00
2025-02-24,590.0,590.0,569.0,576.0,21746,576.0,2026-09-03T19:33:49.990958+00:00
2025-02-25,586.0,587.0,566.0,575.0,22328,575.0,2026-09-03T19:33:49.990958+00:00
2025-02-27,586.5,588.0,565.1,570.0,20007,570.0,2026-09-03T19:33:49.990958+00:00
2025-03-02,580.0,596.0,574.0,596.0,29164,596.0,2026-09-03T19:33:49.990958+00:00
2025-03-03,601.1,614.0,590.0,594.0,34664,594.0,2026-09-03T19:33:49.990958+00:00
2025-03-04,605.0,605.0,575.0,575.0,24595,575.0,2026-09-03T19:33:49.990958+00:00
2025-03-05,575.0,580.9,554.0,566.0,32220,566.0,2026-09-03T19:33:49.990958+00:00
2025-03-06,561.3,574.0,560.0,566.0,15705,566.0,2026-09-03T19:33:49.990958+00:00
2025-03-09,568.0,570.0,545.0,545.0,20890,545.0,2026-09-03T19:33:49.990958+00:00
2025-03-10,555.0,566.7,545.1,550.0,15502,550.0,2026-09-03T19:33:49.990958+00:00
2025-03-11,551.0,554.0,541.2,541.6,10372,541.6,2026-09-03T19:33:49.990958+00:00
2025-03-12,542.0,547.0,540.0,543.0,8825,543.0,2026-09-03T19:33:49.990958+00:00
2025-03-16,541.0,543.0,529.0,536.0,16723,536.0,2026-09-03T19:33:49.990958+00:00
2025-03-17,544.0,544.0,531.2,535.0,12848,535.0,2026-09-03T19:33:49.990958+00:00
2025-03-18,535.0,556.0,532.0,540.0,9558,540.0,2026-09-03T19:33:49.990958+00:00
2025-03-19,545.3,550.0,530.0,533.1,9735,533.1,2026-09-03T19:33:49.990958+00:00
2025-03-20,530.0,533.9,525.1,526.34,7272,526.34,2026-09-03T19:33:49.990958+00:00
2025-03-23,527.1,531.9,508.1,509.51,11747,509.51,2026-09-03T19:33:49.990958+00:00
2025-03-24,508.0,535.5,506.0,526.91,11671,526.91,2026-09-03T19:33:49.990958+00:00
2025-03-25,516.5,533.0,505.0,508.78,11846,508.78,2026-09-03T19:33:49.990958+00:00
2025-03-26,518.9,525.0,515.0,523.69,7328,523.69,2026-09-03T19:33:49.990958+00:00
2025-03-27,521.9,533.7,517.3,525.79,12290,525.79,2026-09-03T19:33:49.990958+00:00
2025-03-30,525.0,551.0,525.0,541.7,23404,541.7,2026-09-03T19:33:49.990958+00:00
2025-04-01,550.0,550.0,522.2,529.9,6692,529.9,2026-09-03T19:33:49.990958+00:00
2025-04-02,537.5,559.0,527.0,541.67,14040,541.67,2026-09-03T19:33:49.990958+00:00
2025-04-03,552.5,552.5,531.0,531.59,20707,531.59,2026-09-03T19:33:49.990958+00:00
2025-04-07,530.0,537.0,522.0,523.0,15143,523.0,2026-09-03T19:33:49.990958+00:00
2025-04-08,523.0,532.0,518.3,528.17,15163,528.17,2026-09-03T19:33:49.990958+00:00
2025-04-09,535.9,546.0,530.1,540.94,17645,540.94,2026-09-03T19:33:49.990958+00:00
2025-04-10,543.0,543.0,534.6,536.13,1718,536.13,2026-09-03T19:33:49.990958+00:00
2025-04-13,532.0,540.0,525.6,525.99,8952,525.99,2026-09-03T19:33:49.990958+00:00
2025-04-15,531.0,541.6,526.0,536.15,9307,536.15,2026-09-03T19:33:49.990958+00:00
2025-04-16,528.0,543.0,525.5,533.23,14387,533.23,2026-09-03T19:33:49.990958+00:00
2025-04-17,540.0,540.0,529.0,533.29,10176,533.29,2026-09-03T19:33:49.990958+00:00
2025-04-20,526.0,542.0,526.0,527.91,6902,527.91,2026-09-03T19:33:49.990958+00:00
2025-04-21,527.0,533.0,520.0,522.72,15927,522.72,2026-09-03T19:33:49.990958+00:00
2025-04-22,533.0,533.0,522.0,522.63,5461,522.63,2026-09-03T19:33:49.990958+00:00
2025-04-23,521.0,523.0,510.0,510.9,20960,510.9,2026-09-03T19:33:49.990958+00:00
2025-04-24,511.0,519.0,502.0,507.16,13574,507.16,2026-09-03T19:33:49.990958+00:00
2025-04-27,505.0,515.0,495.0,501.76,18491,501.76,2026-09-03T19:33:49.990958+00:00
2025-04-28,501.0,529.0,501.0,516.46,28218,516.46,2026-09-03T19:33:49.990958+00:00
2025-04-29,525.0,526.0,508.0,510.54,9448,510.54,2026-09-03T19:33:49.990958+00:00
2025-04-30,511.0,512.0,500.8,501.6,18290,501.6,2026-09-03T19:33:49.990958+00:00
2025-05-04,509.0,509.0,495.0,496.21,15496,496.21,2026-09-03T19:33:49.990958+00:00
2025-05-05,503.0,503.0,496.0,497.73,7934,497.73,2026-09-03T19:33:49.990958+00:00
2025-05-06,495.3,504.0,490.1,490.85,15621,490.85,2026-09-03T19:33:49.990958+00:00
2025-05-07,486.0,518.0,481.0,512.93,22726,512.93,2026-09-03T19:33:49.990958+00:00
2025-05-08,512.0,542.0,501.8,534.45,35503,534.45,2026-09-03T19:33:49.990958+00:00
2025-05-11,541.0,541.9,510.0,512.76,12086,512.76,2026-09-03T19:33:49.990958+00:00
2025-05-13,519.0,520.0,497.0,498.69,12724,498.69,2026-09-03T19:33:49.990958+00:00
2025-05-14,505.0,514.9,495.0,503.92,9971,503.92,2026-09-03T19:33:49.990958+00:00
2025-05-15,510.0,510.0,497.0,499.83,12523,499.83,2026-09-03T19:33:49.990958+00:00
2025-05-18,500.0,503.0,492.1,494.83,15028,494.83,2026-09-03T19:33:49.990958+00:00
2025-05-19,502.0,505.0,495.0,495.32,13105,495.32,2026-09-03T19:33:49.990958+00:00
2025-05-20,495.0,512.0,494.0,508.79,11052,508.79,2026-09-03T19:33:49.990958+00:00
2025-05-21,518.9,528.0,502.0,502.51,24652,502.51,2026-09-03T19:33:49.990958+00:00
2025-05-22,509.0,509.9,498.9,500.84,15008,500.84,2026-09-03T19:33:49.990958+00:00
2025-05-25,505.0,506.0,496.0,497.3,10268,497.3,2026-09-03T19:33:49.990958+00:00
2025-05-26,507.2,527.0,496.0,497.91,9046,497.91,2026-09-03T19:33:49.990958+00:00
2025-05-27,494.0,504.0,491.0,494.84,7228,494.84,2026-09-03T19:33:49.990958+00:00
2025-05-28,490.0,500.0,490.0,497.35,8998,497.35,2026-09-03T19:33:49.990958+00:00
2025-06-02,507.2,509.0,492.0,494.78,16264,494.78,2026-09-03T19:33:49.990958+00:00
2025-06-03,502.0,504.6,490.0,491.27,7640,491.27,2026-09-03T19:33:49.990958+00:00
2025-06-04,494.0,500.0,486.0,487.89,15552,487.89,2026-09-03T19:33:49.990958+00:00
2025-06-05,491.1,496.0,485.0,485.56,6262,485.56,2026-09-03T19:33:49.990958+00:00
2025-06-08,485.0,489.0,483.0,483.67,6945,483.67,2026-09-03T19:33:49.990958+00:00
2025-06-09,493.0,493.0,485.3,487.6,5886,487.6,2026-09-03T19:33:49.990958+00:00
2025-06-10,495.0,536.3,489.0,536.3,98716,536.3,2026-09-03T19:33:49.990958+00:00
2025-06-11,547.0,580.0,537.0,568.84,172151,568.84,2026-09-03T19:33:49.990958+00:00
2025-06-12,580.0,599.5,554.0,586.56,111648,586.56,2026-09-03T19:33:49.990958+00:00
2025-06-15,598.0,608.2,574.4,583.71,152410,583.71,2026-09-03T19:33:49.990958+00:00
2025-06-16,572.1,590.0,543.9,546.78,143282,546.78,2026-09-03T19:33:49.990958+00:00
2025-06-17,541.1,545.0,520.0,542.88,61958,542.88,2026-09-03T19:33:49.990958+00:00
2025-06-18,535.1,556.0,528.0,529.04,47760,529.04,2026-09-03T19:33:49.990958+00:00
2025-06-19,520.0,532.9,508.3,510.63,63082,510.63,2026-09-03T19:33:49.990958+00:00
2025-06-22,501.0,508.0,496.0,498.42,29472,498.42,2026-09-03T19:33:49.990958+00:00
2025-06-23,503.9,528.0,495.0,518.95,37925,518.95,2026-09-03T19:33:49.990958+00:00
2025-06-24,524.0,529.5,514.0,515.23,22145,515.23,2026-09-03T19:33:49.990958+00:00
2025-06-25,523.0,523.0,505.1,508.94,16966,508.94,2026-09-03T19:33:49.990958+00:00
2025-06-26,500.0,515.0,500.0,505.96,20472,505.96,2026-09-03T19:33:49.990958+00:00
2025-06-29,513.0,517.0,504.0,514.41,19302,514.41,2026-09-03T19:33:49.990958+00:00
2025-06-30,524.6,524.6,515.0,519.48,18414,519.48,2026-09-03T19:33:49.990958+00:00
2025-07-01,529.0,529.0,513.0,517.22,12642,517.22,2026-09-03T19:33:49.990958+00:00
2025-07-02,527.5,535.0,518.0,527.13,25843,527.13,2026-09-03T19:33:49.990958+00:00
2025-07-03,537.0,555.9,527.0,539.59,48040,539.59,2026-09-03T19:33:49.990958+00:00
2025-07-06,550.0,566.1,535.2,548.74,82107,548.74,2026-09-03T19:33:49.990958+00:00
2025-07-07,542.5,546.0,525.0,525.65,33160,525.65,2026-09-03T19:33:49.990958+00:00
2025-07-08,530.0,540.0,521.0,531.73,13683,531.73,2026-09-03T19:33:49.990958+00:00
2025-07-09,539.0,540.6,520.0,525.4,19071,525.4,2026-09-03T19:33:49.990958+00:00
2025-07-10,533.2,540.0,528.0,532.63,17119,532.63,2026-09-03T19:33:49.990958+00:00
2025-07-13,543.2,561.0,540.0,545.37,28836,545.37,2026-09-03T19:33:49.990958+00:00
2025-07-14,540.0,544.5,531.6,532.31,16750,532.31,2026-09-03T19:33:49.990958+00:00
2025-07-15,538.0,548.7,532.0,540.4,18774,540.4,2026-09-03T19:33:49.990958+00:00
2025-07-16,551.2,558.0,540.0,543.54,22303,543.54,2026-09-03T19:33:49.990958+00:00
2025-07-17,554.4,574.0,546.0,560.91,48758,560.91,2026-09-03T19:33:49.990958+00:00
2025-07-20,572.0,572.0,540.0,545.91,63531,545.91,2026-09-03T19:33:49.990958+00:00
2025-07-21,545.0,555.0,543.0,546.14,36920,546.14,2026-09-03T19:33:49.990958+00:00
2025-07-22,555.0,564.0,549.0,556.18,32995,556.18,2026-09-03T19:33:49.990958+00:00
2025-07-23,567.0,586.0,556.0,572.95,72679,572.95,2026-09-03T19:33:49.990958+00:00
2025-07-24,584.4,584.4,560.0,566.43,38954,566.43,2026-09-03T19:33:49.990958+00:00
2025-07-27,575.0,575.0,547.0,549.84,45035,549.84,2026-09-03T19:33:49.990958+00:00
2025-07-28,560.8,572.0,542.2,567.16,43729,567.16,2026-09-03T19:33:49.990958+00:00
2025-07-29,578.0,585.0,562.3,565.41,39495,565.41,2026-09-03T19:33:49.990958+00:00
2025-07-30,576.0,576.0,550.0,553.81,31323,553.81,2026-09-03T19:33:49.990958+00:00
2025-07-31,546.4,575.0,546.3,557.83,61689,557.83,2026-09-03T19:33:49.990958+00:00
2025-08-03,565.0,568.9,548.4,550.58,32516,550.58,2026-09-03T19:33:49.990958+00:00
2025-08-04,560.0,560.0,537.0,540.62,32547,540.62,2026-09-03T19:33:49.990958+00:00
2025-08-05,541.0,548.0,525.5,529.7,17457,529.7,2026-09-03T19:33:49.990958+00:00
2025-08-06,520.1,539.0,520.1,525.51,17018,525.51,2026-09-03T19:33:49.990958+00:00
2025-08-07,534.0,536.0,520.2,534.62,15954,534.62,2026-09-03T19:33:49.990958+00:00
2025-08-11,540.0,541.0,523.2,524.17,12506,524.17,2026-09-03T19:33:49.990958+00:00
2025-08-12,531.0,531.0,518.2,520.91,14673,520.91,2026-09-03T19:33:49.990958+00:00
2025-08-13,527.9,531.0,517.5,521.85,8504,521.85,2026-09-03T19:33:49.990958+00:00
2025-08-14,525.0,526.9,520.1,520.87,9160,520.87,2026-09-03T19:33:49.990958+00:00
2025-08-17,527.4,527.9,514.2,515.23,10909,515.23,2026-09-03T19:33:49.990958+00:00
2025-08-18,521.0,521.0,511.5,515.41,11364,515.41,2026-09-03T19:33:49.990958+00:00
2025-08-19,520.0,522.0,515.3,517.21,8450,517.21,2026-09-03T19:33:49.990958+00:00
2025-08-20,524.0,524.0,510.0,510.75,10752,510.75,2026-09-03T19:33:49.990958+00:00
2025-08-21,506.0,517.0,505.1,508.34,9039,508.34,2026-09-03T19:33:49.990958+00:00
2025-08-24,511.0,515.0,506.5,509.24,8291,509.24,2026-09-03T19:33:49.990958+00:00
2025-08-25,510.0,512.0,504.0,509.47,8999,509.47,2026-09-03T19:33:49.990958+00:00
2025-08-26,515.0,515.0,510.0,513.16,5794,513.16,2026-09-03T19:33:49.990958+00:00
2025-08-27,513.16,525.0,513.16,523.84,7771,523.84,2026-09-03T19:33:49.990958+00:00
2025-08-28,520.0,521.9,509.6,510.0,16764,510.0,2026-09-03T19:33:49.990958+00:00
2025-08-31,517.0,517.0,506.0,507.24,8129,507.24,2026-09-03T19:33:49.990958+00:00
2025-09-01,503.6,511.0,503.0,506.95,5711,506.95,2026-09-03T19:33:49.990958+00:00
2025-09-02,512.0,512.0,500.1,501.94,15301,501.94,2026-09-03T19:33:49.990958+00:00
2025-09-03,501.0,508.0,501.0,501.99,11796,501.99,2026-09-03T19:33:49.990958+00:00
2025-09-04,507.0,508.0,499.5,501.6,20170,501.6,2026-09-03T19:33:49.990958+00:00
2025-09-07,500.0,503.9,495.0,498.27,9431,498.27,2026-09-03T19:33:49.990958+00:00
2025-09-08,496.0,503.0,494.4,500.99,7123,500.99,2026-09-03T19:33:49.990958+00:00
2025-09-21,491.0,519.0,471.6,510.54,26452,510.54,2026-09-03T19:33:49.990958+00:00
2025-09-23,517.0,525.0,506.7,519.9,16344,519.9,2026-09-03T19:33:49.990958+00:00
2025-09-24,512.0,523.5,502.0,510.0,7754,510.0,2026-09-03T19:33:49.990958+00:00
2025-09-25,516.9,516.9,502.0,511.0,9766,511.0,2026-09-03T19:33:49.990958+00:00
2025-09-28,503.0,510.0,502.0,510.0,4148,510.0,2026-09-03T19:33:49.990958+00:00
2025-10-07,508.0,508.0,500.2,507.0,12886,507.0,2026-09-03T19:33:49.990958+00:00
2025-10-08,504.0,504.9,486.0,496.9,12015,496.9,2026-09-03T19:33:49.990958+00:00
2025-10-09,506.8,525.0,499.8,499.8,14009,499.8,2026-09-03T19:33:49.990958+00:00
2025-10-12,505.0,505.0,480.3,482.0,26797,482.0,2026-09-03T19:33:49.990958+00:00
2025-10-13,487.0,487.0,472.4,486.0,7476,486.0,2026-09-03T19:33:49.990958+00:00
2025-10-14,493.0,493.0,478.5,478.5,5871,478.5,2026-09-03T19:33:49.990958+00:00
2025-10-15,487.0,487.0,470.1,472.6,7046,472.6,2026-09-03T19:33:49.990958+00:00
2025-10-16,479.0,479.0,459.0,459.0,15343,459.0,2026-09-03T19:33:49.990958+00:00
2025-10-19,465.0,470.0,463.0,464.0,726,464.0,2026-09-03T19:33:49.990958+00:00
2025-10-26,463.0,469.0,460.0,467.0,1562,467.0,2026-09-03T19:33:49.990958+00:00
2025-10-28,471.0,507.0,471.0,485.5,3047,485.5,2026-09-03T19:33:49.990958+00:00
2025-10-29,490.0,491.0,475.0,475.0,11644,475.0,2026-09-03T19:33:49.990958+00:00
2025-10-30,482.0,490.0,475.0,482.1,7605,482.1,2026-09-03T19:33:49.990958+00:00
2025-11-02,490.0,515.0,483.0,512.0,34290,512.0,2026-09-03T19:33:49.990958+00:00
2025-11-03,518.0,522.2,498.0,504.9,17322,504.9,2026-09-03T19:33:49.990958+00:00
2025-11-04,510.0,510.0,490.0,490.0,9398,490.0,2026-09-03T19:33:49.990958+00:00
2025-11-05,497.0,511.0,482.0,501.0,17669,501.0,2026-09-03T19:33:49.990958+00:00
2025-11-06,510.0,518.0,500.2,500.2,13366,500.2,2026-09-03T19:33:49.990958+00:00
2025-11-09,507.0,507.0,488.7,489.0,9045,489.0,2026-09-03T19:33:49.990958+00:00
2025-11-10,496.0,496.0,480.0,490.0,6836,490.0,2026-09-03T19:33:49.990958+00:00
2025-11-11,490.0,497.0,485.0,493.5,6085,493.5,2026-09-03T19:33:49.990958+00:00
2025-11-12,488.0,495.0,485.0,490.0,5815,490.0,2026-09-03T19:33:49.990958+00:00
2025-11-13,492.9,492.9,482.0,489.0,4687,489.0,2026-09-03T19:33:49.990958+00:00
2025-11-16,482.2,485.3,481.0,485.0,5134,485.0,2026-09-03T19:33:49.990958+00:00
2025-11-17,485.0,493.0,485.0,485.0,5026,485.0,2026-09-03T19:33:49.990958+00:00
2025-11-18,491.0,510.9,485.0,493.7,9722,493.7,2026-09-03T19:33:49.990958+00:00
2025-11-19,493.0,493.0,485.0,489.8,2381,489.8,2026-09-03T19:33:49.990958+00:00
2025-11-20,485.0,490.0,485.0,485.2,3588,485.2,2026-09-03T19:33:49.990958+00:00
2025-11-23,494.9,494.9,486.0,494.9,10994,494.9,2026-09-03T19:33:49.990958+00:00
2025-11-24,501.0,501.0,494.0,498.0,4990,498.0,2026-09-03T19:33:49.990958+00:00
2025-11-25,505.0,505.9,496.1,502.0,6595,502.0,2026-09-03T19:33:49.990958+00:00
2025-11-26,508.0,508.0,494.0,500.0,6774,500.0,2026-09-03T19:33:49.990958+00:00
2025-11-27,507.0,510.0,498.1,506.0,15172,506.0,2026-09-03T19:33:49.990958+00:00
2025-11-30,500.0,516.1,500.0,507.0,39368,507.0,2026-09-03T19:33:49.990958+00:00
2025-12-01,504.1,519.0,503.0,514.0,23079,514.0,2026-09-03T19:33:49.990958+00:00
2025-12-02,510.0,520.0,510.0,511.0,9840,511.0,2026-09-03T19:33:49.990958+00:00
2025-12-03,506.7,534.0,506.0,520.0,42452,520.0,2026-09-03T19:33:49.990958+00:00
2025-12-07,530.4,530.4,509.2,513.0,13261,513.0,2026-09-03T19:33:49.990958+00:00
2025-12-08,519.0,519.0,499.9,504.9,18803,504.9,2026-09-03T19:33:49.990958+00:00
2025-12-09,500.1,507.0,500.1,507.0,11531,507.0,2026-09-03T19:33:49.990958+00:00
2025-12-10,507.0,517.1,500.0,508.0,17447,508.0,2026-09-03T19:33:49.990958+00:00
2025-12-11,504.3,511.9,503.1,507.0,7318,507.0,2026-09-03T19:33:49.990958+00:00
2025-12-14,510.1,511.0,490.0,490.0,11512,490.0,2026-09-03T19:33:49.990958+00:00
2025-12-15,496.0,498.0,490.0,494.2,3661,494.2,2026-09-03T19:33:49.990958+00:00
2025-12-16,500.0,509.0,491.2,493.0,7867,493.0,2026-09-03T19:33:49.990958+00:00
2025-12-17,500.0,512.9,495.3,508.2,25552,508.2,2026-09-03T19:33:49.990958+00:00
2025-12-18,508.0,512.8,499.3,499.3,13795,499.3,2026-09-03T19:33:49.990958+00:00
2025-12-21,490.0,505.1,490.0,494.0,3161,494.0,2026-09-03T19:33:49.990958+00:00
2025-12-22,491.0,503.8,489.8,498.5,7843,498.5,2026-09-03T19:33:49.990958+00:00
2025-12-23,490.0,500.0,490.0,499.5,2896,499.5,2026-09-03T19:33:49.990958+00:00
2025-12-24,500.0,500.0,490.3,492.4,2919,492.4,2026-09-03T19:33:49.990958+00:00
2025-12-28,500.0,509.9,496.3,505.1,7093,505.1,2026-09-03T19:33:49.990958+00:00
2025-12-29,510.9,510.9,502.0,503.0,7280,503.0,2026-09-03T19:33:49.990958+00:00
2025-12-31,512.9,512.9,500.0,501.0,5517,501.0,2026-09-03T19:33:49.990958+00:00
2026-01-01,507.9,507.9,496.1,499.9,6235,499.9,2026-09-03T19:33:49.990958+00:00
2026-01-04,493.0,500.0,492.0,494.0,3719,494.0,2026-09-03T19:33:49.990958+00:00
2026-01-05,495.0,501.4,492.5,500.0,11643,500.0,2026-09-03T19:33:49.990958+00:00
2026-01-06,507.5,515.1,500.0,512.0,28739,512.0,2026-09-03T19:33:49.990958+00:00
2026-01-07,515.0,518.9,505.0,508.0,19332,508.0,2026-09-03T19:33:49.990958+00:00
2026-01-08,508.0,511.1,503.0,505.0,13754,505.0,2026-09-03T19:33:49.990958+00:00
2026-01-12,503.0,510.0,493.0,499.0,18407,499.0,2026-09-03T19:33:49.990958+00:00
2026-01-13,501.0,501.0,494.0,495.0,8627,495.0,2026-09-03T19:33:49.990958+00:00
2026-01-14,501.0,514.0,496.1,511.0,32198,511.0,2026-09-03T19:33:49.990958+00:00
2026-01-18,517.7,544.0,515.0,544.0,88259,544.0,2026-09-03T19:33:49.990958+00:00
2026-01-20,549.0,566.1,542.0,561.0,89979,561.0,2026-09-03T19:33:49.990958+00:00
2026-01-21,561.0,567.1,550.0,555.3,93094,555.3,2026-09-03T19:33:49.990958+00:00
2026-01-22,552.0,608.0,546.0,598.0,111833,598.0,2026-09-03T19:33:49.990958+00:00
2026-01-25,587.0,605.0,586.0,600.0,112934,600.0,2026-09-03T19:33:49.990958+00:00
2026-01-26,609.9,616.0,580.2,616.0,194914,616.0,2026-09-03T19:33:49.990958+00:00
2026-01-27,615.0,628.0,596.0,607.0,150925,607.0,2026-09-03T19:33:49.990958+00:00
2026-01-28,600.0,667.0,593.0,658.0,152844,658.0,2026-09-03T19:33:49.990958+00:00
2026-01-29,650.0,650.0,624.3,648.0,146345,648.0,2026-09-03T19:33:49.990958+00:00
2026-02-01,640.0,687.4,631.0,650.0,111598,650.0,2026-09-03T19:33:49.990958+00:00
2026-02-02,637.0,660.0,635.0,636.0,115363,636.0,2026-09-03T19:33:49.990958+00:00
2026-02-03,645.0,648.5,620.0,620.0,103617,620.0,2026-09-03T19:33:49.990958+00:00
2026-02-04,628.0,644.0,620.1,635.0,82902,635.0,2026-09-03T19:33:49.990958+00:00
2026-02-05,640.0,640.0,621.9,627.9,46025,627.9,2026-09-03T19:33:49.990958+00:00
2026-02-08,630.0,638.8,595.0,611.4,61587,611.4,2026-09-03T19:33:49.990958+00:00
2026-02-09,599.2,611.0,587.6,587.6,90611,587.6,2026-09-03T19:33:49.990958+00:00
2026-02-10,576.0,598.0,573.0,575.0,40873,575.0,2026-09-03T19:33:49.990958+00:00
2026-02-11,564.0,609.0,564.0,575.0,19622,575.0,2026-09-03T19:33:49.990958+00:00
2026-02-12,564.0,600.0,564.0,591.0,36033,591.0,2026-09-03T19:33:49.990958+00:00
2026-02-16,602.8,602.8,582.1,586.0,18535,586.0,2026-09-03T19:33:49.990958+00:00
2026-02-17,597.7,598.0,575.3,577.0,14276,577.0,2026-09-03T19:33:49.990958+00:00
2026-02-22,573.0,584.0,572.2,573.1,40506,573.1,2026-09-03T19:33:49.990958+00:00
2026-02-23,583.9,591.6,576.1,581.6,15328,581.6,2026-09-03T19:33:49.990958+00:00
2026-02-24,570.0,604.0,570.0,574.0,14473,574.0,2026-09-03T19:33:49.990958+00:00
2026-02-25,585.0,589.8,582.0,585.0,15375,585.0,2026-09-03T19:33:49.990958+00:00
2026-02-26,573.3,589.0,573.3,584.9,9521,584.9,2026-09-03T19:33:49.990958+00:00
2026-03-01,573.3,602.5,573.3,600.0,43510,600.0,2026-09-03T19:33:49.990958+00:00
2026-03-03,588.0,610.0,588.0,604.7,16638,604.7,2026-09-03T19:33:49.990958+00:00
2026-03-09,616.7,641.5,616.7,641.5,676,641.5,2026-09-03T19:33:49.990958+00:00
2026-03-10,641.5,641.5,604.8,620.0,48104,620.0,2026-09-03T19:33:49.990958+00:00
2026-03-11,608.1,628.9,600.0,604.9,18181,604.9,2026-09-03T19:33:49.990958+00:00
2026-03-12,594.1,614.0,594.1,605.0,38433,605.0,2026-09-03T19:33:49.990958+00:00
2026-03-15,615.0,616.9,595.3,603.0,27518,603.0,2026-09-03T19:33:49.990958+00:00
2026-03-16,601.0,613.0,597.4,600.0,33137,600.0,2026-09-03T19:33:49.990958+00:00
2026-03-17,590.5,605.0,590.5,598.5,21925,598.5,2026-09-03T19:33:49.990958+00:00
2026-03-19,600.0,614.0,592.0,614.0,34230,614.0,2026-09-03T19:33:49.990958+00:00
2026-03-22,601.8,634.0,601.8,624.5,49698,624.5,2026-09-03T19:33:49.990958+00:00
2026-03-23,625.0,632.8,607.6,615.0,40861,615.0,2026-09-03T19:33:49.990958+00:00
2026-03-24,610.0,622.9,609.0,619.7,25389,619.7,2026-09-03T19:33:49.990958+00:00
2026-03-25,610.0,621.0,602.0,603.4,18745,603.4,2026-09-03T19:33:49.990958+00:00
2026-03-26,610.0,610.0,598.4,604.9,13665,604.9,2026-09-03T19:33:49.990958+00:00
2026-03-29,600.0,613.0,585.0,592.6,21000,592.6,2026-09-03T19:33:49.990958+00:00
2026-03-30,584.0,590.0,572.0,578.9,34591,578.9,2026-09-03T19:33:49.990958+00:00
2026-03-31,571.5,587.0,570.1,585.0,9020,585.0,2026-09-03T19:33:49.990958+00:00
2026-04-01,575.0,578.2,555.1,559.5,18465,559.5,2026-09-03T19:33:49.990958+00:00
2026-04-02,550.1,570.6,538.4,561.0,23124,561.0,2026-09-03T19:33:49.990958+00:00
2026-04-05,550.1,561.0,518.6,534.9,30995,534.9,2026-09-03T19:33:49.990958+00:00
2026-04-06,530.0,566.0,530.0,560.0,16655,560.0,2026-09-03T19:33:49.990958+00:00
2026-04-07,562.0,562.0,535.0,556.0,21802,556.0,2026-09-03T19:33:49.990958+00:00
2026-04-08,564.0,564.0,545.0,559.0,9218,559.0,2026-09-03T19:33:49.990958+00:00
2026-04-09,555.0,567.0,555.0,564.7,23468,564.7,2026-09-03T19:33:49.990958+00:00
2026-04-10,562.0,569.8,550.1,564.9,15758,564.9,2026-09-03T19:33:49.990958+00:00
2026-04-13,556.1,556.2,545.3,556.0,7215,556.0,2026-09-03T19:33:49.990958+00:00
2026-04-15,564.8,578.0,551.2,563.8,18585,563.8,2026-09-03T19:33:49.990958+00:00
2026-04-16,565.0,565.0,545.6,556.2,14654,556.2,2026-09-03T19:33:49.990958+00:00
2026-04-17,545.7,555.0,536.0,554.1,5715,554.1,2026-09-03T19:33:49.990958+00:00
2026-04-20,555.0,570.0,542.0,554.0,7999,554.0,2026-09-03T19:33:49.990958+00:00
2026-04-21,581.7,581.7,546.0,552.9,5496,552.9,2026-09-03T19:33:49.990958+00:00
2026-04-22,541.0,603.0,537.0,570.0,16115,570.0,2026-09-03T19:33:49.990958+00:00
2026-04-23,598.5,598.5,541.0,545.0,27571,545.0,2026-09-03T19:33:49.990958+00:00
2026-04-24,537.0,552.0,536.0,550.0,3160,550.0,2026-09-03T19:33:49.990958+00:00
2026-04-27,550.0,563.0,546.2,546.3,3489,546.3,2026-09-03T19:33:49.990958+00:00
2026-04-28,546.3,555.0,545.0,548.5,2158,548.5,2026-09-03T19:33:49.990958+00:00
2026-04-29,548.5,547.0,535.6,543.0,2462,543.0,2026-09-03T19:33:49.990958+00:00
2026-04-30,530.0,540.0,528.0,530.0,11738,530.0,2026-09-03T19:33:49.990958+00:00
2026-05-04,537.0,537.0,525.0,534.0,1510,534.0,2026-09-03T19:33:49.990958+00:00
2026-05-05,525.0,539.0,522.1,523.0,1926,523.0,2026-09-03T19:33:49.990958+00:00
2026-05-06,538.6,538.6,520.0,520.0,3101,520.0,2026-09-03T19:33:49.990958+00:00
2026-05-07,520.0,523.0,517.1,517.4,3669,517.4,2026-09-03T19:33:49.990958+00:00
2026-05-08,521.0,535.0,521.0,535.0,3725,535.0,2026-09-03T19:33:49.990958+00:00
2026-05-11,540.0,544.7,535.0,544.0,4428,544.0,2026-09-03T19:33:49.990958+00:00
2026-05-12,540.0,540.0,525.0,537.0,8615,537.0,2026-09-03T19:33:49.990958+00:00
2026-05-13,522.5,535.0,521.1,533.0,2961,533.0,2026-09-03T19:33:49.990958+00:00
2026-05-14,525.1,528.5,522.2,525.0,951,525.0,2026-09-03T19:33:49.990958+00:00
2026-05-15,534.0,536.0,523.1,530.9,5412,530.9,2026-09-03T19:33:49.990958+00:00
2026-05-18,530.0,533.0,526.3,533.0,948,533.0,2026-09-03T19:33:49.990958+00:00
2026-05-19,506.4,537.1,506.4,532.0,6656,532.0,2026-09-03T19:33:49.990958+00:00
2026-05-20,527.5,542.0,527.4,541.0,3760,541.0,2026-09-03T19:33:49.990958+00:00
2026-05-21,526.1,544.6,526.1,538.0,4434,538.0,2026-09-03T19:33:49.990958+00:00
2026-05-22,536.0,542.5,530.0,541.0,5350,541.0,2026-09-03T19:33:49.990958+00:00
2026-05-25,540.0,548.0,535.3,545.0,6519,545.0,2026-09-03T19:33:49.990958+00:00
2026-05-26,545.0,550.0,538.7,546.9,9847,546.9,2026-09-03T19:33:49.990958+00:00
2026-05-27,548.0,548.0,533.0,543.0,8283,543.0,2026-09-03T19:33:49.990958+00:00
2026-06-01,543.0,543.0,522.1,534.9,9153,534.9,2026-09-03T19:33:49.990958+00:00
2026-06-02,542.0,583.0,521.0,574.0,81152,574.0,2026-09-03T19:33:49.990958+00:00
2026-06-03,550.0,577.0,550.0,566.0,21601,566.0,2026-09-03T19:33:49.990958+00:00
2026-06-04,550.0,580.0,550.0,560.0,26960,560.0,2026-09-03T19:33:49.990958+00:00
2026-06-05,550.0,587.0,550.0,572.6,83612,572.6,2026-09-03T19:33:49.990958+00:00
2026-06-08,572.0,587.0,565.1,573.8,30889,573.8,2026-09-03T19:33:49.990958+00:00
2026-06-09,557.0,575.0,545.0,558.4,38138,558.4,2026-09-03T19:33:49.990958+00:00
2026-06-10,570.0,584.9,560.1,565.0,35315,565.0,2026-09-03T19:33:49.990958+00:00
2026-06-11,573.5,573.5,551.1,559.0,13033,559.0,2026-09-03T19:33:49.990958+00:00
2026-06-12,560.0,575.0,560.0,561.5,24366,561.5,2026-09-03T19:33:49.990958+00:00
2026-06-15,589.5,589.5,550.1,556.0,14879,556.0,2026-09-03T19:33:49.990958+00:00
2026-06-16,560.0,560.0,545.0,545.0,13784,545.0,2026-09-03T19:33:49.990958+00:00
2026-06-17,550.0,561.0,545.2,555.0,10186,555.0,2026-09-03T19:33:49.990958+00:00
2026-06-18,550.0,555.0,547.1,553.9,8732,553.9,2026-09-03T19:33:49.990958+00:00
2026-06-19,560.0,560.0,546.3,559.0,10540,559.0,2026-09-03T19:33:49.990958+00:00
2026-06-22,551.1,570.0,551.1,565.0,20172,565.0,2026-09-03T19:33:49.990958+00:00
2026-06-23,560.0,560.0,548.1,554.0,9907,554.0,2026-09-03T19:33:49.990958+00:00
2026-06-24,547.0,558.0,540.5,552.9,21188,552.9,2026-09-03T19:33:49.990958+00:00
2026-06-25,550.0,550.0,542.1,546.0,3693,546.0,2026-09-03T19:33:49.990958+00:00
2026-06-26,559.8,559.8,539.1,540.0,10518,540.0,2026-09-03T19:33:49.990958+00:00
2026-06-29,554.6,554.6,534.0,534.0,15032,534.0,2026-09-03T19:33:49.990958+00:00
2026-06-30,537.0,540.0,521.4,526.1,66995,526.1,2026-09-03T19:33:49.990958+00:00
2026-07-01,538.9,540.0,532.1,540.0,2118,540.0,2026-09-03T19:33:49.990958+00:00
2026-07-02,538.0,538.0,527.9,537.0,1125,537.0,2026-09-03T19:33:49.990958+00:00
2026-07-03,540.0,542.0,533.1,535.0,14480,535.0,2026-09-03T19:33:49.990958+00:00
2026-07-06,523.1,539.9,523.1,533.0,5236,533.0,2026-09-03T19:33:49.990958+00:00
2026-07-07,540.0,540.0,531.0,539.7,2635,539.7,2026-09-03T19:33:49.990958+00:00
2026-07-08,539.9,539.9,522.0,524.0,3009,524.0,2026-09-03T19:33:49.990958+00:00
2026-07-09,521.0,521.0,511.2,515.0,3474,515.0,2026-09-03T19:33:49.990958+00:00
2026-07-10,520.0,526.0,516.4,520.0,5616,520.0,2026-09-03T19:33:49.990958+00:00
2026-07-13,511.1,511.5,500.0,500.0,11936,500.0,2026-09-03T19:33:49.990958+00:00
2026-07-14,501.0,510.0,500.0,507.0,5153,507.0,2026-09-03T19:33:49.990958+00:00
2026-07-15,520.0,520.0,510.0,510.0,5368,510.0,2026-09-03T19:33:49.990958+00:00
2026-07-16,505.0,511.0,500.0,509.0,2114,509.0,2026-09-03T19:33:49.990958+00:00
2026-07-17,523.0,529.9,514.1,525.0,8988,525.0,2026-09-03T19:33:49.990958+00:00
2026-07-20,525.0,540.7,525.0,533.9,13965,533.9,2026-09-03T19:33:49.990958+00:00
2026-07-21,532.0,537.6,521.0,527.9,10811,527.9,2026-09-03T19:33:49.990958+00:00
2026-07-22,522.0,540.0,520.0,527.0,18006,527.0,2026-09-03T19:33:49.990958+00:00
2026-07-23,520.0,535.0,520.0,533.0,7222,533.0,2026-09-03T19:33:49.990958+00:00
2026-07-24,530.0,535.0,526.1,529.0,6762,529.0,2026-09-03T19:33:49.990958+00:00
2026-07-27,521.0,536.0,515.0,520.0,9051,520.0,2026-09-03T19:33:49.990958+00:00
2026-07-28,520.0,526.0,520.0,520.0,7712,520.0,2026-09-03T19:33:49.990958+00:00
2026-07-29,505.1,526.0,505.1,518.1,3492,518.1,2026-09-03T19:33:49.990958+00:00
2026-07-30,520.0,520.0,514.0,517.8,3324,517.8,2026-09-03T19:33:49.990958+00:00
2026-07-31,520.0,520.9,508.0,519.0,2223,519.0,2026-09-03T19:33:49.990958+00:00
2026-08-03,510.0,525.0,510.0,514.2,24228,514.2,2026-09-03T19:33:49.990958+00:00
2026-08-04,521.0,521.0,509.2,517.0,5592,517.0,2026-09-03T19:33:49.990958+00:00
2026-08-05,517.0,518.5,508.0,510.0,5279,510.0,2026-09-03T19:33:49.990958+00:00
2026-08-06,503.0,512.0,503.0,510.0,5130,510.0,2026-09-03T19:33:49.990958+00:00
2026-08-07,510.0,510.9,505.4,505.5,7215,505.5,2026-09-03T19:33:49.990958+00:00
2026-08-10,504.1,509.0,499.0,503.0,9194,503.0,2026-09-03T19:33:49.990958+00:00
2026-08-11,505.0,510.0,505.0,505.6,2727,505.6,2026-09-03T19:33:49.990958+00:00
2026-08-12,504.0,507.9,503.0,503.2,3182,503.2,2026-09-03T19:33:49.990958+00:00
2026-08-13,500.3,509.8,500.0,509.8,5706,509.8,2026-09-03T19:33:49.990958+00:00
2026-08-14,510.1,514.0,508.0,512.0,5438,512.0,2026-09-03T19:33:49.990958+00:00
2026-08-17,510.0,510.0,505.2,506.9,4544,506.9,2026-09-03T19:33:49.990958+00:00
2026-08-18,505.0,505.0,499.0,503.9,5486,503.9,2026-09-03T19:33:49.990958+00:00
2026-08-19,497.0,504.7,490.0,499.0,7578,499.0,2026-09-03T19:33:49.990958+00:00
2026-08-20,495.0,500.0,491.6,497.9,3281,497.9,2026-09-03T19:33:49.990958+00:00
2026-08-21,497.9,505.0,494.0,497.0,3449,497.0,2026-09-03T19:33:49.990958+00:00
2026-08-24,497.0,501.9,490.0,497.8,6325,497.8,2026-09-03T19:33:49.990958+00:00
2026-08-25,494.0,495.0,490.0,495.0,3226,495.0,2026-09-03T19:33:49.990958+00:00
2026-08-26,490.0,495.0,481.0,482.0,9919,482.0,2026-09-03T19:33:49.990958+00:00
2026-08-27,480.0,490.0,474.2,485.1,4744,485.1,2026-09-03T19:33:49.990958+00:00
2026-08-31,485.0,495.0,475.0,482.4,4637,482.4,2026-09-03T19:33:49.990958+00:00
2026-09-01,482.0,484.0,480.0,480.0,4405,480.0,2026-09-03T19:33:49.990958+00:00
2026-09-02,480.1,485.0,475.0,482.5,7680,482.5,2026-09-03T19:33:49.990958+00:00
2026-09-03,480.0,483.0,478.0,478.0,2743,478.0,2026-09-03T19:33:49.990958+00:00
