date,open,high,low,close,volume,adj_close,fetched_at
2018-04-05,313.0,313.0,313.0,313.0,10,313.0,2026-09-03T19:34:51.232640+00:00
2018-04-08,319.0,325.0,319.0,325.0,20,325.0,2026-09-03T19:34:51.232640+00:00
2018-04-09,331.0,337.0,331.0,337.0,20,337.0,2026-09-03T19:34:51.232640+00:00
2018-04-10,343.0,349.0,343.0,349.0,20,349.0,2026-09-03T19:34:51.232640+00:00
2018-04-11,355.0,362.0,355.0,362.0,20,362.0,2026-09-03T19:34:51.232640+00:00
2018-04-12,369.0,376.0,369.0,376.0,20,376.0,2026-09-03T19:34:51.232640+00:00
2018-04-15,383.0,390.0,383.0,390.0,20,390.0,2026-09-03T19:34:51.232640+00:00
2018-04-23,397.0,412.0,397.0,412.0,30,412.0,2026-09-03T19:34:51.232640+00:00
2018-05-06,432.0,432.0,432.0,432.0,20,432.0,2026-09-03T19:34:51.232640+00:00
2018-05-09,440.0,448.0,440.0,448.0,20,448.0,2026-09-03T19:34:51.232640+00:00
2018-05-10,456.0,474.0,456.0,474.0,40,474.0,2026-09-03T19:34:51.232640+00:00
2018-05-14,483.0,483.0,483.0,483.0,20,483.0,2026-09-03T19:34:51.232640+00:00
2018-05-20,497.0,521.0,497.0,521.0,50,521.0,2026-09-03T19:34:51.232640+00:00
2018-05-21,531.0,531.0,531.0,531.0,10,531.0,2026-09-03T19:34:51.232640+00:00
2018-05-24,557.0,557.0,557.0,557.0,10,557.0,2026-09-03T19:34:51.232640+00:00
2018-06-10,568.0,601.0,568.0,601.0,40,601.0,2026-09-03T19:34:51.232640+00:00
2018-06-11,613.0,613.0,613.0,613.0,10,613.0,2026-09-03T19:34:51.232640+00:00
2018-06-12,369.0,376.0,369.0,376.0,20,376.0,2026-09-03T19:34:51.232640+00:00
2018-06-13,613.0,613.0,613.0,613.0,10,613.0,2026-09-03T19:34:51.232640+00:00
2018-06-17,625.0,649.0,625.0,649.0,30,649.0,2026-09-03T19:34:51.232640+00:00
2018-06-20,661.0,661.0,661.0,661.0,10,661.0,2026-09-03T19:34:51.232640+00:00
2018-06-24,661.0,661.0,661.0,661.0,10,661.0,2026-09-03T19:34:51.232640+00:00
2018-06-27,661.0,661.0,661.0,661.0,10,661.0,2026-09-03T19:34:51.232640+00:00
2018-06-28,674.0,674.0,674.0,674.0,10,674.0,2026-09-03T19:34:51.232640+00:00
2018-07-03,687.0,687.0,687.0,687.0,10,687.0,2026-09-03T19:34:51.232640+00:00
2018-07-05,700.0,700.0,700.0,700.0,10,700.0,2026-09-03T19:34:51.232640+00:00
2018-07-08,714.0,714.0,714.0,714.0,10,714.0,2026-09-03T19:34:51.232640+00:00
2018-07-10,728.0,728.0,727.0,727.0,10,727.0,2026-09-03T19:34:51.232640+00:00
2018-07-12,749.0,763.0,749.0,763.0,20,763.0,2026-09-03T19:34:51.232640+00:00
2018-07-15,801.0,817.0,801.0,817.0,20,817.0,2026-09-03T19:34:51.232640+00:00
2018-07-22,833.0,833.0,833.0,833.0,10,833.0,2026-09-03T19:34:51.232640+00:00
2018-07-23,849.0,849.0,849.0,849.0,10,849.0,2026-09-03T19:34:51.232640+00:00
2018-07-25,874.0,916.0,874.0,916.0,70,916.0,2026-09-03T19:34:51.232640+00:00
2018-07-26,934.0,934.0,934.0,934.0,10,934.0,2026-09-03T19:34:51.232640+00:00
2018-08-06,980.0,1027.0,980.0,1027.0,70,1027.0,2026-09-03T19:34:51.232640+00:00
2018-08-07,1078.0,1129.0,1078.0,1129.0,110,1129.0,2026-09-03T19:34:51.232640+00:00
2018-08-08,1185.0,1241.0,1185.0,1241.0,360,1241.0,2026-09-03T19:34:51.232640+00:00
2018-08-09,1303.0,1365.0,1140.0,1143.0,8017,1143.0,2026-09-03T19:34:51.232640+00:00
2018-08-12,1121.0,1121.0,1029.0,1029.0,80,1029.0,2026-09-03T19:34:51.232640+00:00
2018-08-13,1009.0,1009.0,927.0,927.0,120,927.0,2026-09-03T19:34:51.232640+00:00
2018-08-14,909.0,927.0,835.0,910.0,2210,910.0,2026-09-03T19:34:51.232640+00:00
2018-08-15,892.0,909.0,875.0,903.0,1090,903.0,2026-09-03T19:34:51.232640+00:00
2018-08-16,905.0,925.0,890.0,896.0,1330,896.0,2026-09-03T19:34:51.232640+00:00
2018-08-19,880.0,880.0,864.0,864.0,570,864.0,2026-09-03T19:34:51.232640+00:00
2018-08-20,850.0,850.0,815.0,823.0,750,823.0,2026-09-03T19:34:51.232640+00:00
2018-08-21,815.0,817.0,791.0,812.0,430,812.0,2026-09-03T19:34:51.232640+00:00
2018-08-22,800.0,815.0,800.0,804.0,430,804.0,2026-09-03T19:34:51.232640+00:00
2018-08-23,820.0,820.0,792.0,792.0,240,792.0,2026-09-03T19:34:51.232640+00:00
2018-08-26,779.0,794.0,777.0,790.0,665,790.0,2026-09-03T19:34:51.232640+00:00
2018-08-28,780.0,788.0,769.0,788.0,1087,788.0,2026-09-03T19:34:51.232640+00:00
2018-08-29,773.0,800.0,772.0,800.0,910,800.0,2026-09-03T19:34:51.232640+00:00
2018-08-30,800.0,820.0,800.0,806.0,344,806.0,2026-09-03T19:34:51.232640+00:00
2018-09-02,815.0,815.0,784.0,802.0,479,802.0,2026-09-03T19:34:51.232640+00:00
2018-09-03,818.0,845.0,802.0,820.0,950,820.0,2026-09-03T19:34:51.232640+00:00
2018-09-04,836.0,836.0,805.0,810.0,100,810.0,2026-09-03T19:34:51.232640+00:00
2018-09-05,815.0,839.0,814.0,814.0,830,814.0,2026-09-03T19:34:51.232640+00:00
2018-09-06,820.0,850.0,820.0,822.0,1540,822.0,2026-09-03T19:34:51.232640+00:00
2018-09-09,807.0,822.0,807.0,810.0,130,810.0,2026-09-03T19:34:51.232640+00:00
2018-09-10,810.0,888.0,810.0,888.0,1717,888.0,2026-09-03T19:34:51.232640+00:00
2018-09-11,902.0,920.0,882.0,899.0,1590,899.0,2026-09-03T19:34:51.232640+00:00
2018-09-12,915.0,915.0,883.0,905.0,560,905.0,2026-09-03T19:34:51.232640+00:00
2018-09-13,887.0,905.0,887.0,890.0,80,890.0,2026-09-03T19:34:51.232640+00:00
2018-09-16,890.0,900.0,873.0,900.0,200,900.0,2026-09-03T19:34:51.232640+00:00
2018-09-17,883.0,883.0,882.0,882.0,40,882.0,2026-09-03T19:34:51.232640+00:00
2018-09-18,899.0,899.0,866.0,875.0,214,875.0,2026-09-03T19:34:51.232640+00:00
2018-09-20,875.0,875.0,861.0,865.0,80,865.0,2026-09-03T19:34:51.232640+00:00
2018-09-23,863.0,888.0,855.0,872.0,320,872.0,2026-09-03T19:34:51.232640+00:00
2018-09-25,889.0,889.0,888.0,889.0,40,889.0,2026-09-03T19:34:51.232640+00:00
2018-09-26,872.0,872.0,855.0,861.0,70,861.0,2026-09-03T19:34:51.232640+00:00
2018-09-27,861.0,879.0,860.0,860.0,175,860.0,2026-09-03T19:34:51.232640+00:00
2018-09-30,852.0,852.0,824.0,842.0,200,842.0,2026-09-03T19:34:51.232640+00:00
2018-10-01,858.0,858.0,827.0,827.0,160,827.0,2026-09-03T19:34:51.232640+00:00
2018-10-02,827.0,839.0,817.0,817.0,110,817.0,2026-09-03T19:34:51.232640+00:00
2018-10-03,802.0,830.0,802.0,816.0,170,816.0,2026-09-03T19:34:51.232640+00:00
2018-10-04,801.0,836.0,801.0,821.0,1000,821.0,2026-09-03T19:34:51.232640+00:00
2018-10-07,837.0,837.0,806.0,837.0,870,837.0,2026-09-03T19:34:51.232640+00:00
2018-10-08,821.0,837.0,808.0,820.0,300,820.0,2026-09-03T19:34:51.232640+00:00
2018-10-09,805.0,814.0,802.0,802.0,210,802.0,2026-09-03T19:34:51.232640+00:00
2018-10-10,800.0,801.0,791.0,801.0,130,801.0,2026-09-03T19:34:51.232640+00:00
2018-10-11,800.0,810.0,790.0,810.0,190,810.0,2026-09-03T19:34:51.232640+00:00
2018-10-14,801.0,826.0,801.0,807.0,330,807.0,2026-09-03T19:34:51.232640+00:00
2018-10-15,795.0,803.0,795.0,803.0,70,803.0,2026-09-03T19:34:51.232640+00:00
2018-10-29,803.0,803.0,762.0,763.0,150,763.0,2026-09-03T19:34:51.232640+00:00
2018-10-30,752.0,767.0,752.0,755.0,160,755.0,2026-09-03T19:34:51.232640+00:00
2018-10-31,741.0,745.0,724.0,729.0,813,729.0,2026-09-03T19:34:51.232640+00:00
2018-11-01,729.0,755.0,729.0,755.0,1067,755.0,2026-09-03T19:34:51.232640+00:00
2018-11-04,740.0,748.0,734.0,735.0,90,735.0,2026-09-03T19:34:51.232640+00:00
2018-11-05,735.0,763.0,735.0,751.0,183,751.0,2026-09-03T19:34:51.232640+00:00
2018-11-06,751.0,735.0,735.0,730.0,10,730.0,2026-09-03T19:34:51.232640+00:00
2018-11-11,730.0,744.0,730.0,744.0,10,744.0,2026-09-03T19:34:51.232640+00:00
2018-11-12,750.0,758.0,743.0,743.0,260,743.0,2026-09-03T19:34:51.232640+00:00
2018-11-13,743.0,743.0,743.0,743.0,40,743.0,2026-09-03T19:34:51.232640+00:00
2018-11-14,729.0,757.0,729.0,757.0,80,757.0,2026-09-03T19:34:51.232640+00:00
2018-11-15,750.0,750.0,742.0,742.0,150,742.0,2026-09-03T19:34:51.232640+00:00
2018-11-18,743.0,750.0,699.0,699.0,150,699.0,2026-09-03T19:34:51.232640+00:00
2018-11-19,688.0,700.0,688.0,691.0,80,691.0,2026-09-03T19:34:51.232640+00:00
2018-11-20,691.0,691.0,685.0,690.0,110,690.0,2026-09-03T19:34:51.232640+00:00
2018-11-21,690.0,703.0,682.0,686.0,80,686.0,2026-09-03T19:34:51.232640+00:00
2018-11-22,673.0,690.0,665.0,677.0,130,677.0,2026-09-03T19:34:51.232640+00:00
2018-11-25,664.0,665.0,645.0,650.0,90,650.0,2026-09-03T19:34:51.232640+00:00
2018-11-26,640.0,642.0,637.0,637.0,100,637.0,2026-09-03T19:34:51.232640+00:00
2018-11-27,635.0,635.0,630.0,631.0,620,631.0,2026-09-03T19:34:51.232640+00:00
2018-11-28,635.0,640.0,633.0,633.0,90,633.0,2026-09-03T19:34:51.232640+00:00
2018-11-29,633.0,640.0,621.0,630.0,260,630.0,2026-09-03T19:34:51.232640+00:00
2018-12-02,630.0,630.0,618.0,630.0,640,630.0,2026-09-03T19:34:51.232640+00:00
2018-12-03,639.0,651.0,626.0,626.0,220,626.0,2026-09-03T19:34:51.232640+00:00
2018-12-04,626.0,626.0,596.0,596.0,100,596.0,2026-09-03T19:34:51.232640+00:00
2018-12-05,596.0,596.0,561.0,562.0,120,562.0,2026-09-03T19:34:51.232640+00:00
2018-12-06,551.0,551.0,541.0,551.0,70,551.0,2026-09-03T19:34:51.232640+00:00
2018-12-09,555.0,573.0,555.0,573.0,180,573.0,2026-09-03T19:34:51.232640+00:00
2018-12-10,575.0,575.0,575.0,575.0,30,575.0,2026-09-03T19:34:51.232640+00:00
2018-12-11,580.0,585.0,575.0,585.0,140,585.0,2026-09-03T19:34:51.232640+00:00
2018-12-12,580.0,580.0,580.0,580.0,40,580.0,2026-09-03T19:34:51.232640+00:00
2018-12-13,590.0,590.0,590.0,590.0,10,590.0,2026-09-03T19:34:51.232640+00:00
2018-12-16,600.0,612.0,588.0,612.0,70,612.0,2026-09-03T19:34:51.232640+00:00
2018-12-17,623.0,660.0,600.0,660.0,130,660.0,2026-09-03T19:34:51.232640+00:00
2018-12-18,655.0,681.0,655.0,670.0,430,670.0,2026-09-03T19:34:51.232640+00:00
2018-12-19,657.0,663.0,657.0,661.0,50,661.0,2026-09-03T19:34:51.232640+00:00
2018-12-20,651.0,656.0,648.0,648.0,290,648.0,2026-09-03T19:34:51.232640+00:00
2018-12-23,640.0,680.0,630.0,680.0,200,680.0,2026-09-03T19:34:51.232640+00:00
2018-12-24,680.0,680.0,670.0,678.0,200,678.0,2026-09-03T19:34:51.232640+00:00
2018-12-26,665.0,690.0,656.0,665.0,260,665.0,2026-09-03T19:34:51.232640+00:00
2018-12-27,678.0,680.0,665.0,665.0,150,665.0,2026-09-03T19:34:51.232640+00:00
2018-12-30,653.0,656.0,652.0,655.0,490,655.0,2026-09-03T19:34:51.232640+00:00
2018-12-31,660.0,660.0,659.0,660.0,50,660.0,2026-09-03T19:34:51.232640+00:00
2019-01-01,660.0,660.0,640.0,650.0,130,650.0,2026-09-03T19:34:51.232640+00:00
2019-01-02,637.0,637.0,637.0,637.0,10,637.0,2026-09-03T19:34:51.232640+00:00
2019-01-03,625.0,625.0,620.0,620.0,250,620.0,2026-09-03T19:34:51.232640+00:00
2019-01-06,632.0,632.0,620.0,620.0,110,620.0,2026-09-03T19:34:51.232640+00:00
2019-01-07,608.0,608.0,600.0,605.0,40,605.0,2026-09-03T19:34:51.232640+00:00
2019-01-08,617.0,620.0,616.0,616.0,80,616.0,2026-09-03T19:34:51.232640+00:00
2019-01-09,610.0,628.0,610.0,628.0,50,628.0,2026-09-03T19:34:51.232640+00:00
2019-01-10,628.0,665.0,628.0,665.0,120,665.0,2026-09-03T19:34:51.232640+00:00
2019-01-13,652.0,652.0,630.0,630.0,70,630.0,2026-09-03T19:34:51.232640+00:00
2019-01-14,618.0,642.0,618.0,642.0,170,642.0,2026-09-03T19:34:51.232640+00:00
2019-01-15,642.0,665.0,632.0,665.0,180,665.0,2026-09-03T19:34:51.232640+00:00
2019-01-16,665.0,679.0,665.0,666.0,370,666.0,2026-09-03T19:34:51.232640+00:00
2019-01-17,653.0,655.0,640.0,643.0,340,643.0,2026-09-03T19:34:51.232640+00:00
2019-01-20,631.0,640.0,631.0,635.0,70,635.0,2026-09-03T19:34:51.232640+00:00
2019-01-21,640.0,653.0,630.0,640.0,240,640.0,2026-09-03T19:34:51.232640+00:00
2019-01-22,652.0,652.0,639.0,651.0,60,651.0,2026-09-03T19:34:51.232640+00:00
2019-01-23,640.0,647.0,617.0,647.0,60,647.0,2026-09-03T19:34:51.232640+00:00
2019-01-24,658.0,658.0,635.0,641.0,120,641.0,2026-09-03T19:34:51.232640+00:00
2019-01-27,640.0,640.0,635.0,635.0,160,635.0,2026-09-03T19:34:51.232640+00:00
2019-01-28,645.0,698.0,645.0,698.0,720,698.0,2026-09-03T19:34:51.232640+00:00
2019-01-29,711.0,750.0,711.0,730.0,1755,730.0,2026-09-03T19:34:51.232640+00:00
2019-01-30,720.0,725.0,709.0,712.0,440,712.0,2026-09-03T19:34:51.232640+00:00
2019-01-31,710.0,744.0,705.0,744.0,965,744.0,2026-09-03T19:34:51.232640+00:00
2019-02-03,731.0,750.0,721.0,730.0,450,730.0,2026-09-03T19:34:51.232640+00:00
2019-02-04,716.0,716.0,704.0,709.0,190,709.0,2026-09-03T19:34:51.232640+00:00
2019-02-05,700.0,719.0,700.0,706.0,520,706.0,2026-09-03T19:34:51.232640+00:00
2019-02-06,705.0,708.0,705.0,708.0,120,708.0,2026-09-03T19:34:51.232640+00:00
2019-02-07,713.0,715.0,701.0,715.0,480,715.0,2026-09-03T19:34:51.232640+00:00
2019-02-10,701.0,701.0,675.0,680.0,520,680.0,2026-09-03T19:34:51.232640+00:00
2019-02-11,670.0,680.0,667.0,680.0,180,680.0,2026-09-03T19:34:51.232640+00:00
2019-02-12,693.0,699.0,680.0,681.0,270,681.0,2026-09-03T19:34:51.232640+00:00
2019-02-13,690.0,694.0,690.0,694.0,20,694.0,2026-09-03T19:34:51.232640+00:00
2019-02-14,681.0,681.0,665.0,681.0,170,681.0,2026-09-03T19:34:51.232640+00:00
2019-02-17,685.0,698.0,646.0,650.0,70,650.0,2026-09-03T19:34:51.232640+00:00
2019-02-18,637.0,640.0,628.0,640.0,110,640.0,2026-09-03T19:34:51.232640+00:00
2019-02-19,640.0,650.0,640.0,641.0,90,641.0,2026-09-03T19:34:51.232640+00:00
2019-02-20,641.0,641.0,630.0,635.0,40,635.0,2026-09-03T19:34:51.232640+00:00
2019-02-21,624.0,642.0,623.0,642.0,150,642.0,2026-09-03T19:34:51.232640+00:00
2019-02-24,632.0,635.0,603.0,603.0,210,603.0,2026-09-03T19:34:51.232640+00:00
2019-02-25,600.0,603.0,590.0,603.0,170,603.0,2026-09-03T19:34:51.232640+00:00
2019-02-26,591.0,592.0,584.0,584.0,70,584.0,2026-09-03T19:34:51.232640+00:00
2019-02-27,575.0,590.0,575.0,590.0,40,590.0,2026-09-03T19:34:51.232640+00:00
2019-03-03,600.0,600.0,600.0,600.0,10,600.0,2026-09-03T19:34:51.232640+00:00
2019-03-05,600.0,615.0,600.0,606.0,277,606.0,2026-09-03T19:34:51.232640+00:00
2019-03-06,600.0,622.0,600.0,610.0,90,610.0,2026-09-03T19:34:51.232640+00:00
2019-03-07,615.0,639.0,610.0,639.0,120,639.0,2026-09-03T19:34:51.232640+00:00
2019-03-10,640.0,640.0,640.0,640.0,10,640.0,2026-09-03T19:34:51.232640+00:00
2019-03-11,631.0,640.0,613.0,618.0,210,618.0,2026-09-03T19:34:51.232640+00:00
2019-03-12,630.0,679.0,630.0,679.0,70,679.0,2026-09-03T19:34:51.232640+00:00
2019-03-13,692.0,705.0,668.0,675.0,628,675.0,2026-09-03T19:34:51.232640+00:00
2019-03-14,662.0,662.0,662.0,662.0,60,662.0,2026-09-03T19:34:51.232640+00:00
2019-03-17,649.0,661.0,649.0,655.0,170,655.0,2026-09-03T19:34:51.232640+00:00
2019-03-18,650.0,650.0,637.0,649.0,40,649.0,2026-09-03T19:34:51.232640+00:00
2019-03-19,650.0,660.0,650.0,660.0,279,660.0,2026-09-03T19:34:51.232640+00:00
2019-03-21,655.0,657.0,655.0,655.0,720,655.0,2026-09-03T19:34:51.232640+00:00
2019-03-25,645.0,648.0,645.0,645.0,30,645.0,2026-09-03T19:34:51.232640+00:00
2019-03-26,634.0,634.0,600.0,612.0,120,612.0,2026-09-03T19:34:51.232640+00:00
2019-03-27,600.0,610.0,600.0,610.0,80,610.0,2026-09-03T19:34:51.232640+00:00
2019-03-28,612.0,620.0,601.0,608.0,110,608.0,2026-09-03T19:34:51.232640+00:00
2019-03-31,600.0,617.0,600.0,604.0,80,604.0,2026-09-03T19:34:51.232640+00:00
2019-04-01,601.0,618.0,600.0,612.0,160,612.0,2026-09-03T19:34:51.232640+00:00
2019-04-02,624.0,636.0,612.0,636.0,230,636.0,2026-09-03T19:34:51.232640+00:00
2019-04-03,625.0,625.0,615.0,615.0,30,615.0,2026-09-03T19:34:51.232640+00:00
2019-04-07,615.0,627.0,609.0,609.0,90,609.0,2026-09-03T19:34:51.232640+00:00
2019-04-08,608.0,610.0,600.0,600.0,85,600.0,2026-09-03T19:34:51.232640+00:00
2019-04-09,600.0,605.0,589.0,594.0,410,594.0,2026-09-03T19:34:51.232640+00:00
2019-04-10,585.0,590.0,584.0,590.0,80,590.0,2026-09-03T19:34:51.232640+00:00
2019-04-11,599.0,599.0,580.0,590.0,120,590.0,2026-09-03T19:34:51.232640+00:00
2019-04-15,579.0,590.0,579.0,580.0,140,580.0,2026-09-03T19:34:51.232640+00:00
2019-04-16,570.0,586.0,570.0,586.0,180,586.0,2026-09-03T19:34:51.232640+00:00
2019-04-17,597.0,597.0,586.0,587.0,50,587.0,2026-09-03T19:34:51.232640+00:00
2019-04-18,576.0,576.0,570.0,570.0,80,570.0,2026-09-03T19:34:51.232640+00:00
2019-04-21,571.0,571.0,570.0,570.0,40,570.0,2026-09-03T19:34:51.232640+00:00
2019-04-22,570.0,582.0,570.0,573.0,90,573.0,2026-09-03T19:34:51.232640+00:00
2019-04-24,562.0,562.0,551.0,552.0,310,552.0,2026-09-03T19:34:51.232640+00:00
2019-04-25,545.0,545.0,540.0,540.0,220,540.0,2026-09-03T19:34:51.232640+00:00
2019-04-28,530.0,545.0,530.0,540.0,180,540.0,2026-09-03T19:34:51.232640+00:00
2019-04-29,530.0,530.0,520.0,520.0,50,520.0,2026-09-03T19:34:51.232640+00:00
2019-04-30,516.0,520.0,516.0,519.0,80,519.0,2026-09-03T19:34:51.232640+00:00
2019-05-02,525.0,525.0,515.0,516.0,50,516.0,2026-09-03T19:34:51.232640+00:00
2019-05-05,510.0,520.0,500.0,501.0,210,501.0,2026-09-03T19:34:51.232640+00:00
2019-05-06,505.0,510.0,500.0,500.0,110,500.0,2026-09-03T19:34:51.232640+00:00
2019-05-07,500.0,500.0,483.0,483.0,180,483.0,2026-09-03T19:34:51.232640+00:00
2019-05-08,480.0,480.0,465.0,480.0,400,480.0,2026-09-03T19:34:51.232640+00:00
2019-05-09,480.0,480.0,480.0,480.0,10,480.0,2026-09-03T19:34:51.232640+00:00
2019-05-12,488.0,489.0,475.0,475.0,240,475.0,2026-09-03T19:34:51.232640+00:00
2019-05-13,470.0,485.0,470.0,485.0,80,485.0,2026-09-03T19:34:51.232640+00:00
2019-05-14,485.0,485.0,467.0,467.0,40,467.0,2026-09-03T19:34:51.232640+00:00
2019-05-15,458.0,465.0,458.0,461.0,180,461.0,2026-09-03T19:34:51.232640+00:00
2019-05-16,456.0,465.0,455.0,465.0,1150,465.0,2026-09-03T19:34:51.232640+00:00
2019-05-19,456.0,462.0,456.0,462.0,35,462.0,2026-09-03T19:34:51.232640+00:00
2019-05-20,456.0,504.0,456.0,504.0,200,504.0,2026-09-03T19:34:51.232640+00:00
2019-05-21,505.0,550.0,505.0,550.0,520,550.0,2026-09-03T19:34:51.232640+00:00
2019-05-22,561.0,572.0,550.0,550.0,710,550.0,2026-09-03T19:34:51.232640+00:00
2019-05-26,540.0,545.0,530.0,530.0,250,530.0,2026-09-03T19:34:51.232640+00:00
2019-05-29,520.0,520.0,520.0,520.0,10,520.0,2026-09-03T19:34:51.232640+00:00
2019-05-30,510.0,510.0,500.0,500.0,540,500.0,2026-09-03T19:34:51.232640+00:00
2019-06-02,475.0,481.0,475.0,480.0,50,480.0,2026-09-03T19:34:51.232640+00:00
2019-06-03,471.0,471.0,467.0,467.0,20,467.0,2026-09-03T19:34:51.232640+00:00
2019-06-04,458.0,458.0,458.0,458.0,20,458.0,2026-09-03T19:34:51.232640+00:00
2019-06-06,458.0,458.0,451.0,451.0,40,451.0,2026-09-03T19:34:51.232640+00:00
2019-06-10,442.0,442.0,434.0,435.0,140,435.0,2026-09-03T19:34:51.232640+00:00
2019-06-11,430.0,430.0,421.0,422.0,125,422.0,2026-09-03T19:34:51.232640+00:00
2019-06-12,416.0,416.0,415.0,415.0,90,415.0,2026-09-03T19:34:51.232640+00:00
2019-06-13,410.0,418.0,410.0,418.0,20,418.0,2026-09-03T19:34:51.232640+00:00
2019-06-16,426.0,434.0,426.0,434.0,30,434.0,2026-09-03T19:34:51.232640+00:00
2019-06-17,426.0,426.0,404.0,415.0,225,415.0,2026-09-03T19:34:51.232640+00:00
2019-06-18,423.0,431.0,423.0,423.0,40,423.0,2026-09-03T19:34:51.232640+00:00
2019-06-19,424.0,424.0,413.0,413.0,90,413.0,2026-09-03T19:34:51.232640+00:00
2019-06-20,405.0,410.0,405.0,410.0,60,410.0,2026-09-03T19:34:51.232640+00:00
2019-06-23,402.0,402.0,400.0,400.0,40,400.0,2026-09-03T19:34:51.232640+00:00
2019-06-24,400.0,400.0,400.0,400.0,30,400.0,2026-09-03T19:34:51.232640+00:00
2019-06-25,395.0,400.0,395.0,400.0,30,400.0,2026-09-03T19:34:51.232640+00:00
2019-06-26,400.0,413.0,400.0,413.0,80,413.0,2026-09-03T19:34:51.232640+00:00
2019-06-27,420.0,420.0,406.0,412.0,50,412.0,2026-09-03T19:34:51.232640+00:00
2019-06-30,404.0,404.0,404.0,404.0,50,404.0,2026-09-03T19:34:51.232640+00:00
2019-07-01,396.0,404.0,394.0,404.0,90,404.0,2026-09-03T19:34:51.232640+00:00
2019-07-02,396.0,404.0,393.0,404.0,140,404.0,2026-09-03T19:34:51.232640+00:00
2019-07-04,412.0,428.0,412.0,421.0,140,421.0,2026-09-03T19:34:51.232640+00:00
2019-07-07,415.0,428.0,415.0,428.0,120,428.0,2026-09-03T19:34:51.232640+00:00
2019-07-08,420.0,420.0,420.0,420.0,20,420.0,2026-09-03T19:34:51.232640+00:00
2019-07-09,412.0,412.0,402.0,402.0,260,402.0,2026-09-03T19:34:51.232640+00:00
2019-07-10,396.0,397.0,396.0,397.0,30,397.0,2026-09-03T19:34:51.232640+00:00
2019-07-11,391.0,398.0,391.0,391.0,160,391.0,2026-09-03T19:34:51.232640+00:00
2019-07-14,384.0,390.0,384.0,390.0,30,390.0,2026-09-03T19:34:51.232640+00:00
2019-07-15,385.0,386.0,381.0,384.0,220,384.0,2026-09-03T19:34:51.232640+00:00
2019-07-16,384.0,390.0,383.0,383.0,40,383.0,2026-09-03T19:34:51.232640+00:00
2019-07-17,385.0,385.0,384.0,384.0,20,384.0,2026-09-03T19:34:51.232640+00:00
2019-07-21,383.0,392.0,383.0,392.0,30,392.0,2026-09-03T19:34:51.232640+00:00
2019-07-22,399.0,414.0,399.0,414.0,30,414.0,2026-09-03T19:34:51.232640+00:00
2019-07-23,413.0,427.0,410.0,427.0,270,427.0,2026-09-03T19:34:51.232640+00:00
2019-07-24,419.0,420.0,412.0,420.0,60,420.0,2026-09-03T19:34:51.232640+00:00
2019-07-25,415.0,415.0,412.0,414.0,60,414.0,2026-09-03T19:34:51.232640+00:00
2019-07-28,413.0,414.0,413.0,414.0,20,414.0,2026-09-03T19:34:51.232640+00:00
2019-07-29,406.0,425.0,406.0,425.0,130,425.0,2026-09-03T19:34:51.232640+00:00
2019-07-30,425.0,433.0,420.0,433.0,310,433.0,2026-09-03T19:34:51.232640+00:00
2019-07-31,441.0,476.0,441.0,476.0,1420,476.0,2026-09-03T19:34:51.232640+00:00
2019-08-01,485.0,523.0,467.0,523.0,1207,523.0,2026-09-03T19:34:51.232640+00:00
2019-08-04,533.0,575.0,533.0,575.0,2832,575.0,2026-09-03T19:34:51.232640+00:00
2019-08-05,586.0,600.0,520.0,520.0,1510,520.0,2026-09-03T19:34:51.232640+00:00
2019-08-06,510.0,510.0,468.0,468.0,700,468.0,2026-09-03T19:34:51.232640+00:00
2019-08-07,466.0,477.0,466.0,473.0,310,473.0,2026-09-03T19:34:51.232640+00:00
2019-08-08,482.0,500.0,482.0,500.0,550,500.0,2026-09-03T19:34:51.232640+00:00
2019-08-11,499.0,500.0,489.0,500.0,360,500.0,2026-09-03T19:34:51.232640+00:00
2019-08-12,495.0,510.0,495.0,505.0,160,505.0,2026-09-03T19:34:51.232640+00:00
2019-08-13,508.0,508.0,498.0,499.0,262,499.0,2026-09-03T19:34:51.232640+00:00
2019-08-14,490.0,499.0,481.0,481.0,70,481.0,2026-09-03T19:34:51.232640+00:00
2019-08-15,472.0,474.0,472.0,474.0,50,474.0,2026-09-03T19:34:51.232640+00:00
2019-08-18,465.0,465.0,464.0,464.0,80,464.0,2026-09-03T19:34:51.232640+00:00
2019-08-19,455.0,494.0,455.0,494.0,70,494.0,2026-09-03T19:34:51.232640+00:00
2019-08-20,485.0,506.0,480.0,506.0,110,506.0,2026-09-03T19:34:51.232640+00:00
2019-08-21,508.0,508.0,480.0,480.0,170,480.0,2026-09-03T19:34:51.232640+00:00
2019-08-22,489.0,489.0,479.0,479.0,200,479.0,2026-09-03T19:34:51.232640+00:00
2019-08-25,488.0,495.0,481.0,495.0,400,495.0,2026-09-03T19:34:51.232640+00:00
2019-08-26,492.0,492.0,490.0,490.0,30,490.0,2026-09-03T19:34:51.232640+00:00
2019-08-27,490.0,499.0,485.0,499.0,40,499.0,2026-09-03T19:34:51.232640+00:00
2019-08-28,490.0,490.0,490.0,490.0,20,490.0,2026-09-03T19:34:51.232640+00:00
2019-08-29,481.0,481.0,472.0,481.0,40,481.0,2026-09-03T19:34:51.232640+00:00
2019-09-01,472.0,475.0,470.0,470.0,130,470.0,2026-09-03T19:34:51.232640+00:00
2019-09-02,468.0,468.0,435.0,435.0,190,435.0,2026-09-03T19:34:51.232640+00:00
2019-09-03,443.0,443.0,436.0,436.0,390,436.0,2026-09-03T19:34:51.232640+00:00
2019-09-04,436.0,444.0,436.0,444.0,20,444.0,2026-09-03T19:34:51.232640+00:00
2019-09-05,452.0,452.0,450.0,450.0,20,450.0,2026-09-03T19:34:51.232640+00:00
2019-09-08,441.0,450.0,441.0,450.0,60,450.0,2026-09-03T19:34:51.232640+00:00
2019-09-09,441.0,449.0,440.0,449.0,100,449.0,2026-09-03T19:34:51.232640+00:00
2019-09-10,449.0,449.0,449.0,449.0,10,449.0,2026-09-03T19:34:51.232640+00:00
2019-09-11,441.0,449.0,441.0,449.0,40,449.0,2026-09-03T19:34:51.232640+00:00
2019-09-12,441.0,441.0,433.0,433.0,20,433.0,2026-09-03T19:34:51.232640+00:00
2019-09-15,435.0,443.0,435.0,435.0,200,435.0,2026-09-03T19:34:51.232640+00:00
2019-09-16,430.0,430.0,418.0,418.0,50,418.0,2026-09-03T19:34:51.232640+00:00
2019-09-17,410.0,411.0,403.0,411.0,30,411.0,2026-09-03T19:34:51.232640+00:00
2019-09-18,407.0,423.0,407.0,417.0,150,417.0,2026-09-03T19:34:51.232640+00:00
2019-09-19,413.0,421.0,413.0,419.0,30,419.0,2026-09-03T19:34:51.232640+00:00
2019-09-22,419.0,419.0,419.0,419.0,10,419.0,2026-09-03T19:34:51.232640+00:00
2019-09-23,420.0,428.0,416.0,428.0,70,428.0,2026-09-03T19:34:51.232640+00:00
2019-09-24,424.0,425.0,424.0,425.0,100,425.0,2026-09-03T19:34:51.232640+00:00
2019-09-25,426.0,430.0,426.0,426.0,50,426.0,2026-09-03T19:34:51.232640+00:00
2019-09-26,419.0,420.0,419.0,419.0,70,419.0,2026-09-03T19:34:51.232640+00:00
2019-09-29,419.0,419.0,412.0,413.0,30,413.0,2026-09-03T19:34:51.232640+00:00
2019-09-30,415.0,415.0,414.0,414.0,20,414.0,2026-09-03T19:34:51.232640+00:00
2019-10-01,414.0,420.0,414.0,419.0,40,419.0,2026-09-03T19:34:51.232640+00:00
2019-10-02,414.0,422.0,414.0,420.0,100,420.0,2026-09-03T19:34:51.232640+00:00
2019-10-10,412.0,412.0,412.0,412.0,10,412.0,2026-09-03T19:34:51.232640+00:00
2019-10-14,412.0,417.0,412.0,417.0,20,417.0,2026-09-03T19:34:51.232640+00:00
2019-10-16,420.0,425.0,420.0,421.0,40,421.0,2026-09-03T19:34:51.232640+00:00
2019-10-17,419.0,421.0,413.0,421.0,30,421.0,2026-09-03T19:34:51.232640+00:00
2019-10-20,413.0,414.0,411.0,414.0,70,414.0,2026-09-03T19:34:51.232640+00:00
2019-10-21,413.0,414.0,413.0,414.0,20,414.0,2026-09-03T19:34:51.232640+00:00
2019-10-23,408.0,408.0,402.0,402.0,110,402.0,2026-09-03T19:34:51.232640+00:00
2019-10-24,408.0,410.0,408.0,410.0,20,410.0,2026-09-03T19:34:51.232640+00:00
2019-10-31,403.0,403.0,403.0,403.0,50,403.0,2026-09-03T19:34:51.232640+00:00
2019-11-03,400.0,408.0,400.0,408.0,870,408.0,2026-09-03T19:34:51.232640+00:00
2019-11-04,400.0,402.0,400.0,401.0,120,401.0,2026-09-03T19:34:51.232640+00:00
2019-11-05,396.0,403.0,396.0,400.0,60,400.0,2026-09-03T19:34:51.232640+00:00
2019-11-06,400.0,403.0,400.0,403.0,30,403.0,2026-09-03T19:34:51.232640+00:00
2019-11-07,403.0,404.0,403.0,404.0,20,404.0,2026-09-03T19:34:51.232640+00:00
2019-11-10,405.0,422.0,405.0,422.0,200,422.0,2026-09-03T19:34:51.232640+00:00
2019-11-11,429.0,446.0,422.0,446.0,160,446.0,2026-09-03T19:34:51.232640+00:00
2019-11-12,450.0,450.0,442.0,442.0,110,442.0,2026-09-03T19:34:51.232640+00:00
2019-11-13,434.0,434.0,427.0,427.0,250,427.0,2026-09-03T19:34:51.232640+00:00
2019-11-14,421.0,427.0,420.0,427.0,381,427.0,2026-09-03T19:34:51.232640+00:00
2019-11-17,421.0,425.0,420.0,420.0,200,420.0,2026-09-03T19:34:51.232640+00:00
2019-11-18,425.0,425.0,425.0,425.0,20,425.0,2026-09-03T19:34:51.232640+00:00
2019-11-19,428.0,430.0,428.0,430.0,30,430.0,2026-09-03T19:34:51.232640+00:00
2019-11-20,426.0,426.0,426.0,426.0,10,426.0,2026-09-03T19:34:51.232640+00:00
2019-11-21,421.0,422.0,421.0,422.0,30,422.0,2026-09-03T19:34:51.232640+00:00
2019-11-24,420.0,420.0,420.0,420.0,10,420.0,2026-09-03T19:34:51.232640+00:00
2019-11-25,428.0,428.0,420.0,420.0,70,420.0,2026-09-03T19:34:51.232640+00:00
2019-11-26,414.0,416.0,414.0,416.0,50,416.0,2026-09-03T19:34:51.232640+00:00
2019-11-27,408.0,422.0,408.0,422.0,40,422.0,2026-09-03T19:34:51.232640+00:00
2019-11-28,430.0,430.0,423.0,430.0,80,430.0,2026-09-03T19:34:51.232640+00:00
2019-12-01,430.0,438.0,429.0,437.0,1320,437.0,2026-09-03T19:34:51.232640+00:00
2019-12-02,444.0,444.0,444.0,444.0,10,444.0,2026-09-03T19:34:51.232640+00:00
2019-12-03,450.0,450.0,450.0,450.0,60,450.0,2026-09-03T19:34:51.232640+00:00
2019-12-04,457.0,465.0,457.0,465.0,60,465.0,2026-09-03T19:34:51.232640+00:00
2019-12-08,465.0,465.0,456.0,456.0,160,456.0,2026-09-03T19:34:51.232640+00:00
2019-12-09,465.0,499.0,458.0,492.0,855,492.0,2026-09-03T19:34:51.232640+00:00
2019-12-10,490.0,540.0,481.0,540.0,1411,540.0,2026-09-03T19:34:51.232640+00:00
2019-12-11,550.0,592.0,550.0,554.0,1551,554.0,2026-09-03T19:34:51.232640+00:00
2019-12-12,565.0,592.0,557.0,580.0,761,580.0,2026-09-03T19:34:51.232640+00:00
2019-12-15,589.0,589.0,523.0,523.0,410,523.0,2026-09-03T19:34:51.232640+00:00
2019-12-16,520.0,535.0,516.0,525.0,337,525.0,2026-09-03T19:34:51.232640+00:00
2019-12-17,520.0,530.0,520.0,520.0,300,520.0,2026-09-03T19:34:51.232640+00:00
2019-12-18,525.0,526.0,511.0,511.0,240,511.0,2026-09-03T19:34:51.232640+00:00
2019-12-19,503.0,503.0,501.0,503.0,270,503.0,2026-09-03T19:34:51.232640+00:00
2019-12-22,495.0,498.0,495.0,497.0,30,497.0,2026-09-03T19:34:51.232640+00:00
2019-12-23,506.0,546.0,506.0,546.0,940,546.0,2026-09-03T19:34:51.232640+00:00
2019-12-24,556.0,600.0,556.0,600.0,1700,600.0,2026-09-03T19:34:51.232640+00:00
2019-12-25,612.0,660.0,610.0,620.0,2962,620.0,2026-09-03T19:34:51.232640+00:00
2019-12-26,616.0,617.0,594.0,612.0,970,612.0,2026-09-03T19:34:51.232640+00:00
2019-12-29,605.0,610.0,600.0,602.0,720,602.0,2026-09-03T19:34:51.232640+00:00
2019-12-30,550.0,550.0,541.0,541.0,70,541.0,2026-09-03T19:34:51.232640+00:00
2019-12-31,545.0,555.0,544.0,554.0,80,554.0,2026-09-03T19:34:51.232640+00:00
2020-01-01,544.0,544.0,544.0,544.0,20,544.0,2026-09-03T19:34:51.232640+00:00
2020-01-02,544.0,561.0,544.0,561.0,50,561.0,2026-09-03T19:34:51.232640+00:00
2020-01-05,572.0,610.0,572.0,598.0,130,598.0,2026-09-03T19:34:51.232640+00:00
2020-01-06,587.0,587.0,581.0,587.0,50,587.0,2026-09-03T19:34:51.232640+00:00
2020-01-07,598.0,638.0,598.0,638.0,600,638.0,2026-09-03T19:34:51.232640+00:00
2020-01-08,650.0,650.0,621.0,621.0,348,621.0,2026-09-03T19:34:51.232640+00:00
2020-01-09,610.0,683.0,610.0,683.0,2455,683.0,2026-09-03T19:34:51.232640+00:00
2020-01-12,696.0,750.0,695.0,732.0,2734,732.0,2026-09-03T19:34:51.232640+00:00
2020-01-13,746.0,746.0,693.0,720.0,960,720.0,2026-09-03T19:34:51.232640+00:00
2020-01-14,706.0,706.0,687.0,687.0,690,687.0,2026-09-03T19:34:51.232640+00:00
2020-01-15,700.0,700.0,687.0,700.0,1260,700.0,2026-09-03T19:34:51.232640+00:00
2020-01-16,714.0,735.0,700.0,735.0,850,735.0,2026-09-03T19:34:51.232640+00:00
2020-01-19,748.0,775.0,734.0,734.0,410,734.0,2026-09-03T19:34:51.232640+00:00
2020-01-20,735.0,735.0,707.0,711.0,365,711.0,2026-09-03T19:34:51.232640+00:00
2020-01-21,700.0,712.0,680.0,712.0,430,712.0,2026-09-03T19:34:51.232640+00:00
2020-01-22,710.0,712.0,686.0,686.0,210,686.0,2026-09-03T19:34:51.232640+00:00
2020-01-23,680.0,686.0,680.0,680.0,550,680.0,2026-09-03T19:34:51.232640+00:00
2020-01-26,667.0,680.0,660.0,669.0,140,669.0,2026-09-03T19:34:51.232640+00:00
2020-01-27,660.0,690.0,660.0,690.0,350,690.0,2026-09-03T19:34:51.232640+00:00
2020-01-28,685.0,720.0,685.0,719.0,939,719.0,2026-09-03T19:34:51.232640+00:00
2020-01-29,730.0,757.0,725.0,757.0,210,757.0,2026-09-03T19:34:51.232640+00:00
2020-01-30,770.0,785.0,745.0,770.0,900,770.0,2026-09-03T19:34:51.232640+00:00
2020-02-02,756.0,790.0,740.0,780.0,580,780.0,2026-09-03T19:34:51.232640+00:00
2020-02-03,765.0,821.0,755.0,821.0,1489,821.0,2026-09-03T19:34:51.232640+00:00
2020-02-04,835.0,903.0,815.0,903.0,2316,903.0,2026-09-03T19:34:51.232640+00:00
2020-02-05,900.0,993.0,885.0,993.0,1898,993.0,2026-09-03T19:34:51.232640+00:00
2020-02-06,1012.0,1092.0,972.0,1092.0,4516,1092.0,2026-09-03T19:34:51.232640+00:00
2020-02-09,1071.0,1072.0,1010.0,1048.0,8775,1048.0,2026-09-03T19:34:51.232640+00:00
2020-02-10,1068.0,1068.0,972.0,981.0,4386,981.0,2026-09-03T19:34:51.232640+00:00
2020-02-11,1000.0,1036.0,999.0,1036.0,1340,1036.0,2026-09-03T19:34:51.232640+00:00
2020-02-12,1056.0,1056.0,1010.0,1026.0,1045,1026.0,2026-09-03T19:34:51.232640+00:00
2020-02-13,1045.0,1045.0,1005.0,1010.0,1950,1010.0,2026-09-03T19:34:51.232640+00:00
2020-02-16,990.0,1091.0,990.0,1069.0,2256,1069.0,2026-09-03T19:34:51.232640+00:00
2020-02-17,1090.0,1111.0,1040.0,1060.0,705,1060.0,2026-09-03T19:34:51.232640+00:00
2020-02-18,1039.0,1050.0,1000.0,1050.0,899,1050.0,2026-09-03T19:34:51.232640+00:00
2020-02-19,1040.0,1120.0,1021.0,1120.0,700,1120.0,2026-09-03T19:34:51.232640+00:00
2020-02-20,1125.0,1164.0,1078.0,1090.0,3785,1090.0,2026-09-03T19:34:51.232640+00:00
2020-02-23,1111.0,1150.0,1111.0,1114.0,641,1114.0,2026-09-03T19:34:51.232640+00:00
2020-02-24,1120.0,1120.0,1076.0,1076.0,150,1076.0,2026-09-03T19:34:51.232640+00:00
2020-02-25,1055.0,1100.0,1055.0,1100.0,1120,1100.0,2026-09-03T19:34:51.232640+00:00
2020-02-26,1122.0,1144.0,1080.0,1081.0,980,1081.0,2026-09-03T19:34:51.232640+00:00
2020-02-27,1060.0,1080.0,1050.0,1080.0,595,1080.0,2026-09-03T19:34:51.232640+00:00
2020-03-01,1061.0,1061.0,1000.0,1010.0,1773,1010.0,2026-09-03T19:34:51.232640+00:00
2020-03-02,1030.0,1030.0,976.0,976.0,255,976.0,2026-09-03T19:34:51.232640+00:00
2020-03-03,957.0,1014.0,957.0,1014.0,150,1014.0,2026-09-03T19:34:51.232640+00:00
2020-03-04,994.0,994.0,994.0,994.0,40,994.0,2026-09-03T19:34:51.232640+00:00
2020-03-05,975.0,975.0,909.0,972.0,2105,972.0,2026-09-03T19:34:51.232640+00:00
2020-03-11,991.0,1010.0,934.0,970.0,230,970.0,2026-09-03T19:34:51.232640+00:00
2020-03-12,951.0,951.0,896.0,928.0,490,928.0,2026-09-03T19:34:51.232640+00:00
2020-03-15,946.0,946.0,836.0,836.0,270,836.0,2026-09-03T19:34:51.232640+00:00
2020-03-16,852.0,869.0,805.0,850.0,570,850.0,2026-09-03T19:34:51.232640+00:00
2020-03-17,833.0,864.0,765.0,799.0,890,799.0,2026-09-03T19:34:51.232640+00:00
2020-03-18,784.0,784.0,751.0,751.0,285,751.0,2026-09-03T19:34:51.232640+00:00
2020-03-19,736.0,760.0,736.0,754.0,1120,754.0,2026-09-03T19:34:51.232640+00:00
2020-03-22,768.0,784.0,768.0,784.0,30,784.0,2026-09-03T19:34:51.232640+00:00
2020-06-29,769.0,769.0,769.0,780.0,60,780.0,2026-09-03T19:34:51.232640+00:00
2020-06-30,795.0,795.0,795.0,795.0,10,795.0,2026-09-03T19:34:51.232640+00:00
2020-07-01,810.0,810.0,810.0,810.0,10,810.0,2026-09-03T19:34:51.232640+00:00
2020-07-02,826.0,826.0,810.0,810.0,20,810.0,2026-09-03T19:34:51.232640+00:00
2020-07-05,809.0,826.0,800.0,826.0,200,826.0,2026-09-03T19:34:51.232640+00:00
2020-07-06,842.0,858.0,841.0,850.0,275,850.0,2026-09-03T19:34:51.232640+00:00
2020-07-07,867.0,919.0,833.0,919.0,960,919.0,2026-09-03T19:34:51.232640+00:00
2020-07-08,934.0,934.0,901.0,901.0,130,901.0,2026-09-03T19:34:51.232640+00:00
2020-07-09,919.0,919.0,901.0,901.0,20,901.0,2026-09-03T19:34:51.232640+00:00
2020-07-12,919.0,938.0,902.0,902.0,470,902.0,2026-09-03T19:34:51.232640+00:00
2020-07-13,920.0,920.0,888.0,895.0,270,895.0,2026-09-03T19:34:51.232640+00:00
2020-07-14,912.0,946.0,888.0,913.0,600,913.0,2026-09-03T19:34:51.232640+00:00
2020-07-15,931.0,940.0,922.0,922.0,70,922.0,2026-09-03T19:34:51.232640+00:00
2020-07-16,905.0,905.0,888.0,896.0,200,896.0,2026-09-03T19:34:51.232640+00:00
2020-07-20,940.0,977.0,886.0,903.0,185,903.0,2026-09-03T19:34:51.232640+00:00
2020-07-21,921.0,921.0,860.0,870.0,365,870.0,2026-09-03T19:34:51.232640+00:00
2020-07-22,870.0,903.0,837.0,837.0,570,837.0,2026-09-03T19:34:51.232640+00:00
2020-07-23,853.0,887.0,840.0,860.0,390,860.0,2026-09-03T19:34:51.232640+00:00
2020-07-26,877.0,925.0,859.0,925.0,884,925.0,2026-09-03T19:34:51.232640+00:00
2020-07-27,907.0,907.0,879.0,898.0,580,898.0,2026-09-03T19:34:51.232640+00:00
2020-07-28,881.0,896.0,868.0,885.0,650,885.0,2026-09-03T19:34:51.232640+00:00
2020-07-29,868.0,897.0,850.0,870.0,380,870.0,2026-09-03T19:34:51.232640+00:00
2020-07-30,860.0,860.0,830.0,845.0,709,845.0,2026-09-03T19:34:51.232640+00:00
2020-08-02,861.0,861.0,830.0,830.0,120,830.0,2026-09-03T19:34:51.232640+00:00
2020-08-03,814.0,826.0,798.0,826.0,375,826.0,2026-09-03T19:34:51.232640+00:00
2020-08-05,842.0,842.0,793.0,826.0,570,826.0,2026-09-03T19:34:51.232640+00:00
2020-08-06,811.0,825.0,782.0,825.0,490,825.0,2026-09-03T19:34:51.232640+00:00
2020-08-09,835.0,851.0,804.0,851.0,160,851.0,2026-09-03T19:34:51.232640+00:00
2020-08-10,834.0,850.0,819.0,843.0,999,843.0,2026-09-03T19:34:51.232640+00:00
2020-08-11,859.0,875.0,831.0,865.0,875,865.0,2026-09-03T19:34:51.232640+00:00
2020-08-12,882.0,899.0,836.0,872.0,319,872.0,2026-09-03T19:34:51.232640+00:00
2020-08-13,855.0,872.0,840.0,856.0,305,856.0,2026-09-03T19:34:51.232640+00:00
2020-08-16,856.0,856.0,823.0,833.0,230,833.0,2026-09-03T19:34:51.232640+00:00
2020-08-17,849.0,888.0,834.0,888.0,380,888.0,2026-09-03T19:34:51.232640+00:00
2020-08-18,875.0,875.0,860.0,871.0,250,871.0,2026-09-03T19:34:51.232640+00:00
2020-08-19,861.0,877.0,844.0,877.0,90,877.0,2026-09-03T19:34:51.232640+00:00
2020-08-20,860.0,890.0,860.0,890.0,40,890.0,2026-09-03T19:34:51.232640+00:00
2020-08-23,873.0,882.0,858.0,882.0,440,882.0,2026-09-03T19:34:51.232640+00:00
2020-08-24,895.0,895.0,850.0,895.0,1270,895.0,2026-09-03T19:34:51.232640+00:00
2020-08-25,905.0,910.0,870.0,884.0,990,884.0,2026-09-03T19:34:51.232640+00:00
2020-08-26,885.0,901.0,870.0,890.0,889,890.0,2026-09-03T19:34:51.232640+00:00
2020-08-27,906.0,906.0,875.0,880.0,247,880.0,2026-09-03T19:34:51.232640+00:00
2020-08-30,865.0,870.0,865.0,866.0,203,866.0,2026-09-03T19:34:51.232640+00:00
2020-08-31,860.0,874.0,860.0,860.0,1840,860.0,2026-09-03T19:34:51.232640+00:00
2020-09-02,875.0,877.0,865.0,873.0,405,873.0,2026-09-03T19:34:51.232640+00:00
2020-09-03,856.0,865.0,851.0,862.0,260,862.0,2026-09-03T19:34:51.232640+00:00
2020-09-06,850.0,869.0,850.0,869.0,455,869.0,2026-09-03T19:34:51.232640+00:00
2020-09-07,852.0,866.0,840.0,866.0,315,866.0,2026-09-03T19:34:51.232640+00:00
2020-09-08,860.0,860.0,850.0,853.0,100,853.0,2026-09-03T19:34:51.232640+00:00
2020-09-09,848.0,896.0,848.0,896.0,640,896.0,2026-09-03T19:34:51.232640+00:00
2020-09-10,913.0,925.0,899.0,912.0,1480,912.0,2026-09-03T19:34:51.232640+00:00
2020-09-13,930.0,930.0,885.0,900.0,467,900.0,2026-09-03T19:34:51.232640+00:00
2020-09-14,915.0,915.0,870.0,887.0,674,887.0,2026-09-03T19:34:51.232640+00:00
2020-09-15,886.0,886.0,856.0,862.0,1127,862.0,2026-09-03T19:34:51.232640+00:00
2020-09-16,879.0,879.0,841.0,866.0,972,866.0,2026-09-03T19:34:51.232640+00:00
2020-09-17,850.0,896.0,850.0,875.0,856,875.0,2026-09-03T19:34:51.232640+00:00
2020-09-20,858.0,888.0,858.0,888.0,295,888.0,2026-09-03T19:34:51.232640+00:00
2020-09-21,871.0,880.0,871.0,878.0,514,878.0,2026-09-03T19:34:51.232640+00:00
2020-09-22,865.0,869.0,848.0,848.0,881,848.0,2026-09-03T19:34:51.232640+00:00
2020-09-23,843.0,857.0,843.0,857.0,335,857.0,2026-09-03T19:34:51.232640+00:00
2020-09-24,845.0,855.0,845.0,846.0,842,846.0,2026-09-03T19:34:51.232640+00:00
2020-09-27,841.0,842.0,840.0,841.0,355,841.0,2026-09-03T19:34:51.232640+00:00
2020-09-28,840.0,884.0,832.0,884.0,387,884.0,2026-09-03T19:34:51.232640+00:00
2020-09-29,867.0,867.0,845.0,852.0,401,852.0,2026-09-03T19:34:51.232640+00:00
2020-09-30,845.0,852.0,831.0,850.0,676,850.0,2026-09-03T19:34:51.232640+00:00
2020-10-01,834.0,865.0,834.0,865.0,401,865.0,2026-09-03T19:34:51.232640+00:00
2020-10-04,848.0,855.0,841.0,855.0,797,855.0,2026-09-03T19:34:51.232640+00:00
2020-10-05,850.0,850.0,826.0,826.0,1247,826.0,2026-09-03T19:34:51.232640+00:00
2020-10-06,842.0,842.0,828.0,831.0,561,831.0,2026-09-03T19:34:51.232640+00:00
2020-10-07,816.0,835.0,816.0,830.0,1122,830.0,2026-09-03T19:34:51.232640+00:00
2020-10-08,816.0,829.0,816.0,822.0,556,822.0,2026-09-03T19:34:51.232640+00:00
2020-10-11,813.0,815.0,811.0,815.0,76,815.0,2026-09-03T19:34:51.232640+00:00
2020-10-12,802.0,820.0,802.0,813.0,486,813.0,2026-09-03T19:34:51.232640+00:00
2020-10-13,811.0,816.0,811.0,813.0,771,813.0,2026-09-03T19:34:51.232640+00:00
2020-10-14,812.0,815.0,802.0,802.0,348,802.0,2026-09-03T19:34:51.232640+00:00
2020-10-15,799.0,812.0,799.0,804.0,203,804.0,2026-09-03T19:34:51.232640+00:00
2020-10-18,790.0,820.0,790.0,820.0,333,820.0,2026-09-03T19:34:51.232640+00:00
2020-10-19,836.0,850.0,829.0,844.0,185,844.0,2026-09-03T19:34:51.232640+00:00
2020-10-20,840.0,860.0,840.0,860.0,292,860.0,2026-09-03T19:34:51.232640+00:00
2020-10-21,843.0,850.0,843.0,846.0,101,846.0,2026-09-03T19:34:51.232640+00:00
2020-10-22,846.0,847.0,830.0,834.0,283,834.0,2026-09-03T19:34:51.232640+00:00
2020-10-28,850.0,850.0,834.0,850.0,281,850.0,2026-09-03T19:34:51.232640+00:00
2020-10-29,840.0,845.0,838.0,838.0,274,838.0,2026-09-03T19:34:51.232640+00:00
2020-11-01,840.0,850.0,840.0,850.0,875,850.0,2026-09-03T19:34:51.232640+00:00
2020-11-02,867.0,870.0,850.0,865.0,1833,865.0,2026-09-03T19:34:51.232640+00:00
2020-11-03,870.0,897.0,870.0,877.0,851,877.0,2026-09-03T19:34:51.232640+00:00
2020-11-04,860.0,875.0,860.0,875.0,118,875.0,2026-09-03T19:34:51.232640+00:00
2020-11-05,860.0,865.0,860.0,860.0,471,860.0,2026-09-03T19:34:51.232640+00:00
2020-11-08,843.0,865.0,843.0,865.0,329,865.0,2026-09-03T19:34:51.232640+00:00
2020-11-09,864.0,878.0,855.0,878.0,259,878.0,2026-09-03T19:34:51.232640+00:00
2020-11-10,921.0,921.0,876.0,876.0,1153,876.0,2026-09-03T19:34:51.232640+00:00
2020-11-11,883.0,903.0,876.0,890.0,2931,890.0,2026-09-03T19:34:51.232640+00:00
2020-11-12,880.0,891.0,874.0,874.0,671,874.0,2026-09-03T19:34:51.232640+00:00
2020-11-18,885.0,891.0,883.0,883.0,492,883.0,2026-09-03T19:34:51.232640+00:00
2020-11-19,870.0,918.0,870.0,900.0,1533,900.0,2026-09-03T19:34:51.232640+00:00
2020-11-22,890.0,902.0,883.0,883.0,1569,883.0,2026-09-03T19:34:51.232640+00:00
2020-11-23,870.0,884.0,870.0,876.0,490,876.0,2026-09-03T19:34:51.232640+00:00
2020-11-24,861.0,898.0,861.0,880.0,650,880.0,2026-09-03T19:34:51.232640+00:00
2020-11-25,865.0,915.0,865.0,902.0,2472,902.0,2026-09-03T19:34:51.232640+00:00
2020-11-26,920.0,938.0,895.0,905.0,1568,905.0,2026-09-03T19:34:51.232640+00:00
2020-11-29,905.0,940.0,895.0,940.0,1484,940.0,2026-09-03T19:34:51.232640+00:00
2020-11-30,940.0,960.0,940.0,955.0,1176,955.0,2026-09-03T19:34:51.232640+00:00
2020-12-01,955.0,960.0,940.0,957.0,1588,957.0,2026-09-03T19:34:51.232640+00:00
2020-12-02,965.0,1052.0,965.0,1052.0,3005,1052.0,2026-09-03T19:34:51.232640+00:00
2020-12-03,1073.0,1100.0,1014.0,1054.0,1594,1054.0,2026-09-03T19:34:51.232640+00:00
2020-12-06,1033.0,1033.0,952.0,952.0,1474,952.0,2026-09-03T19:34:51.232640+00:00
2020-12-07,965.0,1019.0,940.0,1019.0,1265,1019.0,2026-09-03T19:34:51.232640+00:00
2020-12-08,1020.0,1030.0,940.0,975.0,1203,975.0,2026-09-03T19:34:51.232640+00:00
2020-12-09,974.0,974.0,950.0,969.0,808,969.0,2026-09-03T19:34:51.232640+00:00
2020-12-10,956.0,970.0,950.0,967.0,1081,967.0,2026-09-03T19:34:51.232640+00:00
2020-12-13,965.0,980.0,965.0,975.0,180,975.0,2026-09-03T19:34:51.232640+00:00
2020-12-14,981.0,1072.0,981.0,1072.0,2939,1072.0,2026-09-03T19:34:51.232640+00:00
2020-12-15,1093.0,1179.0,1093.0,1128.0,3362,1128.0,2026-09-03T19:34:51.232640+00:00
2020-12-16,1150.0,1150.0,1100.0,1100.0,741,1100.0,2026-09-03T19:34:51.232640+00:00
2020-12-17,1122.0,1145.0,1100.0,1110.0,2547,1110.0,2026-09-03T19:34:51.232640+00:00
2020-12-20,1095.0,1095.0,1035.0,1035.0,1967,1035.0,2026-09-03T19:34:51.232640+00:00
2020-12-21,1015.0,1040.0,976.0,1040.0,2040,1040.0,2026-09-03T19:34:51.232640+00:00
2020-12-22,1040.0,1060.0,1035.0,1035.0,552,1035.0,2026-09-03T19:34:51.232640+00:00
2020-12-23,1055.0,1113.0,1045.0,1055.0,1655,1055.0,2026-09-03T19:34:51.232640+00:00
2020-12-24,1034.0,1045.0,1034.0,1045.0,1265,1045.0,2026-09-03T19:34:51.232640+00:00
2020-12-27,1025.0,1025.0,1010.0,1010.0,794,1010.0,2026-09-03T19:34:51.232640+00:00
2020-12-28,990.0,1032.0,961.0,1032.0,873,1032.0,2026-09-03T19:34:51.232640+00:00
2020-12-29,1035.0,1057.0,1015.0,1038.0,1967,1038.0,2026-09-03T19:34:51.232640+00:00
2020-12-30,1023.0,1049.0,1023.0,1049.0,205,1049.0,2026-09-03T19:34:51.232640+00:00
2020-12-31,1033.0,1040.0,1033.0,1038.0,377,1038.0,2026-09-03T19:34:51.232640+00:00
2021-01-03,1031.0,1099.0,1031.0,1080.0,570,1080.0,2026-09-03T19:34:51.232640+00:00
2021-01-04,1099.0,1101.0,1080.0,1082.0,1408,1082.0,2026-09-03T19:34:51.232640+00:00
2021-01-05,1070.0,1088.0,1070.0,1080.0,1475,1080.0,2026-09-03T19:34:51.232640+00:00
2021-01-06,1070.0,1175.0,1070.0,1175.0,4461,1175.0,2026-09-03T19:34:51.232640+00:00
2021-01-07,1198.0,1222.0,1197.0,1221.0,3705,1221.0,2026-09-03T19:34:51.232640+00:00
2021-01-10,1240.0,1240.0,1196.0,1200.0,1602,1200.0,2026-09-03T19:34:51.232640+00:00
2021-01-11,1210.0,1210.0,1158.0,1170.0,720,1170.0,2026-09-03T19:34:51.232640+00:00
2021-01-12,1150.0,1255.0,1150.0,1255.0,1790,1255.0,2026-09-03T19:34:51.232640+00:00
2021-01-13,1255.0,1270.0,1211.0,1269.0,2083,1269.0,2026-09-03T19:34:51.232640+00:00
2021-01-17,1250.0,1310.0,1250.0,1299.0,1573,1299.0,2026-09-03T19:34:51.232640+00:00
2021-01-18,1300.0,1428.0,1300.0,1409.0,3637,1409.0,2026-09-03T19:34:51.232640+00:00
2021-01-19,1420.0,1420.0,1300.0,1300.0,2504,1300.0,2026-09-03T19:34:51.232640+00:00
2021-01-20,1320.0,1398.0,1320.0,1380.0,1792,1380.0,2026-09-03T19:34:51.232640+00:00
2021-01-21,1400.0,1518.0,1400.0,1518.0,3011,1518.0,2026-09-03T19:34:51.232640+00:00
2021-01-24,1530.0,1669.0,1530.0,1669.0,2645,1669.0,2026-09-03T19:34:51.232640+00:00
2021-01-25,1670.0,1700.0,1590.0,1595.0,3221,1595.0,2026-09-03T19:34:51.232640+00:00
2021-01-26,1565.0,1697.0,1546.0,1576.0,3586,1576.0,2026-09-03T19:34:51.232640+00:00
2021-01-27,1575.0,1733.0,1555.0,1733.0,4751,1733.0,2026-09-03T19:34:51.232640+00:00
2021-01-28,1819.0,1906.0,1790.0,1906.0,5378,1906.0,2026-09-03T19:34:51.232640+00:00
2021-01-31,1920.0,1939.0,1826.0,1850.0,3787,1850.0,2026-09-03T19:34:51.232640+00:00
2021-02-01,1887.0,1887.0,1851.0,1883.0,3465,1883.0,2026-09-03T19:34:51.232640+00:00
2021-02-02,1885.0,2071.0,1850.0,2071.0,2983,2071.0,2026-09-03T19:34:51.232640+00:00
2021-02-03,2174.0,2262.0,2174.0,2178.0,3625,2178.0,2026-09-03T19:34:51.232640+00:00
2021-02-04,2135.0,2395.0,2135.0,2395.0,3572,2395.0,2026-09-03T19:34:51.232640+00:00
2021-02-07,2442.0,2634.0,2442.0,2634.0,6911,2634.0,2026-09-03T19:34:51.232640+00:00
2021-02-08,2686.0,2686.0,2371.0,2545.0,4836,2545.0,2026-09-03T19:34:51.232640+00:00
2021-02-09,2495.0,2496.0,2311.0,2444.0,3395,2444.0,2026-09-03T19:34:51.232640+00:00
2021-02-10,2444.0,2444.0,2305.0,2350.0,1577,2350.0,2026-09-03T19:34:51.232640+00:00
2021-02-11,2303.0,2303.0,2115.0,2115.0,8487,2115.0,2026-09-03T19:34:51.232640+00:00
2021-02-14,2010.0,2010.0,1904.0,1919.0,5172,1919.0,2026-09-03T19:34:51.232640+00:00
2021-02-15,1956.0,2110.0,1956.0,2110.0,1613,2110.0,2026-09-03T19:34:51.232640+00:00
2021-02-16,2215.0,2304.0,2155.0,2155.0,6168,2155.0,2026-09-03T19:34:51.232640+00:00
2021-02-17,2112.0,2128.0,2050.0,2128.0,1086,2128.0,2026-09-03T19:34:51.232640+00:00
2021-02-18,2086.0,2125.0,2050.0,2050.0,2032,2050.0,2026-09-03T19:34:51.232640+00:00
2021-02-21,2015.0,2040.0,1980.0,2039.0,1404,2039.0,2026-09-03T19:34:51.232640+00:00
2021-02-22,2030.0,2030.0,1961.0,2000.0,1614,2000.0,2026-09-03T19:34:51.232640+00:00
2021-02-23,1960.0,2038.0,1892.0,2038.0,1956,2038.0,2026-09-03T19:34:51.232640+00:00
2021-02-24,1999.0,2160.0,1998.0,2069.0,612,2069.0,2026-09-03T19:34:51.232640+00:00
2021-02-25,2036.0,2036.0,1990.0,1990.0,1040,1990.0,2026-09-03T19:34:51.232640+00:00
2021-02-28,1975.0,1980.0,1920.0,1980.0,1988,1980.0,2026-09-03T19:34:51.232640+00:00
2021-03-01,1989.0,2000.0,1950.0,1980.0,508,1980.0,2026-09-03T19:34:51.232640+00:00
2021-03-02,1980.0,1980.0,1920.0,1930.0,696,1930.0,2026-09-03T19:34:51.232640+00:00
2021-03-03,1915.0,1915.0,1821.0,1848.0,2224,1848.0,2026-09-03T19:34:51.232640+00:00
2021-03-04,1870.0,1998.0,1870.0,1998.0,701,1998.0,2026-09-03T19:34:51.232640+00:00
2021-03-07,1999.0,1999.0,1930.0,1930.0,1255,1930.0,2026-09-03T19:34:51.232640+00:00
2021-03-09,1892.0,1892.0,1808.0,1830.0,1091,1830.0,2026-09-03T19:34:51.232640+00:00
2021-03-10,1825.0,1898.0,1815.0,1815.0,614,1815.0,2026-09-03T19:34:51.232640+00:00
2021-03-14,1820.0,1855.0,1795.0,1855.0,1524,1855.0,2026-09-03T19:34:51.232640+00:00
2021-03-15,1825.0,1825.0,1786.0,1786.0,682,1786.0,2026-09-03T19:34:51.232640+00:00
2021-03-16,1786.0,1938.0,1786.0,1889.0,1363,1889.0,2026-09-03T19:34:51.232640+00:00
2021-03-17,1875.0,1926.0,1861.0,1900.0,643,1900.0,2026-09-03T19:34:51.232640+00:00
2021-03-18,1930.0,1988.0,1930.0,1960.0,915,1960.0,2026-09-03T19:34:51.232640+00:00
2021-03-21,1999.0,2150.0,1992.0,2125.0,2476,2125.0,2026-09-03T19:34:51.232640+00:00
2021-03-22,2165.0,2167.0,2024.0,2030.0,1534,2030.0,2026-09-03T19:34:51.232640+00:00
2021-03-23,2030.0,2050.0,1991.0,2038.0,1035,2038.0,2026-09-03T19:34:51.232640+00:00
2021-03-24,2065.0,2065.0,2000.0,2027.0,1676,2027.0,2026-09-03T19:34:51.232640+00:00
2021-03-25,2050.0,2229.0,2009.0,2229.0,9622,2229.0,2026-09-03T19:34:51.232640+00:00
2021-03-29,2230.0,2274.0,2186.0,2274.0,3151,2274.0,2026-09-03T19:34:51.232640+00:00
2021-03-30,2319.0,2450.0,2319.0,2397.0,2792,2397.0,2026-09-03T19:34:51.232640+00:00
2021-03-31,2365.0,2460.0,2360.0,2365.0,3724,2365.0,2026-09-03T19:34:51.232640+00:00
2021-04-01,2318.0,2480.0,2318.0,2399.0,2590,2399.0,2026-09-03T19:34:51.232640+00:00
2021-04-04,2446.0,2490.0,2286.0,2300.0,2220,2300.0,2026-09-03T19:34:51.232640+00:00
2021-04-05,2300.0,2392.0,2290.0,2348.0,683,2348.0,2026-09-03T19:34:51.232640+00:00
2021-04-06,2302.0,2348.0,2279.0,2320.0,1256,2320.0,2026-09-03T19:34:51.232640+00:00
2021-04-07,2300.0,2339.0,2274.0,2300.0,984,2300.0,2026-09-03T19:34:51.232640+00:00
2021-04-08,2254.0,2301.0,2209.0,2287.0,1268,2287.0,2026-09-03T19:34:51.232640+00:00
2021-04-12,2280.0,2420.0,2280.0,2368.0,2182,2368.0,2026-09-03T19:34:51.232640+00:00
2021-04-13,2407.0,2407.0,2300.0,2360.0,3262,2360.0,2026-09-03T19:34:51.232640+00:00
2021-04-15,2360.0,2415.0,2360.0,2400.0,4294,2400.0,2026-09-03T19:34:51.232640+00:00
2021-04-18,2389.0,2389.0,2360.0,2360.0,806,2360.0,2026-09-03T19:34:51.232640+00:00
2021-04-19,2313.0,2330.0,2285.0,2286.0,1326,2286.0,2026-09-03T19:34:51.232640+00:00
2021-04-20,2260.0,2392.0,2260.0,2347.0,2697,2347.0,2026-09-03T19:34:51.232640+00:00
2021-04-21,2390.0,2390.0,2290.0,2291.0,564,2291.0,2026-09-03T19:34:51.232640+00:00
2021-04-22,2285.0,2340.0,2265.0,2334.0,2710,2334.0,2026-09-03T19:34:51.232640+00:00
2021-04-25,2290.0,2300.0,2250.0,2261.0,3895,2261.0,2026-09-03T19:34:51.232640+00:00
2021-04-26,2261.0,2261.0,2150.0,2177.0,1823,2177.0,2026-09-03T19:34:51.232640+00:00
2021-04-27,2170.0,2343.0,2170.0,2343.0,1586,2343.0,2026-09-03T19:34:51.232640+00:00
2021-04-28,2323.0,2323.0,2276.0,2276.0,656,2276.0,2026-09-03T19:34:51.232640+00:00
2021-04-29,2276.0,2320.0,2250.0,2315.0,1379,2315.0,2026-09-03T19:34:51.232640+00:00
2021-05-02,2269.0,2361.0,2269.0,2320.0,3025,2320.0,2026-09-03T19:34:51.232640+00:00
2021-05-03,2340.0,2413.0,2286.0,2335.0,4270,2335.0,2026-09-03T19:34:51.232640+00:00
2021-05-04,2335.0,2568.0,2335.0,2568.0,16497,2568.0,2026-09-03T19:34:51.232640+00:00
2021-05-05,2696.0,2696.0,2485.0,2540.0,5391,2540.0,2026-09-03T19:34:51.232640+00:00
2021-05-06,2492.0,2550.0,2450.0,2540.0,3686,2540.0,2026-09-03T19:34:51.232640+00:00
2021-05-09,2540.0,2540.0,2350.0,2351.0,7575,2351.0,2026-09-03T19:34:51.232640+00:00
2021-05-10,2397.0,2398.0,2310.0,2379.0,1270,2379.0,2026-09-03T19:34:51.232640+00:00
2021-05-11,2390.0,2422.0,2381.0,2419.0,3302,2419.0,2026-09-03T19:34:51.232640+00:00
2021-05-12,2451.0,2466.0,2373.0,2400.0,2315,2400.0,2026-09-03T19:34:51.232640+00:00
2021-05-13,2401.0,2420.0,2360.0,2399.0,2488,2399.0,2026-09-03T19:34:51.232640+00:00
2021-05-16,2445.0,2446.0,2392.0,2412.0,2269,2412.0,2026-09-03T19:34:51.232640+00:00
2021-05-17,2420.0,2450.0,2409.0,2443.0,3045,2443.0,2026-09-03T19:34:51.232640+00:00
2021-05-18,2430.0,2540.0,2430.0,2540.0,4275,2540.0,2026-09-03T19:34:51.232640+00:00
2021-05-19,2560.0,2589.0,2465.0,2470.0,2464,2470.0,2026-09-03T19:34:51.232640+00:00
2021-05-20,2435.0,2532.0,2435.0,2510.0,2229,2510.0,2026-09-03T19:34:51.232640+00:00
2021-05-23,2510.0,2620.0,2420.0,2532.0,3685,2532.0,2026-09-03T19:34:51.232640+00:00
2021-05-24,2520.0,2550.0,2486.0,2501.0,2468,2501.0,2026-09-03T19:34:51.232640+00:00
2021-05-25,2465.0,2528.0,2465.0,2525.0,3073,2525.0,2026-09-03T19:34:51.232640+00:00
2021-05-27,2400.0,2455.0,2352.0,2434.0,5967,2434.0,2026-09-03T19:34:51.232640+00:00
2021-05-30,2400.0,2530.0,2396.0,2422.0,1553,2422.0,2026-09-03T19:34:51.232640+00:00
2021-05-31,2425.0,2520.0,2425.0,2435.0,2418,2435.0,2026-09-03T19:34:51.232640+00:00
2021-06-01,2425.0,2444.0,2412.0,2440.0,989,2440.0,2026-09-03T19:34:51.232640+00:00
2021-06-02,2449.0,2510.0,2449.0,2495.0,718,2495.0,2026-09-03T19:34:51.232640+00:00
2021-06-03,2535.0,2535.0,2450.0,2495.0,1344,2495.0,2026-09-03T19:34:51.232640+00:00
2021-06-06,2525.0,2550.0,2475.0,2475.0,1872,2475.0,2026-09-03T19:34:51.232640+00:00
2021-06-07,2476.0,2500.0,2452.0,2455.0,1783,2455.0,2026-09-03T19:34:51.232640+00:00
2021-06-08,2455.0,2490.0,2455.0,2458.0,983,2458.0,2026-09-03T19:34:51.232640+00:00
2021-06-09,2507.0,2507.0,2451.0,2480.0,510,2480.0,2026-09-03T19:34:51.232640+00:00
2021-06-10,2499.0,2525.0,2385.0,2436.0,762,2436.0,2026-09-03T19:34:51.232640+00:00
2021-06-13,2436.0,2530.0,2415.0,2432.0,662,2432.0,2026-09-03T19:34:51.232640+00:00
2021-06-14,2480.0,2480.0,2431.0,2436.0,984,2436.0,2026-09-03T19:34:51.232640+00:00
2021-06-15,2400.0,2465.0,2400.0,2423.0,1520,2423.0,2026-09-03T19:34:51.232640+00:00
2021-06-16,2471.0,2600.0,2430.0,2495.0,2584,2495.0,2026-09-03T19:34:51.232640+00:00
2021-06-17,2544.0,2544.0,2460.0,2475.0,806,2475.0,2026-09-03T19:34:51.232640+00:00
2021-06-20,2495.0,2495.0,2399.0,2410.0,846,2410.0,2026-09-03T19:34:51.232640+00:00
2021-06-21,2400.0,2430.0,2352.0,2390.0,1007,2390.0,2026-09-03T19:34:51.232640+00:00
2021-06-22,2355.0,2460.0,2351.0,2411.0,402,2411.0,2026-09-03T19:34:51.232640+00:00
2021-06-23,2380.0,2408.0,2370.0,2370.0,581,2370.0,2026-09-03T19:34:51.232640+00:00
2021-06-24,2350.0,2380.0,2350.0,2352.0,411,2352.0,2026-09-03T19:34:51.232640+00:00
2021-06-27,2342.0,2438.0,2333.0,2351.0,1146,2351.0,2026-09-03T19:34:51.232640+00:00
2021-06-28,2398.0,2417.0,2364.0,2417.0,257,2417.0,2026-09-03T19:34:51.232640+00:00
2021-06-29,2457.0,2655.0,2450.0,2470.0,2201,2470.0,2026-09-03T19:34:51.232640+00:00
2021-06-30,2519.0,2519.0,2422.0,2460.0,249,2460.0,2026-09-03T19:34:51.232640+00:00
2021-07-01,2450.0,2450.0,2436.0,2440.0,426,2440.0,2026-09-03T19:34:51.232640+00:00
2021-07-04,2400.0,2410.0,2400.0,2400.0,1133,2400.0,2026-09-03T19:34:51.232640+00:00
2021-07-05,2360.0,2397.0,2355.0,2370.0,178,2370.0,2026-09-03T19:34:51.232640+00:00
2021-07-06,2323.0,2464.0,2323.0,2413.0,223,2413.0,2026-09-03T19:34:51.232640+00:00
2021-07-07,2370.0,2416.0,2370.0,2400.0,218,2400.0,2026-09-03T19:34:51.232640+00:00
2021-07-08,2400.0,2452.0,2367.0,2400.0,887,2400.0,2026-09-03T19:34:51.232640+00:00
2021-07-11,2440.0,2545.0,2401.0,2431.0,258,2431.0,2026-09-03T19:34:51.232640+00:00
2021-07-12,2436.0,2460.0,2412.0,2412.0,664,2412.0,2026-09-03T19:34:51.232640+00:00
2021-07-13,2400.0,2446.0,2400.0,2446.0,437,2446.0,2026-09-03T19:34:51.232640+00:00
2021-07-14,2475.0,2480.0,2431.0,2431.0,504,2431.0,2026-09-03T19:34:51.232640+00:00
2021-07-15,2478.0,2500.0,2435.0,2460.0,890,2460.0,2026-09-03T19:34:51.232640+00:00
2021-07-18,2485.0,2550.0,2485.0,2525.0,1197,2525.0,2026-09-03T19:34:51.232640+00:00
2021-07-19,2575.0,2590.0,2540.0,2547.0,1270,2547.0,2026-09-03T19:34:51.232640+00:00
2021-07-20,2501.0,2539.0,2450.1,2495.0,1789,2495.0,2026-09-03T19:34:51.232640+00:00
2021-07-22,2540.0,2570.0,2508.5,2570.0,3201,2570.0,2026-09-03T19:34:51.232640+00:00
2021-07-25,2620.0,2827.0,2620.0,2827.0,8124,2827.0,2026-09-03T19:34:51.232640+00:00
2021-07-26,2883.5,2900.0,2800.0,2895.0,2076,2895.0,2026-09-03T19:34:51.232640+00:00
2021-07-27,2837.1,2837.1,2720.0,2728.0,2072,2728.0,2026-09-03T19:34:51.232640+00:00
2021-07-28,2711.0,2829.9,2711.0,2815.0,878,2815.0,2026-09-03T19:34:51.232640+00:00
2021-07-29,2871.3,2900.0,2666.0,2765.0,1462,2765.0,2026-09-03T19:34:51.232640+00:00
2021-08-01,2710.3,2813.0,2656.0,2800.0,406,2800.0,2026-09-03T19:34:51.232640+00:00
2021-08-02,2770.0,2799.0,2717.0,2770.0,1475,2770.0,2026-09-03T19:34:51.232640+00:00
2021-08-03,2770.0,2890.0,2750.0,2815.0,1513,2815.0,2026-09-03T19:34:51.232640+00:00
2021-08-04,2870.0,2871.3,2720.0,2770.0,1432,2770.0,2026-09-03T19:34:51.232640+00:00
2021-08-05,2740.0,2740.0,2693.0,2695.0,694,2695.0,2026-09-03T19:34:51.232640+00:00
2021-08-08,2715.0,2715.0,2650.0,2699.0,1781,2699.0,2026-09-03T19:34:51.232640+00:00
2021-08-09,2670.0,2720.0,2617.0,2660.0,1281,2660.0,2026-09-03T19:34:51.232640+00:00
2021-08-10,2625.0,2745.0,2625.0,2745.0,771,2745.0,2026-09-03T19:34:51.232640+00:00
2021-08-11,2740.0,2740.0,2655.0,2690.0,1257,2690.0,2026-09-03T19:34:51.232640+00:00
2021-08-12,2680.0,2790.0,2670.0,2724.6,2135,2724.6,2026-09-03T19:34:51.232640+00:00
2021-08-15,2724.0,2840.0,2724.0,2790.0,2441,2790.0,2026-09-03T19:34:51.232640+00:00
2021-08-16,2790.0,2790.0,2741.0,2755.0,845,2755.0,2026-09-03T19:34:51.232640+00:00
2021-08-17,2730.0,2780.0,2690.0,2725.0,369,2725.0,2026-09-03T19:34:51.232640+00:00
2021-08-18,2671.0,2778.0,2671.0,2700.0,868,2700.0,2026-09-03T19:34:51.232640+00:00
2021-08-19,2700.0,2700.0,2660.0,2699.0,458,2699.0,2026-09-03T19:34:51.232640+00:00
2021-08-24,2752.0,2807.0,2655.0,2715.0,534,2715.0,2026-09-03T19:34:51.232640+00:00
2021-08-25,2675.0,2700.0,2661.0,2661.0,673,2661.0,2026-09-03T19:34:51.232640+00:00
2021-08-26,2714.2,2823.7,2625.0,2625.0,388,2625.0,2026-09-03T19:34:51.232640+00:00
2021-08-29,2625.0,2677.0,2574.0,2600.0,1057,2600.0,2026-09-03T19:34:51.232640+00:00
2021-08-31,2564.0,2775.0,2512.0,2755.0,1438,2755.0,2026-09-03T19:34:51.232640+00:00
2021-09-01,2700.0,2753.0,2597.0,2650.0,690,2650.0,2026-09-03T19:34:51.232640+00:00
2021-09-02,2600.0,2695.0,2600.0,2652.0,447,2652.0,2026-09-03T19:34:51.232640+00:00
2021-09-05,2599.0,2648.9,2400.0,2648.9,955,2648.9,2026-09-03T19:34:51.232640+00:00
2021-09-06,2648.9,2755.8,2495.0,2700.0,1974,2700.0,2026-09-03T19:34:51.232640+00:00
2021-09-07,2700.0,2700.0,2597.0,2597.0,254,2597.0,2026-09-03T19:34:51.232640+00:00
2021-09-08,2648.0,2695.0,2545.0,2689.0,265,2689.0,2026-09-03T19:34:51.232640+00:00
2021-09-09,2636.0,2636.0,2585.0,2610.0,481,2610.0,2026-09-03T19:34:51.232640+00:00
2021-09-12,2662.0,2662.0,2597.0,2597.0,536,2597.0,2026-09-03T19:34:51.232640+00:00
2021-09-13,2590.0,2590.5,2490.0,2585.0,394,2585.0,2026-09-03T19:34:51.232640+00:00
2021-09-14,2535.0,2680.0,2533.3,2611.0,524,2611.0,2026-09-03T19:34:51.232640+00:00
2021-09-15,2559.0,2610.0,2512.1,2600.0,522,2600.0,2026-09-03T19:34:51.232640+00:00
2021-09-16,2548.0,2548.0,2351.4,2524.9,1001,2524.9,2026-09-03T19:34:51.232640+00:00
2021-09-20,2474.5,2522.4,2422.6,2495.0,187,2495.0,2026-09-03T19:34:51.232640+00:00
2021-09-21,2450.0,2465.0,2400.0,2422.4,427,2422.4,2026-09-03T19:34:51.232640+00:00
2021-09-22,2470.8,2622.0,2470.8,2510.0,171,2510.0,2026-09-03T19:34:51.232640+00:00
2021-09-23,2560.0,2716.2,2411.0,2500.0,421,2500.0,2026-09-03T19:34:51.232640+00:00
2021-09-26,2450.0,2450.0,2401.1,2420.0,88,2420.0,2026-09-03T19:34:51.232640+00:00
2021-09-27,2460.0,2460.0,2360.0,2370.0,506,2370.0,2026-09-03T19:34:51.232640+00:00
2021-09-28,2325.0,2332.0,2236.1,2238.5,1550,2238.5,2026-09-03T19:34:51.232640+00:00
2021-09-29,2194.0,2334.0,2151.0,2334.0,357,2334.0,2026-09-03T19:34:51.232640+00:00
2021-09-30,2350.0,2350.0,2206.0,2300.0,630,2300.0,2026-09-03T19:34:51.232640+00:00
2021-10-03,2256.0,2256.0,2135.0,2136.1,429,2136.1,2026-09-03T19:34:51.232640+00:00
2021-10-04,2177.0,2349.7,2177.0,2349.0,786,2349.0,2026-09-03T19:34:51.232640+00:00
2021-10-05,2395.0,2440.0,2347.1,2351.0,846,2351.0,2026-09-03T19:34:51.232640+00:00
2021-10-06,2398.0,2586.1,2398.0,2586.0,1280,2586.0,2026-09-03T19:34:51.232640+00:00
2021-10-10,2637.7,2844.6,2501.0,2787.8,1606,2787.8,2026-09-03T19:34:51.232640+00:00
2021-10-11,2732.1,2785.0,2580.0,2729.0,619,2729.0,2026-09-03T19:34:51.232640+00:00
2021-10-17,2675.0,2715.0,2675.0,2700.0,172,2700.0,2026-09-03T19:34:51.232640+00:00
2021-10-18,2651.0,2651.0,2505.1,2550.0,283,2550.0,2026-09-03T19:34:51.232640+00:00
2021-10-19,2499.0,2538.0,2362.0,2538.0,298,2538.0,2026-09-03T19:34:51.232640+00:00
2021-10-20,2540.0,2550.0,2440.2,2550.0,193,2550.0,2026-09-03T19:34:51.232640+00:00
2021-10-21,2500.0,2500.0,2450.0,2450.0,341,2450.0,2026-09-03T19:34:51.232640+00:00
2021-10-24,2499.0,2695.0,2499.0,2650.0,4000,2650.0,2026-09-03T19:34:51.232640+00:00
2021-10-25,2656.0,2685.0,2598.0,2624.0,2625,2624.0,2026-09-03T19:34:51.232640+00:00
2021-10-26,2640.0,2677.0,2573.0,2677.0,2326,2677.0,2026-09-03T19:34:51.232640+00:00
2021-10-27,2676.4,2725.0,2676.0,2681.0,3192,2681.0,2026-09-03T19:34:51.232640+00:00
2021-10-28,2628.0,2734.6,2628.0,2714.0,1761,2714.0,2026-09-03T19:34:51.232640+00:00
2021-10-31,2768.0,2768.0,2699.0,2715.0,1854,2715.0,2026-09-03T19:34:51.232640+00:00
2021-11-01,2715.0,2720.0,2570.0,2620.0,3719,2620.0,2026-09-03T19:34:51.232640+00:00
2021-11-02,2620.0,2670.0,2595.0,2651.0,519,2651.0,2026-09-03T19:34:51.232640+00:00
2021-11-03,2612.0,2699.0,2608.0,2608.0,955,2608.0,2026-09-03T19:34:51.232640+00:00
2021-11-08,2650.0,2650.0,2400.5,2400.5,11119,2400.5,2026-09-03T19:34:51.232640+00:00
2021-11-09,2440.0,2537.0,2275.0,2422.5,6892,2422.5,2026-09-03T19:34:51.232640+00:00
2021-11-11,2422.5,2422.5,2320.0,2377.0,1736,2377.0,2026-09-03T19:34:51.232640+00:00
2021-11-14,2377.0,2395.0,2303.0,2340.0,1125,2340.0,2026-09-03T19:34:51.232640+00:00
2021-11-15,2300.0,2433.0,2300.0,2348.0,1543,2348.0,2026-09-03T19:34:51.232640+00:00
2021-11-16,2389.0,2389.0,2350.0,2375.0,490,2375.0,2026-09-03T19:34:51.232640+00:00
2021-11-17,2400.0,2401.0,2365.0,2370.0,1154,2370.0,2026-09-03T19:34:51.232640+00:00
2021-11-18,2326.0,2415.0,2326.0,2400.0,1507,2400.0,2026-09-03T19:34:51.232640+00:00
2021-11-21,2360.0,2432.0,2355.0,2360.0,371,2360.0,2026-09-03T19:34:51.232640+00:00
2021-11-22,2361.1,2408.0,2361.1,2370.0,1312,2370.0,2026-09-03T19:34:51.232640+00:00
2021-11-23,2340.0,2340.0,2325.0,2325.0,512,2325.0,2026-09-03T19:34:51.232640+00:00
2021-11-24,2287.0,2345.0,2287.0,2335.0,251,2335.0,2026-09-03T19:34:51.232640+00:00
2021-11-25,2324.0,2350.0,2316.0,2316.0,442,2316.0,2026-09-03T19:34:51.232640+00:00
2021-11-28,2270.0,2290.1,2222.0,2222.0,1776,2222.0,2026-09-03T19:34:51.232640+00:00
2021-11-29,2200.0,2250.0,2190.0,2190.0,800,2190.0,2026-09-03T19:34:51.232640+00:00
2021-11-30,2150.1,2189.0,2103.3,2189.0,473,2189.0,2026-09-03T19:34:51.232640+00:00
2021-12-01,2150.0,2190.0,2145.3,2165.0,1169,2165.0,2026-09-03T19:34:51.232640+00:00
2021-12-02,2207.0,2252.1,2160.0,2170.0,1219,2170.0,2026-09-03T19:34:51.232640+00:00
2021-12-05,2213.4,2213.4,2085.0,2104.0,2001,2104.0,2026-09-03T19:34:51.232640+00:00
2021-12-06,2146.0,2190.0,2105.0,2190.0,1216,2190.0,2026-09-03T19:34:51.232640+00:00
2021-12-07,2233.0,2299.0,2155.2,2155.2,1875,2155.2,2026-09-03T19:34:51.232640+00:00
2021-12-08,2194.0,2195.0,2120.0,2125.0,517,2125.0,2026-09-03T19:34:51.232640+00:00
2021-12-09,2160.0,2198.0,2100.0,2198.0,558,2198.0,2026-09-03T19:34:51.232640+00:00
2021-12-12,2241.0,2250.0,2078.0,2205.0,1150,2205.0,2026-09-03T19:34:51.232640+00:00
2021-12-13,2160.9,2190.0,2084.1,2170.0,1141,2170.0,2026-09-03T19:34:51.232640+00:00
2021-12-14,2130.0,2275.0,2130.0,2275.0,702,2275.0,2026-09-03T19:34:51.232640+00:00
2021-12-15,2320.5,2412.0,2188.4,2300.0,5496,2300.0,2026-09-03T19:34:51.232640+00:00
2021-12-16,1741.0,1794.9,1740.0,1794.9,2317,1794.9,2026-09-03T19:34:51.232640+00:00
2021-12-20,1790.0,1790.0,1619.0,1753.5,447,1753.5,2026-09-03T19:34:51.232640+00:00
2021-12-21,1725.0,1762.0,1725.0,1762.0,875,1762.0,2026-09-03T19:34:51.232640+00:00
2021-12-22,1790.0,1797.0,1726.8,1755.1,1080,1755.1,2026-09-03T19:34:51.232640+00:00
2021-12-23,1790.2,1825.0,1779.7,1779.7,923,1779.7,2026-09-03T19:34:51.232640+00:00
2021-12-26,1779.0,1815.0,1779.0,1805.0,1185,1805.0,2026-09-03T19:34:51.232640+00:00
2021-12-27,1841.0,1841.0,1779.0,1779.0,774,1779.0,2026-09-03T19:34:51.232640+00:00
2021-12-28,1750.0,1755.0,1745.1,1745.1,398,1745.1,2026-09-03T19:34:51.232640+00:00
2021-12-29,1750.0,1750.0,1711.0,1711.0,401,1711.0,2026-09-03T19:34:51.232640+00:00
2022-01-02,1745.2,1777.7,1725.0,1760.5,531,1760.5,2026-09-03T19:34:51.232640+00:00
2022-01-03,1795.0,1865.0,1795.0,1840.0,621,1840.0,2026-09-03T19:34:51.232640+00:00
2022-01-04,1875.0,1917.6,1839.3,1917.6,1635,1917.6,2026-09-03T19:34:51.232640+00:00
2022-01-05,1954.0,1954.0,1840.6,1846.0,864,1846.0,2026-09-03T19:34:51.232640+00:00
2022-01-06,1869.9,1869.9,1815.0,1832.5,746,1832.5,2026-09-03T19:34:51.232640+00:00
2022-01-09,1869.0,1906.4,1840.0,1870.0,455,1870.0,2026-09-03T19:34:51.232640+00:00
2022-01-10,1850.0,1896.0,1822.0,1896.0,694,1896.0,2026-09-03T19:34:51.232640+00:00
2022-01-11,1909.9,2010.0,1871.8,2007.0,2147,2007.0,2026-09-03T19:34:51.232640+00:00
2022-01-12,2020.0,2127.0,1940.0,1960.0,1778,1960.0,2026-09-03T19:34:51.232640+00:00
2022-01-13,1999.2,2035.0,1923.0,2035.0,701,2035.0,2026-09-03T19:34:51.232640+00:00
2022-01-16,2075.0,2116.0,1980.0,2025.0,1901,2025.0,2026-09-03T19:34:51.232640+00:00
2022-01-17,2025.0,2025.0,1985.0,2019.9,509,2019.9,2026-09-03T19:34:51.232640+00:00
2022-01-18,2020.0,2020.0,1980.0,1980.0,525,1980.0,2026-09-03T19:34:51.232640+00:00
2022-01-19,1943.0,1974.0,1921.0,1974.0,342,1974.0,2026-09-03T19:34:51.232640+00:00
2022-01-20,1974.0,2011.3,1897.1,2011.0,892,2011.0,2026-09-03T19:34:51.232640+00:00
2022-01-23,1980.0,1980.0,1971.0,1971.0,272,1971.0,2026-09-03T19:34:51.232640+00:00
2022-01-24,1932.1,1932.1,1860.1,1930.0,601,1930.0,2026-09-03T19:34:51.232640+00:00
2022-01-25,1900.0,1938.0,1900.0,1934.0,486,1934.0,2026-09-03T19:34:51.232640+00:00
2022-01-26,1900.0,1905.0,1866.0,1905.0,532,1905.0,2026-09-03T19:34:51.232640+00:00
2022-01-27,1916.0,1916.0,1880.0,1911.0,566,1911.0,2026-09-03T19:34:51.232640+00:00
2022-01-30,1949.0,1949.2,1900.0,1936.0,694,1936.0,2026-09-03T19:34:51.232640+00:00
2022-01-31,1935.0,1999.8,1933.0,1979.9,1346,1979.9,2026-09-03T19:34:51.232640+00:00
2022-02-01,2019.0,2058.0,1994.6,1994.6,1126,1994.6,2026-09-03T19:34:51.232640+00:00
2022-02-03,2033.0,2114.0,1990.1,1990.1,233,1990.1,2026-09-03T19:34:51.232640+00:00
2022-02-06,1951.0,2025.0,1880.0,2020.0,1145,2020.0,2026-09-03T19:34:51.232640+00:00
2022-02-07,1980.0,1980.0,1922.0,1945.0,683,1945.0,2026-09-03T19:34:51.232640+00:00
2022-02-08,1983.9,1983.9,1906.1,1906.1,267,1906.1,2026-09-03T19:34:51.232640+00:00
2022-02-09,1868.0,1885.0,1840.0,1885.0,670,1885.0,2026-09-03T19:34:51.232640+00:00
2022-02-10,1850.0,1880.0,1850.0,1880.0,22,1880.0,2026-09-03T19:34:51.232640+00:00
2022-02-13,1843.2,1843.2,1775.0,1800.0,1175,1800.0,2026-09-03T19:34:51.232640+00:00
2022-02-14,1800.0,1885.0,1781.0,1885.0,331,1885.0,2026-09-03T19:34:51.232640+00:00
2022-02-15,1848.0,1884.8,1815.0,1884.8,566,1884.8,2026-09-03T19:34:51.232640+00:00
2022-02-16,1900.0,1900.0,1822.0,1822.0,444,1822.0,2026-09-03T19:34:51.232640+00:00
2022-02-17,1820.0,1857.9,1787.0,1837.0,127,1837.0,2026-09-03T19:34:51.232640+00:00
2022-02-20,1801.0,1822.7,1766.0,1788.0,290,1788.0,2026-09-03T19:34:51.232640+00:00
2022-02-21,1790.0,1823.7,1790.0,1823.7,102,1823.7,2026-09-03T19:34:51.232640+00:00
2022-02-22,1788.0,1844.0,1788.0,1844.0,313,1844.0,2026-09-03T19:34:51.232640+00:00
2022-02-23,1808.0,1812.0,1778.1,1778.1,213,1778.1,2026-09-03T19:34:51.232640+00:00
2022-02-24,1813.6,1813.6,1764.0,1764.0,297,1764.0,2026-09-03T19:34:51.232640+00:00
2022-02-27,1764.0,1833.9,1750.0,1833.9,220,1833.9,2026-09-03T19:34:51.232640+00:00
2022-02-28,1800.1,1835.0,1764.0,1824.0,490,1824.0,2026-09-03T19:34:51.232640+00:00
2022-03-02,1790.0,1790.0,1788.0,1788.0,311,1788.0,2026-09-03T19:34:51.232640+00:00
2022-03-06,1753.5,1753.5,1752.0,1752.0,95,1752.0,2026-09-03T19:34:51.232640+00:00
2022-03-07,1750.0,1822.7,1720.0,1762.8,502,1762.8,2026-09-03T19:34:51.232640+00:00
2022-03-09,1762.6,1762.6,1700.0,1762.6,287,1762.6,2026-09-03T19:34:51.232640+00:00
2022-03-10,1797.0,1798.2,1762.0,1798.2,83,1798.2,2026-09-03T19:34:51.232640+00:00
2022-03-13,1773.0,1850.0,1773.0,1850.0,1142,1850.0,2026-09-03T19:34:51.232640+00:00
2022-03-14,1820.0,1820.0,1820.0,1820.0,11,1820.0,2026-09-03T19:34:51.232640+00:00
2022-03-15,1800.0,1819.0,1784.0,1819.0,167,1819.0,2026-09-03T19:34:51.232640+00:00
2022-03-16,1800.0,1800.0,1790.0,1790.0,32,1790.0,2026-09-03T19:34:51.232640+00:00
2022-03-20,1780.0,1780.0,1760.0,1760.0,31,1760.0,2026-09-03T19:34:51.232640+00:00
2022-03-21,1775.0,1795.0,1740.0,1795.0,316,1795.0,2026-09-03T19:34:51.232640+00:00
2022-03-22,1820.0,1820.0,1764.2,1764.4,93,1764.4,2026-09-03T19:34:51.232640+00:00
2022-03-23,1750.0,1750.0,1734.0,1745.0,78,1745.0,2026-09-03T19:34:51.232640+00:00
2022-03-24,1726.0,1740.0,1726.0,1740.0,32,1740.0,2026-09-03T19:34:51.232640+00:00
2022-03-27,1711.0,1716.0,1710.0,1710.1,255,1710.1,2026-09-03T19:34:51.232640+00:00
2022-03-28,1690.0,1719.0,1681.0,1715.0,83,1715.0,2026-09-03T19:34:51.232640+00:00
2022-03-29,1715.0,1748.0,1715.0,1748.0,183,1748.0,2026-09-03T19:34:51.232640+00:00
2022-03-30,1716.0,1781.0,1716.0,1781.0,132,1781.0,2026-09-03T19:34:51.232640+00:00
2022-03-31,1813.9,1814.0,1800.0,1800.0,231,1800.0,2026-09-03T19:34:51.232640+00:00
2022-04-03,1825.0,1825.0,1770.0,1800.0,210,1800.0,2026-09-03T19:34:51.232640+00:00
2022-04-04,1800.0,1824.0,1766.0,1820.0,246,1820.0,2026-09-03T19:34:51.232640+00:00
2022-04-05,1784.0,1818.0,1720.0,1818.0,61,1818.0,2026-09-03T19:34:51.232640+00:00
2022-04-06,1840.0,1840.0,1736.0,1800.0,129,1800.0,2026-09-03T19:34:51.232640+00:00
2022-04-07,1764.0,1799.0,1764.0,1764.0,192,1764.0,2026-09-03T19:34:51.232640+00:00
2022-04-11,1745.0,1745.0,1729.0,1729.0,241,1729.0,2026-09-03T19:34:51.232640+00:00
2022-04-12,1696.0,1696.0,1663.0,1663.0,331,1663.0,2026-09-03T19:34:51.232640+00:00
2022-04-13,1696.0,1696.0,1665.0,1669.0,50,1669.0,2026-09-03T19:34:51.232640+00:00
2022-04-17,1669.0,1673.2,1669.0,1673.1,274,1673.1,2026-09-03T19:34:51.232640+00:00
2022-04-18,1670.0,1670.0,1670.0,1670.0,36,1670.0,2026-09-03T19:34:51.232640+00:00
2022-04-19,1697.0,1697.0,1670.0,1670.0,70,1670.0,2026-09-03T19:34:51.232640+00:00
2022-04-20,1641.1,1643.0,1637.0,1637.0,145,1637.0,2026-09-03T19:34:51.232640+00:00
2022-04-21,1605.0,1637.0,1605.0,1637.0,134,1637.0,2026-09-03T19:34:51.232640+00:00
2022-04-24,1669.0,1701.0,1669.0,1700.0,191,1700.0,2026-09-03T19:34:51.232640+00:00
2022-04-25,1667.2,1699.9,1667.2,1699.9,31,1699.9,2026-09-03T19:34:51.232640+00:00
2022-04-26,1670.1,1670.1,1668.0,1668.1,291,1668.1,2026-09-03T19:34:51.232640+00:00
2022-04-27,1640.1,1640.1,1640.1,1640.1,25,1640.1,2026-09-03T19:34:51.232640+00:00
2022-05-02,1640.0,1672.9,1590.0,1672.9,246,1672.9,2026-09-03T19:34:51.232640+00:00
2022-05-04,1650.1,1650.1,1650.0,1650.0,40,1650.0,2026-09-03T19:34:51.232640+00:00
2022-05-05,1650.0,1650.0,1617.0,1617.0,148,1617.0,2026-09-03T19:34:51.232640+00:00
2022-05-08,1584.7,1584.7,1528.8,1580.0,308,1580.0,2026-09-03T19:34:51.232640+00:00
2022-05-10,1570.0,1651.0,1555.0,1651.0,302,1651.0,2026-09-03T19:34:51.232640+00:00
2022-05-11,1620.0,1654.0,1620.0,1654.0,71,1654.0,2026-09-03T19:34:51.232640+00:00
2022-05-12,1650.0,1650.0,1625.0,1625.0,38,1625.0,2026-09-03T19:34:51.232640+00:00
2022-05-17,1625.0,1625.0,1592.5,1592.5,126,1592.5,2026-09-03T19:34:51.232640+00:00
2022-05-18,1563.0,1563.0,1560.0,1562.0,325,1562.0,2026-09-03T19:34:51.232640+00:00
2022-05-19,1593.2,1593.2,1558.2,1578.0,314,1578.0,2026-09-03T19:34:51.232640+00:00
2022-05-20,1560.0,1560.0,1560.0,1560.0,11,1560.0,2026-09-03T19:34:51.232640+00:00
2022-05-23,1532.0,1560.0,1531.0,1532.0,370,1532.0,2026-09-03T19:34:51.232640+00:00
2022-05-24,1532.0,1532.0,1502.0,1531.0,43,1531.0,2026-09-03T19:34:51.232640+00:00
2022-05-25,1533.0,1533.0,1533.0,1533.0,21,1533.0,2026-09-03T19:34:51.232640+00:00
2022-05-26,1505.0,1535.0,1505.0,1535.0,43,1535.0,2026-09-03T19:34:51.232640+00:00
2022-05-27,1512.0,1512.0,1512.0,1512.0,40,1512.0,2026-09-03T19:34:51.232640+00:00
2022-05-30,1500.0,1510.0,1500.0,1510.0,20,1510.0,2026-09-03T19:34:51.232640+00:00
2022-05-31,1479.8,1479.8,1479.8,1479.8,100,1479.8,2026-09-03T19:34:51.232640+00:00
2022-06-01,1455.0,1455.0,1426.1,1455.0,160,1455.0,2026-09-03T19:34:51.232640+00:00
2022-06-02,1440.0,1450.0,1430.0,1433.0,232,1433.0,2026-09-03T19:34:51.232640+00:00
2022-06-03,1430.0,1430.0,1400.0,1414.0,435,1414.0,2026-09-03T19:34:51.232640+00:00
2022-06-06,1387.0,1413.0,1386.0,1386.0,135,1386.0,2026-09-03T19:34:51.232640+00:00
2022-06-07,1359.0,1359.0,1300.0,1303.0,308,1303.0,2026-09-03T19:34:51.232640+00:00
2022-06-08,1328.0,1339.0,1320.0,1320.1,199,1320.1,2026-09-03T19:34:51.232640+00:00
2022-06-09,1346.0,1346.5,1320.0,1320.0,210,1320.0,2026-09-03T19:34:51.232640+00:00
2022-06-10,1330.0,1330.0,1308.0,1308.0,40,1308.0,2026-09-03T19:34:51.232640+00:00
2022-06-13,1300.0,1349.0,1283.0,1349.0,197,1349.0,2026-09-03T19:34:51.232640+00:00
2022-06-14,1322.1,1322.1,1272.0,1307.0,130,1307.0,2026-09-03T19:34:51.232640+00:00
2022-06-15,1329.0,1329.0,1230.0,1254.0,308,1254.0,2026-09-03T19:34:51.232640+00:00
2022-06-16,1229.0,1317.0,1229.0,1317.0,85,1317.0,2026-09-03T19:34:51.232640+00:00
2022-06-19,1291.0,1320.0,1270.0,1294.0,358,1294.0,2026-09-03T19:34:51.232640+00:00
2022-06-20,1290.0,1290.0,1245.0,1245.0,284,1245.0,2026-09-03T19:34:51.232640+00:00
2022-06-21,1245.0,1269.9,1245.0,1269.9,135,1269.9,2026-09-03T19:34:51.232640+00:00
2022-06-22,1245.0,1245.0,1220.0,1225.0,92,1225.0,2026-09-03T19:34:51.232640+00:00
2022-06-23,1201.0,1222.0,1180.0,1180.0,465,1180.0,2026-09-03T19:34:51.232640+00:00
2022-06-24,1203.6,1227.6,1203.6,1227.6,35,1227.6,2026-09-03T19:34:51.232640+00:00
2022-06-26,1252.0,1295.4,1252.0,1295.0,174,1295.0,2026-09-03T19:34:51.232640+00:00
2022-06-27,1320.0,1320.0,1275.0,1298.0,199,1298.0,2026-09-03T19:34:51.232640+00:00
2022-06-28,1272.2,1272.2,1272.1,1272.1,41,1272.1,2026-09-03T19:34:51.232640+00:00
2022-06-29,1250.0,1295.0,1250.0,1295.0,477,1295.0,2026-09-03T19:34:51.232640+00:00
2022-06-30,1319.8,1333.0,1291.0,1320.0,678,1320.0,2026-09-03T19:34:51.232640+00:00
2022-07-01,1344.9,1371.7,1344.9,1371.7,59,1371.7,2026-09-03T19:34:51.232640+00:00
2022-07-03,1370.0,1372.0,1370.0,1372.0,64,1372.0,2026-09-03T19:34:51.232640+00:00
2022-07-04,1359.0,1386.0,1359.0,1359.0,544,1359.0,2026-09-03T19:34:51.232640+00:00
2022-07-05,1380.0,1386.1,1320.0,1320.0,652,1320.0,2026-09-03T19:34:51.232640+00:00
2022-07-06,1300.0,1320.0,1300.0,1300.0,71,1300.0,2026-09-03T19:34:51.232640+00:00
2022-07-07,1300.0,1300.0,1274.0,1280.0,455,1280.0,2026-09-03T19:34:51.232640+00:00
2022-07-08,1254.5,1254.5,1246.4,1246.4,50,1246.4,2026-09-03T19:34:51.232640+00:00
2022-07-11,1260.0,1260.0,1236.0,1236.0,31,1236.0,2026-09-03T19:34:51.232640+00:00
2022-07-12,1211.3,1235.5,1211.0,1211.0,175,1211.0,2026-09-03T19:34:51.232640+00:00
2022-07-13,1235.2,1279.0,1235.2,1265.0,134,1265.0,2026-09-03T19:34:51.232640+00:00
2022-07-14,1280.0,1290.2,1264.0,1264.0,167,1264.0,2026-09-03T19:34:51.232640+00:00
2022-07-15,1280.0,1280.0,1255.0,1255.0,181,1255.0,2026-09-03T19:34:51.232640+00:00
2022-07-17,1280.0,1280.0,1280.0,1280.0,26,1280.0,2026-09-03T19:34:51.232640+00:00
2022-07-18,1305.5,1324.9,1305.0,1318.9,235,1318.9,2026-09-03T19:34:51.232640+00:00
2022-07-19,1330.0,1336.0,1304.0,1315.0,776,1315.0,2026-09-03T19:34:51.232640+00:00
2022-07-20,1300.0,1315.0,1300.0,1300.1,78,1300.1,2026-09-03T19:34:51.232640+00:00
2022-07-21,1326.0,1326.0,1300.0,1320.9,39,1320.9,2026-09-03T19:34:51.232640+00:00
2022-07-22,1295.1,1295.1,1295.1,1295.1,14,1295.1,2026-09-03T19:34:51.232640+00:00
2022-07-24,1320.0,1352.0,1274.6,1350.0,914,1350.0,2026-09-03T19:34:51.232640+00:00
2022-07-25,1374.8,1483.0,1349.0,1471.0,1533,1471.0,2026-09-03T19:34:51.232640+00:00
2022-07-26,1484.0,1485.0,1424.0,1424.1,512,1424.1,2026-09-03T19:34:51.232640+00:00
2022-07-27,1400.0,1418.8,1379.0,1418.8,350,1418.8,2026-09-03T19:34:51.232640+00:00
2022-07-28,1429.0,1504.0,1429.0,1488.0,811,1488.0,2026-09-03T19:34:51.232640+00:00
2022-07-29,1488.0,1517.0,1488.0,1517.0,339,1517.0,2026-09-03T19:34:51.232640+00:00
2022-07-31,1546.0,1546.0,1485.0,1485.0,660,1485.0,2026-09-03T19:34:51.232640+00:00
2022-08-01,1456.0,1514.7,1427.0,1510.0,527,1510.0,2026-09-03T19:34:51.232640+00:00
2022-08-02,1479.8,1479.8,1451.0,1459.0,576,1459.0,2026-09-03T19:34:51.232640+00:00
2022-08-03,1432.0,1458.4,1429.9,1431.0,748,1431.0,2026-09-03T19:34:51.232640+00:00
2022-08-04,1420.0,1420.0,1410.0,1410.0,40,1410.0,2026-09-03T19:34:51.232640+00:00
2022-08-05,1385.1,1385.1,1356.0,1378.0,114,1378.0,2026-09-03T19:34:51.232640+00:00
2022-08-07,1380.0,1415.0,1380.0,1415.0,357,1415.0,2026-09-03T19:34:51.232640+00:00
2022-08-08,1401.0,1405.0,1392.0,1401.0,97,1401.0,2026-09-03T19:34:51.232640+00:00
2022-08-09,1410.0,1429.0,1360.0,1360.0,200,1360.0,2026-09-03T19:34:51.232640+00:00
2022-08-10,1340.0,1365.0,1340.0,1340.0,238,1340.0,2026-09-03T19:34:51.232640+00:00
2022-08-11,1340.0,1345.0,1317.0,1345.0,220,1345.0,2026-09-03T19:34:51.232640+00:00
2022-08-14,1321.0,1344.0,1318.1,1344.0,235,1344.0,2026-09-03T19:34:51.232640+00:00
2022-08-15,1370.8,1370.8,1343.9,1350.0,88,1350.0,2026-09-03T19:34:51.232640+00:00
2022-08-16,1377.0,1377.0,1330.2,1330.2,196,1330.2,2026-09-03T19:34:51.232640+00:00
2022-08-17,1356.7,1463.2,1356.7,1463.0,190,1463.0,2026-09-03T19:34:51.232640+00:00
2022-08-18,1435.0,1435.0,1390.0,1415.0,534,1415.0,2026-09-03T19:34:51.232640+00:00
2022-08-21,1443.3,1443.3,1368.0,1385.0,56,1385.0,2026-09-03T19:34:51.232640+00:00
2022-08-22,1398.0,1400.0,1358.0,1358.0,130,1358.0,2026-09-03T19:34:51.232640+00:00
2022-08-23,1385.0,1385.0,1340.0,1366.8,218,1366.8,2026-09-03T19:34:51.232640+00:00
2022-08-24,1340.0,1390.0,1340.0,1390.0,213,1390.0,2026-09-03T19:34:51.232640+00:00
2022-08-25,1417.8,1417.8,1345.0,1371.9,226,1371.9,2026-09-03T19:34:51.232640+00:00
2022-08-28,1344.5,1344.5,1309.0,1309.0,282,1309.0,2026-09-03T19:34:51.232640+00:00
2022-08-29,1320.0,1320.0,1283.0,1315.0,178,1315.0,2026-09-03T19:34:51.232640+00:00
2022-08-30,1300.0,1305.0,1300.0,1305.0,70,1305.0,2026-09-03T19:34:51.232640+00:00
2022-08-31,1303.0,1303.0,1285.0,1285.0,173,1285.0,2026-09-03T19:34:51.232640+00:00
2022-09-01,1275.0,1300.0,1275.0,1275.0,91,1275.0,2026-09-03T19:34:51.232640+00:00
2022-09-02,1300.5,1402.5,1300.5,1400.0,60,1400.0,2026-09-03T19:34:51.232640+00:00
2022-09-04,1372.0,1372.0,1344.6,1360.0,49,1360.0,2026-09-03T19:34:51.232640+00:00
2022-09-05,1340.0,1340.0,1335.0,1335.0,46,1335.0,2026-09-03T19:34:51.232640+00:00
2022-09-06,1310.0,1310.0,1310.0,1310.0,11,1310.0,2026-09-03T19:34:51.232640+00:00
2022-09-07,1285.0,1300.0,1284.0,1284.0,147,1284.0,2026-09-03T19:34:51.232640+00:00
2022-09-08,1260.0,1285.0,1260.0,1280.0,104,1280.0,2026-09-03T19:34:51.232640+00:00
2022-09-11,1280.0,1280.0,1280.0,1280.0,3,1280.0,2026-09-03T19:34:51.232640+00:00
2022-09-12,1263.1,1280.0,1263.1,1264.0,99,1264.0,2026-09-03T19:34:51.232640+00:00
2022-09-13,1280.0,1285.0,1280.0,1285.0,20,1285.0,2026-09-03T19:34:51.232640+00:00
2022-09-14,1310.0,1310.0,1278.0,1300.0,274,1300.0,2026-09-03T19:34:51.232640+00:00
2022-09-15,1291.0,1291.0,1250.0,1250.0,231,1250.0,2026-09-03T19:34:51.232640+00:00
2022-09-16,1250.0,1250.0,1250.0,1250.0,11,1250.0,2026-09-03T19:34:51.232640+00:00
2022-09-18,1265.0,1265.0,1240.0,1240.0,159,1240.0,2026-09-03T19:34:51.232640+00:00
2022-09-20,1218.1,1218.1,1218.0,1218.0,21,1218.0,2026-09-03T19:34:51.232640+00:00
2022-09-21,1218.0,1218.0,1187.0,1187.0,159,1187.0,2026-09-03T19:34:51.232640+00:00
2022-09-22,1210.7,1284.6,1209.4,1209.4,350,1209.4,2026-09-03T19:34:51.232640+00:00
2022-09-25,1187.0,1187.0,1186.1,1186.1,54,1186.1,2026-09-03T19:34:51.232640+00:00
2022-09-27,1187.0,1269.2,1187.0,1243.9,566,1243.9,2026-09-03T19:34:51.232640+00:00
2022-09-28,1268.0,1368.2,1268.0,1340.9,75,1340.9,2026-09-03T19:34:51.232640+00:00
2022-09-29,1314.1,1314.1,1287.9,1300.0,221,1300.0,2026-09-03T19:34:51.232640+00:00
2022-10-09,1320.0,1320.0,1320.0,1320.0,48,1320.0,2026-09-03T19:34:51.232640+00:00
2022-10-10,1295.0,1295.0,1294.0,1294.0,80,1294.0,2026-09-03T19:34:51.232640+00:00
2022-10-11,1269.0,1269.0,1245.1,1245.1,115,1245.1,2026-09-03T19:34:51.232640+00:00
2022-10-12,1240.0,1269.0,1240.0,1269.0,144,1269.0,2026-09-03T19:34:51.232640+00:00
2022-10-13,1251.0,1252.0,1231.0,1231.0,137,1231.0,2026-09-03T19:34:51.232640+00:00
2022-10-16,1207.0,1207.0,1187.0,1187.0,183,1187.0,2026-09-03T19:34:51.232640+00:00
2022-10-17,1210.0,1230.0,1202.5,1202.5,169,1202.5,2026-09-03T19:34:51.232640+00:00
2022-10-19,1186.0,1215.0,1145.0,1191.0,213,1191.0,2026-09-03T19:34:51.232640+00:00
2022-10-20,1214.0,1214.0,1214.0,1214.0,20,1214.0,2026-09-03T19:34:51.232640+00:00
2022-10-23,1238.0,1238.0,1215.0,1215.0,70,1215.0,2026-09-03T19:34:51.232640+00:00
2022-10-31,1201.0,1223.0,1201.0,1223.0,55,1223.0,2026-09-03T19:34:51.232640+00:00
2022-11-01,1223.0,1247.4,1206.0,1247.4,269,1247.4,2026-09-03T19:34:51.232640+00:00
2022-11-02,1270.0,1280.0,1254.4,1254.4,54,1254.4,2026-09-03T19:34:51.232640+00:00
2022-11-03,1257.0,1257.0,1205.0,1215.2,148,1215.2,2026-09-03T19:34:51.232640+00:00
2022-11-06,1239.5,1336.7,1239.5,1310.0,410,1310.0,2026-09-03T19:34:51.232640+00:00
2022-11-07,1310.0,1310.0,1235.8,1235.8,51,1235.8,2026-09-03T19:34:51.232640+00:00
2022-11-08,1235.0,1259.7,1235.0,1259.7,36,1259.7,2026-09-03T19:34:51.232640+00:00
2022-11-09,1283.0,1283.0,1190.0,1212.0,169,1212.0,2026-09-03T19:34:51.232640+00:00
2022-11-10,1200.0,1200.0,1200.0,1200.0,24,1200.0,2026-09-03T19:34:51.232640+00:00
2022-11-13,1200.0,1200.0,1176.0,1176.0,120,1176.0,2026-09-03T19:34:51.232640+00:00
2022-11-14,1153.0,1199.5,1153.0,1199.5,98,1199.5,2026-09-03T19:34:51.232640+00:00
2022-11-15,1177.0,1177.0,1176.0,1176.0,80,1176.0,2026-09-03T19:34:51.232640+00:00
2022-11-16,1152.5,1182.5,1152.5,1182.5,71,1182.5,2026-09-03T19:34:51.232640+00:00
2022-11-17,1185.0,1200.0,1185.0,1200.0,187,1200.0,2026-09-03T19:34:51.232640+00:00
2022-11-22,1176.0,1199.0,1175.6,1176.0,151,1176.0,2026-09-03T19:34:51.232640+00:00
2022-11-23,1185.0,1193.9,1176.0,1193.9,41,1193.9,2026-09-03T19:34:51.232640+00:00
2022-11-24,1175.6,1198.0,1175.18,1198.0,75,1198.0,2026-09-03T19:34:51.232640+00:00
2022-11-27,1182.0,1195.0,1182.0,1194.0,90,1194.0,2026-09-03T19:34:51.232640+00:00
2022-11-28,1194.0,1194.0,1180.0,1188.5,190,1188.5,2026-09-03T19:34:51.232640+00:00
2022-11-29,1170.0,1173.1,1170.0,1173.1,154,1173.1,2026-09-03T19:34:51.232640+00:00
2022-11-30,1190.0,1194.0,1181.1,1181.1,89,1181.1,2026-09-03T19:34:51.232640+00:00
2022-12-01,1181.0,1225.0,1181.0,1225.0,234,1225.0,2026-09-03T19:34:51.232640+00:00
2022-12-04,1227.0,1227.0,1203.0,1220.0,500,1220.0,2026-09-03T19:34:51.232640+00:00
2022-12-05,1196.0,1200.0,1178.0,1178.0,70,1178.0,2026-09-03T19:34:51.232640+00:00
2022-12-06,1180.0,1247.9,1180.0,1247.0,366,1247.0,2026-09-03T19:34:51.232640+00:00
2022-12-11,1222.1,1222.1,1177.0,1200.4,238,1200.4,2026-09-03T19:34:51.232640+00:00
2022-12-13,1199.0,1199.0,1180.0,1180.0,404,1180.0,2026-09-03T19:34:51.232640+00:00
2022-12-14,1200.0,1270.9,1200.0,1221.0,60,1221.0,2026-09-03T19:34:51.232640+00:00
2022-12-15,1201.0,1225.0,1162.1,1225.0,200,1225.0,2026-09-03T19:34:51.232640+00:00
2022-12-18,1205.0,1205.0,1201.0,1201.0,60,1201.0,2026-09-03T19:34:51.232640+00:00
2022-12-19,1200.0,1200.0,1177.0,1177.0,99,1177.0,2026-09-03T19:34:51.232640+00:00
2022-12-20,1180.2,1180.2,1180.0,1180.0,24,1180.0,2026-09-03T19:34:51.232640+00:00
2022-12-21,1170.1,1192.9,1170.1,1192.9,110,1192.9,2026-09-03T19:34:51.232640+00:00
2022-12-22,1190.0,1190.0,1190.0,1190.0,10,1190.0,2026-09-03T19:34:51.232640+00:00
2022-12-26,1167.0,1213.8,1167.0,1189.7,426,1189.7,2026-09-03T19:34:51.232640+00:00
2022-12-27,1213.4,1226.9,1167.0,1209.9,579,1209.9,2026-09-03T19:34:51.232640+00:00
2022-12-28,1190.0,1190.0,1190.0,1190.0,14,1190.0,2026-09-03T19:34:51.232640+00:00
2022-12-29,1190.0,1203.9,1190.0,1203.9,120,1203.9,2026-09-03T19:34:51.232640+00:00
2023-01-01,1225.0,1249.0,1203.0,1233.0,337,1233.0,2026-09-03T19:34:51.232640+00:00
2023-01-02,1233.0,1257.0,1208.4,1250.0,628,1250.0,2026-09-03T19:34:51.232640+00:00
2023-01-03,1235.0,1260.0,1235.0,1258.0,171,1258.0,2026-09-03T19:34:51.232640+00:00
2023-01-04,1280.0,1378.0,1261.0,1378.0,507,1378.0,2026-09-03T19:34:51.232640+00:00
2023-01-05,1350.5,1484.0,1350.5,1393.8,502,1393.8,2026-09-03T19:34:51.232640+00:00
2023-01-08,1421.6,1456.5,1393.4,1456.5,1007,1456.5,2026-09-03T19:34:51.232640+00:00
2023-01-09,1427.4,1500.0,1379.0,1500.0,1573,1500.0,2026-09-03T19:34:51.232640+00:00
2023-01-10,1480.0,1480.0,1415.0,1430.0,274,1430.0,2026-09-03T19:34:51.232640+00:00
2023-01-12,1420.0,1443.3,1370.0,1388.0,345,1388.0,2026-09-03T19:34:51.232640+00:00
2023-01-17,1360.3,1360.3,1285.0,1345.0,1522,1345.0,2026-09-03T19:34:51.232640+00:00
2023-01-18,1320.0,1345.0,1319.0,1319.3,476,1319.3,2026-09-03T19:34:51.232640+00:00
2023-01-19,1345.0,1345.0,1319.0,1330.0,270,1330.0,2026-09-03T19:34:51.232640+00:00
2023-01-23,1320.0,1320.0,1290.0,1290.0,145,1290.0,2026-09-03T19:34:51.232640+00:00
2023-01-24,1265.0,1315.0,1265.0,1315.0,271,1315.0,2026-09-03T19:34:51.232640+00:00
2023-01-25,1315.0,1394.1,1290.2,1339.0,197,1339.0,2026-09-03T19:34:51.232640+00:00
2023-01-26,1312.5,1315.0,1289.0,1289.0,203,1289.0,2026-09-03T19:34:51.232640+00:00
2023-01-29,1265.0,1265.0,1264.0,1264.0,56,1264.0,2026-09-03T19:34:51.232640+00:00
2023-01-30,1250.0,1260.0,1230.8,1235.0,309,1235.0,2026-09-03T19:34:51.232640+00:00
2023-01-31,1250.0,1251.4,1202.9,1251.4,151,1251.4,2026-09-03T19:34:51.232640+00:00
2023-02-01,1231.0,1231.0,1200.0,1225.0,220,1225.0,2026-09-03T19:34:51.232640+00:00
2023-02-02,1248.0,1248.0,1154.0,1154.0,203,1154.0,2026-09-03T19:34:51.232640+00:00
2023-02-05,1177.0,1269.4,1177.0,1198.0,715,1198.0,2026-09-03T19:34:51.232640+00:00
2023-02-06,1210.0,1244.0,1185.8,1244.0,658,1244.0,2026-09-03T19:34:51.232640+00:00
2023-02-07,1222.0,1300.0,1222.0,1298.0,744,1298.0,2026-09-03T19:34:51.232640+00:00
2023-02-08,1323.0,1323.8,1223.1,1272.0,136,1272.0,2026-09-03T19:34:51.232640+00:00
2023-02-09,1246.6,1319.0,1246.6,1319.0,663,1319.0,2026-09-03T19:34:51.232640+00:00
2023-02-12,1299.9,1300.0,1274.0,1274.0,390,1274.0,2026-09-03T19:34:51.232640+00:00
2023-02-14,1248.6,1250.0,1215.1,1250.0,223,1250.0,2026-09-03T19:34:51.232640+00:00
2023-02-15,1250.0,1270.0,1225.0,1270.0,74,1270.0,2026-09-03T19:34:51.232640+00:00
2023-02-16,1245.0,1245.0,1196.6,1200.0,1388,1200.0,2026-09-03T19:34:51.232640+00:00
2023-02-20,1190.0,1205.0,1190.0,1192.0,115,1192.0,2026-09-03T19:34:51.232640+00:00
2023-02-22,1215.8,1293.3,1190.0,1209.0,373,1209.0,2026-09-03T19:34:51.232640+00:00
2023-02-23,1185.0,1185.0,1090.5,1100.1,2001,1100.1,2026-09-03T19:34:51.232640+00:00
2023-02-26,1095.0,1132.0,1075.0,1132.0,521,1132.0,2026-09-03T19:34:51.232640+00:00
2023-02-27,1120.0,1142.0,1099.0,1099.0,110,1099.0,2026-09-03T19:34:51.232640+00:00
2023-02-28,1120.0,1188.0,1120.0,1162.3,64,1162.3,2026-09-03T19:34:51.232640+00:00
2023-03-01,1149.0,1149.0,1149.0,1149.0,10,1149.0,2026-09-03T19:34:51.232640+00:00
2023-03-02,1171.9,1171.9,1083.0,1100.0,356,1100.0,2026-09-03T19:34:51.232640+00:00
2023-03-05,1010.8,1010.8,925.0,1000.0,413,1000.0,2026-09-03T19:34:51.232640+00:00
2023-03-07,980.0,1018.0,937.0,1018.0,168,1018.0,2026-09-03T19:34:51.232640+00:00
2023-03-09,1038.3,1038.3,998.0,1025.0,90,1025.0,2026-09-03T19:34:51.232640+00:00
2023-03-12,1040.0,1040.0,1019.2,1030.0,40,1030.0,2026-09-03T19:34:51.232640+00:00
2023-03-13,1010.0,1018.0,1009.4,1018.0,34,1018.0,2026-09-03T19:34:51.232640+00:00
2023-03-14,1000.0,1006.0,978.1,978.1,76,978.1,2026-09-03T19:34:51.232640+00:00
2023-03-15,965.0,965.0,960.0,960.0,90,960.0,2026-09-03T19:34:51.232640+00:00
2023-03-16,940.8,993.5,915.0,973.5,226,973.5,2026-09-03T19:34:51.232640+00:00
2023-03-19,971.0,971.0,933.0,951.0,160,951.0,2026-09-03T19:34:51.232640+00:00
2023-03-20,969.9,969.9,900.0,900.0,129,900.0,2026-09-03T19:34:51.232640+00:00
2023-03-22,918.0,955.0,918.0,955.0,31,955.0,2026-09-03T19:34:51.232640+00:00
2023-03-23,968.0,968.0,960.0,960.0,37,960.0,2026-09-03T19:34:51.232640+00:00
2023-03-27,940.8,940.8,872.0,923.0,323,923.0,2026-09-03T19:34:51.232640+00:00
2023-03-28,904.6,920.0,902.0,920.0,402,920.0,2026-09-03T19:34:51.232640+00:00
2023-03-29,901.6,916.0,883.8,916.0,94,916.0,2026-09-03T19:34:51.232640+00:00
2023-03-30,900.0,900.0,882.0,882.0,80,882.0,2026-09-03T19:34:51.232640+00:00
2023-04-02,899.0,899.6,865.0,865.0,134,865.0,2026-09-03T19:34:51.232640+00:00
2023-04-03,865.0,865.0,841.0,841.0,171,841.0,2026-09-03T19:34:51.232640+00:00
2023-04-04,826.1,826.1,826.0,826.0,36,826.0,2026-09-03T19:34:51.232640+00:00
2023-04-05,812.0,842.0,812.0,842.0,246,842.0,2026-09-03T19:34:51.232640+00:00
2023-04-06,830.1,846.6,830.0,846.6,108,846.6,2026-09-03T19:34:51.232640+00:00
2023-04-10,860.0,860.0,850.0,850.0,20,850.0,2026-09-03T19:34:51.232640+00:00
2023-04-11,867.0,883.0,867.0,883.0,77,883.0,2026-09-03T19:34:51.232640+00:00
2023-04-12,900.6,918.6,883.0,918.6,252,918.6,2026-09-03T19:34:51.232640+00:00
2023-04-13,936.9,936.9,922.0,922.0,32,922.0,2026-09-03T19:34:51.232640+00:00
2023-04-17,904.0,904.0,887.1,887.1,217,887.1,2026-09-03T19:34:51.232640+00:00
2023-04-18,869.4,869.4,869.4,869.4,10,869.4,2026-09-03T19:34:51.232640+00:00
2023-04-19,886.0,886.0,886.0,886.0,10,886.0,2026-09-03T19:34:51.232640+00:00
2023-04-24,886.0,886.0,886.0,886.0,11,886.0,2026-09-03T19:34:51.232640+00:00
2023-04-25,888.0,888.0,865.0,865.0,48,865.0,2026-09-03T19:34:51.232640+00:00
2023-04-26,880.0,880.0,850.0,850.0,29,850.0,2026-09-03T19:34:51.232640+00:00
2023-04-27,840.0,855.0,840.0,855.0,25,855.0,2026-09-03T19:34:51.232640+00:00
2023-04-30,850.0,850.0,834.1,834.1,24,834.1,2026-09-03T19:34:51.232640+00:00
2023-05-03,820.0,850.0,820.0,850.0,190,850.0,2026-09-03T19:34:51.232640+00:00
2023-05-08,834.0,854.0,833.0,854.0,134,854.0,2026-09-03T19:34:51.232640+00:00
2023-05-09,837.0,837.0,837.0,837.0,10,837.0,2026-09-03T19:34:51.232640+00:00
2023-05-10,850.0,850.0,850.0,850.0,14,850.0,2026-09-03T19:34:51.232640+00:00
2023-05-11,833.0,833.0,833.0,833.0,40,833.0,2026-09-03T19:34:51.232640+00:00
2023-05-14,840.0,840.0,832.0,833.0,150,833.0,2026-09-03T19:34:51.232640+00:00
2023-05-15,830.0,830.0,825.0,825.0,342,825.0,2026-09-03T19:34:51.232640+00:00
2023-05-16,820.0,834.0,820.0,834.0,228,834.0,2026-09-03T19:34:51.232640+00:00
2023-05-17,820.0,850.0,820.0,850.0,291,850.0,2026-09-03T19:34:51.232640+00:00
2023-05-18,850.0,901.0,850.0,901.0,277,901.0,2026-09-03T19:34:51.232640+00:00
2023-05-21,900.0,937.3,900.0,937.3,186,937.3,2026-09-03T19:34:51.232640+00:00
2023-05-22,918.7,930.0,912.0,912.0,280,912.0,2026-09-03T19:34:51.232640+00:00
2023-05-23,901.0,930.0,901.0,930.0,184,930.0,2026-09-03T19:34:51.232640+00:00
2023-05-24,948.0,948.0,948.0,948.0,20,948.0,2026-09-03T19:34:51.232640+00:00
2023-05-28,936.0,940.0,936.0,940.0,102,940.0,2026-09-03T19:34:51.232640+00:00
2023-05-30,921.3,940.0,903.0,940.0,44,940.0,2026-09-03T19:34:51.232640+00:00
2023-05-31,935.0,935.0,901.0,934.9,285,934.9,2026-09-03T19:34:51.232640+00:00
2023-06-01,930.0,934.0,930.0,934.0,50,934.0,2026-09-03T19:34:51.232640+00:00
2023-06-04,952.6,952.6,916.0,948.0,119,948.0,2026-09-03T19:34:51.232640+00:00
2023-06-05,951.0,960.0,951.0,960.0,426,960.0,2026-09-03T19:34:51.232640+00:00
2023-06-06,960.0,960.0,940.8,940.8,41,940.8,2026-09-03T19:34:51.232640+00:00
2023-06-07,923.0,925.0,910.0,920.0,392,920.0,2026-09-03T19:34:51.232640+00:00
2023-06-08,930.0,930.0,893.8,900.0,382,900.0,2026-09-03T19:34:51.232640+00:00
2023-06-11,890.0,900.0,889.0,889.0,787,889.0,2026-09-03T19:34:51.232640+00:00
2023-06-12,888.1,903.9,888.0,903.9,96,903.9,2026-09-03T19:34:51.232640+00:00
2023-06-13,889.0,915.0,889.0,910.0,1006,910.0,2026-09-03T19:34:51.232640+00:00
2023-06-14,915.0,979.2,915.0,926.0,1058,926.0,2026-09-03T19:34:51.232640+00:00
2023-06-15,926.0,1018.6,926.0,945.0,829,945.0,2026-09-03T19:34:51.232640+00:00
2023-06-18,953.9,960.0,940.0,940.0,351,940.0,2026-09-03T19:34:51.232640+00:00
2023-06-19,958.8,958.8,927.1,955.7,374,955.7,2026-09-03T19:34:51.232640+00:00
2023-06-20,972.0,993.0,937.0,955.0,686,955.0,2026-09-03T19:34:51.232640+00:00
2023-06-21,935.9,950.0,930.0,930.0,421,930.0,2026-09-03T19:34:51.232640+00:00
2023-06-22,915.0,928.0,912.0,928.0,105,928.0,2026-09-03T19:34:51.232640+00:00
2023-06-25,915.0,939.0,896.7,939.0,193,939.0,2026-09-03T19:34:51.232640+00:00
2023-06-26,957.5,957.5,921.0,954.7,819,954.7,2026-09-03T19:34:51.232640+00:00
2023-06-27,973.0,1029.9,973.0,1010.0,2682,1010.0,2026-09-03T19:34:51.232640+00:00
2023-06-28,990.0,1029.0,970.2,976.6,534,976.6,2026-09-03T19:34:51.232640+00:00
2023-07-02,996.1,996.1,902.0,954.0,157,954.0,2026-09-03T19:34:51.232640+00:00
2023-07-03,970.0,970.0,920.0,945.0,201,945.0,2026-09-03T19:34:51.232640+00:00
2023-07-04,955.0,955.0,927.1,930.0,98,930.0,2026-09-03T19:34:51.232640+00:00
2023-07-05,915.0,915.0,878.6,897.6,924,897.6,2026-09-03T19:34:51.232640+00:00
2023-07-06,880.1,900.0,871.1,900.0,654,900.0,2026-09-03T19:34:51.232640+00:00
2023-07-09,918.0,960.0,907.0,960.0,969,960.0,2026-09-03T19:34:51.232640+00:00
2023-07-10,944.0,960.0,941.0,960.0,160,960.0,2026-09-03T19:34:51.232640+00:00
2023-07-11,960.0,960.0,942.1,945.0,40,945.0,2026-09-03T19:34:51.232640+00:00
2023-07-12,963.0,1000.0,963.0,981.0,61,981.0,2026-09-03T19:34:51.232640+00:00
2023-07-13,966.0,967.0,950.1,955.0,506,955.0,2026-09-03T19:34:51.232640+00:00
2023-07-16,937.1,955.8,937.1,955.8,45,955.8,2026-09-03T19:34:51.232640+00:00
2023-07-17,956.0,972.9,956.0,960.1,245,960.1,2026-09-03T19:34:51.232640+00:00
2023-07-18,962.0,1039.0,962.0,1002.6,962,1002.6,2026-09-03T19:34:51.232640+00:00
2023-07-19,1019.0,1028.0,985.0,985.0,1191,985.0,2026-09-03T19:34:51.232640+00:00
2023-07-20,1003.8,1004.0,984.0,985.0,188,985.0,2026-09-03T19:34:51.232640+00:00
2023-07-23,967.1,1038.9,967.1,1019.0,600,1019.0,2026-09-03T19:34:51.232640+00:00
2023-07-24,1019.0,1035.0,1000.0,1000.0,655,1000.0,2026-09-03T19:34:51.232640+00:00
2023-07-25,1000.0,1020.0,990.0,1000.0,682,1000.0,2026-09-03T19:34:51.232640+00:00
2023-07-26,1000.1,1000.1,1000.0,1000.0,200,1000.0,2026-09-03T19:34:51.232640+00:00
2023-07-27,1000.0,1019.0,1000.0,1000.0,538,1000.0,2026-09-03T19:34:51.232640+00:00
2023-07-30,1000.0,1013.0,983.0,998.0,597,998.0,2026-09-03T19:34:51.232640+00:00
2023-07-31,1010.0,1011.0,999.9,1000.0,340,1000.0,2026-09-03T19:34:51.232640+00:00
2023-08-01,982.0,1001.6,982.0,995.0,237,995.0,2026-09-03T19:34:51.232640+00:00
2023-08-02,976.0,995.5,975.6,979.0,50,979.0,2026-09-03T19:34:51.232640+00:00
2023-08-03,979.0,1076.9,979.0,1076.9,130,1076.9,2026-09-03T19:34:51.232640+00:00
2023-08-06,1098.4,1142.0,995.0,1000.0,533,1000.0,2026-09-03T19:34:51.232640+00:00
2023-08-07,1020.0,1020.0,980.0,982.2,211,982.2,2026-09-03T19:34:51.232640+00:00
2023-08-08,1000.0,1040.0,980.0,1009.0,415,1009.0,2026-09-03T19:34:51.232640+00:00
2023-08-09,990.1,1022.0,990.1,1005.0,460,1005.0,2026-09-03T19:34:51.232640+00:00
2023-08-10,1022.0,1022.0,1019.0,1019.0,150,1019.0,2026-09-03T19:34:51.232640+00:00
2023-08-13,1010.0,1010.0,990.0,990.0,211,990.0,2026-09-03T19:34:51.232640+00:00
2023-08-14,975.0,999.0,975.0,999.0,66,999.0,2026-09-03T19:34:51.232640+00:00
2023-08-15,985.1,985.1,979.3,979.3,261,979.3,2026-09-03T19:34:51.232640+00:00
2023-08-16,970.0,992.0,970.0,975.0,531,975.0,2026-09-03T19:34:51.232640+00:00
2023-08-17,980.0,999.6,980.0,995.0,320,995.0,2026-09-03T19:34:51.232640+00:00
2023-08-20,995.0,995.0,990.0,990.0,365,990.0,2026-09-03T19:34:51.232640+00:00
2023-08-21,998.0,998.0,975.2,975.2,190,975.2,2026-09-03T19:34:51.232640+00:00
2023-08-22,986.0,995.0,986.0,995.0,393,995.0,2026-09-03T19:34:51.232640+00:00
2023-08-23,986.1,1000.9,986.0,1000.9,55,1000.9,2026-09-03T19:34:51.232640+00:00
2023-08-27,980.9,990.0,980.0,990.0,30,990.0,2026-09-03T19:34:51.232640+00:00
2023-08-28,971.1,990.0,971.1,990.0,45,990.0,2026-09-03T19:34:51.232640+00:00
2023-08-29,971.1,971.1,971.1,971.1,12,971.1,2026-09-03T19:34:51.232640+00:00
2023-08-30,975.0,980.0,971.0,980.0,156,980.0,2026-09-03T19:34:51.232640+00:00
2023-09-03,966.2,966.2,965.0,965.0,230,965.0,2026-09-03T19:34:51.232640+00:00
2023-09-04,966.1,966.1,960.0,960.0,140,960.0,2026-09-03T19:34:51.232640+00:00
2023-09-05,960.0,960.8,942.0,960.8,69,960.8,2026-09-03T19:34:51.232640+00:00
2023-09-07,943.0,979.9,943.0,979.9,31,979.9,2026-09-03T19:34:51.232640+00:00
2023-09-10,961.5,961.5,961.0,961.0,185,961.0,2026-09-03T19:34:51.232640+00:00
2023-09-11,950.0,970.0,950.0,970.0,191,970.0,2026-09-03T19:34:51.232640+00:00
2023-09-12,950.7,950.7,950.7,950.7,15,950.7,2026-09-03T19:34:51.232640+00:00
2023-09-13,946.0,946.0,942.0,942.0,299,942.0,2026-09-03T19:34:51.232640+00:00
2023-09-17,926.1,926.1,925.0,925.0,99,925.0,2026-09-03T19:34:51.232640+00:00
2023-09-18,912.0,930.0,912.0,930.0,161,930.0,2026-09-03T19:34:51.232640+00:00
2023-09-19,930.0,930.0,925.0,925.0,350,925.0,2026-09-03T19:34:51.232640+00:00
2023-09-21,932.0,962.3,932.0,945.0,250,945.0,2026-09-03T19:34:51.232640+00:00
2023-09-24,963.9,964.0,963.9,964.0,80,964.0,2026-09-03T19:34:51.232640+00:00
2023-09-25,964.0,964.0,964.0,964.0,1,964.0,2026-09-03T19:34:51.232640+00:00
2023-09-26,955.0,993.0,955.0,993.0,187,993.0,2026-09-03T19:34:51.232640+00:00
2023-09-27,974.0,980.0,974.0,980.0,41,980.0,2026-09-03T19:34:51.232640+00:00
2023-10-01,990.0,990.0,990.0,990.0,25,990.0,2026-09-03T19:34:51.232640+00:00
2023-10-02,971.2,971.2,971.1,971.1,112,971.1,2026-09-03T19:34:51.232640+00:00
2023-10-03,955.0,955.0,920.0,949.9,306,949.9,2026-09-03T19:34:51.232640+00:00
2023-10-04,950.0,968.0,950.0,965.0,151,965.0,2026-09-03T19:34:51.232640+00:00
2023-10-05,979.0,979.0,946.0,946.0,233,946.0,2026-09-03T19:34:51.232640+00:00
2023-10-08,940.0,950.0,935.0,935.0,89,935.0,2026-09-03T19:34:51.232640+00:00
2023-10-09,917.0,935.0,917.0,935.0,55,935.0,2026-09-03T19:34:51.232640+00:00
2023-10-10,918.0,918.0,918.0,918.0,20,918.0,2026-09-03T19:34:51.232640+00:00
2023-10-11,911.0,911.0,911.0,911.0,27,911.0,2026-09-03T19:34:51.232640+00:00
2023-10-12,910.0,910.9,910.0,910.9,90,910.9,2026-09-03T19:34:51.232640+00:00
2023-10-16,929.0,929.0,929.0,929.0,25,929.0,2026-09-03T19:34:51.232640+00:00
2023-10-17,916.0,916.0,915.1,915.1,25,915.1,2026-09-03T19:34:51.232640+00:00
2023-10-18,896.9,970.0,896.9,970.0,85,970.0,2026-09-03T19:34:51.232640+00:00
2023-10-19,951.0,951.0,951.0,951.0,40,951.0,2026-09-03T19:34:51.232640+00:00
2023-10-30,933.0,933.0,933.0,933.0,40,933.0,2026-09-03T19:34:51.232640+00:00
2023-10-31,950.9,1023.0,920.0,921.0,1129,921.0,2026-09-03T19:34:51.232640+00:00
2023-11-01,905.0,905.5,903.5,903.5,102,903.5,2026-09-03T19:34:51.232640+00:00
2023-11-05,890.1,890.1,890.1,890.1,15,890.1,2026-09-03T19:34:51.232640+00:00
2023-11-06,906.9,907.5,892.0,892.0,163,892.0,2026-09-03T19:34:51.232640+00:00
2023-11-07,908.0,917.0,900.0,910.0,208,910.0,2026-09-03T19:34:51.232640+00:00
2023-11-08,928.0,946.0,928.0,940.0,195,940.0,2026-09-03T19:34:51.232640+00:00
2023-11-09,925.0,925.0,925.0,925.0,25,925.0,2026-09-03T19:34:51.232640+00:00
2023-11-20,915.0,915.0,888.5,888.5,220,888.5,2026-09-03T19:34:51.232640+00:00
2023-11-21,875.0,875.0,853.6,853.6,407,853.6,2026-09-03T19:34:51.232640+00:00
2023-11-22,870.0,887.4,870.0,887.4,159,887.4,2026-09-03T19:34:51.232640+00:00
2023-11-23,870.0,870.0,840.0,840.0,477,840.0,2026-09-03T19:34:51.232640+00:00
2023-11-26,856.1,857.0,839.0,857.0,622,857.0,2026-09-03T19:34:51.232640+00:00
2023-11-27,857.0,857.0,839.9,839.9,55,839.9,2026-09-03T19:34:51.232640+00:00
2023-11-28,840.0,840.0,840.0,840.0,10,840.0,2026-09-03T19:34:51.232640+00:00
2023-11-29,832.0,848.6,832.0,848.6,315,848.6,2026-09-03T19:34:51.232640+00:00
2023-11-30,845.0,845.0,832.0,832.0,232,832.0,2026-09-03T19:34:51.232640+00:00
2023-12-03,830.0,864.9,830.0,831.1,790,831.1,2026-09-03T19:34:51.232640+00:00
2023-12-04,827.0,835.0,827.0,833.0,163,833.0,2026-09-03T19:34:51.232640+00:00
2023-12-06,849.6,849.6,849.0,849.0,25,849.0,2026-09-03T19:34:51.232640+00:00
2023-12-07,835.0,838.0,835.0,835.0,235,835.0,2026-09-03T19:34:51.232640+00:00
2023-12-11,851.7,885.0,851.7,865.0,234,865.0,2026-09-03T19:34:51.232640+00:00
2023-12-12,882.3,914.0,882.3,914.0,62,914.0,2026-09-03T19:34:51.232640+00:00
2023-12-13,925.0,1000.0,925.0,945.0,114,945.0,2026-09-03T19:34:51.232640+00:00
2023-12-14,926.1,930.0,926.1,930.0,20,930.0,2026-09-03T19:34:51.232640+00:00
2023-12-17,948.6,948.6,948.6,948.6,11,948.6,2026-09-03T19:34:51.232640+00:00
2023-12-18,929.7,1000.0,912.0,980.0,632,980.0,2026-09-03T19:34:51.232640+00:00
2023-12-19,999.6,1019.5,951.7,989.0,684,989.0,2026-09-03T19:34:51.232640+00:00
2023-12-20,980.0,1074.0,980.0,1074.0,2166,1074.0,2026-09-03T19:34:51.232640+00:00
2023-12-21,1074.0,1117.0,1034.1,1048.0,951,1048.0,2026-09-03T19:34:51.232640+00:00
2023-12-24,1049.0,1087.2,1042.0,1066.0,1188,1066.0,2026-09-03T19:34:51.232640+00:00
2023-12-27,1045.0,1060.0,1023.0,1039.0,850,1039.0,2026-09-03T19:34:51.232640+00:00
2023-12-28,1058.0,1110.0,1047.0,1080.0,2082,1080.0,2026-09-03T19:34:51.232640+00:00
2024-01-01,974.8,974.8,950.0,966.0,390,966.0,2026-09-03T19:34:51.232640+00:00
2024-01-02,953.0,958.0,940.0,958.0,507,958.0,2026-09-03T19:34:51.232640+00:00
2024-01-03,977.0,977.0,923.5,977.0,614,977.0,2026-09-03T19:34:51.232640+00:00
2024-01-04,970.0,989.4,915.0,969.0,784,969.0,2026-09-03T19:34:51.232640+00:00
2024-01-07,985.0,999.0,979.0,979.0,70,979.0,2026-09-03T19:34:51.232640+00:00
2024-01-08,975.0,994.5,950.0,969.0,339,969.0,2026-09-03T19:34:51.232640+00:00
2024-01-09,975.0,975.0,950.0,970.9,742,970.9,2026-09-03T19:34:51.232640+00:00
2024-01-10,990.0,1020.0,970.2,1014.9,1084,1014.9,2026-09-03T19:34:51.232640+00:00
2024-01-11,1035.0,1035.0,1005.0,1006.0,115,1006.0,2026-09-03T19:34:51.232640+00:00
2024-01-14,1002.0,1026.0,1002.0,1007.1,744,1007.1,2026-09-03T19:34:51.232640+00:00
2024-01-16,1020.0,1027.2,1020.0,1021.9,546,1021.9,2026-09-03T19:34:51.232640+00:00
2024-01-17,1016.0,1030.0,1004.0,1018.0,1233,1018.0,2026-09-03T19:34:51.232640+00:00
2024-01-18,1000.5,1016.0,1000.1,1016.0,764,1016.0,2026-09-03T19:34:51.232640+00:00
2024-01-21,1024.0,1025.0,990.0,1000.0,822,1000.0,2026-09-03T19:34:51.232640+00:00
2024-01-22,985.0,985.0,967.0,967.0,117,967.0,2026-09-03T19:34:51.232640+00:00
2024-01-23,952.0,970.0,952.0,970.0,75,970.0,2026-09-03T19:34:51.232640+00:00
2024-01-24,951.1,988.0,951.1,970.0,219,970.0,2026-09-03T19:34:51.232640+00:00
2024-01-25,986.0,986.0,950.6,969.6,55,969.6,2026-09-03T19:34:51.232640+00:00
2024-01-28,988.9,1026.0,955.5,1026.0,352,1026.0,2026-09-03T19:34:51.232640+00:00
2024-01-29,1006.0,1020.0,1006.0,1015.0,368,1015.0,2026-09-03T19:34:51.232640+00:00
2024-01-30,1035.0,1035.0,1014.3,1014.3,20,1014.3,2026-09-03T19:34:51.232640+00:00
2024-01-31,1025.0,1034.5,980.0,1034.0,916,1034.0,2026-09-03T19:34:51.232640+00:00
2024-02-01,1020.0,1020.0,997.1,1010.0,262,1010.0,2026-09-03T19:34:51.232640+00:00
2024-02-04,997.1,1005.0,978.1,978.1,260,978.1,2026-09-03T19:34:51.232640+00:00
2024-02-05,997.6,1017.5,982.0,983.0,405,983.0,2026-09-03T19:34:51.232640+00:00
2024-02-06,1001.0,1002.6,999.9,1002.0,118,1002.0,2026-09-03T19:34:51.232640+00:00
2024-02-07,982.0,1011.0,980.0,1011.0,137,1011.0,2026-09-03T19:34:51.232640+00:00
2024-02-08,1005.0,1005.0,992.0,992.0,407,992.0,2026-09-03T19:34:51.232640+00:00
2024-02-11,978.0,1012.0,978.0,1001.0,408,1001.0,2026-09-03T19:34:51.232640+00:00
2024-02-12,1000.0,1019.9,981.0,1009.9,411,1009.9,2026-09-03T19:34:51.232640+00:00
2024-02-13,990.0,999.6,970.0,970.0,1240,970.0,2026-09-03T19:34:51.232640+00:00
2024-02-14,975.0,1033.0,957.0,957.0,200,957.0,2026-09-03T19:34:51.232640+00:00
2024-02-15,976.0,995.5,975.6,985.0,70,985.0,2026-09-03T19:34:51.232640+00:00
2024-02-18,967.0,967.0,947.0,965.0,282,965.0,2026-09-03T19:34:51.232640+00:00
2024-02-20,951.0,979.0,934.0,979.0,385,979.0,2026-09-03T19:34:51.232640+00:00
2024-02-21,979.0,997.9,959.5,959.5,542,959.5,2026-09-03T19:34:51.232640+00:00
2024-02-22,951.0,978.0,947.0,947.0,797,947.0,2026-09-03T19:34:51.232640+00:00
2024-02-25,954.0,954.0,929.0,929.1,519,929.1,2026-09-03T19:34:51.232640+00:00
2024-02-26,946.9,946.9,946.9,946.9,10,946.9,2026-09-03T19:34:51.232640+00:00
2024-02-27,947.0,947.0,947.0,947.0,10,947.0,2026-09-03T19:34:51.232640+00:00
2024-02-28,949.9,969.6,932.0,969.6,184,969.6,2026-09-03T19:34:51.232640+00:00
2024-02-29,950.3,950.3,941.1,941.1,180,941.1,2026-09-03T19:34:51.232640+00:00
2024-03-03,945.5,958.5,945.5,958.5,170,958.5,2026-09-03T19:34:51.232640+00:00
2024-03-04,975.0,976.9,975.0,976.9,150,976.9,2026-09-03T19:34:51.232640+00:00
2024-03-05,957.4,969.0,957.4,969.0,200,969.0,2026-09-03T19:34:51.232640+00:00
2024-03-06,983.7,983.7,950.3,950.3,36,950.3,2026-09-03T19:34:51.232640+00:00
2024-03-07,947.3,965.9,947.3,965.9,86,965.9,2026-09-03T19:34:51.232640+00:00
2024-03-10,985.2,1061.0,985.2,1050.0,3257,1050.0,2026-09-03T19:34:51.232640+00:00
2024-03-12,1069.0,1145.0,1069.0,1144.0,4021,1144.0,2026-09-03T19:34:51.232640+00:00
2024-03-13,1166.8,1212.0,1157.0,1180.0,1750,1180.0,2026-09-03T19:34:51.232640+00:00
2024-03-14,1202.9,1202.9,1123.0,1145.0,647,1145.0,2026-09-03T19:34:51.232640+00:00
2024-03-17,1145.0,1237.0,1070.0,1100.0,1869,1100.0,2026-09-03T19:34:51.232640+00:00
2024-03-18,1122.0,1144.0,1098.0,1141.0,796,1141.0,2026-09-03T19:34:51.232640+00:00
2024-03-19,1163.0,1208.0,1121.2,1150.0,2703,1150.0,2026-09-03T19:34:51.232640+00:00
2024-03-20,1173.0,1264.0,1165.0,1210.5,3686,1210.5,2026-09-03T19:34:51.232640+00:00
2024-03-21,1234.0,1283.0,1177.0,1196.3,1562,1196.3,2026-09-03T19:34:51.232640+00:00
2024-03-25,1175.1,1220.0,1175.1,1190.0,1710,1190.0,2026-09-03T19:34:51.232640+00:00
2024-03-26,1213.8,1251.5,1202.0,1248.0,2952,1248.0,2026-09-03T19:34:51.232640+00:00
2024-03-27,1260.0,1260.0,1201.0,1202.0,588,1202.0,2026-09-03T19:34:51.232640+00:00
2024-03-28,1226.0,1250.5,1178.0,1223.0,155,1223.0,2026-09-03T19:34:51.232640+00:00
2024-03-31,1210.0,1210.0,1157.0,1179.0,647,1179.0,2026-09-03T19:34:51.232640+00:00
2024-04-01,1189.0,1199.0,1165.3,1176.0,1215,1176.0,2026-09-03T19:34:51.232640+00:00
2024-04-02,1199.0,1239.9,1187.8,1235.0,1969,1235.0,2026-09-03T19:34:51.232640+00:00
2024-04-03,1241.0,1340.0,1241.0,1320.0,3795,1320.0,2026-09-03T19:34:51.232640+00:00
2024-04-04,1332.0,1426.0,1332.0,1395.0,2782,1395.0,2026-09-03T19:34:51.232640+00:00
2024-04-07,1400.0,1485.0,1380.0,1395.0,1541,1395.0,2026-09-03T19:34:51.232640+00:00
2024-04-09,1408.0,1414.5,1368.1,1382.0,2489,1382.0,2026-09-03T19:34:51.232640+00:00
2024-04-10,1385.0,1385.0,1321.0,1347.0,1032,1347.0,2026-09-03T19:34:51.232640+00:00
2024-04-14,1373.8,1400.0,1330.0,1374.0,1568,1374.0,2026-09-03T19:34:51.232640+00:00
2024-04-15,1350.0,1420.0,1350.0,1380.0,1800,1380.0,2026-09-03T19:34:51.232640+00:00
2024-04-16,1354.0,1385.0,1354.0,1365.0,631,1365.0,2026-09-03T19:34:51.232640+00:00
2024-04-18,1339.0,1339.0,1316.0,1330.0,336,1330.0,2026-09-03T19:34:51.232640+00:00
2024-04-21,1350.0,1350.0,1303.0,1340.0,560,1340.0,2026-09-03T19:34:51.232640+00:00
2024-04-22,1326.0,1326.0,1300.0,1325.0,308,1325.0,2026-09-03T19:34:51.232640+00:00
2024-04-24,1351.5,1444.0,1351.5,1425.0,4453,1425.0,2026-09-03T19:34:51.232640+00:00
2024-04-25,1435.0,1435.0,1382.0,1382.0,904,1382.0,2026-09-03T19:34:51.232640+00:00
2024-04-28,1382.0,1422.9,1382.0,1421.0,520,1421.0,2026-09-03T19:34:51.232640+00:00
2024-04-29,1449.0,1475.0,1400.0,1400.0,1204,1400.0,2026-09-03T19:34:51.232640+00:00
2024-04-30,1425.0,1425.0,1388.4,1410.0,1870,1410.0,2026-09-03T19:34:51.232640+00:00
2024-05-02,1400.0,1517.0,1400.0,1490.0,3138,1490.0,2026-09-03T19:34:51.232640+00:00
2024-05-05,1519.8,1544.9,1406.3,1432.0,1576,1432.0,2026-09-03T19:34:51.232640+00:00
2024-05-06,1460.0,1460.0,1388.0,1410.0,1157,1410.0,2026-09-03T19:34:51.232640+00:00
2024-05-07,1415.0,1448.0,1415.0,1440.0,913,1440.0,2026-09-03T19:34:51.232640+00:00
2024-05-08,1467.0,1470.0,1412.1,1422.0,1159,1422.0,2026-09-03T19:34:51.232640+00:00
2024-05-09,1450.0,1450.0,1395.0,1440.0,599,1440.0,2026-09-03T19:34:51.232640+00:00
2024-05-12,1440.0,1518.7,1414.0,1500.0,2672,1500.0,2026-09-03T19:34:51.232640+00:00
2024-05-13,1524.9,1524.9,1476.0,1515.0,1912,1515.0,2026-09-03T19:34:51.232640+00:00
2024-05-14,1525.0,1591.0,1525.0,1587.0,1753,1587.0,2026-09-03T19:34:51.232640+00:00
2024-05-15,1580.0,1660.0,1556.0,1626.0,3721,1626.0,2026-09-03T19:34:51.232640+00:00
2024-05-16,1630.0,1715.0,1630.0,1680.0,5493,1680.0,2026-09-03T19:34:51.232640+00:00
2024-05-19,1690.0,1740.0,1641.0,1642.0,3318,1642.0,2026-09-03T19:34:51.232640+00:00
2024-05-20,1674.8,1715.0,1625.0,1680.0,2626,1680.0,2026-09-03T19:34:51.232640+00:00
2024-05-21,1689.0,1723.0,1653.0,1699.0,2905,1699.0,2026-09-03T19:34:51.232640+00:00
2024-05-22,1680.0,1680.0,1599.0,1635.0,1294,1635.0,2026-09-03T19:34:51.232640+00:00
2024-05-26,1615.0,1620.0,1535.0,1570.8,1954,1570.8,2026-09-03T19:34:51.232640+00:00
2024-05-27,1570.0,1628.0,1540.0,1619.0,1095,1619.0,2026-09-03T19:34:51.232640+00:00
2024-05-29,1645.0,1645.0,1550.0,1559.0,881,1559.0,2026-09-03T19:34:51.232640+00:00
2024-05-30,1559.0,1590.0,1502.0,1580.0,783,1580.0,2026-09-03T19:34:51.232640+00:00
2024-06-02,1579.0,1580.0,1555.0,1580.0,961,1580.0,2026-09-03T19:34:51.232640+00:00
2024-06-03,1552.0,1670.0,1552.0,1640.0,2102,1640.0,2026-09-03T19:34:51.232640+00:00
2024-06-04,1668.9,1668.9,1590.0,1637.0,5696,1637.0,2026-09-03T19:34:51.232640+00:00
2024-06-05,1669.0,1669.0,1600.0,1600.0,1761,1600.0,2026-09-03T19:34:51.232640+00:00
2024-06-06,1632.0,1632.0,1568.1,1572.8,1914,1572.8,2026-09-03T19:34:51.232640+00:00
2024-06-09,1604.2,1604.2,1545.0,1591.0,2218,1591.0,2026-09-03T19:34:51.232640+00:00
2024-06-10,1622.6,1622.6,1560.0,1590.9,1365,1590.9,2026-09-03T19:34:51.232640+00:00
2024-06-11,1622.0,1622.0,1592.1,1605.0,1403,1605.0,2026-09-03T19:34:51.232640+00:00
2024-06-12,1635.0,1657.0,1592.5,1632.9,1977,1632.9,2026-09-03T19:34:51.232640+00:00
2024-06-13,1600.3,1695.0,1600.3,1672.0,2300,1672.0,2026-09-03T19:34:51.232640+00:00
2024-06-16,1700.0,1700.0,1620.0,1620.0,1210,1620.0,2026-09-03T19:34:51.232640+00:00
2024-06-18,1620.0,1719.0,1587.6,1645.0,1562,1645.0,2026-09-03T19:34:51.232640+00:00
2024-06-19,1665.0,1677.0,1620.2,1670.0,3902,1670.0,2026-09-03T19:34:51.232640+00:00
2024-06-20,1703.4,1703.4,1650.0,1674.9,2128,1674.9,2026-09-03T19:34:51.232640+00:00
2024-06-23,1695.0,1695.0,1628.1,1635.0,812,1635.0,2026-09-03T19:34:51.232640+00:00
2024-06-24,1666.0,1698.0,1650.0,1670.0,1020,1670.0,2026-09-03T19:34:51.232640+00:00
2024-06-25,1688.0,1688.0,1660.0,1668.9,1418,1668.9,2026-09-03T19:34:51.232640+00:00
2024-06-26,1651.0,1660.0,1623.1,1650.0,1292,1650.0,2026-09-03T19:34:51.232640+00:00
2024-06-27,1618.2,1650.0,1618.2,1630.0,772,1630.0,2026-09-03T19:34:51.232640+00:00
2024-06-30,1600.2,1662.6,1599.0,1605.0,2179,1605.0,2026-09-03T19:34:51.232640+00:00
2024-07-01,1636.8,1636.8,1600.0,1636.0,1195,1636.0,2026-09-03T19:34:51.232640+00:00
2024-07-02,1668.0,1701.0,1645.0,1645.0,1020,1645.0,2026-09-03T19:34:51.232640+00:00
2024-07-03,1615.0,1639.0,1615.0,1631.0,943,1631.0,2026-09-03T19:34:51.232640+00:00
2024-07-04,1625.1,1663.0,1625.1,1662.0,1320,1662.0,2026-09-03T19:34:51.232640+00:00
2024-07-07,1690.0,1690.0,1656.0,1665.1,2170,1665.1,2026-09-03T19:34:51.232640+00:00
2024-07-08,1690.0,1690.0,1638.4,1660.0,429,1660.0,2026-09-03T19:34:51.232640+00:00
2024-07-09,1627.3,1805.0,1627.3,1805.0,6086,1805.0,2026-09-03T19:34:51.232640+00:00
2024-07-10,1840.0,1955.3,1840.0,1889.0,5593,1889.0,2026-09-03T19:34:51.232640+00:00
2024-07-11,1880.0,1960.0,1854.2,1920.8,3554,1920.8,2026-09-03T19:34:51.232640+00:00
2024-07-14,1885.0,1921.0,1885.0,1919.9,3666,1919.9,2026-09-03T19:34:51.232640+00:00
2024-07-15,1883.1,1887.1,1853.0,1860.0,2257,1860.0,2026-09-03T19:34:51.232640+00:00
2024-07-16,1853.0,1897.0,1853.0,1896.0,1061,1896.0,2026-09-03T19:34:51.232640+00:00
2024-07-17,1896.0,1899.0,1864.0,1899.0,2094,1899.0,2026-09-03T19:34:51.232640+00:00
2024-07-18,1875.0,1948.2,1870.0,1926.0,3690,1926.0,2026-09-03T19:34:51.232640+00:00
2024-07-21,1926.0,1926.0,1853.0,1880.0,1932,1880.0,2026-09-03T19:34:51.232640+00:00
2024-07-22,1880.0,1880.0,1860.0,1877.7,1034,1877.7,2026-09-03T19:34:51.232640+00:00
2024-07-23,1862.0,1899.0,1855.0,1857.0,3230,1857.0,2026-09-03T19:34:51.232640+00:00
2024-07-24,1840.2,1890.0,1840.2,1845.0,1795,1845.0,2026-09-03T19:34:51.232640+00:00
2024-07-25,1881.9,2029.5,1881.9,1971.0,7542,1971.0,2026-09-03T19:34:51.232640+00:00
2024-07-28,2009.9,2010.0,1870.0,1958.0,3230,1958.0,2026-09-03T19:34:51.232640+00:00
2024-07-29,1919.1,1919.1,1848.0,1850.0,2169,1850.0,2026-09-03T19:34:51.232640+00:00
2024-07-30,1850.0,1877.9,1820.1,1860.0,1256,1860.0,2026-09-03T19:34:51.232640+00:00
2024-07-31,1825.1,1893.0,1825.1,1845.0,3579,1845.0,2026-09-03T19:34:51.232640+00:00
2024-08-01,1868.0,1870.0,1812.0,1833.0,2528,1833.0,2026-09-03T19:34:51.232640+00:00
2024-08-05,1850.0,1860.0,1775.0,1804.0,3018,1804.0,2026-09-03T19:34:51.232640+00:00
2024-08-06,1839.0,1839.0,1750.0,1760.0,1178,1760.0,2026-09-03T19:34:51.232640+00:00
2024-08-07,1792.9,1830.0,1760.0,1770.0,2652,1770.0,2026-09-03T19:34:51.232640+00:00
2024-08-08,1800.0,1840.0,1750.0,1752.2,1305,1752.2,2026-09-03T19:34:51.232640+00:00
2024-08-11,1787.2,1850.0,1787.2,1823.0,2925,1823.0,2026-09-03T19:34:51.232640+00:00
2024-08-12,1859.0,1859.0,1797.0,1815.0,3718,1815.0,2026-09-03T19:34:51.232640+00:00
2024-08-13,1800.0,1825.0,1783.1,1790.0,763,1790.0,2026-09-03T19:34:51.232640+00:00
2024-08-14,1788.0,1788.0,1733.5,1755.0,1537,1755.0,2026-09-03T19:34:51.232640+00:00
2024-08-15,1730.0,1800.0,1730.0,1749.1,3092,1749.1,2026-09-03T19:34:51.232640+00:00
2024-08-18,1749.1,1783.0,1725.0,1725.0,2508,1725.0,2026-09-03T19:34:51.232640+00:00
2024-08-21,1703.1,1760.1,1703.1,1740.0,1178,1740.0,2026-09-03T19:34:51.232640+00:00
2024-08-22,1712.0,1754.0,1712.0,1750.0,1234,1750.0,2026-09-03T19:34:51.232640+00:00
2024-08-25,1760.1,1815.0,1755.0,1784.0,4969,1784.0,2026-09-03T19:34:51.232640+00:00
2024-08-27,1819.0,1825.0,1770.0,1770.0,3811,1770.0,2026-09-03T19:34:51.232640+00:00
2024-08-28,1739.1,1820.0,1739.1,1780.0,1302,1780.0,2026-09-03T19:34:51.232640+00:00
2024-08-29,1750.1,1790.0,1726.0,1733.0,2210,1733.0,2026-09-03T19:34:51.232640+00:00
2024-09-01,1700.5,1749.0,1700.1,1720.0,786,1720.0,2026-09-03T19:34:51.232640+00:00
2024-09-02,1702.0,1787.0,1700.0,1731.0,815,1731.0,2026-09-03T19:34:51.232640+00:00
2024-09-03,1765.0,1790.9,1737.0,1757.0,795,1757.0,2026-09-03T19:34:51.232640+00:00
2024-09-04,1791.0,1845.0,1756.3,1791.0,7651,1791.0,2026-09-03T19:34:51.232640+00:00
2024-09-05,1800.0,1938.0,1800.0,1913.0,16222,1913.0,2026-09-03T19:34:51.232640+00:00
2024-09-08,1951.2,2100.0,1950.0,2066.0,13335,2066.0,2026-09-03T19:34:51.232640+00:00
2024-09-09,2099.0,2099.0,1920.0,1922.0,4720,1922.0,2026-09-03T19:34:51.232640+00:00
2024-09-10,1959.0,1960.0,1868.4,1890.0,3961,1890.0,2026-09-03T19:34:51.232640+00:00
2024-09-11,1856.0,2020.0,1852.2,1939.9,5295,1939.9,2026-09-03T19:34:51.232640+00:00
2024-09-12,1960.0,1978.0,1904.0,1977.0,4286,1977.0,2026-09-03T19:34:51.232640+00:00
2024-09-15,1981.0,2122.4,1960.0,2000.0,7177,2000.0,2026-09-03T19:34:51.232640+00:00
2024-09-16,2000.0,2019.9,1887.0,1900.0,2955,1900.0,2026-09-03T19:34:51.232640+00:00
2024-09-18,1870.0,1930.0,1870.0,1870.0,1940,1870.0,2026-09-03T19:34:51.232640+00:00
2024-09-22,1907.0,1910.0,1861.0,1875.0,834,1875.0,2026-09-03T19:34:51.232640+00:00
2024-09-23,1875.0,1875.0,1801.2,1819.0,1796,1819.0,2026-09-03T19:34:51.232640+00:00
2024-09-24,1800.0,1847.0,1716.0,1748.0,1858,1748.0,2026-09-03T19:34:51.232640+00:00
2024-09-25,1716.0,1800.0,1690.0,1799.8,1564,1799.8,2026-09-03T19:34:51.232640+00:00
2024-09-26,1835.0,1871.0,1745.0,1770.0,1250,1770.0,2026-09-03T19:34:51.232640+00:00
2024-09-29,1805.4,1805.4,1720.0,1748.0,321,1748.0,2026-09-03T19:34:51.232640+00:00
2024-09-30,1765.0,1800.0,1755.0,1760.0,740,1760.0,2026-09-03T19:34:51.232640+00:00
2024-10-01,1795.0,1865.0,1735.0,1760.2,3976,1760.2,2026-09-03T19:34:51.232640+00:00
2024-10-02,1795.4,1819.9,1766.0,1766.0,2122,1766.0,2026-09-03T19:34:51.232640+00:00
2024-10-06,1800.0,1825.0,1775.0,1800.0,852,1800.0,2026-09-03T19:34:51.232640+00:00
2024-10-07,1836.0,1870.0,1813.0,1829.0,550,1829.0,2026-09-03T19:34:51.232640+00:00
2024-10-08,1821.0,1821.0,1785.0,1788.3,390,1788.3,2026-09-03T19:34:51.232640+00:00
2024-10-09,1789.0,1820.0,1770.0,1820.0,1870,1820.0,2026-09-03T19:34:51.232640+00:00
2024-10-15,1785.0,1850.0,1785.0,1849.0,476,1849.0,2026-09-03T19:34:51.232640+00:00
2024-10-16,1845.0,1850.0,1815.0,1848.0,922,1848.0,2026-09-03T19:34:51.232640+00:00
2024-10-17,1830.0,1844.0,1785.0,1785.0,1213,1785.0,2026-09-03T19:34:51.232640+00:00
2024-10-20,1770.0,1795.0,1752.0,1774.0,717,1774.0,2026-09-03T19:34:51.232640+00:00
2024-10-21,1785.0,1830.0,1762.0,1778.0,1557,1778.0,2026-09-03T19:34:51.232640+00:00
2024-10-22,1758.0,1833.0,1758.0,1805.0,1078,1805.0,2026-09-03T19:34:51.232640+00:00
2024-10-23,1805.0,1825.0,1780.0,1809.0,818,1809.0,2026-09-03T19:34:51.232640+00:00
2024-10-24,1826.3,1826.3,1738.6,1770.9,1139,1770.9,2026-09-03T19:34:51.232640+00:00
2024-10-27,1797.0,1797.0,1744.0,1750.0,1529,1750.0,2026-09-03T19:34:51.232640+00:00
2024-10-28,1777.0,1812.0,1754.1,1754.1,653,1754.1,2026-09-03T19:34:51.232640+00:00
2024-10-29,1745.0,1800.0,1745.0,1800.0,1373,1800.0,2026-09-03T19:34:51.232640+00:00
2024-10-30,1835.0,1835.0,1788.1,1817.0,1057,1817.0,2026-09-03T19:34:51.232640+00:00
2024-11-05,1780.7,1850.0,1780.7,1841.2,1718,1841.2,2026-09-03T19:34:51.232640+00:00
2024-11-06,1805.0,1848.0,1770.0,1843.0,778,1843.0,2026-09-03T19:34:51.232640+00:00
2024-11-10,1845.0,1890.0,1820.0,1890.0,3068,1890.0,2026-09-03T19:34:51.232640+00:00
2024-11-11,1927.5,2079.0,1927.5,2079.0,8261,2079.0,2026-09-03T19:34:51.232640+00:00
2024-11-12,2120.0,2286.9,2120.0,2229.0,10863,2229.0,2026-09-03T19:34:51.232640+00:00
2024-11-13,2185.0,2448.0,2147.0,2433.0,13262,2433.0,2026-09-03T19:34:51.232640+00:00
2024-11-14,2400.0,2527.5,2350.0,2350.0,8236,2350.0,2026-09-03T19:34:51.232640+00:00
2024-11-17,2395.0,2517.0,2395.0,2475.0,11882,2475.0,2026-09-03T19:34:51.232640+00:00
2024-11-19,2500.0,2600.0,2410.0,2477.0,16680,2477.0,2026-09-03T19:34:51.232640+00:00
2024-11-20,2465.0,2724.0,2443.0,2724.0,10208,2724.0,2026-09-03T19:34:51.232640+00:00
2024-11-21,2669.6,2669.6,2531.0,2532.0,3489,2532.0,2026-09-03T19:34:51.232640+00:00
2024-11-24,2560.0,2560.0,2382.0,2430.0,7743,2430.0,2026-09-03T19:34:51.232640+00:00
2024-11-25,2400.0,2580.0,2385.0,2500.0,5116,2500.0,2026-09-03T19:34:51.232640+00:00
2024-11-26,2550.0,2750.0,2515.0,2750.0,16979,2750.0,2026-09-03T19:34:51.232640+00:00
2024-11-27,2805.0,3025.0,2755.0,3025.0,22875,3025.0,2026-09-03T19:34:51.232640+00:00
2024-11-28,2964.5,3327.0,2916.5,3327.0,11356,3327.0,2026-09-03T19:34:51.232640+00:00
2024-12-01,2865.8,3200.0,2690.0,3200.0,7509,3200.0,2026-09-03T19:34:51.232640+00:00
2024-12-02,3136.0,3325.2,2900.0,3325.2,9454,3325.2,2026-09-03T19:34:51.232640+00:00
2024-12-03,3258.7,3456.0,2992.7,3456.0,9254,3456.0,2026-09-03T19:34:51.232640+00:00
2024-12-04,3386.9,3386.9,3110.4,3110.4,5679,3110.4,2026-09-03T19:34:51.232640+00:00
2024-12-05,3048.2,3048.2,2805.1,2850.0,4467,2850.0,2026-09-03T19:34:51.232640+00:00
2024-12-08,2793.0,2848.0,2720.0,2720.0,2666,2720.0,2026-09-03T19:34:51.232640+00:00
2024-12-09,2720.0,2922.0,2634.0,2815.0,7192,2815.0,2026-09-03T19:34:51.232640+00:00
2024-12-10,2758.7,3028.0,2710.0,2735.0,2909,2735.0,2026-09-03T19:34:51.232640+00:00
2024-12-11,2735.0,2735.0,2660.0,2670.1,2124,2670.1,2026-09-03T19:34:51.232640+00:00
2024-12-12,2671.0,2703.0,2617.0,2617.0,2425,2617.0,2026-09-03T19:34:51.232640+00:00
2024-12-16,2567.0,2650.0,2472.0,2500.0,2197,2500.0,2026-09-03T19:34:51.232640+00:00
2024-12-17,2502.0,2750.0,2502.0,2750.0,4134,2750.0,2026-09-03T19:34:51.232640+00:00
2024-12-18,2805.0,3025.0,2805.0,3025.0,9274,3025.0,2026-09-03T19:34:51.232640+00:00
2024-12-19,3085.5,3327.5,3070.0,3327.5,21887,3327.5,2026-09-03T19:34:51.232640+00:00
2024-12-22,3261.0,3660.2,2994.8,3660.2,24643,3660.2,2026-09-03T19:34:51.232640+00:00
2024-12-23,3587.0,4026.2,3294.2,4026.2,29307,4026.2,2026-09-03T19:34:51.232640+00:00
2024-12-24,3945.7,3945.7,3623.6,3623.6,6171,3623.6,2026-09-03T19:34:51.232640+00:00
2024-12-26,3551.2,3985.9,3261.3,3985.9,46806,3985.9,2026-09-03T19:34:51.232640+00:00
2024-12-29,3906.2,3906.2,3587.4,3587.4,495,3587.4,2026-09-03T19:34:51.232640+00:00
2024-12-31,3515.7,3515.7,3228.7,3228.7,554,3228.7,2026-09-03T19:34:51.232640+00:00
2025-01-01,3164.2,3164.2,2905.9,2905.9,26603,2905.9,2026-09-03T19:34:51.232640+00:00
2025-01-02,2847.8,2944.0,2634.3,2760.0,18349,2760.0,2026-09-03T19:34:51.232640+00:00
2025-01-05,2704.8,2844.0,2704.8,2768.0,6943,2768.0,2026-09-03T19:34:51.232640+00:00
2025-01-06,2770.0,2770.0,2675.1,2710.0,7078,2710.0,2026-09-03T19:34:51.232640+00:00
2025-01-07,2710.0,2798.9,2700.0,2730.0,10620,2730.0,2026-09-03T19:34:51.232640+00:00
2025-01-08,2784.0,2784.0,2680.0,2680.1,7372,2680.1,2026-09-03T19:34:51.232640+00:00
2025-01-09,2680.0,2718.0,2620.0,2620.0,9265,2620.0,2026-09-03T19:34:51.232640+00:00
2025-01-12,2615.0,2650.0,2520.0,2555.0,5092,2555.0,2026-09-03T19:34:51.232640+00:00
2025-01-13,2600.0,2793.0,2580.0,2770.0,14615,2770.0,2026-09-03T19:34:51.232640+00:00
2025-01-15,2800.0,2810.5,2666.0,2666.0,6999,2666.0,2026-09-03T19:34:51.232640+00:00
2025-01-16,2666.0,2743.6,2653.0,2653.0,4288,2653.0,2026-09-03T19:34:51.232640+00:00
2025-01-19,2605.0,2706.0,2605.0,2659.0,4633,2659.0,2026-09-03T19:34:51.232640+00:00
2025-01-20,2650.0,2689.9,2641.0,2645.3,4375,2645.3,2026-09-03T19:34:51.232640+00:00
2025-01-21,2620.0,2670.0,2617.0,2617.2,3289,2617.2,2026-09-03T19:34:51.232640+00:00
2025-01-22,2620.0,2650.3,2611.0,2642.0,3010,2642.0,2026-09-03T19:34:51.232640+00:00
2025-01-23,2642.0,2906.0,2632.1,2825.0,16940,2825.0,2026-09-03T19:34:51.232640+00:00
2025-01-26,2825.0,2882.0,2751.0,2775.0,9284,2775.0,2026-09-03T19:34:51.232640+00:00
2025-01-27,2800.0,2800.0,2706.0,2770.0,6137,2770.0,2026-09-03T19:34:51.232640+00:00
2025-01-28,2823.0,2823.0,2695.0,2700.0,8215,2700.0,2026-09-03T19:34:51.232640+00:00
2025-02-02,2750.0,2825.0,2730.0,2792.0,9867,2792.0,2026-09-03T19:34:51.232640+00:00
2025-02-03,2750.1,2827.0,2683.4,2731.0,6762,2731.0,2026-09-03T19:34:51.232640+00:00
2025-02-04,2779.0,2779.0,2660.0,2687.0,6566,2687.0,2026-09-03T19:34:51.232640+00:00
2025-02-05,2688.0,2738.4,2670.0,2686.0,3040,2686.0,2026-09-03T19:34:51.232640+00:00
2025-02-06,2700.0,2771.0,2700.0,2770.0,6020,2770.0,2026-09-03T19:34:51.232640+00:00
2025-02-09,2790.0,2790.0,2720.0,2748.0,4199,2748.0,2026-09-03T19:34:51.232640+00:00
2025-02-10,2780.0,2785.0,2715.0,2740.0,3547,2740.0,2026-09-03T19:34:51.232640+00:00
2025-02-11,2741.0,2760.0,2720.2,2723.0,3005,2723.0,2026-09-03T19:34:51.232640+00:00
2025-02-12,2759.9,2760.0,2680.0,2700.0,3779,2700.0,2026-09-03T19:34:51.232640+00:00
2025-02-13,2752.0,2753.0,2682.1,2686.3,3548,2686.3,2026-09-03T19:34:51.232640+00:00
2025-02-16,2739.0,2879.0,2700.0,2870.0,10425,2870.0,2026-09-03T19:34:51.232640+00:00
2025-02-17,2898.0,3157.0,2898.0,2941.0,9889,2941.0,2026-09-03T19:34:51.232640+00:00
2025-02-18,2989.0,2999.0,2841.0,2902.0,5671,2902.0,2026-09-03T19:34:51.232640+00:00
2025-02-20,2959.0,2960.0,2851.0,2874.0,5448,2874.0,2026-09-03T19:34:51.232640+00:00
2025-02-23,2820.0,2930.0,2762.0,2885.0,8307,2885.0,2026-09-03T19:34:51.232640+00:00
2025-02-24,2920.0,2935.0,2855.1,2855.1,5629,2855.1,2026-09-03T19:34:51.232640+00:00
2025-02-25,2911.8,3140.6,2870.0,3111.0,15459,3111.0,2026-09-03T19:34:51.232640+00:00
2025-02-27,3173.2,3309.9,3125.0,3277.0,10846,3277.0,2026-09-03T19:34:51.232640+00:00
2025-03-02,3215.0,3250.1,2950.0,3180.0,8689,3180.0,2026-09-03T19:34:51.232640+00:00
2025-03-03,3130.0,3130.0,2950.0,2970.0,8047,2970.0,2026-09-03T19:34:51.232640+00:00
2025-03-04,2950.0,2950.0,2740.0,2799.0,11708,2799.0,2026-09-03T19:34:51.232640+00:00
2025-03-05,2799.0,2950.0,2681.0,2870.0,6389,2870.0,2026-09-03T19:34:51.232640+00:00
2025-03-06,2920.0,2920.0,2815.1,2880.0,2035,2880.0,2026-09-03T19:34:51.232640+00:00
2025-03-09,2850.0,2850.0,2770.0,2777.1,2277,2777.1,2026-09-03T19:34:51.232640+00:00
2025-03-10,2731.0,2800.0,2729.0,2770.0,2668,2770.0,2026-09-03T19:34:51.232640+00:00
2025-03-11,2750.0,2769.9,2700.0,2703.3,3019,2703.3,2026-09-03T19:34:51.232640+00:00
2025-03-12,2703.3,2749.7,2698.0,2727.0,2014,2727.0,2026-09-03T19:34:51.232640+00:00
2025-03-16,2691.1,2742.0,2690.0,2728.0,1979,2728.0,2026-09-03T19:34:51.232640+00:00
2025-03-17,2700.1,2749.0,2680.0,2683.0,4768,2683.0,2026-09-03T19:34:51.232640+00:00
2025-03-18,2736.0,2736.0,2702.5,2719.0,808,2719.0,2026-09-03T19:34:51.232640+00:00
2025-03-19,2664.7,2772.2,2664.7,2719.0,1184,2719.0,2026-09-03T19:34:51.232640+00:00
2025-03-20,2699.0,2800.0,2687.0,2712.01,2177,2712.01,2026-09-03T19:34:51.232640+00:00
2025-03-23,2690.1,2712.0,2561.3,2566.8,3681,2566.8,2026-09-03T19:34:51.232640+00:00
2025-03-24,2525.5,2618.0,2466.0,2514.36,11568,2514.36,2026-09-03T19:34:51.232640+00:00
2025-03-25,2500.0,2510.0,2312.0,2329.01,8428,2329.01,2026-09-03T19:34:51.232640+00:00
2025-03-26,2283.0,2430.0,2283.0,2362.15,5529,2362.15,2026-09-03T19:34:51.232640+00:00
2025-03-27,2362.15,2574.3,2350.0,2563.61,7804,2563.61,2026-09-03T19:34:51.232640+00:00
2025-03-30,2563.0,2607.0,2464.0,2556.04,5043,2556.04,2026-09-03T19:34:51.232640+00:00
2025-04-01,2570.0,2580.0,2420.0,2492.8,3411,2492.8,2026-09-03T19:34:51.232640+00:00
2025-04-02,2451.0,2514.0,2451.0,2492.31,1640,2492.31,2026-09-03T19:34:51.232640+00:00
2025-04-03,2492.3,2500.0,2454.0,2455.82,2178,2455.82,2026-09-03T19:34:51.232640+00:00
2025-04-07,2417.0,2430.0,2400.0,2406.03,2062,2406.03,2026-09-03T19:34:51.232640+00:00
2025-04-08,2380.0,2503.0,2330.0,2472.45,3900,2472.45,2026-09-03T19:34:51.232640+00:00
2025-04-09,2472.0,2500.0,2423.1,2456.45,1671,2456.45,2026-09-03T19:34:51.232640+00:00
2025-04-10,2450.0,2480.0,2412.0,2425.55,1071,2425.55,2026-09-03T19:34:51.232640+00:00
2025-04-13,2449.0,2456.8,2381.0,2396.21,1918,2396.21,2026-09-03T19:34:51.232640+00:00
2025-04-15,2351.0,2443.0,2351.0,2400.6,1522,2400.6,2026-09-03T19:34:51.232640+00:00
2025-04-16,2395.0,2400.0,2391.0,2400.0,477,2400.0,2026-09-03T19:34:51.232640+00:00
2025-04-17,2400.0,2445.0,2400.0,2411.91,2994,2411.91,2026-09-03T19:34:51.232640+00:00
2025-04-20,2410.0,2410.0,2360.0,2392.5,876,2392.5,2026-09-03T19:34:51.232640+00:00
2025-04-21,2440.3,2489.0,2400.1,2433.77,3280,2433.77,2026-09-03T19:34:51.232640+00:00
2025-04-22,2450.0,2460.0,2420.0,2432.83,1563,2432.83,2026-09-03T19:34:51.232640+00:00
2025-04-23,2420.0,2438.0,2396.0,2399.09,949,2399.09,2026-09-03T19:34:51.232640+00:00
2025-04-24,2381.0,2389.0,2355.0,2360.61,2285,2360.61,2026-09-03T19:34:51.232640+00:00
2025-04-27,2360.61,2360.61,2316.0,2325.93,1744,2325.93,2026-09-03T19:34:51.232640+00:00
2025-04-28,2301.0,2335.0,2255.0,2290.95,2979,2290.95,2026-09-03T19:34:51.232640+00:00
2025-04-29,2263.0,2263.0,2216.0,2236.44,1836,2236.44,2026-09-03T19:34:51.232640+00:00
2025-04-30,2222.0,2270.0,2192.0,2242.36,2384,2242.36,2026-09-03T19:34:51.232640+00:00
2025-05-04,2287.2,2455.0,2287.2,2445.09,5214,2445.09,2026-09-03T19:34:51.232640+00:00
2025-05-05,2489.0,2490.0,2312.0,2386.51,1893,2386.51,2026-09-03T19:34:51.232640+00:00
2025-05-06,2361.0,2425.0,2325.0,2410.0,1192,2410.0,2026-09-03T19:34:51.232640+00:00
2025-05-07,2362.0,2400.0,2334.0,2361.8,1377,2361.8,2026-09-03T19:34:51.232640+00:00
2025-05-08,2341.1,2360.0,2295.0,2309.99,2145,2309.99,2026-09-03T19:34:51.232640+00:00
2025-05-11,2310.0,2356.2,2275.1,2323.33,1549,2323.33,2026-09-03T19:34:51.232640+00:00
2025-05-13,2282.0,2344.0,2282.0,2313.22,1424,2313.22,2026-09-03T19:34:51.232640+00:00
2025-05-14,2320.0,2350.0,2280.0,2285.28,2700,2285.28,2026-09-03T19:34:51.232640+00:00
2025-05-15,2285.28,2300.0,2275.0,2289.55,1346,2289.55,2026-09-03T19:34:51.232640+00:00
2025-05-18,2292.0,2329.0,2291.1,2292.88,1732,2292.88,2026-09-03T19:34:51.232640+00:00
2025-05-19,2330.0,2338.0,2270.2,2299.92,1516,2299.92,2026-09-03T19:34:51.232640+00:00
2025-05-20,2264.1,2316.0,2264.1,2312.65,1064,2312.65,2026-09-03T19:34:51.232640+00:00
2025-05-21,2358.0,2445.0,2301.1,2336.58,1257,2336.58,2026-09-03T19:34:51.232640+00:00
2025-05-22,2381.0,2389.0,2296.1,2356.18,1875,2356.18,2026-09-03T19:34:51.232640+00:00
2025-05-25,2402.9,2402.9,2333.1,2347.12,2282,2347.12,2026-09-03T19:34:51.232640+00:00
2025-05-26,2353.0,2391.7,2340.0,2343.89,1856,2343.89,2026-09-03T19:34:51.232640+00:00
2025-05-27,2301.1,2353.9,2301.1,2308.5,696,2308.5,2026-09-03T19:34:51.232640+00:00
2025-05-28,2265.0,2356.5,2264.2,2275.91,1832,2275.91,2026-09-03T19:34:51.232640+00:00
2025-06-02,2315.0,2315.0,2252.0,2265.2,1840,2265.2,2026-09-03T19:34:51.232640+00:00
2025-06-03,2226.4,2298.9,2190.0,2211.7,3962,2211.7,2026-09-03T19:34:51.232640+00:00
2025-06-04,2203.0,2229.0,2186.0,2196.45,2353,2196.45,2026-09-03T19:34:51.232640+00:00
2025-06-05,2239.9,2239.9,2161.0,2167.24,1512,2167.24,2026-09-03T19:34:51.232640+00:00
2025-06-08,2135.0,2192.9,2085.0,2089.47,1949,2089.47,2026-09-03T19:34:51.232640+00:00
2025-06-09,2130.0,2130.0,2087.4,2109.94,1245,2109.94,2026-09-03T19:34:51.232640+00:00
2025-06-10,2068.9,2225.0,2068.9,2170.08,1472,2170.08,2026-09-03T19:34:51.232640+00:00
2025-06-11,2143.0,2185.8,2142.0,2152.49,593,2152.49,2026-09-03T19:34:51.232640+00:00
2025-06-12,2152.0,2152.0,2108.0,2116.27,1030,2116.27,2026-09-03T19:34:51.232640+00:00
2025-06-15,2086.0,2115.0,2066.0,2113.61,2838,2113.61,2026-09-03T19:34:51.232640+00:00
2025-06-16,2075.0,2123.6,2075.0,2104.54,762,2104.54,2026-09-03T19:34:51.232640+00:00
2025-06-17,2067.0,2219.9,2067.0,2127.39,1506,2127.39,2026-09-03T19:34:51.232640+00:00
2025-06-18,2169.9,2210.0,2085.0,2094.11,1041,2094.11,2026-09-03T19:34:51.232640+00:00
2025-06-19,2094.0,2094.0,2063.0,2068.83,1168,2068.83,2026-09-03T19:34:51.232640+00:00
2025-06-22,2050.0,2073.0,2016.0,2023.02,1530,2023.02,2026-09-03T19:34:51.232640+00:00
2025-06-23,2023.0,2030.0,2010.0,2013.2,836,2013.2,2026-09-03T19:34:51.232640+00:00
2025-06-24,2030.0,2094.0,2013.2,2015.21,935,2015.21,2026-09-03T19:34:51.232640+00:00
2025-06-25,2000.0,2040.0,2000.0,2000.54,1356,2000.54,2026-09-03T19:34:51.232640+00:00
2025-06-26,2010.0,2010.0,1970.1,1972.49,1290,1972.49,2026-09-03T19:34:51.232640+00:00
2025-06-29,2009.0,2009.0,1968.1,1985.0,1003,1985.0,2026-09-03T19:34:51.232640+00:00
2025-06-30,2023.9,2064.0,2023.0,2041.92,1545,2041.92,2026-09-03T19:34:51.232640+00:00
2025-07-01,2077.0,2223.0,2077.0,2207.21,4666,2207.21,2026-09-03T19:34:51.232640+00:00
2025-07-02,2251.3,2251.3,2164.3,2198.24,1941,2198.24,2026-09-03T19:34:51.232640+00:00
2025-07-03,2230.0,2242.2,2127.0,2174.7,1403,2174.7,2026-09-03T19:34:51.232640+00:00
2025-07-06,2168.0,2208.0,2150.0,2151.48,1480,2151.48,2026-09-03T19:34:51.232640+00:00
2025-07-07,2113.0,2190.8,2113.0,2167.95,2182,2167.95,2026-09-03T19:34:51.232640+00:00
2025-07-08,2203.9,2203.9,2142.0,2161.82,418,2161.82,2026-09-03T19:34:51.232640+00:00
2025-07-09,2170.0,2211.5,2170.0,2198.0,743,2198.0,2026-09-03T19:34:51.232640+00:00
2025-07-10,2180.0,2219.0,2180.0,2191.26,842,2191.26,2026-09-03T19:34:51.232640+00:00
2025-07-13,2235.0,2312.3,2235.0,2301.58,4067,2301.58,2026-09-03T19:34:51.232640+00:00
2025-07-14,2305.0,2309.0,2270.0,2302.88,1992,2302.88,2026-09-03T19:34:51.232640+00:00
2025-07-15,2343.0,2348.0,2305.5,2322.3,1381,2322.3,2026-09-03T19:34:51.232640+00:00
2025-07-16,2367.0,2379.0,2306.0,2308.96,1540,2308.96,2026-09-03T19:34:51.232640+00:00
2025-07-17,2350.0,2363.0,2316.0,2357.28,1200,2357.28,2026-09-03T19:34:51.232640+00:00
2025-07-20,2340.0,2400.0,2340.0,2358.46,2045,2358.46,2026-09-03T19:34:51.232640+00:00
2025-07-21,2358.46,2391.0,2342.2,2351.5,1361,2351.5,2026-09-03T19:34:51.232640+00:00
2025-07-22,2351.5,2441.0,2351.5,2420.41,4028,2420.41,2026-09-03T19:34:51.232640+00:00
2025-07-23,2468.0,2468.0,2375.0,2405.01,3445,2405.01,2026-09-03T19:34:51.232640+00:00
2025-07-24,2453.1,2600.0,2453.1,2536.86,6230,2536.86,2026-09-03T19:34:51.232640+00:00
2025-07-27,2528.1,2550.0,2434.0,2443.89,4906,2443.89,2026-09-03T19:34:51.232640+00:00
2025-07-28,2401.1,2489.0,2356.2,2469.51,2129,2469.51,2026-09-03T19:34:51.232640+00:00
2025-07-29,2469.51,2530.0,2450.0,2486.14,1938,2486.14,2026-09-03T19:34:51.232640+00:00
2025-07-30,2461.0,2461.0,2415.0,2421.6,1571,2421.6,2026-09-03T19:34:51.232640+00:00
2025-07-31,2385.0,2420.0,2370.0,2379.98,1677,2379.98,2026-09-03T19:34:51.232640+00:00
2025-08-03,2379.98,2380.0,2290.0,2300.94,1871,2300.94,2026-09-03T19:34:51.232640+00:00
2025-08-04,2300.94,2390.0,2299.0,2351.85,2324,2351.85,2026-09-03T19:34:51.232640+00:00
2025-08-05,2321.8,2500.0,2321.8,2411.14,5475,2411.14,2026-09-03T19:34:51.232640+00:00
2025-08-06,2410.0,2457.9,2410.0,2454.31,2949,2454.31,2026-09-03T19:34:51.232640+00:00
2025-08-07,2470.0,2498.0,2421.0,2468.16,2550,2468.16,2026-09-03T19:34:51.232640+00:00
2025-08-11,2517.0,2517.0,2341.0,2419.99,3434,2419.99,2026-09-03T19:34:51.232640+00:00
2025-08-12,2419.99,2419.99,2351.7,2354.93,770,2354.93,2026-09-03T19:34:51.232640+00:00
2025-08-13,2350.0,2399.0,2310.1,2314.74,837,2314.74,2026-09-03T19:34:51.232640+00:00
2025-08-14,2314.0,2408.0,2305.0,2366.46,930,2366.46,2026-09-03T19:34:51.232640+00:00
2025-08-17,2327.0,2373.5,2300.0,2342.51,983,2342.51,2026-09-03T19:34:51.232640+00:00
2025-08-18,2301.0,2355.0,2260.0,2319.88,1028,2319.88,2026-09-03T19:34:51.232640+00:00
2025-08-19,2365.0,2365.0,2305.0,2315.73,875,2315.73,2026-09-03T19:34:51.232640+00:00
2025-08-20,2315.73,2334.0,2302.0,2307.12,619,2307.12,2026-09-03T19:34:51.232640+00:00
2025-08-21,2302.0,2303.0,2262.1,2289.92,926,2289.92,2026-09-03T19:34:51.232640+00:00
2025-08-24,2260.0,2305.0,2250.0,2259.16,1330,2259.16,2026-09-03T19:34:51.232640+00:00
2025-08-25,2304.3,2330.0,2265.0,2295.84,1577,2295.84,2026-09-03T19:34:51.232640+00:00
2025-08-26,2280.0,2315.0,2271.0,2296.83,693,2296.83,2026-09-03T19:34:51.232640+00:00
2025-08-27,2296.83,2320.0,2295.1,2300.03,1721,2300.03,2026-09-03T19:34:51.232640+00:00
2025-08-28,2310.0,2321.0,2273.0,2278.9,928,2278.9,2026-09-03T19:34:51.232640+00:00
2025-08-31,2291.0,2291.0,2240.0,2241.8,679,2241.8,2026-09-03T19:34:51.232640+00:00
2025-09-01,2241.8,2264.0,2220.0,2264.0,401,2264.0,2026-09-03T19:34:51.232640+00:00
2025-09-02,2224.0,2255.0,2210.0,2234.68,1185,2234.68,2026-09-03T19:34:51.232640+00:00
2025-09-03,2234.68,2240.0,2202.0,2224.0,485,2224.0,2026-09-03T19:34:51.232640+00:00
2025-09-04,2200.1,2201.0,2186.0,2193.34,756,2193.34,2026-09-03T19:34:51.232640+00:00
2025-09-07,2170.3,2222.0,2165.0,2209.0,635,2209.0,2026-09-03T19:34:51.232640+00:00
2025-09-08,2169.2,2170.1,2130.0,2148.0,692,2148.0,2026-09-03T19:34:51.232640+00:00
2025-09-18,2105.1,2145.0,2105.1,2105.1,60,2105.1,2026-09-03T19:34:51.232640+00:00
2025-09-21,2106.0,2150.0,2065.0,2105.81,1897,2105.81,2026-09-03T19:34:51.232640+00:00
2025-09-23,2121.0,2238.0,2120.0,2238.0,1902,2238.0,2026-09-03T19:34:51.232640+00:00
2025-09-24,2193.5,2215.0,2152.0,2215.0,405,2215.0,2026-09-03T19:34:51.232640+00:00
2025-09-25,2210.0,2248.0,2200.0,2238.0,1653,2238.0,2026-09-03T19:34:51.232640+00:00
2025-09-28,2279.9,2279.9,2235.0,2255.0,557,2255.0,2026-09-03T19:34:51.232640+00:00
2025-10-07,2210.0,2265.0,2170.0,2265.0,1357,2265.0,2026-09-03T19:34:51.232640+00:00
2025-10-08,2310.3,2310.3,2160.0,2194.0,765,2194.0,2026-09-03T19:34:51.232640+00:00
2025-10-09,2237.8,2282.0,2194.0,2235.0,1970,2235.0,2026-09-03T19:34:51.232640+00:00
2025-10-12,2190.3,2190.3,2130.0,2159.0,1707,2159.0,2026-09-03T19:34:51.232640+00:00
2025-10-13,2116.5,2190.0,2115.9,2155.0,594,2155.0,2026-09-03T19:34:51.232640+00:00
2025-10-14,2155.0,2155.0,2100.0,2144.0,308,2144.0,2026-09-03T19:34:51.232640+00:00
2025-10-15,2101.5,2119.7,2060.0,2118.8,1070,2118.8,2026-09-03T19:34:51.232640+00:00
2025-10-16,2077.0,2125.8,1995.2,2093.0,1323,2093.0,2026-09-03T19:34:51.232640+00:00
2025-10-19,2053.0,2079.9,2050.0,2079.9,449,2079.9,2026-09-03T19:34:51.232640+00:00
2025-10-26,2038.4,2061.0,1998.0,2058.0,1204,2058.0,2026-09-03T19:34:51.232640+00:00
2025-10-28,2088.0,2100.0,2080.0,2100.0,995,2100.0,2026-09-03T19:34:51.232640+00:00
2025-10-29,2105.0,2147.0,2100.0,2147.0,1248,2147.0,2026-09-03T19:34:51.232640+00:00
2025-10-30,2105.0,2249.0,2105.0,2246.0,3089,2246.0,2026-09-03T19:34:51.232640+00:00
2025-11-02,2246.0,2289.0,2192.0,2192.0,1722,2192.0,2026-09-03T19:34:51.232640+00:00
2025-11-03,2190.0,2207.9,2172.0,2207.9,723,2207.9,2026-09-03T19:34:51.232640+00:00
2025-11-04,2207.9,2225.0,2130.0,2162.0,919,2162.0,2026-09-03T19:34:51.232640+00:00
2025-11-05,2126.0,2167.0,2122.0,2167.0,1342,2167.0,2026-09-03T19:34:51.232640+00:00
2025-11-06,2170.0,2170.0,2100.0,2140.0,2089,2140.0,2026-09-03T19:34:51.232640+00:00
2025-11-09,2135.0,2135.0,2104.0,2129.0,346,2129.0,2026-09-03T19:34:51.232640+00:00
2025-11-10,2100.1,2121.0,2100.1,2120.0,687,2120.0,2026-09-03T19:34:51.232640+00:00
2025-11-11,2085.0,2137.0,2085.0,2130.0,542,2130.0,2026-09-03T19:34:51.232640+00:00
2025-11-12,2091.0,2125.0,2091.0,2095.0,378,2095.0,2026-09-03T19:34:51.232640+00:00
2025-11-13,2109.0,2110.0,2095.0,2095.0,360,2095.0,2026-09-03T19:34:51.232640+00:00
2025-11-16,2135.0,2136.0,2094.0,2100.0,493,2100.0,2026-09-03T19:34:51.232640+00:00
2025-11-17,2092.0,2140.0,2092.0,2130.0,692,2130.0,2026-09-03T19:34:51.232640+00:00
2025-11-18,2150.0,2150.0,2120.0,2139.0,215,2139.0,2026-09-03T19:34:51.232640+00:00
2025-11-19,2140.0,2145.0,2100.0,2139.0,700,2139.0,2026-09-03T19:34:51.232640+00:00
2025-11-20,2100.0,2134.9,2097.0,2134.9,1273,2134.9,2026-09-03T19:34:51.232640+00:00
2025-11-23,2111.0,2208.0,2100.0,2162.0,2503,2162.0,2026-09-03T19:34:51.232640+00:00
2025-11-24,2159.0,2198.0,2156.0,2173.1,1195,2173.1,2026-09-03T19:34:51.232640+00:00
2025-11-25,2175.0,2205.0,2156.0,2199.9,2519,2199.9,2026-09-03T19:34:51.232640+00:00
2025-11-26,2163.0,2198.0,2157.5,2196.9,326,2196.9,2026-09-03T19:34:51.232640+00:00
2025-11-27,2217.9,2240.0,2180.1,2214.0,1134,2214.0,2026-09-03T19:34:51.232640+00:00
2025-11-30,2239.9,2239.9,2170.0,2199.0,818,2199.0,2026-09-03T19:34:51.232640+00:00
2025-12-01,2238.0,2238.0,2185.0,2185.0,228,2185.0,2026-09-03T19:34:51.232640+00:00
2025-12-02,2142.0,2170.0,2115.0,2154.0,1844,2154.0,2026-09-03T19:34:51.232640+00:00
2025-12-03,2141.0,2155.0,2090.0,2148.0,2093,2148.0,2026-09-03T19:34:51.232640+00:00
2025-12-07,2130.0,2160.0,2117.0,2151.0,680,2151.0,2026-09-03T19:34:51.232640+00:00
2025-12-08,2108.0,2108.0,1935.9,2040.0,12702,2040.0,2026-09-03T19:34:51.232640+00:00
2025-12-09,2040.0,2040.0,2001.0,2030.0,1814,2030.0,2026-09-03T19:34:51.232640+00:00
2025-12-10,2035.0,2047.0,1993.0,2037.0,2578,2037.0,2026-09-03T19:34:51.232640+00:00
2025-12-11,1997.0,2030.0,1961.0,2015.0,2211,2015.0,2026-09-03T19:34:51.232640+00:00
2025-12-14,2010.0,2020.0,1990.5,1997.0,1605,1997.0,2026-09-03T19:34:51.232640+00:00
2025-12-15,1985.3,2018.0,1985.3,2005.0,995,2005.0,2026-09-03T19:34:51.232640+00:00
2025-12-16,2005.0,2015.0,2000.0,2015.0,1053,2015.0,2026-09-03T19:34:51.232640+00:00
2025-12-17,2005.0,2007.0,1995.0,1996.1,1584,1996.1,2026-09-03T19:34:51.232640+00:00
2025-12-18,1990.1,1995.0,1981.0,1985.3,595,1985.3,2026-09-03T19:34:51.232640+00:00
2025-12-21,1980.0,1990.0,1950.1,1952.0,3843,1952.0,2026-09-03T19:34:51.232640+00:00
2025-12-22,1945.0,1950.0,1925.0,1926.0,1947,1926.0,2026-09-03T19:34:51.232640+00:00
2025-12-23,1902.0,1935.0,1891.5,1935.0,1348,1935.0,2026-09-03T19:34:51.232640+00:00
2025-12-24,1935.0,1935.0,1900.0,1900.0,2036,1900.0,2026-09-03T19:34:51.232640+00:00
2025-12-28,1900.0,1910.0,1886.5,1891.0,3550,1891.0,2026-09-03T19:34:51.232640+00:00
2025-12-29,1928.0,1928.0,1882.2,1886.0,2892,1886.0,2026-09-03T19:34:51.232640+00:00
2025-12-31,1756.8,1791.9,1740.0,1740.0,2930,1740.0,2026-09-03T19:34:51.232640+00:00
2026-01-01,1740.0,1760.0,1740.0,1745.0,1269,1745.0,2026-09-03T19:34:51.232640+00:00
2026-01-04,1745.0,1760.0,1710.1,1750.0,1809,1750.0,2026-09-03T19:34:51.232640+00:00
2026-01-05,1750.1,1799.0,1750.0,1799.0,2320,1799.0,2026-09-03T19:34:51.232640+00:00
2026-01-06,1834.0,1834.0,1785.0,1813.0,6591,1813.0,2026-09-03T19:34:51.232640+00:00
2026-01-07,1800.0,1810.0,1785.0,1790.0,1335,1790.0,2026-09-03T19:34:51.232640+00:00
2026-01-08,1800.0,1817.0,1790.0,1790.0,2713,1790.0,2026-09-03T19:34:51.232640+00:00
2026-01-12,1770.0,1805.0,1740.0,1780.0,1529,1780.0,2026-09-03T19:34:51.232640+00:00
2026-01-13,1751.2,1784.9,1745.0,1784.9,1556,1784.9,2026-09-03T19:34:51.232640+00:00
2026-01-14,1755.0,1790.0,1755.0,1783.0,782,1783.0,2026-09-03T19:34:51.232640+00:00
2026-01-18,1800.0,1815.0,1781.2,1797.0,1574,1797.0,2026-09-03T19:34:51.232640+00:00
2026-01-20,1810.0,1875.0,1805.5,1858.0,3876,1858.0,2026-09-03T19:34:51.232640+00:00
2026-01-21,1860.0,1879.9,1840.0,1859.9,1545,1859.9,2026-09-03T19:34:51.232640+00:00
2026-01-22,1860.0,1878.0,1851.0,1864.0,1019,1864.0,2026-09-03T19:34:51.232640+00:00
2026-01-25,1835.0,1914.0,1835.0,1914.0,3144,1914.0,2026-09-03T19:34:51.232640+00:00
2026-01-26,1940.0,1949.0,1900.1,1940.0,1012,1940.0,2026-09-03T19:34:51.232640+00:00
2026-01-27,1975.0,2134.0,1975.0,2033.0,9747,2033.0,2026-09-03T19:34:51.232640+00:00
2026-01-28,2000.0,2029.0,1980.0,2000.0,4063,2000.0,2026-09-03T19:34:51.232640+00:00
2026-01-29,2000.0,2040.0,1951.0,1951.0,2875,1951.0,2026-09-03T19:34:51.232640+00:00
2026-02-01,1943.0,1943.0,1900.0,1900.1,2531,1900.1,2026-09-03T19:34:51.232640+00:00
2026-02-02,1904.0,1905.0,1866.0,1871.0,2171,1871.0,2026-09-03T19:34:51.232640+00:00
2026-02-03,1871.0,1918.0,1860.0,1917.0,2349,1917.0,2026-09-03T19:34:51.232640+00:00
2026-02-04,1946.0,1946.0,1907.2,1928.0,691,1928.0,2026-09-03T19:34:51.232640+00:00
2026-02-05,1924.0,1924.9,1896.1,1903.0,575,1903.0,2026-09-03T19:34:51.232640+00:00
2026-02-08,1911.0,1919.0,1900.0,1903.0,1205,1903.0,2026-09-03T19:34:51.232640+00:00
2026-02-09,1895.0,1897.0,1882.0,1885.0,971,1885.0,2026-09-03T19:34:51.232640+00:00
2026-02-10,1850.2,1888.4,1850.2,1888.0,494,1888.0,2026-09-03T19:34:51.232640+00:00
2026-02-11,1910.0,1910.0,1880.1,1881.0,666,1881.0,2026-09-03T19:34:51.232640+00:00
2026-02-12,1900.0,1900.0,1860.2,1890.0,1114,1890.0,2026-09-03T19:34:51.232640+00:00
2026-02-16,1890.0,1890.0,1862.0,1865.1,332,1865.1,2026-09-03T19:34:51.232640+00:00
2026-02-17,1865.0,1865.0,1840.0,1840.0,2468,1840.0,2026-09-03T19:34:51.232640+00:00
2026-02-22,1830.0,1835.0,1806.0,1835.0,947,1835.0,2026-09-03T19:34:51.232640+00:00
2026-02-23,1871.7,1947.0,1804.0,1947.0,2772,1947.0,2026-09-03T19:34:51.232640+00:00
2026-02-24,1908.1,2024.0,1832.6,1998.0,3851,1998.0,2026-09-03T19:34:51.232640+00:00
2026-02-25,1985.0,2001.0,1906.4,1964.0,2829,1964.0,2026-09-03T19:34:51.232640+00:00
2026-02-26,1924.8,1940.0,1900.0,1920.0,1920,1920.0,2026-09-03T19:34:51.232640+00:00
2026-03-01,1903.0,1903.0,1850.0,1900.0,1583,1900.0,2026-09-03T19:34:51.232640+00:00
2026-03-03,1866.0,1912.9,1865.0,1912.9,1422,1912.9,2026-09-03T19:34:51.232640+00:00
2026-03-09,1951.1,1990.1,1951.1,1990.1,277,1990.1,2026-09-03T19:34:51.232640+00:00
2026-03-10,2029.9,2029.9,1950.0,1980.0,3922,1980.0,2026-09-03T19:34:51.232640+00:00
2026-03-11,1980.0,1980.0,1940.4,1959.0,652,1959.0,2026-09-03T19:34:51.232640+00:00
2026-03-12,1920.0,1950.0,1920.0,1922.2,1730,1922.2,2026-09-03T19:34:51.232640+00:00
2026-03-15,1921.0,1921.0,1870.0,1890.0,2007,1890.0,2026-09-03T19:34:51.232640+00:00
2026-03-16,1890.0,1905.0,1870.0,1904.9,1769,1904.9,2026-09-03T19:34:51.232640+00:00
2026-03-17,1876.3,1905.0,1876.3,1900.0,346,1900.0,2026-09-03T19:34:51.232640+00:00
2026-03-19,1880.0,1924.0,1880.0,1921.9,3562,1921.9,2026-09-03T19:34:51.232640+00:00
2026-03-22,1925.0,1980.0,1924.0,1969.0,5014,1969.0,2026-09-03T19:34:51.232640+00:00
2026-03-23,1970.0,1980.0,1930.1,1968.0,4079,1968.0,2026-09-03T19:34:51.232640+00:00
2026-03-24,1951.1,1964.0,1929.0,1964.0,1604,1964.0,2026-09-03T19:34:51.232640+00:00
2026-03-25,1964.0,1964.0,1925.0,1930.0,1329,1930.0,2026-09-03T19:34:51.232640+00:00
2026-03-26,1930.0,1965.0,1930.0,1950.0,2306,1950.0,2026-09-03T19:34:51.232640+00:00
2026-03-29,1950.0,1950.0,1890.0,1890.2,1475,1890.2,2026-09-03T19:34:51.232640+00:00
2026-03-30,1890.2,1920.0,1880.0,1880.0,843,1880.0,2026-09-03T19:34:51.232640+00:00
2026-03-31,1860.0,1884.0,1851.0,1884.0,1292,1884.0,2026-09-03T19:34:51.232640+00:00
2026-04-01,1855.0,1882.0,1819.0,1882.0,2049,1882.0,2026-09-03T19:34:51.232640+00:00
2026-04-02,1846.0,1880.0,1820.0,1839.9,1340,1839.9,2026-09-03T19:34:51.232640+00:00
2026-04-05,1835.0,1838.0,1741.0,1838.0,1998,1838.0,2026-09-03T19:34:51.232640+00:00
2026-04-06,1801.3,1850.0,1801.3,1840.0,1199,1840.0,2026-09-03T19:34:51.232640+00:00
2026-04-07,1817.0,1839.9,1800.0,1800.0,555,1800.0,2026-09-03T19:34:51.232640+00:00
2026-04-08,1801.0,1835.0,1780.0,1805.0,1422,1805.0,2026-09-03T19:34:51.232640+00:00
2026-04-09,1802.2,1845.0,1802.2,1829.0,601,1829.0,2026-09-03T19:34:51.232640+00:00
2026-04-10,1829.0,1837.0,1811.5,1836.0,407,1836.0,2026-09-03T19:34:51.232640+00:00
2026-04-13,1836.0,1836.0,1803.6,1811.0,486,1811.0,2026-09-03T19:34:51.232640+00:00
2026-04-15,1806.0,1838.0,1806.0,1821.3,438,1821.3,2026-09-03T19:34:51.232640+00:00
2026-04-16,1801.0,1844.0,1798.2,1798.2,1424,1798.2,2026-09-03T19:34:51.232640+00:00
2026-04-17,1798.2,1833.5,1796.0,1796.0,700,1796.0,2026-09-03T19:34:51.232640+00:00
2026-04-20,1800.0,1800.0,1770.0,1785.0,573,1785.0,2026-09-03T19:34:51.232640+00:00
2026-04-21,1770.0,1850.0,1770.0,1800.0,2024,1800.0,2026-09-03T19:34:51.232640+00:00
2026-04-22,1830.0,1830.0,1750.0,1775.0,238,1775.0,2026-09-03T19:34:51.232640+00:00
2026-04-23,1814.0,1814.0,1740.0,1750.0,1038,1750.0,2026-09-03T19:34:51.232640+00:00
2026-04-24,1750.0,1780.0,1721.0,1750.0,795,1750.0,2026-09-03T19:34:51.232640+00:00
2026-04-27,1750.0,1780.0,1739.0,1752.0,913,1752.0,2026-09-03T19:34:51.232640+00:00
2026-04-28,1752.0,1768.0,1741.0,1768.0,323,1768.0,2026-09-03T19:34:51.232640+00:00
2026-04-29,1768.0,1772.0,1725.0,1730.0,1254,1730.0,2026-09-03T19:34:51.232640+00:00
2026-04-30,1700.0,1720.1,1700.0,1718.0,340,1718.0,2026-09-03T19:34:51.232640+00:00
2026-05-04,1720.0,1767.0,1704.4,1704.4,546,1704.4,2026-09-03T19:34:51.232640+00:00
2026-05-05,1699.0,1755.1,1699.0,1743.0,1031,1743.0,2026-09-03T19:34:51.232640+00:00
2026-05-06,1725.0,1750.0,1725.0,1750.0,372,1750.0,2026-09-03T19:34:51.232640+00:00
2026-05-07,1700.0,1735.0,1700.0,1725.2,710,1725.2,2026-09-03T19:34:51.232640+00:00
2026-05-08,1720.0,1749.8,1720.0,1749.0,488,1749.0,2026-09-03T19:34:51.232640+00:00
2026-05-11,1761.0,1778.0,1750.0,1769.0,854,1769.0,2026-09-03T19:34:51.232640+00:00
2026-05-12,1761.0,1789.0,1740.0,1740.0,738,1740.0,2026-09-03T19:34:51.232640+00:00
2026-05-13,1726.0,1726.0,1703.0,1721.0,767,1721.0,2026-09-03T19:34:51.232640+00:00
2026-05-14,1721.0,1755.0,1721.0,1755.0,188,1755.0,2026-09-03T19:34:51.232640+00:00
2026-05-15,1755.0,1755.0,1730.1,1755.0,510,1755.0,2026-09-03T19:34:51.232640+00:00
2026-05-18,1755.0,1760.0,1732.0,1750.0,443,1750.0,2026-09-03T19:34:51.232640+00:00
2026-05-19,1750.0,1750.0,1734.0,1740.0,312,1740.0,2026-09-03T19:34:51.232640+00:00
2026-05-20,1740.0,1782.0,1738.0,1752.0,1139,1752.0,2026-09-03T19:34:51.232640+00:00
2026-05-21,1752.0,1757.0,1737.1,1737.1,842,1737.1,2026-09-03T19:34:51.232640+00:00
2026-05-22,1740.0,1771.0,1740.0,1741.0,244,1741.0,2026-09-03T19:34:51.232640+00:00
2026-05-25,1788.0,1790.0,1751.0,1762.0,605,1762.0,2026-09-03T19:34:51.232640+00:00
2026-05-26,1752.0,1778.0,1745.0,1746.0,493,1746.0,2026-09-03T19:34:51.232640+00:00
2026-05-27,1746.0,1776.0,1746.0,1749.0,424,1749.0,2026-09-03T19:34:51.232640+00:00
2026-06-01,1792.0,1792.0,1700.0,1702.0,2609,1702.0,2026-09-03T19:34:51.232640+00:00
2026-06-02,1702.0,1760.0,1702.0,1725.0,777,1725.0,2026-09-03T19:34:51.232640+00:00
2026-06-03,1711.0,1748.0,1710.0,1730.0,416,1730.0,2026-09-03T19:34:51.232640+00:00
2026-06-04,1725.0,1768.2,1722.0,1745.0,1181,1745.0,2026-09-03T19:34:51.232640+00:00
2026-06-05,1760.0,1760.0,1735.1,1750.0,1146,1750.0,2026-09-03T19:34:51.232640+00:00
2026-06-08,1736.0,1749.0,1736.0,1740.0,662,1740.0,2026-09-03T19:34:51.232640+00:00
2026-06-09,1740.0,1740.0,1722.0,1735.0,1218,1735.0,2026-09-03T19:34:51.232640+00:00
2026-06-10,1730.0,1740.0,1730.0,1730.0,322,1730.0,2026-09-03T19:34:51.232640+00:00
2026-06-11,1759.9,1759.9,1725.0,1725.0,258,1725.0,2026-09-03T19:34:51.232640+00:00
2026-06-12,1715.1,1730.0,1715.1,1730.0,336,1730.0,2026-09-03T19:34:51.232640+00:00
2026-06-15,1716.0,1722.0,1715.0,1715.0,726,1715.0,2026-09-03T19:34:51.232640+00:00
2026-06-16,1711.0,1725.0,1711.0,1720.0,379,1720.0,2026-09-03T19:34:51.232640+00:00
2026-06-17,1720.0,1734.0,1715.0,1725.0,278,1725.0,2026-09-03T19:34:51.232640+00:00
2026-06-18,1715.0,1775.0,1713.0,1751.0,3369,1751.0,2026-09-03T19:34:51.232640+00:00
2026-06-19,1750.0,1930.0,1750.0,1910.0,17489,1910.0,2026-09-03T19:34:51.232640+00:00
2026-06-22,1900.0,1990.0,1872.0,1886.1,8420,1886.1,2026-09-03T19:34:51.232640+00:00
2026-06-23,1900.0,1900.0,1832.0,1850.0,2723,1850.0,2026-09-03T19:34:51.232640+00:00
2026-06-24,1850.0,2041.9,1850.0,1959.0,12201,1959.0,2026-09-03T19:34:51.232640+00:00
2026-06-25,1998.0,1998.0,1850.0,1935.5,6925,1935.5,2026-09-03T19:34:51.232640+00:00
2026-06-26,1940.2,1945.0,1901.0,1930.0,2529,1930.0,2026-09-03T19:34:51.232640+00:00
2026-06-29,1940.0,1987.0,1915.0,1955.2,8387,1955.2,2026-09-03T19:34:51.232640+00:00
2026-06-30,1860.7,2031.0,1860.7,1984.0,9919,1984.0,2026-09-03T19:34:51.232640+00:00
2026-07-01,1983.9,2059.0,1983.9,2054.0,8874,2054.0,2026-09-03T19:34:51.232640+00:00
2026-07-02,2001.0,2070.0,1990.2,2008.0,9043,2008.0,2026-09-03T19:34:51.232640+00:00
2026-07-03,2008.0,2008.0,1963.4,1970.0,3231,1970.0,2026-09-03T19:34:51.232640+00:00
2026-07-06,1962.0,1970.0,1920.0,1921.0,4014,1921.0,2026-09-03T19:34:51.232640+00:00
2026-07-07,1930.1,1939.0,1910.0,1930.0,1616,1930.0,2026-09-03T19:34:51.232640+00:00
2026-07-08,1880.2,1892.0,1802.0,1808.0,3745,1808.0,2026-09-03T19:34:51.232640+00:00
2026-07-09,1810.0,1909.9,1805.0,1822.0,2096,1822.0,2026-09-03T19:34:51.232640+00:00
2026-07-10,1730.9,1870.0,1730.9,1854.0,1107,1854.0,2026-09-03T19:34:51.232640+00:00
2026-07-13,1854.0,1854.0,1799.1,1800.0,1557,1800.0,2026-09-03T19:34:51.232640+00:00
2026-07-14,1775.0,1823.2,1768.3,1784.3,2043,1784.3,2026-09-03T19:34:51.232640+00:00
2026-07-15,1837.7,1837.8,1782.7,1794.0,1191,1794.0,2026-09-03T19:34:51.232640+00:00
2026-07-16,1800.0,1887.0,1800.0,1827.0,3704,1827.0,2026-09-03T19:34:51.232640+00:00
2026-07-17,1869.0,1928.9,1851.1,1890.0,2351,1890.0,2026-09-03T19:34:51.232640+00:00
2026-07-20,1947.0,1947.0,1867.2,1900.0,3048,1900.0,2026-09-03T19:34:51.232640+00:00
2026-07-21,1900.0,1900.0,1853.0,1890.0,559,1890.0,2026-09-03T19:34:51.232640+00:00
2026-07-22,1895.0,1895.0,1811.0,1844.1,1353,1844.1,2026-09-03T19:34:51.232640+00:00
2026-07-23,1878.8,1878.8,1822.0,1848.0,2058,1848.0,2026-09-03T19:34:51.232640+00:00
2026-07-24,1850.0,1915.0,1848.0,1915.0,4959,1915.0,2026-09-03T19:34:51.232640+00:00
2026-07-27,1915.0,1915.0,1860.0,1860.0,1626,1860.0,2026-09-03T19:34:51.232640+00:00
2026-07-28,1860.0,1860.0,1835.0,1835.0,1391,1835.0,2026-09-03T19:34:51.232640+00:00
2026-07-29,1816.1,1849.9,1816.0,1849.9,952,1849.9,2026-09-03T19:34:51.232640+00:00
2026-07-30,1840.0,1840.0,1811.0,1816.0,750,1816.0,2026-09-03T19:34:51.232640+00:00
2026-07-31,1817.1,1847.9,1817.1,1835.0,1046,1835.0,2026-09-03T19:34:51.232640+00:00
2026-08-03,1860.0,1860.0,1836.0,1845.0,176,1845.0,2026-09-03T19:34:51.232640+00:00
2026-08-04,1835.1,1839.0,1806.1,1839.0,851,1839.0,2026-09-03T19:34:51.232640+00:00
2026-08-05,1820.0,1820.0,1785.0,1785.0,1215,1785.0,2026-09-03T19:34:51.232640+00:00
2026-08-06,1800.0,1810.0,1799.9,1800.0,902,1800.0,2026-09-03T19:34:51.232640+00:00
2026-08-07,1830.0,1860.0,1810.0,1820.0,889,1820.0,2026-09-03T19:34:51.232640+00:00
2026-08-10,1820.0,1854.0,1812.0,1848.0,1003,1848.0,2026-09-03T19:34:51.232640+00:00
2026-08-11,1825.0,1855.7,1810.0,1855.7,1579,1855.7,2026-09-03T19:34:51.232640+00:00
2026-08-12,1855.7,1855.7,1807.0,1807.0,146,1807.0,2026-09-03T19:34:51.232640+00:00
2026-08-13,1893.3,1893.3,1795.4,1822.0,1325,1822.0,2026-09-03T19:34:51.232640+00:00
2026-08-14,1800.0,1827.9,1800.0,1827.9,380,1827.9,2026-09-03T19:34:51.232640+00:00
2026-08-17,1810.0,1811.0,1801.0,1801.0,327,1801.0,2026-09-03T19:34:51.232640+00:00
2026-08-18,1830.0,1830.0,1722.9,1722.9,2754,1722.9,2026-09-03T19:34:51.232640+00:00
2026-08-19,1721.0,1770.0,1721.0,1737.0,997,1737.0,2026-09-03T19:34:51.232640+00:00
2026-08-20,1730.0,1769.9,1703.0,1759.0,311,1759.0,2026-09-03T19:34:51.232640+00:00
2026-08-21,1755.0,1788.0,1750.1,1760.0,502,1760.0,2026-09-03T19:34:51.232640+00:00
2026-08-24,1733.0,1770.0,1733.0,1758.0,612,1758.0,2026-09-03T19:34:51.232640+00:00
2026-08-25,1748.0,1759.0,1745.0,1759.0,230,1759.0,2026-09-03T19:34:51.232640+00:00
2026-08-26,1770.0,1770.0,1735.0,1735.0,505,1735.0,2026-09-03T19:34:51.232640+00:00
2026-08-27,1702.0,1760.0,1701.0,1745.0,633,1745.0,2026-09-03T19:34:51.232640+00:00
2026-08-31,1710.0,1749.0,1705.1,1722.0,525,1722.0,2026-09-03T19:34:51.232640+00:00
2026-09-01,1712.1,1750.0,1712.0,1720.0,507,1720.0,2026-09-03T19:34:51.232640+00:00
2026-09-02,1711.5,1742.0,1711.5,1718.0,265,1718.0,2026-09-03T19:34:51.232640+00:00
2026-09-03,1740.0,1740.0,1715.0,1718.1,421,1718.1,2026-09-03T19:34:51.232640+00:00
