date,open,high,low,close,volume,adj_close,fetched_at
2020-11-26,171.0,182.0,163.0,165.0,176095,165.0,2026-09-03T19:35:22.419869+00:00
2020-11-29,167.0,170.0,160.0,164.0,72630,164.0,2026-09-03T19:35:22.419869+00:00
2020-11-30,164.0,171.0,159.0,169.0,85580,169.0,2026-09-03T19:35:22.419869+00:00
2020-12-01,167.0,171.0,160.0,163.0,69010,163.0,2026-09-03T19:35:22.419869+00:00
2020-12-02,161.0,170.0,158.0,161.0,57005,161.0,2026-09-03T19:35:22.419869+00:00
2020-12-03,164.0,165.0,159.0,159.0,71987,159.0,2026-09-03T19:35:22.419869+00:00
2020-12-06,156.0,171.0,152.0,152.0,49295,152.0,2026-09-03T19:35:22.419869+00:00
2020-12-07,155.0,158.0,152.0,157.0,31125,157.0,2026-09-03T19:35:22.419869+00:00
2020-12-08,160.0,163.0,156.0,159.0,47902,159.0,2026-09-03T19:35:22.419869+00:00
2020-12-09,166.0,168.0,159.0,162.0,104746,162.0,2026-09-03T19:35:22.419869+00:00
2020-12-10,160.0,165.0,157.0,162.0,36137,162.0,2026-09-03T19:35:22.419869+00:00
2020-12-13,165.0,165.0,156.0,160.0,62850,160.0,2026-09-03T19:35:22.419869+00:00
2020-12-14,162.0,166.0,157.0,157.0,34291,157.0,2026-09-03T19:35:22.419869+00:00
2020-12-15,160.0,160.0,155.0,158.0,36110,158.0,2026-09-03T19:35:22.419869+00:00
2020-12-16,155.0,159.0,153.0,155.0,12840,155.0,2026-09-03T19:35:22.419869+00:00
2020-12-17,153.0,155.0,148.0,153.0,69225,153.0,2026-09-03T19:35:22.419869+00:00
2020-12-20,150.0,155.0,140.0,142.0,20990,142.0,2026-09-03T19:35:22.419869+00:00
2020-12-21,140.0,148.0,129.0,139.0,23675,139.0,2026-09-03T19:35:22.419869+00:00
2020-12-22,145.0,152.0,143.0,147.0,22635,147.0,2026-09-03T19:35:22.419869+00:00
2020-12-23,147.0,149.0,140.0,140.0,20196,140.0,2026-09-03T19:35:22.419869+00:00
2020-12-24,142.0,147.0,141.0,141.0,10750,141.0,2026-09-03T19:35:22.419869+00:00
2020-12-27,141.0,145.0,141.0,142.0,10252,142.0,2026-09-03T19:35:22.419869+00:00
2020-12-28,143.0,146.0,141.0,141.0,5155,141.0,2026-09-03T19:35:22.419869+00:00
2020-12-29,141.0,147.0,141.0,143.0,23640,143.0,2026-09-03T19:35:22.419869+00:00
2020-12-30,145.0,150.0,141.0,146.0,34885,146.0,2026-09-03T19:35:22.419869+00:00
2020-12-31,148.0,154.0,146.0,152.0,62785,152.0,2026-09-03T19:35:22.419869+00:00
2021-01-03,152.0,155.0,147.0,147.0,28170,147.0,2026-09-03T19:35:22.419869+00:00
2021-01-04,149.0,153.0,147.0,147.0,36896,147.0,2026-09-03T19:35:22.419869+00:00
2021-01-05,146.0,161.0,146.0,156.0,53023,156.0,2026-09-03T19:35:22.419869+00:00
2021-01-06,163.0,163.0,152.0,154.0,13107,154.0,2026-09-03T19:35:22.419869+00:00
2021-01-07,154.0,155.0,149.0,152.0,23570,152.0,2026-09-03T19:35:22.419869+00:00
2021-01-10,155.0,156.0,147.0,149.0,18678,149.0,2026-09-03T19:35:22.419869+00:00
2021-01-11,150.0,154.0,147.0,147.0,16040,147.0,2026-09-03T19:35:22.419869+00:00
2021-01-12,145.0,154.0,145.0,150.0,25095,150.0,2026-09-03T19:35:22.419869+00:00
2021-01-13,143.0,156.0,143.0,150.0,26253,150.0,2026-09-03T19:35:22.419869+00:00
2021-01-17,150.0,150.0,147.0,147.0,20853,147.0,2026-09-03T19:35:22.419869+00:00
2021-01-18,147.0,150.0,147.0,147.0,18435,147.0,2026-09-03T19:35:22.419869+00:00
2021-01-19,149.0,150.0,145.0,145.0,26348,145.0,2026-09-03T19:35:22.419869+00:00
2021-01-20,144.0,150.0,144.0,150.0,29909,150.0,2026-09-03T19:35:22.419869+00:00
2021-01-21,150.0,159.0,146.0,158.0,118302,158.0,2026-09-03T19:35:22.419869+00:00
2021-01-24,162.0,173.0,160.0,173.0,327084,173.0,2026-09-03T19:35:22.419869+00:00
2021-01-25,181.0,190.0,170.0,182.0,317708,182.0,2026-09-03T19:35:22.419869+00:00
2021-01-26,184.0,184.0,173.0,173.0,106317,173.0,2026-09-03T19:35:22.419869+00:00
2021-01-27,170.0,179.0,168.0,173.0,38962,173.0,2026-09-03T19:35:22.419869+00:00
2021-01-28,176.0,176.0,165.0,166.0,62688,166.0,2026-09-03T19:35:22.419869+00:00
2021-01-31,167.0,167.0,160.0,163.0,70179,163.0,2026-09-03T19:35:22.419869+00:00
2021-02-01,165.0,169.0,163.0,165.0,49517,165.0,2026-09-03T19:35:22.419869+00:00
2021-02-02,168.0,170.0,162.0,167.0,44598,167.0,2026-09-03T19:35:22.419869+00:00
2021-02-03,170.0,173.0,161.0,165.0,100257,165.0,2026-09-03T19:35:22.419869+00:00
2021-02-04,168.0,171.0,164.0,170.0,81866,170.0,2026-09-03T19:35:22.419869+00:00
2021-02-07,173.0,173.0,164.0,166.0,124521,166.0,2026-09-03T19:35:22.419869+00:00
2021-02-08,167.0,169.0,163.0,164.0,65275,164.0,2026-09-03T19:35:22.419869+00:00
2021-02-09,172.0,172.0,159.0,159.0,71175,159.0,2026-09-03T19:35:22.419869+00:00
2021-02-10,161.0,167.0,156.0,163.0,56308,163.0,2026-09-03T19:35:22.419869+00:00
2021-02-11,161.0,165.0,160.0,162.0,47230,162.0,2026-09-03T19:35:22.419869+00:00
2021-02-14,165.0,165.0,158.0,160.0,36982,160.0,2026-09-03T19:35:22.419869+00:00
2021-02-15,167.0,167.0,160.0,162.0,55874,162.0,2026-09-03T19:35:22.419869+00:00
2021-02-16,170.0,172.0,160.0,164.0,75654,164.0,2026-09-03T19:35:22.419869+00:00
2021-02-17,164.0,173.0,163.0,171.0,142722,171.0,2026-09-03T19:35:22.419869+00:00
2021-02-18,175.0,177.0,168.0,170.0,104136,170.0,2026-09-03T19:35:22.419869+00:00
2021-02-21,175.0,187.0,170.0,187.0,358581,187.0,2026-09-03T19:35:22.419869+00:00
2021-02-22,196.0,205.0,196.0,205.0,139609,205.0,2026-09-03T19:35:22.419869+00:00
2021-02-23,215.0,223.0,185.0,198.0,343660,198.0,2026-09-03T19:35:22.419869+00:00
2021-02-24,207.0,207.0,187.0,190.0,154510,190.0,2026-09-03T19:35:22.419869+00:00
2021-02-25,199.0,199.0,184.0,186.0,50754,186.0,2026-09-03T19:35:22.419869+00:00
2021-02-28,186.0,186.0,178.0,180.0,92316,180.0,2026-09-03T19:35:22.419869+00:00
2021-03-01,178.0,189.0,173.0,182.0,57873,182.0,2026-09-03T19:35:22.419869+00:00
2021-03-02,181.0,185.0,175.0,179.0,46619,179.0,2026-09-03T19:35:22.419869+00:00
2021-03-03,178.0,179.0,170.0,173.0,42817,173.0,2026-09-03T19:35:22.419869+00:00
2021-03-04,176.0,186.0,174.0,182.0,58025,182.0,2026-09-03T19:35:22.419869+00:00
2021-03-07,184.0,190.0,179.0,182.0,51492,182.0,2026-09-03T19:35:22.419869+00:00
2021-03-09,183.0,185.0,179.0,184.0,60640,184.0,2026-09-03T19:35:22.419869+00:00
2021-03-10,185.0,191.0,182.0,185.0,91273,185.0,2026-09-03T19:35:22.419869+00:00
2021-03-14,188.0,188.0,180.0,183.0,48257,183.0,2026-09-03T19:35:22.419869+00:00
2021-03-15,183.0,187.0,179.0,183.0,47781,183.0,2026-09-03T19:35:22.419869+00:00
2021-03-16,192.0,192.0,178.0,179.0,35212,179.0,2026-09-03T19:35:22.419869+00:00
2021-03-17,181.0,186.0,180.0,185.0,28475,185.0,2026-09-03T19:35:22.419869+00:00
2021-03-18,194.0,203.0,191.0,198.0,258180,198.0,2026-09-03T19:35:22.419869+00:00
2021-03-21,205.0,207.0,193.0,195.0,96307,195.0,2026-09-03T19:35:22.419869+00:00
2021-03-22,198.0,198.0,192.0,193.0,88803,193.0,2026-09-03T19:35:22.419869+00:00
2021-03-23,195.0,204.0,193.0,201.0,183460,201.0,2026-09-03T19:35:22.419869+00:00
2021-03-24,205.0,219.0,200.0,213.0,233794,213.0,2026-09-03T19:35:22.419869+00:00
2021-03-25,215.0,223.0,206.0,209.0,109754,209.0,2026-09-03T19:35:22.419869+00:00
2021-03-29,205.0,211.0,202.0,203.0,90418,203.0,2026-09-03T19:35:22.419869+00:00
2021-03-30,206.0,216.0,203.0,211.0,121032,211.0,2026-09-03T19:35:22.419869+00:00
2021-03-31,213.0,216.0,208.0,209.0,54658,209.0,2026-09-03T19:35:22.419869+00:00
2021-04-01,219.0,219.0,206.0,209.0,103170,209.0,2026-09-03T19:35:22.419869+00:00
2021-04-04,213.0,213.0,207.0,208.0,88031,208.0,2026-09-03T19:35:22.419869+00:00
2021-04-05,200.0,215.0,200.0,214.0,130198,214.0,2026-09-03T19:35:22.419869+00:00
2021-04-06,214.0,235.0,211.0,235.0,271366,235.0,2026-09-03T19:35:22.419869+00:00
2021-04-07,246.0,258.0,237.0,247.0,337063,247.0,2026-09-03T19:35:22.419869+00:00
2021-04-08,255.0,256.0,240.0,243.0,154562,243.0,2026-09-03T19:35:22.419869+00:00
2021-04-12,245.0,246.0,231.0,236.0,122476,236.0,2026-09-03T19:35:22.419869+00:00
2021-04-13,236.0,240.0,230.0,235.0,84437,235.0,2026-09-03T19:35:22.419869+00:00
2021-04-15,246.0,246.0,231.0,234.0,66407,234.0,2026-09-03T19:35:22.419869+00:00
2021-04-18,238.0,242.0,230.0,231.0,65061,231.0,2026-09-03T19:35:22.419869+00:00
2021-04-19,228.0,238.0,228.0,230.0,71167,230.0,2026-09-03T19:35:22.419869+00:00
2021-04-20,233.0,236.0,229.0,231.0,57378,231.0,2026-09-03T19:35:22.419869+00:00
2021-04-21,240.0,240.0,231.0,234.0,67197,234.0,2026-09-03T19:35:22.419869+00:00
2021-04-22,231.0,235.0,230.0,234.0,49394,234.0,2026-09-03T19:35:22.419869+00:00
2021-04-25,240.0,242.0,223.0,223.0,96943,223.0,2026-09-03T19:35:22.419869+00:00
2021-04-26,219.0,227.0,214.0,215.0,90353,215.0,2026-09-03T19:35:22.419869+00:00
2021-04-27,218.0,229.0,216.0,227.0,54183,227.0,2026-09-03T19:35:22.419869+00:00
2021-04-28,230.0,233.0,223.0,227.0,35285,227.0,2026-09-03T19:35:22.419869+00:00
2021-04-29,227.0,235.0,227.0,232.0,37218,232.0,2026-09-03T19:35:22.419869+00:00
2021-05-02,236.0,236.0,229.0,233.0,52995,233.0,2026-09-03T19:35:22.419869+00:00
2021-05-03,235.0,237.0,229.0,230.0,59952,230.0,2026-09-03T19:35:22.419869+00:00
2021-05-04,233.0,252.0,226.0,242.0,172918,242.0,2026-09-03T19:35:22.419869+00:00
2021-05-05,245.0,254.0,242.0,249.0,141718,249.0,2026-09-03T19:35:22.419869+00:00
2021-05-06,248.0,256.0,237.0,239.0,125204,239.0,2026-09-03T19:35:22.419869+00:00
2021-05-09,228.0,244.0,228.0,234.0,45538,234.0,2026-09-03T19:35:22.419869+00:00
2021-05-10,232.0,242.0,232.0,238.0,46415,238.0,2026-09-03T19:35:22.419869+00:00
2021-05-11,228.0,245.0,228.0,240.0,37878,240.0,2026-09-03T19:35:22.419869+00:00
2021-05-12,244.0,250.0,237.0,245.0,171245,245.0,2026-09-03T19:35:22.419869+00:00
2021-05-13,257.0,257.0,246.0,251.0,187048,251.0,2026-09-03T19:35:22.419869+00:00
2021-05-16,251.0,256.0,244.0,245.0,117201,245.0,2026-09-03T19:35:22.419869+00:00
2021-05-17,257.0,265.0,243.0,260.0,187710,260.0,2026-09-03T19:35:22.419869+00:00
2021-05-18,267.0,286.0,260.0,286.0,342025,286.0,2026-09-03T19:35:22.419869+00:00
2021-05-19,290.0,299.0,272.0,272.0,189290,272.0,2026-09-03T19:35:22.419869+00:00
2021-05-20,280.0,280.0,263.0,266.0,130286,266.0,2026-09-03T19:35:22.419869+00:00
2021-05-23,261.0,283.0,253.0,276.0,142748,276.0,2026-09-03T19:35:22.419869+00:00
2021-05-24,280.0,286.0,272.0,276.0,175306,276.0,2026-09-03T19:35:22.419869+00:00
2021-05-25,281.0,303.0,276.0,293.0,411162,293.0,2026-09-03T19:35:22.419869+00:00
2021-05-27,290.0,322.0,288.0,322.0,327619,322.0,2026-09-03T19:35:22.419869+00:00
2021-05-30,335.0,352.0,310.0,324.0,404927,324.0,2026-09-03T19:35:22.419869+00:00
2021-05-31,340.0,340.0,299.0,302.0,276653,302.0,2026-09-03T19:35:22.419869+00:00
2021-06-01,317.0,317.0,291.0,299.0,106165,299.0,2026-09-03T19:35:22.419869+00:00
2021-06-02,285.0,328.0,285.0,314.0,182958,314.0,2026-09-03T19:35:22.419869+00:00
2021-06-03,317.0,326.0,298.0,303.0,128354,303.0,2026-09-03T19:35:22.419869+00:00
2021-06-06,295.0,308.0,291.0,294.0,111004,294.0,2026-09-03T19:35:22.419869+00:00
2021-06-07,280.0,316.0,280.0,308.0,111949,308.0,2026-09-03T19:35:22.419869+00:00
2021-06-08,293.0,335.0,293.0,331.0,312237,331.0,2026-09-03T19:35:22.419869+00:00
2021-06-09,340.0,340.0,315.0,321.0,140375,321.0,2026-09-03T19:35:22.419869+00:00
2021-06-10,305.0,353.0,305.0,353.0,464287,353.0,2026-09-03T19:35:22.419869+00:00
2021-06-13,365.0,388.0,350.0,388.0,369437,388.0,2026-09-03T19:35:22.419869+00:00
2021-06-14,407.0,407.0,371.0,379.0,270323,379.0,2026-09-03T19:35:22.419869+00:00
2021-06-15,385.0,390.0,356.0,363.0,214076,363.0,2026-09-03T19:35:22.419869+00:00
2021-06-16,361.0,370.0,328.0,343.0,174902,343.0,2026-09-03T19:35:22.419869+00:00
2021-06-17,326.0,362.0,326.0,344.0,110454,344.0,2026-09-03T19:35:22.419869+00:00
2021-06-20,327.0,360.0,321.0,335.0,146080,335.0,2026-09-03T19:35:22.419869+00:00
2021-06-21,336.0,353.0,314.0,316.0,106452,316.0,2026-09-03T19:35:22.419869+00:00
2021-06-22,331.0,347.0,303.0,347.0,99812,347.0,2026-09-03T19:35:22.419869+00:00
2021-06-23,330.0,365.0,330.0,337.0,113540,337.0,2026-09-03T19:35:22.419869+00:00
2021-06-24,331.0,350.0,327.0,335.0,73190,335.0,2026-09-03T19:35:22.419869+00:00
2021-06-27,341.0,349.0,329.0,330.0,53433,330.0,2026-09-03T19:35:22.419869+00:00
2021-06-28,336.0,341.0,322.0,324.0,38664,324.0,2026-09-03T19:35:22.419869+00:00
2021-06-29,330.0,330.0,309.0,310.0,42341,310.0,2026-09-03T19:35:22.419869+00:00
2021-06-30,325.0,325.0,300.0,313.0,70569,313.0,2026-09-03T19:35:22.419869+00:00
2021-07-01,319.0,334.0,314.0,318.0,43173,318.0,2026-09-03T19:35:22.419869+00:00
2021-07-04,324.0,328.0,308.0,312.0,43096,312.0,2026-09-03T19:35:22.419869+00:00
2021-07-05,311.0,318.0,306.0,310.0,28113,310.0,2026-09-03T19:35:22.419869+00:00
2021-07-06,295.0,318.0,295.0,310.0,26020,310.0,2026-09-03T19:35:22.419869+00:00
2021-07-07,304.0,310.0,297.0,299.0,27630,299.0,2026-09-03T19:35:22.419869+00:00
2021-07-08,296.0,310.0,296.0,302.0,25565,302.0,2026-09-03T19:35:22.419869+00:00
2021-07-11,308.0,329.0,302.0,329.0,44854,329.0,2026-09-03T19:35:22.419869+00:00
2021-07-12,335.0,341.0,313.0,315.0,55152,315.0,2026-09-03T19:35:22.419869+00:00
2021-07-13,310.0,324.0,310.0,318.0,19044,318.0,2026-09-03T19:35:22.419869+00:00
2021-07-14,318.0,330.0,316.0,330.0,46390,330.0,2026-09-03T19:35:22.419869+00:00
2021-07-15,336.0,347.0,328.0,338.0,89260,338.0,2026-09-03T19:35:22.419869+00:00
2021-07-18,344.0,350.5,339.1,342.0,79800,342.0,2026-09-03T19:35:22.419869+00:00
2021-07-19,348.0,350.0,336.0,340.0,41349,340.0,2026-09-03T19:35:22.419869+00:00
2021-07-20,333.2,352.0,333.2,347.0,122360,347.0,2026-09-03T19:35:22.419869+00:00
2021-07-22,340.1,360.0,340.1,354.0,113212,354.0,2026-09-03T19:35:22.419869+00:00
2021-07-25,354.0,379.0,348.0,376.9,159165,376.9,2026-09-03T19:35:22.419869+00:00
2021-07-26,369.4,391.6,365.0,370.0,152771,370.0,2026-09-03T19:35:22.419869+00:00
2021-07-27,362.7,407.0,362.7,395.0,399344,395.0,2026-09-03T19:35:22.419869+00:00
2021-07-28,402.9,427.0,385.0,390.0,254832,390.0,2026-09-03T19:35:22.419869+00:00
2021-07-29,390.0,399.8,376.0,398.0,180857,398.0,2026-09-03T19:35:22.419869+00:00
2021-08-01,400.0,434.0,396.8,421.9,375758,421.9,2026-09-03T19:35:22.419869+00:00
2021-08-02,430.0,438.6,412.0,417.0,255411,417.0,2026-09-03T19:35:22.419869+00:00
2021-08-03,425.3,433.8,408.7,432.0,165807,432.0,2026-09-03T19:35:22.419869+00:00
2021-08-04,440.0,474.0,431.7,454.0,283801,454.0,2026-09-03T19:35:22.419869+00:00
2021-08-05,455.0,455.0,429.0,431.0,217102,431.0,2026-09-03T19:35:22.419869+00:00
2021-08-08,431.0,470.0,423.1,464.0,312786,464.0,2026-09-03T19:35:22.419869+00:00
2021-08-09,471.1,490.0,452.0,479.1,247591,479.1,2026-09-03T19:35:22.419869+00:00
2021-08-10,488.6,524.0,468.0,472.0,339827,472.0,2026-09-03T19:35:22.419869+00:00
2021-08-11,472.0,500.4,472.0,490.0,235945,490.0,2026-09-03T19:35:22.419869+00:00
2021-08-12,499.8,499.8,478.0,480.2,206086,480.2,2026-09-03T19:35:22.419869+00:00
2021-08-15,475.2,479.0,440.0,454.0,178639,454.0,2026-09-03T19:35:22.419869+00:00
2021-08-16,462.9,478.0,441.1,469.5,121657,469.5,2026-09-03T19:35:22.419869+00:00
2021-08-17,474.0,511.0,474.0,505.0,217616,505.0,2026-09-03T19:35:22.419869+00:00
2021-08-18,505.0,533.0,490.0,500.0,231421,500.0,2026-09-03T19:35:22.419869+00:00
2021-08-19,500.0,500.0,470.0,474.0,126855,474.0,2026-09-03T19:35:22.419869+00:00
2021-08-24,483.4,483.4,426.6,426.6,166115,426.6,2026-09-03T19:35:22.419869+00:00
2021-08-25,418.1,451.0,402.0,436.0,92238,436.0,2026-09-03T19:35:22.419869+00:00
2021-08-26,444.0,479.6,431.2,463.0,110155,463.0,2026-09-03T19:35:22.419869+00:00
2021-08-29,472.0,481.0,453.0,455.9,119313,455.9,2026-09-03T19:35:22.419869+00:00
2021-08-31,447.0,461.0,435.0,440.0,73373,440.0,2026-09-03T19:35:22.419869+00:00
2021-09-01,440.0,455.0,430.0,437.9,47457,437.9,2026-09-03T19:35:22.419869+00:00
2021-09-02,446.0,446.0,410.0,420.0,63519,420.0,2026-09-03T19:35:22.419869+00:00
2021-09-05,411.6,414.0,378.0,387.6,89745,387.6,2026-09-03T19:35:22.419869+00:00
2021-09-06,387.6,426.3,383.0,426.3,89699,426.3,2026-09-03T19:35:22.419869+00:00
2021-09-07,434.8,440.0,405.0,420.0,54780,420.0,2026-09-03T19:35:22.419869+00:00
2021-09-08,412.0,427.0,405.0,410.0,44142,410.0,2026-09-03T19:35:22.419869+00:00
2021-09-09,418.0,444.0,411.2,429.0,114564,429.0,2026-09-03T19:35:22.419869+00:00
2021-09-12,437.5,470.3,437.0,470.2,135298,470.2,2026-09-03T19:35:22.419869+00:00
2021-09-13,479.6,480.0,449.0,451.9,80586,451.9,2026-09-03T19:35:22.419869+00:00
2021-09-14,446.0,455.0,440.0,444.0,51108,444.0,2026-09-03T19:35:22.419869+00:00
2021-09-15,450.9,450.9,430.0,430.0,51872,430.0,2026-09-03T19:35:22.419869+00:00
2021-09-16,422.0,430.0,402.1,412.0,93005,412.0,2026-09-03T19:35:22.419869+00:00
2021-09-20,413.5,422.0,385.0,389.0,90872,389.0,2026-09-03T19:35:22.419869+00:00
2021-09-21,382.0,419.0,363.0,399.0,61823,399.0,2026-09-03T19:35:22.419869+00:00
2021-09-22,406.9,434.0,406.9,430.4,59848,430.4,2026-09-03T19:35:22.419869+00:00
2021-09-23,439.0,440.0,408.0,410.3,55346,410.3,2026-09-03T19:35:22.419869+00:00
2021-09-26,410.0,410.0,384.2,389.0,48968,389.0,2026-09-03T19:35:22.419869+00:00
2021-09-27,396.7,404.6,373.0,373.0,68292,373.0,2026-09-03T19:35:22.419869+00:00
2021-09-28,370.0,395.0,339.0,339.0,69573,339.0,2026-09-03T19:35:22.419869+00:00
2021-09-29,345.0,368.0,325.0,356.0,53266,356.0,2026-09-03T19:35:22.419869+00:00
2021-09-30,363.0,370.5,346.0,347.0,26478,347.0,2026-09-03T19:35:22.419869+00:00
2021-10-03,347.0,347.0,323.0,323.2,29957,323.2,2026-09-03T19:35:22.419869+00:00
2021-10-04,323.0,330.4,306.0,308.0,39429,308.0,2026-09-03T19:35:22.419869+00:00
2021-10-05,314.0,330.0,314.0,324.0,35925,324.0,2026-09-03T19:35:22.419869+00:00
2021-10-06,330.4,344.0,323.7,342.0,27242,342.0,2026-09-03T19:35:22.419869+00:00
2021-10-10,348.8,355.0,332.4,332.4,24457,332.4,2026-09-03T19:35:22.419869+00:00
2021-10-11,339.0,339.0,317.0,326.5,12447,326.5,2026-09-03T19:35:22.419869+00:00
2021-10-17,326.5,333.0,324.0,325.1,3756,325.1,2026-09-03T19:35:22.419869+00:00
2021-10-18,320.0,321.1,305.9,307.0,19622,307.0,2026-09-03T19:35:22.419869+00:00
2021-10-19,300.9,302.0,280.0,295.0,52015,295.0,2026-09-03T19:35:22.419869+00:00
2021-10-20,300.0,311.0,299.0,308.0,23403,308.0,2026-09-03T19:35:22.419869+00:00
2021-10-21,309.0,311.0,295.0,295.0,16041,295.0,2026-09-03T19:35:22.419869+00:00
2021-10-24,295.0,310.0,295.0,308.0,30017,308.0,2026-09-03T19:35:22.419869+00:00
2021-10-25,314.0,338.8,314.0,338.8,44256,338.8,2026-09-03T19:35:22.419869+00:00
2021-10-26,345.5,372.6,345.5,372.6,49894,372.6,2026-09-03T19:35:22.419869+00:00
2021-10-27,380.0,395.0,355.0,385.0,96648,385.0,2026-09-03T19:35:22.419869+00:00
2021-10-28,387.0,410.0,370.0,399.0,63466,399.0,2026-09-03T19:35:22.419869+00:00
2021-10-31,406.9,425.0,397.0,425.0,70088,425.0,2026-09-03T19:35:22.419869+00:00
2021-11-01,423.0,426.9,404.0,408.0,63428,408.0,2026-09-03T19:35:22.419869+00:00
2021-11-02,408.0,415.0,396.0,409.0,36695,409.0,2026-09-03T19:35:22.419869+00:00
2021-11-03,417.1,420.0,406.0,411.0,28222,411.0,2026-09-03T19:35:22.419869+00:00
2021-11-08,419.2,419.2,397.0,397.0,20948,397.0,2026-09-03T19:35:22.419869+00:00
2021-11-09,391.0,402.9,368.0,379.0,67620,379.0,2026-09-03T19:35:22.419869+00:00
2021-11-11,371.5,371.5,344.1,351.0,106044,351.0,2026-09-03T19:35:22.419869+00:00
2021-11-14,350.0,362.0,337.2,345.0,23468,345.0,2026-09-03T19:35:22.419869+00:00
2021-11-15,345.0,379.0,345.0,375.0,47673,375.0,2026-09-03T19:35:22.419869+00:00
2021-11-16,380.0,385.0,365.4,384.9,46546,384.9,2026-09-03T19:35:22.419869+00:00
2021-11-17,390.9,400.0,380.0,382.5,60375,382.5,2026-09-03T19:35:22.419869+00:00
2021-11-18,375.0,384.0,364.0,365.2,34446,365.2,2026-09-03T19:35:22.419869+00:00
2021-11-21,357.9,385.0,357.9,380.5,37106,380.5,2026-09-03T19:35:22.419869+00:00
2021-11-22,384.0,391.0,377.0,385.0,46709,385.0,2026-09-03T19:35:22.419869+00:00
2021-11-23,390.0,392.6,366.0,375.0,54577,375.0,2026-09-03T19:35:22.419869+00:00
2021-11-24,367.5,392.0,361.0,380.0,47416,380.0,2026-09-03T19:35:22.419869+00:00
2021-11-25,387.0,390.0,375.0,375.1,18433,375.1,2026-09-03T19:35:22.419869+00:00
2021-11-28,367.6,375.0,354.0,357.0,41288,357.0,2026-09-03T19:35:22.419869+00:00
2021-11-29,360.0,371.5,349.9,351.0,25762,351.0,2026-09-03T19:35:22.419869+00:00
2021-11-30,358.0,360.0,345.8,352.0,22972,352.0,2026-09-03T19:35:22.419869+00:00
2021-12-01,359.0,366.1,356.0,363.0,18333,363.0,2026-09-03T19:35:22.419869+00:00
2021-12-02,358.0,360.0,345.5,349.0,34784,349.0,2026-09-03T19:35:22.419869+00:00
2021-12-05,355.0,355.0,331.3,332.0,28783,332.0,2026-09-03T19:35:22.419869+00:00
2021-12-06,332.0,353.0,314.0,349.0,50681,349.0,2026-09-03T19:35:22.419869+00:00
2021-12-07,355.9,363.0,333.5,334.0,22374,334.0,2026-09-03T19:35:22.419869+00:00
2021-12-08,334.0,339.0,318.0,320.0,28273,320.0,2026-09-03T19:35:22.419869+00:00
2021-12-09,315.1,332.0,314.1,325.0,17671,325.0,2026-09-03T19:35:22.419869+00:00
2021-12-12,320.0,331.0,303.0,307.0,29430,307.0,2026-09-03T19:35:22.419869+00:00
2021-12-13,305.9,305.9,276.3,284.0,58898,284.0,2026-09-03T19:35:22.419869+00:00
2021-12-14,284.0,312.4,284.0,312.4,28871,312.4,2026-09-03T19:35:22.419869+00:00
2021-12-15,318.0,339.0,310.0,318.8,64189,318.8,2026-09-03T19:35:22.419869+00:00
2021-12-16,313.0,324.0,304.0,304.0,22214,304.0,2026-09-03T19:35:22.419869+00:00
2021-12-20,304.0,317.0,293.0,317.0,23317,317.0,2026-09-03T19:35:22.419869+00:00
2021-12-21,311.0,325.0,305.3,321.9,22150,321.9,2026-09-03T19:35:22.419869+00:00
2021-12-22,328.0,339.0,317.6,338.0,58889,338.0,2026-09-03T19:35:22.419869+00:00
2021-12-23,331.3,346.8,328.1,329.0,33403,329.0,2026-09-03T19:35:22.419869+00:00
2021-12-26,330.0,338.0,323.4,326.8,25905,326.8,2026-09-03T19:35:22.419869+00:00
2021-12-27,322.0,329.5,304.0,306.0,40975,306.0,2026-09-03T19:35:22.419869+00:00
2021-12-28,312.1,312.1,294.0,309.0,34673,309.0,2026-09-03T19:35:22.419869+00:00
2021-12-29,310.0,310.0,300.0,306.0,28251,306.0,2026-09-03T19:35:22.419869+00:00
2022-01-02,300.1,312.0,300.1,307.0,19434,307.0,2026-09-03T19:35:22.419869+00:00
2022-01-03,313.0,313.0,302.0,306.0,22487,306.0,2026-09-03T19:35:22.419869+00:00
2022-01-04,301.0,314.0,300.4,314.0,42600,314.0,2026-09-03T19:35:22.419869+00:00
2022-01-05,319.8,328.7,313.0,314.0,33052,314.0,2026-09-03T19:35:22.419869+00:00
2022-01-06,314.0,320.0,312.0,317.0,31953,317.0,2026-09-03T19:35:22.419869+00:00
2022-01-09,323.3,341.7,323.3,339.0,56329,339.0,2026-09-03T19:35:22.419869+00:00
2022-01-10,345.0,351.1,331.6,340.0,66858,340.0,2026-09-03T19:35:22.419869+00:00
2022-01-11,346.0,354.0,335.0,347.0,68459,347.0,2026-09-03T19:35:22.419869+00:00
2022-01-12,352.0,367.9,338.0,344.0,82596,344.0,2026-09-03T19:35:22.419869+00:00
2022-01-13,343.0,377.0,339.0,375.0,93019,375.0,2026-09-03T19:35:22.419869+00:00
2022-01-16,382.5,394.9,371.0,383.0,98681,383.0,2026-09-03T19:35:22.419869+00:00
2022-01-17,382.0,399.0,368.1,397.0,89770,397.0,2026-09-03T19:35:22.419869+00:00
2022-01-18,399.0,399.0,376.0,383.0,79128,383.0,2026-09-03T19:35:22.419869+00:00
2022-01-19,379.0,384.0,368.0,371.5,66251,371.5,2026-09-03T19:35:22.419869+00:00
2022-01-20,378.9,384.0,364.7,384.0,46192,384.0,2026-09-03T19:35:22.419869+00:00
2022-01-23,388.0,400.0,375.0,378.1,96882,378.1,2026-09-03T19:35:22.419869+00:00
2022-01-24,375.0,375.0,351.0,362.9,96145,362.9,2026-09-03T19:35:22.419869+00:00
2022-01-25,356.0,370.9,349.0,355.0,49299,355.0,2026-09-03T19:35:22.419869+00:00
2022-01-26,362.0,362.0,341.0,345.1,37418,345.1,2026-09-03T19:35:22.419869+00:00
2022-01-27,350.0,360.0,342.0,345.0,21635,345.0,2026-09-03T19:35:22.419869+00:00
2022-01-30,351.9,379.5,351.9,379.5,66683,379.5,2026-09-03T19:35:22.419869+00:00
2022-01-31,387.0,387.0,367.0,379.4,48184,379.4,2026-09-03T19:35:22.419869+00:00
2022-02-01,372.0,396.0,364.6,391.0,109641,391.0,2026-09-03T19:35:22.419869+00:00
2022-02-03,398.8,414.1,383.0,386.9,128938,386.9,2026-09-03T19:35:22.419869+00:00
2022-02-06,380.0,392.7,375.0,392.0,99641,392.0,2026-09-03T19:35:22.419869+00:00
2022-02-07,397.0,397.0,375.5,385.0,44459,385.0,2026-09-03T19:35:22.419869+00:00
2022-02-08,392.7,401.0,377.1,382.0,68510,382.0,2026-09-03T19:35:22.419869+00:00
2022-02-09,382.0,388.0,373.0,374.0,20148,374.0,2026-09-03T19:35:22.419869+00:00
2022-02-10,381.4,381.4,367.0,374.0,31225,374.0,2026-09-03T19:35:22.419869+00:00
2022-02-13,366.6,366.6,345.0,345.0,116944,345.0,2026-09-03T19:35:22.419869+00:00
2022-02-14,351.9,356.8,345.0,350.0,42097,350.0,2026-09-03T19:35:22.419869+00:00
2022-02-15,353.0,369.2,350.0,369.2,31329,369.2,2026-09-03T19:35:22.419869+00:00
2022-02-16,376.0,376.4,354.1,355.0,31799,355.0,2026-09-03T19:35:22.419869+00:00
2022-02-17,356.0,366.0,350.0,353.9,21839,353.9,2026-09-03T19:35:22.419869+00:00
2022-02-20,348.0,366.0,340.1,356.0,40793,356.0,2026-09-03T19:35:22.419869+00:00
2022-02-21,363.1,363.5,354.0,362.0,22100,362.0,2026-09-03T19:35:22.419869+00:00
2022-02-22,368.9,376.2,360.0,372.0,61433,372.0,2026-09-03T19:35:22.419869+00:00
2022-02-23,375.0,404.0,365.0,384.0,56533,384.0,2026-09-03T19:35:22.419869+00:00
2022-02-24,379.0,391.6,361.0,390.0,70977,390.0,2026-09-03T19:35:22.419869+00:00
2022-02-27,390.0,390.0,373.0,389.9,80500,389.9,2026-09-03T19:35:22.419869+00:00
2022-02-28,397.6,405.0,365.0,365.0,105221,365.0,2026-09-03T19:35:22.419869+00:00
2022-03-02,358.0,364.0,350.0,360.0,38034,360.0,2026-09-03T19:35:22.419869+00:00
2022-03-06,360.0,360.0,352.8,359.9,32087,359.9,2026-09-03T19:35:22.419869+00:00
2022-03-07,353.0,371.2,350.0,371.0,35232,371.0,2026-09-03T19:35:22.419869+00:00
2022-03-09,363.6,380.0,349.9,374.0,44278,374.0,2026-09-03T19:35:22.419869+00:00
2022-03-10,370.0,387.0,350.0,380.0,92731,380.0,2026-09-03T19:35:22.419869+00:00
2022-03-13,384.0,391.0,368.0,388.0,79988,388.0,2026-09-03T19:35:22.419869+00:00
2022-03-14,381.0,381.0,365.6,378.0,9857,378.0,2026-09-03T19:35:22.419869+00:00
2022-03-15,371.0,388.0,365.1,387.0,66025,387.0,2026-09-03T19:35:22.419869+00:00
2022-03-16,379.3,385.0,368.0,375.0,45071,375.0,2026-09-03T19:35:22.419869+00:00
2022-03-20,382.0,382.0,362.6,362.6,16504,362.6,2026-09-03T19:35:22.419869+00:00
2022-03-21,362.0,376.0,356.2,370.0,17436,370.0,2026-09-03T19:35:22.419869+00:00
2022-03-22,363.1,374.8,359.0,362.0,18057,362.0,2026-09-03T19:35:22.419869+00:00
2022-03-23,362.0,369.2,350.0,369.2,76439,369.2,2026-09-03T19:35:22.419869+00:00
2022-03-24,362.0,367.0,355.0,367.0,25454,367.0,2026-09-03T19:35:22.419869+00:00
2022-03-27,374.0,374.0,350.0,350.0,30497,350.0,2026-09-03T19:35:22.419869+00:00
2022-03-28,350.0,353.0,332.5,350.0,43022,350.0,2026-09-03T19:35:22.419869+00:00
2022-03-29,343.1,353.0,336.8,338.0,16330,338.0,2026-09-03T19:35:22.419869+00:00
2022-03-30,338.1,344.7,330.0,338.0,28834,338.0,2026-09-03T19:35:22.419869+00:00
2022-03-31,344.0,344.0,330.0,337.0,32204,337.0,2026-09-03T19:35:22.419869+00:00
2022-04-03,335.0,335.0,322.0,330.0,21588,330.0,2026-09-03T19:35:22.419869+00:00
2022-04-04,329.0,329.8,319.2,320.0,32553,320.0,2026-09-03T19:35:22.419869+00:00
2022-04-05,326.0,326.0,305.0,314.0,38732,314.0,2026-09-03T19:35:22.419869+00:00
2022-04-06,308.0,326.6,301.2,312.5,24414,312.5,2026-09-03T19:35:22.419869+00:00
2022-04-07,318.0,330.0,309.0,311.0,25571,311.0,2026-09-03T19:35:22.419869+00:00
2022-04-11,317.2,323.0,293.0,296.9,29453,296.9,2026-09-03T19:35:22.419869+00:00
2022-04-12,302.0,304.0,279.3,300.0,38218,300.0,2026-09-03T19:35:22.419869+00:00
2022-04-13,302.0,305.0,288.0,296.0,21718,296.0,2026-09-03T19:35:22.419869+00:00
2022-04-17,296.2,301.8,280.0,289.6,17515,289.6,2026-09-03T19:35:22.419869+00:00
2022-04-18,285.0,286.6,276.1,280.0,15677,280.0,2026-09-03T19:35:22.419869+00:00
2022-04-19,275.0,295.0,270.0,292.0,22442,292.0,2026-09-03T19:35:22.419869+00:00
2022-04-20,286.2,286.2,273.0,281.5,17578,281.5,2026-09-03T19:35:22.419869+00:00
2022-04-21,276.0,286.9,271.0,284.3,18850,284.3,2026-09-03T19:35:22.419869+00:00
2022-04-24,284.0,307.4,277.9,301.0,31932,301.0,2026-09-03T19:35:22.419869+00:00
2022-04-25,300.0,307.0,286.2,298.0,26529,298.0,2026-09-03T19:35:22.419869+00:00
2022-04-26,293.0,306.0,284.3,299.0,15789,299.0,2026-09-03T19:35:22.419869+00:00
2022-04-27,299.0,299.0,288.0,298.9,7889,298.9,2026-09-03T19:35:22.419869+00:00
2022-04-28,300.0,300.0,283.0,293.0,17379,293.0,2026-09-03T19:35:22.419869+00:00
2022-05-02,296.0,296.0,273.3,285.6,17786,285.6,2026-09-03T19:35:22.419869+00:00
2022-05-04,280.0,284.4,274.4,280.6,9755,280.6,2026-09-03T19:35:22.419869+00:00
2022-05-05,275.0,275.0,260.0,262.0,13525,262.0,2026-09-03T19:35:22.419869+00:00
2022-05-08,260.0,283.0,247.0,277.0,11087,277.0,2026-09-03T19:35:22.419869+00:00
2022-05-09,271.5,292.3,260.8,276.0,18869,276.0,2026-09-03T19:35:22.419869+00:00
2022-05-10,272.0,286.6,270.0,284.0,30843,284.0,2026-09-03T19:35:22.419869+00:00
2022-05-11,287.0,300.0,278.5,297.0,35649,297.0,2026-09-03T19:35:22.419869+00:00
2022-05-12,297.5,300.0,285.4,285.5,18732,285.5,2026-09-03T19:35:22.419869+00:00
2022-05-17,279.8,280.0,265.1,270.0,11293,270.0,2026-09-03T19:35:22.419869+00:00
2022-05-18,264.6,293.0,257.2,275.0,18494,275.0,2026-09-03T19:35:22.419869+00:00
2022-05-19,269.5,280.0,265.0,271.0,27285,271.0,2026-09-03T19:35:22.419869+00:00
2022-05-20,265.6,274.0,264.5,271.0,7791,271.0,2026-09-03T19:35:22.419869+00:00
2022-05-23,266.0,266.0,254.0,260.7,14920,260.7,2026-09-03T19:35:22.419869+00:00
2022-05-24,265.0,274.5,259.7,269.7,11448,269.7,2026-09-03T19:35:22.419869+00:00
2022-05-25,274.0,279.0,270.0,271.0,6842,271.0,2026-09-03T19:35:22.419869+00:00
2022-05-26,265.6,278.0,265.6,275.4,14845,275.4,2026-09-03T19:35:22.419869+00:00
2022-05-27,279.9,291.0,265.0,271.0,5548,271.0,2026-09-03T19:35:22.419869+00:00
2022-05-30,265.6,266.0,259.0,259.0,12287,259.0,2026-09-03T19:35:22.419869+00:00
2022-05-31,254.0,270.0,248.0,265.0,17703,265.0,2026-09-03T19:35:22.419869+00:00
2022-06-01,264.1,270.0,249.9,264.0,5070,264.0,2026-09-03T19:35:22.419869+00:00
2022-06-02,258.8,265.0,256.0,260.0,7575,260.0,2026-09-03T19:35:22.419869+00:00
2022-06-03,254.8,259.8,254.8,256.0,11592,256.0,2026-09-03T19:35:22.419869+00:00
2022-06-06,250.9,260.0,250.9,254.0,4656,254.0,2026-09-03T19:35:22.419869+00:00
2022-06-07,249.1,252.1,242.1,248.0,12122,248.0,2026-09-03T19:35:22.419869+00:00
2022-06-08,243.1,263.9,236.0,256.0,18216,256.0,2026-09-03T19:35:22.419869+00:00
2022-06-09,260.0,275.0,251.0,258.0,11008,258.0,2026-09-03T19:35:22.419869+00:00
2022-06-10,252.9,257.0,248.0,250.2,5691,250.2,2026-09-03T19:35:22.419869+00:00
2022-06-13,252.0,252.0,245.2,247.5,4210,247.5,2026-09-03T19:35:22.419869+00:00
2022-06-14,243.0,243.1,238.2,242.8,5009,242.8,2026-09-03T19:35:22.419869+00:00
2022-06-15,238.0,241.0,233.1,240.0,12416,240.0,2026-09-03T19:35:22.419869+00:00
2022-06-16,235.2,246.0,230.5,239.0,7184,239.0,2026-09-03T19:35:22.419869+00:00
2022-06-17,234.3,247.7,231.3,241.0,1649,241.0,2026-09-03T19:35:22.419869+00:00
2022-06-19,236.2,236.2,226.9,230.0,11212,230.0,2026-09-03T19:35:22.419869+00:00
2022-06-20,225.4,225.4,215.7,223.0,17548,223.0,2026-09-03T19:35:22.419869+00:00
2022-06-21,218.6,241.6,214.3,241.6,18865,241.6,2026-09-03T19:35:22.419869+00:00
2022-06-22,246.4,251.0,220.0,251.0,15763,251.0,2026-09-03T19:35:22.419869+00:00
2022-06-23,246.0,246.0,225.9,227.0,13019,227.0,2026-09-03T19:35:22.419869+00:00
2022-06-24,222.5,234.0,211.7,226.4,25034,226.4,2026-09-03T19:35:22.419869+00:00
2022-06-26,230.9,242.9,222.0,239.0,22158,239.0,2026-09-03T19:35:22.419869+00:00
2022-06-27,243.0,253.0,220.5,226.0,30650,226.0,2026-09-03T19:35:22.419869+00:00
2022-06-28,230.5,230.5,220.0,220.0,3515,220.0,2026-09-03T19:35:22.419869+00:00
2022-06-29,224.4,230.0,215.6,227.9,10679,227.9,2026-09-03T19:35:22.419869+00:00
2022-06-30,231.9,239.2,223.1,238.4,45838,238.4,2026-09-03T19:35:22.419869+00:00
2022-07-01,239.0,243.7,229.0,233.5,22224,233.5,2026-09-03T19:35:22.419869+00:00
2022-07-03,233.0,251.4,230.9,239.0,31891,239.0,2026-09-03T19:35:22.419869+00:00
2022-07-04,243.7,258.0,232.0,250.0,71809,250.0,2026-09-03T19:35:22.419869+00:00
2022-07-05,255.0,255.0,234.0,236.0,31962,236.0,2026-09-03T19:35:22.419869+00:00
2022-07-06,231.3,237.0,226.7,232.1,24470,232.1,2026-09-03T19:35:22.419869+00:00
2022-07-07,236.7,244.0,224.0,224.0,25915,224.0,2026-09-03T19:35:22.419869+00:00
2022-07-08,220.0,234.0,218.1,218.2,14618,218.2,2026-09-03T19:35:22.419869+00:00
2022-07-11,218.0,218.0,201.9,206.8,16346,206.8,2026-09-03T19:35:22.419869+00:00
2022-07-12,210.9,223.0,203.0,214.2,21315,214.2,2026-09-03T19:35:22.419869+00:00
2022-07-13,218.0,233.3,214.0,233.0,34450,233.0,2026-09-03T19:35:22.419869+00:00
2022-07-14,233.0,242.0,222.0,229.0,31749,229.0,2026-09-03T19:35:22.419869+00:00
2022-07-15,230.0,233.4,217.0,222.0,14398,222.0,2026-09-03T19:35:22.419869+00:00
2022-07-17,225.0,225.0,218.0,218.2,8500,218.2,2026-09-03T19:35:22.419869+00:00
2022-07-18,220.0,221.0,217.0,219.0,21573,219.0,2026-09-03T19:35:22.419869+00:00
2022-07-19,223.0,225.0,220.0,220.0,15686,220.0,2026-09-03T19:35:22.419869+00:00
2022-07-20,224.0,224.0,216.0,218.0,9316,218.0,2026-09-03T19:35:22.419869+00:00
2022-07-21,220.0,226.7,213.7,215.0,8380,215.0,2026-09-03T19:35:22.419869+00:00
2022-07-22,219.3,219.3,209.0,210.0,28458,210.0,2026-09-03T19:35:22.419869+00:00
2022-07-24,210.0,222.0,210.0,221.0,38932,221.0,2026-09-03T19:35:22.419869+00:00
2022-07-25,225.0,238.0,222.0,236.9,39292,236.9,2026-09-03T19:35:22.419869+00:00
2022-07-26,241.6,241.6,226.0,228.4,36807,228.4,2026-09-03T19:35:22.419869+00:00
2022-07-27,223.9,245.5,223.9,245.4,80404,245.4,2026-09-03T19:35:22.419869+00:00
2022-07-28,250.3,264.0,246.0,257.0,80362,257.0,2026-09-03T19:35:22.419869+00:00
2022-07-29,262.1,265.0,248.0,256.0,31137,256.0,2026-09-03T19:35:22.419869+00:00
2022-07-31,257.0,266.2,255.0,261.1,53434,261.1,2026-09-03T19:35:22.419869+00:00
2022-08-01,256.1,270.0,254.1,259.9,55102,259.9,2026-09-03T19:35:22.419869+00:00
2022-08-02,265.0,265.0,254.0,260.0,37656,260.0,2026-09-03T19:35:22.419869+00:00
2022-08-03,265.0,275.0,257.0,268.0,78945,268.0,2026-09-03T19:35:22.419869+00:00
2022-08-04,264.0,265.9,257.0,260.0,40413,260.0,2026-09-03T19:35:22.419869+00:00
2022-08-05,255.1,258.0,248.0,252.0,32607,252.0,2026-09-03T19:35:22.419869+00:00
2022-08-07,247.0,256.7,247.0,254.7,16006,254.7,2026-09-03T19:35:22.419869+00:00
2022-08-08,249.7,260.0,247.1,249.0,21749,249.0,2026-09-03T19:35:22.419869+00:00
2022-08-09,244.1,253.8,235.2,238.0,29988,238.0,2026-09-03T19:35:22.419869+00:00
2022-08-10,233.3,245.0,228.8,236.1,31255,236.1,2026-09-03T19:35:22.419869+00:00
2022-08-11,240.8,243.7,227.0,232.1,13878,232.1,2026-09-03T19:35:22.419869+00:00
2022-08-14,232.0,235.0,228.0,228.0,13820,228.0,2026-09-03T19:35:22.419869+00:00
2022-08-15,225.0,245.0,225.0,244.9,40175,244.9,2026-09-03T19:35:22.419869+00:00
2022-08-16,246.0,250.9,234.0,236.9,22997,236.9,2026-09-03T19:35:22.419869+00:00
2022-08-17,237.0,247.8,233.0,238.0,22657,238.0,2026-09-03T19:35:22.419869+00:00
2022-08-18,235.1,245.0,235.1,245.0,25883,245.0,2026-09-03T19:35:22.419869+00:00
2022-08-21,245.0,249.9,238.1,242.0,10847,242.0,2026-09-03T19:35:22.419869+00:00
2022-08-22,237.2,245.0,235.0,238.1,12250,238.1,2026-09-03T19:35:22.419869+00:00
2022-08-23,242.0,242.8,233.0,236.0,12412,236.0,2026-09-03T19:35:22.419869+00:00
2022-08-24,238.0,242.7,234.0,237.3,7892,237.3,2026-09-03T19:35:22.419869+00:00
2022-08-25,232.6,240.0,229.0,230.0,18114,230.0,2026-09-03T19:35:22.419869+00:00
2022-08-26,229.0,230.0,220.0,223.0,29642,223.0,2026-09-03T19:35:22.419869+00:00
2022-08-28,219.0,223.0,214.0,214.5,17376,214.5,2026-09-03T19:35:22.419869+00:00
2022-08-29,212.0,217.0,209.8,211.7,17435,211.7,2026-09-03T19:35:22.419869+00:00
2022-08-30,215.0,217.9,210.1,212.0,11135,212.0,2026-09-03T19:35:22.419869+00:00
2022-08-31,212.0,212.0,207.3,212.0,7015,212.0,2026-09-03T19:35:22.419869+00:00
2022-09-01,208.1,215.0,205.0,208.0,25412,208.0,2026-09-03T19:35:22.419869+00:00
2022-09-02,211.0,212.0,205.0,209.0,5688,209.0,2026-09-03T19:35:22.419869+00:00
2022-09-04,206.1,214.0,206.1,211.9,37468,211.9,2026-09-03T19:35:22.419869+00:00
2022-09-05,216.1,216.1,208.0,208.3,7840,208.3,2026-09-03T19:35:22.419869+00:00
2022-09-06,211.9,212.0,200.0,204.0,18468,204.0,2026-09-03T19:35:22.419869+00:00
2022-09-07,208.0,208.0,200.1,202.3,4461,202.3,2026-09-03T19:35:22.419869+00:00
2022-09-08,205.0,209.7,200.6,206.0,15840,206.0,2026-09-03T19:35:22.419869+00:00
2022-09-11,206.0,209.0,202.1,209.0,9152,209.0,2026-09-03T19:35:22.419869+00:00
2022-09-12,213.1,213.1,201.0,201.5,7891,201.5,2026-09-03T19:35:22.419869+00:00
2022-09-13,205.5,211.1,198.1,203.0,16582,203.0,2026-09-03T19:35:22.419869+00:00
2022-09-14,207.0,214.2,202.9,213.9,12906,213.9,2026-09-03T19:35:22.419869+00:00
2022-09-15,215.0,216.5,201.0,203.9,21349,203.9,2026-09-03T19:35:22.419869+00:00
2022-09-16,202.0,211.1,196.0,199.0,8189,199.0,2026-09-03T19:35:22.419869+00:00
2022-09-18,202.0,202.0,191.6,201.9,16851,201.9,2026-09-03T19:35:22.419869+00:00
2022-09-20,198.0,198.0,187.3,190.0,9735,190.0,2026-09-03T19:35:22.419869+00:00
2022-09-21,193.8,196.0,190.0,191.0,4195,191.0,2026-09-03T19:35:22.419869+00:00
2022-09-22,194.0,194.0,184.4,186.0,6949,186.0,2026-09-03T19:35:22.419869+00:00
2022-09-25,182.5,186.0,177.9,185.0,10314,185.0,2026-09-03T19:35:22.419869+00:00
2022-09-27,181.4,187.0,181.4,185.0,8212,185.0,2026-09-03T19:35:22.419869+00:00
2022-09-28,183.1,186.0,182.3,185.9,1652,185.9,2026-09-03T19:35:22.419869+00:00
2022-09-29,184.0,185.9,180.0,181.0,5988,181.0,2026-09-03T19:35:22.419869+00:00
2022-10-09,180.0,190.9,180.0,190.9,3943,190.9,2026-09-03T19:35:22.419869+00:00
2022-10-10,188.3,193.0,184.0,184.3,7572,184.3,2026-09-03T19:35:22.419869+00:00
2022-10-11,181.2,183.9,180.0,183.9,4675,183.9,2026-09-03T19:35:22.419869+00:00
2022-10-12,182.0,185.0,177.0,181.7,11780,181.7,2026-09-03T19:35:22.419869+00:00
2022-10-13,178.2,185.0,178.2,181.0,4502,181.0,2026-09-03T19:35:22.419869+00:00
2022-10-16,178.0,181.5,174.5,174.5,4876,174.5,2026-09-03T19:35:22.419869+00:00
2022-10-17,174.0,176.0,171.1,173.2,5030,173.2,2026-09-03T19:35:22.419869+00:00
2022-10-19,176.6,176.6,162.2,170.0,12294,170.0,2026-09-03T19:35:22.419869+00:00
2022-10-20,170.0,170.0,163.3,166.6,7386,166.6,2026-09-03T19:35:22.419869+00:00
2022-10-23,169.9,170.0,166.6,168.8,3280,168.8,2026-09-03T19:35:22.419869+00:00
2022-10-31,170.0,170.0,165.0,168.3,871,168.3,2026-09-03T19:35:22.419869+00:00
2022-11-01,165.0,181.4,161.7,180.0,14189,180.0,2026-09-03T19:35:22.419869+00:00
2022-11-02,182.0,186.8,177.0,183.1,14746,183.1,2026-09-03T19:35:22.419869+00:00
2022-11-03,180.0,183.9,178.0,179.0,9404,179.0,2026-09-03T19:35:22.419869+00:00
2022-11-06,179.0,196.8,176.0,190.0,12255,190.0,2026-09-03T19:35:22.419869+00:00
2022-11-07,190.1,200.0,188.0,190.0,26680,190.0,2026-09-03T19:35:22.419869+00:00
2022-11-08,192.0,192.0,185.8,185.8,6218,185.8,2026-09-03T19:35:22.419869+00:00
2022-11-09,183.0,183.0,175.0,176.0,16053,176.0,2026-09-03T19:35:22.419869+00:00
2022-11-10,176.0,178.9,170.0,171.0,9722,171.0,2026-09-03T19:35:22.419869+00:00
2022-11-13,174.0,175.0,170.0,170.0,7172,170.0,2026-09-03T19:35:22.419869+00:00
2022-11-14,167.1,176.8,167.0,176.8,6035,176.8,2026-09-03T19:35:22.419869+00:00
2022-11-15,178.0,179.0,172.0,175.0,7431,175.0,2026-09-03T19:35:22.419869+00:00
2022-11-16,177.0,179.9,172.1,175.0,8145,175.0,2026-09-03T19:35:22.419869+00:00
2022-11-17,178.5,182.0,178.4,181.5,14244,181.5,2026-09-03T19:35:22.419869+00:00
2022-11-22,185.1,190.0,181.3,183.0,18093,183.0,2026-09-03T19:35:22.419869+00:00
2022-11-23,180.3,183.0,180.2,183.0,3598,183.0,2026-09-03T19:35:22.419869+00:00
2022-11-24,183.0,186.0,180.0,185.0,5515,185.0,2026-09-03T19:35:22.419869+00:00
2022-11-27,188.7,190.0,185.0,190.0,16291,190.0,2026-09-03T19:35:22.419869+00:00
2022-11-28,193.8,196.4,184.4,186.5,3600,186.5,2026-09-03T19:35:22.419869+00:00
2022-11-29,183.0,189.7,182.8,189.7,6590,189.7,2026-09-03T19:35:22.419869+00:00
2022-11-30,186.0,188.7,183.0,186.0,4500,186.0,2026-09-03T19:35:22.419869+00:00
2022-12-01,189.4,189.4,180.0,182.1,17826,182.1,2026-09-03T19:35:22.419869+00:00
2022-12-04,185.7,195.0,182.0,182.1,31989,182.1,2026-09-03T19:35:22.419869+00:00
2022-12-05,182.1,185.0,177.1,177.1,25962,177.1,2026-09-03T19:35:22.419869+00:00
2022-12-06,176.0,180.5,176.0,179.5,5826,179.5,2026-09-03T19:35:22.419869+00:00
2022-12-07,177.0,179.7,176.2,178.0,6339,178.0,2026-09-03T19:35:22.419869+00:00
2022-12-11,175.0,175.0,167.0,168.0,47525,168.0,2026-09-03T19:35:22.419869+00:00
2022-12-12,164.7,174.0,164.7,174.0,35992,174.0,2026-09-03T19:35:22.419869+00:00
2022-12-13,175.0,175.0,168.6,172.0,14286,172.0,2026-09-03T19:35:22.419869+00:00
2022-12-14,169.1,172.0,169.0,171.0,15273,171.0,2026-09-03T19:35:22.419869+00:00
2022-12-15,168.0,168.4,166.0,166.0,18147,166.0,2026-09-03T19:35:22.419869+00:00
2022-12-18,167.0,167.0,156.8,159.9,43814,159.9,2026-09-03T19:35:22.419869+00:00
2022-12-19,162.0,163.0,155.1,156.0,31991,156.0,2026-09-03T19:35:22.419869+00:00
2022-12-20,159.1,163.0,159.0,162.0,24716,162.0,2026-09-03T19:35:22.419869+00:00
2022-12-21,165.0,165.0,159.0,161.5,11724,161.5,2026-09-03T19:35:22.419869+00:00
2022-12-22,164.7,164.7,159.0,162.0,11794,162.0,2026-09-03T19:35:22.419869+00:00
2022-12-26,165.0,178.0,163.0,178.0,69692,178.0,2026-09-03T19:35:22.419869+00:00
2022-12-27,181.5,193.8,181.0,186.0,104093,186.0,2026-09-03T19:35:22.419869+00:00
2022-12-28,188.0,193.4,180.1,184.3,63091,184.3,2026-09-03T19:35:22.419869+00:00
2022-12-29,181.1,193.5,181.1,193.0,92388,193.0,2026-09-03T19:35:22.419869+00:00
2023-01-01,196.8,206.0,191.1,199.0,117260,199.0,2026-09-03T19:35:22.419869+00:00
2023-01-02,195.1,205.0,191.0,202.0,115727,202.0,2026-09-03T19:35:22.419869+00:00
2023-01-03,201.0,211.0,198.0,203.1,119633,203.1,2026-09-03T19:35:22.419869+00:00
2023-01-04,204.0,217.0,201.0,216.9,84016,216.9,2026-09-03T19:35:22.419869+00:00
2023-01-05,212.6,225.0,212.6,224.0,118886,224.0,2026-09-03T19:35:22.419869+00:00
2023-01-08,219.6,229.0,218.0,221.0,112901,221.0,2026-09-03T19:35:22.419869+00:00
2023-01-09,225.0,239.0,220.0,239.0,144679,239.0,2026-09-03T19:35:22.419869+00:00
2023-01-10,243.0,262.9,235.2,241.0,214484,241.0,2026-09-03T19:35:22.419869+00:00
2023-01-12,245.0,254.8,228.7,229.0,116556,229.0,2026-09-03T19:35:22.419869+00:00
2023-01-17,233.0,249.0,224.0,249.0,156058,249.0,2026-09-03T19:35:22.419869+00:00
2023-01-18,252.0,273.0,244.1,252.0,240598,252.0,2026-09-03T19:35:22.419869+00:00
2023-01-19,257.0,260.1,249.9,253.5,109089,253.5,2026-09-03T19:35:22.419869+00:00
2023-01-23,258.5,266.0,250.9,255.0,225201,255.0,2026-09-03T19:35:22.419869+00:00
2023-01-24,255.0,278.0,253.0,278.0,389627,278.0,2026-09-03T19:35:22.419869+00:00
2023-01-25,282.9,290.0,264.0,270.0,158816,270.0,2026-09-03T19:35:22.419869+00:00
2023-01-26,275.2,279.0,267.6,269.0,140976,269.0,2026-09-03T19:35:22.419869+00:00
2023-01-29,264.0,270.0,260.7,262.0,142089,262.0,2026-09-03T19:35:22.419869+00:00
2023-01-30,266.0,266.0,247.0,249.0,167421,249.0,2026-09-03T19:35:22.419869+00:00
2023-01-31,247.0,260.3,245.0,250.1,105229,250.1,2026-09-03T19:35:22.419869+00:00
2023-02-01,250.0,259.0,249.0,255.1,69319,255.1,2026-09-03T19:35:22.419869+00:00
2023-02-02,257.0,258.0,242.1,248.0,91090,248.0,2026-09-03T19:35:22.419869+00:00
2023-02-05,252.0,252.3,241.0,242.5,63573,242.5,2026-09-03T19:35:22.419869+00:00
2023-02-06,245.0,250.0,241.0,245.0,51085,245.0,2026-09-03T19:35:22.419869+00:00
2023-02-07,249.9,265.0,245.1,265.0,173786,265.0,2026-09-03T19:35:22.419869+00:00
2023-02-08,270.0,272.8,258.0,259.5,139317,259.5,2026-09-03T19:35:22.419869+00:00
2023-02-09,260.0,264.0,256.0,260.0,103733,260.0,2026-09-03T19:35:22.419869+00:00
2023-02-12,255.0,257.0,245.0,248.0,104375,248.0,2026-09-03T19:35:22.419869+00:00
2023-02-14,245.0,249.8,242.1,244.0,58153,244.0,2026-09-03T19:35:22.419869+00:00
2023-02-15,248.0,250.0,240.0,240.5,94520,240.5,2026-09-03T19:35:22.419869+00:00
2023-02-16,244.0,245.0,234.0,236.0,94293,236.0,2026-09-03T19:35:22.419869+00:00
2023-02-20,233.0,238.8,227.0,230.0,102291,230.0,2026-09-03T19:35:22.419869+00:00
2023-02-22,234.6,246.0,231.3,244.9,137833,244.9,2026-09-03T19:35:22.419869+00:00
2023-02-23,240.1,241.0,231.8,235.0,69342,235.0,2026-09-03T19:35:22.419869+00:00
2023-02-26,230.4,233.9,220.9,233.9,138797,233.9,2026-09-03T19:35:22.419869+00:00
2023-02-27,234.0,240.0,223.6,234.0,109934,234.0,2026-09-03T19:35:22.419869+00:00
2023-02-28,235.0,240.7,227.0,234.8,86195,234.8,2026-09-03T19:35:22.419869+00:00
2023-03-01,231.1,232.9,225.0,229.0,62438,229.0,2026-09-03T19:35:22.419869+00:00
2023-03-02,225.0,225.1,219.4,221.0,110037,221.0,2026-09-03T19:35:22.419869+00:00
2023-03-05,221.0,225.0,215.0,216.0,75363,216.0,2026-09-03T19:35:22.419869+00:00
2023-03-07,216.0,228.0,216.0,223.0,94624,223.0,2026-09-03T19:35:22.419869+00:00
2023-03-09,226.9,242.0,224.5,242.0,146448,242.0,2026-09-03T19:35:22.419869+00:00
2023-03-12,245.9,245.9,232.0,233.0,110872,233.0,2026-09-03T19:35:22.419869+00:00
2023-03-13,228.6,232.0,224.5,225.0,80830,225.0,2026-09-03T19:35:22.419869+00:00
2023-03-14,229.5,234.0,224.5,229.0,96924,229.0,2026-09-03T19:35:22.419869+00:00
2023-03-15,232.9,233.5,226.0,229.0,50351,229.0,2026-09-03T19:35:22.419869+00:00
2023-03-16,227.0,237.0,226.2,231.1,87613,231.1,2026-09-03T19:35:22.419869+00:00
2023-03-19,231.0,239.0,230.1,231.0,74509,231.0,2026-09-03T19:35:22.419869+00:00
2023-03-20,228.1,236.8,228.1,235.9,55171,235.9,2026-09-03T19:35:22.419869+00:00
2023-03-22,240.0,241.0,231.1,231.1,59403,231.1,2026-09-03T19:35:22.419869+00:00
2023-03-23,229.0,233.0,227.4,227.5,49106,227.5,2026-09-03T19:35:22.419869+00:00
2023-03-26,231.0,231.0,223.0,223.1,60544,223.1,2026-09-03T19:35:22.419869+00:00
2023-03-27,221.0,233.0,221.0,232.4,171726,232.4,2026-09-03T19:35:22.419869+00:00
2023-03-28,235.0,238.4,231.0,233.0,67326,233.0,2026-09-03T19:35:22.419869+00:00
2023-03-29,237.6,237.6,229.5,233.0,28581,233.0,2026-09-03T19:35:22.419869+00:00
2023-03-30,232.0,236.0,227.4,230.0,70796,230.0,2026-09-03T19:35:22.419869+00:00
2023-04-02,234.0,237.0,224.5,226.5,49630,226.5,2026-09-03T19:35:22.419869+00:00
2023-04-03,230.0,230.0,222.2,225.4,25537,225.4,2026-09-03T19:35:22.419869+00:00
2023-04-04,226.0,228.9,223.0,223.8,42687,223.8,2026-09-03T19:35:22.419869+00:00
2023-04-05,224.0,227.0,223.0,225.2,33170,225.2,2026-09-03T19:35:22.419869+00:00
2023-04-06,228.0,230.8,221.1,221.3,55251,221.3,2026-09-03T19:35:22.419869+00:00
2023-04-09,222.0,222.0,215.3,217.0,91074,217.0,2026-09-03T19:35:22.419869+00:00
2023-04-10,221.3,221.5,215.0,217.8,54126,217.8,2026-09-03T19:35:22.419869+00:00
2023-04-11,221.0,221.5,214.9,218.0,97937,218.0,2026-09-03T19:35:22.419869+00:00
2023-04-12,221.5,232.6,221.5,232.6,127713,232.6,2026-09-03T19:35:22.419869+00:00
2023-04-13,236.8,237.0,225.2,228.0,161804,228.0,2026-09-03T19:35:22.419869+00:00
2023-04-16,227.0,230.0,224.0,226.5,35501,226.5,2026-09-03T19:35:22.419869+00:00
2023-04-17,224.3,226.0,220.0,220.0,28184,220.0,2026-09-03T19:35:22.419869+00:00
2023-04-18,223.9,223.9,218.5,220.0,25655,220.0,2026-09-03T19:35:22.419869+00:00
2023-04-19,224.0,226.0,221.0,222.9,30202,222.9,2026-09-03T19:35:22.419869+00:00
2023-04-20,222.1,225.0,219.0,219.0,48038,219.0,2026-09-03T19:35:22.419869+00:00
2023-04-23,217.3,219.7,214.5,216.0,55058,216.0,2026-09-03T19:35:22.419869+00:00
2023-04-24,216.0,220.0,215.0,218.0,21819,218.0,2026-09-03T19:35:22.419869+00:00
2023-04-25,220.8,222.9,215.2,220.0,25598,220.0,2026-09-03T19:35:22.419869+00:00
2023-04-26,224.4,224.4,216.9,217.0,19144,217.0,2026-09-03T19:35:22.419869+00:00
2023-04-27,215.6,219.8,214.8,217.3,36452,217.3,2026-09-03T19:35:22.419869+00:00
2023-04-30,221.0,221.2,213.0,213.0,63665,213.0,2026-09-03T19:35:22.419869+00:00
2023-05-02,217.2,219.9,211.1,211.5,29261,211.5,2026-09-03T19:35:22.419869+00:00
2023-05-03,209.1,214.0,207.2,209.0,11427,209.0,2026-09-03T19:35:22.419869+00:00
2023-05-04,209.0,213.0,205.5,210.9,20361,210.9,2026-09-03T19:35:22.419869+00:00
2023-05-07,209.0,209.0,202.0,204.0,21177,204.0,2026-09-03T19:35:22.419869+00:00
2023-05-08,205.0,205.0,190.6,191.0,78808,191.0,2026-09-03T19:35:22.419869+00:00
2023-05-09,191.0,202.8,188.0,197.1,56378,197.1,2026-09-03T19:35:22.419869+00:00
2023-05-10,199.0,199.9,193.0,194.0,17808,194.0,2026-09-03T19:35:22.419869+00:00
2023-05-11,197.8,197.8,191.2,193.0,31084,193.0,2026-09-03T19:35:22.419869+00:00
2023-05-14,196.7,196.7,186.2,186.6,49639,186.6,2026-09-03T19:35:22.419869+00:00
2023-05-15,184.0,194.0,183.1,184.8,36254,184.8,2026-09-03T19:35:22.419869+00:00
2023-05-16,188.4,190.0,185.0,187.0,23973,187.0,2026-09-03T19:35:22.419869+00:00
2023-05-17,187.1,194.2,187.0,194.2,36289,194.2,2026-09-03T19:35:22.419869+00:00
2023-05-18,195.0,212.9,195.0,210.0,122322,210.0,2026-09-03T19:35:22.419869+00:00
2023-05-21,210.0,215.0,205.9,208.3,100445,208.3,2026-09-03T19:35:22.419869+00:00
2023-05-22,210.0,211.0,202.0,208.0,70806,208.0,2026-09-03T19:35:22.419869+00:00
2023-05-23,209.0,216.5,209.0,214.2,73147,214.2,2026-09-03T19:35:22.419869+00:00
2023-05-24,217.0,217.9,211.0,216.0,64163,216.0,2026-09-03T19:35:22.419869+00:00
2023-05-28,217.0,221.0,209.8,211.9,92060,211.9,2026-09-03T19:35:22.419869+00:00
2023-05-30,212.0,214.9,202.0,202.1,119380,202.1,2026-09-03T19:35:22.419869+00:00
2023-05-31,200.0,205.0,191.0,192.0,191599,192.0,2026-09-03T19:35:22.419869+00:00
2023-06-01,195.8,203.8,192.0,199.8,82586,199.8,2026-09-03T19:35:22.419869+00:00
2023-06-04,197.0,211.1,197.0,207.2,122685,207.2,2026-09-03T19:35:22.419869+00:00
2023-06-05,210.0,211.0,203.3,204.0,62689,204.0,2026-09-03T19:35:22.419869+00:00
2023-06-06,205.0,209.7,203.0,207.0,101524,207.0,2026-09-03T19:35:22.419869+00:00
2023-06-07,210.0,213.9,204.0,205.9,138458,205.9,2026-09-03T19:35:22.419869+00:00
2023-06-08,206.9,208.0,203.7,203.7,47983,203.7,2026-09-03T19:35:22.419869+00:00
2023-06-11,206.0,211.0,204.9,208.0,286884,208.0,2026-09-03T19:35:22.419869+00:00
2023-06-12,211.9,217.3,205.7,212.0,449749,212.0,2026-09-03T19:35:22.419869+00:00
2023-06-13,212.0,219.9,203.9,218.0,342363,218.0,2026-09-03T19:35:22.419869+00:00
2023-06-14,222.3,222.3,212.3,213.1,246821,213.1,2026-09-03T19:35:22.419869+00:00
2023-06-15,210.0,217.0,210.0,212.9,132394,212.9,2026-09-03T19:35:22.419869+00:00
2023-06-18,216.3,216.3,209.0,213.0,267884,213.0,2026-09-03T19:35:22.419869+00:00
2023-06-19,211.0,214.0,206.0,207.9,230430,207.9,2026-09-03T19:35:22.419869+00:00
2023-06-20,207.0,215.0,201.0,205.0,564474,205.0,2026-09-03T19:35:22.419869+00:00
2023-06-21,205.0,208.0,201.0,203.0,167206,203.0,2026-09-03T19:35:22.419869+00:00
2023-06-22,206.0,206.0,199.0,200.0,137346,200.0,2026-09-03T19:35:22.419869+00:00
2023-06-25,199.0,207.0,198.0,201.9,312761,201.9,2026-09-03T19:35:22.419869+00:00
2023-06-26,205.9,212.0,198.9,198.9,187561,198.9,2026-09-03T19:35:22.419869+00:00
2023-06-27,202.8,205.0,198.0,200.0,160827,200.0,2026-09-03T19:35:22.419869+00:00
2023-06-28,202.9,204.0,196.1,197.0,135717,197.0,2026-09-03T19:35:22.419869+00:00
2023-07-02,200.8,200.9,190.0,191.0,167610,191.0,2026-09-03T19:35:22.419869+00:00
2023-07-03,194.0,194.0,183.0,184.0,135672,184.0,2026-09-03T19:35:22.419869+00:00
2023-07-04,186.9,188.2,184.2,187.0,68247,187.0,2026-09-03T19:35:22.419869+00:00
2023-07-05,186.0,189.5,181.5,182.6,59629,182.6,2026-09-03T19:35:22.419869+00:00
2023-07-06,185.0,185.0,179.0,180.0,90749,180.0,2026-09-03T19:35:22.419869+00:00
2023-07-09,182.0,184.6,178.0,179.0,55165,179.0,2026-09-03T19:35:22.419869+00:00
2023-07-10,182.0,184.6,174.3,174.6,84687,174.6,2026-09-03T19:35:22.419869+00:00
2023-07-11,175.0,178.0,169.0,170.0,118575,170.0,2026-09-03T19:35:22.419869+00:00
2023-07-12,166.6,187.0,163.3,187.0,183569,187.0,2026-09-03T19:35:22.419869+00:00
2023-07-13,190.7,196.6,181.6,183.5,137225,183.5,2026-09-03T19:35:22.419869+00:00
2023-07-16,187.0,189.0,180.5,182.6,71274,182.6,2026-09-03T19:35:22.419869+00:00
2023-07-17,184.0,187.6,179.0,186.0,56574,186.0,2026-09-03T19:35:22.419869+00:00
2023-07-18,188.0,189.6,183.0,183.4,35530,183.4,2026-09-03T19:35:22.419869+00:00
2023-07-19,181.4,186.0,180.0,182.0,47665,182.0,2026-09-03T19:35:22.419869+00:00
2023-07-20,184.0,189.9,182.2,186.0,70881,186.0,2026-09-03T19:35:22.419869+00:00
2023-07-23,185.1,190.1,185.1,188.9,60448,188.9,2026-09-03T19:35:22.419869+00:00
2023-07-24,188.4,195.0,185.2,186.4,81223,186.4,2026-09-03T19:35:22.419869+00:00
2023-07-25,186.1,190.0,185.7,189.0,56762,189.0,2026-09-03T19:35:22.419869+00:00
2023-07-26,186.1,191.0,184.0,184.0,34543,184.0,2026-09-03T19:35:22.419869+00:00
2023-07-27,184.0,188.9,180.0,182.0,39614,182.0,2026-09-03T19:35:22.419869+00:00
2023-07-30,184.0,185.0,177.0,178.5,34032,178.5,2026-09-03T19:35:22.419869+00:00
2023-07-31,180.9,183.0,177.0,177.2,31573,177.2,2026-09-03T19:35:22.419869+00:00
2023-08-01,179.0,182.4,173.0,174.0,38048,174.0,2026-09-03T19:35:22.419869+00:00
2023-08-02,177.4,177.4,169.0,175.0,62747,175.0,2026-09-03T19:35:22.419869+00:00
2023-08-03,177.0,177.0,171.5,173.0,25498,173.0,2026-09-03T19:35:22.419869+00:00
2023-08-06,174.0,174.0,167.1,168.0,60079,168.0,2026-09-03T19:35:22.419869+00:00
2023-08-07,167.0,173.0,165.0,167.0,57935,167.0,2026-09-03T19:35:22.419869+00:00
2023-08-08,164.0,169.8,163.0,163.9,56279,163.9,2026-09-03T19:35:22.419869+00:00
2023-08-09,163.9,167.1,161.7,166.3,48866,166.3,2026-09-03T19:35:22.419869+00:00
2023-08-10,164.1,173.0,164.0,169.0,46157,169.0,2026-09-03T19:35:22.419869+00:00
2023-08-13,167.2,171.3,166.1,166.1,30763,166.1,2026-09-03T19:35:22.419869+00:00
2023-08-14,166.0,169.3,163.6,163.9,38311,163.9,2026-09-03T19:35:22.419869+00:00
2023-08-15,165.0,167.0,160.3,161.0,43320,161.0,2026-09-03T19:35:22.419869+00:00
2023-08-16,158.1,161.1,157.0,158.0,47064,158.0,2026-09-03T19:35:22.419869+00:00
2023-08-17,159.0,162.1,157.0,157.0,40702,157.0,2026-09-03T19:35:22.419869+00:00
2023-08-20,158.0,160.0,155.1,155.7,36540,155.7,2026-09-03T19:35:22.419869+00:00
2023-08-21,153.39,159.8,153.39,154.9,36839,154.9,2026-09-03T19:35:22.419869+00:00
2023-08-22,153.3,157.0,150.2,155.1,49320,155.1,2026-09-03T19:35:22.419869+00:00
2023-08-23,157.0,163.0,156.0,161.1,52064,161.1,2026-09-03T19:35:22.419869+00:00
2023-08-24,158.0,164.9,152.9,154.0,33116,154.0,2026-09-03T19:35:22.419869+00:00
2023-08-27,153.0,154.6,150.0,151.3,55062,151.3,2026-09-03T19:35:22.419869+00:00
2023-08-28,152.0,154.0,150.0,151.0,19559,151.0,2026-09-03T19:35:22.419869+00:00
2023-08-29,148.5,153.0,148.5,150.8,16038,150.8,2026-09-03T19:35:22.419869+00:00
2023-08-30,153.0,156.0,148.0,150.3,19542,150.3,2026-09-03T19:35:22.419869+00:00
2023-09-03,151.0,151.0,143.1,143.6,51964,143.6,2026-09-03T19:35:22.419869+00:00
2023-09-04,145.0,147.9,142.2,144.9,18790,144.9,2026-09-03T19:35:22.419869+00:00
2023-09-05,146.0,146.0,140.0,141.9,23183,141.9,2026-09-03T19:35:22.419869+00:00
2023-09-07,141.9,142.1,139.0,140.0,33670,140.0,2026-09-03T19:35:22.419869+00:00
2023-09-10,141.2,141.9,137.4,139.2,39479,139.2,2026-09-03T19:35:22.419869+00:00
2023-09-11,140.0,142.7,139.0,142.6,31385,142.6,2026-09-03T19:35:22.419869+00:00
2023-09-12,144.0,144.0,137.4,139.0,28940,139.0,2026-09-03T19:35:22.419869+00:00
2023-09-13,141.7,144.7,139.0,144.6,37843,144.6,2026-09-03T19:35:22.419869+00:00
2023-09-17,147.0,147.0,138.1,139.0,25409,139.0,2026-09-03T19:35:22.419869+00:00
2023-09-18,140.0,143.8,138.2,140.0,11880,140.0,2026-09-03T19:35:22.419869+00:00
2023-09-19,140.0,149.0,139.0,148.8,49060,148.8,2026-09-03T19:35:22.419869+00:00
2023-09-21,151.7,163.6,151.7,161.5,177501,161.5,2026-09-03T19:35:22.419869+00:00
2023-09-24,161.0,170.0,155.0,157.0,159551,157.0,2026-09-03T19:35:22.419869+00:00
2023-09-25,159.0,163.0,155.0,158.0,47770,158.0,2026-09-03T19:35:22.419869+00:00
2023-09-26,160.0,168.0,160.0,167.0,106023,167.0,2026-09-03T19:35:22.419869+00:00
2023-09-27,168.0,170.0,157.8,162.8,86487,162.8,2026-09-03T19:35:22.419869+00:00
2023-10-01,166.0,166.0,153.9,154.0,61718,154.0,2026-09-03T19:35:22.419869+00:00
2023-10-02,156.0,158.9,151.0,156.6,74739,156.6,2026-09-03T19:35:22.419869+00:00
2023-10-03,158.0,158.0,152.0,154.0,45227,154.0,2026-09-03T19:35:22.419869+00:00
2023-10-04,154.0,157.5,154.0,156.7,21568,156.7,2026-09-03T19:35:22.419869+00:00
2023-10-05,157.2,157.2,151.1,153.0,33143,153.0,2026-09-03T19:35:22.419869+00:00
2023-10-08,153.1,157.0,147.9,150.0,49327,150.0,2026-09-03T19:35:22.419869+00:00
2023-10-09,148.0,154.0,147.0,150.0,22140,150.0,2026-09-03T19:35:22.419869+00:00
2023-10-10,151.5,152.0,145.4,145.8,17432,145.8,2026-09-03T19:35:22.419869+00:00
2023-10-11,148.7,150.0,144.6,146.0,20625,146.0,2026-09-03T19:35:22.419869+00:00
2023-10-12,147.9,150.0,141.0,142.0,72711,142.0,2026-09-03T19:35:22.419869+00:00
2023-10-16,141.1,145.6,138.9,140.0,37010,140.0,2026-09-03T19:35:22.419869+00:00
2023-10-17,141.0,145.9,137.5,140.0,41426,140.0,2026-09-03T19:35:22.419869+00:00
2023-10-18,141.0,144.7,141.0,144.0,15570,144.0,2026-09-03T19:35:22.419869+00:00
2023-10-19,142.0,146.7,138.4,143.0,32496,143.0,2026-09-03T19:35:22.419869+00:00
2023-10-29,144.0,144.0,139.0,139.5,14652,139.5,2026-09-03T19:35:22.419869+00:00
2023-10-30,140.0,142.2,138.1,142.2,35230,142.2,2026-09-03T19:35:22.419869+00:00
2023-10-31,140.1,142.0,140.0,140.9,12319,140.9,2026-09-03T19:35:22.419869+00:00
2023-11-01,140.9,142.9,139.0,139.0,10670,139.0,2026-09-03T19:35:22.419869+00:00
2023-11-02,139.0,140.7,137.4,137.4,16364,137.4,2026-09-03T19:35:22.419869+00:00
2023-11-05,139.0,139.0,135.6,136.1,14653,136.1,2026-09-03T19:35:22.419869+00:00
2023-11-06,137.8,140.4,137.3,139.2,14085,139.2,2026-09-03T19:35:22.419869+00:00
2023-11-07,140.9,141.9,138.0,138.0,17902,138.0,2026-09-03T19:35:22.419869+00:00
2023-11-06,137.8,140.4,137.3,139.2,14085,139.2,2026-09-03T19:35:22.419869+00:00
2023-11-07,140.9,141.9,138.0,138.0,17902,138.0,2026-09-03T19:35:22.419869+00:00
2023-11-08,138.1,140.7,136.2,140.4,10410,140.4,2026-09-03T19:35:22.419869+00:00
2023-11-09,140.0,140.0,138.0,139.0,7863,139.0,2026-09-03T19:35:22.419869+00:00
2023-11-20,141.7,141.8,137.0,138.9,25805,138.9,2026-09-03T19:35:22.419869+00:00
2023-11-21,141.4,141.4,133.0,136.0,17981,136.0,2026-09-03T19:35:22.419869+00:00
2023-11-22,134.1,138.5,134.1,137.0,7718,137.0,2026-09-03T19:35:22.419869+00:00
2023-11-23,136.1,143.0,134.0,136.5,26056,136.5,2026-09-03T19:35:22.419869+00:00
2023-11-26,138.0,147.9,138.0,144.8,37121,144.8,2026-09-03T19:35:22.419869+00:00
2023-11-27,144.5,147.6,142.1,143.9,41152,143.9,2026-09-03T19:35:22.419869+00:00
2023-11-28,145.0,145.0,137.1,141.8,27335,141.8,2026-09-03T19:35:22.419869+00:00
2023-11-29,144.6,144.6,138.1,139.8,14653,139.8,2026-09-03T19:35:22.419869+00:00
2023-11-30,141.0,142.5,136.0,137.0,13569,137.0,2026-09-03T19:35:22.419869+00:00
2023-12-03,136.0,139.7,136.0,137.5,10492,137.5,2026-09-03T19:35:22.419869+00:00
2023-12-04,139.0,141.0,135.7,138.0,13660,138.0,2026-09-03T19:35:22.419869+00:00
2023-12-05,139.0,139.0,136.0,137.7,14199,137.7,2026-09-03T19:35:22.419869+00:00
2023-12-06,137.5,137.9,135.3,136.8,5944,136.8,2026-09-03T19:35:22.419869+00:00
2023-12-07,139.5,139.8,135.9,137.6,26386,137.6,2026-09-03T19:35:22.419869+00:00
2023-12-10,139.0,150.8,139.0,150.5,9312,150.5,2026-09-03T19:35:22.419869+00:00
2023-12-11,153.5,158.0,144.1,146.0,80697,146.0,2026-09-03T19:35:22.419869+00:00
2023-12-12,146.0,150.9,145.0,150.0,62099,150.0,2026-09-03T19:35:22.419869+00:00
2023-12-13,153.0,160.0,150.0,152.9,94710,152.9,2026-09-03T19:35:22.419869+00:00
2023-12-14,153.0,155.9,150.0,154.0,56090,154.0,2026-09-03T19:35:22.419869+00:00
2023-12-17,151.0,169.4,148.0,169.4,207022,169.4,2026-09-03T19:35:22.419869+00:00
2023-12-18,172.7,182.0,167.7,172.0,253490,172.0,2026-09-03T19:35:22.419869+00:00
2023-12-19,173.0,179.5,166.7,177.0,143827,177.0,2026-09-03T19:35:22.419869+00:00
2023-12-20,180.5,182.0,171.0,175.0,147693,175.0,2026-09-03T19:35:22.419869+00:00
2023-12-21,176.0,181.0,170.6,170.6,128725,170.6,2026-09-03T19:35:22.419869+00:00
2023-12-24,173.9,178.1,163.0,164.0,152558,164.0,2026-09-03T19:35:22.419869+00:00
2023-12-27,167.2,173.8,159.0,164.0,106648,164.0,2026-09-03T19:35:22.419869+00:00
2023-12-28,166.0,166.9,160.1,162.0,77698,162.0,2026-09-03T19:35:22.419869+00:00
2024-01-01,165.0,167.9,159.0,159.0,63834,159.0,2026-09-03T19:35:22.419869+00:00
2024-01-02,160.0,162.0,152.5,155.0,78690,155.0,2026-09-03T19:35:22.419869+00:00
2024-01-03,157.0,162.0,153.4,162.0,104126,162.0,2026-09-03T19:35:22.419869+00:00
2024-01-04,165.2,168.3,162.7,162.8,113501,162.8,2026-09-03T19:35:22.419869+00:00
2024-01-07,166.0,168.5,161.7,163.9,114184,163.9,2026-09-03T19:35:22.419869+00:00
2024-01-08,164.0,167.0,162.0,166.0,70190,166.0,2026-09-03T19:35:22.419869+00:00
2024-01-09,168.8,176.0,166.1,168.0,208929,168.0,2026-09-03T19:35:22.419869+00:00
2024-01-10,165.0,172.0,164.0,166.0,76148,166.0,2026-09-03T19:35:22.419869+00:00
2024-01-11,169.3,169.3,163.5,167.0,36021,167.0,2026-09-03T19:35:22.419869+00:00
2024-01-14,170.3,180.0,169.0,175.0,127677,175.0,2026-09-03T19:35:22.419869+00:00
2024-01-16,178.5,190.0,175.4,187.1,270641,187.1,2026-09-03T19:35:22.419869+00:00
2024-01-17,190.8,194.6,177.1,178.7,268480,178.7,2026-09-03T19:35:22.419869+00:00
2024-01-18,175.3,187.6,174.0,177.8,164467,177.8,2026-09-03T19:35:22.419869+00:00
2024-01-21,181.3,194.0,181.3,191.0,524789,191.0,2026-09-03T19:35:22.419869+00:00
2024-01-22,194.8,200.8,185.0,185.0,243195,185.0,2026-09-03T19:35:22.419869+00:00
2024-01-23,187.0,190.6,182.3,186.8,108435,186.8,2026-09-03T19:35:22.419869+00:00
2024-01-24,190.0,190.5,180.0,181.0,96634,181.0,2026-09-03T19:35:22.419869+00:00
2024-01-25,183.9,184.6,177.0,181.0,95643,181.0,2026-09-03T19:35:22.419869+00:00
2024-01-28,184.0,185.0,175.5,183.0,97548,183.0,2026-09-03T19:35:22.419869+00:00
2024-01-29,186.5,186.8,181.0,182.0,88466,182.0,2026-09-03T19:35:22.419869+00:00
2024-01-30,185.6,192.5,184.0,191.8,209798,191.8,2026-09-03T19:35:22.419869+00:00
2024-01-31,195.6,195.6,182.5,184.5,139112,184.5,2026-09-03T19:35:22.419869+00:00
2024-02-01,183.8,185.0,177.7,178.0,129075,178.0,2026-09-03T19:35:22.419869+00:00
2024-02-04,177.1,183.1,176.0,177.8,73297,177.8,2026-09-03T19:35:22.419869+00:00
2024-02-05,180.0,182.0,176.0,176.2,57383,176.2,2026-09-03T19:35:22.419869+00:00
2024-02-06,178.0,181.1,178.0,180.0,55845,180.0,2026-09-03T19:35:22.419869+00:00
2024-02-07,183.0,183.0,178.4,180.0,55150,180.0,2026-09-03T19:35:22.419869+00:00
2024-02-08,181.9,182.0,178.5,179.9,69893,179.9,2026-09-03T19:35:22.419869+00:00
2024-02-11,182.0,184.9,179.0,180.0,69051,180.0,2026-09-03T19:35:22.419869+00:00
2024-02-12,180.0,187.2,179.0,186.8,111368,186.8,2026-09-03T19:35:22.419869+00:00
2024-02-13,190.5,190.5,180.0,181.9,101948,181.9,2026-09-03T19:35:22.419869+00:00
2024-02-14,179.0,183.0,178.0,178.5,78965,178.5,2026-09-03T19:35:22.419869+00:00
2024-02-15,179.0,183.6,177.7,178.1,74663,178.1,2026-09-03T19:35:22.419869+00:00
2024-02-18,176.2,180.5,176.0,176.0,68505,176.0,2026-09-03T19:35:22.419869+00:00
2024-02-20,177.9,178.5,175.0,176.0,43875,176.0,2026-09-03T19:35:22.419869+00:00
2024-02-21,178.0,179.0,172.7,174.0,33250,174.0,2026-09-03T19:35:22.419869+00:00
2024-02-22,176.0,176.0,167.1,169.9,66978,169.9,2026-09-03T19:35:22.419869+00:00
2024-02-25,169.0,171.0,160.8,160.8,48649,160.8,2026-09-03T19:35:22.419869+00:00
2024-02-26,160.0,167.9,160.0,164.2,54819,164.2,2026-09-03T19:35:22.419869+00:00
2024-02-27,166.0,169.1,162.0,167.9,40095,167.9,2026-09-03T19:35:22.419869+00:00
2024-02-28,170.8,170.8,165.0,166.2,22030,166.2,2026-09-03T19:35:22.419869+00:00
2024-02-29,169.0,169.5,159.0,160.0,60824,160.0,2026-09-03T19:35:22.419869+00:00
2024-03-03,160.0,163.2,158.0,160.0,29654,160.0,2026-09-03T19:35:22.419869+00:00
2024-03-04,163.2,176.0,163.2,176.0,1070,176.0,2026-09-03T19:35:22.419869+00:00
2024-03-05,179.5,179.5,168.8,169.8,93605,169.8,2026-09-03T19:35:22.419869+00:00
2024-03-06,170.0,174.4,165.0,170.0,49450,170.0,2026-09-03T19:35:22.419869+00:00
2024-03-07,172.0,175.4,169.0,171.0,46174,171.0,2026-09-03T19:35:22.419869+00:00
2024-03-10,173.0,174.4,171.0,171.6,27567,171.6,2026-09-03T19:35:22.419869+00:00
2024-03-12,171.0,176.0,171.0,174.5,36290,174.5,2026-09-03T19:35:22.419869+00:00
2024-03-13,177.9,177.9,171.0,173.0,55830,173.0,2026-09-03T19:35:22.419869+00:00
2024-03-14,175.0,176.4,170.0,170.0,69333,170.0,2026-09-03T19:35:22.419869+00:00
2024-03-17,169.0,172.0,168.0,168.1,23314,168.1,2026-09-03T19:35:22.419869+00:00
2024-03-18,168.1,171.3,168.1,168.2,19311,168.2,2026-09-03T19:35:22.419869+00:00
2024-03-19,171.5,173.3,166.0,167.8,31882,167.8,2026-09-03T19:35:22.419869+00:00
2024-03-20,171.1,171.1,165.2,167.0,21214,167.0,2026-09-03T19:35:22.419869+00:00
2024-03-21,170.0,170.0,164.0,164.5,24641,164.5,2026-09-03T19:35:22.419869+00:00
2024-03-25,164.5,164.9,162.1,162.3,26422,162.3,2026-09-03T19:35:22.419869+00:00
2024-03-26,165.4,165.4,160.4,165.0,26790,165.0,2026-09-03T19:35:22.419869+00:00
2024-03-27,165.0,167.7,163.0,164.0,21835,164.0,2026-09-03T19:35:22.419869+00:00
2024-03-28,164.0,166.0,161.2,165.0,21919,165.0,2026-09-03T19:35:22.419869+00:00
2024-03-31,162.0,166.0,160.1,162.0,13866,162.0,2026-09-03T19:35:22.419869+00:00
2024-04-01,160.0,163.5,160.0,162.9,35458,162.9,2026-09-03T19:35:22.419869+00:00
2024-04-02,160.0,165.9,160.0,161.0,12702,161.0,2026-09-03T19:35:22.419869+00:00
2024-04-03,161.0,163.0,159.4,159.5,26319,159.5,2026-09-03T19:35:22.419869+00:00
2024-04-04,162.0,162.0,159.0,159.5,31383,159.5,2026-09-03T19:35:22.419869+00:00
2024-04-07,162.2,162.2,157.0,160.8,92206,160.8,2026-09-03T19:35:22.419869+00:00
2024-04-09,163.0,164.0,160.0,161.6,39973,161.6,2026-09-03T19:35:22.419869+00:00
2024-04-10,163.0,165.0,162.0,165.0,43133,165.0,2026-09-03T19:35:22.419869+00:00
2024-04-14,166.0,167.9,164.0,165.0,20776,165.0,2026-09-03T19:35:22.419869+00:00
2024-04-15,162.0,168.0,161.0,164.8,15286,164.8,2026-09-03T19:35:22.419869+00:00
2024-04-16,161.6,167.0,159.0,163.0,4770,163.0,2026-09-03T19:35:22.419869+00:00
2024-04-18,160.0,169.2,157.1,159.8,30933,159.8,2026-09-03T19:35:22.419869+00:00
2024-04-21,156.7,167.1,156.7,160.0,29073,160.0,2026-09-03T19:35:22.419869+00:00
2024-04-22,163.2,163.2,157.1,159.0,16988,159.0,2026-09-03T19:35:22.419869+00:00
2024-04-24,158.3,162.0,157.0,161.0,9243,161.0,2026-09-03T19:35:22.419869+00:00
2024-04-25,157.8,162.0,157.0,158.0,14349,158.0,2026-09-03T19:35:22.419869+00:00
2024-04-28,159.0,161.0,157.2,160.0,22057,160.0,2026-09-03T19:35:22.419869+00:00
2024-04-29,157.0,164.0,154.0,161.6,20040,161.6,2026-09-03T19:35:22.419869+00:00
2024-04-30,163.0,173.0,160.0,167.0,69384,167.0,2026-09-03T19:35:22.419869+00:00
2024-05-02,167.0,170.9,164.9,167.4,30591,167.4,2026-09-03T19:35:22.419869+00:00
2024-05-05,165.0,167.0,161.6,161.9,16440,161.9,2026-09-03T19:35:22.419869+00:00
2024-05-06,162.0,164.9,160.0,162.4,11397,162.4,2026-09-03T19:35:22.419869+00:00
2024-05-07,161.0,164.0,160.4,162.0,15752,162.0,2026-09-03T19:35:22.419869+00:00
2024-05-08,158.9,162.0,158.5,158.6,16827,158.6,2026-09-03T19:35:22.419869+00:00
2024-05-09,156.0,163.0,156.0,158.5,14760,158.5,2026-09-03T19:35:22.419869+00:00
2024-05-12,161.0,161.0,156.2,160.0,11878,160.0,2026-09-03T19:35:22.419869+00:00
2024-05-13,156.8,160.5,156.8,160.0,15549,160.0,2026-09-03T19:35:22.419869+00:00
2024-05-14,160.0,165.0,159.0,164.0,53531,164.0,2026-09-03T19:35:22.419869+00:00
2024-05-15,167.2,167.7,158.8,163.8,33249,163.8,2026-09-03T19:35:22.419869+00:00
2024-05-16,163.0,165.0,161.0,163.0,25851,163.0,2026-09-03T19:35:22.419869+00:00
2024-05-19,166.2,169.5,161.5,163.9,29402,163.9,2026-09-03T19:35:22.419869+00:00
2024-05-20,163.9,167.0,163.0,165.0,46780,165.0,2026-09-03T19:35:22.419869+00:00
2024-05-21,166.0,168.5,162.5,167.5,72222,167.5,2026-09-03T19:35:22.419869+00:00
2024-05-22,167.5,170.6,166.8,167.0,66098,167.0,2026-09-03T19:35:22.419869+00:00
2024-05-26,170.0,170.0,166.1,167.0,54701,167.0,2026-09-03T19:35:22.419869+00:00
2024-05-27,163.7,173.4,163.7,168.9,58759,168.9,2026-09-03T19:35:22.419869+00:00
2024-05-29,172.2,172.2,163.2,165.0,35999,165.0,2026-09-03T19:35:22.419869+00:00
2024-05-30,165.0,167.8,160.0,162.0,47450,162.0,2026-09-03T19:35:22.419869+00:00
2024-06-02,162.1,165.2,160.0,161.0,24624,161.0,2026-09-03T19:35:22.419869+00:00
2024-06-03,161.5,162.0,158.5,161.9,29052,161.9,2026-09-03T19:35:22.419869+00:00
2024-06-04,161.0,162.9,159.1,160.0,31548,160.0,2026-09-03T19:35:22.419869+00:00
2024-06-05,160.0,167.2,157.5,167.2,38604,167.2,2026-09-03T19:35:22.419869+00:00
2024-06-06,169.0,169.0,160.0,162.0,22189,162.0,2026-09-03T19:35:22.419869+00:00
2024-06-09,163.0,163.0,158.1,160.0,31939,160.0,2026-09-03T19:35:22.419869+00:00
2024-06-10,160.0,165.0,158.7,162.8,33211,162.8,2026-09-03T19:35:22.419869+00:00
2024-06-11,162.8,169.3,160.0,165.8,39960,165.8,2026-09-03T19:35:22.419869+00:00
2024-06-12,169.0,169.0,164.0,167.0,45527,167.0,2026-09-03T19:35:22.419869+00:00
2024-06-13,167.0,171.3,164.0,169.0,120427,169.0,2026-09-03T19:35:22.419869+00:00
2024-06-16,172.3,184.6,170.0,182.8,409555,182.8,2026-09-03T19:35:22.419869+00:00
2024-06-18,180.0,188.5,179.4,181.8,209978,181.8,2026-09-03T19:35:22.419869+00:00
2024-06-19,181.1,187.0,179.5,184.7,197474,184.7,2026-09-03T19:35:22.419869+00:00
2024-06-20,183.0,183.0,176.6,177.0,138219,177.0,2026-09-03T19:35:22.419869+00:00
2024-06-23,179.0,179.0,173.3,173.6,87826,173.6,2026-09-03T19:35:22.419869+00:00
2024-06-24,174.0,185.6,172.5,185.6,182255,185.6,2026-09-03T19:35:22.419869+00:00
2024-06-25,185.6,185.6,176.9,179.0,129185,179.0,2026-09-03T19:35:22.419869+00:00
2024-06-26,181.5,192.0,172.1,192.0,112857,192.0,2026-09-03T19:35:22.419869+00:00
2024-06-27,195.8,195.8,174.0,177.0,266587,177.0,2026-09-03T19:35:22.419869+00:00
2024-06-30,174.0,176.9,167.4,168.7,76698,168.7,2026-09-03T19:35:22.419869+00:00
2024-07-01,167.0,171.3,166.0,170.8,55656,170.8,2026-09-03T19:35:22.419869+00:00
2024-07-02,174.2,184.6,172.1,173.0,81920,173.0,2026-09-03T19:35:22.419869+00:00
2024-07-03,169.8,174.8,167.0,170.0,56660,170.0,2026-09-03T19:35:22.419869+00:00
2024-07-04,173.4,173.4,168.2,172.2,58440,172.2,2026-09-03T19:35:22.419869+00:00
2024-07-07,172.0,174.0,169.6,169.7,48132,169.7,2026-09-03T19:35:22.419869+00:00
2024-07-08,172.2,172.2,167.6,168.0,31041,168.0,2026-09-03T19:35:22.419869+00:00
2024-07-09,167.2,170.2,167.0,169.2,41329,169.2,2026-09-03T19:35:22.419869+00:00
2024-07-10,168.0,174.3,168.0,172.5,59225,172.5,2026-09-03T19:35:22.419869+00:00
2024-07-11,175.0,176.4,172.0,175.0,65767,175.0,2026-09-03T19:35:22.419869+00:00
2024-07-14,178.5,182.0,175.0,181.0,101367,181.0,2026-09-03T19:35:22.419869+00:00
2024-07-15,184.6,188.2,178.0,179.0,108047,179.0,2026-09-03T19:35:22.419869+00:00
2024-07-16,182.4,192.0,178.8,192.0,288355,192.0,2026-09-03T19:35:22.419869+00:00
2024-07-17,194.8,197.7,187.1,194.6,213186,194.6,2026-09-03T19:35:22.419869+00:00
2024-07-18,195.0,198.0,190.2,192.0,199826,192.0,2026-09-03T19:35:22.419869+00:00
2024-07-21,192.0,210.8,192.0,207.0,517317,207.0,2026-09-03T19:35:22.419869+00:00
2024-07-22,211.1,214.0,200.1,211.0,329017,211.0,2026-09-03T19:35:22.419869+00:00
2024-07-23,207.0,220.8,207.0,219.1,255082,219.1,2026-09-03T19:35:22.419869+00:00
2024-07-24,214.8,222.5,208.6,212.0,330880,212.0,2026-09-03T19:35:22.419869+00:00
2024-07-25,216.2,216.2,202.8,206.0,264193,206.0,2026-09-03T19:35:22.419869+00:00
2024-07-28,210.1,218.4,202.9,210.0,197246,210.0,2026-09-03T19:35:22.419869+00:00
2024-07-29,214.2,216.0,206.9,207.0,258153,207.0,2026-09-03T19:35:22.419869+00:00
2024-07-30,209.0,213.0,203.1,210.0,225046,210.0,2026-09-03T19:35:22.419869+00:00
2024-07-31,213.1,226.0,211.0,218.0,416743,218.0,2026-09-03T19:35:22.419869+00:00
2024-08-01,219.5,225.0,215.0,216.5,250989,216.5,2026-09-03T19:35:22.419869+00:00
2024-08-05,220.8,225.2,213.7,218.0,249096,218.0,2026-09-03T19:35:22.419869+00:00
2024-08-06,221.9,223.9,205.0,206.0,305430,206.0,2026-09-03T19:35:22.419869+00:00
2024-08-07,206.0,215.2,202.6,213.1,185651,213.1,2026-09-03T19:35:22.419869+00:00
2024-08-08,215.0,218.0,210.0,212.0,239240,212.0,2026-09-03T19:35:22.419869+00:00
2024-08-11,216.0,233.2,212.2,233.0,571229,233.0,2026-09-03T19:35:22.419869+00:00
2024-08-12,237.6,252.0,235.0,249.0,466356,249.0,2026-09-03T19:35:22.419869+00:00
2024-08-13,253.9,258.9,243.0,248.0,330815,248.0,2026-09-03T19:35:22.419869+00:00
2024-08-14,252.9,264.0,239.9,257.0,384226,257.0,2026-09-03T19:35:22.419869+00:00
2024-08-15,262.0,278.4,260.0,275.6,505139,275.6,2026-09-03T19:35:22.419869+00:00
2024-08-18,281.1,281.1,262.8,263.3,472291,263.3,2026-09-03T19:35:22.419869+00:00
2024-08-21,262.0,270.0,257.0,257.8,248748,257.8,2026-09-03T19:35:22.419869+00:00
2024-08-22,259.0,267.0,256.0,260.0,210580,260.0,2026-09-03T19:35:22.419869+00:00
2024-08-25,260.0,268.0,249.9,250.0,246179,250.0,2026-09-03T19:35:22.419869+00:00
2024-08-27,246.1,253.0,229.0,231.3,285334,231.3,2026-09-03T19:35:22.419869+00:00
2024-08-28,235.9,247.0,231.5,235.0,204350,235.0,2026-09-03T19:35:22.419869+00:00
2024-08-29,239.7,239.7,230.5,231.1,121745,231.1,2026-09-03T19:35:22.419869+00:00
2024-09-01,232.2,239.0,226.0,228.0,94932,228.0,2026-09-03T19:35:22.419869+00:00
2024-09-02,232.4,246.8,228.0,246.5,165160,246.5,2026-09-03T19:35:22.419869+00:00
2024-09-03,250.0,254.0,245.0,248.9,178717,248.9,2026-09-03T19:35:22.419869+00:00
2024-09-04,246.0,251.0,235.4,237.5,166412,237.5,2026-09-03T19:35:22.419869+00:00
2024-09-05,236.0,239.0,228.0,233.0,131086,233.0,2026-09-03T19:35:22.419869+00:00
2024-09-08,237.0,238.0,229.0,229.7,61829,229.7,2026-09-03T19:35:22.419869+00:00
2024-09-09,226.2,230.7,219.6,221.6,109495,221.6,2026-09-03T19:35:22.419869+00:00
2024-09-10,224.0,228.0,216.0,218.0,97712,218.0,2026-09-03T19:35:22.419869+00:00
2024-09-11,218.0,224.0,213.7,214.8,72237,214.8,2026-09-03T19:35:22.419869+00:00
2024-09-12,214.1,234.0,214.0,234.0,95685,234.0,2026-09-03T19:35:22.419869+00:00
2024-09-15,238.0,240.0,223.0,224.0,137309,224.0,2026-09-03T19:35:22.419869+00:00
2024-09-16,224.0,224.0,216.1,218.0,81048,218.0,2026-09-03T19:35:22.419869+00:00
2024-09-18,222.3,222.3,213.1,216.2,64052,216.2,2026-09-03T19:35:22.419869+00:00
2024-09-22,220.5,229.0,215.9,217.0,75670,217.0,2026-09-03T19:35:22.419869+00:00
2024-09-23,216.5,220.0,210.0,211.0,85317,211.0,2026-09-03T19:35:22.419869+00:00
2024-09-24,211.0,215.2,203.1,203.9,78030,203.9,2026-09-03T19:35:22.419869+00:00
2024-09-25,204.9,209.0,197.1,208.9,63925,208.9,2026-09-03T19:35:22.419869+00:00
2024-09-26,210.0,213.9,201.0,204.5,63783,204.5,2026-09-03T19:35:22.419869+00:00
2024-09-29,203.0,206.8,196.0,203.0,58938,203.0,2026-09-03T19:35:22.419869+00:00
2024-09-30,205.0,205.0,200.0,204.3,25769,204.3,2026-09-03T19:35:22.419869+00:00
2024-10-01,206.9,220.0,204.3,218.1,99308,218.1,2026-09-03T19:35:22.419869+00:00
2024-10-02,221.9,223.9,209.0,212.0,206681,212.0,2026-09-03T19:35:22.419869+00:00
2024-10-06,208.1,218.0,208.1,215.0,47809,215.0,2026-09-03T19:35:22.419869+00:00
2024-10-07,219.3,225.0,218.0,221.0,67220,221.0,2026-09-03T19:35:22.419869+00:00
2024-10-08,220.0,224.9,216.0,216.3,38082,216.3,2026-09-03T19:35:22.419869+00:00
2024-10-09,219.0,221.0,214.0,216.9,94032,216.9,2026-09-03T19:35:22.419869+00:00
2024-10-15,220.0,220.1,216.0,220.0,25053,220.0,2026-09-03T19:35:22.419869+00:00
2024-10-16,224.0,230.3,220.1,229.7,87732,229.7,2026-09-03T19:35:22.419869+00:00
2024-10-17,230.1,233.0,225.5,227.5,90408,227.5,2026-09-03T19:35:22.419869+00:00
2024-10-20,225.0,226.4,217.1,220.0,119312,220.0,2026-09-03T19:35:22.419869+00:00
2024-10-21,217.1,221.0,214.0,214.5,70799,214.5,2026-09-03T19:35:22.419869+00:00
2024-10-22,215.0,219.8,212.1,214.2,176284,214.2,2026-09-03T19:35:22.419869+00:00
2024-10-23,218.4,218.5,212.4,215.0,111585,215.0,2026-09-03T19:35:22.419869+00:00
2024-10-24,216.0,217.0,214.0,214.5,32781,214.5,2026-09-03T19:35:22.419869+00:00
2024-10-27,216.0,218.0,212.1,216.0,74925,216.0,2026-09-03T19:35:22.419869+00:00
2024-10-28,217.5,220.0,214.2,217.9,98710,217.9,2026-09-03T19:35:22.419869+00:00
2024-10-29,219.8,224.4,219.0,223.9,120617,223.9,2026-09-03T19:35:22.419869+00:00
2024-10-30,228.3,228.3,221.1,222.6,53906,222.6,2026-09-03T19:35:22.419869+00:00
2024-11-05,225.0,226.0,220.2,221.0,28242,221.0,2026-09-03T19:35:22.419869+00:00
2024-11-06,222.9,223.2,221.0,222.8,50024,222.8,2026-09-03T19:35:22.419869+00:00
2024-11-10,224.0,242.5,220.5,241.0,533350,241.0,2026-09-03T19:35:22.419869+00:00
2024-11-11,245.0,255.0,235.0,239.5,197339,239.5,2026-09-03T19:35:22.419869+00:00
2024-11-12,242.9,242.9,234.0,235.0,77856,235.0,2026-09-03T19:35:22.419869+00:00
2024-11-13,234.0,236.4,229.7,232.0,180065,232.0,2026-09-03T19:35:22.419869+00:00
2024-11-14,234.6,238.0,232.4,234.0,130049,234.0,2026-09-03T19:35:22.419869+00:00
2024-11-17,238.6,243.5,237.0,237.0,161030,237.0,2026-09-03T19:35:22.419869+00:00
2024-11-19,241.0,241.0,231.0,231.9,140173,231.9,2026-09-03T19:35:22.419869+00:00
2024-11-20,234.0,235.8,227.3,232.9,102050,232.9,2026-09-03T19:35:22.419869+00:00
2024-11-21,236.0,236.6,226.2,226.2,125759,226.2,2026-09-03T19:35:22.419869+00:00
2024-11-24,229.0,230.6,225.0,226.0,78491,226.0,2026-09-03T19:35:22.419869+00:00
2024-11-25,229.0,229.0,225.0,226.9,55146,226.9,2026-09-03T19:35:22.419869+00:00
2024-11-26,230.0,237.5,229.1,237.0,167710,237.0,2026-09-03T19:35:22.419869+00:00
2024-11-27,237.0,241.7,237.0,239.0,117039,239.0,2026-09-03T19:35:22.419869+00:00
2024-11-28,242.9,243.0,235.0,236.5,102662,236.5,2026-09-03T19:35:22.419869+00:00
2024-12-01,232.0,234.0,229.0,231.0,133776,231.0,2026-09-03T19:35:22.419869+00:00
2024-12-02,234.6,242.0,233.0,234.1,116308,234.1,2026-09-03T19:35:22.419869+00:00
2024-12-03,238.4,257.5,231.0,253.1,669213,253.1,2026-09-03T19:35:22.419869+00:00
2024-12-04,258.1,268.0,249.9,249.9,322899,249.9,2026-09-03T19:35:22.419869+00:00
2024-12-05,245.0,260.0,245.0,253.6,364502,253.6,2026-09-03T19:35:22.419869+00:00
2024-12-08,255.9,257.7,242.0,244.1,247281,244.1,2026-09-03T19:35:22.419869+00:00
2024-12-09,245.0,253.0,242.0,245.3,155343,245.3,2026-09-03T19:35:22.419869+00:00
2024-12-10,250.2,250.2,240.1,243.8,117990,243.8,2026-09-03T19:35:22.419869+00:00
2024-12-11,245.0,249.0,242.1,248.0,79824,248.0,2026-09-03T19:35:22.419869+00:00
2024-12-12,249.9,251.0,240.3,241.0,123383,241.0,2026-09-03T19:35:22.419869+00:00
2024-12-16,240.0,240.8,234.5,234.5,115593,234.5,2026-09-03T19:35:22.419869+00:00
2024-12-17,234.1,238.9,232.4,233.9,76010,233.9,2026-09-03T19:35:22.419869+00:00
2024-12-18,238.5,238.5,230.0,232.0,94496,232.0,2026-09-03T19:35:22.419869+00:00
2024-12-19,229.1,236.0,228.0,229.9,117551,229.9,2026-09-03T19:35:22.419869+00:00
2024-12-22,232.5,234.4,227.0,230.0,58915,230.0,2026-09-03T19:35:22.419869+00:00
2024-12-23,231.0,237.0,230.5,235.9,78025,235.9,2026-09-03T19:35:22.419869+00:00
2024-12-24,238.5,239.4,231.2,231.2,58154,231.2,2026-09-03T19:35:22.419869+00:00
2024-12-26,232.9,233.5,231.0,231.5,66049,231.5,2026-09-03T19:35:22.419869+00:00
2024-12-29,231.5,232.9,225.0,225.0,84488,225.0,2026-09-03T19:35:22.419869+00:00
2024-12-31,223.1,225.0,217.4,221.0,104768,221.0,2026-09-03T19:35:22.419869+00:00
2025-01-01,220.0,225.0,218.0,218.0,70040,218.0,2026-09-03T19:35:22.419869+00:00
2025-01-02,220.0,223.9,219.5,220.4,48699,220.4,2026-09-03T19:35:22.419869+00:00
2025-01-05,222.0,227.0,220.3,223.5,68640,223.5,2026-09-03T19:35:22.419869+00:00
2025-01-06,225.5,232.9,225.5,231.4,78908,231.4,2026-09-03T19:35:22.419869+00:00
2025-01-07,226.8,236.0,226.8,230.0,60458,230.0,2026-09-03T19:35:22.419869+00:00
2025-01-08,233.0,234.0,229.5,232.9,68427,232.9,2026-09-03T19:35:22.419869+00:00
2025-01-09,229.9,235.8,229.9,235.0,100587,235.0,2026-09-03T19:35:22.419869+00:00
2025-01-12,234.0,238.0,231.1,231.2,49791,231.2,2026-09-03T19:35:22.419869+00:00
2025-01-13,232.0,233.0,227.5,228.4,43748,228.4,2026-09-03T19:35:22.419869+00:00
2025-01-15,224.1,231.9,224.1,225.3,66816,225.3,2026-09-03T19:35:22.419869+00:00
2025-01-16,228.8,229.0,222.7,224.0,54750,224.0,2026-09-03T19:35:22.419869+00:00
2025-01-19,219.6,228.0,219.6,225.8,65710,225.8,2026-09-03T19:35:22.419869+00:00
2025-01-20,228.0,230.0,225.0,227.4,52581,227.4,2026-09-03T19:35:22.419869+00:00
2025-01-21,229.6,229.6,225.0,225.9,43176,225.9,2026-09-03T19:35:22.419869+00:00
2025-01-22,230.4,233.9,223.7,233.0,75588,233.0,2026-09-03T19:35:22.419869+00:00
2025-01-23,234.0,237.0,228.0,228.0,56496,228.0,2026-09-03T19:35:22.419869+00:00
2025-01-26,231.6,234.0,227.2,228.4,50633,228.4,2026-09-03T19:35:22.419869+00:00
2025-01-27,232.9,236.0,227.8,229.0,82700,229.0,2026-09-03T19:35:22.419869+00:00
2025-01-28,230.0,234.0,228.0,231.9,127358,231.9,2026-09-03T19:35:22.419869+00:00
2025-02-02,234.5,242.0,233.0,238.0,135232,238.0,2026-09-03T19:35:22.419869+00:00
2025-02-03,240.3,247.0,236.7,239.0,194670,239.0,2026-09-03T19:35:22.419869+00:00
2025-02-04,243.7,243.7,237.0,239.0,80103,239.0,2026-09-03T19:35:22.419869+00:00
2025-02-05,238.0,242.5,237.3,239.6,129862,239.6,2026-09-03T19:35:22.419869+00:00
2025-02-06,238.3,243.0,237.0,239.0,124571,239.0,2026-09-03T19:35:22.419869+00:00
2025-02-09,242.0,243.5,235.0,236.1,71880,236.1,2026-09-03T19:35:22.419869+00:00
2025-02-10,240.0,240.0,233.0,233.6,54948,233.6,2026-09-03T19:35:22.419869+00:00
2025-02-11,233.6,237.0,233.0,233.5,61634,233.5,2026-09-03T19:35:22.419869+00:00
2025-02-12,236.0,236.0,231.4,232.0,39835,232.0,2026-09-03T19:35:22.419869+00:00
2025-02-13,235.0,235.0,230.0,231.0,57125,231.0,2026-09-03T19:35:22.419869+00:00
2025-02-16,234.0,244.8,229.4,236.1,106275,236.1,2026-09-03T19:35:22.419869+00:00
2025-02-17,236.1,248.0,236.1,238.4,97141,238.4,2026-09-03T19:35:22.419869+00:00
2025-02-18,240.0,241.0,233.0,234.5,76651,234.5,2026-09-03T19:35:22.419869+00:00
2025-02-20,233.0,234.0,230.0,232.0,111681,232.0,2026-09-03T19:35:22.419869+00:00
2025-02-23,227.5,231.9,223.0,228.5,92559,228.5,2026-09-03T19:35:22.419869+00:00
2025-02-24,232.0,242.0,228.6,235.0,74220,235.0,2026-09-03T19:35:22.419869+00:00
2025-02-25,231.1,239.0,231.1,232.9,73464,232.9,2026-09-03T19:35:22.419869+00:00
2025-02-27,228.3,246.0,228.3,245.9,247403,245.9,2026-09-03T19:35:22.419869+00:00
2025-03-02,250.8,253.5,242.5,252.0,265976,252.0,2026-09-03T19:35:22.419869+00:00
2025-03-03,255.0,256.0,246.3,247.0,306583,247.0,2026-09-03T19:35:22.419869+00:00
2025-03-04,250.0,267.2,249.1,260.1,531770,260.1,2026-09-03T19:35:22.419869+00:00
2025-03-05,263.0,265.0,251.0,252.0,194596,252.0,2026-09-03T19:35:22.419869+00:00
2025-03-06,254.0,257.8,249.0,257.0,180318,257.0,2026-09-03T19:35:22.419869+00:00
2025-03-09,262.1,262.1,246.7,247.0,154182,247.0,2026-09-03T19:35:22.419869+00:00
2025-03-10,249.9,256.9,243.0,244.0,105491,244.0,2026-09-03T19:35:22.419869+00:00
2025-03-11,242.0,246.0,237.0,239.0,114592,239.0,2026-09-03T19:35:22.419869+00:00
2025-03-12,234.3,253.3,234.3,240.0,85323,240.0,2026-09-03T19:35:22.419869+00:00
2025-03-16,244.8,244.8,232.6,236.5,154839,236.5,2026-09-03T19:35:22.419869+00:00
2025-03-17,241.2,241.2,232.0,233.3,61816,233.3,2026-09-03T19:35:22.419869+00:00
2025-03-18,237.9,247.4,230.0,236.0,42659,236.0,2026-09-03T19:35:22.419869+00:00
2025-03-19,232.6,238.0,232.6,233.6,39889,233.6,2026-09-03T19:35:22.419869+00:00
2025-03-20,234.0,234.0,230.6,231.42,74455,231.42,2026-09-03T19:35:22.419869+00:00
2025-03-23,229.0,234.8,226.1,226.83,106947,226.83,2026-09-03T19:35:22.419869+00:00
2025-03-24,222.3,234.5,222.3,231.53,49388,231.53,2026-09-03T19:35:22.419869+00:00
2025-03-25,227.0,230.0,223.1,225.0,67313,225.0,2026-09-03T19:35:22.419869+00:00
2025-03-26,222.0,229.0,222.0,227.87,48708,227.87,2026-09-03T19:35:22.419869+00:00
2025-03-27,230.0,232.4,225.3,230.03,53965,230.03,2026-09-03T19:35:22.419869+00:00
2025-03-30,231.8,238.7,231.0,233.79,95654,233.79,2026-09-03T19:35:22.419869+00:00
2025-04-01,235.0,235.9,228.0,232.05,61087,232.05,2026-09-03T19:35:22.419869+00:00
2025-04-02,232.0,235.8,229.2,232.23,35147,232.23,2026-09-03T19:35:22.419869+00:00
2025-04-03,234.8,234.9,229.7,230.23,48453,230.23,2026-09-03T19:35:22.419869+00:00
2025-04-07,232.0,233.0,226.4,228.76,38803,228.76,2026-09-03T19:35:22.419869+00:00
2025-04-08,228.2,230.0,226.0,229.29,38854,229.29,2026-09-03T19:35:22.419869+00:00
2025-04-09,231.8,232.8,229.0,229.8,44252,229.8,2026-09-03T19:35:22.419869+00:00
2025-04-10,231.9,235.0,229.0,232.01,72998,232.01,2026-09-03T19:35:22.419869+00:00
2025-04-13,236.6,236.6,228.8,228.93,27282,228.93,2026-09-03T19:35:22.419869+00:00
2025-04-15,227.3,235.7,227.0,232.53,55502,232.53,2026-09-03T19:35:22.419869+00:00
2025-04-16,233.0,252.8,223.6,246.12,490174,246.12,2026-09-03T19:35:22.419869+00:00
2025-04-17,250.0,255.0,241.5,243.48,148520,243.48,2026-09-03T19:35:22.419869+00:00
2025-04-20,240.0,242.0,233.3,234.7,121540,234.7,2026-09-03T19:35:22.419869+00:00
2025-04-21,234.8,243.0,232.3,236.54,119687,236.54,2026-09-03T19:35:22.419869+00:00
2025-04-22,231.9,253.0,212.9,242.37,907189,242.37,2026-09-03T19:35:22.419869+00:00
2025-04-23,240.0,242.7,235.5,236.85,66267,236.85,2026-09-03T19:35:22.419869+00:00
2025-04-24,236.9,237.7,228.9,230.72,181250,230.72,2026-09-03T19:35:22.419869+00:00
2025-04-27,230.0,238.9,230.0,234.6,115671,234.6,2026-09-03T19:35:22.419869+00:00
2025-04-28,235.0,242.5,231.5,231.6,914926,231.6,2026-09-03T19:35:22.419869+00:00
2025-04-29,233.0,236.1,230.1,230.26,211399,230.26,2026-09-03T19:35:22.419869+00:00
2025-04-30,225.8,239.9,225.7,237.4,275165,237.4,2026-09-03T19:35:22.419869+00:00
2025-05-04,238.0,239.0,235.0,236.26,114264,236.26,2026-09-03T19:35:22.419869+00:00
2025-05-05,239.0,239.0,232.0,232.69,64528,232.69,2026-09-03T19:35:22.419869+00:00
2025-05-06,234.8,238.0,232.0,236.59,83423,236.59,2026-09-03T19:35:22.419869+00:00
2025-05-07,234.1,246.0,234.0,245.23,226424,245.23,2026-09-03T19:35:22.419869+00:00
2025-05-08,245.0,253.9,239.0,245.02,254542,245.02,2026-09-03T19:35:22.419869+00:00
2025-05-11,248.0,249.8,235.8,237.75,134543,237.75,2026-09-03T19:35:22.419869+00:00
2025-05-13,239.8,241.0,232.0,233.19,124946,233.19,2026-09-03T19:35:22.419869+00:00
2025-05-14,228.6,237.0,228.6,230.97,76786,230.97,2026-09-03T19:35:22.419869+00:00
2025-05-15,230.1,234.5,230.1,231.31,70663,231.31,2026-09-03T19:35:22.419869+00:00
2025-05-18,229.0,234.0,229.0,230.58,57563,230.58,2026-09-03T19:35:22.419869+00:00
2025-05-19,234.0,237.0,230.4,231.7,65975,231.7,2026-09-03T19:35:22.419869+00:00
2025-05-20,229.2,238.0,229.2,235.83,72101,235.83,2026-09-03T19:35:22.419869+00:00
2025-05-21,240.5,248.9,233.0,233.28,95072,233.28,2026-09-03T19:35:22.419869+00:00
2025-05-22,232.5,236.6,232.1,233.29,123581,233.29,2026-09-03T19:35:22.419869+00:00
2025-05-25,236.0,237.0,232.0,232.17,43749,232.17,2026-09-03T19:35:22.419869+00:00
2025-05-26,236.8,237.0,231.3,231.61,32573,231.61,2026-09-03T19:35:22.419869+00:00
2025-05-27,230.0,232.8,229.1,230.21,59130,230.21,2026-09-03T19:35:22.419869+00:00
2025-05-28,230.0,237.0,229.1,232.05,55879,232.05,2026-09-03T19:35:22.419869+00:00
2025-06-02,236.6,236.6,230.2,230.87,44952,230.87,2026-09-03T19:35:22.419869+00:00
2025-06-03,231.0,233.5,230.0,230.42,28859,230.42,2026-09-03T19:35:22.419869+00:00
2025-06-04,228.0,232.0,228.0,228.32,65727,228.32,2026-09-03T19:35:22.419869+00:00
2025-06-05,223.8,230.0,223.8,227.59,68542,227.59,2026-09-03T19:35:22.419869+00:00
2025-06-08,230.0,230.9,227.1,228.14,48403,228.14,2026-09-03T19:35:22.419869+00:00
2025-06-09,229.8,231.0,228.8,229.98,46831,229.98,2026-09-03T19:35:22.419869+00:00
2025-06-10,230.1,234.9,230.1,231.96,60972,231.96,2026-09-03T19:35:22.419869+00:00
2025-06-11,233.8,233.8,228.0,231.57,69605,231.57,2026-09-03T19:35:22.419869+00:00
2025-06-12,233.0,236.2,230.0,230.22,78978,230.22,2026-09-03T19:35:22.419869+00:00
2025-06-15,232.0,232.0,228.2,229.53,63560,229.53,2026-09-03T19:35:22.419869+00:00
2025-06-16,226.4,235.0,226.4,230.66,99203,230.66,2026-09-03T19:35:22.419869+00:00
2025-06-17,233.0,233.0,228.0,229.41,62739,229.41,2026-09-03T19:35:22.419869+00:00
2025-06-18,231.0,240.8,228.3,235.69,126728,235.69,2026-09-03T19:35:22.419869+00:00
2025-06-19,239.0,250.5,234.4,245.21,452647,245.21,2026-09-03T19:35:22.419869+00:00
2025-06-22,245.0,250.0,235.5,236.14,347727,236.14,2026-09-03T19:35:22.419869+00:00
2025-06-23,235.1,246.6,233.4,244.99,452824,244.99,2026-09-03T19:35:22.419869+00:00
2025-06-24,248.0,255.0,247.0,249.38,600966,249.38,2026-09-03T19:35:22.419869+00:00
2025-06-25,254.0,254.0,245.5,248.22,182205,248.22,2026-09-03T19:35:22.419869+00:00
2025-06-26,249.0,257.9,245.7,248.13,236032,248.13,2026-09-03T19:35:22.419869+00:00
2025-06-29,248.1,251.0,241.2,241.81,121973,241.81,2026-09-03T19:35:22.419869+00:00
2025-06-30,244.0,244.0,239.0,239.3,122509,239.3,2026-09-03T19:35:22.419869+00:00
2025-07-01,242.0,244.0,239.7,243.54,86235,243.54,2026-09-03T19:35:22.419869+00:00
2025-07-02,244.1,262.0,243.0,258.07,426306,258.07,2026-09-03T19:35:22.419869+00:00
2025-07-03,263.2,276.0,260.1,271.45,710176,271.45,2026-09-03T19:35:22.419869+00:00
2025-07-06,266.1,275.0,259.0,259.98,328394,259.98,2026-09-03T19:35:22.419869+00:00
2025-07-07,260.0,261.0,249.5,250.21,260723,250.21,2026-09-03T19:35:22.419869+00:00
2025-07-08,248.0,254.0,248.0,250.3,311496,250.3,2026-09-03T19:35:22.419869+00:00
2025-07-09,250.0,257.0,250.0,251.62,108138,251.62,2026-09-03T19:35:22.419869+00:00
2025-07-10,253.0,255.0,246.0,248.01,198366,248.01,2026-09-03T19:35:22.419869+00:00
2025-07-13,252.9,257.9,245.5,246.19,161435,246.19,2026-09-03T19:35:22.419869+00:00
2025-07-14,246.0,249.9,245.3,248.14,75605,248.14,2026-09-03T19:35:22.419869+00:00
2025-07-15,250.0,256.0,249.0,255.35,127097,255.35,2026-09-03T19:35:22.419869+00:00
2025-07-16,255.0,260.0,255.0,255.93,147030,255.93,2026-09-03T19:35:22.419869+00:00
2025-07-17,261.0,265.0,256.0,263.69,299772,263.69,2026-09-03T19:35:22.419869+00:00
2025-07-20,268.9,290.0,262.0,290.0,807781,290.0,2026-09-03T19:35:22.419869+00:00
2025-07-21,295.8,313.8,295.8,299.63,1144218,299.63,2026-09-03T19:35:22.419869+00:00
2025-07-22,305.0,305.6,288.0,294.59,425635,294.59,2026-09-03T19:35:22.419869+00:00
2025-07-23,300.0,300.0,288.0,294.74,546141,294.74,2026-09-03T19:35:22.419869+00:00
2025-07-24,300.6,307.0,297.0,302.69,434153,302.69,2026-09-03T19:35:22.419869+00:00
2025-07-27,308.7,308.7,298.0,299.73,565416,299.73,2026-09-03T19:35:22.419869+00:00
2025-07-28,300.0,302.0,292.0,297.3,279702,297.3,2026-09-03T19:35:22.419869+00:00
2025-07-29,291.4,303.0,291.4,293.68,299143,293.68,2026-09-03T19:35:22.419869+00:00
2025-07-30,299.5,299.5,290.2,290.83,345855,290.83,2026-09-03T19:35:22.419869+00:00
2025-07-31,295.8,296.6,285.0,285.65,997158,285.65,2026-09-03T19:35:22.419869+00:00
2025-08-03,196.6,212.1,196.6,212.1,143453,212.1,2026-09-03T19:35:22.419869+00:00
2025-08-04,216.3,224.4,204.0,206.74,647781,206.74,2026-09-03T19:35:22.419869+00:00
2025-08-05,210.8,210.8,202.1,202.88,145597,202.88,2026-09-03T19:35:22.419869+00:00
2025-08-06,205.0,205.0,200.0,201.34,122079,201.34,2026-09-03T19:35:22.419869+00:00
2025-08-07,202.0,204.0,200.0,201.42,119281,201.42,2026-09-03T19:35:22.419869+00:00
2025-08-11,202.0,203.0,197.2,197.73,177214,197.73,2026-09-03T19:35:22.419869+00:00
2025-08-12,198.0,199.9,194.0,194.44,136201,194.44,2026-09-03T19:35:22.419869+00:00
2025-08-13,197.0,197.0,193.3,193.45,76359,193.45,2026-09-03T19:35:22.419869+00:00
2025-08-14,196.0,196.0,192.0,192.57,75239,192.57,2026-09-03T19:35:22.419869+00:00
2025-08-17,195.0,204.0,193.1,194.06,109364,194.06,2026-09-03T19:35:22.419869+00:00
2025-08-18,191.1,196.0,191.1,194.78,59201,194.78,2026-09-03T19:35:22.419869+00:00
2025-08-19,198.6,198.6,195.0,195.38,49206,195.38,2026-09-03T19:35:22.419869+00:00
2025-08-20,199.2,199.2,193.5,194.64,42757,194.64,2026-09-03T19:35:22.419869+00:00
2025-08-21,193.2,195.5,192.5,192.76,38237,192.76,2026-09-03T19:35:22.419869+00:00
2025-08-24,194.0,194.0,189.8,190.2,64634,190.2,2026-09-03T19:35:22.419869+00:00
2025-08-25,190.0,192.0,187.6,189.38,52959,189.38,2026-09-03T19:35:22.419869+00:00
2025-08-26,190.0,191.0,188.0,188.41,31734,188.41,2026-09-03T19:35:22.419869+00:00
2025-08-27,186.1,192.7,186.1,191.73,69104,191.73,2026-09-03T19:35:22.419869+00:00
2025-08-28,193.0,195.0,189.0,189.69,58116,189.69,2026-09-03T19:35:22.419869+00:00
2025-08-31,189.0,190.9,186.0,186.05,49864,186.05,2026-09-03T19:35:22.419869+00:00
2025-09-01,187.9,187.9,185.0,186.29,33891,186.29,2026-09-03T19:35:22.419869+00:00
2025-09-02,190.0,190.0,185.0,185.09,34314,185.09,2026-09-03T19:35:22.419869+00:00
2025-09-03,186.0,186.0,182.3,182.64,28810,182.64,2026-09-03T19:35:22.419869+00:00
2025-09-04,182.5,182.5,176.4,179.33,79220,179.33,2026-09-03T19:35:22.419869+00:00
2025-09-07,179.0,179.0,174.0,175.08,67105,175.08,2026-09-03T19:35:22.419869+00:00
2025-09-08,176.5,177.4,173.0,173.88,44868,173.88,2026-09-03T19:35:22.419869+00:00
2025-09-18,170.5,170.5,158.5,158.5,6734,158.5,2026-09-03T19:35:22.419869+00:00
2025-09-21,156.0,174.3,156.0,174.3,210433,174.3,2026-09-03T19:35:22.419869+00:00
2025-09-23,176.0,188.0,176.0,187.6,124695,187.6,2026-09-03T19:35:22.419869+00:00
2025-09-24,187.0,190.0,180.5,183.8,51474,183.8,2026-09-03T19:35:22.419869+00:00
2025-09-25,181.3,183.5,177.4,181.1,48362,181.1,2026-09-03T19:35:22.419869+00:00
2025-09-28,183.0,186.0,180.0,182.0,36807,182.0,2026-09-03T19:35:22.419869+00:00
2025-10-07,179.1,180.0,176.0,176.0,57413,176.0,2026-09-03T19:35:22.419869+00:00
2025-10-08,176.0,177.0,173.0,173.8,36774,173.8,2026-09-03T19:35:22.419869+00:00
2025-10-09,177.2,191.0,177.0,178.0,71177,178.0,2026-09-03T19:35:22.419869+00:00
2025-10-12,176.0,176.0,171.0,173.1,38373,173.1,2026-09-03T19:35:22.419869+00:00
2025-10-13,173.5,178.8,170.0,177.9,47904,177.9,2026-09-03T19:35:22.419869+00:00
2025-10-14,176.0,178.0,173.0,173.0,24334,173.0,2026-09-03T19:35:22.419869+00:00
2025-10-15,173.0,175.7,166.0,167.6,100833,167.6,2026-09-03T19:35:22.419869+00:00
2025-10-16,170.0,174.0,164.7,165.0,66654,165.0,2026-09-03T19:35:22.419869+00:00
2025-10-19,162.0,170.9,162.0,169.0,24158,169.0,2026-09-03T19:35:22.419869+00:00
2025-10-26,166.2,168.0,165.8,167.7,21654,167.7,2026-09-03T19:35:22.419869+00:00
2025-10-28,169.0,173.0,169.0,173.0,42357,173.0,2026-09-03T19:35:22.419869+00:00
2025-10-29,175.0,179.0,169.7,173.0,49848,173.0,2026-09-03T19:35:22.419869+00:00
2025-10-30,175.9,175.9,168.5,173.0,66726,173.0,2026-09-03T19:35:22.419869+00:00
2025-11-02,173.0,178.0,173.0,176.0,110310,176.0,2026-09-03T19:35:22.419869+00:00
2025-11-03,179.0,179.4,175.5,178.0,70750,178.0,2026-09-03T19:35:22.419869+00:00
2025-11-04,177.9,178.0,175.0,175.0,44559,175.0,2026-09-03T19:35:22.419869+00:00
2025-11-05,173.5,174.8,169.0,171.3,87915,171.3,2026-09-03T19:35:22.419869+00:00
2025-11-06,170.6,173.5,167.7,169.5,95760,169.5,2026-09-03T19:35:22.419869+00:00
2025-11-09,171.0,171.0,164.7,165.0,79608,165.0,2026-09-03T19:35:22.419869+00:00
2025-11-10,166.5,169.0,166.0,169.0,34573,169.0,2026-09-03T19:35:22.419869+00:00
2025-11-11,169.0,172.0,166.1,168.2,128400,168.2,2026-09-03T19:35:22.419869+00:00
2025-11-12,168.2,169.7,164.0,167.0,111779,167.0,2026-09-03T19:35:22.419869+00:00
2025-11-13,168.0,168.0,165.2,165.7,55511,165.7,2026-09-03T19:35:22.419869+00:00
2025-11-16,167.0,167.9,165.0,165.0,29669,165.0,2026-09-03T19:35:22.419869+00:00
2025-11-17,166.5,166.8,164.2,165.0,51632,165.0,2026-09-03T19:35:22.419869+00:00
2025-11-18,167.0,168.0,165.0,165.8,57510,165.8,2026-09-03T19:35:22.419869+00:00
2025-11-19,167.0,168.0,164.7,165.0,26537,165.0,2026-09-03T19:35:22.419869+00:00
2025-11-20,165.0,166.0,162.6,164.6,55043,164.6,2026-09-03T19:35:22.419869+00:00
2025-11-23,165.9,168.9,165.9,168.0,100086,168.0,2026-09-03T19:35:22.419869+00:00
2025-11-24,170.0,170.0,168.0,168.9,41371,168.9,2026-09-03T19:35:22.419869+00:00
2025-11-25,171.0,171.0,166.0,167.0,63473,167.0,2026-09-03T19:35:22.419869+00:00
2025-11-26,165.1,168.5,165.1,167.1,78250,167.1,2026-09-03T19:35:22.419869+00:00
2025-11-27,170.0,170.0,167.0,167.8,101498,167.8,2026-09-03T19:35:22.419869+00:00
2025-11-30,168.0,169.0,165.0,166.0,94151,166.0,2026-09-03T19:35:22.419869+00:00
2025-12-01,162.7,168.8,162.7,165.8,29907,165.8,2026-09-03T19:35:22.419869+00:00
2025-12-02,163.0,168.0,163.0,165.8,54900,165.8,2026-09-03T19:35:22.419869+00:00
2025-12-03,165.8,167.0,164.5,165.2,42092,165.2,2026-09-03T19:35:22.419869+00:00
2025-12-07,166.8,166.8,163.8,164.0,40878,164.0,2026-09-03T19:35:22.419869+00:00
2025-12-08,164.0,165.0,162.5,163.8,45703,163.8,2026-09-03T19:35:22.419869+00:00
2025-12-09,167.0,167.0,162.7,163.5,30953,163.5,2026-09-03T19:35:22.419869+00:00
2025-12-10,165.0,165.0,163.0,163.8,26229,163.8,2026-09-03T19:35:22.419869+00:00
2025-12-11,164.0,164.0,162.5,163.9,21137,163.9,2026-09-03T19:35:22.419869+00:00
2025-12-14,165.0,165.0,163.0,163.4,28244,163.4,2026-09-03T19:35:22.419869+00:00
2025-12-15,166.6,166.6,161.0,163.0,27781,163.0,2026-09-03T19:35:22.419869+00:00
2025-12-16,163.0,164.5,162.5,163.5,25838,163.5,2026-09-03T19:35:22.419869+00:00
2025-12-17,166.5,166.5,162.1,163.0,41320,163.0,2026-09-03T19:35:22.419869+00:00
2025-12-18,166.0,166.0,160.5,160.9,65233,160.9,2026-09-03T19:35:22.419869+00:00
2025-12-21,157.7,157.7,151.6,155.0,483593,155.0,2026-09-03T19:35:22.419869+00:00
2025-12-22,155.0,156.0,152.1,153.0,161306,153.0,2026-09-03T19:35:22.419869+00:00
2025-12-23,153.1,154.0,151.0,152.9,106642,152.9,2026-09-03T19:35:22.419869+00:00
2025-12-24,153.5,153.9,151.0,151.5,91410,151.5,2026-09-03T19:35:22.419869+00:00
2025-12-28,153.0,157.8,152.0,157.0,240396,157.0,2026-09-03T19:35:22.419869+00:00
2025-12-29,158.0,160.0,154.0,154.1,146263,154.1,2026-09-03T19:35:22.419869+00:00
2025-12-31,156.0,157.0,154.0,154.3,89995,154.3,2026-09-03T19:35:22.419869+00:00
2026-01-01,154.4,155.5,152.5,152.7,88979,152.7,2026-09-03T19:35:22.419869+00:00
2026-01-04,152.3,154.5,151.5,152.1,112178,152.1,2026-09-03T19:35:22.419869+00:00
2026-01-05,153.6,153.6,151.2,153.0,103516,153.0,2026-09-03T19:35:22.419869+00:00
2026-01-06,156.0,156.0,153.0,155.9,139567,155.9,2026-09-03T19:35:22.419869+00:00
2026-01-07,155.9,158.8,153.8,155.1,83605,155.1,2026-09-03T19:35:22.419869+00:00
2026-01-08,158.0,162.5,153.0,160.5,559013,160.5,2026-09-03T19:35:22.419869+00:00
2026-01-12,163.7,163.7,156.9,158.6,161383,158.6,2026-09-03T19:35:22.419869+00:00
2026-01-13,161.7,161.7,156.0,157.9,173531,157.9,2026-09-03T19:35:22.419869+00:00
2026-01-14,154.8,160.9,154.8,157.2,105337,157.2,2026-09-03T19:35:22.419869+00:00
2026-01-18,159.0,162.4,156.0,161.0,213721,161.0,2026-09-03T19:35:22.419869+00:00
2026-01-20,164.2,167.9,163.0,165.1,365725,165.1,2026-09-03T19:35:22.419869+00:00
2026-01-21,168.4,172.5,166.0,169.9,511870,169.9,2026-09-03T19:35:22.419869+00:00
2026-01-22,172.0,175.4,169.0,175.4,413685,175.4,2026-09-03T19:35:22.419869+00:00
2026-01-25,178.9,190.8,176.0,190.5,646926,190.5,2026-09-03T19:35:22.419869+00:00
2026-01-26,194.0,194.3,181.6,185.6,735020,185.6,2026-09-03T19:35:22.419869+00:00
2026-01-27,187.0,188.8,176.2,177.9,517211,177.9,2026-09-03T19:35:22.419869+00:00
2026-01-28,181.4,181.8,174.4,179.5,331649,179.5,2026-09-03T19:35:22.419869+00:00
2026-01-29,183.0,197.4,180.1,196.0,1949336,196.0,2026-09-03T19:35:22.419869+00:00
2026-02-01,199.9,211.1,199.9,207.9,1515288,207.9,2026-09-03T19:35:22.419869+00:00
2026-02-02,210.0,211.0,196.7,197.5,791482,197.5,2026-09-03T19:35:22.419869+00:00
2026-02-03,200.0,200.0,186.3,189.5,802691,189.5,2026-09-03T19:35:22.419869+00:00
2026-02-04,188.2,196.3,187.0,195.4,638909,195.4,2026-09-03T19:35:22.419869+00:00
2026-02-05,195.0,205.0,193.0,200.0,879665,200.0,2026-09-03T19:35:22.419869+00:00
2026-02-08,204.0,204.0,194.5,195.0,648044,195.0,2026-09-03T19:35:22.419869+00:00
2026-02-09,191.1,205.8,191.1,198.0,801093,198.0,2026-09-03T19:35:22.419869+00:00
2026-02-10,200.0,204.9,196.4,197.0,439894,197.0,2026-09-03T19:35:22.419869+00:00
2026-02-11,199.0,201.0,194.2,197.5,334904,197.5,2026-09-03T19:35:22.419869+00:00
2026-02-12,200.0,202.0,195.0,195.5,550700,195.5,2026-09-03T19:35:22.419869+00:00
2026-02-16,197.5,197.5,188.0,190.4,408485,190.4,2026-09-03T19:35:22.419869+00:00
2026-02-17,192.0,193.9,184.0,185.5,453115,185.5,2026-09-03T19:35:22.419869+00:00
2026-02-22,188.0,188.0,180.0,181.4,201934,181.4,2026-09-03T19:35:22.419869+00:00
2026-02-23,182.0,183.8,178.7,180.5,246664,180.5,2026-09-03T19:35:22.419869+00:00
2026-02-24,180.5,183.5,180.5,183.4,87060,183.4,2026-09-03T19:35:22.419869+00:00
2026-02-25,183.6,189.0,183.0,188.0,156302,188.0,2026-09-03T19:35:22.419869+00:00
2026-02-26,188.0,189.4,185.1,186.0,123567,186.0,2026-09-03T19:35:22.419869+00:00
2026-03-01,189.7,189.7,181.3,187.9,141859,187.9,2026-09-03T19:35:22.419869+00:00
2026-03-03,191.6,194.8,188.0,194.0,243749,194.0,2026-09-03T19:35:22.419869+00:00
2026-03-09,197.8,213.4,197.8,213.4,17905,213.4,2026-09-03T19:35:22.419869+00:00
2026-03-10,217.6,225.0,205.0,215.0,1741673,215.0,2026-09-03T19:35:22.419869+00:00
2026-03-11,217.0,223.0,212.8,215.0,809513,215.0,2026-09-03T19:35:22.419869+00:00
2026-03-12,219.3,233.0,214.1,229.8,1732032,229.8,2026-09-03T19:35:22.419869+00:00
2026-03-15,234.0,234.0,223.0,226.9,831253,226.9,2026-09-03T19:35:22.419869+00:00
2026-03-16,230.0,230.0,219.7,220.9,794133,220.9,2026-09-03T19:35:22.419869+00:00
2026-03-17,222.0,239.0,216.0,238.8,1923074,238.8,2026-09-03T19:35:22.419869+00:00
2026-03-19,243.5,250.0,240.0,242.0,1619903,242.0,2026-09-03T19:35:22.419869+00:00
2026-03-22,237.2,251.0,235.0,243.0,1536660,243.0,2026-09-03T19:35:22.419869+00:00
2026-03-23,243.0,247.0,237.0,241.4,592579,241.4,2026-09-03T19:35:22.419869+00:00
2026-03-24,243.0,246.0,238.8,239.8,532829,239.8,2026-09-03T19:35:22.419869+00:00
2026-03-25,235.1,244.8,235.1,237.1,652839,237.1,2026-09-03T19:35:22.419869+00:00
2026-03-26,235.0,244.0,235.0,243.9,503513,243.9,2026-09-03T19:35:22.419869+00:00
2026-03-29,244.0,244.0,232.0,232.1,740023,232.1,2026-09-03T19:35:22.419869+00:00
2026-03-30,232.0,237.6,228.0,231.0,798367,231.0,2026-09-03T19:35:22.419869+00:00
2026-03-31,231.0,234.0,217.5,230.0,892274,230.0,2026-09-03T19:35:22.419869+00:00
2026-04-01,230.0,230.0,208.9,213.9,634655,213.9,2026-09-03T19:35:22.419869+00:00
2026-04-02,213.9,222.3,202.1,214.8,513194,214.8,2026-09-03T19:35:22.419869+00:00
2026-04-05,215.0,215.0,198.0,199.0,663308,199.0,2026-09-03T19:35:22.419869+00:00
2026-04-06,197.0,218.9,197.0,218.0,740626,218.0,2026-09-03T19:35:22.419869+00:00
2026-04-07,222.0,229.0,220.0,222.1,665457,222.1,2026-09-03T19:35:22.419869+00:00
2026-04-08,224.5,226.0,220.5,223.1,378248,223.1,2026-09-03T19:35:22.419869+00:00
2026-04-09,224.9,229.0,220.6,227.3,504789,227.3,2026-09-03T19:35:22.419869+00:00
2026-04-10,231.8,231.8,219.7,223.3,568790,223.3,2026-09-03T19:35:22.419869+00:00
2026-04-13,223.3,228.0,222.0,227.0,403448,227.0,2026-09-03T19:35:22.419869+00:00
2026-04-15,230.0,239.7,228.3,235.2,1024815,235.2,2026-09-03T19:35:22.419869+00:00
2026-04-16,238.0,239.0,227.0,228.0,446270,228.0,2026-09-03T19:35:22.419869+00:00
2026-04-17,228.0,232.0,222.2,229.3,437760,229.3,2026-09-03T19:35:22.419869+00:00
2026-04-20,230.0,230.0,222.0,225.0,220936,225.0,2026-09-03T19:35:22.419869+00:00
2026-04-21,216.2,227.0,216.2,220.0,238571,220.0,2026-09-03T19:35:22.419869+00:00
2026-04-22,231.0,231.0,213.0,221.9,514472,221.9,2026-09-03T19:35:22.419869+00:00
2026-04-23,222.0,225.3,217.0,218.5,189785,218.5,2026-09-03T19:35:22.419869+00:00
2026-04-24,218.5,221.5,215.0,219.4,183355,219.4,2026-09-03T19:35:22.419869+00:00
2026-04-27,230.3,230.3,218.0,218.5,118316,218.5,2026-09-03T19:35:22.419869+00:00
2026-04-28,218.5,223.0,215.0,215.0,204765,215.0,2026-09-03T19:35:22.419869+00:00
2026-04-29,204.3,218.0,204.3,213.0,215377,213.0,2026-09-03T19:35:22.419869+00:00
2026-04-30,213.0,215.0,208.1,212.0,174304,212.0,2026-09-03T19:35:22.419869+00:00
2026-05-04,210.1,214.7,206.6,207.0,172064,207.0,2026-09-03T19:35:22.419869+00:00
2026-05-05,209.9,215.0,205.2,211.3,224126,211.3,2026-09-03T19:35:22.419869+00:00
2026-05-06,214.0,215.5,210.0,211.0,137249,211.0,2026-09-03T19:35:22.419869+00:00
2026-05-07,214.0,214.0,208.6,210.9,50738,210.9,2026-09-03T19:35:22.419869+00:00
2026-05-08,221.4,221.4,206.0,214.0,122918,214.0,2026-09-03T19:35:22.419869+00:00
2026-05-11,217.0,220.0,216.0,219.9,225403,219.9,2026-09-03T19:35:22.419869+00:00
2026-05-12,230.8,230.8,214.0,214.0,209751,214.0,2026-09-03T19:35:22.419869+00:00
2026-05-13,215.0,217.0,212.0,214.0,84462,214.0,2026-09-03T19:35:22.419869+00:00
2026-05-14,214.0,219.0,212.0,213.0,104033,213.0,2026-09-03T19:35:22.419869+00:00
2026-05-15,213.0,216.0,211.0,212.5,98974,212.5,2026-09-03T19:35:22.419869+00:00
2026-05-18,212.6,215.0,211.0,212.0,54029,212.0,2026-09-03T19:35:22.419869+00:00
2026-05-19,211.0,214.4,210.5,210.5,59770,210.5,2026-09-03T19:35:22.419869+00:00
2026-05-20,210.5,217.8,210.5,217.2,166427,217.2,2026-09-03T19:35:22.419869+00:00
2026-05-21,219.8,219.9,215.0,216.4,101422,216.4,2026-09-03T19:35:22.419869+00:00
2026-05-22,216.0,222.1,214.0,221.9,306906,221.9,2026-09-03T19:35:22.419869+00:00
2026-05-25,220.0,228.8,220.0,225.5,331041,225.5,2026-09-03T19:35:22.419869+00:00
2026-05-26,225.5,225.9,221.1,222.5,111832,222.5,2026-09-03T19:35:22.419869+00:00
2026-05-27,224.8,224.8,220.2,222.3,162919,222.3,2026-09-03T19:35:22.419869+00:00
2026-06-01,220.0,223.9,213.5,215.2,153154,215.2,2026-09-03T19:35:22.419869+00:00
2026-06-02,225.9,225.9,213.9,218.4,117336,218.4,2026-09-03T19:35:22.419869+00:00
2026-06-03,215.0,220.7,215.0,216.8,147761,216.8,2026-09-03T19:35:22.419869+00:00
2026-06-04,216.0,217.0,214.1,215.6,104003,215.6,2026-09-03T19:35:22.419869+00:00
2026-06-05,215.0,216.0,213.4,214.0,109902,214.0,2026-09-03T19:35:22.419869+00:00
2026-06-08,216.3,216.5,212.0,212.7,101778,212.7,2026-09-03T19:35:22.419869+00:00
2026-06-09,213.0,215.9,208.0,213.6,158656,213.6,2026-09-03T19:35:22.419869+00:00
2026-06-10,215.0,218.0,212.0,212.1,46455,212.1,2026-09-03T19:35:22.419869+00:00
2026-06-11,212.0,214.0,208.6,210.9,88785,210.9,2026-09-03T19:35:22.419869+00:00
2026-06-12,210.9,216.9,210.0,211.9,150799,211.9,2026-09-03T19:35:22.419869+00:00
2026-06-15,222.4,222.4,210.8,212.0,60648,212.0,2026-09-03T19:35:22.419869+00:00
2026-06-16,214.8,215.0,209.0,210.0,65639,210.0,2026-09-03T19:35:22.419869+00:00
2026-06-17,211.1,214.0,209.5,209.5,48081,209.5,2026-09-03T19:35:22.419869+00:00
2026-06-18,209.5,212.0,208.0,208.5,70770,208.5,2026-09-03T19:35:22.419869+00:00
2026-06-19,212.0,212.0,206.0,206.0,99303,206.0,2026-09-03T19:35:22.419869+00:00
2026-06-22,196.0,210.1,196.0,206.0,68285,206.0,2026-09-03T19:35:22.419869+00:00
2026-06-23,205.0,206.9,202.0,203.0,103712,203.0,2026-09-03T19:35:22.419869+00:00
2026-06-24,203.0,205.7,199.3,200.0,160577,200.0,2026-09-03T19:35:22.419869+00:00
2026-06-25,202.0,202.0,198.0,199.8,106680,199.8,2026-09-03T19:35:22.419869+00:00
2026-06-26,200.0,201.9,198.0,198.9,69601,198.9,2026-09-03T19:35:22.419869+00:00
2026-06-29,199.9,200.0,196.0,196.4,59038,196.4,2026-09-03T19:35:22.419869+00:00
2026-06-30,197.0,198.0,193.5,193.9,77934,193.9,2026-09-03T19:35:22.419869+00:00
2026-07-01,196.0,204.5,194.0,204.4,161143,204.4,2026-09-03T19:35:22.419869+00:00
2026-07-02,203.0,205.8,198.5,201.1,81816,201.1,2026-09-03T19:35:22.419869+00:00
2026-07-03,200.0,203.9,199.1,200.0,102291,200.0,2026-09-03T19:35:22.419869+00:00
2026-07-06,201.9,202.0,196.0,196.8,67341,196.8,2026-09-03T19:35:22.419869+00:00
2026-07-07,199.0,203.0,196.0,201.0,101125,201.0,2026-09-03T19:35:22.419869+00:00
2026-07-08,211.0,211.0,196.0,197.5,64288,197.5,2026-09-03T19:35:22.419869+00:00
2026-07-09,198.0,198.9,195.0,195.5,63363,195.5,2026-09-03T19:35:22.419869+00:00
2026-07-10,195.5,199.0,195.0,195.0,93126,195.0,2026-09-03T19:35:22.419869+00:00
2026-07-13,195.0,198.8,192.0,192.2,78046,192.2,2026-09-03T19:35:22.419869+00:00
2026-07-14,185.0,200.0,185.0,195.0,103608,195.0,2026-09-03T19:35:22.419869+00:00
2026-07-15,195.0,199.9,195.0,195.3,69210,195.3,2026-09-03T19:35:22.419869+00:00
2026-07-16,190.0,198.9,189.0,194.9,74593,194.9,2026-09-03T19:35:22.419869+00:00
2026-07-17,199.0,209.9,197.9,207.5,191735,207.5,2026-09-03T19:35:22.419869+00:00
2026-07-20,207.0,215.0,203.0,213.0,161561,213.0,2026-09-03T19:35:22.419869+00:00
2026-07-21,223.6,223.6,210.0,214.0,178577,214.0,2026-09-03T19:35:22.419869+00:00
2026-07-22,210.2,214.0,209.0,211.0,117892,211.0,2026-09-03T19:35:22.419869+00:00
2026-07-23,211.0,212.0,207.9,211.7,91952,211.7,2026-09-03T19:35:22.419869+00:00
2026-07-24,221.1,221.1,209.0,209.5,92395,209.5,2026-09-03T19:35:22.419869+00:00
2026-07-27,212.0,212.0,205.0,205.0,83463,205.0,2026-09-03T19:35:22.419869+00:00
2026-07-28,207.9,207.9,203.0,205.0,105583,205.0,2026-09-03T19:35:22.419869+00:00
2026-07-29,203.4,207.9,203.0,204.5,91386,204.5,2026-09-03T19:35:22.419869+00:00
2026-07-30,205.0,206.8,201.5,203.0,49737,203.0,2026-09-03T19:35:22.419869+00:00
2026-07-31,203.5,206.0,202.3,205.0,93044,205.0,2026-09-03T19:35:22.419869+00:00
2026-08-03,208.0,208.0,203.0,205.0,72751,205.0,2026-09-03T19:35:22.419869+00:00
2026-08-04,205.0,205.9,203.1,203.4,58809,203.4,2026-09-03T19:35:22.419869+00:00
2026-08-05,205.0,206.0,202.0,203.0,74213,203.0,2026-09-03T19:35:22.419869+00:00
2026-08-06,205.0,206.0,202.5,202.5,71658,202.5,2026-09-03T19:35:22.419869+00:00
2026-08-07,205.0,205.0,200.1,200.3,78553,200.3,2026-09-03T19:35:22.419869+00:00
2026-08-10,205.0,205.0,200.0,200.5,57281,200.5,2026-09-03T19:35:22.419869+00:00
2026-08-11,191.0,204.8,191.0,201.7,56990,201.7,2026-09-03T19:35:22.419869+00:00
2026-08-12,200.0,203.7,199.6,200.0,53949,200.0,2026-09-03T19:35:22.419869+00:00
2026-08-13,200.0,208.5,200.0,206.4,207956,206.4,2026-09-03T19:35:22.419869+00:00
2026-08-14,197.0,208.5,197.0,204.6,82517,204.6,2026-09-03T19:35:22.419869+00:00
2026-08-17,207.8,207.8,201.5,203.0,43538,203.0,2026-09-03T19:35:22.419869+00:00
2026-08-18,213.0,213.0,199.6,200.0,109269,200.0,2026-09-03T19:35:22.419869+00:00
2026-08-19,200.1,203.0,198.1,200.8,36822,200.8,2026-09-03T19:35:22.419869+00:00
2026-08-20,200.0,201.0,198.4,200.0,56891,200.0,2026-09-03T19:35:22.419869+00:00
2026-08-21,200.0,203.0,198.0,198.0,77267,198.0,2026-09-03T19:35:22.419869+00:00
2026-08-24,198.0,201.0,198.0,198.5,28237,198.5,2026-09-03T19:35:22.419869+00:00
2026-08-25,200.0,200.9,196.5,196.8,56951,196.8,2026-09-03T19:35:22.419869+00:00
2026-08-26,196.8,198.9,192.1,193.1,119667,193.1,2026-09-03T19:35:22.419869+00:00
2026-08-27,192.0,196.9,186.7,194.0,101350,194.0,2026-09-03T19:35:22.419869+00:00
2026-08-31,192.0,192.0,188.0,188.0,80406,188.0,2026-09-03T19:35:22.419869+00:00
2026-09-01,188.0,193.5,187.0,191.4,64040,191.4,2026-09-03T19:35:22.419869+00:00
2026-09-02,191.0,194.8,191.0,193.3,34026,193.3,2026-09-03T19:35:22.419869+00:00
2026-09-03,193.5,194.5,190.0,191.2,49706,191.2,2026-09-03T19:35:22.419869+00:00
