date,open,high,low,close,volume,adj_close,fetched_at
2012-09-10,223.0,219.0,219.0,219.0,60,219.0,2026-09-03T19:33:53.771140+00:00
2012-09-12,219.0,219.0,215.0,219.0,537,219.0,2026-09-03T19:33:53.771140+00:00
2012-09-13,219.0,235.0,223.0,235.0,459,235.0,2026-09-03T19:33:53.771140+00:00
2012-09-17,235.0,252.0,231.0,250.0,2220,250.0,2026-09-03T19:33:53.771140+00:00
2012-09-18,250.0,260.0,250.0,260.0,714,260.0,2026-09-03T19:33:53.771140+00:00
2012-09-19,260.0,265.0,255.0,255.0,1158,255.0,2026-09-03T19:33:53.771140+00:00
2012-09-20,255.0,255.0,255.0,255.0,142,255.0,2026-09-03T19:33:53.771140+00:00
2012-09-24,255.0,270.0,260.0,270.0,30,270.0,2026-09-03T19:33:53.771140+00:00
2012-09-25,270.0,265.0,260.0,260.0,217,260.0,2026-09-03T19:33:53.771140+00:00
2012-09-26,260.0,260.0,255.0,260.0,20,260.0,2026-09-03T19:33:53.771140+00:00
2012-10-02,260.0,255.0,255.0,255.0,180,255.0,2026-09-03T19:33:53.771140+00:00
2012-10-03,255.0,252.0,239.0,239.0,1292,239.0,2026-09-03T19:33:53.771140+00:00
2012-10-07,239.0,239.0,235.0,239.0,4107,239.0,2026-09-03T19:33:53.771140+00:00
2012-10-08,239.0,256.0,240.0,256.0,853,256.0,2026-09-03T19:33:53.771140+00:00
2012-10-09,256.0,256.0,251.0,256.0,262,256.0,2026-09-03T19:33:53.771140+00:00
2012-10-10,256.0,259.0,252.0,255.0,950,255.0,2026-09-03T19:33:53.771140+00:00
2012-10-11,255.0,250.0,245.0,245.0,500,245.0,2026-09-03T19:33:53.771140+00:00
2012-10-14,245.0,241.0,241.0,241.0,500,241.0,2026-09-03T19:33:53.771140+00:00
2012-10-17,241.0,244.0,240.0,244.0,210,244.0,2026-09-03T19:33:53.771140+00:00
2012-10-18,244.0,252.0,248.0,252.0,200,252.0,2026-09-03T19:33:53.771140+00:00
2012-10-30,252.0,249.0,249.0,249.0,10,249.0,2026-09-03T19:33:53.771140+00:00
2012-10-31,249.0,260.0,253.0,260.0,502,260.0,2026-09-03T19:33:53.771140+00:00
2012-11-01,260.0,258.0,258.0,258.0,629,258.0,2026-09-03T19:33:53.771140+00:00
2012-11-04,258.0,263.0,261.0,261.0,587,261.0,2026-09-03T19:33:53.771140+00:00
2012-11-05,261.0,263.0,261.0,263.0,600,263.0,2026-09-03T19:33:53.771140+00:00
2012-11-07,263.0,273.0,268.0,273.0,140,273.0,2026-09-03T19:33:53.771140+00:00
2012-11-08,273.0,274.0,270.0,270.0,300,270.0,2026-09-03T19:33:53.771140+00:00
2012-11-18,270.0,275.0,275.0,275.0,100,275.0,2026-09-03T19:33:53.771140+00:00
2012-11-21,275.0,279.0,279.0,279.0,15,279.0,2026-09-03T19:33:53.771140+00:00
2012-11-25,279.0,285.0,279.0,280.0,1301,280.0,2026-09-03T19:33:53.771140+00:00
2012-11-26,280.0,285.0,276.0,280.0,2673,280.0,2026-09-03T19:33:53.771140+00:00
2012-11-27,280.0,308.0,284.0,308.0,995,308.0,2026-09-03T19:33:53.771140+00:00
2012-11-28,308.0,332.0,314.0,326.0,1628,326.0,2026-09-03T19:33:53.771140+00:00
2012-11-29,326.0,326.0,320.0,325.0,726,325.0,2026-09-03T19:33:53.771140+00:00
2012-12-02,325.0,319.0,313.0,313.0,849,313.0,2026-09-03T19:33:53.771140+00:00
2012-12-03,313.0,311.0,310.0,310.0,1118,310.0,2026-09-03T19:33:53.771140+00:00
2012-12-04,310.0,310.0,304.0,310.0,1049,310.0,2026-09-03T19:33:53.771140+00:00
2012-12-05,310.0,322.0,316.0,322.0,405,322.0,2026-09-03T19:33:53.771140+00:00
2012-12-06,322.0,316.0,310.0,310.0,756,310.0,2026-09-03T19:33:53.771140+00:00
2012-12-09,310.0,310.0,309.0,309.0,690,309.0,2026-09-03T19:33:53.771140+00:00
2012-12-10,309.0,311.0,305.0,308.0,390,308.0,2026-09-03T19:33:53.771140+00:00
2012-12-11,308.0,308.0,300.0,306.0,3050,306.0,2026-09-03T19:33:53.771140+00:00
2012-12-12,306.0,314.0,306.0,308.0,2439,308.0,2026-09-03T19:33:53.771140+00:00
2012-12-13,308.0,320.0,308.0,308.0,240,308.0,2026-09-03T19:33:53.771140+00:00
2012-12-17,308.0,314.0,314.0,314.0,20,314.0,2026-09-03T19:33:53.771140+00:00
2012-12-18,314.0,310.0,308.0,310.0,645,310.0,2026-09-03T19:33:53.771140+00:00
2012-12-19,310.0,311.0,310.0,311.0,413,311.0,2026-09-03T19:33:53.771140+00:00
2012-12-20,311.0,316.0,309.0,316.0,690,316.0,2026-09-03T19:33:53.771140+00:00
2012-12-23,316.0,334.0,322.0,334.0,413,334.0,2026-09-03T19:33:53.771140+00:00
2012-12-24,334.0,350.0,332.0,350.0,8059,350.0,2026-09-03T19:33:53.771140+00:00
2012-12-26,350.0,357.0,350.0,350.0,450,350.0,2026-09-03T19:33:53.771140+00:00
2013-01-02,350.0,345.0,345.0,345.0,220,345.0,2026-09-03T19:33:53.771140+00:00
2013-01-03,345.0,343.0,335.0,335.0,436,335.0,2026-09-03T19:33:53.771140+00:00
2013-01-13,335.0,341.0,331.0,340.0,2789,340.0,2026-09-03T19:33:53.771140+00:00
2013-01-16,340.0,334.0,327.0,327.0,197,327.0,2026-09-03T19:33:53.771140+00:00
2013-01-17,327.0,333.0,332.0,332.0,113,332.0,2026-09-03T19:33:53.771140+00:00
2013-01-20,332.0,328.0,311.0,311.0,698,311.0,2026-09-03T19:33:53.771140+00:00
2013-01-21,311.0,317.0,311.0,315.0,173,315.0,2026-09-03T19:33:53.771140+00:00
2013-01-24,315.0,321.0,321.0,321.0,1284,321.0,2026-09-03T19:33:53.771140+00:00
2013-01-27,321.0,338.0,327.0,335.0,1615,335.0,2026-09-03T19:33:53.771140+00:00
2013-01-28,335.0,341.0,332.0,332.0,1970,332.0,2026-09-03T19:33:53.771140+00:00
2013-01-31,332.0,330.0,327.0,327.0,407,327.0,2026-09-03T19:33:53.771140+00:00
2013-02-04,327.0,333.0,332.0,333.0,146,333.0,2026-09-03T19:33:53.771140+00:00
2013-02-05,333.0,341.0,339.0,341.0,335,341.0,2026-09-03T19:33:53.771140+00:00
2013-02-06,341.0,341.0,341.0,341.0,100,341.0,2026-09-03T19:33:53.771140+00:00
2013-02-07,341.0,335.0,335.0,335.0,2329,335.0,2026-09-03T19:33:53.771140+00:00
2013-02-12,335.0,341.0,331.0,341.0,493,341.0,2026-09-03T19:33:53.771140+00:00
2013-02-17,341.0,347.0,347.0,347.0,103,347.0,2026-09-03T19:33:53.771140+00:00
2013-02-21,347.0,345.0,345.0,345.0,229,345.0,2026-09-03T19:33:53.771140+00:00
2013-02-25,345.0,352.0,350.0,352.0,79,352.0,2026-09-03T19:33:53.771140+00:00
2013-02-26,352.0,349.0,339.0,346.0,234,346.0,2026-09-03T19:33:53.771140+00:00
2013-02-27,346.0,340.0,340.0,340.0,70,340.0,2026-09-03T19:33:53.771140+00:00
2013-02-28,340.0,334.0,334.0,334.0,100,334.0,2026-09-03T19:33:53.771140+00:00
2013-03-05,334.0,340.0,324.0,324.0,5617,324.0,2026-09-03T19:33:53.771140+00:00
2013-03-06,324.0,330.0,330.0,330.0,63,330.0,2026-09-03T19:33:53.771140+00:00
2013-03-07,330.0,342.0,336.0,336.0,200,336.0,2026-09-03T19:33:53.771140+00:00
2013-03-11,336.0,342.0,342.0,342.0,30,342.0,2026-09-03T19:33:53.771140+00:00
2013-03-13,342.0,348.0,348.0,348.0,200,348.0,2026-09-03T19:33:53.771140+00:00
2013-03-14,348.0,347.0,342.0,342.0,537,342.0,2026-09-03T19:33:53.771140+00:00
2013-03-17,342.0,347.0,346.0,347.0,294,347.0,2026-09-03T19:33:53.771140+00:00
2013-03-21,347.0,335.0,325.0,335.0,5379,335.0,2026-09-03T19:33:53.771140+00:00
2013-04-04,335.0,329.0,313.0,319.0,3241,319.0,2026-09-03T19:33:53.771140+00:00
2013-04-08,319.0,325.0,325.0,325.0,40,325.0,2026-09-03T19:33:53.771140+00:00
2013-04-09,325.0,330.0,324.0,330.0,121,330.0,2026-09-03T19:33:53.771140+00:00
2013-04-15,330.0,324.0,312.0,312.0,100,312.0,2026-09-03T19:33:53.771140+00:00
2013-04-17,312.0,315.0,305.0,315.0,2361,315.0,2026-09-03T19:33:53.771140+00:00
2013-04-18,315.0,309.0,303.0,303.0,661,303.0,2026-09-03T19:33:53.771140+00:00
2013-04-21,303.0,298.0,298.0,298.0,68,298.0,2026-09-03T19:33:53.771140+00:00
2013-04-22,298.0,298.0,293.0,298.0,329,298.0,2026-09-03T19:33:53.771140+00:00
2013-04-23,298.0,294.0,293.0,293.0,450,293.0,2026-09-03T19:33:53.771140+00:00
2013-04-29,293.0,298.0,295.0,295.0,276,295.0,2026-09-03T19:33:53.771140+00:00
2013-04-30,295.0,300.0,300.0,300.0,59,300.0,2026-09-03T19:33:53.771140+00:00
2013-05-02,300.0,294.0,294.0,294.0,190,294.0,2026-09-03T19:33:53.771140+00:00
2013-05-06,294.0,289.0,289.0,289.0,140,289.0,2026-09-03T19:33:53.771140+00:00
2013-05-08,289.0,294.0,289.0,289.0,155,289.0,2026-09-03T19:33:53.771140+00:00
2013-05-12,289.0,290.0,289.0,290.0,208,290.0,2026-09-03T19:33:53.771140+00:00
2013-05-13,290.0,285.0,285.0,285.0,47,285.0,2026-09-03T19:33:53.771140+00:00
2013-05-14,285.0,295.0,290.0,295.0,70,295.0,2026-09-03T19:33:53.771140+00:00
2013-05-15,295.0,311.0,300.0,311.0,90,311.0,2026-09-03T19:33:53.771140+00:00
2013-05-19,311.0,329.0,311.0,329.0,387,329.0,2026-09-03T19:33:53.771140+00:00
2013-05-20,329.0,341.0,333.0,341.0,523,341.0,2026-09-03T19:33:53.771140+00:00
2013-05-22,341.0,335.0,330.0,330.0,4000,330.0,2026-09-03T19:33:53.771140+00:00
2013-05-23,330.0,324.0,324.0,324.0,113,324.0,2026-09-03T19:33:53.771140+00:00
2013-05-28,324.0,318.0,312.0,315.0,620,315.0,2026-09-03T19:33:53.771140+00:00
2013-05-30,315.0,319.0,310.0,319.0,1955,319.0,2026-09-03T19:33:53.771140+00:00
2013-06-02,319.0,324.0,313.0,324.0,210,324.0,2026-09-03T19:33:53.771140+00:00
2013-06-03,324.0,324.0,312.0,312.0,1013,312.0,2026-09-03T19:33:53.771140+00:00
2013-06-04,312.0,323.0,310.0,323.0,717,323.0,2026-09-03T19:33:53.771140+00:00
2013-06-10,323.0,329.0,317.0,329.0,73,329.0,2026-09-03T19:33:53.771140+00:00
2013-06-17,329.0,323.0,323.0,323.0,10,323.0,2026-09-03T19:33:53.771140+00:00
2013-06-18,323.0,317.0,309.0,309.0,3369,309.0,2026-09-03T19:33:53.771140+00:00
2013-06-20,309.0,303.0,297.0,297.0,300,297.0,2026-09-03T19:33:53.771140+00:00
2013-06-25,297.0,300.0,300.0,300.0,858,300.0,2026-09-03T19:33:53.771140+00:00
2013-06-26,300.0,302.0,302.0,302.0,60,302.0,2026-09-03T19:33:53.771140+00:00
2013-06-30,302.0,300.0,300.0,300.0,162,300.0,2026-09-03T19:33:53.771140+00:00
2013-07-02,300.0,294.0,294.0,294.0,68,294.0,2026-09-03T19:33:53.771140+00:00
2013-07-04,294.0,295.0,294.0,294.0,238,294.0,2026-09-03T19:33:53.771140+00:00
2013-07-08,294.0,299.0,299.0,299.0,14,299.0,2026-09-03T19:33:53.771140+00:00
2013-07-09,299.0,304.0,304.0,304.0,179,304.0,2026-09-03T19:33:53.771140+00:00
2013-07-10,304.0,310.0,310.0,310.0,123,310.0,2026-09-03T19:33:53.771140+00:00
2013-07-14,310.0,322.0,316.0,322.0,263,322.0,2026-09-03T19:33:53.771140+00:00
2013-07-15,322.0,328.0,316.0,328.0,262,328.0,2026-09-03T19:33:53.771140+00:00
2013-07-22,328.0,325.0,325.0,325.0,100,325.0,2026-09-03T19:33:53.771140+00:00
2013-07-23,325.0,319.0,319.0,319.0,357,319.0,2026-09-03T19:33:53.771140+00:00
2013-07-25,319.0,325.0,320.0,320.0,440,320.0,2026-09-03T19:33:53.771140+00:00
2013-07-28,320.0,320.0,318.0,320.0,310,320.0,2026-09-03T19:33:53.771140+00:00
2013-07-29,320.0,330.0,326.0,330.0,184,330.0,2026-09-03T19:33:53.771140+00:00
2013-07-30,330.0,336.0,336.0,336.0,85,336.0,2026-09-03T19:33:53.771140+00:00
2013-07-31,336.0,348.0,336.0,348.0,235,348.0,2026-09-03T19:33:53.771140+00:00
2013-08-05,348.0,354.0,354.0,354.0,183,354.0,2026-09-03T19:33:53.771140+00:00
2013-08-07,354.0,366.0,358.0,366.0,138,366.0,2026-09-03T19:33:53.771140+00:00
2013-08-08,366.0,402.0,355.0,402.0,2717,402.0,2026-09-03T19:33:53.771140+00:00
2013-08-11,402.0,442.0,410.0,430.0,775,430.0,2026-09-03T19:33:53.771140+00:00
2013-08-12,430.0,443.0,426.0,426.0,1516,426.0,2026-09-03T19:33:53.771140+00:00
2013-08-13,426.0,434.0,414.0,414.0,3564,414.0,2026-09-03T19:33:53.771140+00:00
2013-08-14,414.0,420.0,420.0,420.0,67,420.0,2026-09-03T19:33:53.771140+00:00
2013-08-15,420.0,462.0,421.0,462.0,13187,462.0,2026-09-03T19:33:53.771140+00:00
2013-08-18,462.0,494.0,466.0,470.0,7814,470.0,2026-09-03T19:33:53.771140+00:00
2013-08-19,470.0,484.0,448.0,456.0,1046,456.0,2026-09-03T19:33:53.771140+00:00
2013-08-20,456.0,478.0,465.0,467.0,2934,467.0,2026-09-03T19:33:53.771140+00:00
2013-08-25,467.0,475.0,465.0,470.0,563,470.0,2026-09-03T19:33:53.771140+00:00
2013-08-26,470.0,485.0,470.0,480.0,2301,480.0,2026-09-03T19:33:53.771140+00:00
2013-08-27,480.0,497.0,483.0,497.0,1020,497.0,2026-09-03T19:33:53.771140+00:00
2013-08-29,497.0,488.0,488.0,488.0,190,488.0,2026-09-03T19:33:53.771140+00:00
2013-09-01,488.0,488.0,470.0,470.0,5900,470.0,2026-09-03T19:33:53.771140+00:00
2013-09-02,470.0,470.0,461.0,461.0,1524,461.0,2026-09-03T19:33:53.771140+00:00
2013-09-03,461.0,479.0,464.0,468.0,3921,468.0,2026-09-03T19:33:53.771140+00:00
2013-09-04,468.0,460.0,451.0,451.0,290,451.0,2026-09-03T19:33:53.771140+00:00
2013-09-05,451.0,455.0,452.0,455.0,320,455.0,2026-09-03T19:33:53.771140+00:00
2013-09-09,455.0,500.0,464.0,500.0,1737,500.0,2026-09-03T19:33:53.771140+00:00
2013-09-10,500.0,490.0,480.0,480.0,2767,480.0,2026-09-03T19:33:53.771140+00:00
2013-09-11,480.0,498.0,488.0,498.0,1090,498.0,2026-09-03T19:33:53.771140+00:00
2013-09-12,498.0,496.0,486.0,486.0,1556,486.0,2026-09-03T19:33:53.771140+00:00
2013-09-15,486.0,491.0,483.0,491.0,555,491.0,2026-09-03T19:33:53.771140+00:00
2013-09-16,491.0,482.0,475.0,482.0,2316,482.0,2026-09-03T19:33:53.771140+00:00
2013-09-17,482.0,485.0,480.0,485.0,236,485.0,2026-09-03T19:33:53.771140+00:00
2013-09-19,485.0,476.0,476.0,476.0,200,476.0,2026-09-03T19:33:53.771140+00:00
2013-09-22,476.0,476.0,459.0,465.0,1045,465.0,2026-09-03T19:33:53.771140+00:00
2013-09-23,465.0,465.0,456.0,465.0,3596,465.0,2026-09-03T19:33:53.771140+00:00
2013-09-25,465.0,474.0,460.0,470.0,1656,470.0,2026-09-03T19:33:53.771140+00:00
2013-09-26,470.0,479.0,475.0,475.0,423,475.0,2026-09-03T19:33:53.771140+00:00
2013-09-29,475.0,479.0,479.0,479.0,80,479.0,2026-09-03T19:33:53.771140+00:00
2013-10-06,479.0,475.0,470.0,475.0,1469,475.0,2026-09-03T19:33:53.771140+00:00
2013-10-07,475.0,470.0,465.0,465.0,118,465.0,2026-09-03T19:33:53.771140+00:00
2013-10-08,465.0,465.0,465.0,465.0,108,465.0,2026-09-03T19:33:53.771140+00:00
2013-10-09,465.0,501.0,470.0,498.0,1361,498.0,2026-09-03T19:33:53.771140+00:00
2013-10-10,498.0,498.0,496.0,496.0,416,496.0,2026-09-03T19:33:53.771140+00:00
2013-10-20,496.0,500.0,492.0,492.0,315,492.0,2026-09-03T19:33:53.771140+00:00
2013-10-21,492.0,500.0,495.0,500.0,681,500.0,2026-09-03T19:33:53.771140+00:00
2013-10-22,500.0,491.0,491.0,491.0,1178,491.0,2026-09-03T19:33:53.771140+00:00
2013-10-23,491.0,506.0,499.0,503.0,1492,503.0,2026-09-03T19:33:53.771140+00:00
2013-10-24,503.0,503.0,500.0,503.0,1493,503.0,2026-09-03T19:33:53.771140+00:00
2013-10-27,503.0,505.0,500.0,505.0,424,505.0,2026-09-03T19:33:53.771140+00:00
2013-10-28,505.0,500.0,500.0,500.0,129,500.0,2026-09-03T19:33:53.771140+00:00
2013-10-29,500.0,500.0,500.0,500.0,160,500.0,2026-09-03T19:33:53.771140+00:00
2013-10-30,500.0,500.0,490.0,490.0,595,490.0,2026-09-03T19:33:53.771140+00:00
2013-11-06,490.0,499.0,499.0,499.0,300,499.0,2026-09-03T19:33:53.771140+00:00
2013-11-07,499.0,512.0,500.0,505.0,7014,505.0,2026-09-03T19:33:53.771140+00:00
2013-11-10,505.0,510.0,500.0,500.0,1503,500.0,2026-09-03T19:33:53.771140+00:00
2013-11-11,504.0,529.0,504.0,525.0,4353,525.0,2026-09-03T19:33:53.771140+00:00
2013-11-12,525.0,545.0,525.0,545.0,1427,545.0,2026-09-03T19:33:53.771140+00:00
2013-11-13,545.0,564.0,553.0,553.0,596,553.0,2026-09-03T19:33:53.771140+00:00
2013-11-14,553.0,561.0,545.0,561.0,753,561.0,2026-09-03T19:33:53.771140+00:00
2013-11-24,561.0,593.0,572.0,590.0,1337,590.0,2026-09-03T19:33:53.771140+00:00
2013-11-25,590.0,601.0,590.0,590.0,381,590.0,2026-09-03T19:33:53.771140+00:00
2013-11-27,590.0,590.0,590.0,590.0,40,590.0,2026-09-03T19:33:53.771140+00:00
2013-11-28,590.0,581.0,579.0,579.0,753,579.0,2026-09-03T19:33:53.771140+00:00
2013-12-01,579.0,590.0,571.0,590.0,2429,590.0,2026-09-03T19:33:53.771140+00:00
2013-12-02,589.0,618.0,601.0,615.0,4702,615.0,2026-09-03T19:33:53.771140+00:00
2013-12-03,615.0,664.0,627.0,664.0,615,664.0,2026-09-03T19:33:53.771140+00:00
2013-12-04,664.0,691.0,665.0,691.0,1066,691.0,2026-09-03T19:33:53.771140+00:00
2013-12-05,691.0,700.0,680.0,700.0,4197,700.0,2026-09-03T19:33:53.771140+00:00
2013-12-08,700.0,700.0,690.0,690.0,348,690.0,2026-09-03T19:33:53.771140+00:00
2013-12-09,690.0,693.0,680.0,680.0,2131,680.0,2026-09-03T19:33:53.771140+00:00
2013-12-10,680.0,693.0,680.0,680.0,1060,680.0,2026-09-03T19:33:53.771140+00:00
2013-12-11,680.0,693.0,680.0,680.0,841,680.0,2026-09-03T19:33:53.771140+00:00
2013-12-12,680.0,685.0,680.0,685.0,302,685.0,2026-09-03T19:33:53.771140+00:00
2013-12-15,685.0,711.0,685.0,711.0,169,711.0,2026-09-03T19:33:53.771140+00:00
2013-12-19,711.0,715.0,715.0,715.0,212,715.0,2026-09-03T19:33:53.771140+00:00
2013-12-22,715.0,743.0,715.0,743.0,2905,743.0,2026-09-03T19:33:53.771140+00:00
2013-12-23,743.0,740.0,730.0,735.0,1307,735.0,2026-09-03T19:33:53.771140+00:00
2013-12-24,735.0,750.0,730.0,735.0,2587,735.0,2026-09-03T19:33:53.771140+00:00
2013-12-26,735.0,763.0,749.0,750.0,670,750.0,2026-09-03T19:33:53.771140+00:00
2014-01-05,750.0,660.0,660.0,660.0,138,660.0,2026-09-03T19:33:53.771140+00:00
2014-01-06,660.0,647.0,647.0,647.0,20,647.0,2026-09-03T19:33:53.771140+00:00
2014-01-08,647.0,650.0,650.0,650.0,20,650.0,2026-09-03T19:33:53.771140+00:00
2014-01-12,650.0,660.0,660.0,660.0,1933,660.0,2026-09-03T19:33:53.771140+00:00
2014-01-13,660.0,666.0,660.0,666.0,1940,666.0,2026-09-03T19:33:53.771140+00:00
2014-01-19,666.0,670.0,655.0,670.0,1741,670.0,2026-09-03T19:33:53.771140+00:00
2014-01-20,670.0,683.0,683.0,683.0,54,683.0,2026-09-03T19:33:53.771140+00:00
2014-01-21,683.0,703.0,690.0,703.0,85,703.0,2026-09-03T19:33:53.771140+00:00
2014-01-22,703.0,732.0,703.0,732.0,1351,732.0,2026-09-03T19:33:53.771140+00:00
2014-02-09,732.0,805.0,746.0,805.0,394,805.0,2026-09-03T19:33:53.771140+00:00
2014-02-13,805.0,870.0,821.0,870.0,40,870.0,2026-09-03T19:33:53.771140+00:00
2014-02-16,870.0,904.0,887.0,904.0,20,904.0,2026-09-03T19:33:53.771140+00:00
2014-02-17,904.0,994.0,922.0,994.0,1563,994.0,2026-09-03T19:33:53.771140+00:00
2014-02-18,994.0,1093.0,1013.0,1093.0,2096,1093.0,2026-09-03T19:33:53.771140+00:00
2014-02-20,1093.0,1202.0,1114.0,1154.0,1412,1154.0,2026-09-03T19:33:53.771140+00:00
2014-02-23,1154.0,1153.0,1131.0,1153.0,118,1153.0,2026-09-03T19:33:53.771140+00:00
2014-02-24,1153.0,1130.0,1038.0,1046.0,4211,1046.0,2026-09-03T19:33:53.771140+00:00
2014-02-25,1046.0,1097.0,1026.0,1097.0,1875,1097.0,2026-09-03T19:33:53.771140+00:00
2014-02-26,1097.0,1100.0,1059.0,1059.0,2706,1059.0,2026-09-03T19:33:53.771140+00:00
2014-03-03,1059.0,1038.0,1021.0,1021.0,1910,1021.0,2026-09-03T19:33:53.771140+00:00
2014-03-04,1021.0,1020.0,975.0,1000.0,4008,1000.0,2026-09-03T19:33:53.771140+00:00
2014-03-05,1000.0,1030.0,1020.0,1030.0,124,1030.0,2026-09-03T19:33:53.771140+00:00
2014-03-06,1030.0,1050.0,1020.0,1020.0,1197,1020.0,2026-09-03T19:33:53.771140+00:00
2014-03-09,1020.0,1010.0,942.0,942.0,702,942.0,2026-09-03T19:33:53.771140+00:00
2014-03-10,942.0,960.0,925.0,952.0,472,952.0,2026-09-03T19:33:53.771140+00:00
2014-03-11,952.0,971.0,952.0,971.0,804,971.0,2026-09-03T19:33:53.771140+00:00
2014-03-12,971.0,975.0,942.0,942.0,963,942.0,2026-09-03T19:33:53.771140+00:00
2014-03-13,942.0,980.0,942.0,980.0,1621,980.0,2026-09-03T19:33:53.771140+00:00
2014-03-17,980.0,961.0,911.0,930.0,1309,930.0,2026-09-03T19:33:53.771140+00:00
2014-03-18,930.0,920.0,908.0,908.0,598,908.0,2026-09-03T19:33:53.771140+00:00
2014-03-19,908.0,923.0,911.0,911.0,276,911.0,2026-09-03T19:33:53.771140+00:00
2014-03-20,911.0,948.0,895.0,948.0,242,948.0,2026-09-03T19:33:53.771140+00:00
2014-03-23,948.0,932.0,912.0,915.0,2227,915.0,2026-09-03T19:33:53.771140+00:00
2014-03-24,915.0,933.0,923.0,923.0,456,923.0,2026-09-03T19:33:53.771140+00:00
2014-03-25,923.0,941.0,894.0,911.0,2044,911.0,2026-09-03T19:33:53.771140+00:00
2014-03-26,911.0,955.0,910.0,955.0,1375,955.0,2026-09-03T19:33:53.771140+00:00
2014-03-27,955.0,950.0,936.0,950.0,453,950.0,2026-09-03T19:33:53.771140+00:00
2014-03-31,950.0,989.0,950.0,989.0,1017,989.0,2026-09-03T19:33:53.771140+00:00
2014-04-01,989.0,1059.0,971.0,1040.0,8788,1040.0,2026-09-03T19:33:53.771140+00:00
2014-04-02,1040.0,1085.0,1060.0,1080.0,1946,1080.0,2026-09-03T19:33:53.771140+00:00
2014-04-03,1080.0,1081.0,1060.0,1081.0,150,1081.0,2026-09-03T19:33:53.771140+00:00
2014-04-06,1081.0,1100.0,1060.0,1075.0,1228,1075.0,2026-09-03T19:33:53.771140+00:00
2014-04-07,1075.0,1121.0,1057.0,1100.0,21944,1100.0,2026-09-03T19:33:53.771140+00:00
2014-04-09,1100.0,1116.0,1095.0,1110.0,13188,1110.0,2026-09-03T19:33:53.771140+00:00
2014-04-10,1110.0,1162.0,1110.0,1162.0,2488,1162.0,2026-09-03T19:33:53.771140+00:00
2014-04-13,1162.0,1180.0,1152.0,1152.0,519,1152.0,2026-09-03T19:33:53.771140+00:00
2014-04-15,1152.0,1140.0,1130.0,1140.0,373,1140.0,2026-09-03T19:33:53.771140+00:00
2014-04-16,1140.0,1135.0,1100.0,1122.0,162,1122.0,2026-09-03T19:33:53.771140+00:00
2014-04-17,1122.0,1143.0,1122.0,1130.0,201,1130.0,2026-09-03T19:33:53.771140+00:00
2014-04-20,1130.0,1152.0,1125.0,1125.0,1471,1125.0,2026-09-03T19:33:53.771140+00:00
2014-04-21,1125.0,1125.0,1081.0,1105.0,1379,1105.0,2026-09-03T19:33:53.771140+00:00
2014-04-22,1105.0,1122.0,1110.0,1120.0,1730,1120.0,2026-09-03T19:33:53.771140+00:00
2014-04-23,1120.0,1135.0,1135.0,1135.0,227,1135.0,2026-09-03T19:33:53.771140+00:00
2014-04-27,1135.0,1157.0,1135.0,1157.0,1042,1157.0,2026-09-03T19:33:53.771140+00:00
2014-04-28,1157.0,1162.0,1140.0,1150.0,1863,1150.0,2026-09-03T19:33:53.771140+00:00
2014-04-29,1150.0,1193.0,1150.0,1193.0,282,1193.0,2026-09-03T19:33:53.771140+00:00
2014-04-30,1193.0,1210.0,1190.0,1190.0,1327,1190.0,2026-09-03T19:33:53.771140+00:00
2014-05-04,1190.0,1309.0,1213.0,1309.0,2064,1309.0,2026-09-03T19:33:53.771140+00:00
2014-05-05,1309.0,1439.0,1335.0,1420.0,5421,1420.0,2026-09-03T19:33:53.771140+00:00
2014-05-06,1420.0,1430.0,1395.0,1395.0,4800,1395.0,2026-09-03T19:33:53.771140+00:00
2014-05-07,1395.0,1368.0,1323.0,1342.0,1408,1342.0,2026-09-03T19:33:53.771140+00:00
2014-05-08,1342.0,1346.0,1310.0,1320.0,1905,1320.0,2026-09-03T19:33:53.771140+00:00
2014-05-11,1320.0,1372.0,1310.0,1349.0,760,1349.0,2026-09-03T19:33:53.771140+00:00
2014-05-12,1349.0,1325.0,1325.0,1325.0,300,1325.0,2026-09-03T19:33:53.771140+00:00
2014-05-13,1325.0,1348.0,1335.0,1340.0,2905,1340.0,2026-09-03T19:33:53.771140+00:00
2014-05-15,1340.0,1376.0,1350.0,1360.0,3871,1360.0,2026-09-03T19:33:53.771140+00:00
2014-05-18,1360.0,1375.0,1340.0,1340.0,1426,1340.0,2026-09-03T19:33:53.771140+00:00
2014-05-19,1340.0,1350.0,1325.0,1325.0,1040,1325.0,2026-09-03T19:33:53.771140+00:00
2014-05-20,1325.0,1331.0,1305.0,1331.0,638,1331.0,2026-09-03T19:33:53.771140+00:00
2014-05-21,1331.0,1330.0,1311.0,1311.0,2401,1311.0,2026-09-03T19:33:53.771140+00:00
2014-05-22,1311.0,1363.0,1336.0,1350.0,1204,1350.0,2026-09-03T19:33:53.771140+00:00
2014-05-25,1350.0,1379.0,1365.0,1366.0,1354,1366.0,2026-09-03T19:33:53.771140+00:00
2014-05-26,1366.0,1350.0,1350.0,1350.0,99,1350.0,2026-09-03T19:33:53.771140+00:00
2014-05-27,1350.0,1370.0,1350.0,1370.0,1232,1370.0,2026-09-03T19:33:53.771140+00:00
2014-05-28,1370.0,1401.0,1375.0,1395.0,2935,1395.0,2026-09-03T19:33:53.771140+00:00
2014-06-01,1395.0,1400.0,1399.0,1399.0,914,1399.0,2026-09-03T19:33:53.771140+00:00
2014-06-02,1399.0,1415.0,1391.0,1401.0,2336,1401.0,2026-09-03T19:33:53.771140+00:00
2014-06-03,1401.0,1420.0,1400.0,1420.0,776,1420.0,2026-09-03T19:33:53.771140+00:00
2014-06-04,1420.0,1392.0,1316.0,1325.0,2029,1325.0,2026-09-03T19:33:53.771140+00:00
2014-06-05,1325.0,1310.0,1225.0,1310.0,2983,1310.0,2026-09-03T19:33:53.771140+00:00
2014-06-08,1310.0,1382.0,1280.0,1360.0,1209,1360.0,2026-09-03T19:33:53.771140+00:00
2014-06-09,1360.0,1350.0,1280.0,1280.0,2110,1280.0,2026-09-03T19:33:53.771140+00:00
2014-06-10,1280.0,1356.0,1305.0,1317.0,5036,1317.0,2026-09-03T19:33:53.771140+00:00
2014-06-11,1317.0,1305.0,1300.0,1302.0,654,1302.0,2026-09-03T19:33:53.771140+00:00
2014-06-12,1302.0,1330.0,1302.0,1330.0,1074,1330.0,2026-09-03T19:33:53.771140+00:00
2014-06-15,1330.0,1356.0,1355.0,1355.0,921,1355.0,2026-09-03T19:33:53.771140+00:00
2014-06-16,1355.0,1400.0,1333.0,1361.0,1554,1361.0,2026-09-03T19:33:53.771140+00:00
2014-06-17,1361.0,1370.0,1334.0,1344.0,493,1344.0,2026-09-03T19:33:53.771140+00:00
2014-06-18,1344.0,1344.0,1340.0,1340.0,167,1340.0,2026-09-03T19:33:53.771140+00:00
2014-06-19,1340.0,1367.0,1345.0,1367.0,2290,1367.0,2026-09-03T19:33:53.771140+00:00
2014-06-23,1367.0,1355.0,1355.0,1355.0,112,1355.0,2026-09-03T19:33:53.771140+00:00
2014-06-24,1355.0,1350.0,1340.0,1340.0,426,1340.0,2026-09-03T19:33:53.771140+00:00
2014-06-25,1340.0,1390.0,1345.0,1390.0,1883,1390.0,2026-09-03T19:33:53.771140+00:00
2014-06-26,1390.0,1398.0,1398.0,1398.0,147,1398.0,2026-09-03T19:33:53.771140+00:00
2014-06-29,1398.0,1390.0,1380.0,1390.0,514,1390.0,2026-09-03T19:33:53.771140+00:00
2014-06-30,1390.0,1450.0,1390.0,1440.0,4307,1440.0,2026-09-03T19:33:53.771140+00:00
2014-07-01,1440.0,1526.0,1468.0,1515.0,2886,1515.0,2026-09-03T19:33:53.771140+00:00
2014-07-02,1515.0,1569.0,1520.0,1560.0,5331,1560.0,2026-09-03T19:33:53.771140+00:00
2014-07-03,1560.0,1530.0,1530.0,1530.0,100,1530.0,2026-09-03T19:33:53.771140+00:00
2014-07-06,1530.0,1560.0,1501.0,1549.0,2939,1549.0,2026-09-03T19:33:53.771140+00:00
2014-07-07,1549.0,1577.0,1524.0,1575.0,6168,1575.0,2026-09-03T19:33:53.771140+00:00
2014-07-08,1575.0,1575.0,1530.0,1536.0,3838,1536.0,2026-09-03T19:33:53.771140+00:00
2014-07-09,1536.0,1540.0,1510.0,1540.0,573,1540.0,2026-09-03T19:33:53.771140+00:00
2014-07-10,1540.0,1540.0,1520.0,1520.0,1600,1520.0,2026-09-03T19:33:53.771140+00:00
2014-07-13,1520.0,1530.0,1500.0,1530.0,1250,1530.0,2026-09-03T19:33:53.771140+00:00
2014-07-14,1530.0,1525.0,1520.0,1520.0,400,1520.0,2026-09-03T19:33:53.771140+00:00
2014-07-15,1520.0,1495.0,1477.0,1485.0,971,1485.0,2026-09-03T19:33:53.771140+00:00
2014-07-16,1485.0,1570.0,1494.0,1555.0,12310,1555.0,2026-09-03T19:33:53.771140+00:00
2014-07-17,1555.0,1625.0,1555.0,1625.0,2467,1625.0,2026-09-03T19:33:53.771140+00:00
2014-07-20,1625.0,1787.0,1657.0,1787.0,1348,1787.0,2026-09-03T19:33:53.771140+00:00
2014-07-21,1787.0,1900.0,1800.0,1800.0,7270,1800.0,2026-09-03T19:33:53.771140+00:00
2014-07-22,1800.0,1860.0,1729.0,1860.0,5624,1860.0,2026-09-03T19:33:53.771140+00:00
2014-07-23,1860.0,1871.0,1810.0,1871.0,2965,1871.0,2026-09-03T19:33:53.771140+00:00
2014-07-24,1871.0,1871.0,1830.0,1830.0,3161,1830.0,2026-09-03T19:33:53.771140+00:00
2014-07-27,1830.0,1835.0,1820.0,1820.0,260,1820.0,2026-09-03T19:33:53.771140+00:00
2014-07-28,1820.0,1784.0,1784.0,1784.0,18,1784.0,2026-09-03T19:33:53.771140+00:00
2014-07-30,1784.0,1784.0,1730.0,1730.0,1548,1730.0,2026-09-03T19:33:53.771140+00:00
2014-07-31,1730.0,1735.0,1696.0,1735.0,1882,1735.0,2026-09-03T19:33:53.771140+00:00
2014-08-03,1735.0,1735.0,1725.0,1735.0,1431,1735.0,2026-09-03T19:33:53.771140+00:00
2014-08-04,1735.0,1750.0,1690.0,1690.0,3316,1690.0,2026-09-03T19:33:53.771140+00:00
2014-08-05,1690.0,1730.0,1700.0,1700.0,2379,1700.0,2026-09-03T19:33:53.771140+00:00
2014-08-06,1700.0,1870.0,1734.0,1870.0,18383,1870.0,2026-09-03T19:33:53.771140+00:00
2014-08-07,1870.0,1940.0,1895.0,1940.0,8384,1940.0,2026-09-03T19:33:53.771140+00:00
2014-08-12,1940.0,1930.0,1855.0,1895.0,1904,1895.0,2026-09-03T19:33:53.771140+00:00
2014-08-13,1895.0,1896.0,1870.0,1895.0,1656,1895.0,2026-09-03T19:33:53.771140+00:00
2014-08-14,1895.0,1948.0,1910.0,1930.0,1330,1930.0,2026-09-03T19:33:53.771140+00:00
2014-08-18,1930.0,1900.0,1770.0,1810.0,4554,1810.0,2026-09-03T19:33:53.771140+00:00
2014-08-19,1810.0,1846.0,1775.0,1810.0,4340,1810.0,2026-09-03T19:33:53.771140+00:00
2014-08-20,1810.0,1807.0,1760.0,1760.0,833,1760.0,2026-09-03T19:33:53.771140+00:00
2014-08-21,1760.0,1774.0,1720.0,1774.0,1640,1774.0,2026-09-03T19:33:53.771140+00:00
2014-08-24,1774.0,1770.0,1740.0,1740.0,360,1740.0,2026-09-03T19:33:53.771140+00:00
2014-08-25,1740.0,1706.0,1617.0,1620.0,1185,1620.0,2026-09-03T19:33:53.771140+00:00
2014-08-26,1620.0,1640.0,1600.0,1608.0,2363,1608.0,2026-09-03T19:33:53.771140+00:00
2014-08-27,1608.0,1747.0,1640.0,1747.0,2263,1747.0,2026-09-03T19:33:53.771140+00:00
2014-08-28,1747.0,1831.0,1779.0,1780.0,2800,1780.0,2026-09-03T19:33:53.771140+00:00
2014-08-31,1780.0,1770.0,1740.0,1750.0,1090,1750.0,2026-09-03T19:33:53.771140+00:00
2014-09-01,1750.0,1715.0,1680.0,1680.0,1324,1680.0,2026-09-03T19:33:53.771140+00:00
2014-09-03,1680.0,1670.0,1662.0,1662.0,522,1662.0,2026-09-03T19:33:53.771140+00:00
2014-09-04,1662.0,1660.0,1600.0,1620.0,1846,1620.0,2026-09-03T19:33:53.771140+00:00
2014-09-07,1620.0,1590.0,1549.0,1549.0,634,1549.0,2026-09-03T19:33:53.771140+00:00
2014-09-09,1549.0,1601.0,1540.0,1570.0,5031,1570.0,2026-09-03T19:33:53.771140+00:00
2014-09-10,1570.0,1668.0,1601.0,1640.0,2580,1640.0,2026-09-03T19:33:53.771140+00:00
2014-09-11,1640.0,1672.0,1640.0,1672.0,1252,1672.0,2026-09-03T19:33:53.771140+00:00
2014-09-14,1672.0,1734.0,1680.0,1730.0,2782,1730.0,2026-09-03T19:33:53.771140+00:00
2014-09-15,1730.0,1872.0,1730.0,1860.0,2829,1860.0,2026-09-03T19:33:53.771140+00:00
2014-09-16,1860.0,1960.0,1885.0,1909.0,2696,1909.0,2026-09-03T19:33:53.771140+00:00
2014-09-17,1909.0,1920.0,1878.0,1879.0,846,1879.0,2026-09-03T19:33:53.771140+00:00
2014-09-18,1879.0,1843.0,1800.0,1836.0,622,1836.0,2026-09-03T19:33:53.771140+00:00
2014-09-21,1836.0,1834.0,1770.0,1834.0,521,1834.0,2026-09-03T19:33:53.771140+00:00
2014-09-23,1834.0,1798.0,1730.0,1750.0,512,1750.0,2026-09-03T19:33:53.771140+00:00
2014-09-24,1750.0,1750.0,1720.0,1720.0,622,1720.0,2026-09-03T19:33:53.771140+00:00
2014-09-28,1720.0,1725.0,1700.0,1700.0,196,1700.0,2026-09-03T19:33:53.771140+00:00
2014-09-29,1700.0,1765.0,1734.0,1765.0,630,1765.0,2026-09-03T19:33:53.771140+00:00
2014-09-30,1765.0,1830.0,1800.0,1802.0,1195,1802.0,2026-09-03T19:33:53.771140+00:00
2014-10-08,1802.0,1785.0,1750.0,1785.0,2190,1785.0,2026-09-03T19:33:53.771140+00:00
2014-10-13,1785.0,1755.0,1740.0,1740.0,1662,1740.0,2026-09-03T19:33:53.771140+00:00
2014-10-14,1740.0,1750.0,1730.0,1750.0,566,1750.0,2026-09-03T19:33:53.771140+00:00
2014-10-15,1750.0,1780.0,1745.0,1780.0,3195,1780.0,2026-09-03T19:33:53.771140+00:00
2014-10-16,1780.0,1816.0,1800.0,1810.0,838,1810.0,2026-09-03T19:33:53.771140+00:00
2014-10-19,1810.0,1810.0,1809.0,1810.0,482,1810.0,2026-09-03T19:33:53.771140+00:00
2014-10-20,1810.0,1849.0,1810.0,1849.0,2454,1849.0,2026-09-03T19:33:53.771140+00:00
2014-10-21,1849.0,1917.0,1856.0,1917.0,1751,1917.0,2026-09-03T19:33:53.771140+00:00
2014-10-22,1917.0,1954.0,1885.0,1945.0,1708,1945.0,2026-09-03T19:33:53.771140+00:00
2014-10-26,1945.0,1915.0,1910.0,1915.0,362,1915.0,2026-09-03T19:33:53.771140+00:00
2014-10-27,1915.0,1920.0,1915.0,1920.0,500,1920.0,2026-09-03T19:33:53.771140+00:00
2014-10-30,1920.0,1900.0,1900.0,1900.0,100,1900.0,2026-09-03T19:33:53.771140+00:00
2014-11-02,1900.0,1900.0,1850.0,1870.0,749,1870.0,2026-09-03T19:33:53.771140+00:00
2014-11-03,1870.0,1835.0,1767.0,1800.0,1424,1800.0,2026-09-03T19:33:53.771140+00:00
2014-11-04,1800.0,1764.0,1764.0,1764.0,100,1764.0,2026-09-03T19:33:53.771140+00:00
2014-11-05,1764.0,1800.0,1750.0,1785.0,1886,1785.0,2026-09-03T19:33:53.771140+00:00
2014-11-06,1785.0,1785.0,1755.0,1780.0,381,1780.0,2026-09-03T19:33:53.771140+00:00
2014-11-09,1780.0,1750.0,1725.0,1725.0,320,1725.0,2026-09-03T19:33:53.771140+00:00
2014-11-10,1725.0,1700.0,1691.0,1700.0,175,1700.0,2026-09-03T19:33:53.771140+00:00
2014-11-11,1700.0,1725.0,1670.0,1725.0,981,1725.0,2026-09-03T19:33:53.771140+00:00
2014-11-12,1725.0,1829.0,1759.0,1790.0,6195,1790.0,2026-09-03T19:33:53.771140+00:00
2014-11-13,1790.0,1800.0,1766.0,1780.0,1591,1780.0,2026-09-03T19:33:53.771140+00:00
2014-11-16,1780.0,1808.0,1790.0,1808.0,2012,1808.0,2026-09-03T19:33:53.771140+00:00
2014-11-17,1808.0,1840.0,1800.0,1800.0,297,1800.0,2026-09-03T19:33:53.771140+00:00
2014-11-18,1800.0,1813.0,1710.0,1780.0,352,1780.0,2026-09-03T19:33:53.771140+00:00
2014-11-19,1780.0,1785.0,1755.0,1785.0,462,1785.0,2026-09-03T19:33:53.771140+00:00
2014-11-20,1785.0,1810.0,1780.0,1790.0,1312,1790.0,2026-09-03T19:33:53.771140+00:00
2014-11-23,1790.0,1820.0,1775.0,1790.0,2541,1790.0,2026-09-03T19:33:53.771140+00:00
2014-11-24,1790.0,1861.0,1780.0,1797.0,3055,1797.0,2026-09-03T19:33:53.771140+00:00
2014-11-25,1797.0,1814.0,1753.0,1805.0,7240,1805.0,2026-09-03T19:33:53.771140+00:00
2014-11-30,1805.0,1810.0,1800.0,1800.0,1886,1800.0,2026-09-03T19:33:53.771140+00:00
2014-12-01,1800.0,1790.0,1725.0,1751.0,2195,1751.0,2026-09-03T19:33:53.771140+00:00
2014-12-02,1751.0,1780.0,1755.0,1780.0,166,1780.0,2026-09-03T19:33:53.771140+00:00
2014-12-03,1780.0,1810.0,1740.0,1740.0,2273,1740.0,2026-09-03T19:33:53.771140+00:00
2014-12-04,1740.0,1770.0,1722.0,1770.0,754,1770.0,2026-09-03T19:33:53.771140+00:00
2014-12-07,1770.0,1805.0,1785.0,1785.0,103,1785.0,2026-09-03T19:33:53.771140+00:00
2014-12-08,1785.0,1750.0,1721.0,1730.0,1800,1730.0,2026-09-03T19:33:53.771140+00:00
2014-12-09,1730.0,1740.0,1730.0,1730.0,400,1730.0,2026-09-03T19:33:53.771140+00:00
2014-12-10,1730.0,1770.0,1740.0,1770.0,263,1770.0,2026-09-03T19:33:53.771140+00:00
2014-12-11,1770.0,1770.0,1750.0,1750.0,390,1750.0,2026-09-03T19:33:53.771140+00:00
2014-12-14,1750.0,1820.0,1785.0,1820.0,1502,1820.0,2026-09-03T19:33:53.771140+00:00
2014-12-15,1820.0,1856.0,1800.0,1800.0,878,1800.0,2026-09-03T19:33:53.771140+00:00
2014-12-16,1800.0,1810.0,1770.0,1805.0,1535,1805.0,2026-09-03T19:33:53.771140+00:00
2014-12-17,1805.0,1855.0,1795.0,1840.0,3386,1840.0,2026-09-03T19:33:53.771140+00:00
2014-12-18,1840.0,1869.0,1840.0,1856.0,2311,1856.0,2026-09-03T19:33:53.771140+00:00
2014-12-21,1856.0,1860.0,1800.0,1835.0,3189,1835.0,2026-09-03T19:33:53.771140+00:00
2014-12-22,1835.0,1860.0,1820.0,1860.0,5896,1860.0,2026-09-03T19:33:53.771140+00:00
2014-12-23,1860.0,1875.0,1810.0,1851.0,6515,1851.0,2026-09-03T19:33:53.771140+00:00
2014-12-24,1263.0,1365.0,1287.0,1365.0,837,1365.0,2026-09-03T19:33:53.771140+00:00
2014-12-28,1365.0,1475.0,1392.0,1475.0,1059,1475.0,2026-09-03T19:33:53.771140+00:00
2014-12-29,1475.0,1500.0,1445.0,1446.0,270,1446.0,2026-09-03T19:33:53.771140+00:00
2015-01-01,1446.0,1465.0,1450.0,1465.0,502,1465.0,2026-09-03T19:33:53.771140+00:00
2015-01-04,1465.0,1515.0,1494.0,1515.0,1182,1515.0,2026-09-03T19:33:53.771140+00:00
2015-01-05,1515.0,1530.0,1515.0,1515.0,721,1515.0,2026-09-03T19:33:53.771140+00:00
2015-01-07,1515.0,1520.0,1500.0,1501.0,259,1501.0,2026-09-03T19:33:53.771140+00:00
2015-01-08,1501.0,1560.0,1500.0,1535.0,1472,1535.0,2026-09-03T19:33:53.771140+00:00
2015-01-11,1535.0,1525.0,1495.0,1495.0,299,1495.0,2026-09-03T19:33:53.771140+00:00
2015-01-12,1495.0,1526.0,1500.0,1526.0,130,1526.0,2026-09-03T19:33:53.771140+00:00
2015-01-13,1526.0,1550.0,1525.0,1525.0,323,1525.0,2026-09-03T19:33:53.771140+00:00
2015-01-14,1525.0,1545.0,1515.0,1545.0,385,1545.0,2026-09-03T19:33:53.771140+00:00
2015-01-18,1545.0,1540.0,1540.0,1540.0,346,1540.0,2026-09-03T19:33:53.771140+00:00
2015-01-19,1540.0,1601.0,1569.0,1569.0,500,1569.0,2026-09-03T19:33:53.771140+00:00
2015-01-20,1569.0,1540.0,1540.0,1540.0,3050,1540.0,2026-09-03T19:33:53.771140+00:00
2015-01-25,1540.0,1515.0,1510.0,1515.0,340,1515.0,2026-09-03T19:33:53.771140+00:00
2015-01-26,1515.0,1490.0,1490.0,1490.0,80,1490.0,2026-09-03T19:33:53.771140+00:00
2015-01-27,1490.0,1490.0,1490.0,1490.0,131,1490.0,2026-09-03T19:33:53.771140+00:00
2015-01-28,1490.0,1490.0,1490.0,1490.0,229,1490.0,2026-09-03T19:33:53.771140+00:00
2015-01-29,1490.0,1520.0,1500.0,1500.0,350,1500.0,2026-09-03T19:33:53.771140+00:00
2015-02-02,1500.0,1540.0,1500.0,1540.0,1002,1540.0,2026-09-03T19:33:53.771140+00:00
2015-02-03,1540.0,1560.0,1529.0,1550.0,410,1550.0,2026-09-03T19:33:53.771140+00:00
2015-02-04,1550.0,1622.0,1560.0,1610.0,4376,1610.0,2026-09-03T19:33:53.771140+00:00
2015-02-05,1610.0,1630.0,1600.0,1630.0,3145,1630.0,2026-09-03T19:33:53.771140+00:00
2015-02-08,1630.0,1635.0,1610.0,1615.0,514,1615.0,2026-09-03T19:33:53.771140+00:00
2015-02-09,1615.0,1746.0,1647.0,1681.0,8533,1681.0,2026-09-03T19:33:53.771140+00:00
2015-02-10,1681.0,1704.0,1685.0,1693.0,2465,1693.0,2026-09-03T19:33:53.771140+00:00
2015-02-11,1693.0,1701.0,1688.0,1688.0,1028,1688.0,2026-09-03T19:33:53.771140+00:00
2015-02-12,1688.0,1688.0,1666.0,1688.0,2542,1688.0,2026-09-03T19:33:53.771140+00:00
2015-02-15,1688.0,1721.0,1699.0,1699.0,1435,1699.0,2026-09-03T19:33:53.771140+00:00
2015-02-16,1699.0,1720.0,1699.0,1720.0,4113,1720.0,2026-09-03T19:33:53.771140+00:00
2015-02-18,1720.0,1780.0,1650.0,1680.0,5811,1680.0,2026-09-03T19:33:53.771140+00:00
2015-02-22,1680.0,1700.0,1660.0,1660.0,755,1660.0,2026-09-03T19:33:53.771140+00:00
2015-02-23,1660.0,1660.0,1576.0,1660.0,1350,1660.0,2026-09-03T19:33:53.771140+00:00
2015-02-24,1660.0,1651.0,1650.0,1651.0,862,1651.0,2026-09-03T19:33:53.771140+00:00
2015-02-25,1651.0,1684.0,1645.0,1645.0,904,1645.0,2026-09-03T19:33:53.771140+00:00
2015-02-26,1645.0,1690.0,1655.0,1690.0,965,1690.0,2026-09-03T19:33:53.771140+00:00
2015-03-01,1690.0,1690.0,1680.0,1685.0,818,1685.0,2026-09-03T19:33:53.771140+00:00
2015-03-02,1685.0,1685.0,1670.0,1670.0,427,1670.0,2026-09-03T19:33:53.771140+00:00
2015-03-03,1670.0,1670.0,1656.0,1656.0,204,1656.0,2026-09-03T19:33:53.771140+00:00
2015-03-04,1656.0,1650.0,1650.0,1650.0,127,1650.0,2026-09-03T19:33:53.771140+00:00
2015-03-09,1650.0,1690.0,1673.0,1673.0,1028,1673.0,2026-09-03T19:33:53.771140+00:00
2015-03-10,1673.0,1665.0,1665.0,1665.0,33,1665.0,2026-09-03T19:33:53.771140+00:00
2015-03-11,1665.0,1725.0,1680.0,1680.0,2939,1680.0,2026-09-03T19:33:53.771140+00:00
2015-03-12,1680.0,1682.0,1655.0,1655.0,583,1655.0,2026-09-03T19:33:53.771140+00:00
2015-03-16,1655.0,1630.0,1602.0,1609.0,966,1609.0,2026-09-03T19:33:53.771140+00:00
2015-03-17,1609.0,1630.0,1591.0,1620.0,1154,1620.0,2026-09-03T19:33:53.771140+00:00
2015-03-18,1620.0,1652.0,1640.0,1652.0,229,1652.0,2026-09-03T19:33:53.771140+00:00
2015-03-19,1652.0,1635.0,1631.0,1635.0,1108,1635.0,2026-09-03T19:33:53.771140+00:00
2015-03-22,1635.0,1683.0,1650.0,1650.0,289,1650.0,2026-09-03T19:33:53.771140+00:00
2015-03-23,1650.0,1635.0,1635.0,1635.0,68,1635.0,2026-09-03T19:33:53.771140+00:00
2015-03-24,1635.0,1615.0,1603.0,1615.0,310,1615.0,2026-09-03T19:33:53.771140+00:00
2015-03-25,1615.0,1632.0,1600.0,1629.0,400,1629.0,2026-09-03T19:33:53.771140+00:00
2015-03-26,1629.0,1610.0,1610.0,1610.0,29,1610.0,2026-09-03T19:33:53.771140+00:00
2015-03-29,1610.0,1647.0,1610.0,1625.0,723,1625.0,2026-09-03T19:33:53.771140+00:00
2015-03-30,1625.0,1650.0,1620.0,1620.0,357,1620.0,2026-09-03T19:33:53.771140+00:00
2015-04-01,1620.0,1610.0,1580.0,1610.0,2159,1610.0,2026-09-03T19:33:53.771140+00:00
2015-04-02,1610.0,1620.0,1615.0,1615.0,523,1615.0,2026-09-03T19:33:53.771140+00:00
2015-04-05,1615.0,1607.0,1592.0,1605.0,279,1605.0,2026-09-03T19:33:53.771140+00:00
2015-04-06,1605.0,1580.0,1542.0,1580.0,816,1580.0,2026-09-03T19:33:53.771140+00:00
2015-04-07,1580.0,1610.0,1570.0,1570.0,259,1570.0,2026-09-03T19:33:53.771140+00:00
2015-04-08,1570.0,1585.0,1570.0,1577.0,752,1577.0,2026-09-03T19:33:53.771140+00:00
2015-04-09,1577.0,1604.0,1580.0,1600.0,1736,1600.0,2026-09-03T19:33:53.771140+00:00
2015-04-12,1600.0,1620.0,1610.0,1610.0,200,1610.0,2026-09-03T19:33:53.771140+00:00
2015-04-13,1610.0,1635.0,1610.0,1635.0,425,1635.0,2026-09-03T19:33:53.771140+00:00
2015-04-15,1635.0,1605.0,1603.0,1603.0,109,1603.0,2026-09-03T19:33:53.771140+00:00
2015-04-16,1603.0,1605.0,1591.0,1600.0,862,1600.0,2026-09-03T19:33:53.771140+00:00
2015-04-19,1600.0,1605.0,1605.0,1605.0,200,1605.0,2026-09-03T19:33:53.771140+00:00
2015-04-20,1605.0,1620.0,1575.0,1620.0,1354,1620.0,2026-09-03T19:33:53.771140+00:00
2015-04-21,1620.0,1610.0,1600.0,1600.0,578,1600.0,2026-09-03T19:33:53.771140+00:00
2015-04-22,1600.0,1640.0,1600.0,1608.0,392,1608.0,2026-09-03T19:33:53.771140+00:00
2015-04-23,1608.0,1601.0,1581.0,1601.0,703,1601.0,2026-09-03T19:33:53.771140+00:00
2015-05-31,1601.0,1569.0,1449.0,1450.0,264,1450.0,2026-09-03T19:33:53.771140+00:00
2015-06-01,1450.0,1510.0,1446.0,1446.0,2930,1446.0,2026-09-03T19:33:53.771140+00:00
2015-06-02,1446.0,1451.0,1425.0,1451.0,1830,1451.0,2026-09-03T19:33:53.771140+00:00
2015-06-03,1451.0,1535.0,1480.0,1535.0,554,1535.0,2026-09-03T19:33:53.771140+00:00
2015-06-04,1535.0,1570.0,1535.0,1535.0,2131,1535.0,2026-09-03T19:33:53.771140+00:00
2015-06-07,1535.0,1565.0,1530.0,1565.0,380,1565.0,2026-09-03T19:33:53.771140+00:00
2015-06-08,1565.0,1596.0,1595.0,1596.0,232,1596.0,2026-09-03T19:33:53.771140+00:00
2015-06-09,1596.0,1720.0,1627.0,1720.0,580,1720.0,2026-09-03T19:33:53.771140+00:00
2015-06-11,1720.0,1686.0,1580.0,1595.0,1180,1595.0,2026-09-03T19:33:53.771140+00:00
2015-06-14,1595.0,1571.0,1555.0,1555.0,758,1555.0,2026-09-03T19:33:53.771140+00:00
2015-06-15,1555.0,1591.0,1545.0,1591.0,2489,1591.0,2026-09-03T19:33:53.771140+00:00
2015-06-16,1591.0,1590.0,1545.0,1590.0,1216,1590.0,2026-09-03T19:33:53.771140+00:00
2015-06-17,1590.0,1585.0,1540.0,1540.0,325,1540.0,2026-09-03T19:33:53.771140+00:00
2015-06-18,1540.0,1564.0,1541.0,1547.0,1094,1547.0,2026-09-03T19:33:53.771140+00:00
2015-06-21,1547.0,1550.0,1530.0,1530.0,780,1530.0,2026-09-03T19:33:53.771140+00:00
2015-06-22,1530.0,1578.0,1550.0,1578.0,364,1578.0,2026-09-03T19:33:53.771140+00:00
2015-06-23,1578.0,1580.0,1575.0,1575.0,494,1575.0,2026-09-03T19:33:53.771140+00:00
2015-06-24,1575.0,1600.0,1575.0,1590.0,626,1590.0,2026-09-03T19:33:53.771140+00:00
2015-06-25,1590.0,1595.0,1580.0,1585.0,1463,1585.0,2026-09-03T19:33:53.771140+00:00
2015-06-28,1585.0,1602.0,1570.0,1600.0,1522,1600.0,2026-09-03T19:33:53.771140+00:00
2015-06-29,1600.0,1600.0,1585.0,1585.0,1474,1585.0,2026-09-03T19:33:53.771140+00:00
2015-06-30,1585.0,1616.0,1599.0,1616.0,1380,1616.0,2026-09-03T19:33:53.771140+00:00
2015-07-01,1616.0,1620.0,1600.0,1600.0,766,1600.0,2026-09-03T19:33:53.771140+00:00
2015-07-02,1600.0,1605.0,1590.0,1590.0,480,1590.0,2026-09-03T19:33:53.771140+00:00
2015-07-05,1590.0,1600.0,1595.0,1600.0,239,1600.0,2026-09-03T19:33:53.771140+00:00
2015-07-06,1600.0,1615.0,1595.0,1600.0,1608,1600.0,2026-09-03T19:33:53.771140+00:00
2015-07-07,1600.0,1632.0,1600.0,1632.0,3266,1632.0,2026-09-03T19:33:53.771140+00:00
2015-07-08,1632.0,1640.0,1630.0,1630.0,811,1630.0,2026-09-03T19:33:53.771140+00:00
2015-07-09,1630.0,1670.0,1639.0,1660.0,4979,1660.0,2026-09-03T19:33:53.771140+00:00
2015-07-12,1660.0,1734.0,1640.0,1720.0,4082,1720.0,2026-09-03T19:33:53.771140+00:00
2015-07-13,1720.0,1740.0,1700.0,1710.0,3194,1710.0,2026-09-03T19:33:53.771140+00:00
2015-07-14,1710.0,1710.0,1685.0,1710.0,998,1710.0,2026-09-03T19:33:53.771140+00:00
2015-07-15,1710.0,1740.0,1710.0,1725.0,2043,1725.0,2026-09-03T19:33:53.771140+00:00
2015-07-16,1725.0,1748.0,1725.0,1748.0,2077,1748.0,2026-09-03T19:33:53.771140+00:00
2015-07-22,1748.0,1850.0,1780.0,1840.0,2252,1840.0,2026-09-03T19:33:53.771140+00:00
2015-07-23,1840.0,1930.0,1845.0,1929.0,3628,1929.0,2026-09-03T19:33:53.771140+00:00
2015-07-26,1929.0,2000.0,1950.0,1990.0,1494,1990.0,2026-09-03T19:33:53.771140+00:00
2015-07-27,1990.0,2020.0,1950.0,1980.0,439,1980.0,2026-09-03T19:33:53.771140+00:00
2015-07-28,1980.0,1941.0,1828.0,1828.0,354,1828.0,2026-09-03T19:33:53.771140+00:00
2015-07-29,1828.0,1798.0,1740.0,1790.0,1281,1790.0,2026-09-03T19:33:53.771140+00:00
2015-07-30,1790.0,1810.0,1751.0,1810.0,2709,1810.0,2026-09-03T19:33:53.771140+00:00
2015-08-02,1810.0,1846.0,1800.0,1800.0,1017,1800.0,2026-09-03T19:33:53.771140+00:00
2015-08-03,1800.0,1805.0,1790.0,1805.0,1805,1805.0,2026-09-03T19:33:53.771140+00:00
2015-08-04,1805.0,1805.0,1769.0,1805.0,833,1805.0,2026-09-03T19:33:53.771140+00:00
2015-08-05,1805.0,1788.0,1760.0,1788.0,1585,1788.0,2026-09-03T19:33:53.771140+00:00
2015-08-06,1788.0,1859.0,1790.0,1845.0,2215,1845.0,2026-09-03T19:33:53.771140+00:00
2015-08-09,1845.0,1881.0,1841.0,1841.0,1576,1841.0,2026-09-03T19:33:53.771140+00:00
2015-08-10,1841.0,1971.0,1865.0,1960.0,7998,1960.0,2026-09-03T19:33:53.771140+00:00
2015-08-11,1960.0,1960.0,1925.0,1930.0,2032,1930.0,2026-09-03T19:33:53.771140+00:00
2015-08-12,1930.0,1925.0,1875.0,1912.0,1465,1912.0,2026-09-03T19:33:53.771140+00:00
2015-08-13,1912.0,1930.0,1910.0,1930.0,1017,1930.0,2026-09-03T19:33:53.771140+00:00
2015-08-16,1930.0,1940.0,1850.0,1850.0,5813,1850.0,2026-09-03T19:33:53.771140+00:00
2015-08-17,1850.0,1950.0,1887.0,1950.0,291,1950.0,2026-09-03T19:33:53.771140+00:00
2015-08-18,1950.0,2019.0,1970.0,1971.0,1143,1971.0,2026-09-03T19:33:53.771140+00:00
2015-08-19,1971.0,2005.0,2000.0,2000.0,770,2000.0,2026-09-03T19:33:53.771140+00:00
2015-08-20,2000.0,2060.0,2000.0,2000.0,174,2000.0,2026-09-03T19:33:53.771140+00:00
2015-08-24,2000.0,2050.0,2000.0,2035.0,1793,2035.0,2026-09-03T19:33:53.771140+00:00
2015-08-25,2035.0,2020.0,1995.0,2020.0,550,2020.0,2026-09-03T19:33:53.771140+00:00
2015-08-26,2020.0,2020.0,1990.0,1990.0,330,1990.0,2026-09-03T19:33:53.771140+00:00
2015-08-27,1990.0,2034.0,1965.0,1965.0,1110,1965.0,2026-09-03T19:33:53.771140+00:00
2015-08-31,1965.0,2030.0,1975.0,2020.0,2150,2020.0,2026-09-03T19:33:53.771140+00:00
2015-09-01,2020.0,2030.0,2000.0,2024.0,1963,2024.0,2026-09-03T19:33:53.771140+00:00
2015-09-02,2024.0,2005.0,2000.0,2000.0,1148,2000.0,2026-09-03T19:33:53.771140+00:00
2015-09-03,2000.0,2019.0,2000.0,2008.0,1678,2008.0,2026-09-03T19:33:53.771140+00:00
2015-09-06,2008.0,2020.0,2000.0,2005.0,1881,2005.0,2026-09-03T19:33:53.771140+00:00
2015-09-07,2005.0,2040.0,2000.0,2024.0,2313,2024.0,2026-09-03T19:33:53.771140+00:00
2015-09-08,2024.0,2060.0,2035.0,2060.0,3733,2060.0,2026-09-03T19:33:53.771140+00:00
2015-09-09,2060.0,2135.0,2070.0,2115.0,2958,2115.0,2026-09-03T19:33:53.771140+00:00
2015-09-10,2115.0,2170.0,2135.0,2145.0,4072,2145.0,2026-09-03T19:33:53.771140+00:00
2015-09-13,2145.0,2150.0,2142.0,2142.0,740,2142.0,2026-09-03T19:33:53.771140+00:00
2015-09-14,2142.0,2184.0,2150.0,2150.0,1220,2150.0,2026-09-03T19:33:53.771140+00:00
2015-09-15,2150.0,2189.0,2172.0,2180.0,797,2180.0,2026-09-03T19:33:53.771140+00:00
2015-09-16,2180.0,2267.0,2201.0,2228.0,1831,2228.0,2026-09-03T19:33:53.771140+00:00
2015-09-17,2228.0,2272.0,2200.0,2216.0,2268,2216.0,2026-09-03T19:33:53.771140+00:00
2015-09-22,2216.0,2180.0,2070.0,2070.0,1075,2070.0,2026-09-03T19:33:53.771140+00:00
2015-09-23,2070.0,2188.0,2111.0,2152.0,896,2152.0,2026-09-03T19:33:53.771140+00:00
2015-09-24,2152.0,2209.0,2195.0,2205.0,1918,2205.0,2026-09-03T19:33:53.771140+00:00
2015-09-28,2205.0,2161.0,2150.0,2161.0,1303,2161.0,2026-09-03T19:33:53.771140+00:00
2015-09-29,2161.0,2180.0,2120.0,2180.0,639,2180.0,2026-09-03T19:33:53.771140+00:00
2015-09-30,2180.0,2245.0,2185.0,2220.0,2181,2220.0,2026-09-03T19:33:53.771140+00:00
2015-10-01,2220.0,2223.0,2191.0,2202.0,2134,2202.0,2026-09-03T19:33:53.771140+00:00
2015-10-04,2202.0,2315.0,2201.0,2280.0,3150,2280.0,2026-09-03T19:33:53.771140+00:00
2015-10-05,2280.0,2300.0,2260.0,2300.0,3459,2300.0,2026-09-03T19:33:53.771140+00:00
2015-10-06,2300.0,2325.0,2275.0,2275.0,2554,2275.0,2026-09-03T19:33:53.771140+00:00
2015-10-07,2275.0,2275.0,2211.0,2213.0,1267,2213.0,2026-09-03T19:33:53.771140+00:00
2015-10-08,2213.0,2303.0,2239.0,2303.0,1911,2303.0,2026-09-03T19:33:53.771140+00:00
2015-10-11,2303.0,2257.0,2073.0,2106.0,3296,2106.0,2026-09-03T19:33:53.771140+00:00
2015-10-14,2106.0,2115.0,2064.0,2071.0,1100,2071.0,2026-09-03T19:33:53.771140+00:00
2015-10-15,2071.0,2075.0,2070.0,2075.0,175,2075.0,2026-09-03T19:33:53.771140+00:00
2015-10-18,2075.0,2050.0,2050.0,2050.0,10,2050.0,2026-09-03T19:33:53.771140+00:00
2015-10-19,2050.0,2117.0,2070.0,2100.0,1117,2100.0,2026-09-03T19:33:53.771140+00:00
2015-10-25,2100.0,2150.0,2107.0,2145.0,674,2145.0,2026-09-03T19:33:53.771140+00:00
2015-10-28,2145.0,2150.0,2150.0,2150.0,20,2150.0,2026-09-03T19:33:53.771140+00:00
2015-10-29,2150.0,2107.0,2017.0,2055.0,1002,2055.0,2026-09-03T19:33:53.771140+00:00
2015-11-01,2055.0,2014.0,1950.0,1950.0,2191,1950.0,2026-09-03T19:33:53.771140+00:00
2015-11-02,1950.0,1990.0,1970.0,1977.0,1735,1977.0,2026-09-03T19:33:53.771140+00:00
2015-11-03,1977.0,1977.0,1952.0,1975.0,2123,1975.0,2026-09-03T19:33:53.771140+00:00
2015-11-04,1975.0,1982.0,1980.0,1980.0,500,1980.0,2026-09-03T19:33:53.771140+00:00
2015-11-05,1980.0,2059.0,2019.0,2020.0,1459,2020.0,2026-09-03T19:33:53.771140+00:00
2015-11-08,2020.0,2030.0,1995.0,2010.0,511,2010.0,2026-09-03T19:33:53.771140+00:00
2015-11-09,2010.0,2110.0,2050.0,2110.0,2280,2110.0,2026-09-03T19:33:53.771140+00:00
2015-11-10,2110.0,2120.0,2075.0,2105.0,1889,2105.0,2026-09-03T19:33:53.771140+00:00
2015-11-15,2105.0,2066.0,2025.0,2040.0,1042,2040.0,2026-09-03T19:33:53.771140+00:00
2015-11-16,2040.0,2010.0,1970.0,2010.0,1546,2010.0,2026-09-03T19:33:53.771140+00:00
2015-11-18,2010.0,2100.0,2010.0,2058.0,2356,2058.0,2026-09-03T19:33:53.771140+00:00
2015-11-19,2058.0,2085.0,2025.0,2085.0,2205,2085.0,2026-09-03T19:33:53.771140+00:00
2015-11-22,2085.0,2045.0,2020.0,2020.0,919,2020.0,2026-09-03T19:33:53.771140+00:00
2015-11-23,2020.0,2015.0,1990.0,2001.0,1459,2001.0,2026-09-03T19:33:53.771140+00:00
2015-11-24,2001.0,2000.0,2000.0,2000.0,100,2000.0,2026-09-03T19:33:53.771140+00:00
2015-11-25,2000.0,2005.0,1975.0,1975.0,1073,1975.0,2026-09-03T19:33:53.771140+00:00
2015-11-26,1975.0,1969.0,1900.0,1969.0,6020,1969.0,2026-09-03T19:33:53.771140+00:00
2015-11-29,1969.0,1930.0,1910.0,1910.0,3094,1910.0,2026-09-03T19:33:53.771140+00:00
2015-11-30,1910.0,1950.0,1900.0,1949.0,763,1949.0,2026-09-03T19:33:53.771140+00:00
2015-12-01,1949.0,2035.0,1987.0,2035.0,579,2035.0,2026-09-03T19:33:53.771140+00:00
2015-12-02,2035.0,2035.0,1980.0,2035.0,873,2035.0,2026-09-03T19:33:53.771140+00:00
2015-12-03,2035.0,2111.0,2010.0,2111.0,1245,2111.0,2026-09-03T19:33:53.771140+00:00
2015-12-06,2111.0,2197.0,2135.0,2185.0,4763,2185.0,2026-09-03T19:33:53.771140+00:00
2015-12-07,2185.0,2244.0,2180.0,2200.0,1596,2200.0,2026-09-03T19:33:53.771140+00:00
2015-12-08,2200.0,2260.0,2215.0,2250.0,1475,2250.0,2026-09-03T19:33:53.771140+00:00
2015-12-09,2250.0,2350.0,2295.0,2315.0,5370,2315.0,2026-09-03T19:33:53.771140+00:00
2015-12-10,2315.0,2401.0,2280.0,2315.0,4403,2315.0,2026-09-03T19:33:53.771140+00:00
2015-12-13,2315.0,2446.0,2361.0,2380.0,3623,2380.0,2026-09-03T19:33:53.771140+00:00
2015-12-14,2380.0,2405.0,2385.0,2400.0,5803,2400.0,2026-09-03T19:33:53.771140+00:00
2015-12-15,2400.0,2400.0,2360.0,2390.0,1748,2390.0,2026-09-03T19:33:53.771140+00:00
2015-12-16,2390.0,2415.0,2350.0,2396.0,6029,2396.0,2026-09-03T19:33:53.771140+00:00
2015-12-17,2396.0,2440.0,2381.0,2392.0,16764,2392.0,2026-09-03T19:33:53.771140+00:00
2015-12-20,1685.0,1752.0,1672.0,1686.0,3560,1686.0,2026-09-03T19:33:53.771140+00:00
2015-12-21,1686.0,1671.0,1654.0,1660.0,154,1660.0,2026-09-03T19:33:53.771140+00:00
2015-12-22,1660.0,1730.0,1655.0,1700.0,2623,1700.0,2026-09-03T19:33:53.771140+00:00
2015-12-23,1700.0,1745.0,1698.0,1720.0,2755,1720.0,2026-09-03T19:33:53.771140+00:00
2015-12-24,1720.0,1790.0,1735.0,1790.0,3038,1790.0,2026-09-03T19:33:53.771140+00:00
2015-12-27,1790.0,1780.0,1734.0,1734.0,787,1734.0,2026-09-03T19:33:53.771140+00:00
2015-12-28,1734.0,1765.0,1730.0,1733.0,1639,1733.0,2026-09-03T19:33:53.771140+00:00
2015-12-29,1733.0,1771.0,1730.0,1770.0,886,1770.0,2026-09-03T19:33:53.771140+00:00
2015-12-31,1770.0,1848.0,1736.0,1848.0,3814,1848.0,2026-09-03T19:33:53.771140+00:00
2016-01-03,1848.0,1953.0,1884.0,1949.0,3345,1949.0,2026-09-03T19:33:53.771140+00:00
2016-01-04,1949.0,2025.0,1940.0,1940.0,3024,1940.0,2026-09-03T19:33:53.771140+00:00
2016-01-05,1940.0,1975.0,1900.0,1910.0,1550,1910.0,2026-09-03T19:33:53.771140+00:00
2016-01-06,1910.0,1900.0,1856.0,1857.0,1720,1857.0,2026-09-03T19:33:53.771140+00:00
2016-01-07,1857.0,1940.0,1825.0,1920.0,1892,1920.0,2026-09-03T19:33:53.771140+00:00
2016-01-10,1920.0,1910.0,1885.0,1910.0,1290,1910.0,2026-09-03T19:33:53.771140+00:00
2016-01-11,1910.0,1910.0,1840.0,1870.0,3143,1870.0,2026-09-03T19:33:53.771140+00:00
2016-01-12,1870.0,1938.0,1900.0,1938.0,2747,1938.0,2026-09-03T19:33:53.771140+00:00
2016-01-13,1938.0,1975.0,1930.0,1960.0,1793,1960.0,2026-09-03T19:33:53.771140+00:00
2016-01-14,1960.0,1989.0,1960.0,1985.0,1676,1985.0,2026-09-03T19:33:53.771140+00:00
2016-01-17,1985.0,2000.0,1990.0,1991.0,1194,1991.0,2026-09-03T19:33:53.771140+00:00
2016-01-18,1991.0,2020.0,1950.0,2001.0,2218,2001.0,2026-09-03T19:33:53.771140+00:00
2016-01-19,2001.0,2000.0,1962.0,1983.0,927,1983.0,2026-09-03T19:33:53.771140+00:00
2016-01-20,1983.0,2000.0,1990.0,2000.0,3309,2000.0,2026-09-03T19:33:53.771140+00:00
2016-01-21,2000.0,2050.0,1981.0,2050.0,2813,2050.0,2026-09-03T19:33:53.771140+00:00
2016-01-24,2050.0,2114.0,2060.0,2114.0,6099,2114.0,2026-09-03T19:33:53.771140+00:00
2016-01-25,2114.0,2155.0,2030.0,2090.0,5453,2090.0,2026-09-03T19:33:53.771140+00:00
2016-01-26,2090.0,2100.0,2050.0,2100.0,995,2100.0,2026-09-03T19:33:53.771140+00:00
2016-01-27,2100.0,2100.0,2076.0,2076.0,2969,2076.0,2026-09-03T19:33:53.771140+00:00
2016-01-28,2076.0,2081.0,2041.0,2065.0,570,2065.0,2026-09-03T19:33:53.771140+00:00
2016-01-31,2065.0,2120.0,2075.0,2117.0,2011,2117.0,2026-09-03T19:33:53.771140+00:00
2016-02-01,2117.0,2175.0,2140.0,2175.0,3194,2175.0,2026-09-03T19:33:53.771140+00:00
2016-02-02,2175.0,2214.0,2186.0,2200.0,4551,2200.0,2026-09-03T19:33:53.771140+00:00
2016-02-03,2200.0,2310.0,2215.0,2305.0,4791,2305.0,2026-09-03T19:33:53.771140+00:00
2016-02-04,2305.0,2340.0,2254.0,2290.0,3602,2290.0,2026-09-03T19:33:53.771140+00:00
2016-02-07,2290.0,2331.0,2196.0,2240.0,4756,2240.0,2026-09-03T19:33:53.771140+00:00
2016-02-08,2240.0,2224.0,2181.0,2199.0,4281,2199.0,2026-09-03T19:33:53.771140+00:00
2016-02-11,2199.0,2170.0,2100.0,2130.0,2292,2130.0,2026-09-03T19:33:53.771140+00:00
2016-02-14,2130.0,2130.0,2105.0,2110.0,2116,2110.0,2026-09-03T19:33:53.771140+00:00
2016-02-15,2110.0,2095.0,2065.0,2094.0,1783,2094.0,2026-09-03T19:33:53.771140+00:00
2016-02-16,2094.0,2118.0,2105.0,2118.0,1279,2118.0,2026-09-03T19:33:53.771140+00:00
2016-02-17,2118.0,2128.0,2118.0,2118.0,555,2118.0,2026-09-03T19:33:53.771140+00:00
2016-02-18,2118.0,2110.0,2076.0,2100.0,1336,2100.0,2026-09-03T19:33:53.771140+00:00
2016-02-21,2100.0,2110.0,2090.0,2110.0,3717,2110.0,2026-09-03T19:33:53.771140+00:00
2016-02-22,2110.0,2165.0,2125.0,2130.0,802,2130.0,2026-09-03T19:33:53.771140+00:00
2016-02-23,2130.0,2172.0,2129.0,2129.0,80,2129.0,2026-09-03T19:33:53.771140+00:00
2016-02-24,2129.0,2093.0,2080.0,2080.0,1300,2080.0,2026-09-03T19:33:53.771140+00:00
2016-02-25,2080.0,2100.0,2075.0,2095.0,1095,2095.0,2026-09-03T19:33:53.771140+00:00
2016-02-28,2095.0,2109.0,2090.0,2109.0,581,2109.0,2026-09-03T19:33:53.771140+00:00
2016-02-29,2109.0,2200.0,2151.0,2160.0,3060,2160.0,2026-09-03T19:33:53.771140+00:00
2016-03-01,2160.0,2250.0,2200.0,2220.0,3054,2220.0,2026-09-03T19:33:53.771140+00:00
2016-03-02,2220.0,2264.0,2200.0,2231.0,2817,2231.0,2026-09-03T19:33:53.771140+00:00
2016-03-03,2231.0,2310.0,2250.0,2250.0,1951,2250.0,2026-09-03T19:33:53.771140+00:00
2016-03-06,2250.0,2315.0,2284.0,2299.0,2804,2299.0,2026-09-03T19:33:53.771140+00:00
2016-03-10,2299.0,2398.0,2318.0,2398.0,7258,2398.0,2026-09-03T19:33:53.771140+00:00
2016-03-13,2398.0,2420.0,2345.0,2360.0,2415,2360.0,2026-09-03T19:33:53.771140+00:00
2016-03-14,2360.0,2314.0,2313.0,2314.0,136,2314.0,2026-09-03T19:33:53.771140+00:00
2016-03-15,2314.0,2365.0,2250.0,2340.0,3291,2340.0,2026-09-03T19:33:53.771140+00:00
2016-03-16,2340.0,2349.0,2330.0,2330.0,2701,2330.0,2026-09-03T19:33:53.771140+00:00
2016-03-17,2330.0,2340.0,2315.0,2315.0,1944,2315.0,2026-09-03T19:33:53.771140+00:00
2016-03-20,2315.0,2300.0,2254.0,2300.0,1663,2300.0,2026-09-03T19:33:53.771140+00:00
2016-03-21,2300.0,2300.0,2255.0,2290.0,2663,2290.0,2026-09-03T19:33:53.771140+00:00
2016-03-23,2290.0,2270.0,2225.0,2225.0,2075,2225.0,2026-09-03T19:33:53.771140+00:00
2016-03-24,2225.0,2295.0,2240.0,2295.0,1110,2295.0,2026-09-03T19:33:53.771140+00:00
2016-03-27,2295.0,2270.0,2252.0,2252.0,3391,2252.0,2026-09-03T19:33:53.771140+00:00
2016-03-28,2252.0,2270.0,2245.0,2245.0,1456,2245.0,2026-09-03T19:33:53.771140+00:00
2016-03-29,2245.0,2245.0,2215.0,2230.0,1257,2230.0,2026-09-03T19:33:53.771140+00:00
2016-03-30,2230.0,2263.0,2231.0,2260.0,2451,2260.0,2026-09-03T19:33:53.771140+00:00
2016-03-31,2260.0,2345.0,2285.0,2300.0,5183,2300.0,2026-09-03T19:33:53.771140+00:00
2016-04-03,2300.0,2340.0,2265.0,2340.0,3515,2340.0,2026-09-03T19:33:53.771140+00:00
2016-04-04,2340.0,2351.0,2329.0,2350.0,3672,2350.0,2026-09-03T19:33:53.771140+00:00
2016-04-05,2350.0,2406.0,2350.0,2406.0,3691,2406.0,2026-09-03T19:33:53.771140+00:00
2016-04-06,2406.0,2440.0,2361.0,2405.0,3531,2405.0,2026-09-03T19:33:53.771140+00:00
2016-04-10,2405.0,2420.0,2400.0,2400.0,1512,2400.0,2026-09-03T19:33:53.771140+00:00
2016-04-11,2400.0,2405.0,2396.0,2396.0,2410,2396.0,2026-09-03T19:33:53.771140+00:00
2016-04-12,2396.0,2399.0,2375.0,2399.0,1412,2399.0,2026-09-03T19:33:53.771140+00:00
2016-04-14,2399.0,2405.0,2380.0,2405.0,2201,2405.0,2026-09-03T19:33:53.771140+00:00
2016-04-17,2405.0,2400.0,2375.0,2400.0,1236,2400.0,2026-09-03T19:33:53.771140+00:00
2016-04-18,2400.0,2495.0,2415.0,2490.0,2638,2490.0,2026-09-03T19:33:53.771140+00:00
2016-04-19,2490.0,2498.0,2420.0,2495.0,4230,2495.0,2026-09-03T19:33:53.771140+00:00
2016-04-20,2495.0,2520.0,2465.0,2485.0,2197,2485.0,2026-09-03T19:33:53.771140+00:00
2016-04-21,2485.0,2485.0,2457.0,2475.0,6535,2475.0,2026-09-03T19:33:53.771140+00:00
2016-04-24,2475.0,2460.0,2450.0,2450.0,742,2450.0,2026-09-03T19:33:53.771140+00:00
2016-04-25,2450.0,2539.0,2460.0,2539.0,9107,2539.0,2026-09-03T19:33:53.771140+00:00
2016-04-26,2539.0,2570.0,2532.0,2540.0,4570,2540.0,2026-09-03T19:33:53.771140+00:00
2016-04-27,2540.0,2700.0,2560.0,2700.0,3007,2700.0,2026-09-03T19:33:53.771140+00:00
2016-04-28,2700.0,2780.0,2690.0,2699.0,4717,2699.0,2026-09-03T19:33:53.771140+00:00
2016-05-02,2699.0,2680.0,2640.0,2640.0,511,2640.0,2026-09-03T19:33:53.771140+00:00
2016-05-03,2640.0,2660.0,2590.0,2600.0,1901,2600.0,2026-09-03T19:33:53.771140+00:00
2016-05-04,2600.0,2610.0,2580.0,2610.0,3901,2610.0,2026-09-03T19:33:53.771140+00:00
2016-05-05,2610.0,2615.0,2580.0,2605.0,6067,2605.0,2026-09-03T19:33:53.771140+00:00
2016-05-08,2605.0,2605.0,2570.0,2604.0,2676,2604.0,2026-09-03T19:33:53.771140+00:00
2016-05-09,2604.0,2645.0,2597.0,2613.0,1967,2613.0,2026-09-03T19:33:53.771140+00:00
2016-05-10,2613.0,2650.0,2615.0,2625.0,2540,2625.0,2026-09-03T19:33:53.771140+00:00
2016-05-11,2625.0,2674.0,2621.0,2674.0,3181,2674.0,2026-09-03T19:33:53.771140+00:00
2016-05-12,2674.0,2709.0,2630.0,2709.0,3091,2709.0,2026-09-03T19:33:53.771140+00:00
2016-05-15,2709.0,2690.0,2648.0,2660.0,1507,2660.0,2026-09-03T19:33:53.771140+00:00
2016-05-16,2660.0,2664.0,2647.0,2652.0,2643,2652.0,2026-09-03T19:33:53.771140+00:00
2016-05-17,2652.0,2669.0,2640.0,2652.0,1087,2652.0,2026-09-03T19:33:53.771140+00:00
2016-05-18,2652.0,2705.0,2670.0,2700.0,3305,2700.0,2026-09-03T19:33:53.771140+00:00
2016-05-19,2700.0,2700.0,2650.0,2695.0,3623,2695.0,2026-09-03T19:33:53.771140+00:00
2016-05-22,2695.0,2725.0,2675.0,2675.0,644,2675.0,2026-09-03T19:33:53.771140+00:00
2016-05-23,2675.0,2728.0,2641.0,2720.0,1543,2720.0,2026-09-03T19:33:53.771140+00:00
2016-05-24,2720.0,2802.0,2720.0,2802.0,4354,2802.0,2026-09-03T19:33:53.771140+00:00
2016-05-25,2802.0,2800.0,2726.0,2750.0,2839,2750.0,2026-09-03T19:33:53.771140+00:00
2016-05-26,2750.0,2760.0,2710.0,2720.0,3672,2720.0,2026-09-03T19:33:53.771140+00:00
2016-05-29,2720.0,2774.0,2720.0,2720.0,932,2720.0,2026-09-03T19:33:53.771140+00:00
2016-05-30,2720.0,2719.0,2670.0,2700.0,1391,2700.0,2026-09-03T19:33:53.771140+00:00
2016-05-31,2700.0,2701.0,2680.0,2700.0,4274,2700.0,2026-09-03T19:33:53.771140+00:00
2016-06-01,2700.0,2755.0,2690.0,2700.0,4341,2700.0,2026-09-03T19:33:53.771140+00:00
2016-06-02,2700.0,2700.0,2645.0,2680.0,9549,2680.0,2026-09-03T19:33:53.771140+00:00
2016-06-05,2680.0,2635.0,2582.0,2582.0,6080,2582.0,2026-09-03T19:33:53.771140+00:00
2016-06-06,2582.0,2700.0,2630.0,2660.0,4369,2660.0,2026-09-03T19:33:53.771140+00:00
2016-06-07,2660.0,2694.0,2660.0,2660.0,452,2660.0,2026-09-03T19:33:53.771140+00:00
2016-06-08,2660.0,2670.0,2660.0,2670.0,1203,2670.0,2026-09-03T19:33:53.771140+00:00
2016-06-09,2670.0,2710.0,2675.0,2680.0,2665,2680.0,2026-09-03T19:33:53.771140+00:00
2016-06-12,2680.0,2760.0,2690.0,2730.0,2981,2730.0,2026-09-03T19:33:53.771140+00:00
2016-06-13,2730.0,2927.0,2730.0,2927.0,11074,2927.0,2026-09-03T19:33:53.771140+00:00
2016-06-14,2927.0,2949.0,2840.0,2868.0,3549,2868.0,2026-09-03T19:33:53.771140+00:00
2016-06-15,2868.0,2900.0,2835.0,2845.0,3040,2845.0,2026-09-03T19:33:53.771140+00:00
2016-06-16,2845.0,2890.0,2833.0,2835.0,5604,2835.0,2026-09-03T19:33:53.771140+00:00
2016-06-19,2835.0,2884.0,2745.0,2745.0,4548,2745.0,2026-09-03T19:33:53.771140+00:00
2016-06-20,2745.0,2759.0,2700.0,2750.0,3837,2750.0,2026-09-03T19:33:53.771140+00:00
2016-06-21,2750.0,2805.0,2790.0,2799.0,2269,2799.0,2026-09-03T19:33:53.771140+00:00
2016-06-22,2799.0,2825.0,2751.0,2820.0,3020,2820.0,2026-09-03T19:33:53.771140+00:00
2016-06-23,2820.0,2850.0,2810.0,2848.0,3893,2848.0,2026-09-03T19:33:53.771140+00:00
2016-06-26,2848.0,2890.0,2850.0,2873.0,2300,2873.0,2026-09-03T19:33:53.771140+00:00
2016-06-27,2873.0,2913.0,2880.0,2905.0,7916,2905.0,2026-09-03T19:33:53.771140+00:00
2016-06-28,2905.0,2940.0,2882.0,2900.0,1888,2900.0,2026-09-03T19:33:53.771140+00:00
2016-06-29,2900.0,2950.0,2880.0,2950.0,4335,2950.0,2026-09-03T19:33:53.771140+00:00
2016-06-30,2950.0,2975.0,2900.0,2960.0,2246,2960.0,2026-09-03T19:33:53.771140+00:00
2016-07-03,2960.0,3165.0,3000.0,3160.0,13475,3160.0,2026-09-03T19:33:53.771140+00:00
2016-07-04,3160.0,3220.0,3000.0,3050.0,10130,3050.0,2026-09-03T19:33:53.771140+00:00
2016-07-05,3050.0,3000.0,2931.0,2952.0,1231,2952.0,2026-09-03T19:33:53.771140+00:00
2016-07-06,2952.0,3040.0,2916.0,2950.0,1157,2950.0,2026-09-03T19:33:53.771140+00:00
2016-07-10,2950.0,3060.0,2930.0,2936.0,3580,2936.0,2026-09-03T19:33:53.771140+00:00
2016-07-11,2936.0,2890.0,2860.0,2860.0,374,2860.0,2026-09-03T19:33:53.771140+00:00
2016-07-12,2860.0,2889.0,2720.0,2889.0,4718,2889.0,2026-09-03T19:33:53.771140+00:00
2016-07-13,2889.0,2888.0,2800.0,2810.0,1439,2810.0,2026-09-03T19:33:53.771140+00:00
2016-07-14,2810.0,2960.0,2830.0,2830.0,8808,2830.0,2026-09-03T19:33:53.771140+00:00
2016-07-17,2830.0,2774.0,2547.0,2547.0,1610,2547.0,2026-09-03T19:33:53.771140+00:00
2016-07-18,2547.0,2591.0,2350.0,2520.0,12934,2520.0,2026-09-03T19:33:53.771140+00:00
2016-07-19,2520.0,2525.0,2475.0,2500.0,6833,2500.0,2026-09-03T19:33:53.771140+00:00
2016-07-20,2500.0,2510.0,2452.0,2480.0,4804,2480.0,2026-09-03T19:33:53.771140+00:00
2016-07-21,2480.0,2517.0,2490.0,2511.0,3317,2511.0,2026-09-03T19:33:53.771140+00:00
2016-07-25,2511.0,2629.0,2520.0,2625.0,3029,2625.0,2026-09-03T19:33:53.771140+00:00
2016-07-26,2625.0,2700.0,2638.0,2700.0,1418,2700.0,2026-09-03T19:33:53.771140+00:00
2016-07-27,2700.0,2754.0,2700.0,2700.0,3491,2700.0,2026-09-03T19:33:53.771140+00:00
2016-07-28,2700.0,2713.0,2660.0,2713.0,3031,2713.0,2026-09-03T19:33:53.771140+00:00
2016-07-31,2713.0,2750.0,2690.0,2698.0,1844,2698.0,2026-09-03T19:33:53.771140+00:00
2016-08-01,2698.0,2645.0,2645.0,2645.0,424,2645.0,2026-09-03T19:33:53.771140+00:00
2016-08-02,2645.0,2605.0,2595.0,2595.0,354,2595.0,2026-09-03T19:33:53.771140+00:00
2016-08-03,2595.0,2595.0,2530.0,2550.0,1457,2550.0,2026-09-03T19:33:53.771140+00:00
2016-08-04,2550.0,2515.0,2435.0,2435.0,1400,2435.0,2026-09-03T19:33:53.771140+00:00
2016-08-07,2435.0,2550.0,2442.0,2451.0,2374,2451.0,2026-09-03T19:33:53.771140+00:00
2016-08-08,2451.0,2475.0,2402.0,2402.0,837,2402.0,2026-09-03T19:33:53.771140+00:00
2016-08-09,2402.0,2575.0,2450.0,2575.0,230,2575.0,2026-09-03T19:33:53.771140+00:00
2016-08-10,2575.0,2635.0,2550.0,2620.0,8850,2620.0,2026-09-03T19:33:53.771140+00:00
2016-08-11,2620.0,2649.0,2590.0,2600.0,2915,2600.0,2026-09-03T19:33:53.771140+00:00
2016-08-14,2600.0,2560.0,2450.0,2510.0,4544,2510.0,2026-09-03T19:33:53.771140+00:00
2016-08-15,2510.0,2500.0,2420.0,2500.0,4913,2500.0,2026-09-03T19:33:53.771140+00:00
2016-08-16,2500.0,2500.0,2460.0,2499.0,1213,2499.0,2026-09-03T19:33:53.771140+00:00
2016-08-17,2499.0,2549.0,2500.0,2525.0,1111,2525.0,2026-09-03T19:33:53.771140+00:00
2016-08-21,2525.0,2540.0,2515.0,2515.0,1143,2515.0,2026-09-03T19:33:53.771140+00:00
2016-08-22,2515.0,2529.0,2416.0,2460.0,3532,2460.0,2026-09-03T19:33:53.771140+00:00
2016-08-23,2460.0,2509.0,2450.0,2477.0,1295,2477.0,2026-09-03T19:33:53.771140+00:00
2016-08-24,2477.0,2580.0,2480.0,2580.0,733,2580.0,2026-09-03T19:33:53.771140+00:00
2016-08-28,2580.0,2631.0,2580.0,2618.0,1143,2618.0,2026-09-03T19:33:53.771140+00:00
2016-08-29,2618.0,2641.0,2585.0,2614.0,902,2614.0,2026-09-03T19:33:53.771140+00:00
2016-08-30,2614.0,2617.0,2591.0,2610.0,3010,2610.0,2026-09-03T19:33:53.771140+00:00
2016-08-31,2610.0,2610.0,2610.0,2610.0,443,2610.0,2026-09-03T19:33:53.771140+00:00
2016-09-01,2610.0,2650.0,2600.0,2610.0,1752,2610.0,2026-09-03T19:33:53.771140+00:00
2016-09-03,2610.0,2703.0,2605.0,2670.0,5377,2670.0,2026-09-03T19:33:53.771140+00:00
2016-09-04,2610.0,2703.0,2605.0,2670.0,5377,2670.0,2026-09-03T19:33:53.771140+00:00
2016-09-05,2670.0,2720.0,2670.0,2715.0,470,2715.0,2026-09-03T19:33:53.771140+00:00
2016-09-06,2715.0,2799.0,2715.0,2715.0,1161,2715.0,2026-09-03T19:33:53.771140+00:00
2016-09-07,2715.0,2740.0,2710.0,2710.0,858,2710.0,2026-09-03T19:33:53.771140+00:00
2016-09-08,2710.0,2685.0,2685.0,2685.0,572,2685.0,2026-09-03T19:33:53.771140+00:00
2016-09-11,2685.0,2751.0,2700.0,2700.0,1830,2700.0,2026-09-03T19:33:53.771140+00:00
2016-09-12,2700.0,2725.0,2700.0,2700.0,1369,2700.0,2026-09-03T19:33:53.771140+00:00
2016-09-14,2700.0,2660.0,2660.0,2660.0,50,2660.0,2026-09-03T19:33:53.771140+00:00
2016-09-18,2660.0,2713.0,2600.0,2601.0,1032,2601.0,2026-09-03T19:33:53.771140+00:00
2016-09-20,2601.0,2640.0,2623.0,2630.0,1327,2630.0,2026-09-03T19:33:53.771140+00:00
2016-09-21,2630.0,2645.0,2600.0,2640.0,1310,2640.0,2026-09-03T19:33:53.771140+00:00
2016-09-22,2640.0,2625.0,2616.0,2616.0,262,2616.0,2026-09-03T19:33:53.771140+00:00
2016-09-25,2616.0,2600.0,2500.0,2500.0,924,2500.0,2026-09-03T19:33:53.771140+00:00
2016-09-26,2500.0,2570.0,2465.0,2500.0,1576,2500.0,2026-09-03T19:33:53.771140+00:00
2016-09-27,2500.0,2550.0,2450.0,2525.0,1276,2525.0,2026-09-03T19:33:53.771140+00:00
2016-09-28,2525.0,2574.0,2475.0,2500.0,680,2500.0,2026-09-03T19:33:53.771140+00:00
2016-09-29,2500.0,2500.0,2465.0,2490.0,3790,2490.0,2026-09-03T19:33:53.771140+00:00
2016-10-02,2490.0,2500.0,2380.0,2400.0,2952,2400.0,2026-09-03T19:33:53.771140+00:00
2016-10-03,2400.0,2450.0,2400.0,2441.0,2588,2441.0,2026-09-03T19:33:53.771140+00:00
2016-10-04,2441.0,2499.0,2421.0,2499.0,3948,2499.0,2026-09-03T19:33:53.771140+00:00
2016-10-05,2499.0,2525.0,2480.0,2505.0,438,2505.0,2026-09-03T19:33:53.771140+00:00
2016-10-06,2505.0,2600.0,2548.0,2590.0,1236,2590.0,2026-09-03T19:33:53.771140+00:00
2016-10-16,2590.0,2539.0,2500.0,2500.0,110,2500.0,2026-09-03T19:33:53.771140+00:00
2016-10-17,2500.0,2490.0,2479.0,2490.0,287,2490.0,2026-09-03T19:33:53.771140+00:00
2016-10-18,2490.0,2488.0,2461.0,2465.0,1069,2465.0,2026-09-03T19:33:53.771140+00:00
2016-10-20,2465.0,2490.0,2465.0,2490.0,480,2490.0,2026-09-03T19:33:53.771140+00:00
2016-10-23,2490.0,2450.0,2409.0,2410.0,858,2410.0,2026-09-03T19:33:53.771140+00:00
2016-10-24,2410.0,2500.0,2450.0,2450.0,732,2450.0,2026-09-03T19:33:53.771140+00:00
2016-10-25,2450.0,2465.0,2435.0,2440.0,1120,2440.0,2026-09-03T19:33:53.771140+00:00
2016-10-26,2440.0,2425.0,2400.0,2405.0,1409,2405.0,2026-09-03T19:33:53.771140+00:00
2016-10-27,2405.0,2450.0,2405.0,2450.0,2930,2450.0,2026-09-03T19:33:53.771140+00:00
2016-11-03,2450.0,2574.0,2448.0,2574.0,1048,2574.0,2026-09-03T19:33:53.771140+00:00
2016-11-07,2574.0,2700.0,2568.0,2680.0,3037,2680.0,2026-09-03T19:33:53.771140+00:00
2016-11-08,2680.0,2680.0,2600.0,2620.0,5510,2620.0,2026-09-03T19:33:53.771140+00:00
2016-11-09,2620.0,2610.0,2560.0,2570.0,1609,2570.0,2026-09-03T19:33:53.771140+00:00
2016-11-10,2570.0,2550.0,2380.0,2400.0,11783,2400.0,2026-09-03T19:33:53.771140+00:00
2016-11-13,2400.0,2450.0,2401.0,2412.0,950,2412.0,2026-09-03T19:33:53.771140+00:00
2016-11-14,2412.0,2400.0,2376.0,2390.0,1420,2390.0,2026-09-03T19:33:53.771140+00:00
2016-11-15,2390.0,2393.0,2375.0,2385.0,743,2385.0,2026-09-03T19:33:53.771140+00:00
2016-11-16,2385.0,2400.0,2352.0,2352.0,1687,2352.0,2026-09-03T19:33:53.771140+00:00
2016-11-17,2352.0,2310.0,2235.0,2285.0,2977,2285.0,2026-09-03T19:33:53.771140+00:00
2016-11-20,2285.0,2240.0,2060.0,2110.0,3498,2110.0,2026-09-03T19:33:53.771140+00:00
2016-11-21,2110.0,2162.0,2050.0,2100.0,1352,2100.0,2026-09-03T19:33:53.771140+00:00
2016-11-22,2100.0,2075.0,2058.0,2060.0,1918,2060.0,2026-09-03T19:33:53.771140+00:00
2016-11-23,2060.0,2019.0,1940.0,1950.0,3154,1950.0,2026-09-03T19:33:53.771140+00:00
2016-11-24,1950.0,1989.0,1860.0,1860.0,3401,1860.0,2026-09-03T19:33:53.771140+00:00
2016-11-27,1860.0,1850.0,1711.0,1711.0,3744,1711.0,2026-09-03T19:33:53.771140+00:00
2016-11-28,1711.0,1833.0,1540.0,1790.0,6265,1790.0,2026-09-03T19:33:53.771140+00:00
2016-11-29,1790.0,1864.0,1620.0,1830.0,6872,1830.0,2026-09-03T19:33:53.771140+00:00
2016-11-30,1830.0,1976.0,1820.0,1950.0,6503,1950.0,2026-09-03T19:33:53.771140+00:00
2016-12-01,1950.0,1994.0,1888.0,1900.0,8512,1900.0,2026-09-03T19:33:53.771140+00:00
2016-12-04,1900.0,1910.0,1831.0,1867.0,3866,1867.0,2026-09-03T19:33:53.771140+00:00
2016-12-05,1867.0,1900.0,1800.0,1800.0,1551,1800.0,2026-09-03T19:33:53.771140+00:00
2016-12-06,1800.0,1840.0,1774.0,1808.0,875,1808.0,2026-09-03T19:33:53.771140+00:00
2016-12-07,1808.0,1844.0,1780.0,1795.0,1934,1795.0,2026-09-03T19:33:53.771140+00:00
2016-12-08,1795.0,1830.0,1780.0,1800.0,3617,1800.0,2026-09-03T19:33:53.771140+00:00
2016-12-11,1800.0,1805.0,1750.0,1775.0,2027,1775.0,2026-09-03T19:33:53.771140+00:00
2016-12-12,1775.0,1775.0,1740.0,1770.0,1245,1770.0,2026-09-03T19:33:53.771140+00:00
2016-12-14,1770.0,1770.0,1750.0,1768.0,2045,1768.0,2026-09-03T19:33:53.771140+00:00
2016-12-15,1768.0,1817.0,1756.0,1785.0,2228,1785.0,2026-09-03T19:33:53.771140+00:00
2016-12-18,1785.0,1790.0,1770.0,1785.0,7012,1785.0,2026-09-03T19:33:53.771140+00:00
2016-12-19,1332.0,1358.0,1325.0,1325.0,727,1325.0,2026-09-03T19:33:53.771140+00:00
2016-12-20,1325.0,1320.0,1291.0,1291.0,3017,1291.0,2026-09-03T19:33:53.771140+00:00
2016-12-21,1291.0,1290.0,1250.0,1265.0,4099,1265.0,2026-09-03T19:33:53.771140+00:00
2016-12-22,1265.0,1275.0,1250.0,1250.0,1590,1250.0,2026-09-03T19:33:53.771140+00:00
2016-12-26,1250.0,1250.0,1202.0,1202.0,3072,1202.0,2026-09-03T19:33:53.771140+00:00
2016-12-27,1202.0,1220.0,1178.0,1220.0,1327,1220.0,2026-09-03T19:33:53.771140+00:00
2016-12-28,1220.0,1244.0,1200.0,1244.0,1452,1244.0,2026-09-03T19:33:53.771140+00:00
2016-12-29,1244.0,1295.0,1250.0,1250.0,2511,1250.0,2026-09-03T19:33:53.771140+00:00
2017-01-01,1250.0,1340.0,1275.0,1300.0,1890,1300.0,2026-09-03T19:33:53.771140+00:00
2017-01-02,1300.0,1326.0,1295.0,1295.0,2170,1295.0,2026-09-03T19:33:53.771140+00:00
2017-01-03,1295.0,1300.0,1270.0,1270.0,250,1270.0,2026-09-03T19:33:53.771140+00:00
2017-01-04,1270.0,1295.0,1270.0,1295.0,150,1295.0,2026-09-03T19:33:53.771140+00:00
2017-01-05,1295.0,1318.0,1281.0,1300.0,2042,1300.0,2026-09-03T19:33:53.771140+00:00
2017-01-08,1300.0,1300.0,1250.0,1274.0,2519,1274.0,2026-09-03T19:33:53.771140+00:00
2017-01-09,1274.0,1297.0,1285.0,1285.0,260,1285.0,2026-09-03T19:33:53.771140+00:00
2017-01-10,1285.0,1311.0,1300.0,1305.0,1101,1305.0,2026-09-03T19:33:53.771140+00:00
2017-01-11,1305.0,1300.0,1275.0,1275.0,954,1275.0,2026-09-03T19:33:53.771140+00:00
2017-01-12,1275.0,1280.0,1270.0,1280.0,309,1280.0,2026-09-03T19:33:53.771140+00:00
2017-01-15,1280.0,1280.0,1255.0,1255.0,489,1255.0,2026-09-03T19:33:53.771140+00:00
2017-01-16,1255.0,1280.0,1235.0,1245.0,449,1245.0,2026-09-03T19:33:53.771140+00:00
2017-01-17,1245.0,1255.0,1221.0,1240.0,1300,1240.0,2026-09-03T19:33:53.771140+00:00
2017-01-18,1240.0,1250.0,1240.0,1250.0,498,1250.0,2026-09-03T19:33:53.771140+00:00
2017-01-19,1250.0,1241.0,1230.0,1240.0,121,1240.0,2026-09-03T19:33:53.771140+00:00
2017-01-22,1240.0,1250.0,1240.0,1240.0,775,1240.0,2026-09-03T19:33:53.771140+00:00
2017-01-23,1240.0,1264.0,1264.0,1264.0,10,1264.0,2026-09-03T19:33:53.771140+00:00
2017-01-24,1264.0,1240.0,1220.0,1235.0,276,1235.0,2026-09-03T19:33:53.771140+00:00
2017-01-25,1235.0,1230.0,1158.0,1158.0,2304,1158.0,2026-09-03T19:33:53.771140+00:00
2017-01-26,1158.0,1162.0,1110.0,1117.0,2382,1117.0,2026-09-03T19:33:53.771140+00:00
2017-01-30,1117.0,1122.0,1006.0,1006.0,3499,1006.0,2026-09-03T19:33:53.771140+00:00
2017-01-31,1006.0,1066.0,995.0,1040.0,2490,1040.0,2026-09-03T19:33:53.771140+00:00
2017-02-01,1040.0,1144.0,1045.0,1144.0,2415,1144.0,2026-09-03T19:33:53.771140+00:00
2017-02-02,1144.0,1189.0,1122.0,1124.0,3513,1124.0,2026-09-03T19:33:53.771140+00:00
2017-02-05,1124.0,1150.0,1130.0,1141.0,1084,1141.0,2026-09-03T19:33:53.771140+00:00
2017-02-06,1141.0,1145.0,1100.0,1100.0,1081,1100.0,2026-09-03T19:33:53.771140+00:00
2017-02-07,1100.0,1120.0,1070.0,1100.0,1269,1100.0,2026-09-03T19:33:53.771140+00:00
2017-02-08,1100.0,1100.0,1060.0,1060.0,1110,1060.0,2026-09-03T19:33:53.771140+00:00
2017-02-09,1060.0,1075.0,1000.0,1000.0,3306,1000.0,2026-09-03T19:33:53.771140+00:00
2017-02-12,1000.0,1025.0,990.0,990.0,2708,990.0,2026-09-03T19:33:53.771140+00:00
2017-02-13,990.0,1089.0,980.0,1089.0,1953,1089.0,2026-09-03T19:33:53.771140+00:00
2017-02-14,1089.0,1090.0,1050.0,1058.0,1548,1058.0,2026-09-03T19:33:53.771140+00:00
2017-02-15,1058.0,1095.0,1050.0,1085.0,2948,1085.0,2026-09-03T19:33:53.771140+00:00
2017-02-16,1085.0,1127.0,1090.0,1120.0,2859,1120.0,2026-09-03T19:33:53.771140+00:00
2017-02-19,1120.0,1205.0,1112.0,1205.0,6278,1205.0,2026-09-03T19:33:53.771140+00:00
2017-02-20,1205.0,1300.0,1181.0,1181.0,5581,1181.0,2026-09-03T19:33:53.771140+00:00
2017-02-21,1181.0,1235.0,1157.0,1157.0,3076,1157.0,2026-09-03T19:33:53.771140+00:00
2017-02-22,1157.0,1195.0,1145.0,1184.0,645,1184.0,2026-09-03T19:33:53.771140+00:00
2017-02-23,1184.0,1170.0,1151.0,1156.0,791,1156.0,2026-09-03T19:33:53.771140+00:00
2017-02-26,1156.0,1165.0,1120.0,1120.0,870,1120.0,2026-09-03T19:33:53.771140+00:00
2017-02-28,1120.0,1147.0,1100.0,1119.0,790,1119.0,2026-09-03T19:33:53.771140+00:00
2017-03-01,1119.0,1141.0,1104.0,1141.0,1458,1141.0,2026-09-03T19:33:53.771140+00:00
2017-03-02,1141.0,1162.0,1140.0,1162.0,482,1162.0,2026-09-03T19:33:53.771140+00:00
2017-03-05,1162.0,1216.0,1162.0,1200.0,894,1200.0,2026-09-03T19:33:53.771140+00:00
2017-03-06,1200.0,1205.0,1175.0,1175.0,661,1175.0,2026-09-03T19:33:53.771140+00:00
2017-03-07,1175.0,1174.0,1130.0,1174.0,529,1174.0,2026-09-03T19:33:53.771140+00:00
2017-03-09,1174.0,1170.0,1170.0,1170.0,50,1170.0,2026-09-03T19:33:53.771140+00:00
2017-03-13,1170.0,1185.0,1145.0,1150.0,1618,1150.0,2026-09-03T19:33:53.771140+00:00
2017-03-14,1150.0,1172.0,1150.0,1170.0,708,1170.0,2026-09-03T19:33:53.771140+00:00
2017-03-15,1170.0,1175.0,1147.0,1165.0,633,1165.0,2026-09-03T19:33:53.771140+00:00
2017-03-16,1165.0,1175.0,1155.0,1155.0,960,1155.0,2026-09-03T19:33:53.771140+00:00
2017-03-19,1155.0,1205.0,1170.0,1205.0,482,1205.0,2026-09-03T19:33:53.771140+00:00
2017-03-20,1205.0,1303.0,1220.0,1296.0,6462,1296.0,2026-09-03T19:33:53.771140+00:00
2017-03-21,1296.0,1425.0,1256.0,1425.0,6843,1425.0,2026-09-03T19:33:53.771140+00:00
2017-03-22,1425.0,1540.0,1400.0,1430.0,8696,1430.0,2026-09-03T19:33:53.771140+00:00
2017-03-23,1430.0,1479.0,1397.0,1430.0,4303,1430.0,2026-09-03T19:33:53.771140+00:00
2017-03-26,1430.0,1554.0,1450.0,1534.0,5595,1534.0,2026-09-03T19:33:53.771140+00:00
2017-03-28,1534.0,1635.0,1560.0,1620.0,4694,1620.0,2026-09-03T19:33:53.771140+00:00
2017-03-29,1620.0,1718.0,1585.0,1595.0,7540,1595.0,2026-09-03T19:33:53.771140+00:00
2017-03-30,1595.0,1643.0,1561.0,1605.0,4719,1605.0,2026-09-03T19:33:53.771140+00:00
2017-04-02,1605.0,1765.0,1630.0,1765.0,2045,1765.0,2026-09-03T19:33:53.771140+00:00
2017-04-03,1765.0,1872.0,1630.0,1630.0,2906,1630.0,2026-09-03T19:33:53.771140+00:00
2017-04-04,1630.0,1710.0,1600.0,1648.0,5641,1648.0,2026-09-03T19:33:53.771140+00:00
2017-04-06,1648.0,1680.0,1620.0,1670.0,4391,1670.0,2026-09-03T19:33:53.771140+00:00
2017-04-09,1670.0,1779.0,1675.0,1770.0,7571,1770.0,2026-09-03T19:33:53.771140+00:00
2017-04-10,1770.0,1947.0,1770.0,1920.0,14624,1920.0,2026-09-03T19:33:53.771140+00:00
2017-04-11,1920.0,1998.0,1900.0,1998.0,8382,1998.0,2026-09-03T19:33:53.771140+00:00
2017-04-12,1998.0,2153.0,2000.0,2004.0,10485,2004.0,2026-09-03T19:33:53.771140+00:00
2017-04-13,2004.0,2060.0,1921.0,2005.0,4067,2005.0,2026-09-03T19:33:53.771140+00:00
2017-04-16,2005.0,2028.0,1930.0,1930.0,5715,1930.0,2026-09-03T19:33:53.771140+00:00
2017-04-18,1930.0,1938.0,1825.0,1841.0,6966,1841.0,2026-09-03T19:33:53.771140+00:00
2017-04-19,1841.0,2024.0,1833.0,2024.0,7057,2024.0,2026-09-03T19:33:53.771140+00:00
2017-04-20,2024.0,2064.0,1962.0,1962.0,7184,1962.0,2026-09-03T19:33:53.771140+00:00
2017-04-23,1962.0,2081.0,2001.0,2050.0,6087,2050.0,2026-09-03T19:33:53.771140+00:00
2017-04-24,2050.0,2015.0,1960.0,1975.0,4732,1975.0,2026-09-03T19:33:53.771140+00:00
2017-04-25,1975.0,1990.0,1960.0,1960.0,1383,1960.0,2026-09-03T19:33:53.771140+00:00
2017-04-26,1960.0,1995.0,1945.0,1995.0,927,1995.0,2026-09-03T19:33:53.771140+00:00
2017-04-27,1995.0,2010.0,1943.0,2001.0,5363,2001.0,2026-09-03T19:33:53.771140+00:00
2017-04-30,2001.0,2020.0,1962.0,1975.0,1511,1975.0,2026-09-03T19:33:53.771140+00:00
2017-05-02,1975.0,2010.0,1946.0,2010.0,4510,2010.0,2026-09-03T19:33:53.771140+00:00
2017-05-03,2010.0,2050.0,1993.0,1993.0,1286,1993.0,2026-09-03T19:33:53.771140+00:00
2017-05-04,1993.0,1998.0,1965.0,1965.0,2810,1965.0,2026-09-03T19:33:53.771140+00:00
2017-05-07,1965.0,1965.0,1888.0,1900.0,2415,1900.0,2026-09-03T19:33:53.771140+00:00
2017-05-08,1900.0,1985.0,1938.0,1985.0,1199,1985.0,2026-09-03T19:33:53.771140+00:00
2017-05-09,1985.0,1990.0,1945.0,1945.0,285,1945.0,2026-09-03T19:33:53.771140+00:00
2017-05-11,1945.0,1930.0,1921.0,1930.0,509,1930.0,2026-09-03T19:33:53.771140+00:00
2017-05-15,1930.0,1955.0,1943.0,1955.0,670,1955.0,2026-09-03T19:33:53.771140+00:00
2017-05-16,1955.0,1985.0,1930.0,1930.0,1670,1930.0,2026-09-03T19:33:53.771140+00:00
2017-05-17,1930.0,1940.0,1917.0,1934.0,2628,1934.0,2026-09-03T19:33:53.771140+00:00
2017-05-18,1934.0,1954.0,1910.0,1954.0,1335,1954.0,2026-09-03T19:33:53.771140+00:00
2017-05-21,1954.0,1928.0,1878.0,1878.0,758,1878.0,2026-09-03T19:33:53.771140+00:00
2017-05-22,1878.0,1875.0,1842.0,1855.0,1983,1855.0,2026-09-03T19:33:53.771140+00:00
2017-05-23,1855.0,1904.0,1861.0,1861.0,749,1861.0,2026-09-03T19:33:53.771140+00:00
2017-05-24,1861.0,1887.0,1824.0,1885.0,1021,1885.0,2026-09-03T19:33:53.771140+00:00
2017-05-28,1885.0,1860.0,1848.0,1850.0,828,1850.0,2026-09-03T19:33:53.771140+00:00
2017-05-30,1850.0,1825.0,1792.0,1820.0,3070,1820.0,2026-09-03T19:33:53.771140+00:00
2017-05-31,1820.0,1840.0,1790.0,1840.0,1643,1840.0,2026-09-03T19:33:53.771140+00:00
2017-06-01,1840.0,1830.0,1805.0,1815.0,2758,1815.0,2026-09-03T19:33:53.771140+00:00
2017-06-04,1815.0,1795.0,1790.0,1794.0,1294,1794.0,2026-09-03T19:33:53.771140+00:00
2017-06-05,1794.0,1829.0,1799.0,1800.0,4679,1800.0,2026-09-03T19:33:53.771140+00:00
2017-06-06,1800.0,1899.0,1810.0,1899.0,8696,1899.0,2026-09-03T19:33:53.771140+00:00
2017-06-07,1899.0,1920.0,1850.0,1850.0,4280,1850.0,2026-09-03T19:33:53.771140+00:00
2017-06-08,1850.0,1880.0,1850.0,1857.0,2060,1857.0,2026-09-03T19:33:53.771140+00:00
2017-06-11,1857.0,1840.0,1805.0,1821.0,3198,1821.0,2026-09-03T19:33:53.771140+00:00
2017-06-12,1821.0,1830.0,1800.0,1815.0,737,1815.0,2026-09-03T19:33:53.771140+00:00
2017-06-13,1815.0,1815.0,1790.0,1815.0,2976,1815.0,2026-09-03T19:33:53.771140+00:00
2017-06-14,1815.0,1830.0,1779.0,1820.0,1516,1820.0,2026-09-03T19:33:53.771140+00:00
2017-06-15,1820.0,1897.0,1820.0,1834.0,2413,1834.0,2026-09-03T19:33:53.771140+00:00
2017-06-18,1834.0,1850.0,1810.0,1820.0,1802,1820.0,2026-09-03T19:33:53.771140+00:00
2017-06-19,1820.0,1825.0,1775.0,1782.0,1614,1782.0,2026-09-03T19:33:53.771140+00:00
2017-06-20,1782.0,1801.0,1770.0,1800.0,3745,1800.0,2026-09-03T19:33:53.771140+00:00
2017-06-21,1800.0,1815.0,1795.0,1795.0,735,1795.0,2026-09-03T19:33:53.771140+00:00
2017-06-22,1795.0,1825.0,1802.0,1809.0,1679,1809.0,2026-09-03T19:33:53.771140+00:00
2017-06-25,1809.0,1815.0,1791.0,1801.0,1685,1801.0,2026-09-03T19:33:53.771140+00:00
2017-06-27,1801.0,1819.0,1780.0,1790.0,1236,1790.0,2026-09-03T19:33:53.771140+00:00
2017-06-28,1790.0,1800.0,1795.0,1800.0,782,1800.0,2026-09-03T19:33:53.771140+00:00
2017-07-02,1800.0,1800.0,1765.0,1785.0,2688,1785.0,2026-09-03T19:33:53.771140+00:00
2017-07-03,1785.0,1800.0,1775.0,1775.0,1473,1775.0,2026-09-03T19:33:53.771140+00:00
2017-07-04,1775.0,1782.0,1775.0,1776.0,657,1776.0,2026-09-03T19:33:53.771140+00:00
2017-07-05,1776.0,1811.0,1795.0,1800.0,1032,1800.0,2026-09-03T19:33:53.771140+00:00
2017-07-06,1800.0,1861.0,1800.0,1859.0,1735,1859.0,2026-09-03T19:33:53.771140+00:00
2017-07-09,1859.0,1905.0,1762.0,1835.0,4782,1835.0,2026-09-03T19:33:53.771140+00:00
2017-07-10,1835.0,1835.0,1771.0,1805.0,2211,1805.0,2026-09-03T19:33:53.771140+00:00
2017-07-11,1805.0,1850.0,1800.0,1800.0,1601,1800.0,2026-09-03T19:33:53.771140+00:00
2017-07-12,1800.0,1820.0,1806.0,1820.0,788,1820.0,2026-09-03T19:33:53.771140+00:00
2017-07-13,1820.0,1809.0,1800.0,1809.0,2063,1809.0,2026-09-03T19:33:53.771140+00:00
2017-07-16,1809.0,1805.0,1800.0,1800.0,200,1800.0,2026-09-03T19:33:53.771140+00:00
2017-07-17,1800.0,1866.0,1810.0,1850.0,639,1850.0,2026-09-03T19:33:53.771140+00:00
2017-07-18,1850.0,1920.0,1850.0,1914.0,4820,1914.0,2026-09-03T19:33:53.771140+00:00
2017-07-19,1914.0,1910.0,1881.0,1885.0,4887,1885.0,2026-09-03T19:33:53.771140+00:00
2017-07-20,1885.0,1907.0,1869.0,1895.0,2050,1895.0,2026-09-03T19:33:53.771140+00:00
2017-07-23,1895.0,1902.0,1860.0,1900.0,1023,1900.0,2026-09-03T19:33:53.771140+00:00
2017-07-24,1900.0,1897.0,1878.0,1879.0,417,1879.0,2026-09-03T19:33:53.771140+00:00
2017-07-25,1879.0,1900.0,1872.0,1900.0,1004,1900.0,2026-09-03T19:33:53.771140+00:00
2017-07-26,1900.0,1910.0,1870.0,1905.0,3691,1905.0,2026-09-03T19:33:53.771140+00:00
2017-07-27,1905.0,1990.0,1885.0,1920.0,3622,1920.0,2026-09-03T19:33:53.771140+00:00
2017-07-30,1920.0,1958.0,1895.0,1915.0,1717,1915.0,2026-09-03T19:33:53.771140+00:00
2017-07-31,1915.0,1965.0,1939.0,1950.0,3589,1950.0,2026-09-03T19:33:53.771140+00:00
2017-08-01,1950.0,2018.0,1945.0,2001.0,5635,2001.0,2026-09-03T19:33:53.771140+00:00
2017-08-02,2001.0,2041.0,1975.0,1980.0,4302,1980.0,2026-09-03T19:33:53.771140+00:00
2017-08-03,1980.0,1990.0,1950.0,1950.0,2780,1950.0,2026-09-03T19:33:53.771140+00:00
2017-08-06,1950.0,1970.0,1949.0,1970.0,346,1970.0,2026-09-03T19:33:53.771140+00:00
2017-08-07,1970.0,1980.0,1936.0,1943.0,1054,1943.0,2026-09-03T19:33:53.771140+00:00
2017-08-09,1943.0,1981.0,1927.0,1950.0,1929,1950.0,2026-09-03T19:33:53.771140+00:00
2017-08-10,1950.0,1920.0,1870.0,1890.0,5223,1890.0,2026-09-03T19:33:53.771140+00:00
2017-08-13,1890.0,1890.0,1832.0,1832.0,2038,1832.0,2026-09-03T19:33:53.771140+00:00
2017-08-15,1832.0,1835.0,1780.0,1820.0,3076,1820.0,2026-09-03T19:33:53.771140+00:00
2017-08-16,1820.0,1835.0,1790.0,1805.0,4402,1805.0,2026-09-03T19:33:53.771140+00:00
2017-08-17,1805.0,1841.0,1800.0,1800.0,2206,1800.0,2026-09-03T19:33:53.771140+00:00
2017-08-20,1800.0,1829.0,1787.0,1813.0,1662,1813.0,2026-09-03T19:33:53.771140+00:00
2017-08-21,1813.0,1815.0,1782.0,1815.0,919,1815.0,2026-09-03T19:33:53.771140+00:00
2017-08-22,1815.0,1830.0,1790.0,1804.0,1920,1804.0,2026-09-03T19:33:53.771140+00:00
2017-08-23,1804.0,1810.0,1775.0,1777.0,1737,1777.0,2026-09-03T19:33:53.771140+00:00
2017-08-24,1777.0,1830.0,1810.0,1820.0,650,1820.0,2026-09-03T19:33:53.771140+00:00
2017-08-27,1820.0,1855.0,1825.0,1840.0,1201,1840.0,2026-09-03T19:33:53.771140+00:00
2017-08-28,1840.0,1899.0,1851.0,1875.0,5615,1875.0,2026-09-03T19:33:53.771140+00:00
2017-08-30,1875.0,1890.0,1850.0,1855.0,3550,1855.0,2026-09-03T19:33:53.771140+00:00
2017-08-31,1855.0,1840.0,1820.0,1820.0,1640,1820.0,2026-09-03T19:33:53.771140+00:00
2017-09-04,1820.0,1845.0,1771.0,1800.0,2535,1800.0,2026-09-03T19:33:53.771140+00:00
2017-09-06,1800.0,1836.0,1801.0,1820.0,2361,1820.0,2026-09-03T19:33:53.771140+00:00
2017-09-07,1820.0,1856.0,1824.0,1849.0,2535,1849.0,2026-09-03T19:33:53.771140+00:00
2017-09-10,1849.0,1820.0,1791.0,1800.0,3439,1800.0,2026-09-03T19:33:53.771140+00:00
2017-09-11,1800.0,1805.0,1781.0,1805.0,911,1805.0,2026-09-03T19:33:53.771140+00:00
2017-09-12,1805.0,1809.0,1780.0,1780.0,1225,1780.0,2026-09-03T19:33:53.771140+00:00
2017-09-13,1780.0,1840.0,1745.0,1747.0,2685,1747.0,2026-09-03T19:33:53.771140+00:00
2017-09-14,1747.0,1800.0,1725.0,1800.0,11231,1800.0,2026-09-03T19:33:53.771140+00:00
2017-09-17,1800.0,1810.0,1767.0,1767.0,4384,1767.0,2026-09-03T19:33:53.771140+00:00
2017-09-18,1767.0,1765.0,1707.0,1723.0,7297,1723.0,2026-09-03T19:33:53.771140+00:00
2017-09-20,1723.0,1728.0,1689.0,1724.0,1144,1724.0,2026-09-03T19:33:53.771140+00:00
2017-09-24,1724.0,1749.0,1700.0,1749.0,1473,1749.0,2026-09-03T19:33:53.771140+00:00
2017-09-25,1749.0,1745.0,1720.0,1739.0,559,1739.0,2026-09-03T19:33:53.771140+00:00
2017-09-26,1739.0,1773.0,1749.0,1750.0,878,1750.0,2026-09-03T19:33:53.771140+00:00
2017-10-03,1750.0,1725.0,1725.0,1725.0,200,1725.0,2026-09-03T19:33:53.771140+00:00
2017-10-04,1725.0,1720.0,1707.0,1707.0,1205,1707.0,2026-09-03T19:33:53.771140+00:00
2017-10-08,1707.0,1673.0,1570.0,1577.0,8381,1577.0,2026-09-03T19:33:53.771140+00:00
2017-10-09,1577.0,1625.0,1570.0,1580.0,1853,1580.0,2026-09-03T19:33:53.771140+00:00
2017-10-10,1580.0,1610.0,1568.0,1582.0,1616,1582.0,2026-09-03T19:33:53.771140+00:00
2017-10-11,1582.0,1609.0,1576.0,1576.0,1252,1576.0,2026-09-03T19:33:53.771140+00:00
2017-10-12,1576.0,1600.0,1575.0,1577.0,1045,1577.0,2026-09-03T19:33:53.771140+00:00
2017-10-15,1577.0,1599.0,1594.0,1594.0,496,1594.0,2026-09-03T19:33:53.771140+00:00
2017-10-16,1594.0,1635.0,1600.0,1635.0,3661,1635.0,2026-09-03T19:33:53.771140+00:00
2017-10-17,1635.0,1667.0,1634.0,1634.0,552,1634.0,2026-09-03T19:33:53.771140+00:00
2017-10-18,1634.0,1647.0,1602.0,1647.0,606,1647.0,2026-09-03T19:33:53.771140+00:00
2017-10-22,1647.0,1630.0,1620.0,1630.0,450,1630.0,2026-09-03T19:33:53.771140+00:00
2017-10-23,1630.0,1640.0,1640.0,1640.0,11,1640.0,2026-09-03T19:33:53.771140+00:00
2017-10-24,1640.0,1622.0,1608.0,1620.0,948,1620.0,2026-09-03T19:33:53.771140+00:00
2017-10-25,1620.0,1600.0,1600.0,1600.0,557,1600.0,2026-09-03T19:33:53.771140+00:00
2017-10-29,1600.0,1600.0,1580.0,1580.0,258,1580.0,2026-09-03T19:33:53.771140+00:00
2017-10-30,1580.0,1575.0,1561.0,1561.0,333,1561.0,2026-09-03T19:33:53.771140+00:00
2017-10-31,1561.0,1535.0,1535.0,1535.0,27,1535.0,2026-09-03T19:33:53.771140+00:00
2017-11-01,1535.0,1535.0,1516.0,1516.0,345,1516.0,2026-09-03T19:33:53.771140+00:00
2017-11-02,1516.0,1535.0,1525.0,1530.0,269,1530.0,2026-09-03T19:33:53.771140+00:00
2017-11-05,1530.0,1520.0,1437.0,1437.0,1776,1437.0,2026-09-03T19:33:53.771140+00:00
2017-11-06,1437.0,1494.0,1450.0,1450.0,2473,1450.0,2026-09-03T19:33:53.771140+00:00
2017-11-07,1450.0,1479.0,1422.0,1440.0,2384,1440.0,2026-09-03T19:33:53.771140+00:00
2017-11-08,1440.0,1448.0,1420.0,1432.0,3103,1432.0,2026-09-03T19:33:53.771140+00:00
2017-11-09,1432.0,1480.0,1439.0,1440.0,642,1440.0,2026-09-03T19:33:53.771140+00:00
2017-11-12,1440.0,1473.0,1445.0,1470.0,2551,1470.0,2026-09-03T19:33:53.771140+00:00
2017-11-13,1470.0,1494.0,1465.0,1490.0,6895,1490.0,2026-09-03T19:33:53.771140+00:00
2017-11-14,1242.0,1300.0,1260.0,1280.0,2874,1280.0,2026-09-03T19:33:53.771140+00:00
2017-11-15,1280.0,1352.0,1300.0,1316.0,7177,1316.0,2026-09-03T19:33:53.771140+00:00
2017-11-16,1316.0,1319.0,1290.0,1319.0,1193,1319.0,2026-09-03T19:33:53.771140+00:00
2017-11-19,1319.0,1295.0,1268.0,1268.0,5460,1268.0,2026-09-03T19:33:53.771140+00:00
2017-11-20,1268.0,1270.0,1256.0,1260.0,690,1260.0,2026-09-03T19:33:53.771140+00:00
2017-11-21,1260.0,1285.0,1266.0,1266.0,312,1266.0,2026-09-03T19:33:53.771140+00:00
2017-11-22,1266.0,1314.0,1291.0,1300.0,322,1300.0,2026-09-03T19:33:53.771140+00:00
2017-11-23,1300.0,1341.0,1311.0,1341.0,2167,1341.0,2026-09-03T19:33:53.771140+00:00
2017-11-26,1341.0,1407.0,1345.0,1407.0,5211,1407.0,2026-09-03T19:33:53.771140+00:00
2017-11-27,1407.0,1413.0,1381.0,1382.0,4379,1382.0,2026-09-03T19:33:53.771140+00:00
2017-11-28,1382.0,1409.0,1364.0,1409.0,7610,1409.0,2026-09-03T19:33:53.771140+00:00
2017-11-29,1409.0,1421.0,1400.0,1415.0,4835,1415.0,2026-09-03T19:33:53.771140+00:00
2017-11-30,1415.0,1430.0,1390.0,1415.0,2309,1415.0,2026-09-03T19:33:53.771140+00:00
2017-12-04,1415.0,1425.0,1400.0,1400.0,6098,1400.0,2026-09-03T19:33:53.771140+00:00
2017-12-05,1400.0,1395.0,1391.0,1395.0,600,1395.0,2026-09-03T19:33:53.771140+00:00
2017-12-06,1395.0,1434.0,1410.0,1434.0,3196,1434.0,2026-09-03T19:33:53.771140+00:00
2017-12-10,1434.0,1462.0,1400.0,1400.0,2137,1400.0,2026-09-03T19:33:53.771140+00:00
2017-12-11,1400.0,1415.0,1390.0,1390.0,1819,1390.0,2026-09-03T19:33:53.771140+00:00
2017-12-12,1390.0,1395.0,1371.0,1385.0,1254,1385.0,2026-09-03T19:33:53.771140+00:00
2017-12-13,1385.0,1400.0,1380.0,1390.0,735,1390.0,2026-09-03T19:33:53.771140+00:00
2017-12-14,1390.0,1399.0,1363.0,1390.0,401,1390.0,2026-09-03T19:33:53.771140+00:00
2017-12-17,1390.0,1380.0,1366.0,1370.0,634,1370.0,2026-09-03T19:33:53.771140+00:00
2017-12-18,1370.0,1380.0,1350.0,1350.0,1224,1350.0,2026-09-03T19:33:53.771140+00:00
2017-12-19,1350.0,1340.0,1311.0,1316.0,1840,1316.0,2026-09-03T19:33:53.771140+00:00
2017-12-20,1316.0,1342.0,1342.0,1342.0,10,1342.0,2026-09-03T19:33:53.771140+00:00
2017-12-21,1342.0,1335.0,1315.0,1315.0,1258,1315.0,2026-09-03T19:33:53.771140+00:00
2017-12-24,1315.0,1340.0,1315.0,1320.0,2565,1320.0,2026-09-03T19:33:53.771140+00:00
2017-12-26,1320.0,1300.0,1274.0,1280.0,2570,1280.0,2026-09-03T19:33:53.771140+00:00
2017-12-27,1280.0,1300.0,1255.0,1270.0,1984,1270.0,2026-09-03T19:33:53.771140+00:00
2017-12-28,1270.0,1270.0,1245.0,1270.0,1235,1270.0,2026-09-03T19:33:53.771140+00:00
2017-12-31,1270.0,1275.0,1245.0,1275.0,510,1275.0,2026-09-03T19:33:53.771140+00:00
2018-01-01,1275.0,1350.0,1274.0,1350.0,743,1350.0,2026-09-03T19:33:53.771140+00:00
2018-01-02,1350.0,1375.0,1323.0,1330.0,3483,1330.0,2026-09-03T19:33:53.771140+00:00
2018-01-03,1330.0,1320.0,1300.0,1300.0,2814,1300.0,2026-09-03T19:33:53.771140+00:00
2018-01-04,1300.0,1310.0,1295.0,1310.0,961,1310.0,2026-09-03T19:33:53.771140+00:00
2018-01-07,1310.0,1350.0,1314.0,1320.0,3980,1320.0,2026-09-03T19:33:53.771140+00:00
2018-01-08,1320.0,1330.0,1315.0,1330.0,1618,1330.0,2026-09-03T19:33:53.771140+00:00
2018-01-09,1330.0,1360.0,1340.0,1360.0,665,1360.0,2026-09-03T19:33:53.771140+00:00
2018-01-10,1360.0,1333.0,1320.0,1333.0,233,1333.0,2026-09-03T19:33:53.771140+00:00
2018-01-14,1333.0,1312.0,1300.0,1300.0,904,1300.0,2026-09-03T19:33:53.771140+00:00
2018-01-16,1300.0,1314.0,1290.0,1290.0,740,1290.0,2026-09-03T19:33:53.771140+00:00
2018-01-17,1290.0,1320.0,1280.0,1295.0,1364,1295.0,2026-09-03T19:33:53.771140+00:00
2018-01-21,1295.0,1300.0,1280.0,1300.0,2586,1300.0,2026-09-03T19:33:53.771140+00:00
2018-01-22,1300.0,1310.0,1290.0,1290.0,745,1290.0,2026-09-03T19:33:53.771140+00:00
2018-01-23,1290.0,1296.0,1280.0,1288.0,1056,1288.0,2026-09-03T19:33:53.771140+00:00
2018-01-24,1288.0,1300.0,1300.0,1300.0,250,1300.0,2026-09-03T19:33:53.771140+00:00
2018-01-25,1300.0,1300.0,1290.0,1300.0,800,1300.0,2026-09-03T19:33:53.771140+00:00
2018-01-28,1300.0,1305.0,1285.0,1285.0,700,1285.0,2026-09-03T19:33:53.771140+00:00
2018-01-29,1285.0,1302.0,1285.0,1298.0,1061,1298.0,2026-09-03T19:33:53.771140+00:00
2018-01-31,1298.0,1317.0,1307.0,1317.0,850,1317.0,2026-09-03T19:33:53.771140+00:00
2018-02-01,1317.0,1335.0,1320.0,1325.0,1418,1325.0,2026-09-03T19:33:53.771140+00:00
2018-02-04,1325.0,1351.0,1340.0,1351.0,570,1351.0,2026-09-03T19:33:53.771140+00:00
2018-02-05,1351.0,1375.0,1330.0,1337.0,3957,1337.0,2026-09-03T19:33:53.771140+00:00
2018-02-06,1337.0,1340.0,1331.0,1335.0,1854,1335.0,2026-09-03T19:33:53.771140+00:00
2018-02-07,1335.0,1326.0,1320.0,1320.0,1264,1320.0,2026-09-03T19:33:53.771140+00:00
2018-02-08,1320.0,1330.0,1320.0,1321.0,3127,1321.0,2026-09-03T19:33:53.771140+00:00
2018-02-11,1321.0,1335.0,1310.0,1320.0,1225,1320.0,2026-09-03T19:33:53.771140+00:00
2018-02-12,1320.0,1330.0,1315.0,1317.0,205,1317.0,2026-09-03T19:33:53.771140+00:00
2018-02-14,1317.0,1334.0,1316.0,1334.0,380,1334.0,2026-09-03T19:33:53.771140+00:00
2018-02-15,1334.0,1371.0,1335.0,1371.0,3636,1371.0,2026-09-03T19:33:53.771140+00:00
2018-02-18,1398.0,1398.0,1354.0,1355.0,1717,1355.0,2026-09-03T19:33:53.771140+00:00
2018-02-20,1350.0,1351.0,1303.0,1315.0,2001,1315.0,2026-09-03T19:33:53.771140+00:00
2018-02-21,1305.0,1316.0,1305.0,1313.0,163,1313.0,2026-09-03T19:33:53.771140+00:00
2018-02-22,1310.0,1335.0,1310.0,1315.0,1370,1315.0,2026-09-03T19:33:53.771140+00:00
2018-02-25,1300.0,1325.0,1300.0,1304.0,695,1304.0,2026-09-03T19:33:53.771140+00:00
2018-02-26,1300.0,1305.0,1256.0,1256.0,4519,1256.0,2026-09-03T19:33:53.771140+00:00
2018-02-27,1281.0,1301.0,1260.0,1276.0,1059,1276.0,2026-09-03T19:33:53.771140+00:00
2018-02-28,1276.0,1276.0,1240.0,1244.0,1976,1244.0,2026-09-03T19:33:53.771140+00:00
2018-03-04,1222.0,1244.0,1187.0,1244.0,3840,1244.0,2026-09-03T19:33:53.771140+00:00
2018-03-05,1226.0,1226.0,1181.0,1190.0,1348,1190.0,2026-09-03T19:33:53.771140+00:00
2018-03-06,1170.0,1235.0,1170.0,1215.0,1837,1215.0,2026-09-03T19:33:53.771140+00:00
2018-03-07,1233.0,1239.0,1214.0,1219.0,2944,1219.0,2026-09-03T19:33:53.771140+00:00
2018-03-11,1219.0,1219.0,1190.0,1190.0,3042,1190.0,2026-09-03T19:33:53.771140+00:00
2018-03-12,1195.0,1195.0,1175.0,1175.0,2003,1175.0,2026-09-03T19:33:53.771140+00:00
2018-03-13,1166.0,1171.0,1166.0,1170.0,350,1170.0,2026-09-03T19:33:53.771140+00:00
2018-03-14,1180.0,1180.0,1171.0,1175.0,908,1175.0,2026-09-03T19:33:53.771140+00:00
2018-03-15,1180.0,1188.0,1166.0,1183.0,2939,1183.0,2026-09-03T19:33:53.771140+00:00
2018-03-18,1175.0,1185.0,1168.0,1185.0,1708,1185.0,2026-09-03T19:33:53.771140+00:00
2018-03-19,1180.0,1180.0,1167.0,1167.0,379,1167.0,2026-09-03T19:33:53.771140+00:00
2018-03-20,1165.0,1165.0,1152.0,1160.0,2660,1160.0,2026-09-03T19:33:53.771140+00:00
2018-03-21,1145.0,1150.0,1114.0,1114.0,1898,1114.0,2026-09-03T19:33:53.771140+00:00
2018-03-22,1097.0,1130.0,1050.0,1090.0,1337,1090.0,2026-09-03T19:33:53.771140+00:00
2018-03-26,1070.0,1070.0,1020.0,1020.0,5486,1020.0,2026-09-03T19:33:53.771140+00:00
2018-03-27,1020.0,1100.0,961.0,1079.0,3562,1079.0,2026-09-03T19:33:53.771140+00:00
2018-03-28,1100.0,1100.0,998.0,1046.0,4284,1046.0,2026-09-03T19:33:53.771140+00:00
2018-03-29,1060.0,1086.0,1046.0,1086.0,3320,1086.0,2026-09-03T19:33:53.771140+00:00
2018-04-01,1084.0,1084.0,1050.0,1057.0,2230,1057.0,2026-09-03T19:33:53.771140+00:00
2018-04-02,1050.0,1060.0,1040.0,1041.0,3007,1041.0,2026-09-03T19:33:53.771140+00:00
2018-04-03,1031.0,1056.0,1025.0,1056.0,2114,1056.0,2026-09-03T19:33:53.771140+00:00
2018-04-04,1057.0,1100.0,1049.0,1100.0,3441,1100.0,2026-09-03T19:33:53.771140+00:00
2018-04-05,1122.0,1140.0,1060.0,1135.0,4120,1135.0,2026-09-03T19:33:53.771140+00:00
2018-04-08,1157.0,1226.0,1134.0,1185.0,7497,1185.0,2026-09-03T19:33:53.771140+00:00
2018-04-09,1208.0,1210.0,1175.0,1185.0,6397,1185.0,2026-09-03T19:33:53.771140+00:00
2018-04-10,1162.0,1190.0,1150.0,1150.0,2556,1150.0,2026-09-03T19:33:53.771140+00:00
2018-04-11,1127.0,1150.0,1127.0,1150.0,2673,1150.0,2026-09-03T19:33:53.771140+00:00
2018-04-12,1155.0,1188.0,1152.0,1175.0,4557,1175.0,2026-09-03T19:33:53.771140+00:00
2018-04-15,1152.0,1180.0,1152.0,1170.0,766,1170.0,2026-09-03T19:33:53.771140+00:00
2018-04-16,1193.0,1247.0,1167.0,1247.0,3828,1247.0,2026-09-03T19:33:53.771140+00:00
2018-04-17,1271.0,1346.0,1246.0,1326.0,14760,1326.0,2026-09-03T19:33:53.771140+00:00
2018-04-18,1352.0,1360.0,1278.0,1290.0,10791,1290.0,2026-09-03T19:33:53.771140+00:00
2018-04-19,1315.0,1318.0,1278.0,1290.0,7270,1290.0,2026-09-03T19:33:53.771140+00:00
2018-04-22,1315.0,1419.0,1315.0,1410.0,12613,1410.0,2026-09-03T19:33:53.771140+00:00
2018-04-23,1411.0,1470.0,1350.0,1375.0,20632,1375.0,2026-09-03T19:33:53.771140+00:00
2018-04-24,1375.0,1448.0,1348.0,1410.0,16269,1410.0,2026-09-03T19:33:53.771140+00:00
2018-04-25,1415.0,1438.0,1390.0,1402.0,11038,1402.0,2026-09-03T19:33:53.771140+00:00
2018-04-26,1410.0,1425.0,1346.0,1370.0,7270,1370.0,2026-09-03T19:33:53.771140+00:00
2018-04-29,1370.0,1390.0,1346.0,1379.0,2460,1379.0,2026-09-03T19:33:53.771140+00:00
2018-05-02,1360.0,1423.0,1352.0,1390.0,3300,1390.0,2026-09-03T19:33:53.771140+00:00
2018-05-03,1417.0,1422.0,1393.0,1415.0,14727,1415.0,2026-09-03T19:33:53.771140+00:00
2018-05-06,1415.0,1419.0,1402.0,1405.0,3644,1405.0,2026-09-03T19:33:53.771140+00:00
2018-05-07,1393.0,1403.0,1388.0,1395.0,2859,1395.0,2026-09-03T19:33:53.771140+00:00
2018-05-08,1400.0,1430.0,1400.0,1430.0,2302,1430.0,2026-09-03T19:33:53.771140+00:00
2018-05-09,1445.0,1445.0,1406.0,1415.0,4237,1415.0,2026-09-03T19:33:53.771140+00:00
2018-05-10,1415.0,1415.0,1401.0,1406.0,9009,1406.0,2026-09-03T19:33:53.771140+00:00
2018-05-14,1400.0,1400.0,1390.0,1394.0,3146,1394.0,2026-09-03T19:33:53.771140+00:00
2018-05-15,1400.0,1400.0,1370.0,1370.0,3190,1370.0,2026-09-03T19:33:53.771140+00:00
2018-05-16,1360.0,1395.0,1360.0,1394.0,2345,1394.0,2026-09-03T19:33:53.771140+00:00
2018-05-17,1395.0,1399.0,1382.0,1382.0,3118,1382.0,2026-09-03T19:33:53.771140+00:00
2018-05-20,1409.0,1430.0,1386.0,1386.0,1222,1386.0,2026-09-03T19:33:53.771140+00:00
2018-05-21,1382.0,1405.0,1380.0,1393.0,2830,1393.0,2026-09-03T19:33:53.771140+00:00
2018-05-22,1400.0,1420.0,1393.0,1414.0,6837,1414.0,2026-09-03T19:33:53.771140+00:00
2018-05-23,1410.0,1410.0,1395.0,1401.0,1050,1401.0,2026-09-03T19:33:53.771140+00:00
2018-05-24,1410.0,1410.0,1373.0,1397.0,3986,1397.0,2026-09-03T19:33:53.771140+00:00
2018-05-27,1370.0,1374.0,1352.0,1367.0,4197,1367.0,2026-09-03T19:33:53.771140+00:00
2018-05-28,1375.0,1400.0,1369.0,1400.0,1408,1400.0,2026-09-03T19:33:53.771140+00:00
2018-05-29,1410.0,1414.0,1381.0,1390.0,1647,1390.0,2026-09-03T19:33:53.771140+00:00
2018-05-30,1400.0,1417.0,1389.0,1390.0,2310,1390.0,2026-09-03T19:33:53.771140+00:00
2018-05-31,1376.0,1376.0,1370.0,1370.0,2149,1370.0,2026-09-03T19:33:53.771140+00:00
2018-06-03,1360.0,1363.0,1311.0,1330.0,4953,1330.0,2026-09-03T19:33:53.771140+00:00
2018-06-04,1305.0,1330.0,1279.0,1304.0,3703,1304.0,2026-09-03T19:33:53.771140+00:00
2018-06-06,1330.0,1379.0,1330.0,1330.0,1560,1330.0,2026-09-03T19:33:53.771140+00:00
2018-06-07,1306.0,1306.0,1286.0,1299.0,2374,1299.0,2026-09-03T19:33:53.771140+00:00
2018-06-10,1285.0,1285.0,1258.0,1270.0,5190,1270.0,2026-09-03T19:33:53.771140+00:00
2018-06-11,1246.0,1305.0,1222.0,1300.0,2461,1300.0,2026-09-03T19:33:53.771140+00:00
2018-06-12,1275.0,1281.0,1253.0,1281.0,1127,1281.0,2026-09-03T19:33:53.771140+00:00
2018-06-13,1300.0,1300.0,1280.0,1280.0,1181,1280.0,2026-09-03T19:33:53.771140+00:00
2018-06-14,1299.0,1305.0,1286.0,1286.0,1181,1286.0,2026-09-03T19:33:53.771140+00:00
2018-06-17,1271.0,1272.0,1265.0,1265.0,792,1265.0,2026-09-03T19:33:53.771140+00:00
2018-06-18,1290.0,1290.0,1241.0,1287.0,1435,1287.0,2026-09-03T19:33:53.771140+00:00
2018-06-19,1287.0,1287.0,1250.0,1270.0,2970,1270.0,2026-09-03T19:33:53.771140+00:00
2018-06-20,1255.0,1255.0,1251.0,1251.0,800,1251.0,2026-09-03T19:33:53.771140+00:00
2018-06-21,1275.0,1276.0,1241.0,1241.0,951,1241.0,2026-09-03T19:33:53.771140+00:00
2018-06-24,1265.0,1265.0,1250.0,1250.0,493,1250.0,2026-09-03T19:33:53.771140+00:00
2018-06-25,1242.0,1242.0,1221.0,1224.0,2630,1224.0,2026-09-03T19:33:53.771140+00:00
2018-06-26,1237.0,1237.0,1202.0,1202.0,1170,1202.0,2026-09-03T19:33:53.771140+00:00
2018-06-27,1195.0,1226.0,1185.0,1218.0,481,1218.0,2026-09-03T19:33:53.771140+00:00
2018-06-28,1230.0,1230.0,1216.0,1220.0,613,1220.0,2026-09-03T19:33:53.771140+00:00
2018-07-01,1200.0,1200.0,1191.0,1191.0,750,1191.0,2026-09-03T19:33:53.771140+00:00
2018-07-02,1190.0,1214.0,1190.0,1192.0,689,1192.0,2026-09-03T19:33:53.771140+00:00
2018-07-03,1200.0,1214.0,1200.0,1214.0,300,1214.0,2026-09-03T19:33:53.771140+00:00
2018-07-04,1210.0,1228.0,1200.0,1212.0,964,1212.0,2026-09-03T19:33:53.771140+00:00
2018-07-05,1236.0,1289.0,1223.0,1289.0,1992,1289.0,2026-09-03T19:33:53.771140+00:00
2018-07-08,1295.0,1310.0,1270.0,1275.0,4161,1275.0,2026-09-03T19:33:53.771140+00:00
2018-07-09,1255.0,1261.0,1249.0,1250.0,708,1250.0,2026-09-03T19:33:53.771140+00:00
2018-07-10,1250.0,1280.0,1250.0,1280.0,1320,1280.0,2026-09-03T19:33:53.771140+00:00
2018-07-11,1305.0,1331.0,1286.0,1300.0,1747,1300.0,2026-09-03T19:33:53.771140+00:00
2018-07-12,1275.0,1275.0,1220.0,1260.0,1350,1260.0,2026-09-03T19:33:53.771140+00:00
2018-07-15,1260.0,1260.0,1236.0,1236.0,220,1236.0,2026-09-03T19:33:53.771140+00:00
2018-07-16,1250.0,1258.0,1225.0,1240.0,996,1240.0,2026-09-03T19:33:53.771140+00:00
2018-07-17,1224.0,1264.0,1224.0,1240.0,281,1240.0,2026-09-03T19:33:53.771140+00:00
2018-07-18,1220.0,1235.0,1220.0,1235.0,608,1235.0,2026-09-03T19:33:53.771140+00:00
2018-07-19,1225.0,1236.0,1221.0,1225.0,1079,1225.0,2026-09-03T19:33:53.771140+00:00
2018-07-22,1203.0,1203.0,1197.0,1197.0,459,1197.0,2026-09-03T19:33:53.771140+00:00
2018-07-23,1200.0,1221.0,1200.0,1210.0,850,1210.0,2026-09-03T19:33:53.771140+00:00
2018-07-24,1234.0,1258.0,1230.0,1230.0,476,1230.0,2026-09-03T19:33:53.771140+00:00
2018-07-25,1206.0,1210.0,1206.0,1210.0,529,1210.0,2026-09-03T19:33:53.771140+00:00
2018-07-26,1202.0,1205.0,1191.0,1195.0,400,1195.0,2026-09-03T19:33:53.771140+00:00
2018-07-29,1218.0,1218.0,1189.0,1192.0,1760,1192.0,2026-09-03T19:33:53.771140+00:00
2018-07-30,1210.0,1210.0,1195.0,1200.0,1306,1200.0,2026-09-03T19:33:53.771140+00:00
2018-07-31,1195.0,1200.0,1190.0,1191.0,1402,1191.0,2026-09-03T19:33:53.771140+00:00
2018-08-01,1200.0,1210.0,1194.0,1210.0,514,1210.0,2026-09-03T19:33:53.771140+00:00
2018-08-02,1200.0,1201.0,1200.0,1200.0,124,1200.0,2026-09-03T19:33:53.771140+00:00
2018-08-05,1210.0,1210.0,1200.0,1202.0,2590,1202.0,2026-09-03T19:33:53.771140+00:00
2018-08-06,1226.0,1226.0,1200.0,1205.0,1973,1205.0,2026-09-03T19:33:53.771140+00:00
2018-08-07,1229.0,1251.0,1210.0,1224.0,1198,1224.0,2026-09-03T19:33:53.771140+00:00
2018-08-08,1224.0,1248.0,1224.0,1248.0,1397,1248.0,2026-09-03T19:33:53.771140+00:00
2018-08-09,1245.0,1245.0,1220.0,1223.0,659,1223.0,2026-09-03T19:33:53.771140+00:00
2018-08-12,1210.0,1210.0,1200.0,1206.0,930,1206.0,2026-09-03T19:33:53.771140+00:00
2018-08-13,1209.0,1210.0,1200.0,1200.0,1430,1200.0,2026-09-03T19:33:53.771140+00:00
2018-08-14,1200.0,1228.0,1200.0,1228.0,1321,1228.0,2026-09-03T19:33:53.771140+00:00
2018-08-15,1204.0,1265.0,1200.0,1265.0,937,1265.0,2026-09-03T19:33:53.771140+00:00
2018-08-16,1250.0,1264.0,1225.0,1247.0,1591,1247.0,2026-09-03T19:33:53.771140+00:00
2018-08-19,1250.0,1250.0,1225.0,1234.0,3638,1234.0,2026-09-03T19:33:53.771140+00:00
2018-08-20,1220.0,1230.0,1220.0,1221.0,425,1221.0,2026-09-03T19:33:53.771140+00:00
2018-08-21,1230.0,1230.0,1230.0,1230.0,150,1230.0,2026-09-03T19:33:53.771140+00:00
2018-08-22,1215.0,1219.0,1210.0,1219.0,12136,1219.0,2026-09-03T19:33:53.771140+00:00
2018-08-23,1207.0,1225.0,1207.0,1225.0,249,1225.0,2026-09-03T19:33:53.771140+00:00
2018-08-26,1201.0,1225.0,1201.0,1211.0,380,1211.0,2026-09-03T19:33:53.771140+00:00
2018-08-28,1190.0,1220.0,1187.0,1220.0,1019,1220.0,2026-09-03T19:33:53.771140+00:00
2018-08-29,1202.0,1209.0,1202.0,1203.0,235,1203.0,2026-09-03T19:33:53.771140+00:00
2018-08-30,1205.0,1247.0,1205.0,1223.0,423,1223.0,2026-09-03T19:33:53.771140+00:00
2018-09-02,1225.0,1269.0,1220.0,1264.0,1970,1264.0,2026-09-03T19:33:53.771140+00:00
2018-09-03,1270.0,1280.0,1240.0,1265.0,2803,1265.0,2026-09-03T19:33:53.771140+00:00
2018-09-04,1250.0,1280.0,1250.0,1263.0,3223,1263.0,2026-09-03T19:33:53.771140+00:00
2018-09-05,1288.0,1310.0,1277.0,1310.0,6328,1310.0,2026-09-03T19:33:53.771140+00:00
2018-09-06,1301.0,1305.0,1284.0,1300.0,4395,1300.0,2026-09-03T19:33:53.771140+00:00
2018-09-09,1274.0,1299.0,1255.0,1255.0,850,1255.0,2026-09-03T19:33:53.771140+00:00
2018-09-10,1260.0,1265.0,1256.0,1256.0,533,1256.0,2026-09-03T19:33:53.771140+00:00
2018-09-11,1280.0,1310.0,1280.0,1285.0,3731,1285.0,2026-09-03T19:33:53.771140+00:00
2018-09-12,1300.0,1343.0,1299.0,1343.0,12689,1343.0,2026-09-03T19:33:53.771140+00:00
2018-09-13,1350.0,1350.0,1294.0,1339.0,3419,1339.0,2026-09-03T19:33:53.771140+00:00
2018-09-16,1365.0,1365.0,1299.0,1299.0,4362,1299.0,2026-09-03T19:33:53.771140+00:00
2018-09-17,1309.0,1313.0,1291.0,1300.0,2476,1300.0,2026-09-03T19:33:53.771140+00:00
2018-09-18,1314.0,1314.0,1300.0,1307.0,1266,1307.0,2026-09-03T19:33:53.771140+00:00
2018-09-20,1305.0,1313.0,1295.0,1310.0,3263,1310.0,2026-09-03T19:33:53.771140+00:00
2018-09-23,1300.0,1313.0,1275.0,1290.0,3590,1290.0,2026-09-03T19:33:53.771140+00:00
2018-09-25,1315.0,1315.0,1271.0,1283.0,2095,1283.0,2026-09-03T19:33:53.771140+00:00
2018-09-26,1315.0,1319.0,1278.0,1289.0,6995,1289.0,2026-09-03T19:33:53.771140+00:00
2018-09-27,1290.0,1295.0,1275.0,1277.0,3918,1277.0,2026-09-03T19:33:53.771140+00:00
2018-09-30,1265.0,1274.0,1261.0,1263.0,2029,1263.0,2026-09-03T19:33:53.771140+00:00
2018-10-01,1252.0,1275.0,1236.0,1238.0,1920,1238.0,2026-09-03T19:33:53.771140+00:00
2018-10-02,1235.0,1246.0,1229.0,1229.0,1120,1229.0,2026-09-03T19:33:53.771140+00:00
2018-10-03,1230.0,1234.0,1215.0,1234.0,1031,1234.0,2026-09-03T19:33:53.771140+00:00
2018-10-04,1229.0,1230.0,1212.0,1212.0,943,1212.0,2026-09-03T19:33:53.771140+00:00
2018-10-07,1195.0,1210.0,1192.0,1193.0,1292,1193.0,2026-09-03T19:33:53.771140+00:00
2018-10-08,1211.0,1214.0,1190.0,1209.0,2201,1209.0,2026-09-03T19:33:53.771140+00:00
2018-10-09,1210.0,1210.0,1189.0,1190.0,683,1190.0,2026-09-03T19:33:53.771140+00:00
2018-10-10,1186.0,1186.0,1182.0,1182.0,525,1182.0,2026-09-03T19:33:53.771140+00:00
2018-10-11,1200.0,1210.0,1200.0,1208.0,640,1208.0,2026-09-03T19:33:53.771140+00:00
2018-10-14,1225.0,1225.0,1209.0,1210.0,686,1210.0,2026-09-03T19:33:53.771140+00:00
2018-10-15,1210.0,1210.0,1200.0,1200.0,850,1200.0,2026-09-03T19:33:53.771140+00:00
2018-10-22,1201.0,1224.0,1200.0,1224.0,390,1224.0,2026-09-03T19:33:53.771140+00:00
2018-10-23,1210.0,1210.0,1200.0,1200.0,100,1200.0,2026-09-03T19:33:53.771140+00:00
2018-10-24,1199.0,1202.0,1199.0,1200.0,516,1200.0,2026-09-03T19:33:53.771140+00:00
2018-10-25,1210.0,1210.0,1186.0,1186.0,1350,1186.0,2026-09-03T19:33:53.771140+00:00
2018-10-28,1170.0,1188.0,1163.0,1188.0,1344,1188.0,2026-09-03T19:33:53.771140+00:00
2018-10-29,1165.0,1185.0,1165.0,1165.0,718,1165.0,2026-09-03T19:33:53.771140+00:00
2018-10-30,1142.0,1175.0,1142.0,1169.0,885,1169.0,2026-09-03T19:33:53.771140+00:00
2018-10-31,1175.0,1175.0,1167.0,1167.0,388,1167.0,2026-09-03T19:33:53.771140+00:00
2018-11-01,1190.0,1190.0,1180.0,1190.0,146,1190.0,2026-09-03T19:33:53.771140+00:00
2018-11-04,1180.0,1180.0,1178.0,1178.0,314,1178.0,2026-09-03T19:33:53.771140+00:00
2018-11-05,1180.0,1205.0,1180.0,1205.0,769,1205.0,2026-09-03T19:33:53.771140+00:00
2018-11-06,1205.0,1201.0,1178.0,1201.0,200,1201.0,2026-09-03T19:33:53.771140+00:00
2018-11-11,1201.0,1201.0,1156.0,1156.0,419,1156.0,2026-09-03T19:33:53.771140+00:00
2018-11-12,1150.0,1156.0,1136.0,1136.0,1270,1136.0,2026-09-03T19:33:53.771140+00:00
2018-11-13,1163.0,1170.0,1141.0,1163.0,610,1163.0,2026-09-03T19:33:53.771140+00:00
2018-11-14,1155.0,1174.0,1155.0,1174.0,112,1174.0,2026-09-03T19:33:53.771140+00:00
2018-11-15,1165.0,1165.0,1160.0,1160.0,400,1160.0,2026-09-03T19:33:53.771140+00:00
2018-11-18,1160.0,1165.0,1153.0,1153.0,351,1153.0,2026-09-03T19:33:53.771140+00:00
2018-11-19,1144.0,1153.0,1137.0,1138.0,517,1138.0,2026-09-03T19:33:53.771140+00:00
2018-11-20,1136.0,1138.0,1135.0,1135.0,300,1135.0,2026-09-03T19:33:53.771140+00:00
2018-11-21,1131.0,1131.0,1126.0,1126.0,350,1126.0,2026-09-03T19:33:53.771140+00:00
2018-11-22,1130.0,1130.0,1103.0,1104.0,1060,1104.0,2026-09-03T19:33:53.771140+00:00
2018-11-25,1104.0,1105.0,1083.0,1083.0,676,1083.0,2026-09-03T19:33:53.771140+00:00
2018-11-26,1080.0,1082.0,1070.0,1071.0,971,1071.0,2026-09-03T19:33:53.771140+00:00
2018-11-27,1075.0,1092.0,1070.0,1070.0,658,1070.0,2026-09-03T19:33:53.771140+00:00
2018-11-28,1090.0,1090.0,1063.0,1063.0,560,1063.0,2026-09-03T19:33:53.771140+00:00
2018-11-29,1061.0,1070.0,1050.0,1050.0,674,1050.0,2026-09-03T19:33:53.771140+00:00
2018-12-02,1035.0,1050.0,1014.0,1014.0,1711,1014.0,2026-09-03T19:33:53.771140+00:00
2018-12-03,1014.0,1034.0,996.0,1000.0,737,1000.0,2026-09-03T19:33:53.771140+00:00
2018-12-04,1000.0,1039.0,1000.0,1039.0,500,1039.0,2026-09-03T19:33:53.771140+00:00
2018-12-05,1020.0,1020.0,990.0,990.0,2554,990.0,2026-09-03T19:33:53.771140+00:00
2018-12-06,975.0,1009.0,975.0,1000.0,1445,1000.0,2026-09-03T19:33:53.771140+00:00
2018-12-09,980.0,1030.0,980.0,1030.0,309,1030.0,2026-09-03T19:33:53.771140+00:00
2018-12-10,1045.0,1052.0,1030.0,1047.0,1043,1047.0,2026-09-03T19:33:53.771140+00:00
2018-12-11,1040.0,1040.0,1020.0,1020.0,370,1020.0,2026-09-03T19:33:53.771140+00:00
2018-12-12,1001.0,1005.0,990.0,1005.0,980,1005.0,2026-09-03T19:33:53.771140+00:00
2018-12-13,1000.0,1030.0,1000.0,1010.0,2150,1010.0,2026-09-03T19:33:53.771140+00:00
2018-12-16,1030.0,1049.0,1030.0,1045.0,250,1045.0,2026-09-03T19:33:53.771140+00:00
2018-12-17,1045.0,1100.0,1035.0,1090.0,1578,1090.0,2026-09-03T19:33:53.771140+00:00
2018-12-18,1110.0,1134.0,1057.0,1057.0,3437,1057.0,2026-09-03T19:33:53.771140+00:00
2018-12-19,1050.0,1065.0,1049.0,1060.0,930,1060.0,2026-09-03T19:33:53.771140+00:00
2018-12-20,1080.0,1080.0,1045.0,1060.0,1584,1060.0,2026-09-03T19:33:53.771140+00:00
2018-12-23,1081.0,1109.0,1081.0,1106.0,3275,1106.0,2026-09-03T19:33:53.771140+00:00
2018-12-24,1115.0,1137.0,1095.0,1108.0,9854,1108.0,2026-09-03T19:33:53.771140+00:00
2018-12-25,904.0,904.0,865.0,880.0,1140,880.0,2026-09-03T19:33:53.771140+00:00
2018-12-26,870.0,910.0,870.0,908.0,1328,908.0,2026-09-03T19:33:53.771140+00:00
2018-12-27,920.0,925.0,878.0,878.0,2517,878.0,2026-09-03T19:33:53.771140+00:00
2018-12-30,895.0,895.0,866.0,870.0,1550,870.0,2026-09-03T19:33:53.771140+00:00
2018-12-31,865.0,867.0,850.0,858.0,1365,858.0,2026-09-03T19:33:53.771140+00:00
2019-01-01,845.0,846.0,840.0,845.0,300,845.0,2026-09-03T19:33:53.771140+00:00
2019-01-02,850.0,865.0,850.0,860.0,418,860.0,2026-09-03T19:33:53.771140+00:00
2019-01-03,882.0,882.0,855.0,855.0,1902,855.0,2026-09-03T19:33:53.771140+00:00
2019-01-06,838.0,848.0,830.0,848.0,695,848.0,2026-09-03T19:33:53.771140+00:00
2019-01-07,860.0,864.0,855.0,855.0,510,855.0,2026-09-03T19:33:53.771140+00:00
2019-01-08,860.0,865.0,854.0,860.0,2370,860.0,2026-09-03T19:33:53.771140+00:00
2019-01-09,860.0,868.0,847.0,868.0,630,868.0,2026-09-03T19:33:53.771140+00:00
2019-01-10,860.0,861.0,857.0,860.0,431,860.0,2026-09-03T19:33:53.771140+00:00
2019-01-14,865.0,865.0,833.0,845.0,1030,845.0,2026-09-03T19:33:53.771140+00:00
2019-01-15,850.0,875.0,850.0,875.0,1501,875.0,2026-09-03T19:33:53.771140+00:00
2019-01-16,885.0,885.0,860.0,860.0,1521,860.0,2026-09-03T19:33:53.771140+00:00
2019-01-17,865.0,870.0,861.0,861.0,550,861.0,2026-09-03T19:33:53.771140+00:00
2019-01-20,855.0,855.0,850.0,851.0,244,851.0,2026-09-03T19:33:53.771140+00:00
2019-01-21,851.0,851.0,837.0,837.0,1198,837.0,2026-09-03T19:33:53.771140+00:00
2019-01-22,835.0,850.0,835.0,841.0,956,841.0,2026-09-03T19:33:53.771140+00:00
2019-01-23,842.0,856.0,842.0,847.0,816,847.0,2026-09-03T19:33:53.771140+00:00
2019-01-24,840.0,846.0,840.0,845.0,2540,845.0,2026-09-03T19:33:53.771140+00:00
2019-01-27,845.0,846.0,845.0,845.0,1050,845.0,2026-09-03T19:33:53.771140+00:00
2019-01-28,850.0,850.0,845.0,845.0,190,845.0,2026-09-03T19:33:53.771140+00:00
2019-01-29,845.0,850.0,842.0,850.0,530,850.0,2026-09-03T19:33:53.771140+00:00
2019-01-30,850.0,855.0,849.0,855.0,370,855.0,2026-09-03T19:33:53.771140+00:00
2019-01-31,855.0,859.0,851.0,853.0,1190,853.0,2026-09-03T19:33:53.771140+00:00
2019-02-03,850.0,850.0,843.0,844.0,1340,844.0,2026-09-03T19:33:53.771140+00:00
2019-02-04,840.0,840.0,832.0,832.0,1495,832.0,2026-09-03T19:33:53.771140+00:00
2019-02-05,835.0,840.0,833.0,837.0,1207,837.0,2026-09-03T19:33:53.771140+00:00
2019-02-06,832.0,832.0,831.0,831.0,100,831.0,2026-09-03T19:33:53.771140+00:00
2019-02-07,831.0,838.0,831.0,831.0,335,831.0,2026-09-03T19:33:53.771140+00:00
2019-02-10,825.0,825.0,816.0,816.0,2073,816.0,2026-09-03T19:33:53.771140+00:00
2019-02-11,825.0,830.0,813.0,830.0,936,830.0,2026-09-03T19:33:53.771140+00:00
2019-02-12,826.0,826.0,814.0,814.0,304,814.0,2026-09-03T19:33:53.771140+00:00
2019-02-13,800.0,817.0,800.0,800.0,954,800.0,2026-09-03T19:33:53.771140+00:00
2019-02-14,795.0,796.0,794.0,794.0,204,794.0,2026-09-03T19:33:53.771140+00:00
2019-02-17,785.0,785.0,772.0,772.0,302,772.0,2026-09-03T19:33:53.771140+00:00
2019-02-18,770.0,800.0,770.0,800.0,190,800.0,2026-09-03T19:33:53.771140+00:00
2019-02-19,786.0,814.0,784.0,814.0,882,814.0,2026-09-03T19:33:53.771140+00:00
2019-02-20,823.0,830.0,814.0,825.0,1916,825.0,2026-09-03T19:33:53.771140+00:00
2019-02-24,816.0,816.0,809.0,809.0,150,809.0,2026-09-03T19:33:53.771140+00:00
2019-02-25,820.0,820.0,815.0,815.0,40,815.0,2026-09-03T19:33:53.771140+00:00
2019-02-26,825.0,825.0,804.0,805.0,457,805.0,2026-09-03T19:33:53.771140+00:00
2019-02-27,792.0,792.0,780.0,780.0,570,780.0,2026-09-03T19:33:53.771140+00:00
2019-03-03,779.0,780.0,775.0,775.0,444,775.0,2026-09-03T19:33:53.771140+00:00
2019-03-05,790.0,790.0,781.0,781.0,80,781.0,2026-09-03T19:33:53.771140+00:00
2019-03-06,785.0,800.0,785.0,800.0,255,800.0,2026-09-03T19:33:53.771140+00:00
2019-03-07,808.0,815.0,808.0,815.0,120,815.0,2026-09-03T19:33:53.771140+00:00
2019-03-11,815.0,829.0,815.0,829.0,30,829.0,2026-09-03T19:33:53.771140+00:00
2019-03-12,840.0,840.0,829.0,835.0,916,835.0,2026-09-03T19:33:53.771140+00:00
2019-03-13,825.0,825.0,823.0,823.0,656,823.0,2026-09-03T19:33:53.771140+00:00
2019-03-14,829.0,829.0,829.0,829.0,100,829.0,2026-09-03T19:33:53.771140+00:00
2019-03-17,830.0,845.0,830.0,840.0,1355,840.0,2026-09-03T19:33:53.771140+00:00
2019-03-18,840.0,840.0,832.0,835.0,2440,835.0,2026-09-03T19:33:53.771140+00:00
2019-03-19,835.0,835.0,835.0,835.0,72,835.0,2026-09-03T19:33:53.771140+00:00
2019-03-21,821.0,833.0,821.0,824.0,260,824.0,2026-09-03T19:33:53.771140+00:00
2019-03-24,820.0,820.0,820.0,820.0,60,820.0,2026-09-03T19:33:53.771140+00:00
2019-03-25,810.0,820.0,810.0,820.0,142,820.0,2026-09-03T19:33:53.771140+00:00
2019-03-26,810.0,824.0,810.0,817.0,806,817.0,2026-09-03T19:33:53.771140+00:00
2019-03-27,821.0,824.0,820.0,820.0,1170,820.0,2026-09-03T19:33:53.771140+00:00
2019-03-31,805.0,815.0,805.0,815.0,60,815.0,2026-09-03T19:33:53.771140+00:00
2019-04-01,825.0,831.0,825.0,830.0,619,830.0,2026-09-03T19:33:53.771140+00:00
2019-04-02,821.0,830.0,820.0,830.0,247,830.0,2026-09-03T19:33:53.771140+00:00
2019-04-03,834.0,835.0,831.0,831.0,750,831.0,2026-09-03T19:33:53.771140+00:00
2019-04-04,820.0,820.0,815.0,815.0,161,815.0,2026-09-03T19:33:53.771140+00:00
2019-04-07,815.0,817.0,805.0,806.0,590,806.0,2026-09-03T19:33:53.771140+00:00
2019-04-08,793.0,840.0,792.0,830.0,1203,830.0,2026-09-03T19:33:53.771140+00:00
2019-04-09,830.0,840.0,820.0,820.0,13188,820.0,2026-09-03T19:33:53.771140+00:00
2019-04-10,821.0,821.0,809.0,809.0,1402,809.0,2026-09-03T19:33:53.771140+00:00
2019-04-11,815.0,827.0,815.0,827.0,270,827.0,2026-09-03T19:33:53.771140+00:00
2019-04-15,836.0,876.0,830.0,876.0,2715,876.0,2026-09-03T19:33:53.771140+00:00
2019-04-16,893.0,915.0,880.0,915.0,6131,915.0,2026-09-03T19:33:53.771140+00:00
2019-04-17,901.0,919.0,884.0,884.0,7447,884.0,2026-09-03T19:33:53.771140+00:00
2019-04-18,900.0,918.0,897.0,913.0,3195,913.0,2026-09-03T19:33:53.771140+00:00
2019-04-21,918.0,927.0,902.0,905.0,2016,905.0,2026-09-03T19:33:53.771140+00:00
2019-04-22,907.0,907.0,891.0,891.0,1970,891.0,2026-09-03T19:33:53.771140+00:00
2019-04-23,880.0,893.0,878.0,893.0,2418,893.0,2026-09-03T19:33:53.771140+00:00
2019-04-25,892.0,918.0,890.0,918.0,3066,918.0,2026-09-03T19:33:53.771140+00:00
2019-04-28,918.0,972.0,918.0,964.0,4265,964.0,2026-09-03T19:33:53.771140+00:00
2019-04-29,972.0,980.0,930.0,947.0,3714,947.0,2026-09-03T19:33:53.771140+00:00
2019-04-30,942.0,942.0,920.0,920.0,2005,920.0,2026-09-03T19:33:53.771140+00:00
2019-05-02,902.0,921.0,902.0,921.0,1738,921.0,2026-09-03T19:33:53.771140+00:00
2019-05-05,921.0,938.0,910.0,910.0,2372,910.0,2026-09-03T19:33:53.771140+00:00
2019-05-06,905.0,914.0,896.0,914.0,1689,914.0,2026-09-03T19:33:53.771140+00:00
2019-05-07,930.0,930.0,913.0,913.0,1267,913.0,2026-09-03T19:33:53.771140+00:00
2019-05-08,920.0,920.0,907.0,907.0,709,907.0,2026-09-03T19:33:53.771140+00:00
2019-05-09,900.0,901.0,896.0,896.0,1586,896.0,2026-09-03T19:33:53.771140+00:00
2019-05-12,890.0,910.0,878.0,910.0,3190,910.0,2026-09-03T19:33:53.771140+00:00
2019-05-13,910.0,928.0,890.0,895.0,2984,895.0,2026-09-03T19:33:53.771140+00:00
2019-05-14,899.0,930.0,890.0,909.0,4979,909.0,2026-09-03T19:33:53.771140+00:00
2019-05-15,905.0,920.0,905.0,919.0,1273,919.0,2026-09-03T19:33:53.771140+00:00
2019-05-16,925.0,935.0,915.0,932.0,6419,932.0,2026-09-03T19:33:53.771140+00:00
2019-05-19,932.0,932.0,915.0,932.0,3536,932.0,2026-09-03T19:33:53.771140+00:00
2019-05-20,915.0,915.0,906.0,906.0,829,906.0,2026-09-03T19:33:53.771140+00:00
2019-05-21,910.0,914.0,899.0,899.0,587,899.0,2026-09-03T19:33:53.771140+00:00
2019-05-22,914.0,933.0,914.0,914.0,1637,914.0,2026-09-03T19:33:53.771140+00:00
2019-05-23,912.0,915.0,906.0,906.0,1486,906.0,2026-09-03T19:33:53.771140+00:00
2019-05-26,908.0,910.0,901.0,901.0,528,901.0,2026-09-03T19:33:53.771140+00:00
2019-05-27,913.0,915.0,905.0,905.0,1237,905.0,2026-09-03T19:33:53.771140+00:00
2019-05-28,896.0,905.0,893.0,901.0,1505,901.0,2026-09-03T19:33:53.771140+00:00
2019-05-29,901.0,905.0,901.0,905.0,4030,905.0,2026-09-03T19:33:53.771140+00:00
2019-05-30,915.0,948.0,912.0,912.0,896,912.0,2026-09-03T19:33:53.771140+00:00
2019-06-02,900.0,900.0,890.0,890.0,170,890.0,2026-09-03T19:33:53.771140+00:00
2019-06-03,886.0,894.0,882.0,890.0,2025,890.0,2026-09-03T19:33:53.771140+00:00
2019-06-04,885.0,890.0,885.0,890.0,1511,890.0,2026-09-03T19:33:53.771140+00:00
2019-06-06,875.0,881.0,875.0,880.0,975,880.0,2026-09-03T19:33:53.771140+00:00
2019-06-10,874.0,879.0,869.0,869.0,1752,869.0,2026-09-03T19:33:53.771140+00:00
2019-06-11,874.0,880.0,873.0,880.0,931,880.0,2026-09-03T19:33:53.771140+00:00
2019-06-12,877.0,880.0,874.0,880.0,2301,880.0,2026-09-03T19:33:53.771140+00:00
2019-06-13,897.0,897.0,875.0,880.0,3987,880.0,2026-09-03T19:33:53.771140+00:00
2019-06-16,875.0,880.0,870.0,875.0,10164,875.0,2026-09-03T19:33:53.771140+00:00
2019-06-17,875.0,877.0,865.0,874.0,2298,874.0,2026-09-03T19:33:53.771140+00:00
2019-06-18,880.0,891.0,874.0,880.0,7127,880.0,2026-09-03T19:33:53.771140+00:00
2019-06-19,883.0,883.0,875.0,875.0,4428,875.0,2026-09-03T19:33:53.771140+00:00
2019-06-20,875.0,892.0,875.0,892.0,1299,892.0,2026-09-03T19:33:53.771140+00:00
2019-06-23,884.0,884.0,876.0,876.0,327,876.0,2026-09-03T19:33:53.771140+00:00
2019-06-24,874.0,897.0,874.0,897.0,1797,897.0,2026-09-03T19:33:53.771140+00:00
2019-06-25,898.0,910.0,898.0,900.0,10108,900.0,2026-09-03T19:33:53.771140+00:00
2019-06-26,900.0,902.0,885.0,885.0,1509,885.0,2026-09-03T19:33:53.771140+00:00
2019-06-27,902.0,914.0,902.0,907.0,2645,907.0,2026-09-03T19:33:53.771140+00:00
2019-06-30,900.0,915.0,880.0,880.0,2290,880.0,2026-09-03T19:33:53.771140+00:00
2019-07-01,875.0,885.0,875.0,876.0,1623,876.0,2026-09-03T19:33:53.771140+00:00
2019-07-02,875.0,895.0,875.0,888.0,452,888.0,2026-09-03T19:33:53.771140+00:00
2019-07-03,889.0,906.0,889.0,906.0,894,906.0,2026-09-03T19:33:53.771140+00:00
2019-07-04,900.0,900.0,892.0,892.0,1192,892.0,2026-09-03T19:33:53.771140+00:00
2019-07-07,883.0,885.0,883.0,885.0,657,885.0,2026-09-03T19:33:53.771140+00:00
2019-07-08,880.0,884.0,876.0,884.0,1902,884.0,2026-09-03T19:33:53.771140+00:00
2019-07-09,884.0,884.0,876.0,876.0,270,876.0,2026-09-03T19:33:53.771140+00:00
2019-07-10,880.0,880.0,875.0,875.0,5701,875.0,2026-09-03T19:33:53.771140+00:00
2019-07-11,880.0,880.0,875.0,875.0,3200,875.0,2026-09-03T19:33:53.771140+00:00
2019-07-14,885.0,885.0,877.0,877.0,3437,877.0,2026-09-03T19:33:53.771140+00:00
2019-07-15,875.0,880.0,875.0,875.0,4690,875.0,2026-09-03T19:33:53.771140+00:00
2019-07-16,877.0,880.0,875.0,875.0,6690,875.0,2026-09-03T19:33:53.771140+00:00
2019-07-17,892.0,918.0,892.0,903.0,870,903.0,2026-09-03T19:33:53.771140+00:00
2019-07-18,903.0,909.0,902.0,903.0,2820,903.0,2026-09-03T19:33:53.771140+00:00
2019-07-21,908.0,908.0,900.0,900.0,4439,900.0,2026-09-03T19:33:53.771140+00:00
2019-07-22,897.0,905.0,895.0,905.0,1069,905.0,2026-09-03T19:33:53.771140+00:00
2019-07-23,906.0,918.0,906.0,918.0,582,918.0,2026-09-03T19:33:53.771140+00:00
2019-07-24,917.0,933.0,917.0,930.0,1780,930.0,2026-09-03T19:33:53.771140+00:00
2019-07-25,920.0,925.0,905.0,920.0,5293,920.0,2026-09-03T19:33:53.771140+00:00
2019-07-28,902.0,903.0,880.0,880.0,1155,880.0,2026-09-03T19:33:53.771140+00:00
2019-07-29,897.0,897.0,885.0,890.0,1597,890.0,2026-09-03T19:33:53.771140+00:00
2019-07-30,905.0,918.0,901.0,918.0,1902,918.0,2026-09-03T19:33:53.771140+00:00
2019-07-31,909.0,935.0,909.0,935.0,2445,935.0,2026-09-03T19:33:53.771140+00:00
2019-08-01,937.0,949.0,918.0,936.0,4499,936.0,2026-09-03T19:33:53.771140+00:00
2019-08-04,951.0,955.0,941.0,944.0,5446,944.0,2026-09-03T19:33:53.771140+00:00
2019-08-05,954.0,988.0,935.0,935.0,7699,935.0,2026-09-03T19:33:53.771140+00:00
2019-08-06,927.0,937.0,927.0,937.0,1507,937.0,2026-09-03T19:33:53.771140+00:00
2019-08-07,930.0,950.0,930.0,950.0,2523,950.0,2026-09-03T19:33:53.771140+00:00
2019-08-08,948.0,948.0,940.0,940.0,583,940.0,2026-09-03T19:33:53.771140+00:00
2019-08-11,924.0,928.0,920.0,925.0,942,925.0,2026-09-03T19:33:53.771140+00:00
2019-08-12,925.0,925.0,915.0,915.0,449,915.0,2026-09-03T19:33:53.771140+00:00
2019-08-13,925.0,925.0,910.0,910.0,700,910.0,2026-09-03T19:33:53.771140+00:00
2019-08-14,910.0,925.0,906.0,925.0,825,925.0,2026-09-03T19:33:53.771140+00:00
2019-08-15,924.0,925.0,916.0,918.0,1650,918.0,2026-09-03T19:33:53.771140+00:00
2019-08-18,913.0,923.0,912.0,915.0,2235,915.0,2026-09-03T19:33:53.771140+00:00
2019-08-19,912.0,933.0,912.0,919.0,1581,919.0,2026-09-03T19:33:53.771140+00:00
2019-08-20,919.0,919.0,915.0,915.0,161,915.0,2026-09-03T19:33:53.771140+00:00
2019-08-21,916.0,923.0,914.0,923.0,3342,923.0,2026-09-03T19:33:53.771140+00:00
2019-08-22,930.0,930.0,921.0,921.0,2524,921.0,2026-09-03T19:33:53.771140+00:00
2019-08-25,917.0,922.0,917.0,921.0,590,921.0,2026-09-03T19:33:53.771140+00:00
2019-08-26,921.0,924.0,918.0,918.0,2250,918.0,2026-09-03T19:33:53.771140+00:00
2019-08-27,925.0,939.0,922.0,934.0,1159,934.0,2026-09-03T19:33:53.771140+00:00
2019-08-28,930.0,930.0,920.0,920.0,1025,920.0,2026-09-03T19:33:53.771140+00:00
2019-08-29,910.0,935.0,910.0,935.0,2526,935.0,2026-09-03T19:33:53.771140+00:00
2019-09-01,920.0,925.0,919.0,925.0,1187,925.0,2026-09-03T19:33:53.771140+00:00
2019-09-02,919.0,920.0,912.0,912.0,4428,912.0,2026-09-03T19:33:53.771140+00:00
2019-09-03,905.0,928.0,905.0,928.0,4499,928.0,2026-09-03T19:33:53.771140+00:00
2019-09-04,928.0,940.0,926.0,926.0,1067,926.0,2026-09-03T19:33:53.771140+00:00
2019-09-05,928.0,930.0,925.0,925.0,909,925.0,2026-09-03T19:33:53.771140+00:00
2019-09-08,916.0,920.0,916.0,919.0,2030,919.0,2026-09-03T19:33:53.771140+00:00
2019-09-09,912.0,913.0,908.0,908.0,351,908.0,2026-09-03T19:33:53.771140+00:00
2019-09-10,913.0,913.0,913.0,913.0,10,913.0,2026-09-03T19:33:53.771140+00:00
2019-09-11,914.0,925.0,910.0,910.0,3797,910.0,2026-09-03T19:33:53.771140+00:00
2019-09-12,910.0,911.0,908.0,909.0,4403,909.0,2026-09-03T19:33:53.771140+00:00
2019-09-15,906.0,909.0,897.0,902.0,5528,902.0,2026-09-03T19:33:53.771140+00:00
2019-09-16,895.0,900.0,889.0,900.0,2231,900.0,2026-09-03T19:33:53.771140+00:00
2019-09-17,900.0,918.0,900.0,918.0,1028,918.0,2026-09-03T19:33:53.771140+00:00
2019-09-18,917.0,944.0,917.0,944.0,1670,944.0,2026-09-03T19:33:53.771140+00:00
2019-09-19,933.0,944.0,930.0,930.0,86,930.0,2026-09-03T19:33:53.771140+00:00
2019-09-22,908.0,908.0,900.0,900.0,503,900.0,2026-09-03T19:33:53.771140+00:00
2019-09-23,905.0,905.0,905.0,905.0,300,905.0,2026-09-03T19:33:53.771140+00:00
2019-09-24,923.0,923.0,900.0,900.0,645,900.0,2026-09-03T19:33:53.771140+00:00
2019-09-25,900.0,900.0,900.0,900.0,315,900.0,2026-09-03T19:33:53.771140+00:00
2019-09-26,900.0,905.0,893.0,893.0,353,893.0,2026-09-03T19:33:53.771140+00:00
2019-09-29,896.0,896.0,891.0,891.0,1129,891.0,2026-09-03T19:33:53.771140+00:00
2019-09-30,900.0,906.0,894.0,906.0,1400,906.0,2026-09-03T19:33:53.771140+00:00
2019-10-01,918.0,918.0,916.0,917.0,530,917.0,2026-09-03T19:33:53.771140+00:00
2019-10-02,918.0,927.0,905.0,905.0,818,905.0,2026-09-03T19:33:53.771140+00:00
2019-10-03,923.0,938.0,921.0,921.0,5096,921.0,2026-09-03T19:33:53.771140+00:00
2019-10-10,925.0,925.0,925.0,925.0,50,925.0,2026-09-03T19:33:53.771140+00:00
2019-10-14,925.0,925.0,915.0,915.0,480,915.0,2026-09-03T19:33:53.771140+00:00
2019-10-15,915.0,915.0,915.0,915.0,99,915.0,2026-09-03T19:33:53.771140+00:00
2019-10-16,908.0,908.0,900.0,900.0,750,900.0,2026-09-03T19:33:53.771140+00:00
2019-10-17,910.0,915.0,895.0,915.0,580,915.0,2026-09-03T19:33:53.771140+00:00
2019-10-20,907.0,918.0,907.0,918.0,330,918.0,2026-09-03T19:33:53.771140+00:00
2019-10-21,915.0,915.0,913.0,913.0,170,913.0,2026-09-03T19:33:53.771140+00:00
2019-10-22,914.0,920.0,910.0,910.0,1026,910.0,2026-09-03T19:33:53.771140+00:00
2019-10-23,910.0,911.0,910.0,911.0,1241,911.0,2026-09-03T19:33:53.771140+00:00
2019-10-24,911.0,912.0,906.0,906.0,1891,906.0,2026-09-03T19:33:53.771140+00:00
2019-10-31,903.0,906.0,901.0,906.0,72,906.0,2026-09-03T19:33:53.771140+00:00
2019-11-03,902.0,906.0,900.0,900.0,1565,900.0,2026-09-03T19:33:53.771140+00:00
2019-11-04,903.0,915.0,902.0,910.0,2099,910.0,2026-09-03T19:33:53.771140+00:00
2019-11-05,902.0,912.0,902.0,909.0,342,909.0,2026-09-03T19:33:53.771140+00:00
2019-11-06,905.0,929.0,905.0,929.0,3234,929.0,2026-09-03T19:33:53.771140+00:00
2019-11-07,922.0,932.0,922.0,930.0,1820,930.0,2026-09-03T19:33:53.771140+00:00
2019-11-10,940.0,940.0,925.0,925.0,4379,925.0,2026-09-03T19:33:53.771140+00:00
2019-11-11,927.0,949.0,925.0,949.0,4342,949.0,2026-09-03T19:33:53.771140+00:00
2019-11-12,944.0,944.0,934.0,935.0,545,935.0,2026-09-03T19:33:53.771140+00:00
2019-11-13,935.0,935.0,934.0,934.0,425,934.0,2026-09-03T19:33:53.771140+00:00
2019-11-14,935.0,938.0,925.0,925.0,1407,925.0,2026-09-03T19:33:53.771140+00:00
2019-11-17,932.0,935.0,930.0,934.0,2854,934.0,2026-09-03T19:33:53.771140+00:00
2019-11-18,934.0,934.0,929.0,929.0,512,929.0,2026-09-03T19:33:53.771140+00:00
2019-11-19,935.0,935.0,928.0,935.0,937,935.0,2026-09-03T19:33:53.771140+00:00
2019-11-20,935.0,935.0,921.0,921.0,919,921.0,2026-09-03T19:33:53.771140+00:00
2019-11-21,926.0,926.0,925.0,925.0,268,925.0,2026-09-03T19:33:53.771140+00:00
2019-11-24,943.0,943.0,913.0,913.0,2100,913.0,2026-09-03T19:33:53.771140+00:00
2019-11-25,920.0,930.0,901.0,920.0,3196,920.0,2026-09-03T19:33:53.771140+00:00
2019-11-26,920.0,920.0,913.0,915.0,282,915.0,2026-09-03T19:33:53.771140+00:00
2019-11-27,933.0,935.0,930.0,933.0,1622,933.0,2026-09-03T19:33:53.771140+00:00
2019-11-28,932.0,932.0,925.0,926.0,5273,926.0,2026-09-03T19:33:53.771140+00:00
2019-12-01,926.0,937.0,920.0,927.0,567,927.0,2026-09-03T19:33:53.771140+00:00
2019-12-02,925.0,925.0,915.0,920.0,2140,920.0,2026-09-03T19:33:53.771140+00:00
2019-12-03,938.0,938.0,930.0,930.0,2535,930.0,2026-09-03T19:33:53.771140+00:00
2019-12-04,939.0,955.0,937.0,940.0,3514,940.0,2026-09-03T19:33:53.771140+00:00
2019-12-05,950.0,985.0,950.0,985.0,13104,985.0,2026-09-03T19:33:53.771140+00:00
2019-12-08,985.0,990.0,967.0,990.0,2576,990.0,2026-09-03T19:33:53.771140+00:00
2019-12-09,995.0,1025.0,995.0,1020.0,16497,1020.0,2026-09-03T19:33:53.771140+00:00
2019-12-10,1020.0,1025.0,1003.0,1021.0,10441,1021.0,2026-09-03T19:33:53.771140+00:00
2019-12-11,1030.0,1079.0,1030.0,1066.0,10166,1066.0,2026-09-03T19:33:53.771140+00:00
2019-12-12,1087.0,1087.0,1052.0,1060.0,9272,1060.0,2026-09-03T19:33:53.771140+00:00
2019-12-15,1070.0,1070.0,1041.0,1042.0,18318,1042.0,2026-09-03T19:33:53.771140+00:00
2019-12-16,1050.0,1057.0,1030.0,1031.0,22561,1031.0,2026-09-03T19:33:53.771140+00:00
2019-12-17,814.0,843.0,814.0,820.0,4351,820.0,2026-09-03T19:33:53.771140+00:00
2019-12-18,815.0,822.0,809.0,809.0,970,809.0,2026-09-03T19:33:53.771140+00:00
2019-12-19,808.0,820.0,808.0,809.0,1848,809.0,2026-09-03T19:33:53.771140+00:00
2019-12-22,818.0,818.0,802.0,816.0,181,816.0,2026-09-03T19:33:53.771140+00:00
2019-12-23,828.0,828.0,820.0,825.0,1839,825.0,2026-09-03T19:33:53.771140+00:00
2019-12-24,822.0,825.0,814.0,825.0,1021,825.0,2026-09-03T19:33:53.771140+00:00
2019-12-25,820.0,822.0,815.0,822.0,1921,822.0,2026-09-03T19:33:53.771140+00:00
2019-12-26,822.0,822.0,820.0,822.0,534,822.0,2026-09-03T19:33:53.771140+00:00
2019-12-29,820.0,822.0,815.0,815.0,1612,815.0,2026-09-03T19:33:53.771140+00:00
2019-12-30,815.0,825.0,813.0,820.0,1761,820.0,2026-09-03T19:33:53.771140+00:00
2019-12-31,826.0,838.0,825.0,838.0,6509,838.0,2026-09-03T19:33:53.771140+00:00
2020-01-01,845.0,860.0,842.0,854.0,3543,854.0,2026-09-03T19:33:53.771140+00:00
2020-01-02,865.0,871.0,860.0,862.0,4195,862.0,2026-09-03T19:33:53.771140+00:00
2020-01-05,879.0,893.0,870.0,889.0,4052,889.0,2026-09-03T19:33:53.771140+00:00
2020-01-06,906.0,906.0,883.0,899.0,8204,899.0,2026-09-03T19:33:53.771140+00:00
2020-01-07,890.0,915.0,890.0,914.0,6603,914.0,2026-09-03T19:33:53.771140+00:00
2020-01-08,910.0,924.0,890.0,909.0,7284,909.0,2026-09-03T19:33:53.771140+00:00
2020-01-09,912.0,956.0,912.0,939.0,2730,939.0,2026-09-03T19:33:53.771140+00:00
2020-01-12,957.0,1000.0,955.0,995.0,7390,995.0,2026-09-03T19:33:53.771140+00:00
2020-01-13,1014.0,999.0,1000.0,981.0,13904,981.0,2026-09-03T19:33:53.771140+00:00
2020-01-14,963.0,994.0,963.0,979.0,13184,979.0,2026-09-03T19:33:53.771140+00:00
2020-01-15,998.0,999.0,1000.0,1000.0,6592,1000.0,2026-09-03T19:33:53.771140+00:00
2020-01-16,1014.0,1049.0,1011.0,1039.0,11148,1039.0,2026-09-03T19:33:53.771140+00:00
2020-01-19,1058.0,1098.0,1039.0,1080.0,10274,1080.0,2026-09-03T19:33:53.771140+00:00
2020-01-20,1060.0,1070.0,1032.0,1050.0,5866,1050.0,2026-09-03T19:33:53.771140+00:00
2020-01-21,1065.0,1065.0,1024.0,1037.0,4313,1037.0,2026-09-03T19:33:53.771140+00:00
2020-01-22,1020.0,1035.0,1017.0,1035.0,2695,1035.0,2026-09-03T19:33:53.771140+00:00
2020-01-23,1035.0,1040.0,1009.0,1019.0,2885,1019.0,2026-09-03T19:33:53.771140+00:00
2020-01-26,1015.0,1039.0,999.0,1009.0,5648,1009.0,2026-09-03T19:33:53.771140+00:00
2020-01-27,1001.0,1050.0,1001.0,1043.0,7685,1043.0,2026-09-03T19:33:53.771140+00:00
2020-01-28,1055.0,1115.0,1055.0,1078.0,14408,1078.0,2026-09-03T19:33:53.771140+00:00
2020-01-29,1068.0,1128.0,1068.0,1123.0,38940,1123.0,2026-09-03T19:33:53.771140+00:00
2020-01-30,1139.0,1150.0,1110.0,1118.0,12555,1118.0,2026-09-03T19:33:53.771140+00:00
2020-02-02,1120.0,1135.0,1106.0,1124.0,10419,1124.0,2026-09-03T19:33:53.771140+00:00
2020-02-03,1117.0,1140.0,1110.0,1128.0,11528,1128.0,2026-09-03T19:33:53.771140+00:00
2020-02-04,1132.0,1132.0,1107.0,1125.0,9262,1125.0,2026-09-03T19:33:53.771140+00:00
2020-02-05,1125.0,1141.0,1116.0,1141.0,15272,1141.0,2026-09-03T19:33:53.771140+00:00
2020-02-06,1163.0,1163.0,1109.0,1130.0,17451,1130.0,2026-09-03T19:33:53.771140+00:00
2020-02-09,1115.0,1140.0,1115.0,1128.0,10959,1128.0,2026-09-03T19:33:53.771140+00:00
2020-02-10,1122.0,1150.0,1122.0,1135.0,7423,1135.0,2026-09-03T19:33:53.771140+00:00
2020-02-11,1154.0,1175.0,1146.0,1175.0,17219,1175.0,2026-09-03T19:33:53.771140+00:00
2020-02-12,1185.0,1239.0,1185.0,1239.0,27543,1239.0,2026-09-03T19:33:53.771140+00:00
2020-02-13,1260.0,1265.0,1226.0,1226.0,18973,1226.0,2026-09-03T19:33:53.771140+00:00
2020-02-16,1240.0,1268.0,1240.0,1264.0,9106,1264.0,2026-09-03T19:33:53.771140+00:00
2020-02-17,1278.0,1305.0,1260.0,1299.0,37001,1299.0,2026-09-03T19:33:53.771140+00:00
2020-02-18,1309.0,1314.0,1274.0,1288.0,16122,1288.0,2026-09-03T19:33:53.771140+00:00
2020-02-19,1265.0,1379.0,1265.0,1358.0,28610,1358.0,2026-09-03T19:33:53.771140+00:00
2020-02-20,1385.0,1439.0,1381.0,1409.0,14710,1409.0,2026-09-03T19:33:53.771140+00:00
2020-02-23,1437.0,1465.0,1373.0,1395.0,13172,1395.0,2026-09-03T19:33:53.771140+00:00
2020-02-24,1390.0,1422.0,1368.0,1368.0,14215,1368.0,2026-09-03T19:33:53.771140+00:00
2020-02-25,1343.0,1443.0,1343.0,1420.0,18229,1420.0,2026-09-03T19:33:53.771140+00:00
2020-02-26,1447.0,1476.0,1415.0,1415.0,15313,1415.0,2026-09-03T19:33:53.771140+00:00
2020-02-27,1415.0,1415.0,1370.0,1375.0,25167,1375.0,2026-09-03T19:33:53.771140+00:00
2020-03-01,1402.0,1402.0,1338.0,1338.0,27578,1338.0,2026-09-03T19:33:53.771140+00:00
2020-03-02,1331.0,1343.0,1274.0,1274.0,10197,1274.0,2026-09-03T19:33:53.771140+00:00
2020-03-03,1249.0,1249.0,1150.0,1171.0,16366,1171.0,2026-09-03T19:33:53.771140+00:00
2020-06-29,1148.0,1148.0,1054.0,1054.0,7712,1054.0,2026-09-03T19:33:53.771140+00:00
2020-06-30,1069.0,1110.0,1060.0,1109.0,5613,1109.0,2026-09-03T19:33:53.771140+00:00
2020-07-01,1111.0,1195.0,1111.0,1195.0,2624,1195.0,2026-09-03T19:33:53.771140+00:00
2020-07-02,1215.0,1218.0,1152.0,1152.0,810,1152.0,2026-09-03T19:33:53.771140+00:00
2020-07-05,1150.0,1150.0,1083.0,1087.0,4741,1087.0,2026-09-03T19:33:53.771140+00:00
2020-07-06,1108.0,1119.0,1098.0,1110.0,6156,1110.0,2026-09-03T19:33:53.771140+00:00
2020-07-07,1132.0,1180.0,1132.0,1150.0,7604,1150.0,2026-09-03T19:33:53.771140+00:00
2020-07-08,1130.0,1165.0,1128.0,1150.0,5950,1150.0,2026-09-03T19:33:53.771140+00:00
2020-07-09,1130.0,1168.0,1127.0,1132.0,6635,1132.0,2026-09-03T19:33:53.771140+00:00
2020-07-12,1154.0,1176.0,1140.0,1170.0,6116,1170.0,2026-09-03T19:33:53.771140+00:00
2020-07-13,1192.0,1210.0,1171.0,1210.0,13990,1210.0,2026-09-03T19:33:53.771140+00:00
2020-07-14,1220.0,1244.0,1205.0,1242.0,6043,1242.0,2026-09-03T19:33:53.771140+00:00
2020-07-15,1250.0,1250.0,1216.0,1233.0,3641,1233.0,2026-09-03T19:33:53.771140+00:00
2020-07-16,1230.0,1235.0,1201.0,1201.0,9413,1201.0,2026-09-03T19:33:53.771140+00:00
2020-07-19,1225.0,1225.0,1225.0,1225.0,350,1225.0,2026-09-03T19:33:53.771140+00:00
2020-07-20,1230.0,1260.0,1192.0,1220.0,13991,1220.0,2026-09-03T19:33:53.771140+00:00
2020-07-21,1196.0,1220.0,1185.0,1185.0,4477,1185.0,2026-09-03T19:33:53.771140+00:00
2020-07-22,1200.0,1200.0,1176.0,1176.0,4178,1176.0,2026-09-03T19:33:53.771140+00:00
2020-07-23,1170.0,1213.0,1170.0,1210.0,6164,1210.0,2026-09-03T19:33:53.771140+00:00
2020-07-26,1220.0,1242.0,1211.0,1234.0,6755,1234.0,2026-09-03T19:33:53.771140+00:00
2020-07-27,1250.0,1285.0,1229.0,1252.0,10897,1252.0,2026-09-03T19:33:53.771140+00:00
2020-07-28,1274.0,1274.0,1240.0,1250.0,7215,1250.0,2026-09-03T19:33:53.771140+00:00
2020-07-29,1238.0,1238.0,1212.0,1230.0,10596,1230.0,2026-09-03T19:33:53.771140+00:00
2020-07-30,1220.0,1225.0,1201.0,1219.0,4478,1219.0,2026-09-03T19:33:53.771140+00:00
2020-08-02,1212.0,1220.0,1170.0,1170.0,12432,1170.0,2026-09-03T19:33:53.771140+00:00
2020-08-03,1168.0,1197.0,1155.0,1193.0,5420,1193.0,2026-09-03T19:33:53.771140+00:00
2020-08-05,1170.0,1193.0,1170.0,1176.0,5446,1176.0,2026-09-03T19:33:53.771140+00:00
2020-08-06,1189.0,1189.0,1166.0,1177.0,5990,1177.0,2026-09-03T19:33:53.771140+00:00
2020-08-09,1155.0,1189.0,1155.0,1189.0,1705,1189.0,2026-09-03T19:33:53.771140+00:00
2020-08-10,1212.0,1228.0,1211.0,1228.0,4502,1228.0,2026-09-03T19:33:53.771140+00:00
2020-08-11,1228.0,1229.0,1204.0,1208.0,4738,1208.0,2026-09-03T19:33:53.771140+00:00
2020-08-12,1200.0,1220.0,1195.0,1215.0,1982,1215.0,2026-09-03T19:33:53.771140+00:00
2020-08-13,1210.0,1210.0,1185.0,1202.0,5319,1202.0,2026-09-03T19:33:53.771140+00:00
2020-08-16,1190.0,1206.0,1156.0,1173.0,3736,1173.0,2026-09-03T19:33:53.771140+00:00
2020-08-17,1166.0,1190.0,1166.0,1182.0,3507,1182.0,2026-09-03T19:33:53.771140+00:00
2020-08-18,1185.0,1197.0,1185.0,1197.0,1264,1197.0,2026-09-03T19:33:53.771140+00:00
2020-08-19,1174.0,1186.0,1152.0,1175.0,1246,1175.0,2026-09-03T19:33:53.771140+00:00
2020-08-20,1195.0,1195.0,1181.0,1181.0,928,1181.0,2026-09-03T19:33:53.771140+00:00
2020-08-23,1199.0,1217.0,1195.0,1217.0,7477,1217.0,2026-09-03T19:33:53.771140+00:00
2020-08-24,1240.0,1240.0,1223.0,1235.0,5556,1235.0,2026-09-03T19:33:53.771140+00:00
2020-08-25,1230.0,1248.0,1225.0,1236.0,4416,1236.0,2026-09-03T19:33:53.771140+00:00
2020-08-26,1259.0,1270.0,1240.0,1248.0,6841,1248.0,2026-09-03T19:33:53.771140+00:00
2020-08-27,1250.0,1250.0,1227.0,1227.0,6343,1227.0,2026-09-03T19:33:53.771140+00:00
2020-08-30,1229.0,1240.0,1229.0,1240.0,2035,1240.0,2026-09-03T19:33:53.771140+00:00
2020-08-31,1240.0,1260.0,1240.0,1255.0,14578,1255.0,2026-09-03T19:33:53.771140+00:00
2020-09-02,1270.0,1280.0,1259.0,1261.0,8637,1261.0,2026-09-03T19:33:53.771140+00:00
2020-09-03,1261.0,1280.0,1250.0,1254.0,6142,1254.0,2026-09-03T19:33:53.771140+00:00
2020-09-06,1262.0,1270.0,1250.0,1254.0,8832,1254.0,2026-09-03T19:33:53.771140+00:00
2020-09-07,1240.0,1257.0,1240.0,1256.0,5152,1256.0,2026-09-03T19:33:53.771140+00:00
2020-09-08,1254.0,1259.0,1254.0,1258.0,1062,1258.0,2026-09-03T19:33:53.771140+00:00
2020-09-09,1260.0,1272.0,1259.0,1272.0,5490,1272.0,2026-09-03T19:33:53.771140+00:00
2020-09-10,1270.0,1296.0,1269.0,1290.0,4563,1290.0,2026-09-03T19:33:53.771140+00:00
2020-09-13,1295.0,1305.0,1280.0,1305.0,7959,1305.0,2026-09-03T19:33:53.771140+00:00
2020-09-14,1325.0,1325.0,1285.0,1285.0,6360,1285.0,2026-09-03T19:33:53.771140+00:00
2020-09-15,1296.0,1298.0,1280.0,1284.0,3370,1284.0,2026-09-03T19:33:53.771140+00:00
2020-09-16,1280.0,1289.0,1270.0,1272.0,5049,1272.0,2026-09-03T19:33:53.771140+00:00
2020-09-17,1280.0,1290.0,1280.0,1280.0,4701,1280.0,2026-09-03T19:33:53.771140+00:00
2020-09-20,1301.0,1320.0,1270.0,1270.0,2468,1270.0,2026-09-03T19:33:53.771140+00:00
2020-09-21,1270.0,1280.0,1252.0,1270.0,4997,1270.0,2026-09-03T19:33:53.771140+00:00
2020-09-22,1290.0,1290.0,1252.0,1252.0,3862,1252.0,2026-09-03T19:33:53.771140+00:00
2020-09-23,1250.0,1264.0,1231.0,1264.0,3094,1264.0,2026-09-03T19:33:53.771140+00:00
2020-09-24,1272.0,1272.0,1264.0,1264.0,6318,1264.0,2026-09-03T19:33:53.771140+00:00
2020-09-27,1275.0,1275.0,1268.0,1271.0,1497,1271.0,2026-09-03T19:33:53.771140+00:00
2020-09-28,1271.0,1271.0,1268.0,1268.0,1684,1268.0,2026-09-03T19:33:53.771140+00:00
2020-09-29,1263.0,1267.0,1255.0,1255.0,1245,1255.0,2026-09-03T19:33:53.771140+00:00
2020-09-30,1250.0,1250.0,1243.0,1243.0,4670,1243.0,2026-09-03T19:33:53.771140+00:00
2020-10-01,1249.0,1263.0,1244.0,1250.0,2428,1250.0,2026-09-03T19:33:53.771140+00:00
2020-10-04,1260.0,1272.0,1258.0,1272.0,2642,1272.0,2026-09-03T19:33:53.771140+00:00
2020-10-05,1290.0,1290.0,1251.0,1273.0,5115,1273.0,2026-09-03T19:33:53.771140+00:00
2020-10-06,1336.0,1336.0,1265.0,1265.0,710,1265.0,2026-09-03T19:33:53.771140+00:00
2020-10-07,1277.0,1277.0,1254.0,1260.0,3658,1260.0,2026-09-03T19:33:53.771140+00:00
2020-10-08,1254.0,1279.0,1254.0,1279.0,2010,1279.0,2026-09-03T19:33:53.771140+00:00
2020-10-11,1276.0,1280.0,1259.0,1259.0,4363,1259.0,2026-09-03T19:33:53.771140+00:00
2020-10-12,1250.0,1258.0,1245.0,1252.0,1792,1252.0,2026-09-03T19:33:53.771140+00:00
2020-10-13,1246.0,1249.0,1237.0,1245.0,2765,1245.0,2026-09-03T19:33:53.771140+00:00
2020-10-14,1230.0,1245.0,1230.0,1243.0,1695,1243.0,2026-09-03T19:33:53.771140+00:00
2020-10-15,1264.0,1264.0,1240.0,1241.0,1451,1241.0,2026-09-03T19:33:53.771140+00:00
2020-10-18,1221.0,1243.0,1215.0,1239.0,7044,1239.0,2026-09-03T19:33:53.771140+00:00
2020-10-19,1239.0,1247.0,1236.0,1240.0,2811,1240.0,2026-09-03T19:33:53.771140+00:00
2020-10-20,1230.0,1235.0,1226.0,1231.0,1470,1231.0,2026-09-03T19:33:53.771140+00:00
2020-10-21,1230.0,1250.0,1230.0,1240.0,1285,1240.0,2026-09-03T19:33:53.771140+00:00
2020-10-22,1240.0,1244.0,1238.0,1241.0,6314,1241.0,2026-09-03T19:33:53.771140+00:00
2020-10-28,1250.0,1260.0,1236.0,1260.0,5140,1260.0,2026-09-03T19:33:53.771140+00:00
2020-10-29,1261.0,1280.0,1250.0,1275.0,4173,1275.0,2026-09-03T19:33:53.771140+00:00
2020-11-01,1284.0,1285.0,1266.0,1283.0,3984,1283.0,2026-09-03T19:33:53.771140+00:00
2020-11-02,1299.0,1330.0,1295.0,1320.0,18737,1320.0,2026-09-03T19:33:53.771140+00:00
2020-11-03,1317.0,1335.0,1315.0,1324.0,14811,1324.0,2026-09-03T19:33:53.771140+00:00
2020-11-04,1327.0,1335.0,1317.0,1329.0,8997,1329.0,2026-09-03T19:33:53.771140+00:00
2020-11-05,1329.0,1333.0,1295.0,1318.0,3004,1318.0,2026-09-03T19:33:53.771140+00:00
2020-11-08,1320.0,1323.0,1307.0,1323.0,8492,1323.0,2026-09-03T19:33:53.771140+00:00
2020-11-09,1348.0,1370.0,1345.0,1355.0,24059,1355.0,2026-09-03T19:33:53.771140+00:00
2020-11-10,1380.0,1395.0,1362.0,1367.0,7856,1367.0,2026-09-03T19:33:53.771140+00:00
2020-11-11,1353.0,1385.0,1352.0,1378.0,11063,1378.0,2026-09-03T19:33:53.771140+00:00
2020-11-12,1380.0,1400.0,1371.0,1395.0,18260,1395.0,2026-09-03T19:33:53.771140+00:00
2020-11-18,1395.0,1436.0,1395.0,1436.0,14878,1436.0,2026-09-03T19:33:53.771140+00:00
2020-11-19,1435.0,1451.0,1430.0,1447.0,18662,1447.0,2026-09-03T19:33:53.771140+00:00
2020-11-22,1468.0,1468.0,1393.0,1430.0,10317,1430.0,2026-09-03T19:33:53.771140+00:00
2020-11-23,1428.0,1429.0,1410.0,1420.0,3440,1420.0,2026-09-03T19:33:53.771140+00:00
2020-11-24,1401.0,1440.0,1400.0,1430.0,24065,1430.0,2026-09-03T19:33:53.771140+00:00
2020-11-25,1445.0,1470.0,1430.0,1460.0,20802,1460.0,2026-09-03T19:33:53.771140+00:00
2020-11-26,1485.0,1490.0,1458.0,1460.0,15389,1460.0,2026-09-03T19:33:53.771140+00:00
2020-11-29,1480.0,1490.0,1460.0,1474.0,10477,1474.0,2026-09-03T19:33:53.771140+00:00
2020-11-30,1500.0,1581.0,1485.0,1523.0,18161,1523.0,2026-09-03T19:33:53.771140+00:00
2020-12-01,1500.0,1530.0,1499.0,1505.0,9195,1505.0,2026-09-03T19:33:53.771140+00:00
2020-12-02,1535.0,1655.0,1535.0,1645.0,34300,1645.0,2026-09-03T19:33:53.771140+00:00
2020-12-03,1677.0,1745.0,1635.0,1665.0,33717,1665.0,2026-09-03T19:33:53.771140+00:00
2020-12-06,1632.0,1665.0,1499.0,1509.0,20495,1509.0,2026-09-03T19:33:53.771140+00:00
2020-12-07,1509.0,1604.0,1502.0,1603.0,21645,1603.0,2026-09-03T19:33:53.771140+00:00
2020-12-08,1635.0,1700.0,1620.0,1660.0,34946,1660.0,2026-09-03T19:33:53.771140+00:00
2020-12-09,1627.0,1670.0,1610.0,1625.0,23611,1625.0,2026-09-03T19:33:53.771140+00:00
2020-12-10,1605.0,1650.0,1600.0,1630.0,12878,1630.0,2026-09-03T19:33:53.771140+00:00
2020-12-13,1611.0,1651.0,1611.0,1651.0,18028,1651.0,2026-09-03T19:33:53.771140+00:00
2020-12-14,1683.0,1740.0,1670.0,1730.0,38755,1730.0,2026-09-03T19:33:53.771140+00:00
2020-12-15,1780.0,1790.0,1721.0,1780.0,55444,1780.0,2026-09-03T19:33:53.771140+00:00
2020-12-16,1761.0,1810.0,1751.0,1785.0,36041,1785.0,2026-09-03T19:33:53.771140+00:00
2020-12-17,1767.0,1825.0,1732.0,1765.0,21123,1765.0,2026-09-03T19:33:53.771140+00:00
2020-12-20,1765.0,1765.0,1589.0,1590.0,57063,1590.0,2026-09-03T19:33:53.771140+00:00
2020-12-21,1559.0,1620.0,1510.0,1595.0,34357,1595.0,2026-09-03T19:33:53.771140+00:00
2020-12-22,1626.0,1650.0,1600.0,1645.0,23041,1645.0,2026-09-03T19:33:53.771140+00:00
2020-12-23,1670.0,1700.0,1613.0,1625.0,5795,1625.0,2026-09-03T19:33:53.771140+00:00
2020-12-24,1602.0,1605.0,1572.0,1585.0,8092,1585.0,2026-09-03T19:33:53.771140+00:00
2020-12-27,1560.0,1585.0,1542.0,1550.0,6912,1550.0,2026-09-03T19:33:53.771140+00:00
2020-12-28,1549.0,1575.0,1547.0,1570.0,10974,1570.0,2026-09-03T19:33:53.771140+00:00
2020-12-29,1547.0,1584.0,1547.0,1565.0,4658,1565.0,2026-09-03T19:33:53.771140+00:00
2020-12-30,1590.0,1609.0,1568.0,1609.0,8963,1609.0,2026-09-03T19:33:53.771140+00:00
2020-12-31,1615.0,1640.0,1604.0,1604.0,8934,1604.0,2026-09-03T19:33:53.771140+00:00
2021-01-03,1636.0,1679.0,1630.0,1679.0,12012,1679.0,2026-09-03T19:33:53.771140+00:00
2021-01-04,1700.0,1700.0,1648.0,1668.0,17605,1668.0,2026-09-03T19:33:53.771140+00:00
2021-01-05,1668.0,1680.0,1652.0,1670.0,8239,1670.0,2026-09-03T19:33:53.771140+00:00
2021-01-06,1665.0,1695.0,1665.0,1690.0,12518,1690.0,2026-09-03T19:33:53.771140+00:00
2021-01-07,1700.0,1710.0,1670.0,1682.0,8678,1682.0,2026-09-03T19:33:53.771140+00:00
2021-01-10,1682.0,1690.0,1666.0,1672.0,3617,1672.0,2026-09-03T19:33:53.771140+00:00
2021-01-11,1666.0,1680.0,1659.0,1674.0,10132,1674.0,2026-09-03T19:33:53.771140+00:00
2021-01-12,1674.0,1690.0,1674.0,1680.0,38723,1680.0,2026-09-03T19:33:53.771140+00:00
2021-01-13,1699.0,1735.0,1695.0,1725.0,19535,1725.0,2026-09-03T19:33:53.771140+00:00
2021-01-17,1735.0,1810.0,1735.0,1810.0,35367,1810.0,2026-09-03T19:33:53.771140+00:00
2021-01-18,1846.0,1882.0,1780.0,1825.0,17843,1825.0,2026-09-03T19:33:53.771140+00:00
2021-01-19,1845.0,1871.0,1800.0,1859.0,24627,1859.0,2026-09-03T19:33:53.771140+00:00
2021-01-20,1868.0,1920.0,1831.0,1918.0,21317,1918.0,2026-09-03T19:33:53.771140+00:00
2021-01-21,1900.0,2000.0,1900.0,1990.0,18957,1990.0,2026-09-03T19:33:53.771140+00:00
2021-01-24,2024.0,2065.0,2020.0,2065.0,23620,2065.0,2026-09-03T19:33:53.771140+00:00
2021-01-25,2050.0,2059.0,1990.0,2000.0,28045,2000.0,2026-09-03T19:33:53.771140+00:00
2021-01-26,1961.0,2010.0,1950.0,1962.0,41387,1962.0,2026-09-03T19:33:53.771140+00:00
2021-01-27,1951.0,2010.0,1941.0,1999.0,47496,1999.0,2026-09-03T19:33:53.771140+00:00
2021-01-28,2000.0,2074.0,1960.0,2000.0,53524,2000.0,2026-09-03T19:33:53.771140+00:00
2021-01-31,1980.0,1999.0,1875.0,1929.0,75332,1929.0,2026-09-03T19:33:53.771140+00:00
2021-02-01,1935.0,1998.0,1896.0,1900.0,34193,1900.0,2026-09-03T19:33:53.771140+00:00
2021-02-02,1920.0,1960.0,1901.0,1960.0,40696,1960.0,2026-09-03T19:33:53.771140+00:00
2021-02-03,1999.0,2000.0,1930.0,1935.0,36729,1935.0,2026-09-03T19:33:53.771140+00:00
2021-02-04,1970.0,1980.0,1898.0,1978.0,41365,1978.0,2026-09-03T19:33:53.771140+00:00
2021-02-07,2000.0,2175.0,1985.0,2152.0,104436,2152.0,2026-09-03T19:33:53.771140+00:00
2021-02-08,2259.0,2275.0,2085.0,2115.0,50444,2115.0,2026-09-03T19:33:53.771140+00:00
2021-02-09,2085.0,2086.0,1994.0,2035.0,52025,2035.0,2026-09-03T19:33:53.771140+00:00
2021-02-10,2035.0,2050.0,1991.0,2014.0,30335,2014.0,2026-09-03T19:33:53.771140+00:00
2021-02-11,2054.0,2059.0,1994.0,2000.0,42932,2000.0,2026-09-03T19:33:53.771140+00:00
2021-02-14,2100.0,2100.0,1926.0,1926.0,26559,1926.0,2026-09-03T19:33:53.771140+00:00
2021-02-15,1964.0,2118.0,1964.0,2118.0,42819,2118.0,2026-09-03T19:33:53.771140+00:00
2021-02-16,2223.0,2223.0,2057.0,2080.0,30676,2080.0,2026-09-03T19:33:53.771140+00:00
2021-02-17,2060.0,2080.0,2041.0,2060.0,17462,2060.0,2026-09-03T19:33:53.771140+00:00
2021-02-18,2060.0,2100.0,2027.0,2100.0,17201,2100.0,2026-09-03T19:33:53.771140+00:00
2021-02-21,2100.0,2100.0,2041.0,2060.0,12919,2060.0,2026-09-03T19:33:53.771140+00:00
2021-02-22,2050.0,2062.0,2022.0,2029.0,11147,2029.0,2026-09-03T19:33:53.771140+00:00
2021-02-23,2021.0,2050.0,1980.0,2009.0,16807,2009.0,2026-09-03T19:33:53.771140+00:00
2021-02-24,2109.0,2109.0,2020.0,2024.0,22289,2024.0,2026-09-03T19:33:53.771140+00:00
2021-02-25,2025.0,2039.0,1995.0,1996.0,9692,1996.0,2026-09-03T19:33:53.771140+00:00
2021-02-28,2000.0,2000.0,1941.0,1941.0,18121,1941.0,2026-09-03T19:33:53.771140+00:00
2021-03-01,1911.0,2025.0,1910.0,1965.0,12022,1965.0,2026-09-03T19:33:53.771140+00:00
2021-03-02,1968.0,2000.0,1905.0,1929.0,20809,1929.0,2026-09-03T19:33:53.771140+00:00
2021-03-03,1951.0,1990.0,1935.0,1951.0,35659,1951.0,2026-09-03T19:33:53.771140+00:00
2021-03-04,1990.0,2072.0,1975.0,2057.0,37877,2057.0,2026-09-03T19:33:53.771140+00:00
2021-03-07,2098.0,2098.0,2035.0,2036.0,28216,2036.0,2026-09-03T19:33:53.771140+00:00
2021-03-09,1994.0,2094.0,1994.0,2020.0,24211,2020.0,2026-09-03T19:33:53.771140+00:00
2021-03-10,2025.0,2025.0,1978.0,1982.0,48494,1982.0,2026-09-03T19:33:53.771140+00:00
2021-03-14,1632.0,1632.0,1570.0,1577.0,18877,1577.0,2026-09-03T19:33:53.771140+00:00
2021-03-15,1560.0,1590.0,1532.0,1561.0,12898,1561.0,2026-09-03T19:33:53.771140+00:00
2021-03-16,1565.0,1580.0,1550.0,1579.0,4948,1579.0,2026-09-03T19:33:53.771140+00:00
2021-03-17,1657.0,1657.0,1554.0,1614.0,15021,1614.0,2026-09-03T19:33:53.771140+00:00
2021-03-18,1632.0,1700.0,1615.0,1700.0,17327,1700.0,2026-09-03T19:33:53.771140+00:00
2021-03-21,1650.0,1780.0,1650.0,1760.0,15792,1760.0,2026-09-03T19:33:53.771140+00:00
2021-03-22,1795.0,1795.0,1695.0,1712.0,9360,1712.0,2026-09-03T19:33:53.771140+00:00
2021-03-23,1684.0,1712.0,1684.0,1701.0,8697,1701.0,2026-09-03T19:33:53.771140+00:00
2021-03-24,1725.0,1745.0,1694.0,1744.0,11192,1744.0,2026-09-03T19:33:53.771140+00:00
2021-03-25,1744.0,1773.0,1703.0,1710.0,5591,1710.0,2026-09-03T19:33:53.771140+00:00
2021-03-29,1700.0,1725.0,1681.0,1704.0,4709,1704.0,2026-09-03T19:33:53.771140+00:00
2021-03-30,1730.0,1770.0,1711.0,1751.0,10889,1751.0,2026-09-03T19:33:53.771140+00:00
2021-03-31,1800.0,1800.0,1764.0,1767.0,19661,1767.0,2026-09-03T19:33:53.771140+00:00
2021-04-01,1767.0,1790.0,1746.0,1769.0,15862,1769.0,2026-09-03T19:33:53.771140+00:00
2021-04-04,1810.0,1810.0,1745.0,1755.0,6680,1755.0,2026-09-03T19:33:53.771140+00:00
2021-04-05,1750.0,1755.0,1731.0,1745.0,6637,1745.0,2026-09-03T19:33:53.771140+00:00
2021-04-06,1745.0,1760.0,1735.0,1758.0,12474,1758.0,2026-09-03T19:33:53.771140+00:00
2021-04-07,1758.0,1836.0,1758.0,1829.0,42968,1829.0,2026-09-03T19:33:53.771140+00:00
2021-04-08,1834.0,1845.0,1805.0,1844.0,43361,1844.0,2026-09-03T19:33:53.771140+00:00
2021-04-12,1880.0,1923.0,1850.0,1914.0,60204,1914.0,2026-09-03T19:33:53.771140+00:00
2021-04-13,1914.0,1940.0,1878.0,1906.0,25804,1906.0,2026-09-03T19:33:53.771140+00:00
2021-04-15,1929.0,1944.0,1886.0,1895.0,21905,1895.0,2026-09-03T19:33:53.771140+00:00
2021-04-18,1861.0,1888.0,1845.0,1860.0,15720,1860.0,2026-09-03T19:33:53.771140+00:00
2021-04-19,1826.0,1865.0,1803.0,1820.0,20757,1820.0,2026-09-03T19:33:53.771140+00:00
2021-04-20,1810.0,1821.0,1790.0,1803.0,21691,1803.0,2026-09-03T19:33:53.771140+00:00
2021-04-21,1772.0,1805.0,1750.0,1760.0,17250,1760.0,2026-09-03T19:33:53.771140+00:00
2021-04-22,1751.0,1794.0,1740.0,1785.0,30014,1785.0,2026-09-03T19:33:53.771140+00:00
2021-04-25,1770.0,1770.0,1695.0,1700.0,22198,1700.0,2026-09-03T19:33:53.771140+00:00
2021-04-26,1784.0,1784.0,1622.0,1655.0,22368,1655.0,2026-09-03T19:33:53.771140+00:00
2021-04-27,1735.0,1814.0,1635.0,1755.0,26208,1755.0,2026-09-03T19:33:53.771140+00:00
2021-04-28,1789.0,1789.0,1719.0,1749.0,6211,1749.0,2026-09-03T19:33:53.771140+00:00
2021-04-29,1775.0,1775.0,1740.0,1765.0,5267,1765.0,2026-09-03T19:33:53.771140+00:00
2021-05-02,1735.0,1799.0,1735.0,1798.0,16768,1798.0,2026-09-03T19:33:53.771140+00:00
2021-05-03,1798.0,1830.0,1771.0,1800.0,29460,1800.0,2026-09-03T19:33:53.771140+00:00
2021-05-04,1800.0,1806.0,1773.0,1802.0,36708,1802.0,2026-09-03T19:33:53.771140+00:00
2021-05-05,1892.0,1892.0,1783.0,1793.0,23252,1793.0,2026-09-03T19:33:53.771140+00:00
2021-05-06,1800.0,1800.0,1750.0,1751.0,15644,1751.0,2026-09-03T19:33:53.771140+00:00
2021-05-09,1664.0,1710.0,1660.0,1683.0,47267,1683.0,2026-09-03T19:33:53.771140+00:00
2021-05-10,1683.0,1697.0,1640.0,1681.0,23271,1681.0,2026-09-03T19:33:53.771140+00:00
2021-05-11,1765.0,1765.0,1667.0,1707.0,17084,1707.0,2026-09-03T19:33:53.771140+00:00
2021-05-12,1760.0,1760.0,1700.0,1710.0,22510,1710.0,2026-09-03T19:33:53.771140+00:00
2021-05-13,1711.0,1724.0,1710.0,1716.0,15130,1716.0,2026-09-03T19:33:53.771140+00:00
2021-05-16,1749.0,1767.0,1719.0,1764.0,19985,1764.0,2026-09-03T19:33:53.771140+00:00
2021-05-17,1705.0,1800.0,1705.0,1775.0,23069,1775.0,2026-09-03T19:33:53.771140+00:00
2021-05-18,1801.0,1808.0,1760.0,1807.0,41133,1807.0,2026-09-03T19:33:53.771140+00:00
2021-05-19,1821.0,1830.0,1791.0,1805.0,30957,1805.0,2026-09-03T19:33:53.771140+00:00
2021-05-20,1895.0,1895.0,1801.0,1820.0,25138,1820.0,2026-09-03T19:33:53.771140+00:00
2021-05-23,1800.0,1820.0,1762.0,1820.0,21230,1820.0,2026-09-03T19:33:53.771140+00:00
2021-05-24,1805.0,1854.0,1805.0,1828.0,19546,1828.0,2026-09-03T19:33:53.771140+00:00
2021-05-25,1820.0,1830.0,1810.0,1813.0,9755,1813.0,2026-09-03T19:33:53.771140+00:00
2021-05-27,1723.0,1785.0,1690.0,1758.0,31998,1758.0,2026-09-03T19:33:53.771140+00:00
2021-05-30,1758.0,1793.0,1726.0,1740.0,17694,1740.0,2026-09-03T19:33:53.771140+00:00
2021-05-31,1741.0,1760.0,1730.0,1730.0,34635,1730.0,2026-09-03T19:33:53.771140+00:00
2021-06-01,1710.0,1740.0,1710.0,1713.0,9769,1713.0,2026-09-03T19:33:53.771140+00:00
2021-06-02,1730.0,1750.0,1708.0,1741.0,6417,1741.0,2026-09-03T19:33:53.771140+00:00
2021-06-03,1752.0,1775.0,1730.0,1735.0,8843,1735.0,2026-09-03T19:33:53.771140+00:00
2021-06-06,1735.0,1750.0,1722.0,1728.0,9159,1728.0,2026-09-03T19:33:53.771140+00:00
2021-06-07,1730.0,1735.0,1723.0,1725.0,15906,1725.0,2026-09-03T19:33:53.771140+00:00
2021-06-08,1710.0,1725.0,1709.0,1714.0,10034,1714.0,2026-09-03T19:33:53.771140+00:00
2021-06-09,1740.0,1740.0,1715.0,1721.0,6300,1721.0,2026-09-03T19:33:53.771140+00:00
2021-06-10,1707.0,1739.0,1692.0,1693.0,10159,1693.0,2026-09-03T19:33:53.771140+00:00
2021-06-13,1717.0,1717.0,1673.0,1680.0,15968,1680.0,2026-09-03T19:33:53.771140+00:00
2021-06-14,1691.0,1699.0,1663.0,1668.0,13272,1668.0,2026-09-03T19:33:53.771140+00:00
2021-06-15,1660.0,1675.0,1655.0,1659.0,10704,1659.0,2026-09-03T19:33:53.771140+00:00
2021-06-16,1577.0,1770.0,1577.0,1716.0,25488,1716.0,2026-09-03T19:33:53.771140+00:00
2021-06-17,1745.0,1745.0,1666.0,1695.0,8904,1695.0,2026-09-03T19:33:53.771140+00:00
2021-06-20,1720.0,1754.0,1670.0,1680.0,12247,1680.0,2026-09-03T19:33:53.771140+00:00
2021-06-21,1671.0,1690.0,1646.0,1646.0,6201,1646.0,2026-09-03T19:33:53.771140+00:00
2021-06-22,1676.0,1680.0,1645.0,1661.0,8614,1661.0,2026-09-03T19:33:53.771140+00:00
2021-06-23,1656.0,1664.0,1618.0,1618.0,6231,1618.0,2026-09-03T19:33:53.771140+00:00
2021-06-24,1630.0,1630.0,1590.0,1596.0,6259,1596.0,2026-09-03T19:33:53.771140+00:00
2021-06-27,1583.0,1614.0,1581.0,1598.0,3830,1598.0,2026-09-03T19:33:53.771140+00:00
2021-06-28,1625.0,1630.0,1590.0,1610.0,10417,1610.0,2026-09-03T19:33:53.771140+00:00
2021-06-29,1630.0,1660.0,1616.0,1625.0,7466,1625.0,2026-09-03T19:33:53.771140+00:00
2021-06-30,1614.0,1620.0,1601.0,1620.0,2661,1620.0,2026-09-03T19:33:53.771140+00:00
2021-07-01,1701.0,1701.0,1602.0,1618.0,6173,1618.0,2026-09-03T19:33:53.771140+00:00
2021-07-04,1590.0,1635.0,1590.0,1615.0,3964,1615.0,2026-09-03T19:33:53.771140+00:00
2021-07-05,1636.0,1636.0,1615.0,1625.0,5926,1625.0,2026-09-03T19:33:53.771140+00:00
2021-07-06,1625.0,1645.0,1625.0,1636.0,2913,1636.0,2026-09-03T19:33:53.771140+00:00
2021-07-07,1640.0,1655.0,1635.0,1635.0,5133,1635.0,2026-09-03T19:33:53.771140+00:00
2021-07-08,1650.0,1662.0,1640.0,1653.0,6143,1653.0,2026-09-03T19:33:53.771140+00:00
2021-07-11,1686.0,1695.0,1662.0,1683.0,5189,1683.0,2026-09-03T19:33:53.771140+00:00
2021-07-12,1690.0,1690.0,1651.0,1655.0,6350,1655.0,2026-09-03T19:33:53.771140+00:00
2021-07-13,1665.0,1685.0,1651.0,1665.0,2853,1665.0,2026-09-03T19:33:53.771140+00:00
2021-07-14,1665.0,1665.0,1638.0,1652.0,4132,1652.0,2026-09-03T19:33:53.771140+00:00
2021-07-15,1660.0,1670.0,1641.0,1659.0,6433,1659.0,2026-09-03T19:33:53.771140+00:00
2021-07-18,1675.0,1751.0,1675.0,1751.0,11719,1751.0,2026-09-03T19:33:53.771140+00:00
2021-07-19,1779.0,1780.0,1740.0,1740.0,15610,1740.0,2026-09-03T19:33:53.771140+00:00
2021-07-20,1740.0,1750.0,1735.0,1740.0,1796,1740.0,2026-09-03T19:33:53.771140+00:00
2021-07-22,1750.0,1755.0,1735.0,1751.0,5540,1751.0,2026-09-03T19:33:53.771140+00:00
2021-07-25,1750.0,1800.0,1750.0,1800.0,12468,1800.0,2026-09-03T19:33:53.771140+00:00
2021-07-26,1800.0,1845.0,1800.0,1843.0,24112,1843.0,2026-09-03T19:33:53.771140+00:00
2021-07-27,1806.2,1810.0,1753.0,1791.0,21989,1791.0,2026-09-03T19:33:53.771140+00:00
2021-07-28,1800.0,1800.0,1775.0,1782.0,7115,1782.0,2026-09-03T19:33:53.771140+00:00
2021-07-29,1798.0,1808.0,1787.0,1805.0,8921,1805.0,2026-09-03T19:33:53.771140+00:00
2021-08-01,1805.0,1876.0,1805.0,1836.0,17026,1836.0,2026-09-03T19:33:53.771140+00:00
2021-08-02,1854.0,1854.0,1832.1,1840.0,12819,1840.0,2026-09-03T19:33:53.771140+00:00
2021-08-03,1876.8,2021.0,1876.8,2021.0,151829,2021.0,2026-09-03T19:33:53.771140+00:00
2021-08-04,2061.4,2090.0,1950.0,1965.0,46750,1965.0,2026-09-03T19:33:53.771140+00:00
2021-08-05,1965.0,1998.0,1935.0,1955.0,23975,1955.0,2026-09-03T19:33:53.771140+00:00
2021-08-08,1955.0,1994.1,1924.0,1934.0,15707,1934.0,2026-09-03T19:33:53.771140+00:00
2021-08-09,1968.0,1969.0,1905.0,1910.0,11294,1910.0,2026-09-03T19:33:53.771140+00:00
2021-08-10,1925.0,1948.0,1891.0,1920.0,13647,1920.0,2026-09-03T19:33:53.771140+00:00
2021-08-11,1930.0,1950.0,1911.0,1913.0,16588,1913.0,2026-09-03T19:33:53.771140+00:00
2021-08-12,1902.0,1939.0,1875.1,1918.0,23767,1918.0,2026-09-03T19:33:53.771140+00:00
2021-08-15,1879.7,1989.0,1879.7,1955.0,26991,1955.0,2026-09-03T19:33:53.771140+00:00
2021-08-16,1960.0,1989.0,1941.5,1942.0,12874,1942.0,2026-09-03T19:33:53.771140+00:00
2021-08-17,1950.0,1950.0,1910.0,1910.0,15519,1910.0,2026-09-03T19:33:53.771140+00:00
2021-08-18,1910.0,1929.0,1900.4,1914.0,16286,1914.0,2026-09-03T19:33:53.771140+00:00
2021-08-19,1930.0,1960.0,1911.0,1930.0,15425,1930.0,2026-09-03T19:33:53.771140+00:00
2021-08-24,1965.0,1965.0,1894.0,1895.1,13359,1895.1,2026-09-03T19:33:53.771140+00:00
2021-08-25,1900.0,1900.0,1859.0,1865.0,6381,1865.0,2026-09-03T19:33:53.771140+00:00
2021-08-26,1895.0,1895.0,1860.0,1863.3,10725,1863.3,2026-09-03T19:33:53.771140+00:00
2021-08-29,1878.0,1878.0,1831.0,1838.0,9370,1838.0,2026-09-03T19:33:53.771140+00:00
2021-08-31,1806.0,1825.0,1764.0,1780.0,25739,1780.0,2026-09-03T19:33:53.771140+00:00
2021-09-01,1800.0,1800.0,1765.0,1770.0,14458,1770.0,2026-09-03T19:33:53.771140+00:00
2021-09-02,1771.0,1825.0,1750.0,1773.0,13374,1773.0,2026-09-03T19:33:53.771140+00:00
2021-09-05,1740.0,1740.0,1700.0,1725.0,15262,1725.0,2026-09-03T19:33:53.771140+00:00
2021-09-06,1725.0,1815.0,1715.0,1810.0,10186,1810.0,2026-09-03T19:33:53.771140+00:00
2021-09-07,1815.0,1815.0,1729.0,1735.0,16157,1735.0,2026-09-03T19:33:53.771140+00:00
2021-09-08,1749.0,1750.0,1710.0,1715.0,17540,1715.0,2026-09-03T19:33:53.771140+00:00
2021-09-09,1722.0,1730.0,1696.0,1700.0,12192,1700.0,2026-09-03T19:33:53.771140+00:00
2021-09-12,1710.0,1740.0,1700.0,1730.3,11351,1730.3,2026-09-03T19:33:53.771140+00:00
2021-09-13,1720.0,1750.0,1720.0,1726.0,9803,1726.0,2026-09-03T19:33:53.771140+00:00
2021-09-14,1725.0,1736.9,1700.0,1705.0,10318,1705.0,2026-09-03T19:33:53.771140+00:00
2021-09-15,1701.0,1710.0,1693.0,1695.0,9197,1695.0,2026-09-03T19:33:53.771140+00:00
2021-09-16,1690.0,1690.0,1630.0,1640.0,22770,1640.0,2026-09-03T19:33:53.771140+00:00
2021-09-20,1635.0,1641.0,1580.0,1592.0,19933,1592.0,2026-09-03T19:33:53.771140+00:00
2021-09-21,1590.0,1634.0,1550.0,1605.0,14393,1605.0,2026-09-03T19:33:53.771140+00:00
2021-09-22,1637.0,1668.0,1625.0,1656.0,11500,1656.0,2026-09-03T19:33:53.771140+00:00
2021-09-23,1660.0,1685.0,1637.0,1645.0,11582,1645.0,2026-09-03T19:33:53.771140+00:00
2021-09-26,1650.0,1650.0,1614.0,1616.0,12428,1616.0,2026-09-03T19:33:53.771140+00:00
2021-09-27,1600.0,1623.0,1594.0,1597.0,8253,1597.0,2026-09-03T19:33:53.771140+00:00
2021-09-28,1599.0,1639.0,1571.0,1572.5,8147,1572.5,2026-09-03T19:33:53.771140+00:00
2021-09-29,1580.0,1602.0,1560.0,1587.0,4530,1587.0,2026-09-03T19:33:53.771140+00:00
2021-09-30,1600.0,1615.0,1578.0,1578.0,8871,1578.0,2026-09-03T19:33:53.771140+00:00
2021-10-03,1598.0,1599.0,1564.2,1575.0,6071,1575.0,2026-09-03T19:33:53.771140+00:00
2021-10-04,1606.5,1630.0,1575.0,1608.9,13238,1608.9,2026-09-03T19:33:53.771140+00:00
2021-10-05,1635.0,1684.0,1635.0,1671.0,10581,1671.0,2026-09-03T19:33:53.771140+00:00
2021-10-06,1704.4,1780.0,1704.4,1772.0,33680,1772.0,2026-09-03T19:33:53.771140+00:00
2021-10-10,1800.0,1800.0,1682.0,1682.0,33013,1682.0,2026-09-03T19:33:53.771140+00:00
2021-10-11,1660.0,1660.0,1603.0,1625.0,16996,1625.0,2026-09-03T19:33:53.771140+00:00
2021-10-17,1655.0,1655.0,1600.0,1646.9,3842,1646.9,2026-09-03T19:33:53.771140+00:00
2021-10-18,1650.0,1650.0,1585.0,1585.0,11670,1585.0,2026-09-03T19:33:53.771140+00:00
2021-10-19,1580.0,1580.0,1520.0,1540.0,9993,1540.0,2026-09-03T19:33:53.771140+00:00
2021-10-20,1570.0,1580.0,1541.0,1550.0,4155,1550.0,2026-09-03T19:33:53.771140+00:00
2021-10-21,1551.1,1555.0,1531.0,1540.0,5556,1540.0,2026-09-03T19:33:53.771140+00:00
2021-10-24,1540.0,1555.0,1530.0,1543.0,7681,1543.0,2026-09-03T19:33:53.771140+00:00
2021-10-25,1569.9,1590.0,1550.0,1581.0,6680,1581.0,2026-09-03T19:33:53.771140+00:00
2021-10-26,1581.0,1611.9,1580.0,1593.0,12681,1593.0,2026-09-03T19:33:53.771140+00:00
2021-10-27,1612.0,1637.0,1585.0,1595.0,19823,1595.0,2026-09-03T19:33:53.771140+00:00
2021-10-28,1600.0,1635.0,1599.0,1634.0,10309,1634.0,2026-09-03T19:33:53.771140+00:00
2021-10-31,1650.0,1670.0,1626.0,1669.0,11319,1669.0,2026-09-03T19:33:53.771140+00:00
2021-11-01,1680.0,1681.0,1625.1,1640.0,12509,1640.0,2026-09-03T19:33:53.771140+00:00
2021-11-02,1640.0,1640.0,1613.0,1624.0,7770,1624.0,2026-09-03T19:33:53.771140+00:00
2021-11-03,1616.0,1630.0,1616.0,1627.0,3881,1627.0,2026-09-03T19:33:53.771140+00:00
2021-11-08,1612.0,1639.9,1605.3,1606.0,2408,1606.0,2026-09-03T19:33:53.771140+00:00
2021-11-09,1638.0,1638.0,1568.0,1568.0,9475,1568.0,2026-09-03T19:33:53.771140+00:00
2021-11-11,1540.0,1560.0,1509.3,1535.1,6406,1535.1,2026-09-03T19:33:53.771140+00:00
2021-11-14,1530.0,1536.0,1512.1,1526.2,5319,1526.2,2026-09-03T19:33:53.771140+00:00
2021-11-15,1530.0,1551.0,1525.0,1543.0,5367,1543.0,2026-09-03T19:33:53.771140+00:00
2021-11-16,1550.0,1560.1,1530.1,1558.0,3899,1558.0,2026-09-03T19:33:53.771140+00:00
2021-11-17,1578.0,1578.0,1560.0,1560.0,4936,1560.0,2026-09-03T19:33:53.771140+00:00
2021-11-18,1570.0,1570.0,1539.0,1546.0,8215,1546.0,2026-09-03T19:33:53.771140+00:00
2021-11-21,1521.0,1555.0,1521.0,1552.0,1750,1552.0,2026-09-03T19:33:53.771140+00:00
2021-11-22,1556.0,1569.0,1541.0,1547.0,2673,1547.0,2026-09-03T19:33:53.771140+00:00
2021-11-23,1530.0,1547.0,1486.7,1501.0,9674,1501.0,2026-09-03T19:33:53.771140+00:00
2021-11-24,1480.0,1520.0,1480.0,1520.0,4541,1520.0,2026-09-03T19:33:53.771140+00:00
2021-11-25,1520.0,1520.0,1489.6,1490.0,4704,1490.0,2026-09-03T19:33:53.771140+00:00
2021-11-28,1470.0,1490.0,1440.6,1456.0,6806,1456.0,2026-09-03T19:33:53.771140+00:00
2021-11-29,1456.0,1484.5,1455.0,1457.0,4472,1457.0,2026-09-03T19:33:53.771140+00:00
2021-11-30,1457.0,1484.8,1455.0,1465.0,2655,1465.0,2026-09-03T19:33:53.771140+00:00
2021-12-01,1470.0,1470.3,1455.1,1458.0,5165,1458.0,2026-09-03T19:33:53.771140+00:00
2021-12-02,1470.0,1470.0,1426.0,1426.0,6495,1426.0,2026-09-03T19:33:53.771140+00:00
2021-12-05,1420.0,1425.0,1400.0,1400.0,5343,1400.0,2026-09-03T19:33:53.771140+00:00
2021-12-06,1408.0,1418.0,1350.0,1412.6,8732,1412.6,2026-09-03T19:33:53.771140+00:00
2021-12-07,1435.0,1435.0,1390.0,1399.1,4160,1399.1,2026-09-03T19:33:53.771140+00:00
2021-12-08,1419.5,1419.5,1355.1,1355.1,5602,1355.1,2026-09-03T19:33:53.771140+00:00
2021-12-09,1365.0,1373.0,1340.0,1345.0,6054,1345.0,2026-09-03T19:33:53.771140+00:00
2021-12-12,1357.0,1357.0,1305.0,1305.0,7412,1305.0,2026-09-03T19:33:53.771140+00:00
2021-12-13,1293.6,1310.0,1261.1,1266.1,10062,1266.1,2026-09-03T19:33:53.771140+00:00
2021-12-14,1270.0,1323.0,1269.0,1323.0,3329,1323.0,2026-09-03T19:33:53.771140+00:00
2021-12-15,1349.0,1353.0,1292.0,1332.0,7531,1332.0,2026-09-03T19:33:53.771140+00:00
2021-12-16,1311.0,1323.4,1300.0,1300.0,3439,1300.0,2026-09-03T19:33:53.771140+00:00
2021-12-20,1326.0,1352.0,1306.0,1310.0,26876,1310.0,2026-09-03T19:33:53.771140+00:00
2021-12-21,1102.0,1119.0,1097.0,1119.0,6339,1119.0,2026-09-03T19:33:53.771140+00:00
2021-12-22,1141.0,1150.0,1119.0,1150.0,7060,1150.0,2026-09-03T19:33:53.771140+00:00
2021-12-23,1170.0,1170.0,1128.0,1153.0,8550,1153.0,2026-09-03T19:33:53.771140+00:00
2021-12-26,1153.0,1210.0,1153.0,1200.0,8022,1200.0,2026-09-03T19:33:53.771140+00:00
2021-12-27,1222.0,1238.0,1190.0,1196.0,11837,1196.0,2026-09-03T19:33:53.771140+00:00
2021-12-28,1175.0,1205.0,1151.2,1196.0,6460,1196.0,2026-09-03T19:33:53.771140+00:00
2021-12-29,1175.1,1209.0,1175.0,1190.0,4718,1190.0,2026-09-03T19:33:53.771140+00:00
2022-01-02,1191.0,1225.0,1191.0,1224.0,6955,1224.0,2026-09-03T19:33:53.771140+00:00
2022-01-03,1215.0,1270.0,1200.0,1236.0,13639,1236.0,2026-09-03T19:33:53.771140+00:00
2022-01-04,1230.0,1285.0,1205.4,1263.0,9420,1263.0,2026-09-03T19:33:53.771140+00:00
2022-01-05,1279.0,1279.0,1238.0,1240.0,7134,1240.0,2026-09-03T19:33:53.771140+00:00
2022-01-06,1240.0,1259.0,1230.0,1245.0,2850,1245.0,2026-09-03T19:33:53.771140+00:00
2022-01-09,1260.0,1280.0,1255.0,1270.1,6869,1270.1,2026-09-03T19:33:53.771140+00:00
2022-01-10,1267.0,1290.0,1266.0,1276.0,10404,1276.0,2026-09-03T19:33:53.771140+00:00
2022-01-11,1299.0,1359.5,1299.0,1335.0,14641,1335.0,2026-09-03T19:33:53.771140+00:00
2022-01-12,1340.0,1378.0,1309.0,1325.0,9794,1325.0,2026-09-03T19:33:53.771140+00:00
2022-01-13,1348.0,1400.0,1317.0,1400.0,21922,1400.0,2026-09-03T19:33:53.771140+00:00
2022-01-16,1421.0,1467.0,1402.0,1426.0,11186,1426.0,2026-09-03T19:33:53.771140+00:00
2022-01-17,1448.0,1448.0,1372.0,1431.0,11945,1431.0,2026-09-03T19:33:53.771140+00:00
2022-01-18,1448.0,1449.0,1410.0,1431.0,13100,1431.0,2026-09-03T19:33:53.771140+00:00
2022-01-19,1459.0,1459.0,1391.0,1405.0,15623,1405.0,2026-09-03T19:33:53.771140+00:00
2022-01-20,1400.0,1405.0,1386.0,1405.0,5279,1405.0,2026-09-03T19:33:53.771140+00:00
2022-01-23,1408.0,1419.0,1380.1,1398.0,4463,1398.0,2026-09-03T19:33:53.771140+00:00
2022-01-24,1397.0,1397.0,1320.0,1370.0,10075,1370.0,2026-09-03T19:33:53.771140+00:00
2022-01-25,1343.0,1370.0,1342.0,1355.0,2740,1355.0,2026-09-03T19:33:53.771140+00:00
2022-01-26,1330.0,1349.0,1323.0,1325.0,6455,1325.0,2026-09-03T19:33:53.771140+00:00
2022-01-27,1350.0,1351.5,1315.0,1320.0,3691,1320.0,2026-09-03T19:33:53.771140+00:00
2022-01-30,1346.4,1373.0,1346.4,1367.0,3867,1367.0,2026-09-03T19:33:53.771140+00:00
2022-01-31,1390.0,1390.0,1363.0,1365.0,8367,1365.0,2026-09-03T19:33:53.771140+00:00
2022-02-01,1365.0,1379.0,1353.0,1360.0,2393,1360.0,2026-09-03T19:33:53.771140+00:00
2022-02-03,1375.0,1382.0,1352.2,1352.2,5041,1352.2,2026-09-03T19:33:53.771140+00:00
2022-02-06,1326.0,1352.0,1326.0,1329.1,3118,1329.1,2026-09-03T19:33:53.771140+00:00
2022-02-07,1320.0,1340.0,1320.0,1335.0,2830,1335.0,2026-09-03T19:33:53.771140+00:00
2022-02-08,1360.0,1361.0,1310.0,1329.0,5691,1329.0,2026-09-03T19:33:53.771140+00:00
2022-02-09,1329.0,1329.0,1311.0,1318.0,531,1318.0,2026-09-03T19:33:53.771140+00:00
2022-02-10,1306.0,1308.8,1301.0,1305.0,4607,1305.0,2026-09-03T19:33:53.771140+00:00
2022-02-13,1289.0,1289.0,1252.0,1252.0,7022,1252.0,2026-09-03T19:33:53.771140+00:00
2022-02-14,1255.0,1285.0,1253.0,1255.0,2297,1255.0,2026-09-03T19:33:53.771140+00:00
2022-02-15,1255.0,1280.0,1250.0,1280.0,3609,1280.0,2026-09-03T19:33:53.771140+00:00
2022-02-16,1280.0,1294.0,1271.0,1271.0,671,1271.0,2026-09-03T19:33:53.771140+00:00
2022-02-17,1265.0,1270.0,1260.0,1263.0,1936,1263.0,2026-09-03T19:33:53.771140+00:00
2022-02-20,1240.0,1260.0,1240.0,1260.0,2686,1260.0,2026-09-03T19:33:53.771140+00:00
2022-02-21,1246.0,1264.0,1241.0,1262.0,3469,1262.0,2026-09-03T19:33:53.771140+00:00
2022-02-22,1265.0,1280.0,1265.0,1275.0,6476,1275.0,2026-09-03T19:33:53.771140+00:00
2022-02-23,1266.0,1285.0,1266.0,1283.0,4011,1283.0,2026-09-03T19:33:53.771140+00:00
2022-02-24,1260.0,1265.0,1240.0,1250.0,3714,1250.0,2026-09-03T19:33:53.771140+00:00
2022-02-27,1230.0,1250.0,1221.0,1243.0,10133,1243.0,2026-09-03T19:33:53.771140+00:00
2022-02-28,1267.0,1267.8,1216.0,1217.0,3505,1217.0,2026-09-03T19:33:53.771140+00:00
2022-03-02,1220.0,1220.0,1190.0,1192.0,2763,1192.0,2026-09-03T19:33:53.771140+00:00
2022-03-06,1200.0,1200.0,1184.0,1190.0,2280,1190.0,2026-09-03T19:33:53.771140+00:00
2022-03-07,1192.0,1192.0,1170.0,1173.0,3202,1173.0,2026-09-03T19:33:53.771140+00:00
2022-03-09,1180.0,1180.0,1157.0,1157.0,1849,1157.0,2026-09-03T19:33:53.771140+00:00
2022-03-10,1180.0,1180.0,1141.0,1177.0,2399,1177.0,2026-09-03T19:33:53.771140+00:00
2022-03-13,1190.0,1219.0,1180.0,1215.5,3178,1215.5,2026-09-03T19:33:53.771140+00:00
2022-03-14,1215.5,1264.5,1215.5,1255.0,1085,1255.0,2026-09-03T19:33:53.771140+00:00
2022-03-15,1250.0,1253.0,1231.0,1248.0,4740,1248.0,2026-09-03T19:33:53.771140+00:00
2022-03-16,1271.0,1271.0,1240.0,1255.0,2030,1255.0,2026-09-03T19:33:53.771140+00:00
2022-03-20,1253.0,1275.0,1243.0,1275.0,3333,1275.0,2026-09-03T19:33:53.771140+00:00
2022-03-21,1300.5,1326.5,1258.5,1272.0,4875,1272.0,2026-09-03T19:33:53.771140+00:00
2022-03-22,1252.0,1287.0,1252.0,1269.0,2492,1269.0,2026-09-03T19:33:53.771140+00:00
2022-03-23,1269.0,1284.0,1269.0,1278.9,3190,1278.9,2026-09-03T19:33:53.771140+00:00
2022-03-24,1279.0,1285.0,1275.0,1278.0,5076,1278.0,2026-09-03T19:33:53.771140+00:00
2022-03-27,1270.0,1270.0,1250.0,1250.0,3470,1250.0,2026-09-03T19:33:53.771140+00:00
2022-03-28,1242.0,1250.0,1210.2,1248.0,6668,1248.0,2026-09-03T19:33:53.771140+00:00
2022-03-29,1248.0,1248.0,1215.0,1215.0,2264,1215.0,2026-09-03T19:33:53.771140+00:00
2022-03-30,1196.0,1250.0,1196.0,1225.0,3485,1225.0,2026-09-03T19:33:53.771140+00:00
2022-03-31,1240.0,1245.0,1222.0,1222.0,1144,1222.0,2026-09-03T19:33:53.771140+00:00
2022-04-03,1210.0,1219.0,1180.0,1183.1,2930,1183.1,2026-09-03T19:33:53.771140+00:00
2022-04-04,1206.0,1208.0,1184.1,1184.1,1437,1184.1,2026-09-03T19:33:53.771140+00:00
2022-04-05,1163.0,1165.1,1146.0,1157.0,2202,1157.0,2026-09-03T19:33:53.771140+00:00
2022-04-06,1156.0,1160.0,1135.0,1137.0,5533,1137.0,2026-09-03T19:33:53.771140+00:00
2022-04-07,1155.0,1160.0,1146.0,1160.0,1895,1160.0,2026-09-03T19:33:53.771140+00:00
2022-04-11,1183.0,1185.0,1142.0,1142.0,1246,1142.0,2026-09-03T19:33:53.771140+00:00
2022-04-12,1142.0,1150.0,1120.1,1143.0,2892,1143.0,2026-09-03T19:33:53.771140+00:00
2022-04-13,1130.0,1220.0,1130.0,1215.0,3328,1215.0,2026-09-03T19:33:53.771140+00:00
2022-04-17,1220.0,1220.0,1178.0,1180.0,2509,1180.0,2026-09-03T19:33:53.771140+00:00
2022-04-18,1160.0,1178.0,1135.0,1178.0,3123,1178.0,2026-09-03T19:33:53.771140+00:00
2022-04-19,1155.0,1165.0,1132.0,1150.0,1422,1150.0,2026-09-03T19:33:53.771140+00:00
2022-04-20,1170.0,1170.0,1130.0,1139.0,1852,1139.0,2026-09-03T19:33:53.771140+00:00
2022-04-21,1135.0,1160.0,1117.0,1130.0,1779,1130.0,2026-09-03T19:33:53.771140+00:00
2022-04-24,1130.0,1190.0,1130.0,1180.0,1200,1180.0,2026-09-03T19:33:53.771140+00:00
2022-04-25,1185.0,1185.0,1134.9,1171.0,6942,1171.0,2026-09-03T19:33:53.771140+00:00
2022-04-26,1160.5,1165.0,1143.0,1160.0,2638,1160.0,2026-09-03T19:33:53.771140+00:00
2022-04-27,1137.2,1172.9,1137.1,1164.0,442,1164.0,2026-09-03T19:33:53.771140+00:00
2022-04-28,1141.1,1163.0,1141.1,1158.0,1703,1158.0,2026-09-03T19:33:53.771140+00:00
2022-05-02,1180.0,1180.0,1115.0,1120.0,3131,1120.0,2026-09-03T19:33:53.771140+00:00
2022-05-04,1120.0,1140.0,1101.1,1120.0,2474,1120.0,2026-09-03T19:33:53.771140+00:00
2022-05-05,1115.0,1115.0,1086.0,1086.0,3039,1086.0,2026-09-03T19:33:53.771140+00:00
2022-05-08,1086.0,1086.0,1036.0,1069.0,3296,1069.0,2026-09-03T19:33:53.771140+00:00
2022-05-09,1070.0,1096.0,1067.0,1093.1,1927,1093.1,2026-09-03T19:33:53.771140+00:00
2022-05-10,1085.0,1124.0,1080.0,1119.0,1391,1119.0,2026-09-03T19:33:53.771140+00:00
2022-05-11,1123.0,1150.0,1120.0,1150.0,3085,1150.0,2026-09-03T19:33:53.771140+00:00
2022-05-12,1154.0,1166.6,1135.0,1136.0,1412,1136.0,2026-09-03T19:33:53.771140+00:00
2022-05-17,1115.7,1136.3,1102.0,1102.0,1393,1102.0,2026-09-03T19:33:53.771140+00:00
2022-05-18,1100.0,1122.0,1082.0,1122.0,645,1122.0,2026-09-03T19:33:53.771140+00:00
2022-05-19,1129.8,1129.9,1103.0,1103.0,1050,1103.0,2026-09-03T19:33:53.771140+00:00
2022-05-20,1100.0,1118.0,1100.0,1118.0,398,1118.0,2026-09-03T19:33:53.771140+00:00
2022-05-23,1100.1,1120.0,1084.9,1085.0,2395,1085.0,2026-09-03T19:33:53.771140+00:00
2022-05-24,1075.0,1105.0,1075.0,1080.0,633,1080.0,2026-09-03T19:33:53.771140+00:00
2022-05-25,1101.0,1108.0,1085.0,1104.0,1813,1104.0,2026-09-03T19:33:53.771140+00:00
2022-05-26,1090.0,1100.0,1083.0,1100.0,1182,1100.0,2026-09-03T19:33:53.771140+00:00
2022-05-27,1089.0,1096.0,1078.0,1083.9,1568,1083.9,2026-09-03T19:33:53.771140+00:00
2022-05-30,1087.0,1090.0,1064.0,1064.1,2440,1064.1,2026-09-03T19:33:53.771140+00:00
2022-05-31,1064.0,1064.0,1030.0,1030.0,2811,1030.0,2026-09-03T19:33:53.771140+00:00
2022-06-01,1043.0,1071.5,1005.0,1010.0,5629,1010.0,2026-09-03T19:33:53.771140+00:00
2022-06-02,1025.0,1025.0,1000.0,1000.0,1030,1000.0,2026-09-03T19:33:53.771140+00:00
2022-06-03,1003.0,1003.0,990.0,994.0,2285,994.0,2026-09-03T19:33:53.771140+00:00
2022-06-06,994.0,1000.0,990.0,994.0,1885,994.0,2026-09-03T19:33:53.771140+00:00
2022-06-07,994.0,994.0,981.0,981.0,3220,981.0,2026-09-03T19:33:53.771140+00:00
2022-06-08,995.0,1035.0,980.0,1017.0,2986,1017.0,2026-09-03T19:33:53.771140+00:00
2022-06-09,1010.0,1035.0,998.0,999.0,1670,999.0,2026-09-03T19:33:53.771140+00:00
2022-06-10,999.0,1014.9,990.0,1009.0,968,1009.0,2026-09-03T19:33:53.771140+00:00
2022-06-13,1000.0,1014.0,995.0,998.0,912,998.0,2026-09-03T19:33:53.771140+00:00
2022-06-14,996.0,1001.0,985.0,996.0,1676,996.0,2026-09-03T19:33:53.771140+00:00
2022-06-15,985.0,990.0,970.0,985.0,4018,985.0,2026-09-03T19:33:53.771140+00:00
2022-06-16,1000.0,1000.0,979.9,985.0,772,985.0,2026-09-03T19:33:53.771140+00:00
2022-06-17,980.0,980.0,977.0,980.0,492,980.0,2026-09-03T19:33:53.771140+00:00
2022-06-19,978.0,980.0,962.0,979.0,1740,979.0,2026-09-03T19:33:53.771140+00:00
2022-06-20,960.0,964.9,930.0,946.1,4588,946.1,2026-09-03T19:33:53.771140+00:00
2022-06-21,948.0,1000.0,937.2,1000.0,7659,1000.0,2026-09-03T19:33:53.771140+00:00
2022-06-22,980.1,985.0,968.0,969.0,1656,969.0,2026-09-03T19:33:53.771140+00:00
2022-06-23,969.0,969.0,936.0,940.1,2199,940.1,2026-09-03T19:33:53.771140+00:00
2022-06-24,930.0,963.9,925.0,950.0,2158,950.0,2026-09-03T19:33:53.771140+00:00
2022-06-26,969.0,987.0,960.0,980.0,4493,980.0,2026-09-03T19:33:53.771140+00:00
2022-06-27,999.6,1001.0,935.6,960.0,5598,960.0,2026-09-03T19:33:53.771140+00:00
2022-06-28,953.6,959.8,941.0,957.8,1349,957.8,2026-09-03T19:33:53.771140+00:00
2022-06-29,975.0,994.9,956.5,988.0,7462,988.0,2026-09-03T19:33:53.771140+00:00
2022-06-30,1000.0,1038.9,998.0,1038.9,7139,1038.9,2026-09-03T19:33:53.771140+00:00
2022-07-01,1050.0,1065.0,1030.0,1058.0,3177,1058.0,2026-09-03T19:33:53.771140+00:00
2022-07-03,1058.0,1100.0,1057.0,1090.0,6867,1090.0,2026-09-03T19:33:53.771140+00:00
2022-07-04,1111.8,1131.9,1048.0,1075.0,8491,1075.0,2026-09-03T19:33:53.771140+00:00
2022-07-05,1090.0,1096.5,1029.0,1030.0,3990,1030.0,2026-09-03T19:33:53.771140+00:00
2022-07-06,1026.5,1045.0,1000.0,1034.2,3300,1034.2,2026-09-03T19:33:53.771140+00:00
2022-07-07,1054.8,1075.8,1020.0,1035.0,7013,1035.0,2026-09-03T19:33:53.771140+00:00
2022-07-08,1025.0,1055.7,1000.0,1019.0,1735,1019.0,2026-09-03T19:33:53.771140+00:00
2022-07-11,1000.0,1000.0,975.0,977.0,2242,977.0,2026-09-03T19:33:53.771140+00:00
2022-07-12,958.2,1029.9,958.0,975.0,2616,975.0,2026-09-03T19:33:53.771140+00:00
2022-07-13,994.5,1030.0,990.0,1030.0,2880,1030.0,2026-09-03T19:33:53.771140+00:00
2022-07-14,1050.5,1090.0,1020.0,1087.0,6414,1087.0,2026-09-03T19:33:53.771140+00:00
2022-07-15,1065.3,1169.0,1059.0,1169.0,12441,1169.0,2026-09-03T19:33:53.771140+00:00
2022-07-17,1170.0,1170.0,1096.0,1135.0,9986,1135.0,2026-09-03T19:33:53.771140+00:00
2022-07-18,1113.0,1113.0,1087.0,1102.0,4909,1102.0,2026-09-03T19:33:53.771140+00:00
2022-07-19,1100.0,1135.0,1100.0,1112.0,16425,1112.0,2026-09-03T19:33:53.771140+00:00
2022-07-20,1112.0,1148.0,1100.0,1130.0,15892,1130.0,2026-09-03T19:33:53.771140+00:00
2022-07-21,1121.0,1150.0,1120.0,1134.5,7754,1134.5,2026-09-03T19:33:53.771140+00:00
2022-07-22,1135.0,1160.7,1112.0,1149.0,13414,1149.0,2026-09-03T19:33:53.771140+00:00
2022-07-24,1171.0,1250.0,1136.1,1248.0,42152,1248.0,2026-09-03T19:33:53.771140+00:00
2022-07-25,1269.0,1299.9,1249.0,1289.0,29951,1289.0,2026-09-03T19:33:53.771140+00:00
2022-07-26,1264.0,1289.9,1238.2,1250.0,27002,1250.0,2026-09-03T19:33:53.771140+00:00
2022-07-27,1225.0,1270.0,1205.0,1270.0,26689,1270.0,2026-09-03T19:33:53.771140+00:00
2022-07-28,1275.0,1315.0,1271.0,1315.0,51195,1315.0,2026-09-03T19:33:53.771140+00:00
2022-07-29,1309.0,1315.0,1292.0,1314.0,6926,1314.0,2026-09-03T19:33:53.771140+00:00
2022-07-31,1318.0,1355.0,1301.0,1355.0,19328,1355.0,2026-09-03T19:33:53.771140+00:00
2022-08-01,1370.0,1381.0,1331.0,1342.0,40627,1342.0,2026-09-03T19:33:53.771140+00:00
2022-08-02,1335.0,1368.8,1311.0,1368.0,23157,1368.0,2026-09-03T19:33:53.771140+00:00
2022-08-03,1395.0,1395.0,1342.0,1373.0,11092,1373.0,2026-09-03T19:33:53.771140+00:00
2022-08-04,1375.0,1395.0,1332.8,1345.0,18511,1345.0,2026-09-03T19:33:53.771140+00:00
2022-08-05,1345.0,1368.0,1301.0,1312.9,10484,1312.9,2026-09-03T19:33:53.771140+00:00
2022-08-07,1313.0,1350.0,1305.2,1350.0,13969,1350.0,2026-09-03T19:33:53.771140+00:00
2022-08-08,1350.0,1407.0,1332.0,1348.0,10423,1348.0,2026-09-03T19:33:53.771140+00:00
2022-08-09,1324.0,1340.0,1289.0,1296.0,12137,1296.0,2026-09-03T19:33:53.771140+00:00
2022-08-10,1272.0,1300.0,1272.0,1293.0,6724,1293.0,2026-09-03T19:33:53.771140+00:00
2022-08-11,1312.0,1315.0,1290.0,1290.0,19903,1290.0,2026-09-03T19:33:53.771140+00:00
2022-08-14,1315.8,1344.0,1302.1,1313.0,50022,1313.0,2026-09-03T19:33:53.771140+00:00
2022-08-15,1334.9,1348.0,1315.0,1346.0,40975,1346.0,2026-09-03T19:33:53.771140+00:00
2022-08-16,1350.0,1358.9,1321.0,1326.0,29037,1326.0,2026-09-03T19:33:53.771140+00:00
2022-08-17,1338.9,1339.0,1320.0,1325.9,12348,1325.9,2026-09-03T19:33:53.771140+00:00
2022-08-18,1352.4,1352.4,1325.0,1336.0,25268,1336.0,2026-09-03T19:33:53.771140+00:00
2022-08-21,1346.0,1357.8,1336.0,1337.2,15303,1337.2,2026-09-03T19:33:53.771140+00:00
2022-08-22,1354.0,1354.0,1316.0,1329.0,10480,1329.0,2026-09-03T19:33:53.771140+00:00
2022-08-23,1345.0,1345.0,1315.0,1329.0,3141,1329.0,2026-09-03T19:33:53.771140+00:00
2022-08-24,1330.0,1350.0,1325.0,1330.0,6098,1330.0,2026-09-03T19:33:53.771140+00:00
2022-08-25,1330.0,1345.9,1310.1,1323.0,10864,1323.0,2026-09-03T19:33:53.771140+00:00
2022-08-26,1314.0,1314.0,1295.1,1297.5,4973,1297.5,2026-09-03T19:33:53.771140+00:00
2022-08-28,1276.0,1315.0,1267.6,1275.0,5427,1275.0,2026-09-03T19:33:53.771140+00:00
2022-08-29,1254.0,1280.0,1253.0,1275.0,4490,1275.0,2026-09-03T19:33:53.771140+00:00
2022-08-30,1290.0,1290.0,1259.0,1260.0,5930,1260.0,2026-09-03T19:33:53.771140+00:00
2022-08-31,1280.0,1280.0,1235.0,1245.0,5129,1245.0,2026-09-03T19:33:53.771140+00:00
2022-09-01,1247.9,1258.9,1212.0,1240.0,9126,1240.0,2026-09-03T19:33:53.771140+00:00
2022-09-02,1238.0,1239.0,1216.0,1216.0,3019,1216.0,2026-09-03T19:33:53.771140+00:00
2022-09-04,1237.0,1250.0,1220.0,1230.0,3784,1230.0,2026-09-03T19:33:53.771140+00:00
2022-09-05,1221.0,1240.0,1221.0,1239.6,3942,1239.6,2026-09-03T19:33:53.771140+00:00
2022-09-06,1240.0,1240.0,1216.0,1225.0,2274,1225.0,2026-09-03T19:33:53.771140+00:00
2022-09-07,1209.1,1218.0,1207.0,1210.1,1930,1210.1,2026-09-03T19:33:53.771140+00:00
2022-09-08,1205.0,1227.0,1202.1,1217.0,3945,1217.0,2026-09-03T19:33:53.771140+00:00
2022-09-11,1217.0,1227.0,1205.1,1208.0,3517,1208.0,2026-09-03T19:33:53.771140+00:00
2022-09-12,1220.0,1220.0,1191.1,1192.0,5144,1192.0,2026-09-03T19:33:53.771140+00:00
2022-09-13,1214.0,1224.0,1210.0,1223.0,4060,1223.0,2026-09-03T19:33:53.771140+00:00
2022-09-14,1225.0,1272.0,1225.0,1264.9,7329,1264.9,2026-09-03T19:33:53.771140+00:00
2022-09-15,1270.0,1270.0,1202.4,1204.6,8959,1204.6,2026-09-03T19:33:53.771140+00:00
2022-09-16,1190.0,1228.0,1134.0,1198.0,4190,1198.0,2026-09-03T19:33:53.771140+00:00
2022-09-18,1218.0,1218.0,1160.1,1164.0,4207,1164.0,2026-09-03T19:33:53.771140+00:00
2022-09-20,1150.0,1180.0,1120.0,1135.0,6263,1135.0,2026-09-03T19:33:53.771140+00:00
2022-09-21,1140.0,1170.0,1125.1,1131.1,3837,1131.1,2026-09-03T19:33:53.771140+00:00
2022-09-22,1150.0,1155.0,1130.0,1140.0,2090,1140.0,2026-09-03T19:33:53.771140+00:00
2022-09-25,1121.0,1144.8,1118.0,1124.0,5175,1124.0,2026-09-03T19:33:53.771140+00:00
2022-09-27,1146.4,1149.9,1137.0,1148.0,2251,1148.0,2026-09-03T19:33:53.771140+00:00
2022-09-28,1169.0,1169.0,1142.1,1146.0,1382,1146.0,2026-09-03T19:33:53.771140+00:00
2022-09-29,1164.0,1174.0,1147.0,1170.0,3419,1170.0,2026-09-03T19:33:53.771140+00:00
2022-10-09,1170.0,1222.0,1170.0,1222.0,3788,1222.0,2026-09-03T19:33:53.771140+00:00
2022-10-10,1222.0,1222.0,1192.0,1199.0,6684,1199.0,2026-09-03T19:33:53.771140+00:00
2022-10-11,1185.0,1192.0,1179.0,1185.0,2063,1185.0,2026-09-03T19:33:53.771140+00:00
2022-10-12,1190.0,1208.0,1172.0,1199.9,3716,1199.9,2026-09-03T19:33:53.771140+00:00
2022-10-13,1218.0,1218.0,1194.1,1202.0,2462,1202.0,2026-09-03T19:33:53.771140+00:00
2022-10-16,1202.0,1217.0,1179.0,1217.0,3749,1217.0,2026-09-03T19:33:53.771140+00:00
2022-10-17,1192.8,1212.0,1190.0,1210.0,2099,1210.0,2026-09-03T19:33:53.771140+00:00
2022-10-19,1215.0,1215.0,1178.0,1200.0,3045,1200.0,2026-09-03T19:33:53.771140+00:00
2022-10-20,1190.0,1198.9,1183.0,1198.9,2197,1198.9,2026-09-03T19:33:53.771140+00:00
2022-10-23,1200.0,1201.0,1185.0,1201.0,4352,1201.0,2026-09-03T19:33:53.771140+00:00
2022-10-31,1200.0,1200.0,1185.0,1190.0,2923,1190.0,2026-09-03T19:33:53.771140+00:00
2022-11-01,1190.0,1225.0,1190.0,1210.0,6282,1210.0,2026-09-03T19:33:53.771140+00:00
2022-11-02,1194.0,1231.0,1190.0,1224.0,8300,1224.0,2026-09-03T19:33:53.771140+00:00
2022-11-03,1201.0,1215.0,1195.1,1206.0,4195,1206.0,2026-09-03T19:33:53.771140+00:00
2022-11-06,1211.0,1279.0,1211.0,1274.9,14003,1274.9,2026-09-03T19:33:53.771140+00:00
2022-11-07,1290.0,1298.0,1255.0,1274.0,16517,1274.0,2026-09-03T19:33:53.771140+00:00
2022-11-08,1266.1,1270.0,1244.0,1250.0,5951,1250.0,2026-09-03T19:33:53.771140+00:00
2022-11-09,1240.0,1243.0,1211.0,1212.0,5817,1212.0,2026-09-03T19:33:53.771140+00:00
2022-11-10,1201.0,1220.0,1185.0,1190.0,5433,1190.0,2026-09-03T19:33:53.771140+00:00
2022-11-13,1190.0,1210.0,1166.2,1167.0,6977,1167.0,2026-09-03T19:33:53.771140+00:00
2022-11-14,1151.1,1173.0,1144.0,1160.0,5485,1160.0,2026-09-03T19:33:53.771140+00:00
2022-11-15,1160.0,1171.0,1150.0,1155.0,4351,1155.0,2026-09-03T19:33:53.771140+00:00
2022-11-16,1178.0,1178.0,1157.0,1157.0,2101,1157.0,2026-09-03T19:33:53.771140+00:00
2022-11-17,1179.5,1194.7,1170.0,1190.0,2681,1190.0,2026-09-03T19:33:53.771140+00:00
2022-11-22,1186.0,1207.0,1180.0,1195.0,2487,1195.0,2026-09-03T19:33:53.771140+00:00
2022-11-23,1215.0,1215.0,1175.1,1180.0,622,1180.0,2026-09-03T19:33:53.771140+00:00
2022-11-24,1178.0,1185.0,1160.0,1175.3,1598,1175.3,2026-09-03T19:33:53.771140+00:00
2022-11-27,1175.0,1213.0,1175.0,1212.9,3324,1212.9,2026-09-03T19:33:53.771140+00:00
2022-11-28,1235.0,1235.0,1198.0,1198.0,2609,1198.0,2026-09-03T19:33:53.771140+00:00
2022-11-29,1177.2,1205.0,1177.2,1204.0,840,1204.0,2026-09-03T19:33:53.771140+00:00
2022-11-30,1195.0,1223.0,1192.1,1192.3,1860,1192.3,2026-09-03T19:33:53.771140+00:00
2022-12-01,1200.0,1215.0,1186.1,1194.1,6086,1194.1,2026-09-03T19:33:53.771140+00:00
2022-12-04,1195.1,1224.0,1195.1,1220.0,5375,1220.0,2026-09-03T19:33:53.771140+00:00
2022-12-05,1220.0,1220.0,1191.4,1191.4,2458,1191.4,2026-09-03T19:33:53.771140+00:00
2022-12-06,1190.0,1199.0,1178.0,1199.0,1869,1199.0,2026-09-03T19:33:53.771140+00:00
2022-12-07,1190.0,1213.0,1190.0,1204.0,1734,1204.0,2026-09-03T19:33:53.771140+00:00
2022-12-11,1182.2,1200.0,1182.2,1188.2,1375,1188.2,2026-09-03T19:33:53.771140+00:00
2022-12-12,1192.0,1192.1,1166.4,1180.0,6678,1180.0,2026-09-03T19:33:53.771140+00:00
2022-12-13,1181.0,1181.0,1167.3,1177.9,2899,1177.9,2026-09-03T19:33:53.771140+00:00
2022-12-14,1178.0,1190.0,1166.0,1190.0,454,1190.0,2026-09-03T19:33:53.771140+00:00
2022-12-15,1167.1,1179.0,1165.0,1168.0,2162,1168.0,2026-09-03T19:33:53.771140+00:00
2022-12-18,1170.0,1170.0,1146.1,1147.0,2547,1147.0,2026-09-03T19:33:53.771140+00:00
2022-12-19,1140.2,1144.0,1131.1,1144.0,3569,1144.0,2026-09-03T19:33:53.771140+00:00
2022-12-20,1144.5,1160.0,1138.0,1140.1,3957,1140.1,2026-09-03T19:33:53.771140+00:00
2022-12-21,1159.0,1162.0,1138.8,1138.8,2073,1138.8,2026-09-03T19:33:53.771140+00:00
2022-12-22,1121.1,1148.0,1121.1,1130.0,2977,1130.0,2026-09-03T19:33:53.771140+00:00
2022-12-26,1152.5,1189.0,1150.0,1171.0,5547,1171.0,2026-09-03T19:33:53.771140+00:00
2022-12-27,1194.4,1242.0,1190.0,1210.0,7426,1210.0,2026-09-03T19:33:53.771140+00:00
2022-12-28,1229.0,1230.0,1181.0,1185.0,4880,1185.0,2026-09-03T19:33:53.771140+00:00
2022-12-29,1194.0,1230.0,1173.0,1230.0,4580,1230.0,2026-09-03T19:33:53.771140+00:00
2023-01-01,1235.0,1240.0,1205.0,1215.0,11107,1215.0,2026-09-03T19:33:53.771140+00:00
2023-01-02,1194.0,1228.0,1193.0,1210.0,5992,1210.0,2026-09-03T19:33:53.771140+00:00
2023-01-03,1215.0,1325.0,1211.0,1302.0,26582,1302.0,2026-09-03T19:33:53.771140+00:00
2023-01-04,1277.0,1380.0,1277.0,1380.0,23554,1380.0,2026-09-03T19:33:53.771140+00:00
2023-01-05,1380.0,1406.0,1339.0,1370.0,14859,1370.0,2026-09-03T19:33:53.771140+00:00
2023-01-08,1397.4,1397.4,1342.0,1350.0,11684,1350.0,2026-09-03T19:33:53.771140+00:00
2023-01-09,1336.1,1361.0,1331.1,1350.0,11438,1350.0,2026-09-03T19:33:53.771140+00:00
2023-01-10,1360.0,1380.0,1311.0,1325.0,22224,1325.0,2026-09-03T19:33:53.771140+00:00
2023-01-12,1311.0,1311.0,1215.2,1228.1,45007,1228.1,2026-09-03T19:33:53.771140+00:00
2023-01-17,1240.0,1240.0,1210.0,1239.0,13136,1239.0,2026-09-03T19:33:53.771140+00:00
2023-01-18,1240.0,1261.9,1232.4,1232.4,5410,1232.4,2026-09-03T19:33:53.771140+00:00
2023-01-19,1216.0,1238.9,1211.0,1212.0,4998,1212.0,2026-09-03T19:33:53.771140+00:00
2023-01-23,1200.1,1229.9,1191.0,1191.0,6362,1191.0,2026-09-03T19:33:53.771140+00:00
2023-01-24,1190.0,1200.0,1180.0,1184.0,6060,1184.0,2026-09-03T19:33:53.771140+00:00
2023-01-25,1186.3,1215.0,1186.3,1190.0,4397,1190.0,2026-09-03T19:33:53.771140+00:00
2023-01-26,1212.0,1212.0,1185.5,1188.0,2562,1188.0,2026-09-03T19:33:53.771140+00:00
2023-01-29,1181.0,1191.9,1180.0,1180.2,1817,1180.2,2026-09-03T19:33:53.771140+00:00
2023-01-30,1180.0,1180.0,1130.0,1167.0,15336,1167.0,2026-09-03T19:33:53.771140+00:00
2023-01-31,1151.0,1166.5,1125.0,1144.0,3307,1144.0,2026-09-03T19:33:53.771140+00:00
2023-02-01,1131.0,1160.0,1131.0,1140.1,2333,1140.1,2026-09-03T19:33:53.771140+00:00
2023-02-02,1135.0,1145.0,1130.0,1136.0,2271,1136.0,2026-09-03T19:33:53.771140+00:00
2023-02-05,1138.0,1155.9,1130.0,1150.0,2150,1150.0,2026-09-03T19:33:53.771140+00:00
2023-02-06,1151.0,1157.0,1131.1,1139.0,3424,1139.0,2026-09-03T19:33:53.771140+00:00
2023-02-07,1126.1,1193.0,1126.1,1173.1,2286,1173.1,2026-09-03T19:33:53.771140+00:00
2023-02-08,1195.0,1218.0,1170.0,1170.0,3473,1170.0,2026-09-03T19:33:53.771140+00:00
2023-02-09,1188.0,1188.0,1160.1,1188.0,1510,1188.0,2026-09-03T19:33:53.771140+00:00
2023-02-12,1164.5,1170.0,1150.1,1155.0,4434,1155.0,2026-09-03T19:33:53.771140+00:00
2023-02-14,1160.0,1160.0,1144.1,1146.0,3240,1146.0,2026-09-03T19:33:53.771140+00:00
2023-02-15,1135.0,1150.0,1130.0,1139.9,1388,1139.9,2026-09-03T19:33:53.771140+00:00
2023-02-16,1140.0,1149.9,1132.0,1133.0,2513,1133.0,2026-09-03T19:33:53.771140+00:00
2023-02-20,1145.0,1150.0,1123.0,1130.0,15377,1130.0,2026-09-03T19:33:53.771140+00:00
2023-02-22,965.0,970.0,948.3,958.0,5418,958.0,2026-09-03T19:33:53.771140+00:00
2023-02-23,941.0,941.0,862.2,863.0,14663,863.0,2026-09-03T19:33:53.771140+00:00
2023-02-26,845.8,897.7,825.0,887.4,11122,887.4,2026-09-03T19:33:53.771140+00:00
2023-02-27,882.0,915.0,846.0,860.0,7933,860.0,2026-09-03T19:33:53.771140+00:00
2023-02-28,850.0,871.0,845.2,860.0,3989,860.0,2026-09-03T19:33:53.771140+00:00
2023-03-01,855.0,855.0,837.1,844.0,4165,844.0,2026-09-03T19:33:53.771140+00:00
2023-03-02,857.0,857.0,818.1,818.1,3484,818.1,2026-09-03T19:33:53.771140+00:00
2023-03-05,818.0,818.0,799.1,807.0,8732,807.0,2026-09-03T19:33:53.771140+00:00
2023-03-07,822.5,838.0,807.0,817.0,1340,817.0,2026-09-03T19:33:53.771140+00:00
2023-03-09,830.0,839.0,818.0,839.0,1974,839.0,2026-09-03T19:33:53.771140+00:00
2023-03-12,837.5,837.5,820.0,830.0,3183,830.0,2026-09-03T19:33:53.771140+00:00
2023-03-13,820.0,830.0,815.0,825.0,1771,825.0,2026-09-03T19:33:53.771140+00:00
2023-03-14,820.0,834.9,810.0,820.0,2589,820.0,2026-09-03T19:33:53.771140+00:00
2023-03-15,820.0,825.0,795.0,808.0,1958,808.0,2026-09-03T19:33:53.771140+00:00
2023-03-16,800.0,803.9,790.0,803.9,3386,803.9,2026-09-03T19:33:53.771140+00:00
2023-03-19,800.0,800.0,790.0,795.0,3648,795.0,2026-09-03T19:33:53.771140+00:00
2023-03-20,780.1,810.0,779.1,795.2,990,795.2,2026-09-03T19:33:53.771140+00:00
2023-03-22,780.0,805.0,780.0,790.1,1020,790.1,2026-09-03T19:33:53.771140+00:00
2023-03-23,799.0,799.0,772.0,772.0,2565,772.0,2026-09-03T19:33:53.771140+00:00
2023-03-26,760.1,760.1,742.0,742.0,3656,742.0,2026-09-03T19:33:53.771140+00:00
2023-03-27,727.3,732.9,691.0,710.1,20136,710.1,2026-09-03T19:33:53.771140+00:00
2023-03-28,724.0,762.0,721.1,760.0,6738,760.0,2026-09-03T19:33:53.771140+00:00
2023-03-29,767.0,790.0,750.0,790.0,3477,790.0,2026-09-03T19:33:53.771140+00:00
2023-03-30,786.0,798.0,764.1,764.1,1410,764.1,2026-09-03T19:33:53.771140+00:00
2023-04-02,760.2,775.0,757.0,762.0,1400,762.0,2026-09-03T19:33:53.771140+00:00
2023-04-03,755.0,760.0,746.8,754.0,1519,754.0,2026-09-03T19:33:53.771140+00:00
2023-04-04,742.0,764.9,741.0,761.0,1981,761.0,2026-09-03T19:33:53.771140+00:00
2023-04-05,755.0,783.2,754.0,779.0,2816,779.0,2026-09-03T19:33:53.771140+00:00
2023-04-06,764.0,777.0,755.0,769.0,3026,769.0,2026-09-03T19:33:53.771140+00:00
2023-04-09,755.0,760.0,741.0,755.8,1312,755.8,2026-09-03T19:33:53.771140+00:00
2023-04-10,755.0,760.0,749.0,758.0,2513,758.0,2026-09-03T19:33:53.771140+00:00
2023-04-11,755.0,764.9,753.0,762.8,1412,762.8,2026-09-03T19:33:53.771140+00:00
2023-04-12,762.8,800.0,762.8,800.0,2870,800.0,2026-09-03T19:33:53.771140+00:00
2023-04-13,816.0,816.0,780.9,810.0,5957,810.0,2026-09-03T19:33:53.771140+00:00
2023-04-16,825.0,826.0,792.0,792.0,815,792.0,2026-09-03T19:33:53.771140+00:00
2023-04-17,791.0,791.0,765.0,780.0,1097,780.0,2026-09-03T19:33:53.771140+00:00
2023-04-18,767.0,789.0,765.0,774.0,830,774.0,2026-09-03T19:33:53.771140+00:00
2023-04-19,789.4,797.0,779.9,788.0,1296,788.0,2026-09-03T19:33:53.771140+00:00
2023-04-20,790.0,799.0,776.0,784.0,1439,784.0,2026-09-03T19:33:53.771140+00:00
2023-04-23,798.6,799.5,755.1,769.0,2616,769.0,2026-09-03T19:33:53.771140+00:00
2023-04-24,784.0,784.0,754.2,754.2,1820,754.2,2026-09-03T19:33:53.771140+00:00
2023-04-25,769.0,783.7,753.0,764.0,1596,764.0,2026-09-03T19:33:53.771140+00:00
2023-04-26,764.0,765.0,733.9,758.0,4553,758.0,2026-09-03T19:33:53.771140+00:00
2023-04-27,743.0,755.0,742.9,755.0,1388,755.0,2026-09-03T19:33:53.771140+00:00
2023-04-30,741.0,750.0,740.0,748.0,1712,748.0,2026-09-03T19:33:53.771140+00:00
2023-05-02,742.0,745.0,734.0,745.0,1365,745.0,2026-09-03T19:33:53.771140+00:00
2023-05-03,736.2,736.2,729.0,729.0,1591,729.0,2026-09-03T19:33:53.771140+00:00
2023-05-04,729.0,738.0,722.0,738.0,1396,738.0,2026-09-03T19:33:53.771140+00:00
2023-05-07,738.0,740.0,720.3,720.3,638,720.3,2026-09-03T19:33:53.771140+00:00
2023-05-08,715.3,721.0,711.0,721.0,1871,721.0,2026-09-03T19:33:53.771140+00:00
2023-05-09,710.0,728.0,710.0,716.6,650,716.6,2026-09-03T19:33:53.771140+00:00
2023-05-10,711.1,719.0,690.9,707.0,4691,707.0,2026-09-03T19:33:53.771140+00:00
2023-05-11,707.0,707.0,695.0,699.0,3284,699.0,2026-09-03T19:33:53.771140+00:00
2023-05-14,687.0,708.9,686.1,702.0,2088,702.0,2026-09-03T19:33:53.771140+00:00
2023-05-15,702.0,716.0,695.0,698.1,3540,698.1,2026-09-03T19:33:53.771140+00:00
2023-05-16,697.0,723.1,697.0,716.9,2420,716.9,2026-09-03T19:33:53.771140+00:00
2023-05-17,715.0,731.0,715.0,723.0,4312,723.0,2026-09-03T19:33:53.771140+00:00
2023-05-18,717.0,753.7,717.0,749.0,4539,749.0,2026-09-03T19:33:53.771140+00:00
2023-05-21,740.0,755.9,738.0,740.1,4333,740.1,2026-09-03T19:33:53.771140+00:00
2023-05-22,730.0,755.0,730.0,735.2,1520,735.2,2026-09-03T19:33:53.771140+00:00
2023-05-23,745.0,777.0,745.0,773.0,3091,773.0,2026-09-03T19:33:53.771140+00:00
2023-05-24,760.1,795.0,760.1,789.9,3937,789.9,2026-09-03T19:33:53.771140+00:00
2023-05-28,779.0,798.0,775.0,789.0,3710,789.0,2026-09-03T19:33:53.771140+00:00
2023-05-30,787.0,787.0,747.0,756.9,4399,756.9,2026-09-03T19:33:53.771140+00:00
2023-05-31,742.0,770.0,730.0,739.0,3348,739.0,2026-09-03T19:33:53.771140+00:00
2023-06-01,740.0,750.0,735.0,741.0,2285,741.0,2026-09-03T19:33:53.771140+00:00
2023-06-04,750.0,772.0,750.0,759.0,2890,759.0,2026-09-03T19:33:53.771140+00:00
2023-06-05,762.0,804.0,762.0,774.0,1090,774.0,2026-09-03T19:33:53.771140+00:00
2023-06-06,786.9,789.4,765.0,788.0,4383,788.0,2026-09-03T19:33:53.771140+00:00
2023-06-07,799.9,841.0,794.9,835.0,15532,835.0,2026-09-03T19:33:53.771140+00:00
2023-06-08,821.1,830.0,809.1,818.0,8388,818.0,2026-09-03T19:33:53.771140+00:00
2023-06-11,825.0,834.0,814.0,818.0,32900,818.0,2026-09-03T19:33:53.771140+00:00
2023-06-12,828.0,845.0,820.0,826.0,19555,826.0,2026-09-03T19:33:53.771140+00:00
2023-06-13,826.0,870.0,825.0,858.0,58739,858.0,2026-09-03T19:33:53.771140+00:00
2023-06-14,872.0,876.9,850.5,860.0,38945,860.0,2026-09-03T19:33:53.771140+00:00
2023-06-15,877.1,877.1,837.1,847.0,23899,847.0,2026-09-03T19:33:53.771140+00:00
2023-06-18,850.0,865.0,848.2,865.0,5907,865.0,2026-09-03T19:33:53.771140+00:00
2023-06-19,880.0,880.0,848.0,859.8,11094,859.8,2026-09-03T19:33:53.771140+00:00
2023-06-20,845.0,893.0,842.8,848.0,51234,848.0,2026-09-03T19:33:53.771140+00:00
2023-06-21,840.2,852.0,835.3,845.8,6846,845.8,2026-09-03T19:33:53.771140+00:00
2023-06-22,850.0,862.0,829.0,830.0,4856,830.0,2026-09-03T19:33:53.771140+00:00
2023-06-25,845.0,861.9,830.0,857.0,16990,857.0,2026-09-03T19:33:53.771140+00:00
2023-06-26,847.0,892.0,845.1,860.0,50928,860.0,2026-09-03T19:33:53.771140+00:00
2023-06-27,860.0,942.0,810.0,934.0,297746,934.0,2026-09-03T19:33:53.771140+00:00
2023-06-28,935.0,935.0,890.0,895.0,35069,895.0,2026-09-03T19:33:53.771140+00:00
2023-07-02,908.0,908.0,870.0,870.0,101952,870.0,2026-09-03T19:33:53.771140+00:00
2023-07-03,870.0,913.0,865.0,880.0,46499,880.0,2026-09-03T19:33:53.771140+00:00
2023-07-04,896.0,897.0,860.0,860.0,17181,860.0,2026-09-03T19:33:53.771140+00:00
2023-07-05,860.0,877.3,845.0,846.0,95100,846.0,2026-09-03T19:33:53.771140+00:00
2023-07-06,833.0,880.0,832.4,840.1,20588,840.1,2026-09-03T19:33:53.771140+00:00
2023-07-09,850.0,859.0,842.0,859.0,18437,859.0,2026-09-03T19:33:53.771140+00:00
2023-07-10,870.0,876.0,856.6,862.0,56998,862.0,2026-09-03T19:33:53.771140+00:00
2023-07-11,862.0,870.0,856.0,860.0,17020,860.0,2026-09-03T19:33:53.771140+00:00
2023-07-12,876.0,878.0,861.0,875.0,12062,875.0,2026-09-03T19:33:53.771140+00:00
2023-07-13,892.5,892.5,858.1,869.9,9755,869.9,2026-09-03T19:33:53.771140+00:00
2023-07-16,883.0,900.6,847.0,900.6,22109,900.6,2026-09-03T19:33:53.771140+00:00
2023-07-17,898.0,898.0,862.4,885.0,35663,885.0,2026-09-03T19:33:53.771140+00:00
2023-07-18,880.0,902.7,820.0,875.0,260593,875.0,2026-09-03T19:33:53.771140+00:00
2023-07-19,875.0,891.9,871.0,880.0,17719,880.0,2026-09-03T19:33:53.771140+00:00
2023-07-20,890.0,890.0,877.0,877.7,22598,877.7,2026-09-03T19:33:53.771140+00:00
2023-07-23,882.0,889.0,878.0,888.9,73218,888.9,2026-09-03T19:33:53.771140+00:00
2023-07-24,875.0,904.0,868.0,870.1,28276,870.1,2026-09-03T19:33:53.771140+00:00
2023-07-25,865.0,866.4,856.6,858.5,17065,858.5,2026-09-03T19:33:53.771140+00:00
2023-07-26,860.0,865.0,845.0,847.0,18205,847.0,2026-09-03T19:33:53.771140+00:00
2023-07-27,835.1,853.9,834.0,834.1,5485,834.1,2026-09-03T19:33:53.771140+00:00
2023-07-30,834.1,846.9,821.2,830.0,10788,830.0,2026-09-03T19:33:53.771140+00:00
2023-07-31,825.0,841.0,825.0,832.3,3677,832.3,2026-09-03T19:33:53.771140+00:00
2023-08-01,848.2,848.2,816.0,818.0,13961,818.0,2026-09-03T19:33:53.771140+00:00
2023-08-02,807.1,820.0,805.0,815.0,3380,815.0,2026-09-03T19:33:53.771140+00:00
2023-08-03,831.3,831.3,811.0,815.0,3735,815.0,2026-09-03T19:33:53.771140+00:00
2023-08-06,805.0,819.0,804.5,818.9,7041,818.9,2026-09-03T19:33:53.771140+00:00
2023-08-07,807.0,810.0,788.9,797.0,5360,797.0,2026-09-03T19:33:53.771140+00:00
2023-08-08,781.1,810.0,768.0,777.0,10324,777.0,2026-09-03T19:33:53.771140+00:00
2023-08-09,762.1,800.0,762.0,800.0,6555,800.0,2026-09-03T19:33:53.771140+00:00
2023-08-10,800.0,814.0,784.0,812.9,5251,812.9,2026-09-03T19:33:53.771140+00:00
2023-08-13,814.9,814.9,796.7,806.0,3927,806.0,2026-09-03T19:33:53.771140+00:00
2023-08-14,822.0,822.0,790.0,790.1,5071,790.1,2026-09-03T19:33:53.771140+00:00
2023-08-15,791.0,791.0,776.2,789.0,2481,789.0,2026-09-03T19:33:53.771140+00:00
2023-08-16,792.0,792.0,765.4,775.9,1633,775.9,2026-09-03T19:33:53.771140+00:00
2023-08-17,762.0,781.0,762.0,772.0,5384,772.0,2026-09-03T19:33:53.771140+00:00
2023-08-20,775.0,775.0,754.0,759.0,16646,759.0,2026-09-03T19:33:53.771140+00:00
2023-08-21,756.0,769.0,750.0,765.0,3214,765.0,2026-09-03T19:33:53.771140+00:00
2023-08-22,775.0,775.0,758.0,763.3,4093,763.3,2026-09-03T19:33:53.771140+00:00
2023-08-23,760.0,789.6,760.0,788.9,8586,788.9,2026-09-03T19:33:53.771140+00:00
2023-08-24,780.0,792.0,767.0,767.0,5735,767.0,2026-09-03T19:33:53.771140+00:00
2023-08-27,780.0,784.9,761.1,775.0,11972,775.0,2026-09-03T19:33:53.771140+00:00
2023-08-28,760.1,788.0,760.1,780.0,715,780.0,2026-09-03T19:33:53.771140+00:00
2023-08-29,772.0,783.9,772.0,780.0,887,780.0,2026-09-03T19:33:53.771140+00:00
2023-08-30,780.0,784.0,765.0,775.0,3267,775.0,2026-09-03T19:33:53.771140+00:00
2023-09-03,765.0,775.0,761.0,762.0,2093,762.0,2026-09-03T19:33:53.771140+00:00
2023-09-04,765.5,765.5,755.2,764.0,3790,764.0,2026-09-03T19:33:53.771140+00:00
2023-09-05,752.5,769.8,752.3,768.7,1025,768.7,2026-09-03T19:33:53.771140+00:00
2023-09-07,754.0,768.0,750.0,759.9,4847,759.9,2026-09-03T19:33:53.771140+00:00
2023-09-10,762.0,770.0,760.0,766.0,1957,766.0,2026-09-03T19:33:53.771140+00:00
2023-09-11,774.9,785.0,770.0,785.0,1891,785.0,2026-09-03T19:33:53.771140+00:00
2023-09-12,800.0,800.0,767.4,779.0,2874,779.0,2026-09-03T19:33:53.771140+00:00
2023-09-13,785.0,799.0,775.0,798.9,1456,798.9,2026-09-03T19:33:53.771140+00:00
2023-09-17,791.0,791.0,770.0,778.0,2126,778.0,2026-09-03T19:33:53.771140+00:00
2023-09-18,765.0,777.0,765.0,767.0,1693,767.0,2026-09-03T19:33:53.771140+00:00
2023-09-19,781.9,781.9,761.0,774.9,2424,774.9,2026-09-03T19:33:53.771140+00:00
2023-09-21,790.3,806.0,775.0,794.0,2822,794.0,2026-09-03T19:33:53.771140+00:00
2023-09-24,800.0,810.0,784.0,794.0,24341,794.0,2026-09-03T19:33:53.771140+00:00
2023-09-25,804.0,804.0,791.0,795.0,3690,795.0,2026-09-03T19:33:53.771140+00:00
2023-09-26,800.0,813.0,794.0,813.0,13071,813.0,2026-09-03T19:33:53.771140+00:00
2023-09-27,810.1,810.1,797.0,810.0,7581,810.0,2026-09-03T19:33:53.771140+00:00
2023-10-01,805.0,806.0,788.0,799.0,10260,799.0,2026-09-03T19:33:53.771140+00:00
2023-10-02,799.8,799.8,783.0,790.0,2555,790.0,2026-09-03T19:33:53.771140+00:00
2023-10-03,790.0,797.0,774.2,789.5,736,789.5,2026-09-03T19:33:53.771140+00:00
2023-10-04,790.0,790.0,779.0,780.0,3219,780.0,2026-09-03T19:33:53.771140+00:00
2023-10-05,785.0,785.0,769.0,785.0,2254,785.0,2026-09-03T19:33:53.771140+00:00
2023-10-08,770.1,775.0,766.0,766.0,1814,766.0,2026-09-03T19:33:53.771140+00:00
2023-10-09,753.0,768.0,751.1,758.0,2335,758.0,2026-09-03T19:33:53.771140+00:00
2023-10-10,750.0,763.0,750.0,763.0,2913,763.0,2026-09-03T19:33:53.771140+00:00
2023-10-11,751.5,780.0,751.5,780.0,2636,780.0,2026-09-03T19:33:53.771140+00:00
2023-10-12,765.0,795.5,752.0,795.5,4164,795.5,2026-09-03T19:33:53.771140+00:00
2023-10-16,780.0,780.0,750.0,760.0,3300,760.0,2026-09-03T19:33:53.771140+00:00
2023-10-17,775.0,778.9,761.0,778.0,1181,778.0,2026-09-03T19:33:53.771140+00:00
2023-10-18,788.0,790.0,771.0,790.0,3961,790.0,2026-09-03T19:33:53.771140+00:00
2023-10-19,792.0,792.0,775.0,782.9,2577,782.9,2026-09-03T19:33:53.771140+00:00
2023-10-29,770.0,770.0,755.0,769.0,1896,769.0,2026-09-03T19:33:53.771140+00:00
2023-10-30,760.0,795.0,754.0,795.0,2430,795.0,2026-09-03T19:33:53.771140+00:00
2023-10-31,780.0,780.0,779.0,779.1,86,779.1,2026-09-03T19:33:53.771140+00:00
2023-11-01,775.0,775.0,770.0,771.1,247,771.1,2026-09-03T19:33:53.771140+00:00
2023-11-02,760.0,787.0,756.5,770.0,2638,770.0,2026-09-03T19:33:53.771140+00:00
2023-11-05,755.0,759.0,750.0,755.0,1603,755.0,2026-09-03T19:33:53.771140+00:00
2023-11-06,755.0,768.0,750.0,760.0,656,760.0,2026-09-03T19:33:53.771140+00:00
2023-11-07,760.0,772.0,746.1,772.0,943,772.0,2026-09-03T19:33:53.771140+00:00
2023-11-08,772.0,772.0,760.1,770.0,562,770.0,2026-09-03T19:33:53.771140+00:00
2023-11-09,756.7,769.6,754.6,769.5,424,769.5,2026-09-03T19:33:53.771140+00:00
2023-11-20,755.0,755.0,738.0,749.9,2140,749.9,2026-09-03T19:33:53.771140+00:00
2023-11-21,735.1,735.1,707.0,713.0,7175,713.0,2026-09-03T19:33:53.771140+00:00
2023-11-22,720.0,730.0,705.6,730.0,6994,730.0,2026-09-03T19:33:53.771140+00:00
2023-11-23,716.0,728.0,706.0,725.0,1909,725.0,2026-09-03T19:33:53.771140+00:00
2023-11-26,725.0,737.9,716.1,737.9,10902,737.9,2026-09-03T19:33:53.771140+00:00
2023-11-27,748.0,753.0,730.0,740.0,3235,740.0,2026-09-03T19:33:53.771140+00:00
2023-11-28,730.0,730.0,726.0,730.0,2547,730.0,2026-09-03T19:33:53.771140+00:00
2023-11-29,730.0,734.0,718.1,722.3,3019,722.3,2026-09-03T19:33:53.771140+00:00
2023-11-30,720.0,730.0,716.3,720.0,3974,720.0,2026-09-03T19:33:53.771140+00:00
2023-12-03,720.0,720.0,705.6,718.0,5481,718.0,2026-09-03T19:33:53.771140+00:00
2023-12-04,725.0,725.0,715.0,716.0,913,716.0,2026-09-03T19:33:53.771140+00:00
2023-12-05,716.0,725.0,712.5,725.0,3635,725.0,2026-09-03T19:33:53.771140+00:00
2023-12-06,712.1,725.5,711.4,714.0,1512,714.0,2026-09-03T19:33:53.771140+00:00
2023-12-07,714.0,742.0,714.0,720.1,8114,720.1,2026-09-03T19:33:53.771140+00:00
2023-12-10,653.7,693.0,653.7,689.0,270,689.0,2026-09-03T19:33:53.771140+00:00
2023-12-11,702.7,703.0,667.0,679.9,12058,679.9,2026-09-03T19:33:53.771140+00:00
2023-12-12,667.5,714.0,667.5,698.1,5500,698.1,2026-09-03T19:33:53.771140+00:00
2023-12-13,685.0,729.3,685.0,709.0,7037,709.0,2026-09-03T19:33:53.771140+00:00
2023-12-14,695.0,710.0,690.0,709.0,6947,709.0,2026-09-03T19:33:53.771140+00:00
2023-12-17,700.0,722.9,699.0,722.9,7062,722.9,2026-09-03T19:33:53.771140+00:00
2023-12-18,724.0,765.0,723.0,765.0,23173,765.0,2026-09-03T19:33:53.771140+00:00
2023-12-19,765.0,775.0,749.7,770.0,6176,770.0,2026-09-03T19:33:53.771140+00:00
2023-12-20,776.0,780.0,750.0,760.0,11710,760.0,2026-09-03T19:33:53.771140+00:00
2023-12-21,770.0,770.0,750.2,755.0,11814,755.0,2026-09-03T19:33:53.771140+00:00
2023-12-24,742.0,753.2,740.2,740.2,18011,740.2,2026-09-03T19:33:53.771140+00:00
2023-12-27,755.0,755.0,730.0,731.0,4752,731.0,2026-09-03T19:33:53.771140+00:00
2023-12-28,720.1,734.8,717.0,734.8,6934,734.8,2026-09-03T19:33:53.771140+00:00
2024-01-01,730.0,740.0,730.0,730.6,4293,730.6,2026-09-03T19:33:53.771140+00:00
2024-01-02,717.0,723.0,716.7,718.0,23600,718.0,2026-09-03T19:33:53.771140+00:00
2024-01-03,717.0,725.0,712.0,725.0,2120,725.0,2026-09-03T19:33:53.771140+00:00
2024-01-04,735.0,739.5,712.6,712.6,5388,712.6,2026-09-03T19:33:53.771140+00:00
2024-01-07,719.9,719.9,705.7,710.5,3993,710.5,2026-09-03T19:33:53.771140+00:00
2024-01-08,715.0,780.0,713.0,780.0,7904,780.0,2026-09-03T19:33:53.771140+00:00
2024-01-09,765.0,795.6,748.0,749.0,7825,749.0,2026-09-03T19:33:53.771140+00:00
2024-01-10,763.9,770.0,746.0,756.0,3703,756.0,2026-09-03T19:33:53.771140+00:00
2024-01-11,752.0,752.9,735.0,737.7,7019,737.7,2026-09-03T19:33:53.771140+00:00
2024-01-14,750.0,780.0,750.0,755.3,2682,755.3,2026-09-03T19:33:53.771140+00:00
2024-01-16,755.0,785.8,755.0,785.8,13184,785.8,2026-09-03T19:33:53.771140+00:00
2024-01-17,799.9,831.3,784.0,796.0,25997,796.0,2026-09-03T19:33:53.771140+00:00
2024-01-18,780.8,821.9,780.8,801.7,25482,801.7,2026-09-03T19:33:53.771140+00:00
2024-01-21,797.0,826.2,796.0,801.0,25741,801.0,2026-09-03T19:33:53.771140+00:00
2024-01-22,815.0,815.0,787.2,788.0,27766,788.0,2026-09-03T19:33:53.771140+00:00
2024-01-23,803.0,803.0,780.1,787.0,8531,787.0,2026-09-03T19:33:53.771140+00:00
2024-01-24,802.0,806.0,775.0,775.0,18754,775.0,2026-09-03T19:33:53.771140+00:00
2024-01-25,778.0,778.0,759.5,764.7,4445,764.7,2026-09-03T19:33:53.771140+00:00
2024-01-28,774.0,775.0,761.0,774.0,9735,774.0,2026-09-03T19:33:53.771140+00:00
2024-01-29,788.0,800.0,762.2,762.2,1625,762.2,2026-09-03T19:33:53.771140+00:00
2024-01-30,770.0,770.0,760.0,764.0,9187,764.0,2026-09-03T19:33:53.771140+00:00
2024-01-31,762.0,765.0,745.0,754.0,9008,754.0,2026-09-03T19:33:53.771140+00:00
2024-02-01,756.0,756.0,733.4,735.1,2256,735.1,2026-09-03T19:33:53.771140+00:00
2024-02-04,722.0,745.0,722.0,740.0,2709,740.0,2026-09-03T19:33:53.771140+00:00
2024-02-05,754.8,754.8,740.0,750.0,1290,750.0,2026-09-03T19:33:53.771140+00:00
2024-02-06,735.0,754.0,721.0,752.0,9721,752.0,2026-09-03T19:33:53.771140+00:00
2024-02-07,751.9,751.9,735.2,735.2,9365,735.2,2026-09-03T19:33:53.771140+00:00
2024-02-08,735.0,749.0,735.0,749.0,8174,749.0,2026-09-03T19:33:53.771140+00:00
2024-02-11,750.0,759.0,741.1,755.1,18368,755.1,2026-09-03T19:33:53.771140+00:00
2024-02-12,743.0,760.0,743.0,760.0,16246,760.0,2026-09-03T19:33:53.771140+00:00
2024-02-13,750.1,750.2,740.1,742.0,11676,742.0,2026-09-03T19:33:53.771140+00:00
2024-02-14,744.0,752.0,737.0,750.0,3341,750.0,2026-09-03T19:33:53.771140+00:00
2024-02-15,750.0,765.0,738.5,738.5,4268,738.5,2026-09-03T19:33:53.771140+00:00
2024-02-18,739.0,739.0,728.0,730.0,8453,730.0,2026-09-03T19:33:53.771140+00:00
2024-02-20,720.2,733.0,720.2,724.0,1868,724.0,2026-09-03T19:33:53.771140+00:00
2024-02-21,717.0,729.0,717.0,728.0,3849,728.0,2026-09-03T19:33:53.771140+00:00
2024-02-22,728.0,730.0,721.2,722.0,9145,722.0,2026-09-03T19:33:53.771140+00:00
2024-02-25,720.0,720.0,701.1,708.5,5068,708.5,2026-09-03T19:33:53.771140+00:00
2024-02-26,700.0,708.5,700.0,707.0,3923,707.0,2026-09-03T19:33:53.771140+00:00
2024-02-27,693.1,715.0,693.1,705.1,3392,705.1,2026-09-03T19:33:53.771140+00:00
2024-02-28,700.0,711.0,698.0,710.0,2938,710.0,2026-09-03T19:33:53.771140+00:00
2024-02-29,700.0,700.1,697.2,699.0,2894,699.0,2026-09-03T19:33:53.771140+00:00
2024-03-03,688.0,697.8,674.8,680.0,3214,680.0,2026-09-03T19:33:53.771140+00:00
2024-03-04,693.6,707.4,693.6,707.4,65,707.4,2026-09-03T19:33:53.771140+00:00
2024-03-05,721.5,721.5,685.1,685.1,7308,685.1,2026-09-03T19:33:53.771140+00:00
2024-03-06,681.0,706.0,670.0,699.0,30254,699.0,2026-09-03T19:33:53.771140+00:00
2024-03-07,712.0,712.9,673.0,701.0,19709,701.0,2026-09-03T19:33:53.771140+00:00
2024-03-10,715.0,741.0,714.0,734.0,11090,734.0,2026-09-03T19:33:53.771140+00:00
2024-03-12,748.5,778.0,748.5,770.0,23963,770.0,2026-09-03T19:33:53.771140+00:00
2024-03-13,770.0,785.3,759.1,768.9,10200,768.9,2026-09-03T19:33:53.771140+00:00
2024-03-14,770.0,770.0,746.7,747.0,6193,747.0,2026-09-03T19:33:53.771140+00:00
2024-03-17,747.0,774.0,735.1,761.0,15143,761.0,2026-09-03T19:33:53.771140+00:00
2024-03-18,770.0,770.0,756.0,760.0,1956,760.0,2026-09-03T19:33:53.771140+00:00
2024-03-19,762.0,790.0,761.0,778.0,7834,778.0,2026-09-03T19:33:53.771140+00:00
2024-03-20,793.0,813.7,774.1,789.0,39966,789.0,2026-09-03T19:33:53.771140+00:00
2024-03-21,780.0,780.0,760.0,765.0,4328,765.0,2026-09-03T19:33:53.771140+00:00
2024-03-25,753.0,765.0,750.0,754.0,5264,754.0,2026-09-03T19:33:53.771140+00:00
2024-03-26,745.0,781.9,740.0,743.0,1829,743.0,2026-09-03T19:33:53.771140+00:00
2024-03-27,740.0,757.8,740.0,748.6,3481,748.6,2026-09-03T19:33:53.771140+00:00
2024-03-28,735.2,750.0,735.2,749.0,2074,749.0,2026-09-03T19:33:53.771140+00:00
2024-03-31,740.1,747.0,730.3,739.0,5206,739.0,2026-09-03T19:33:53.771140+00:00
2024-04-01,732.0,740.0,731.1,738.0,2277,738.0,2026-09-03T19:33:53.771140+00:00
2024-04-02,736.0,764.8,736.0,755.0,6152,755.0,2026-09-03T19:33:53.771140+00:00
2024-04-03,750.1,769.9,750.1,764.8,4981,764.8,2026-09-03T19:33:53.771140+00:00
2024-04-04,774.0,795.0,760.0,772.0,27828,772.0,2026-09-03T19:33:53.771140+00:00
2024-04-07,786.8,786.8,761.0,772.0,10596,772.0,2026-09-03T19:33:53.771140+00:00
2024-04-09,787.0,787.0,755.2,765.0,3743,765.0,2026-09-03T19:33:53.771140+00:00
2024-04-10,754.0,780.0,750.0,775.0,3177,775.0,2026-09-03T19:33:53.771140+00:00
2024-04-14,760.0,775.0,755.1,764.9,3116,764.9,2026-09-03T19:33:53.771140+00:00
2024-04-15,758.0,772.0,750.0,754.9,599,754.9,2026-09-03T19:33:53.771140+00:00
2024-04-16,745.0,758.1,741.0,744.8,2755,744.8,2026-09-03T19:33:53.771140+00:00
2024-04-18,733.0,738.0,724.0,733.9,4081,733.9,2026-09-03T19:33:53.771140+00:00
2024-04-21,726.0,737.0,721.3,731.0,1238,731.0,2026-09-03T19:33:53.771140+00:00
2024-04-22,718.0,739.0,718.0,733.0,1836,733.0,2026-09-03T19:33:53.771140+00:00
2024-04-24,744.0,744.0,715.5,724.9,3527,724.9,2026-09-03T19:33:53.771140+00:00
2024-04-25,711.5,732.0,711.5,725.0,7482,725.0,2026-09-03T19:33:53.771140+00:00
2024-04-28,714.0,739.9,714.0,737.0,3335,737.0,2026-09-03T19:33:53.771140+00:00
2024-04-29,749.1,749.1,731.1,737.9,999,737.9,2026-09-03T19:33:53.771140+00:00
2024-04-30,730.0,752.6,727.0,748.0,2700,748.0,2026-09-03T19:33:53.771140+00:00
2024-05-02,762.5,775.0,737.0,756.0,16335,756.0,2026-09-03T19:33:53.771140+00:00
2024-05-05,770.8,794.0,755.0,764.0,27996,764.0,2026-09-03T19:33:53.771140+00:00
2024-05-06,748.9,764.0,747.0,755.0,3578,755.0,2026-09-03T19:33:53.771140+00:00
2024-05-07,768.0,770.0,753.0,760.0,11928,760.0,2026-09-03T19:33:53.771140+00:00
2024-05-08,775.0,780.0,762.5,780.0,11564,780.0,2026-09-03T19:33:53.771140+00:00
2024-05-09,792.0,792.0,770.0,772.4,14695,772.4,2026-09-03T19:33:53.771140+00:00
2024-05-12,760.7,772.4,758.1,763.0,7677,763.0,2026-09-03T19:33:53.771140+00:00
2024-05-13,774.9,774.9,755.1,770.0,4847,770.0,2026-09-03T19:33:53.771140+00:00
2024-05-14,770.0,815.0,768.4,806.0,91252,806.0,2026-09-03T19:33:53.771140+00:00
2024-05-15,807.0,830.0,805.0,810.0,55024,810.0,2026-09-03T19:33:53.771140+00:00
2024-05-16,800.0,845.0,800.0,834.0,64670,834.0,2026-09-03T19:33:53.771140+00:00
2024-05-19,834.0,867.0,824.9,867.0,51221,867.0,2026-09-03T19:33:53.771140+00:00
2024-05-20,883.0,883.0,840.0,848.0,37037,848.0,2026-09-03T19:33:53.771140+00:00
2024-05-21,840.0,870.0,830.2,870.0,29415,870.0,2026-09-03T19:33:53.771140+00:00
2024-05-22,856.0,870.0,843.0,843.0,12127,843.0,2026-09-03T19:33:53.771140+00:00
2024-05-26,859.8,859.8,823.0,830.0,31761,830.0,2026-09-03T19:33:53.771140+00:00
2024-05-27,835.0,837.0,823.1,825.0,7996,825.0,2026-09-03T19:33:53.771140+00:00
2024-05-29,825.0,835.0,809.2,809.2,18569,809.2,2026-09-03T19:33:53.771140+00:00
2024-05-30,800.0,815.0,795.2,805.0,17051,805.0,2026-09-03T19:33:53.771140+00:00
2024-06-02,792.2,821.0,781.0,810.0,10052,810.0,2026-09-03T19:33:53.771140+00:00
2024-06-03,810.0,843.0,801.4,820.0,8174,820.0,2026-09-03T19:33:53.771140+00:00
2024-06-04,828.8,836.4,826.0,833.0,29230,833.0,2026-09-03T19:33:53.771140+00:00
2024-06-05,849.6,851.0,828.1,851.0,29367,851.0,2026-09-03T19:33:53.771140+00:00
2024-06-06,860.0,896.0,851.5,880.0,90061,880.0,2026-09-03T19:33:53.771140+00:00
2024-06-09,880.0,890.0,870.0,876.0,43133,876.0,2026-09-03T19:33:53.771140+00:00
2024-06-10,893.0,909.9,876.0,905.0,82699,905.0,2026-09-03T19:33:53.771140+00:00
2024-06-11,923.0,923.0,896.0,900.0,47400,900.0,2026-09-03T19:33:53.771140+00:00
2024-06-12,905.0,910.0,894.0,903.0,44747,903.0,2026-09-03T19:33:53.771140+00:00
2024-06-13,919.0,919.0,902.0,903.3,53353,903.3,2026-09-03T19:33:53.771140+00:00
2024-06-16,900.0,900.0,883.0,883.0,21061,883.0,2026-09-03T19:33:53.771140+00:00
2024-06-18,875.0,890.0,875.0,877.2,16215,877.2,2026-09-03T19:33:53.771140+00:00
2024-06-19,880.0,886.0,868.0,880.0,11477,880.0,2026-09-03T19:33:53.771140+00:00
2024-06-20,880.0,890.0,871.0,874.0,3862,874.0,2026-09-03T19:33:53.771140+00:00
2024-06-23,871.0,875.0,855.0,860.3,8073,860.3,2026-09-03T19:33:53.771140+00:00
2024-06-24,876.0,876.0,853.1,865.0,21232,865.0,2026-09-03T19:33:53.771140+00:00
2024-06-25,877.0,882.0,860.1,862.0,8695,862.0,2026-09-03T19:33:53.771140+00:00
2024-06-26,879.0,879.0,861.5,866.0,12920,866.0,2026-09-03T19:33:53.771140+00:00
2024-06-27,860.0,860.0,848.7,857.0,4486,857.0,2026-09-03T19:33:53.771140+00:00
2024-06-30,847.5,862.0,840.3,845.0,8493,845.0,2026-09-03T19:33:53.771140+00:00
2024-07-01,836.6,849.0,836.6,843.2,5597,843.2,2026-09-03T19:33:53.771140+00:00
2024-07-02,860.0,892.0,855.0,857.1,9785,857.1,2026-09-03T19:33:53.771140+00:00
2024-07-03,843.3,869.0,843.3,866.0,4203,866.0,2026-09-03T19:33:53.771140+00:00
2024-07-04,880.0,880.0,862.5,869.0,21525,869.0,2026-09-03T19:33:53.771140+00:00
2024-07-07,870.0,892.0,864.0,892.0,31640,892.0,2026-09-03T19:33:53.771140+00:00
2024-07-08,880.5,905.0,880.5,898.1,77777,898.1,2026-09-03T19:33:53.771140+00:00
2024-07-09,910.0,915.0,892.5,912.2,31405,912.2,2026-09-03T19:33:53.771140+00:00
2024-07-10,930.4,938.0,921.0,932.2,52369,932.2,2026-09-03T19:33:53.771140+00:00
2024-07-11,950.8,950.8,926.1,936.0,26763,936.0,2026-09-03T19:33:53.771140+00:00
2024-07-14,954.0,965.0,917.3,964.8,40704,964.8,2026-09-03T19:33:53.771140+00:00
2024-07-15,980.0,980.0,922.0,940.0,26583,940.0,2026-09-03T19:33:53.771140+00:00
2024-07-16,958.8,968.9,935.1,966.0,31761,966.0,2026-09-03T19:33:53.771140+00:00
2024-07-17,974.0,989.0,957.0,982.0,44093,982.0,2026-09-03T19:33:53.771140+00:00
2024-07-18,1001.0,1010.0,981.0,993.0,63732,993.0,2026-09-03T19:33:53.771140+00:00
2024-07-21,1005.0,1015.9,982.3,1011.9,66773,1011.9,2026-09-03T19:33:53.771140+00:00
2024-07-22,1032.0,1032.0,983.0,1000.0,35848,1000.0,2026-09-03T19:33:53.771140+00:00
2024-07-23,1020.0,1020.0,999.9,1017.0,33186,1017.0,2026-09-03T19:33:53.771140+00:00
2024-07-24,1034.0,1034.0,992.0,1010.0,28826,1010.0,2026-09-03T19:33:53.771140+00:00
2024-07-25,1010.0,1061.0,1010.0,1055.9,62212,1055.9,2026-09-03T19:33:53.771140+00:00
2024-07-28,1055.0,1081.0,1014.3,1050.0,57561,1050.0,2026-09-03T19:33:53.771140+00:00
2024-07-29,1071.0,1071.0,1018.0,1022.0,53458,1022.0,2026-09-03T19:33:53.771140+00:00
2024-07-30,1016.5,1054.0,1003.0,1046.0,46549,1046.0,2026-09-03T19:33:53.771140+00:00
2024-07-31,1065.0,1065.0,1035.1,1050.0,63417,1050.0,2026-09-03T19:33:53.771140+00:00
2024-08-01,1071.0,1092.0,1054.9,1054.9,61015,1054.9,2026-09-03T19:33:53.771140+00:00
2024-08-05,1050.0,1081.0,1038.3,1074.0,55948,1074.0,2026-09-03T19:33:53.771140+00:00
2024-08-06,1070.0,1095.0,1016.1,1016.2,53703,1016.2,2026-09-03T19:33:53.771140+00:00
2024-08-07,1030.0,1056.0,1022.1,1041.0,28496,1041.0,2026-09-03T19:33:53.771140+00:00
2024-08-08,1050.0,1061.8,1031.9,1048.0,24329,1048.0,2026-09-03T19:33:53.771140+00:00
2024-08-11,1068.0,1120.0,1060.0,1120.0,87860,1120.0,2026-09-03T19:33:53.771140+00:00
2024-08-12,1142.4,1232.0,1131.0,1150.0,73837,1150.0,2026-09-03T19:33:53.771140+00:00
2024-08-13,1169.0,1192.0,1115.0,1126.0,40151,1126.0,2026-09-03T19:33:53.771140+00:00
2024-08-14,1130.0,1190.0,1106.0,1144.0,80552,1144.0,2026-09-03T19:33:53.771140+00:00
2024-08-15,1155.0,1193.4,1136.1,1165.0,65036,1165.0,2026-09-03T19:33:53.771140+00:00
2024-08-18,1170.0,1207.0,1153.0,1153.0,78787,1153.0,2026-09-03T19:33:53.771140+00:00
2024-08-21,1170.0,1176.0,1131.1,1148.0,37950,1148.0,2026-09-03T19:33:53.771140+00:00
2024-08-22,1169.0,1181.0,1137.1,1181.0,38911,1181.0,2026-09-03T19:33:53.771140+00:00
2024-08-25,1160.1,1199.0,1126.0,1141.0,67859,1141.0,2026-09-03T19:33:53.771140+00:00
2024-08-27,1160.0,1163.8,1080.2,1090.0,35990,1090.0,2026-09-03T19:33:53.771140+00:00
2024-08-28,1111.0,1140.0,1060.4,1070.0,38496,1070.0,2026-09-03T19:33:53.771140+00:00
2024-08-29,1070.0,1070.0,1033.1,1035.0,19557,1035.0,2026-09-03T19:33:53.771140+00:00
2024-09-01,1049.9,1049.9,1007.0,1010.0,24584,1010.0,2026-09-03T19:33:53.771140+00:00
2024-09-02,1000.0,1071.0,1000.0,1065.0,29313,1065.0,2026-09-03T19:33:53.771140+00:00
2024-09-03,1086.3,1093.8,1038.0,1093.0,16580,1093.0,2026-09-03T19:33:53.771140+00:00
2024-09-04,1114.7,1114.7,1025.1,1025.1,26455,1025.1,2026-09-03T19:33:53.771140+00:00
2024-09-05,1040.0,1080.0,1019.0,1035.1,28415,1035.1,2026-09-03T19:33:53.771140+00:00
2024-09-08,1055.0,1076.0,1042.0,1042.2,31654,1042.2,2026-09-03T19:33:53.771140+00:00
2024-09-09,1059.0,1059.0,1015.0,1043.0,33517,1043.0,2026-09-03T19:33:53.771140+00:00
2024-09-10,1060.0,1069.0,1040.0,1060.0,31012,1060.0,2026-09-03T19:33:53.771140+00:00
2024-09-11,1047.1,1105.0,1040.0,1074.0,45614,1074.0,2026-09-03T19:33:53.771140+00:00
2024-09-12,1085.0,1106.0,1065.0,1099.5,47622,1099.5,2026-09-03T19:33:53.771140+00:00
2024-09-15,1118.0,1118.0,1052.0,1056.0,24445,1056.0,2026-09-03T19:33:53.771140+00:00
2024-09-16,1060.0,1063.0,1010.3,1024.0,13794,1024.0,2026-09-03T19:33:53.771140+00:00
2024-09-18,1039.0,1039.0,1002.0,1015.0,6427,1015.0,2026-09-03T19:33:53.771140+00:00
2024-09-22,1035.0,1047.2,1008.0,1011.0,6470,1011.0,2026-09-03T19:33:53.771140+00:00
2024-09-23,1000.0,1013.0,975.0,975.0,11400,975.0,2026-09-03T19:33:53.771140+00:00
2024-09-24,993.0,1010.0,953.0,964.0,38866,964.0,2026-09-03T19:33:53.771140+00:00
2024-09-25,960.0,999.0,947.0,966.3,5231,966.3,2026-09-03T19:33:53.771140+00:00
2024-09-26,980.0,985.6,948.0,959.0,8102,959.0,2026-09-03T19:33:53.771140+00:00
2024-09-29,978.0,997.0,964.0,970.0,15589,970.0,2026-09-03T19:33:53.771140+00:00
2024-09-30,989.0,994.9,970.0,973.0,11392,973.0,2026-09-03T19:33:53.771140+00:00
2024-10-01,992.0,1018.0,982.0,1015.0,13474,1015.0,2026-09-03T19:33:53.771140+00:00
2024-10-02,1025.0,1025.0,995.3,996.1,9421,996.1,2026-09-03T19:33:53.771140+00:00
2024-10-06,1012.0,1029.0,1000.0,1025.0,7703,1025.0,2026-09-03T19:33:53.771140+00:00
2024-10-07,1040.0,1040.0,1016.0,1038.0,23716,1038.0,2026-09-03T19:33:53.771140+00:00
2024-10-08,1057.0,1057.0,1028.0,1036.0,4169,1036.0,2026-09-03T19:33:53.771140+00:00
2024-10-09,1046.0,1046.0,1025.0,1034.0,9119,1034.0,2026-09-03T19:33:53.771140+00:00
2024-10-15,1050.9,1050.9,1028.1,1045.0,4538,1045.0,2026-09-03T19:33:53.771140+00:00
2024-10-16,1045.0,1059.0,1036.0,1055.0,6339,1055.0,2026-09-03T19:33:53.771140+00:00
2024-10-17,1076.0,1092.0,1069.0,1080.0,22597,1080.0,2026-09-03T19:33:53.771140+00:00
2024-10-20,1080.0,1087.0,1070.0,1073.0,22272,1073.0,2026-09-03T19:33:53.771140+00:00
2024-10-21,1055.5,1080.0,1049.0,1050.0,18138,1050.0,2026-09-03T19:33:53.771140+00:00
2024-10-22,1071.0,1080.0,1050.0,1062.9,5669,1062.9,2026-09-03T19:33:53.771140+00:00
2024-10-23,1050.0,1075.0,1050.0,1065.0,13114,1065.0,2026-09-03T19:33:53.771140+00:00
2024-10-24,1086.0,1086.0,1052.0,1075.0,41478,1075.0,2026-09-03T19:33:53.771140+00:00
2024-10-27,959.1,996.0,910.1,926.0,16571,926.0,2026-09-03T19:33:53.771140+00:00
2024-10-28,926.0,938.0,911.1,930.0,5396,930.0,2026-09-03T19:33:53.771140+00:00
2024-10-29,920.0,935.0,915.0,929.0,5266,929.0,2026-09-03T19:33:53.771140+00:00
2024-10-30,920.0,938.1,919.0,934.0,17708,934.0,2026-09-03T19:33:53.771140+00:00
2024-11-05,952.6,952.6,910.2,913.0,11192,913.0,2026-09-03T19:33:53.771140+00:00
2024-11-06,913.0,913.0,900.0,903.9,10946,903.9,2026-09-03T19:33:53.771140+00:00
2024-11-10,903.0,906.0,895.0,903.9,17908,903.9,2026-09-03T19:33:53.771140+00:00
2024-11-11,921.9,930.0,907.0,925.0,15362,925.0,2026-09-03T19:33:53.771140+00:00
2024-11-12,925.0,937.0,915.0,923.0,27215,923.0,2026-09-03T19:33:53.771140+00:00
2024-11-13,915.5,927.0,915.0,918.8,7734,918.8,2026-09-03T19:33:53.771140+00:00
2024-11-14,937.1,937.1,910.0,931.8,26096,931.8,2026-09-03T19:33:53.771140+00:00
2024-11-17,934.0,950.4,933.0,939.0,20593,939.0,2026-09-03T19:33:53.771140+00:00
2024-11-19,939.0,939.0,913.0,913.0,19807,913.0,2026-09-03T19:33:53.771140+00:00
2024-11-20,901.5,944.9,900.2,918.1,9009,918.1,2026-09-03T19:33:53.771140+00:00
2024-11-21,936.0,936.0,900.0,900.1,13253,900.1,2026-09-03T19:33:53.771140+00:00
2024-11-24,902.1,908.0,887.0,888.0,5741,888.0,2026-09-03T19:33:53.771140+00:00
2024-11-25,882.0,901.0,880.1,900.0,16657,900.0,2026-09-03T19:33:53.771140+00:00
2024-11-26,900.0,907.9,887.0,907.9,13694,907.9,2026-09-03T19:33:53.771140+00:00
2024-11-27,907.9,917.0,905.0,908.0,6965,908.0,2026-09-03T19:33:53.771140+00:00
2024-11-28,897.1,918.0,896.0,903.0,9799,903.0,2026-09-03T19:33:53.771140+00:00
2024-12-01,899.9,905.0,890.0,904.0,23224,904.0,2026-09-03T19:33:53.771140+00:00
2024-12-02,902.0,909.0,895.4,905.0,14013,905.0,2026-09-03T19:33:53.771140+00:00
2024-12-03,905.0,905.0,895.0,899.9,8265,899.9,2026-09-03T19:33:53.771140+00:00
2024-12-04,899.0,910.0,888.0,910.0,20628,910.0,2026-09-03T19:33:53.771140+00:00
2024-12-05,895.0,900.0,885.0,899.9,6478,899.9,2026-09-03T19:33:53.771140+00:00
2024-12-08,915.0,917.8,878.0,894.4,12531,894.4,2026-09-03T19:33:53.771140+00:00
2024-12-09,885.0,893.9,880.0,892.9,5803,892.9,2026-09-03T19:33:53.771140+00:00
2024-12-10,900.0,900.0,882.0,892.7,3656,892.7,2026-09-03T19:33:53.771140+00:00
2024-12-11,903.0,903.0,885.0,900.0,4920,900.0,2026-09-03T19:33:53.771140+00:00
2024-12-12,910.0,910.0,880.2,894.0,13307,894.0,2026-09-03T19:33:53.771140+00:00
2024-12-16,881.1,891.0,865.0,891.0,11891,891.0,2026-09-03T19:33:53.771140+00:00
2024-12-17,892.0,892.9,875.0,890.0,8070,890.0,2026-09-03T19:33:53.771140+00:00
2024-12-18,889.0,889.0,873.6,889.0,9005,889.0,2026-09-03T19:33:53.771140+00:00
2024-12-19,889.0,904.0,868.0,886.4,6894,886.4,2026-09-03T19:33:53.771140+00:00
2024-12-22,898.0,898.0,863.1,880.0,7988,880.0,2026-09-03T19:33:53.771140+00:00
2024-12-23,865.1,878.9,862.0,872.0,13031,872.0,2026-09-03T19:33:53.771140+00:00
2024-12-24,872.0,889.0,870.0,889.0,10123,889.0,2026-09-03T19:33:53.771140+00:00
2024-12-26,906.0,924.0,872.0,896.0,8601,896.0,2026-09-03T19:33:53.771140+00:00
2024-12-29,890.0,892.0,873.0,889.8,11015,889.8,2026-09-03T19:33:53.771140+00:00
2024-12-31,883.0,883.0,860.0,874.9,11499,874.9,2026-09-03T19:33:53.771140+00:00
2025-01-01,892.3,892.3,864.1,881.8,1778,881.8,2026-09-03T19:33:53.771140+00:00
2025-01-02,880.0,880.0,866.0,866.4,6159,866.4,2026-09-03T19:33:53.771140+00:00
2025-01-05,855.0,875.0,855.0,875.0,8693,875.0,2026-09-03T19:33:53.771140+00:00
2025-01-06,885.0,885.0,868.0,879.0,7810,879.0,2026-09-03T19:33:53.771140+00:00
2025-01-07,879.0,895.0,876.1,895.0,8563,895.0,2026-09-03T19:33:53.771140+00:00
2025-01-08,910.0,910.0,892.4,900.0,15674,900.0,2026-09-03T19:33:53.771140+00:00
2025-01-09,885.1,903.0,885.1,897.0,12400,897.0,2026-09-03T19:33:53.771140+00:00
2025-01-12,890.0,890.0,865.0,882.3,8399,882.3,2026-09-03T19:33:53.771140+00:00
2025-01-13,870.0,872.1,860.3,870.0,7067,870.0,2026-09-03T19:33:53.771140+00:00
2025-01-15,863.0,870.0,856.4,864.9,5827,864.9,2026-09-03T19:33:53.771140+00:00
2025-01-16,860.0,860.0,840.0,860.0,11793,860.0,2026-09-03T19:33:53.771140+00:00
2025-01-19,866.0,866.0,844.0,849.0,3806,849.0,2026-09-03T19:33:53.771140+00:00
2025-01-20,840.5,855.0,840.5,853.0,5629,853.0,2026-09-03T19:33:53.771140+00:00
2025-01-21,841.0,869.9,840.3,865.0,7231,865.0,2026-09-03T19:33:53.771140+00:00
2025-01-22,874.0,877.7,862.0,876.0,5627,876.0,2026-09-03T19:33:53.771140+00:00
2025-01-23,886.9,887.4,865.1,880.0,41333,880.0,2026-09-03T19:33:53.771140+00:00
2025-01-26,890.0,896.0,880.0,886.9,21627,886.9,2026-09-03T19:33:53.771140+00:00
2025-01-27,898.0,898.0,869.3,872.0,5097,872.0,2026-09-03T19:33:53.771140+00:00
2025-01-28,857.0,875.0,856.0,865.0,13164,865.0,2026-09-03T19:33:53.771140+00:00
2025-02-02,882.3,899.9,866.0,899.0,38980,899.0,2026-09-03T19:33:53.771140+00:00
2025-02-03,909.0,909.0,895.0,895.0,20534,895.0,2026-09-03T19:33:53.771140+00:00
2025-02-04,908.4,908.4,880.0,890.0,10139,890.0,2026-09-03T19:33:53.771140+00:00
2025-02-05,894.8,894.8,875.0,875.6,8190,875.6,2026-09-03T19:33:53.771140+00:00
2025-02-06,871.5,897.0,871.5,885.0,65561,885.0,2026-09-03T19:33:53.771140+00:00
2025-02-09,897.0,921.0,897.0,915.0,52243,915.0,2026-09-03T19:33:53.771140+00:00
2025-02-10,915.0,925.0,899.0,910.0,19251,910.0,2026-09-03T19:33:53.771140+00:00
2025-02-11,927.0,927.0,886.0,896.0,24696,896.0,2026-09-03T19:33:53.771140+00:00
2025-02-12,898.0,906.0,885.3,895.5,13342,895.5,2026-09-03T19:33:53.771140+00:00
2025-02-13,909.0,911.0,896.3,910.0,17127,910.0,2026-09-03T19:33:53.771140+00:00
2025-02-16,909.0,918.7,903.0,907.0,16970,907.0,2026-09-03T19:33:53.771140+00:00
2025-02-17,921.7,921.7,903.3,916.0,24640,916.0,2026-09-03T19:33:53.771140+00:00
2025-02-18,915.0,917.0,905.0,909.0,19983,909.0,2026-09-03T19:33:53.771140+00:00
2025-02-20,898.0,907.0,895.0,900.0,19937,900.0,2026-09-03T19:33:53.771140+00:00
2025-02-23,883.0,915.0,882.0,898.0,62993,898.0,2026-09-03T19:33:53.771140+00:00
2025-02-24,910.0,910.0,878.2,889.0,11306,889.0,2026-09-03T19:33:53.771140+00:00
2025-02-25,903.5,903.5,880.0,884.0,5253,884.0,2026-09-03T19:33:53.771140+00:00
2025-02-27,899.0,910.0,891.1,899.0,15968,899.0,2026-09-03T19:33:53.771140+00:00
2025-03-02,909.0,916.9,900.0,915.0,14346,915.0,2026-09-03T19:33:53.771140+00:00
2025-03-03,920.0,920.0,891.0,904.6,20644,904.6,2026-09-03T19:33:53.771140+00:00
2025-03-04,920.0,920.0,880.0,884.3,16665,884.3,2026-09-03T19:33:53.771140+00:00
2025-03-05,899.9,899.9,865.0,878.0,26268,878.0,2026-09-03T19:33:53.771140+00:00
2025-03-06,889.8,889.8,874.0,880.0,7029,880.0,2026-09-03T19:33:53.771140+00:00
2025-03-09,880.0,880.0,862.4,871.0,9325,871.0,2026-09-03T19:33:53.771140+00:00
2025-03-10,883.0,883.0,865.0,870.0,7563,870.0,2026-09-03T19:33:53.771140+00:00
2025-03-11,873.0,873.9,855.0,862.8,8234,862.8,2026-09-03T19:33:53.771140+00:00
2025-03-12,862.0,868.9,854.2,863.5,6201,863.5,2026-09-03T19:33:53.771140+00:00
2025-03-16,856.1,865.0,851.0,852.0,5207,852.0,2026-09-03T19:33:53.771140+00:00
2025-03-17,860.0,877.0,856.1,865.5,6164,865.5,2026-09-03T19:33:53.771140+00:00
2025-03-18,881.8,881.8,859.1,869.0,3165,869.0,2026-09-03T19:33:53.771140+00:00
2025-03-19,853.0,864.0,853.0,864.0,4604,864.0,2026-09-03T19:33:53.771140+00:00
2025-03-20,881.2,881.2,846.4,850.01,11853,850.01,2026-09-03T19:33:53.771140+00:00
2025-03-23,853.0,854.0,832.0,834.96,5482,834.96,2026-09-03T19:33:53.771140+00:00
2025-03-24,839.0,840.0,830.2,831.45,10069,831.45,2026-09-03T19:33:53.771140+00:00
2025-03-25,830.0,832.0,803.6,817.4,8870,817.4,2026-09-03T19:33:53.771140+00:00
2025-03-26,832.0,832.0,801.0,828.53,7393,828.53,2026-09-03T19:33:53.771140+00:00
2025-03-27,825.0,844.9,825.0,830.58,4638,830.58,2026-09-03T19:33:53.771140+00:00
2025-03-30,839.0,847.0,823.0,833.51,19527,833.51,2026-09-03T19:33:53.771140+00:00
2025-04-01,840.0,840.0,813.5,823.21,7907,823.21,2026-09-03T19:33:53.771140+00:00
2025-04-02,827.0,827.0,807.1,821.28,4835,821.28,2026-09-03T19:33:53.771140+00:00
2025-04-03,831.9,831.9,818.2,827.27,9734,827.27,2026-09-03T19:33:53.771140+00:00
2025-04-07,827.27,833.0,815.0,828.38,5048,828.38,2026-09-03T19:33:53.771140+00:00
2025-04-08,838.0,838.0,815.1,828.19,3261,828.19,2026-09-03T19:33:53.771140+00:00
2025-04-09,828.19,834.1,818.4,827.62,3555,827.62,2026-09-03T19:33:53.771140+00:00
2025-04-10,830.0,833.0,822.3,829.51,4649,829.51,2026-09-03T19:33:53.771140+00:00
2025-04-13,830.0,835.0,820.0,832.0,2990,832.0,2026-09-03T19:33:53.771140+00:00
2025-04-15,832.0,835.0,827.0,831.66,1493,831.66,2026-09-03T19:33:53.771140+00:00
2025-04-16,830.0,836.0,819.3,833.85,7290,833.85,2026-09-03T19:33:53.771140+00:00
2025-04-17,822.0,852.0,822.0,839.96,5818,839.96,2026-09-03T19:33:53.771140+00:00
2025-04-20,856.0,856.0,816.0,824.5,6208,824.5,2026-09-03T19:33:53.771140+00:00
2025-04-21,824.0,834.9,824.0,827.4,2447,827.4,2026-09-03T19:33:53.771140+00:00
2025-04-22,830.0,830.1,824.2,826.47,4199,826.47,2026-09-03T19:33:53.771140+00:00
2025-04-23,820.0,823.0,816.0,819.38,2158,819.38,2026-09-03T19:33:53.771140+00:00
2025-04-24,816.0,825.0,813.1,824.43,3041,824.43,2026-09-03T19:33:53.771140+00:00
2025-04-27,828.9,828.9,808.0,809.7,5973,809.7,2026-09-03T19:33:53.771140+00:00
2025-04-28,805.0,815.0,800.0,803.01,2677,803.01,2026-09-03T19:33:53.771140+00:00
2025-04-29,809.0,817.0,795.1,802.16,5324,802.16,2026-09-03T19:33:53.771140+00:00
2025-04-30,813.0,813.0,787.0,799.62,4332,799.62,2026-09-03T19:33:53.771140+00:00
2025-05-04,800.0,815.0,789.0,793.63,2261,793.63,2026-09-03T19:33:53.771140+00:00
2025-05-05,804.0,804.0,791.0,798.39,1524,798.39,2026-09-03T19:33:53.771140+00:00
2025-05-06,800.0,809.9,789.0,790.82,1764,790.82,2026-09-03T19:33:53.771140+00:00
2025-05-07,791.0,840.0,785.1,810.36,3125,810.36,2026-09-03T19:33:53.771140+00:00
2025-05-08,805.0,820.0,805.0,815.65,1845,815.65,2026-09-03T19:33:53.771140+00:00
2025-05-11,822.0,822.0,798.7,800.71,3827,800.71,2026-09-03T19:33:53.771140+00:00
2025-05-13,811.0,811.0,790.0,793.81,3943,793.81,2026-09-03T19:33:53.771140+00:00
2025-05-14,798.9,801.0,786.0,790.06,3435,790.06,2026-09-03T19:33:53.771140+00:00
2025-05-15,790.0,794.0,784.0,785.12,6499,785.12,2026-09-03T19:33:53.771140+00:00
2025-05-18,787.1,798.9,783.3,788.0,2058,788.0,2026-09-03T19:33:53.771140+00:00
2025-05-19,797.9,797.9,791.0,793.1,6215,793.1,2026-09-03T19:33:53.771140+00:00
2025-05-20,802.0,813.6,785.0,812.81,7875,812.81,2026-09-03T19:33:53.771140+00:00
2025-05-21,829.0,843.9,802.6,808.0,5066,808.0,2026-09-03T19:33:53.771140+00:00
2025-05-22,818.9,840.4,810.0,834.65,36900,834.65,2026-09-03T19:33:53.771140+00:00
2025-05-25,835.0,866.0,835.0,863.12,20808,863.12,2026-09-03T19:33:53.771140+00:00
2025-05-26,878.0,878.0,842.9,845.7,27537,845.7,2026-09-03T19:33:53.771140+00:00
2025-05-27,830.1,849.0,830.0,832.82,11130,832.82,2026-09-03T19:33:53.771140+00:00
2025-05-28,832.82,842.0,825.0,838.61,2182,838.61,2026-09-03T19:33:53.771140+00:00
2025-06-02,840.0,841.0,833.0,836.17,2930,836.17,2026-09-03T19:33:53.771140+00:00
2025-06-03,821.0,830.0,821.0,824.15,2471,824.15,2026-09-03T19:33:53.771140+00:00
2025-06-04,810.1,840.0,810.1,815.0,15506,815.0,2026-09-03T19:33:53.771140+00:00
2025-06-05,812.0,820.0,803.0,804.11,4626,804.11,2026-09-03T19:33:53.771140+00:00
2025-06-08,796.0,806.0,788.0,795.53,10222,795.53,2026-09-03T19:33:53.771140+00:00
2025-06-09,800.0,807.0,795.1,795.99,5543,795.99,2026-09-03T19:33:53.771140+00:00
2025-06-10,793.0,806.9,793.0,798.77,2803,798.77,2026-09-03T19:33:53.771140+00:00
2025-06-11,798.77,809.0,795.1,795.9,4217,795.9,2026-09-03T19:33:53.771140+00:00
2025-06-12,798.1,806.0,795.0,802.88,5552,802.88,2026-09-03T19:33:53.771140+00:00
2025-06-15,813.0,818.9,804.0,804.02,3047,804.02,2026-09-03T19:33:53.771140+00:00
2025-06-16,791.0,835.0,788.0,810.99,13976,810.99,2026-09-03T19:33:53.771140+00:00
2025-06-17,822.0,827.0,815.0,816.51,14949,816.51,2026-09-03T19:33:53.771140+00:00
2025-06-18,824.5,832.8,812.1,816.5,1862,816.5,2026-09-03T19:33:53.771140+00:00
2025-06-19,809.1,825.0,805.1,807.37,6550,807.37,2026-09-03T19:33:53.771140+00:00
2025-06-22,807.0,819.0,792.2,793.08,4857,793.08,2026-09-03T19:33:53.771140+00:00
2025-06-23,788.0,799.7,784.1,790.23,2466,790.23,2026-09-03T19:33:53.771140+00:00
2025-06-24,783.0,810.0,782.4,796.66,4040,796.66,2026-09-03T19:33:53.771140+00:00
2025-06-25,790.0,799.0,785.1,791.77,980,791.77,2026-09-03T19:33:53.771140+00:00
2025-06-26,790.5,800.0,787.0,795.4,2303,795.4,2026-09-03T19:33:53.771140+00:00
2025-06-29,787.1,820.0,787.1,815.13,6466,815.13,2026-09-03T19:33:53.771140+00:00
2025-06-30,807.0,825.0,807.0,821.73,3282,821.73,2026-09-03T19:33:53.771140+00:00
2025-07-01,834.0,834.0,821.0,830.89,6834,830.89,2026-09-03T19:33:53.771140+00:00
2025-07-02,840.0,847.5,820.0,835.86,14102,835.86,2026-09-03T19:33:53.771140+00:00
2025-07-03,826.1,845.0,826.1,835.76,14016,835.76,2026-09-03T19:33:53.771140+00:00
2025-07-06,836.0,842.0,833.0,835.95,6304,835.95,2026-09-03T19:33:53.771140+00:00
2025-07-07,831.0,840.0,820.0,831.93,10529,831.93,2026-09-03T19:33:53.771140+00:00
2025-07-08,817.5,827.6,817.5,824.28,1443,824.28,2026-09-03T19:33:53.771140+00:00
2025-07-09,827.4,832.0,821.1,824.82,2651,824.82,2026-09-03T19:33:53.771140+00:00
2025-07-10,833.0,843.7,825.1,840.78,9289,840.78,2026-09-03T19:33:53.771140+00:00
2025-07-13,857.5,884.0,857.5,870.14,31759,870.14,2026-09-03T19:33:53.771140+00:00
2025-07-14,883.0,883.0,856.0,861.15,7869,861.15,2026-09-03T19:33:53.771140+00:00
2025-07-15,872.0,882.0,856.1,877.6,17271,877.6,2026-09-03T19:33:53.771140+00:00
2025-07-16,877.0,895.0,877.0,881.44,21611,881.44,2026-09-03T19:33:53.771140+00:00
2025-07-17,890.0,907.8,890.0,895.93,18567,895.93,2026-09-03T19:33:53.771140+00:00
2025-07-20,900.0,924.0,888.0,889.86,41301,889.86,2026-09-03T19:33:53.771140+00:00
2025-07-21,904.9,905.0,878.0,900.3,14467,900.3,2026-09-03T19:33:53.771140+00:00
2025-07-22,885.0,967.0,885.0,964.94,118429,964.94,2026-09-03T19:33:53.771140+00:00
2025-07-23,969.8,1015.0,953.0,997.91,164873,997.91,2026-09-03T19:33:53.771140+00:00
2025-07-24,980.0,1039.0,980.0,1007.03,170658,1007.03,2026-09-03T19:33:53.771140+00:00
2025-07-27,1020.0,1046.5,1010.0,1019.08,149276,1019.08,2026-09-03T19:33:53.771140+00:00
2025-07-28,1039.0,1039.0,988.0,1007.34,64705,1007.34,2026-09-03T19:33:53.771140+00:00
2025-07-29,1020.0,1028.0,1010.5,1013.96,56705,1013.96,2026-09-03T19:33:53.771140+00:00
2025-07-30,1034.0,1034.0,970.0,976.66,48226,976.66,2026-09-03T19:33:53.771140+00:00
2025-07-31,995.0,1016.0,957.2,962.09,32060,962.09,2026-09-03T19:33:53.771140+00:00
2025-08-03,952.0,969.0,925.0,931.77,31978,931.77,2026-09-03T19:33:53.771140+00:00
2025-08-04,940.0,960.0,920.0,942.53,19216,942.53,2026-09-03T19:33:53.771140+00:00
2025-08-05,960.0,960.0,935.0,945.3,16305,945.3,2026-09-03T19:33:53.771140+00:00
2025-08-06,964.2,964.2,927.0,940.69,21001,940.69,2026-09-03T19:33:53.771140+00:00
2025-08-07,959.5,959.5,940.0,941.87,14379,941.87,2026-09-03T19:33:53.771140+00:00
2025-08-11,940.0,940.0,911.0,916.95,16882,916.95,2026-09-03T19:33:53.771140+00:00
2025-08-12,933.9,952.5,905.0,925.05,49346,925.05,2026-09-03T19:33:53.771140+00:00
2025-08-13,942.0,942.0,915.0,916.46,15952,916.46,2026-09-03T19:33:53.771140+00:00
2025-08-14,933.9,933.9,908.0,909.18,9025,909.18,2026-09-03T19:33:53.771140+00:00
2025-08-17,909.0,922.0,890.0,896.49,16697,896.49,2026-09-03T19:33:53.771140+00:00
2025-08-18,900.0,911.0,881.1,901.99,7243,901.99,2026-09-03T19:33:53.771140+00:00
2025-08-19,904.0,904.0,892.1,894.39,7765,894.39,2026-09-03T19:33:53.771140+00:00
2025-08-20,890.0,892.0,880.0,880.13,6699,880.13,2026-09-03T19:33:53.771140+00:00
2025-08-21,880.0,885.0,871.0,877.37,8220,877.37,2026-09-03T19:33:53.771140+00:00
2025-08-24,891.0,894.0,865.0,876.61,14322,876.61,2026-09-03T19:33:53.771140+00:00
2025-08-25,894.0,928.0,874.0,886.89,17766,886.89,2026-09-03T19:33:53.771140+00:00
2025-08-26,890.0,890.0,865.0,871.63,8565,871.63,2026-09-03T19:33:53.771140+00:00
2025-08-27,887.0,887.0,872.0,882.53,6354,882.53,2026-09-03T19:33:53.771140+00:00
2025-08-28,890.0,890.0,865.0,869.06,13476,869.06,2026-09-03T19:33:53.771140+00:00
2025-08-31,880.0,880.0,845.0,848.13,11975,848.13,2026-09-03T19:33:53.771140+00:00
2025-09-01,848.0,848.6,832.0,840.68,9073,840.68,2026-09-03T19:33:53.771140+00:00
2025-09-02,850.0,856.9,830.0,833.19,6942,833.19,2026-09-03T19:33:53.771140+00:00
2025-09-03,840.0,843.0,831.0,831.42,5331,831.42,2026-09-03T19:33:53.771140+00:00
2025-09-04,825.1,841.6,815.1,827.71,15851,827.71,2026-09-03T19:33:53.771140+00:00
2025-09-07,835.0,838.9,831.2,833.3,2086,833.3,2026-09-03T19:33:53.771140+00:00
2025-09-08,840.9,841.0,820.0,823.11,8090,823.11,2026-09-03T19:33:53.771140+00:00
2025-09-18,807.0,807.0,756.9,760.0,976,760.0,2026-09-03T19:33:53.771140+00:00
2025-09-21,758.0,820.0,758.0,817.02,9601,817.02,2026-09-03T19:33:53.771140+00:00
2025-09-23,822.0,854.0,818.0,854.0,6916,854.0,2026-09-03T19:33:53.771140+00:00
2025-09-24,850.0,850.0,835.6,840.0,2056,840.0,2026-09-03T19:33:53.771140+00:00
2025-09-25,855.0,855.0,834.2,835.0,4970,835.0,2026-09-03T19:33:53.771140+00:00
2025-09-28,845.0,845.0,833.0,844.7,2655,844.7,2026-09-03T19:33:53.771140+00:00
2025-10-07,844.7,844.9,815.0,824.0,6763,824.0,2026-09-03T19:33:53.771140+00:00
2025-10-08,815.0,815.0,794.0,800.0,11350,800.0,2026-09-03T19:33:53.771140+00:00
2025-10-09,816.0,848.0,793.8,813.0,15363,813.0,2026-09-03T19:33:53.771140+00:00
2025-10-12,798.0,800.0,776.1,776.1,12923,776.1,2026-09-03T19:33:53.771140+00:00
2025-10-13,775.0,805.0,775.0,798.0,8923,798.0,2026-09-03T19:33:53.771140+00:00
2025-10-14,790.0,800.0,785.0,789.0,2833,789.0,2026-09-03T19:33:53.771140+00:00
2025-10-15,775.0,800.0,762.0,789.9,6431,789.9,2026-09-03T19:33:53.771140+00:00
2025-10-16,779.0,790.0,777.0,781.0,4690,781.0,2026-09-03T19:33:53.771140+00:00
2025-10-19,796.0,796.0,780.5,786.0,3590,786.0,2026-09-03T19:33:53.771140+00:00
2025-10-26,781.0,795.0,781.0,785.1,2247,785.1,2026-09-03T19:33:53.771140+00:00
2025-10-28,795.0,808.0,790.0,800.1,5613,800.1,2026-09-03T19:33:53.771140+00:00
2025-10-29,814.0,814.0,796.0,810.0,7693,810.0,2026-09-03T19:33:53.771140+00:00
2025-10-30,823.0,823.0,783.2,820.0,9408,820.0,2026-09-03T19:33:53.771140+00:00
2025-11-02,815.0,829.0,815.0,822.0,6212,822.0,2026-09-03T19:33:53.771140+00:00
2025-11-03,822.0,822.0,813.3,813.3,4784,813.3,2026-09-03T19:33:53.771140+00:00
2025-11-04,806.0,806.1,798.1,798.1,5564,798.1,2026-09-03T19:33:53.771140+00:00
2025-11-05,810.0,810.0,790.0,798.0,5523,798.0,2026-09-03T19:33:53.771140+00:00
2025-11-06,809.0,812.0,790.0,792.1,5711,792.1,2026-09-03T19:33:53.771140+00:00
2025-11-09,800.0,800.0,783.5,783.5,7056,783.5,2026-09-03T19:33:53.771140+00:00
2025-11-10,792.0,795.9,775.0,795.0,7955,795.0,2026-09-03T19:33:53.771140+00:00
2025-11-11,797.0,797.0,780.0,783.0,8510,783.0,2026-09-03T19:33:53.771140+00:00
2025-11-12,785.0,795.0,780.0,781.1,5343,781.1,2026-09-03T19:33:53.771140+00:00
2025-11-13,796.0,796.0,778.0,790.0,6053,790.0,2026-09-03T19:33:53.771140+00:00
2025-11-16,775.2,785.0,770.0,782.0,3053,782.0,2026-09-03T19:33:53.771140+00:00
2025-11-17,786.0,790.0,780.0,784.1,2126,784.1,2026-09-03T19:33:53.771140+00:00
2025-11-18,787.0,794.0,780.0,780.0,7404,780.0,2026-09-03T19:33:53.771140+00:00
2025-11-19,795.6,795.6,777.0,780.0,5665,780.0,2026-09-03T19:33:53.771140+00:00
2025-11-20,765.0,777.0,765.0,774.5,11343,774.5,2026-09-03T19:33:53.771140+00:00
2025-11-23,780.0,789.0,779.9,787.0,5781,787.0,2026-09-03T19:33:53.771140+00:00
2025-11-24,802.0,804.0,781.0,799.9,17967,799.9,2026-09-03T19:33:53.771140+00:00
2025-11-25,815.0,815.0,792.1,800.0,9511,800.0,2026-09-03T19:33:53.771140+00:00
2025-11-26,816.0,819.9,799.7,815.1,18341,815.1,2026-09-03T19:33:53.771140+00:00
2025-11-27,831.0,831.0,812.0,815.0,12032,815.0,2026-09-03T19:33:53.771140+00:00
2025-11-30,831.0,831.0,806.0,806.0,7795,806.0,2026-09-03T19:33:53.771140+00:00
2025-12-01,822.0,822.0,801.0,807.0,5995,807.0,2026-09-03T19:33:53.771140+00:00
2025-12-02,792.0,819.0,792.0,807.0,4189,807.0,2026-09-03T19:33:53.771140+00:00
2025-12-03,823.0,823.0,790.0,799.8,4412,799.8,2026-09-03T19:33:53.771140+00:00
2025-12-07,815.0,815.0,780.0,795.0,5489,795.0,2026-09-03T19:33:53.771140+00:00
2025-12-08,780.0,788.0,779.9,788.0,4465,788.0,2026-09-03T19:33:53.771140+00:00
2025-12-09,803.0,803.0,782.3,787.0,5925,787.0,2026-09-03T19:33:53.771140+00:00
2025-12-10,802.0,802.0,787.0,789.0,1594,789.0,2026-09-03T19:33:53.771140+00:00
2025-12-11,804.0,804.0,777.8,792.8,3726,792.8,2026-09-03T19:33:53.771140+00:00
2025-12-14,785.0,786.0,777.8,786.0,4449,786.0,2026-09-03T19:33:53.771140+00:00
2025-12-15,777.0,780.2,771.0,780.0,7539,780.0,2026-09-03T19:33:53.771140+00:00
2025-12-16,785.0,785.0,772.0,780.0,12149,780.0,2026-09-03T19:33:53.771140+00:00
2025-12-17,795.0,795.0,775.2,780.0,4472,780.0,2026-09-03T19:33:53.771140+00:00
2025-12-18,791.7,791.7,778.2,780.2,3435,780.2,2026-09-03T19:33:53.771140+00:00
2025-12-21,775.0,785.0,770.7,785.0,2439,785.0,2026-09-03T19:33:53.771140+00:00
2025-12-22,790.0,790.0,772.0,774.3,1900,774.3,2026-09-03T19:33:53.771140+00:00
2025-12-23,784.0,784.0,768.4,773.0,3193,773.0,2026-09-03T19:33:53.771140+00:00
2025-12-24,782.0,782.0,766.1,768.0,9489,768.0,2026-09-03T19:33:53.771140+00:00
2025-12-28,738.0,738.0,727.4,736.0,6105,736.0,2026-09-03T19:33:53.771140+00:00
2025-12-29,738.9,746.0,735.0,739.0,5168,739.0,2026-09-03T19:33:53.771140+00:00
2025-12-31,739.0,748.0,738.0,739.0,5158,739.0,2026-09-03T19:33:53.771140+00:00
2026-01-01,739.0,745.6,730.4,737.0,3682,737.0,2026-09-03T19:33:53.771140+00:00
2026-01-04,751.0,751.0,730.0,739.0,4777,739.0,2026-09-03T19:33:53.771140+00:00
2026-01-05,728.0,742.0,728.0,739.0,1874,739.0,2026-09-03T19:33:53.771140+00:00
2026-01-06,743.9,745.0,736.0,739.4,5773,739.4,2026-09-03T19:33:53.771140+00:00
2026-01-07,740.0,745.0,735.0,736.0,3229,736.0,2026-09-03T19:33:53.771140+00:00
2026-01-08,740.0,743.0,734.6,740.0,9578,740.0,2026-09-03T19:33:53.771140+00:00
2026-01-12,740.0,742.5,730.1,730.1,7149,730.1,2026-09-03T19:33:53.771140+00:00
2026-01-13,728.5,735.0,726.1,735.0,4812,735.0,2026-09-03T19:33:53.771140+00:00
2026-01-14,730.0,736.0,724.8,734.0,6329,734.0,2026-09-03T19:33:53.771140+00:00
2026-01-18,745.0,748.0,736.0,747.0,10907,747.0,2026-09-03T19:33:53.771140+00:00
2026-01-20,761.9,761.9,744.0,753.0,6455,753.0,2026-09-03T19:33:53.771140+00:00
2026-01-21,750.0,757.0,747.0,754.0,3290,754.0,2026-09-03T19:33:53.771140+00:00
2026-01-22,757.0,757.0,735.0,747.0,9050,747.0,2026-09-03T19:33:53.771140+00:00
2026-01-25,756.0,761.0,747.0,761.0,15511,761.0,2026-09-03T19:33:53.771140+00:00
2026-01-26,765.0,775.0,761.0,770.0,10800,770.0,2026-09-03T19:33:53.771140+00:00
2026-01-27,778.0,778.0,748.0,762.0,10981,762.0,2026-09-03T19:33:53.771140+00:00
2026-01-28,760.0,760.0,745.0,752.0,9602,752.0,2026-09-03T19:33:53.771140+00:00
2026-01-29,743.1,753.0,743.1,752.0,8498,752.0,2026-09-03T19:33:53.771140+00:00
2026-02-01,740.0,756.9,740.0,745.0,2916,745.0,2026-09-03T19:33:53.771140+00:00
2026-02-02,745.0,750.8,741.0,745.0,5963,745.0,2026-09-03T19:33:53.771140+00:00
2026-02-03,755.0,755.0,728.0,746.9,10877,746.9,2026-09-03T19:33:53.771140+00:00
2026-02-04,755.0,755.0,735.0,740.0,3085,740.0,2026-09-03T19:33:53.771140+00:00
2026-02-05,735.0,746.0,735.0,740.0,6614,740.0,2026-09-03T19:33:53.771140+00:00
2026-02-08,732.0,785.0,732.0,736.0,12341,736.0,2026-09-03T19:33:53.771140+00:00
2026-02-09,747.0,747.0,730.0,736.0,12456,736.0,2026-09-03T19:33:53.771140+00:00
2026-02-10,735.0,740.0,730.0,732.0,6223,732.0,2026-09-03T19:33:53.771140+00:00
2026-02-11,743.0,743.0,730.0,734.0,10134,734.0,2026-09-03T19:33:53.771140+00:00
2026-02-12,735.0,736.5,726.0,732.9,10683,732.9,2026-09-03T19:33:53.771140+00:00
2026-02-16,732.0,735.0,730.0,735.0,4310,735.0,2026-09-03T19:33:53.771140+00:00
2026-02-17,731.0,736.0,728.0,730.0,6987,730.0,2026-09-03T19:33:53.771140+00:00
2026-02-22,740.9,740.9,725.0,725.2,6218,725.2,2026-09-03T19:33:53.771140+00:00
2026-02-23,722.0,730.0,722.0,725.4,5593,725.4,2026-09-03T19:33:53.771140+00:00
2026-02-24,728.0,734.5,725.4,734.0,4345,734.0,2026-09-03T19:33:53.771140+00:00
2026-02-25,730.1,735.0,726.1,733.8,6329,733.8,2026-09-03T19:33:53.771140+00:00
2026-02-26,740.0,740.0,729.0,729.0,4687,729.0,2026-09-03T19:33:53.771140+00:00
2026-03-01,725.0,738.5,718.0,735.0,4455,735.0,2026-09-03T19:33:53.771140+00:00
2026-03-03,749.7,749.7,733.1,746.9,7517,746.9,2026-09-03T19:33:53.771140+00:00
2026-03-09,761.0,792.0,761.0,792.0,303,792.0,2026-09-03T19:33:53.771140+00:00
2026-03-10,792.0,792.0,763.0,777.0,28888,777.0,2026-09-03T19:33:53.771140+00:00
2026-03-11,780.0,780.0,765.0,765.0,8366,765.0,2026-09-03T19:33:53.771140+00:00
2026-03-12,755.0,775.0,755.0,773.5,7298,773.5,2026-09-03T19:33:53.771140+00:00
2026-03-15,788.0,788.0,761.0,770.0,6471,770.0,2026-09-03T19:33:53.771140+00:00
2026-03-16,785.3,785.3,760.0,763.0,7494,763.0,2026-09-03T19:33:53.771140+00:00
2026-03-17,778.0,778.0,756.0,757.0,4913,757.0,2026-09-03T19:33:53.771140+00:00
2026-03-19,767.0,775.0,759.0,768.0,15488,768.0,2026-09-03T19:33:53.771140+00:00
2026-03-22,783.0,816.0,775.0,804.9,53245,804.9,2026-09-03T19:33:53.771140+00:00
2026-03-23,804.9,820.0,794.0,803.0,26350,803.0,2026-09-03T19:33:53.771140+00:00
2026-03-24,819.0,819.0,795.1,805.0,13673,805.0,2026-09-03T19:33:53.771140+00:00
2026-03-25,805.0,805.0,790.0,790.0,10844,790.0,2026-09-03T19:33:53.771140+00:00
2026-03-26,803.0,803.0,774.3,788.0,10926,788.0,2026-09-03T19:33:53.771140+00:00
2026-03-29,772.3,793.0,765.0,772.0,15886,772.0,2026-09-03T19:33:53.771140+00:00
2026-03-30,765.2,774.0,749.9,760.0,19071,760.0,2026-09-03T19:33:53.771140+00:00
2026-03-31,768.5,770.0,751.2,763.9,8531,763.9,2026-09-03T19:33:53.771140+00:00
2026-04-01,752.2,763.0,748.0,763.0,11529,763.0,2026-09-03T19:33:53.771140+00:00
2026-04-02,748.2,760.0,747.8,750.0,7343,750.0,2026-09-03T19:33:53.771140+00:00
2026-04-05,739.0,739.0,713.1,713.1,15051,713.1,2026-09-03T19:33:53.771140+00:00
2026-04-06,715.0,740.5,711.0,730.0,14977,730.0,2026-09-03T19:33:53.771140+00:00
2026-04-07,740.0,740.0,726.3,727.2,7623,727.2,2026-09-03T19:33:53.771140+00:00
2026-04-08,727.0,741.6,727.0,740.0,3559,740.0,2026-09-03T19:33:53.771140+00:00
2026-04-09,735.0,757.8,735.0,757.0,8723,757.0,2026-09-03T19:33:53.771140+00:00
2026-04-10,765.0,765.0,743.0,750.0,4729,750.0,2026-09-03T19:33:53.771140+00:00
2026-04-13,747.0,747.0,738.1,738.1,4597,738.1,2026-09-03T19:33:53.771140+00:00
2026-04-15,738.1,752.7,738.1,750.0,7616,750.0,2026-09-03T19:33:53.771140+00:00
2026-04-16,760.0,760.0,736.0,741.2,5019,741.2,2026-09-03T19:33:53.771140+00:00
2026-04-17,737.0,753.9,730.0,751.0,3980,751.0,2026-09-03T19:33:53.771140+00:00
2026-04-20,750.0,750.0,741.5,744.9,4091,744.9,2026-09-03T19:33:53.771140+00:00
2026-04-21,760.0,760.0,739.0,739.0,6011,739.0,2026-09-03T19:33:53.771140+00:00
2026-04-22,731.0,745.0,728.1,744.8,10975,744.8,2026-09-03T19:33:53.771140+00:00
2026-04-23,760.0,760.0,731.0,735.0,1630,735.0,2026-09-03T19:33:53.771140+00:00
2026-04-24,755.0,755.0,727.4,730.0,2018,730.0,2026-09-03T19:33:53.771140+00:00
2026-04-27,752.0,752.0,725.0,730.0,3597,730.0,2026-09-03T19:33:53.771140+00:00
2026-04-28,730.0,739.9,717.0,729.0,5179,729.0,2026-09-03T19:33:53.771140+00:00
2026-04-29,729.0,727.0,720.0,725.0,2689,725.0,2026-09-03T19:33:53.771140+00:00
2026-04-30,718.0,729.0,718.0,720.0,3126,720.0,2026-09-03T19:33:53.771140+00:00
2026-05-04,756.0,756.0,717.0,725.0,4755,725.0,2026-09-03T19:33:53.771140+00:00
2026-05-05,722.0,733.0,720.0,724.9,1167,724.9,2026-09-03T19:33:53.771140+00:00
2026-05-06,724.0,724.0,718.1,722.0,3990,722.0,2026-09-03T19:33:53.771140+00:00
2026-05-07,722.0,810.0,720.0,810.0,3932,810.0,2026-09-03T19:33:53.771140+00:00
2026-05-08,770.0,770.0,730.1,757.0,36770,757.0,2026-09-03T19:33:53.771140+00:00
2026-05-11,794.8,794.8,741.5,760.0,5667,760.0,2026-09-03T19:33:53.771140+00:00
2026-05-12,761.0,761.0,742.2,746.0,2106,746.0,2026-09-03T19:33:53.771140+00:00
2026-05-13,783.3,783.3,738.0,746.0,4753,746.0,2026-09-03T19:33:53.771140+00:00
2026-05-14,780.0,780.0,730.3,740.0,4416,740.0,2026-09-03T19:33:53.771140+00:00
2026-05-15,727.0,744.0,727.0,740.0,1455,740.0,2026-09-03T19:33:53.771140+00:00
2026-05-18,777.0,777.0,735.1,736.5,1255,736.5,2026-09-03T19:33:53.771140+00:00
2026-05-19,733.1,743.7,733.1,742.9,6095,742.9,2026-09-03T19:33:53.771140+00:00
2026-05-20,744.6,745.0,735.0,745.0,5331,745.0,2026-09-03T19:33:53.771140+00:00
2026-05-21,745.0,749.0,730.1,745.9,3461,745.9,2026-09-03T19:33:53.771140+00:00
2026-05-22,749.9,751.9,729.4,741.1,4164,741.1,2026-09-03T19:33:53.771140+00:00
2026-05-25,778.1,778.1,746.0,753.9,5582,753.9,2026-09-03T19:33:53.771140+00:00
2026-05-26,780.0,780.0,740.0,743.0,4238,743.0,2026-09-03T19:33:53.771140+00:00
2026-05-27,780.0,780.0,741.5,748.0,3812,748.0,2026-09-03T19:33:53.771140+00:00
2026-06-01,785.4,785.4,730.0,733.0,18489,733.0,2026-09-03T19:33:53.771140+00:00
2026-06-02,745.0,745.0,730.0,737.0,2309,737.0,2026-09-03T19:33:53.771140+00:00
2026-06-03,773.8,773.8,739.0,739.0,6976,739.0,2026-09-03T19:33:53.771140+00:00
2026-06-04,741.0,746.0,736.0,744.9,4413,744.9,2026-09-03T19:33:53.771140+00:00
2026-06-05,744.0,744.0,736.0,743.9,2142,743.9,2026-09-03T19:33:53.771140+00:00
2026-06-08,736.5,741.9,736.5,741.9,2659,741.9,2026-09-03T19:33:53.771140+00:00
2026-06-09,738.0,740.0,735.0,740.0,6079,740.0,2026-09-03T19:33:53.771140+00:00
2026-06-10,740.0,742.0,736.0,737.5,1557,737.5,2026-09-03T19:33:53.771140+00:00
2026-06-11,734.0,740.0,732.0,739.9,4480,739.9,2026-09-03T19:33:53.771140+00:00
2026-06-12,745.0,745.0,733.2,737.9,2867,737.9,2026-09-03T19:33:53.771140+00:00
2026-06-15,744.9,744.9,733.1,734.0,1741,734.0,2026-09-03T19:33:53.771140+00:00
2026-06-16,732.0,739.0,730.0,735.0,3756,735.0,2026-09-03T19:33:53.771140+00:00
2026-06-17,727.0,739.0,726.0,735.0,2590,735.0,2026-09-03T19:33:53.771140+00:00
2026-06-18,733.0,735.0,725.0,734.0,7749,734.0,2026-09-03T19:33:53.771140+00:00
2026-06-19,770.7,770.7,728.2,740.0,2331,740.0,2026-09-03T19:33:53.771140+00:00
2026-06-22,763.0,763.0,700.0,740.5,290832,740.5,2026-09-03T19:33:53.771140+00:00
2026-06-23,743.3,745.0,725.0,731.0,8829,731.0,2026-09-03T19:33:53.771140+00:00
2026-06-24,731.0,731.0,708.5,710.0,23699,710.0,2026-09-03T19:33:53.771140+00:00
2026-06-25,713.0,713.0,700.0,706.0,12910,706.0,2026-09-03T19:33:53.771140+00:00
2026-06-26,693.0,705.0,693.0,701.0,13604,701.0,2026-09-03T19:33:53.771140+00:00
2026-06-29,667.0,705.9,667.0,698.0,2857,698.0,2026-09-03T19:33:53.771140+00:00
2026-06-30,690.2,699.0,690.0,697.7,5825,697.7,2026-09-03T19:33:53.771140+00:00
2026-07-01,697.5,704.9,690.0,702.0,19669,702.0,2026-09-03T19:33:53.771140+00:00
2026-07-02,693.1,697.9,685.0,697.8,13743,697.8,2026-09-03T19:33:53.771140+00:00
2026-07-03,697.8,705.9,684.2,684.2,16081,684.2,2026-09-03T19:33:53.771140+00:00
2026-07-06,718.4,718.4,676.0,692.0,7833,692.0,2026-09-03T19:33:53.771140+00:00
2026-07-07,680.0,694.9,680.0,688.0,14440,688.0,2026-09-03T19:33:53.771140+00:00
2026-07-08,680.0,685.0,670.0,683.9,11096,683.9,2026-09-03T19:33:53.771140+00:00
2026-07-09,670.0,690.0,655.0,669.9,43664,669.9,2026-09-03T19:33:53.771140+00:00
2026-07-10,680.0,681.9,652.0,671.3,19495,671.3,2026-09-03T19:33:53.771140+00:00
2026-07-13,662.1,666.0,655.0,660.0,9075,660.0,2026-09-03T19:33:53.771140+00:00
2026-07-14,655.4,664.7,630.5,630.5,140967,630.5,2026-09-03T19:33:53.771140+00:00
2026-07-15,643.0,659.5,642.0,650.0,12841,650.0,2026-09-03T19:33:53.771140+00:00
2026-07-16,651.0,668.0,642.1,643.0,53284,643.0,2026-09-03T19:33:53.771140+00:00
2026-07-17,655.0,680.0,655.0,677.0,9522,677.0,2026-09-03T19:33:53.771140+00:00
2026-07-20,688.0,688.0,677.8,682.9,18663,682.9,2026-09-03T19:33:53.771140+00:00
2026-07-21,690.0,702.8,681.0,688.0,23136,688.0,2026-09-03T19:33:53.771140+00:00
2026-07-22,694.0,696.0,681.2,690.0,17605,690.0,2026-09-03T19:33:53.771140+00:00
2026-07-23,676.0,694.0,676.0,693.0,65300,693.0,2026-09-03T19:33:53.771140+00:00
2026-07-24,658.4,703.0,658.4,693.0,13156,693.0,2026-09-03T19:33:53.771140+00:00
2026-07-27,675.0,694.0,675.0,689.0,8391,689.0,2026-09-03T19:33:53.771140+00:00
2026-07-28,668.5,695.0,668.5,688.0,17148,688.0,2026-09-03T19:33:53.771140+00:00
2026-07-29,669.2,691.0,669.2,680.0,3942,680.0,2026-09-03T19:33:53.771140+00:00
2026-07-30,685.0,685.0,671.1,673.0,4763,673.0,2026-09-03T19:33:53.771140+00:00
2026-07-31,683.0,684.0,673.0,681.9,3994,681.9,2026-09-03T19:33:53.771140+00:00
2026-08-03,682.0,689.9,676.0,685.0,7632,685.0,2026-09-03T19:33:53.771140+00:00
2026-08-04,685.0,685.0,667.4,681.9,5629,681.9,2026-09-03T19:33:53.771140+00:00
2026-08-05,705.0,705.0,663.0,678.0,9539,678.0,2026-09-03T19:33:53.771140+00:00
2026-08-06,711.9,711.9,669.1,673.0,7175,673.0,2026-09-03T19:33:53.771140+00:00
2026-08-07,665.0,675.0,662.3,665.0,4356,665.0,2026-09-03T19:33:53.771140+00:00
2026-08-10,672.5,672.5,656.0,670.0,8339,670.0,2026-09-03T19:33:53.771140+00:00
2026-08-11,672.0,679.9,661.0,670.0,7694,670.0,2026-09-03T19:33:53.771140+00:00
2026-08-12,701.0,701.0,662.0,676.0,1383,676.0,2026-09-03T19:33:53.771140+00:00
2026-08-13,663.0,678.7,663.0,672.0,3419,672.0,2026-09-03T19:33:53.771140+00:00
2026-08-14,690.0,690.0,669.0,674.2,3891,674.2,2026-09-03T19:33:53.771140+00:00
2026-08-17,674.2,684.0,665.1,675.0,6584,675.0,2026-09-03T19:33:53.771140+00:00
2026-08-18,672.0,675.0,665.0,674.8,17952,674.8,2026-09-03T19:33:53.771140+00:00
2026-08-19,675.0,675.0,667.0,667.0,15528,667.0,2026-09-03T19:33:53.771140+00:00
2026-08-20,670.0,674.0,665.6,672.4,4896,672.4,2026-09-03T19:33:53.771140+00:00
2026-08-21,673.0,677.0,667.0,672.9,8320,672.9,2026-09-03T19:33:53.771140+00:00
2026-08-24,672.9,674.0,664.1,667.5,11196,667.5,2026-09-03T19:33:53.771140+00:00
2026-08-25,666.0,670.5,665.0,670.5,3659,670.5,2026-09-03T19:33:53.771140+00:00
2026-08-26,664.0,668.0,660.5,667.0,5761,667.0,2026-09-03T19:33:53.771140+00:00
2026-08-27,690.0,690.0,655.0,668.0,4617,668.0,2026-09-03T19:33:53.771140+00:00
2026-08-31,658.1,668.0,650.3,663.9,4323,663.9,2026-09-03T19:33:53.771140+00:00
2026-09-01,670.0,670.0,653.6,667.0,10671,667.0,2026-09-03T19:33:53.771140+00:00
2026-09-02,667.0,667.0,660.1,664.0,947,664.0,2026-09-03T19:33:53.771140+00:00
2026-09-03,670.0,676.0,665.3,670.0,5240,670.0,2026-09-03T19:33:53.771140+00:00
